date,cost_plan,cost_adjust_up,cost_adjust_down,cost_emergency,cost_total,energy_g0,energy_final_commitment,energy_up,energy_down,adjustment_churn,energy_emergency,energy_waste,charge_energy,discharge_energy,soc_0000,soc_0600,soc_1200,soc_1800,soc_2400,terminal_proxy_soc_0000,terminal_proxy_soc_0600,terminal_proxy_soc_1200,terminal_proxy_soc_1800
2025-02-01,39428.679374543965,0.0,-1404.7863198530463,0.0,38023.89305469092,65671.5475334008,60211.02119754085,0.0,5460.526335859932,0.0,0.0,25867.17139922746,9941.52560515824,9975.851740178176,6000.0,10232.24074074074,10800.0,10800.0,3863.093333333336,1200.0,1200.0,1200.0,
2025-02-02,67725.01902421581,2.9294540127011718e-12,-1353.8672548115342,2.885553002208969,66374.0373224065,102559.23106761785,97535.39882905877,2.4442670110147446e-12,5023.832238559082,0.0,1.3245595603438005,17373.074987304804,16520.227738835034,14712.857287520717,3863.093333333336,10799.999999999969,9659.410840406179,10800.0,2383.679089928512,1200.0,1200.0,1200.0,
2025-02-03,60919.754628498646,0.0,-2404.3964781572186,1095.4136856790249,59610.77183602045,95528.96313662658,88639.59055062171,0.0,6889.372586004876,0.0,260.09079731739877,5321.408058176927,21686.219150581208,18324.862360819017,2383.679089928512,10794.732357355679,6480.083792729854,10800.0,1540.3181467638026,1200.0,1200.0,1200.0,
2025-02-04,62859.54921681113,0.0,-2255.2081420682225,479.3199778239983,61083.66105256691,98336.31502530299,91414.8307332534,0.0,6921.4842920496085,0.0,177.76942658160684,6010.086815575334,22588.073346890815,18200.423952631147,1540.3181467638026,10799.999999999565,6005.652216104907,10800.0,1646.8908782642598,1200.0,1200.0,1200.0,
2025-02-05,58215.60306221001,0.0,-882.1639681761546,1143.6197612296583,58477.05885526351,92025.99236448464,89738.94246729603,0.0,2287.0498971886145,0.0,249.78297569982155,5142.645456913035,22787.933016361054,18690.280013611566,1646.8908782642598,10781.234174903891,6745.553615255111,10800.0,1389.0528000874683,1200.0,1200.0,1200.0,
2025-02-06,62748.30900513772,0.0,-3039.6873024409406,578.7867339831272,60287.40843667991,98292.99608571603,88925.16185786703,0.0,9367.834227849005,0.0,149.02279762961302,4383.760872572384,22318.350036616932,17898.983470359326,1389.0528000874683,10800.0,5031.348926981806,10800.0,1587.8084215323474,1200.0,1200.0,1200.0,
2025-02-07,31415.211037407986,0.0,-2147.0789958902446,0.0,29268.13204151774,56971.552430218435,49076.272573665985,0.0,7895.279856552446,0.0,0.0,13158.64277974636,17363.525251795327,13251.575124542369,1587.8084215323474,10250.770370370368,7513.243068620453,10546.280602360332,2491.008787545515,1200.0,1200.0,1200.0,
2025-02-08,33595.86104034135,397.4890799127677,-535.2927129761592,0.0,33458.05740727796,58777.94147877983,56895.13283063958,534.0705824522623,2416.8792305925053,0.0,0.0,21504.37760379073,15059.140590197856,11245.54808001567,2491.008787545515,10238.80555555452,10800.0,10800.0,3549.18189648395,1200.0,1200.0,1200.0,
2025-02-09,66511.79052101239,0.0,-1030.3021749672362,118.4130599566723,65599.90140600182,100968.58885970767,97213.64085854802,0.0,3754.9480011596493,0.0,28.818948393796177,15534.584228249236,17087.916382499294,14935.456770473373,3549.18189648395,10800.0,9785.903335873034,10800.0,2333.354673540681,1200.0,1200.0,1200.0,
2025-02-10,54432.575388718746,1780.4775703155524,-2070.6623555554243,1666.109569131494,55808.500172610366,86329.79755444583,80322.57891337691,1479.1391416973763,7486.3577827663,0.0,488.0260620878493,3243.4687497536124,20998.47047682426,17757.971834446445,2333.354673540681,9882.935753399308,3727.557655174981,10800.0,1500.8982866309036,1200.0,1200.0,1200.0,
2025-02-11,54787.8306594102,0.0,-1753.0323799383755,2136.1429008819223,55170.94118035375,86929.4269966288,81642.19993369328,0.0,5287.2270629355135,0.0,465.9550147970027,2744.2695130404527,22662.02761754866,18518.73931543216,1500.8982866309036,9926.986811864099,4975.4576545693435,10800.0,1320.3461252778486,1200.0,1200.0,1200.0,
2025-02-12,54824.65657975852,0.0,-1843.4913067432142,1588.0766633070962,54569.2419363224,87326.32430487123,81968.19495018065,0.0,5358.129354690577,0.0,397.8121297507972,2534.6965604122497,23424.21854989633,18859.644163710465,1320.3461252778486,10025.897559453902,6597.870907764482,10800.0,1446.9826382840297,1200.0,1200.0,1200.0,
2025-02-13,49470.738840774095,1281.4973748484247,-999.5385915607117,2028.6979613493872,51781.39558541119,80036.43472389925,77976.51084573504,1199.3488751888651,3259.2727533530547,0.0,489.3164966120025,3074.857191499408,21471.933400597467,17410.44226641649,1446.9826382840297,9847.162847963042,7646.771624256889,10776.943077114189,1426.7868472478774,1200.0,1200.0,1200.0,
2025-02-14,24515.649585295243,1143.5512482852737,-460.26996453534264,14.949190891562065,25213.880059936735,45865.72020124321,44857.64792973268,1079.706591811045,2087.778863321575,0.0,6.862148676411323,10702.572386416896,17881.88711894182,13521.751243616296,1426.7868472478774,9938.180134593244,7459.0386477412285,10519.956113240374,2496.3172058329656,1200.0,1200.0,1200.0,
2025-02-15,30811.016924817646,0.0,-1769.0681671877533,0.0,29041.948757629892,55318.067047097065,48177.99455758684,0.0,7140.072489510218,0.0,0.0,15394.947752542419,15788.391152247745,12285.435447203323,2496.3172058329656,10191.87037037037,8753.63844273242,10799.999999999998,3055.3854126300184,1200.0,1200.0,1200.0,
2025-02-16,59969.31280237375,0.0,-2844.0670823697233,311.3211509526076,57436.56687095664,92935.19798180915,84745.09392181992,0.0,8190.104059989212,0.0,108.41906532836549,6980.622316558034,19059.32327525782,16563.811704667558,3055.3854126300184,10800.0,7562.720560687613,10800.0,1804.5411329536578,1200.0,1200.0,1200.0,
2025-02-17,52821.30722497628,85.06261274164598,-2704.1888586690907,2048.246353659671,52250.4273327085,85278.19394565486,76782.5967773753,68.96528448073127,8564.562452760303,0.0,503.9946363863088,2634.3500425665666,20623.74821549137,17155.370010963008,1804.5411329536578,9846.155967745193,7711.155100882421,10724.734168425613,1304.3922924925519,1200.0,1200.0,1200.0,
2025-02-18,47617.649386262274,3201.8029696384597,-367.34967491889256,2386.7129828336047,52838.81566381545,77074.45094533391,78476.8419279879,2867.970936817252,1465.579954163268,0.0,580.2308326733115,2975.4370520412594,20226.61302643066,16236.365101144042,1304.3922924925519,9878.390969856175,9084.010685414678,10800.0,1467.9383483423162,1200.0,1200.0,1200.0,
2025-02-19,48791.11326690369,788.7483247564398,-143.55442883502909,3477.9351039945795,52914.24226681968,78825.3588710314,78914.20170254984,661.0542602205437,572.211428702115,0.0,928.3276351642056,2850.8839138610383,22297.69274129146,18185.374700771787,1467.9383483423162,9863.254528679412,7159.366688052779,10749.281640784988,1329.8899257582007,1200.0,1200.0,1200.0,
2025-02-20,50422.05173131704,159.37399065220933,-1082.5171468995563,2091.5548712247382,51590.46344629443,81951.62876457641,78436.10342653324,123.59974149550595,3639.1250795386704,0.0,468.9031768240096,3719.6192112036524,21194.517819984296,17002.26416116403,1329.8899257582007,9881.20660326911,7547.552610697043,10700.425469901105,1513.5513402284855,1200.0,1200.0,1200.0,
2025-02-21,23832.813387949405,554.6649988563977,-343.63919355895587,0.0,24043.839193246848,44711.3827311412,43858.81107541247,728.4058909339077,1580.9775466626363,0.0,0.0,13924.062253143476,17534.619786577405,13160.132997641742,1513.5513402284855,9644.183703703702,8567.216293843378,10541.287132249918,2672.3391507684364,1200.0,1200.0,1200.0,
2025-02-22,26016.805776198526,32.62093782387863,-695.8929714651088,40.52677932438936,25394.060521881685,47911.35734688793,45064.87035557661,26.517271151565183,2873.0042624628854,0.0,18.94118032347535,14299.538252188895,15296.807095854001,12357.29669547614,2672.3391507684364,10210.772222222215,9494.875331952357,10692.918690211696,2709.1358753968834,1200.0,1200.0,1200.0,
2025-02-23,50637.415575531355,0.0,-1009.1473201576102,2865.8547015992617,52494.122956973006,81472.56343954537,78362.40158525544,0.0,3110.1618542899255,0.0,696.9636304479357,4792.444223470764,20349.889398676845,17614.822089777568,2709.1358753968834,9898.83362407206,7214.637873780333,10800.0,1452.0117900087462,1200.0,1200.0,1200.0,
2025-02-24,48757.069089564495,1032.959517544869,-908.1197200646183,1295.3776248335378,50177.28651187829,78563.07811254168,77153.0225525283,1355.2999966170341,2765.355556630416,0.0,258.2631074405624,5168.430144270577,20743.73029904815,16703.90840001653,1452.0117900087462,9925.303491187777,8154.170322942842,10800.0,1561.4708369114933,1200.0,1200.0,1200.0,
2025-02-25,49949.65997829062,0.0,-2251.336772131247,1583.0283554106977,49281.35156157007,80958.95334866227,73735.18846475637,0.0,7223.764883905888,0.0,380.2778602451917,4395.439376551545,20658.555079258516,16759.851364141832,1561.4708369114933,9858.40905558954,7924.713736668723,10800.0,1532.1133369754593,1200.0,1200.0,1200.0,
2025-02-26,45438.99464505692,2319.746082979261,-120.78857930777791,1870.6897511578602,49508.641899886265,74574.70630993272,76080.42424305734,1983.3077588023527,477.58982567774245,0.0,391.406067127706,3757.637496886764,20782.93022519016,16883.58544522521,1532.1133369754593,9897.154117989723,7432.372193515428,10752.24289404798,1477.2111560630333,1200.0,1200.0,1200.0,
2025-02-27,46862.60464022598,220.04537312279086,-438.343654157137,1808.2357449336873,48452.54210412532,76435.99893091388,74828.68231032044,180.30197362865823,1787.618594222099,0.0,386.6299086840961,4131.7756597465805,22279.855819741384,18152.90346048343,1477.2111560630333,9902.439456896747,6757.710095186582,10792.616904178907,1359.1886599598072,1200.0,1200.0,1200.0,
2025-02-28,22168.407125811085,418.99564750133777,-170.25386018238,9.728794354139307,22426.877707484182,40679.33889857012,40572.98685781818,508.9858418798896,615.3378826318327,0.0,4.400178360081098,13154.411576285544,16770.969439286975,12640.587529394266,1359.1886599598072,7285.603134854491,7469.150197346978,10400.660363398534,2407.963900435572,1200.0,1200.0,1200.0,
2025-03-01,25032.25780111955,0.0,-995.2439297823571,0.0,24037.013871337193,46612.73316396626,42416.02292973169,0.0,4196.710234234565,0.0,0.0,15960.029394337354,14567.455522149772,11770.227920088768,2407.963900435572,10281.785185185185,8017.326686966943,10573.826866568037,2440.642848049517,1200.0,1200.0,1200.0,
2025-03-02,49980.125848373114,1323.6362001055716,-576.9247180135691,2480.883383891597,53207.720714356714,80348.22119908241,80026.81538986959,1453.2178324772683,1774.6236416901102,0.0,533.9171858130702,5116.786730661561,21070.144838925524,17984.506060571093,2440.642848049517,9959.823977767386,8175.640501203261,10800.0,1420.9886913368257,1200.0,1200.0,1200.0,
2025-03-03,54166.644395177966,734.2094084635664,-2393.482677933208,1331.5408852935004,53838.91201100183,87049.58877413184,79867.87661857193,564.7017398928256,7746.413895452757,0.0,297.5582122510776,3993.196648473735,21714.837731740117,17559.746182724186,1420.9886913368257,10348.176303529835,6682.216303135245,10800.0,1453.5135579871703,1200.0,1200.0,1200.0,
2025-03-04,48194.82877722481,635.7521755692892,-566.2071941984116,1105.0619204334566,49369.43567902914,77946.25957378314,76690.98836138699,485.41366336445725,1740.6848757606103,0.0,301.8765417240169,3909.2041726753614,20460.995776356278,16576.792979253973,1453.5135579871703,9970.549449090207,7551.486070592354,10800.0,1449.7508908700734,1200.0,1200.0,1200.0,
2025-03-05,50245.50778299044,2.6814728999999335,-2543.020074796813,1105.3721545960848,48810.54133568971,81352.39948700753,73419.68953853639,1.9082499999999527,7934.618198471153,0.0,237.66272836289423,3797.2486919107205,20001.775597277556,16272.144038955674,1449.7508908700734,9880.86253089809,7437.582764254491,10799.559754118542,1371.188885135793,1200.0,1200.0,1200.0,
2025-03-06,46586.15058994191,8.832603412585044,-658.7084564918953,1166.5006468427061,47102.77538370531,76002.30001214097,73809.08641329152,6.975127073035651,2200.1887259224995,0.0,280.3278342670918,3981.6798290398388,21260.954715506858,17093.874430321433,1371.188885135793,9909.842593370842,6990.7622832246025,10800.0,1512.8543176237006,1200.0,1200.0,1200.0,
2025-03-07,24816.575407436256,0.0,-1081.3116899484257,0.0,23735.26371748783,45353.69789198615,42029.06668465348,0.0,3324.6312073326717,0.0,0.0,17183.802311111656,15427.29974996543,11504.320909756943,1512.8543176237006,9827.056314814814,8329.482090438923,10472.6121373071,2614.8453039737647,1200.0,1200.0,1200.0,
2025-03-08,19422.866673682794,59.29464144092223,-0.7943403169670405,12.449900538696427,19493.816875345445,35065.26543518903,35159.69573801241,96.10931427331587,1.6790114499409015,0.0,5.668316137465808,13447.436397640102,14259.193756901579,11604.40561705847,2614.8453039737647,5931.496925610724,4821.9520604144955,10509.864832897993,2554.335666231327,1200.0,1200.0,1200.0,
2025-03-09,44812.37430097019,816.0105812515468,-1524.0935014110864,2627.2704570803926,46731.56183789104,73271.23326819116,67822.89018430792,753.7855814988193,6202.128665382058,0.0,659.7413750760381,2507.871679911921,19368.375972734364,16727.141143262317,2554.335666231327,9932.409259259255,4100.435866199118,10793.611491581003,1400.161660289681,1200.0,1200.0,1200.0,
2025-03-10,45671.672682620796,158.80301374164418,-339.06479010728106,4671.135287222642,50162.5461934778,75383.92082779302,74174.7330395201,126.93248958847818,1336.1202778614052,0.0,1049.686306808141,3132.836782526012,21244.283172167154,17194.77205836493,1400.161660289681,9865.32097383446,6296.929346066663,10800.0,1414.714228167973,1200.0,1200.0,1200.0,
2025-03-11,41378.435574630814,3814.426386886923,-150.03272594725888,2518.67198013476,47561.50121570524,67878.63512355907,71299.40772958878,3864.35699728894,443.58439125922484,0.0,571.4620015675872,4087.6707289288493,19675.1305413297,15830.850339102182,1414.714228167973,9904.321919339394,8597.61891682157,10800.0,1532.498005251171,1200.0,1200.0,1200.0,
2025-03-12,48080.970448616186,710.123241551707,-2483.6683372291177,1354.4030236747635,47661.82837661354,78438.49634675845,69686.81001688741,655.9726955352705,9407.659025406323,0.0,421.2631999118307,3910.6345172528577,20485.877211461964,16723.973195248927,1532.498005251171,9915.955555555545,3246.897970625085,10800.0,1387.5950564014645,1200.0,1200.0,1200.0,
2025-03-13,47598.977273612516,198.89779677156736,-1070.0737076642486,2202.5137151906665,48930.3150779105,78386.34838446778,74901.03811554791,184.98653757776435,3670.2968064976317,0.0,464.5693283462068,3933.964942018939,20787.12195981592,16901.097474607406,1387.5950564014645,9903.929619545042,7936.54212726168,10800.0,1317.007626227566,1200.0,1200.0,1200.0,
2025-03-14,20298.70834122786,244.0998647582755,0.0,0.0,20542.808205986134,37068.85746651037,37282.03433678848,213.17687027810425,0.0,0.0,0.0,17250.941480644084,15188.923666331511,11187.25679352045,1317.007626227566,5970.344965968099,6577.173080328775,10560.09213682913,2556.7535997920936,1200.0,1200.0,1200.0,
2025-03-15,19106.920581069484,2821.1592914117264,-108.63580130112533,159.68837443781646,21979.132445617903,35370.37741550674,38570.53676251842,3728.4151277125143,528.2557807008283,0.0,65.85489777623849,15271.114720226227,13990.359415868868,11549.207625800434,2556.7535997920936,6231.4484586670305,9001.35714222856,10478.810045406924,2315.6241565180353,1200.0,1200.0,1200.0,
2025-03-16,42467.07001836441,2197.76576336824,-334.54475341551995,1723.597876585557,46053.888904902684,69227.83565217796,70248.24673286732,2250.2332457552707,1229.8221650659038,0.0,458.69122604812014,4436.008774349562,18661.229396332827,15741.347145100272,2315.6241565180353,9905.077986684953,8591.391830312543,10788.068035576322,1620.3448964395043,1200.0,1200.0,1200.0,
2025-03-17,42621.744425691446,377.7637185666225,-1668.8143772180645,2035.2258054596953,43365.9195724997,71322.57708183184,65002.139902816605,319.91179694383993,6640.348975959073,0.0,449.97293245649723,3753.863168717843,20277.167455481063,16437.04922225914,1620.3448964395043,9927.218518518519,5546.077727308576,10773.422929161641,1606.4075816400923,1200.0,1200.0,1200.0,
2025-03-18,49161.049864216155,0.0,-3198.6900961535766,1178.1652975281322,47140.52506559071,79840.75565003708,69762.9233523389,0.0,10077.832297698185,0.0,329.2126853195639,5119.0512098301515,20106.935267769106,16259.808806607454,1606.4075816400923,9931.722849183107,7844.124291296156,10800.0,1636.195093068453,1200.0,1200.0,1200.0,
2025-03-19,40991.62506411229,1833.210346378834,-296.4746274014088,645.0963033142428,43173.457086403956,67386.64381911802,67843.30568376805,1703.3403783067365,1246.6785136567155,0.0,155.39053921810194,4695.469851121641,19901.066486275056,16063.310564410556,1636.195093068453,9900.690506340592,7731.303387387636,10800.0,1699.0320813709477,1200.0,1200.0,1200.0,
2025-03-20,46579.59159025529,0.0,-1838.2857646087325,2138.9921809279213,46880.29800657448,75810.7246603187,68590.83112866603,0.0,7219.893531652655,0.0,507.10289466373047,3283.740653712661,20109.86040056252,16504.628847612083,1699.0320813709477,9873.789604957457,2942.747195613731,10707.86791274597,1459.4299445304537,1200.0,1200.0,1200.0,
2025-03-21,20120.090103209754,0.0,-414.0282018544728,0.0,19706.061901355282,36711.07351525317,35431.40674765497,0.0,1279.6667675982085,0.0,0.0,19690.408817803265,14714.92911513077,11007.395701945734,1459.4299445304537,5329.582399438632,4399.741850282862,10662.609497838075,2472.426479319557,1200.0,1200.0,1200.0,
2025-03-22,19523.906118227365,0.0,-12.947677007035889,5.476141453239532,19516.43458267357,35380.31341861492,35353.92912124717,0.0,26.384297367746683,0.0,2.527644335674836,16797.252794454602,13354.383027093494,10676.378789298586,2472.426479319557,5731.979983261479,4783.988108733552,10587.79438226083,2628.7281044830506,1200.0,1200.0,1200.0,
2025-03-23,42697.078324841605,0.0,-1081.5520784500727,1762.076302102767,43377.6025484943,69992.26477751292,66353.13990881127,0.0,3639.1248687016573,0.0,417.0499150960734,5886.786102143131,17500.835967522493,15387.152362424955,2628.7281044830506,9903.618756803417,8028.614274719503,10800.0,1282.6445170033446,1200.0,1200.0,1200.0,
2025-03-24,44728.78649131651,453.73224855721367,-1941.298642457105,701.1762763837137,43942.39637380033,73982.79078705247,67580.38098722775,375.5262208589309,6777.936020683658,0.0,218.53896716827444,5519.939488711978,20411.624780334965,16131.141397984251,1282.6445170033446,9882.240356684386,7702.060407418842,10785.74735267147,1729.6163771000886,1200.0,1200.0,1200.0,
2025-03-25,48939.17537333358,0.0,-3823.9133986623833,1351.6662638556736,46466.92823852687,80038.46559345716,67232.79518144863,0.0,12805.670412008534,0.0,359.0198173488295,3333.3583814705407,19416.09781987251,16107.765919212266,1729.6163771000886,9841.170719754145,4150.157946051797,10800.0,1306.5867269717214,1200.0,1200.0,1200.0,
2025-03-26,41571.15946706209,573.3433808491217,-1541.394541933301,705.7821275060084,41308.89043348392,68837.20543816363,64275.14249956589,484.7643707371449,5046.82730933488,0.0,205.82516564997937,4976.680929854467,20477.627025137648,16565.895156442915,1306.5867269717214,9922.60101511897,7601.974639194676,10770.643106993302,1329.9008757701467,1200.0,1200.0,1200.0,
2025-03-27,44137.87717290237,0.0,-2107.5209482896316,1429.0637734872294,43459.41999809997,72339.9872249444,65819.14390657055,0.0,6520.84331837386,0.0,382.44383617913195,3588.2835993447943,19700.52889746223,15804.21415405735,1329.9008757701467,9898.059024304932,8132.4484768884795,10800.0,1500.1389345335524,1200.0,1200.0,1200.0,
2025-03-28,19532.724491299534,30.806672047015805,-6.196730108143479,0.0,19557.334433238408,36555.45970751296,36567.41245103323,24.831074071668716,12.87833055138907,0.0,0.0,22102.989706241176,14475.155299077946,10832.613320952554,1500.1389345335524,6616.470774586916,5845.0345092300695,10499.121513756421,2491.5416804230867,1200.0,1200.0,1200.0,
2025-03-29,17380.92807203978,588.4993439591444,0.0,0.0,17969.427415998925,32556.439521160206,33011.45627165995,455.01675049973846,0.0,0.0,0.0,23025.16151404273,12865.394079365295,10586.308505081408,2491.5416804230867,5166.096568027772,2795.7357346944395,10409.751642502139,2307.8313462058454,1200.0,1200.0,1200.0,
2025-03-30,39973.65599577893,0.0,-1943.5274393361647,3740.5040314517337,41770.6325878945,66550.76202293526,59542.24654523672,0.0,7008.515477698544,0.0,949.3608996162748,2491.9920201505856,18916.1639390556,16262.16821435319,2307.8313462058454,9909.706231750668,6672.534255802447,10540.769365740452,1263.303097630121,1200.0,1200.0,1200.0,
2025-03-31,37738.129837166576,2891.8048927005057,-409.84079979666785,1888.987345652784,42109.0812757232,63101.82013367252,64378.35448725468,3130.1953805376816,1853.6610269555072,0.0,458.92982924624414,4192.143539838882,18691.97623271603,14998.224939387317,1263.303097630121,9912.275460950474,9431.115774594808,10800.0,1421.38732997753,1200.0,1200.0,1200.0,
2025-04-01,45502.845072151074,319.1119058437414,-2446.652086973004,1686.0329791257325,45061.337870147545,76178.68951633766,68061.77596681693,267.41164937695805,8384.325198897683,0.0,421.97598956734214,4847.088440965707,18239.449160107273,14811.637161355366,1421.38732997753,9940.268999407966,9194.107054963522,10800.0,1379.516950345893,1200.0,1200.0,1200.0,
2025-04-02,43669.16620464169,98.62632134604922,-1180.0911021769946,2224.7299485026374,44812.43137231338,72918.4491598983,68272.51749248714,87.9015660562408,4733.833233467399,0.0,444.70344728755686,4689.7790342057015,18555.755145643394,14963.648640074396,1379.516950345893,9892.778002014289,9488.093501333024,10800.0,1453.4203146756186,1200.0,1200.0,1200.0,
2025-04-03,44514.35379275996,0.0,-2455.723486156996,1022.3637358886704,43080.994042491635,73114.06862114152,65338.3784746193,0.0,7775.690146522203,0.0,248.58285179747782,6026.44840224376,19542.83988858743,15845.857231081078,1453.4203146756186,9926.769288800877,6944.196332545856,10800.0,1435.4681798697793,1200.0,1200.0,1200.0,
2025-04-04,17933.062735474094,2.4721468826534365,0.0,0.0,17935.534882356747,33860.59269167456,33862.46744758602,1.874755911465087,0.0,0.0,0.0,23929.70408843051,13912.05932689366,10410.09821773814,1435.4681798697793,4883.640515074769,2628.145292852546,10398.485628439106,2389.5457765872534,1200.0,1200.0,1200.0,
2025-04-05,16606.259749715973,89.24590014531998,-2.003901649295331,46.774563205722,16740.27631141772,31203.22147493624,31269.142522723247,69.6520134345526,3.7309656475429733,0.0,21.511354329015603,17029.208689689654,12447.135512228786,10229.805308199513,2389.5457765872534,4167.852445326135,3385.422270115867,10329.513737593159,2225.5173951492548,1200.0,1200.0,1200.0,
2025-04-06,38806.78931414011,825.0282735327123,-1140.245600931533,2251.05874397564,40742.630730716926,65815.22090766649,61794.44331218164,629.0821172321926,4649.8597127170415,0.0,465.13016173505815,4968.5581404442155,19045.64129358203,16164.702226776211,2225.5173951492548,9966.784547330812,6517.311158495566,10766.221360437587,1405.8143073995132,1200.0,1200.0,1200.0,
2025-04-07,36116.152097175865,1626.1620222346978,-433.5914422898046,1080.7751232395563,38389.49780036032,61459.16876900836,61000.294515267735,1415.2881360226816,1874.1623897633083,0.0,276.03240475732366,4169.160069641794,19690.899301499794,15826.451734449862,1405.8143073995132,9984.505828853831,8185.217137951551,10777.96692071612,1542.6773071383773,1200.0,1200.0,1200.0,
2025-04-08,42646.77964513217,0.0,-2350.3414468292103,1815.288415074962,42111.72661337792,70945.34667907846,62630.92577676941,0.0,8314.420902309052,0.0,385.0177303394761,5017.442985096335,19622.580939815034,15977.274034469145,1542.6773071383773,9971.809259259258,4802.699998332154,10755.388081115274,1450.4734480061977,1200.0,1200.0,1200.0,
2025-04-09,41568.51622370232,0.0,-639.1484009615747,1260.9824110593906,42190.350233800134,69622.14882100915,67675.1132123494,0.0,1947.0356086597349,0.0,308.3150661087371,4942.920942136578,20628.966066301422,16722.76974664652,1450.4734480061977,9995.302777777777,6117.123588933215,10784.645524291425,1435.6876336257887,1200.0,1200.0,1200.0,
2025-04-10,40834.59342011648,0.0,-1413.9166338353307,1507.3594103554924,40928.03619663664,67713.56431673173,63469.10545635,0.0,4244.458860381725,0.0,335.82521973774146,5464.611472800745,20224.098843081636,16344.417539794636,1435.6876336257887,9951.577050240325,6536.16497996652,10791.291073141654,1476.9126592941077,1200.0,1200.0,1200.0,
2025-04-11,16502.436995433287,159.13181653601472,0.0,4.317610015269736,16665.88642198457,31368.59832483172,31500.858920638282,132.26059580655541,0.0,0.0,2.0569842855024945,22869.978692243807,13397.01731251581,10080.730266502505,1476.9126592941077,3527.3715568306234,1774.7816343356571,10362.81388888889,2333.416833333332,1200.0,1200.0,1200.0,
2025-04-12,17388.51902651353,0.0,-366.67194164610453,22.407770905723392,17044.25485577315,32004.277509590727,31148.849299368827,0.0,855.4282102219024,0.0,10.516460438713466,19833.203337395807,11887.554403292183,9586.552530880454,2333.416833333332,3870.588813918683,4878.55484090119,10323.781944444445,2380.4907619846817,1200.0,1200.0,1200.0,
2025-04-13,36127.59363123593,220.55818069786403,-297.5891995794075,3589.9778995328497,39640.54051188724,60860.57909500242,59745.72003435339,207.30522176948193,1322.164282418503,0.0,836.9959277630808,3484.1688133889447,18870.63446298375,16048.44579758955,2380.4907619846817,9966.753814182064,7285.770834391532,10794.952623456787,1532.4553369038872,1200.0,1200.0,1200.0,
2025-04-14,41001.029632298145,0.0,-2256.6031169661524,2677.0638441842866,41421.490359516276,68386.80851231309,60785.25967593794,0.0,7601.548836375156,0.0,484.2814635069079,5381.676250933691,19258.120482761307,15898.287394250157,1532.4553369038872,9930.028007688223,2412.564221646385,10503.388555328866,1200.0,1200.0,1200.0,1200.0,
2025-04-15,35174.766547266474,1023.1920374148168,-429.35005667045687,1412.239017432616,37180.84754544345,59488.9834231235,58457.37509853888,921.0200250086924,1952.6283495933212,0.0,300.81468394994175,4836.277880371812,18869.771411322905,15087.288342539234,1200.0,10004.47854413726,8538.450352563701,10746.60628954954,1419.140556258128,1200.0,1200.0,1200.0,
2025-04-16,38576.203979787795,546.4651897084814,-762.2517747506661,1127.6900148442305,39488.107409589844,65783.14247831362,62905.538378442194,393.511480192357,3271.115580063793,0.0,243.53538375287198,3535.8126650560816,19559.17567302455,15725.506525885572,1419.140556258128,9918.250037564676,7950.000950934836,10787.723401151852,1549.6136332184728,1200.0,1200.0,1200.0,
2025-04-17,36269.41532909789,2583.5949622898474,-672.8866344995217,815.94045440272,38996.06411129093,59742.726073862825,61004.06482989906,3598.4868774572606,2337.1481214210253,0.0,185.55185963094726,4829.423168296625,19526.72488575067,16034.873714517285,1549.6136332184728,9618.655068363576,8162.571773716029,10725.453103455122,1307.1396809304283,1200.0,1200.0,1200.0,
2025-04-18,16931.78887405814,0.0,-59.04371144238928,47.65247444924633,16920.397637064998,31916.272358508624,31777.773791672138,0.0,138.49856683648665,0.0,21.940316929721746,21922.867537433824,13078.058831888,9555.329444053299,1307.1396809304283,3637.4622257885976,2224.4004294923016,10438.64245105189,2460.3599140148517,1200.0,1200.0,1200.0,
2025-04-19,15145.024146969186,723.1298860199032,0.0,197.1618922225245,16065.315925211615,29352.591232664287,29895.41217053462,542.8209378703333,0.0,0.0,77.14732413044577,21150.68569839588,11812.519334222181,9775.324787952995,2460.3599140148517,3886.2197277283353,2384.1925795801876,10415.093518518517,2230.155328200371,1200.0,1200.0,1200.0,
2025-04-20,34577.7226869924,1044.8125604134632,-308.80153778821807,3267.189679660865,38580.923389278505,57823.813666315196,57749.031061163434,1298.5120196081034,1373.2946247598707,0.0,865.3124294804963,3875.087479759075,18388.010800987384,15606.499673435857,2230.155328200371,9984.976767059414,7386.778556119162,10703.063039617704,1438.8098563825079,1200.0,1200.0,1200.0,
2025-04-21,38964.15369994595,0.0,-2325.467058083861,2292.984285466874,38931.67092732896,65686.4230250193,57407.154689527786,0.0,8279.268335491526,0.0,561.8051983697292,5967.306028312686,18047.617126646408,14562.873650394922,1438.8098563825079,10025.253516413579,5012.153396023821,10793.388232310395,1500.6945477032523,1200.0,1200.0,1200.0,
2025-04-22,34467.94890294912,2572.2129005080224,-365.98811850319794,1806.5500963006211,38480.72378125457,58033.71030059754,59433.29278718856,3041.4842154713065,1641.9017288802715,0.0,521.4195399967098,4355.004582889195,18333.33560095745,14886.557173328032,1500.6945477032523,10010.512960290696,8625.11199590738,10655.568951872498,1460.077507089371,1200.0,1200.0,1200.0,
2025-04-23,34259.596229089824,1932.990049925887,-228.1776226339461,1212.2650251798182,37176.67368156158,58115.39138129717,59524.14708766368,2422.2873351791895,1013.5316288126803,0.0,257.3270441406628,4692.574941063007,18900.405098402618,15211.422624327946,1460.077507089371,9458.437179885146,7621.238023165565,10721.114342932053,1568.8614019540096,1200.0,1200.0,1200.0,
2025-04-24,35517.2394724148,627.512374032518,-958.4159621978065,509.91429629365723,35696.250180543175,59970.24147743695,56322.20137700481,487.5256992344483,4135.565799666592,0.0,101.47287389891193,5923.077851947009,18033.69427119969,14623.204572242981,1568.8614019540096,10035.695370370371,6921.6769213305715,10791.695845481754,1551.18116576375,1200.0,1200.0,1200.0,
2025-04-25,16430.76577193338,0.0,-327.486455800431,13.932277567212838,16117.211593700162,30767.933917043978,30068.028287367662,0.0,699.9056296763132,0.0,6.57182904113813,24901.801163965225,12318.257552443572,9145.81625,1551.18116576375,2976.724942847128,1905.5605539582386,10443.538425925926,2475.5949074074088,1200.0,1200.0,1200.0,
2025-04-26,15123.077729055145,1.431349434215125,0.0,351.63808854817523,15476.147167037536,28748.338669340632,28749.424135108056,1.085465767425113,0.0,0.0,82.45806566476097,26851.486507379166,11196.44360082304,9286.24154076272,2475.5949074074088,2920.6505091788767,1986.6215462159141,10469.957407407408,2234.3479917451277,1200.0,1200.0,1200.0,
2025-04-27,31541.198023637728,3341.7694103093863,-234.53983262478405,5122.911053560367,39771.3386548827,52411.76545127109,55776.22593764643,4228.51465752762,864.0541711522778,0.0,1070.6595855255337,5684.732953586601,17744.460515430594,15155.779129178563,2234.3479917451277,7747.728718180537,7165.406487206359,10762.59142259317,1364.607867656482,1200.0,1200.0,1200.0,
2025-04-28,41538.75661033139,237.90663705280963,-1318.1061975040705,862.2784364908573,41320.83548637098,70442.79315738252,66440.89159119915,325.15803037417345,4327.059596557549,0.0,222.0301992951808,6119.934014956426,19585.218898088973,15664.198439217744,1364.607867656482,9974.080517185736,7887.897542227325,10800.0,1586.6399434723971,1200.0,1200.0,1200.0,
2025-04-29,35688.66590543685,490.2739087176577,-1091.5458111351206,1720.7658320711018,36808.15983509049,60428.283839455544,56186.8354444507,374.8375452844375,4616.285940289284,0.0,336.0214470751699,5994.665870177381,17372.53050439033,14277.55319970851,1586.6399434723971,9521.69186183556,7248.994489795437,10800.0,1357.9693977475795,1200.0,1200.0,1200.0,
2025-04-30,34295.109811603055,0.0,-849.5025663834674,1791.4384829856926,35237.04572820528,57624.50580182206,55042.2546166536,0.0,2582.2511851684594,0.0,456.2489351171802,3895.883893781082,18022.38632849829,14676.621103841924,1357.9693977475795,9435.451944444445,7381.784330301508,10613.171391094313,1270.760311349461,1200.0,1200.0,1200.0,
2025-05-01,36398.83698822337,0.0,-812.215576208321,10514.729592982392,46101.351004997436,60943.764321785624,57854.48654366993,0.0,3089.2777781156938,0.0,2278.2016810320365,5550.3269893700935,19129.82481866521,15558.842383333333,1270.760311349461,10068.989897166486,5636.5835572974775,10800.0,1200.0,1200.0,1200.0,1200.0,
2025-05-02,19017.594978901805,0.0,-298.62309289119696,699.0435024057929,19418.0153884164,34771.35797251033,33797.768266944826,0.0,973.5897055655003,0.0,172.02991038228447,16549.178760054343,13179.33491769547,10049.03558375604,1200.0,4125.000191488377,6820.334205349416,10754.857594298834,1895.8063328636604,1200.0,1200.0,1200.0,
2025-05-03,16727.084735026878,0.0,-24.810876089199894,2272.839723933622,18975.1135828713,31350.59978148287,31295.02429977767,0.0,55.57548170520147,0.0,443.6502247808785,20893.331971611133,12032.346173361366,10054.175270413953,1895.8063328636604,3635.649300833542,5843.100575645746,10444.340740740741,1553.612032873388,1200.0,1200.0,1200.0,
2025-05-04,36526.19112502139,0.0,-1700.7138503469023,9455.236127016402,44280.71340169089,61075.46599410735,55008.402199761775,0.0,6067.063794345568,0.0,2126.2320870413255,2558.3211008032963,16631.035169750106,13789.389317083638,1553.612032873388,10071.428044890295,8749.959838404333,10800.0,1200.0,1200.0,1200.0,1200.0,
2025-05-05,41390.841139824806,0.0,-2035.659581615058,5038.137319111431,44393.31887732118,68061.50832798668,62381.34171976903,0.0,5680.166608217661,0.0,1116.831024964938,4548.428967532687,19693.739142869283,15820.002165668007,1200.0,9984.227097311797,6817.140518450158,10782.86601380576,1346.58504450679,1200.0,1200.0,1200.0,
2025-05-06,35845.99258868286,1326.8798691143418,-497.3884882608294,6290.87788526525,42966.36185480162,59458.78526550894,59279.95821283283,1861.4335221487263,2040.2605748248302,0.0,1487.0265018949508,4155.7415041033355,19914.67220932124,16173.511365363462,1346.58504450679,9419.54139494445,6786.9819949850735,10663.982174652914,1299.2218491587325,1200.0,1200.0,1200.0,
2025-05-07,38486.74214767474,679.7008221026015,-236.03520181907803,2255.2574910690328,41185.66525902729,63198.20691655492,63265.4178486085,963.463001356901,896.2520693033297,0.0,459.1055168637581,5014.124869168783,19152.76131564359,15510.208769340119,1299.2218491587325,10056.774302320535,7124.7395844542025,10800.0,1303.1417339711602,1200.0,1200.0,1200.0,
2025-05-08,42243.2692799494,238.54455618980006,-1255.8096053987783,2751.0080088216255,43977.01223956205,70325.09806340345,65635.45073984635,199.61507187343315,4889.262395430551,0.0,572.1904669994688,6455.625352249733,18514.58898633757,14589.08553174149,1303.1417339711602,10043.629393557312,6693.922799577688,10777.19649074074,1756.1767864066524,1200.0,1200.0,1200.0,
2025-05-09,21115.806519715064,11.837704984417073,-222.120895785238,0.0,20905.523328914245,36751.4299065496,35951.415138722514,8.518785970363467,808.5335537974597,0.0,0.0,24044.68195370498,12324.770381358861,8917.42304634133,1756.1767864066524,3956.8128708570684,2600.577056042254,10800.0,2940.2223003614845,1200.0,1200.0,1200.0,
2025-05-10,18098.772610117212,333.8443969582761,-9.168078600516619,97.47597008372071,18520.924898558693,32036.73350572234,32279.574771663167,257.73297161859136,14.89170567776597,0.0,21.751986180608185,18400.02749662186,10754.342608651845,8974.088630763268,2940.2223003614845,3818.768363407262,6463.713042529204,10799.183725060835,2647.9210584111797,1200.0,1200.0,1200.0,
2025-05-11,37401.80514363888,547.5793521050596,-480.7606365153436,4699.532281591799,42168.15614082039,61732.87731407661,60251.434750003966,615.6723274189652,2097.114891491609,0.0,1010.0550993720335,3710.412985082865,16585.511180540547,14518.513399580745,2647.9210584111797,10092.943951171035,7618.288761658459,10736.316589342676,1443.199565807959,1200.0,1200.0,1200.0,
2025-05-12,37593.10061909519,1981.2977662809185,-422.8968979070861,809.6885905141921,39961.190077983214,61532.69108457331,61780.67915839421,2153.330823754067,1905.3427499331624,0.0,213.53613870966169,6505.250607225545,16590.38653655176,13032.617080006772,1443.199565807959,9467.71364265309,8558.504878025866,10717.114033947406,1893.8618042525725,1200.0,1200.0,1200.0,
2025-05-13,42726.193314045726,363.8018519579618,-2328.256254979754,1053.0679133945264,41814.80682441846,70425.33820482125,62539.38513159534,322.4915099707212,8208.44458319664,0.0,216.07213128123124,6452.698950420557,17443.315964711983,14269.770418922632,1893.8618042525725,10100.812885167523,6732.736613457214,10800.0,1737.545707023768,1200.0,1200.0,1200.0,
2025-05-14,42343.42846102046,178.0025668916058,-1687.3234947768767,706.9993439648254,41541.10687710002,68621.34713901518,63321.23665498627,260.5310920970785,5560.64157612599,0.0,215.69775441724641,7103.392411048898,17224.293277793473,13804.900062772182,1737.545707023768,10060.803555289604,7926.706708097029,10660.380558086863,1900.6318095132472,1200.0,1200.0,1200.0,
2025-05-15,41648.4254933902,620.3410141176604,-1353.4269844090031,895.7278441772002,41811.06736727605,66141.96327997616,62869.65073417123,879.7215683828895,4152.03411418783,0.0,238.2308515414283,6678.941803146344,17436.796553069536,13772.915053836557,1900.6318095132472,10027.704437217091,8706.286339942984,10800.0,2290.5097585685453,1200.0,1200.0,1200.0,
2025-05-16,19517.546752926217,0.0,-469.7150828492613,87.14280296293828,19134.974473039892,33240.85462450516,32212.430477551956,0.0,1028.42414695321,0.0,40.95713834502294,26891.85639879379,10887.15874562343,8241.134061853574,2290.5097585685453,2511.5730894458316,1875.3851320136391,10800.0,2932.1370053478813,1200.0,1200.0,1200.0,
2025-05-17,18234.635267720812,0.0,-203.43230761506982,90.71415166804007,18121.917111773782,31561.33441466697,31095.1569693321,0.0,466.17744533487036,0.0,42.124189439515476,19381.84355918464,10131.944850024984,8825.306333771343,2932.1370053478813,2570.69574990847,5054.539426625333,10799.999999999998,2244.9914439577624,1200.0,1200.0,1200.0,
2025-05-18,39838.260986209556,0.0,-901.8424107704659,721.8476968702146,39658.2662723093,65885.91758068358,62653.979663934195,0.0,3231.9379167493917,0.0,290.1476200048576,6350.145622107336,17408.889198071618,14491.075636239904,2244.9914439577624,10106.427314812458,7370.574270218074,10800.0,1811.7965708445486,1200.0,1200.0,1200.0,
2025-05-19,38444.145115661,285.7063856606742,-1305.9270049841232,1079.779043639275,38503.70353997682,63725.06909534359,58272.37644227137,237.77848258020182,5690.471135652422,0.0,192.78181284428376,7967.493190191958,16699.056415478004,13716.6079005543,1811.7965708445486,10115.994444444445,7358.699270070011,10800.0,1600.2718997144173,1200.0,1200.0,1200.0,
2025-05-20,38234.26877589558,307.2604649288568,-189.63724925842268,1551.1226576140757,39903.01464918009,62894.842455971375,62348.749475148565,287.04095808063437,833.1339389034429,0.0,389.79504074974943,4908.148490849819,17207.88948447312,13904.88827609129,1600.2718997144173,10119.068677940475,8238.65859845601,10800.0,1637.4965734165721,1200.0,1200.0,1200.0,
2025-05-21,36308.61695153978,1636.6620081934893,-209.64919422828774,1602.879912878692,39338.50967838367,58913.38243317715,60020.59554471168,2064.124006528994,956.9108949944621,0.0,430.7692299719673,5848.757765823972,16764.63618302566,13524.644457499318,1637.4965734165721,9393.247573416575,7972.470483131888,10704.522408832321,1698.286407584867,1200.0,1200.0,1200.0,
2025-05-22,37436.16353436367,5.981928552500904e-12,-751.2946143593463,1367.3874776002444,38052.25639760458,61053.674904049876,58674.46153532072,5.4569682106375694e-12,2379.21336872916,0.0,286.6282115361459,5120.508523750134,16839.982498603375,13816.032092163307,1698.286407584867,10094.37858384057,6992.766430879307,10788.572300991835,1503.1238872575623,1200.0,1200.0,1200.0,
2025-05-23,17747.669227955095,937.846739150036,0.0,6.803122678160543,18692.31908978329,32128.66732972118,32839.71922831258,711.051898591401,0.0,0.0,3.1235641313868427,23340.557436310395,11805.377656133576,8724.041183333333,1503.1238872575623,2964.5279293669055,4555.750174132925,10800.0,2434.584685185188,1200.0,1200.0,1200.0,
2025-05-24,18329.225911291483,7.898961484897881e-14,-158.38345953061548,0.0,18170.84245176087,31910.86068165201,31591.97927165183,5.684341886080802e-14,318.88141000018095,0.0,0.0,25381.57680248539,10668.002156904358,8212.101071071247,2434.584685185188,2418.8480705837865,1822.372366880083,10800.0,2911.2298807643856,1200.0,1200.0,1200.0,
2025-05-25,35589.464887020455,106.39865701688515,-535.7692119615895,2617.528685371033,37777.623017446786,58829.65120977997,56529.533417102066,87.10156201996986,2387.219354697882,0.0,580.6725889351592,7167.132235750037,14598.6137259003,13200.55013894645,2911.2298807643856,10114.675009417646,7950.667772293877,10631.477888654403,1382.7043019119344,1200.0,1200.0,1200.0,
2025-05-26,37480.64073757469,1128.7532406315968,-34.55908403769634,1458.1710346676773,40033.00592883627,61630.13501071559,63032.1811073916,1489.429596463763,87.38349978774187,0.0,376.4911319091861,5112.868929175529,18086.139074809143,14370.168714683881,1382.7043019119344,10061.814451490867,5944.117885332225,10766.872635958201,1693.3753418136343,1200.0,1200.0,1200.0,
2025-05-27,35531.383532031396,868.2044914503608,-304.57780763221115,2243.220913912943,38338.23112976249,58180.18068905315,58165.472047070136,1245.0410093080045,1259.7496512910225,0.0,545.3590247812992,6356.887816797599,16733.910342046554,13770.334386992718,1693.3753418136343,9595.857672079623,8617.961238113943,10800.0,1453.5231085525131,1200.0,1200.0,1200.0,
2025-05-28,39715.94652497455,460.6772418457473,-1752.6389945436845,1173.1793331464016,39597.16410542301,67045.6058522137,60317.012503195365,335.5746230351514,7064.167972053494,0.0,291.62599479969083,4936.572922559435,17953.921546052763,14555.680070617147,1453.5231085525131,10016.939233320658,7409.489061383703,10663.495679149757,1439.0746437587245,1200.0,1200.0,1200.0,
2025-05-29,39296.761301348044,0.0,-845.4821761549533,3221.9415924824,41673.22071767549,66021.37598566953,62521.467271441536,0.0,3499.9087142279914,0.0,743.443023283813,5609.613788616123,18471.814782866124,14926.6417767569,1439.0746437587245,10117.141018410164,8779.586866397456,10786.870869578586,1478.5504186083535,1200.0,1200.0,1200.0,
2025-05-30,18912.96145884914,0.0,-39.294224250306286,51.88623553633557,18925.553470135168,33434.05997945441,33336.79937773817,0.0,97.26060171623453,0.0,23.839299580213908,23250.50685946585,12053.687836498939,8539.789285313072,1478.5504186083535,3070.4905525754184,3296.1625589094847,10797.863175161105,2838.214709998429,1200.0,1200.0,1200.0,
2025-05-31,20016.005400247403,0.0,-805.0591290515146,258.1348464165764,19469.081117612466,34336.92366804967,32509.03855055761,0.0,1827.8851174920592,0.0,120.74791743668192,22395.34644619849,10618.547668068652,8773.289196272852,2838.214709998429,3709.813036385479,4142.190928917361,10800.0,2646.808504290379,1200.0,1200.0,1200.0,
2025-06-01,45226.97503122133,305.4310633680578,-1262.7159897639776,22499.14944938211,66768.83955420752,73884.29318764413,71101.13562830983,272.4878286585024,3055.6453879928144,0.0,5208.602513113029,2837.9833341007957,18679.242953596866,16432.314446274806,2646.808504290379,9636.643728207187,6562.00632702263,10471.388203874987,1200.0,1200.0,1200.0,1200.0,
2025-06-02,52913.69322810734,0.0,-3944.3709466106116,11700.18783021369,60669.51011171042,85105.45714161404,71556.74826422069,0.0,13548.70887739335,0.0,2738.40359607279,1698.094491966714,20822.367991193554,16866.118072866782,1200.0,9623.128342346503,3903.4678695643024,10681.007312804335,1200.0,1200.0,1200.0,1200.0,
2025-06-03,49819.97765916152,57.61614798551609,-2081.357246177038,8661.967707576001,56458.204268546004,80694.77301818217,73502.44532930196,46.78624037655766,7239.113929256766,0.0,1976.311602522452,3519.57899463194,19316.490001934886,15549.678898075741,1200.0,9973.969213774426,9417.173375321894,10787.62452347096,1307.4200038794609,1200.0,1200.0,1200.0,
2025-06-04,57517.93735379064,606.4543734069439,-4637.494275595922,5022.698116745787,58509.59556834745,91760.74892383652,76566.89742776347,553.2333273188686,15747.084823391913,0.0,1178.2551191525233,4316.418467316949,19662.617493738762,15879.144230806378,1307.4200038794609,9989.142336041019,2810.8886719969714,10718.143652549119,1360.2821584594878,1200.0,1200.0,1200.0,
2025-06-05,49645.895072900064,762.9420819866311,-1132.6068209865093,4875.4171142795885,54151.64744817978,81248.75139134964,77411.80559587973,599.3074183715676,4436.253213841473,0.0,1072.7108630320895,3518.1619443887685,20122.738339543714,16305.70184168732,1360.2821584594878,10092.461049099575,8529.920513505069,10739.10429554281,1353.3001732851455,1200.0,1200.0,1200.0,
2025-06-06,29652.75291397085,0.0,-855.270330045709,69.09590870274808,28866.57849262789,51546.63373919841,48765.17796086927,0.0,2781.4557783291452,0.0,16.726316777330112,14872.132811635089,12997.021042028846,9942.24497601734,1353.3001732851455,10084.229536962577,10800.0,10800.0,2003.6802488696217,1200.0,1200.0,1200.0,
2025-06-07,27718.430053157863,75.30221590592056,-522.9421068677068,382.83671268597016,27653.626874882048,49015.92733797795,46751.70812237804,54.722111749956554,2318.9413273498717,0.0,111.92220412214317,13344.526600937634,12274.294003313593,9881.703444417713,2003.6802488696217,10012.040907390132,10626.460582505217,10800.0,2070.8743580543937,1200.0,1200.0,1200.0,
2025-06-08,46644.73894359049,2079.070317665137,-601.1678914572551,713.546849161494,48836.18821895987,75008.08701542346,74587.62849967672,1961.5242290489489,2381.9827447956945,0.0,191.16773679225085,6302.777507892437,18041.02985376,14749.934391850127,2070.8743580543937,10110.94814814784,8484.47516562985,10751.31250323719,1918.985235493813,1200.0,1200.0,1200.0,
2025-06-09,58528.50271111469,0.0,-2796.3753484165118,845.9978314365886,56578.125194134765,91661.72684017802,83317.39439014778,0.0,8344.332450030233,0.0,252.75809482103136,8817.294484002792,20037.98609643824,16217.84082880556,1918.985235493813,10087.099074074074,8030.8952482551285,10800.0,1933.3495791709415,1200.0,1200.0,1200.0,
2025-06-10,52208.136948057974,711.8262280460949,-140.5096692781061,1772.6972203415148,54552.15072716748,82886.13963442078,83076.29891745921,740.3832842226552,550.2240011842426,0.0,372.91846695389165,7745.554021230402,20820.964800815957,16735.7456709666,1933.3495791709415,10118.294444443523,6998.921622991772,10800.0,2076.944932164633,1200.0,1200.0,1200.0,
2025-06-11,56066.76378731971,2157.0094286556905,-183.79476751931563,1937.4302310313935,59977.408679487475,87305.28467368566,88851.34464979364,1984.6403491396845,438.5803730317066,0.0,422.6623666280085,9017.529077029823,21651.161826119293,17479.13020339414,2076.944932164633,10075.911574073116,5795.425349663197,10800.0,2141.734794122952,1200.0,1200.0,1200.0,
2025-06-12,55345.99499912212,0.0,-705.8612591671216,1261.3921796813888,55901.52591963639,86798.97421713515,84595.22945029315,0.0,2203.7447668420104,0.0,290.8451342057218,8535.635635148585,19758.79916847552,15860.75165245857,2141.734794122952,10053.164659802671,8470.253199505842,10800.0,2301.5966541302823,1200.0,1200.0,1200.0,
2025-06-13,31737.830517595252,80.17316446454808,-322.5419477070559,0.0,31495.461734352742,52433.130436049425,51550.73428850035,120.59741947134188,1002.9935670204171,0.0,0.0,20216.657545374335,11999.181248497222,9010.418205371203,2301.5966541302823,8171.961482027436,9056.580046437435,10800.0,3089.2839940319946,1200.0,1200.0,1200.0,
2025-06-14,27911.76210043701,0.0,-484.564744086997,9.406667695633518,27436.604024045646,46338.80634892643,44858.72934939532,0.0,1480.0769995311061,0.0,4.428751269130657,17109.948986831696,10710.246097166091,9150.379733333335,3089.2839940319946,7305.570549077112,10800.0,10800.0,2561.416888888889,1200.0,1200.0,1200.0,
2025-06-15,46784.5602157548,3259.76829294179,-125.40309513037973,5059.082809121614,54978.00822268782,74388.7056486631,77993.39636863352,3950.722772954694,346.0320529842727,0.0,1090.655184137882,5550.205902831457,19351.421958858693,16444.550642252074,2561.416888888889,10114.9,8091.0884371535085,10800.0,1705.9737160260802,1200.0,1200.0,1200.0,
2025-06-16,53415.70753142774,1870.0867344964481,-668.0643340748347,1194.1224690143665,55811.85240086372,84402.1847546839,84676.11883905501,1996.2789396937756,1722.3448553226608,0.0,286.5581805521924,7738.788529308062,21729.30197473074,17199.466301098262,1705.9737160260802,10027.914236824221,7382.3870166596935,10800.0,2151.827380952344,1200.0,1200.0,1200.0,
2025-06-17,53788.400850748,1633.113160175822,-570.574353248508,2070.623611152708,56921.563268828024,85065.29569811352,84552.86360419271,1445.925293780181,1958.3573877010012,0.0,453.5690533268144,6871.792290386902,20121.661462125747,16624.032311659797,2151.827380952344,10105.709259192696,8795.77398134888,10800.0,1790.1756839101868,1200.0,1200.0,1200.0,
2025-06-18,53680.98951888271,599.0687339910736,-1217.9311225639806,1376.5943164894043,54438.7214467992,85477.56199333174,82212.83931114442,732.3897258407123,3997.112408028039,0.0,356.44657181699375,7933.265907235381,19006.925192446153,15299.29611672012,1790.1756839101868,10143.802536090716,8854.63140120121,10800.0,1897.190449644931,1200.0,1200.0,1200.0,
2025-06-19,49718.66394408827,2675.6837917487705,-1822.428497895717,2409.3896550715144,52981.30889301284,79653.74599295369,77077.25856237805,2447.8406146002653,5024.328045175911,0.0,495.0201376688012,5700.473668633214,20650.073112383066,17037.77228096943,1897.190449644931,10072.091131196861,7382.952077122637,10713.673345637671,1551.3981608236627,1200.0,1200.0,1200.0,
2025-06-20,27629.04992720732,0.0,-248.25235132799622,0.0,27380.797575879325,46432.36141928774,45527.11023640526,0.0,905.2511828824938,0.0,0.0,19701.709700018862,12111.706081389348,8686.886395002957,1551.3981608236627,7135.618557487008,10392.856143132061,10800.0,2799.8376396263448,1200.0,1200.0,1200.0,
2025-06-21,24753.540545562977,0.0,-207.58156436173124,9.83057472578689,24555.789555927033,40915.15193521794,40201.87485686087,0.0,713.2770783570633,0.0,4.594800058792657,19045.521309960714,11012.469248151796,9186.26130119284,2799.8376396263448,3747.456242005959,6627.472317067409,10800.0,2504.102961637584,1200.0,1200.0,1200.0,
2025-06-22,45615.662260225596,1146.7154226292919,-759.0731489935694,6363.454682538667,52366.75921639999,74486.89575370144,72374.77706116979,930.3097112500222,3042.428403781664,0.0,1438.7764889721047,3875.8989023172244,18206.548651659985,15726.235103835299,2504.102961637584,10147.4717825977,7768.017025655823,10761.401858157895,1416.402188314582,1200.0,1200.0,1200.0,
2025-06-23,48791.70887698349,0.0,-704.4874708644788,2371.9435764770906,50459.1649825961,77976.88073765792,75458.97704261364,0.0,2517.9036950442774,0.0,640.3465376857196,5243.4257950143765,19330.662526475775,15536.05074119079,1416.402188314582,10108.193055555555,8961.748858952524,10800.0,1551.7198608196825,1200.0,1200.0,1200.0,
2025-06-24,57002.34366912473,0.0,-1692.3535542500658,1706.8447711738668,57016.834886048535,89814.56848268451,84538.05256783901,0.0,5276.5159148455,0.0,419.64076249049,4634.698122582144,21293.917951039744,17239.714993292393,1551.7198608196825,9921.350443949546,6307.304604542295,10783.746424928211,1561.007135319463,1200.0,1200.0,1200.0,
2025-06-25,49496.085718351285,2621.5620118157353,-1239.9072715714146,3277.7834627932207,54155.52392138883,80279.24845754591,78708.78366768235,2256.739933152491,3827.204723016056,0.0,739.012210490347,5221.182400216732,19995.518761545583,16206.326650256284,1561.007135319463,10126.126631699795,8916.657298870854,10800.0,1549.944409314617,1200.0,1200.0,1200.0,
2025-06-26,48630.509211625336,463.8311465863442,-419.1054964665006,2398.7698553900477,51074.00471713523,77400.08604735928,76386.71421999825,526.4376107672404,1539.809438128279,0.0,575.3530919052216,5992.69520040976,18274.250936758308,14852.26265859793,1549.944409314617,10106.174999999315,8920.365044519831,10800.0,1494.2561872882825,1200.0,1200.0,1200.0,
2025-06-27,27015.608927516547,0.0,-1253.0551537675278,0.0,25762.55377374902,45393.061261068404,42087.609595188165,0.0,3305.4516658802427,0.0,0.0,19115.024907792365,12401.055073670768,9200.116252941636,1494.2561872882825,5933.595548316757,9066.649139681333,10800.0,2432.8543614346045,1200.0,1200.0,1200.0,
2025-06-28,25605.511823791094,0.0,-295.65390949392224,100.87007005163478,25410.727984348807,42861.63132309802,41942.90776418817,0.0,918.7235589098568,0.0,45.725537929386995,17799.21293087148,11346.338528447146,8933.844273867733,2432.8543614346045,5331.524471424007,9396.476000111004,10800.0,2718.065399406223,1200.0,1200.0,1200.0,
2025-06-29,45404.76338265787,2675.3441047284855,-626.8385252454627,5168.172942497009,52621.4419046379,73944.02566646333,74349.25578434099,2379.040102140558,1973.8099842628894,0.0,1282.6858988460717,3877.724538476105,18734.36811653211,16247.919505154485,2718.065399406223,10117.772222222222,7308.593468423565,10778.634444786114,1525.7528096690296,1200.0,1200.0,1200.0,
2025-06-30,51572.49160143004,41.824183436233604,-1537.7879073677702,3086.644981102505,53163.17285860101,82525.72735334642,77984.5609857255,28.87239999998542,4570.038767620907,0.0,788.9401246792637,5101.349797014998,19764.81014713174,15970.3428170753,1525.7528096690296,10084.588254818615,7125.100355890443,10800.0,1569.2565897817087,1200.0,1200.0,1200.0,
2025-07-01,44455.63529841381,738.50433103717,-75.03479343625196,39057.877014281185,84176.98185029591,72608.88425617918,73302.82421693324,908.0396923977369,214.09973164366806,0.0,9077.88701694966,153.03791260204684,19439.264309216112,16078.135021268588,1569.2565897817087,9220.358767245662,6423.672403065281,10100.173797425517,1200.0,1200.0,1200.0,1200.0,
2025-07-02,48518.000073680334,0.0,-703.8339614546906,12668.87182203451,60483.03793426015,78323.444785954,76112.49014005787,0.0,2210.9546458961204,0.0,3189.0063197721474,2679.3618926573895,19565.09579213662,15847.727591630664,1200.0,9992.275136865153,8121.175469923819,10770.44375250438,1200.0,1200.0,1200.0,1200.0,
2025-07-03,56633.18457032983,424.7580520141755,-941.7815991478417,6114.117771231084,62230.27879442725,90084.36927627164,87278.76284663782,481.1279931430017,3286.734422776814,0.0,1374.920092726443,4752.8133568312605,20257.33372435433,16116.883075154668,1200.0,9983.983753645245,8453.262328658457,10800.0,1523.952490635934,1200.0,1200.0,1200.0,
2025-07-04,28271.957353814694,988.8890130309791,-6.13637910282894,694.9552594320211,29949.665247174864,45965.90743004715,47159.14721782813,1205.684279978982,12.444492197990144,0.0,321.1311024346386,15514.240746303201,12922.44301451974,9837.272907226836,1523.952490635934,3689.3476387952956,8592.52014643069,10800.0,2223.847973451664,1200.0,1200.0,1200.0,
2025-07-05,26514.982464063916,0.0,-27.2920433421559,1844.9019838246295,28332.59240454639,43829.52719902956,43765.334977767605,0.0,64.19222126195996,0.0,700.8978991217505,13840.066577199308,12240.528252680582,10404.441919657209,2223.847973451664,3924.2901392417753,5835.383610188973,10783.411763544713,1679.832379022846,1200.0,1200.0,1200.0,
2025-07-06,49995.31670899978,3083.8467167266426,-209.3464588745348,16795.885505671453,69665.70247252334,79537.1503397076,82651.92333601715,3698.810358804247,584.0373624947005,0.0,3906.6220890036393,3124.571595435091,21401.633162291637,17761.640882705935,1679.832379022846,10050.496823958407,7441.418555087523,10782.622599537011,1206.1456887453928,1200.0,1200.0,1200.0,
2025-07-07,55372.17191108667,150.6393659644754,-998.2425500929056,4189.135337372418,58713.70406433065,87754.5394767212,84191.43153993816,118.0362422032074,3681.144178986245,0.0,865.2331694411796,7595.012604271149,18722.30256173009,14670.133223288556,1206.1456887453928,10077.734982042437,6777.196398891334,10800.0,1756.0699684262993,1200.0,1200.0,1200.0,
2025-07-08,63618.06331485498,413.42384029680636,-2104.279940651407,175.34177974304936,62102.54899424343,98968.13420238845,92405.60351813448,335.8908659687339,6898.421550222715,0.0,49.009091372936524,12696.879145182042,18999.476156590725,14813.129708932014,1756.0699684262993,10045.1875,7759.428480807829,10800.0,2396.56549943349,1200.0,1200.0,1200.0,
2025-07-09,62256.704393778055,115.94469614241292,-2100.5055680382293,126.18719742635216,60398.33071930859,97696.3029869909,91038.5217801635,86.19887571853633,6743.980082545933,0.0,22.907191869001394,13463.14435370967,18281.855584758334,14742.295983102167,2396.56549943349,10077.123148148146,8882.335381691415,10763.482730418298,2469.9066556024654,1200.0,1200.0,1200.0,
2025-07-10,57671.71965372261,347.9603213313393,-856.1396809958961,528.667759487882,57692.20805354594,90137.36591126604,87441.54625405019,321.750562080829,3017.5702192966532,0.0,126.66232292995923,11312.031916973974,19203.758951906868,15801.205675234018,2469.9066556024654,10067.50925925926,8065.313440842507,10800.0,2196.394517614186,1200.0,1200.0,1200.0,
2025-07-11,40734.904983732835,0.0,-984.2449330572841,0.0,39750.66005067555,67428.95042463539,63808.419522294054,0.0,3620.530902341343,0.0,0.0,27859.297686554768,12712.000926930737,9281.656241191453,2196.394517614186,9984.425851851842,10800.0,10800.0,3324.2439727502406,1200.0,1200.0,1200.0,
2025-07-12,31097.564745964028,932.9678305812361,-3.1159186143272044,0.0,32027.416657930935,50070.95882715561,51327.24479043373,1262.7748437830292,6.488880504916153,0.0,0.0,19148.394260921756,11024.721017931832,9930.113821753193,3324.2439727502406,4515.940945110954,7612.672260833043,10800.0,2213.0330869408954,1200.0,1200.0,1200.0,
2025-07-13,57916.75953001937,0.0,-3790.024953737101,2666.746416728373,56793.48099301064,89893.98152827942,78391.61355893429,0.0,11502.367969345125,0.0,616.7863568431442,6777.930582614819,18673.532215124018,15710.783281961407,2213.0330869408954,10064.354166666666,3574.946582237327,10635.179494758819,1562.786211706507,1200.0,1200.0,1200.0,
2025-07-14,57538.52766677321,675.1541290980372,-1609.4180638218018,294.88285706451165,56899.14658911396,91371.1467655035,85990.44495955613,551.4654393179992,5932.1672452653465,0.0,54.31912427601854,10196.65531032102,18427.970055221056,14387.540498376584,1562.786211706507,10029.172685185033,8963.495594191001,10800.0,2161.8031520981426,1200.0,1200.0,1200.0,
2025-07-15,59941.55068009938,0.0,-2165.705462561832,182.26711399861642,57958.11233153617,94307.14458544942,87076.49553687131,0.0,7230.649048578107,0.0,42.42557109816681,10603.747926515356,18307.27242359466,14541.149825473858,2161.8031520981426,10036.193055551574,8196.454749998724,10800.0,2481.515193917936,1200.0,1200.0,1200.0,
2025-07-16,55675.31684442035,9.651897596342645,-685.4200158685906,696.1751416867854,55695.72386783489,86703.37731236455,84263.72257705173,9.61248640209402,2449.2672217149347,0.0,182.92357315936482,9281.78959958201,18062.750267946092,15032.45710065035,2481.515193917936,10004.76760353166,8507.706457671371,10800.0,2035.260323235702,1200.0,1200.0,1200.0,
2025-07-17,52956.35008198518,1794.2639423669355,-525.7850698601862,2188.8817336957554,56413.71068818769,83804.2812652644,83330.91061639454,1645.7453890432428,2119.1160379131125,0.0,496.07645035345195,7598.322835669797,19281.261862697298,15773.01369828577,2035.260323235702,10019.576851851614,8214.53307613455,10800.0,1862.825223790201,1200.0,1200.0,1200.0,
2025-07-18,37389.52109194717,0.0,-1674.7824070746212,0.0,35714.73868487255,61582.170762861286,56820.23735605307,0.0,4761.9334068082135,0.0,0.0,22562.967316647122,12370.913290438866,9387.891351032918,1862.825223790201,8563.802131197608,10125.548578530235,10800.0,2565.6567951486104,1200.0,1200.0,1200.0,
2025-07-19,36389.80803087013,0.0,-1624.9171739412827,0.0,34764.89085692885,59343.77549431344,54740.797453318904,0.0,4602.978040994534,0.0,0.0,25745.208265810135,11014.55944571965,9201.789308210873,2565.6567951486104,8419.196762765454,7391.42105906175,10800.0,2254.549953839771,1200.0,1200.0,1200.0,
2025-07-20,55304.61616819485,2.7745489658177616,-2262.788850153135,1770.238845964055,54814.840712971585,88282.96714598167,80767.52503716949,2.1040829377149066,7517.546191749913,0.0,410.615747113245,6127.702683253605,18736.322395477255,15775.8625111148,2254.549953839771,10054.930313870522,7516.139612162957,10773.218138366281,1588.5039863084128,1200.0,1200.0,1200.0,
2025-07-21,55897.276611319016,1.6643753042444587e-12,-729.6894036198511,609.2957553909397,55776.88296309011,88490.6180801,85766.98420925946,1.1368683772161603e-12,2723.6338708405406,0.0,172.02948231144902,7978.67034393446,19855.529797199317,15884.935799562874,1588.5039863084128,10011.165867437394,7124.202588942355,10800.0,1808.552137606827,1200.0,1200.0,1200.0,
2025-07-22,51510.17714173938,3789.510883960987,-634.6567641514846,3572.045983072754,58237.077244621636,81466.17003950455,82827.81557516805,4050.1060388755304,2688.4605032120153,0.0,916.3359920950345,6958.119312833599,17412.169575106556,14421.281937343734,1808.552137606827,9918.431288270807,9997.890686267758,10779.818587871776,1455.858158154134,1200.0,1200.0,1200.0,
2025-07-23,59463.91069022543,0.0,-3332.8666466116365,2532.4372261504527,58663.48126976424,93447.68285048875,82986.48607321834,0.0,10461.196777270427,0.0,559.1867209321622,5260.000515299014,20994.052942460738,16924.927780275928,1455.858158154134,10031.021957101966,5198.797305879203,10800.0,1545.030494951107,1200.0,1200.0,1200.0,
2025-07-24,58920.68311732059,0.0,-2804.5448416571553,1311.7903995488477,57427.92867521228,92311.73802485588,83866.34468009871,0.0,8445.39334475716,0.0,312.58855962439975,6713.659076905495,19580.194802024846,15731.392639207228,1545.030494951107,9981.11189503041,7053.9332587910685,10765.576388171203,1687.8806620987684,1200.0,1200.0,1200.0,
2025-07-25,31152.61432393822,1917.4875705956983,-285.40960616332524,7.080928810874631,32791.77321718147,50388.243660831475,52397.22562490843,2716.3053222126805,707.3233581357267,0.0,3.311940510231352,22788.212006926078,12518.127968038405,9411.121976212484,1687.8806620987684,4096.873324057587,10295.827947154386,10800.0,2497.393637541685,1200.0,1200.0,1200.0,
2025-07-26,34354.27729982193,6.7057582782581446e-09,-538.998459269787,29.699467459304167,33844.97830801815,57614.48104499309,55856.374797688986,4.95401764055714e-09,1758.1062473090533,0.0,13.567595915625475,25364.67034930997,11777.130855406356,9740.950377778378,2497.393637541685,9916.503193097242,10800.0,10800.0,2273.5332098758804,1200.0,1200.0,1200.0,
2025-07-27,53023.25606574311,448.6551808447905,-1250.9159592751025,3621.997661972272,55842.99294928507,84484.60898799138,80464.38947227068,374.06119945482743,4394.280715175537,0.0,883.9905278448114,4672.178863915846,19421.455072403267,16430.443736203626,2273.5332098758804,9919.71582189611,7945.7008195074295,10759.381331501156,1496.79417925701,1200.0,1200.0,1200.0,
2025-07-28,54422.18851161431,1161.8474154954683,-534.9523159340206,3568.2580588456703,58617.34167002143,86794.64103617879,86372.53029873819,1157.4468145293877,1579.5575519699696,0.0,809.7440505301103,5101.038053582677,21281.598557319423,17155.23949496713,1496.79417925701,10042.37380783406,7059.61166903315,10704.163333803697,1588.8556642143421,1200.0,1200.0,1200.0,
2025-07-29,52648.19373631774,4502.878315017962,-590.829915958611,2170.6661144768427,58730.908249853936,84180.98840215427,86163.96893795839,4416.056631134564,2433.0760953304552,0.0,418.97766550083577,7099.203043749467,18520.21299608912,15105.71538637938,1588.8556642143421,10044.494260715754,9329.492397229313,10800.0,1472.9191536063474,1200.0,1200.0,1200.0,
2025-07-30,49396.73385386377,6001.183396249955,-286.40448345332254,2142.0830248923526,57253.595791552754,78796.3592197085,83300.7853373664,5778.920439299374,1274.4943216414772,0.0,516.250589637006,6029.332773738262,18604.808242033498,14920.359138768361,1472.9191536063474,10122.796296296296,8807.803861528779,10740.090301151877,1639.0697505827634,1200.0,1200.0,1200.0,
2025-07-31,52726.61951222882,266.30468669379025,-393.9148649625902,3896.6201972216704,56495.62953118169,84161.25224133107,83045.00700404815,224.5862942575086,1340.8315315404216,0.0,960.7044456249071,5713.109206564401,20365.940387728937,16768.334411286945,1639.0697505827634,10043.608333333334,7884.539925475332,10776.327586008189,1336.933420331096,1200.0,1200.0,1200.0,
2025-08-01,31061.6642290374,0.0,-354.7772919929852,133.24774428969673,30840.13468133411,49953.30513711595,49222.87158469639,0.0,730.4335524195667,0.0,62.751370688389784,24722.070961925507,12382.386693459277,9070.194366666667,1336.933420331096,3792.8225338225425,2842.455644933654,10800.0,2403.0877037037053,1200.0,1200.0,1200.0,
2025-08-02,35763.28465235614,0.0,-1637.5924101157361,0.0,34125.6922422404,58960.120752479765,54220.53945179202,0.0,4739.581300687743,0.0,0.0,31161.245544411453,11516.424382716048,9384.155408668808,2403.0877037037053,9104.407671319255,7900.589263911847,10800.0,2341.0303051828078,1200.0,1200.0,1200.0,
2025-08-03,47398.95999232544,0.0,-1177.6658414071242,2730.5137383824886,48951.807889300806,74811.31935594592,70354.13641416033,0.0,4457.182941785599,0.0,646.4983989771857,5846.1595765579,16956.935753053327,14641.940499807048,2341.0303051828078,10028.597725923015,7302.874983085922,10800.0,1333.44970536742,1200.0,1200.0,1200.0,
2025-08-04,50922.11221344155,16.98369609307318,-1931.65695518743,3304.4956324515565,52311.93458679875,79917.73058504645,74195.57029404264,25.547075952276145,5747.707366956092,0.0,891.686269986478,5897.324689297307,18085.046941194545,14310.770149796073,1333.44970536742,10008.917129629559,7533.586373374816,10790.37830398812,1709.1362304468764,1200.0,1200.0,1200.0,
2025-08-05,49403.28368407608,265.7902285475841,-788.4991848323185,1730.1067244842825,50610.681452275625,77796.54190899382,75574.96547240819,380.2381316192283,2601.8145682048666,0.0,395.9520159673673,7418.767120254964,18070.328689057547,14670.488054270289,1709.1362304468764,10010.9625,7590.394521971739,10790.496023308784,1671.889768076129,1200.0,1200.0,1200.0,
2025-08-06,55006.67895142222,0.0,-2304.205402978586,899.4806850947082,53601.95423353834,85027.94617778038,78332.6464992601,0.0,6695.299678520274,0.0,287.6202345440662,6906.487450208755,18513.617233005396,14914.237216076639,1671.889768076129,10061.320666688185,6351.135536483915,10739.932083297012,1762.7705932513868,1200.0,1200.0,1200.0,
2025-08-07,54101.53676662582,243.12150817842434,-3926.273078957578,1731.8691514954435,52150.25434734211,86393.67804874294,72215.08001250675,174.40244614731864,14353.000482383497,0.0,542.331066493261,6136.321992101411,18301.62331226592,15068.51947536732,1762.7705932513868,9972.95639632137,6483.852742541509,10797.707586221792,1491.4321572159115,1200.0,1200.0,1200.0,
2025-08-08,29681.994377368515,0.0,-244.533368321792,12.762528025840519,29450.223537072565,48756.67711401485,48168.71220918246,0.0,587.964904832387,0.0,6.064399156968648,29000.279435823533,13005.06782943088,9605.741906914993,1491.4321572159115,4547.948369296996,2972.054628556256,10800.0,2522.946640464825,1200.0,1200.0,1200.0,
2025-08-09,29640.47661054484,0.0,-170.51107444537618,58.04223411013334,29528.0077702096,47640.53697079356,47269.32926683498,0.0,371.20770395857755,0.0,19.55908287875374,25972.689843002103,11784.910625820976,9390.641119109347,2522.946640464825,4168.8971851253,5245.56624968164,10800.0,2695.320515804431,1200.0,1200.0,1200.0,
2025-08-10,51762.053217391134,0.0,-2128.8635353065165,457.81658122118324,50091.006263305804,80406.9355933643,73119.28241357904,0.0,7287.653179785253,0.0,144.799383832971,5580.18673673527,16373.827629327347,13994.551618650607,2695.320515804431,10039.783333333304,8105.110666514965,10800.0,1882.2635836983702,1200.0,1200.0,1200.0,
2025-08-11,49113.740168926204,414.22035946878736,-1103.1419462860904,2353.198039313469,50778.01662142237,78616.3180553359,74684.12032622166,376.48908118843997,4308.686810302674,0.0,504.2305060381755,7550.626709898225,18550.270600008447,15473.79981098018,1882.2635836983702,10005.83021263475,7469.181800684617,10778.409814223749,1384.3962226168892,1200.0,1200.0,1200.0,
2025-08-12,53009.726520761644,82.49600066427688,-2373.1351749033674,2586.128814917264,53305.21616143982,84703.21552997128,76191.47949381285,63.22790040685891,8574.963936565287,0.0,627.3309096058015,5592.587482918283,18017.27287745176,14551.593606951395,1384.3962226168892,10017.766927999643,6959.681580206791,10789.377831612388,1431.5044712663741,1200.0,1200.0,1200.0,
2025-08-13,48436.48653591708,0.0,-741.139574783422,1956.0364765496456,49651.383437683304,77734.06354595884,74541.56021309996,0.0,3192.5033328588743,0.0,443.9785000250513,5297.79017535817,18102.774186068447,14536.0050983016,1431.5044712663741,9959.423047591901,8318.095049278685,10778.15327899684,1572.884462837311,1200.0,1200.0,1200.0,
2025-08-14,49469.99869188685,1206.611961463163,-839.2245428578584,1645.4263868504095,51482.812497342566,77878.20536092899,76764.3956759035,1578.8617721988285,2692.6714572243054,0.0,382.3682476012997,7557.464163772369,19724.78888065546,16061.780104256357,1572.884462837311,9949.014084129441,7981.020367547319,10766.119137535605,1478.772117364607,1200.0,1200.0,1200.0,
2025-08-15,31011.98337941379,0.0,-1120.1492163424703,58.04337953016108,29949.87754260148,50559.74662194848,47580.33159639905,0.0,2979.415025549431,0.0,26.53722977717689,27128.395093918385,13185.933285232739,9867.186436308226,1478.772117364607,5020.094720757338,3305.2238318684485,10793.539585442504,2382.571589287156,1200.0,1200.0,1200.0,
2025-08-16,30808.86935127661,48.597196843167815,-1002.1382035739273,151.64906066149996,30006.97740520735,48382.8182232944,46196.56489939617,40.6399036989194,2226.8932275971465,0.0,57.78788965211618,27256.117088329032,11815.512818036179,9746.557483983584,2382.571589287156,3161.9282819007203,1842.120063788409,10800.0,2187.024809982403,1200.0,1200.0,1200.0,
2025-08-17,48295.00678240632,174.78038505444925,-956.4073306682393,3228.6214631472762,50742.00129993981,77026.63850439846,73068.73050275916,128.0188803330335,4085.9268819723357,0.0,672.082672897826,7781.438198846225,17889.121179128415,15095.139818984313,2187.024809982403,10022.55710839352,9118.671385031019,10714.415805225564,1514.8562945487447,1200.0,1200.0,1200.0,
2025-08-18,49387.8605223052,0.0,-1119.2644110644374,2719.771261144995,50988.36737238576,77767.14657137473,73908.3366407766,0.0,3858.8099305981436,0.0,622.5316268957997,6389.1229288500745,19114.04694592019,15366.41722376454,1514.8562945487447,9950.155146018657,8186.951418453468,10800.0,1643.701630582985,1200.0,1200.0,1200.0,
2025-08-19,48652.60005097915,0.0,-746.941189900891,2071.0673898908567,49976.72625096911,76671.92113713776,73603.99378654617,0.0,3067.927350591588,0.0,485.92886695897255,6404.989180526183,17711.743628162905,14344.470205183938,1643.701630582985,10040.313322716303,6631.283109715983,10800.0,1645.9706679474505,1200.0,1200.0,1200.0,
2025-08-20,52595.141981504894,89.79817639030479,-1558.8302420790376,3625.037038067184,54751.14695388335,84148.9885980071,78040.21461488982,71.88649931309988,6180.660482430383,0.0,777.0687689512442,4436.396127806253,20172.316467016233,16442.120277648086,1645.9706679474505,9960.372828408104,4558.335603174203,10753.844224413415,1532.0329575419682,1200.0,1200.0,1200.0,
2025-08-21,50248.84067289549,4.8363709551707625,-1586.3695880161522,1328.0235248423019,49995.33098067681,79830.9697996694,73659.18680948962,3.7847720430181653,6175.567762222787,0.0,327.23938775945487,4575.346153906399,18024.40327762827,14457.74171761892,1532.0329575419682,10033.994907407407,7182.641522026431,10800.0,1689.8384433863869,1200.0,1200.0,1200.0,
2025-08-22,29861.532217779877,0.0,-196.20224336523268,160.9654413019268,29826.29541571657,48072.89584470399,47664.94302293417,0.0,407.9528217698184,0.0,75.2659757220141,23577.512447690442,12729.953355085081,9797.826204119337,1689.8384433863869,3453.4340442451453,2607.214590738994,10800.0,2260.322902830366,1200.0,1200.0,1200.0,
2025-08-23,28055.538335980695,165.44896405028925,0.0,0.4969639142761772,28221.48426394526,45995.161235560285,46131.657939603916,136.49670404363002,0.0,0.0,0.2327154831543794,21149.85062478085,12037.483832246093,9585.449951939878,2260.322902830366,4544.505479158211,3841.020561499844,10800.0,2443.55840525199,1200.0,1200.0,1200.0,
2025-08-24,47809.88172166153,672.9092496388588,-161.76870582641052,1504.105307379094,49825.12757285307,73348.15003375924,73620.70089087551,859.0028551736732,586.4519980574198,0.0,389.9426776652971,7172.971155351174,19092.538873352813,15988.455943496525,2443.55840525199,9245.01747608583,4672.4215728908885,10800.0,1861.8923429400502,1200.0,1200.0,1200.0,
2025-08-25,61479.77681316735,0.0,-4852.31619213361,770.0426442175205,57397.50326525126,96117.4579140229,80052.1284502963,0.0,16065.329463726619,0.0,261.7564780904848,6002.140899324166,19422.214421649314,15883.557409253377,1861.8923429400502,9974.812499999975,4434.346864760073,10800.0,1693.488201031794,1200.0,1200.0,1200.0,
2025-08-26,49032.24917411906,1045.7137700983562,-531.9374684309912,707.8508780619348,50253.87635384836,75876.42061347081,75401.25451267861,1468.0022670268227,1943.1683678190216,0.0,195.2228135905869,6370.583042725579,19134.316154389537,15437.240254179249,1693.488201031794,10005.436355359725,8163.002927807367,10800.0,1761.8835686721059,1200.0,1200.0,1200.0,
2025-08-27,49197.20561840455,3085.797306728478,-341.2725399521013,1420.533142141941,53362.263527322866,77135.04526812548,78803.76616516331,3226.3497161714463,1557.6288191336375,0.0,318.11393662934955,7676.236158902328,18927.785124104113,15396.290047880455,1761.8835686721059,9961.384515380321,9217.865494530057,10800.0,1689.9012382764186,1200.0,1200.0,1200.0,
2025-08-28,47434.37509488397,3391.9268709578078,-225.98137053347813,5435.197522926895,56035.518118235195,75864.87456391679,78006.77973955257,3142.037264024892,1000.1320883891121,0.0,1209.9738890301624,4740.941897414466,19556.918846577566,15848.902098742632,1689.9012382764186,9983.559271414191,7606.72269589347,10742.047343831091,1681.2369793710836,1200.0,1200.0,1200.0,
2025-08-29,32387.015259194384,0.0,-884.831536632113,0.0,31502.183722562273,52557.75637349427,50135.03096794491,0.0,2422.7254055493586,0.0,0.0,24241.42931546508,13971.22119576052,10632.839893280689,1681.2369793710836,6027.42087462523,3539.0256338844897,10800.0,2441.0695074659025,1200.0,1200.0,1200.0,
2025-08-30,30379.515778294986,0.0,-746.7259085678381,68.58165477720846,29701.371524504357,48456.38623965217,46478.496856337006,0.0,1977.889383315169,0.0,32.31262969770444,25820.259618673736,11758.43425096381,9580.604216936174,2441.0695074659025,4305.669985825613,5382.95724215872,10800.0,2378.5445367375855,1200.0,1200.0,1200.0,
2025-08-31,48110.470429445755,2404.247089215889,-742.3349243311037,2563.0020605001328,52335.384654830676,74408.09542705369,75475.77916675809,3369.0169341441215,2301.333194439703,0.0,626.8104551919441,6677.06660113553,18898.680151979177,16119.780214497994,2378.5445367375855,9511.946100535462,7065.071439367221,10800.0,1476.4897685210751,1200.0,1200.0,1200.0,
2025-09-01,54221.88193141028,0.0,-3144.828902406839,0.0,51077.053029003444,86169.15926655161,74901.84024664771,0.0,11267.319019903884,0.0,0.0,16452.68151778079,17742.603755141186,12867.57955960759,1476.4897685210751,10019.87037037037,5260.688421856152,10800.0,3147.5225263619377,1200.0,1200.0,1200.0,
2025-09-02,44421.2809938124,850.217682382479,-496.7238526729593,894.6002166880921,45669.37504021001,70576.64888554314,69515.18668115966,1118.0834688712393,2179.5456732547204,0.0,208.38860341726308,12967.053626861984,17642.707432179675,14943.941624464736,3147.5225263619377,9981.467465904554,8106.682451000182,10800.0,2421.5796325850483,1200.0,1200.0,1200.0,
2025-09-03,46702.03454398493,1.3874205251340752e-11,-1570.4333584141896,65.86121545869183,45197.46240102945,74401.36504649252,68431.67876122548,1.1823431123048067e-11,5969.686285267026,0.0,22.136610599734173,9791.362287664844,16650.279326241034,13535.543492080651,2421.5796325850483,9973.114351851851,6431.05293162889,10800.0,2367.3382572234777,1200.0,1200.0,1200.0,
2025-09-04,45598.258101566345,0.0,-1565.702473716356,262.2653608356495,44294.82098868564,71550.09995107749,66344.47422768988,0.0,5205.625723387602,0.0,65.8106615339837,9401.794269988148,18047.310694677435,14964.385625441724,2367.3382572234777,9978.721606704075,6905.641824743657,10800.0,1982.8227430534778,1200.0,1200.0,1200.0,
2025-09-05,26796.179232975323,0.0,-638.7310923023786,0.0,26157.448140672943,43820.215100611545,42403.33379782956,0.0,1416.881302781987,0.0,0.0,31961.31804317703,12733.911138119594,9116.157050133736,1982.8227430534778,4390.120671582159,2693.990633535502,10800.0,3314.279378323625,1200.0,1200.0,1200.0,
2025-09-06,25919.003059233346,0.0,-233.24460382610758,0.0,25685.75845540724,42193.28879754837,41679.81875019756,0.0,513.4700473508092,0.0,0.0,31408.92410089081,11517.784125028587,8967.973175721843,3314.279378323625,4293.504097024101,2604.121696643579,10800.0,3715.8704511584147,1200.0,1200.0,1200.0,
2025-09-07,40590.52663567397,2928.2896652632935,-461.6727581916303,1844.62347584998,44901.76701859561,63563.523417012795,65361.24505836167,3896.923910116152,2099.20226876727,0.0,400.65664635148164,9024.025313816557,16513.233712445635,14736.3409382157,3715.8704511584147,9975.607407387446,8982.864510451953,10800.0,2204.0686387864885,1200.0,1200.0,1200.0,
2025-09-08,40613.908357017295,372.1284574574724,-1035.7921148630676,7000.873986932732,46951.11868654443,66652.8909837972,62808.46410057967,344.815889549549,4189.242772767091,0.0,1913.3994135584062,2556.259854706298,18530.915196106638,15760.88107000819,2204.0686387864885,9863.032787139127,6856.030467780483,10782.745849967074,1369.8022374955847,1200.0,1200.0,1200.0,
2025-09-09,37311.626289147105,360.8497749553634,-208.3925772873712,7076.756241600117,44540.839728415216,60086.37216833736,59563.55183511205,407.8870800507359,930.7074132760446,0.0,1628.6579382141128,4382.917417401883,19502.209513239588,15795.751423981981,1369.8022374955847,9247.545816591517,7540.483866014851,10792.26312053312,1370.9558838756777,1200.0,1200.0,1200.0,
2025-09-10,44452.99054012457,1215.9921721321425,-1511.9572413837427,5186.009990035815,49343.03546090879,72922.41954234784,67817.25773724155,1119.9280812964134,6225.0898864026985,0.0,958.1174332949522,3731.1231144769135,20432.177376566866,16703.92397050727,1370.9558838756777,9760.213285125006,4167.695631793663,10395.915429111974,1200.0,1200.0,1200.0,1200.0,
2025-09-11,44965.71762314136,0.0,-2688.807950437761,3898.476638495621,46175.386311199225,72401.51699598787,63132.36332329723,0.0,9269.153672690645,0.0,869.0937018121817,6543.744137625992,19925.34511406896,15963.71800991888,1200.0,9880.45418198325,3423.7384597530577,10661.196449771973,1395.3461471966432,1200.0,1200.0,1200.0,
2025-09-12,23866.228000075687,0.0,-16.58811143317479,0.0,23849.639888642512,40573.39659271245,40537.33205936168,0.0,36.06453335076421,0.0,0.0,25031.26892667865,14150.459157435827,10196.052224752792,1395.3461471966432,5484.663548063272,3099.345251766976,10800.0,2801.8124724968984,1200.0,1200.0,1200.0,
2025-09-13,21623.087212209015,20.274235647650155,-29.583790547764707,0.0,21613.7776573089,36924.31696990748,36888.09000605951,16.35402676633229,52.58099061430619,0.0,0.0,26625.288871157376,12454.357319980089,10198.657668411292,2801.8124724968984,4994.519444610237,4546.807718926051,10800.0,2678.8922066886544,1200.0,1200.0,1200.0,
2025-09-14,44626.12242796039,0.0,-2312.7767839388216,5258.179162314632,47571.5248063362,71465.95584020413,64485.22263900883,0.0,6980.733201195288,0.0,1359.1649105987208,3544.6453827787964,17985.372384512135,15784.954967683374,2678.8922066886544,9934.578033739563,7460.763470134679,10795.96636816254,1326.8884997680548,1200.0,1200.0,1200.0,
2025-09-15,39536.071563976926,504.0516502596031,-174.15293612359812,3693.027799759061,43558.99807787199,62748.87531015457,62985.40351817482,733.0682072354398,496.5399992152028,0.0,817.3680722170373,4755.4713411503135,20806.03237636092,16825.762760452722,1326.8884997680548,9891.647685185186,7715.725952609823,10796.45691009727,1357.0256824343094,1200.0,1200.0,1200.0,
2025-09-16,47837.25138716539,0.0,-2822.708709686214,2609.2003790061135,47623.743056485284,77300.6015335315,67854.446254398,0.0,9446.155279133505,0.0,597.730702313455,5162.655735517979,19458.205424243068,15660.454186382916,1357.0256824343094,9875.22866436505,6790.7231555063945,10772.312918980619,1468.9059127165,1200.0,1200.0,1200.0,
2025-09-17,46517.92345742985,1.2663202894971342,-1905.2313590717665,1182.9438322023548,45796.90225084994,73791.59279010071,67992.6949308337,1.223675208481552,5800.12153447549,0.0,291.6536863527041,4339.766516120126,20241.827227413134,16257.363526346851,1468.9059127165,9887.660981679684,5375.90939239002,10800.0,1622.8131658918185,1200.0,1200.0,1200.0,
2025-09-18,41428.183401447284,5285.074647742387,-507.8950224303999,1320.8424305460694,47526.20545730534,65725.6913006291,69603.63096637615,5782.360690879517,1904.421025132483,0.0,275.6481998695284,7687.2476291687,18093.523060360847,14857.542639950536,1622.8131658918185,9911.150462962964,9346.296195720493,10800.0,1398.6032091604368,1200.0,1200.0,1200.0,
2025-09-19,25518.73274468763,0.0,-239.01695380669233,0.0,25279.71579088094,42583.77440991042,42039.91338395494,0.0,543.861025955468,0.0,0.0,21711.66490750551,14307.517607105687,10080.62144732292,1398.6032091604368,5433.690293354653,6242.17726049894,10800.0,3074.6785585300913,1200.0,1200.0,1200.0,
2025-09-20,22844.26671605137,0.0,-226.43422153083208,76.1790688383272,22694.011563358865,38423.857693756174,37925.71193799177,0.0,498.14575576440313,0.0,23.23094226478713,20348.569096083156,12834.891889699076,10879.951838859006,3074.6785585300913,5455.351256170459,6913.419468197128,10800.0,2537.2458827492546,1200.0,1200.0,1200.0,
2025-09-21,41847.24884702531,27.24089658171639,-576.4872991136242,4562.076871856236,45860.079316349635,67689.82862928286,65235.37627597192,32.251223842236755,2486.7035771531664,0.0,1009.8208027311441,5838.314094791219,17489.035763436033,15369.640262857522,2537.2458827492546,9909.466443778063,8438.614237175436,10602.984338481523,1200.0,1200.0,1200.0,1200.0,
2025-09-22,50264.40233512333,0.0,-3313.062584951689,1036.399674407371,47987.73942457901,79839.31825897822,68910.28796141307,0.0,10929.030297565165,0.0,273.8998545151626,4349.80235137772,20228.701202084674,16008.335620867512,1200.0,9941.164323324832,5088.741030620833,10800.0,1618.7915031345296,1200.0,1200.0,1200.0,
2025-09-23,48245.76486340525,0.0,-1645.3822710203235,841.3886894973905,47441.77128188232,76971.78410952515,71190.4098641091,0.0,5781.374245416043,0.0,196.2124659246436,5531.347931341442,19931.143617828006,16192.484802469042,1618.7915031345296,9911.417098403626,7477.610964537549,10800.0,1565.170978658583,1200.0,1200.0,1200.0,
2025-09-24,41697.16161798552,2458.1695112215934,-178.58607156149387,1702.7655610336071,45679.510618679225,66037.39295407891,68230.63612191213,2955.735681522937,762.4925136897168,0.0,472.62541561693365,3893.364731795049,19454.504728351843,15707.833022617835,1565.170978658583,9943.120720934374,7628.89306677936,10721.906369990002,1621.0774312665412,1200.0,1200.0,1200.0,
2025-09-25,46347.02079987954,499.81091747934227,-1167.4331700222572,2397.7349341201416,48077.13348145677,74644.68593842922,70080.84001895395,472.9645790892764,5036.810498564533,0.0,564.67306246801,6618.265416904795,18881.007050931992,15189.208286414814,1621.0774312665412,9886.886139344702,8496.953373976343,10785.497884055125,1737.085681088865,1200.0,1200.0,1200.0,
2025-09-26,28216.909933525603,0.0,-953.6215483426988,0.0,27263.288385182903,48725.96510589073,45847.82576038927,0.0,2878.139345501457,0.0,0.0,24473.587196387358,14265.041712370396,10585.046648368481,1737.085681088865,9839.1065,7893.928604722893,10800.0,2814.4602795905803,1200.0,1200.0,1200.0,
2025-09-27,22690.898907533523,484.53078551946044,-0.8919379531782575,86.29347153674577,23260.83122663655,38612.452200133965,39020.519316378704,409.51589063469885,1.4487743899589987,0.0,31.756766850127974,19007.169060316228,13401.588907450801,11157.784134538193,2814.4602795905803,5884.286343836303,8316.512907413593,10800.0,2478.352369031638,1200.0,1200.0,1200.0,
2025-09-28,42793.62509151727,2187.905835469778,-421.3020521411449,5113.791616847513,49674.020491693416,68597.05243664405,69241.45528630188,2320.168522231898,1675.7656725740658,0.0,1244.4491479734083,4496.803136453326,18370.337469797923,15868.865338642627,2478.352369031638,9868.812096159056,8140.215283587789,10794.310635802469,1379.583493357964,1200.0,1200.0,1200.0,
2025-09-29,49438.466408943845,264.3241937838186,-2217.92205451035,2612.8211792320353,50097.689727449346,79032.76630611064,70883.13599601584,244.1681158226582,8393.798425917463,0.0,566.7383066383007,4526.869464222103,20869.149312823865,16706.036074391828,1379.583493357964,9897.261894531095,3593.5966946347007,10785.27045857662,1599.5555700196398,1200.0,1200.0,1200.0,
2025-09-30,48546.699665772,416.62498317886116,-717.3372987133976,1951.1321703787144,50197.11952061618,76764.53720727995,74601.61333874366,341.364262912363,2504.288131448652,0.0,453.4943399786668,5625.80610155794,21107.526524570392,17100.39971407267,1599.5555700196398,9917.605492948976,5553.555616739729,10800.0,1595.885315385584,1200.0,1200.0,1200.0,
2025-10-01,45165.565725607,50.75192359388268,-1966.4251738990308,107.20273118712686,43357.09520648898,73492.2891110192,65689.18222278387,39.81449594006597,7842.921384175386,0.0,47.49860316937804,11555.719904976428,19650.858621591935,15131.419233948443,1595.885315385584,9885.319811523208,7762.930321050465,10790.858636158613,2468.9700370978344,1200.0,1200.0,1200.0,
2025-10-02,49240.876104059585,0.0,-4690.748519297014,451.5546915659071,45001.68227632848,78636.77197481331,63314.0022895539,0.0,15322.769685259405,0.0,149.54386602312093,8341.575354276216,18571.54778404106,15180.360099406924,2468.9700370978344,9856.111657865773,5115.847387440148,10800.0,2316.2962656159866,1200.0,1200.0,1200.0,
2025-10-03,21391.476159187325,244.78747671294255,0.0,0.0,21636.263635900268,37449.22887986299,37640.730761494095,191.50188163110056,0.0,0.0,0.0,26088.189010470254,13702.712400344379,9967.324349320534,2316.2962656159866,5503.492967798438,2799.9771358024404,10800.0,3573.9325933475543,1200.0,1200.0,1200.0,
2025-10-04,24452.854199153124,0.0,-248.85784271304408,7.029260433998613,24211.025616874078,42942.95375910014,41992.410365634525,0.0,950.5433934656156,0.0,3.198753326051701,26408.24648131163,12951.263044428644,10459.88284011303,3573.9325933475543,9747.840055555554,8139.184523674622,10800.0,3607.9772887632976,1200.0,1200.0,1200.0,
2025-10-05,45183.83771198351,313.5877997915495,-2996.0698199564986,706.2507626839486,43207.606454502515,72442.09276682365,62318.295332818634,268.0206331348071,10391.818067139833,0.0,300.3108098743412,5780.8483561067405,17675.991762661644,15574.195042742076,3607.9772887632976,9921.63196373398,4934.404433228068,10800.0,2211.7087165564753,1200.0,1200.0,1200.0,
2025-10-06,41129.646602051755,1684.0299441008874,-540.7614115533098,851.6320420746442,43124.54717667398,66169.45433104772,65926.81806944154,2051.160411519507,2293.7966731256874,0.0,206.47399247918304,4850.771400532247,19646.677826371786,16097.266414983309,2211.7087165564753,9957.555418115708,7751.152190870058,10755.687428823368,2007.8671880873997,1200.0,1200.0,1200.0,
2025-10-07,43822.78183414268,962.8159473647277,-1103.6978120486149,466.61076915068503,44148.51073860948,71704.7211122507,67976.36414284422,808.004618270432,4536.361587676913,0.0,132.75399980600213,6490.147494834793,19740.235471309497,15892.827823494054,2007.8671880873997,9903.483740719777,6584.347295484658,10704.205282017678,2115.381530605882,1200.0,1200.0,1200.0,
2025-10-08,40219.15893891759,0.0,-1267.982909566938,3988.2231249215583,42939.399154272214,67530.9910765982,62390.5394307999,0.0,5140.451645798312,0.0,739.2526039605789,3639.7927627362224,19708.711446854148,16697.20784149655,2115.381530605882,9891.374388294213,6327.646809698762,10793.98188888889,1300.7686755562177,1200.0,1200.0,1200.0,
2025-10-09,46579.46523228684,0.0,-3555.6066763483914,2056.8564515206526,45080.715007459105,76424.67810021061,64148.86568797719,0.0,12275.812412233434,0.0,430.1833919213172,4886.737915489359,20626.484679122623,16694.155198046796,1300.7686755562177,9971.582979636958,2956.145986985243,10789.610528963178,1315.5435556034654,1200.0,1200.0,1200.0,
2025-10-10,21261.97321392431,0.0,-294.2282465822676,13.763385250013291,20981.508352592056,38444.79888010978,37735.138925660496,0.0,709.6599544492885,0.0,6.437504794206404,24155.660603976816,15502.722139864458,11260.417230053237,1315.5435556034654,6521.598418494591,5272.435626606951,10692.020466607513,2756.4187814223287,1200.0,1200.0,1200.0,
2025-10-11,20794.298350437482,0.0,-14.33385173801749,15.102707473269446,20795.067206172735,37824.23892178772,37792.58072787641,0.0,31.658193911310576,0.0,7.072211413378341,21379.38528466966,14098.441703769426,11784.487632482627,2756.4187814223287,7389.881989693991,5185.0113374148505,10614.396593537822,2351.141167611896,1200.0,1200.0,1200.0,
2025-10-12,40184.742287379246,47.933393834110994,-954.5552048831624,6431.392131736628,45709.51260806682,66678.5031702764,63403.21420822049,41.17675416567755,3316.4657162215954,0.0,1360.4485045848096,3468.2452217746195,19611.088390024106,16830.626882326767,2351.141167611896,9911.979917735931,7666.616405081443,10717.443595235534,1300.424182714963,1200.0,1200.0,1200.0,
2025-10-13,43721.589320913685,59.43017178983695,-2245.568783753317,3868.90510006664,45404.355809016844,72107.22924298962,63785.96606144714,55.31500083693385,8376.578182379428,0.0,732.6720164010936,3753.3534309058186,20148.7953230836,16410.90597614118,1300.424182714963,9899.108518487927,4738.499900375702,10371.155104990596,1200.0,1200.0,1200.0,1200.0,
2025-10-14,45527.49058398847,814.1977453806544,-1629.4089705342608,1266.5336191280574,45978.812977962916,74468.78838004751,68658.47898558056,752.1109836780329,6562.420378144987,0.0,394.3406130240534,4179.829596413794,20743.630605876195,16644.469887018706,1200.0,9936.353955727263,3363.6294130975225,10792.687686732907,1375.4121152677913,1200.0,1200.0,1200.0,
2025-10-15,47267.13010811237,0.0,-2167.667816568559,862.8440255501605,45962.30631709397,76779.14256725652,69475.79642910481,0.0,7303.346138151725,0.0,239.5157822606669,3725.3479876873303,20677.25378419809,16607.31321051994,1375.4121152677913,9868.62855393464,5640.901591419485,10800.0,1532.3702871350283,1200.0,1200.0,1200.0,
2025-10-16,44998.189383648976,223.2417805166756,-591.5102457458966,1644.0671041682463,46273.988022588004,72909.20123240199,70995.43456995979,176.29454356524963,2090.0612060074463,0.0,461.9845195617129,4552.374382455358,21000.10007921578,17061.528322149636,1532.3702871350283,9907.074647666614,7377.809614772842,10789.777156959,1475.2066671518578,1200.0,1200.0,1200.0,
2025-10-17,20187.703752278674,1418.2089281866442,0.0,0.0,21605.912680465317,36860.53318192583,37978.97252534255,1118.4393434167182,0.0,0.0,0.0,17918.92798430401,15468.976007691352,11413.130783319477,1475.2066671518578,6155.23421350824,5629.225017333205,10768.10083334873,2716.0286481635458,1200.0,1200.0,1200.0,
2025-10-18,22403.358265581257,66.439390347776,-594.9799504332143,4.094271996531092,21878.91197749235,38725.33774188314,37279.6339781463,64.20195230978015,1509.905716046619,0.0,1.8631499415386088,18228.45498446026,13988.845346925546,11012.396469964631,2716.0286481635458,5824.479802253633,7736.5057165764865,10800.0,3069.993382658062,1200.0,1200.0,1200.0,
2025-10-19,44995.79666303961,0.0,-1140.0636714876232,3102.5184443084463,46958.25143586043,72205.50474041564,68266.61828630668,0.0,3938.8864541089706,0.0,704.97543286336,2818.2194207397033,19617.486862878963,17349.835097781965,3069.993382658062,9877.967507651583,7262.776858485265,10736.509889723413,1448.1370061580637,1200.0,1200.0,1200.0,
2025-10-20,50727.59652155622,0.0,-2447.4848702726076,528.4441452296068,48808.55579651322,80611.2661466845,73720.88329228538,0.0,6890.38285439912,0.0,194.53028886546485,5451.820439658173,20976.159283664114,16953.348508838106,1448.1370061580637,9924.192271871136,7521.306146509322,10800.0,1489.6264627467617,1200.0,1200.0,1200.0,
2025-10-21,47737.22132957722,524.8438487198189,-720.4999265310978,954.9969750935643,48496.56222685951,76926.46734558576,75674.23116905261,717.5817609640834,1969.8179374972246,0.0,269.59478213265254,5222.978864281846,21632.356911835355,17374.091174931935,1489.6264627467617,9891.433133953375,7285.82034070814,10790.98728092407,1654.2019334742104,1200.0,1200.0,1200.0,
2025-10-22,45816.158229334644,395.2348063035412,-67.12187768660164,814.9214751995448,46959.19263315113,73617.59583647229,73843.62559040164,457.2341936452016,231.20443971586678,0.0,186.55353927739026,4616.886512701438,20682.04414033556,16823.648223357977,1654.2019334742104,9846.345965570054,7156.28454754597,10798.105136534406,1575.099189378464,1200.0,1200.0,1200.0,
2025-10-23,52212.634282024104,714.956125421728,-4074.4702519314897,1586.2218294514169,50439.34198496576,83826.96212610346,71420.96725952785,566.4144585319591,12972.409325107561,0.0,407.7670303494167,4544.029901260654,20792.482311460983,16887.274956177684,1575.099189378464,10645.049069618235,6389.088351164595,10757.62298755279,1524.6944294959217,1200.0,1200.0,1200.0,
2025-10-24,21770.808303308993,291.6090166690155,0.0,22.619865499223046,22085.03718547723,39404.020155985694,39649.7147074204,245.6945514347081,0.0,0.0,6.557433106022046,17287.980271014123,16322.047856396272,12373.806703550646,1524.6944294959217,7278.997322275858,7410.473044085938,10645.421088899999,2465.863385196294,1200.0,1200.0,1200.0,
2025-10-25,22840.65463345193,0.0,-153.2769458612977,0.0,22687.377687590633,41357.33620709977,40697.13792578733,0.0,660.1982813124368,0.0,0.0,18415.170389307368,14761.772988813118,11878.238185666487,2465.863385196294,8800.948295924487,7015.35973624414,10665.368868832002,2553.4166466097813,1200.0,1200.0,1200.0,
2025-10-26,48239.894535386025,1073.4362474719865,-2469.7408014793346,1406.4092828646008,48249.99926424328,77485.85020433915,69945.11605582436,984.881695440522,8525.615843955322,0.0,294.03052760146124,2696.072721231403,19704.400677257552,16705.638831729808,2553.4166466097813,9885.800830298598,5042.730835635713,10800.0,1725.5563319973508,1200.0,1200.0,1200.0,
2025-10-27,45294.532701978256,2734.0100477999204,-511.2124814351703,898.5201651829094,48415.85043352591,72858.92478209092,73258.3256961809,2604.01508309399,2204.6141690040045,0.0,228.3517919152002,6406.730409461341,19842.24979707802,16314.884385109923,1725.5563319973508,9858.155289538616,8836.254050718691,10771.724158459652,1455.931832578768,1200.0,1200.0,1200.0,
2025-10-28,45603.71724428444,1593.954917693031,-314.4434031724214,724.3380548109116,47607.56681361596,73338.86335334633,73650.03909743056,1581.7097646624654,1270.5340205782368,0.0,171.00938596713334,4034.6267570294503,20159.733516776476,16345.733490408224,1455.931832578768,9866.888316441502,8728.625769256756,10753.468016635174,1437.7658972240197,1200.0,1200.0,1200.0,
2025-10-29,50995.5757476381,0.0,-1377.5246978890914,658.3250817435433,50276.37613149255,81784.6780237133,77564.71042024545,0.0,4219.967603467855,0.0,188.1957819485889,4359.880648017459,21685.85197800788,17605.083223831294,1437.7658972240197,9941.725898583409,7308.74726410539,10794.837633387097,1393.829095396337,1200.0,1200.0,1200.0,
2025-10-30,45277.10237438462,776.8026344831774,-647.9967239758042,1362.6370273483185,46768.54531224031,73046.04614109978,71476.24595194534,655.2376556671938,2225.0378448216334,0.0,349.7239837897584,2842.6369643857915,21510.88195243838,17315.36663108907,1393.829095396337,9890.758584141093,7374.032773073747,10740.67048694657,1514.3265958252512,1200.0,1200.0,1200.0,
2025-10-31,25533.027347620133,0.0,-933.5688661450644,0.0,24599.458481475067,45523.096759180204,42783.041107429955,0.0,2740.0556517502437,0.0,0.0,14875.374751924111,16535.596909988402,12532.222621149227,1514.3265958252512,9437.952635974892,9125.38270551794,10577.388013537897,2471.6720135378973,1200.0,1200.0,1200.0,
2025-11-01,22335.423325724358,0.0,-78.59625288947602,97.49579165478612,22354.322864489666,39564.10086519674,39356.29001997797,0.0,207.8108452187646,0.0,44.675292446954074,13641.007615912255,15360.196589896164,12144.277326716823,2471.6720135378973,7268.226423441382,7083.92203191785,10611.691803647975,2802.207470314644,1200.0,1200.0,1200.0,
2025-11-02,46926.07189736898,3697.0624419976666,-911.0006825389564,2813.4629991736856,52525.59665600138,74559.8371824675,75243.39832026666,3393.2842814606183,2709.723143661457,0.0,649.4567789497655,5001.097356231329,18316.13735328944,16220.763543637677,2802.207470314644,9916.677777777775,8481.332670585434,10800.0,1263.6604842332772,1200.0,1200.0,1200.0,
2025-11-03,52235.09291913291,0.0,-2132.08014067776,1079.6274655932145,51182.640244048365,83857.74585024576,77317.54691091666,0.0,6540.198939329101,0.0,313.1598621492673,3718.255802809385,21511.69837455961,17104.17768763642,1263.6604842332772,9910.176898569576,7664.72749718159,10800.0,1619.5471461853508,1200.0,1200.0,1200.0,
2025-11-04,48448.28550786445,254.7457778159577,-974.5492166689288,1599.3973725356013,49327.87944154708,77826.57905996568,74650.413494616,207.81288358170957,3383.978448931374,0.0,320.01063888105034,3800.4157672038173,20524.43046470257,16934.49413174267,1619.5471461853508,9845.154973572224,8082.955998366832,10800.0,1275.4299735924828,1200.0,1200.0,1200.0,
2025-11-05,53973.89895332522,0.0,-2536.4536849691585,1931.0944750707613,53368.53974342682,85918.85698355825,77159.47591943076,0.0,8759.381064127481,0.0,539.4760326436428,3551.3043593711427,21826.84711633348,17357.21959029689,1275.4299735924828,9918.395910693145,4212.8132670612395,10798.92614278168,1633.792833518292,1200.0,1200.0,1200.0,
2025-11-06,49690.551198863905,952.4028585114968,-576.8416733731614,2298.6477110404585,52364.7600950427,79778.19815242963,78772.44012994076,782.4373492859268,1788.1953717747886,0.0,497.31975065472216,3972.173456404419,21428.702727215856,17500.70085302479,1633.792833518292,9847.620919207771,7154.674816380393,10799.46348765432,1474.4021179850142,1200.0,1200.0,1200.0,
2025-11-07,23127.211278198018,789.9920351569165,-149.27893339844985,2.8998620499410404,23770.824242006427,42236.12216165919,42847.231061876155,1153.2303823329548,542.1214821159872,0.0,1.356343334864846,15387.435443230504,17636.22836684793,13493.538188200746,1474.4021179850142,9049.185591694577,7230.822327615405,10470.60540199917,2354.1874390362086,1200.0,1200.0,1200.0,
2025-11-08,23315.25888663039,167.5519780718528,-199.40245832164942,45.96869199411638,23329.37709837471,42594.27285328584,41819.90072832056,148.1592098479949,922.5313348132768,0.0,21.642510355045374,14824.484932857027,15890.078668560596,12664.22746274202,2354.1874390362086,9778.111037037037,8373.271133939374,10532.809485842201,2583.8943932496095,1200.0,1200.0,1200.0,
2025-11-09,49628.1549264349,248.28722592111131,-462.5126422133842,1168.6056785227365,50582.535188665366,79134.87267617747,77698.63322266802,206.4395664971521,1642.6790200065948,0.0,313.99878443361933,3617.004823217826,20854.57637603384,17805.766375483363,2583.8943932496095,9908.867837728352,7601.5784332242065,10775.770955952521,1568.8282700318903,1200.0,1200.0,1200.0,
2025-11-10,52805.2083238998,943.8887168568008,-1174.077212325913,1243.9969396673,53819.01676809799,83943.99734670846,81717.94151040043,960.1688074794984,3186.2246437875283,0.0,235.48821588527116,4104.718973802113,22071.9114077272,18081.643755243607,1568.8282700318903,9899.704756254347,6831.789281859514,10800.0,1342.8332533823618,1200.0,1200.0,1200.0,
2025-11-11,54885.19145444639,0.0,-2561.392656642788,890.992838831203,53214.7916366348,86619.73128155689,79251.14056258564,0.0,7368.590718971263,0.0,249.6195260419986,3625.4222469682704,21735.87131825541,17419.553143262718,1342.8332533823618,10671.165454666509,7582.218439073648,10800.0,1550.0583917425427,1200.0,1200.0,1200.0,
2025-11-12,50973.71177051333,691.5667424987251,-763.3185466363976,1127.0625234768083,52029.02248985246,81437.20131589577,79327.99093304898,660.5386693092819,2769.749052156082,0.0,247.42770382917405,4781.548856843869,21266.57153679491,17428.689506760627,1550.0583917425427,9944.507407407407,8105.522730357199,10800.0,1324.7622117905892,1200.0,1200.0,1200.0,
2025-11-13,49825.21884222945,1382.1670351641224,-677.8173100577483,3867.597970301559,54397.166537637386,79519.71822712003,78271.71687497728,1308.0369416114288,2556.0382937541544,0.0,749.5791028086928,2860.313369780713,20407.354115527,16642.242824188397,1324.7622117905892,9904.435662590755,9101.585253382977,10534.515988234352,1200.0,1200.0,1200.0,1200.0,
2025-11-14,25010.155316755227,0.0,-348.354659459296,0.0,24661.80065729593,45536.117816501646,44018.76137634704,0.0,1517.35644015461,0.0,0.0,11964.80104954716,17512.431460905347,13056.92643410547,1200.0,9783.788851851794,7618.7146356256435,10560.318499142071,2453.492276919853,1200.0,1200.0,1200.0,
2025-11-15,26251.903934671565,0.0,-1153.1498877911863,10.237194353167544,25108.991241233547,47664.439717224566,42918.11352537011,0.0,4746.32619185445,0.0,4.652212839430831,11667.098934185497,15992.707614121977,12948.927726764603,2453.492276919853,10303.638888888887,8615.189329043984,10600.089266557849,2459.231655446737,1200.0,1200.0,1200.0,
2025-11-16,50207.25626754607,2496.7113995240015,-349.42427813267045,3157.52094657099,55512.064335508396,79812.58469502287,80453.80232016896,1987.139340608555,1345.9217154624607,0.0,729.120756923233,3663.7932577739575,20304.15229981671,17219.56686383181,2459.231655446737,9854.96831859195,8059.235209267661,10800.0,1600.1166543575487,1200.0,1200.0,1200.0,
2025-11-17,50198.98710625729,3732.0947932467543,-401.4123501889912,788.5143926678322,54318.18394198289,79642.20808962491,81729.35853453077,3631.2151217815544,1544.064676875703,0.0,190.79938390973217,5322.913652854677,20655.88211259027,16754.39218033778,1600.1166543575487,9893.954849509939,8430.351653956546,10800.0,1574.419244202365,1200.0,1200.0,1200.0,
2025-11-18,53181.98484634634,38.29814881482115,-691.7784121218629,1939.4484065980837,54467.952989637386,84418.82557496117,81927.3646030703,57.88279122620895,2549.343763117081,0.0,458.2363624050403,3289.7453313435763,22493.99184641983,18288.688045621402,1574.419244202365,9909.13695009211,5698.491335704945,10800.0,1498.247410845323,1200.0,1200.0,1200.0,
2025-11-19,52398.870131687945,3081.2760757999504,-742.7395021283952,1417.9374518928473,56155.344157252344,83383.11849775462,83389.91464412326,2635.1216610884203,2628.325514719784,0.0,359.7060831306861,4397.011275704071,21248.701033185294,17264.40318163543,1498.247410845323,9898.084847046777,8469.580302350689,10778.086043441706,1439.4081388949478,1200.0,1200.0,1200.0,
2025-11-20,52716.99020650505,183.9623536689855,-557.929455668468,1632.320738132013,53975.34384263758,83811.93337945639,82184.06992585241,156.7775806044109,1784.6410342084132,0.0,421.233802948616,3402.2234806884926,22669.66011138851,18259.655896609325,1439.4081388949478,9932.257371646285,7815.938657243139,10797.381948284843,1553.59568735647,1200.0,1200.0,1200.0,
2025-11-21,25384.22954897092,905.9487771926807,-400.56550691371893,46.508406837577596,25936.12122608746,46176.47543273568,45648.68215284923,1305.614473656653,1833.4077535431097,0.0,21.402924014971518,12447.597363078032,17732.938886476353,13374.835239356853,1553.59568735647,9760.482222222214,8849.721835767028,10478.91627108498,2652.312641455349,1200.0,1200.0,1200.0,
2025-11-22,26830.032058767632,0.0,-994.2532666498398,55.003718580744504,25890.782510698536,49107.79873442465,44868.823431053956,0.0,4238.975303370693,0.0,18.617954466408634,11680.067186265343,16232.012311963193,13244.467596041504,2652.312641455349,10265.45925925926,8589.783781588227,10587.63024513907,2545.0486155094404,1200.0,1200.0,1200.0,
2025-11-23,50672.70488122523,3248.2487450166254,-323.0922117729793,1590.5309011693882,55188.392315638266,80257.78361041665,81614.68800678964,2577.6761583807215,1220.771762007734,0.0,386.42032020681984,3811.660029055685,20233.801535566698,17276.449520959257,2545.0486155094404,9873.712701509012,8020.407417600882,10800.0,1559.4149742314103,1200.0,1200.0,1200.0,
2025-11-24,52181.71125358449,0.0,-619.924569711003,1944.9995187812196,53506.78620265471,82811.82698744578,80833.6532874264,0.0,1978.173700019389,0.0,454.62022358852727,3135.0998892029165,22048.124543154623,18056.894621342624,1559.4149742314103,9858.379378434114,7679.370118342846,10800.0,1339.5108171343295,1200.0,1200.0,1200.0,
2025-11-25,60645.66420045062,0.0,-3384.4074354554295,871.6943566564412,58132.95112165163,94749.77388324634,84531.83001425369,0.0,10217.94386899266,0.0,259.6664916598026,4265.663563306056,22188.66915719071,17831.496681249948,1339.5108171343295,10797.097061631122,5545.205976910853,10800.0,1496.5389683282524,1200.0,1200.0,1200.0,
2025-11-26,56800.62942713176,0.0,-1301.087905212688,1118.9837504611737,56618.52527238025,89785.61009810294,85971.99750869029,0.0,3813.6125894126553,0.0,281.4990570552859,5063.397060789139,23014.180452585275,18581.747830962177,1496.5389683282524,9975.309612027764,7103.805798886358,10800.0,1562.9148968081427,1200.0,1200.0,1200.0,
2025-11-27,54972.22909996362,87.41117382160155,-878.0625844531531,1268.8687884936069,55450.44647782567,86910.52302447731,84192.88226237093,128.90387856418545,2846.5446406705805,0.0,270.8861147693396,4575.745577766267,22128.7002980359,18021.57023199524,1562.9148968081427,9885.848907577287,8047.637831561931,10799.544197217743,1454.778240601298,1200.0,1200.0,1200.0,
2025-11-28,26626.128291929923,89.8473580533333,-493.2046442898635,3.7286610189677596,26226.49966671236,48900.92546027278,46921.916340104326,135.1494555555555,2114.1585757240164,0.0,1.1667802766979207,11984.861804556094,17828.33716064876,13811.354394823835,1454.778240601298,10253.394444444444,8681.013522806736,10331.653240931884,2154.332357603147,1200.0,1200.0,1200.0,
2025-11-29,31156.447528345638,0.0,-2149.8968863287873,145.23472332058304,29151.785365337433,56681.8002519624,48662.68737459655,0.0,8019.112877365848,0.0,67.45794894683189,10174.96625684639,17151.101289905968,13525.372323208974,2154.332357603147,10308.209259259134,8320.684717528735,10565.23023347151,2562.132048286324,1200.0,1200.0,1200.0,
2025-11-30,54511.1708475186,1173.2227360281786,-359.77514461952194,4386.050940137369,59710.66937906463,86129.33122855939,85701.40869960203,909.6323926115448,1337.5549215689084,0.0,1020.3461958863165,3475.4908558759807,21623.289706121926,18621.853783176237,2562.132048286324,10041.444682748664,7717.2755785292975,10795.99130593941,1332.144135822468,1200.0,1200.0,1200.0,
2025-12-01,59783.172691799344,0.0,-1976.488162762422,16653.861077085552,74460.54560612247,93149.83073035874,87766.00095583193,0.0,5383.8297745267955,0.0,4168.236545389138,980.6239907533067,23976.30408860425,19321.618311469814,1332.144135822468,10488.194350166272,6539.622052604876,10799.213114390104,1442.3530250442777,1200.0,1200.0,1200.0,
2025-12-02,62068.47162582225,2.2362511293754643,-1324.8951279665018,9219.9299827094,69965.74273169452,96990.16136597464,93067.09653608692,1.276071288410776,3924.3409011761237,0.0,2339.8531940661496,2189.4120522276307,24310.721339467105,19730.99361154168,1442.3530250442777,10731.171583475814,6834.693445787763,10799.816714506173,1398.6759955183666,1200.0,1200.0,1200.0,
2025-12-03,56609.28101316672,4317.649258427626,-47.5858722240539,5126.021627534581,66005.36602690487,88930.53035068503,92770.67395140404,3992.8435191576664,152.69991843865182,0.0,1287.521032784578,2328.5234924955257,23202.27439650002,18635.351471473594,1398.6759955183666,10730.496298043568,7935.939195298608,10783.736066358024,1574.7768729532768,1200.0,1200.0,1200.0,
2025-12-04,63683.80484556804,45.71369746144523,-1856.757674342661,6353.0213649597545,68225.78223364658,99074.47004528054,92228.8496680168,26.085593004904695,6871.705970268652,0.0,1434.7919083073534,2665.1106605103037,23466.78209216886,19239.459926355008,1574.7768729532768,10689.428848275595,3550.4192992070125,10774.431912318832,1317.7030599552422,1200.0,1200.0,1200.0,
2025-12-05,34158.903056949624,102.79181374918636,-1179.778666051504,40.09854370269717,33122.014748350004,61403.6854126197,56572.176037918165,85.37784180749372,4916.887216509032,0.0,19.103641592518898,10683.808537864568,17965.577180980883,13369.733722668108,1317.7030599552422,10214.814814814816,9454.381462123147,10748.226349503107,2631.4628309845884,1200.0,1200.0,1200.0,
2025-12-06,31213.0354343118,0.0,-1345.0510964650512,1291.0239476990253,31159.008285545777,56119.69300734589,51577.96111888401,0.0,4541.731888461876,0.0,488.5149697786713,5309.100063669712,18021.75846091701,14929.013252590703,2631.4628309845884,10160.767477000256,6357.666016255828,10453.325554042458,2263.2529429313463,1200.0,1200.0,1200.0,
2025-12-07,61316.90796715439,425.8077436940807,-2221.153250498041,13583.221872228045,73104.78433257848,95401.72762619192,88366.63865243163,304.8102085549644,7339.899182315243,0.0,3355.3320735715897,753.0883748529257,22490.15131467638,19173.950213526077,2263.2529429313463,10636.914458267303,4303.01890342088,10418.01729289931,1200.0,1200.0,1200.0,1200.0,
2025-12-08,69246.83229713344,35.33524367580882,-1867.7097295371825,600.9052808095258,68015.36309208159,107769.24624448498,101492.63263313912,28.514864112944565,6305.128475458807,0.0,103.339582092381,9226.941930378382,22405.03422691227,17883.215058725822,1200.0,10800.0,8851.086548627532,10799.999999999998,1494.2918500812407,1200.0,1200.0,1200.0,
2025-12-09,67869.61412339557,50.466643072458,-1875.540871871827,1360.9991782324819,67405.53907282869,105596.44926327554,99210.33223184294,41.12954275178163,6427.2465741843935,0.0,278.7098647932026,7742.940727693223,22912.741484425118,18555.09438214887,1494.2918500812407,10799.725215716726,8001.810966189286,10800.0,1498.9876503428804,1200.0,1200.0,1200.0,
2025-12-10,64825.53170925015,1093.4619386629615,-771.835334403145,895.3162606356631,66042.47457414563,101527.99763024217,99927.34842905158,834.3810001330297,2435.0302013236187,0.0,200.41399178875162,7241.416842190645,23332.46673624181,18833.7396242588,1498.9876503428804,10800.0,7756.009891457811,10800.0,1571.8303526729615,1200.0,1200.0,1200.0,
2025-12-11,67474.35743304275,0.0,-1981.368087675276,694.2065626966546,66187.19590806412,105131.39163552923,98536.25420172965,0.0,6595.137433799589,0.0,153.9519151618744,8385.707158626356,22388.897640606763,18045.653382341607,1571.8303526729615,10800.0,6867.381895744587,10800.0,1671.1122488394885,1200.0,1200.0,1200.0,
2025-12-12,37941.36857604694,582.9481062044179,-1275.3463758283922,0.0,37248.97030642296,67508.78312176741,62641.69118191261,537.5785263129901,5404.670466167785,0.0,0.0,14949.339325112394,16258.19042503036,12280.252051563464,1671.1122488394885,10205.366666666667,10800.0,10800.0,2658.7591296296305,1200.0,1200.0,1200.0,
2025-12-13,34435.18801949851,11.590632282338552,-800.335932130078,0.0,33646.442719650775,61060.3385215095,57686.68987865535,10.53792193357836,3384.1865647877153,0.0,0.0,10918.059791982974,15659.715895802088,12689.619192463042,2658.7591296296305,10131.668518518514,10044.355304331613,10781.562055337023,2652.9265553370215,1200.0,1200.0,1200.0,
2025-12-14,58941.002993711416,3356.620971585816,-107.73860228136718,5484.259302104832,67674.1446651207,92096.4568092904,94910.49581992358,3152.7806870347217,338.7416764015163,0.0,1107.678550074775,4171.108433680325,22063.987787085665,18995.643650767626,2652.9265553370215,10781.87654418693,7934.99977611822,10800.0,1404.244840638984,1200.0,1200.0,1200.0,
2025-12-15,63705.11868424817,3294.103160425351,-400.9454016409637,372.08052806577007,66970.35697109833,99653.74910851431,100832.89591476845,2647.2290581516227,1468.0822518974767,0.0,86.78991977904144,7163.733960649521,22142.240574992076,17855.846667760758,1404.244840638984,10797.122438268343,8171.471076465131,10796.536078862004,1492.431727286568,1200.0,1200.0,1200.0,
2025-12-16,68177.21942903279,0.0,-1676.6294891421983,244.77300226989527,66745.36294216049,105352.82387607123,100147.29092081718,0.0,5205.5329552540625,0.0,86.4587223731944,6332.346294838759,23105.221764639944,18621.909749621664,1492.431727286568,10800.0,6938.7941864745735,10800.0,1596.1204825495588,1200.0,1200.0,1200.0,
2025-12-17,67212.43108486218,0.0,-2464.9356345668575,1272.2765258781387,66019.77197617346,104816.25738627299,97471.17000104369,0.0,7345.087385229293,0.0,250.72061203469212,5081.04971342635,23525.38625967148,19076.392426686107,1596.1204825495588,10800.0,7161.005551301389,10798.192960470744,1572.9765310471043,1200.0,1200.0,1200.0,
2025-12-18,62524.2268627672,194.98287073770243,-429.5796692405146,944.8184155278999,63234.44847979229,97135.33090425085,95675.01897597211,154.75146355580227,1615.0633918345443,0.0,277.9452910650905,4198.450631474343,23484.47331277252,19096.22664387633,1572.9765310471043,10756.57484040919,7681.3989110015045,10788.009844565797,1490.9729082353401,1200.0,1200.0,1200.0,
2025-12-19,34242.40681358641,314.29057000333347,-812.2138120343527,0.0,33744.483571555385,61170.986247696914,58111.80413448457,367.7967972603361,3426.978910472675,0.0,0.0,10929.751034103729,17585.292617105155,13311.63081672431,1490.9729082353401,10179.648148148148,9794.795082683704,10736.37605986223,2527.035356158526,1200.0,1200.0,1200.0,
2025-12-20,35556.932215215405,0.0,-1814.8656471200477,0.8535385174084039,33742.920106612764,62377.714278838626,56388.92921173127,0.0,5988.785067107345,0.0,0.4028975772520198,10318.66795709424,16560.449828725163,13346.137926510877,2527.035356158526,10256.435185161728,8704.80462756033,10704.266339221307,2602.398061443529,1200.0,1200.0,1200.0,
2025-12-21,63002.29332325035,0.0,-901.8972643387532,2702.4411607351826,64802.837219646775,97715.7456865714,95398.73117134483,0.0,2317.0145152265804,0.0,619.0070513032315,3778.7829777292477,22665.629491603668,19464.456113351516,2602.398061443529,10763.864732969543,6819.8849237473105,10800.0,1374.2911446073654,1200.0,1200.0,1200.0,
2025-12-22,62602.14383337085,13.283719307381581,-423.42111122225714,1778.495187398697,63970.50162885467,97454.0087756519,96319.4782019148,8.083071259207486,1142.6136449963194,0.0,442.0329270590351,3292.2096820898773,24010.687229761294,19478.812866210676,1374.2911446073654,10728.454697118754,7172.074979328196,10800.0,1340.7842444917828,1200.0,1200.0,1200.0,
2025-12-23,64211.816115437716,0.0,-1650.0443583733172,1056.6532997644144,63618.42505682881,100136.58720283679,95389.04011112946,0.0,4747.547091707304,0.0,265.1969909982562,3671.9631045328233,24291.056950494927,19566.87548623336,1340.7842444917828,10800.0,7146.580108723518,10800.0,1461.7627374557105,1200.0,1200.0,1200.0,
2025-12-24,63539.924357698445,4.00355009236956,-1043.6583509804746,1427.4616995903625,63927.7312564007,98760.64130157001,95732.78371155082,2.2845445475588804,3030.1421345667477,0.0,329.85069080728897,3842.3675427643557,23749.781047341196,19384.07350441411,1461.7627374557105,10797.519628206459,7382.617116529095,10800.0,1298.7062307137785,1200.0,1200.0,1200.0,
2025-12-25,60077.884468725286,1178.9107732762743,-130.40775323254275,3993.295682659722,65119.68317142874,94710.15363887332,95345.22567448017,1169.8594858650322,534.7874502581687,0.0,937.9356863300085,3773.1308096631897,24256.06642339305,19558.484405579387,1298.7062307137785,10785.649674401164,6690.344883090972,10800.0,1397.5166722348722,1200.0,1200.0,1200.0,
2025-12-26,34403.317409724696,0.0,-855.9216808608423,4.9286939783513795,33552.324422842205,61477.072602756234,57984.07705601795,0.0,3492.9955467382774,0.0,2.2629448936415884,10107.443794350223,18675.1588328391,13803.885059611059,1397.5166722348722,10219.283333333333,9167.446952097174,10800.0,2867.509555555556,1200.0,1200.0,1200.0,
2025-12-27,34224.13674691328,0.0,-1125.9533029193062,28.62304540273181,33126.80648939671,60704.46907447404,56400.95038006845,0.0,4303.518694405588,0.0,13.150951253265248,10349.448572885669,15815.077901234567,13089.234209465187,2867.509555555556,10228.674074074046,9475.5644438218,10674.954452446089,2557.4861005942385,1200.0,1200.0,1200.0,
2025-12-28,62058.405711689076,0.0,-944.1559090083158,2665.0718545590403,63779.3216572398,96018.93067719092,93730.76244003291,0.0,2288.168237158003,0.0,606.2626503445678,4202.006263614863,22012.477456289722,18686.713379527115,2557.4861005942385,10739.874541472365,6754.517075102485,10797.79003697727,1605.700945113753,1200.0,1200.0,1200.0,
2025-12-29,61489.06183618918,937.0032874096127,-152.73794719418882,985.8557996078779,63259.18297601248,96782.120259433,96940.03845868172,763.4247731737296,605.5065739249999,0.0,256.7551106127662,5327.596110045755,23610.75274618657,19265.32155360451,1605.700945113753,10800.0,7286.289428295217,10800.0,1449.465579343329,1200.0,1200.0,1200.0,
2025-12-30,61753.03272503379,838.9109943283596,-1205.3874857454462,2591.1144313303257,63977.67066494703,96811.57198966423,93822.66891394221,583.7461864840743,3572.649262206108,0.0,554.7589378320563,3607.6331987395865,23566.118367722043,19020.726314687367,1449.465579343329,10793.640061310263,6984.4394967453,10800.0,1524.8317606405394,1200.0,1200.0,1200.0,
2025-12-31,63208.36977570685,46.04077266642975,-486.1451468468065,1721.924621291334,64490.190022817806,98904.02919705896,97039.41643646779,38.594733298301776,1903.2074938894807,0.0,507.74310514821866,4409.775527737383,23775.10533591234,19284.144255367057,1524.8317606405394,10800.0,7291.654925973925,10800.0,1495.5996125538131,1200.0,1200.0,1200.0,
