date,policy,issue_slot,issue_time,training_cutoff,forecast_horizon_h,executed_h,commitment_update_cost_yuan,up_cost_yuan,down_refund_yuan,adjustment_identity_residual_kwh,up_kwh,down_kwh,solver_objective,solver_elapsed_s,solver_mip_gap,requested_scenario_count,actual_scenario_count,solve_mode,sampled_days,max_plan_state_residual_kwh,max_scenario_balance_residual_kwh,terminal_residual_kwh,simultaneous_charge_discharge,simultaneous_emergency_charge,simultaneous_emergency_surplus
2025-02-01,H24,0,00:00,2025-01-31,24.0,6,39840.67215051838,0.0,0.0,0.0,0.0,0.0,39840.67623972354,0.09215740000001915,0.0,1,1,fallback_q80_q20,14;27;24;22;25;25;11;25;25;4;28;3;22;4;13;16;25;11;18;2;2;13;27;2;22;7;25;1;11;13,9.094947017729282e-13,2.2737367544323206e-13,0.0,0,0,0
2025-02-01,H24,36,06:00,2025-01-31,24.0,6,-3973.4061442300413,0.0,3973.4061442300413,0.0,0.0,10747.123419089765,8522.669613302265,0.08999049999999897,0.0,1,1,fallback_q80_q20,1;26;5;28;26;18;20;7;14;25;15;18;27;20;13;18;20;8;13;28;27;27;18;26;24;27;27;27;20;24,9.094947017729282e-13,4.547473508864641e-13,0.0,0,0,0
2025-02-01,H24,72,12:00,2025-01-31,24.0,6,-1863.7653786560886,0.0,1863.7653786560886,0.0,0.0,5193.27509380355,31162.79396806198,0.04071620000001985,0.0,1,1,fallback_q80_q20,16;24;23;22;28;24;19;25;2;11;9;11;19;24;1;11;22;26;18;19;10;9;23;20;19;24;28;24;24;28,3.637978807091713e-12,2.2737367544323206e-13,0.0,0,0,0
2025-02-01,H24,108,18:00,2025-01-31,24.0,6,41.760744892650166,56.29420886165586,14.533463969005691,0.0,40.16843606247289,71.01290882576427,36482.16917077678,0.04654320000008738,0.0,1,1,fallback_q80_q20,25;15;9;17;12;23;5;4;9;21;21;11;17;19;13;23;12;28;9;27;18;25;20;6;11;28;5;27;24;12,8.597567102697212e-13,2.2737367544323206e-13,0.0,0,0,0
2025-02-02,H24,0,00:00,2025-02-01,24.0,6,58428.31689696823,0.0,0.0,0.0,0.0,0.0,58428.32139180157,0.03598699999997734,0.0,1,1,fallback_q80_q20,18;21;12;28;16;7;6;3;28;25;2;23;24;4;25;22;6;10;27;7;4;28;13;14;24;17;17;16;4;29,6.821210263296962e-13,2.2737367544323206e-13,0.0,0,0,0
2025-02-02,H24,36,06:00,2025-02-01,24.0,6,593.7994882724736,1066.236845574797,472.43735730232333,0.0,742.2229007872927,1668.8483940222181,13526.282650827547,0.05053129999998873,0.0,1,1,fallback_q80_q20,24;20;19;29;24;13;9;4;21;25;20;15;25;1;18;26;24;25;26;24;15;28;25;13;5;18;1;29;4;2,9.094947017729282e-13,1.3642420526593924e-12,0.0,0,0,0
2025-02-02,H24,72,12:00,2025-02-01,24.0,6,1395.3381144679222,1688.009625021554,292.6715105536319,0.0,1228.8838730273837,1124.2151245480927,31859.54124106414,0.048589100000071994,0.0,1,1,fallback_q80_q20,28;14;17;13;29;22;17;18;17;3;6;16;29;22;18;6;24;25;20;25;13;25;16;2;7;24;29;25;29;17,7.958078640513122e-13,2.2737367544323206e-13,0.0,0,0,0
2025-02-02,H24,108,18:00,2025-02-01,24.0,6,1248.381303040185,1248.381303040185,0.0,0.0,714.1441477064486,0.0,47375.64955593224,0.030207099999984166,0.0,1,1,fallback_q80_q20,27;12;22;24;23;20;21;9;6;13;21;28;21;24;4;17;28;3;10;27;25;9;28;17;11;1;24;21;27;25,7.958078640513122e-13,7.958078640513122e-13,0.0,0,0,0
2025-02-03,H24,0,00:00,2025-02-02,24.0,6,61869.378242706545,0.0,0.0,0.0,0.0,0.0,61869.38285802109,0.03806819999999789,0.0,1,1,fallback_q80_q20,22;28;27;30;24;8;21;12;15;13;27;21;26;1;25;30;29;20;27;19;1;7;28;9;22;2;25;8;25;21,9.094947017729282e-13,2.2737367544323206e-13,0.0,0,0,0
2025-02-03,H24,36,06:00,2025-02-02,24.0,6,-2184.850084933818,0.0,2184.850084933818,0.0,0.0,5849.631438485703,10612.73221675056,0.031019399999991037,0.0,1,1,fallback_q80_q20,18;2;12;30;24;2;22;9;26;30;28;30;4;24;7;4;3;23;26;2;30;23;30;21;7;15;19;21;9;24,9.094947017729282e-13,1.9326762412674725e-12,0.0,0,0,0
2025-02-03,H24,72,12:00,2025-02-02,24.0,6,5503.769343560818,5631.328167830237,127.55882426941952,0.0,3839.41669670523,454.32720490489726,33766.674300866565,0.041700900000023466,0.0,1,1,fallback_q80_q20,7;5;27;18;5;29;21;20;18;9;21;27;1;23;22;2;5;28;19;27;19;11;16;18;21;14;5;4;23;25,1.0231815394945443e-12,2.2737367544323206e-13,0.0,0,0,0
2025-02-03,H24,108,18:00,2025-02-02,24.0,6,-232.0732454513726,0.0,232.0732454513726,0.0,0.0,377.6230279736234,46214.76116751778,0.029563400000029105,0.0,1,1,fallback_q80_q20,27;30;16;12;15;5;15;30;2;30;29;25;23;15;28;28;23;20;13;21;21;16;29;21;18;26;19;18;21;26,9.094947017729282e-13,6.821210263296962e-13,0.0,0,0,0
2025-02-04,H24,0,00:00,2025-02-03,24.0,6,63579.54961158005,0.0,0.0,0.0,0.0,0.0,63579.554257246724,0.016324100000019826,0.0,1,1,fallback_q80_q20,16;24;9;27;15;27;20;3;13;27;20;2;28;28;4;29;21;17;8;27;27;27;20;9;24;4;21;26;21;27,9.094947017729282e-13,2.2737367544323206e-13,0.0,0,0,0
2025-02-04,H24,36,06:00,2025-02-03,24.0,6,-1675.3675344932371,0.0,1675.3675344932371,0.0,0.0,4436.319885449826,10894.77164682346,0.038539900000046146,0.0,1,1,fallback_q80_q20,24;20;14;27;17;27;10;23;30;26;31;24;29;10;13;31;12;22;5;13;7;7;22;25;14;26;26;20;10;9,9.094947017729282e-13,1.8189894035458565e-12,0.0,0,0,0
2025-02-04,H24,72,12:00,2025-02-03,24.0,6,-1029.5862694713367,40.0889397449428,1069.6752092162794,0.0,21.34471949124611,3216.5500275552226,24291.63016316001,0.03629880000005414,0.0,1,1,fallback_q80_q20,24;26;29;29;28;29;25;23;29;9;5;27;16;26;23;24;17;27;27;14;13;29;10;7;9;31;13;23;21;27,9.094947017729282e-13,2.2737367544323206e-13,0.0,0,0,0
2025-02-04,H24,108,18:00,2025-02-03,24.0,6,-7.279124361776245,7.984491361147977,15.263615722924222,0.0,5.870086282273178,72.06537647189089,48482.65379020723,0.03157249999992473,0.0,1,1,fallback_q80_q20,20;2;20;26;2;2;24;21;6;26;9;30;22;9;14;16;29;31;27;3;3;28;28;28;23;29;28;22;23;7,9.094947017729282e-13,2.2737367544323206e-13,0.0,0,0,0
2025-02-05,H24,0,00:00,2025-02-04,24.0,6,63131.38188638159,0.0,0.0,0.0,0.0,0.0,63131.386387656574,0.056421100000079605,0.0,1,1,fallback_q80_q20,11;22;28;25;28;30;27;20;11;2;6;28;27;3;21;27;8;31;20;16;11;9;21;25;32;26;22;12;10;17,9.094947017729282e-13,2.2737367544323206e-13,0.0,0,0,0
2025-02-05,H24,36,06:00,2025-02-04,24.0,6,-1258.8813116008548,0.0,1258.8813116008548,0.0,0.0,2872.279922311336,10834.637776189205,0.04930569999999079,0.0,1,1,fallback_q80_q20,12;12;15;26;15;13;5;19;11;31;26;30;30;6;31;12;23;23;6;16;31;24;31;7;28;18;13;26;30;28,9.094947017729282e-13,2.2737367544323206e-13,0.0,0,0,0
2025-02-05,H24,72,12:00,2025-02-04,24.0,6,-999.3353872686548,0.0,999.3353872686548,0.0,0.0,2989.235094443672,28574.162152068588,0.06886440000005223,0.0,1,1,fallback_q80_q20,26;16;14;23;30;23;23;30;30;19;32;28;3;1;17;21;20;25;30;30;10;15;13;5;2;18;20;31;27;25,9.094947017729282e-13,2.2737367544323206e-13,0.0,0,0,0
2025-02-05,H24,108,18:00,2025-02-04,24.0,6,138.96042757066974,141.9516697329251,2.991242162255352,0.0,78.0364557690259,14.117912441076669,44853.331746330965,0.03931420000003527,0.0,1,1,fallback_q80_q20,29;9;18;13;26;1;23;26;9;8;16;6;23;22;31;2;8;28;14;16;26;1;29;9;30;2;21;15;26;15,9.094947017729282e-13,2.2737367544323206e-13,0.0,0,0,0
2025-02-06,H24,0,00:00,2025-02-05,24.0,6,62161.25480397077,0.0,0.0,0.0,0.0,0.0,62161.25944963743,0.034943600000019615,0.0,1,1,fallback_q80_q20,30;33;12;33;33;23;22;16;30;30;22;29;15;18;2;29;31;2;16;28;30;30;33;20;27;22;31;16;4;9,9.094947017729282e-13,2.2737367544323206e-13,0.0,0,0,0
2025-02-06,H24,36,06:00,2025-02-05,24.0,6,-1310.5047833621866,195.34589280877586,1505.8506761709625,0.0,101.80059233326261,4009.027004810652,8587.8317738055,0.05122670000002927,0.0,1,1,fallback_q80_q20,30;23;22;13;26;7;27;23;24;30;26;31;5;32;16;27;15;16;21;30;15;24;30;28;7;23;27;31;22;33,9.094947017729282e-13,2.2737367544323206e-13,0.0,0,0,0
2025-02-06,H24,72,12:00,2025-02-05,24.0,6,-242.43348595038742,917.4832295517774,1159.9167155021648,0.0,558.1001263517845,3504.640396278844,20542.878701174304,0.04469449999999142,0.0,1,1,fallback_q80_q20,17;31;28;29;29;22;27;33;28;14;20;15;9;13;15;25;5;33;14;18;23;28;20;33;23;15;27;19;30;4,8.526512829121202e-13,2.2737367544323206e-13,0.0,0,0,0
2025-02-06,H24,108,18:00,2025-02-05,24.0,6,541.389462581132,541.389462581132,0.0,0.0,299.00378442732506,0.0,21744.997001228006,0.03635080000003654,0.0,1,1,fallback_q80_q20,23;2;26;27;8;7;21;9;29;30;22;33;27;2;10;10;27;19;10;32;1;27;14;25;11;18;33;27;23;6,8.810729923425242e-13,2.0463630789890885e-12,0.0,0,0,0
2025-02-07,H24,0,00:00,2025-02-06,24.0,6,34909.06680780626,0.0,0.0,0.0,0.0,0.0,34909.07075202362,0.039915899999982685,0.0,1,1,fallback_q80_q20,19;23;29;12;25;33;9;13;28;33;16;29;30;25;33;29;8;9;22;3;29;34;34;28;9;7;2;19;28;28,7.958078640513122e-13,2.2737367544323206e-13,0.0,0,0,0
2025-02-07,H24,36,06:00,2025-02-06,24.0,6,17.858893234339746,377.6122637477248,359.75337051338505,0.0,235.10071768661152,1066.1786760189277,8382.132767791842,0.04944060000002537,0.0,1,1,fallback_q80_q20,30;26;34;19;30;16;8;14;20;28;21;15;34;18;5;22;13;34;34;33;32;30;11;13;29;33;28;22;18;16,8.841816168114747e-13,2.2737367544323206e-13,0.0,0,0,0
2025-02-07,H24,72,12:00,2025-02-06,24.0,6,-1632.0491548616064,0.0,1632.0491548616064,0.0,0.0,5316.013688884183,9637.974524259802,0.056127000000060434,0.0,1,1,fallback_q80_q20,5;12;21;28;34;26;23;25;30;30;14;32;22;24;34;13;14;28;28;11;19;13;11;23;28;31;20;26;27;5,1.0231815394945443e-12,1.1368683772161603e-13,0.0,0,0,0
2025-02-07,H24,108,18:00,2025-02-06,24.0,6,-1075.713281170175,0.0,1075.713281170175,0.0,0.0,2380.708856398708,18789.811456885374,0.04491789999997309,0.0,1,1,fallback_q80_q20,1;23;19;33;4;2;22;28;21;23;29;26;24;7;31;15;18;26;18;30;22;7;32;17;12;22;19;4;20;27,2.4442670110147446e-12,3.410605131648481e-13,0.0,0,0,0
2025-02-08,H24,0,00:00,2025-02-07,24.0,6,24185.49240329291,0.0,0.0,0.0,0.0,0.0,24185.496264626243,0.04086510000001908,0.0,1,1,fallback_q80_q20,10;11;27;28;25;24;25;12;35;9;23;26;27;25;31;21;29;35;28;20;31;30;16;7;24;14;34;34;10;31,9.094947017729282e-13,1.1368683772161603e-13,0.0,0,0,0
2025-02-08,H24,36,06:00,2025-02-07,24.0,6,3145.679056793729,3167.6377111544352,21.958654360706248,0.0,3409.4584635609617,83.73070589486144,13056.943573864506,0.04659679999997479,0.0,1,1,fallback_q80_q20,29;7;16;25;28;5;23;32;27;29;34;30;23;4;26;12;34;31;14;35;29;27;9;18;31;26;24;35;23;20,8.952838470577262e-13,2.2737367544323206e-13,0.0,0,0,0
2025-02-08,H24,72,12:00,2025-02-07,24.0,6,67.91567695494615,554.5984480523593,486.6827710974132,0.0,402.80930334166067,2181.113104178957,22551.936750164252,0.07390300000008665,0.0,1,1,fallback_q80_q20,17;19;28;35;33;17;19;11;26;26;8;18;9;1;11;32;29;31;1;23;15;8;6;6;9;30;34;32;25;1,9.094947017729282e-13,2.2737367544323206e-13,0.0,0,0,0
2025-02-08,H24,108,18:00,2025-02-07,24.0,6,-52.63969345161957,0.0,52.63969345161957,0.0,0.0,118.65997250365507,42651.104608528185,0.04146009999999478,0.0,1,1,fallback_q80_q20,29;16;32;24;18;23;31;8;18;33;11;31;25;20;5;31;34;31;32;2;9;5;30;31;18;34;11;27;20;20,9.094947017729282e-13,2.2737367544323206e-13,0.0,0,0,0
2025-02-09,H24,0,00:00,2025-02-08,24.0,6,53125.977839116706,0.0,0.0,0.0,0.0,0.0,53125.98217062639,0.015081200000054196,1.3695667010569335e-16,1,1,fallback_q80_q20,26;14;34;3;8;33;26;20;23;11;27;12;24;4;20;16;5;23;35;30;22;36;30;1;18;32;7;16;10;19,5.968558980384842e-13,7.958078640513122e-13,0.0,0,0,0
2025-02-09,H24,36,06:00,2025-02-08,24.0,6,11390.19971856281,11395.119709701527,4.91999113871616,0.0,9376.660177969829,19.582054283447405,22302.70528587207,0.03451030000007904,0.0,1,1,fallback_q80_q20,1;4;16;19;23;34;12;30;25;15;22;25;26;15;17;34;21;31;26;18;31;21;8;35;9;11;25;36;25;24,9.094947017729282e-13,1.5916157281026244e-12,0.0,0,0,0
2025-02-09,H24,72,12:00,2025-02-08,24.0,6,-781.2868277212705,333.30461470243165,1114.5914424237021,0.0,189.50114323480062,3563.654865561354,24050.088498961664,0.0611133999999538,0.0,1,1,fallback_q80_q20,6;10;5;26;22;36;30;25;24;25;32;10;21;7;32;12;16;34;20;12;33;33;25;26;34;8;19;26;19;25,1.0231815394945443e-12,2.2737367544323206e-13,0.0,0,0,0
2025-02-09,H24,108,18:00,2025-02-08,24.0,6,929.6277627828762,929.6277627828762,0.0,0.0,526.8605864716474,0.0,41756.94544652118,0.05430589999991753,0.0,1,1,fallback_q80_q20,34;18;24;13;25;26;22;12;33;1;2;2;22;24;17;15;28;6;20;12;36;13;33;26;5;4;17;33;15;14,9.094947017729282e-13,6.821210263296962e-13,0.0,0,0,0
2025-02-10,H24,0,00:00,2025-02-09,24.0,6,54108.393047686186,0.0,0.0,0.0,0.0,0.0,54108.397498870756,0.017084100000033686,0.0,1,1,fallback_q80_q20,13;33;29;23;36;27;33;30;37;32;29;23;33;14;30;35;7;31;5;36;36;35;34;37;35;33;35;36;36;36,9.094947017729282e-13,1.1368683772161603e-12,0.0,0,0,0
2025-02-10,H24,36,06:00,2025-02-09,24.0,6,-973.4002247014593,450.4657237463963,1423.8659484478555,0.0,268.4167511988635,4286.4178383635735,9642.653257670318,0.06811070000003383,0.0,1,1,fallback_q80_q20,29;22;16;33;34;34;26;19;35;33;37;4;30;13;13;7;9;33;34;27;35;22;34;34;7;32;37;36;36;25,9.094947017729282e-13,7.958078640513122e-13,0.0,0,0,0
2025-02-10,H24,72,12:00,2025-02-09,24.0,6,2771.4086606809856,3211.962241707665,440.55358102667935,0.0,2701.1335700452764,1772.91461023872,24045.577282556897,0.041829499999948894,0.0,1,1,fallback_q80_q20,34;25;35;22;2;34;35;33;35;35;27;14;11;29;33;32;7;9;22;20;1;24;34;33;2;16;35;4;9;34,9.094947017729282e-13,2.2737367544323206e-13,0.0,0,0,0
2025-02-10,H24,108,18:00,2025-02-09,24.0,6,119.85496321470818,122.94965770052796,3.094694485819781,0.0,74.59073411453699,5.094727074152388,32836.57370706511,0.04718500000001313,0.0,1,1,fallback_q80_q20,5;29;25;37;30;35;33;32;37;36;27;21;37;37;33;1;35;23;20;15;20;6;17;37;28;2;18;12;20;30,9.094947017729282e-13,4.547473508864641e-13,0.0,0,0,0
2025-02-11,H24,0,00:00,2025-02-10,24.0,6,57963.379799512506,0.0,0.0,0.0,0.0,0.0,57963.384321469144,0.05023330000005899,0.0,1,1,fallback_q80_q20,4;28;5;2;36;30;20;17;28;16;21;22;23;29;17;10;24;20;15;31;8;13;10;5;30;32;6;10;34;5,9.094947017729282e-13,6.821210263296962e-13,0.0,0,0,0
2025-02-11,H24,36,06:00,2025-02-10,24.0,6,-2209.030935090942,26.863080860615703,2235.894015951558,0.0,17.220553034747127,5618.709716789368,8429.410002129056,0.04394959999990533,0.0,1,1,fallback_q80_q20,37;25;25;35;24;24;13;18;26;36;36;1;37;37;1;27;5;22;37;36;36;16;8;33;36;34;29;23;34;21,9.094947017729282e-13,7.958078640513122e-13,0.0,0,0,0
2025-02-11,H24,72,12:00,2025-02-10,24.0,6,-1.677831652005466,496.1402075236291,497.81803917563457,0.0,277.69584138564943,1680.0726314690353,18316.440502100595,0.046779300000025614,0.0,1,1,fallback_q80_q20,33;33;36;13;35;18;31;14;13;15;2;4;7;16;15;32;35;28;1;37;29;19;34;10;38;35;11;1;30;20,9.094947017729282e-13,2.2737367544323206e-13,0.0,0,0,0
2025-02-11,H24,108,18:00,2025-02-10,24.0,6,-57.44204077239619,0.0,57.44204077239619,0.0,0.0,106.29650114080226,40973.54052165193,0.04961279999997714,0.0,1,1,fallback_q80_q20,17;35;32;36;1;8;25;34;17;6;17;25;34;22;15;23;2;7;22;35;8;36;30;30;13;16;8;33;29;36,1.8189894035458565e-12,1.2505552149377763e-12,0.0,0,0,0
2025-02-12,H24,0,00:00,2025-02-11,24.0,6,60727.96418988207,0.0,0.0,0.0,0.0,0.0,60727.96870619131,0.05490559999998368,0.0,1,1,fallback_q80_q20,25;20;2;5;34;25;18;5;35;36;36;5;35;13;13;30;15;32;37;20;37;20;9;6;8;35;20;23;27;34,9.094947017729282e-13,2.2737367544323206e-13,0.0,0,0,0
2025-02-12,H24,36,06:00,2025-02-11,24.0,6,-4292.673520666963,0.0,4292.673520666963,0.0,0.0,10842.52184536009,6602.055001751049,0.05277079999996204,0.0,1,1,fallback_q80_q20,26;13;35;33;14;27;13;30;3;27;14;13;26;33;26;35;33;34;17;34;12;24;36;36;19;37;28;20;34;10,9.094947017729282e-13,6.821210263296962e-13,0.0,0,0,0
2025-02-12,H24,72,12:00,2025-02-11,24.0,6,1242.2414486849066,1477.8285880796739,235.5871393947672,0.0,1002.4056276131346,844.8966349840366,21078.32691092878,0.047219599999948514,0.0,1,1,fallback_q80_q20,5;9;13;20;3;15;19;33;17;11;30;21;33;30;36;23;7;15;39;36;36;10;19;32;19;29;25;34;10;12,9.094947017729282e-13,2.2737367544323206e-13,0.0,0,0,0
2025-02-12,H24,108,18:00,2025-02-11,24.0,6,193.10455641367864,197.05229607181008,3.9477396581314266,0.0,110.28876784866264,13.355520210741702,41052.284307865586,0.03859720000002653,0.0,1,1,fallback_q80_q20,27;34;30;10;33;21;29;30;28;33;21;33;18;36;1;34;34;26;36;6;37;8;1;27;25;6;36;33;26;24,9.094947017729282e-13,9.094947017729282e-13,0.0,0,0,0
2025-02-13,H24,0,00:00,2025-02-12,24.0,6,55128.33333249035,0.0,0.0,0.0,0.0,0.0,55128.337654091025,0.01614289999997709,0.0,1,1,fallback_q80_q20,37;32;5;37;15;5;32;6;15;33;40;30;34;30;23;22;30;6;33;9;9;36;26;35;31;17;39;4;33;23,9.094947017729282e-13,9.094947017729282e-13,0.0,0,0,0
2025-02-13,H24,36,06:00,2025-02-12,24.0,6,-2525.125153827711,0.0,2525.125153827711,0.0,0.0,6664.067638480954,6232.437077409796,0.038561300000083065,0.0,1,1,fallback_q80_q20,27;12;15;9;37;37;22;36;18;22;7;34;24;10;36;39;27;27;22;29;38;40;34;26;13;24;7;23;9;19,8.242295734817162e-13,2.2737367544323206e-13,0.0,0,0,0
2025-02-13,H24,72,12:00,2025-02-12,24.0,6,268.66676832947616,653.3467096938496,384.6799413643734,0.0,526.0195604610435,1496.3180469619888,12327.99782442012,0.04155309999998735,0.0,1,1,fallback_q80_q20,36;35;13;36;40;3;26;40;39;15;35;24;21;7;39;32;35;2;28;36;29;28;9;40;36;38;15;31;33;19,8.588685318500211e-13,2.2737367544323206e-13,0.0,0,0,0
2025-02-13,H24,108,18:00,2025-02-12,24.0,6,446.3293460680678,446.8085760844582,0.4792300163903817,0.0,252.8930518686018,2.241487448037333,21118.714225481755,0.033224499999960244,0.0,1,1,fallback_q80_q20,23;23;20;37;28;40;15;38;8;26;28;39;37;34;18;26;15;15;33;14;12;37;13;5;25;20;5;32;38;14,9.094947017729282e-13,2.2737367544323206e-13,0.0,0,0,0
2025-02-14,H24,0,00:00,2025-02-13,24.0,6,30435.18601625765,0.0,0.0,0.0,0.0,0.0,30435.18987759098,0.037704400000052374,0.0,1,1,fallback_q80_q20,28;29;28;8;22;35;23;37;36;10;27;25;25;7;38;36;24;29;36;41;36;23;27;27;26;34;35;1;32;18,9.094947017729282e-13,1.0231815394945443e-12,0.0,0,0,0
2025-02-14,H24,36,06:00,2025-02-13,24.0,6,-1219.3576618905267,166.5530209011782,1385.9106827917049,0.0,157.13505602171395,4416.519914687211,6576.7950642344,0.044925400000010995,0.0,1,1,fallback_q80_q20,36;27;15;23;41;23;28;36;26;35;16;36;21;34;35;1;31;28;31;21;32;34;29;38;20;16;30;14;37;15,1.1368683772161603e-12,2.2737367544323206e-13,0.0,0,0,0
2025-02-14,H24,72,12:00,2025-02-13,24.0,6,-953.75700035538,0.0,953.75700035538,0.0,0.0,3170.899433427501,6941.051884681025,0.04906929999992826,0.0,1,1,fallback_q80_q20,35;27;31;32;40;11;26;37;2;10;33;34;22;29;17;37;30;29;21;33;22;35;18;39;22;7;7;24;8;22,3.637978807091713e-12,1.7053025658242404e-13,0.0,0,0,0
2025-02-14,H24,108,18:00,2025-02-13,24.0,6,-869.0985063263261,0.0,869.0985063263261,0.0,0.0,1873.4037271442498,11531.761410687433,0.041626599999972314,0.0,1,1,fallback_q80_q20,37;40;41;11;11;28;40;13;27;30;11;23;40;8;37;10;36;40;16;41;35;25;33;32;33;35;36;36;3;30,2.4442670110147446e-12,6.252776074688882e-13,0.0,0,0,0
2025-02-15,H24,0,00:00,2025-02-14,24.0,6,26580.87898587416,0.0,0.0,0.0,0.0,0.0,26580.88257084836,0.047536899999954585,0.0,1,1,fallback_q80_q20,42;36;32;37;39;31;41;38;16;35;34;14;41;20;38;16;38;38;19;6;18;36;38;34;39;27;42;31;32;32,9.094947017729282e-13,3.410605131648481e-13,0.0,0,0,0
2025-02-15,H24,36,06:00,2025-02-14,24.0,6,666.134894183481,1261.3515156566177,595.2166214731367,0.0,774.0176577017139,2213.1157139710817,10767.653956786387,0.044779999999946085,0.0,1,1,fallback_q80_q20,4;34;35;32;30;6;42;26;4;39;42;5;24;18;36;36;24;28;38;31;2;31;37;25;21;25;6;38;9;16,9.094947017729282e-13,2.2737367544323206e-13,0.0,0,0,0
2025-02-15,H24,72,12:00,2025-02-14,24.0,6,-1077.009497780888,0.0,1077.009497780888,0.0,0.0,3238.654966796733,19737.27097812961,0.043952999999987696,0.0,1,1,fallback_q80_q20,18;12;27;28;3;40;38;39;8;34;13;41;34;41;5;26;30;6;4;30;40;42;41;8;15;22;17;4;38;32,7.958078640513122e-13,2.2737367544323206e-13,0.0,0,0,0
2025-02-15,H24,108,18:00,2025-02-14,24.0,6,-85.9360428109286,0.0,85.9360428109286,0.0,0.0,189.99221736077732,31610.71361012271,0.041373500000077,0.0,1,1,fallback_q80_q20,42;27;11;38;25;40;25;27;26;2;20;4;27;32;38;22;38;41;23;36;38;39;18;19;12;4;27;32;36;38,9.094947017729282e-13,2.2737367544323206e-13,0.0,0,0,0
2025-02-16,H24,0,00:00,2025-02-15,24.0,6,55522.51775627131,0.0,0.0,0.0,0.0,0.0,55522.52225110464,0.015554800000018076,0.0,1,1,fallback_q80_q20,24;25;22;17;26;5;38;25;43;43;23;29;31;43;43;9;29;8;37;27;6;25;31;32;15;7;18;6;5;22,1.0231815394945443e-12,4.547473508864641e-13,0.0,0,0,0
2025-02-16,H24,36,06:00,2025-02-15,24.0,6,-2415.830597674421,48.09139759572744,2463.9219952701483,0.0,34.223881010338346,6917.151707639316,8235.309005165298,0.030398099999956685,0.0,1,1,fallback_q80_q20,16;9;1;34;21;35;19;38;34;32;29;17;21;19;43;38;25;16;25;42;4;27;8;39;30;39;24;16;43;25,9.094947017729282e-13,2.2737367544323206e-13,0.0,0,0,0
2025-02-16,H24,72,12:00,2025-02-15,24.0,6,1124.3428627869002,1211.0456528252623,86.70279003836207,0.0,803.9839819893778,302.4023672050016,20433.2092257263,0.025566700000013043,0.0,1,1,fallback_q80_q20,30;13;4;35;35;2;35;13;19;28;16;33;14;21;30;25;34;21;21;32;13;18;12;39;3;39;43;27;39;4,1.9326762412674725e-12,2.2737367544323206e-13,0.0,0,0,0
2025-02-16,H24,108,18:00,2025-02-15,24.0,6,2143.6600148445154,2143.6600148445154,0.0,0.0,1172.2167210385255,0.0,34634.56543491353,0.03641249999998308,0.0,1,1,fallback_q80_q20,39;36;24;17;7;38;39;7;43;1;16;42;3;39;16;18;31;29;36;34;6;30;38;7;33;2;12;9;14;37,7.673861546209082e-13,2.2737367544323206e-13,0.0,0,0,0
2025-02-17,H24,0,00:00,2025-02-16,24.0,6,54682.85040312128,0.0,0.0,0.0,0.0,0.0,54682.854731312436,0.01871799999992163,0.0,1,1,fallback_q80_q20,30;40;42;41;20;41;42;42;8;8;31;44;35;42;42;35;17;37;33;44;40;44;6;23;39;19;35;40;42;41,8.242295734817162e-13,6.821210263296962e-13,0.0,0,0,0
2025-02-17,H24,36,06:00,2025-02-16,24.0,6,-1695.603877688072,651.9897861332281,2347.5936638213,0.0,451.29824568666385,7185.494297705078,9025.15053712981,0.027255200000013247,0.0,1,1,fallback_q80_q20,32;35;39;42;12;10;9;38;17;3;22;44;30;33;28;22;27;37;35;42;10;32;41;44;7;19;27;7;17;26,8.384404281969182e-13,2.2737367544323206e-13,0.0,0,0,0
2025-02-17,H24,72,12:00,2025-02-16,24.0,6,-1132.985755745388,69.01184457350753,1201.9976003188954,0.0,42.45556985492169,4022.5404079603886,16891.975474008555,0.04715320000002521,0.0,1,1,fallback_q80_q20,24;44;15;42;21;12;41;33;44;39;30;37;28;41;37;28;35;40;40;43;41;42;4;36;33;38;8;29;37;29,9.094947017729282e-13,2.2737367544323206e-13,0.0,0,0,0
2025-02-17,H24,108,18:00,2025-02-16,24.0,6,864.9960629978043,864.9960629978043,0.0,0.0,478.07222615036704,0.0,31872.239575940774,0.038487400000008165,0.0,1,1,fallback_q80_q20,41;11;27;36;31;27;8;20;26;2;34;35;27;14;12;43;30;23;6;44;39;24;42;20;36;24;4;35;34;43,9.094947017729282e-13,2.2737367544323206e-13,0.0,0,0,0
2025-02-18,H24,0,00:00,2025-02-17,24.0,6,48952.27195630715,0.0,0.0,0.0,0.0,0.0,48952.276100314055,0.03545120000001134,0.0,1,1,fallback_q80_q20,45;39;16;45;45;44;38;45;38;38;40;14;40;43;3;44;39;20;15;10;9;33;42;43;41;43;42;44;13;25,8.384404281969182e-13,7.958078640513122e-13,0.0,0,0,0
2025-02-18,H24,36,06:00,2025-02-17,24.0,6,999.2632335097444,1041.2686945896216,42.0054610798773,0.0,1297.1549819716565,174.89646212973162,10925.630610535345,0.04050050000000738,0.0,1,1,fallback_q80_q20,37;24;31;38;28;27;38;25;31;43;40;31;43;33;43;43;41;42;23;45;44;29;20;27;35;21;40;7;45;20,8.988365607365267e-13,2.2737367544323206e-13,0.0,0,0,0
2025-02-18,H24,72,12:00,2025-02-17,24.0,6,521.1531439737065,947.5025344211592,426.3493904474527,0.0,909.3617718670097,1680.058719794608,24602.343463206453,0.039987399999972695,0.0,1,1,fallback_q80_q20,22;14;34;31;38;1;1;40;41;15;40;26;9;27;40;36;37;40;41;23;24;18;33;23;23;16;1;5;31;41,8.526512829121202e-13,2.2737367544323206e-13,0.0,0,0,0
2025-02-18,H24,108,18:00,2025-02-17,24.0,6,1196.148818004555,1196.148818004555,0.0,0.0,665.2114812126763,0.0,36753.16667363916,0.04186549999997169,0.0,1,1,fallback_q80_q20,4;3;33;10;29;14;37;3;38;11;37;37;20;35;37;16;27;44;44;40;32;44;43;14;40;3;38;42;2;14,9.094947017729282e-13,2.2737367544323206e-13,0.0,0,0,0
2025-02-19,H24,0,00:00,2025-02-18,24.0,6,49171.25004738744,0.0,0.0,0.0,0.0,0.0,49171.254314127385,0.03682260000005044,0.0,1,1,fallback_q80_q20,33;40;30;43;25;45;44;38;39;6;40;10;46;2;45;43;31;40;37;34;38;45;20;45;42;1;44;35;28;44,1.0231815394945443e-12,9.094947017729282e-13,0.0,0,0,0
2025-02-19,H24,36,06:00,2025-02-18,24.0,6,2.9813944798492003,417.5912945948812,414.609900115032,0.0,281.58737494534194,1304.2441212211638,10230.506150747486,0.040039699999965706,0.0,1,1,fallback_q80_q20,31;45;28;33;41;42;41;41;40;43;40;42;45;17;27;31;27;17;26;18;40;19;23;7;42;45;45;33;38;18,8.411049634560186e-13,2.2737367544323206e-13,0.0,0,0,0
2025-02-19,H24,72,12:00,2025-02-18,24.0,6,2345.8982710783293,2355.9584163358795,10.060145257550039,0.0,2102.130580539597,47.59143312085189,20203.894538559274,0.043318699999986165,0.0,1,1,fallback_q80_q20,33;26;44;20;26;20;44;24;23;6;8;34;33;32;32;12;23;38;6;7;16;30;24;3;44;44;36;34;44;35,3.296918293926865e-12,2.2737367544323206e-13,0.0,0,0,0
2025-02-19,H24,108,18:00,2025-02-18,24.0,6,1016.4711707872455,1016.4711707872455,0.0,0.0,555.7579644112419,0.0,31227.875695532242,0.05280530000004546,0.0,1,1,fallback_q80_q20,43;29;40;13;32;37;41;34;5;36;7;20;27;21;29;44;5;14;43;41;40;39;26;13;21;19;30;4;40;45,9.094947017729282e-13,6.821210263296962e-13,0.0,0,0,0
2025-02-20,H24,0,00:00,2025-02-19,24.0,6,51034.97314337287,0.0,0.0,0.0,0.0,0.0,51034.97733653954,0.015044699999975819,0.0,1,1,fallback_q80_q20,30;47;37;28;26;16;44;28;42;32;7;46;13;36;42;40;22;41;12;42;16;10;33;2;24;22;47;6;43;34,8.526512829121202e-13,9.094947017729282e-13,0.0,0,0,0
2025-02-20,H24,36,06:00,2025-02-19,24.0,6,1015.8788624912122,1551.4605116421608,535.5816491509486,0.0,1214.1624318531458,1856.2940439326294,9166.650183768837,0.03570609999997032,0.0,1,1,fallback_q80_q20,31;18;47;44;26;47;44;14;10;25;21;37;21;15;34;26;40;22;17;44;44;47;37;35;41;15;47;27;15;28,8.86846152070575e-13,2.2737367544323206e-13,0.0,0,0,0
2025-02-20,H24,72,12:00,2025-02-19,24.0,6,-97.02003781233941,601.4370854025019,698.4571232148413,0.0,348.9898260203875,2153.2997879213926,8815.535404132565,0.036764599999969505,0.0,1,1,fallback_q80_q20,36;44;32;43;44;10;47;40;45;16;18;35;29;40;28;42;20;11;18;30;23;42;44;27;6;16;47;34;17;30,1.0231815394945443e-12,2.2737367544323206e-13,0.0,0,0,0
2025-02-20,H24,108,18:00,2025-02-19,24.0,6,236.3554064613883,249.99225926679998,13.636852805411674,0.0,130.4292419670718,29.624351258849742,17183.917029698576,0.037517200000024786,0.0,1,1,fallback_q80_q20,4;47;30;6;35;10;43;17;43;38;46;13;47;34;9;10;22;22;47;47;9;41;23;42;28;13;24;34;31;1,1.0231815394945443e-12,1.4210854715202004e-13,0.0,0,0,0
2025-02-21,H24,0,00:00,2025-02-20,24.0,6,26983.486015594543,0.0,0.0,0.0,0.0,0.0,26983.489876927873,0.03475680000008197,0.0,1,1,fallback_q80_q20,44;4;47;20;47;31;36;41;42;46;36;41;20;26;37;34;43;36;35;17;48;36;44;47;46;32;34;32;38;48,7.389644451905042e-13,7.958078640513122e-13,0.0,0,0,0
2025-02-21,H24,36,06:00,2025-02-20,24.0,6,2379.4407020672006,2380.8649258194205,1.4242237522199708,0.0,2456.789920053718,6.971125772317237,10395.260187752136,0.04130729999997129,0.0,1,1,fallback_q80_q20,22;32;44;2;18;26;43;40;46;4;35;44;15;37;37;42;38;48;37;21;21;45;46;39;16;39;48;31;21;31,8.597567102697212e-13,2.2737367544323206e-13,0.0,0,0,0
2025-02-21,H24,72,12:00,2025-02-20,24.0,6,-1541.1805818240728,0.0,1541.1805818240728,0.0,0.0,4383.169078957655,12117.810174029924,0.04237260000002152,0.0,1,1,fallback_q80_q20,16;45;46;29;41;22;46;8;48;26;43;6;34;45;23;21;27;43;42;46;36;30;33;33;28;1;32;44;15;2,9.094947017729282e-13,1.1368683772161603e-13,0.0,0,0,0
2025-02-21,H24,108,18:00,2025-02-20,24.0,6,-1063.9365638800566,0.0,1063.9365638800566,0.0,0.0,2414.534316948909,13010.50052689396,0.040747399999986555,0.0,1,1,fallback_q80_q20,43;30;19;45;13;36;47;27;20;31;48;41;7;41;43;40;36;43;41;1;43;21;42;8;29;4;26;42;7;41,9.094947017729282e-13,2.2737367544323206e-13,0.0,0,0,0
2025-02-22,H24,0,00:00,2025-02-21,24.0,6,23813.699981081714,0.0,0.0,0.0,0.0,0.0,23813.703598779215,0.03566360000002078,0.0,1,1,fallback_q80_q20,44;35;25;30;30;8;11;48;37;49;45;42;49;46;45;24;47;30;10;7;24;32;33;5;2;34;40;38;37;34,8.384404281969182e-13,9.094947017729282e-13,0.0,0,0,0
2025-02-22,H24,36,06:00,2025-02-21,24.0,6,1584.8090452984693,1597.3795419558073,12.57049665733798,0.0,1223.848017880871,59.369968499565175,11281.333284555776,0.04018810000002304,0.0,1,1,fallback_q80_q20,6;48;34;3;1;15;5;24;30;48;19;38;11;32;38;42;1;24;37;26;48;16;39;21;45;11;46;45;22;47,9.094947017729282e-13,2.2737367544323206e-13,0.0,0,0,0
2025-02-22,H24,72,12:00,2025-02-21,24.0,6,-240.20645731835748,280.574541453062,520.7809987714195,0.0,158.85816221828736,1890.7670396342335,16124.866830681376,0.04119100000002618,0.0,1,1,fallback_q80_q20,29;37;11;41;46;38;44;25;39;40;15;26;18;32;33;31;5;36;33;19;6;36;28;47;36;12;8;30;32;48,9.094947017729282e-13,2.2737367544323206e-13,0.0,0,0,0
2025-02-22,H24,108,18:00,2025-02-21,24.0,6,-475.9743074554727,0.0,475.9743074554727,0.0,0.0,925.2900683135842,32628.718184054796,0.02510759999995571,0.0,1,1,fallback_q80_q20,38;39;46;12;17;21;48;41;8;35;42;18;39;41;4;48;34;2;7;12;24;28;43;38;47;36;37;12;18;13,9.094947017729282e-13,2.2737367544323206e-13,0.0,0,0,0
2025-02-23,H24,0,00:00,2025-02-22,24.0,6,46952.68472497494,0.0,0.0,0.0,0.0,0.0,46952.688965977366,0.034286400000041795,0.0,1,1,fallback_q80_q20,41;46;37;50;6;3;38;8;30;42;32;7;48;22;38;42;32;45;38;23;31;46;43;12;47;39;49;33;38;19,7.958078640513122e-13,7.958078640513122e-13,0.0,0,0,0
2025-02-23,H24,36,06:00,2025-02-22,24.0,6,4487.682503919046,4517.181733668332,29.499229749285732,0.0,3629.733169708294,121.2999856869584,14467.596526994967,0.03990320000002612,0.0,1,1,fallback_q80_q20,27;45;42;9;40;43;32;31;29;31;45;27;50;31;31;40;45;32;24;14;11;11;39;31;9;39;50;32;11;45,9.094947017729282e-13,2.2737367544323206e-13,0.0,0,0,0
2025-02-23,H24,72,12:00,2025-02-22,24.0,6,-453.0149350641066,406.56074188254905,859.5756769466557,0.0,237.647167308613,2377.7728932476475,19174.163454696212,0.031581299999970724,0.0,1,1,fallback_q80_q20,28;34;39;16;41;6;44;36;43;50;50;41;9;32;32;28;27;44;17;6;42;43;14;22;46;45;48;19;28;42,1.8189894035458565e-12,2.2737367544323206e-13,0.0,0,0,0
2025-02-23,H24,108,18:00,2025-02-22,24.0,6,1816.2109751289222,1816.2109751289222,0.0,0.0,1009.9977289954198,0.0,35500.038375842305,0.037552699999992,0.0,1,1,fallback_q80_q20,9;46;30;33;41;32;20;23;34;33;25;14;26;17;46;24;43;13;13;14;21;46;45;45;31;2;50;45;35;48,8.171241461241152e-13,2.2737367544323206e-13,0.0,0,0,0
2025-02-24,H24,0,00:00,2025-02-23,24.0,6,51951.44055649273,0.0,0.0,0.0,0.0,0.0,51951.44479303335,0.03306120000002011,0.0,1,1,fallback_q80_q20,19;24;48;48;32;20;51;48;19;27;51;15;51;37;51;4;27;5;50;43;46;44;10;39;11;20;45;42;23;6,9.094947017729282e-13,1.2505552149377763e-12,0.0,0,0,0
2025-02-24,H24,36,06:00,2025-02-23,24.0,6,-1516.6373376533606,0.0,1516.6373376533606,0.0,0.0,3351.4318730378664,8338.117788355117,0.03709460000004583,0.0,1,1,fallback_q80_q20,45;51;49;51;22;36;40;51;33;36;45;16;20;50;50;39;33;48;41;28;19;19;49;34;47;6;30;43;44;34,9.094947017729282e-13,2.2737367544323206e-13,0.0,0,0,0
2025-02-24,H24,72,12:00,2025-02-23,24.0,6,108.86713979130366,805.9593588962182,697.0922191049145,0.0,516.1855362406372,2579.6391621245157,17569.955074955742,0.040588899999988826,0.0,1,1,fallback_q80_q20,22;30;51;47;49;9;12;41;29;41;39;42;20;48;45;38;37;48;49;43;27;35;23;48;48;36;43;23;39;42,8.171241461241152e-13,2.2737367544323206e-13,0.0,0,0,0
2025-02-24,H24,108,18:00,2025-02-23,24.0,6,784.4534635425748,784.4534635425748,0.0,0.0,430.66344404065904,0.0,30305.449104081963,0.04641639999999825,0.0,1,1,fallback_q80_q20,51;14;7;27;40;10;8;13;1;38;39;40;50;8;33;44;40;37;50;48;11;51;48;3;8;27;16;25;22;19,7.815970093361102e-13,2.2737367544323206e-13,0.0,0,0,0
2025-02-25,H24,0,00:00,2025-02-24,24.0,6,50210.408549162574,0.0,0.0,0.0,0.0,0.0,50210.412752114746,0.031999300000052244,0.0,1,1,fallback_q80_q20,25;1;48;24;49;1;51;52;41;36;32;17;44;44;52;33;47;31;52;7;39;15;44;26;28;16;23;51;44;33,7.744915819785092e-13,6.821210263296962e-13,0.0,0,0,0
2025-02-25,H24,36,06:00,2025-02-24,24.0,6,-681.687770137738,772.8314941266274,1454.5192642643653,0.0,640.6969981925188,3849.9650603125983,9145.02858968801,0.04684259999999085,0.0,1,1,fallback_q80_q20,48;26;48;15;1;51;31;15;34;45;51;48;29;50;49;44;45;47;30;41;50;16;28;49;47;15;15;50;50;21,1.1368683772161603e-12,2.2737367544323206e-13,0.0,0,0,0
2025-02-25,H24,72,12:00,2025-02-24,24.0,6,-973.36872535905,489.30465449687483,1462.6733798559248,0.0,275.52367754475756,4868.17591062318,16813.391387943084,0.04165289999991728,0.0,1,1,fallback_q80_q20,40;45;45;41;25;15;43;23;19;49;49;35;40;26;37;3;44;51;50;49;40;9;32;19;26;52;34;41;26;43,9.094947017729282e-13,2.2737367544323206e-13,0.0,0,0,0
2025-02-25,H24,108,18:00,2025-02-24,24.0,6,573.2823467143241,573.6835526554645,0.40120594114038394,0.0,317.3064048360094,2.0793259452727852,30010.16206521397,0.04115400000000591,0.0,1,1,fallback_q80_q20,47;4;32;50;47;22;41;37;50;46;47;47;40;49;47;1;52;43;26;25;23;23;10;46;35;36;37;33;40;31,8.668621376273222e-13,2.2737367544323206e-13,0.0,0,0,0
2025-02-26,H24,0,00:00,2025-02-25,24.0,6,45548.841097734345,0.0,0.0,0.0,0.0,0.0,45548.84527026955,0.03607410000006439,0.0,1,1,fallback_q80_q20,34;51;23;23;21;41;45;45;6;11;15;30;34;41;20;38;42;44;49;19;52;49;40;41;37;49;50;23;48;33,8.171241461241152e-13,4.547473508864641e-13,0.0,0,0,0
2025-02-26,H24,36,06:00,2025-02-25,24.0,6,7879.204428088123,7885.349141137967,6.144713049844185,0.0,6653.963821957889,29.24058598220563,17870.230395728668,0.03769289999991088,0.0,1,1,fallback_q80_q20,8;33;49;53;46;27;46;30;27;13;25;25;20;24;49;8;37;40;8;42;11;7;31;51;34;31;42;46;23;50,8.526512829121202e-13,2.2737367544323206e-13,0.0,0,0,0
2025-02-26,H24,72,12:00,2025-02-25,24.0,6,376.4598297566911,890.2985566998082,513.8387269431171,0.0,729.6856813753227,2065.286965452077,27888.586749596452,0.03841529999999693,0.0,1,1,fallback_q80_q20,33;49;48;46;2;6;46;4;50;35;30;18;42;52;42;25;41;29;24;32;20;35;38;12;3;51;42;31;26;31,9.094947017729282e-13,2.2737367544323206e-13,0.0,0,0,0
2025-02-26,H24,108,18:00,2025-02-25,24.0,6,-203.25741101999262,0.0,203.25741101999262,0.0,0.0,397.16901848214883,34956.02422533993,0.025700099999994563,0.0,1,1,fallback_q80_q20,51;43;37;37;16;50;41;50;37;44;48;8;29;5;38;33;30;44;7;15;36;44;32;29;50;28;45;44;40;35,9.094947017729282e-13,4.547473508864641e-13,0.0,0,0,0
2025-02-27,H24,0,00:00,2025-02-26,24.0,6,46626.527076858474,0.0,0.0,0.0,0.0,0.0,46626.531189674715,0.03148609999993823,0.0,1,1,fallback_q80_q20,47;48;49;49;20;29;46;47;54;10;9;33;19;31;26;43;18;50;26;47;16;48;53;42;12;36;36;20;44;54,7.744915819785092e-13,9.094947017729282e-13,0.0,0,0,0
2025-02-27,H24,36,06:00,2025-02-26,24.0,6,1039.9559123541321,1154.7382545857113,114.78234223157914,0.0,1015.0588279279484,454.52397099893574,9020.265083896707,0.043914200000017445,0.0,1,1,fallback_q80_q20,54;29;43;54;50;51;13;22;27;51;32;51;6;50;48;29;19;54;18;42;49;34;35;38;7;44;33;50;44;7,1.0231815394945443e-12,2.5579538487363607e-13,0.0,0,0,0
2025-02-27,H24,72,12:00,2025-02-26,24.0,6,-33.60428686655405,226.13735915551587,259.7416460220699,0.0,172.18788996994124,1040.0318926428158,8392.55845676834,0.04194719999998142,0.0,1,1,fallback_q80_q20,47;9;49;7;54;34;52;43;9;1;49;2;32;34;40;44;40;19;4;30;28;26;54;14;41;54;30;46;41;49,9.094947017729282e-13,2.2737367544323206e-13,0.0,0,0,0
2025-02-27,H24,108,18:00,2025-02-26,24.0,6,-56.412920834843845,0.0,56.412920834843845,0.0,0.0,94.71109394546221,14262.697994853268,0.055714999999963766,0.0,1,1,fallback_q80_q20,36;48;44;15;14;52;40;49;44;16;40;37;13;38;48;37;20;28;48;51;37;52;52;40;13;19;6;53;10;2,8.526512829121202e-13,4.547473508864641e-13,0.0,0,0,0
2025-02-28,H24,0,00:00,2025-02-27,24.0,6,24960.76557251608,0.0,0.0,0.0,0.0,0.0,24960.76924480277,0.03529759999992166,0.0,1,1,fallback_q80_q20,6;53;46;54;45;17;44;27;54;47;3;47;17;50;30;33;24;5;41;48;34;54;15;49;43;30;39;36;29;23,9.094947017729282e-13,4.547473508864641e-13,0.0,0,0,0
2025-02-28,H24,36,06:00,2025-02-27,24.0,6,-247.61769083456178,0.0,247.61769083456178,0.0,0.0,518.952902256957,7443.9649763851085,0.040608800000086376,0.0,1,1,fallback_q80_q20,47;17;55;5;47;42;54;50;12;36;48;42;55;43;28;53;15;26;25;54;55;22;54;3;18;15;34;43;44;44,1.0231815394945443e-12,1.1368683772161603e-13,0.0,0,0,0
2025-02-28,H24,72,12:00,2025-02-27,24.0,6,-726.7923752726825,0.0,726.7923752726825,0.0,0.0,1550.1366552474583,8134.549622468196,0.050177699999949255,0.0,1,1,fallback_q80_q20,54;51;54;25;43;55;17;52;27;4;33;43;9;43;21;31;44;41;25;53;42;55;24;44;33;28;50;50;55;9,1.8189894035458565e-12,2.2737367544323206e-13,0.0,0,0,0
2025-02-28,H24,108,18:00,2025-02-27,24.0,6,-925.6816418847429,0.0,925.6816418847429,0.0,0.0,2076.7348859325193,13156.332803530091,0.03840160000004289,0.0,1,1,fallback_q80_q20,29;47;18;51;19;39;48;35;48;1;28;44;47;25;52;49;24;47;29;54;51;41;49;41;30;16;39;18;23;54,9.094947017729282e-13,1.1368683772161603e-13,0.0,0,0,0
2025-03-01,H24,0,00:00,2025-02-28,24.0,6,28307.619516569583,0.0,0.0,0.0,0.0,0.0,28307.623284188317,0.037230399999998554,0.0,1,1,fallback_q80_q20,54;56;10;28;16;45;50;4;55;41;29;39;46;8;53;38;24;39;31;11;47;37;6;19;52;27;53;51;16;4,9.094947017729282e-13,5.115907697472721e-13,0.0,0,0,0
2025-03-01,H24,36,06:00,2025-02-28,24.0,6,-2768.6887170767122,0.0,2768.6887170767122,0.0,0.0,9666.502045206646,7126.4707800515625,0.03633530000001883,0.0,1,1,fallback_q80_q20,40;56;30;26;37;13;3;33;28;42;47;33;35;18;12;44;7;55;56;7;10;19;35;47;53;26;5;44;32;25,6.821210263296962e-13,1.1368683772161603e-13,0.0,0,0,0
2025-03-01,H24,72,12:00,2025-02-28,24.0,6,841.9015903054553,845.6525035778427,3.7509132723874266,0.0,615.2903559182446,18.608478310841292,13833.483125538105,0.09001010000008591,0.0,1,1,fallback_q80_q20,51;12;11;51;1;34;46;46;48;37;10;53;21;17;56;52;47;11;18;16;37;39;52;35;45;27;25;53;44;27,9.094947017729282e-13,2.2737367544323206e-13,0.0,0,0,0
2025-03-01,H24,108,18:00,2025-02-28,24.0,6,-627.6178296293198,0.0,627.6178296293198,0.0,0.0,1317.0799708855066,27595.869458758883,0.03936080000005404,0.0,1,1,fallback_q80_q20,15;7;3;3;50;33;43;19;44;53;51;54;42;2;35;38;49;52;4;55;44;21;19;29;25;34;51;32;8;52,7.958078640513122e-13,2.2737367544323206e-13,0.0,0,0,0
2025-03-02,H24,0,00:00,2025-03-01,24.0,6,51184.40819216364,0.0,0.0,0.0,0.0,0.0,51184.41259061476,0.04043690000003153,0.0,1,1,fallback_q80_q20,7;52;4;31;10;27;57;46;42;39;23;52;37;45;11;57;5;25;39;53;51;57;43;52;43;55;8;50;47;57,6.821210263296962e-13,6.821210263296962e-13,0.0,0,0,0
2025-03-02,H24,36,06:00,2025-03-01,24.0,6,-1024.0285500668672,0.0,1024.0285500668672,0.0,0.0,2546.198014988363,8787.480003742818,0.03957150000007914,0.0,1,1,fallback_q80_q20,4;52;52;38;21;32;54;33;29;40;41;28;53;1;20;52;32;42;7;38;6;57;37;54;47;55;46;10;41;37,9.094947017729282e-13,2.2737367544323206e-13,0.0,0,0,0
2025-03-02,H24,72,12:00,2025-03-01,24.0,6,673.441119424303,1145.3249158347098,471.88379641040683,0.0,842.8417289967515,1740.218516032218,26078.678984441907,0.03336509999996906,0.0,1,1,fallback_q80_q20,44;48;9;7;4;53;17;45;46;53;41;40;41;47;25;50;52;34;49;52;45;15;36;3;52;36;32;27;55;44,7.958078640513122e-13,2.2737367544323206e-13,0.0,0,0,0
2025-03-02,H24,108,18:00,2025-03-01,24.0,6,2442.387427048922,2442.387427048922,0.0,0.0,1351.418331612544,0.0,38837.680578971245,0.03778569999997217,0.0,1,1,fallback_q80_q20,44;38;56;41;55;54;52;42;29;11;52;52;18;45;9;31;17;26;39;45;27;30;52;52;33;52;52;53;42;38,8.668621376273222e-13,2.2737367544323206e-13,0.0,0,0,0
2025-03-03,H24,0,00:00,2025-03-02,24.0,6,53949.9251896676,0.0,0.0,0.0,0.0,0.0,53949.92968131533,0.01594009999996615,0.0,1,1,fallback_q80_q20,29;15;55;49;56;36;22;17;1;9;31;56;57;28;55;34;32;57;57;15;54;34;55;45;3;15;50;26;8;56,9.094947017729282e-13,1.3642420526593924e-12,0.0,0,0,0
2025-03-03,H24,36,06:00,2025-03-02,24.0,6,-1447.3653657483403,1065.0696763335984,2512.4350420819387,0.0,803.1207127206662,7427.0460420615655,8942.231435900678,0.04223170000000209,0.0,1,1,fallback_q80_q20,11;2;58;12;31;47;36;36;46;55;47;21;20;1;56;56;49;33;34;25;54;57;55;28;7;43;33;2;33;36,9.094947017729282e-13,1.1368683772161603e-12,0.0,0,0,0
2025-03-03,H24,72,12:00,2025-03-02,24.0,6,-337.2167189476011,32.89730914143798,370.1140280890391,0.0,17.026270807876188,1129.7082047048539,20931.804895983714,0.03603770000006534,0.0,1,1,fallback_q80_q20,56;57;41;20;18;55;47;54;55;30;12;29;55;28;26;54;33;38;21;14;2;54;20;19;47;55;46;27;55;37,8.206768598029157e-13,2.2737367544323206e-13,0.0,0,0,0
2025-03-03,H24,108,18:00,2025-03-02,24.0,6,595.4300916169165,596.1412501339694,0.7111585170529198,0.0,328.10958371341985,3.397795112531867,31040.641576940143,0.0395591000000195,0.0,1,1,fallback_q80_q20,49;9;43;54;27;4;52;16;13;15;50;43;42;51;41;50;6;24;56;50;7;53;50;53;50;50;34;42;10;49,9.094947017729282e-13,2.2737367544323206e-13,0.0,0,0,0
2025-03-04,H24,0,00:00,2025-03-03,24.0,6,47846.34576783136,0.0,0.0,0.0,0.0,0.0,47846.34983767756,0.0386674999999741,0.0,1,1,fallback_q80_q20,51;49;21;54;25;54;24;47;37;43;40;26;55;58;56;27;40;14;15;55;48;33;40;21;43;43;13;1;24;33,8.384404281969182e-13,6.821210263296962e-13,0.0,0,0,0
2025-03-04,H24,36,06:00,2025-03-03,24.0,6,2201.3045186599074,2222.1745476560636,20.870028996156357,0.0,2228.8251982033003,62.63325495718857,12093.960273775718,0.04390969999997196,0.0,1,1,fallback_q80_q20,59;23;49;24;36;46;13;24;47;58;4;55;58;25;9;33;40;27;59;49;59;37;32;44;50;58;22;29;49;54,9.094947017729282e-13,2.2737367544323206e-13,0.0,0,0,0
2025-03-04,H24,72,12:00,2025-03-03,24.0,6,-1109.6518257482662,0.0,1109.6518257482662,0.0,0.0,3860.7496443241707,16185.923167980174,0.04286000000001877,0.0,1,1,fallback_q80_q20,50;42;44;42;55;54;29;30;54;57;56;51;50;41;54;59;59;13;33;29;40;40;47;58;25;44;54;5;43;7,9.094947017729282e-13,2.2737367544323206e-13,0.0,0,0,0
2025-03-04,H24,108,18:00,2025-03-03,24.0,6,1285.8665946304593,1286.4383924588692,0.5717978284099973,0.0,712.3344893744886,2.67445195701589,34416.57725667973,0.04000309999992169,0.0,1,1,fallback_q80_q20,50;27;42;45;11;38;55;28;37;34;14;30;56;56;29;39;52;55;57;25;55;11;11;46;57;55;58;49;32;37,9.094947017729282e-13,2.2737367544323206e-13,0.0,0,0,0
2025-03-05,H24,0,00:00,2025-03-04,24.0,6,50640.04387336429,0.0,0.0,0.0,0.0,0.0,50640.04820352296,0.013471999999978834,0.0,1,1,fallback_q80_q20,56;9;59;43;40;38;48;25;13;17;36;32;39;13;17;45;29;3;51;52;21;52;42;15;59;41;57;43;22;58,8.526512829121202e-13,4.547473508864641e-13,0.0,0,0,0
2025-03-05,H24,36,06:00,2025-03-04,24.0,6,-985.5321473346968,319.04782562571734,1304.5799729604141,0.0,218.3662087468859,3745.547625091821,8899.701596634088,0.039537400000085654,0.0,1,1,fallback_q80_q20,54;24;55;46;56;45;3;52;34;25;19;30;49;43;12;35;48;27;55;45;57;58;55;27;6;6;52;49;58;16,8.810729923425242e-13,2.2737367544323206e-13,0.0,0,0,0
2025-03-05,H24,72,12:00,2025-03-04,24.0,6,-1924.647995126656,0.0,1924.647995126656,0.0,0.0,5885.3686320153065,18935.441438558017,0.03912300000001778,0.0,1,1,fallback_q80_q20,51;48;55;59;24;17;55;40;51;7;8;39;15;41;1;35;59;50;56;43;30;27;50;58;59;19;17;9;17;48,9.094947017729282e-13,2.2737367544323206e-13,0.0,0,0,0
2025-03-05,H24,108,18:00,2025-03-04,24.0,6,1346.5065875849182,1346.7990512989327,0.2924637140143998,0.0,749.4324412658525,1.3860839526748805,34559.44924341857,0.03228669999998601,0.0,1,1,fallback_q80_q20,56;48;44;33;53;60;50;50;54;10;53;55;31;44;38;21;38;54;54;19;51;41;23;27;24;58;56;53;31;57,9.094947017729282e-13,2.2737367544323206e-13,0.0,0,0,0
2025-03-06,H24,0,00:00,2025-03-05,24.0,6,47741.168076225236,0.0,0.0,0.0,0.0,0.0,47741.17234646109,0.035653400000001056,0.0,1,1,fallback_q80_q20,61;41;49;48;10;39;58;57;41;26;54;4;19;49;37;56;52;55;61;35;49;12;38;41;50;43;61;61;55;53,8.526512829121202e-13,4.547473508864641e-13,0.0,0,0,0
2025-03-06,H24,36,06:00,2025-03-05,24.0,6,-571.409053732943,0.0,571.409053732943,0.0,0.0,1544.9741515176995,7393.259653910609,0.04283669999995254,0.0,1,1,fallback_q80_q20,42;44;38;24;28;61;50;54;27;58;17;59;30;50;35;61;52;56;5;51;59;48;56;1;45;27;39;61;37;34,9.094947017729282e-13,2.2737367544323206e-13,0.0,0,0,0
2025-03-06,H24,72,12:00,2025-03-05,24.0,6,-371.9340843067463,180.3001830056443,552.2342673123906,0.0,99.35132280004916,2121.027664187233,6723.179310632195,0.04961130000003777,0.0,1,1,fallback_q80_q20,6;56;58;55;47;41;49;26;31;2;16;26;39;49;41;47;43;17;26;44;60;44;40;55;61;51;61;32;41;34,9.094947017729282e-13,2.2737367544323206e-13,0.0,0,0,0
2025-03-06,H24,108,18:00,2025-03-05,24.0,6,1643.394052046644,1643.394052046644,0.0,0.0,915.1850184264152,0.0,16060.987872241538,0.037985200000093755,0.0,1,1,fallback_q80_q20,45;41;47;61;56;43;61;26;55;41;56;61;28;44;27;58;56;54;4;55;54;54;51;25;36;57;25;58;52;46,9.094947017729282e-13,2.2737367544323206e-13,0.0,0,0,0
2025-03-07,H24,0,00:00,2025-03-06,24.0,6,29106.226303198862,0.0,0.0,0.0,0.0,0.0,29106.23001831602,0.03453950000005079,0.0,1,1,fallback_q80_q20,30;49;50;22;52;25;58;44;58;11;34;61;25;57;14;17;10;56;27;56;15;5;61;59;38;57;6;16;52;21,9.094947017729282e-13,6.821210263296962e-13,0.0,0,0,0
2025-03-07,H24,36,06:00,2025-03-06,24.0,6,-2635.470262224353,0.0,2635.470262224353,0.0,0.0,8433.19103483281,4870.005630973666,0.043121700000028795,0.0,1,1,fallback_q80_q20,36;47;62;47;49;45;24;59;24;58;58;51;42;19;28;54;38;35;48;62;42;39;37;30;61;37;22;54;7;44,9.094947017729282e-13,1.1368683772161603e-13,0.0,0,0,0
2025-03-07,H24,72,12:00,2025-03-06,24.0,6,-163.53673316015386,0.0,163.53673316015386,0.0,0.0,403.45852419553944,10974.934311858407,0.04888169999992442,0.0,1,1,fallback_q80_q20,54;34;16;38;32;12;26;5;12;53;55;59;48;35;57;32;60;60;20;33;13;59;20;36;26;60;49;12;51;12,8.526512829121202e-13,1.1368683772161603e-13,0.0,0,0,0
2025-03-07,H24,108,18:00,2025-03-06,24.0,6,-815.2218352050287,0.0,815.2218352050287,0.0,0.0,1774.1358909536114,8509.787835033732,0.03775740000003225,0.0,1,1,fallback_q80_q20,58;47;19;40;40;58;53;24;6;6;58;18;52;39;32;30;7;61;49;55;50;61;61;59;28;36;10;27;47;32,5.9117155615240335e-12,1.1368683772161603e-13,0.0,0,0,0
2025-03-08,H24,0,00:00,2025-03-07,24.0,6,20409.16030157708,0.0,0.0,0.0,0.0,0.0,20409.164162910412,0.04181560000006357,0.0,1,1,fallback_q80_q20,11;36;60;47;53;41;60;59;50;54;60;9;37;62;63;62;36;44;37;43;62;20;38;39;17;42;3;63;36;44,9.094947017729282e-13,4.547473508864641e-13,0.0,0,0,0
2025-03-08,H24,36,06:00,2025-03-07,24.0,6,800.29783041119,853.8102769083574,53.512446497167424,0.0,600.7191453503907,165.85224077264562,8292.767006813296,0.04472720000001118,0.0,1,1,fallback_q80_q20,46;43;48;27;43;42;38;60;60;59;32;35;45;60;60;45;16;54;46;52;10;16;40;7;53;59;44;44;46;32,1.2647660696529783e-12,1.1368683772161603e-13,0.0,0,0,0
2025-03-08,H24,72,12:00,2025-03-07,24.0,6,-145.7760039773669,0.0,145.7760039773669,0.0,0.0,256.8308773224599,14635.300092120653,0.052322000000003754,0.0,1,1,fallback_q80_q20,30;60;40;31;32;40;48;60;31;45;27;3;52;21;47;51;53;46;22;59;57;10;32;46;39;8;60;53;49;60,9.094947017729282e-13,2.2737367544323206e-13,0.0,0,0,0
2025-03-08,H24,108,18:00,2025-03-07,24.0,6,-395.35180791321807,0.0,395.35180791321807,0.0,0.0,764.9031444728769,19578.47825607421,0.03857179999999971,0.0,1,1,fallback_q80_q20,56;51;62;55;30;19;32;11;58;37;59;18;60;54;62;43;52;49;61;51;63;61;25;52;25;3;57;45;53;57,1.0231815394945443e-12,2.2737367544323206e-13,0.0,0,0,0
2025-03-09,H24,0,00:00,2025-03-08,24.0,6,44430.01259466358,0.0,0.0,0.0,0.0,0.0,44430.01682923164,0.03534630000001471,0.0,1,1,fallback_q80_q20,48;56;49;32;49;23;53;49;54;35;39;38;33;42;61;60;47;58;59;45;32;17;17;53;58;10;46;37;17;57,8.526512829121202e-13,6.821210263296962e-13,0.0,0,0,0
2025-03-09,H24,36,06:00,2025-03-08,24.0,6,-3155.808128926094,0.0,3155.808128926094,0.0,0.0,10125.426894436328,6465.873909946303,0.04355449999991379,0.0,1,1,fallback_q80_q20,37;3;49;45;57;19;18;42;60;59;46;10;33;35;57;59;38;37;51;55;45;46;3;38;57;58;56;59;60;17,1.0231815394945443e-12,2.2737367544323206e-13,0.0,0,0,0
2025-03-09,H24,72,12:00,2025-03-08,24.0,6,5659.366029178345,5659.366029178345,0.0,0.0,4960.488458995213,0.0,24627.715081333812,0.041952300000048126,0.0,1,1,fallback_q80_q20,41;9;10;53;31;8;62;43;57;3;56;58;29;62;11;10;13;56;55;52;63;49;53;14;64;7;52;4;59;45,9.094947017729282e-13,2.2737367544323206e-13,0.0,0,0,0
2025-03-09,H24,108,18:00,2025-03-08,24.0,6,2059.1872575727584,2059.1872575727584,0.0,0.0,1145.8552346341212,0.0,42740.58754738449,0.01854209999999057,1.7023532037590525e-16,1,1,fallback_q80_q20,64;25;21;29;63;57;32;37;14;4;60;38;25;57;61;41;35;51;48;47;50;51;52;63;55;27;30;8;12;16,9.094947017729282e-13,3.410605131648481e-13,0.0,0,0,0
2025-03-10,H24,0,00:00,2025-03-09,24.0,6,46069.8818106878,0.0,0.0,0.0,0.0,0.0,46069.88600385447,0.013336799999933646,0.0,1,1,fallback_q80_q20,46;41;28;14;62;63;62;61;64;62;64;28;64;46;64;65;57;28;58;65;52;49;50;19;24;65;61;2;17;38,8.384404281969182e-13,9.094947017729282e-13,0.0,0,0,0
2025-03-10,H24,36,06:00,2025-03-09,24.0,6,3933.730717039495,3990.9547420504136,57.22402501091861,0.0,3270.082056181008,175.37793633240813,13282.495103083258,0.0395739999999023,0.0,1,1,fallback_q80_q20,60;54;58;39;62;49;62;65;50;56;59;62;63;61;18;57;6;31;33;65;25;29;50;53;58;65;12;55;63;37,9.094947017729282e-13,2.2737367544323206e-13,0.0,0,0,0
2025-03-10,H24,72,12:00,2025-03-09,24.0,6,-860.4143332670113,0.0,860.4143332670113,0.0,0.0,2672.464814627275,13557.444768741829,0.045125799999937044,0.0,1,1,fallback_q80_q20,19;34;56;21;63;63;30;63;39;57;8;26;62;63;33;8;63;50;61;7;59;51;57;44;62;44;36;42;27;65,9.094947017729282e-13,2.2737367544323206e-13,0.0,0,0,0
2025-03-10,H24,108,18:00,2025-03-09,24.0,6,734.2842883412068,735.2922678367513,1.007979495544539,0.0,421.99325544664174,4.753499153711573,38670.5233045144,0.03275349999989885,0.0,1,1,fallback_q80_q20,26;41;12;35;64;24;49;61;48;64;55;34;56;54;20;58;65;50;61;12;65;23;61;6;31;46;62;56;32;29,7.958078640513122e-13,2.2737367544323206e-13,0.0,0,0,0
2025-03-11,H24,0,00:00,2025-03-10,24.0,6,41769.069984877104,0.0,0.0,0.0,0.0,0.0,41769.07396971669,0.03606230000002597,0.0,1,1,fallback_q80_q20,46;65;32;64;44;13;58;64;56;28;43;64;20;47;62;64;48;59;41;35;6;29;58;51;57;63;37;55;53;6,7.389644451905042e-13,3.410605131648481e-13,0.0,0,0,0
2025-03-11,H24,36,06:00,2025-03-10,24.0,6,9997.811737681612,9997.811737681612,0.0,0.0,10258.057978051469,0.0,19451.5663769055,0.03670379999994111,0.0,1,1,fallback_q80_q20,59;63;33;29;54;56;46;25;33;42;53;29;26;48;61;29;44;62;42;39;49;58;60;48;5;50;27;50;49;18,7.958078640513122e-13,2.2737367544323206e-13,0.0,0,0,0
2025-03-11,H24,72,12:00,2025-03-10,24.0,6,-1653.228381729204,0.0,1653.228381729204,0.0,0.0,4888.053403174353,13407.716678545487,0.03809239999998226,0.0,1,1,fallback_q80_q20,64;22;5;42;57;12;54;65;42;27;64;51;47;65;25;14;22;26;48;65;49;42;61;33;52;58;63;29;52;15,9.094947017729282e-13,2.2737367544323206e-13,0.0,0,0,0
2025-03-11,H24,108,18:00,2025-03-10,24.0,6,928.086827242039,928.3573393747992,0.2705121327601176,0.0,513.178320518774,1.2924612172007528,27077.413016526498,0.041391200000020945,0.0,1,1,fallback_q80_q20,51;48;40;15;29;59;66;54;51;65;29;6;46;66;12;43;14;13;59;9;21;62;22;57;18;42;57;46;63;39,7.105427357601002e-13,7.958078640513122e-13,0.0,0,0,0
2025-03-12,H24,0,00:00,2025-03-11,24.0,6,46450.77098200269,0.0,0.0,0.0,0.0,0.0,46450.77514560765,0.033624799999984134,0.0,1,1,fallback_q80_q20,66;41;33;41;56;65;38;66;63;8;58;15;59;34;16;66;26;18;40;46;56;55;23;36;52;23;58;64;49;25,9.094947017729282e-13,6.821210263296962e-13,0.0,0,0,0
2025-03-12,H24,36,06:00,2025-03-11,24.0,6,-1974.836119652863,290.1026761698709,2264.938795822734,0.0,158.97283178012174,6742.156201479347,7366.781612287686,0.042251800000030926,0.0,1,1,fallback_q80_q20,28;63;63;46;55;44;37;58;66;18;27;43;57;62;62;59;6;64;46;62;65;62;65;14;54;36;31;27;54;64,8.668621376273222e-13,2.2737367544323206e-13,0.0,0,0,0
2025-03-12,H24,72,12:00,2025-03-11,24.0,6,2415.1486774627942,2573.9203103694686,158.77163290667423,0.0,2158.988302640951,699.3687058337706,16967.864170212226,0.0436491999998907,0.0,1,1,fallback_q80_q20,60;52;19;65;61;29;35;66;20;28;22;59;62;64;58;59;64;55;61;66;63;45;15;53;37;63;54;62;6;35,8.810729923425242e-13,2.2737367544323206e-13,0.0,0,0,0
2025-03-12,H24,108,18:00,2025-03-11,24.0,6,292.1914462380837,294.85298229734843,2.6615360592647157,0.0,163.494484168977,6.85609494916207,35783.8478182529,0.035042299999986426,0.0,1,1,fallback_q80_q20,56;19;36;40;50;59;41;66;47;63;22;48;35;37;52;14;64;40;61;8;64;65;57;34;48;61;49;67;62;54,9.094947017729282e-13,2.2737367544323206e-13,0.0,0,0,0
2025-03-13,H24,0,00:00,2025-03-12,24.0,6,48863.344861017904,0.0,0.0,0.0,0.0,0.0,48863.34898675439,0.034232099999940147,0.0,1,1,fallback_q80_q20,58;42;58;8;46;12;68;60;57;64;36;53;33;30;48;25;66;5;48;67;68;62;26;53;58;54;63;56;30;48,9.094947017729282e-13,7.958078640513122e-13,0.0,0,0,0
2025-03-13,H24,36,06:00,2025-03-12,24.0,6,-383.8961435279021,82.96137396085753,466.85751748875964,0.0,82.62262121388062,1265.7262053182635,7041.467758653344,0.046002600000065286,0.0,1,1,fallback_q80_q20,57;62;53;53;6;19;67;51;36;59;24;42;68;55;42;36;62;43;64;51;27;21;63;59;21;47;66;39;9;58,9.094947017729282e-13,2.2737367544323206e-13,0.0,0,0,0
2025-03-13,H24,72,12:00,2025-03-12,24.0,6,-248.72987700422635,257.94043674009606,506.6703137443224,0.0,253.3400962409125,1966.0455370305765,10929.923801732857,0.04848179999999047,0.0,1,1,fallback_q80_q20,15;58;21;52;31;64;62;41;63;35;27;52;65;16;40;54;62;24;31;58;26;66;35;67;66;50;58;38;61;56,9.094947017729282e-13,2.2737367544323206e-13,0.0,0,0,0
2025-03-13,H24,108,18:00,2025-03-12,24.0,6,-12.308987219430245,0.0,12.308987219430245,0.0,0.0,28.663212708183664,12141.518916374162,0.05789130000005116,0.0,1,1,fallback_q80_q20,63;50;50;63;61;51;29;16;68;39;40;68;51;51;49;68;57;47;60;59;48;58;19;54;62;45;35;63;60;58,9.094947017729282e-13,1.0231815394945443e-12,0.0,0,0,0
2025-03-14,H24,0,00:00,2025-03-13,24.0,6,22669.22664440624,0.0,0.0,0.0,0.0,0.0,22669.23050573957,0.051620299999967756,0.0,1,1,fallback_q80_q20,58;14;30;43;52;61;23;68;61;30;35;36;20;12;12;69;37;39;46;54;24;47;26;26;39;60;49;31;57;41,7.958078640513122e-13,6.252776074688882e-13,0.0,0,0,0
2025-03-14,H24,36,06:00,2025-03-13,24.0,6,60.46619246950735,145.5658739185891,85.09968144908174,0.0,138.41088711121506,248.03093398616147,6102.820391559839,0.041060900000047695,0.0,1,1,fallback_q80_q20,65;61;59;45;43;53;65;69;16;69;57;55;65;55;41;55;40;65;63;48;59;38;37;32;58;42;67;47;55;8,9.094947017729282e-13,1.1368683772161603e-13,0.0,0,0,0
2025-03-14,H24,72,12:00,2025-03-13,24.0,6,-839.9005067963975,0.0,839.9005067963975,0.0,0.0,1697.2122829433379,4513.681405530494,0.04940539999995508,0.0,1,1,fallback_q80_q20,69;53;45;28;65;66;52;57;34;28;57;47;49;27;58;55;48;68;34;68;26;50;69;64;25;65;46;58;69;30,1.9042545318370685e-12,1.1368683772161603e-13,0.0,0,0,0
2025-03-14,H24,108,18:00,2025-03-13,24.0,6,-743.4603485964393,0.0,743.4603485964393,0.0,0.0,1665.192219316451,7749.910925681096,0.03569079999999758,0.0,1,1,fallback_q80_q20,64;35;26;64;63;54;12;12;12;28;41;67;43;58;32;67;9;55;69;48;44;68;30;43;63;65;22;45;46;67,7.389644451905042e-13,1.1368683772161603e-13,0.0,0,0,0
2025-03-15,H24,0,00:00,2025-03-14,24.0,6,18730.859703066348,0.0,0.0,0.0,0.0,0.0,18730.863532372783,0.03816089999997985,0.0,1,1,fallback_q80_q20,21;24;31;32;59;70;57;45;4;66;24;66;66;51;3;26;34;65;42;30;66;50;68;60;11;34;26;43;24;70,9.094947017729282e-13,9.094947017729282e-13,0.0,0,0,0
2025-03-15,H24,36,06:00,2025-03-14,24.0,6,2071.0135379126714,2125.712194950365,54.698657037693636,0.0,2658.5045368868314,205.3670414730351,9771.328304226237,0.035038500000041495,0.0,1,1,fallback_q80_q20,63;58;59;52;35;42;10;66;61;32;59;62;59;3;28;25;67;52;51;65;54;35;3;41;69;51;49;69;59;63,9.094947017729282e-13,1.1368683772161603e-13,0.0,0,0,0
2025-03-15,H24,72,12:00,2025-03-14,24.0,6,19.97534200719781,429.34739178991896,409.37204978272115,0.0,305.02844846084093,1688.381136781985,12102.94290517139,0.04354590000002645,0.0,1,1,fallback_q80_q20,59;58;57;68;39;45;66;59;68;45;54;38;68;67;63;3;28;49;23;39;52;67;35;33;67;18;49;60;59;63,1.0231815394945443e-12,2.2737367544323206e-13,0.0,0,0,0
2025-03-15,H24,108,18:00,2025-03-14,24.0,6,-234.95513998138003,0.0,234.95513998138003,0.0,0.0,445.439662495204,22353.66550247711,0.04383450000000266,0.0,1,1,fallback_q80_q20,69;33;3;20;46;10;60;27;67;69;38;4;46;52;67;15;32;60;35;33;69;47;57;31;23;30;15;68;38;66,9.094947017729282e-13,2.2737367544323206e-13,0.0,0,0,0
2025-03-16,H24,0,00:00,2025-03-15,24.0,6,42352.75133044073,0.0,0.0,0.0,0.0,0.0,42352.75558503164,0.03375579999999445,0.0,1,1,fallback_q80_q20,66;56;34;60;16;53;30;67;4;17;60;24;46;32;66;33;36;56;42;50;36;58;57;64;27;46;34;24;66;67,9.094947017729282e-13,1.1368683772161603e-12,0.0,0,0,0
2025-03-16,H24,36,06:00,2025-03-15,24.0,6,3308.1211165295526,3349.86124534781,41.740128818257205,0.0,3509.0352977778243,139.11154899685994,12815.077721621374,0.043771300000003066,0.0,1,1,fallback_q80_q20,58;61;67;24;53;59;53;21;46;54;59;65;63;66;31;46;67;65;29;52;67;59;69;42;40;29;10;39;32;31,9.094947017729282e-13,2.2737367544323206e-13,0.0,0,0,0
2025-03-16,H24,72,12:00,2025-03-15,24.0,6,-921.8992088851537,71.40830715776599,993.3075160429197,0.0,38.47628307360719,2984.022419507814,13352.115617710633,0.04885860000001685,0.0,1,1,fallback_q80_q20,3;69;41;26;31;68;10;66;48;59;60;34;26;52;47;63;66;64;71;61;62;39;36;56;68;3;34;16;33;34,8.419931418757187e-13,2.2737367544323206e-13,0.0,0,0,0
2025-03-16,H24,108,18:00,2025-03-15,24.0,6,2043.8447990701973,2043.8447990701973,0.0,0.0,1135.109182710036,0.0,26969.394503421165,0.03803219999997509,0.0,1,1,fallback_q80_q20,68;10;35;57;36;63;68;31;29;44;46;64;38;39;62;66;47;10;68;31;33;48;34;56;59;57;42;60;67;50,1.0231815394945443e-12,2.2737367544323206e-13,0.0,0,0,0
2025-03-17,H24,0,00:00,2025-03-16,24.0,6,44291.21970242784,0.0,0.0,0.0,0.0,0.0,44291.223731860715,0.014541900000040187,1.6427538011214382e-16,1,1,fallback_q80_q20,47;60;64;59;68;72;29;56;27;60;32;52;59;61;61;40;48;53;39;28;48;64;39;35;65;24;71;64;30;39,8.810729923425242e-13,4.547473508864641e-13,0.0,0,0,0
2025-03-17,H24,36,06:00,2025-03-16,24.0,6,-3178.3368448817355,0.0,3178.3368448817355,0.0,0.0,10061.392067721783,6027.241161081248,0.04010410000000775,0.0,1,1,fallback_q80_q20,62;16;61;22;72;71;21;44;50;35;63;70;70;43;70;67;50;28;64;70;57;22;71;69;21;72;59;69;13;49,1.0231815394945443e-12,2.2737367544323206e-13,0.0,0,0,0
2025-03-17,H24,72,12:00,2025-03-16,24.0,6,3465.0742324955527,3481.4105657605787,16.33633326502596,0.0,3161.525049170132,77.10809317019152,21722.793978035817,0.041164699999967524,0.0,1,1,fallback_q80_q20,63;53;56;72;34;54;59;48;19;39;61;55;54;51;65;29;34;69;36;20;28;61;58;20;65;49;46;51;29;59,9.094947017729282e-13,2.2737367544323206e-13,0.0,0,0,0
2025-03-17,H24,108,18:00,2025-03-16,24.0,6,439.2394211764934,439.2394211764934,0.0,0.0,237.69519976051038,0.0,22754.253836226886,0.03786950000005618,0.0,1,1,fallback_q80_q20,69;64;54;36;20;44;50;67;65;68;71;48;68;63;29;39;61;33;65;47;33;53;41;66;65;24;40;33;44;42,9.094947017729282e-13,5.684341886080801e-13,0.0,0,0,0
2025-03-18,H24,0,00:00,2025-03-17,24.0,6,47245.3268384533,0.0,0.0,0.0,0.0,0.0,47245.331031619964,0.015937200000053053,0.0,1,1,fallback_q80_q20,66;40;56;30;73;50;71;67;70;40;45;57;51;45;47;73;68;22;54;69;72;48;43;71;59;64;72;42;68;43,9.094947017729282e-13,1.3642420526593924e-12,0.0,0,0,0
2025-03-18,H24,36,06:00,2025-03-17,24.0,6,-1095.696886121666,584.9665970060789,1680.663483127745,0.0,474.72294829534474,5068.657589995264,8253.943285843345,0.04019149999999172,0.0,1,1,fallback_q80_q20,65;47;58;26;23;56;50;47;73;63;23;64;65;28;37;31;43;39;21;61;32;33;55;72;64;47;48;71;72;21,9.094947017729282e-13,2.2737367544323206e-13,0.0,0,0,0
2025-03-18,H24,72,12:00,2025-03-17,24.0,6,-673.4090211822685,216.06713138399869,889.4761525662672,0.0,114.0129321643887,2852.037375223596,13794.802885768038,0.047291800000039075,0.0,1,1,fallback_q80_q20,12;68;63;66;71;58;35;71;61;65;68;69;47;54;64;56;56;37;71;53;52;70;67;65;50;38;69;69;52;65,9.094947017729282e-13,2.2737367544323206e-13,0.0,0,0,0
2025-03-18,H24,108,18:00,2025-03-17,24.0,6,320.2976905889768,320.2976905889768,0.0,0.0,191.12249279271634,0.0,21970.27499901506,0.04183920000002672,0.0,1,1,fallback_q80_q20,45;66;51;68;69;63;40;71;37;44;15;70;49;68;49;14;62;67;41;47;67;69;63;68;65;23;52;28;20;55,8.810729923425242e-13,1.4779288903810084e-12,0.0,0,0,0
2025-03-19,H24,0,00:00,2025-03-18,24.0,6,39726.47950789149,0.0,0.0,0.0,0.0,0.0,39726.48338323054,0.03920230000005631,0.0,1,1,fallback_q80_q20,68;65;57;41;28;39;35;36;40;72;73;54;74;72;48;65;63;73;55;30;61;70;69;73;68;74;50;22;55;52,9.094947017729282e-13,7.958078640513122e-13,0.0,0,0,0
2025-03-19,H24,36,06:00,2025-03-18,24.0,6,7324.1302022122845,7342.409777985673,18.27957577338828,0.0,7757.189701983149,58.252159586462085,16548.730996288585,0.03833009999993919,0.0,1,1,fallback_q80_q20,65;71;71;57;50;73;50;20;62;68;71;52;62;71;61;68;74;38;61;64;57;64;32;71;53;59;21;62;34;72,9.094947017729282e-13,2.2737367544323206e-13,0.0,0,0,0
2025-03-19,H24,72,12:00,2025-03-18,24.0,6,-1079.4361106518845,0.0,1079.4361106518845,0.0,0.0,3596.8800137353223,14428.663383883397,0.038553100000058294,0.0,1,1,fallback_q80_q20,72;71;56;73;73;72;65;61;48;41;46;40;54;59;72;63;65;72;21;70;54;28;74;72;54;52;37;70;13;22,9.094947017729282e-13,2.2737367544323206e-13,0.0,0,0,0
2025-03-19,H24,108,18:00,2025-03-18,24.0,6,610.9909288744946,610.9909288744946,0.0,0.0,350.9941660155852,0.0,25741.08934357188,0.0384571000000733,0.0,1,1,fallback_q80_q20,72;74;19;13;74;74;35;73;61;21;64;38;42;64;54;38;70;67;70;58;34;55;52;57;15;44;30;72;58;73,7.105427357601002e-13,4.547473508864641e-13,0.0,0,0,0
2025-03-20,H24,0,00:00,2025-03-19,24.0,6,45863.95784973759,0.0,0.0,0.0,0.0,0.0,45863.96196230634,0.03963459999999941,0.0,1,1,fallback_q80_q20,28;59;21;64;71;71;60;21;68;72;75;34;52;59;27;35;52;27;22;71;75;29;45;35;71;43;66;40;69;55,7.958078640513122e-13,1.2505552149377763e-12,0.0,0,0,0
2025-03-20,H24,36,06:00,2025-03-19,24.0,6,-2683.2053516367337,90.70320335701506,2773.9085549937486,0.0,52.31737805260212,8624.094375978646,4720.526399995598,0.04582499999992251,0.0,1,1,fallback_q80_q20,49;50;30;53;59;62;70;58;41;64;75;35;41;59;14;31;28;47;69;56;16;75;53;26;27;75;75;60;75;34,1.0231815394945443e-12,2.2737367544323206e-13,0.0,0,0,0
2025-03-20,H24,72,12:00,2025-03-19,24.0,6,3180.871805223084,3181.154797517569,0.28299229448538055,0.0,3276.2918892515495,1.4666612826399614,10906.404917112513,0.04073370000003251,0.0,1,1,fallback_q80_q20,68;57;72;34;54;65;12;74;51;42;70;59;75;12;73;70;35;45;53;60;42;22;71;68;28;75;65;37;67;48,9.094947017729282e-13,2.2737367544323206e-13,0.0,0,0,0
2025-03-20,H24,108,18:00,2025-03-19,24.0,6,-32.11161799870633,0.0,32.11161799870633,0.0,0.0,53.454085695638696,10499.806808506291,0.03796020000004319,0.0,1,1,fallback_q80_q20,51;63;61;37;48;26;38;75;35;12;56;73;54;62;72;74;26;49;68;64;72;44;42;72;72;75;12;56;63;28,7.958078640513122e-13,9.094947017729282e-13,0.0,0,0,0
2025-03-21,H24,0,00:00,2025-03-20,24.0,6,21650.818245546612,0.0,0.0,0.0,0.0,0.0,21650.822116473784,0.037274599999932434,0.0,1,1,fallback_q80_q20,29;69;65;42;37;49;61;61;76;75;69;19;20;65;41;66;34;75;74;47;41;33;34;73;52;26;70;28;76;72,9.094947017729282e-13,3.979039320256561e-13,0.0,0,0,0
2025-03-21,H24,36,06:00,2025-03-20,24.0,6,-766.9034605178206,0.0,766.9034605178206,0.0,0.0,1916.0355648541813,4962.996421411268,0.045695000000023356,0.0,1,1,fallback_q80_q20,71;69;40;72;62;57;64;21;69;75;63;72;61;75;42;38;63;27;44;75;69;40;23;68;31;69;60;66;75;59,7.958078640513122e-13,1.1368683772161603e-13,0.0,0,0,0
2025-03-21,H24,72,12:00,2025-03-20,24.0,6,-131.13422343984607,0.0,131.13422343984607,0.0,0.0,273.1772279315577,4920.028290197237,0.04737380000005942,0.0,1,1,fallback_q80_q20,51;76;64;57;53;72;64;75;76;71;74;38;64;72;48;62;50;14;69;38;67;32;42;44;75;23;26;63;71;73,3.637978807091713e-12,1.1368683772161603e-13,0.0,0,0,0
2025-03-21,H24,108,18:00,2025-03-20,24.0,6,-1076.5848332319156,0.0,1076.5848332319156,0.0,0.0,2413.4035247167667,7308.190463588142,0.0824357000000191,0.0,1,1,fallback_q80_q20,70;75;67;45;64;29;68;42;21;62;62;15;47;75;43;54;62;71;42;29;38;69;21;67;51;30;70;50;45;63,1.3642420526593924e-12,1.4779288903810084e-12,0.0,0,0,0
2025-03-22,H24,0,00:00,2025-03-21,24.0,6,20440.609721037687,0.0,0.0,0.0,0.0,0.0,20440.613574538595,0.03339219999998022,0.0,1,1,fallback_q80_q20,72;43;76;69;60;72;36;59;28;49;55;60;73;72;18;73;40;39;66;60;67;73;44;61;65;59;48;66;69;66,7.958078640513122e-13,5.684341886080801e-13,0.0,0,0,0
2025-03-22,H24,36,06:00,2025-03-21,24.0,6,-591.8498869445136,0.0,591.8498869445136,0.0,0.0,1298.2953238954678,6847.845263404698,0.037814700000012635,0.0,1,1,fallback_q80_q20,57;50;31;26;11;60;69;39;44;66;26;30;73;28;54;34;38;66;57;71;30;26;73;45;49;65;71;61;49;69,8.526512829121202e-13,1.1368683772161603e-13,0.0,0,0,0
2025-03-22,H24,72,12:00,2025-03-21,24.0,6,-230.6362159031004,0.0,230.6362159031004,0.0,0.0,464.778563231944,12594.92138250056,0.04101570000000265,0.0,1,1,fallback_q80_q20,62;61;72;50;42;68;44;49;33;75;66;51;10;75;72;64;42;70;74;74;41;40;61;32;64;73;59;74;47;26,9.094947017729282e-13,2.2737367544323206e-13,0.0,0,0,0
2025-03-22,H24,108,18:00,2025-03-21,24.0,6,-233.04445045011883,0.0,233.04445045011883,0.0,0.0,484.43562695525463,25938.19897631612,0.03861810000000787,0.0,1,1,fallback_q80_q20,42;32;48;62;18;56;60;39;47;66;74;44;31;69;27;51;59;38;33;70;77;73;34;74;58;74;42;33;77;66,8.526512829121202e-13,2.2737367544323206e-13,0.0,0,0,0
2025-03-23,H24,0,00:00,2025-03-22,24.0,6,40391.3173747744,0.0,0.0,0.0,0.0,0.0,40391.321345736775,0.03617369999994935,0.0,1,1,fallback_q80_q20,50;59;26;65;34;63;37;67;46;46;75;23;51;27;65;49;66;75;71;78;65;54;61;77;56;30;11;78;58;73,9.094947017729282e-13,5.684341886080801e-13,0.0,0,0,0
2025-03-23,H24,36,06:00,2025-03-22,24.0,6,1284.1621043943135,1732.795876933435,448.6337725391216,0.0,1326.264761554567,1147.0635276805144,10682.955989682803,0.05076819999999316,0.0,1,1,fallback_q80_q20,60;61;41;67;36;38;73;40;59;62;74;71;54;68;61;75;48;34;33;30;53;54;26;24;73;78;23;11;17;74,9.094947017729282e-13,2.2737367544323206e-13,0.0,0,0,0
2025-03-23,H24,72,12:00,2025-03-22,24.0,6,199.04674096774568,831.4744170013482,632.4276760336026,0.0,514.8668895788865,2212.984162831733,17831.29504433028,0.04751090000002023,0.0,1,1,fallback_q80_q20,66;75;69;78;74;52;69;47;72;74;76;25;71;63;66;58;46;77;77;31;78;72;67;57;62;28;56;10;23;29,1.0231815394945443e-12,2.2737367544323206e-13,0.0,0,0,0
2025-03-23,H24,108,18:00,2025-03-22,24.0,6,2940.734269662173,2940.734269662173,0.0,0.0,1632.3765223853375,0.0,31465.205969968803,0.038200899999992544,0.0,1,1,fallback_q80_q20,75;55;43;69;49;39;11;32;39;39;52;66;17;27;27;51;34;63;66;65;57;71;49;52;67;73;74;56;67;73,9.094947017729282e-13,2.2737367544323206e-13,0.0,0,0,0
2025-03-24,H24,0,00:00,2025-03-23,24.0,6,42038.7455672598,0.0,0.0,0.0,0.0,0.0,42038.74959076418,0.03528099999994083,0.0,1,1,fallback_q80_q20,46;56;77;44;16;58;61;68;66;57;58;68;57;74;77;76;34;20;47;64;57;79;79;76;77;77;79;72;54;67,7.958078640513122e-13,9.094947017729282e-13,0.0,0,0,0
2025-03-24,H24,36,06:00,2025-03-23,24.0,6,477.02579978434494,1383.278115410296,906.2523156259512,0.0,1112.3192531484528,3041.582906721105,9655.919147172244,0.058135699999979806,0.0,1,1,fallback_q80_q20,77;51;28;76;75;55;78;22;38;64;63;23;55;64;38;78;78;53;43;41;35;39;50;16;40;20;45;32;65;71,9.094947017729282e-13,2.2737367544323206e-13,0.0,0,0,0
2025-03-24,H24,72,12:00,2025-03-23,24.0,6,27.20481814231772,371.1553961272661,343.9505779849484,0.0,279.7154417392145,1396.2111261347616,18042.752213209165,0.04795820000003914,0.0,1,1,fallback_q80_q20,62;78;75;74;77;55;21;58;75;77;74;50;78;75;72;23;54;58;79;75;58;43;73;77;19;69;79;55;79;65,2.1600499167107046e-12,2.2737367544323206e-13,0.0,0,0,0
2025-03-24,H24,108,18:00,2025-03-23,24.0,6,463.6450009072081,463.6450009072081,0.0,0.0,245.2637241706613,0.0,27319.045527196755,0.04160950000004959,0.0,1,1,fallback_q80_q20,22;40;75;71;49;41;56;69;35;39;44;36;73;71;41;54;77;72;72;62;67;68;62;62;54;36;72;76;71;19,8.980594046192891e-13,2.2737367544323206e-13,0.0,0,0,0
2025-03-25,H24,0,00:00,2025-03-24,24.0,6,45989.93554596471,0.0,0.0,0.0,0.0,0.0,45989.93973913138,0.01317390000008345,0.0,1,1,fallback_q80_q20,45;79;79;74;43;76;79;51;61;47;44;69;49;58;43;36;55;64;61;38;65;58;62;30;72;77;45;74;58;59,9.094947017729282e-13,1.3642420526593924e-12,0.0,0,0,0
2025-03-25,H24,36,06:00,2025-03-24,24.0,6,-2901.116802511905,632.2048969416865,3533.3216994535915,0.0,346.3264649958467,11158.22880047209,6462.625347625972,0.04382380000004105,0.0,1,1,fallback_q80_q20,55;55;79;75;67;79;75;76;39;66;57;76;77;37;76;28;27;75;67;26;68;69;55;66;27;56;55;69;78;68,9.094947017729282e-13,2.2737367544323206e-13,0.0,0,0,0
2025-03-25,H24,72,12:00,2025-03-24,24.0,6,2927.9843292275477,2929.328116981186,1.343787753638639,0.0,2541.411304799278,5.615960068824393,14035.959457077744,0.037940100000014354,0.0,1,1,fallback_q80_q20,32;56;67;61;63;75;80;78;28;77;73;22;59;60;80;50;62;78;42;69;57;77;23;72;79;77;71;74;79;70,9.094947017729282e-13,2.2737367544323206e-13,0.0,0,0,0
2025-03-25,H24,108,18:00,2025-03-24,24.0,6,17.636123955880404,23.31108736908626,5.674963413205855,0.0,12.454296791505499,10.312873375629465,19683.441488062635,0.04089180000005399,0.0,1,1,fallback_q80_q20,69;65;70;78;27;77;67;69;35;30;55;77;76;80;68;78;58;76;20;49;19;63;51;64;66;70;76;79;58;70,8.171241461241152e-13,7.958078640513122e-13,0.0,0,0,0
2025-03-26,H24,0,00:00,2025-03-25,24.0,6,41794.9863617463,0.0,0.0,0.0,0.0,0.0,41794.99041605451,0.03689500000007229,0.0,1,1,fallback_q80_q20,81;69;48;65;55;39;77;79;51;61;60;53;76;65;79;56;79;77;35;46;81;45;34;48;34;63;55;75;23;66,9.094947017729282e-13,2.2737367544323206e-13,0.0,0,0,0
2025-03-26,H24,36,06:00,2025-03-25,24.0,6,37.79298025832054,1111.6248923892103,1073.8319121308898,0.0,902.580190264372,2747.731318441907,9370.866092891078,0.046983699999941564,0.0,1,1,fallback_q80_q20,58;77;39;81;77;73;28;68;48;75;78;69;36;28;35;72;78;77;33;45;78;76;59;40;28;22;20;62;33;78,9.094947017729282e-13,2.2737367544323206e-13,0.0,0,0,0
2025-03-26,H24,72,12:00,2025-03-25,24.0,6,-515.2717565457299,123.7000620787853,638.9718186245152,0.0,76.22801963278266,2542.176395943252,12584.933650477731,0.04939009999998234,0.0,1,1,fallback_q80_q20,57;79;59;80;67;59;20;38;21;76;57;54;55;80;60;76;80;45;49;77;69;36;57;39;71;33;50;48;63;57,1.3358203432289883e-12,1.6626700016786344e-12,0.0,0,0,0
2025-03-26,H24,108,18:00,2025-03-25,24.0,6,823.5197082477252,823.5197082477252,0.0,0.0,447.8652286352401,0.0,23807.80513051219,0.03805899999997564,0.0,1,1,fallback_q80_q20,39;48;80;46;42;63;64;43;62;43;28;73;48;72;76;79;67;48;79;29;27;73;78;64;78;54;58;51;42;33,9.094947017729282e-13,3.410605131648481e-13,0.0,0,0,0
2025-03-27,H24,0,00:00,2025-03-26,24.0,6,42755.31190920162,0.0,0.0,0.0,0.0,0.0,42755.31604997286,0.032006499999965854,0.0,1,1,fallback_q80_q20,34;51;45;82;71;76;73;82;75;57;34;63;78;49;67;79;52;30;23;77;73;35;70;63;66;49;79;23;71;73,9.094947017729282e-13,9.094947017729282e-13,0.0,0,0,0
2025-03-27,H24,36,06:00,2025-03-26,24.0,6,1182.3732966328555,2263.725668617412,1081.3523719845564,0.0,1633.3758362091073,3223.1841698058315,8677.860003712995,0.04668900000001486,0.0,1,1,fallback_q80_q20,62;78;76;42;70;80;67;69;64;63;68;72;20;74;67;70;75;64;77;54;60;58;68;36;35;57;34;29;29;77,9.094947017729282e-13,2.2737367544323206e-13,0.0,0,0,0
2025-03-27,H24,72,12:00,2025-03-26,24.0,6,-1227.0532718071763,0.0,1227.0532718071763,0.0,0.0,3699.2986213302775,4845.353527293452,0.05456200000003264,0.0,1,1,fallback_q80_q20,62;35;41;43;50;78;22;75;79;62;62;57;63;59;21;23;80;75;79;82;79;27;28;70;76;47;82;44;70;80,9.094947017729282e-13,2.2737367544323206e-13,0.0,0,0,0
2025-03-27,H24,108,18:00,2025-03-26,24.0,6,280.9793314547434,280.9793314547434,0.0,0.0,159.04348361180882,0.0,11592.802954477023,0.0447694000000638,0.0,1,1,fallback_q80_q20,58;75;81;54;76;35;66;28;37;26;66;73;49;77;65;68;48;78;46;21;73;47;42;26;56;44;34;41;82;48,1.8189894035458565e-12,5.684341886080801e-13,0.0,0,0,0
2025-03-28,H24,0,00:00,2025-03-27,24.0,6,21694.776089001767,0.0,0.0,0.0,0.0,0.0,21694.779950335105,0.03375460000006569,0.0,1,1,fallback_q80_q20,79;47;72;55;77;55;39;83;64;36;70;75;56;77;70;59;53;77;63;82;72;66;48;83;72;71;63;56;39;30,5.4569682106375694e-12,1.2505552149377763e-12,0.0,0,0,0
2025-03-28,H24,36,06:00,2025-03-27,24.0,6,-244.9302622410566,0.0,244.9302622410566,0.0,0.0,500.04077023575593,6059.865717712289,0.03867859999991197,0.0,1,1,fallback_q80_q20,80;21;76;77;83;63;54;78;71;82;82;72;28;66;79;83;67;75;40;46;70;77;73;30;78;75;78;63;70;63,9.094947017729282e-13,1.1368683772161603e-13,0.0,0,0,0
2025-03-28,H24,72,12:00,2025-03-27,24.0,6,-599.134365747793,0.0,599.134365747793,0.0,0.0,1208.9761330268964,4373.262159417215,0.04927010000005794,0.0,1,1,fallback_q80_q20,74;67;83;47;83;42;65;81;77;68;64;35;83;61;54;82;45;78;69;78;70;71;48;83;36;66;34;41;65;20,9.094947017729282e-13,1.1368683772161603e-13,0.0,0,0,0
2025-03-28,H24,108,18:00,2025-03-27,24.0,6,-840.5231801253774,0.0,840.5231801253774,0.0,0.0,1868.493654078469,6845.9598178752685,0.03899209999997311,2.6570261175012315e-16,1,1,fallback_q80_q20,65;67;47;81;36;30;67;67;79;83;49;49;60;54;47;76;68;37;40;82;62;69;59;70;62;80;72;50;64;68,1.3642420526593924e-12,1.1368683772161603e-13,0.0,0,0,0
2025-03-29,H24,0,00:00,2025-03-28,24.0,6,17711.761214044483,0.0,0.0,0.0,0.0,0.0,17711.765092498496,0.047832999999968706,0.0,1,1,fallback_q80_q20,39;61;74;76;78;77;59;63;73;79;59;83;57;33;30;32;49;84;75;70;77;56;78;53;71;49;80;83;31;80,9.094947017729282e-13,5.115907697472721e-13,0.0,0,0,0
2025-03-29,H24,36,06:00,2025-03-28,24.0,6,1512.9762474132056,1516.708302766975,3.732055353769588,0.0,1038.6548232583546,17.621405988194283,8704.882213640778,0.03706109999995988,0.0,1,1,fallback_q80_q20,42;77;53;50;59;29;61;77;61;55;29;73;55;34;75;77;46;59;36;80;74;67;60;31;81;79;73;78;62;74,8.810729923425242e-13,1.1368683772161603e-13,0.0,0,0,0
2025-03-29,H24,72,12:00,2025-03-28,24.0,6,-569.0221417876656,0.0,569.0221417876656,0.0,0.0,1131.7115362976947,7887.5817448851185,0.06131240000001981,0.0,1,1,fallback_q80_q20,40;56;80;73;80;35;61;64;75;51;37;61;72;83;83;55;61;66;66;47;34;55;37;77;81;71;69;80;53;46,1.0231815394945443e-12,2.2737367544323206e-13,0.0,0,0,0
2025-03-29,H24,108,18:00,2025-03-28,24.0,6,-156.80822272883546,0.0,156.80822272883546,0.0,0.0,377.6521567342295,17959.93728249757,0.0442384000000402,0.0,1,1,fallback_q80_q20,30;76;83;70;81;52;67;81;42;42;66;77;51;84;79;57;71;32;78;52;80;79;74;82;45;73;67;40;18;71,7.958078640513122e-13,2.2737367544323206e-13,0.0,0,0,0
2025-03-30,H24,0,00:00,2025-03-29,24.0,6,38739.12228768579,0.0,0.0,0.0,0.0,0.0,38739.12617819248,0.03611660000001393,0.0,1,1,fallback_q80_q20,50;18;51;72;17;60;53;34;46;71;55;63;63;72;42;68;43;73;75;46;17;85;82;69;42;81;37;73;36;58,9.094947017729282e-13,2.2737367544323206e-13,0.0,0,0,0
2025-03-30,H24,36,06:00,2025-03-29,24.0,6,210.82873284689845,1283.6999163699345,1072.871183523036,0.0,862.6695898274179,4464.715440417919,9480.854365769788,0.041748699999970995,0.0,1,1,fallback_q80_q20,63;60;46;64;77;84;78;73;67;67;38;39;39;25;64;72;82;60;42;54;45;78;72;81;62;46;67;43;74;54,8.970602038971265e-13,2.2737367544323206e-13,0.0,0,0,0
2025-03-30,H24,72,12:00,2025-03-29,24.0,6,48.89435991324035,342.2971825032272,293.40282258998684,0.0,190.98306526446964,755.7873856927013,22740.347348367824,0.043431100000020706,0.0,1,1,fallback_q80_q20,73;76;24;60;31;81;74;63;60;82;63;82;83;80;37;78;45;80;68;36;49;62;83;50;42;56;60;84;85;54,1.0231815394945443e-12,2.2737367544323206e-13,0.0,0,0,0
2025-03-30,H24,108,18:00,2025-03-29,24.0,6,1417.2217379565955,1417.2217379565955,0.0,0.0,786.3445917684638,0.0,26728.71429390142,0.036919199999942975,0.0,1,1,fallback_q80_q20,52;74;60;46;80;67;63;82;73;83;53;85;73;80;44;54;72;84;36;61;71;76;66;64;54;46;42;33;50;46,8.189005029635155e-13,2.2737367544323206e-13,0.0,0,0,0
2025-03-31,H24,0,00:00,2025-03-30,24.0,6,35841.91306311678,0.0,0.0,0.0,0.0,0.0,35841.916912476416,0.03826470000001336,0.0,1,1,fallback_q80_q20,52;76;58;77;70;75;76;38;40;72;85;38;76;73;71;36;54;40;61;79;65;33;64;79;80;86;59;79;83;86,8.810729923425242e-13,7.958078640513122e-13,0.0,0,0,0
2025-03-31,H24,36,06:00,2025-03-30,24.0,6,9133.112888906997,9135.196352032184,2.0834631251871354,0.0,9166.40199708985,9.750327642802176,18415.498669102115,0.04147530000000188,0.0,1,1,fallback_q80_q20,64;83;74;77;82;81;78;82;79;64;37;41;85;28;77;58;63;70;84;79;86;27;86;67;79;82;46;84;76;84,7.958078640513122e-13,2.2737367544323206e-13,0.0,0,0,0
2025-03-31,H24,72,12:00,2025-03-30,24.0,6,-1779.9491489066663,0.0,1779.9491489066663,0.0,0.0,5710.33530648719,10308.892021610141,0.044842200000061894,0.0,1,1,fallback_q80_q20,57;64;45;77;82;54;82;44;82;82;75;83;69;79;48;54;84;68;70;73;82;69;68;47;63;38;84;47;69;61,9.094947017729282e-13,2.2737367544323206e-13,0.0,0,0,0
2025-03-31,H24,108,18:00,2025-03-30,24.0,6,392.3546408693456,393.72876917362396,1.3741283042783912,0.0,233.4574567763076,6.42716699849575,19921.378721314173,0.03873569999996107,0.0,1,1,fallback_q80_q20,75;84;77;33;83;81;64;53;55;85;70;62;86;78;67;52;77;76;69;78;71;84;28;86;61;62;74;77;79;70,9.094947017729282e-13,1.2505552149377763e-12,0.0,0,0,0
2025-04-01,H24,0,00:00,2025-03-31,24.0,6,43491.71662093754,0.0,0.0,0.0,0.0,0.0,43491.72060825484,0.03683969999997316,0.0,1,1,fallback_q80_q20,54;82;86;75;40;86;72;69;73;85;87;83;66;82;35;55;70;54;69;60;34;56;79;86;75;83;51;42;78;65,1.0231815394945443e-12,4.547473508864641e-13,0.0,0,0,0
2025-04-01,H24,36,06:00,2025-03-31,24.0,6,2660.5406506348736,2932.398209923679,271.8575592888053,0.0,2387.541354707445,1148.615750576091,12160.540289693154,0.04031110000005356,0.0,1,1,fallback_q80_q20,34;86;54;40;82;39;63;41;61;60;76;82;66;83;50;48;87;80;84;80;81;76;62;84;52;53;47;39;35;82,9.094947017729282e-13,2.2737367544323206e-13,0.0,0,0,0
2025-04-01,H24,72,12:00,2025-03-31,24.0,6,-1279.239011507166,278.3413884829267,1557.5803999900927,0.0,189.6959127856964,5732.3702458094485,12902.722789889347,0.042736399999967034,0.0,1,1,fallback_q80_q20,84;79;56;67;43;63;69;41;85;46;67;75;27;79;74;72;84;85;39;69;77;78;75;37;40;81;86;80;78;79,1.0231815394945443e-12,2.2737367544323206e-13,0.0,0,0,0
2025-04-01,H24,108,18:00,2025-03-31,24.0,6,107.59250466633719,108.20016264338011,0.6076579770429191,0.0,71.28898890802645,2.8798956257958253,38126.82639783874,0.03938719999996465,0.0,1,1,fallback_q80_q20,78;48;85;83;69;77;82;75;50;72;82;83;72;81;85;79;85;30;81;63;76;77;67;80;78;61;52;85;34;52,9.094947017729282e-13,2.2737367544323206e-13,0.0,0,0,0
2025-04-02,H24,0,00:00,2025-04-01,24.0,6,42926.73055260546,0.0,0.0,0.0,0.0,0.0,42926.73456477213,0.0344391999999516,0.0,1,1,fallback_q80_q20,27;27;50;73;65;86;30;83;55;85;85;67;43;84;48;75;84;72;85;56;74;88;42;85;86;26;64;43;56;76,9.094947017729282e-13,7.958078640513122e-13,0.0,0,0,0
2025-04-02,H24,36,06:00,2025-04-01,24.0,6,870.6647390430007,1108.7842883213596,238.11954927835876,0.0,958.3026636447465,908.214122458849,10184.777382662396,0.04369619999999941,0.0,1,1,fallback_q80_q20,51;85;34;85;68;58;85;86;26;66;82;77;77;86;81;28;87;82;86;76;72;85;76;63;55;51;70;50;75;78,9.094947017729282e-13,2.2737367544323206e-13,0.0,0,0,0
2025-04-02,H24,72,12:00,2025-04-01,24.0,6,-182.76015052464538,610.453537507538,793.2136880321834,0.0,335.26580922892526,2985.0489125839003,13618.726233699339,0.04540620000000217,0.0,1,1,fallback_q80_q20,70;70;54;77;74;83;71;66;75;68;51;27;83;63;75;53;50;75;80;52;80;86;61;75;75;60;33;39;41;86,7.958078640513122e-13,2.2737367544323206e-13,0.0,0,0,0
2025-04-02,H24,108,18:00,2025-04-01,24.0,6,16.256853264377,16.256853264377,0.0,0.0,13.449703306782112,0.0,22012.18436565685,0.04090829999995549,0.0,1,1,fallback_q80_q20,51;80;88;84;73;54;83;85;58;85;72;88;70;51;43;74;40;84;64;86;85;59;54;73;67;78;42;84;76;53,9.094947017729282e-13,2.2737367544323206e-13,0.0,0,0,0
2025-04-03,H24,0,00:00,2025-04-02,24.0,6,44470.18994366379,0.0,0.0,0.0,0.0,0.0,44470.19418925406,0.03450810000003912,0.0,1,1,fallback_q80_q20,83;77;78;81;75;87;51;79;61;34;87;26;37;36;77;73;37;75;52;83;64;60;55;87;76;36;60;46;76;65,9.094947017729282e-13,5.684341886080801e-13,0.0,0,0,0
2025-04-03,H24,36,06:00,2025-04-02,24.0,6,-1392.2007131302569,373.05397605173647,1765.2546891819934,0.0,201.76979672109292,5170.296036366004,6047.808106271899,0.04760989999999765,0.0,1,1,fallback_q80_q20,89;84;42;85;56;85;51;28;81;88;82;80;54;75;47;55;79;69;83;76;42;78;78;46;84;81;62;46;53;33,1.0231815394945443e-12,2.2737367544323206e-13,0.0,0,0,0
2025-04-03,H24,72,12:00,2025-04-02,24.0,6,-816.105741130372,0.0,816.105741130372,0.0,0.0,2705.02671148703,5274.168169373063,0.05147769999996399,0.0,1,1,fallback_q80_q20,48;59;49;84;70;68;79;89;33;83;82;82;40;89;77;89;44;43;46;71;71;68;87;61;76;42;70;79;85;69,9.094947017729282e-13,2.2737367544323206e-13,0.0,0,0,0
2025-04-03,H24,108,18:00,2025-04-02,24.0,6,587.3210826087843,590.3766104380046,3.0555278292202774,0.0,327.394651354084,9.93253750368035,9240.216985006029,0.04628250000007483,0.0,1,1,fallback_q80_q20,81;86;63;84;54;50;73;34;73;86;45;69;77;51;36;37;41;74;55;72;89;78;62;37;82;64;27;63;34;72,7.958078640513122e-13,2.2737367544323206e-13,0.0,0,0,0
2025-04-04,H24,0,00:00,2025-04-03,24.0,6,19859.729097423125,0.0,0.0,0.0,0.0,0.0,19859.732963326427,0.06153580000000147,0.0,1,1,fallback_q80_q20,78;35;77;70;89;83;46;69;53;78;66;73;83;86;67;57;50;76;75;77;80;34;90;72;77;90;27;47;89;58,9.094947017729282e-13,4.547473508864641e-13,0.0,0,0,0
2025-04-04,H24,36,06:00,2025-04-03,24.0,6,-455.52759758885793,0.0,455.52759758885793,0.0,0.0,970.1043113493922,5152.414349848543,0.033870800000045165,0.0,1,1,fallback_q80_q20,76;71;28;34;85;45;35;80;89;34;90;71;84;73;87;56;79;37;77;89;86;73;73;90;89;34;59;60;46;50,7.958078640513122e-13,1.1368683772161603e-13,0.0,0,0,0
2025-04-04,H24,72,12:00,2025-04-03,24.0,6,-140.12321605847924,0.0,140.12321605847924,0.0,0.0,286.69018680948045,6250.06825254298,0.04827260000001843,0.0,1,1,fallback_q80_q20,41;47;90;89;89;82;49;74;90;61;85;85;88;61;60;62;52;86;64;83;75;57;70;83;65;34;56;78;35;79,1.1368683772161603e-12,1.1368683772161603e-13,0.0,0,0,0
2025-04-04,H24,108,18:00,2025-04-03,24.0,6,-884.7553460903015,0.0,884.7553460903015,0.0,0.0,1963.1344568381944,8403.85190873065,0.037105300000007446,0.0,1,1,fallback_q80_q20,86;83;83;84;89;83;37;43;88;33;85;65;87;79;77;73;40;42;86;83;77;60;88;81;90;78;85;86;64;55,8.526512829121202e-13,1.1368683772161603e-13,0.0,0,0,0
2025-04-05,H24,0,00:00,2025-04-04,24.0,6,17567.41142042799,0.0,0.0,0.0,0.0,0.0,17567.415281761325,0.03636330000006183,0.0,1,1,fallback_q80_q20,91;82;83;48;25;44;53;81;84;87;90;51;56;67;86;86;91;66;75;79;45;88;86;88;40;90;82;78;61;66,9.094947017729282e-13,1.1368683772161603e-12,0.0,0,0,0
2025-04-05,H24,36,06:00,2025-04-04,24.0,6,691.5118671713655,696.6386877878981,5.126820616532624,0.0,477.2530332522071,24.1430730974771,7602.915542074053,0.0396722000000409,0.0,1,1,fallback_q80_q20,85;56;89;88;58;88;66;63;86;60;91;64;67;53;68;85;83;88;67;87;79;63;91;84;52;25;75;68;67;70,1.0231815394945443e-12,1.1368683772161603e-13,0.0,0,0,0
2025-04-05,H24,72,12:00,2025-04-04,24.0,6,-472.6972097410911,0.0,472.6972097410911,0.0,0.0,970.9220993063507,22794.343563191767,0.03478749999999309,0.0,1,1,fallback_q80_q20,42;79;91;50;68;87;60;24;58;58;75;72;83;39;88;70;81;74;80;88;75;87;84;75;31;71;55;77;78;73,1.0231815394945443e-12,2.2737367544323206e-13,0.0,0,0,0
2025-04-05,H24,108,18:00,2025-04-04,24.0,6,-57.613930621607594,0.0,57.613930621607594,0.0,0.0,135.48525879660076,19010.882700266055,0.039659300000039366,0.0,1,1,fallback_q80_q20,69;82;81;88;88;86;85;77;80;71;87;90;78;67;60;74;82;61;62;89;40;88;91;55;79;88;62;46;63;59,8.526512829121202e-13,2.2737367544323206e-13,0.0,0,0,0
2025-04-06,H24,0,00:00,2025-04-05,24.0,6,37634.19938292778,0.0,0.0,0.0,0.0,0.0,37634.20333337506,0.033334899999999834,0.0,1,1,fallback_q80_q20,64;38;87;71;76;69;74;39;63;51;58;83;90;87;49;38;40;72;70;91;68;32;70;74;57;60;92;90;88;76,9.094947017729282e-13,2.2737367544323206e-13,0.0,0,0,0
2025-04-06,H24,36,06:00,2025-04-05,24.0,6,1842.5942343834067,2712.2665579491713,869.6723235657647,0.0,1973.4293308691501,3484.7890430291527,11225.630665507982,0.03869099999997161,0.0,1,1,fallback_q80_q20,63;73;72;54;55;60;92;89;43;77;66;76;58;59;82;88;81;88;82;88;37;81;82;60;81;88;74;88;73;39,9.094947017729282e-13,2.2737367544323206e-13,0.0,0,0,0
2025-04-06,H24,72,12:00,2025-04-05,24.0,6,48.06440358758181,544.9934839258738,496.92908033829195,0.0,458.19423929890377,2043.4210817448088,11301.326949085313,0.04118719999996756,0.0,1,1,fallback_q80_q20,58;82;87;48;73;86;45;77;74;66;72;59;49;42;47;74;86;92;62;60;43;37;81;84;64;77;55;48;40;74,9.094947017729282e-13,2.2737367544323206e-13,0.0,0,0,0
2025-04-06,H24,108,18:00,2025-04-05,24.0,6,2345.5710863876975,2345.5710863876975,0.0,0.0,1302.0906301873906,0.0,22184.548610953654,0.0387014000000363,0.0,1,1,fallback_q80_q20,83;82;39;63;62;41;50;61;62;81;38;77;54;86;45;91;88;86;90;85;88;58;88;60;88;84;73;72;32;61,7.958078640513122e-13,2.2737367544323206e-13,0.0,0,0,0
2025-04-07,H24,0,00:00,2025-04-06,24.0,6,35275.86555452528,0.0,0.0,0.0,0.0,0.0,35275.869415858615,0.034930000000031214,0.0,1,1,fallback_q80_q20,90;70;86;70;92;64;88;79;66;34;89;88;83;92;64;72;91;93;82;49;93;48;89;68;57;47;68;79;93;77,8.810729923425242e-13,4.547473508864641e-13,0.0,0,0,0
2025-04-07,H24,36,06:00,2025-04-06,24.0,6,5305.3432480262845,5315.435092854477,10.09184482819243,0.0,5204.6027084054995,44.16857399160119,14751.251095359039,0.04421260000003713,0.0,1,1,fallback_q80_q20,82;81;92;79;61;85;86;59;57;85;78;93;93;74;88;84;73;92;42;82;71;82;89;57;46;78;88;68;85;59,9.094947017729282e-13,2.2737367544323206e-13,0.0,0,0,0
2025-04-07,H24,72,12:00,2025-04-06,24.0,6,-1181.8859536382233,0.0,1181.8859536382233,0.0,0.0,4002.78290030205,17213.1402338967,0.037348500000007334,0.0,1,1,fallback_q80_q20,70;61;54;55;75;86;55;83;93;81;92;91;72;58;91;79;92;76;50;59;93;36;76;69;46;69;83;63;52;78,9.094947017729282e-13,2.2737367544323206e-13,0.0,0,0,0
2025-04-07,H24,108,18:00,2025-04-06,24.0,6,579.8656108910984,579.8656108910984,0.0,0.0,327.7999944218983,0.0,22939.593252730763,0.03879640000002382,0.0,1,1,fallback_q80_q20,90;87;76;83;90;70;49;90;71;84;34;60;68;68;35;37;36;93;60;72;66;92;34;92;85;90;88;91;55;75,7.958078640513122e-13,7.958078640513122e-13,0.0,0,0,0
2025-04-08,H24,0,00:00,2025-04-07,24.0,6,43582.38819934742,0.0,0.0,0.0,0.0,0.0,43582.39226026255,0.0352268000000322,0.0,1,1,fallback_q80_q20,86;81;83;60;59;92;71;60;84;71;93;59;70;41;84;69;92;93;73;78;84;71;40;88;81;57;77;49;87;78,9.094947017729282e-13,6.821210263296962e-13,0.0,0,0,0
2025-04-08,H24,36,06:00,2025-04-07,24.0,6,-1963.5754081903178,300.7841145799047,2264.3595227702226,0.0,208.08698363140286,7478.672795140021,7489.212234270749,0.044041399999969144,0.0,1,1,fallback_q80_q20,76;79;83;64;54;67;68;76;40;51;79;93;63;42;82;41;87;93;91;77;68;74;48;66;72;83;53;81;89;88,8.455458555545192e-13,2.2737367544323206e-13,0.0,0,0,0
2025-04-08,H24,72,12:00,2025-04-07,24.0,6,-538.0832349432055,0.0,538.0832349432055,0.0,0.0,1884.5763144964878,14142.522758953033,0.04670530000009876,0.0,1,1,fallback_q80_q20,75;74;80;81;91;55;83;49;69;41;86;92;67;54;93;66;92;65;75;90;82;73;74;66;51;85;42;53;85;90,9.094947017729282e-13,2.2737367544323206e-13,0.0,0,0,0
2025-04-08,H24,108,18:00,2025-04-07,24.0,6,525.2683278625678,525.2683278625678,0.0,0.0,295.98808865086136,0.0,25227.190107168233,0.04377729999998792,0.0,1,1,fallback_q80_q20,64;42;64;35;41;59;74;53;76;89;92;73;71;87;76;78;34;41;84;83;92;45;86;77;42;49;72;74;74;93,9.094947017729282e-13,2.2737367544323206e-13,0.0,0,0,0
2025-04-09,H24,0,00:00,2025-04-08,24.0,6,40894.134979324816,0.0,0.0,0.0,0.0,0.0,40894.13903694613,0.033515400000055706,0.0,1,1,fallback_q80_q20,89;90;47;76;90;91;82;85;79;94;92;70;85;93;42;86;79;59;95;92;83;78;82;87;51;64;74;95;93;35,9.094947017729282e-13,3.410605131648481e-13,0.0,0,0,0
2025-04-09,H24,36,06:00,2025-04-08,24.0,6,1615.8873101785557,1673.968406653505,58.081096474949376,0.0,1918.5211470456247,206.89418311958468,11089.741028467432,0.08238430000005792,0.0,1,1,fallback_q80_q20,93;72;67;90;52;79;58;94;78;59;93;86;71;95;73;86;70;54;78;95;91;65;89;76;76;91;95;41;80;93,1.8189894035458565e-12,1.2505552149377763e-12,0.0,0,0,0
2025-04-09,H24,72,12:00,2025-04-08,24.0,6,-767.1084748408327,0.0,767.1084748408327,0.0,0.0,2399.332463703124,24432.527129496288,0.037302199999999175,0.0,1,1,fallback_q80_q20,93;69;87;91;93;91;72;90;85;71;86;90;85;83;64;77;54;63;73;47;78;84;93;89;77;42;72;92;84;34,8.639755577632968e-13,2.2737367544323206e-13,0.0,0,0,0
2025-04-09,H24,108,18:00,2025-04-08,24.0,6,1252.3173112143809,1252.3173112143809,0.0,0.0,699.3925705439506,0.0,25115.590964809853,0.04380079999998543,0.0,1,1,fallback_q80_q20,52;93;95;85;53;86;81;86;85;78;57;76;75;93;46;55;75;91;66;49;35;94;82;90;40;94;93;93;83;70,8.810729923425242e-13,2.2737367544323206e-13,0.0,0,0,0
2025-04-10,H24,0,00:00,2025-04-09,24.0,6,40052.461731685806,0.0,0.0,0.0,0.0,0.0,40052.46561734292,0.036807199999998375,0.0,1,1,fallback_q80_q20,57;62;47;54;75;43;95;92;90;89;43;87;92;55;89;43;51;35;90;62;88;40;87;76;77;59;91;64;86;73,9.094947017729282e-13,4.547473508864641e-13,0.0,0,0,0
2025-04-10,H24,36,06:00,2025-04-09,24.0,6,1312.5602263803632,1317.0653423914287,4.505116011065372,0.0,1824.0450564228354,19.789663800319545,8854.809745470533,0.047329000000104315,0.0,1,1,fallback_q80_q20,86;83;91;52;61;89;90;66;85;48;82;89;88;96;41;50;87;69;67;82;42;83;66;86;36;77;87;92;92;91,9.094947017729282e-13,2.2737367544323206e-13,0.0,0,0,0
2025-04-10,H24,72,12:00,2025-04-09,24.0,6,-873.0229345855332,300.6476261609141,1173.6705607464473,0.0,175.90008938355328,3872.039859239812,6761.119428236319,0.0461816000000681,0.0,1,1,fallback_q80_q20,65;92;52;82;87;92;57;95;93;92;86;37;94;94;70;90;67;82;91;91;77;59;36;93;81;36;91;72;74;95,9.094947017729282e-13,2.2737367544323206e-13,0.0,0,0,0
2025-04-10,H24,108,18:00,2025-04-09,24.0,6,192.65545660196548,200.05799076960912,7.4025341676436245,0.0,109.72660056900583,24.2665039780735,8179.388706650797,0.04200339999999869,0.0,1,1,fallback_q80_q20,96;81;93;65;53;58;93;87;81;71;92;94;78;63;49;96;66;65;94;93;75;85;90;78;71;93;90;92;94;34,1.0231815394945443e-12,2.2737367544323206e-13,0.0,0,0,0
2025-04-11,H24,0,00:00,2025-04-10,24.0,6,18443.925586268524,0.0,0.0,0.0,0.0,0.0,18443.929448815594,0.033953499999938686,0.0,1,1,fallback_q80_q20,74;84;47;34;35;64;92;64;56;89;75;97;49;95;72;96;96;96;74;92;85;91;72;93;94;89;91;90;82;88,9.094947017729282e-13,1.2505552149377763e-12,0.0,0,0,0
2025-04-11,H24,36,06:00,2025-04-10,24.0,6,492.80135587361923,530.6134332278523,37.81207735423306,0.0,394.3007198158554,104.39738117171419,5473.567039060808,0.04434500000002117,0.0,1,1,fallback_q80_q20,69;91;69;70;91;91;84;97;96;64;92;79;94;96;94;70;89;85;92;97;63;85;78;91;52;53;84;94;63;35,9.094947017729282e-13,1.1368683772161603e-13,0.0,0,0,0
2025-04-11,H24,72,12:00,2025-04-10,24.0,6,-892.0939955684092,0.0,892.0939955684092,0.0,0.0,1880.5044599394053,3499.324185564039,0.05432660000008127,0.0,1,1,fallback_q80_q20,82;73;56;87;63;78;78;84;55;65;74;85;93;78;61;79;61;44;44;84;91;91;95;92;82;90;69;65;92;90,9.094947017729282e-13,2.2737367544323206e-13,0.0,0,0,0
2025-04-11,H24,108,18:00,2025-04-10,24.0,6,-619.346077262983,0.0,619.346077262983,0.0,0.0,1467.7064780373876,6020.542269891945,0.04307429999994383,0.0,1,1,fallback_q80_q20,41;96;96;86;86;97;37;97;89;62;75;67;95;69;89;65;89;81;68;97;95;57;72;90;72;57;50;51;96;96,2.6645352591003757e-12,1.1368683772161603e-13,0.0,0,0,0
2025-04-12,H24,0,00:00,2025-04-11,24.0,6,19328.552991752935,0.0,0.0,0.0,0.0,0.0,19328.5567707904,0.03498530000001665,0.0,1,1,fallback_q80_q20,98;95;60;78;94;61;60;77;51;90;76;87;59;50;94;78;64;64;60;95;68;80;80;46;63;63;95;46;32;56,8.526512829121202e-13,6.821210263296962e-13,0.0,0,0,0
2025-04-12,H24,36,06:00,2025-04-11,24.0,6,-984.1421768981123,0.0,984.1421768981123,0.0,0.0,2238.5676225513207,6084.543001571442,0.04450710000003255,0.0,1,1,fallback_q80_q20,98;94;74;88;82;95;91;95;61;95;86;87;43;71;82;66;90;91;66;79;32;89;49;93;49;48;43;88;60;59,1.8189894035458565e-12,1.1368683772161603e-13,0.0,0,0,0
2025-04-12,H24,72,12:00,2025-04-11,24.0,6,-186.21802431636064,0.0,186.21802431636064,0.0,0.0,356.9037452726374,8754.832056619558,0.05743870000003426,0.0,1,1,fallback_q80_q20,96;46;38;49;55;77;58;58;92;77;80;80;94;60;63;89;92;81;80;97;86;74;95;55;69;86;39;90;94;79,9.094947017729282e-13,1.6342482922482304e-13,0.0,0,0,0
2025-04-12,H24,108,18:00,2025-04-11,24.0,6,-91.05843038176552,0.0,91.05843038176552,0.0,0.0,196.1363961615088,27115.385611318667,0.06409350000001268,0.0,1,1,fallback_q80_q20,45;53;88;88;84;79;72;38;66;53;38;68;73;94;66;50;79;74;97;88;80;84;45;44;79;86;45;60;73;53,7.958078640513122e-13,2.2737367544323206e-13,0.0,0,0,0
2025-04-13,H24,0,00:00,2025-04-12,24.0,6,35469.852917081764,0.0,0.0,0.0,0.0,0.0,35469.8567784151,0.03636380000000372,0.0,1,1,fallback_q80_q20,67;57;58;62;93;94;60;89;47;67;73;32;73;58;73;83;88;50;97;74;83;44;81;84;64;90;98;94;89;75,9.094947017729282e-13,6.821210263296962e-13,0.0,0,0,0
2025-04-13,H24,36,06:00,2025-04-12,24.0,6,-841.2690857623727,0.0,841.2690857623727,0.0,0.0,2400.1660632663634,8450.406656642,0.04387289999999666,0.0,1,1,fallback_q80_q20,44;53;52;85;74;88;91;47;88;69;87;77;92;94;68;87;44;55;39;44;60;98;92;48;45;50;91;49;94;52,9.094947017729282e-13,2.2737367544323206e-13,0.0,0,0,0
2025-04-13,H24,72,12:00,2025-04-12,24.0,6,2943.7041250931197,2945.0725264311845,1.368401338064983,0.0,2069.497955997254,6.454723292759354,19881.485288054468,0.03975940000009359,0.0,1,1,fallback_q80_q20,73;93;97;65;66;79;95;89;67;85;76;93;31;94;87;93;57;82;77;95;73;81;67;74;54;73;99;75;89;63,9.094947017729282e-13,2.2737367544323206e-13,0.0,0,0,0
2025-04-13,H24,108,18:00,2025-04-12,24.0,6,1745.5750073771524,1745.5750073771524,0.0,0.0,966.832364971111,0.0,24015.984174603775,0.035127800000054776,0.0,1,1,fallback_q80_q20,98;76;70;49;96;79;65;50;98;72;47;87;70;80;50;90;72;82;48;87;96;86;99;95;90;90;87;87;92;67,9.094947017729282e-13,4.547473508864641e-13,0.0,0,0,0
2025-04-14,H24,0,00:00,2025-04-13,24.0,6,42040.88641355758,0.0,0.0,0.0,0.0,0.0,42040.890371996706,0.034181499999931475,0.0,1,1,fallback_q80_q20,89;70;61;67;47;88;81;40;77;99;96;50;78;80;67;97;75;91;60;93;93;88;93;43;82;52;68;71;95;84,9.094947017729282e-13,6.821210263296962e-13,0.0,0,0,0
2025-04-14,H24,36,06:00,2025-04-13,24.0,6,-3819.325590971953,0.0,3819.325590971953,0.0,0.0,10641.714166184496,5289.553530531427,0.04415080000001126,0.0,1,1,fallback_q80_q20,99;58;82;97;78;77;60;86;63;86;72;69;87;91;97;99;87;96;44;98;47;99;55;72;91;65;62;76;96;70,9.094947017729282e-13,2.2737367544323206e-13,0.0,0,0,0
2025-04-14,H24,72,12:00,2025-04-13,24.0,6,41.72891635404591,254.407616169665,212.6786998156191,0.0,175.1142293518086,935.826639480606,9009.221237669692,0.08812960000000203,0.0,1,1,fallback_q80_q20,73;93;93;75;75;91;99;77;84;71;54;57;85;85;65;87;72;93;99;54;96;91;77;100;94;99;83;68;98;86,1.6484591469634324e-12,2.2737367544323206e-13,0.0,0,0,0
2025-04-14,H24,108,18:00,2025-04-13,24.0,6,1614.6601917396138,1614.855696751903,0.19550501228922615,0.0,868.7180422059699,0.9289855656413692,20908.032772712457,0.037928399999941576,0.0,1,1,fallback_q80_q20,87;55;99;44;66;86;94;41;95;96;75;97;95;67;93;97;50;97;92;55;42;93;65;58;63;100;53;78;77;86,9.094947017729282e-13,2.2737367544323206e-13,0.0,0,0,0
2025-04-15,H24,0,00:00,2025-04-14,24.0,6,34379.694009054,0.0,0.0,0.0,0.0,0.0,34379.69787038734,0.03508130000000165,0.0,1,1,fallback_q80_q20,96;100;59;60;84;69;91;74;84;49;93;44;94;51;68;100;72;97;86;57;76;64;98;97;101;93;83;96;47;97,9.094947017729282e-13,2.2737367544323206e-13,0.0,0,0,0
2025-04-15,H24,36,06:00,2025-04-14,24.0,6,3756.40667455971,3766.2367056259063,9.830031066196204,0.0,3452.7046304079286,46.36110684629534,12945.689282804591,0.041944100000023354,0.0,1,1,fallback_q80_q20,56;99;88;53;82;63;83;97;52;84;99;55;98;71;63;100;59;100;97;79;99;96;41;70;81;43;75;73;100;101,8.242295734817162e-13,2.2737367544323206e-13,0.0,0,0,0
2025-04-15,H24,72,12:00,2025-04-14,24.0,6,-655.4441277616138,0.0,655.4441277616138,0.0,0.0,2255.8937903367746,15066.835977010598,0.05209130000002915,0.0,1,1,fallback_q80_q20,72;96;93;85;53;85;56;89;89;50;94;94;92;98;94;84;64;86;66;91;58;93;77;68;69;51;101;95;87;99,9.094947017729282e-13,2.2737367544323206e-13,0.0,0,0,0
2025-04-15,H24,108,18:00,2025-04-14,24.0,6,414.1395889374261,426.33950199069716,12.199913053271104,0.0,230.24402991285802,26.887088335428643,24907.53775024131,0.03786269999989145,0.0,1,1,fallback_q80_q20,64;101;66;71;66;91;98;62;77;72;77;95;97;72;47;86;87;96;92;92;96;96;98;92;89;44;84;61;92;68,9.094947017729282e-13,2.2737367544323206e-13,0.0,0,0,0
2025-04-16,H24,0,00:00,2025-04-15,24.0,6,39035.1671900692,0.0,0.0,0.0,0.0,0.0,39035.17106326899,0.035100900000088586,0.0,1,1,fallback_q80_q20,58;91;78;98;67;87;56;96;51;63;97;42;61;100;71;95;57;58;76;101;79;92;88;97;76;61;100;101;99;91,8.242295734817162e-13,6.821210263296962e-13,0.0,0,0,0
2025-04-16,H24,36,06:00,2025-04-15,24.0,6,3622.0237572146098,3880.196741092045,258.17298387743546,0.0,3157.797731499838,708.6404255194716,12971.636980946598,0.03972009999995407,0.0,1,1,fallback_q80_q20,86;83;87;65;96;97;60;53;94;100;71;102;87;87;93;98;40;100;71;60;70;50;79;99;71;102;97;101;62;101,9.094947017729282e-13,2.2737367544323206e-13,0.0,0,0,0
2025-04-16,H24,72,12:00,2025-04-15,24.0,6,-983.611441232881,93.19224623777617,1076.8036874706572,0.0,63.88759039212732,3966.7676642484053,9064.020801333902,0.05227189999993698,0.0,1,1,fallback_q80_q20,78;40;93;94;89;92;94;72;95;53;99;93;85;86;90;60;67;100;84;49;55;101;92;67;82;99;84;44;99;49,8.526512829121202e-13,2.2737367544323206e-13,0.0,0,0,0
2025-04-16,H24,108,18:00,2025-04-15,24.0,6,166.6389151872176,169.5991392719951,2.9602240847775185,0.0,96.07783511680054,12.413925880473244,27962.033757280562,0.02837010000007467,0.0,1,1,fallback_q80_q20,97;50;64;90;87;60;96;58;96;83;102;85;98;98;63;84;101;70;94;90;99;58;97;83;98;79;71;67;91;99,7.958078640513122e-13,3.410605131648481e-13,0.0,0,0,0
2025-04-17,H24,0,00:00,2025-04-16,24.0,6,34966.835858959486,0.0,0.0,0.0,0.0,0.0,34966.83957223774,0.03567929999996977,0.0,1,1,fallback_q80_q20,86;90;50;63;94;99;78;84;90;64;77;84;88;43;92;78;72;62;69;41;40;98;59;103;49;84;65;98;76;100,9.094947017729282e-13,4.547473508864641e-13,0.0,0,0,0
2025-04-17,H24,36,06:00,2025-04-16,24.0,6,4442.776511679678,4451.324687383254,8.54817570357602,0.0,6040.147387343599,30.775511568672755,11719.045783513897,0.044654700000023695,0.0,1,1,fallback_q80_q20,97;72;89;81;87;68;98;90;97;73;100;59;61;98;41;97;77;66;47;90;70;82;70;91;93;57;49;63;77;78,9.094947017729282e-13,2.2737367544323206e-13,0.0,0,0,0
2025-04-17,H24,72,12:00,2025-04-16,24.0,6,-457.43647275307285,77.12661626708883,534.5630890201617,0.0,40.67247107919292,2197.796510980295,4969.885627241956,0.05788289999998142,0.0,1,1,fallback_q80_q20,103;93;98;84;97;72;59;91;91;64;98;99;74;47;47;44;90;98;77;90;103;103;58;98;98;86;65;91;87;89,9.094947017729282e-13,2.2737367544323206e-13,0.0,0,0,0
2025-04-17,H24,108,18:00,2025-04-16,24.0,6,426.8539483631487,426.8539483631487,0.0,0.0,242.31632428218165,0.0,8165.624821396892,0.03939869999999246,0.0,1,1,fallback_q80_q20,66;65;64;98;95;91;66;103;76;92;75;82;92;99;98;87;50;90;87;62;86;93;56;70;102;98;89;42;83;97,9.094947017729282e-13,1.1368683772161603e-13,0.0,0,0,0
2025-04-18,H24,0,00:00,2025-04-17,24.0,6,18338.763582307613,0.0,0.0,0.0,0.0,0.0,18338.767449360643,0.04026139999996303,0.0,1,1,fallback_q80_q20,68;55;69;60;102;100;97;58;59;90;97;59;103;100;93;72;41;70;93;84;64;51;84;72;65;74;101;91;91;64,9.094947017729282e-13,6.821210263296962e-13,0.0,0,0,0
2025-04-18,H24,36,06:00,2025-04-17,24.0,6,-409.18404360792,0.0,409.18404360792,0.0,0.0,868.149158222053,4583.672738867133,0.05232469999998557,0.0,1,1,fallback_q80_q20,75;43;86;96;90;57;79;63;82;104;66;96;77;101;96;79;100;82;101;54;96;65;69;73;82;103;89;83;100;97,9.663381206337363e-13,1.1368683772161603e-13,0.0,0,0,0
2025-04-18,H24,72,12:00,2025-04-17,24.0,6,-73.01185594459997,0.0,73.01185594459997,0.0,0.0,180.12174499160244,4486.092472753096,0.05462739999995847,0.0,1,1,fallback_q80_q20,96;98;78;49;104;96;100;103;94;56;88;101;104;86;98;69;96;62;102;76;88;75;98;104;81;56;102;96;79;54,1.8189894035458565e-12,1.1368683772161603e-13,0.0,0,0,0
2025-04-18,H24,108,18:00,2025-04-17,24.0,6,-1024.3228967974646,0.0,1024.3228967974646,0.0,0.0,2324.771921692847,6472.266010165322,0.05390569999997297,0.0,1,1,fallback_q80_q20,104;72;84;64;89;91;95;102;102;71;43;95;93;69;104;103;82;88;83;91;88;91;93;79;103;74;100;63;80;84,1.8189894035458565e-12,1.1368683772161603e-13,0.0,0,0,0
2025-04-19,H24,0,00:00,2025-04-18,24.0,6,15403.065735957722,0.0,0.0,0.0,0.0,0.0,15403.069597291054,0.041051100000004226,0.0,1,1,fallback_q80_q20,91;73;73;56;64;101;86;66;83;66;92;72;102;91;96;95;75;72;99;86;50;101;61;103;74;67;101;62;98;96,8.526512829121202e-13,2.2737367544323206e-13,0.0,0,0,0
2025-04-19,H24,36,06:00,2025-04-18,24.0,6,1263.743997319444,1270.6539234680122,6.909926148568236,0.0,838.6259166175828,32.34963383457102,7968.515441110781,0.035157899999944675,0.0,1,1,fallback_q80_q20,87;95;100;85;98;96;100;89;85;61;86;46;102;71;73;98;38;91;97;71;102;68;104;74;81;102;91;81;87;86,8.810729923425242e-13,1.1368683772161603e-13,0.0,0,0,0
2025-04-19,H24,72,12:00,2025-04-18,24.0,6,-174.17445789138876,0.0,174.17445789138876,0.0,0.0,391.5095026891706,8707.263398830146,0.08212000000003172,0.0,1,1,fallback_q80_q20,99;101;72;45;66;66;87;105;98;52;97;91;103;60;103;97;87;86;89;91;102;101;105;104;74;103;105;54;87;60,1.8189894035458565e-12,1.0231815394945443e-12,0.0,0,0,0
2025-04-19,H24,108,18:00,2025-04-18,24.0,6,-416.5998966598766,0.0,416.5998966598766,0.0,0.0,980.2246626737033,14288.349936757364,0.037872600000014245,0.0,1,1,fallback_q80_q20,95;55;93;95;51;55;54;94;65;94;39;38;105;81;80;89;104;87;105;74;56;81;83;78;84;69;95;53;61;52,9.094947017729282e-13,2.2737367544323206e-13,0.0,0,0,0
2025-04-20,H24,0,00:00,2025-04-19,24.0,6,31894.688256060224,0.0,0.0,0.0,0.0,0.0,31894.6920465609,0.03738269999996646,0.0,1,1,fallback_q80_q20,82;39;75;106;57;105;87;70;74;85;103;97;101;75;58;68;45;88;97;95;87;83;102;89;79;63;63;94;82;77,9.094947017729282e-13,1.2505552149377763e-12,0.0,0,0,0
2025-04-20,H24,36,06:00,2025-04-19,24.0,6,2290.6213752857775,2317.450078510137,26.828703224359124,0.0,3091.3901130764925,75.83922440320453,11326.29216007826,0.050125499999921885,0.0,1,1,fallback_q80_q20,83;85;97;66;99;88;82;73;63;98;106;74;86;101;94;92;105;66;66;91;97;72;94;94;61;98;57;79;59;89,8.810729923425242e-13,2.2737367544323206e-13,0.0,0,0,0
2025-04-20,H24,72,12:00,2025-04-19,24.0,6,1765.9587372485194,1887.4647813642086,121.50604411568926,0.0,1303.8221219458042,527.8705696110133,11261.00925269812,0.04923559999997451,0.0,1,1,fallback_q80_q20,45;95;106;103;76;103;54;92;103;78;94;98;76;89;101;59;103;100;101;87;78;106;78;90;91;103;105;66;66;59,1.0231815394945443e-12,2.2737367544323206e-13,0.0,0,0,0
2025-04-20,H24,108,18:00,2025-04-19,24.0,6,1899.1082392711542,1899.1082392711542,0.0,0.0,1067.551471931633,0.0,19012.134063971873,0.03869950000000699,0.0,1,1,fallback_q80_q20,81;103;62;75;84;78;60;103;63;85;103;85;53;98;100;96;88;94;79;65;67;103;97;96;94;102;104;104;101;68,9.094947017729282e-13,2.2737367544323206e-13,0.0,0,0,0
2025-04-21,H24,0,00:00,2025-04-20,24.0,6,38199.55367094565,0.0,0.0,0.0,0.0,0.0,38199.55758964442,0.03594670000006772,0.0,1,1,fallback_q80_q20,98;98;103;100;91;91;57;98;104;59;106;105;96;104;98;106;107;65;84;64;76;98;62;107;83;74;78;106;75;80,1.0231815394945443e-12,7.958078640513122e-13,0.0,0,0,0
2025-04-21,H24,36,06:00,2025-04-20,24.0,6,-2925.551831856307,30.57973744468766,2956.1315693009947,0.0,24.73872759456708,10670.01267932016,6312.0834425073135,0.04484059999992951,0.0,1,1,fallback_q80_q20,96;90;107;98;93;89;97;66;55;105;47;106;97;96;104;83;78;107;106;91;56;99;89;103;97;106;105;96;106;97,8.526512829121202e-13,2.2737367544323206e-13,0.0,0,0,0
2025-04-21,H24,72,12:00,2025-04-20,24.0,6,1380.1989873636292,1393.645918533733,13.44693117010397,0.0,1026.9261270194281,53.62636199621937,10228.338318940252,0.043709400000011556,0.0,1,1,fallback_q80_q20,95;88;73;100;68;106;107;100;68;89;78;79;85;103;91;65;65;85;71;93;77;78;101;81;87;106;80;82;91;91,9.094947017729282e-13,2.2737367544323206e-13,0.0,0,0,0
2025-04-21,H24,108,18:00,2025-04-20,24.0,6,597.8401755584149,597.8401755584149,0.0,0.0,349.0285130590763,0.0,17570.88137794609,0.04088430000001608,0.0,1,1,fallback_q80_q20,96;49;98;99;106;88;91;101;55;100;80;80;68;104;106;99;106;97;105;96;91;105;83;86;82;86;90;103;89;103,8.810729923425242e-13,4.547473508864641e-13,0.0,0,0,0
2025-04-22,H24,0,00:00,2025-04-21,24.0,6,33725.43443974954,0.0,0.0,0.0,0.0,0.0,33725.43830108287,0.03558809999992718,0.0,1,1,fallback_q80_q20,98;54;104;107;107;107;83;98;106;61;78;107;100;91;98;89;103;104;99;94;100;91;102;69;75;103;99;71;63;107,9.094947017729282e-13,6.821210263296962e-13,0.0,0,0,0
2025-04-22,H24,36,06:00,2025-04-21,24.0,6,5012.592824521339,5019.033536927343,6.440712406004252,0.0,5685.922849535791,27.024992072850637,14396.717994226403,0.04900989999998728,0.0,1,1,fallback_q80_q20,95;103;76;91;90;98;87;106;54;63;91;103;95;96;92;47;103;106;63;91;87;90;82;62;79;93;107;91;106;98,9.094947017729282e-13,2.2737367544323206e-13,0.0,0,0,0
2025-04-22,H24,72,12:00,2025-04-21,24.0,6,-471.78761365913374,161.65483155565155,633.4424452147853,0.0,125.57408328704781,2724.1660491307675,10070.956343392743,0.04606499999999869,0.0,1,1,fallback_q80_q20,104;105;57;79;78;99;47;99;104;68;104;94;101;79;104;62;97;100;108;97;55;99;78;107;80;69;82;106;61;102,9.094947017729282e-13,2.2737367544323206e-13,0.0,0,0,0
2025-04-22,H24,108,18:00,2025-04-21,24.0,6,42.89823820076376,54.30871731533004,11.410479114566284,0.0,33.542795548788945,27.8360674181248,19550.80809165479,0.04152669999996306,0.0,1,1,fallback_q80_q20,89;97;96;93;82;49;68;68;94;87;105;62;61;59;99;107;78;101;71;61;82;105;58;88;101;98;104;104;68;93,7.958078640513122e-13,2.2737367544323206e-13,0.0,0,0,0
2025-04-23,H24,0,00:00,2025-04-22,24.0,6,31857.598867360022,0.0,0.0,0.0,0.0,0.0,31857.60265289793,0.04848770000000968,0.0,1,1,fallback_q80_q20,97;82;96;91;109;103;71;93;93;92;72;77;103;79;65;105;72;68;69;100;57;105;103;106;47;102;107;58;76;65,9.094947017729282e-13,9.094947017729282e-13,0.0,0,0,0
2025-04-23,H24,36,06:00,2025-04-22,24.0,6,5792.109331632893,5797.496733708152,5.387402075257952,0.0,6940.973697485886,25.423289028330828,14856.91512334551,0.04399829999999838,0.0,1,1,fallback_q80_q20,94;49;95;95;103;109;99;91;88;90;78;84;105;68;82;47;84;103;104;79;104;58;108;82;77;48;93;90;103;70,9.094947017729282e-13,2.2737367544323206e-13,0.0,0,0,0
2025-04-23,H24,72,12:00,2025-04-22,24.0,6,430.5291263365905,655.0988230398704,224.56969670327987,0.0,622.6192681286711,992.037580132697,10309.292664323004,0.056712500000003274,0.0,1,1,fallback_q80_q20,101;107;98;82;99;100;97;101;109;77;103;107;104;101;97;95;92;75;105;85;98;98;106;106;109;104;105;48;96;107,9.094947017729282e-13,2.2737367544323206e-13,0.0,0,0,0
2025-04-23,H24,108,18:00,2025-04-22,24.0,6,861.2187855391912,861.2187855391912,0.0,0.0,481.01833507658637,0.0,21615.96169184144,0.03814450000004399,0.0,1,1,fallback_q80_q20,63;58;98;66;104;96;104;73;104;64;98;100;107;107;61;97;93;99;91;106;103;97;81;72;82;86;51;56;108;109,1.0231815394945443e-12,7.958078640513122e-13,0.0,0,0,0
2025-04-24,H24,0,00:00,2025-04-23,24.0,6,32755.686219065312,0.0,0.0,0.0,0.0,0.0,32755.690080398646,0.037038699999925484,0.0,1,1,fallback_q80_q20,99;73;96;110;101;110;108;107;85;99;100;92;82;78;107;104;62;71;65;85;79;98;108;51;78;84;83;104;96;70,7.673861546209082e-13,9.094947017729282e-13,0.0,0,0,0
2025-04-24,H24,36,06:00,2025-04-23,24.0,6,493.8916633362666,691.4288037351371,197.53714039887046,0.0,462.2718923808577,883.267018176839,7751.5278110896315,0.04708600000003571,0.0,1,1,fallback_q80_q20,110;98;82;90;102;88;104;78;104;96;104;86;105;73;91;85;58;108;86;109;91;70;87;99;103;107;94;79;93;96,9.094947017729282e-13,2.2737367544323206e-13,0.0,0,0,0
2025-04-24,H24,72,12:00,2025-04-23,24.0,6,1454.4471008465214,1473.349886754555,18.902785908033493,0.0,1326.9467654746175,66.88569964239173,6074.084955087798,0.03978139999992436,0.0,1,1,fallback_q80_q20,63;80;102;99;98;100;98;107;103;77;62;104;106;79;76;84;63;110;93;83;75;104;105;106;94;92;104;54;100;87,1.1368683772161603e-12,2.2737367544323206e-13,0.0,0,0,0
2025-04-24,H24,108,18:00,2025-04-23,24.0,6,412.00391099638864,415.7754991491522,3.771588152763551,0.0,228.13696089794524,9.715579991662935,6723.979773523803,0.05110560000002806,0.0,1,1,fallback_q80_q20,95;97;106;86;58;72;110;103;93;105;92;48;78;79;58;92;100;99;68;76;70;105;96;92;92;110;91;47;72;72,5.6843418860808015e-12,1.1368683772161603e-13,0.0,0,0,0
2025-04-25,H24,0,00:00,2025-04-24,24.0,6,17761.903273908443,0.0,0.0,0.0,0.0,0.0,17761.90713524178,0.0367666999999301,0.0,1,1,fallback_q80_q20,107;105;77;110;101;105;50;110;73;91;91;73;80;103;75;61;85;75;87;103;107;103;89;100;103;83;85;89;102;98,1.0231815394945443e-12,5.684341886080801e-13,0.0,0,0,0
2025-04-25,H24,36,06:00,2025-04-24,24.0,6,-215.48923280638252,0.0,215.48923280638252,0.0,0.0,439.24261599324416,4397.26267410321,0.0440965000000233,0.0,1,1,fallback_q80_q20,54;87;65;100;110;79;76;83;99;86;82;98;56;93;99;111;110;79;56;71;73;101;96;69;85;110;106;50;103;99,1.0231815394945443e-12,1.1368683772161603e-13,0.0,0,0,0
2025-04-25,H24,72,12:00,2025-04-24,24.0,6,-716.3786357783763,0.0,716.3786357783763,0.0,0.0,1463.224038021859,3502.7184254392128,0.05976680000003398,0.0,1,1,fallback_q80_q20,93;85;91;100;110;105;83;107;106;99;48;83;93;103;68;107;89;109;108;56;91;110;56;50;94;103;110;111;107;103,1.8189894035458565e-12,1.1368683772161603e-13,0.0,0,0,0
2025-04-25,H24,108,18:00,2025-04-24,24.0,6,-462.3096495719417,0.0,462.3096495719417,0.0,0.0,1083.4995768885265,5098.475853622572,0.04139700000007451,0.0,1,1,fallback_q80_q20,68;106;106;107;76;107;100;100;100;55;86;95;73;67;77;57;110;98;103;109;91;66;111;111;109;61;92;86;99;109,6.366462912410498e-12,1.1368683772161603e-13,0.0,0,0,0
2025-04-26,H24,0,00:00,2025-04-25,24.0,6,15360.820350093796,0.0,0.0,0.0,0.0,0.0,15360.824211427129,0.04257940000002236,0.0,1,1,fallback_q80_q20,99;92;80;110;105;102;107;83;62;108;65;109;108;86;67;95;96;80;79;103;79;94;105;107;110;68;108;96;80;74,1.3642420526593924e-12,1.1368683772161603e-12,0.0,0,0,0
2025-04-26,H24,36,06:00,2025-04-25,24.0,6,511.9954284339647,517.1939364199095,5.198507985944807,0.0,365.3332652121386,24.69540474477526,6932.859015328911,0.0426670000000513,0.0,1,1,fallback_q80_q20,99;90;97;103;90;95;98;87;108;80;109;75;59;84;104;92;57;64;107;109;112;95;96;109;60;93;90;102;108;85,9.094947017729282e-13,1.9042545318370685e-11,0.0,0,0,0
2025-04-26,H24,72,12:00,2025-04-25,24.0,6,-131.78213820656498,0.0,131.78213820656498,0.0,0.0,296.535828677803,10844.9307577815,0.041145799999981136,0.0,1,1,fallback_q80_q20,109;97;104;89;52;87;83;108;78;91;58;110;83;46;66;93;95;109;89;105;67;79;80;71;104;89;65;108;85;100,1.0231815394945443e-12,2.2737367544323206e-13,0.0,0,0,0
2025-04-26,H24,108,18:00,2025-04-25,24.0,6,-434.9928398944708,0.0,434.9928398944708,0.0,0.0,1001.5234742090397,15412.34242073103,0.03680250000002161,0.0,1,1,fallback_q80_q20,105;105;109;109;87;106;60;67;109;100;110;100;108;102;98;91;76;45;58;109;112;106;108;75;107;85;93;87;100;112,8.739675649849232e-13,2.2737367544323206e-13,0.0,0,0,0
2025-04-27,H24,0,00:00,2025-04-26,24.0,6,28827.2713569338,0.0,0.0,0.0,0.0,0.0,28827.27508331112,0.037222399999905065,0.0,1,1,fallback_q80_q20,81;73;111;77;76;101;80;84;98;112;88;86;83;94;91;94;111;87;86;93;99;91;74;82;92;106;79;106;64;87,9.094947017729282e-13,6.821210263296962e-13,0.0,0,0,0
2025-04-27,H24,36,06:00,2025-04-26,24.0,6,7667.928199509903,7669.189382047499,1.261182537596519,0.0,8122.695596097053,5.918326347267339,16254.459671298926,0.04234729999996034,0.0,1,1,fallback_q80_q20,60;101;111;105;100;99;113;110;70;94;83;77;67;70;61;90;108;74;111;94;60;108;99;46;60;53;52;81;109;45,1.2505552149377763e-12,2.2737367544323206e-13,0.0,0,0,0
2025-04-27,H24,72,12:00,2025-04-26,24.0,6,432.5721280624217,857.4386395155141,424.86651145309236,0.0,621.9974406871138,1905.991785426456,10030.913933840522,0.03930420000006052,0.0,1,1,fallback_q80_q20,106;108;106;113;111;53;84;88;108;108;110;94;110;113;101;75;109;99;110;105;108;61;95;108;77;74;112;109;60;105,8.526512829121202e-13,2.2737367544323206e-13,0.0,0,0,0
2025-04-27,H24,108,18:00,2025-04-26,24.0,6,2465.5802798841964,2465.5802798841964,0.0,0.0,1374.8288142917415,0.0,31913.6692836586,0.0360653000000184,0.0,1,1,fallback_q80_q20,112;81;81;106;77;62;80;64;84;92;108;105;84;111;104;88;66;81;95;59;45;102;112;83;85;63;91;102;111;97,9.094947017729282e-13,2.2737367544323206e-13,0.0,0,0,0
2025-04-28,H24,0,00:00,2025-04-27,24.0,6,40064.976517436364,0.0,0.0,0.0,0.0,0.0,40064.98048328416,0.03836690000002818,0.0,1,1,fallback_q80_q20,107;112;105;98;94;107;107;67;110;108;74;56;103;106;113;75;74;58;63;64;109;98;66;93;105;88;114;82;85;66,8.064660050877137e-13,9.094947017729282e-13,0.0,0,0,0
2025-04-28,H24,36,06:00,2025-04-27,24.0,6,562.9579234635156,614.0285184984677,51.070595034952085,0.0,767.0748155340568,171.40651945427874,9776.57867730192,0.041334799999958705,0.0,1,1,fallback_q80_q20,107;113;84;102;106;101;103;69;112;111;103;99;91;103;65;98;111;75;86;110;100;104;107;109;84;96;114;51;100;88,9.094947017729282e-13,2.2737367544323206e-13,0.0,0,0,0
2025-04-28,H24,72,12:00,2025-04-27,24.0,6,-182.27290085562277,679.1282725247843,861.401173380407,0.0,415.68898489156527,3083.0904512310317,8803.092950676299,0.04673460000003615,0.0,1,1,fallback_q80_q20,54;88;69;85;87;105;66;95;107;83;111;83;108;112;62;103;100;103;91;82;104;89;85;102;111;106;62;111;91;114,9.094947017729282e-13,2.2737367544323206e-13,0.0,0,0,0
2025-04-28,H24,108,18:00,2025-04-27,24.0,6,-51.29573659903496,0.0,51.29573659903496,0.0,0.0,84.5925112864478,21261.62521533354,0.044258399999989706,0.0,1,1,fallback_q80_q20,113;91;100;72;109;103;89;83;70;66;111;72;109;89;104;97;92;93;114;93;76;64;107;63;98;99;99;111;99;96,8.526512829121202e-13,2.2737367544323206e-13,0.0,0,0,0
2025-04-29,H24,0,00:00,2025-04-28,24.0,6,33031.49097784748,0.0,0.0,0.0,0.0,0.0,33031.494340180114,0.03393529999993916,0.0,1,1,fallback_q80_q20,106;98;58;113;113;110;110;102;103;109;89;104;86;64;115;91;83;113;72;110;55;70;114;112;97;100;100;87;91;77,8.668621376273222e-13,3.410605131648481e-13,0.0,0,0,0
2025-04-29,H24,36,06:00,2025-04-28,24.0,6,1773.250410518276,1842.9725888221383,69.72217830386228,0.0,1676.4660938018187,324.6825632108126,10752.787252142998,0.04442279999989296,0.0,1,1,fallback_q80_q20,108;93;107;85;77;92;81;93;97;111;109;113;106;114;110;76;65;54;109;81;103;113;109;94;106;108;103;56;110;86,9.094947017729282e-13,2.2737367544323206e-13,0.0,0,0,0
2025-04-29,H24,72,12:00,2025-04-28,24.0,6,318.54017878205065,600.5378451473211,281.9976663652705,0.0,536.1341562475202,1305.190604268548,10654.173411936663,0.06258470000000216,0.0,1,1,fallback_q80_q20,92;91;115;98;113;97;105;92;107;68;96;83;85;77;106;114;110;97;100;98;110;112;95;115;113;114;88;103;106;107,9.094947017729282e-13,2.2737367544323206e-13,0.0,0,0,0
2025-04-29,H24,108,18:00,2025-04-28,24.0,6,61.5469455058737,62.39280983889561,0.8458643330219101,0.0,38.38455306706078,4.008835701525641,25536.953026731266,0.03679620000002615,0.0,1,1,fallback_q80_q20,98;66;103;94;100;86;109;97;110;112;104;73;112;97;90;99;85;100;62;111;94;85;107;72;97;108;104;92;104;68,1.0231815394945443e-12,1.3642420526593924e-12,0.0,0,0,0
2025-04-30,H24,0,00:00,2025-04-29,24.0,6,31779.776630221095,0.0,0.0,0.0,0.0,0.0,31779.780193887604,0.037468800000056035,0.0,1,1,fallback_q80_q20,68;111;54;105;105;97;115;64;91;97;77;63;114;65;88;107;107;108;105;96;56;82;114;104;92;113;101;110;97;86,8.668621376273222e-13,4.547473508864641e-13,0.0,0,0,0
2025-04-30,H24,36,06:00,2025-04-29,24.0,6,1420.8325626976412,1429.4223816553517,8.589818957710648,0.0,2090.9845785435136,41.15860730928648,9941.566096307906,0.0457014999999501,0.0,1,1,fallback_q80_q20,113;108;112;92;62;99;82;82;82;110;116;103;98;113;96;104;106;101;89;113;92;99;104;77;101;74;111;113;79;92,9.094947017729282e-13,2.2737367544323206e-13,0.0,0,0,0
2025-04-30,H24,72,12:00,2025-04-29,24.0,6,-8.353718327020829,279.36708052989684,287.72079885691767,0.0,150.91083780708846,872.5806563459082,9233.782586037458,0.05048490000001493,0.0,1,1,fallback_q80_q20,110;105;114;112;113;109;64;76;103;105;99;112;113;112;72;78;74;84;99;69;105;71;105;114;105;86;97;65;106;110,9.094947017729282e-13,2.2737367544323206e-13,0.0,0,0,0
2025-04-30,H24,108,18:00,2025-04-29,24.0,6,297.01171827798777,298.31940294043284,1.3076846624450764,0.0,161.1109572778546,2.649548500547212,17557.59485460197,0.04427889999999479,0.0,1,1,fallback_q80_q20,82;102;113;107;110;93;76;88;108;103;63;108;87;102;57;92;114;96;113;83;94;107;112;75;103;100;113;65;87;73,9.094947017729282e-13,2.2737367544323206e-13,0.0,0,0,0
2025-05-01,H24,0,00:00,2025-04-30,24.0,6,35323.187749565186,0.0,0.0,0.0,0.0,0.0,35323.19140619619,0.03803919999995742,0.0,1,1,fallback_q80_q20,74;117;92;117;108;99;78;111;83;72;95;90;116;88;103;117;78;75;106;113;104;65;105;99;99;105;55;91;111;104,8.526512829121202e-13,6.821210263296962e-13,0.0,0,0,0
2025-05-01,H24,36,06:00,2025-04-30,24.0,6,-174.06931255727227,377.9752714250758,552.0445839823481,0.0,357.06362947527697,2165.6137284922847,7122.2505574394745,0.04302830000005997,0.0,1,1,fallback_q80_q20,99;81;96;115;83;78;77;71;98;65;82;101;84;108;112;100;111;116;97;63;93;107;111;113;113;65;94;111;78;99,9.094947017729282e-13,2.2737367544323206e-13,0.0,0,0,0
2025-05-01,H24,72,12:00,2025-04-30,24.0,6,-103.01128995224963,122.07942257762267,225.0907125298723,0.0,123.214627423714,1035.7164965165912,4961.904750268526,0.07070299999998042,0.0,1,1,fallback_q80_q20,107;65;108;106;109;116;85;90;110;114;101;110;99;107;57;76;107;87;95;94;93;104;103;111;106;112;73;105;84;113,8.526512829121202e-13,1.0373923942097463e-12,0.0,0,0,0
2025-05-01,H24,108,18:00,2025-04-30,24.0,6,1518.3514991281747,1518.3514991281747,0.0,0.0,857.3362209826353,0.0,11452.72683046147,0.037866399999984424,0.0,1,1,fallback_q80_q20,105;117;107;110;80;73;112;96;103;114;113;116;111;99;107;104;117;55;105;84;117;75;68;68;91;100;111;58;85;85,9.663381206337363e-13,1.1368683772161603e-13,0.0,0,0,0
2025-05-02,H24,0,00:00,2025-05-01,24.0,6,19978.0443849123,0.0,0.0,0.0,0.0,0.0,19978.048136153004,0.03465120000009847,0.0,1,1,fallback_q80_q20,112;87;117;113;118;111;91;99;91;84;112;57;68;118;107;114;103;102;85;117;85;90;109;114;69;90;110;65;115;94,9.094947017729282e-13,1.1368683772161603e-13,0.0,0,0,0
2025-05-02,H24,36,06:00,2025-05-01,24.0,6,2423.4361382259312,2447.538039447718,24.101901221786715,0.0,3691.820537454264,78.41736622318103,7788.211711280619,0.0365914999999859,0.0,1,1,fallback_q80_q20,87;74;83;118;75;117;76;103;117;117;117;101;76;101;117;107;68;111;112;72;105;87;117;106;106;118;97;58;78;116,8.917311333789257e-13,1.1368683772161603e-13,0.0,0,0,0
2025-05-02,H24,72,12:00,2025-05-01,24.0,6,-1408.959080980999,0.0,1408.959080980999,0.0,0.0,4350.7278858212985,2562.008723103482,0.052896199999963756,0.0,1,1,fallback_q80_q20,112;55;107;99;92;55;107;110;96;100;69;107;79;62;85;55;103;98;117;114;113;116;98;99;102;103;114;78;103;111,6.821210263296962e-13,1.1368683772161603e-13,0.0,0,0,0
2025-05-02,H24,108,18:00,2025-05-01,24.0,6,-691.9319550676584,0.0,691.9319550676584,0.0,0.0,1527.610607582993,5654.148461132562,0.04206859999999324,0.0,1,1,fallback_q80_q20,101;104;109;86;95;97;98;75;86;115;95;116;87;98;62;112;79;115;94;87;76;101;87;89;92;113;68;87;87;71,9.094947017729282e-13,1.1368683772161603e-13,0.0,0,0,0
2025-05-03,H24,0,00:00,2025-05-02,24.0,6,16253.975931958417,0.0,0.0,0.0,0.0,0.0,16253.979624400255,0.04122649999999339,0.0,1,1,fallback_q80_q20,110;102;113;80;103;118;87;71;71;101;101;113;95;114;72;73;108;105;115;93;101;106;95;102;109;104;119;101;110;118,9.094947017729282e-13,1.1368683772161603e-13,0.0,0,0,0
2025-05-03,H24,36,06:00,2025-05-02,24.0,6,414.87227264692643,423.9063723598182,9.03409971289177,0.0,271.6851536465899,43.55564786312016,7362.101275175938,0.044095699999957105,0.0,1,1,fallback_q80_q20,108;119;79;80;112;90;116;114;80;116;108;100;101;67;118;115;66;101;87;72;60;93;73;116;82;92;106;116;75;66,9.094947017729282e-13,1.1368683772161603e-13,0.0,0,0,0
2025-05-03,H24,72,12:00,2025-05-02,24.0,6,-425.5108706053254,0.0,425.5108706053254,0.0,0.0,809.7386858628181,9060.084984145158,0.045513500000083695,0.0,1,1,fallback_q80_q20,92;110;84;116;107;64;115;72;82;85;84;80;85;68;86;113;89;109;74;84;115;73;79;107;117;114;116;91;73;94,8.526512829121202e-13,2.2737367544323206e-13,0.0,0,0,0
2025-05-03,H24,108,18:00,2025-05-02,24.0,6,807.4650142739721,808.0565801132077,0.5915658392356363,0.0,466.3365100365208,2.7904049020548882,14801.086302180387,0.03808419999995749,0.0,1,1,fallback_q80_q20,87;74;90;96;94;113;101;53;95;85;95;109;69;115;68;115;66;73;111;109;116;116;79;85;115;108;71;91;109;90,9.094947017729282e-13,2.2737367544323206e-13,0.0,0,0,0
2025-05-04,H24,0,00:00,2025-05-03,24.0,6,32956.554905034456,0.0,0.0,0.0,0.0,0.0,32956.5583047566,0.03511029999992843,0.0,1,1,fallback_q80_q20,89;111;98;102;87;115;120;74;68;93;114;101;119;89;90;70;108;111;117;120;113;108;79;102;107;73;69;116;107;117,8.810729923425242e-13,2.2737367544323206e-13,0.0,0,0,0
2025-05-04,H24,36,06:00,2025-05-03,24.0,6,459.67007244734765,903.6949347576144,444.02486231026677,0.0,558.8587542653245,1907.4427019799878,9638.24349859486,0.04439500000000862,0.0,1,1,fallback_q80_q20,71;80;98;96;108;87;117;111;81;103;116;116;114;103;59;79;114;74;99;97;67;103;100;119;60;78;106;76;106;74,9.094947017729282e-13,2.2737367544323206e-13,0.0,0,0,0
2025-05-04,H24,72,12:00,2025-05-03,24.0,6,1083.032824510795,1312.5222816317266,229.48945712093163,0.0,731.3461784573875,583.5520384005732,13191.54339698463,0.05192479999993793,0.0,1,1,fallback_q80_q20,107;107;84;83;76;115;110;102;91;94;75;94;102;98;116;109;114;120;76;77;120;108;81;69;110;88;120;112;82;82,9.094947017729282e-13,2.2737367544323206e-13,0.0,0,0,0
2025-05-04,H24,108,18:00,2025-05-03,24.0,6,2480.2515220915066,2480.2515220915066,0.0,0.0,1364.1961615339847,0.0,32501.248457629925,0.034856600000011895,0.0,1,1,fallback_q80_q20,78;119;111;88;98;82;78;111;89;104;101;87;87;68;99;118;113;67;68;81;110;88;100;101;68;99;70;95;105;69,9.094947017729282e-13,4.547473508864641e-13,0.0,0,0,0
2025-05-05,H24,0,00:00,2025-05-04,24.0,6,39054.00249516221,0.0,0.0,0.0,0.0,0.0,39054.00635649554,0.03846149999992576,0.0,1,1,fallback_q80_q20,61;79;61;112;96;110;107;108;84;110;118;103;58;98;88;113;117;102;87;105;112;112;70;98;117;103;63;83;88;102,8.668621376273222e-13,2.2737367544323206e-13,0.0,0,0,0
2025-05-05,H24,36,06:00,2025-05-04,24.0,6,1617.57709630746,1652.6197738924743,35.04267758501442,0.0,2429.7794950688376,114.12803785179415,11116.844138239272,0.03800709999995888,0.0,1,1,fallback_q80_q20,97;118;117;92;58;112;110;119;93;112;121;91;110;58;112;88;121;96;117;121;121;111;121;103;90;105;107;93;113;84,8.810729923425242e-13,2.2737367544323206e-13,0.0,0,0,0
2025-05-05,H24,72,12:00,2025-05-04,24.0,6,-1150.9533243857088,167.93780105019096,1318.8911254358998,0.0,102.16794975287246,4279.880861756865,9059.729660994086,0.04374770000003991,0.0,1,1,fallback_q80_q20,99;112;97;99;100;72;108;116;108;78;97;88;121;120;118;78;117;118;114;108;61;121;78;118;114;109;93;120;106;117,9.094947017729282e-13,2.2737367544323206e-13,0.0,0,0,0
2025-05-05,H24,108,18:00,2025-05-04,24.0,6,1130.3749316759502,1130.721957773806,0.3470260978559584,0.0,621.7289714188119,1.6380745709509483,16704.203786915707,0.04160150000006979,0.0,1,1,fallback_q80_q20,113;61;87;83;118;91;94;106;117;98;114;110;82;114;84;121;121;118;89;84;83;100;111;113;110;119;109;93;91;112,9.094947017729282e-13,1.0231815394945443e-12,0.0,0,0,0
2025-05-06,H24,0,00:00,2025-05-05,24.0,6,32310.5918791891,0.0,0.0,0.0,0.0,0.0,32310.59548607415,0.03923900000006597,0.0,1,1,fallback_q80_q20,65;87;109;109;122;119;87;112;107;111;75;118;106;103;118;102;77;87;86;97;120;83;68;71;105;97;78;69;86;113,8.526512829121202e-13,2.2737367544323206e-13,0.0,0,0,0
2025-05-06,H24,36,06:00,2025-05-05,24.0,6,6995.792087682648,7014.453907074183,18.661819391534873,0.0,8477.927946921676,88.98906153905136,16139.685307780523,0.04033249999997679,0.0,1,1,fallback_q80_q20,118;99;103;122;122;112;121;84;99;113;82;98;99;102;115;118;113;117;122;95;61;82;113;77;103;89;103;71;94;121,9.094947017729282e-13,2.2737367544323206e-13,0.0,0,0,0
2025-05-06,H24,72,12:00,2025-05-05,24.0,6,498.18409611441757,1128.9698218990925,630.7857257846749,0.0,736.3543202099249,2627.7437986137015,20818.21413448525,0.04726610000000164,0.0,1,1,fallback_q80_q20,78;100;97;90;93;108;88;120;68;118;106;85;64;63;115;68;118;120;105;122;113;68;110;65;93;76;72;117;122;90,1.8189894035458565e-12,2.2737367544323206e-13,0.0,0,0,0
2025-05-06,H24,108,18:00,2025-05-05,24.0,6,2085.099179056461,2085.099179056461,0.0,0.0,1134.182653683504,0.0,22837.33502207336,0.03953639999997449,0.0,1,1,fallback_q80_q20,98;119;85;71;118;77;118;69;107;110;100;77;120;114;120;122;96;107;112;120;97;120;68;86;107;61;120;117;82;74,8.668621376273222e-13,5.684341886080801e-13,0.0,0,0,0
2025-05-07,H24,0,00:00,2025-05-06,24.0,6,35485.25674719033,0.0,0.0,0.0,0.0,0.0,35485.26057455807,0.03899300000000494,0.0,1,1,fallback_q80_q20,108;97;78;105;117;80;96;77;104;120;88;113;71;93;65;117;87;114;118;121;84;86;110;120;85;93;118;101;120;120,8.810729923425242e-13,2.2737367544323206e-13,0.0,0,0,0
2025-05-07,H24,36,06:00,2025-05-06,24.0,6,7983.246822024372,7986.944014510419,3.697192486046955,0.0,8618.754757325947,17.43058012354527,17576.356496294964,0.04715859999998884,0.0,1,1,fallback_q80_q20,97;99;106;95;115;109;104;121;114;110;81;104;95;115;98;81;89;84;83;88;120;75;90;123;104;61;116;82;92;102,8.748557434046234e-13,2.2737367544323206e-13,0.0,0,0,0
2025-05-07,H24,72,12:00,2025-05-06,24.0,6,-1367.7231562966203,0.0,1367.7231562966203,0.0,0.0,4069.8915198318336,16438.076310166023,0.05147310000006655,0.0,1,1,fallback_q80_q20,117;111;116;92;64;100;120;118;99;121;113;121;123;113;64;79;120;99;89;118;105;97;99;114;76;77;118;114;89;110,8.526512829121202e-13,2.2737367544323206e-13,0.0,0,0,0
2025-05-07,H24,108,18:00,2025-05-06,24.0,6,2168.8454462753834,2168.8454462753834,0.0,0.0,1185.2395339283926,0.0,19567.0615874131,0.040647300000046016,0.0,1,1,fallback_q80_q20,117;72;111;120;71;92;119;85;119;114;119;100;110;119;94;109;117;106;83;118;87;88;81;111;111;94;97;123;111;117,7.958078640513122e-13,7.958078640513122e-13,0.0,0,0,0
2025-05-08,H24,0,00:00,2025-05-07,24.0,6,42259.77153213005,0.0,0.0,0.0,0.0,0.0,42259.77546525265,0.04205449999994926,0.0,1,1,fallback_q80_q20,64;107;117;121;103;95;99;121;114;112;112;98;115;121;115;110;124;103;120;95;117;109;106;80;102;114;101;117;111;114,9.094947017729282e-13,2.2737367544323206e-13,0.0,0,0,0
2025-05-08,H24,36,06:00,2025-05-07,24.0,6,-1434.0374122761423,413.941865632019,1847.9792779081613,0.0,224.90451335036903,6070.134731433844,6618.476057707588,0.041851199999996425,0.0,1,1,fallback_q80_q20,114;106;105;103;118;114;114;121;124;112;118;76;63;98;92;112;101;124;85;68;118;114;105;69;100;89;108;117;123;78,9.094947017729282e-13,2.2737367544323206e-13,0.0,0,0,0
2025-05-08,H24,72,12:00,2025-05-07,24.0,6,2134.632558781661,2393.3550262422045,258.7224674605435,0.0,1958.1391863457898,1145.6020644159576,12523.890589569393,0.04564879999998084,0.0,1,1,fallback_q80_q20,98;99;109;81;62;118;75;116;112;106;108;63;109;114;119;124;115;104;124;76;86;100;105;75;113;72;80;120;121;117,8.526512829121202e-13,2.2737367544323206e-13,0.0,0,0,0
2025-05-08,H24,108,18:00,2025-05-07,24.0,6,-95.95141653382686,0.0,95.95141653382686,0.0,0.0,164.62670312372074,8761.568324466512,0.08398929999998472,0.0,1,1,fallback_q80_q20,92;107;108;107;94;121;62;118;106;83;80;113;107;113;110;97;89;92;104;72;117;116;115;114;86;107;120;116;99;94,9.094947017729282e-13,7.958078640513122e-13,0.0,0,0,0
2025-05-09,H24,0,00:00,2025-05-08,24.0,6,21398.914634510962,0.0,0.0,0.0,0.0,0.0,21398.918200674027,0.030440600000019913,0.0,1,1,fallback_q80_q20,108;107;85;72;120;107;78;119;124;117;62;109;116;89;121;78;110;75;112;108;125;96;72;119;91;98;112;103;125;101,9.094947017729282e-13,1.1368683772161603e-13,0.0,0,0,0
2025-05-09,H24,36,06:00,2025-05-08,24.0,6,1025.9658169790866,1221.1090707841117,195.14325380502513,0.0,735.7134423825983,485.42981788997224,6535.684288500463,0.0405938999999762,0.0,1,1,fallback_q80_q20,65;76;120;98;121;113;72;123;112;120;92;79;107;91;125;106;114;81;124;78;107;99;119;105;95;89;97;123;103;119,9.094947017729282e-13,1.1368683772161603e-13,0.0,0,0,0
2025-05-09,H24,72,12:00,2025-05-08,24.0,6,-746.463611613071,0.0,746.463611613071,0.0,0.0,1415.9301070859244,5502.718318919876,0.07048610000003919,0.0,1,1,fallback_q80_q20,115;82;98;103;114;119;94;125;85;96;110;122;115;109;118;122;117;94;106;106;98;112;104;125;120;86;124;97;123;115,9.094947017729282e-13,1.1368683772161603e-13,0.0,0,0,0
2025-05-09,H24,108,18:00,2025-05-08,24.0,6,-880.2415520291484,0.0,880.2415520291484,0.0,0.0,1816.2620104455102,6819.935812187223,0.03799000000003616,0.0,1,1,fallback_q80_q20,87;86;71;121;75;109;69;105;121;95;119;118;97;115;80;112;108;107;120;125;86;92;95;124;117;83;64;122;102;125,1.3642420526593924e-12,5.684341886080801e-13,0.0,0,0,0
2025-05-10,H24,0,00:00,2025-05-09,24.0,6,20229.168596057927,0.0,0.0,0.0,0.0,0.0,20229.17231328525,0.047264400000017304,0.0,1,1,fallback_q80_q20,115;120;99;88;105;114;94;112;98;119;94;106;123;92;108;123;114;72;123;81;122;81;102;101;82;120;88;80;123;95,6.657785434072139e-12,1.1368683772161603e-13,0.0,0,0,0
2025-05-10,H24,36,06:00,2025-05-09,24.0,6,2464.326415101774,2467.0703475679857,2.743932466212068,0.0,1737.183798134138,12.993106536403047,9418.421472190592,0.03757789999997385,0.0,1,1,fallback_q80_q20,123;106;97;89;95;85;81;124;121;101;103;87;123;97;120;84;112;67;120;102;95;101;86;108;74;123;97;123;85;123,9.094947017729282e-13,1.1368683772161603e-13,0.0,0,0,0
2025-05-10,H24,72,12:00,2025-05-09,24.0,6,-1153.8774903641265,0.0,1153.8774903641265,0.0,0.0,2367.2889664874556,7794.520432763681,0.0488622000000305,0.0,1,1,fallback_q80_q20,124;67;116;85;115;108;81;83;100;107;72;105;72;105;125;104;116;115;123;125;102;125;93;126;89;84;126;109;126;99,9.094947017729282e-13,1.7053025658242404e-13,0.0,0,0,0
2025-05-10,H24,108,18:00,2025-05-09,24.0,6,-131.95520120421193,0.0,131.95520120421193,0.0,0.0,248.9613267672445,28301.457766935866,0.046421299999906296,0.0,1,1,fallback_q80_q20,118;102;78;84;123;116;108;93;109;74;124;123;113;77;109;107;98;122;106;123;109;120;96;114;99;125;118;124;120;98,9.094947017729282e-13,1.5916157281026244e-12,0.0,0,0,0
2025-05-11,H24,0,00:00,2025-05-10,24.0,6,36391.28610477745,0.0,0.0,0.0,0.0,0.0,36391.28963025924,0.03804030000003422,0.0,1,1,fallback_q80_q20,112;108;127;123;116;83;115;88;123;110;91;67;91;114;114;113;123;101;112;72;81;112;87;111;118;108;60;123;80;95,9.094947017729282e-13,1.0231815394945443e-12,0.0,0,0,0
2025-05-11,H24,36,06:00,2025-05-10,24.0,6,3043.526868689145,3089.674888392505,46.148019703360156,0.0,3461.527354859007,206.35266679347353,12402.462165994217,0.046533800000020165,0.0,1,1,fallback_q80_q20,127;107;112;127;122;95;103;122;74;110;102;119;121;113;109;122;117;114;126;119;98;73;115;118;122;98;88;126;117;95,9.094947017729282e-13,2.2737367544323206e-13,0.0,0,0,0
2025-05-11,H24,72,12:00,2025-05-10,24.0,6,1756.268164490462,2558.0827853110745,801.8146208206126,0.0,1541.0279197581135,3181.553542885941,14211.229988082467,0.043277499999931024,0.0,1,1,fallback_q80_q20,116;108;125;125;97;117;107;122;124;126;81;87;114;123;100;127;73;117;126;120;66;109;96;76;95;77;120;75;126;110,9.094947017729282e-13,2.2737367544323206e-13,0.0,0,0,0
2025-05-11,H24,108,18:00,2025-05-10,24.0,6,783.838732883005,798.9942665676672,15.155533684662172,0.0,448.25317742257914,24.131094155978303,23379.31128583353,0.03910529999996015,0.0,1,1,fallback_q80_q20,93;79;81;127;97;109;102;121;118;110;90;59;98;105;127;107;111;94;117;115;59;107;122;107;125;124;59;96;67;107,9.094947017729282e-13,9.094947017729282e-13,0.0,0,0,0
2025-05-12,H24,0,00:00,2025-05-11,24.0,6,35799.41108957492,0.0,0.0,0.0,0.0,0.0,35799.41448581316,0.03438420000009046,0.0,1,1,fallback_q80_q20,72;98;95;120;102;122;113;84;117;84;109;104;103;124;85;113;124;119;128;117;120;70;117;118;95;101;112;109;99;106,9.094947017729282e-13,9.094947017729282e-13,0.0,0,0,0
2025-05-12,H24,36,06:00,2025-05-11,24.0,6,6044.867799307609,6045.108442142942,0.24064283533302044,0.0,6612.250313970426,1.1355532811935518,15109.761639032557,0.04719729999999345,0.0,1,1,fallback_q80_q20,75;99;98;115;100;124;126;120;119;112;96;120;92;104;106;106;82;122;87;125;125;105;128;119;114;127;109;118;127;124,9.094947017729282e-13,2.2737367544323206e-13,0.0,0,0,0
2025-05-12,H24,72,12:00,2025-05-11,24.0,6,-405.6243586039093,552.537333494353,958.1616920982623,0.0,289.81495117819173,3819.7051703777747,9626.073162299546,0.052374200000031124,0.0,1,1,fallback_q80_q20,97;103;121;106;107;96;124;120;127;118;99;124;123;119;106;87;124;123;95;113;87;118;92;72;125;94;110;107;128;99,9.094947017729282e-13,2.2737367544323206e-13,0.0,0,0,0
2025-05-12,H24,108,18:00,2025-05-11,24.0,6,-112.44177023540445,15.739390542105632,128.1811607775101,0.0,7.77887688343867,215.03349941166817,23758.73320279751,0.03778439999996408,0.0,1,1,fallback_q80_q20,70;77;126;106;91;121;114;127;98;110;96;112;89;122;93;92;126;127;111;85;128;111;126;128;120;71;117;118;76;97,9.094947017729282e-13,6.821210263296962e-13,0.0,0,0,0
2025-05-13,H24,0,00:00,2025-05-12,24.0,6,42138.895546148866,0.0,0.0,0.0,0.0,0.0,42138.89949251717,0.034908399999949324,0.0,1,1,fallback_q80_q20,96;121;119;128;80;95;84;70;81;92;69;98;124;121;125;75;108;110;121;124;116;83;120;123;112;104;114;105;124;120,9.094947017729282e-13,1.2505552149377763e-12,0.0,0,0,0
2025-05-13,H24,36,06:00,2025-05-12,24.0,6,-745.5671802068177,1255.2166047235623,2000.78378493038,0.0,1076.8302088858136,6385.815977651993,8549.040981136488,0.04742850000002363,0.0,1,1,fallback_q80_q20,113;81;118;96;69;127;96;115;127;92;72;110;71;117;125;110;126;75;123;126;122;91;128;68;97;94;126;86;114;113,8.668621376273222e-13,2.2737367544323206e-13,0.0,0,0,0
2025-05-13,H24,72,12:00,2025-05-12,24.0,6,54.1512212987719,308.43690379734784,254.28568249857594,0.0,270.2451540006915,1096.8746108569817,19856.243823195575,0.04032670000003691,0.0,1,1,fallback_q80_q20,98;121;128;128;124;89;105;99;103;126;100;95;80;103;95;116;127;85;126;112;99;128;112;114;103;128;128;127;116;100,9.094947017729282e-13,2.2737367544323206e-13,0.0,0,0,0
2025-05-13,H24,108,18:00,2025-05-12,24.0,6,827.542630338711,827.542630338711,0.0,0.0,466.33027255832013,0.0,22459.05671735814,0.04193759999998292,0.0,1,1,fallback_q80_q20,128;80;105;92;88;102;125;85;124;118;103;120;127;99;124;128;117;129;122;107;120;96;108;86;84;114;115;112;128;126,8.242295734817162e-13,4.547473508864641e-13,0.0,0,0,0
2025-05-14,H24,0,00:00,2025-05-13,24.0,6,40856.671747070824,0.0,0.0,0.0,0.0,0.0,40856.67564069874,0.03225240000006124,0.0,1,1,fallback_q80_q20,121;117;106;117;104;112;117;112;119;126;112;127;86;109;129;105;115;128;127;118;114;99;113;118;124;92;117;90;106;125,8.526512829121202e-13,6.821210263296962e-13,0.0,0,0,0
2025-05-14,H24,36,06:00,2025-05-13,24.0,6,3966.948137321219,3966.948137321219,0.0,0.0,3904.6115988649635,0.0,13249.906706097618,0.04171009999993203,0.0,1,1,fallback_q80_q20,75;86;126;123;124;91;125;104;114;118;121;121;125;123;106;69;79;127;126;117;118;123;75;112;106;109;106;119;122;95,9.094947017729282e-13,3.410605131648481e-13,0.0,0,0,0
2025-05-14,H24,72,12:00,2025-05-13,24.0,6,-2201.721630749214,0.0,2201.721630749214,0.0,0.0,6958.6081303954,8912.317826679362,0.0798359000000346,0.0,1,1,fallback_q80_q20,126;130;116;90;126;96;111;127;128;127;91;119;104;127;92;75;117;125;114;71;119;115;87;86;90;91;72;126;77;128,1.0373923942097463e-12,3.069544618483633e-12,0.0,0,0,0
2025-05-14,H24,108,18:00,2025-05-13,24.0,6,629.3583454922382,629.3583454922382,0.0,0.0,358.9497164416793,0.0,20444.450811854556,0.04313960000001771,0.0,1,1,fallback_q80_q20,108;127;125;114;127;96;118;97;124;111;86;124;126;120;102;119;114;84;89;104;105;91;113;96;112;102;98;129;124;117,8.242295734817162e-13,9.094947017729282e-13,0.0,0,0,0
2025-05-15,H24,0,00:00,2025-05-14,24.0,6,38537.185959999144,0.0,0.0,0.0,0.0,0.0,38537.189713384665,0.03540920000000369,0.0,1,1,fallback_q80_q20,100;98;118;115;115;105;106;108;110;113;130;79;96;125;95;100;97;110;122;128;99;131;90;100;76;82;110;71;98;126,9.094947017729282e-13,4.547473508864641e-13,0.0,0,0,0
2025-05-15,H24,36,06:00,2025-05-14,24.0,6,5547.140833393862,5564.3913874689215,17.250554075059767,0.0,6913.908659366362,64.53441744071051,12756.55316392792,0.05080689999999777,0.0,1,1,fallback_q80_q20,84;127;128;128;68;108;111;109;129;96;123;94;97;92;110;112;131;115;89;70;116;90;94;110;85;103;127;107;98;111,9.094947017729282e-13,2.2737367544323206e-13,0.0,0,0,0
2025-05-15,H24,72,12:00,2025-05-14,24.0,6,-599.3357839277955,1113.102789808634,1712.4385737364296,0.0,601.3547363191486,5717.15319596066,5887.870873271817,0.042754199999990306,0.0,1,1,fallback_q80_q20,112;123;127;82;128;125;126;121;101;117;110;72;112;129;128;75;75;115;113;128;112;115;130;125;124;124;125;101;86;126,9.094947017729282e-13,2.2737367544323206e-13,0.0,0,0,0
2025-05-15,H24,108,18:00,2025-05-14,24.0,6,1565.643327812388,1568.3558028268135,2.712475014425447,0.0,843.998412781303,12.686973874768228,9180.366312966798,0.0432088999999678,0.0,1,1,fallback_q80_q20,124;120;131;72;118;100;71;120;127;124;120;94;104;105;93;103;126;127;124;121;116;120;92;118;118;129;123;123;131;75,9.094947017729282e-13,9.094947017729282e-13,0.0,0,0,0
2025-05-16,H24,0,00:00,2025-05-15,24.0,6,20683.4302993706,0.0,0.0,0.0,0.0,0.0,20683.43416070393,0.05418059999999514,0.0,1,1,fallback_q80_q20,111;79;123;96;113;93;83;108;77;115;132;118;120;128;107;94;124;83;95;132;106;70;129;114;132;93;116;115;127;121,9.094947017729282e-13,3.410605131648481e-13,0.0,0,0,0
2025-05-16,H24,36,06:00,2025-05-15,24.0,6,-181.35846046365018,33.84865717600369,215.20711763965386,0.0,23.6925801739676,511.13798674642646,4467.166433954383,0.03766849999999522,0.0,1,1,fallback_q80_q20,100;109;113;79;127;89;70;89;116;130;126;128;83;125;127;101;115;131;115;116;108;126;132;130;119;106;104;100;112;129,9.094947017729282e-13,1.1368683772161603e-13,0.0,0,0,0
2025-05-16,H24,72,12:00,2025-05-15,24.0,6,-547.8770213987677,0.0,547.8770213987677,0.0,0.0,1109.1010104776647,3346.2051728206598,0.06826499999999669,0.0,1,1,fallback_q80_q20,72;120;113;117;106;125;96;121;130;125;123;106;111;127;96;84;125;113;117;91;99;131;126;126;105;131;102;94;128;104,9.094947017729282e-13,1.1368683772161603e-13,0.0,0,0,0
2025-05-16,H24,108,18:00,2025-05-15,24.0,6,-1292.287960363497,0.0,1292.287960363497,0.0,0.0,2741.1785623630117,5151.70875886294,0.04972140000006675,0.0,1,1,fallback_q80_q20,118;114;98;132;118;130;71;131;97;131;118;131;130;128;117;125;132;105;105;89;97;132;107;111;130;131;128;124;120;131,2.7284841053187847e-12,1.0231815394945443e-12,0.0,0,0,0
2025-05-17,H24,0,00:00,2025-05-16,24.0,6,18838.004963265255,0.0,0.0,0.0,0.0,0.0,18838.00882459859,0.09255020000000513,0.0,1,1,fallback_q80_q20,114;128;128;129;129;79;110;125;96;123;86;106;111;130;130;117;108;118;128;74;116;120;114;99;110;88;117;117;109;132,7.275957614183426e-12,1.1368683772161603e-12,0.0,0,0,0
2025-05-17,H24,36,06:00,2025-05-16,24.0,6,-686.8147831688394,0.0,686.8147831688394,0.0,0.0,1480.5441882541427,5654.473275221665,0.03780410000001666,3.2169033524604443e-16,1,1,fallback_q80_q20,110;108;113;131;111;97;96;130;100;86;123;91;130;122;114;131;107;131;129;103;117;132;128;66;101;123;108;103;101;132,9.094947017729282e-13,1.1368683772161603e-13,0.0,0,0,0
2025-05-17,H24,72,12:00,2025-05-16,24.0,6,754.8706445751959,761.2077146659466,6.33707009075067,0.0,494.74093351020497,19.543846790065345,10238.045585414424,0.05176670000003014,0.0,1,1,fallback_q80_q20,104;131;128;91;128;113;107;119;127;66;89;94;88;92;130;131;133;120;84;85;87;128;78;116;130;105;124;125;126;128,9.094947017729282e-13,1.1368683772161603e-13,0.0,0,0,0
2025-05-17,H24,108,18:00,2025-05-16,24.0,6,-311.5181860052596,0.0,311.5181860052596,0.0,0.0,639.7665678930546,15585.781605800445,0.04247799999996005,0.0,1,1,fallback_q80_q20,119;132;111;113;125;122;131;130;112;130;129;116;122;85;130;129;132;122;130;85;94;92;123;101;133;112;129;84;112;66,9.094947017729282e-13,2.2737367544323206e-13,0.0,0,0,0
2025-05-18,H24,0,00:00,2025-05-17,24.0,6,37662.35621350968,0.0,0.0,0.0,0.0,0.0,37662.359882811186,0.03795109999998658,0.0,1,1,fallback_q80_q20,105;114;120;129;122;110;134;109;117;130;100;118;110;115;116;119;94;102;118;98;94;90;130;127;129;109;123;106;127;132,8.242295734817162e-13,1.3642420526593924e-12,0.0,0,0,0
2025-05-18,H24,36,06:00,2025-05-17,24.0,6,407.4419612262222,786.0015033001948,378.55954207397264,0.0,477.22416255545227,1239.733171717113,9796.438623926608,0.040840099999968515,0.0,1,1,fallback_q80_q20,121;116;123;101;107;93;107;122;109;128;85;99;124;100;80;117;86;107;130;120;66;132;129;104;82;129;109;102;81;100,8.748557434046234e-13,2.2737367544323206e-13,0.0,0,0,0
2025-05-18,H24,72,12:00,2025-05-17,24.0,6,1769.474883700937,2027.9324858708092,258.4576021698722,0.0,1322.8860175565137,1110.248136304421,15993.488228384153,0.041886299999987386,0.0,1,1,fallback_q80_q20,124;106;133;134;121;126;102;111;124;119;96;90;131;125;89;74;112;80;92;128;126;102;95;130;109;91;118;116;107;115,1.0231815394945443e-12,1.7053025658242404e-13,0.0,0,0,0
2025-05-18,H24,108,18:00,2025-05-17,24.0,6,1652.8828709742138,1652.8828709742138,0.0,0.0,895.807234214253,0.0,22313.109156594073,0.04230260000008457,0.0,1,1,fallback_q80_q20,104;134;129;115;128;119;118;101;99;92;103;131;131;120;123;105;105;88;113;94;130;123;119;127;97;123;79;99;102;134,9.094947017729282e-13,3.410605131648481e-13,0.0,0,0,0
2025-05-19,H24,0,00:00,2025-05-18,24.0,6,36292.76850568741,0.0,0.0,0.0,0.0,0.0,36292.77226393771,0.03663849999998092,0.0,1,1,fallback_q80_q20,107;123;132;116;135;119;129;78;121;98;110;119;133;82;75;90;91;128;117;111;86;111;93;85;128;118;84;114;116;87,7.389644451905042e-13,5.684341886080801e-13,0.0,0,0,0
2025-05-19,H24,36,06:00,2025-05-18,24.0,6,230.8149403138973,895.4737274256642,664.6587871117669,0.0,707.9258100787665,2836.436979091755,9443.883580644802,0.050529900000015004,0.0,1,1,fallback_q80_q20,114;112;96;112;95;131;135;112;127;87;108;117;107;76;103;72;134;128;102;127;78;88;72;89;135;133;113;72;99;127,9.094947017729282e-13,2.2737367544323206e-13,0.0,0,0,0
2025-05-19,H24,72,12:00,2025-05-18,24.0,6,832.9494930973802,1213.0791875452878,380.1296944479076,0.0,823.8211512126704,1721.418795252507,16176.593649299915,0.043600900000001275,0.0,1,1,fallback_q80_q20,135;132;131;135;95;133;87;133;121;102;129;76;108;129;116;113;121;100;113;124;89;79;135;120;127;135;109;121;79;123,1.9326762412674725e-12,2.2737367544323206e-13,0.0,0,0,0
2025-05-19,H24,108,18:00,2025-05-18,24.0,6,28.921738946577236,33.86863120650537,4.946892259928134,0.0,25.368138254760765,15.794661986116353,19575.395514682215,0.04305629999998928,0.0,1,1,fallback_q80_q20,106;125;100;72;135;127;75;76;109;101;127;131;112;107;131;123;131;79;134;132;105;122;121;110;132;97;126;133;112;101,9.094947017729282e-13,2.2737367544323206e-13,0.0,0,0,0
2025-05-20,H24,0,00:00,2025-05-19,24.0,6,37672.60096017748,0.0,0.0,0.0,0.0,0.0,37672.60455686286,0.03897510000001603,0.0,1,1,fallback_q80_q20,126;113;123;120;126;88;115;136;121;134;134;134;114;132;130;135;115;108;125;100;108;120;132;106;112;125;89;111;132;75,9.094947017729282e-13,5.684341886080801e-13,0.0,0,0,0
2025-05-20,H24,36,06:00,2025-05-19,24.0,6,1847.1563238487045,1982.4129842906214,135.2566604419168,0.0,2563.8281875052967,462.6599401950533,10989.819555022215,0.039563999999927546,0.0,1,1,fallback_q80_q20,113;79;131;100;101;107;135;90;127;113;127;126;122;79;128;135;132;124;105;132;133;100;111;132;124;128;133;132;134;134,8.668621376273222e-13,2.2737367544323206e-13,0.0,0,0,0
2025-05-20,H24,72,12:00,2025-05-19,24.0,6,260.5269750200632,455.05607157147745,194.52909655141423,0.0,448.8893634204701,857.3036277454501,10236.609699491559,0.04917350000005172,0.0,1,1,fallback_q80_q20,120;82;134;135;75;123;115;82;106;128;125;91;135;129;112;131;92;111;83;89;92;110;136;95;97;105;123;114;131;116,9.094947017729282e-13,2.2737367544323206e-13,0.0,0,0,0
2025-05-20,H24,108,18:00,2025-05-19,24.0,6,-239.9791347034222,0.0,239.9791347034222,0.0,0.0,371.3085831501064,25629.19473065014,0.0227469999999812,0.0,1,1,fallback_q80_q20,85;76;134;130;114;115;121;129;91;87;109;99;85;82;101;124;90;117;110;101;131;134;115;123;116;131;114;95;99;126,8.242295734817162e-13,5.684341886080801e-13,0.0,0,0,0
2025-05-21,H24,0,00:00,2025-05-20,24.0,6,35465.351228328436,0.0,0.0,0.0,0.0,0.0,35465.35463858021,0.0342024000000265,0.0,1,1,fallback_q80_q20,134;91;137;86;82;128;132;124;86;110;78;99;131;131;96;84;121;131;116;116;120;118;120;122;137;128;89;131;134;115,9.094947017729282e-13,2.2737367544323206e-13,0.0,0,0,0
2025-05-21,H24,36,06:00,2025-05-20,24.0,6,6001.527139588756,6068.440141641548,66.9130020527916,0.0,7818.611384437858,213.566512841168,15091.11768972503,0.04155700000001161,0.0,1,1,fallback_q80_q20,119;121;102;133;105;115;133;133;134;82;112;107;94;123;105;107;97;86;89;127;105;100;119;122;90;93;78;105;131;129,9.094947017729282e-13,2.2737367544323206e-13,0.0,0,0,0
2025-05-21,H24,72,12:00,2025-05-20,24.0,6,-247.58378023165176,433.7276744446541,681.3114546763059,0.0,316.935793731081,2783.687772405144,13178.489553628884,0.045913500000096974,0.0,1,1,fallback_q80_q20,114;88;102;132;119;111;105;96;111;120;97;135;132;121;136;109;135;113;130;132;131;135;111;135;117;135;137;83;108;135,2.8421709430404007e-12,3.410605131648481e-13,0.0,0,0,0
2025-05-21,H24,108,18:00,2025-05-20,24.0,6,82.0410268717916,92.09133070911858,10.050303837326974,0.0,57.84561506584055,17.26166509436848,22332.11584806744,0.0426138999999921,0.0,1,1,fallback_q80_q20,119;105;134;114;128;133;94;86;135;119;117;125;133;116;126;99;102;129;84;117;100;126;107;131;137;106;82;124;128;112,1.0231815394945443e-12,5.684341886080801e-13,0.0,0,0,0
2025-05-22,H24,0,00:00,2025-05-21,24.0,6,36275.82932632242,0.0,0.0,0.0,0.0,0.0,36275.83309980377,0.03697270000009212,0.0,1,1,fallback_q80_q20,130;136;84;135;134;110;107;120;133;135;120;82;115;98;129;121;109;102;109;106;94;133;133;133;92;128;133;93;85;137,7.958078640513122e-13,6.821210263296962e-13,0.0,0,0,0
2025-05-22,H24,36,06:00,2025-05-21,24.0,6,1284.3430754762935,1312.842541025686,28.499465549392525,0.0,1388.80397644896,135.7608318963039,8441.250230253261,0.042202699999961624,0.0,1,1,fallback_q80_q20,118;96;94;85;99;128;132;112;138;98;124;138;131;90;113;131;123;134;112;137;102;134;100;82;91;75;138;110;127;132,9.094947017729282e-13,1.7053025658242404e-13,0.0,0,0,0
2025-05-22,H24,72,12:00,2025-05-21,24.0,6,-98.94857357380982,282.9809974649665,381.9295710387763,0.0,151.14567984855626,1055.5735185005876,4389.583407895543,0.03937790000009045,0.0,1,1,fallback_q80_q20,119;107;129;138;133;124;104;110;91;106;138;131;113;112;126;107;108;107;126;108;134;105;94;126;138;93;132;134;120;133,9.094947017729282e-13,1.7053025658242404e-13,0.0,0,0,0
2025-05-22,H24,108,18:00,2025-05-21,24.0,6,-186.9896127314768,0.0,186.9896127314768,0.0,0.0,336.70723701421684,7445.766684135889,0.05144700000005287,0.0,1,1,fallback_q80_q20,79;128;132;99;138;107;130;119;131;134;127;121;136;79;128;128;128;118;136;100;135;102;131;116;126;134;110;129;117;135,9.094947017729282e-13,1.0231815394945443e-12,0.0,0,0,0
2025-05-23,H24,0,00:00,2025-05-22,24.0,6,20629.3594788079,0.0,0.0,0.0,0.0,0.0,20629.363340141233,0.035954500000002554,0.0,1,1,fallback_q80_q20,117;103;132;134;114;121;131;131;90;99;126;136;99;110;123;127;125;115;77;137;111;134;130;95;128;131;135;131;126;129,1.0231815394945443e-12,3.410605131648481e-13,0.0,0,0,0
2025-05-23,H24,36,06:00,2025-05-22,24.0,6,158.84499660272402,172.3027171186804,13.457720515956366,0.0,98.00003009653392,45.2642312267169,5215.628202524322,0.039378800000008596,0.0,1,1,fallback_q80_q20,133;90;129;135;125;95;120;123;111;138;103;138;120;139;107;116;138;124;95;132;108;83;109;136;128;77;82;133;108;119,1.2789769243681803e-12,1.1368683772161603e-13,0.0,0,0,0
2025-05-23,H24,72,12:00,2025-05-22,24.0,6,-427.54800104672825,0.0,427.54800104672825,0.0,0.0,916.2677064500383,3518.903077131412,0.09040140000001884,0.0,1,1,fallback_q80_q20,82;104;138;129;79;117;138;138;114;115;102;91;134;119;139;124;96;132;138;118;113;132;130;131;135;89;139;125;131;135,9.094947017729282e-13,1.1368683772161603e-13,0.0,0,0,0
2025-05-23,H24,108,18:00,2025-05-22,24.0,6,-1115.7466628028076,0.0,1115.7466628028076,0.0,0.0,2196.4122781553283,5652.694535393112,0.04347880000000259,0.0,1,1,fallback_q80_q20,139;89;86;116;115;134;128;101;133;115;134;139;128;131;139;103;129;121;111;130;98;135;130;139;120;110;120;132;134;126,2.6147972675971687e-12,6.252776074688882e-13,0.0,0,0,0
2025-05-24,H24,0,00:00,2025-05-23,24.0,6,19251.074345200243,0.0,0.0,0.0,0.0,0.0,19251.078206533577,0.03509140000005573,0.0,1,1,fallback_q80_q20,119;73;137;119;96;115;136;114;137;126;118;125;86;102;97;116;132;112;132;88;74;119;130;88;123;136;140;105;80;127,9.094947017729282e-13,3.979039320256561e-13,0.0,0,0,0
2025-05-24,H24,36,06:00,2025-05-23,24.0,6,-823.0029510965461,0.0,823.0029510965461,0.0,0.0,1660.3741855526182,5680.126401928639,0.04506189999995058,0.0,1,1,fallback_q80_q20,105;131;115;100;135;125;139;117;138;118;117;93;99;90;135;119;104;103;137;129;102;122;124;102;129;133;128;110;135;97,3.637978807091713e-12,3.865352482534945e-12,0.0,0,0,0
2025-05-24,H24,72,12:00,2025-05-23,24.0,6,118.5732714584237,151.2409589924341,32.66768753401038,0.0,114.2121718826971,118.57886354947846,8891.970612834974,0.037429599999995844,0.0,1,1,fallback_q80_q20,110;93;96;136;74;137;127;112;136;137;137;94;140;89;127;115;136;73;131;129;117;89;137;87;126;136;128;85;126;129,1.8189894035458565e-12,2.2737367544323206e-13,0.0,0,0,0
2025-05-24,H24,108,18:00,2025-05-23,24.0,6,-548.1648569727722,0.0,548.1648569727722,0.0,0.0,1044.8668013408583,15621.033087393918,0.041628699999932905,0.0,1,1,fallback_q80_q20,125;89;135;112;130;97;133;120;74;125;110;132;96;102;126;122;135;126;140;122;88;113;140;133;105;74;113;105;134;134,2.2737367544323206e-12,4.547473508864641e-13,0.0,0,0,0
2025-05-25,H24,0,00:00,2025-05-24,24.0,6,33095.28458446023,0.0,0.0,0.0,0.0,0.0,33095.28797925205,0.03818269999999302,0.0,1,1,fallback_q80_q20,125;110;136;125;100;134;135;123;124;134;101;74;115;122;132;115;116;105;103;131;139;91;137;112;107;98;137;105;113;95,8.668621376273222e-13,1.3642420526593924e-12,0.0,0,0,0
2025-05-25,H24,36,06:00,2025-05-24,24.0,6,4427.749789095397,4443.979355006293,16.229565910895456,0.0,4585.584401494443,73.70888399901241,13255.463882061913,0.043453799999952025,0.0,1,1,fallback_q80_q20,128;134;120;96;120;134;135;87;114;117;137;105;112;138;137;116;123;116;90;95;141;92;98;122;88;102;137;123;124;132,9.094947017729282e-13,2.2737367544323206e-13,0.0,0,0,0
2025-05-25,H24,72,12:00,2025-05-24,24.0,6,409.1701708818706,929.3919950570787,520.2218241752081,0.0,583.9311510166377,2372.873336111005,24074.65044988471,0.07310230000007323,0.0,1,1,fallback_q80_q20,129;99;106;123;126;123;107;138;73;110;114;137;98;104;101;130;132;116;139;139;92;106;126;119;137;141;117;99;80;127,9.094947017729282e-13,2.2737367544323206e-13,0.0,0,0,0
2025-05-25,H24,108,18:00,2025-05-24,24.0,6,2069.187136190061,2069.187136190061,0.0,0.0,1137.04796619109,0.0,31396.100894650102,0.02897259999997459,0.0,1,1,fallback_q80_q20,106;123;136;125;105;117;137;139;122;108;134;96;139;137;135;101;104;115;115;124;113;74;137;137;86;99;129;133;87;124,7.958078640513122e-13,2.2737367544323206e-13,0.0,0,0,0
2025-05-26,H24,0,00:00,2025-05-25,24.0,6,35956.56815162035,0.0,0.0,0.0,0.0,0.0,35956.57168833763,0.04228980000004867,0.0,1,1,fallback_q80_q20,111;118;112;95;82;119;131;136;82;137;105;129;111;132;89;135;138;120;121;142;139;113;135;126;134;128;142;108;82;133,1.0231815394945443e-12,5.684341886080801e-13,0.0,0,0,0
2025-05-26,H24,36,06:00,2025-05-25,24.0,6,6329.631000446925,6342.055794873492,12.424794426566782,0.0,7233.908357199638,58.316224330072146,15176.198968158817,0.04313560000002781,0.0,1,1,fallback_q80_q20,107;110;140;134;142;128;137;127;126;105;132;121;134;108;142;125;141;120;86;138;119;117;129;140;135;135;102;120;90;110,9.094947017729282e-13,2.2737367544323206e-13,0.0,0,0,0
2025-05-26,H24,72,12:00,2025-05-25,24.0,6,1192.3308176883693,1714.181385168402,521.8505674800325,0.0,1351.7256403779522,2342.5875583049583,11878.48179690855,0.05318770000008044,0.0,1,1,fallback_q80_q20,123;133;133;124;138;98;137;128;91;141;134;134;130;141;139;138;108;100;134;126;114;133;141;120;133;102;135;117;129;104,9.094947017729282e-13,2.2737367544323206e-13,0.0,0,0,0
2025-05-26,H24,108,18:00,2025-05-25,24.0,6,-104.97207800583246,0.0,104.97207800583246,0.0,0.0,160.72476135630632,24962.092768700397,0.04738669999994727,0.0,1,1,fallback_q80_q20,126;132;141;140;125;112;127;100;142;94;126;133;135;133;119;111;97;97;89;139;85;135;139;133;121;141;142;125;135;133,1.0231815394945443e-12,4.547473508864641e-13,0.0,0,0,0
2025-05-27,H24,0,00:00,2025-05-26,24.0,6,33696.34222629146,0.0,0.0,0.0,0.0,0.0,33696.3457560501,0.03516839999997501,0.0,1,1,fallback_q80_q20,131;91;117;133;128;135;92;86;140;83;103;114;96;108;124;93;85;135;136;120;140;134;133;141;115;136;89;92;134;126,9.094947017729282e-13,4.547473508864641e-13,0.0,0,0,0
2025-05-27,H24,36,06:00,2025-05-26,24.0,6,8583.617253195853,8596.64702658397,13.029773388118038,0.0,9700.183287142252,61.60355135400778,16959.092059936265,0.04036859999996523,0.0,1,1,fallback_q80_q20,133;105;136;135;128;114;134;112;94;137;120;95;140;124;131;143;138;125;118;90;119;140;138;142;142;99;86;142;94;126,1.1368683772161603e-12,2.2737367544323206e-13,0.0,0,0,0
2025-05-27,H24,72,12:00,2025-05-26,24.0,6,-123.09345179929119,793.0873620562716,916.1808138555627,0.0,443.82182503027144,3093.7288131336136,14894.243023768684,0.04810440000005656,0.0,1,1,fallback_q80_q20,110;122;132;111;133;141;141;120;101;142;137;131;125;134;135;121;137;139;135;116;130;124;133;131;123;132;137;140;134;140,9.094947017729282e-13,2.2737367544323206e-13,0.0,0,0,0
2025-05-27,H24,108,18:00,2025-05-26,24.0,6,-395.98054716125705,0.0,395.98054716125705,0.0,0.0,662.9526512618809,21888.374579581556,0.03300230000002102,0.0,1,1,fallback_q80_q20,105;118;139;108;140;95;100;126;89;135;143;143;141;138;142;133;85;91;120;143;136;141;133;83;131;134;108;114;143;137,9.094947017729282e-13,4.547473508864641e-13,0.0,0,0,0
2025-05-28,H24,0,00:00,2025-05-27,24.0,6,38010.91719867128,0.0,0.0,0.0,0.0,0.0,38010.92106000462,0.035046200000010685,0.0,1,1,fallback_q80_q20,143;99;129;104;107;139;126;134;100;101;140;131;129;134;139;131;138;110;126;126;107;142;120;133;134;134;139;143;100;96,7.958078640513122e-13,4.547473508864641e-13,0.0,0,0,0
2025-05-28,H24,36,06:00,2025-05-27,24.0,6,2895.597823403687,2917.02908918732,21.431265783633023,0.0,2312.0062026188293,95.88691057189715,12075.325501955074,0.04851850000000013,0.0,1,1,fallback_q80_q20,121;117;134;83;142;124;100;123;131;120;122;119;128;124;103;133;82;126;134;107;131;114;84;138;130;96;126;133;125;112,8.171241461241152e-13,2.2737367544323206e-13,0.0,0,0,0
2025-05-28,H24,72,12:00,2025-05-27,24.0,6,349.5744775024632,939.8206081117503,590.2461306092871,0.0,631.8926485828435,2646.7583668348725,20333.54178597891,0.05729889999997795,0.0,1,1,fallback_q80_q20,144;91;133;117;126;112;143;138;124;95;105;129;142;108;122;133;95;95;134;121;130;133;132;143;120;95;93;124;126;124,8.810729923425242e-13,2.2737367544323206e-13,0.0,0,0,0
2025-05-28,H24,108,18:00,2025-05-27,24.0,6,289.16893982727237,319.2168098105054,30.047869983233078,0.0,161.20027403099118,62.525157901142734,21511.361829678306,0.05992289999994682,0.0,1,1,fallback_q80_q20,128;133;130;127;120;144;126;135;127;129;85;140;134;117;97;138;131;117;132;124;142;86;126;136;140;142;86;126;135;131,9.094947017729282e-13,4.547473508864641e-13,0.0,0,0,0
2025-05-29,H24,0,00:00,2025-05-28,24.0,6,38058.995355104154,0.0,0.0,0.0,0.0,0.0,38058.99921643749,0.03805020000004333,0.0,1,1,fallback_q80_q20,145;110;133;143;101;84;102;142;86;98;142;113;114;127;125;109;118;138;122;90;145;121;105;135;139;132;117;133;99;144,8.242295734817162e-13,6.821210263296962e-13,0.0,0,0,0
2025-05-29,H24,36,06:00,2025-05-28,24.0,6,6356.298395630804,6363.874254608489,7.575858977684442,0.0,6549.158710318041,35.82170960385247,14035.933875835904,0.038700199999993856,0.0,1,1,fallback_q80_q20,113;96;120;109;116;131;140;143;99;134;128;132;142;114;144;133;118;83;119;122;127;134;141;145;100;127;145;140;82;145,9.094947017729282e-13,2.2737367544323206e-13,0.0,0,0,0
2025-05-29,H24,72,12:00,2025-05-28,24.0,6,-1796.4094004532992,57.303586244112836,1853.7129866974121,0.0,28.3211437685585,6152.962773479696,5550.5159539777,0.06386880000002293,1.5595696806761513e-07,1,1,fallback_q80_q20,143;136;126;142;118;118;129;128;106;134;92;99;141;113;122;142;143;133;92;111;138;121;98;111;118;115;138;108;110;100,9.094947017729282e-13,2.1032064978498966e-12,0.0,0,0,0
2025-05-29,H24,108,18:00,2025-05-28,24.0,6,1268.2300097251787,1268.2300097251787,0.0,0.0,702.1856529803422,0.0,11249.55374844096,0.03660340000010365,0.0,1,1,fallback_q80_q20,140;131;140;145;129;129;142;133;119;127;138;121;106;96;127;110;135;140;129;145;138;86;96;111;92;122;83;120;142;91,9.094947017729282e-13,4.547473508864641e-13,0.0,0,0,0
2025-05-30,H24,0,00:00,2025-05-29,24.0,6,21118.62635759991,0.0,0.0,0.0,0.0,0.0,21118.630218933242,0.03861060000008365,0.0,1,1,fallback_q80_q20,145;90;134;145;116;139;125;143;122;125;133;131;122;140;114;139;135;140;107;139;146;142;98;141;145;107;107;107;108;99,1.8189894035458565e-12,6.821210263296962e-13,0.0,0,0,0
2025-05-30,H24,36,06:00,2025-05-29,24.0,6,526.393145967102,598.0929448256503,71.69979885854835,0.0,452.80816728541873,215.36956290019035,5420.762695895738,0.06783870000003844,0.0,1,1,fallback_q80_q20,141;131;113;144;100;145;120;131;128;92;139;93;141;135;100;127;131;132;132;142;111;135;138;108;146;142;83;140;124;139,9.094947017729282e-13,2.2737367544323206e-13,0.0,0,0,0
2025-05-30,H24,72,12:00,2025-05-29,24.0,6,-798.1575282778679,0.0,798.1575282778679,0.0,0.0,1663.0043185826635,3504.7053764535954,0.03771740000001955,0.0,1,1,fallback_q80_q20,132;131;133;100;126;118;146;134;86;136;132;120;99;85;138;131;139;127;133;113;103;108;119;113;146;139;116;132;145;127,1.8189894035458565e-12,1.1368683772161603e-13,0.0,0,0,0
2025-05-30,H24,108,18:00,2025-05-29,24.0,6,-935.7521757410555,0.0,935.7521757410555,0.0,0.0,1890.603700000169,6250.073106887708,0.05606990000001133,0.0,1,1,fallback_q80_q20,105;118;108;122;146;128;111;104;141;116;98;125;92;98;119;140;145;136;145;124;141;133;104;145;111;129;135;90;143;138,9.094947017729282e-13,1.1368683772161603e-13,0.0,0,0,0
2025-05-31,H24,0,00:00,2025-05-30,24.0,6,19881.774206504437,0.0,0.0,0.0,0.0,0.0,19881.77806783777,0.07476250000001983,0.0,1,1,fallback_q80_q20,110;129;115;100;136;80;93;142;80;146;144;119;145;147;128;110;110;107;80;146;141;144;109;144;141;127;134;133;125;130,9.094947017729282e-13,2.2737367544323206e-13,0.0,0,0,0
2025-05-31,H24,36,06:00,2025-05-30,24.0,6,-878.0111113214476,0.0,878.0111113214476,0.0,0.0,1994.0828867072128,5889.715837195701,0.0622213000000329,0.0,1,1,fallback_q80_q20,141;128;138;136;80;118;129;121;139;80;143;108;147;115;106;129;130;134;113;138;123;111;116;80;107;125;117;146;120;142,9.094947017729282e-13,5.115907697472721e-13,0.0,0,0,0
2025-05-31,H24,72,12:00,2025-05-30,24.0,6,-159.2387226772787,0.0,159.2387226772787,0.0,0.0,324.1003839092287,10851.062810757538,0.04505299999993895,0.0,1,1,fallback_q80_q20,134;144;132;138;146;88;96;101;144;128;103;147;137;145;131;127;145;145;112;131;114;119;127;115;145;139;142;107;139;144,9.094947017729282e-13,2.2737367544323206e-13,0.0,0,0,0
2025-05-31,H24,108,18:00,2025-05-30,24.0,6,-285.19941404845804,0.0,285.19941404845804,0.0,0.0,520.7775057000862,23775.296985902765,0.04229429999998047,0.0,1,1,fallback_q80_q20,114;127;143;101;137;137;125;110;118;99;123;134;104;104;124;130;129;121;130;95;128;136;138;144;142;105;112;139;131;144,9.094947017729282e-13,6.821210263296962e-13,0.0,0,0,0
2025-06-01,H24,0,00:00,2025-05-31,24.0,6,46299.61189759131,0.0,0.0,0.0,0.0,0.0,46299.616090757976,0.0145734000000175,4.5449262022122565e-08,1,1,fallback_q80_q20,123;139;139;126;107;81;129;120;148;109;109;136;112;102;143;130;113;129;136;80;122;113;130;120;147;130;137;125;143;136,7.958078640513122e-13,9.094947017729282e-13,0.0,0,0,0
2025-06-01,H24,36,06:00,2025-05-31,24.0,6,951.2099800638114,2019.4346152578983,1068.2246351940869,0.0,1681.0897681068514,2745.5513647228854,10190.803802937007,0.03780570000003536,0.0,1,1,fallback_q80_q20,113;143;87;148;130;144;118;123;133;145;148;145;137;146;147;120;98;117;110;121;137;125;98;140;95;124;148;139;80;111,9.094947017729282e-13,2.2737367544323206e-13,0.0,0,0,0
2025-06-01,H24,72,12:00,2025-05-31,24.0,6,68.7648996868727,978.655687158878,909.8907874720053,0.0,568.4893549254613,2950.0047825425213,13225.312501677454,0.04393260000006194,0.0,1,1,fallback_q80_q20,146;147;81;144;131;133;142;112;98;146;122;136;137;147;144;137;131;130;81;118;105;143;96;142;122;144;124;133;145;132,8.988365607365267e-13,2.2737367544323206e-13,0.0,0,0,0
2025-06-01,H24,108,18:00,2025-05-31,24.0,6,4903.230057116715,4903.230057116715,0.0,0.0,2658.9148865019765,0.0,35031.58795123912,0.03365680000001703,0.0,1,1,fallback_q80_q20,138;144;138;96;143;130;146;102;140;140;122;137;143;144;143;137;144;121;139;148;142;140;135;147;137;114;97;132;134;113,1.0231815394945443e-12,2.2737367544323206e-13,0.0,0,0,0
2025-06-02,H24,0,00:00,2025-06-01,24.0,6,51880.616230570515,0.0,0.0,0.0,0.0,0.0,51880.62068306467,0.03541419999999107,0.0,1,1,fallback_q80_q20,145;146;86;134;148;130;143;126;102;147;142;123;134;145;132;89;141;149;138;112;140;136;92;98;111;118;136;145;99;123,9.094947017729282e-13,2.2737367544323206e-13,0.0,0,0,0
2025-06-02,H24,36,06:00,2025-06-01,24.0,6,-2375.721668790148,467.0908786870698,2842.8125474772182,0.0,260.483501355024,8723.745339211979,7255.929298710396,0.052519099999926766,0.0,1,1,fallback_q80_q20,110;146;128;140;148;139;139;136;124;126;137;124;142;139;144;148;101;109;147;138;128;147;135;136;98;138;141;110;144;124,9.094947017729282e-13,2.2737367544323206e-13,0.0,0,0,0
2025-06-02,H24,72,12:00,2025-06-01,24.0,6,-833.4572335133338,1.6515959917507228,835.1088295050845,0.0,0.8142157764552849,2744.8448249793832,13058.122910032595,0.04325719999997091,0.0,1,1,fallback_q80_q20,114;118;133;134;142;126;104;119;135;147;90;130;91;113;137;105;92;132;139;140;132;141;145;147;138;132;97;140;106;144,9.094947017729282e-13,2.2737367544323206e-13,0.0,0,0,0
2025-06-02,H24,108,18:00,2025-06-01,24.0,6,4101.0702371256375,4101.0702371256375,0.0,0.0,2216.359919610115,0.0,29425.03636756159,0.04607150000003912,0.0,1,1,fallback_q80_q20,123;140;120;102;147;112;126;140;132;148;147;126;135;105;140;148;136;137;134;125;148;139;96;120;110;149;130;146;130;142,9.094947017729282e-13,2.5579538487363607e-13,0.0,0,0,0
2025-06-03,H24,0,00:00,2025-06-02,24.0,6,46833.706399414135,0.0,0.0,0.0,0.0,0.0,46833.71061733425,0.03132129999994504,0.0,1,1,fallback_q80_q20,123;115;112;111;135;145;146;96;121;149;125;148;115;118;99;97;146;104;147;134;147;114;150;106;127;123;108;147;130;91,9.094947017729282e-13,2.2737367544323206e-13,0.0,0,0,0
2025-06-03,H24,36,06:00,2025-06-02,24.0,6,5571.313912206209,5600.213385559797,28.89947335358761,0.0,4936.99574696767,127.84348756003885,15248.075736532153,0.03573530000005576,0.0,1,1,fallback_q80_q20,119;138;90;145;147;132;122;132;96;145;117;100;120;128;135;142;139;138;136;102;133;138;136;135;142;130;148;145;129;137,8.242295734817162e-13,2.2737367544323206e-13,0.0,0,0,0
2025-06-03,H24,72,12:00,2025-06-02,24.0,6,-1701.0028751322359,76.49136026586143,1777.4942353980973,0.0,37.82428533140694,5995.430189274668,17883.552204128584,0.03219330000001719,0.0,1,1,fallback_q80_q20,107;107;90;147;124;96;150;139;129;98;141;148;147;149;149;104;108;130;107;136;148;126;137;145;146;89;150;138;96;140,8.526512829121202e-13,9.094947017729282e-13,0.0,0,0,0
2025-06-03,H24,108,18:00,2025-06-02,24.0,6,3484.95126652274,3484.95126652274,0.0,0.0,1877.083934757431,0.0,23736.064506656294,0.036433799999940675,0.0,1,1,fallback_q80_q20,146;149;138;145;127;112;141;130;100;149;93;149;127;118;103;99;141;90;134;133;148;103;113;129;134;140;148;124;147;146,8.526512829121202e-13,1.0231815394945443e-12,0.0,0,0,0
2025-06-04,H24,0,00:00,2025-06-03,24.0,6,54963.22248978661,0.0,0.0,0.0,0.0,0.0,54963.22695049937,0.013160100000050079,0.0,1,1,fallback_q80_q20,135;140;132;150;114;147;124;149;140;113;100;115;148;142;139;123;147;128;120;148;126;146;144;137;122;134;146;91;116;123,9.094947017729282e-13,2.2737367544323206e-13,0.0,0,0,0
2025-06-04,H24,36,06:00,2025-06-03,24.0,6,-5044.281485677617,71.6236788526773,5115.905164530294,0.0,34.80852686368223,14407.204651683496,4730.352411565075,0.04073470000002999,0.0,1,1,fallback_q80_q20,116;122;133;138;148;118;149;109;136;144;148;126;97;138;148;148;132;147;137;148;126;131;103;124;135;143;117;111;141;146,9.094947017729282e-13,2.2737367544323206e-13,0.0,0,0,0
2025-06-04,H24,72,12:00,2025-06-03,24.0,6,3999.7179918083207,4683.453733810597,683.7357420022768,0.0,4059.199715914471,2848.0732626338227,19835.335707075257,0.05511839999996937,0.0,1,1,fallback_q80_q20,112;108;149;149;89;148;142;124;119;97;138;141;137;151;143;135;146;150;149;138;91;144;148;125;134;104;149;118;124;142,9.094947017729282e-13,2.2737367544323206e-13,0.0,0,0,0
2025-06-04,H24,108,18:00,2025-06-03,24.0,6,2386.7360104143772,2386.7360104143772,0.0,0.0,1288.8401427711676,0.0,32732.63822485157,0.037362500000085674,0.0,1,1,fallback_q80_q20,147;148;91;124;136;126;127;143;147;125;120;135;145;111;140;133;124;118;151;132;99;148;114;139;92;98;129;108;111;148,9.094947017729282e-13,2.2737367544323206e-13,0.0,0,0,0
2025-06-05,H24,0,00:00,2025-06-04,24.0,6,49355.12445781041,0.0,0.0,0.0,0.0,0.0,49355.12869370365,0.036997000000042135,0.0,1,1,fallback_q80_q20,147;134;149;131;136;146;91;99;144;117;138;148;146;152;100;152;106;148;132;142;152;100;139;123;113;148;152;141;150;149,7.958078640513122e-13,2.2737367544323206e-13,0.0,0,0,0
2025-06-05,H24,36,06:00,2025-06-04,24.0,6,3077.712832609562,3133.0058392145147,55.2930066049524,0.0,2981.114810161527,178.33483651380948,11285.454877303931,0.04158810000001267,0.0,1,1,fallback_q80_q20,110;139;135;132;110;100;117;110;151;141;145;151;136;148;104;146;147;127;144;130;92;109;139;148;140;93;132;152;145;100,9.094947017729282e-13,2.2737367544323206e-13,0.0,0,0,0
2025-06-05,H24,72,12:00,2025-06-04,24.0,6,835.7929017378192,2071.911838025136,1236.118936287317,0.0,1365.2237943481832,4861.594374270374,8836.762252942704,0.047668499999986125,0.0,1,1,fallback_q80_q20,152;146;143;146;119;131;122;107;120;124;114;97;152;152;144;148;96;147;147;138;114;146;152;133;135;148;120;135;146;152,9.094947017729282e-13,2.2737367544323206e-13,0.0,0,0,0
2025-06-05,H24,108,18:00,2025-06-04,24.0,6,1627.7188344571364,1627.7188344571364,0.0,0.0,870.4769364233929,0.0,17722.985883915262,0.03771510000001399,0.0,1,1,fallback_q80_q20,149;148;141;139;144;114;147;147;130;117;123;135;148;146;123;138;147;152;112;111;107;140;150;139;134;133;139;112;148;133,8.384404281969182e-13,9.094947017729282e-13,0.0,0,0,0
2025-06-06,H24,0,00:00,2025-06-05,24.0,6,30375.000496533437,0.0,0.0,0.0,0.0,0.0,30375.00358618918,0.04252300000007381,0.0,1,1,fallback_q80_q20,148;149;140;151;118;109;114;97;142;139;131;112;122;93;149;100;128;115;131;142;146;148;126;148;126;151;130;136;149;114,9.094947017729282e-13,2.2737367544323206e-13,0.0,0,0,0
2025-06-06,H24,36,06:00,2025-06-05,24.0,6,-941.7911007543988,0.0,941.7911007543988,0.0,0.0,3395.269738032558,7065.559444414721,0.06151369999997769,0.0,1,1,fallback_q80_q20,128;110;105;108;119;116;153;117;133;131;115;119;141;141;118;152;124;139;134;140;92;97;137;139;109;146;105;152;110;149,9.094947017729282e-13,9.521272659185342e-13,0.0,0,0,0
2025-06-06,H24,72,12:00,2025-06-05,24.0,6,-1251.5061215716619,0.0,1251.5061215716619,0.0,0.0,2754.2132928334213,5192.551410276918,0.044259799999963434,0.0,1,1,fallback_q80_q20,122;145;104;143;113;147;105;148;129;128;126;114;147;105;144;124;117;144;122;152;122;106;148;92;138;140;125;124;142;152,8.526512829121202e-13,9.094947017729282e-13,0.0,0,0,0
2025-06-06,H24,108,18:00,2025-06-05,24.0,6,-312.3455924946327,0.0,312.3455924946327,0.0,0.0,607.9118796458199,14899.990391827387,0.037292299999990064,0.0,1,1,fallback_q80_q20,151;115;124;137;138;121;145;146;148;126;98;98;119;103;117;148;91;146;132;146;144;148;147;113;131;139;138;152;149;138,9.094947017729282e-13,1.0231815394945443e-12,0.0,0,0,0
2025-06-07,H24,0,00:00,2025-06-06,24.0,6,29818.23175978094,0.0,0.0,0.0,0.0,0.0,29818.235248158755,0.04139589999999771,0.0,1,1,fallback_q80_q20,137;124;120;144;135;152;117;107;144;129;110;149;95;140;144;117;146;102;111;145;153;147;101;131;113;138;139;139;147;130,8.668621376273222e-13,1.1368683772161603e-13,0.0,0,0,0
2025-06-07,H24,36,06:00,2025-06-06,24.0,6,-1239.174569837672,1022.1849684621777,2261.3595382998496,0.0,638.7661743542303,8823.71377582143,9829.239657261232,0.04027530000007573,0.0,1,1,fallback_q80_q20,143;154;150;144;131;144;137;153;126;134;94;151;152;112;101;136;116;144;153;152;138;87;101;137;119;126;152;136;150;107,8.633094239485217e-13,1.1368683772161603e-13,0.0,0,0,0
2025-06-07,H24,72,12:00,2025-06-06,24.0,6,543.7492464689997,710.1698269243036,166.42058045530393,0.0,576.0724937870384,728.3864564058714,12839.155699002938,0.043709800000101495,0.0,1,1,fallback_q80_q20,150;147;109;125;143;95;148;142;132;154;151;144;149;146;140;102;144;151;153;153;132;114;139;114;152;146;121;136;118;137,8.339995360984176e-13,2.2737367544323206e-13,0.0,0,0,0
2025-06-07,H24,108,18:00,2025-06-06,24.0,6,348.81310504222887,351.55097651696144,2.7378714747325628,0.0,211.1104916952973,13.243014312997502,23751.33555871882,0.03926790000002711,0.0,1,1,fallback_q80_q20,140;149;122;121;153;140;149;122;152;115;134;152;137;112;126;143;133;143;150;154;118;150;110;142;141;119;145;137;100;148,1.8189894035458565e-12,6.821210263296962e-13,0.0,0,0,0
2025-06-08,H24,0,00:00,2025-06-07,24.0,6,45930.11562621282,0.0,0.0,0.0,0.0,0.0,45930.11952126507,0.0372899999999845,0.0,1,1,fallback_q80_q20,129;136;134;150;135;141;138;126;125;142;137;138;137;155;122;100;154;128;139;101;113;151;142;151;155;88;133;153;114;147,8.100187187665142e-13,2.2737367544323206e-13,0.0,0,0,0
2025-06-08,H24,36,06:00,2025-06-07,24.0,6,3698.4953993302943,4382.7726692043625,684.277269874068,0.0,3793.90754529502,2272.3137527454164,14438.078499171474,0.04165550000004714,0.0,1,1,fallback_q80_q20,151;132;106;94;129;131;108;104;150;153;124;130;154;136;134;122;131;138;122;123;123;138;139;151;107;133;137;94;128;155,9.094947017729282e-13,2.2737367544323206e-13,0.0,0,0,0
2025-06-08,H24,72,12:00,2025-06-07,24.0,6,3186.784626634596,3498.94648819923,312.1618615646338,0.0,2568.3996851347515,1384.3225722586144,18657.506166563453,0.0389393000000382,0.0,1,1,fallback_q80_q20,118;114;102;111;105;151;145;121;132;151;154;144;108;122;129;152;123;132;146;87;116;106;152;87;109;154;143;152;150;111,7.958078640513122e-13,2.2737367544323206e-13,0.0,0,0,0
2025-06-08,H24,108,18:00,2025-06-07,24.0,6,2229.6913145655117,2237.1951791504057,7.503864584894132,0.0,1183.8837466175119,35.65628218053757,36833.346889038374,0.03658409999991363,0.0,1,1,fallback_q80_q20,146;115;143;137;108;153;146;105;113;105;132;95;123;143;142;151;111;129;135;101;151;121;130;128;155;132;149;136;149;129,9.094947017729282e-13,7.958078640513122e-13,0.0,0,0,0
2025-06-09,H24,0,00:00,2025-06-08,24.0,6,57869.96536553849,0.0,0.0,0.0,0.0,0.0,57869.969699299916,0.04428090000010343,0.0,1,1,fallback_q80_q20,114;130;144;147;127;126;140;138;154;149;155;142;142;131;118;147;127;124;129;141;112;153;127;125;112;153;146;141;149;118,8.242295734817162e-13,2.2737367544323206e-13,0.0,0,0,0
2025-06-09,H24,36,06:00,2025-06-08,24.0,6,-903.0991853788832,398.22100356690135,1301.3201889457846,0.0,219.71458440324557,3914.7554075820635,9754.395130168425,0.04418199999997796,0.0,1,1,fallback_q80_q20,138;150;138;142;134;117;134;125;126;140;154;154;99;110;153;154;139;133;107;109;140;136;143;121;143;108;143;146;154;154,9.094947017729282e-13,2.2737367544323206e-13,0.0,0,0,0
2025-06-09,H24,72,12:00,2025-06-08,24.0,6,295.0594344142256,811.8321212221174,516.7726868078918,0.0,569.3862398088922,2082.989096337755,24714.630877708343,0.04388940000001185,0.0,1,1,fallback_q80_q20,136;155;155;146;150;104;151;124;153;156;145;141;123;138;147;149;111;155;100;115;143;155;125;153;145;140;150;103;127;153,9.094947017729282e-13,2.2737367544323206e-13,0.0,0,0,0
2025-06-09,H24,108,18:00,2025-06-08,24.0,6,-184.1730795841316,71.34296998270926,255.51604956684088,0.0,35.28171487899431,423.74666550931033,31310.159355569536,0.0559889999999541,0.0,1,1,fallback_q80_q20,116;117;118;156;145;153;134;139;134;154;134;137;145;136;142;117;155;156;140;149;124;127;117;148;153;103;148;156;113;131,7.833733661755105e-13,4.547473508864641e-13,0.0,0,0,0
2025-06-10,H24,0,00:00,2025-06-09,24.0,6,55872.797460633185,0.0,0.0,0.0,0.0,0.0,55872.801763306714,0.03712180000002263,0.0,1,1,fallback_q80_q20,130;157;145;96;126;125;146;154;140;152;145;139;114;153;152;146;150;152;135;140;141;98;149;153;148;156;134;140;121;147,9.094947017729282e-13,1.3642420526593924e-12,0.0,0,0,0
2025-06-10,H24,36,06:00,2025-06-09,24.0,6,1026.199274681268,1323.2784893840492,297.0792147027812,0.0,787.6149375472862,1183.5157928408403,11777.029926092466,0.04349920000004204,0.0,1,1,fallback_q80_q20,104;148;154;139;146;131;155;141;120;122;152;153;152;123;154;153;104;154;118;130;142;132;123;133;148;99;108;129;155;147,6.821210263296962e-13,2.2737367544323206e-13,0.0,0,0,0
2025-06-10,H24,72,12:00,2025-06-09,24.0,6,1425.2865645796326,1965.0043220641246,539.717757484492,0.0,1666.016489995841,2116.7374006330333,27377.28105263035,0.04200309999998808,0.0,1,1,fallback_q80_q20,146;141;137;156;152;152;111;135;133;147;123;128;107;99;120;135;136;114;149;141;153;104;152;157;150;104;103;137;149;152,1.0231815394945443e-12,2.2737367544323206e-13,0.0,0,0,0
2025-06-10,H24,108,18:00,2025-06-09,24.0,6,-489.464308522911,0.0,489.464308522911,0.0,0.0,1002.3700657872095,40484.199075146906,0.025198400000022048,0.0,1,1,fallback_q80_q20,123;144;130;140;138;131;157;100;151;109;129;131;145;154;122;103;147;118;128;140;130;136;135;97;132;115;149;154;147;116,6.821210263296962e-13,1.0231815394945443e-12,0.0,0,0,0
2025-06-11,H24,0,00:00,2025-06-10,24.0,6,59242.443872507916,0.0,0.0,0.0,0.0,0.0,59242.44847234793,0.013859500000080516,0.0,1,1,fallback_q80_q20,105;127;158;146;107;146;149;153;127;105;155;99;155;147;147;136;147;126;156;157;141;110;148;157;144;145;139;135;153;156,9.094947017729282e-13,7.958078640513122e-13,0.0,0,0,0
2025-06-11,H24,36,06:00,2025-06-10,24.0,6,1940.0961551685475,2028.9913513319843,88.89519616343689,0.0,1926.4505329159952,248.38274233239463,12500.959235562097,0.04460579999999936,0.0,1,1,fallback_q80_q20,154;119;146;142;148;153;155;121;142;155;110;151;135;126;157;152;154;98;139;130;109;103;134;135;142;149;109;154;154;148,9.094947017729282e-13,2.2737367544323206e-13,0.0,0,0,0
2025-06-11,H24,72,12:00,2025-06-10,24.0,6,-614.0334878472108,116.6636616445331,730.697149491744,0.0,57.685340637178115,2207.4114145254825,16839.247338997993,0.04501870000001418,0.0,1,1,fallback_q80_q20,148;103;122;149;141;100;125;155;113;105;117;139;139;152;107;124;148;141;131;122;153;147;131;151;148;156;153;129;136;152,9.094947017729282e-13,2.2737367544323206e-13,0.0,0,0,0
2025-06-11,H24,108,18:00,2025-06-10,24.0,6,620.4443786283708,633.5969992067377,13.152620578366886,0.0,332.97066147745954,49.979732654593704,38824.05339306433,0.030241600000067592,0.0,1,1,fallback_q80_q20,121;157;158;125;104;134;146;144;132;124;119;131;113;128;156;145;154;133;154;136;130;156;152;145;115;123;124;140;139;115,9.094947017729282e-13,5.684341886080801e-13,0.0,0,0,0
2025-06-12,H24,0,00:00,2025-06-11,24.0,6,55717.858929957576,0.0,0.0,0.0,0.0,0.0,55717.86332946483,0.04580500000008669,0.0,1,1,fallback_q80_q20,131;115;131;113;112;114;129;150;155;98;97;127;154;138;132;96;148;158;115;129;154;140;125;142;159;127;104;137;155;107,9.094947017729282e-13,5.684341886080801e-13,0.0,0,0,0
2025-06-12,H24,36,06:00,2025-06-11,24.0,6,5292.436825414237,5302.806066382162,10.369240967924583,0.0,4819.1044942580575,38.59805091681096,13879.838390395144,0.04289610000000721,0.0,1,1,fallback_q80_q20,155;123;141;114;143;133;148;111;114;117;127;158;151;99;152;150;156;141;158;157;110;148;152;132;156;153;140;156;99;143,9.094947017729282e-13,2.2737367544323206e-13,0.0,0,0,0
2025-06-12,H24,72,12:00,2025-06-11,24.0,6,-2233.59148041674,32.89321829427612,2266.4846987110163,0.0,16.275114106266756,7166.941930556991,13203.756880973238,0.04057990000001155,0.0,1,1,fallback_q80_q20,142;142;136;138;114;158;127;153;138;130;133;144;156;140;159;159;129;156;112;141;147;128;113;149;149;159;156;153;140;114,9.094947017729282e-13,2.2737367544323206e-13,0.0,0,0,0
2025-06-12,H24,108,18:00,2025-06-11,24.0,6,1427.105533623011,1427.105533623011,0.0,0.0,795.6403445056718,0.0,22246.25750971653,0.03540940000004866,0.0,1,1,fallback_q80_q20,111;139;120;126;152;120;128;140;159;153;156;149;141;152;158;156;153;156;149;146;148;141;154;156;142;143;149;145;147;151,8.526512829121202e-13,7.958078640513122e-13,0.0,0,0,0
2025-06-13,H24,0,00:00,2025-06-12,24.0,6,36941.96579842719,0.0,0.0,0.0,0.0,0.0,36941.96927729143,0.040265799999929186,0.0,1,1,fallback_q80_q20,145;154;151;155;160;143;122;119;128;127;154;156;100;145;155;140;106;152;153;97;148;152;136;115;135;155;112;135;113;110,9.094947017729282e-13,2.2737367544323206e-13,0.0,0,0,0
2025-06-13,H24,36,06:00,2025-06-12,24.0,6,-1530.8667563276044,0.0,1530.8667563276044,0.0,0.0,3891.269610961165,6661.300263337605,0.04607340000006843,0.0,1,1,fallback_q80_q20,134;123;159;158;154;144;105;145;159;156;145;145;158;98;159;139;148;141;160;118;160;147;126;142;148;145;153;157;150;146,9.094947017729282e-13,1.1368683772161603e-13,0.0,0,0,0
2025-06-13,H24,72,12:00,2025-06-12,24.0,6,81.30875269813941,640.1629224293499,558.8541697312105,0.0,535.0541617478518,2513.6566201458036,6431.149859207395,0.038591399999972964,0.0,1,1,fallback_q80_q20,154;154;103;159;151;160;154;160;110;140;159;150;154;123;155;158;160;134;148;160;159;155;121;137;140;149;141;134;146;128,8.981704269217516e-13,2.2737367544323206e-13,0.0,0,0,0
2025-06-13,H24,108,18:00,2025-06-12,24.0,6,-1777.763050504545,0.0,1777.763050504545,0.0,0.0,3569.5879023065086,15349.497343459085,0.0400869000000057,0.0,1,1,fallback_q80_q20,150;149;122;159;112;143;156;138;159;123;146;147;114;104;146;148;141;153;160;160;139;135;122;99;123;156;139;150;148;113,1.8189894035458565e-12,7.958078640513122e-13,0.0,0,0,0
2025-06-14,H24,0,00:00,2025-06-13,24.0,6,32511.65365188213,0.0,0.0,0.0,0.0,0.0,32511.65641646764,0.038874300000088624,0.0,1,1,fallback_q80_q20,153;137;151;117;140;115;126;121;150;151;161;158;137;118;142;133;135;157;155;150;157;108;114;155;156;120;159;154;148;101,9.663381206337363e-13,3.410605131648481e-13,0.0,0,0,0
2025-06-14,H24,36,06:00,2025-06-13,24.0,6,-2030.8062471321794,0.0,2030.8062471321794,0.0,0.0,6359.351435162812,7612.884238625916,0.049207900000055815,0.0,1,1,fallback_q80_q20,139;147;137;140;141;126;143;159;94;160;126;146;110;159;161;145;110;156;108;132;153;152;107;159;161;129;120;101;112;106,1.1510792319313623e-12,1.1368683772161603e-13,0.0,0,0,0
2025-06-14,H24,72,12:00,2025-06-13,24.0,6,668.5110703741574,748.9051222536767,80.39405187951938,0.0,487.8980017259115,214.99276690194927,13413.495788870096,0.0530617000000575,0.0,1,1,fallback_q80_q20,122;158;152;160;158;137;123;158;143;135;123;156;145;157;148;146;136;160;148;143;161;157;147;130;158;102;150;153;153;151,9.094947017729282e-13,2.2737367544323206e-13,0.0,0,0,0
2025-06-14,H24,108,18:00,2025-06-13,24.0,6,-434.7596887693365,0.0,434.7596887693365,0.0,0.0,782.3322576770594,30836.59522882393,0.022763599999962025,0.0,1,1,fallback_q80_q20,147;132;125;139;136;151;135;145;138;152;159;142;126;112;150;138;151;157;144;157;145;134;121;152;138;154;110;153;144;95,1.8189894035458565e-12,6.821210263296962e-13,0.0,0,0,0
2025-06-15,H24,0,00:00,2025-06-14,24.0,6,48309.63928189122,0.0,0.0,0.0,0.0,0.0,48309.64345988667,0.033702700000048935,0.0,1,1,fallback_q80_q20,158;158;158;132;150;156;116;113;156;159;154;162;143;161;159;121;160;143;150;157;159;128;126;157;137;161;136;151;137;162,7.958078640513122e-13,1.1368683772161603e-12,0.0,0,0,0
2025-06-15,H24,36,06:00,2025-06-14,24.0,6,3058.9333072493305,3116.8700697061913,57.93676245686088,0.0,2995.956363140656,176.34172881729296,13271.162041435438,0.03507290000004559,0.0,1,1,fallback_q80_q20,160;143;111;125;139;123;160;157;158;128;142;159;117;159;129;160;158;126;154;160;122;145;150;161;150;162;123;155;155;149,1.0231815394945443e-12,2.2737367544323206e-13,0.0,0,0,0
2025-06-15,H24,72,12:00,2025-06-14,24.0,6,6086.823016142678,6251.173030576698,164.3500144340198,0.0,4652.78591305078,578.4935390145013,26921.923727344823,0.03217449999999644,0.0,1,1,fallback_q80_q20,137;159;156;161;153;145;143;162;157;143;155;144;120;143;126;158;152;154;160;151;156;140;161;112;158;156;153;162;147;151,9.094947017729282e-13,2.2737367544323206e-13,0.0,0,0,0
2025-06-15,H24,108,18:00,2025-06-14,24.0,6,2124.5840613344844,2124.5840613344844,0.0,0.0,1129.319698650449,0.0,45530.46692198408,0.016740799999979572,0.0,1,1,fallback_q80_q20,162;123;142;120;143;152;150;128;149;136;158;133;143;158;144;159;114;159;121;136;156;157;152;148;116;162;119;127;124;126,9.094947017729282e-13,4.547473508864641e-13,0.0,0,0,0
2025-06-16,H24,0,00:00,2025-06-15,24.0,6,56782.89899016483,0.0,0.0,0.0,0.0,0.0,56782.903458000874,0.03950959999997394,0.0,1,1,fallback_q80_q20,159;112;140;155;143;144;144;163;153;159;161;122;155;105;130;154;162;160;155;134;113;139;146;153;139;154;161;163;153;125,6.821210263296962e-13,7.958078640513122e-13,0.0,0,0,0
2025-06-16,H24,36,06:00,2025-06-15,24.0,6,5874.842902531412,5916.568051455196,41.725148923784445,0.0,5527.887245795429,128.21978955808527,16205.935584256096,0.0433451999999761,0.0,1,1,fallback_q80_q20,153;144;105;153;154;153;152;162;154;151;153;158;162;157;163;155;163;160;127;126;135;158;157;138;142;138;104;124;144;156,9.094947017729282e-13,2.2737367544323206e-13,0.0,0,0,0
2025-06-16,H24,72,12:00,2025-06-15,24.0,6,-2042.7263484447726,14.268696441326076,2056.9950448860986,0.0,7.039491078381843,6510.091802619029,17726.142076896907,0.03902149999998983,0.0,1,1,fallback_q80_q20,144;133;161;128;139;151;162;155;161;162;155;122;139;136;160;163;127;139;129;119;149;149;127;132;112;162;121;159;153;156,9.094947017729282e-13,2.2737367544323206e-13,0.0,0,0,0
2025-06-16,H24,108,18:00,2025-06-15,24.0,6,-208.3648472777878,16.89623769691113,225.26108497469892,0.0,8.372280152073813,462.6879376865718,40653.10433528939,0.04075169999998707,0.0,1,1,fallback_q80_q20,145;150;134;156;160;127;163;163;160;159;104;162;131;162;160;161;119;160;160;161;148;160;161;120;126;160;163;122;159;132,1.1368683772161603e-12,6.821210263296962e-13,0.0,0,0,0
2025-06-17,H24,0,00:00,2025-06-16,24.0,6,53048.99953034246,0.0,0.0,0.0,0.0,0.0,53049.00387810714,0.01879040000005716,0.0,1,1,fallback_q80_q20,143;132;127;156;143;159;128;122;158;155;163;121;143;147;136;132;126;163;148;133;159;103;143;140;114;150;126;160;128;132,6.821210263296962e-13,9.094947017729282e-13,0.0,0,0,0
2025-06-17,H24,36,06:00,2025-06-16,24.0,6,8179.953488161581,8181.492297709904,1.5388095483233784,0.0,6889.7569871329715,6.753679408211383,18315.28464990406,0.027405599999951846,0.0,1,1,fallback_q80_q20,149;160;164;145;132;163;111;134;154;129;143;161;159;149;144;148;160;146;161;121;153;161;155;134;150;151;141;160;122;148,9.094947017729282e-13,2.2737367544323206e-13,0.0,0,0,0
2025-06-17,H24,72,12:00,2025-06-16,24.0,6,-1888.7438132707086,46.29815365057311,1935.0419669212818,0.0,22.710342945664138,6366.477888731719,17997.990763989426,0.044374199999992925,0.0,1,1,fallback_q80_q20,158;163;134;159;164;147;116;135;148;161;143;142;150;140;139;138;143;117;128;103;163;143;163;155;159;160;145;161;147;126,9.094947017729282e-13,2.2737367544323206e-13,0.0,0,0,0
2025-06-17,H24,108,18:00,2025-06-16,24.0,6,921.7368829493644,921.7368829493644,0.0,0.0,516.7856576164039,0.0,38223.07060031722,0.028582700000015393,0.0,1,1,fallback_q80_q20,160;104;141;153;140;162;148;148;144;118;159;111;140;129;135;161;142;142;125;163;112;126;114;122;134;113;154;129;161;163,9.094947017729282e-13,1.0231815394945443e-12,0.0,0,0,0
2025-06-18,H24,0,00:00,2025-06-17,24.0,6,56559.35538538535,0.0,0.0,0.0,0.0,0.0,56559.35976980872,0.033594099999959326,0.0,1,1,fallback_q80_q20,139;150;138;154;159;110;131;153;162;121;158;164;155;126;155;113;157;131;164;145;163;163;133;163;158;159;162;149;154;119,7.958078640513122e-13,7.958078640513122e-13,0.0,0,0,0
2025-06-18,H24,36,06:00,2025-06-17,24.0,6,4269.2216322975255,4280.594405429509,11.372773131982937,0.0,3957.5974853107177,53.61674865107466,14222.52797073416,0.029413699999963683,0.0,1,1,fallback_q80_q20,145;133;146;139;154;131;127;103;128;154;165;114;139;162;128;142;122;132;135;161;153;155;120;156;126;150;160;103;158;160,8.100187187665142e-13,2.2737367544323206e-13,0.0,0,0,0
2025-06-18,H24,72,12:00,2025-06-17,24.0,6,-2210.270136488204,119.58415367118523,2329.854290159389,0.0,73.04126412995447,7885.580937118596,21444.232228195655,0.044065000000045984,0.0,1,1,fallback_q80_q20,143;122;161;153;155;107;156;145;165;134;147;152;158;142;136;139;148;165;162;159;127;159;124;150;164;146;165;148;150;119,9.094947017729282e-13,2.2737367544323206e-13,0.0,0,0,0
2025-06-18,H24,108,18:00,2025-06-17,24.0,6,315.61831469911584,322.9870964993434,7.368781800227592,0.0,172.43733002069473,30.029850949035676,39980.74984852834,0.043134699999995973,0.0,1,1,fallback_q80_q20,152;145;128;119;164;139;142;133;158;147;134;156;143;123;121;131;139;164;147;165;157;135;118;148;165;141;158;163;155;164,9.094947017729282e-13,6.821210263296962e-13,0.0,0,0,0
2025-06-19,H24,0,00:00,2025-06-18,24.0,6,52130.495944777045,0.0,0.0,0.0,0.0,0.0,52130.500142335135,0.03681590000007873,0.0,1,1,fallback_q80_q20,161;134;120;166;141;166;156;149;147;162;156;154;160;165;131;140;166;159;159;157;125;163;158;128;159;146;107;106;125;150,8.064660050877137e-13,2.2737367544323206e-13,0.0,0,0,0
2025-06-19,H24,36,06:00,2025-06-18,24.0,6,2950.8596491069675,3955.3226994755555,1004.4630503685879,0.0,3157.7956814672348,2892.052679190213,11310.368509673037,0.039333999999939806,0.0,1,1,fallback_q80_q20,139;148;166;119;143;166;151;162;149;138;144;164;149;153;128;149;148;156;153;107;159;161;152;139;163;153;142;159;136;164,7.958078640513122e-13,2.2737367544323206e-13,0.0,0,0,0
2025-06-19,H24,72,12:00,2025-06-18,24.0,6,2897.360392142403,3428.6491291068514,531.2887369644487,0.0,2789.7849298983165,2165.7152465137015,13138.15573905883,0.052200299999981326,0.0,1,1,fallback_q80_q20,161;152;124;127;162;164;165;146;150;154;161;157;162;144;129;137;139;156;113;157;161;147;135;151;135;166;158;153;160;133,1.0231815394945443e-12,2.2737367544323206e-13,0.0,0,0,0
2025-06-19,H24,108,18:00,2025-06-18,24.0,6,-40.22722057994872,107.92333153329415,148.15055211324287,0.0,53.48881164280215,272.68012023770984,13860.756656903824,0.05029399999989437,0.0,1,1,fallback_q80_q20,161;161;163;136;163;156;148;130;104;166;145;154;123;142;142;113;123;162;159;162;128;160;139;162;152;145;146;127;166;132,8.597567102697212e-13,1.0231815394945443e-12,0.0,0,0,0
2025-06-20,H24,0,00:00,2025-06-19,24.0,6,33548.25336497459,0.0,0.0,0.0,0.0,0.0,33548.25625644738,0.0385171000000355,0.0,1,1,fallback_q80_q20,137;158;164;145;154;167;165;164;153;119;155;140;147;165;134;143;135;162;143;147;117;105;167;125;156;106;133;136;133;160,9.094947017729282e-13,1.0231815394945443e-12,0.0,0,0,0
2025-06-20,H24,36,06:00,2025-06-19,24.0,6,-1217.9563960631992,0.0,1217.9563960631992,0.0,0.0,4165.990497851006,6668.440679627012,0.05239669999991747,0.0,1,1,fallback_q80_q20,143;143;155;149;118;160;111;160;155;165;163;130;112;128;107;141;139;166;167;163;139;163;134;145;124;111;153;152;104;149,9.094947017729282e-13,1.2789769243681803e-13,0.0,0,0,0
2025-06-20,H24,72,12:00,2025-06-19,24.0,6,-614.820272061721,0.0,614.820272061721,0.0,0.0,1275.8722256863914,11667.34457163639,0.02614029999995182,0.0,1,1,fallback_q80_q20,141;162;140;166;149;133;155;159;162;148;163;148;160;131;128;158;126;147;142;154;153;124;117;160;161;155;149;152;164;150,9.094947017729282e-13,9.094947017729282e-13,0.0,0,0,0
2025-06-20,H24,108,18:00,2025-06-19,24.0,6,-1328.651040098574,0.0,1328.651040098574,0.0,0.0,2714.584612451909,7651.071742292455,0.037711899999976595,0.0,1,1,fallback_q80_q20,167;152;147;166;166;152;162;166;152;104;125;161;166;163;159;156;141;147;164;113;130;117;154;159;119;166;158;147;140;159,5.4569682106375694e-12,1.9326762412674725e-12,0.0,0,0,0
2025-06-21,H24,0,00:00,2025-06-20,24.0,6,25585.985018968106,0.0,0.0,0.0,0.0,0.0,25585.988891761146,0.05076489999999012,0.0,1,1,fallback_q80_q20,156;165;122;147;138;153;136;167;164;123;162;136;114;168;121;155;163;147;161;164;154;142;167;148;140;133;166;136;124;125,8.526512829121202e-13,7.958078640513122e-13,0.0,0,0,0
2025-06-21,H24,36,06:00,2025-06-20,24.0,6,2379.2700275613633,2381.6264997491116,2.3564721877485066,0.0,2708.4391714018393,9.632146079729523,9742.696376039905,0.03917090000004464,0.0,1,1,fallback_q80_q20,129;138;164;154;121;109;152;129;164;153;164;126;165;137;158;127;165;147;142;152;123;155;147;108;126;164;146;116;137;163,9.094947017729282e-13,2.2737367544323206e-13,0.0,0,0,0
2025-06-21,H24,72,12:00,2025-06-20,24.0,6,-724.346042994755,0.0,724.346042994755,0.0,0.0,2331.963936335465,11100.563139762218,0.06265510000002905,0.0,1,1,fallback_q80_q20,159;108;116;164;138;125;152;124;142;148;136;122;120;150;130;139;164;136;160;146;151;117;165;165;149;121;146;165;157;114,3.637978807091713e-12,2.2737367544323206e-13,0.0,0,0,0
2025-06-21,H24,108,18:00,2025-06-20,24.0,6,-981.9378828660296,0.0,981.9378828660296,0.0,0.0,1883.9878389898606,26687.864113613872,0.0446814000000586,0.0,1,1,fallback_q80_q20,137;162;166;151;135;136;154;156;168;150;154;136;134;136;150;146;145;146;128;164;137;142;149;101;119;152;161;122;148;121,7.958078640513122e-13,1.1368683772161603e-12,0.0,0,0,0
2025-06-22,H24,0,00:00,2025-06-21,24.0,6,45695.809334472,0.0,0.0,0.0,0.0,0.0,45695.81341314495,0.012816099999895414,0.0,1,1,fallback_q80_q20,166;144;141;139;135;165;121;164;165;147;134;130;161;151;152;168;138;119;168;141;131;165;156;143;156;155;159;162;114;136,1.0231815394945443e-12,6.821210263296962e-13,0.0,0,0,0
2025-06-22,H24,36,06:00,2025-06-21,24.0,6,4780.564110050092,4998.16860708512,217.60449703502832,0.0,3994.2879571573812,904.1705419172159,14975.000908445798,0.030811999999968975,0.0,1,1,fallback_q80_q20,130;137;102;149;159;143;124;123;156;162;169;136;131;127;155;101;151;163;163;102;140;135;155;165;165;163;115;149;164;122,9.094947017729282e-13,2.2737367544323206e-13,0.0,0,0,0
2025-06-22,H24,72,12:00,2025-06-21,24.0,6,1864.0937963485708,2271.250245655101,407.1564493065303,0.0,1636.6235322415737,1633.9886051046306,19537.825067484497,0.03929450000009638,0.0,1,1,fallback_q80_q20,164;141;165;166;164;157;140;121;167;158;108;166;150;167;155;167;157;144;144;164;151;127;149;165;121;149;137;150;166;124,9.094947017729282e-13,2.2737367544323206e-13,0.0,0,0,0
2025-06-22,H24,108,18:00,2025-06-21,24.0,6,1354.1454727578175,1355.5580440318085,1.412571273991095,0.0,728.3433525535339,3.638771957730796,37322.83327050063,0.03992649999997866,0.0,1,1,fallback_q80_q20,120;169;127;166;152;142;167;166;115;149;108;108;153;163;141;137;143;165;148;145;135;135;167;144;144;152;127;101;108;162,9.094947017729282e-13,6.821210263296962e-13,0.0,0,0,0
2025-06-23,H24,0,00:00,2025-06-22,24.0,6,51152.18468369754,0.0,0.0,0.0,0.0,0.0,51152.1890065689,0.03651079999997364,0.0,1,1,fallback_q80_q20,163;160;168;134;125;156;148;160;113;132;144;141;151;119;112;163;135;146;141;167;170;165;150;114;153;128;165;167;170;141,1.0231815394945443e-12,6.821210263296962e-13,0.0,0,0,0
2025-06-23,H24,36,06:00,2025-06-22,24.0,6,2131.653665631471,2191.3930292980885,59.7393636666175,0.0,1949.3760800950447,172.230038907599,11971.519082298151,0.05421990000002097,0.0,1,1,fallback_q80_q20,141;164;114;142;140;114;170;155;145;167;159;159;167;167;169;133;169;124;158;163;167;168;138;152;164;161;117;166;150;141,9.094947017729282e-13,2.2737367544323206e-13,0.0,0,0,0
2025-06-23,H24,72,12:00,2025-06-22,24.0,6,473.07420940029124,1190.8290516469021,717.7548422466109,0.0,875.4272416560339,3060.393717864196,15506.865052338953,0.04282380000006469,0.0,1,1,fallback_q80_q20,123;132;169;142;149;107;167;163;135;158;170;167;170;167;140;152;162;148;166;131;151;168;137;144;168;156;169;138;167;169,9.094947017729282e-13,2.2737367544323206e-13,0.0,0,0,0
2025-06-23,H24,108,18:00,2025-06-22,24.0,6,293.2532041462366,297.47540938619574,4.222205239959141,0.0,171.93694543010895,6.731295719344985,35716.06608254589,0.025713299999893025,0.0,1,1,fallback_q80_q20,113;163;168;110;168;110;139;124;168;166;118;154;112;139;157;169;169;129;151;134;160;167;167;167;147;122;135;168;153;152,2.171596236166806e-12,9.094947017729282e-13,0.0,0,0,0
2025-06-24,H24,0,00:00,2025-06-23,24.0,6,58874.98427299831,0.0,0.0,0.0,0.0,0.0,58874.988776839025,0.040797499999939646,0.0,1,1,fallback_q80_q20,111;170;162;139;170;154;160;152;129;147;117;169;169;162;159;145;166;148;167;131;169;136;143;132;118;152;171;170;148;132,9.094947017729282e-13,3.410605131648481e-13,0.0,0,0,0
2025-06-24,H24,36,06:00,2025-06-23,24.0,6,-43.58156981529601,1023.2991343642229,1066.880704179519,0.0,790.8322064776759,2839.275277832812,9692.832212245967,0.04860020000000986,0.0,1,1,fallback_q80_q20,149;169;119;123;156;169;168;141;110;169;156;147;165;168;136;124;134;133;150;144;156;168;159;162;169;166;149;169;127;149,9.094947017729282e-13,2.2737367544323206e-13,0.0,0,0,0
2025-06-24,H24,72,12:00,2025-06-23,24.0,6,2297.3762803458335,2669.646222344207,372.26994199837367,0.0,1899.006382509791,1461.3757307424125,15399.476917158418,0.041746499999931075,0.0,1,1,fallback_q80_q20,152;167;133;141;142;162;167;147;162;158;169;158;153;166;167;111;159;165;170;140;161;137;144;137;129;111;162;156;148;161,9.094947017729282e-13,2.2737367544323206e-13,0.0,0,0,0
2025-06-24,H24,108,18:00,2025-06-23,24.0,6,1230.217283830136,1230.217283830136,0.0,0.0,664.5146516529168,0.0,40012.3418008547,0.05036829999994552,0.0,1,1,fallback_q80_q20,137;128;167;154;145;153;145;169;113;165;166;114;120;169;171;154;165;113;158;154;167;131;151;134;170;133;170;140;159;159,1.3642420526593924e-12,1.0231815394945443e-12,0.0,0,0,0
2025-06-25,H24,0,00:00,2025-06-24,24.0,6,51656.77551598799,0.0,0.0,0.0,0.0,0.0,51656.77972011341,0.01935439999999744,0.0,1,1,fallback_q80_q20,172;137;168;138;170;159;170;146;162;168;161;131;172;158;120;164;137;135;168;140;168;136;169;147;169;148;147;126;152;114,8.526512829121202e-13,1.1368683772161603e-12,0.0,0,0,0
2025-06-25,H24,36,06:00,2025-06-24,24.0,6,3971.6668160850368,4015.8626253410384,44.19580925600173,0.0,3949.1275683451295,140.06996487615163,13987.949046319276,0.04274759999998423,0.0,1,1,fallback_q80_q20,153;121;166;148;144;168;160;171;132;156;168;132;161;132;145;155;139;123;168;169;166;153;159;145;147;131;141;169;126;171,9.094947017729282e-13,2.2737367544323206e-13,0.0,0,0,0
2025-06-25,H24,72,12:00,2025-06-24,24.0,6,1065.0365003445913,2043.7034817644167,978.6669814198252,0.0,1621.0323588199858,4106.713395889938,22576.805701357214,0.04834029999994982,0.0,1,1,fallback_q80_q20,157;151;160;163;157;142;168;163;134;167;167;121;167;113;161;139;164;162;124;137;164;156;157;169;138;171;125;149;129;151,7.958078640513122e-13,2.2737367544323206e-13,0.0,0,0,0
2025-06-25,H24,108,18:00,2025-06-24,24.0,6,529.1967049570637,529.1967049570637,0.0,0.0,294.3663719758847,0.0,31629.45027441333,0.028226000000017848,0.0,1,1,fallback_q80_q20,169;157;138;155;138;124;156;156;169;128;166;129;166;168;126;151;170;142;141;168;129;154;125;133;164;121;113;163;135;126,9.094947017729282e-13,7.958078640513122e-13,0.0,0,0,0
2025-06-26,H24,0,00:00,2025-06-25,24.0,6,54703.832620612666,0.0,0.0,0.0,0.0,0.0,54703.8368247261,0.03874550000000454,0.0,1,1,fallback_q80_q20,151;152;159;171;162;129;168;135;173;173;124;158;120;163;151;137;167;153;156;170;152;153;125;161;112;162;168;118;168;153,8.100187187665142e-13,4.547473508864641e-13,0.0,0,0,0
2025-06-26,H24,36,06:00,2025-06-25,24.0,6,-1924.6501013447332,0.0,1924.6501013447332,0.0,0.0,4188.852882605599,6078.026468485878,0.049273299999981646,0.0,1,1,fallback_q80_q20,156;114;166;162;168;173;159;168;168;165;170;125;170;169;162;133;171;142;149;132;128;169;152;148;132;168;161;167;173;142,9.094947017729282e-13,2.2737367544323206e-13,0.0,0,0,0
2025-06-26,H24,72,12:00,2025-06-25,24.0,6,2050.3616447131717,2609.477847898417,559.1162031852455,0.0,1785.931703298679,2350.3341739445673,10766.008975779732,0.046165999999971064,0.0,1,1,fallback_q80_q20,137;154;159;125;127;140;124;127;141;169;161;131;140;169;162;158;168;146;147;134;160;127;173;169;170;170;112;166;161;124,7.744915819785092e-13,2.2737367544323206e-13,0.0,0,0,0
2025-06-26,H24,108,18:00,2025-06-25,24.0,6,-83.341795404926,61.499936150826,144.841731555752,0.0,30.014807065626087,248.11808036357104,16348.330504266787,0.04865299999994477,0.0,1,1,fallback_q80_q20,132;149;156;161;148;168;157;162;156;150;111;167;156;173;155;134;169;148;168;162;168;167;133;124;132;157;170;156;168;141,8.810729923425242e-13,1.9326762412674725e-12,0.0,0,0,0
2025-06-27,H24,0,00:00,2025-06-26,24.0,6,31330.616552194577,0.0,0.0,0.0,0.0,0.0,31330.620067866104,0.057861099999968246,0.0,1,1,fallback_q80_q20,114;127;153;120;130;157;169;134;149;173;134;152;150;159;147;157;173;131;128;138;162;161;162;167;169;147;128;148;170;149,8.100187187665142e-13,4.547473508864641e-13,0.0,0,0,0
2025-06-27,H24,36,06:00,2025-06-26,24.0,6,-961.0332501682494,0.0,961.0332501682494,0.0,0.0,2350.0809312262318,6613.428730381702,0.054297299999916504,0.0,1,1,fallback_q80_q20,159;165;166;128;149;156;163;135;163;137;120;171;140;173;170;167;170;143;111;166;118;143;168;152;138;167;144;142;160;126,9.094947017729282e-13,1.1368683772161603e-13,0.0,0,0,0
2025-06-27,H24,72,12:00,2025-06-26,24.0,6,-1453.2387924953027,0.0,1453.2387924953027,0.0,0.0,3140.7300746908686,8243.299730252584,0.034796700000015335,0.0,1,1,fallback_q80_q20,170;138;132;147;148;138;158;141;173;127;128;156;112;173;140;117;167;142;151;173;174;174;126;166;174;143;160;159;147;156,7.958078640513122e-13,6.821210263296962e-13,0.0,0,0,0
2025-06-27,H24,108,18:00,2025-06-26,24.0,6,-1157.861325059076,0.0,1157.861325059076,0.0,0.0,2297.6176466771267,11030.759068146259,0.0388829999999416,0.0,1,1,fallback_q80_q20,119;161;119;128;148;148;112;166;164;162;137;169;166;130;170;158;124;174;124;156;154;148;150;162;173;135;140;155;150;162,9.094947017729282e-13,1.1368683772161603e-12,0.0,0,0,0
2025-06-28,H24,0,00:00,2025-06-27,24.0,6,29266.35812228656,0.0,0.0,0.0,0.0,0.0,29266.36145445034,0.0396207000000004,0.0,1,1,fallback_q80_q20,155;165;147;157;148;172;141;164;162;173;142;172;127;151;132;175;154;164;151;133;122;163;169;151;171;122;169;151;143;163,9.094947017729282e-13,9.094947017729282e-13,0.0,0,0,0
2025-06-28,H24,36,06:00,2025-06-27,24.0,6,-842.2881630390758,0.0,842.2881630390758,0.0,0.0,1725.8639695643833,8133.71612069384,0.04356010000003607,2.2363571294527663e-16,1,1,fallback_q80_q20,146;169;164;109;122;173;167;116;158;164;169;160;171;171;161;146;136;167;161;174;164;144;166;142;143;166;140;126;155;151,1.8189894035458565e-12,1.1368683772161603e-13,0.0,0,0,0
2025-06-28,H24,72,12:00,2025-06-27,24.0,6,282.20629143561825,436.59234253774315,154.3860511021249,0.0,251.68890535638604,336.04453616700084,15832.974706904266,0.04381239999997888,0.0,1,1,fallback_q80_q20,174;158;160;162;130;143;171;128;158;155;174;115;169;152;126;168;172;156;133;174;156;164;158;167;164;154;151;171;147;122,9.094947017729282e-13,2.2737367544323206e-13,0.0,0,0,0
2025-06-28,H24,108,18:00,2025-06-27,24.0,6,-176.32641783909082,0.0,176.32641783909082,0.0,0.0,289.8604480121544,28044.862079388597,0.03380699999991066,0.0,1,1,fallback_q80_q20,151;158;125;151;120;165;167;169;161;167;132;171;148;155;145;129;158;158;172;171;160;172;155;159;154;129;146;172;143;165,1.8189894035458565e-12,6.821210263296962e-13,0.0,0,0,0
2025-06-29,H24,0,00:00,2025-06-28,24.0,6,43078.70866460479,0.0,0.0,0.0,0.0,0.0,43078.71252593812,0.037331099999960315,0.0,1,1,fallback_q80_q20,133;166;158;132;146;164;141;165;154;171;123;161;176;173;162;149;151;138;109;136;133;141;168;133;167;158;156;160;158;138,9.094947017729282e-13,7.958078640513122e-13,0.0,0,0,0
2025-06-29,H24,36,06:00,2025-06-28,24.0,6,6832.33497035332,6875.261652684198,42.926682330878094,0.0,6251.283126031632,120.60181249151242,16573.66680228497,0.05239539999990939,0.0,1,1,fallback_q80_q20,116;145;172;129;175;173;145;150;138;160;135;165;124;130;171;139;155;121;163;173;172;174;175;169;171;148;135;172;140;144,8.739675649849232e-13,2.2737367544323206e-13,0.0,0,0,0
2025-06-29,H24,72,12:00,2025-06-28,24.0,6,1821.6427184295799,2162.3133024243343,340.67058399475445,0.0,1576.9363491210474,1312.3056693340936,16631.240268294856,0.044100000000071304,0.0,1,1,fallback_q80_q20,165;157;154;132;145;126;148;150;146;166;153;134;150;129;149;158;165;174;159;162;164;149;164;169;170;164;162;173;175;171,9.094947017729282e-13,2.2737367544323206e-13,0.0,0,0,0
2025-06-29,H24,108,18:00,2025-06-28,24.0,6,2992.3524055104235,2992.3524055104235,0.0,0.0,1605.513445510099,0.0,39749.59485876609,0.018498599999929866,0.0,1,1,fallback_q80_q20,125;136;164;171;167;175;139;172;136;162;171;155;163;131;115;161;130;130;172;135;167;150;165;176;151;157;134;150;167;172,9.094947017729282e-13,2.2737367544323206e-13,0.0,0,0,0
2025-06-30,H24,0,00:00,2025-06-29,24.0,6,55167.41827957981,0.0,0.0,0.0,0.0,0.0,55167.42268576516,0.036557700000003024,0.0,1,1,fallback_q80_q20,175;173;177;127;121;163;163;174;160;168;168;174;144;177;167;130;121;125;172;167;142;162;152;159;161;152;168;166;162;152,7.958078640513122e-13,4.547473508864641e-13,0.0,0,0,0
2025-06-30,H24,36,06:00,2025-06-29,24.0,6,179.07192458942848,877.9513156287871,698.8793910393587,0.0,672.5306985964079,1798.536399196598,10167.859848844999,0.042877900000007685,0.0,1,1,fallback_q80_q20,168;128;117;172;174;174;158;174;174;120;118;131;148;157;169;176;119;160;146;145;160;142;159;170;160;151;175;136;156;150,9.094947017729282e-13,2.2737367544323206e-13,0.0,0,0,0
2025-06-30,H24,72,12:00,2025-06-29,24.0,6,-672.4750233484436,254.20308177783923,926.6781051262828,0.0,154.58733758728465,3931.3240653335974,11717.566261949903,0.04238789999999426,0.0,1,1,fallback_q80_q20,166;161;162;135;174;149;167;159;176;118;141;114;175;177;171;155;176;163;130;125;127;176;140;158;166;157;153;163;161;171,9.094947017729282e-13,2.2737367544323206e-13,0.0,0,0,0
2025-06-30,H24,108,18:00,2025-06-29,24.0,6,279.04754351375715,298.1499813571751,19.102437843417956,0.0,171.4441242184663,80.10095517272953,23137.20699593961,0.040883200000052966,0.0,1,1,fallback_q80_q20,163;144;173;144;152;143;145;165;169;166;170;174;170;143;175;165;163;166;177;175;160;139;176;172;118;164;156;169;140;151,8.810729923425242e-13,7.958078640513122e-13,0.0,0,0,0
2025-07-01,H24,0,00:00,2025-06-30,24.0,6,45167.13513106454,0.0,0.0,0.0,0.0,0.0,45167.13921551392,0.03993260000004284,0.0,1,1,fallback_q80_q20,150;174;171;175;117;140;140;159;174;156;178;162;164;170;149;170;156;133;140;160;177;178;138;174;170;176;171;174;136;136,8.242295734817162e-13,9.094947017729282e-13,0.0,0,0,0
2025-07-01,H24,36,06:00,2025-06-30,24.0,6,8216.58019442512,8223.369109914322,6.7889154892011945,0.0,6935.407608950855,31.318218762530478,17993.75610251855,0.04137550000007195,0.0,1,1,fallback_q80_q20,173;120;128;154;172;175;160;128;130;167;173;167;174;174;160;118;172;134;163;175;170;133;168;172;177;175;170;176;130;170,9.094947017729282e-13,2.2737367544323206e-13,0.0,0,0,0
2025-07-01,H24,72,12:00,2025-06-30,24.0,6,4879.459963726297,5322.667553096862,443.2075893705653,0.0,4079.3770648134087,1817.1299959174685,18686.538308961157,0.038866999999982,0.0,1,1,fallback_q80_q20,130;161;144;156;131;126;175;133;176;178;156;152;155;168;117;158;155;152;169;145;175;134;167;145;135;128;174;158;174;144,9.094947017729282e-13,2.2737367544323206e-13,0.0,0,0,0
2025-07-01,H24,108,18:00,2025-06-30,24.0,6,2779.7671294251245,2779.7671294251245,0.0,0.0,1507.6173385686175,0.0,26142.678578680905,0.04276099999992766,0.0,1,1,fallback_q80_q20,177;140;151;149;173;129;174;174;174;162;169;157;169;153;149;153;128;164;177;153;162;152;149;174;166;177;177;173;178;140,9.094947017729282e-13,6.821210263296962e-13,0.0,0,0,0
2025-07-02,H24,0,00:00,2025-07-01,24.0,6,49155.38006903215,0.0,0.0,0.0,0.0,0.0,49155.38400602752,0.036796100000060505,0.0,1,1,fallback_q80_q20,155;169;153;155;151;132;155;163;151;174;153;171;172;150;175;162;170;169;121;168;169;144;175;124;176;148;177;177;156;176,9.094947017729282e-13,2.2737367544323206e-13,0.0,0,0,0
2025-07-02,H24,36,06:00,2025-07-01,24.0,6,1008.0277966034305,1167.0994976722222,159.0717010687917,0.0,1574.775730859959,515.5369508104858,11159.741679467143,0.03953019999994467,0.0,1,1,fallback_q80_q20,131;148;174;142;150;175;170;147;173;156;145;148;133;168;145;126;148;161;134;153;147;172;178;149;167;160;139;161;121;160,9.094947017729282e-13,3.410605131648481e-13,0.0,0,0,0
2025-07-02,H24,72,12:00,2025-07-01,24.0,6,-673.0807107827509,130.29754052233605,803.3782513050869,0.0,64.38654255383904,2490.1683346076297,11723.067781990743,0.0484435000000758,0.0,1,1,fallback_q80_q20,166;176;170;132;175;177;177;141;142;168;148;126;131;132;162;159;167;173;176;166;178;164;159;179;154;125;168;173;131;143,9.094947017729282e-13,2.2737367544323206e-13,0.0,0,0,0
2025-07-02,H24,108,18:00,2025-07-01,24.0,6,2800.731195794075,2800.731195794075,0.0,0.0,1533.6402249561568,0.0,32560.453664811004,0.036807199999998375,0.0,1,1,fallback_q80_q20,146;167;174;120;175;158;156;150;170;169;170;176;161;152;170;175;121;161;161;126;162;140;142;156;130;160;135;148;145;153,9.094947017729282e-13,2.2737367544323206e-13,0.0,0,0,0
2025-07-03,H24,0,00:00,2025-07-02,24.0,6,56067.84925018779,0.0,0.0,0.0,0.0,0.0,56067.85356936222,0.03455570000005537,0.0,1,1,fallback_q80_q20,165;143;137;160;151;168;174;177;162;135;121;179;121;162;166;177;155;160;169;180;151;153;147;180;178;153;177;170;179;176,1.0231815394945443e-12,2.2737367544323206e-13,0.0,0,0,0
2025-07-03,H24,36,06:00,2025-07-02,24.0,6,4126.437177548085,4219.464168394809,93.02699084672429,0.0,3723.022937502923,333.14624801165155,12770.466558243976,0.041756299999974544,0.0,1,1,fallback_q80_q20,167;145;177;172;177;145;176;154;137;177;170;180;176;179;124;165;143;175;177;170;173;118;153;167;179;170;179;147;144;140,8.526512829121202e-13,2.2737367544323206e-13,0.0,0,0,0
2025-07-03,H24,72,12:00,2025-07-02,24.0,6,-1396.2656836499916,156.04657636051235,1552.312260010504,0.0,77.00530098301181,5615.805234283728,6030.12627181809,0.046122100000047794,0.0,1,1,fallback_q80_q20,170;155;142;168;176;167;169;139;170;143;173;159;165;120;151;168;174;140;162;162;158;156;162;156;141;140;136;118;176;142,8.526512829121202e-13,5.684341886080801e-13,0.0,0,0,0
2025-07-03,H24,108,18:00,2025-07-02,24.0,6,2673.610325755478,2673.610325755478,0.0,0.0,1447.2277303615365,0.0,18443.21717182862,0.040337600000043494,0.0,1,1,fallback_q80_q20,132;127;133;147;164;135;176;138;141;173;180;173;150;172;171;177;177;173;170;146;162;125;156;155;154;177;154;117;173;174,9.094947017729282e-13,2.2737367544323206e-13,0.0,0,0,0
2025-07-04,H24,0,00:00,2025-07-03,24.0,6,30323.465355537952,0.0,0.0,0.0,0.0,0.0,30323.468972416813,0.04240420000007816,0.0,1,1,fallback_q80_q20,170;161;178;160;149;163;166;171;159;137;158;181;159;173;177;145;134;179;181;140;125;174;165;180;181;180;167;167;174;127,8.242295734817162e-13,1.4210854715202004e-13,0.0,0,0,0
2025-07-04,H24,36,06:00,2025-07-03,24.0,6,8723.73308018248,8723.73308018248,0.0,0.0,9046.696168914696,0.0,16780.586375353378,0.03767239999990579,0.0,1,1,fallback_q80_q20,148;152;157;160;157;181;147;144;144;154;174;165;151;171;135;159;160;152;159;180;181;165;166;168;152;120;181;153;181;162,1.1368683772161603e-12,2.2737367544323206e-13,0.0,0,0,0
2025-07-04,H24,72,12:00,2025-07-03,24.0,6,-2955.1784355517066,0.0,2955.1784355517066,0.0,0.0,7732.731467464082,7283.577629641841,0.044553999999948246,0.0,1,1,fallback_q80_q20,142;176;124;147;164;141;176;173;163;148;125;181;124;181;169;124;141;177;173;168;156;176;155;176;154;161;140;162;173;170,8.526512829121202e-13,1.4210854715202004e-13,0.0,0,0,0
2025-07-04,H24,108,18:00,2025-07-03,24.0,6,456.3073764719587,534.9424331835157,78.63505671155701,0.0,303.7412037614754,145.50756267117254,13464.49829775415,0.044219199999929515,0.0,1,1,fallback_q80_q20,165;179;151;162;181;164;149;166;181;119;181;165;131;153;180;137;124;132;173;144;159;154;181;181;170;119;118;145;168;180,9.094947017729282e-13,6.821210263296962e-13,0.0,0,0,0
2025-07-05,H24,0,00:00,2025-07-04,24.0,6,25667.116021134098,0.0,0.0,0.0,0.0,0.0,25667.119713659493,0.07133810000004814,0.0,1,1,fallback_q80_q20,176;154;164;149;143;152;177;146;157;128;155;173;164;178;142;139;169;178;160;148;164;171;135;137;129;137;179;182;128;138,2.2737367544323206e-12,1.1368683772161603e-13,0.0,0,0,0
2025-07-05,H24,36,06:00,2025-07-04,24.0,6,527.0980034303914,559.6774302986364,32.57942686824501,0.0,496.7564837828967,130.47533449949628,8436.438292430445,0.05298570000002201,0.0,1,1,fallback_q80_q20,178;178;153;131;147;129;157;142;144;177;176;128;182;157;179;164;115;161;138;167;171;144;178;150;175;135;172;134;163;142,1.0231815394945443e-12,1.4210854715202004e-13,0.0,0,0,0
2025-07-05,H24,72,12:00,2025-07-04,24.0,6,2027.5094139429232,2030.9636696223406,3.4542556794175328,0.0,1330.5483082902679,12.277485622001706,18561.304900661922,0.04725380000002133,0.0,1,1,fallback_q80_q20,172;175;146;151;152;165;166;157;148;138;169;175;163;179;136;136;156;129;176;172;150;178;181;177;162;180;158;166;153;179,9.094947017729282e-13,2.2737367544323206e-13,0.0,0,0,0
2025-07-05,H24,108,18:00,2025-07-04,24.0,6,1693.509571787586,1693.509571787586,0.0,0.0,934.7397982013522,0.0,29986.6212531391,0.04560650000007627,0.0,1,1,fallback_q80_q20,181;171;133;150;154;175;137;159;179;176;169;172;145;178;134;170;181;136;154;172;181;175;181;168;178;163;181;154;168;174,9.094947017729282e-13,4.547473508864641e-13,0.0,0,0,0
2025-07-06,H24,0,00:00,2025-07-05,24.0,6,47234.02916212007,0.0,0.0,0.0,0.0,0.0,47234.03303379677,0.03577649999999721,0.0,1,1,fallback_q80_q20,156;156;159;154;168;179;137;156;181;156;179;140;176;149;169;130;180;183;167;179;162;140;175;172;168;123;123;179;157;164,9.094947017729282e-13,2.2737367544323206e-13,0.0,0,0,0
2025-07-06,H24,36,06:00,2025-07-05,24.0,6,10311.407880427692,10322.865509367297,11.45762893960527,0.0,10019.791436202646,34.23253343174565,21086.374514026335,0.04125850000002629,0.0,1,1,fallback_q80_q20,171;177;165;123;158;160;159;182;175;179;183;132;157;181;150;175;162;176;123;182;116;131;147;161;160;129;179;182;179;172,9.094947017729282e-13,2.2737367544323206e-13,0.0,0,0,0
2025-07-06,H24,72,12:00,2025-07-05,24.0,6,3498.0489186511304,4085.7736625721686,587.7247439210381,0.0,3116.688339309911,2369.1876769053615,18360.876403732942,0.04034969999997884,0.0,1,1,fallback_q80_q20,152;155;183;163;129;171;171;159;175;136;176;176;128;138;165;130;130;143;179;152;176;157;173;138;150;172;171;136;152;180,9.094947017729282e-13,2.2737367544323206e-13,0.0,0,0,0
2025-07-06,H24,108,18:00,2025-07-05,24.0,6,4482.7767687372425,4482.7767687372425,0.0,0.0,2441.0135883874254,0.0,25552.83149292863,0.04046219999997902,0.0,1,1,fallback_q80_q20,165;170;171;164;163;142;179;183;158;167;123;168;140;132;175;166;130;155;156;181;176;160;123;133;143;144;130;175;142;130,7.958078640513122e-13,4.547473508864641e-13,0.0,0,0,0
2025-07-07,H24,0,00:00,2025-07-06,24.0,6,51674.69601296593,0.0,0.0,0.0,0.0,0.0,51674.70009390994,0.03101989999993293,0.0,1,1,fallback_q80_q20,180;138;156;177;180;179;176;143;183;184;131;149;183;133;135;156;148;184;137;168;141;181;163;165;184;172;153;177;181;143,9.094947017729282e-13,2.2737367544323206e-13,0.0,0,0,0
2025-07-07,H24,36,06:00,2025-07-06,24.0,6,-1655.4732469334838,180.6295217346128,1836.1027686680966,0.0,89.39543043005904,5204.9563083820585,10241.164525948216,0.050307800000041425,0.0,1,1,fallback_q80_q20,177;175;169;175;183;173;153;184;176;177;175;135;169;182;162;169;158;138;148;184;163;176;171;161;145;182;182;184;131;176,7.815970093361102e-13,2.2737367544323206e-13,0.0,0,0,0
2025-07-07,H24,72,12:00,2025-07-06,24.0,6,7597.82291128598,7650.453449716163,52.63053843018346,0.0,5917.591778057503,185.25356716009662,27896.342101475246,0.0440293000000338,0.0,1,1,fallback_q80_q20,172;157;181;121;180;133;153;164;145;162;164;149;182;176;183;173;140;181;174;158;121;160;121;175;181;180;167;176;166;180,7.958078640513122e-13,2.2737367544323206e-13,0.0,0,0,0
2025-07-07,H24,108,18:00,2025-07-06,24.0,6,825.8648430988093,825.8648430988093,0.0,0.0,433.52868789113427,0.0,30347.874473673597,0.04215759999999591,0.0,1,1,fallback_q80_q20,177;147;183;174;162;178;159;134;148;128;156;182;137;140;177;163;172;138;121;143;180;171;175;140;184;177;153;179;145;184,9.094947017729282e-13,6.821210263296962e-13,0.0,0,0,0
2025-07-08,H24,0,00:00,2025-07-07,24.0,6,61793.152613892344,0.0,0.0,0.0,0.0,0.0,61793.156926607815,0.014191100000061851,1.177469800228063e-16,1,1,fallback_q80_q20,177;168;180;172;172;148;184;168;138;182;153;147;173;149;172;142;155;159;179;182;161;164;146;182;176;182;172;167;173;161,7.958078640513122e-13,2.2737367544323206e-13,0.0,0,0,0
2025-07-08,H24,36,06:00,2025-07-07,24.0,6,-2520.9490033354764,0.0,2520.9490033354764,0.0,0.0,6873.380019273981,9631.441695773414,0.040540399999940746,0.0,1,1,fallback_q80_q20,170;154;175;174;145;158;157;170;141;182;124;166;168;137;160;173;167;183;175;173;171;168;178;135;143;184;171;170;161;144,9.094947017729282e-13,2.2737367544323206e-13,0.0,0,0,0
2025-07-08,H24,72,12:00,2025-07-07,24.0,6,2508.4701465429994,3019.01060534059,510.5404587975903,0.0,2318.6991257378477,2089.9249544303602,24440.563728770412,0.042195600000013656,0.0,1,1,fallback_q80_q20,172;138;169;143;152;131;180;124;160;180;148;174;133;145;176;183;159;168;168;161;175;139;181;170;162;181;179;181;170;170,9.094947017729282e-13,2.2737367544323206e-13,0.0,0,0,0
2025-07-08,H24,108,18:00,2025-07-07,24.0,6,825.8740694264941,825.8740694264941,0.0,0.0,447.97796203225187,0.0,34154.78345678023,0.037753000000066095,0.0,1,1,fallback_q80_q20,136;178;183;176;176;175;163;182;180;183;127;147;180;142;184;182;177;132;183;173;151;142;175;174;161;181;176;168;176;182,8.171241461241152e-13,2.3874235921539366e-12,0.0,0,0,0
2025-07-09,H24,0,00:00,2025-07-08,24.0,6,61795.68501797934,0.0,0.0,0.0,0.0,0.0,61795.689455389234,0.03403019999996104,0.0,1,1,fallback_q80_q20,175;163;170;166;170;176;172;145;128;159;183;167;168;182;164;186;153;179;150;146;182;143;179;180;166;168;172;134;177;183,9.094947017729282e-13,2.2737367544323206e-13,0.0,0,0,0
2025-07-09,H24,36,06:00,2025-07-08,24.0,6,-1501.2961021335527,63.62144213390597,1564.9175442674587,0.0,31.546518970574425,4145.827822641486,10370.736915377673,0.04362570000000687,0.0,1,1,fallback_q80_q20,182;169;176;148;158;153;152;156;163;168;175;149;175;169;178;181;160;166;178;140;174;166;146;135;183;179;177;145;168;178,8.668621376273222e-13,2.2737367544323206e-13,0.0,0,0,0
2025-07-09,H24,72,12:00,2025-07-08,24.0,6,1679.120955627527,2660.0728922050457,980.9519365775186,0.0,1585.8552203298896,3753.70387664826,27695.829670096806,0.04260690000000977,0.0,1,1,fallback_q80_q20,161;171;183;184;176;169;168;152;157;176;181;182;183;185;175;171;174;146;126;142;182;134;133;143;184;151;171;180;182;159,9.094947017729282e-13,2.8421709430404007e-13,0.0,0,0,0
2025-07-09,H24,108,18:00,2025-07-08,24.0,6,245.3802037512902,251.82615025917056,6.445946507880359,0.0,147.0120738738308,10.263428879675757,34966.94349856304,0.0704612999999199,0.0,1,1,fallback_q80_q20,176;165;175;143;183;177;153;183;172;139;186;134;182;182;144;135;174;158;175;124;143;159;182;175;182;126;169;153;125;162,9.094947017729282e-13,4.547473508864641e-13,0.0,0,0,0
2025-07-10,H24,0,00:00,2025-07-09,24.0,6,55110.02993272667,0.0,0.0,0.0,0.0,0.0,55110.03409572666,0.037596200000052704,0.0,1,1,fallback_q80_q20,182;141;182;166;178;131;184;139;128;176;168;152;167;159;164;185;142;178;187;175;182;178;173;174;177;187;125;174;176;180,8.171241461241152e-13,7.958078640513122e-13,0.0,0,0,0
2025-07-10,H24,36,06:00,2025-07-09,24.0,6,5924.40183952526,6075.428992638397,151.02715311313764,0.0,4989.492472520664,652.9212398789945,16345.427804832281,0.0458042000000205,0.0,1,1,fallback_q80_q20,131;170;146;150;165;141;185;174;132;133;177;187;175;155;171;124;165;159;173;176;178;181;183;165;172;157;182;178;170;161,9.094947017729282e-13,2.5579538487363607e-13,0.0,0,0,0
2025-07-10,H24,72,12:00,2025-07-09,24.0,6,775.8203884887317,1429.8672330589322,654.0468445702005,0.0,810.5161156878366,2797.051790168105,17471.10752920652,0.04484719999993558,0.0,1,1,fallback_q80_q20,183;187;182;186;125;182;133;187;175;183;153;155;183;170;170;144;180;168;133;169;168;184;181;164;177;153;134;158;138;181,9.094947017729282e-13,2.2737367544323206e-13,0.0,0,0,0
2025-07-10,H24,108,18:00,2025-07-09,24.0,6,87.5273843707612,144.7707927806391,57.243408409877915,0.0,71.52308096996353,115.35635315034835,26305.817080190445,0.03668929999992088,0.0,1,1,fallback_q80_q20,166;144;162;175;143;180;180;139;180;162;187;154;187;187;182;182;186;155;133;139;134;146;180;167;186;172;167;155;179;128,1.0089706847793423e-12,9.094947017729282e-13,0.0,0,0,0
2025-07-11,H24,0,00:00,2025-07-10,24.0,6,41762.27741912381,0.0,0.0,0.0,0.0,0.0,41762.280853546945,0.039351600000031794,0.0,1,1,fallback_q80_q20,185;188;180;156;183;188;172;176;139;182;187;174;180;184;175;177;173;178;188;144;125;160;133;184;152;139;176;174;178;175,8.384404281969182e-13,9.094947017729282e-13,0.0,0,0,0
2025-07-11,H24,36,06:00,2025-07-10,24.0,6,1088.4422136624503,1757.2268879617682,668.7846742993178,0.0,982.2518055249479,2609.300796726361,11590.599084338886,0.03979730000003201,0.0,1,1,fallback_q80_q20,142;184;182;186;132;176;183;185;160;134;169;149;127;176;188;183;177;188;182;187;183;139;187;180;159;132;187;183;182;183,9.094947017729282e-13,2.2737367544323206e-13,0.0,0,0,0
2025-07-11,H24,72,12:00,2025-07-10,24.0,6,-2589.380717933552,0.0,2589.380717933552,0.0,0.0,6139.141441379788,11916.474129778422,0.041373599999928956,1.5264493370571177e-16,1,1,fallback_q80_q20,187;128;166;183;184;163;168;169;158;182;170;187;158;183;164;174;133;184;156;183;157;163;165;188;148;175;179;176;170;138,7.389644451905042e-13,9.094947017729282e-13,0.0,0,0,0
2025-07-11,H24,108,18:00,2025-07-10,24.0,6,-1944.760331302214,0.0,1944.760331302214,0.0,0.0,3877.459866602142,17477.397004174934,0.037626899999963825,0.0,1,1,fallback_q80_q20,164;175;166;156;184;184;153;188;142;171;163;188;183;172;163;145;160;147;174;141;150;167;180;175;141;162;167;179;179;173,1.0231815394945443e-12,1.2505552149377763e-12,0.0,0,0,0
2025-07-12,H24,0,00:00,2025-07-11,24.0,6,34388.35337286063,0.0,0.0,0.0,0.0,0.0,34388.35723895597,0.08298810000007961,0.0,1,1,fallback_q80_q20,176;183;166;130;153;186;171;187;138;182;129;140;150;134;176;171;159;158;176;175;136;152;178;123;147;172;151;167;165;151,1.3642420526593924e-12,1.8474111129762605e-12,0.0,0,0,0
2025-07-12,H24,36,06:00,2025-07-11,24.0,6,4530.71720524673,4609.397031370881,78.67982612415092,0.0,5846.813784637659,224.4640869515548,14078.451096312341,0.03766519999999218,0.0,1,1,fallback_q80_q20,156;178;176;147;157;174;166;152;151;173;186;188;189;188;136;179;159;183;174;186;151;158;139;185;142;143;170;176;188;165,9.094947017729282e-13,1.1368683772161603e-13,0.0,0,0,0
2025-07-12,H24,72,12:00,2025-07-11,24.0,6,-1068.3192943602885,0.0,1068.3192943602885,0.0,0.0,3489.514691917105,14831.122202721428,0.048039799999969546,0.0,1,1,fallback_q80_q20,145;130;158;180;182;134;145;174;140;180;144;158;182;154;186;189;172;149;161;188;178;163;161;147;182;172;130;172;165;186,1.8189894035458565e-12,2.2737367544323206e-13,0.0,0,0,0
2025-07-12,H24,108,18:00,2025-07-11,24.0,6,-725.888368614767,0.0,725.888368614767,0.0,0.0,1415.0263400146557,25606.06413617493,0.041427900000030604,0.0,1,1,fallback_q80_q20,189;122;183;123;165;148;185;179;178;185;177;140;187;157;144;168;149;169;188;172;186;157;145;164;184;183;147;170;178;162,9.094947017729282e-13,4.547473508864641e-13,0.0,0,0,0
2025-07-13,H24,0,00:00,2025-07-12,24.0,6,54794.78695416386,0.0,0.0,0.0,0.0,0.0,54794.79115041738,0.0363891000000649,0.0,1,1,fallback_q80_q20,135;137;151;176;179;158;181;122;149;136;167;172;129;187;172;145;159;177;140;166;190;130;177;171;146;179;171;181;182;183,9.094947017729282e-13,4.547473508864641e-13,0.0,0,0,0
2025-07-13,H24,36,06:00,2025-07-12,24.0,6,-2579.9944314501477,15.53852431791107,2595.532955768059,0.0,7.687564540151584,6816.099196094068,9377.335699677791,0.0430185000000165,0.0,1,1,fallback_q80_q20,142;163;153;185;173;179;190;182;155;171;180;141;159;162;147;161;166;137;184;152;158;184;178;159;186;178;164;179;178;144,9.094947017729282e-13,2.2737367544323206e-13,0.0,0,0,0
2025-07-13,H24,72,12:00,2025-07-12,24.0,6,5239.179797402639,5239.269021839805,0.08922443716493027,0.0,3767.3995960748202,0.42007738778215753,26184.758563135132,0.03908220000005258,0.0,1,1,fallback_q80_q20,169;159;139;164;172;184;148;147;186;165;158;136;148;122;181;189;171;161;173;145;186;184;184;186;145;181;186;158;141;179,8.881784197001252e-13,2.2737367544323206e-13,0.0,0,0,0
2025-07-13,H24,108,18:00,2025-07-12,24.0,6,2123.6871213472573,2123.6871213472573,0.0,0.0,1170.7173563326928,0.0,38811.63802322586,0.015616700000009587,1.874684497940878e-16,1,1,fallback_q80_q20,179;177;151;161;189;183;149;143;189;177;176;185;188;190;158;176;144;161;151;137;170;171;184;144;162;179;123;179;190;143,9.094947017729282e-13,7.958078640513122e-13,0.0,0,0,0
2025-07-14,H24,0,00:00,2025-07-13,24.0,6,57093.28607086443,0.0,0.0,0.0,0.0,0.0,57093.29011319776,0.01422909999996591,0.0,1,1,fallback_q80_q20,142;178;147;181;188;154;131;172;187;157;159;180;187;189;176;163;168;173;176;179;144;191;135;169;183;160;164;191;187;162,8.455458555545192e-13,6.821210263296962e-13,0.0,0,0,0
2025-07-14,H24,36,06:00,2025-07-13,24.0,6,-585.6670764129103,618.8073280684355,1204.4744044813458,0.0,509.8040727661085,4003.3472235987692,11322.141576785958,0.04763099999991027,0.0,1,1,fallback_q80_q20,159;140;154;175;187;182;139;165;181;188;184;163;184;190;190;149;154;189;145;188;185;176;189;172;188;187;178;150;170;177,9.094947017729282e-13,2.2737367544323206e-13,0.0,0,0,0
2025-07-14,H24,72,12:00,2025-07-13,24.0,6,513.5389872286196,1111.7341941599723,598.1952069313527,0.0,840.256421938739,2369.3368945215625,14761.695051770246,0.041472099999964485,0.0,1,1,fallback_q80_q20,186;188;179;153;188;153;162;188;170;191;166;172;157;134;176;167;189;189;175;188;188;190;170;187;169;176;191;191;191;131,9.094947017729282e-13,2.2737367544323206e-13,0.0,0,0,0
2025-07-14,H24,108,18:00,2025-07-13,24.0,6,113.13860090470068,126.1357468502113,12.99714594551062,0.0,68.07063662525036,51.61681402620093,35833.60874444899,0.03127740000002177,0.0,1,1,fallback_q80_q20,180;184;175;188;169;145;178;177;177;188;191;191;177;184;191;171;190;134;168;190;186;143;170;180;188;160;168;191;181;185,8.526512829121202e-13,2.2737367544323206e-13,0.0,0,0,0
2025-07-15,H24,0,00:00,2025-07-14,24.0,6,57092.73916145555,0.0,0.0,0.0,0.0,0.0,57092.74320378889,0.014967400000045927,0.0,1,1,fallback_q80_q20,147;145;177;183;161;180;192;185;185;163;139;145;180;173;189;169;192;134;140;173;151;184;174;177;169;150;160;191;160;179,7.815970093361102e-13,9.094947017729282e-13,0.0,0,0,0
2025-07-15,H24,36,06:00,2025-07-14,24.0,6,-1553.453576064263,403.2909858949466,1956.7445619592095,0.0,238.68446356575032,5922.263163674115,10057.405274522642,0.04128420000006372,0.0,1,1,fallback_q80_q20,192;145;167;175;134;160;176;182;164;147;163;153;192;162;174;166;172;182;150;164;168;190;175;164;156;135;191;170;179;164,9.094947017729282e-13,2.2737367544323206e-13,0.0,0,0,0
2025-07-15,H24,72,12:00,2025-07-14,24.0,6,2060.9268324008403,2488.410812813887,427.48398041304654,0.0,1975.214195995884,1691.654623741144,19430.941532553297,0.04058629999997265,0.0,1,1,fallback_q80_q20,180;169;172;169;190;188;191;191;178;150;187;189;172;189;166;175;187;135;161;155;141;173;190;178;192;172;186;190;177;191,8.970602038971265e-13,3.410605131648481e-13,0.0,0,0,0
2025-07-15,H24,108,18:00,2025-07-14,24.0,6,35.408087897119884,74.82686987727824,39.41878198015836,0.0,36.93535721490434,68.23600823399681,26496.0745908995,0.04284359999996923,0.0,1,1,fallback_q80_q20,188;159;182;131;160;143;158;148;189;160;158;189;175;176;177;180;134;158;184;167;185;189;168;141;190;187;172;187;142;155,1.8189894035458565e-12,3.410605131648481e-13,0.0,0,0,0
2025-07-16,H24,0,00:00,2025-07-15,24.0,6,56049.96291090479,0.0,0.0,0.0,0.0,0.0,56049.96690048531,0.04058509999993021,0.0,1,1,fallback_q80_q20,133;183;190;157;170;184;155;169;163;192;189;160;163;169;182;147;186;187;167;140;164;153;164;160;191;147;175;162;189;140,9.094947017729282e-13,4.547473508864641e-13,0.0,0,0,0
2025-07-16,H24,36,06:00,2025-07-15,24.0,6,1334.5373264286193,1339.732856458346,5.195530029726795,0.0,1218.4926931202986,24.615294705031715,13410.356704112963,0.03949399999999059,0.0,1,1,fallback_q80_q20,190;183;167;182;165;180;154;183;170;156;147;162;181;179;179;169;180;161;192;193;180;177;182;175;133;150;169;175;165;140,8.952838470577262e-13,2.2737367544323206e-13,0.0,0,0,0
2025-07-16,H24,72,12:00,2025-07-15,24.0,6,2445.07611114369,2963.966123606678,518.8900124629882,0.0,2523.5785005328203,2237.4514943270524,24311.955381959404,0.043655100000023594,0.0,1,1,fallback_q80_q20,164;183;175;193;138;193;183;160;172;169;192;148;182;181;191;192;191;156;145;146;191;172;161;182;140;186;192;173;150;144,8.57980353430321e-13,2.2737367544323206e-13,0.0,0,0,0
2025-07-16,H24,108,18:00,2025-07-15,24.0,6,131.0185783231081,220.52059744212903,89.50201911902094,0.0,108.71850005450051,158.07478206932342,37138.98530718466,0.033469000000081905,0.0,1,1,fallback_q80_q20,177;177;135;180;138;161;191;140;134;193;185;162;179;135;184;171;162;150;187;159;187;140;171;139;181;190;141;178;162;176,9.094947017729282e-13,1.0231815394945443e-12,0.0,0,0,0
2025-07-17,H24,0,00:00,2025-07-16,24.0,6,55065.180830861005,0.0,0.0,0.0,0.0,0.0,55065.1847989467,0.0350912999999764,0.0,1,1,fallback_q80_q20,150;187;194;167;158;179;191;160;184;190;194;185;194;169;166;187;168;157;178;193;176;138;155;155;161;191;153;148;131;184,1.0231815394945443e-12,1.3642420526593924e-12,0.0,0,0,0
2025-07-17,H24,36,06:00,2025-07-16,24.0,6,4001.005713560592,4084.4963862990244,83.49067273843232,0.0,3551.8554120284143,254.60057985942103,14121.221044639362,0.04377560000000358,0.0,1,1,fallback_q80_q20,152;186;166;194;169;187;194;185;188;163;135;191;152;156;189;191;158;187;190;140;191;149;192;191;171;175;180;138;184;149,9.094947017729282e-13,2.2737367544323206e-13,0.0,0,0,0
2025-07-17,H24,72,12:00,2025-07-16,24.0,6,-1372.1995726869322,6.985156027747863,1379.1847287146802,0.0,3.4581692300350824,4265.487682674024,11938.755888027188,0.04347269999993841,0.0,1,1,fallback_q80_q20,189;166;167;168;175;183;186;192;191;169;166;156;188;194;177;160;189;191;132;166;155;158;190;191;148;156;190;162;150;177,8.846257060213247e-13,2.2737367544323206e-13,0.0,0,0,0
2025-07-17,H24,108,18:00,2025-07-16,24.0,6,1464.8993404677321,1464.8993404677321,0.0,0.0,800.0589038192771,0.0,24515.324357467238,0.04484000000002197,0.0,1,1,fallback_q80_q20,146;184;171;177;148;190;152;131;166;159;168;189;161;193;146;189;177;186;158;169;194;193;180;154;187;174;168;192;141;190,9.094947017729282e-13,4.547473508864641e-13,0.0,0,0,0
2025-07-18,H24,0,00:00,2025-07-17,24.0,6,43164.18720325608,0.0,0.0,0.0,0.0,0.0,43164.19076561171,0.05358010000009017,0.0,1,1,fallback_q80_q20,172;176;194;187;162;172;192;168;187;191;148;170;176;189;188;192;160;186;188;162;181;193;176;177;194;170;139;185;141;155,8.526512829121202e-13,5.684341886080801e-13,0.0,0,0,0
2025-07-18,H24,36,06:00,2025-07-17,24.0,6,-2403.5039769263517,0.0,2403.5039769263517,0.0,0.0,6687.217520779685,7361.654360466976,0.05428859999994984,0.0,1,1,fallback_q80_q20,188;165;180;135;188;168;146;191;195;175;195;165;170;174;192;174;161;175;189;160;178;171;184;190;170;153;183;185;149;178,9.094947017729282e-13,1.1368683772161603e-13,0.0,0,0,0
2025-07-18,H24,72,12:00,2025-07-17,24.0,6,-699.2066918590385,408.11460145647715,1107.3212933155157,0.0,226.4250384976475,3404.740163579574,8736.215606574564,0.034768000000099164,0.0,1,1,fallback_q80_q20,154;150;190;162;177;186;176;138;194;193;187;183;182;194;155;190;192;181;195;187;175;194;163;189;184;141;174;183;173;188,9.663381206337363e-13,1.4210854715202004e-13,0.0,0,0,0
2025-07-18,H24,108,18:00,2025-07-17,24.0,6,-2434.807745024249,0.0,2434.807745024249,0.0,0.0,4737.165891619735,11900.772035692564,0.03955949999999575,0.0,1,1,fallback_q80_q20,152;189;183;170;163;166;148;146;175;142;180;194;146;192;161;187;188;184;170;166;142;169;135;168;193;184;184;175;176;182,9.094947017729282e-13,1.5916157281026244e-12,0.0,0,0,0
2025-07-19,H24,0,00:00,2025-07-18,24.0,6,37797.74909305463,0.0,0.0,0.0,0.0,0.0,37797.7522900432,0.04226440000002185,0.0,1,1,fallback_q80_q20,174;188;184;186;172;180;158;196;170;176;159;176;193;195;191;151;193;145;142;193;185;154;194;136;178;194;186;168;170;177,8.739675649849232e-13,1.1368683772161603e-12,0.0,0,0,0
2025-07-19,H24,36,06:00,2025-07-18,24.0,6,-1017.0093404925187,702.1546748983665,1719.1640153908852,0.0,417.4341369442593,4473.255322297155,9649.511218903664,0.045295899999928224,0.0,1,1,fallback_q80_q20,179;168;177;181;187;168;136;151;191;151;184;192;183;156;172;151;157;169;144;195;192;172;175;136;154;153;178;167;158;168,9.094947017729282e-13,1.1368683772161603e-13,0.0,0,0,0
2025-07-19,H24,72,12:00,2025-07-18,24.0,6,-120.77835692416133,0.0,120.77835692416133,0.0,0.0,306.0825869598832,11798.813966027019,0.055071200000043063,0.0,1,1,fallback_q80_q20,182;160;143;161;137;184;179;186;148;189;188;152;196;129;183;172;161;164;156;172;188;182;194;193;157;177;174;185;186;165,1.8189894035458565e-12,2.2737367544323206e-13,0.0,0,0,0
2025-07-19,H24,108,18:00,2025-07-18,24.0,6,-683.6794989635263,0.0,683.6794989635263,0.0,0.0,1158.58645395705,25002.017080373098,0.041953499999976884,0.0,1,1,fallback_q80_q20,165;194;137;170;195;173;193;193;181;192;178;156;185;185;179;195;158;193;182;189;191;176;187;190;189;157;193;173;158;181,9.094947017729282e-13,4.547473508864641e-13,0.0,0,0,0
2025-07-20,H24,0,00:00,2025-07-19,24.0,6,48547.540971532624,0.0,0.0,0.0,0.0,0.0,48547.54486534784,0.034176400000092144,0.0,1,1,fallback_q80_q20,194;158;144;192;180;148;149;150;197;143;192;172;182;196;192;147;170;196;130;149;159;189;175;195;191;160;178;176;196;187,8.810729923425242e-13,1.2505552149377763e-12,0.0,0,0,0
2025-07-20,H24,36,06:00,2025-07-19,24.0,6,4136.731750098657,4215.824510723182,79.09276062452491,0.0,3400.7907688665664,351.02314135590314,15862.001976658948,0.04185649999999441,0.0,1,1,fallback_q80_q20,189;148;166;185;197;168;184;169;179;192;181;129;159;169;193;197;187;171;183;146;171;189;192;191;192;186;150;168;179;186,8.739675649849232e-13,2.2737367544323206e-13,0.0,0,0,0
2025-07-20,H24,72,12:00,2025-07-19,24.0,6,2216.832224322902,2677.445594802008,460.61337047910575,0.0,1725.1410256264553,1764.1041272075956,19296.047783870235,0.040962100000001556,0.0,1,1,fallback_q80_q20,153;155;159;153;148;157;194;129;153;193;195;145;148;137;179;189;149;152;136;147;146;147;197;155;175;192;129;180;192;179,8.775202786637237e-13,2.2737367544323206e-13,0.0,0,0,0
2025-07-20,H24,108,18:00,2025-07-19,24.0,6,3540.157304293015,3540.157304293015,0.0,0.0,1904.0080990498986,0.0,32808.31079218359,0.038734499999918626,0.0,1,1,fallback_q80_q20,182;176;137;182;194;142;144;160;195;190;187;171;137;194;156;170;186;158;148;146;170;183;183;197;158;182;189;176;158;163,8.171241461241152e-13,4.547473508864641e-13,0.0,0,0,0
2025-07-21,H24,0,00:00,2025-07-20,24.0,6,58449.27187694349,0.0,0.0,0.0,0.0,0.0,58449.27594580486,0.03772619999995186,0.0,1,1,fallback_q80_q20,164;198;174;181;176;190;168;192;175;148;159;140;193;177;183;184;198;141;190;153;161;139;158;150;191;197;198;182;189;195,7.389644451905042e-13,5.684341886080801e-13,0.0,0,0,0
2025-07-21,H24,36,06:00,2025-07-20,24.0,6,-2180.807200093006,13.227792490476006,2194.034992583482,0.0,6.548147637276315,6133.300207903727,9285.36342760726,0.04722049999998035,0.0,1,1,fallback_q80_q20,175;170;177;188;192;174;188;154;192;169;186;170;161;177;180;146;198;177;173;197;182;176;191;189;189;171;190;169;156;192,9.094947017729282e-13,2.2737367544323206e-13,0.0,0,0,0
2025-07-21,H24,72,12:00,2025-07-20,24.0,6,3824.1457201499975,4348.221067853462,524.0753477034647,0.0,3466.1826812276868,2133.244829529713,23155.600045497446,0.043434799999999996,0.0,1,1,fallback_q80_q20,170;149;140;150;177;193;192;193;183;197;178;141;153;180;138;177;180;170;140;197;194;194;135;189;168;184;174;195;170;182,9.094947017729282e-13,2.2737367544323206e-13,0.0,0,0,0
2025-07-21,H24,108,18:00,2025-07-20,24.0,6,395.3894163471255,480.37247747283266,84.98306112570712,0.0,271.2513999842331,135.81895015291957,25792.802622980966,0.040561700000012024,0.0,1,1,fallback_q80_q20,184;180;179;155;160;192;161;135;139;161;188;180;181;188;175;198;198;172;177;196;140;184;163;173;179;198;181;198;166;187,7.958078640513122e-13,6.821210263296962e-13,0.0,0,0,0
2025-07-22,H24,0,00:00,2025-07-21,24.0,6,58150.08163423115,0.0,0.0,0.0,0.0,0.0,58150.085886756984,0.03962590000003274,0.0,1,1,fallback_q80_q20,196;186;180;197;168;165;151;197;152;161;191;182;198;183;181;195;155;194;177;159;145;188;194;199;156;185;197;148;197;138,1.0231815394945443e-12,5.684341886080801e-13,0.0,0,0,0
2025-07-22,H24,36,06:00,2025-07-21,24.0,6,5642.619268023264,5838.738872201483,196.1196041782185,0.0,6185.137537126747,609.5207128587354,17329.541695832526,0.0429149999999936,0.0,1,1,fallback_q80_q20,149;189;139;147;199;198;196;198;194;175;198;199;193;168;195;195;185;184;184;190;138;173;157;173;159;151;176;178;148;186,9.094947017729282e-13,2.2737367544323206e-13,0.0,0,0,0
2025-07-22,H24,72,12:00,2025-07-21,24.0,6,-2547.0454392460906,34.408981897334556,2581.454421143425,0.0,16.98984889604401,8229.543912631607,14430.459364556094,0.04593719999991208,0.0,1,1,fallback_q80_q20,171;189;199;157;163;173;156;198;196;193;197;173;153;189;186;188;195;198;149;156;193;183;191;197;149;169;178;198;194;190,9.094947017729282e-13,2.2737367544323206e-13,0.0,0,0,0
2025-07-22,H24,108,18:00,2025-07-21,24.0,6,1835.3686872654162,1835.3686872654162,0.0,0.0,1015.3315047568213,0.0,34513.36712720805,0.04267040000001998,0.0,1,1,fallback_q80_q20,188;185;182;187;187;190;182;180;171;153;196;198;192;199;156;196;187;197;198;182;153;198;197;182;138;191;157;191;197;198,9.094947017729282e-13,9.094947017729282e-13,0.0,0,0,0
2025-07-23,H24,0,00:00,2025-07-22,24.0,6,60840.015347873516,0.0,0.0,0.0,0.0,0.0,60840.01975363696,0.03315989999998692,0.0,1,1,fallback_q80_q20,159;167;199;194;172;184;167;194;192;194;177;173;141;169;192;155;195;194;169;198;193;164;190;197;166;198;184;200;140;159,7.958078640513122e-13,1.3642420526593924e-12,0.0,0,0,0
2025-07-23,H24,36,06:00,2025-07-22,24.0,6,-278.13919826974984,1662.269984707783,1940.4091829775327,0.0,972.280613671134,5277.0806822007635,11475.34543259922,0.036282899999946494,0.0,1,1,fallback_q80_q20,183;195;191;200;164;172;183;148;151;186;184;155;197;176;195;196;184;190;197;190;171;191;189;164;156;199;165;164;182;156,7.389644451905042e-13,2.2737367544323206e-13,0.0,0,0,0
2025-07-23,H24,72,12:00,2025-07-22,24.0,6,-809.6509516953981,83.10857590123145,892.7595275966296,0.0,44.009848825378185,3296.875033587275,16743.805732397614,0.06848170000000664,0.0,1,1,fallback_q80_q20,139;197;166;194;148;183;188;195;194;168;173;180;168;165;174;181;175;194;177;173;155;185;181;194;169;160;162;187;190;195,9.094947017729282e-13,2.2737367544323206e-13,0.0,0,0,0
2025-07-23,H24,108,18:00,2025-07-22,24.0,6,12.705727314174283,120.03554825182376,107.32982093764947,0.0,59.37149221375353,188.06484712615895,40510.733131559085,0.032773899999938294,0.0,1,1,fallback_q80_q20,180;194;163;198;163;187;196;194;147;176;148;172;188;152;194;196;184;197;198;196;146;158;156;182;199;182;197;197;164;168,9.094947017729282e-13,2.7284841053187847e-12,0.0,0,0,0
2025-07-24,H24,0,00:00,2025-07-23,24.0,6,63152.93911550105,0.0,0.0,0.0,0.0,0.0,63152.94361840183,0.0355562000000873,0.0,1,1,fallback_q80_q20,200;157;167;152;197;157;189;142;148;167;170;199;198;185;183;163;164;155;161;180;191;172;195;195;201;195;187;164;193;162,9.094947017729282e-13,1.3642420526593924e-12,0.0,0,0,0
2025-07-24,H24,36,06:00,2025-07-23,24.0,6,-2419.01395038685,89.73717624343277,2508.7511266302827,0.0,44.49249825374204,7146.820705892969,7562.396664604859,0.03751390000002175,0.0,1,1,fallback_q80_q20,188;139;184;184;153;183;166;138;162;147;166;165;201;201;165;187;164;170;180;166;197;184;175;162;187;198;197;191;152;196,9.094947017729282e-13,2.2737367544323206e-13,0.0,0,0,0
2025-07-24,H24,72,12:00,2025-07-23,24.0,6,-494.6369989148543,326.9363997027642,821.5733986176185,0.0,167.59120751115154,3000.636924793517,10445.58049688222,0.04046829999992951,0.0,1,1,fallback_q80_q20,189;193;155;183;174;145;199;177;192;180;148;189;159;195;182;178;147;189;191;193;177;201;187;198;190;142;148;187;191;162,1.0231815394945443e-12,2.2737367544323206e-13,0.0,0,0,0
2025-07-24,H24,108,18:00,2025-07-23,24.0,6,251.43658245429515,251.43658245429515,0.0,0.0,161.1743019626557,0.0,16700.617916287134,0.07324849999997696,0.0,1,1,fallback_q80_q20,148;190;198;182;166;194;181;178;171;181;200;195;201;148;184;153;156;176;184;177;196;184;174;175;146;164;159;181;198;198,1.1368683772161603e-12,2.7284841053187847e-12,0.0,0,0,0
2025-07-25,H24,0,00:00,2025-07-24,24.0,6,38519.28710646117,0.0,0.0,0.0,0.0,0.0,38519.29059829873,0.03718109999999797,0.0,1,1,fallback_q80_q20,189;181;195;187;180;201;195;199;175;176;192;142;164;202;158;156;198;182;166;181;201;196;176;170;158;158;180;182;152;146,8.242295734817162e-13,6.821210263296962e-13,0.0,0,0,0
2025-07-25,H24,36,06:00,2025-07-24,24.0,6,915.4115675567991,983.6135876249587,68.20202006815954,0.0,1426.5301853224616,185.6223052733161,10102.44997564273,0.048034000000029664,0.0,1,1,fallback_q80_q20,181;141;157;194;190;201;191;155;196;183;170;196;187;192;140;148;202;139;195;199;185;195;186;169;192;155;184;200;189;178,9.094947017729282e-13,2.2737367544323206e-13,0.0,0,0,0
2025-07-25,H24,72,12:00,2025-07-24,24.0,6,-1782.240956111569,0.0,1782.240956111569,0.0,0.0,4674.279936303668,13115.02035165452,0.01488870000002862,1.5312524319692206e-07,1,1,fallback_q80_q20,187;182;157;152;197;140;191;172;202;194;139;142;177;153;177;162;201;197;158;152;196;149;186;195;157;170;188;179;158;171,7.958078640513122e-13,1.0231815394945443e-12,0.0,0,0,0
2025-07-25,H24,108,18:00,2025-07-24,24.0,6,-1953.8046996148037,0.0,1953.8046996148037,0.0,0.0,3879.126670347816,12270.352448817233,0.03626279999991766,0.0,1,1,fallback_q80_q20,187;163;192;191;172;173;196;197;177;198;160;180;174;194;196;166;155;196;200;197;191;202;182;147;201;156;165;186;167;182,9.094947017729282e-13,4.547473508864641e-13,0.0,0,0,0
2025-07-26,H24,0,00:00,2025-07-25,24.0,6,34804.13409612141,0.0,0.0,0.0,0.0,0.0,34804.137203559934,0.036814899999967565,0.0,1,1,fallback_q80_q20,203;172;160;203;165;165;164;194;152;169;155;203;159;184;200;192;192;178;186;198;203;198;193;199;200;149;185;195;199;193,9.094947017729282e-13,1.1368683772161603e-12,0.0,0,0,0
2025-07-26,H24,36,06:00,2025-07-25,24.0,6,-690.3302622593978,0.0,690.3302622593978,0.0,0.0,1690.7235127863182,10436.854280090805,0.05450509999991482,0.0,1,1,fallback_q80_q20,195;200;178;194;191;198;148;197;203;199;199;174;203;137;164;186;198;182;203;185;195;203;197;198;185;191;186;203;200;197,1.8189894035458565e-12,1.4210854715202004e-13,0.0,0,0,0
2025-07-26,H24,72,12:00,2025-07-25,24.0,6,-236.1622321293677,0.0,236.1622321293677,0.0,0.0,591.2458317117241,24802.0734352462,0.05108040000004621,0.0,1,1,fallback_q80_q20,193;188;170;158;180;177;194;182;201;192;178;192;182;179;201;148;180;190;171;157;200;193;199;191;203;199;197;156;176;194,8.526512829121202e-13,1.1368683772161603e-13,0.0,0,0,0
2025-07-26,H24,108,18:00,2025-07-25,24.0,6,-478.5075095757221,0.0,478.5075095757221,0.0,0.0,839.942509550446,22808.452155938598,0.04142879999994875,0.0,1,1,fallback_q80_q20,202;156;198;162;193;171;185;185;200;149;151;200;184;160;176;199;171;185;163;163;203;151;200;161;183;202;176;202;157;152,1.0231815394945443e-12,4.547473508864641e-13,0.0,0,0,0
2025-07-27,H24,0,00:00,2025-07-26,24.0,6,49540.69531426497,0.0,0.0,0.0,0.0,0.0,49540.69922874506,0.032637000000022454,0.0,1,1,fallback_q80_q20,200;191;200;186;197;186;158;178;180;162;164;199;178;153;190;156;137;178;196;198;160;201;176;198;154;198;175;203;173;150,8.171241461241152e-13,6.821210263296962e-13,0.0,0,0,0
2025-07-27,H24,36,06:00,2025-07-26,24.0,6,1276.159928795328,2071.716853639891,795.5569248445629,0.0,1500.4827185840004,2521.657683795645,12764.975720700999,0.04238829999997051,0.0,1,1,fallback_q80_q20,203;186;197;163;196;191;189;193;199;162;160;196;182;196;190;172;199;175;196;171;168;172;199;136;143;167;199;149;181;192,9.094947017729282e-13,2.2737367544323206e-13,0.0,0,0,0
2025-07-27,H24,72,12:00,2025-07-26,24.0,6,5691.805408219643,5692.200250853507,0.39484263386407725,0.0,4422.096463289796,1.8467850040415215,25149.227034765434,0.04079119999994418,0.0,1,1,fallback_q80_q20,194;165;161;168;200;200;187;190;190;200;163;192;156;183;182;198;196;182;178;173;160;153;196;168;199;190;201;180;186;197,9.094947017729282e-13,2.2737367544323206e-13,0.0,0,0,0
2025-07-27,H24,108,18:00,2025-07-26,24.0,6,2607.046465952821,2607.046465952821,0.0,0.0,1386.3253415201789,0.0,36796.11322449979,0.036035900000001675,0.0,1,1,fallback_q80_q20,191;180;171;202;171;193;136;183;144;149;159;157;168;144;152;149;154;199;201;172;171;202;196;199;194;185;170;190;155;203,8.100187187665142e-13,2.2737367544323206e-13,0.0,0,0,0
2025-07-28,H24,0,00:00,2025-07-27,24.0,6,56626.58578546795,0.0,0.0,0.0,0.0,0.0,56626.58992948755,0.03486529999997856,0.0,1,1,fallback_q80_q20,181;196;179;205;203;162;199;189;184;167;146;195;157;166;184;184;155;163;168;197;188;173;192;165;159;185;195;184;192;179,7.389644451905042e-13,5.684341886080801e-13,0.0,0,0,0
2025-07-28,H24,36,06:00,2025-07-27,24.0,6,5156.984999788766,5188.855904927927,31.87090513916145,0.0,4399.327078058666,142.64924992634496,16567.878478039667,0.03786600000000817,0.0,1,1,fallback_q80_q20,179;195;199;202;198;201;198;175;142;204;173;202;204;187;205;202;191;185;201;204;154;201;157;197;156;165;158;183;203;189,9.094947017729282e-13,2.2737367544323206e-13,0.0,0,0,0
2025-07-28,H24,72,12:00,2025-07-27,24.0,6,606.7599941785375,1359.9274109809785,753.167416802441,0.0,717.9188486444042,2851.025479670658,18761.051440734373,0.045006700000044475,0.0,1,1,fallback_q80_q20,178;196;194;204;173;157;192;170;183;193;181;176;167;173;163;162;202;198;205;155;182;203;198;187;146;167;187;182;147;195,9.094947017729282e-13,2.2737367544323206e-13,0.0,0,0,0
2025-07-28,H24,108,18:00,2025-07-27,24.0,6,871.4759142919938,871.4759142919938,0.0,0.0,510.78262723663056,0.0,44558.731885690904,0.02696779999996579,0.0,1,1,fallback_q80_q20,201;152;199;194;194;183;205;204;197;193;147;158;165;198;154;183;188;175;188;176;160;188;200;185;153;182;204;190;164;204,9.094947017729282e-13,6.821210263296962e-13,0.0,0,0,0
2025-07-29,H24,0,00:00,2025-07-28,24.0,6,55594.13088097239,0.0,0.0,0.0,0.0,0.0,55594.13487832473,0.03633009999998649,0.0,1,1,fallback_q80_q20,187;171;176;157;200;178;182;202;146;184;196;199;149;204;179;206;169;204;188;148;181;189;180;197;194;153;192;205;176;198,9.094947017729282e-13,3.410605131648481e-13,0.0,0,0,0
2025-07-29,H24,36,06:00,2025-07-28,24.0,6,3849.0046538298666,3940.5331265624372,91.52847273257044,0.0,4217.432451669165,264.8387597026383,15444.579773823878,0.04316110000002027,0.0,1,1,fallback_q80_q20,187;190;199;188;206;157;180;204;194;205;189;205;202;183;161;202;152;201;173;189;173;198;159;193;206;203;171;146;184;197,9.094947017729282e-13,2.2737367544323206e-13,0.0,0,0,0
2025-07-29,H24,72,12:00,2025-07-28,24.0,6,496.44761751513977,1205.2706804369227,708.8230629217829,0.0,995.9448893557446,2956.8291076440364,16925.61011199915,0.043186999999988984,0.0,1,1,fallback_q80_q20,195;203;156;195;167;205;192;200;197;202;189;197;202;167;192;206;193;203;204;197;205;188;182;196;176;176;192;186;190;166,9.094947017729282e-13,3.410605131648481e-13,0.0,0,0,0
2025-07-29,H24,108,18:00,2025-07-28,24.0,6,279.3964896502717,294.147405082309,14.750915432037313,0.0,184.59149815840829,69.85632274659861,28991.87456506473,0.04306269999995038,0.0,1,1,fallback_q80_q20,193;194;205;205;160;195;194;194;190;181;194;183;193;163;177;194;155;162;148;192;182;206;204;190;205;174;195;189;166;147,2.424727085781342e-12,3.410605131648481e-13,0.0,0,0,0
2025-07-30,H24,0,00:00,2025-07-29,24.0,6,52004.08084281423,0.0,0.0,0.0,0.0,0.0,52004.0847416123,0.03757230000007894,0.0,1,1,fallback_q80_q20,148;171;203;154;200;184;194;197;203;197;149;152;145;198;149;184;154;160;176;193;190;187;156;159;195;185;204;194;195;201,7.673861546209082e-13,6.821210263296962e-13,0.0,0,0,0
2025-07-30,H24,36,06:00,2025-07-29,24.0,6,9194.454663234525,9259.33332639351,64.87866315898434,0.0,9292.190448808906,169.9186278065804,20899.755432643975,0.041207299999996394,0.0,1,1,fallback_q80_q20,168;202;184;152;159;198;204;154;189;156;196;185;198;176;201;155;188;201;205;192;185;198;173;156;168;205;160;152;174;148,9.094947017729282e-13,2.2737367544323206e-13,0.0,0,0,0
2025-07-30,H24,72,12:00,2025-07-29,24.0,6,1660.3050480630668,2333.815079050305,673.5100309872382,0.0,1826.5536791314876,2811.5571103947304,17489.48265245873,0.04449259999989863,0.0,1,1,fallback_q80_q20,194;197;174;189;203;205;181;203;154;202;159;188;200;158;160;191;203;202;205;202;191;207;197;186;168;160;186;190;191;145,9.094947017729282e-13,2.2737367544323206e-13,0.0,0,0,0
2025-07-30,H24,108,18:00,2025-07-29,24.0,6,1000.3254509872219,1007.6121841699999,7.286733182778017,0.0,556.2841034661406,34.46836560183738,40579.42817940444,0.03803640000000996,0.0,1,1,fallback_q80_q20,165;188;165;175;205;187;203;180;167;195;201;189;201;163;155;204;199;197;177;186;191;168;192;200;177;193;200;194;204;171,7.958078640513122e-13,2.2737367544323206e-13,0.0,0,0,0
2025-07-31,H24,0,00:00,2025-07-30,24.0,6,53714.27527047567,0.0,0.0,0.0,0.0,0.0,53714.279321206675,0.055316899999979796,0.0,1,1,fallback_q80_q20,156;183;198;160;203;175;163;201;193;205;182;201;152;167;202;195;197;175;154;175;191;171;173;160;198;198;194;149;175;196,1.0231815394945443e-12,7.958078640513122e-13,0.0,0,0,0
2025-07-31,H24,36,06:00,2025-07-30,24.0,6,4968.922638799474,5001.972040117438,33.04940131796391,0.0,4470.540647369228,143.52804547409914,14947.433203817283,0.04613979999999174,0.0,1,1,fallback_q80_q20,203;159;173;184;196;145;194;208;197;175;201;200;178;197;200;177;181;170;196;187;207;185;189;208;194;156;194;154;194;178,7.958078640513122e-13,2.2737367544323206e-13,0.0,0,0,0
2025-07-31,H24,72,12:00,2025-07-30,24.0,6,572.5499056172875,1286.1539365015171,713.6040308842296,0.0,1096.6950349423823,2929.3401919261114,8225.310534918553,0.04758320000007643,0.0,1,1,fallback_q80_q20,191;175;208;196;201;208;204;190;208;183;194;205;177;175;197;202;206;167;186;191;207;167;208;188;198;203;196;201;175;196,9.094947017729282e-13,2.2737367544323206e-13,0.0,0,0,0
2025-07-31,H24,108,18:00,2025-07-30,24.0,6,1032.2198639607682,1035.0032404396318,2.7833764788636337,0.0,568.5711102170858,7.16995486569715,18626.068276496528,0.03712359999997261,0.0,1,1,fallback_q80_q20,155;153;189;179;146;167;159;178;175;208;170;189;205;204;202;152;195;152;152;191;208;207;192;171;177;154;192;193;174;202,9.094947017729282e-13,6.821210263296962e-13,0.0,0,0,0
2025-08-01,H24,0,00:00,2025-07-31,24.0,6,36059.47781560563,0.0,0.0,0.0,0.0,0.0,36059.48153224574,0.03145599999993465,0.0,1,1,fallback_q80_q20,164;206;209;193;201;199;201;176;196;195;208;197;203;172;190;205;153;174;164;192;175;183;181;195;196;196;208;193;209;146,8.526512829121202e-13,2.2737367544323206e-13,0.0,0,0,0
2025-08-01,H24,36,06:00,2025-07-31,24.0,6,-1290.3727636914136,0.0,1290.3727636914136,0.0,0.0,3021.6357039047916,6810.158270405478,0.03977660000009564,0.0,1,1,fallback_q80_q20,199;208;196;168;173;201;203;160;203;197;204;148;198;186;209;199;203;167;199;208;172;209;209;195;189;197;208;203;162;152,3.637978807091713e-12,1.4210854715202004e-13,0.0,0,0,0
2025-08-01,H24,72,12:00,2025-07-31,24.0,6,-1428.4775135172188,0.0,1428.4775135172188,0.0,0.0,3059.452614401641,5616.5789050497415,0.04091110000001663,0.0,1,1,fallback_q80_q20,209;205;205;209;190;209;184;174;209;191;203;191;204;191;200;191;207;147;201;206;194;164;201;198;197;171;187;198;148;173,1.0231815394945443e-12,1.1368683772161603e-13,0.0,0,0,0
2025-08-01,H24,108,18:00,2025-07-31,24.0,6,-864.1975950079925,0.0,864.1975950079925,0.0,0.0,1616.648474770407,10592.105661975093,0.04041019999999662,0.0,1,1,fallback_q80_q20,209;207;209;204;205;184;168;204;209;205;205;175;209;183;154;168;184;191;209;172;192;205;206;186;190;176;179;196;164;208,4.320099833421409e-12,1.4779288903810084e-12,0.0,0,0,0
2025-08-02,H24,0,00:00,2025-08-01,24.0,6,34679.27576626757,0.0,0.0,0.0,0.0,0.0,34679.27898196948,0.038287499999910324,0.0,1,1,fallback_q80_q20,159;209;176;208;206;189;191;158;203;183;179;185;201;165;163;207;178;209;193;169;205;197;183;162;196;202;185;209;203;143,9.094947017729282e-13,1.1368683772161603e-12,0.0,0,0,0
2025-08-02,H24,36,06:00,2025-08-01,24.0,6,-1480.0618751267668,0.0,1480.0618751267668,0.0,0.0,3616.896526034965,9247.172498258664,0.0342855999999756,0.0,1,1,fallback_q80_q20,180;172;203;186;162;175;206;206;197;205;167;205;209;208;196;150;200;199;155;165;180;171;172;187;209;171;176;205;199;189,9.094947017729282e-13,1.4210854715202004e-13,0.0,0,0,0
2025-08-02,H24,72,12:00,2025-08-01,24.0,6,-0.4254880252450022,65.10134937320827,65.52683739845327,0.0,50.13875590323943,167.76498747290196,12973.954419375197,0.04802280000001247,0.0,1,1,fallback_q80_q20,201;171;172;173;179;169;184;182;167;195;208;155;189;185;168;210;184;190;171;204;193;196;190;205;187;187;159;199;164;200,1.0231815394945443e-12,2.2737367544323206e-13,0.0,0,0,0
2025-08-02,H24,108,18:00,2025-08-01,24.0,6,-700.9903257300542,0.0,700.9903257300542,0.0,0.0,1326.510312281889,20908.19938938868,0.037547900000049594,0.0,1,1,fallback_q80_q20,194;185;191;210;182;201;160;204;210;193;195;176;200;160;186;208;201;208;200;184;172;205;199;200;206;191;203;209;209;196,1.0231815394945443e-12,7.958078640513122e-13,0.0,0,0,0
2025-08-03,H24,0,00:00,2025-08-02,24.0,6,43604.52468395232,0.0,0.0,0.0,0.0,0.0,43604.528339068536,0.03736170000001948,0.0,1,1,fallback_q80_q20,206;175;200;156;196;179;185;204;205;207;210;200;209;193;164;188;164;164;179;195;172;200;210;187;187;172;192;204;194;168,7.673861546209082e-13,5.684341886080801e-13,0.0,0,0,0
2025-08-03,H24,36,06:00,2025-08-02,24.0,6,4434.026043334454,4493.79579719168,59.76975385722649,0.0,4800.2725724013635,163.65513891148692,15375.721089117775,0.04642230000001746,0.0,1,1,fallback_q80_q20,151;197;156;169;207;210;174;175;188;210;207;199;168;193;197;172;172;159;203;184;179;197;202;171;166;204;201;184;185;158,1.0231815394945443e-12,2.2737367544323206e-13,0.0,0,0,0
2025-08-03,H24,72,12:00,2025-08-02,24.0,6,-503.13034995649036,580.9526644103435,1084.0830143668338,0.0,319.30636070595835,3710.8385915461154,12924.209591347546,0.04195440000000872,0.0,1,1,fallback_q80_q20,176;201;192;197;185;209;178;188;202;203;207;201;209;159;177;199;151;163;185;159;194;158;202;190;202;211;203;172;197;188,9.094947017729282e-13,2.2737367544323206e-13,0.0,0,0,0
2025-08-03,H24,108,18:00,2025-08-02,24.0,6,2860.7924681652376,2860.7924681652376,0.0,0.0,1557.8769692382116,0.0,32642.429898482085,0.03763030000004619,0.0,1,1,fallback_q80_q20,177;206;201;187;204;192;207;209;210;193;192;208;202;167;143;198;181;199;166;199;174;176;188;206;185;163;206;196;161;200,8.739675649849232e-13,6.821210263296962e-13,0.0,0,0,0
2025-08-04,H24,0,00:00,2025-08-03,24.0,6,50755.73933119135,0.0,0.0,0.0,0.0,0.0,50755.743229212196,0.038912099999947714,0.0,1,1,fallback_q80_q20,206;204;193;212;203;161;176;187;182;209;159;211;201;192;211;208;210;209;208;212;205;210;194;162;209;174;210;202;183;189,9.094947017729282e-13,9.094947017729282e-13,0.0,0,0,0
2025-08-04,H24,36,06:00,2025-08-03,24.0,6,5519.178216580941,5523.935529719403,4.757313138462179,0.0,5650.681511309391,21.796388847066396,17121.060804749606,0.04123579999998128,0.0,1,1,fallback_q80_q20,211;211;212;172;211;208;182;173;207;210;211;209;203;199;212;210;161;163;203;191;167;171;186;202;207;168;182;209;182;184,9.094947017729282e-13,2.2737367544323206e-13,0.0,0,0,0
2025-08-04,H24,72,12:00,2025-08-03,24.0,6,-1222.877854863423,717.6106628287216,1940.4885176921446,0.0,386.7579828753045,6116.006949391706,15324.499994834865,0.045252099999970596,0.0,1,1,fallback_q80_q20,192;203;198;198;197;165;201;202;192;208;212;194;212;199;210;155;184;207;187;212;187;177;190;211;155;212;182;197;182;209,7.958078640513122e-13,2.2737367544323206e-13,0.0,0,0,0
2025-08-04,H24,108,18:00,2025-08-03,24.0,6,-186.2023318927445,3.948593062595569,190.15092495534006,0.0,1.9578991261165584,313.4714435525203,25861.82396616869,0.04736349999996037,0.0,1,1,fallback_q80_q20,210;186;169;191;185;179;166;173;189;212;209;149;163;209;202;207;197;211;209;212;212;210;191;210;212;171;201;160;175;203,9.094947017729282e-13,1.9326762412674725e-12,0.0,0,0,0
2025-08-05,H24,0,00:00,2025-08-04,24.0,6,50601.589515245476,0.0,0.0,0.0,0.0,0.0,50601.59347009947,0.039368399999943904,0.0,1,1,fallback_q80_q20,180;188;183;180;207;208;213;211;173;171;209;165;185;171;207;211;184;189;211;208;208;211;194;209;188;212;181;161;199;204,9.094947017729282e-13,1.1368683772161603e-12,0.0,0,0,0
2025-08-05,H24,36,06:00,2025-08-04,24.0,6,3529.1200654865174,3557.1372919221185,28.01722643560099,0.0,4214.075651902425,132.94947792346488,14857.578724286772,0.04461519999995289,0.0,1,1,fallback_q80_q20,210;177;190;187;201;207;211;200;183;206;205;197;184;203;176;176;169;188;175;195;213;183;171;203;200;195;159;192;203;208,1.0231815394945443e-12,2.2737367544323206e-13,0.0,0,0,0
2025-08-05,H24,72,12:00,2025-08-04,24.0,6,-854.8843912463324,215.92552490643646,1070.809916152769,0.0,115.04523245880739,3836.120003554386,21823.730628023044,0.04535240000006979,0.0,1,1,fallback_q80_q20,201;153;198;207;179;205;191;205;210;185;187;205;159;202;212;198;202;153;210;212;213;207;209;208;205;201;212;201;211;164,1.8189894035458565e-12,2.2737367544323206e-13,0.0,0,0,0
2025-08-05,H24,108,18:00,2025-08-04,24.0,6,494.40160405903777,500.06123579960865,5.65963174057087,0.0,273.87693461989113,16.873882375453718,37819.1518863452,0.03106450000007044,0.0,1,1,fallback_q80_q20,209;188;210;195;190;201;171;208;163;187;172;211;204;182;199;213;194;180;209;195;204;170;212;213;204;200;211;187;177;181,9.094947017729282e-13,4.547473508864641e-13,0.0,0,0,0
2025-08-06,H24,0,00:00,2025-08-05,24.0,6,53670.34687709565,0.0,0.0,0.0,0.0,0.0,53670.350958360876,0.05532510000000457,0.0,1,1,fallback_q80_q20,203;196;208;165;209;162;205;199;198;195;198;188;189;160;206;214;159;212;160;205;199;212;180;208;171;199;196;170;172;173,8.242295734817162e-13,1.3642420526593924e-12,0.0,0,0,0
2025-08-06,H24,36,06:00,2025-08-05,24.0,6,-1772.2558234479234,89.67141176591952,1861.927235213843,0.0,44.709799407327296,4743.005957135345,9644.791373142089,0.04820209999991221,0.0,1,1,fallback_q80_q20,213;189;212;175;193;185;169;212;211;171;211;206;190;203;209;210;194;181;199;210;212;196;184;197;210;212;210;194;169;201,9.094947017729282e-13,2.2737367544323206e-13,0.0,0,0,0
2025-08-06,H24,72,12:00,2025-08-05,24.0,6,1646.7538685096515,1819.2457537392336,172.49188522958212,0.0,1281.7217847233296,764.8453677996849,18267.431215363962,0.038898599999924954,0.0,1,1,fallback_q80_q20,211;203;191;203;196;170;180;195;201;199;162;210;205;206;207;184;186;162;211;201;166;170;211;179;195;191;155;209;202;209,9.094947017729282e-13,2.2737367544323206e-13,0.0,0,0,0
2025-08-06,H24,108,18:00,2025-08-05,24.0,6,1245.7245040550629,1245.7245040550629,0.0,0.0,683.356916654924,0.0,24978.51276802337,0.04921579999995629,0.0,1,1,fallback_q80_q20,210;197;209;200;213;205;174;202;190;153;210;181;180;207;201;201;177;160;196;209;211;182;209;193;167;165;209;209;208;198,1.0231815394945443e-12,2.2737367544323206e-13,0.0,0,0,0
2025-08-07,H24,0,00:00,2025-08-06,24.0,6,54974.46347938358,0.0,0.0,0.0,0.0,0.0,54974.46752988985,0.03633049999996274,0.0,1,1,fallback_q80_q20,194;176;215;214;191;209;212;202;210;205;215;211;205;211;202;190;194;210;175;156;167;186;212;167;169;202;208;203;183;200,8.810729923425242e-13,1.2505552149377763e-12,0.0,0,0,0
2025-08-07,H24,36,06:00,2025-08-06,24.0,6,2423.0897568563355,4316.180066760631,1893.0903099042957,0.0,2898.6871431415157,6043.257605198101,12459.123077129187,0.04065339999999651,0.0,1,1,fallback_q80_q20,166;183;211;203;193;208;182;209;212;204;154;154;181;215;215;197;213;160;192;176;207;211;200;169;209;208;187;181;187;212,9.094947017729282e-13,2.2737367544323206e-13,0.0,0,0,0
2025-08-07,H24,72,12:00,2025-08-06,24.0,6,-1474.8606127681198,73.89274672315292,1548.7533594912727,0.0,36.57081902124082,5026.502551455127,6693.177709924849,0.05986289999998462,0.0,1,1,fallback_q80_q20,184;153;208;194;209;192;211;209;153;169;167;192;183;181;205;210;205;207;185;188;193;211;203;198;215;210;208;203;185;180,9.094947017729282e-12,2.2737367544323206e-13,0.0,0,0,0
2025-08-07,H24,108,18:00,2025-08-06,24.0,6,-492.82388834642666,22.860215728692413,515.6841040751191,0.0,11.278134995284745,920.7372492871671,15471.231691219526,0.040020299999923736,0.0,1,1,fallback_q80_q20,187;167;201;176;161;195;196;215;168;206;202;166;212;212;172;159;209;209;209;160;156;162;204;180;208;153;211;215;196;198,9.094947017729282e-13,7.958078640513122e-13,0.0,0,0,0
2025-08-08,H24,0,00:00,2025-08-07,24.0,6,32481.307990218247,0.0,0.0,0.0,0.0,0.0,32481.31185155158,0.036138199999982135,0.0,1,1,fallback_q80_q20,204;215;202;185;155;215;216;216;210;216;160;182;209;209;159;210;211;153;168;206;160;212;199;188;185;212;216;188;212;167,2.8137492336099967e-12,5.684341886080801e-13,0.0,0,0,0
2025-08-08,H24,36,06:00,2025-08-07,24.0,6,-35.777729595783256,51.17285139569877,86.95058099148203,0.0,35.18391903074621,234.5510885871225,8074.504651615399,0.05103730000007545,0.0,1,1,fallback_q80_q20,197;176;216;186;203;189;209;196;189;193;163;166;201;206;215;215;206;173;184;188;173;182;176;206;196;185;216;167;153;205,1.8189894035458565e-12,1.1368683772161603e-13,0.0,0,0,0
2025-08-08,H24,72,12:00,2025-08-07,24.0,6,-663.2704052757599,0.0,663.2704052757599,0.0,0.0,1312.688600342718,6833.021348338137,0.05315130000008139,0.0,1,1,fallback_q80_q20,211;162;207;208;208;153;181;194;175;206;190;216;207;209;185;216;197;214;184;198;210;208;170;210;209;172;196;199;203;173,8.185452315956354e-12,1.4210854715202004e-13,0.0,0,0,0
2025-08-08,H24,108,18:00,2025-08-07,24.0,6,-1545.7994107819861,0.0,1545.7994107819861,0.0,0.0,3129.685829802126,10432.193296853808,0.04059180000001561,0.0,1,1,fallback_q80_q20,175;216;174;198;212;200;216;163;168;167;198;175;206;202;168;207;185;170;215;208;210;208;215;162;212;211;205;172;214;178,9.094947017729282e-13,4.547473508864641e-13,0.0,0,0,0
2025-08-09,H24,0,00:00,2025-08-08,24.0,6,29264.414732467114,0.0,0.0,0.0,0.0,0.0,29264.41859526699,0.03846219999991263,0.0,1,1,fallback_q80_q20,175;180;214;207;211;213;202;200;211;216;213;190;206;175;195;212;163;199;205;172;214;185;216;157;173;197;168;204;162;214,9.094947017729282e-13,7.958078640513122e-13,0.0,0,0,0
2025-08-09,H24,36,06:00,2025-08-08,24.0,6,155.0308160748035,215.61041446118924,60.57959838638574,0.0,124.93426589579587,156.76911730915276,8928.25989612306,0.04642069999999876,0.0,1,1,fallback_q80_q20,202;157;190;215;214;175;209;207;212;200;199;213;210;198;165;214;196;206;188;178;175;198;216;214;190;192;202;165;179;196,9.094947017729282e-13,2.2737367544323206e-13,0.0,0,0,0
2025-08-09,H24,72,12:00,2025-08-08,24.0,6,566.4476052223529,569.8897216420567,3.442116419703768,0.0,382.49997467142066,16.38001241397569,11376.306912660419,0.08462599999995746,0.0,1,1,fallback_q80_q20,177;169;213;214;214;180;208;217;214;205;217;181;193;184;213;209;165;203;150;209;171;206;181;188;210;190;196;206;163;151,1.8189894035458565e-12,8.526512829121202e-13,0.0,0,0,0
2025-08-09,H24,108,18:00,2025-08-08,24.0,6,-606.3171002829074,0.0,606.3171002829074,0.0,0.0,1153.5152339659019,23986.45412726611,0.03885589999993044,0.0,1,1,fallback_q80_q20,202;208;180;212;214;184;201;197;158;210;185;171;214;210;206;215;212;207;214;210;198;158;184;190;214;193;208;208;209;210,9.094947017729282e-13,3.410605131648481e-13,0.0,0,0,0
2025-08-10,H24,0,00:00,2025-08-09,24.0,6,48575.647244868625,0.0,0.0,0.0,0.0,0.0,48575.65098380421,0.03768569999999727,0.0,1,1,fallback_q80_q20,199;180;206;189;200;208;191;208;204;196;187;200;207;210;204;213;192;204;202;207;182;188;213;214;212;182;213;212;170;214,9.094947017729282e-13,1.3642420526593924e-12,0.0,0,0,0
2025-08-10,H24,36,06:00,2025-08-09,24.0,6,-1679.7407629297145,0.0,1679.7407629297145,0.0,0.0,4590.760767028218,9356.205667938591,0.042017099999952734,0.0,1,1,fallback_q80_q20,214;175;186;176;169;207;214;202;218;204;197;177;197;216;197;164;211;208;203;191;171;168;199;195;171;206;216;166;213;157,9.094947017729282e-13,2.2737367544323206e-13,0.0,0,0,0
2025-08-10,H24,72,12:00,2025-08-09,24.0,6,5253.646481515309,5293.288933826481,39.642452311172796,0.0,3686.956138790756,174.21424878564181,19303.582166635297,0.046458499999971536,0.0,1,1,fallback_q80_q20,167;167;151;178;176;203;213;218;187;173;215;213;217;207;205;211;200;151;205;199;214;186;198;215;212;193;210;177;209;173,8.100187187665142e-13,2.2737367544323206e-13,0.0,0,0,0
2025-08-10,H24,108,18:00,2025-08-09,24.0,6,3153.798703930589,3153.798703930589,0.0,0.0,1714.3381214634442,0.0,41248.53767393573,0.01651199999992059,0.0,1,1,fallback_q80_q20,203;178;201;193;181;209;195;204;205;151;181;215;199;214;213;197;209;200;195;151;202;188;182;217;163;183;173;211;202;194,7.958078640513122e-13,9.094947017729282e-13,0.0,0,0,0
2025-08-11,H24,0,00:00,2025-08-10,24.0,6,49214.152092236756,0.0,0.0,0.0,0.0,0.0,49214.1559620879,0.037988499999983105,0.0,1,1,fallback_q80_q20,206;211;217;172;217;206;200;163;202;215;168;208;198;205;173;215;192;212;208;176;204;194;181;217;212;216;179;216;188;210,9.094947017729282e-13,6.821210263296962e-13,0.0,0,0,0
2025-08-11,H24,36,06:00,2025-08-10,24.0,6,4407.373806037271,4430.209944389556,22.83613835228557,0.0,3859.616228645422,106.79763810200745,15590.967441148781,0.040391800000065814,0.0,1,1,fallback_q80_q20,210;209;216;195;198;156;218;179;211;179;190;215;218;173;218;219;213;180;216;208;210;193;200;216;218;205;169;214;214;208,8.526512829121202e-13,2.2737367544323206e-13,0.0,0,0,0
2025-08-11,H24,72,12:00,2025-08-10,24.0,6,-1228.5311425580448,10.216925266253474,1238.7480678242982,0.0,5.049224667108888,4393.0490144944,13232.981810542038,0.04535349999991922,0.0,1,1,fallback_q80_q20,179;216;218;176;207;219;180;190;194;203;203;218;188;206;212;173;216;210;160;219;168;211;166;210;219;185;207;210;210;212,1.8189894035458565e-12,2.0463630789890885e-12,0.0,0,0,0
2025-08-11,H24,108,18:00,2025-08-10,24.0,6,189.9733871231215,217.3729803687926,27.39959324567111,0.0,109.77585993445575,56.21299527842166,26582.110338711267,0.042700100000047314,0.0,1,1,fallback_q80_q20,215;187;203;212;197;214;217;202;218;201;189;212;202;219;214;215;218;175;216;215;212;210;213;177;209;198;218;207;211;186,9.094947017729282e-13,9.094947017729282e-13,0.0,0,0,0
2025-08-12,H24,0,00:00,2025-08-11,24.0,6,54027.011845426685,0.0,0.0,0.0,0.0,0.0,54027.015889732626,0.019629799999961506,0.0,1,1,fallback_q80_q20,218;217;209;216;217;168;186;202;219;191;173;209;199;168;218;215;190;163;219;182;219;200;208;212;212;209;200;200;214;180,7.673861546209082e-13,6.821210263296962e-13,0.0,0,0,0
2025-08-12,H24,36,06:00,2025-08-11,24.0,6,226.04164000501396,1383.4497128161447,1157.4080728111308,0.0,1101.5824447014334,3739.78657804296,11531.404216035768,0.05157480000002579,0.0,1,1,fallback_q80_q20,212;218;206;218;160;214;211;197;210;187;220;217;204;183;192;181;218;203;216;180;220;215;194;198;216;178;219;217;189;209,8.668621376273222e-13,2.2737367544323206e-13,0.0,0,0,0
2025-08-12,H24,72,12:00,2025-08-11,24.0,6,-767.7433477575746,181.55280419174085,949.2961519493155,0.0,104.46312226387636,3605.00871155836,24087.837080844467,0.04567250000002332,0.0,1,1,fallback_q80_q20,191;211;208;215;166;219;217;199;218;205;211;184;196;202;207;183;218;217;210;208;178;184;181;218;215;202;214;196;211;215,8.748557434046234e-13,2.2737367544323206e-13,0.0,0,0,0
2025-08-12,H24,108,18:00,2025-08-11,24.0,6,1171.3625363299816,1171.3625363299816,0.0,0.0,661.8968540816371,0.0,28477.098906757885,0.038594100000068465,0.0,1,1,fallback_q80_q20,183;209;215;199;218;213;172;163;214;169;183;211;162;195;212;216;210;188;211;204;213;182;169;205;217;215;181;186;192;175,8.242295734817162e-13,9.094947017729282e-13,0.0,0,0,0
2025-08-13,H24,0,00:00,2025-08-12,24.0,6,49854.56221350671,0.0,0.0,0.0,0.0,0.0,49854.56608213763,0.03849839999998039,0.0,1,1,fallback_q80_q20,218;221;160;184;193;219;181;160;167;217;191;218;208;211;200;160;204;182;213;178;213;173;211;180;221;211;200;184;203;197,9.094947017729282e-13,7.958078640513122e-13,0.0,0,0,0
2025-08-13,H24,36,06:00,2025-08-12,24.0,6,1329.7195912531847,1536.697072065029,206.97748081184423,0.0,1702.8659511233432,804.1949207630422,12777.537681680977,0.042968900000005306,0.0,1,1,fallback_q80_q20,206;221;221;181;180;216;217;215;198;198;202;161;189;217;205;216;191;198;180;168;211;194;197;221;194;186;217;212;210;216,9.094947017729282e-13,2.2737367544323206e-13,0.0,0,0,0
2025-08-13,H24,72,12:00,2025-08-12,24.0,6,-671.1177500697188,12.80465170847715,683.922401778196,0.0,6.331461077551921,2860.1275112426765,15430.872010029629,0.04374749999999494,0.0,1,1,fallback_q80_q20,209;205;163;190;212;216;202;184;191;169;202;219;174;211;217;220;204;217;201;174;177;215;196;172;219;217;218;219;195;170,9.094947017729282e-13,2.2737367544323206e-13,0.0,0,0,0
2025-08-13,H24,108,18:00,2025-08-12,24.0,6,1106.3563360333776,1113.2758074396002,6.919471406222638,0.0,622.4699504530213,32.36422547344546,30922.9461110739,0.04091210000001411,0.0,1,1,fallback_q80_q20,161;207;218;204;211;220;202;218;189;200;219;211;197;190;161;212;184;218;200;173;198;193;202;211;195;216;160;177;214;190,9.094947017729282e-13,2.2737367544323206e-13,0.0,0,0,0
2025-08-14,H24,0,00:00,2025-08-13,24.0,6,52097.910009895466,0.0,0.0,0.0,0.0,0.0,52097.91392334152,0.049737700000036966,0.0,1,1,fallback_q80_q20,203;208;197;213;196;179;221;217;187;220;210;179;177;190;211;205;189;201;216;173;175;163;189;200;202;174;182;186;199;218,9.094947017729282e-13,7.958078640513122e-13,0.0,0,0,0
2025-08-14,H24,36,06:00,2025-08-13,24.0,6,1064.6445129430745,1175.6151544551465,110.97064151207208,0.0,1396.2267426411909,368.4479894390297,10402.605353247996,0.044270200000028126,0.0,1,1,fallback_q80_q20,208;213;190;222;176;217;219;209;217;218;212;219;213;193;217;214;180;182;184;208;175;175;222;200;197;211;192;218;162;217,8.757439218243235e-13,2.2737367544323206e-13,0.0,0,0,0
2025-08-14,H24,72,12:00,2025-08-13,24.0,6,-1378.3671532679264,10.05145747921268,1388.4186107471392,0.0,4.9839878414343275,4112.532021755904,6701.906460370224,0.046147500000074615,0.0,1,1,fallback_q80_q20,208;176;217;175;204;215;211;212;211;211;205;204;219;203;177;180;216;199;218;222;174;174;213;211;169;202;193;214;218;219,9.094947017729282e-13,2.2737367544323206e-13,0.0,0,0,0
2025-08-14,H24,108,18:00,2025-08-13,24.0,6,1985.2456873999167,1985.2456873999167,0.0,0.0,1101.29172265553,0.0,17046.035158684797,0.06796410000004016,0.0,1,1,fallback_q80_q20,217;209;217;207;163;160;183;170;190;167;180;159;210;186;212;170;204;200;220;159;216;200;195;210;216;162;218;183;198;189,8.526512829121202e-13,9.094947017729282e-13,0.0,0,0,0
2025-08-15,H24,0,00:00,2025-08-14,24.0,6,35449.125778374684,0.0,0.0,0.0,0.0,0.0,35449.12923864042,0.047591199999942546,0.0,1,1,fallback_q80_q20,220;209;218;223;223;216;178;220;204;168;207;177;210;211;180;210;173;216;223;208;206;216;221;183;217;180;207;192;203;198,9.094947017729282e-13,9.094947017729282e-13,0.0,0,0,0
2025-08-15,H24,36,06:00,2025-08-14,24.0,6,-1395.6489223795556,0.0,1395.6489223795556,0.0,0.0,3461.4258142086996,6997.42620517642,0.03634369999997489,0.0,1,1,fallback_q80_q20,220;220;208;210;189;209;202;221;208;220;190;185;219;223;219;163;222;200;215;203;173;218;210;203;203;177;195;220;217;215,9.094947017729282e-13,1.1368683772161603e-13,0.0,0,0,0
2025-08-15,H24,72,12:00,2025-08-14,24.0,6,-185.833197762294,217.3889700551921,403.2221678174861,0.0,138.43748022831983,872.1461821270727,7421.015536162554,0.058999699999958466,0.0,1,1,fallback_q80_q20,204;190;183;166;204;184;203;182;205;187;202;174;223;204;198;187;220;195;209;218;215;186;222;187;173;175;221;212;208;180,3.637978807091713e-12,1.4210854715202004e-13,0.0,0,0,0
2025-08-15,H24,108,18:00,2025-08-14,24.0,6,-1518.549751425327,0.0,1518.549751425327,0.0,0.0,3015.0313240978912,9433.532950718178,0.03986510000004273,0.0,1,1,fallback_q80_q20,202;197;219;212;210;214;168;215;175;168;173;223;176;210;207;179;217;218;204;177;160;181;167;222;203;195;185;214;162;219,8.668621376273222e-13,3.410605131648481e-13,0.0,0,0,0
2025-08-16,H24,0,00:00,2025-08-15,24.0,6,33416.954552787014,0.0,0.0,0.0,0.0,0.0,33416.95842207782,0.03239680000001499,0.0,1,1,fallback_q80_q20,190;220;206;192;184;179;186;184;220;181;217;208;181;217;179;206;179;195;185;207;187;219;218;185;210;180;196;224;176;197,7.389644451905042e-13,4.547473508864641e-13,0.0,0,0,0
2025-08-16,H24,36,06:00,2025-08-15,24.0,6,-2255.573633782814,0.0,2255.573633782814,0.0,0.0,5279.636271277919,6547.624581416784,0.03904699999998229,0.0,1,1,fallback_q80_q20,223;215;215;223;173;174;213;222;224;189;201;220;223;213;182;212;206;221;210;202;222;210;207;165;180;182;193;169;220;171,7.958078640513122e-13,1.1368683772161603e-13,0.0,0,0,0
2025-08-16,H24,72,12:00,2025-08-15,24.0,6,535.9854295711035,547.2334992704291,11.24806969932559,0.0,349.6674949141565,53.999186497416986,14038.00895491888,0.05253159999995205,0.0,1,1,fallback_q80_q20,214;158;219;219;199;178;221;175;217;200;214;209;191;211;222;164;214;178;220;220;195;213;207;165;188;206;186;185;213;210,9.094947017729282e-13,2.2737367544323206e-13,0.0,0,0,0
2025-08-16,H24,108,18:00,2025-08-15,24.0,6,-773.7107432927654,0.0,773.7107432927654,0.0,0.0,1463.4604159045423,21936.335562499728,0.03867319999994834,0.0,1,1,fallback_q80_q20,224;198;177;196;197;198;216;202;187;182;199;196;165;207;196;184;221;195;216;223;203;220;215;221;202;216;183;208;165;213,7.958078640513122e-13,6.821210263296962e-13,0.0,0,0,0
2025-08-17,H24,0,00:00,2025-08-16,24.0,6,49526.17349146221,0.0,0.0,0.0,0.0,0.0,49526.17743579844,0.03599240000005466,0.0,1,1,fallback_q80_q20,186;189;171;186;213;186;190;180;219;223;190;225;212;214;212;199;225;184;201;186;210;173;185;207;200;173;185;212;180;217,8.633094239485217e-13,9.094947017729282e-13,0.0,0,0,0
2025-08-17,H24,36,06:00,2025-08-16,24.0,6,-1927.2620256706205,0.0,1927.2620256706205,0.0,0.0,5596.710041998529,9261.983178595705,0.03851090000000568,0.0,1,1,fallback_q80_q20,215;215;215;178;214;201;214;207;190;170;195;220;222;213;192;217;223;205;220;218;198;195;198;199;178;173;224;219;186;179,9.094947017729282e-13,2.2737367544323206e-13,0.0,0,0,0
2025-08-17,H24,72,12:00,2025-08-16,24.0,6,4631.287558330523,5159.325074339162,528.037516008639,0.0,3431.9558241488485,2387.4166941806307,18072.991628911088,0.04480499999999665,0.0,1,1,fallback_q80_q20,158;186;223;202;165;223;200;184;181;197;185;225;187;173;178;185;176;213;211;179;223;216;157;196;220;218;193;157;178;193,9.094947017729282e-13,2.2737367544323206e-13,0.0,0,0,0
2025-08-17,H24,108,18:00,2025-08-16,24.0,6,2321.771709758113,2321.771709758113,0.0,0.0,1247.279441048975,0.0,31421.62418436696,0.04533620000006522,0.0,1,1,fallback_q80_q20,224;215;224;222;172;217;157;212;220;165;219;199;199;225;218;193;214;214;214;164;191;174;219;225;196;186;178;172;206;206,7.958078640513122e-13,6.821210263296962e-13,0.0,0,0,0
2025-08-18,H24,0,00:00,2025-08-17,24.0,6,48862.27439663612,0.0,0.0,0.0,0.0,0.0,48862.278316667966,0.03814990000000762,0.0,1,1,fallback_q80_q20,198;194;216;194;184;201;197;192;213;192;191;208;226;213;191;211;163;210;225;194;218;189;204;210;168;217;206;201;185;226,8.526512829121202e-13,4.547473508864641e-13,0.0,0,0,0
2025-08-18,H24,36,06:00,2025-08-17,24.0,6,7501.403172781769,7504.031249593738,2.628076811968549,0.0,7081.663174542993,12.323758232819728,18412.870153323714,0.04715390000001207,0.0,1,1,fallback_q80_q20,206;226;176;219;200;223;195;224;176;210;191;209;215;221;207;201;222;212;187;179;224;211;198;207;189;193;212;205;204;183,9.094947017729282e-13,2.2737367544323206e-13,0.0,0,0,0
2025-08-18,H24,72,12:00,2025-08-17,24.0,6,-1771.8850787884035,34.30878648008678,1806.1938652684903,0.0,16.77728737828761,5646.533894956667,12001.988330868333,0.04773950000003424,0.0,1,1,fallback_q80_q20,187;222;215;225;197;193;205;220;204;176;223;193;210;215;170;185;219;168;223;226;198;215;226;203;197;223;215;214;226;190,9.094947017729282e-13,2.2737367544323206e-13,0.0,0,0,0
2025-08-18,H24,108,18:00,2025-08-17,24.0,6,423.7438639381893,426.0279531691295,2.2840892309402028,0.0,229.05809728444592,7.082379656126591,34991.21869763635,0.023906200000055833,0.0,1,1,fallback_q80_q20,205;203;170;226;210;197;186;226;225;215;213;208;204;195;226;224;181;198;221;225;201;205;219;222;207;201;185;211;225;178,1.8189894035458565e-12,9.094947017729282e-13,0.0,0,0,0
2025-08-19,H24,0,00:00,2025-08-18,24.0,6,48788.25303572173,0.0,0.0,0.0,0.0,0.0,48788.256932722514,0.03749460000005911,0.0,1,1,fallback_q80_q20,196;188;221;176;224;173;207;197;226;217;222;189;224;199;189;224;213;218;183;217;194;227;185;227;227;203;202;225;216;226,9.094947017729282e-13,9.094947017729282e-13,0.0,0,0,0
2025-08-19,H24,36,06:00,2025-08-18,24.0,6,582.5712868298045,595.2288755489968,12.65758871919234,0.0,646.8996225861245,59.69023703341554,11781.4512885472,0.04127619999997023,0.0,1,1,fallback_q80_q20,196;225;227;166;207;188;194;227;210;200;189;209;223;167;224;219;167;225;203;197;219;216;215;196;183;219;222;214;219;225,9.094947017729282e-13,2.2737367544323206e-13,0.0,0,0,0
2025-08-19,H24,72,12:00,2025-08-18,24.0,6,152.71510549391633,514.8680757562358,362.1529702623195,0.0,500.1443694206621,1472.8376603064398,22992.950760320495,0.04251349999992726,0.0,1,1,fallback_q80_q20,188;200;189;224;182;201;209;221;224;202;196;225;202;175;194;202;223;215;201;202;226;203;221;205;175;197;189;222;175;218,9.094947017729282e-13,2.2737367544323206e-13,0.0,0,0,0
2025-08-19,H24,108,18:00,2025-08-18,24.0,6,-411.24625749386166,0.0,411.24625749386166,0.0,0.0,769.0860943939206,35851.71114808257,0.023339800000030664,0.0,1,1,fallback_q80_q20,169;227;203;220;188;212;224;224;214;219;205;222;195;204;216;215;224;190;223;174;218;180;216;226;168;199;192;194;204;191,9.094947017729282e-13,5.684341886080801e-13,0.0,0,0,0
2025-08-20,H24,0,00:00,2025-08-19,24.0,6,52146.86730103282,0.0,0.0,0.0,0.0,0.0,52146.87152990304,0.0331972000000178,0.0,1,1,fallback_q80_q20,168;199;190;176;218;176;224;183;198;194;219;224;224;213;205;224;226;224;218;210;206;213;176;202;218;202;222;204;166;226,9.094947017729282e-13,6.821210263296962e-13,0.0,0,0,0
2025-08-20,H24,36,06:00,2025-08-19,24.0,6,3404.176887021927,4438.647429682531,1034.4705426606038,0.0,3366.509093286628,3425.0197458399416,14458.700221576171,0.03979900000001635,0.0,1,1,fallback_q80_q20,219;188;224;216;208;218;225;188;173;195;222;223;208;175;209;226;188;189;225;216;196;223;215;203;191;224;223;181;204;211,8.526512829121202e-13,2.2737367544323206e-13,0.0,0,0,0
2025-08-20,H24,72,12:00,2025-08-19,24.0,6,-465.7969864282665,79.76255588421128,545.5595423124778,0.0,39.37178888494793,2229.6929146306543,17779.65220478082,0.04412689999992381,0.0,1,1,fallback_q80_q20,225;208;181;201;215;209;175;179;214;205;201;184;205;228;191;217;168;217;219;228;190;184;216;190;204;213;225;217;219;196,9.094947017729282e-13,2.2737367544323206e-13,0.0,0,0,0
2025-08-20,H24,108,18:00,2025-08-19,24.0,6,3113.9301575523646,3113.9301575523646,0.0,0.0,1688.140847613059,0.0,34627.18380730818,0.03986439999994218,0.0,1,1,fallback_q80_q20,215;226;228;181;181;203;175;227;197;228;218;181;202;179;224;181;221;173;195;211;222;205;209;194;218;166;180;167;228;202,9.094947017729282e-13,9.094947017729282e-13,0.0,0,0,0
2025-08-21,H24,0,00:00,2025-08-20,24.0,6,51960.55558566187,0.0,0.0,0.0,0.0,0.0,51960.55970932684,0.03508399999998346,0.0,1,1,fallback_q80_q20,166;185;184;215;202;208;224;200;208;169;228;225;229;227;205;225;224;206;209;219;223;226;205;216;209;225;210;223;200;227,1.0231815394945443e-12,1.1368683772161603e-12,0.0,0,0,0
2025-08-21,H24,36,06:00,2025-08-20,24.0,6,-196.88517867985024,1734.4177716613717,1931.302950341222,0.0,1144.4650614502152,6480.208486921447,9452.953404079291,0.046074100000055296,0.0,1,1,fallback_q80_q20,226;177;202;229;193;209;185;176;229;223;199;206;201;227;181;170;194;170;228;211;205;225;229;185;194;213;194;215;177;169,7.958078640513122e-13,2.2737367544323206e-13,0.0,0,0,0
2025-08-21,H24,72,12:00,2025-08-20,24.0,6,-251.1986303383352,107.25825672534745,358.45688706368264,0.0,101.12182805197389,1595.9080638723412,6751.9912690536,0.06977150000000165,2.694004377468362e-16,1,1,fallback_q80_q20,217;220;209;224;224;203;169;221;195;183;190;224;229;195;213;197;226;226;201;219;189;226;225;196;208;225;173;208;185;189,1.6768808563938364e-12,1.4779288903810084e-12,0.0,0,0,0
2025-08-21,H24,108,18:00,2025-08-20,24.0,6,-236.7219693235135,5.322923960197971,242.04489328371147,0.0,2.6307479972313104,419.1920075680082,12643.223524261548,0.049020500000096945,0.0,1,1,fallback_q80_q20,198;188;229;210;215;207;174;223;215;212;218;186;223;229;173;227;225;225;199;215;226;197;229;198;181;212;217;210;195;224,9.094947017729282e-13,6.821210263296962e-13,0.0,0,0,0
2025-08-22,H24,0,00:00,2025-08-21,24.0,6,33264.19095771066,0.0,0.0,0.0,0.0,0.0,33264.19485262551,0.047689699999978075,0.0,1,1,fallback_q80_q20,206;204;199;208;204;196;221;229;201;204;230;168;181;212;225;217;216;200;222;195;223;197;207;226;230;218;226;224;210;224,8.526512829121202e-13,2.2737367544323206e-13,0.0,0,0,0
2025-08-22,H24,36,06:00,2025-08-21,24.0,6,-947.3152073334836,40.315687456941546,987.6308947904251,0.0,20.61406044150158,2460.501923953968,6174.348455210649,0.04209339999999884,0.0,1,1,fallback_q80_q20,204;228;230;214;219;198;227;170;225;214;202;226;188;222;229;215;196;216;222;194;225;222;207;217;216;225;204;206;215;184,1.0231815394945443e-12,1.1368683772161603e-13,0.0,0,0,0
2025-08-22,H24,72,12:00,2025-08-21,24.0,6,-900.7237670321217,0.0,900.7237670321217,0.0,0.0,1842.4019175991089,6258.897129882011,0.04415599999992992,0.0,1,1,fallback_q80_q20,216;222;230;230;225;223;190;195;224;204;228;226;210;193;209;182;215;218;227;205;229;227;209;190;215;210;230;173;202;220,9.094947017729282e-13,1.1368683772161603e-13,0.0,0,0,0
2025-08-22,H24,108,18:00,2025-08-21,24.0,6,-1065.5830709863828,0.0,1065.5830709863828,0.0,0.0,2102.5595411071654,9823.243789726832,0.035902599999985796,0.0,1,1,fallback_q80_q20,181;173;213;189;225;177;193;230;205;199;212;218;217;227;211;224;229;225;202;189;220;205;230;209;216;176;225;218;216;222,8.810729923425242e-13,5.684341886080801e-13,0.0,0,0,0
2025-08-23,H24,0,00:00,2025-08-22,24.0,6,27907.739060596068,0.0,0.0,0.0,0.0,0.0,27907.742921929406,0.035856500000022606,0.0,1,1,fallback_q80_q20,225;222;172;227;199;229;227;213;219;179;204;221;215;230;225;218;180;211;220;192;222;227;205;172;227;216;220;176;193;227,9.094947017729282e-13,4.547473508864641e-13,0.0,0,0,0
2025-08-23,H24,36,06:00,2025-08-22,24.0,6,1479.9173669649256,1491.2664972626012,11.349130297675737,0.0,1010.9942091397959,44.603926125647604,10458.96579202431,0.034404700000095545,0.0,1,1,fallback_q80_q20,177;186;229;199;227;185;231;228;201;219;200;225;205;220;231;196;212;192;202;209;201;214;216;219;197;213;230;230;215;227,1.2505552149377763e-12,1.1368683772161603e-13,0.0,0,0,0
2025-08-23,H24,72,12:00,2025-08-22,24.0,6,-81.37807800335004,7.200494799885519,88.57857280323556,0.0,6.136175209753734,216.61711069358807,18010.126681467304,0.05410390000008647,0.0,1,1,fallback_q80_q20,213;204;223;205;222;189;207;204;189;213;228;164;189;216;225;227;183;194;213;222;223;224;200;223;209;224;222;229;220;193,9.094947017729282e-13,2.2737367544323206e-13,0.0,0,0,0
2025-08-23,H24,108,18:00,2025-08-22,24.0,6,-463.26576921767247,0.0,463.26576921767247,0.0,0.0,835.1881768711902,21484.929599544757,0.03513709999992898,0.0,1,1,fallback_q80_q20,219;228;228;222;202;218;230;227;202;230;206;197;230;231;220;229;187;201;209;191;207;215;224;185;218;227;193;191;217;200,9.094947017729282e-13,6.821210263296962e-13,0.0,0,0,0
2025-08-24,H24,0,00:00,2025-08-23,24.0,6,46706.75527904713,0.0,0.0,0.0,0.0,0.0,46706.75943009298,0.035695199999963734,0.0,1,1,fallback_q80_q20,193;217;232;207;207;203;222;221;216;193;204;227;226;184;222;227;216;181;221;222;217;229;215;231;215;223;224;227;200;184,9.094947017729282e-13,6.821210263296962e-13,0.0,0,0,0
2025-08-24,H24,36,06:00,2025-08-23,24.0,6,-2637.311843409146,0.0,2637.311843409146,0.0,0.0,7213.899953389445,8280.48399493117,0.04945210000005318,0.0,1,1,fallback_q80_q20,212;225;227;230;229;180;203;229;228;198;231;207;227;220;226;195;232;204;202;181;212;177;227;190;215;211;195;227;218;232,9.094947017729282e-13,2.2737367544323206e-13,0.0,0,0,0
2025-08-24,H24,72,12:00,2025-08-23,24.0,6,10834.188498973574,10834.188498973574,0.0,0.0,8816.264489696146,0.0,26993.156670591583,0.043386299999951916,0.0,1,1,fallback_q80_q20,201;210;183;179;220;227;185;198;177;182;218;200;200;172;219;194;199;214;195;228;232;192;177;225;197;181;210;197;193;204,8.668621376273222e-13,2.2737367544323206e-13,0.0,0,0,0
2025-08-24,H24,108,18:00,2025-08-23,24.0,6,1213.3428422984077,1213.3428422984077,0.0,0.0,648.0759961053661,0.0,33811.49769466272,0.035519900000053894,0.0,1,1,fallback_q80_q20,193;178;213;232;211;228;191;213;217;185;214;204;197;192;225;227;223;212;225;207;228;182;200;216;224;222;225;211;227;229,7.958078640513122e-13,6.821210263296962e-13,0.0,0,0,0
2025-08-25,H24,0,00:00,2025-08-24,24.0,6,62560.01293583997,0.0,0.0,0.0,0.0,0.0,62560.017394849725,0.013762600000063685,0.0,1,1,fallback_q80_q20,232;227;233;226;181;230;197;233;232;208;229;204;226;215;230;220;190;170;223;216;173;184;203;204;233;230;230;232;173;186,7.958078640513122e-13,3.410605131648481e-13,0.0,0,0,0
2025-08-25,H24,36,06:00,2025-08-24,24.0,6,-3289.330693316633,763.6634236832703,4052.9941169999033,0.0,464.0249253824725,12083.266777469113,7918.186085829656,0.04167789999996785,0.0,1,1,fallback_q80_q20,190;224;231;198;190;191;229;219;212;233;208;210;223;232;227;182;188;223;216;232;217;181;185;215;202;229;197;191;218;229,9.094947017729282e-13,2.2737367544323206e-13,0.0,0,0,0
2025-08-25,H24,72,12:00,2025-08-24,24.0,6,3.640374925983224,706.638596370133,702.9982214441497,0.0,402.1149406451956,2460.9531416572554,13352.235024051808,0.043607000000065455,0.0,1,1,fallback_q80_q20,224;203;225;186;225;231;212;224;222;203;204;190;219;221;226;230;202;228;232;198;215;181;232;226;223;217;186;231;229;230,9.094947017729282e-13,2.2737367544323206e-13,0.0,0,0,0
2025-08-25,H24,108,18:00,2025-08-24,24.0,6,251.31642369581488,254.4520514380849,3.135627742270045,0.0,136.73214541472078,6.353211918285979,26277.04372074509,0.04520879999995486,0.0,1,1,fallback_q80_q20,224;204;218;197;181;230;226;217;180;186;207;182;217;223;233;195;218;221;226;188;232;206;214;230;221;198;229;216;210;191,8.526512829121202e-13,5.684341886080801e-13,0.0,0,0,0
2025-08-26,H24,0,00:00,2025-08-25,24.0,6,50966.88648667814,0.0,0.0,0.0,0.0,0.0,50966.89042979206,0.05557459999999992,0.0,1,1,fallback_q80_q20,187;177;218;233;200;211;206;192;208;221;207;229;213;228;208;213;233;226;180;229;203;203;226;175;210;229;231;210;173;215,9.094947017729282e-13,3.410605131648481e-13,0.0,0,0,0
2025-08-26,H24,36,06:00,2025-08-25,24.0,6,1197.2512196097005,1266.5428884398848,69.2916688301843,0.0,1471.823843516615,194.00808884889113,12293.450061700609,0.05726789999994253,0.0,1,1,fallback_q80_q20,232;227;218;233;212;225;229;218;197;180;215;234;219;202;193;182;177;223;213;233;229;190;205;231;230;223;181;211;224;218,9.094947017729282e-13,2.2737367544323206e-13,0.0,0,0,0
2025-08-26,H24,72,12:00,2025-08-25,24.0,6,483.3741429612898,903.5332299612887,420.1590869999989,0.0,544.1700298149913,1764.3094439025729,21082.398331289136,0.04259979999994812,0.0,1,1,fallback_q80_q20,232;192;222;233;225;205;225;229;218;233;218;187;200;204;226;209;181;207;173;221;227;218;224;226;224;221;233;218;216;228,8.526512829121202e-13,2.2737367544323206e-13,0.0,0,0,0
2025-08-26,H24,108,18:00,2025-08-25,24.0,6,193.56969118457445,203.72346350024912,10.153772315674665,0.0,115.6877279799644,21.69183763516662,31199.440546230675,0.04380369999989853,0.0,1,1,fallback_q80_q20,225;208;231;210;226;216;220;228;216;230;184;210;182;210;223;176;180;227;229;234;191;233;216;222;229;233;232;232;180;214,1.8189894035458565e-12,7.958078640513122e-13,0.0,0,0,0
2025-08-27,H24,0,00:00,2025-08-26,24.0,6,49818.01609807068,0.0,0.0,0.0,0.0,0.0,49818.02002622081,0.044366299999978764,0.0,1,1,fallback_q80_q20,223;233;233;219;230;205;219;217;225;208;180;233;203;234;226;204;207;204;212;203;219;225;211;232;216;199;213;219;210;208,9.094947017729282e-13,6.821210263296962e-13,0.0,0,0,0
2025-08-27,H24,36,06:00,2025-08-26,24.0,6,9801.446916029205,9805.863903217307,4.416987188101596,0.0,9871.751255781694,21.192344856615136,20805.508315277737,0.041700900000023466,0.0,1,1,fallback_q80_q20,230;205;235;184;180;224;226;217;230;233;200;225;188;204;215;205;212;233;218;219;224;214;233;230;199;228;221;175;223;235,6.821210263296962e-13,2.2737367544323206e-13,0.0,0,0,0
2025-08-27,H24,72,12:00,2025-08-26,24.0,6,-1485.5173354691642,56.34754245093097,1541.8648779200953,0.0,27.857321487570175,5078.503901870763,18373.186178554344,0.0422676999999112,0.0,1,1,fallback_q80_q20,216;225;233;212;235;196;216;217;195;199;226;201;232;233;234;174;224;202;205;235;222;188;218;223;210;209;233;229;218;222,1.8189894035458565e-12,2.2737367544323206e-13,0.0,0,0,0
2025-08-27,H24,108,18:00,2025-08-26,24.0,6,492.49953754378606,492.49953754378606,0.0,0.0,283.6107977528577,0.0,30230.480342694824,0.04336140000009436,0.0,1,1,fallback_q80_q20,224;176;225;222;181;194;206;218;226;201;221;230;222;233;201;231;214;224;231;231;233;217;225;231;224;226;181;183;216;235,1.0231815394945443e-12,2.2737367544323206e-13,0.0,0,0,0
2025-08-28,H24,0,00:00,2025-08-27,24.0,6,51111.398064884226,0.0,0.0,0.0,0.0,0.0,51111.401959859766,0.03873739999994541,0.0,1,1,fallback_q80_q20,230;220;222;190;227;219;193;235;188;229;220;233;199;222;227;211;235;232;232;222;215;221;222;236;212;227;184;214;214;235,8.810729923425242e-13,1.1368683772161603e-12,0.0,0,0,0
2025-08-28,H24,36,06:00,2025-08-27,24.0,6,4129.5822191022,4371.726697914388,242.1444788121883,0.0,4096.3371149565955,702.8352100569649,13407.781107091096,0.03770439999993869,2.71333397974976e-16,1,1,fallback_q80_q20,225;230;174;217;201;223;226;202;215;232;233;205;230;227;228;232;236;201;232;224;217;233;233;215;229;213;227;218;221;213,9.094947017729282e-13,2.2737367544323206e-13,0.0,0,0,0
2025-08-28,H24,72,12:00,2025-08-27,24.0,6,535.1142659833099,876.742013780683,341.6277477973731,0.0,591.4764011493628,992.8411653281959,8269.873059481211,0.0487402999999631,0.0,1,1,fallback_q80_q20,236;236;226;233;219;188;187;217;209;219;181;190;227;229;217;226;218;225;221;236;177;213;219;187;228;231;217;220;236;231,9.094947017729282e-13,2.2737367544323206e-13,0.0,0,0,0
2025-08-28,H24,108,18:00,2025-08-27,24.0,6,315.06070178256556,335.98841828132663,20.927716498761054,0.0,210.448605498039,36.95046697726332,17406.72374121755,0.04246669999997721,0.0,1,1,fallback_q80_q20,183;206;191;214;227;217;188;231;229;220;214;191;220;230;214;225;210;236;216;222;216;183;184;195;216;202;212;205;191;232,9.094947017729282e-13,4.547473508864641e-13,0.0,0,0,0
2025-08-29,H24,0,00:00,2025-08-28,24.0,6,36680.67121371804,0.0,0.0,0.0,0.0,0.0,36680.67457690884,0.034813699999972414,0.0,1,1,fallback_q80_q20,183;201;229;231;223;232;189;225;236;223;201;232;220;208;213;188;237;229;234;222;237;231;225;209;226;234;237;199;218;183,8.526512829121202e-13,6.821210263296962e-13,0.0,0,0,0
2025-08-29,H24,36,06:00,2025-08-28,24.0,6,-1453.2680671065245,24.70202868347019,1477.9700957899947,0.0,12.208480333837542,3930.502384869449,7553.217314009996,0.048621799999978066,0.0,1,1,fallback_q80_q20,197;237;213;223;231;221;195;214;206;223;196;196;233;231;236;228;237;223;227;224;228;229;199;229;237;232;196;189;216;226,3.637978807091713e-12,1.1368683772161603e-13,0.0,0,0,0
2025-08-29,H24,72,12:00,2025-08-28,24.0,6,-729.2969421452707,0.0,729.2969421452707,0.0,0.0,1424.05395304213,6231.711603309096,0.06500849999997627,0.0,1,1,fallback_q80_q20,217;224;227;199;237;191;225;232;176;225;227;227;232;184;210;188;211;220;210;236;209;231;231;203;175;233;235;189;228;191,1.8189894035458565e-12,2.2168933355715126e-12,0.0,0,0,0
2025-08-29,H24,108,18:00,2025-08-28,24.0,6,-1067.7394822220033,0.0,1067.7394822220033,0.0,0.0,2142.235602669153,10088.529181167602,0.041107000000010885,0.0,1,1,fallback_q80_q20,226;176;220;231;226;188;189;195;230;231;231;214;236;212;218;183;223;221;187;236;188;192;231;230;194;192;237;197;230;208,9.094947017729282e-13,1.5916157281026244e-12,0.0,0,0,0
2025-08-30,H24,0,00:00,2025-08-29,24.0,6,31765.784799073066,0.0,0.0,0.0,0.0,0.0,31765.788776635814,0.04523530000005849,0.0,1,1,fallback_q80_q20,188;223;238;178;207;233;229;203;220;203;230;185;234;235;172;208;188;218;230;236;196;225;233;200;221;216;234;221;231;204,7.958078640513122e-13,4.092726157978177e-12,0.0,0,0,0
2025-08-30,H24,36,06:00,2025-08-29,24.0,6,-1006.6785898095816,0.0,1006.6785898095816,0.0,0.0,2616.1783302280155,8071.807233522338,0.039655400000015106,0.0,1,1,fallback_q80_q20,206;233;214;199;210;212;209;186;238;217;218;204;234;230;217;216;234;199;171;233;198;199;227;188;183;211;213;214;211;199,7.958078640513122e-13,1.4210854715202004e-13,0.0,0,0,0
2025-08-30,H24,72,12:00,2025-08-29,24.0,6,-554.3801994530673,0.0,554.3801994530673,0.0,0.0,1226.961796873094,10896.936460002113,0.05102370000008705,0.0,1,1,fallback_q80_q20,233;237;220;189;228;236;234;213;231;231;171;228;190;178;234;195;201;208;215;216;238;212;213;222;235;194;209;237;228;215,1.8189894035458565e-12,1.2008172234345693e-12,0.0,0,0,0
2025-08-30,H24,108,18:00,2025-08-29,24.0,6,199.53392590981582,230.6729056124032,31.138979702587406,0.0,157.63659114764516,90.6994429788333,23427.303620727962,0.05372809999994388,0.0,1,1,fallback_q80_q20,220;204;238;228;208;225;200;183;216;234;209;228;215;186;209;238;225;197;223;214;222;227;204;237;194;218;223;219;225;206,1.8189894035458565e-12,2.8421709430404007e-13,1.8189894035458565e-12,0,0,0
2025-08-31,H24,0,00:00,2025-08-30,24.0,6,47697.091428042455,0.0,0.0,0.0,0.0,0.0,47697.09518711708,0.0412612000000081,0.0,1,1,fallback_q80_q20,229;231;220;234;172;187;235;227;229;226;233;239;221;228;187;228;172;224;236;213;215;235;232;216;200;208;238;206;234;235,8.668621376273222e-13,4.547473508864641e-13,0.0,0,0,0
2025-08-31,H24,36,06:00,2025-08-30,24.0,6,657.5679504444402,788.5395844578626,130.9716340134225,0.0,1063.2824109164749,428.7286120889804,11712.035661668586,0.040669699999966724,0.0,1,1,fallback_q80_q20,194;219;239;186;230;235;208;237;228;212;206;235;233;206;213;216;229;238;238;233;232;203;234;230;201;186;196;239;232;219,9.094947017729282e-13,2.2737367544323206e-13,0.0,0,0,0
2025-08-31,H24,72,12:00,2025-08-30,24.0,6,2538.993110968714,2541.6308910586586,2.6377800899443407,0.0,2006.00002390509,12.566841781535686,15904.949967213272,0.04310459999999239,0.0,1,1,fallback_q80_q20,238;231;226;230;228;232;238;234;207;172;224;230;237;196;235;231;222;238;193;234;232;231;203;234;225;186;236;172;208;186,9.094947017729282e-13,2.2737367544323206e-13,0.0,0,0,0
2025-08-31,H24,108,18:00,2025-08-30,24.0,6,1841.7210368323815,1841.7210368323815,0.0,0.0,1014.988171725662,0.0,36273.23619684043,0.013993700000014542,0.0,1,1,fallback_q80_q20,234;236;221;235;172;172;219;207;172;194;233;234;200;189;217;206;206;231;216;171;219;235;235;201;213;229;235;235;194;171,8.242295734817162e-13,6.821210263296962e-13,0.0,0,0,0
2025-09-01,H24,0,00:00,2025-08-31,24.0,6,55071.51715015707,0.0,0.0,0.0,0.0,0.0,55071.5213280764,0.03515909999998712,0.0,1,1,fallback_q80_q20,204;225;230;196;240;180;221;214;229;226;197;198;240;237;215;217;209;233;237;238;203;236;212;219;238;239;224;238;200;213,8.206768598029157e-13,7.958078640513122e-13,0.0,0,0,0
2025-09-01,H24,36,06:00,2025-08-31,24.0,6,-2189.9663443199033,754.3936183421758,2944.359962662079,0.0,423.2050731971559,9062.360816510109,8650.452309304457,0.04254240000000209,0.0,1,1,fallback_q80_q20,221;198;232;215;228;229;224;233;229;219;214;225;235;236;218;231;236;212;226;240;226;187;214;194;226;210;227;209;187;194,8.810729923425242e-13,2.2737367544323206e-13,0.0,0,0,0
2025-09-01,H24,72,12:00,2025-08-31,24.0,6,183.99987827809264,841.0472253399464,657.0473470618538,0.0,774.2725096355156,2785.3841181627117,19316.49994169625,0.062172199999963595,0.0,1,1,fallback_q80_q20,225;196;218;229;231;236;218;233;220;217;218;227;230;181;222;232;219;226;240;209;214;240;232;212;208;224;220;226;207;236,8.526512829121202e-13,2.2737367544323206e-13,0.0,0,0,0
2025-09-01,H24,108,18:00,2025-08-31,24.0,6,-1351.706830475415,0.0,1351.706830475415,0.0,0.0,2609.06698833915,31948.92464211541,0.03759730000001582,0.0,1,1,fallback_q80_q20,212;240;199;192;231;240;188;235;228;223;209;210;230;182;238;232;191;232;206;177;177;229;238;239;204;182;220;230;225;212,7.958078640513122e-13,4.547473508864641e-13,0.0,0,0,0
2025-09-02,H24,0,00:00,2025-09-01,24.0,6,48806.16071196128,0.0,0.0,0.0,0.0,0.0,48806.1646402525,0.03814260000001468,0.0,1,1,fallback_q80_q20,228;208;231;215;218;196;221;211;217;240;241;232;234;216;214;236;219;205;239;235;237;195;236;231;233;224;232;238;218;214,9.094947017729282e-13,1.1368683772161603e-12,0.0,0,0,0
2025-09-02,H24,36,06:00,2025-09-01,24.0,6,4166.525532395747,4249.326406278975,82.80087388322791,0.0,3988.2134865378607,293.4131323541659,14823.21237647233,0.04650770000000648,0.0,1,1,fallback_q80_q20,235;218;227;226;232;238;238;232;224;223;214;232;194;236;231;238;238;238;231;235;231;219;217;233;238;223;180;204;236;188,9.094947017729282e-13,2.2737367544323206e-13,0.0,0,0,0
2025-09-02,H24,72,12:00,2025-09-01,24.0,6,-1763.828245213048,17.09835811275298,1780.926603325801,0.0,8.45051924420045,5651.9654707764075,12149.048717607458,0.04415240000002996,0.0,1,1,fallback_q80_q20,232;204;215;240;215;239;221;188;239;227;190;221;198;232;199;239;238;236;238;221;228;219;237;232;210;238;241;233;183;204,8.526512829121202e-13,2.2737367544323206e-13,0.0,0,0,0
2025-09-02,H24,108,18:00,2025-09-01,24.0,6,-1021.8869502180603,0.0,1021.8869502180603,0.0,0.0,2006.0458496855613,23069.61950802039,0.049967400000014095,0.0,1,1,fallback_q80_q20,212;223;237;239;229;233;239;223;215;223;226;192;238;238;238;211;220;208;181;195;224;238;217;201;229;237;241;236;198;241,9.094947017729282e-13,7.958078640513122e-13,0.0,0,0,0
2025-09-03,H24,0,00:00,2025-09-02,24.0,6,51616.23504575803,0.0,0.0,0.0,0.0,0.0,51616.23911184926,0.03796269999998003,0.0,1,1,fallback_q80_q20,236;234;231;233;217;218;217;230;237;203;241;226;210;195;242;228;221;223;232;203;242;215;237;221;219;225;219;234;181;240,7.958078640513122e-13,2.2737367544323206e-13,0.0,0,0,0
2025-09-03,H24,36,06:00,2025-09-02,24.0,6,293.9027591623576,1579.9070008198823,1286.0042416575247,0.0,1014.553608772844,4183.676084377788,11057.798653977969,0.04399220000004789,0.0,1,1,fallback_q80_q20,235;219;234;218;202;242;187;240;225;218;242;182;198;210;214;229;203;240;219;224;181;240;193;223;211;239;234;202;218;210,9.094947017729282e-13,2.2737367544323206e-13,0.0,0,0,0
2025-09-03,H24,72,12:00,2025-09-02,24.0,6,-1068.0421867174955,0.0,1068.0421867174955,0.0,0.0,3274.5889929501745,18843.453455762246,0.05304769999997916,0.0,1,1,fallback_q80_q20,240;229;215;214;232;212;182;229;184;228;230;196;203;231;240;238;236;182;217;197;227;237;208;216;212;190;203;201;184;240,1.8189894035458565e-12,2.2737367544323206e-13,0.0,0,0,0
2025-09-03,H24,108,18:00,2025-09-02,24.0,6,-616.1253785377291,0.0,616.1253785377291,0.0,0.0,1190.4398057141868,22763.501818229925,0.04068229999995765,0.0,1,1,fallback_q80_q20,193;235;221;231;233;231;240;220;191;225;238;213;213;209;233;218;224;239;239;237;228;236;201;218;180;229;239;189;199;232,9.094947017729282e-13,7.958078640513122e-13,0.0,0,0,0
2025-09-04,H24,0,00:00,2025-09-03,24.0,6,49321.907326054985,0.0,0.0,0.0,0.0,0.0,49321.91151953574,0.03965359999995144,0.0,1,1,fallback_q80_q20,225;225;240;229;236;221;214;243;195;240;238;238;214;237;194;183;237;240;223;194;237;212;205;197;243;203;217;243;234;233,9.094947017729282e-13,7.958078640513122e-13,0.0,0,0,0
2025-09-04,H24,36,06:00,2025-09-03,24.0,6,-427.2745427523047,466.2205077511478,893.4950505034525,0.0,305.76552999595856,3178.6075776823636,8675.664104491425,0.04212840000002416,0.0,1,1,fallback_q80_q20,223;225;236;184;210;223;194;229;222;230;243;226;187;225;241;182;218;238;184;230;205;238;227;238;222;242;240;233;225;208,7.958078640513122e-13,2.2737367544323206e-13,0.0,0,0,0
2025-09-04,H24,72,12:00,2025-09-03,24.0,6,-930.6963136640954,0.0,930.6963136640954,0.0,0.0,2945.441695368074,8492.347034435172,0.04203799999993407,0.0,1,1,fallback_q80_q20,226;220;211;233;234;238;235;240;219;205;230;223;197;216;237;217;231;219;236;212;187;232;239;233;237;222;217;226;194;229,1.0231815394945443e-12,2.2737367544323206e-13,0.0,0,0,0
2025-09-04,H24,108,18:00,2025-09-03,24.0,6,-661.825666280102,0.0,661.825666280102,0.0,0.0,1293.8269616899406,13427.638658644555,0.04503080000006321,0.0,1,1,fallback_q80_q20,238;237;223;223;212;235;208;229;221;238;222;208;226;231;208;198;231;241;229;221;227;238;212;239;230;225;222;239;189;224,9.094947017729282e-13,5.684341886080801e-13,0.0,0,0,0
2025-09-05,H24,0,00:00,2025-09-04,24.0,6,32662.27819855979,0.0,0.0,0.0,0.0,0.0,32662.282059893125,0.08129129999997531,0.0,1,1,fallback_q80_q20,183;215;187;240;226;209;240;240;207;231;226;216;205;222;236;230;219;207;241;184;238;209;231;221;191;229;214;238;242;229,9.094947017729282e-13,6.821210263296962e-13,0.0,0,0,0
2025-09-05,H24,36,06:00,2025-09-04,24.0,6,-1092.0408584746385,0.0,1092.0408584746385,0.0,0.0,2290.2829506354883,6478.545462373165,0.046326499999963744,0.0,1,1,fallback_q80_q20,229;200;207;238;241;222;239;216;194;217;219;244;238;236;231;240;230;223;188;187;215;244;228;230;241;233;241;233;242;243,1.0231815394945443e-12,1.4210854715202004e-13,0.0,0,0,0
2025-09-05,H24,72,12:00,2025-09-04,24.0,6,-953.0771222150844,0.0,953.0771222150844,0.0,0.0,1961.9712896448568,5621.8746270166375,0.03598879999992732,0.0,1,1,fallback_q80_q20,182;240;235;203;238;244;233;229;236;221;232;221;206;238;211;243;225;243;205;213;233;200;216;204;225;202;195;220;236;200,8.526512829121202e-13,1.1368683772161603e-13,0.0,0,0,0
2025-09-05,H24,108,18:00,2025-09-04,24.0,6,-2326.0190666641174,0.0,2326.0190666641174,0.0,0.0,4705.371373743313,9091.683414149245,0.04807230000005802,0.0,1,1,fallback_q80_q20,213;196;224;238;208;235;229;181;229;202;194;212;237;244;243;184;231;229;220;237;197;244;220;233;239;205;224;232;234;218,8.526512829121202e-13,1.6484591469634324e-12,0.0,0,0,0
2025-09-06,H24,0,00:00,2025-09-05,24.0,6,26654.515766195836,0.0,0.0,0.0,0.0,0.0,26654.519627529167,0.04294500000003154,0.0,1,1,fallback_q80_q20,196;230;212;235;215;229;191;241;238;230;241;230;245;195;215;245;207;241;234;200;241;241;217;245;234;229;227;236;219;231,4.405364961712621e-12,6.821210263296962e-13,0.0,0,0,0
2025-09-06,H24,36,06:00,2025-09-05,24.0,6,97.68729887760625,293.6664907343935,195.97919185678725,0.0,165.02990580882397,485.6625436215624,8381.061342264466,0.05014039999991837,0.0,1,1,fallback_q80_q20,222;190;227;241;230;238;194;207;242;186;230;241;212;241;221;229;194;241;245;206;245;239;234;234;241;239;204;223;227;197,1.2732925824820995e-11,1.1368683772161603e-13,0.0,0,0,0
2025-09-06,H24,72,12:00,2025-09-05,24.0,6,-348.23268013413696,0.0,348.23268013413696,0.0,0.0,702.2763093755714,8508.433942492698,0.05103289999999561,0.0,1,1,fallback_q80_q20,203;214;227;242;234;230;217;205;229;207;197;245;220;241;220;244;209;223;222;200;233;211;241;212;242;238;233;242;191;238,9.094947017729282e-13,1.5276668818842154e-13,0.0,0,0,0
2025-09-06,H24,108,18:00,2025-09-05,24.0,6,-1638.7090480994068,0.0,1638.7090480994068,0.0,0.0,3204.4974369655965,23044.86653499009,0.03765850000002047,0.0,1,1,fallback_q80_q20,217;224;234;202;223;237;198;231;178;199;244;240;219;205;221;232;221;202;237;237;218;233;218;241;240;223;218;241;194;190,1.8189894035458565e-12,1.3073986337985843e-12,0.0,0,0,0
2025-09-07,H24,0,00:00,2025-09-06,24.0,6,40667.06686115095,0.0,0.0,0.0,0.0,0.0,40667.07058575686,0.03341530000000148,0.0,1,1,fallback_q80_q20,244;208;235;222;243;186;232;239;212;217;228;178;241;197;236;215;209;185;234;228;235;239;241;200;192;238;220;241;230;242,9.094947017729282e-13,1.1368683772161603e-12,0.0,0,0,0
2025-09-07,H24,36,06:00,2025-09-06,24.0,6,4671.190877151011,4752.048613620079,80.85773646906847,0.0,5931.7849908113185,221.032401086219,13835.251485543788,0.06317089999993186,0.0,1,1,fallback_q80_q20,221;226;210;232;221;206;217;235;202;213;246;179;246;203;221;224;233;217;238;237;213;194;235;230;240;229;215;246;234;212,8.65085780787922e-13,2.2737367544323206e-13,0.0,0,0,0
2025-09-07,H24,72,12:00,2025-09-06,24.0,6,971.6252109386376,1586.258553129583,614.6333421909455,0.0,1029.2697195062813,2470.5330032938577,13082.279338583481,0.04713079999999081,0.0,1,1,fallback_q80_q20,201;203;227;242;235;196;234;230;245;204;244;236;220;241;201;240;232;235;241;222;219;238;228;221;240;239;218;243;242;227,8.597567102697212e-13,2.2737367544323206e-13,0.0,0,0,0
2025-09-07,H24,108,18:00,2025-09-06,24.0,6,689.9334030507441,692.8850555853006,2.9516525345565086,0.0,386.8489437177793,13.821833456129752,24592.865394463955,0.040288899999950445,0.0,1,1,fallback_q80_q20,242;242;223;228;191;239;238;224;242;205;208;229;220;179;220;219;213;238;215;207;244;223;234;208;241;244;233;221;235;246,7.958078640513122e-13,6.821210263296962e-13,0.0,0,0,0
2025-09-08,H24,0,00:00,2025-09-07,24.0,6,45423.08387620951,0.0,0.0,0.0,0.0,0.0,45423.0878126421,0.033207599999968807,0.0,1,1,fallback_q80_q20,200;237;230;228;242;227;227;206;187;237;224;238;236;238;244;246;238;224;247;242;238;225;244;211;223;226;232;237;239;202,8.384404281969182e-13,2.2737367544323206e-13,0.0,0,0,0
2025-09-08,H24,36,06:00,2025-09-07,24.0,6,-563.1301374050652,295.82140404323616,858.9515414483013,0.0,272.23817038162383,2914.693909425928,8762.307550452244,0.04535520000001725,0.0,1,1,fallback_q80_q20,190;218;220;238;236;244;247;222;232;229;236;243;233;240;228;244;215;209;244;234;233;247;240;237;247;229;194;201;242;244,8.881784197001252e-13,2.2737367544323206e-13,0.0,0,0,0
2025-09-08,H24,72,12:00,2025-09-07,24.0,6,709.0126128480379,1164.3153462866153,455.30273343857743,0.0,1114.5758966639037,2030.7349936922956,12083.131467558427,0.045906000000059066,0.0,1,1,fallback_q80_q20,243;217;190;204;247;237;240;236;202;198;238;204;230;244;236;246;237;236;240;226;225;229;206;231;244;243;220;228;227;236,9.094947017729282e-13,2.2737367544323206e-13,0.0,0,0,0
2025-09-08,H24,108,18:00,2025-09-07,24.0,6,2304.4186757191096,2304.4186757191096,0.0,0.0,1303.8047431271032,0.0,27075.96086553283,0.03901199999995697,0.0,1,1,fallback_q80_q20,231;245;236;238;207;208;217;218;213;244;238;207;232;238;206;214;246;246;235;247;247;238;219;247;209;227;230;219;242;211,9.094947017729282e-13,2.2737367544323206e-13,0.0,0,0,0
2025-09-09,H24,0,00:00,2025-09-08,24.0,6,37852.005646325044,0.0,0.0,0.0,0.0,0.0,37852.009507658375,0.03630810000004203,0.0,1,1,fallback_q80_q20,208;240;237;229;239;227;246;245;227;243;243;239;239;205;239;243;213;207;225;247;191;246;223;213;226;224;232;190;242;213,8.526512829121202e-13,6.821210263296962e-13,0.0,0,0,0
2025-09-09,H24,36,06:00,2025-09-08,24.0,6,3849.773573663057,3928.036456347125,78.26288268406799,0.0,4221.954862445777,243.30966557496743,13416.76295803076,0.045878500000071654,0.0,1,1,fallback_q80_q20,220;240;247;218;248;228;234;220;243;244;233;216;235;219;246;247;248;216;231;211;243;227;246;205;211;237;198;220;213;202,8.952838470577262e-13,2.2737367544323206e-13,0.0,0,0,0
2025-09-09,H24,72,12:00,2025-09-08,24.0,6,-75.32737041097357,675.407040019205,750.7344104301786,0.0,467.8880122373593,2826.3213791567787,9766.745224318885,0.05077610000000732,0.0,1,1,fallback_q80_q20,224;248;218;244;241;233;209;208;246;240;229;244;244;216;244;229;238;198;226;235;216;221;240;232;241;246;234;204;230;224,8.402167850363185e-13,2.2737367544323206e-13,0.0,0,0,0
2025-09-09,H24,108,18:00,2025-09-08,24.0,6,1700.1107044257406,1700.1107044257406,0.0,0.0,938.9073967215388,0.0,31442.902111492087,0.01641570000003867,2.3140222834342416e-16,1,1,fallback_q80_q20,244;244;204;228;230;198;189;210;200;231;201;239;246;219;238;213;211;244;221;238;226;230;206;230;215;244;243;239;220;231,9.094947017729282e-13,4.547473508864641e-13,0.0,0,0,0
2025-09-10,H24,0,00:00,2025-09-09,24.0,6,48784.556690732235,0.0,0.0,0.0,0.0,0.0,48784.56088389891,0.015590299999985291,0.0,1,1,fallback_q80_q20,190;244;235;223;234;200;214;227;232;246;224;190;247;201;239;200;191;239;232;232;228;200;205;219;244;217;228;231;218;212,9.094947017729282e-13,4.547473508864641e-13,0.0,0,0,0
2025-09-10,H24,36,06:00,2025-09-09,24.0,6,-3439.1292339151064,0.0,3439.1292339151064,0.0,0.0,9705.659099592152,5834.408776492622,0.04858579999995527,0.0,1,1,fallback_q80_q20,197;198;233;217;220;248;232;247;242;215;229;247;242;245;243;247;244;234;210;241;225;210;232;241;220;212;238;227;243;249,9.094947017729282e-13,2.2737367544323206e-13,0.0,0,0,0
2025-09-10,H24,72,12:00,2025-09-09,24.0,6,4972.888228517726,5011.763428815404,38.87520029767831,0.0,4143.526778299996,171.174922541135,23717.87939662531,0.04057009999996808,0.0,1,1,fallback_q80_q20,231;245;247;235;229;238;237;238;220;218;221;233;245;219;239;243;203;247;236;195;235;225;217;231;249;245;219;245;246;247,9.094947017729282e-13,2.2737367544323206e-13,0.0,0,0,0
2025-09-10,H24,108,18:00,2025-09-09,24.0,6,924.1822565392115,924.1822565392115,0.0,0.0,519.5465509098642,0.0,26860.016564964568,0.04170659999999771,0.0,1,1,fallback_q80_q20,236;240;233;208;210;214;222;207;216;235;187;241;194;241;197;232;240;245;232;236;189;233;246;246;216;228;248;201;203;243,9.094947017729282e-13,5.684341886080801e-13,0.0,0,0,0
2025-09-11,H24,0,00:00,2025-09-10,24.0,6,45734.19143815171,0.0,0.0,0.0,0.0,0.0,45734.19557107285,0.03505889999996725,0.0,1,1,fallback_q80_q20,187;249;209;198;243;230;203;248;250;222;189;248;250;222;240;248;201;222;231;250;191;244;246;229;214;196;206;233;246;245,8.242295734817162e-13,1.2505552149377763e-12,0.0,0,0,0
2025-09-11,H24,36,06:00,2025-09-10,24.0,6,-1443.8101943809952,1400.0029286283575,2843.8131230093527,0.0,1132.7055114815669,10207.782592559064,6318.487183572692,0.041953499999976884,0.0,1,1,fallback_q80_q20,195;195;247;248;202;222;188;249;203;244;237;233;248;201;218;237;229;246;248;246;245;221;243;212;235;205;242;246;188;235,8.837375276016246e-13,2.2737367544323206e-13,0.0,0,0,0
2025-09-11,H24,72,12:00,2025-09-10,24.0,6,-395.42260792432097,57.53560654270194,452.9582144670229,0.0,28.415293581989317,1652.012243978831,6059.676022658032,0.06836620000001403,0.0,1,1,fallback_q80_q20,204;244;248;213;245;240;224;188;248;237;240;232;196;196;247;243;239;202;213;196;246;239;206;221;229;233;230;229;248;250,1.8616219676914625e-12,2.2737367544323206e-13,0.0,0,0,0
2025-09-11,H24,108,18:00,2025-09-10,24.0,6,633.2883195579959,633.2883195579959,0.0,0.0,353.845155444165,0.0,12450.760663675836,0.054900699999961944,0.0,1,1,fallback_q80_q20,231;250;189;245;243;247;189;222;211;241;212;228;233;237;194;245;237;237;237;237;235;209;195;250;246;247;225;250;244;241,2.7284841053187847e-12,1.1368683772161603e-12,0.0,0,0,0
2025-09-12,H24,0,00:00,2025-09-11,24.0,6,26391.723035251078,0.0,0.0,0.0,0.0,0.0,26391.726896584412,0.03822319999994761,0.0,1,1,fallback_q80_q20,233;209;249;210;250;236;247;246;226;236;219;215;220;198;232;248;226;221;230;227;241;247;246;215;233;250;241;233;236;219,1.0231815394945443e-12,5.684341886080801e-13,0.0,0,0,0
2025-09-12,H24,36,06:00,2025-09-11,24.0,6,1030.1836602969975,1299.7644535994984,269.5807933025009,0.0,757.5724348790113,668.9243085339705,7324.200604640781,0.04124160000003485,0.0,1,1,fallback_q80_q20,250;251;221;229;234;229;233;251;236;223;239;250;239;223;239;194;211;235;218;226;208;235;238;228;242;248;191;250;223;244,7.958078640513122e-13,1.1368683772161603e-13,0.0,0,0,0
2025-09-12,H24,72,12:00,2025-09-11,24.0,6,-1444.988158255416,0.0,1444.988158255416,0.0,0.0,2838.144856514502,7992.993630732922,0.04380709999998089,0.0,1,1,fallback_q80_q20,243;248;226;251;217;227;201;243;247;250;229;243;244;247;247;220;203;243;250;210;249;245;218;239;247;198;191;245;191;232,1.3358203432289883e-12,1.1368683772161603e-13,0.0,0,0,0
2025-09-12,H24,108,18:00,2025-09-11,24.0,6,-1202.6647773562986,0.0,1202.6647773562986,0.0,0.0,2430.2184235141094,8361.182535468628,0.04790780000007544,0.0,1,1,fallback_q80_q20,245;245;225;195;220;238;225;203;245;246;243;221;240;247;250;248;206;247;251;246;240;222;248;214;229;247;233;231;247;241,9.094947017729282e-13,1.8758328224066645e-12,0.0,0,0,0
2025-09-13,H24,0,00:00,2025-09-12,24.0,6,24196.750231530998,0.0,0.0,0.0,0.0,0.0,24196.754077376583,0.041039200000000164,0.0,1,1,fallback_q80_q20,234;241;243;248;219;241;245;248;220;207;197;225;234;235;225;249;201;247;241;207;247;218;205;207;186;219;215;200;211;248,9.094947017729282e-13,1.4210854715202004e-13,0.0,0,0,0
2025-09-13,H24,36,06:00,2025-09-12,24.0,6,-219.73019306874832,44.66043303214949,264.3906261008978,0.0,23.94638304544719,645.7232162001875,7411.0399973153535,0.03909889999999905,0.0,1,1,fallback_q80_q20,225;223;242;251;247;241;233;185;211;219;237;241;225;245;228;252;213;250;249;248;241;240;235;249;233;242;211;222;251;228,3.637978807091713e-12,1.1368683772161603e-13,0.0,0,0,0
2025-09-13,H24,72,12:00,2025-09-12,24.0,6,-367.31075471142793,0.0,367.31075471142793,0.0,0.0,674.8025625672362,10642.151375441452,0.06327510000005532,0.0,1,1,fallback_q80_q20,252;239;232;249;250;234;216;204;214;236;208;201;227;210;220;203;206;246;221;231;248;200;248;214;216;229;251;237;239;245,9.094947017729282e-13,2.2737367544323206e-13,0.0,0,0,0
2025-09-13,H24,108,18:00,2025-09-12,24.0,6,-217.60842681377596,0.0,217.60842681377596,0.0,0.0,457.8916165945733,35306.77606035418,0.033161100000029364,0.0,1,1,fallback_q80_q20,203;249;242;236;234;252;198;217;201;242;239;241;237;244;228;197;251;235;202;211;230;248;186;251;233;228;252;238;231;245,1.822542117224657e-12,2.2737367544323206e-13,0.0,0,0,0
2025-09-14,H24,0,00:00,2025-09-13,24.0,6,42010.24294962238,0.0,0.0,0.0,0.0,0.0,42010.246966005936,0.036267699999939396,0.0,1,1,fallback_q80_q20,252;250;192;218;241;249;240;244;213;249;244;248;217;252;250;185;220;240;209;210;245;242;251;235;239;244;250;217;231;210,9.094947017729282e-13,1.1368683772161603e-12,0.0,0,0,0
2025-09-14,H24,36,06:00,2025-09-13,24.0,6,-1127.0452089952016,516.2183850709771,1643.2635940661787,0.0,298.771686339854,5448.15164848072,8355.19340651984,0.041265399999929286,0.0,1,1,fallback_q80_q20,251;235;214;241;232;232;230;227;250;240;247;245;218;240;226;231;248;222;234;207;227;249;249;213;185;243;252;212;249;203,9.094947017729282e-13,2.2737367544323206e-13,0.0,0,0,0
2025-09-14,H24,72,12:00,2025-09-13,24.0,6,4673.855630702831,4721.786335995495,47.930705292663966,0.0,3528.7671810244083,210.63812477549533,15618.247871386056,0.05030099999999038,0.0,1,1,fallback_q80_q20,241;214;238;203;250;237;253;244;249;193;226;232;205;186;186;239;252;246;220;227;248;250;231;222;248;215;202;232;228;202,9.094947017729282e-13,2.2737367544323206e-13,0.0,0,0,0
2025-09-14,H24,108,18:00,2025-09-13,24.0,6,3010.560369827344,3010.560369827344,0.0,0.0,1634.0771898465641,0.0,27892.44309250811,0.04480660000001535,0.0,1,1,fallback_q80_q20,235;225;229;230;199;193;248;245;205;233;226;249;249;253;198;241;242;248;235;253;224;249;246;227;253;251;245;230;233;202,1.0231815394945443e-12,9.094947017729282e-13,0.0,0,0,0
2025-09-15,H24,0,00:00,2025-09-14,24.0,6,39762.85953597839,0.0,0.0,0.0,0.0,0.0,39762.863440212575,0.04176669999992555,0.0,1,1,fallback_q80_q20,195;232;205;236;211;221;248;243;252;250;232;245;238;234;196;228;243;232;198;247;241;254;245;229;198;223;251;250;234;248,9.094947017729282e-13,3.410605131648481e-13,0.0,0,0,0
2025-09-15,H24,36,06:00,2025-09-14,24.0,6,1081.2156153021979,1106.281563846036,25.065948543838132,0.0,987.6023834083142,81.19711301188681,10366.713716760913,0.047350000000051296,0.0,1,1,fallback_q80_q20,237;194;238;236;252;222;239;245;224;201;244;253;241;245;213;244;252;251;251;215;211;247;243;253;230;246;253;243;253;216,9.094947017729282e-13,2.2737367544323206e-13,0.0,0,0,0
2025-09-15,H24,72,12:00,2025-09-14,24.0,6,743.2849094352973,829.9109035273902,86.62599409209287,0.0,610.9776558454348,400.60687974948667,11065.231395733024,0.04139739999993708,0.0,1,1,fallback_q80_q20,252;233;205;252;247;240;251;253;243;252;251;239;253;224;239;254;235;251;245;239;201;253;250;253;227;191;205;247;247;253,9.094947017729282e-13,2.2737367544323206e-13,0.0,0,0,0
2025-09-15,H24,108,18:00,2025-09-14,24.0,6,56.15862522184659,131.29479358469447,75.13616836284788,0.0,66.43274061944805,156.44957006601442,30904.456654802707,0.034798299999920346,0.0,1,1,fallback_q80_q20,253;244;240;253;204;251;241;252;250;249;242;224;242;218;242;249;249;244;223;218;238;232;218;205;196;203;244;239;252;242,9.094947017729282e-13,2.8421709430404007e-13,0.0,0,0,0
2025-09-16,H24,0,00:00,2025-09-15,24.0,6,47393.169675955374,0.0,0.0,0.0,0.0,0.0,47393.17389029358,0.032173400000033325,0.0,1,1,fallback_q80_q20,246;227;226;253;248;229;242;246;231;222;253;251;244;232;232;252;218;245;254;244;251;237;211;247;227;239;243;235;243;248,9.094947017729282e-13,3.410605131648481e-13,0.0,0,0,0
2025-09-16,H24,36,06:00,2025-09-15,24.0,6,-510.66038022263785,526.5090732307839,1037.1694534534217,0.0,373.0461472153522,2931.902641751537,9060.701856849755,0.041866299999924195,0.0,1,1,fallback_q80_q20,237;220;232;209;248;227;251;230;208;216;245;246;254;251;215;254;250;244;232;231;222;250;250;230;208;208;253;255;252;244,9.094947017729282e-13,2.2737367544323206e-13,0.0,0,0,0
2025-09-16,H24,72,12:00,2025-09-15,24.0,6,84.35016552799789,984.9720336020771,900.6218680740792,0.0,619.3150359319691,3628.6671442391225,13005.066317751176,0.0486746999999923,0.0,1,1,fallback_q80_q20,252;253;211;247;237;236;236;233;226;234;253;229;205;242;229;243;214;240;208;206;202;204;204;235;229;255;240;248;211;244,9.094947017729282e-13,2.2737367544323206e-13,0.0,0,0,0
2025-09-16,H24,108,18:00,2025-09-15,24.0,6,632.1208769208945,632.1208769208945,0.0,0.0,360.00088342926483,0.0,33081.02359510968,0.03043789999992441,0.0,1,1,fallback_q80_q20,218;239;249;194;236;217;203;247;218;226;255;210;236;247;241;250;230;219;253;255;230;224;250;203;238;245;238;251;243;203,9.094947017729282e-13,4.547473508864641e-13,0.0,0,0,0
2025-09-17,H24,0,00:00,2025-09-16,24.0,6,46031.040665685796,0.0,0.0,0.0,0.0,0.0,46031.04480150881,0.03691330000003745,0.0,1,1,fallback_q80_q20,247;225;232;246;253;232;255;205;252;217;252;238;250;239;201;255;243;246;254;243;248;243;248;245;214;219;203;248;239;233,9.094947017729282e-13,2.2737367544323206e-13,0.0,0,0,0
2025-09-17,H24,36,06:00,2025-09-16,24.0,6,1031.3647943553983,1610.576831340642,579.2120369852438,0.0,1272.9438783617716,1651.3514962723343,10600.240100058247,0.04194870000003448,0.0,1,1,fallback_q80_q20,226;195;234;230;223;241;204;248;202;246;241;222;250;210;254;197;251;252;245;195;246;254;252;207;210;203;201;255;232;256,9.094947017729282e-13,2.2737367544323206e-13,0.0,0,0,0
2025-09-17,H24,72,12:00,2025-09-16,24.0,6,-796.585511262369,118.48198332688908,915.0674945892581,0.0,69.5727798538374,3036.992967255079,22569.535035154546,0.06823029999998198,0.0,1,1,fallback_q80_q20,222;247;246;252;248;210;246;241;241;240;213;234;253;253;237;253;247;201;236;230;238;238;235;243;211;224;241;230;251;229,1.3642420526593924e-12,2.2737367544323206e-13,0.0,0,0,0
2025-09-17,H24,108,18:00,2025-09-16,24.0,6,585.2968473518174,588.4357685340109,3.138921182193504,0.0,308.95506745301583,14.954364850850425,25292.130634606183,0.03612229999998817,0.0,1,1,fallback_q80_q20,210;247;225;219;250;247;228;242;215;229;242;205;252;224;245;241;230;213;195;252;245;215;246;207;212;219;247;233;251;198,9.094947017729282e-13,1.1368683772161603e-12,0.0,0,0,0
2025-09-18,H24,0,00:00,2025-09-17,24.0,6,39804.21543121399,0.0,0.0,0.0,0.0,0.0,39804.21930636516,0.038773500000047534,0.0,1,1,fallback_q80_q20,251;240;219;252;255;249;246;226;257;251;217;243;257;234;230;247;233;204;201;246;229;253;240;237;233;223;244;244;224;239,9.094947017729282e-13,9.094947017729282e-13,0.0,0,0,0
2025-09-18,H24,36,06:00,2025-09-17,24.0,6,9226.289843058208,9229.405373208832,3.115530150623503,0.0,10521.514942218044,14.830059570615504,17231.092941666262,0.045178599999985636,0.0,1,1,fallback_q80_q20,234;205;218;251;248;235;250;235;257;241;226;254;234;249;211;255;244;247;212;236;251;230;252;213;253;231;247;226;243;229,9.094947017729282e-13,2.2737367544323206e-13,0.0,0,0,0
2025-09-18,H24,72,12:00,2025-09-17,24.0,6,113.56009134883675,1207.304262207695,1093.7441708588583,0.0,712.5805244374224,4177.853141318748,6891.230260359778,0.05068729999993593,0.0,1,1,fallback_q80_q20,237;242;212;215;253;213;250;239;219;254;217;254;212;253;251;235;257;216;249;232;209;241;253;240;224;228;244;242;212;238,9.094947017729282e-13,2.2737367544323206e-13,0.0,0,0,0
2025-09-18,H24,108,18:00,2025-09-17,24.0,6,368.2656475432627,411.0670898677041,42.80144232444144,0.0,211.17535048854126,86.46846371618744,16215.458667373357,0.058429299999943396,0.0,1,1,fallback_q80_q20,227;253;245;233;244;257;232;242;255;254;225;229;251;233;257;216;244;230;212;205;218;252;225;251;219;230;233;257;252;254,1.0231815394945443e-12,3.183231456205249e-12,0.0,0,0,0
2025-09-19,H24,0,00:00,2025-09-18,24.0,6,27963.223850800783,0.0,0.0,0.0,0.0,0.0,27963.22771213412,0.08209199999998873,0.0,1,1,fallback_q80_q20,201;257;250;250;198;201;258;228;246;219;234;224;215;258;227;226;239;246;248;255;237;248;224;229;217;232;240;238;237;210,9.094947017729282e-13,6.821210263296962e-13,0.0,0,0,0
2025-09-19,H24,36,06:00,2025-09-18,24.0,6,619.6447372911564,630.4622976243407,10.81756033318441,0.0,532.4729549508002,48.0205501721739,6958.300698655022,0.045612100000084865,0.0,1,1,fallback_q80_q20,250;216;258;245;253;246;205;252;250;258;209;219;229;258;232;236;250;250;225;214;223;252;226;246;257;234;244;246;254;248,2.2737367544323206e-12,3.808509063674137e-12,0.0,0,0,0
2025-09-19,H24,72,12:00,2025-09-18,24.0,6,-1658.6200962670418,0.0,1658.6200962670418,0.0,0.0,3632.22970180753,4289.059988298455,0.03865209999992203,0.0,1,1,fallback_q80_q20,251;243;252;202;253;253;218;216;236;249;250;251;232;257;247;211;241;227;218;230;253;234;252;243;227;238;250;248;228;220,9.094947017729282e-13,1.1368683772161603e-13,0.0,0,0,0
2025-09-19,H24,108,18:00,2025-09-18,24.0,6,-1295.3376913486125,0.0,1295.3376913486125,0.0,0.0,2627.487556671074,12063.8089057937,0.03857479999999214,1.507806877372103e-16,1,1,fallback_q80_q20,237;245;204;250;246;255;239;251;196;248;218;249;249;231;253;254;235;233;236;243;257;212;256;235;223;237;232;250;222;237,8.526512829121202e-13,1.4210854715202004e-12,0.0,0,0,0
2025-09-20,H24,0,00:00,2025-09-19,24.0,6,24548.746139293056,0.0,0.0,0.0,0.0,0.0,24548.750000626387,0.03735349999999471,0.0,1,1,fallback_q80_q20,249;258;248;211;217;199;246;237;233;214;192;250;226;235;218;234;224;216;241;250;259;256;200;259;246;255;228;209;248;218,6.366462912410498e-12,7.958078640513122e-13,0.0,0,0,0
2025-09-20,H24,36,06:00,2025-09-19,24.0,6,-185.26303224806213,80.07826521698719,265.3412974650493,0.0,47.592544768609514,706.2540687054372,7303.205296261184,0.049793099999988044,0.0,1,1,fallback_q80_q20,258;236;229;240;247;221;252;226;241;234;259;258;213;209;208;200;226;234;240;246;227;212;211;238;245;235;235;256;193;212,1.2505552149377763e-12,1.1368683772161603e-13,0.0,0,0,0
2025-09-20,H24,72,12:00,2025-09-19,24.0,6,-696.5739056235578,0.0,696.5739056235578,0.0,0.0,1461.6105951235359,10526.133120347724,0.043558200000006764,0.0,1,1,fallback_q80_q20,205;257;234;210;258;235;215;250;243;222;246;220;254;207;228;238;229;227;259;223;217;255;210;258;242;258;231;259;248;248,8.242295734817162e-13,2.2737367544323206e-13,0.0,0,0,0
2025-09-20,H24,108,18:00,2025-09-19,24.0,6,-591.8766078505842,0.0,591.8766078505842,0.0,0.0,1193.9744295295613,17121.89630911077,0.037526399999933346,0.0,1,1,fallback_q80_q20,259;257;250;211;205;219;258;223;213;218;233;235;231;251;252;215;251;216;253;215;255;210;230;243;255;249;221;256;251;239,9.094947017729282e-13,1.2505552149377763e-12,0.0,0,0,0
2025-09-21,H24,0,00:00,2025-09-20,24.0,6,38817.47264770128,0.0,0.0,0.0,0.0,0.0,38817.47652876783,0.03444570000010572,0.0,1,1,fallback_q80_q20,240;217;246;218;231;229;238;255;231;234;231;255;255;242;253;260;239;249;217;235;253;218;209;239;246;215;213;248;210;210,7.958078640513122e-13,7.958078640513122e-13,0.0,0,0,0
2025-09-21,H24,36,06:00,2025-09-20,24.0,6,3279.934992352944,3297.540359479848,17.605367126903975,0.0,3439.8828676729063,83.10008644020286,12726.456596168873,0.04651709999996001,0.0,1,1,fallback_q80_q20,213;228;250;228;243;219;253;255;220;254;199;225;245;230;257;259;228;231;249;252;253;227;253;257;249;193;248;242;258;233,8.65085780787922e-13,2.2737367544323206e-13,0.0,0,0,0
2025-09-21,H24,72,12:00,2025-09-20,24.0,6,1325.9751898073214,1921.9361787484418,595.9609889411205,0.0,1246.48324434187,2665.9685796352187,13635.096607837599,0.04192509999995764,0.0,1,1,fallback_q80_q20,208;246;219;249;200;241;236;214;199;238;253;234;255;257;244;227;222;251;224;233;241;246;256;231;225;206;207;224;239;255,9.094947017729282e-13,2.2737367544323206e-13,0.0,0,0,0
2025-09-21,H24,108,18:00,2025-09-20,24.0,6,3816.762333658024,3816.762333658024,0.0,0.0,2074.943550266135,0.0,27532.538311602064,0.03485549999993509,0.0,1,1,fallback_q80_q20,192;260;247;223;256;256;251;247;232;250;240;254;214;254;257;219;237;239;255;216;242;200;258;248;259;219;235;246;260;256,8.242295734817162e-13,2.2737367544323206e-13,0.0,0,0,0
2025-09-22,H24,0,00:00,2025-09-21,24.0,6,49184.72485680462,0.0,0.0,0.0,0.0,0.0,49184.729015949975,0.03654119999998784,0.0,1,1,fallback_q80_q20,260;226;258;208;252;244;224;233;252;235;244;198;258;258;202;251;247;222;238;230;242;258;257;226;257;251;226;222;236;261,9.094947017729282e-13,1.0231815394945443e-12,0.0,0,0,0
2025-09-22,H24,36,06:00,2025-09-21,24.0,6,-2313.075353470488,5.052492514421846,2318.12784598491,0.0,2.4993051352861357,7583.791183876287,7350.282692503379,0.07349409999994805,0.0,1,1,fallback_q80_q20,243;246;203;257;220;251;233;255;261;261;203;255;248;253;253;201;254;251;259;258;255;252;251;257;260;214;198;244;216;208,9.094947017729282e-13,2.8421709430404007e-13,0.0,0,0,0
2025-09-22,H24,72,12:00,2025-09-21,24.0,6,163.1560942810882,464.54078431085685,301.38469002976865,0.0,295.0056540941962,955.7504072765482,14717.947441839699,0.0472836000000143,0.0,1,1,fallback_q80_q20,261;217;208;258;232;236;228;201;254;246;215;258;237;258;235;224;248;211;242;227;254;239;229;239;249;253;232;231;230;255,9.094947017729282e-13,2.2737367544323206e-13,0.0,0,0,0
2025-09-22,H24,108,18:00,2025-09-21,24.0,6,1158.7759879105124,1158.7759879105124,0.0,0.0,628.7637716230666,0.0,28356.274129488946,0.04941589999998541,0.0,1,1,fallback_q80_q20,254;243;227;257;243;205;248;230;261;252;212;251;238;258;224;228;229;244;216;252;258;225;210;251;256;231;253;205;221;238,8.526512829121202e-13,9.094947017729282e-13,0.0,0,0,0
2025-09-23,H24,0,00:00,2025-09-22,24.0,6,46849.94058054826,0.0,0.0,0.0,0.0,0.0,46849.94458487217,0.03724290000002384,0.0,1,1,fallback_q80_q20,261;238;260;261;205;233;237;228;220;225;253;260;260;259;257;213;261;234;230;229;259;259;247;224;246;258;233;227;213;257,7.958078640513122e-13,4.547473508864641e-13,0.0,0,0,0
2025-09-23,H24,36,06:00,2025-09-22,24.0,6,2657.8785384785588,2682.4443870062905,24.565848527731877,0.0,2500.5810105466153,108.34163311626912,12096.01447824834,0.04466619999993782,0.0,1,1,fallback_q80_q20,253;252;218;251;252;208;233;258;253;218;256;250;259;221;250;240;210;239;213;233;259;258;225;249;260;258;236;230;258;232,9.094947017729282e-13,2.2737367544323206e-13,0.0,0,0,0
2025-09-23,H24,72,12:00,2025-09-22,24.0,6,-595.8916103824822,484.58946784893993,1080.481078231422,0.0,280.23005723297916,4084.823228938029,14531.838348336374,0.0535623000000669,0.0,1,1,fallback_q80_q20,224;256;258;250;248;229;235;252;242;231;254;230;215;253;208;254;243;258;244;244;214;259;244;246;230;211;255;249;243;232,8.810729923425242e-13,2.2737367544323206e-13,0.0,0,0,0
2025-09-23,H24,108,18:00,2025-09-22,24.0,6,211.83818425989642,252.76567703610004,40.92749277620363,0.0,127.3143877502551,88.84312724482334,28784.779489298784,0.05405259999997725,0.0,1,1,fallback_q80_q20,222;254;244;209;255;252;230;249;249;247;247;255;257;260;212;236;247;260;257;237;215;235;243;232;261;257;205;230;232;260,8.242295734817162e-13,3.410605131648481e-13,0.0,0,0,0
2025-09-24,H24,0,00:00,2025-09-23,24.0,6,41985.351374451224,0.0,0.0,0.0,0.0,0.0,41985.35523641597,0.043475900000089496,0.0,1,1,fallback_q80_q20,215;259;254;247;233;234;222;218;252;250;240;243;242;258;258;205;202;228;258;254;237;244;211;244;215;259;231;247;209;235,8.171241461241152e-13,2.2737367544323206e-13,0.0,0,0,0
2025-09-24,H24,36,06:00,2025-09-23,24.0,6,4569.452239190139,4578.904384753227,9.452145563087136,0.0,5813.054710607138,44.39354056367506,13901.81674060191,0.039224100000069484,0.0,1,1,fallback_q80_q20,257;238;243;260;257;237;258;224;236;250;237;245;252;254;250;258;240;216;226;242;239;208;251;258;251;243;253;260;236;255,8.810729923425242e-13,2.2737367544323206e-13,0.0,0,0,0
2025-09-24,H24,72,12:00,2025-09-23,24.0,6,1213.8141892625003,1301.9218652307582,88.10767596825781,0.0,1024.213029102575,364.8273722201204,15663.073915848465,0.04707309999992049,0.0,1,1,fallback_q80_q20,222;230;259;210;201;204;236;252;257;240;252;258;202;263;230;219;232;254;241;236;249;261;240;251;236;208;216;216;212;253,9.094947017729282e-13,2.2737367544323206e-13,0.0,0,0,0
2025-09-24,H24,108,18:00,2025-09-23,24.0,6,679.4741545772173,686.7503669383603,7.2762123611430045,0.0,366.2112715883941,34.45523712610975,31380.611579347988,0.03937040000005254,0.0,1,1,fallback_q80_q20,211;263;252;252;244;230;229;211;205;263;244;260;258;215;218;222;260;211;230;252;258;262;259;235;226;243;224;223;253;252,9.094947017729282e-13,9.094947017729282e-13,0.0,0,0,0
2025-09-25,H24,0,00:00,2025-09-24,24.0,6,46370.70609731635,0.0,0.0,0.0,0.0,0.0,46370.71009894297,0.03566499999999451,0.0,1,1,fallback_q80_q20,230;204;216;259;259;258;246;231;223;248;234;238;242;261;252;259;262;248;239;216;234;256;220;264;261;210;237;258;247;258,9.094947017729282e-13,1.2505552149377763e-12,0.0,0,0,0
2025-09-25,H24,36,06:00,2025-09-24,24.0,6,4085.237049851896,4198.152480217262,112.91543036536575,0.0,4023.9883000966765,499.3387078907124,12080.125832040103,0.051090799999997216,0.0,1,1,fallback_q80_q20,250;262;254;222;264;264;222;263;228;252;254;211;264;260;225;222;253;259;225;262;205;229;245;223;248;249;222;223;223;251,1.0231815394945443e-12,2.2737367544323206e-13,0.0,0,0,0
2025-09-25,H24,72,12:00,2025-09-24,24.0,6,-1076.1059600866563,10.277197581892802,1086.383157668549,0.0,4.973126650910899,4193.978580087403,19348.662159455725,0.0684140999999272,0.0,1,1,fallback_q80_q20,263;234;240;254;237;210;262;248;240;259;233;261;205;264;223;231;253;249;262;222;259;209;261;211;235;254;225;253;245;260,1.8189894035458565e-12,2.2737367544323206e-13,0.0,0,0,0
2025-09-25,H24,108,18:00,2025-09-24,24.0,6,1010.9214284069417,1010.9214284069417,0.0,0.0,570.1192796870738,0.0,15671.810086501568,0.07452079999995931,0.0,1,1,fallback_q80_q20,247;225;261;211;264;201;246;247;259;263;250;258;264;208;245;257;251;256;264;231;241;258;264;241;260;257;231;264;258;240,8.526512829121202e-13,9.094947017729282e-13,0.0,0,0,0
2025-09-26,H24,0,00:00,2025-09-25,24.0,6,32080.75532723357,0.0,0.0,0.0,0.0,0.0,32080.75885565464,0.03718170000001919,0.0,1,1,fallback_q80_q20,202;240;255;247;254;239;238;224;245;254;255;230;217;251;257;251;223;256;249;231;246;263;241;239;226;229;261;230;250;256,8.526512829121202e-13,4.547473508864641e-13,0.0,0,0,0
2025-09-26,H24,36,06:00,2025-09-25,24.0,6,-1734.4308689905133,0.0,1734.4308689905133,0.0,0.0,5443.28637433934,6118.10300672006,0.08909970000001977,0.0,1,1,fallback_q80_q20,265;218;258;258;264;257;259;258;238;265;203;211;246;256;240;246;219;255;205;265;253;259;229;232;264;255;252;265;225;216,5.4569682106375694e-12,1.1368683772161603e-13,0.0,0,0,0
2025-09-26,H24,72,12:00,2025-09-25,24.0,6,-768.7708800526153,0.0,768.7708800526153,0.0,0.0,1528.5386093894383,5198.078615755972,0.04380219999995916,0.0,1,1,fallback_q80_q20,265;256;238;235;264;257;256;250;254;258;264;236;222;247;246;212;253;204;265;265;258;264;258;251;202;238;265;217;246;265,9.094947017729282e-13,1.1368683772161603e-13,0.0,0,0,0
2025-09-26,H24,108,18:00,2025-09-25,24.0,6,-1689.3770395863996,0.0,1689.3770395863996,0.0,0.0,3486.6516732741147,10365.2047475339,0.03472369999997227,0.0,1,1,fallback_q80_q20,254;251;258;237;221;261;232;260;222;218;257;211;234;232;222;253;246;239;265;218;227;208;260;248;240;255;224;209;254;263,8.810729923425242e-13,1.5916157281026244e-12,0.0,0,0,0
2025-09-27,H24,0,00:00,2025-09-26,24.0,6,23371.071012138742,0.0,0.0,0.0,0.0,0.0,23371.074873472073,0.04106359999991582,0.0,1,1,fallback_q80_q20,250;263;249;212;232;255;214;262;240;245;230;264;244;249;237;230;261;264;218;253;220;252;245;255;262;262;260;260;251;241,7.958078640513122e-13,5.684341886080801e-13,0.0,0,0,0
2025-09-27,H24,36,06:00,2025-09-26,24.0,6,2212.9463620618653,2315.5037881174185,102.55742605555311,0.0,1931.6769710266183,288.07136268434783,9970.912210322664,0.04127229999994597,0.0,1,1,fallback_q80_q20,266;266;235;249;262;241;255;262;213;254;241;248;248;247;229;257;255;215;262;254;262;220;249;263;262;263;263;223;226;251,1.3642420526593924e-12,1.1368683772161603e-13,0.0,0,0,0
2025-09-27,H24,72,12:00,2025-09-26,24.0,6,521.6168158606692,739.1192969163062,217.50248105563696,0.0,474.35790378589576,606.8042441976202,14708.120285020903,0.07723199999998087,0.0,1,1,fallback_q80_q20,200;230;263;255;224;228;220;256;225;256;262;241;263;254;248;223;244;257;221;261;262;249;236;261;211;246;246;233;229;261,9.094947017729282e-13,2.2737367544323206e-13,0.0,0,0,0
2025-09-27,H24,108,18:00,2025-09-26,24.0,6,-582.4786066963177,0.0,582.4786066963177,0.0,0.0,1093.8679676381703,18428.556297284165,0.049725599999987935,0.0,1,1,fallback_q80_q20,253;229;262;245;265;254;211;265;230;233;252;237;258;235;262;264;251;263;259;263;227;256;229;230;223;266;239;266;219;251,1.8189894035458565e-12,6.821210263296962e-13,0.0,0,0,0
2025-09-28,H24,0,00:00,2025-09-27,24.0,6,41631.55736447668,0.0,0.0,0.0,0.0,0.0,41631.56123916518,0.040834099999983664,0.0,1,1,fallback_q80_q20,223;252;267;234;228;220;254;262;244;228;263;260;230;266;265;235;227;215;263;214;265;218;251;249;256;259;265;240;218;215,9.094947017729282e-13,6.821210263296962e-13,0.0,0,0,0
2025-09-28,H24,36,06:00,2025-09-27,24.0,6,9474.803518819996,9496.253743656322,21.450224836325855,0.0,9942.551332363062,98.55215029852843,18869.19532251408,0.03975150000007943,0.0,1,1,fallback_q80_q20,263;263;261;263;212;255;266;230;263;258;249;244;248;213;223;242;246;265;265;231;244;236;230;238;267;252;231;265;259;228,8.242295734817162e-13,2.2737367544323206e-13,0.0,0,0,0
2025-09-28,H24,72,12:00,2025-09-27,24.0,6,-288.44021262974275,1139.771223462924,1428.2114360926666,0.0,697.4180110861457,5030.54122439659,17065.738663410102,0.04997860000003129,0.0,1,1,fallback_q80_q20,242;264;227;259;221;224;264;260;224;248;224;261;241;207;235;237;212;255;232;224;230;257;262;235;247;221;255;224;220;247,1.0231815394945443e-12,2.2737367544323206e-13,0.0,0,0,0
2025-09-28,H24,108,18:00,2025-09-27,24.0,6,2645.2986630005007,2645.2986630005007,0.0,0.0,1447.143648004701,0.0,33332.69597974256,0.037060600000017985,0.0,1,1,fallback_q80_q20,233;229;255;265;228;226;243;213;225;248;242;200;249;265;226;256;229;262;267;251;234;262;256;260;247;247;234;255;230;227,8.597567102697212e-13,2.2737367544323206e-13,0.0,0,0,0
2025-09-29,H24,0,00:00,2025-09-28,24.0,6,48401.685380834984,0.0,0.0,0.0,0.0,0.0,48401.68953015394,0.034868500000015956,0.0,1,1,fallback_q80_q20,252;265;234;255;241;262;228;252;217;247;257;251;225;257;267;246;260;262;243;210;260;245;222;223;257;264;268;246;253;238,8.171241461241152e-13,9.094947017729282e-13,0.0,0,0,0
2025-09-29,H24,36,06:00,2025-09-28,24.0,6,-1773.4389656540766,140.99174520922327,1914.4307108632997,0.0,93.31717519171525,5965.688755461621,7563.034045233979,0.04124909999995907,0.0,1,1,fallback_q80_q20,259;264;210;224;250;218;265;244;236;251;245;233;267;257;252;266;253;216;250;238;245;227;211;210;226;238;264;263;266;267,8.526512829121202e-13,2.2737367544323206e-13,0.0,0,0,0
2025-09-29,H24,72,12:00,2025-09-28,24.0,6,292.9619484071674,335.606254942874,42.644306535706576,0.0,458.4482638741087,106.88623771880953,14619.470449140432,0.04635489999998299,0.0,1,1,fallback_q80_q20,241;230;227;218;247;268;246;258;224;247;265;212;236;257;220;247;267;256;209;238;265;223;248;251;255;267;264;236;262;222,8.633094239485217e-13,2.2737367544323206e-13,0.0,0,0,0
2025-09-29,H24,108,18:00,2025-09-28,24.0,6,-27.909776140044684,9.850788509306605,37.76056464935129,0.0,4.871081693767792,60.439769258619094,27754.348018231136,0.037356400000021495,0.0,1,1,fallback_q80_q20,251;250;254;236;253;253;241;258;247;216;260;212;217;253;232;268;246;225;268;268;237;224;267;266;268;264;267;266;227;244,9.094947017729282e-13,7.958078640513122e-13,0.0,0,0,0
2025-09-30,H24,0,00:00,2025-09-29,24.0,6,49082.83299650402,0.0,0.0,0.0,0.0,0.0,49082.83725199007,0.03857540000001336,0.0,1,1,fallback_q80_q20,247;218;252;266;268;268;250;243;258;220;263;239;258;258;217;208;262;231;245;254;233;256;249;243;245;215;228;220;267;268,8.526512829121202e-13,7.958078640513122e-13,0.0,0,0,0
2025-09-30,H24,36,06:00,2025-09-29,24.0,6,2621.9588376117094,2660.489189237178,38.53035162546865,0.0,2491.328327068108,134.02572324633127,12104.193536148861,0.042593199999942044,0.0,1,1,fallback_q80_q20,252;215;261;221;258;220;236;232;265;252;231;216;224;260;229;236;221;267;249;236;224;259;265;268;240;229;254;259;260;216,8.668621376273222e-13,2.2737367544323206e-13,0.0,0,0,0
2025-09-30,H24,72,12:00,2025-09-29,24.0,6,-495.5451523968412,289.593162646716,785.1383150435572,0.0,151.19301469267538,2310.237486926774,13581.675446490723,0.04356649999999718,0.0,1,1,fallback_q80_q20,269;234;263;255;266;236;259;243;261;242;215;244;266;251;268;267;216;218;209;222;236;265;211;266;267;215;260;267;258;259,9.094947017729282e-13,2.2737367544323206e-13,0.0,0,0,0
2025-09-30,H24,108,18:00,2025-09-29,24.0,6,115.99537164071914,120.37735428012637,4.381982639407221,0.0,84.21808469070845,16.573463665046347,23595.092213688033,0.0437090000000353,0.0,1,1,fallback_q80_q20,261;263;267;255;257;208;247;219;253;228;226;267;215;250;265;250;264;243;268;223;209;269;267;215;245;259;251;245;221;246,9.094947017729282e-13,1.4779288903810084e-12,0.0,0,0,0
2025-10-01,H24,0,00:00,2025-09-30,24.0,6,46358.89074286488,0.0,0.0,0.0,0.0,0.0,46358.89479570589,0.03833889999998519,0.0,1,1,fallback_q80_q20,211;217;227;231;234;270;260;261;239;249;268;259;225;257;264;267;252;208;252;263;268;254;239;212;232;250;261;263;222;265,9.094947017729282e-13,5.684341886080801e-13,0.0,0,0,0
2025-10-01,H24,36,06:00,2025-09-30,24.0,6,-466.54603656785713,237.81583035410648,704.3618669219636,0.0,213.4903542806219,2639.013627732375,9134.025459830438,0.04254650000007132,0.0,1,1,fallback_q80_q20,226;261;231;268;256;268;228;265;219;268;254;265;247;224;250;267;268;234;254;257;248;265;230;269;208;211;250;262;262;269,9.094947017729282e-13,2.2737367544323206e-13,0.0,0,0,0
2025-10-01,H24,72,12:00,2025-09-30,24.0,6,-928.4392954539519,30.775859328448206,959.2151547824001,0.0,17.82986181804779,3516.304166274893,12008.307742653138,0.08013990000006288,0.0,1,1,fallback_q80_q20,243;210;267;267;268;264;266;234;260;253;258;209;252;261;254;229;270;264;259;243;225;249;268;232;257;265;234;265;229;267,9.094947017729282e-13,2.2737367544323206e-13,0.0,0,0,0
2025-10-01,H24,108,18:00,2025-09-30,24.0,6,-242.89852677157594,0.0,242.89852677157594,0.0,0.0,399.8754595242018,23907.48580340481,0.05255219999992278,0.0,1,1,fallback_q80_q20,232;219;231;217;258;267;266;245;241;265;258;259;222;222;245;248;259;229;228;247;238;222;267;262;260;253;261;267;239;253,8.242295734817162e-13,3.410605131648481e-13,0.0,0,0,0
2025-10-02,H24,0,00:00,2025-10-01,24.0,6,49733.72449199823,0.0,0.0,0.0,0.0,0.0,49733.72878375662,0.03197539999996479,0.0,1,1,fallback_q80_q20,267;263;266;266;249;269;265;256;238;268;250;258;265;247;262;266;218;226;267;261;236;254;261;252;251;267;250;254;260;250,8.526512829121202e-13,9.094947017729282e-13,0.0,0,0,0
2025-10-02,H24,36,06:00,2025-10-01,24.0,6,-1774.048813599466,506.6170318491221,2280.6658454485882,0.0,268.257047803036,6374.402113390189,5995.690378598086,0.046533699999940836,0.0,1,1,fallback_q80_q20,225;248;265;252;262;259;258;227;222;252;235;240;240;258;264;246;266;251;236;263;257;242;236;265;271;253;225;262;256;259,9.094947017729282e-13,2.2737367544323206e-13,0.0,0,0,0
2025-10-02,H24,72,12:00,2025-10-01,24.0,6,-1052.7451470725136,24.04207231317714,1076.7872193856908,0.0,11.902605234505245,3895.803510554081,5543.931938457527,0.056733599999915896,0.0,1,1,fallback_q80_q20,267;222;268;247;271;264;254;225;260;254;231;257;215;244;271;244;259;271;254;261;222;224;219;254;253;254;231;241;249;270,8.526512829121202e-13,2.2737367544323206e-13,0.0,0,0,0
2025-10-02,H24,108,18:00,2025-10-01,24.0,6,-174.94175520783736,0.0,174.94175520783736,0.0,0.0,323.59787739250237,15895.459020859877,0.040443999999979496,0.0,1,1,fallback_q80_q20,244;218;246;263;252;271;259;265;260;255;259;242;267;240;242;252;260;244;271;244;241;265;255;210;239;240;224;217;240;232,9.094947017729282e-13,1.1368683772161603e-13,0.0,0,0,0
2025-10-03,H24,0,00:00,2025-10-02,24.0,6,24449.6029302728,0.0,0.0,0.0,0.0,0.0,24449.606791606137,0.05370190000007824,0.0,1,1,fallback_q80_q20,269;268;265;265;255;265;265;267;212;258;271;254;272;240;234;265;252;245;265;272;268;267;257;269;237;260;243;254;254;259,1.0231815394945443e-12,1.4210854715202004e-13,0.0,0,0,0
2025-10-03,H24,36,06:00,2025-10-02,24.0,6,332.1510260855892,397.4631896253019,65.3121635397127,0.0,250.32076918439918,192.09645244769555,6729.671416559748,0.037046499999974,0.0,1,1,fallback_q80_q20,258;228;264;263;251;223;253;268;271;265;237;253;247;253;209;258;272;232;259;257;259;248;222;262;259;271;259;260;247;238,9.094947017729282e-13,1.1368683772161603e-13,0.0,0,0,0
2025-10-03,H24,72,12:00,2025-10-02,24.0,6,-467.4415032917035,0.0,467.4415032917035,0.0,0.0,857.115327036927,5934.617448126535,0.04636389999996027,3.0650491281794117e-16,1,1,fallback_q80_q20,266;255;229;267;250;238;262;256;230;250;272;270;267;259;268;260;247;212;246;264;235;269;272;266;231;225;222;229;266;263,9.094947017729282e-13,2.2737367544323206e-13,0.0,0,0,0
2025-10-03,H24,108,18:00,2025-10-02,24.0,6,-1630.5215941582237,0.0,1630.5215941582237,0.0,0.0,3499.0031340004293,9548.142165784657,0.04674910000005639,0.0,1,1,fallback_q80_q20,272;267;270;253;266;267;244;266;269;244;255;247;253;241;211;267;231;227;239;252;258;264;249;260;250;261;212;268;242;237,2.2168933355715126e-12,9.663381206337363e-13,0.0,0,0,0
2025-10-04,H24,0,00:00,2025-10-03,24.0,6,27275.64250847863,0.0,0.0,0.0,0.0,0.0,27275.646059984414,0.03484290000005785,0.0,1,1,fallback_q80_q20,224;238;235;266;263;253;271;268;273;254;250;246;265;272;246;259;256;242;270;214;269;271;243;228;260;257;238;273;263;219,8.242295734817162e-13,4.547473508864641e-13,0.0,0,0,0
2025-10-04,H24,36,06:00,2025-10-03,24.0,6,-1305.9496410619913,0.0,1305.9496410619913,0.0,0.0,3913.611630497806,7709.680596754434,0.05739579999999478,0.0,1,1,fallback_q80_q20,270;268;258;266;241;267;269;228;261;248;232;267;264;243;227;273;272;241;239;214;273;237;218;258;264;259;257;257;270;242,2.0179413695586845e-12,1.1368683772161603e-13,0.0,0,0,0
2025-10-04,H24,72,12:00,2025-10-03,24.0,6,-399.32492949240174,0.0,399.32492949240174,0.0,0.0,892.8269837651845,19356.260781335925,0.038154699999950026,0.0,1,1,fallback_q80_q20,271;228;213;261;248;249;253;262;242;270;265;271;255;223;273;261;214;254;234;242;257;246;240;262;254;269;269;228;222;227,9.094947017729282e-13,2.2737367544323206e-13,0.0,0,0,0
2025-10-04,H24,108,18:00,2025-10-03,24.0,6,-1115.683730031248,0.0,1115.683730031248,0.0,0.0,2288.0195614618724,22885.744113853863,0.04471560000001773,0.0,1,1,fallback_q80_q20,267;272;255;249;271;244;265;264;249;219;249;262;213;261;221;254;267;251;248;256;213;268;265;252;243;218;227;269;252;269,1.7053025658242404e-12,3.979039320256561e-13,0.0,0,0,0
2025-10-05,H24,0,00:00,2025-10-04,24.0,6,42481.42251785735,0.0,0.0,0.0,0.0,0.0,42481.42657717878,0.03664760000003753,0.0,1,1,fallback_q80_q20,255;232;220;269;261;270;268;265;257;234;247;271;268;251;270;265;259;222;228;268;225;265;262;265;263;234;238;206;226;271,9.094947017729282e-13,3.410605131648481e-13,0.0,0,0,0
2025-10-05,H24,36,06:00,2025-10-04,24.0,6,1030.7395831485683,2200.3738280077714,1169.6342448592031,0.0,1585.390444895683,4684.584893903786,10850.507939166133,0.0424947000000202,0.0,1,1,fallback_q80_q20,226;270;262;274;227;270;271;249;225;256;229;274;262;273;234;256;247;221;270;262;264;273;258;272;231;262;250;257;262;236,1.0231815394945443e-12,2.2737367544323206e-13,0.0,0,0,0
2025-10-05,H24,72,12:00,2025-10-04,24.0,6,2046.9206720693091,2413.634131466436,366.7134593971268,0.0,1778.1829713678515,1675.5004439189868,21137.404751659844,0.042435100000034254,0.0,1,1,fallback_q80_q20,270;261;267;228;270;262;258;226;256;255;269;234;230;225;241;267;270;259;273;255;261;272;257;272;250;260;254;262;256;269,8.526512829121202e-13,2.2737367544323206e-13,0.0,0,0,0
2025-10-05,H24,108,18:00,2025-10-04,24.0,6,1356.6046431258192,1356.6046431258192,0.0,0.0,731.2476429681299,0.0,37512.52504027228,0.02778569999998126,0.0,1,1,fallback_q80_q20,248;226;224;245;256;249;269;231;269;244;263;259;267;256;270;248;230;231;206;270;206;271;262;273;256;248;246;269;229;245,7.958078640513122e-13,9.094947017729282e-13,0.0,0,0,0
2025-10-06,H24,0,00:00,2025-10-05,24.0,6,40098.15608950209,0.0,0.0,0.0,0.0,0.0,40098.15996325562,0.03636489999996684,0.0,1,1,fallback_q80_q20,255;274;261;245;250;267;258;219;257;240;254;224;222;219;250;227;254;274;264;261;275;265;249;264;240;274;274;268;230;268,9.094947017729282e-13,9.094947017729282e-13,0.0,0,0,0
2025-10-06,H24,36,06:00,2025-10-05,24.0,6,8207.03041369492,8207.03041369492,0.0,0.0,8670.822467782047,0.0,17778.480024274944,0.041510799999969095,0.0,1,1,fallback_q80_q20,274;247;250;263;270;272;263;236;257;228;255;251;273;274;268;244;232;268;274;275;274;252;236;271;272;275;259;239;242;248,8.526512829121202e-13,2.2737367544323206e-13,0.0,0,0,0
2025-10-06,H24,72,12:00,2025-10-05,24.0,6,-306.1074551878396,176.0661173319568,482.17357251979644,0.0,105.29603649771173,2102.0413147342706,17112.500728060197,0.04786580000006779,0.0,1,1,fallback_q80_q20,222;236;233;267;274;234;263;236;275;265;275;275;274;252;217;216;273;274;258;275;258;252;244;237;266;270;263;255;275;233,1.8189894035458565e-12,2.2737367544323206e-13,0.0,0,0,0
2025-10-06,H24,108,18:00,2025-10-05,24.0,6,-340.3802876793733,0.0,340.3802876793733,0.0,0.0,601.4372215060529,22550.861159913817,0.03982039999993958,0.0,1,1,fallback_q80_q20,266;247;272;273;223;265;238;255;215;275;222;272;271;261;215;240;274;246;232;274;267;253;251;258;272;234;265;266;274;258,8.100187187665142e-13,7.958078640513122e-13,0.0,0,0,0
2025-10-07,H24,0,00:00,2025-10-06,24.0,6,44369.246699297015,0.0,0.0,0.0,0.0,0.0,44369.25059074283,0.03841120000004139,0.0,1,1,fallback_q80_q20,272;265;253;238;256;251;263;269;267;267;241;219;275;273;264;232;264;270;269;268;238;273;250;274;244;259;272;261;272;223,1.0231815394945443e-12,1.3642420526593924e-12,0.0,0,0,0
2025-10-07,H24,36,06:00,2025-10-06,24.0,6,1621.6268720542084,1701.6845787957382,80.05770674152963,0.0,1735.2729075312297,248.05681164479637,11029.97177074074,0.0511920999999802,0.0,1,1,fallback_q80_q20,254;223;243;244;257;268;271;239;258;268;216;240;239;235;275;256;217;227;261;236;271;261;270;249;271;275;273;241;273;267,8.668621376273222e-13,2.2737367544323206e-13,0.0,0,0,0
2025-10-07,H24,72,12:00,2025-10-06,24.0,6,1649.9615562815445,2070.118377494315,420.1568212127707,0.0,1789.542763716678,1901.5752538833542,19303.255184400954,0.041540600000075756,0.0,1,1,fallback_q80_q20,274;271;246;224;256;268;215;262;252;217;271;240;226;264;263;238;259;270;272;243;249;250;276;226;260;226;233;269;233;272,9.094947017729282e-13,2.2737367544323206e-13,0.0,0,0,0
2025-10-07,H24,108,18:00,2025-10-06,24.0,6,-349.88747504283083,0.0,349.88747504283083,0.0,0.0,644.6307703567661,23988.140783186493,0.04275770000003831,0.0,1,1,fallback_q80_q20,265;251;259;215;239;268;222;272;276;223;272;222;274;273;239;272;251;272;274;238;265;275;244;261;267;259;267;215;268;274,7.673861546209082e-13,7.958078640513122e-13,0.0,0,0,0
2025-10-08,H24,0,00:00,2025-10-07,24.0,6,40269.63717471209,0.0,0.0,0.0,0.0,0.0,40269.64107097193,0.0358365000000731,0.0,1,1,fallback_q80_q20,275;249;271;251;265;244;242;274;275;253;273;265;265;273;242;224;222;265;270;233;241;262;265;216;276;245;260;275;252;268,1.0231815394945443e-12,7.958078640513122e-13,0.0,0,0,0
2025-10-08,H24,36,06:00,2025-10-07,24.0,6,801.4215187187853,841.6750102665208,40.253491547735464,0.0,687.4375572779793,160.51503400324265,10334.368757970724,0.03895069999998668,0.0,1,1,fallback_q80_q20,272;217;251;266;259;260;217;239;268;272;253;262;274;271;273;250;224;231;261;237;273;231;263;243;275;249;259;225;276;233,8.57980353430321e-13,2.2737367544323206e-13,0.0,0,0,0
2025-10-08,H24,72,12:00,2025-10-07,24.0,6,1162.3741118748458,1349.8443202518451,187.4702083769994,0.0,980.4146638238972,720.0426801288745,12752.306477859622,0.041224899999974696,0.0,1,1,fallback_q80_q20,270;270;253;238;245;277;242;271;250;215;258;218;264;224;250;264;245;217;268;275;223;246;224;276;274;251;275;274;251;232,1.0231815394945443e-12,2.2737367544323206e-13,0.0,0,0,0
2025-10-08,H24,108,18:00,2025-10-07,24.0,6,115.8527611122312,132.79642313570835,16.94366202347714,0.0,75.98932544532414,46.902076307659286,30484.465206902587,0.03829899999993813,0.0,1,1,fallback_q80_q20,262;274;252;236;251;225;271;253;275;272;277;275;273;255;273;230;226;257;267;248;249;257;276;258;233;275;276;256;271;253,9.094947017729282e-13,2.2737367544323206e-13,0.0,0,0,0
2025-10-09,H24,0,00:00,2025-10-08,24.0,6,49014.113578925884,0.0,0.0,0.0,0.0,0.0,49014.11781453054,0.03452130000005127,0.0,1,1,fallback_q80_q20,270;254;248;271;230;222;265;257;242;263;252;275;278;222;269;255;254;225;258;245;239;242;257;264;265;243;265;278;256;273,8.668621376273222e-13,9.094947017729282e-13,0.0,0,0,0
2025-10-09,H24,36,06:00,2025-10-08,24.0,6,-4832.203075502161,0.0,4832.203075502161,0.0,0.0,14580.326348385814,2771.5454671502457,0.042373099999963415,0.0,1,1,fallback_q80_q20,253;254;229;267;278;265;277;273;250;241;275;276;267;271;278;230;260;268;215;254;266;254;231;278;236;278;276;253;266;251,9.094947017729282e-13,2.2737367544323206e-13,0.0,0,0,0
2025-10-09,H24,72,12:00,2025-10-08,24.0,6,-337.6840047419538,0.0,337.6840047419538,0.0,0.0,1231.8408300061037,5995.499543792429,0.045602300000041396,0.0,1,1,fallback_q80_q20,278;275;277;276;229;271;278;272;271;276;274;276;266;266;268;239;259;265;241;247;240;273;246;244;274;278;237;268;246;260,1.0231815394945443e-12,2.2737367544323206e-13,0.0,0,0,0
2025-10-09,H24,108,18:00,2025-10-08,24.0,6,1202.4866419521823,1202.4866419521823,0.0,0.0,685.5971639056032,0.0,14563.174352341957,0.040832700000009936,0.0,1,1,fallback_q80_q20,255;238;275;271;268;267;230;231;277;219;234;245;256;251;263;252;241;277;231;275;245;251;246;268;251;247;262;268;234;259,9.094947017729282e-13,1.1368683772161603e-13,0.0,0,0,0
2025-10-10,H24,0,00:00,2025-10-09,24.0,6,23858.602951376262,0.0,0.0,0.0,0.0,0.0,23858.606812709597,0.04351150000002235,0.0,1,1,fallback_q80_q20,271;263;275;267;278;259;224;261;257;232;262;217;267;255;279;279;249;279;267;279;262;231;243;241;265;258;261;257;243;243,2.7284841053187847e-12,6.821210263296962e-13,0.0,0,0,0
2025-10-10,H24,36,06:00,2025-10-09,24.0,6,-428.96903408262875,0.0,428.96903408262875,0.0,0.0,915.2041059641969,6202.770142052044,0.045376000000032946,0.0,1,1,fallback_q80_q20,272;273;218;246;241;278;279;269;246;217;233;253;236;252;274;241;270;266;224;238;278;255;273;279;270;266;276;276;274;244,8.526512829121202e-13,1.4210854715202004e-13,0.0,0,0,0
2025-10-10,H24,72,12:00,2025-10-09,24.0,6,-891.7921418328658,0.0,891.7921418328658,0.0,0.0,2034.6383676896248,4651.848973533632,0.05011100000001534,0.0,1,1,fallback_q80_q20,232;267;247;238;259;219;272;245;251;234;237;254;278;246;263;259;260;276;278;247;268;277;268;272;251;264;275;238;278;261,9.094947017729282e-13,1.1368683772161603e-13,0.0,0,0,0
2025-10-10,H24,108,18:00,2025-10-09,24.0,6,-1025.6534306628748,0.0,1025.6534306628748,0.0,0.0,2298.952101362298,9232.703612882286,0.040282000000047447,0.0,1,1,fallback_q80_q20,259;245;275;279;274;239;267;275;274;259;239;275;273;261;264;243;262;255;258;279;249;268;279;249;244;278;267;272;279;217,9.094947017729282e-13,1.1368683772161603e-13,0.0,0,0,0
2025-10-11,H24,0,00:00,2025-10-10,24.0,6,22532.872550016684,0.0,0.0,0.0,0.0,0.0,22532.876375053318,0.04187509999997019,0.0,1,1,fallback_q80_q20,238;277;280;256;271;237;256;246;239;275;277;262;277;265;228;250;228;276;252;273;277;248;269;278;245;268;278;267;270;277,7.958078640513122e-13,1.1368683772161603e-13,0.0,0,0,0
2025-10-11,H24,36,06:00,2025-10-10,24.0,6,-213.0025376489593,0.0,213.0025376489593,0.0,0.0,482.9085763241437,8566.544211392424,0.03445569999996678,0.0,1,1,fallback_q80_q20,253;262;280;263;279;237;271;266;277;248;270;274;229;229;280;267;255;272;272;265;273;270;278;275;273;248;271;246;262;277,1.0231815394945443e-12,2.2737367544323206e-13,0.0,0,0,0
2025-10-11,H24,72,12:00,2025-10-10,24.0,6,311.36222583961387,498.3815054526293,187.01927961301544,0.0,306.19350257821344,481.338725753606,13929.964153437033,0.05222450000007939,0.0,1,1,fallback_q80_q20,254;236;258;263;251;256;252;251;280;259;272;242;254;221;236;263;227;279;251;235;248;265;270;243;276;248;275;258;274;276,9.094947017729282e-13,2.2737367544323206e-13,0.0,0,0,0
2025-10-11,H24,108,18:00,2025-10-10,24.0,6,-425.77944750174373,0.0,425.77944750174373,0.0,0.0,824.7307160151591,18400.81852040874,0.04518730000006599,0.0,1,1,fallback_q80_q20,249;280;240;259;276;254;244;273;256;254;274;243;263;270;277;268;280;274;242;264;221;276;279;270;277;220;245;259;276;248,9.094947017729282e-13,1.7053025658242404e-13,0.0,0,0,0
2025-10-12,H24,0,00:00,2025-10-11,24.0,6,40035.61279606688,0.0,0.0,0.0,0.0,0.0,40035.616698449136,0.037690399999974034,0.0,1,1,fallback_q80_q20,270;262;237;241;275;240;263;263;281;239;255;266;255;265;256;273;252;259;261;239;253;262;250;262;227;277;273;281;257;256,9.094947017729282e-13,2.2737367544323206e-13,0.0,0,0,0
2025-10-12,H24,36,06:00,2025-10-11,24.0,6,1896.5512646275563,1908.7523675325856,12.201102905029336,0.0,1856.81544849271,57.4492481203572,11305.549067498672,0.04186000000004242,0.0,1,1,fallback_q80_q20,263;277;281;237;270;277;277;277;264;278;237;275;277;251;280;240;264;214;242;269;266;262;275;256;268;274;280;269;270;235,8.739675649849232e-13,2.2737367544323206e-13,0.0,0,0,0
2025-10-12,H24,72,12:00,2025-10-11,24.0,6,-187.82373201513087,269.6854056159672,457.5091376310981,0.0,215.0716191630027,1943.2435745444632,14879.171808177112,0.040457700000047225,0.0,1,1,fallback_q80_q20,277;250;226;248;269;255;272;235;266;226;257;280;269;269;279;263;233;269;278;231;268;252;279;258;229;262;272;280;220;277,8.810729923425242e-13,2.2737367544323206e-13,0.0,0,0,0
2025-10-12,H24,108,18:00,2025-10-11,24.0,6,2758.157004235227,2758.157004235227,0.0,0.0,1531.4178500600729,0.0,36068.424307878326,0.033603599999992184,0.0,1,1,fallback_q80_q20,269;274;277;235;255;221;255;250;252;228;271;226;255;240;268;279;240;256;281;259;258;272;261;271;269;274;269;275;277;246,7.958078640513122e-13,2.2737367544323206e-13,0.0,0,0,0
2025-10-13,H24,0,00:00,2025-10-12,24.0,6,43935.495181779916,0.0,0.0,0.0,0.0,0.0,43935.49921337607,0.035150199999975484,0.0,1,1,fallback_q80_q20,232;275;279;274;274;269;269;250;232;267;245;260;266;281;263;246;232;233;271;282;269;276;270;280;272;281;233;250;275;233,8.668621376273222e-13,4.547473508864641e-13,0.0,0,0,0
2025-10-13,H24,36,06:00,2025-10-12,24.0,6,331.97696202223915,2128.8998869050047,1796.9229248827655,0.0,1775.621071436195,5639.061081869148,9729.865305021749,0.04362730000002557,0.0,1,1,fallback_q80_q20,275;274;245;261;264;259;282;250;257;268;277;223;236;282;275;226;280;273;234;272;248;259;273;223;266;234;258;278;239;271,9.094947017729282e-13,2.2737367544323206e-13,0.0,0,0,0
2025-10-13,H24,72,12:00,2025-10-12,24.0,6,-187.8102618280931,246.30507153732165,434.11533336541476,0.0,172.83205916119886,1919.462835018946,13123.74428000248,0.04405630000007932,0.0,1,1,fallback_q80_q20,257;246;280;245;259;263;282;279;281;271;269;237;282;219;232;248;264;248;260;219;244;280;279;272;266;260;280;276;274;255,9.023892744153272e-13,2.2737367544323206e-13,0.0,0,0,0
2025-10-13,H24,108,18:00,2025-10-12,24.0,6,573.6706594156261,578.477159091414,4.806499675787865,0.0,328.91246754290256,22.55588926620544,33520.079182885456,0.026326799999992545,0.0,1,1,fallback_q80_q20,275;275;276;226;276;240;281;237;275;281;273;281;241;238;264;280;243;250;277;276;222;264;282;241;280;257;276;266;267;247,9.094947017729282e-13,2.2737367544323206e-13,0.0,0,0,0
2025-10-14,H24,0,00:00,2025-10-13,24.0,6,46717.57687501483,0.0,0.0,0.0,0.0,0.0,46717.581111412845,0.03356610000003002,0.0,1,1,fallback_q80_q20,238;271;274;265;225;279;222;257;238;251;237;277;232;239;277;263;251;259;244;259;258;265;271;279;257;250;254;225;246;243,9.094947017729282e-13,6.821210263296962e-13,0.0,0,0,0
2025-10-14,H24,36,06:00,2025-10-13,24.0,6,-1264.906364286982,929.6767192395878,2194.5830835265697,0.0,827.2582726032725,7429.472091194268,8170.591661294455,0.04821640000000116,0.0,1,1,fallback_q80_q20,256;266;272;252;277;261;249;239;271;267;276;238;272;264;229;279;268;246;236;255;278;222;277;272;280;251;258;246;244;239,8.411049634560186e-13,2.2737367544323206e-13,0.0,0,0,0
2025-10-14,H24,72,12:00,2025-10-13,24.0,6,-3.451961269617712,33.394681869931205,36.84664313954892,0.0,54.128668238805744,105.19573613423972,18618.68640363805,0.03704349999998158,0.0,1,1,fallback_q80_q20,281;283;279;281;251;278;276;278;283;264;255;247;251;253;245;265;269;251;266;243;230;280;282;224;266;275;261;226;273;222,8.668621376273222e-13,2.2737367544323206e-13,0.0,0,0,0
2025-10-14,H24,108,18:00,2025-10-13,24.0,6,453.96158049926726,454.7615975490091,0.8000170497418438,0.0,261.365222100788,3.801459015166756,38677.14850648792,0.02602409999997235,0.0,1,1,fallback_q80_q20,245;224;223;254;248;245;257;275;271;250;262;282;260;281;277;272;235;281;271;265;272;226;236;281;262;279;229;283;272;268,9.094947017729282e-13,9.094947017729282e-13,0.0,0,0,0
2025-10-15,H24,0,00:00,2025-10-14,24.0,6,48063.92761148047,0.0,0.0,0.0,0.0,0.0,48063.93188258575,0.03173370000001796,0.0,1,1,fallback_q80_q20,254;252;275;278;257;272;247;266;273;246;270;261;282;254;284;278;283;261;245;267;264;264;282;280;275;264;222;244;258;239,6.536993168992922e-13,4.547473508864641e-13,0.0,0,0,0
2025-10-15,H24,36,06:00,2025-10-14,24.0,6,-2738.579255030351,59.47261574213984,2798.0518707724905,0.0,36.805883330161464,8521.459668368614,6581.683912499332,0.04822389999992538,0.0,1,1,fallback_q80_q20,272;275;245;276;280;266;239;277;280;268;259;279;254;257;251;259;274;275;283;239;229;268;282;258;275;282;254;253;253;283,9.094947017729282e-13,2.2737367544323206e-13,0.0,0,0,0
2025-10-15,H24,72,12:00,2025-10-14,24.0,6,2816.1409080901976,2879.356810831311,63.21590274111371,0.0,2337.0552336585542,277.8110425889418,20355.8858579863,0.040335499999969215,0.0,1,1,fallback_q80_q20,251;244;272;281;281;282;280;284;243;267;271;258;277;261;272;271;276;226;248;282;279;269;284;275;281;267;236;278;242;256,8.242295734817162e-13,2.2737367544323206e-13,0.0,0,0,0
2025-10-15,H24,108,18:00,2025-10-14,24.0,6,-39.0822799357159,0.0,39.0822799357159,0.0,0.0,68.66934946681408,26452.618951180335,0.03950859999997647,0.0,1,1,fallback_q80_q20,262;270;223;251;274;274;279;230;253;271;278;282;254;277;241;280;283;256;275;273;277;278;275;264;278;283;267;283;284;244,1.0231815394945443e-12,2.2737367544323206e-13,0.0,0,0,0
2025-10-16,H24,0,00:00,2025-10-15,24.0,6,46454.95376604629,0.0,0.0,0.0,0.0,0.0,46454.95802344286,0.04003309999995963,0.0,1,1,fallback_q80_q20,285;260;260;230;284;272;255;282;278;249;281;280;245;277;273;257;254;281;244;253;270;282;259;278;253;284;268;274;274;274,1.0231815394945443e-12,2.2737367544323206e-13,0.0,0,0,0
2025-10-16,H24,36,06:00,2025-10-15,24.0,6,1259.9689172811222,1831.2786810398936,571.3097637587715,0.0,1452.2601896044944,1536.0388348111926,8986.38573033131,0.05646220000005542,0.0,1,1,fallback_q80_q20,282;269;283;276;281;270;280;285;276;230;253;275;281;265;223;274;267;230;280;265;276;273;273;284;262;242;258;284;268;275,8.668621376273222e-13,2.2737367544323206e-13,0.0,0,0,0
2025-10-16,H24,72,12:00,2025-10-15,24.0,6,589.0231098782701,891.2200443450438,302.19693446677366,0.0,722.8776954316356,1164.0377013630978,13134.962961425053,0.04158369999993283,0.0,1,1,fallback_q80_q20,264;245;261;272;263;258;242;273;284;261;274;279;261;277;268;232;224;285;283;247;268;250;274;280;271;282;257;226;270;269,8.413270080609436e-13,2.2737367544323206e-13,0.0,0,0,0
2025-10-16,H24,108,18:00,2025-10-15,24.0,6,-150.0282339253735,0.0,150.0282339253735,0.0,0.0,277.9250900927025,13025.018118804968,0.04617300000006708,0.0,1,1,fallback_q80_q20,222;265;245;285;267;257;278;251;282;278;268;285;285;285;283;279;285;269;232;249;272;265;223;280;246;270;285;281;266;241,3.0127011996228248e-12,2.3874235921539366e-12,0.0,0,0,0
2025-10-17,H24,0,00:00,2025-10-16,24.0,6,22866.684325528324,0.0,0.0,0.0,0.0,0.0,22866.68818686166,0.05208059999995385,0.0,1,1,fallback_q80_q20,270;284;257;280;259;267;283;243;269;257;251;275;273;229;243;253;271;266;261;260;236;264;273;260;274;258;275;243;286;282,2.7284841053187847e-12,5.684341886080801e-13,0.0,0,0,0
2025-10-17,H24,36,06:00,2025-10-16,24.0,6,1286.5134043917174,1349.2695933357486,62.7561889440313,0.0,1087.1595049745185,231.0391332637405,7534.815627651344,0.04478749999998399,0.0,1,1,fallback_q80_q20,281;286;279;285;260;256;282;282;237;285;286;286;281;272;265;282;226;249;248;281;279;274;265;276;280;252;280;225;270;283,8.810729923425242e-13,1.1368683772161603e-13,0.0,0,0,0
2025-10-17,H24,72,12:00,2025-10-16,24.0,6,-477.74664212029955,0.0,477.74664212029955,0.0,0.0,918.9368461908768,5478.372916841358,0.06941540000002533,0.0,1,1,fallback_q80_q20,263;284;254;286;282;232;264;226;285;241;286;278;266;226;251;285;284;239;285;286;281;253;270;223;246;247;260;255;261;233,8.526512829121202e-13,1.1368683772161603e-13,0.0,0,0,0
2025-10-17,H24,108,18:00,2025-10-16,24.0,6,-1233.5415808969603,0.0,1233.5415808969603,0.0,0.0,2864.9229434791773,11934.06979567042,0.046825699999999415,0.0,1,1,fallback_q80_q20,285;265;276;229;266;223;265;280;243;236;254;277;242;282;223;232;275;282;241;283;286;271;240;232;249;270;250;281;282;275,7.736034035588091e-13,1.1368683772161603e-13,0.0,0,0,0
2025-10-18,H24,0,00:00,2025-10-17,24.0,6,21694.27772390627,0.0,0.0,0.0,0.0,0.0,21694.281563208948,0.04831780000006347,0.0,1,1,fallback_q80_q20,256;253;285;280;260;260;284;271;274;285;279;233;243;275;287;279;280;227;274;280;227;245;255;248;228;251;253;268;274;239,2.7284841053187847e-12,1.1368683772161603e-13,0.0,0,0,0
2025-10-18,H24,36,06:00,2025-10-17,24.0,6,1506.6706307016314,1509.0238685124455,2.353237810814046,0.0,1720.5249848387832,11.212664222018702,9070.342232725028,0.04319799999996121,0.0,1,1,fallback_q80_q20,272;284;256;260;270;276;283;245;287;251;267;260;277;268;280;277;279;280;260;287;282;278;254;266;275;242;270;285;268;269,9.094947017729282e-13,1.1368683772161603e-13,0.0,0,0,0
2025-10-18,H24,72,12:00,2025-10-17,24.0,6,-1258.5025889594365,0.0,1258.5025889594365,0.0,0.0,3362.098664062575,19431.37494681155,0.06623669999999038,0.0,1,1,fallback_q80_q20,276;251;228;280;282;255;257;283;283;221;258;251;239;285;266;273;252;275;287;276;269;228;282;252;276;275;220;266;238;257,9.094947017729282e-13,1.9326762412674725e-12,0.0,0,0,0
2025-10-18,H24,108,18:00,2025-10-17,24.0,6,-233.92740099832017,0.0,233.92740099832017,0.0,0.0,451.57953590932993,29279.358040482482,0.035852700000077675,0.0,1,1,fallback_q80_q20,277;274;275;251;221;283;221;282;271;251;287;227;270;256;274;275;256;284;269;266;244;251;247;282;260;238;232;253;249;245,9.094947017729282e-13,2.2737367544323206e-13,0.0,0,0,0
2025-10-19,H24,0,00:00,2025-10-18,24.0,6,41127.15213547929,0.0,0.0,0.0,0.0,0.0,41127.15625334078,0.03294370000003255,0.0,1,1,fallback_q80_q20,236;227;251;285;270;280;243;281;288;283;278;284;287;255;268;276;273;250;278;265;255;277;283;273;269;281;282;227;282;276,8.100187187665142e-13,4.547473508864641e-13,0.0,0,0,0
2025-10-19,H24,36,06:00,2025-10-18,24.0,6,3706.9054178218503,3716.052988437839,9.147570615988686,0.0,3525.636885625998,34.16930143559034,12964.886504187285,0.05311990000006972,0.0,1,1,fallback_q80_q20,267;235;282;286;249;268;246;280;280;244;279;261;286;258;288;256;277;284;288;247;240;288;283;279;280;273;254;280;235;236,8.064660050877137e-13,2.2737367544323206e-13,0.0,0,0,0
2025-10-19,H24,72,12:00,2025-10-18,24.0,6,1024.3823335677976,1542.5778270636197,518.1954934958221,0.0,932.9523144824766,1992.907493481857,21397.941789279786,0.057501600000023245,0.0,1,1,fallback_q80_q20,263;272;228;279;283;288;275;279;276;262;235;246;249;275;265;283;241;261;283;256;278;245;282;263;252;220;282;262;280;237,9.094947017729282e-13,2.2737367544323206e-13,0.0,0,0,0
2025-10-19,H24,108,18:00,2025-10-18,24.0,6,2121.5875948309836,2121.5875948309836,0.0,0.0,1180.0988188357703,0.0,34101.66983382497,0.03525060000004032,0.0,1,1,fallback_q80_q20,253;257;236;276;281;267;279;233;269;256;250;266;275;283;262;265;283;252;272;253;266;280;285;258;253;277;275;278;250;275,9.094947017729282e-13,6.821210263296962e-13,0.0,0,0,0
2025-10-20,H24,0,00:00,2025-10-19,24.0,6,51083.03314249457,0.0,0.0,0.0,0.0,0.0,51083.03750672139,0.0331304999999702,0.0,1,1,fallback_q80_q20,286;263;257;283;258;286;257;280;233;279;264;274;267;248;278;280;289;273;251;287;247;257;288;288;260;267;279;270;279;256,9.094947017729282e-13,1.1368683772161603e-12,0.0,0,0,0
2025-10-20,H24,36,06:00,2025-10-19,24.0,6,-1144.2142913912558,0.0,1144.2142913912558,0.0,0.0,2830.1609384421945,8381.268886337466,0.0399225999999544,0.0,1,1,fallback_q80_q20,280;255;275;287;263;244;283;270;255;273;285;250;274;286;289;269;282;238;270;288;272;284;280;282;287;288;257;241;275;246,9.094947017729282e-13,2.2737367544323206e-13,0.0,0,0,0
2025-10-20,H24,72,12:00,2025-10-19,24.0,6,-650.7120716937754,251.6222668549047,902.3343385486801,0.0,138.148440130354,3288.839747457352,21981.690465662377,0.03629369999998744,0.0,1,1,fallback_q80_q20,265;237;272;285;252;236;285;289;289;285;282;239;260;248;244;236;280;271;274;231;285;273;287;251;265;286;253;254;286;272,9.094947017729282e-13,2.2737367544323206e-13,0.0,0,0,0
2025-10-20,H24,108,18:00,2025-10-19,24.0,6,586.9693646032263,588.4134820424066,1.4441174391803173,0.0,327.1986830265091,6.85357962378589,35664.63978961131,0.026620600000001104,0.0,1,1,fallback_q80_q20,265;289;260;287;275;265;283;272;276;258;265;255;273;254;288;287;258;287;243;279;271;289;252;285;264;243;242;265;286;288,1.0231815394945443e-12,2.2737367544323206e-13,0.0,0,0,0
2025-10-21,H24,0,00:00,2025-10-20,24.0,6,48646.16631162891,0.0,0.0,0.0,0.0,0.0,48646.17063868318,0.03689699999995355,0.0,1,1,fallback_q80_q20,279;275;274;243;278;288;240;248;261;273;288;284;285;250;274;285;289;287;274;256;285;286;264;289;266;289;280;285;264;247,9.094947017729282e-13,6.821210263296962e-13,0.0,0,0,0
2025-10-21,H24,36,06:00,2025-10-20,24.0,6,5205.357225421401,5205.357225421401,0.0,0.0,4430.753226699988,0.0,14705.370446211122,0.04216580000002068,0.0,1,1,fallback_q80_q20,256;282;288;278;246;275;270;289;284;271;286;280;267;287;285;281;281;280;261;286;273;238;249;287;287;283;274;256;256;285,9.094947017729282e-13,2.2737367544323206e-13,0.0,0,0,0
2025-10-21,H24,72,12:00,2025-10-20,24.0,6,-1681.8394122157301,16.482667139807408,1698.3220793555377,0.0,8.530738886632719,5480.351259640431,18688.150920485623,0.0410137000000077,0.0,1,1,fallback_q80_q20,257;265;287;278;281;287;286;256;270;278;272;285;239;266;254;285;283;257;248;286;278;278;266;286;288;279;268;285;264;274,8.633094239485217e-13,2.2737367544323206e-13,0.0,0,0,0
2025-10-21,H24,108,18:00,2025-10-20,24.0,6,-5.11156134311623,1.6093863020078316,6.7209476451240615,0.0,1.144940989583347,20.53512211918644,24622.713744644305,0.04405220000001009,0.0,1,1,fallback_q80_q20,277;275;280;282;279;289;289;280;259;281;287;261;275;269;243;258;282;239;278;277;290;286;237;279;270;271;276;253;260;278,1.0231815394945443e-12,9.094947017729282e-13,0.0,0,0,0
2025-10-22,H24,0,00:00,2025-10-21,24.0,6,46479.1303815903,0.0,0.0,0.0,0.0,0.0,46479.13458734696,0.033348499999988235,0.0,1,1,fallback_q80_q20,282;262;288;285;289;260;272;279;262;271;273;279;284;269;277;229;275;286;288;282;274;289;265;278;247;283;233;275;268;260,8.100187187665142e-13,6.821210263296962e-13,0.0,0,0,0
2025-10-22,H24,36,06:00,2025-10-21,24.0,6,482.18393076554617,900.8757103010447,418.69177953549854,0.0,699.044075579584,1095.8205713046175,9981.601793217516,0.054670699999974204,0.0,1,1,fallback_q80_q20,240;280;289;272;273;279;250;284;279;237;278;248;289;237;262;275;277;261;275;269;248;289;291;262;257;264;274;288;288;264,9.094947017729282e-13,2.2737367544323206e-13,0.0,0,0,0
2025-10-22,H24,72,12:00,2025-10-21,24.0,6,2878.456970477503,2878.456970477503,0.0,0.0,2162.440383921393,0.0,17562.492711521976,0.03801350000003367,0.0,1,1,fallback_q80_q20,281;260;246;279;287;252;290;230;280;289;270;285;240;263;248;286;268;283;281;247;273;281;273;284;259;243;256;239;257;284,9.094947017729282e-13,2.2737367544323206e-13,0.0,0,0,0
2025-10-22,H24,108,18:00,2025-10-21,24.0,6,-74.71069366461705,0.0,74.71069366461705,0.0,0.0,135.51533227376484,30335.155522801735,0.040072399999985464,0.0,1,1,fallback_q80_q20,257;279;289;288;271;261;287;286;272;280;288;269;279;260;261;279;286;252;257;288;290;270;250;273;231;267;273;279;287;249,9.094947017729282e-13,3.410605131648481e-13,0.0,0,0,0
2025-10-23,H24,0,00:00,2025-10-22,24.0,6,55161.70861827538,0.0,0.0,0.0,0.0,0.0,55161.713074595515,0.013427200000023731,0.0,1,1,fallback_q80_q20,270;290;289;289;274;289;292;250;291;285;288;266;267;278;285;262;252;279;288;272;289;247;276;259;282;290;252;266;277;279,1.0231815394945443e-12,9.094947017729282e-13,0.0,0,0,0
2025-10-23,H24,36,06:00,2025-10-22,24.0,6,-5027.880090778375,215.0671334238844,5242.947224202259,0.0,151.95194073982623,15837.169574396232,3220.1041262439267,0.045574799999940296,0.0,1,1,fallback_q80_q20,231;285;245;261;288;282;232;265;287;279;289;269;287;276;272;283;243;279;278;286;287;264;290;257;289;233;292;263;253;265,1.0231815394945443e-12,1.3642420526593924e-12,0.0,0,0,0
2025-10-23,H24,72,12:00,2025-10-22,24.0,6,1433.0938979567468,1490.259024976375,57.16512701962818,0.0,1263.514002763613,227.55081373683618,8024.889781527339,0.05050719999997,0.0,1,1,fallback_q80_q20,247;236;278;249;286;272;291;265;248;259;280;288;288;289;249;271;257;253;289;254;286;257;278;266;290;289;287;251;292;271,9.094947017729282e-13,2.2737367544323206e-13,0.0,0,0,0
2025-10-23,H24,108,18:00,2025-10-22,24.0,6,829.40100482415,829.40100482415,0.0,0.0,473.4535280422491,0.0,17275.02180979195,0.05034530000000359,0.0,1,1,fallback_q80_q20,289;255;244;284;229;272;263;256;292;292;236;267;285;236;247;283;277;290;265;239;282;247;270;280;245;280;287;268;283;265,9.094947017729282e-13,2.2737367544323206e-13,0.0,0,0,0
2025-10-24,H24,0,00:00,2025-10-23,24.0,6,24965.195401444857,0.0,0.0,0.0,0.0,0.0,24965.199236067827,0.040341600000033395,0.0,1,1,fallback_q80_q20,292;284;251;238;292;284;237;255;280;239;290;261;292;252;260;266;266;288;289;263;290;290;292;290;270;245;275;278;289;255,8.100187187665142e-13,1.3642420526593924e-12,0.0,0,0,0
2025-10-24,H24,36,06:00,2025-10-23,24.0,6,11.772074231961511,74.96222789796423,63.190153666002715,0.0,72.95446939133333,178.8347108101052,7124.4299333890485,0.043332299999974566,0.0,1,1,fallback_q80_q20,248;267;283;230;280;289;293;291;292;267;286;279;286;273;262;288;286;272;288;276;289;290;256;273;285;259;282;255;289;287,8.881784197001252e-13,1.1368683772161603e-13,0.0,0,0,0
2025-10-24,H24,72,12:00,2025-10-23,24.0,6,-923.3943501798351,0.0,923.3943501798351,0.0,0.0,1840.975786162468,6036.272049421067,0.03873450000003231,0.0,1,1,fallback_q80_q20,272;245;246;293;293;280;261;237;231;253;280;274;280;274;293;282;271;272;278;271;281;236;271;293;244;287;266;288;238;251,9.094947017729282e-13,2.2737367544323206e-13,0.0,0,0,0
2025-10-24,H24,108,18:00,2025-10-23,24.0,6,-655.8446157909548,0.0,655.8446157909548,0.0,0.0,1397.4743140327403,9723.539718753354,0.03899279999995997,0.0,1,1,fallback_q80_q20,251;273;283;288;284;275;289;271;258;250;276;286;271;259;254;277;281;270;293;240;278;284;265;292;250;253;288;272;266;281,9.094947017729282e-13,1.1368683772161603e-13,0.0,0,0,0
2025-10-25,H24,0,00:00,2025-10-24,24.0,6,21998.12336026374,0.0,0.0,0.0,0.0,0.0,21998.126835209398,0.03917279999996026,0.0,1,1,fallback_q80_q20,278;260;283;276;265;261;253;288;280;289;291;284;291;283;262;267;227;279;276;283;286;268;293;292;261;289;257;269;293;286,7.958078640513122e-13,3.410605131648481e-13,0.0,0,0,0
2025-10-25,H24,36,06:00,2025-10-24,24.0,6,2676.1420454201807,2679.6230610684765,3.4810156482960664,0.0,1912.1451697643852,16.55718409010683,11772.685098669666,0.0525159999999687,0.0,1,1,fallback_q80_q20,243;290;266;293;291;288;287;290;268;240;291;290;255;278;270;265;291;278;287;262;255;242;250;271;292;292;255;263;293;291,1.1937117960769683e-12,1.1368683772161603e-13,0.0,0,0,0
2025-10-25,H24,72,12:00,2025-10-24,24.0,6,-1078.231513828206,0.0,1078.231513828206,0.0,0.0,2370.0919767538003,14669.240784979642,0.03712910000001557,0.0,1,1,fallback_q80_q20,256;287;279;248;256;234;286;249;281;285;290;261;281;274;283;281;294;228;274;291;280;292;292;278;266;286;277;290;241;273,9.094947017729282e-13,2.2737367544323206e-13,0.0,0,0,0
2025-10-25,H24,108,18:00,2025-10-24,24.0,6,-243.02862986262159,0.0,243.02862986262159,0.0,0.0,495.57165821196486,29659.820756458295,0.028064299999982723,0.0,1,1,fallback_q80_q20,283;273;291;290;254;288;271;287;282;282;290;267;267;273;256;290;278;289;291;283;282;285;263;290;271;259;250;259;277;284,9.094947017729282e-13,2.2737367544323206e-13,0.0,0,0,0
2025-10-26,H24,0,00:00,2025-10-25,24.0,6,50222.966433189686,0.0,0.0,0.0,0.0,0.0,50222.97069340987,0.03506440000001021,0.0,1,1,fallback_q80_q20,280;286;256;235;291;287;266;263;249;228;261;276;287;291;283;290;234;279;227;279;292;290;288;284;291;284;291;265;291;249,8.526512829121202e-13,4.547473508864641e-13,0.0,0,0,0
2025-10-26,H24,36,06:00,2025-10-25,24.0,6,-3065.5077314357463,11.915350334684332,3077.4230817704306,0.0,8.479469352892352,9080.409457569982,6349.277457299022,0.04860430000007909,0.0,1,1,fallback_q80_q20,275;281;291;263;245;287;234;289;242;277;267;282;276;287;291;284;249;258;279;242;292;277;265;247;281;281;274;262;241;292,9.094947017729282e-13,2.2737367544323206e-13,0.0,0,0,0
2025-10-26,H24,72,12:00,2025-10-25,24.0,6,2077.784388461806,2079.70698871772,1.922600255914035,0.0,1810.1197092334683,9.158523765291648,20113.2100787215,0.03830779999998413,0.0,1,1,fallback_q80_q20,280;290;256;279;282;266;264;283;294;244;269;270;248;257;227;252;272;234;249;291;242;276;268;234;287;290;227;255;265;291,9.094947017729282e-13,2.2737367544323206e-13,0.0,0,0,0
2025-10-26,H24,108,18:00,2025-10-25,24.0,6,2193.6227675605114,2193.6227675605114,0.0,0.0,1225.4407652768632,0.0,32350.77413836888,0.03916509999999107,0.0,1,1,fallback_q80_q20,292;293;295;272;273;280;284;252;270;286;265;227;272;275;259;295;283;277;289;244;278;283;292;249;291;287;292;291;290;270,8.526512829121202e-13,2.2737367544323206e-13,0.0,0,0,0
2025-10-27,H24,0,00:00,2025-10-26,24.0,6,48250.030348354696,0.0,0.0,0.0,0.0,0.0,48250.034526127616,0.03360679999991589,0.0,1,1,fallback_q80_q20,272;268;248;296;270;283;267;295;238;274;264;294;236;246;284;280;287;278;256;283;281;292;284;284;294;287;244;295;290;290,8.526512829121202e-13,4.547473508864641e-13,0.0,0,0,0
2025-10-27,H24,36,06:00,2025-10-26,24.0,6,2940.0262057454993,3017.903560325549,77.87735458004947,0.0,3137.8856197473715,267.99251649207247,12290.845900424545,0.04749519999995755,0.0,1,1,fallback_q80_q20,250;264;295;285;294;271;284;287;247;285;294;285;250;285;295;258;286;272;267;289;272;294;292;296;258;261;287;293;294;278,9.094947017729282e-13,2.2737367544323206e-13,0.0,0,0,0
2025-10-27,H24,72,12:00,2025-10-26,24.0,6,-1042.8766352302948,0.0,1042.8766352302948,0.0,0.0,3998.6514449184865,16864.428187174286,0.040115099999979975,0.0,1,1,fallback_q80_q20,240;292;277;274;286;294;240;233;264;266;294;282;268;275;292;294;287;266;259;293;289;259;294;260;288;243;233;288;294;272,9.094947017729282e-13,2.2737367544323206e-13,0.0,0,0,0
2025-10-27,H24,108,18:00,2025-10-26,24.0,6,-45.70347632752066,0.0,45.70347632752066,0.0,0.0,82.82438749347824,31964.901393809516,0.04497789999993529,0.0,1,1,fallback_q80_q20,254;268;261;294;273;278;264;267;245;287;292;290;281;280;296;296;272;282;270;254;292;272;279;275;296;238;296;270;296;279,8.171241461241152e-13,2.2737367544323206e-13,0.0,0,0,0
2025-10-28,H24,0,00:00,2025-10-27,24.0,6,45986.82041999625,0.0,0.0,0.0,0.0,0.0,45986.82445858189,0.0380341000000044,0.0,1,1,fallback_q80_q20,280;265;272;292;255;297;275;279;274;279;293;295;273;267;248;282;276;294;294;294;274;291;264;261;292;278;246;292;289;281,7.958078640513122e-13,7.958078640513122e-13,0.0,0,0,0
2025-10-28,H24,36,06:00,2025-10-27,24.0,6,5066.665227844433,5075.89539622309,9.230168378657035,0.0,4830.756659246073,41.34957356215136,14554.066896148168,0.04480050000006486,0.0,1,1,fallback_q80_q20,253;297;291;282;290;271;267;287;287;257;297;297;266;252;270;296;294;277;260;274;296;246;252;292;252;295;296;291;259;282,8.668621376273222e-13,2.2737367544323206e-13,0.0,0,0,0
2025-10-28,H24,72,12:00,2025-10-27,24.0,6,-1181.8773131671428,0.0,1181.8773131671428,0.0,0.0,3843.7218751130613,18583.70755040974,0.04433449999999084,0.0,1,1,fallback_q80_q20,295;275;268;289;251;249;265;267;297;247;295;282;283;293;295;286;296;290;295;296;279;279;280;258;247;249;267;296;265;249,1.0231815394945443e-12,4.547473508864641e-13,0.0,0,0,0
2025-10-28,H24,108,18:00,2025-10-27,24.0,6,1182.7600647831102,1182.7600647831102,0.0,0.0,660.059375967779,0.0,38798.72114580669,0.026841600000011567,0.0,1,1,fallback_q80_q20,249;266;260;296;294;281;246;286;287;255;236;292;296;286;255;251;254;259;274;279;265;284;262;251;252;289;295;274;295;264,9.094947017729282e-13,6.821210263296962e-13,0.0,0,0,0
2025-10-29,H24,0,00:00,2025-10-28,24.0,6,52784.348748396376,0.0,0.0,0.0,0.0,0.0,52784.353179069614,0.03677010000001246,0.0,1,1,fallback_q80_q20,244;292;288;292;266;275;263;291;289;292;244;288;273;245;290;292;285;244;294;280;297;261;264;262;291;270;286;294;293;289,9.094947017729282e-13,3.410605131648481e-13,0.0,0,0,0
2025-10-29,H24,36,06:00,2025-10-28,24.0,6,362.40051609651994,527.853861996535,165.45334590001505,0.0,369.26364137682094,604.7619673930856,9730.284437415767,0.040822599999955855,0.0,1,1,fallback_q80_q20,288;249;256;295;269;261;260;273;285;295;296;265;260;289;274;274;276;254;288;294;287;295;288;296;287;288;273;291;291;286,8.526512829121202e-13,2.2737367544323206e-13,0.0,0,0,0
2025-10-29,H24,72,12:00,2025-10-28,24.0,6,-1201.7553620471651,0.0,1201.7553620471651,0.0,0.0,4067.2435037665227,21593.09927769201,0.04700180000008913,0.0,1,1,fallback_q80_q20,297;238;292;296;293;255;290;291;288;285;293;291;268;279;282;292;295;296;279;280;264;262;295;239;293;266;285;290;292;265,9.094947017729282e-13,2.8421709430404007e-13,0.0,0,0,0
2025-10-29,H24,108,18:00,2025-10-28,24.0,6,1275.8235282568835,1275.8235282568835,0.0,0.0,716.1603081193167,0.0,37559.582713515396,0.029255299999931594,0.0,1,1,fallback_q80_q20,255;278;298;296;262;295;238;273;252;294;291;236;291;264;285;263;236;293;298;260;295;261;291;271;252;296;259;287;258;296,7.958078640513122e-13,2.2737367544323206e-13,0.0,0,0,0
2025-10-30,H24,0,00:00,2025-10-29,24.0,6,45620.09622151808,0.0,0.0,0.0,0.0,0.0,45620.1003679836,0.0332136999999193,0.0,1,1,fallback_q80_q20,283;285;281;259;299;263;269;284;289;266;283;287;247;296;296;286;278;297;295;296;294;274;299;277;296;297;287;265;250;265,9.094947017729282e-13,6.821210263296962e-13,0.0,0,0,0
2025-10-30,H24,36,06:00,2025-10-29,24.0,6,2178.0019284613004,2270.1996966889583,92.19776822765772,0.0,1908.5084214419476,263.70841581380546,9684.073109330218,0.04629669999997077,0.0,1,1,fallback_q80_q20,271;245;281;261;292;261;275;277;298;286;259;246;269;282;274;294;278;296;269;299;285;299;260;299;247;267;270;294;270;267,9.094947017729282e-13,2.5579538487363607e-13,0.0,0,0,0
2025-10-30,H24,72,12:00,2025-10-29,24.0,6,338.7448664498206,764.7984937315528,426.05362728173213,0.0,609.5027295142968,1807.0443841484425,8201.916231160198,0.0470225000000255,0.0,1,1,fallback_q80_q20,238;280;265;282;291;288;299;278;274;272;299;295;257;296;295;279;271;275;299;253;240;257;282;272;298;279;265;289;282;294,1.0231815394945443e-12,2.2737367544323206e-13,0.0,0,0,0
2025-10-30,H24,108,18:00,2025-10-29,24.0,6,484.59607150485266,484.59607150485266,0.0,0.0,282.5076672975574,0.0,14304.676159539113,0.04656939999995302,0.0,1,1,fallback_q80_q20,288;243;285;299;288;271;294;297;240;266;278;297;290;296;257;264;294;260;272;263;282;289;295;273;280;273;286;294;280;265,1.234568003383174e-12,2.2737367544323206e-13,0.0,0,0,0
2025-10-31,H24,0,00:00,2025-10-30,24.0,6,29001.055885295107,0.0,0.0,0.0,0.0,0.0,29001.059660991996,0.04122159999997166,0.0,1,1,fallback_q80_q20,297;252;298;295;258;300;295;293;258;295;296;281;289;263;252;238;286;270;293;274;286;270;296;255;265;299;251;239;300;296,1.0231815394945443e-12,7.958078640513122e-13,0.0,0,0,0
2025-10-31,H24,36,06:00,2025-10-30,24.0,6,-1560.9662363260875,0.0,1560.9662363260875,0.0,0.0,5209.48969164652,5769.194187857545,0.04156769999997323,0.0,1,1,fallback_q80_q20,269;243;265;285;286;293;254;286;281;245;246;293;280;300;299;299;295;247;295;237;300;299;291;237;284;261;237;299;247;287,9.094947017729282e-13,1.1368683772161603e-13,0.0,0,0,0
2025-10-31,H24,72,12:00,2025-10-30,24.0,6,-856.0007424329602,0.0,856.0007424329602,0.0,0.0,1905.3573083375654,6809.93916103557,0.041750900000010915,0.0,1,1,fallback_q80_q20,269;300;263;293;283;282;287;294;300;293;273;253;285;287;281;270;269;293;285;294;272;300;267;273;275;259;300;293;296;274,9.094947017729282e-13,1.1368683772161603e-13,0.0,0,0,0
2025-10-31,H24,108,18:00,2025-10-30,24.0,6,-775.0744496334928,0.0,775.0744496334928,0.0,0.0,1712.419299064048,15105.114362976863,0.04303109999989374,0.0,1,1,fallback_q80_q20,298;295;285;256;253;269;237;298;271;280;292;290;291;240;295;282;299;289;294;296;262;256;287;300;284;289;237;292;280;260,9.094947017729282e-13,2.2737367544323206e-13,0.0,0,0,0
2025-11-01,H24,0,00:00,2025-10-31,24.0,6,23371.769119326018,0.0,0.0,0.0,0.0,0.0,23371.772981839367,0.05455810000000838,0.0,1,1,fallback_q80_q20,301;275;234;235;299;241;290;274;252;300;284;293;290;298;282;297;299;281;301;251;255;277;288;299;291;259;298;295;298;277,7.958078640513122e-13,2.2737367544323206e-13,0.0,0,0,0
2025-11-01,H24,36,06:00,2025-10-31,24.0,6,-421.7810929501479,0.0,421.7810929501479,0.0,0.0,1047.2701372875358,8145.095069552775,0.044937000000004446,0.0,1,1,fallback_q80_q20,291;294;298;301;276;294;270;258;297;301;293;287;234;289;300;242;299;295;297;285;298;280;255;241;269;277;266;234;263;273,9.094947017729282e-13,1.2789769243681803e-13,0.0,0,0,0
2025-11-01,H24,72,12:00,2025-10-31,24.0,6,-64.38560716399232,0.20415151811987423,64.58975868211219,0.0,0.18858391586520185,220.3805452382367,14370.932440232626,0.04274290000000747,0.0,1,1,fallback_q80_q20,291;282;298;286;234;290;298;277;296;252;291;276;288;280;289;260;298;290;292;280;252;247;285;260;287;254;273;282;277;289,9.094947017729282e-13,2.2737367544323206e-13,0.0,0,0,0
2025-11-01,H24,108,18:00,2025-10-31,24.0,6,-428.58222442907635,0.0,428.58222442907635,0.0,0.0,809.107237034495,29238.30560554923,0.03542949999996381,0.0,1,1,fallback_q80_q20,301;280;254;298;298;251;290;280;293;299;291;297;296;269;281;282;300;253;287;297;249;291;258;271;298;300;298;278;264;298,8.526512829121202e-13,2.2737367544323206e-13,0.0,0,0,0
2025-11-02,H24,0,00:00,2025-11-01,24.0,6,45620.81558468712,0.0,0.0,0.0,0.0,0.0,45620.81990154169,0.03255339999998341,0.0,1,1,fallback_q80_q20,268;300;280;294;297;277;267;254;273;282;289;250;261;285;293;248;279;270;295;282;295;260;258;252;295;292;270;292;255;298,7.815970093361102e-13,3.410605131648481e-13,0.0,0,0,0
2025-11-02,H24,36,06:00,2025-11-01,24.0,6,7333.714527629477,7342.446311779719,8.731784150241879,0.0,6942.946380591388,40.07676382568047,16840.579687090838,0.036804000000074666,0.0,1,1,fallback_q80_q20,275;276;273;301;264;299;280;269;262;298;291;293;285;256;298;294;281;293;281;302;298;295;300;242;268;297;290;280;289;269,7.389644451905042e-13,2.2737367544323206e-13,0.0,0,0,0
2025-11-02,H24,72,12:00,2025-11-01,24.0,6,465.10793921948516,1190.1758031658082,725.0678639463231,0.0,741.5078133379326,2746.2957643042455,18530.715446618717,0.03538000000003194,0.0,1,1,fallback_q80_q20,277;277;249;295;299;287;250;263;275;299;282;297;253;301;299;292;241;253;263;301;242;293;269;297;291;268;284;288;261;278,7.958078640513122e-13,2.2737367544323206e-13,0.0,0,0,0
2025-11-02,H24,108,18:00,2025-11-01,24.0,6,1056.707752782923,1056.707752782923,0.0,0.0,573.9729017423849,0.0,36683.90181635845,0.020978499999955602,0.0,1,1,fallback_q80_q20,277;297;286;289;297;294;254;288;252;299;262;269;265;275;297;272;289;277;299;265;277;273;242;260;234;267;278;274;247;294,9.094947017729282e-13,2.2737367544323206e-13,0.0,0,0,0
2025-11-03,H24,0,00:00,2025-11-02,24.0,6,52850.18692739459,0.0,0.0,0.0,0.0,0.0,52850.19120540252,0.034040699999991375,0.0,1,1,fallback_q80_q20,255;285;300;282;253;299;285;300;302;299;269;289;271;262;271;289;292;253;295;293;303;283;301;285;301;301;299;277;260;297,9.094947017729282e-13,2.8421709430404007e-13,0.0,0,0,0
2025-11-03,H24,36,06:00,2025-11-02,24.0,6,-1216.4337436198757,144.39888659749658,1360.8326302173723,0.0,90.68018298118,3954.964947143799,8251.167329925196,0.05508919999999762,0.0,1,1,fallback_q80_q20,297;271;302;246;296;285;281;299;299;295;296;282;255;295;289;289;245;268;258;285;277;256;265;253;295;303;295;278;289;297,9.094947017729282e-13,3.410605131648481e-13,0.0,0,0,0
2025-11-03,H24,72,12:00,2025-11-02,24.0,6,18.34339902606797,392.2134168501184,373.8700178240504,0.0,279.7476574353256,1443.8402334865764,19489.645979220033,0.037723199999959434,0.0,1,1,fallback_q80_q20,302;295;300;301;289;287;261;284;297;303;300;300;300;281;301;293;287;303;252;286;294;290;299;279;261;261;285;265;280;294,1.0231815394945443e-12,2.2737367544323206e-13,0.0,0,0,0
2025-11-03,H24,108,18:00,2025-11-02,24.0,6,1148.5827845379858,1148.5827845379858,0.0,0.0,641.5132725256195,0.0,34366.6849892997,0.03502879999996367,0.0,1,1,fallback_q80_q20,256;256;268;294;272;302;288;296;267;288;303;253;274;276;260;294;295;251;264;272;282;300;294;288;247;258;291;301;302;278,9.094947017729282e-13,6.821210263296962e-13,0.0,0,0,0
2025-11-04,H24,0,00:00,2025-11-03,24.0,6,49833.90472052283,0.0,0.0,0.0,0.0,0.0,49833.90897378784,0.03244719999997869,0.0,1,1,fallback_q80_q20,293;274;304;300;299;256;282;281;287;303;298;256;277;304;289;282;288;303;282;286;262;278;245;259;268;255;301;292;280;293,8.810729923425242e-13,7.958078640513122e-13,0.0,0,0,0
2025-11-04,H24,36,06:00,2025-11-03,24.0,6,2151.15679847863,2174.2386298562865,23.081831377656325,0.0,1948.0530150756263,105.58129007615173,11461.267779564556,0.04578040000001238,0.0,1,1,fallback_q80_q20,302;286;267;278;250;298;274;295;268;288;278;300;301;269;270;261;299;289;259;301;293;285;303;289;281;245;261;283;273;302,9.094947017729282e-13,2.2737367544323206e-13,0.0,0,0,0
2025-11-04,H24,72,12:00,2025-11-03,24.0,6,-809.7651221677106,258.37335127572845,1068.1384734434391,0.0,151.39518216731676,4031.900500532466,20009.479318704314,0.04440189999991162,0.0,1,1,fallback_q80_q20,273;295;302;298;301;300;294;298;286;269;293;292;268;258;301;281;303;300;276;273;300;284;257;252;260;252;299;301;278;298,9.094947017729282e-13,3.552713678800501e-13,0.0,0,0,0
2025-11-04,H24,108,18:00,2025-11-03,24.0,6,519.9590364670453,523.167245815517,3.20820934847181,0.0,279.959979163057,12.308798121426207,45078.01756942237,0.0319789000000128,0.0,1,1,fallback_q80_q20,284;295;304;263;280;286;273;303;292;291;299;293;299;295;296;277;252;271;303;282;280;254;299;304;299;294;247;303;285;250,7.958078640513122e-13,2.2737367544323206e-13,0.0,0,0,0
2025-11-05,H24,0,00:00,2025-11-04,24.0,6,55303.67391744441,0.0,0.0,0.0,0.0,0.0,55303.678371090165,0.013220499999988533,0.0,1,1,fallback_q80_q20,267;292;288;303;296;273;278;274;291;283;277;292;278;299;295;244;281;260;254;262;289;301;297;299;260;295;293;288;304;265,7.958078640513122e-13,1.2505552149377763e-12,0.0,0,0,0
2025-11-05,H24,36,06:00,2025-11-04,24.0,6,-3203.2101165909667,7.076992923389644,3210.2871095143564,0.0,5.036288729995476,8995.677954488254,6071.601534100955,0.045381900000052156,0.0,1,1,fallback_q80_q20,289;303;302;285;265;247;274;303;287;299;300;283;299;280;261;296;296;293;299;295;299;267;280;301;299;263;266;296;251;302,8.337774914934926e-13,2.2737367544323206e-13,0.0,0,0,0
2025-11-05,H24,72,12:00,2025-11-04,24.0,6,4409.451336087298,4517.6140097857815,108.16267369848319,0.0,3456.530424432084,380.72042836495314,28347.418181118253,0.04170690000000832,0.0,1,1,fallback_q80_q20,298;305;294;280;272;299;305;272;292;303;302;278;293;275;301;291;294;285;250;303;301;263;281;303;267;302;256;270;302;252,9.094947017729282e-13,2.2737367544323206e-13,0.0,0,0,0
2025-11-05,H24,108,18:00,2025-11-04,24.0,6,39.18707062413109,49.21710190887319,10.030031284742101,0.0,28.992319327436803,20.83454897051331,37802.41349881903,0.027456999999913023,0.0,1,1,fallback_q80_q20,293;265;256;294;265;280;294;305;298;298;297;261;259;258;302;299;296;299;286;282;259;301;285;261;303;305;299;296;288;300,1.8189894035458565e-12,1.0231815394945443e-12,0.0,0,0,0
2025-11-06,H24,0,00:00,2025-11-05,24.0,6,51631.19397419585,0.0,0.0,0.0,0.0,0.0,51631.19816736252,0.012488700000062636,1.4092172702633028e-16,1,1,fallback_q80_q20,294;286;304;299;300;267;275;250;282;247;245;291;306;253;299;266;279;270;282;295;296;301;306;290;302;302;289;254;298;291,7.958078640513122e-13,3.410605131648481e-13,0.0,0,0,0
2025-11-06,H24,36,06:00,2025-11-05,24.0,6,1383.1814232483305,1443.1499952749243,59.968572026593755,0.0,1591.403716314418,188.17596469273167,8697.297183785504,0.039863800000034644,0.0,1,1,fallback_q80_q20,246;302;247;302;303;296;282;304;292;293;254;281;280;285;296;295;306;293;303;281;302;244;303;306;297;273;301;291;272;302,9.023892744153272e-13,2.2737367544323206e-13,0.0,0,0,0
2025-11-06,H24,72,12:00,2025-11-05,24.0,6,-245.06339784407052,208.75651623915192,453.81991408322244,0.0,183.76979644886632,1640.7481662111131,8751.626184339768,0.03939360000003944,0.0,1,1,fallback_q80_q20,291;296;302;280;306;252;265;278;296;272;300;277;302;301;304;302;254;278;301;295;283;272;296;269;254;274;301;299;291;274,9.094947017729282e-13,2.2737367544323206e-13,0.0,0,0,0
2025-11-06,H24,108,18:00,2025-11-05,24.0,6,567.1590375354543,573.4490508606395,6.2900133251851935,0.0,320.21628461284104,29.732217641095076,19273.51084737798,0.040479200000049786,0.0,1,1,fallback_q80_q20,245;297;270;279;291;251;287;262;290;279;300;247;288;250;278;303;293;289;251;281;252;294;301;305;295;305;297;295;277;296,7.958078640513122e-13,2.2737367544323206e-13,0.0,0,0,0
2025-11-07,H24,0,00:00,2025-11-06,24.0,6,25969.632732809696,0.0,0.0,0.0,0.0,0.0,25969.636594143027,0.033998300000007475,0.0,1,1,fallback_q80_q20,303;270;303;283;267;266;261;267;299;266;300;263;307;271;260;299;300;287;306;273;276;288;282;306;299;300;292;264;270;282,8.100187187665142e-13,1.0231815394945443e-12,0.0,0,0,0
2025-11-07,H24,36,06:00,2025-11-06,24.0,6,935.4218787133592,1038.7993434495788,103.37746473621964,0.0,1534.1120542867102,299.2937458810107,8385.33552721772,0.039221999999995205,0.0,1,1,fallback_q80_q20,279;302;257;283;258;304;287;307;297;302;297;268;289;301;280;303;301;303;292;268;273;303;299;289;292;292;299;306;266;268,9.094947017729282e-13,1.1368683772161603e-13,0.0,0,0,0
2025-11-07,H24,72,12:00,2025-11-06,24.0,6,-925.8097379814949,0.0,925.8097379814949,0.0,0.0,3014.227698930465,7798.045559160717,0.043462100000056125,0.0,1,1,fallback_q80_q20,252;301;274;306;302;292;307;296;282;259;302;280;267;250;263;273;279;261;289;285;260;301;270;279;294;250;305;303;247;302,9.094947017729282e-13,1.1368683772161603e-13,0.0,0,0,0
2025-11-07,H24,108,18:00,2025-11-06,24.0,6,-681.2145549960092,0.0,681.2145549960092,0.0,0.0,1463.0960140625443,10616.73548706005,0.045443299999988085,0.0,1,1,fallback_q80_q20,305;304;284;303;299;307;275;299;301;293;302;299;301;302;252;302;259;298;302;290;302;307;278;303;291;298;280;301;306;289,1.0231815394945443e-12,1.6058265828178264e-12,0.0,0,0,0
2025-11-08,H24,0,00:00,2025-11-07,24.0,6,23514.026277439934,0.0,0.0,0.0,0.0,0.0,23514.030027391895,0.03727959999991981,0.0,1,1,fallback_q80_q20,256;299;305;308;267;290;302;273;262;296;304;296;300;274;300;307;261;301;285;305;297;295;305;306;306;301;276;249;257;307,8.526512829121202e-13,1.1368683772161603e-12,0.0,0,0,0
2025-11-08,H24,36,06:00,2025-11-07,24.0,6,-489.9974987248737,0.0,489.9974987248737,0.0,0.0,2163.5531740824154,8905.332111170528,0.04947509999999511,0.0,1,1,fallback_q80_q20,308;308;304;274;277;276;281;266;307;274;302;305;266;297;303;264;295;286;292;262;269;304;272;277;274;275;296;271;298;303,9.094947017729282e-13,1.1368683772161603e-13,0.0,0,0,0
2025-11-08,H24,72,12:00,2025-11-07,24.0,6,-118.1633168394657,0.0,118.1633168394657,0.0,0.0,226.4144322273878,16440.73601767475,0.050173699999959354,0.0,1,1,fallback_q80_q20,306;302;257;304;292;266;266;305;292;276;299;288;290;301;297;271;286;282;306;302;284;293;288;277;263;290;287;308;307;283,9.094947017729282e-13,2.2737367544323206e-13,0.0,0,0,0
2025-11-08,H24,108,18:00,2025-11-07,24.0,6,-451.1561594163876,0.0,451.1561594163876,0.0,0.0,1024.0386421066491,34904.3580171847,0.0350285999999187,0.0,1,1,fallback_q80_q20,280;255;308;265;308;305;276;296;304;304;289;292;300;289;276;272;272;275;263;292;282;306;277;287;284;276;291;262;279;282,7.958078640513122e-13,2.2737367544323206e-13,0.0,0,0,0
2025-11-09,H24,0,00:00,2025-11-08,24.0,6,48980.64823694654,0.0,0.0,0.0,0.0,0.0,48980.65246435709,0.03514800000004925,0.0,1,1,fallback_q80_q20,272;255;258;285;303;279;299;266;307;304;249;294;282;303;309;270;305;257;300;279;297;296;304;264;284;289;298;296;283;283,1.0231815394945443e-12,2.2737367544323206e-13,0.0,0,0,0
2025-11-09,H24,36,06:00,2025-11-08,24.0,6,431.8648388990014,661.8474423463276,229.9826034473262,0.0,489.5457769424729,785.6849933432417,9864.998295181047,0.04425400000002355,0.0,1,1,fallback_q80_q20,285;242;268;300;259;309;280;241;295;295;254;287;309;297;298;309;306;276;280;289;241;309;304;288;295;305;298;242;293;254,1.0231815394945443e-12,2.2737367544323206e-13,0.0,0,0,0
2025-11-09,H24,72,12:00,2025-11-08,24.0,6,2078.019780817414,2431.216930894468,353.1971500770541,0.0,1765.0422764883706,1360.1640057758937,25772.5420250385,0.0376442000000452,0.0,1,1,fallback_q80_q20,296;292;308;298;306;305;256;302;283;258;269;260;308;264;293;309;307;294;288;309;307;296;302;286;274;309;300;269;304;305,8.180123245438153e-13,2.2737367544323206e-13,0.0,0,0,0
2025-11-09,H24,108,18:00,2025-11-08,24.0,6,1919.3171213667688,1919.3171213667688,0.0,0.0,1058.2285550953484,0.0,47217.456345573984,0.01592279999999846,0.0,1,1,fallback_q80_q20,304;308;266;308;309;255;301;269;298;279;249;285;242;285;266;269;283;278;309;304;291;260;305;307;289;299;300;300;280;268,6.821210263296962e-13,9.094947017729282e-13,0.0,0,0,0
2025-11-10,H24,0,00:00,2025-11-09,24.0,6,54008.08407376923,0.0,0.0,0.0,0.0,0.0,54008.08847163952,0.03435750000005555,0.0,1,1,fallback_q80_q20,289;281;308;269;303;302;268;301;286;300;299;264;292;309;262;300;299;258;266;284;300;299;304;266;307;303;286;298;261;268,9.094947017729282e-13,1.0231815394945443e-12,0.0,0,0,0
2025-11-10,H24,36,06:00,2025-11-09,24.0,6,3637.5191939156252,3747.6964798569607,110.17728594133551,0.0,3510.0162914789603,347.12213842755204,12889.591669062944,0.04003950000003442,0.0,1,1,fallback_q80_q20,288;254;302;309;309;308;295;288;285;277;254;281;286;294;299;275;303;310;267;310;282;252;305;271;298;253;299;303;264;307,9.094947017729282e-13,2.2737367544323206e-13,0.0,0,0,0
2025-11-10,H24,72,12:00,2025-11-09,24.0,6,-1106.1801024501483,109.88998980641742,1216.0700922565657,0.0,64.73190204200057,4315.465775896344,16720.592483533183,0.03885560000003352,0.0,1,1,fallback_q80_q20,306;263;282;284;308;287;310;304;296;300;274;300;288;300;294;306;294;251;303;306;292;297;266;264;309;310;310;309;306;281,8.981704269217516e-13,2.779998453661392e-13,0.0,0,0,0
2025-11-10,H24,108,18:00,2025-11-09,24.0,6,583.7957670034172,585.0191714452902,1.2234044418730985,0.0,321.36525029672504,5.845219502499276,35216.63278624224,0.040985200000022814,0.0,1,1,fallback_q80_q20,294;310;290;306;260;273;263;307;305;309;307;306;285;278;296;296;303;305;310;288;254;302;289;293;309;306;307;302;307;261,9.094947017729282e-13,6.821210263296962e-13,0.0,0,0,0
2025-11-11,H24,0,00:00,2025-11-10,24.0,6,54378.944607772995,0.0,0.0,0.0,0.0,0.0,54378.94898709343,0.03404079999995702,0.0,1,1,fallback_q80_q20,265;301;282;296;295;310;290;295;299;258;253;310;300;307;296;310;262;290;311;282;295;286;262;265;273;306;298;305;297;295,9.094947017729282e-13,4.547473508864641e-13,0.0,0,0,0
2025-11-11,H24,36,06:00,2025-11-10,24.0,6,1664.4944967937902,1676.9238786921908,12.429381898400592,0.0,1495.1969613073893,54.27204071951314,11889.903118985478,0.03904560000000856,0.0,1,1,fallback_q80_q20,283;307;288;264;303;291;309;280;310;292;294;309;265;290;305;305;258;266;290;309;265;306;309;297;277;288;280;306;277;289,9.094947017729282e-13,9.094947017729282e-13,0.0,0,0,0
2025-11-11,H24,72,12:00,2025-11-10,24.0,6,-926.2604242525426,336.91901963952006,1263.1794438920626,0.0,186.83248327315079,4642.223809633733,24854.227672327594,0.03499799999997322,0.0,1,1,fallback_q80_q20,262;303;290;301;300;258;299;310;270;281;292;305;308;296;299;290;301;270;288;308;307;260;307;279;252;266;311;306;311;302,8.180123245438153e-13,2.2737367544323206e-13,0.0,0,0,0
2025-11-11,H24,108,18:00,2025-11-10,24.0,6,-116.44841743952804,0.0,116.44841743952804,0.0,0.0,206.5361319715803,37013.01049963335,0.038412100000073224,0.0,1,1,fallback_q80_q20,308;279;274;272;310;289;265;269;308;310;282;306;271;308;266;295;264;299;307;296;262;277;276;310;300;304;272;290;306;296,6.821210263296962e-13,9.094947017729282e-13,0.0,0,0,0
2025-11-12,H24,0,00:00,2025-11-11,24.0,6,52963.95085999485,0.0,0.0,0.0,0.0,0.0,52963.955203994854,0.012385900000026595,8.987330100313135e-07,1,1,fallback_q80_q20,308;311;285;309;267;300;300;287;258;295;264;292;293;310;289;306;301;266;305;300;287;307;297;296;264;273;298;261;279;312,8.526512829121202e-13,3.410605131648481e-13,0.0,0,0,0
2025-11-12,H24,36,06:00,2025-11-11,24.0,6,3653.1811211637687,3695.0871927417757,41.906071578007094,0.0,3219.7441823287418,150.49938019726324,13234.24418787706,0.040917700000022705,0.0,1,1,fallback_q80_q20,260;276;259;290;301;259;257;282;279;282;265;308;306;307;266;296;304;297;281;283;309;299;251;300;309;302;265;293;309;283,9.094947017729282e-13,2.2737367544323206e-13,0.0,0,0,0
2025-11-12,H24,72,12:00,2025-11-11,24.0,6,-453.2057860342177,949.1927777655546,1402.3985637997723,0.0,532.8624081636672,4949.432010063753,20204.674672262852,0.04129520000003595,0.0,1,1,fallback_q80_q20,286;287;284;281;287;303;305;302;263;305;288;309;283;268;281;276;296;296;253;272;306;292;304;309;288;305;290;283;292;310,8.881784197001252e-13,2.2737367544323206e-13,0.0,0,0,0
2025-11-12,H24,108,18:00,2025-11-11,24.0,6,280.6604582282115,280.6604582282115,0.0,0.0,161.12403879004444,0.0,39286.04836137516,0.030032199999936893,0.0,1,1,fallback_q80_q20,254;310;303;270;304;272;280;279;277;296;288;266;297;308;310;305;294;258;304;311;272;312;312;293;303;287;302;305;279;288,9.094947017729282e-13,3.410605131648481e-13,0.0,0,0,0
2025-11-13,H24,0,00:00,2025-11-12,24.0,6,51542.09354883025,0.0,0.0,0.0,0.0,0.0,51542.09768469528,0.03766029999997045,0.0,1,1,fallback_q80_q20,304;310;304;313;310;308;310;305;299;306;292;304;307;296;307;313;293;308;300;292;309;313;258;305;267;309;310;258;294;286,6.821210263296962e-13,4.547473508864641e-13,0.0,0,0,0
2025-11-13,H24,36,06:00,2025-11-12,24.0,6,2322.8960952462317,2383.7338572474428,60.837762001210905,0.0,2229.7804912429374,198.72403171674887,10359.755398399395,0.03725750000000971,0.0,1,1,fallback_q80_q20,308;296;309;289;308;295;301;294;292;308;291;302;266;285;301;289;313;296;260;291;294;288;280;307;308;311;275;302;295;300,9.094947017729282e-13,1.8189894035458565e-12,0.0,0,0,0
2025-11-13,H24,72,12:00,2025-11-12,24.0,6,1390.2724763055749,2180.290731868373,790.0182555627981,0.0,1729.8041592011782,3411.5070191153764,12669.383892419673,0.03894019999995635,0.0,1,1,fallback_q80_q20,306;298;302;306;304;304;261;298;309;298;310;313;250;304;301;302;300;272;310;312;303;305;273;290;285;278;304;307;308;301,7.958078640513122e-13,2.2737367544323206e-13,0.0,0,0,0
2025-11-13,H24,108,18:00,2025-11-12,24.0,6,483.47299452011566,486.6896972998749,3.2167027797592467,0.0,258.02306619222685,8.286199844820317,18049.644612236054,0.040855500000020584,0.0,1,1,fallback_q80_q20,271;309;294;273;307;302;308;281;298;313;313;309;293;306;292;272;310;253;257;281;286;275;289;289;290;301;286;292;313;281,8.384404281969182e-13,1.8189894035458565e-12,0.0,0,0,0
2025-11-14,H24,0,00:00,2025-11-13,24.0,6,27298.73642710851,0.0,0.0,0.0,0.0,0.0,27298.740246593028,0.04002689999992981,0.0,1,1,fallback_q80_q20,313;260;308;285;309;295;294;296;307;297;288;310;274;261;314;268;288;286;304;288;260;286;311;273;276;291;292;302;314;271,1.0231815394945443e-12,6.821210263296962e-13,0.0,0,0,0
2025-11-14,H24,36,06:00,2025-11-13,24.0,6,-929.364860670147,0.0,929.364860670147,0.0,0.0,3505.0037602932225,6359.0802674776905,0.045087699999953657,0.0,1,1,fallback_q80_q20,308;299;257;270;275;267;314;282;257;303;313;273;300;313;310;258;289;310;308;301;303;274;288;305;308;254;297;305;294;288,9.094947017729282e-13,1.1368683772161603e-13,0.0,0,0,0
2025-11-14,H24,72,12:00,2025-11-13,24.0,6,-460.78081109820914,0.0,460.78081109820914,0.0,0.0,1009.7343629692211,7199.088599079327,0.045431699999994635,0.0,1,1,fallback_q80_q20,272;266;251;307;257;278;300;273;307;290;253;257;305;283;282;275;313;303;283;313;265;305;282;314;275;312;306;308;299;280,9.059419880941277e-13,1.7053025658242404e-13,0.0,0,0,0
2025-11-14,H24,108,18:00,2025-11-13,24.0,6,-891.6918597735828,0.0,891.6918597735828,0.0,0.0,1987.5689026176071,14669.979870757066,0.04131900000004407,0.0,1,1,fallback_q80_q20,296;268;282;273;278;285;307;308;310;313;298;287;298;286;313;305;303;279;296;300;290;292;312;289;278;285;285;311;298;304,9.094947017729282e-13,1.1368683772161603e-13,0.0,0,0,0
2025-11-15,H24,0,00:00,2025-11-14,24.0,6,28638.73224189857,0.0,0.0,0.0,0.0,0.0,28638.736147347674,0.046156499999938205,0.0,1,1,fallback_q80_q20,291;288;285;290;268;290;312;297;256;315;312;305;314;307;298;311;312;255;304;292;273;313;293;313;269;299;283;292;265;311,7.958078640513122e-13,2.2737367544323206e-13,0.0,0,0,0
2025-11-15,H24,36,06:00,2025-11-14,24.0,6,-1610.6358337422507,0.0,1610.6358337422507,0.0,0.0,5191.308629434636,7797.322119066511,0.050203300000021045,0.0,1,1,fallback_q80_q20,284;312;312;281;315;249;304;298;310;307;293;313;293;293;279;302;277;275;301;248;287;278;311;314;313;263;301;304;315;260,9.094947017729282e-13,1.1368683772161603e-13,0.0,0,0,0
2025-11-15,H24,72,12:00,2025-11-14,24.0,6,-853.4506631100568,0.0,853.4506631100568,0.0,0.0,2949.092489372243,18397.028879461293,0.04319130000010318,0.0,1,1,fallback_q80_q20,305;274;308;294;300;315;307;261;291;304;308;302;311;311;312;311;310;302;277;298;272;312;303;314;297;302;306;306;313;305,8.717471189356729e-13,2.2737367544323206e-13,0.0,0,0,0
2025-11-15,H24,108,18:00,2025-11-14,24.0,6,-400.4080635883222,0.0,400.4080635883222,0.0,0.0,850.0268735783005,32952.024278502126,0.04013199999997141,0.0,1,1,fallback_q80_q20,302;298;301;299;302;312;306;311;288;299;264;307;276;301;270;307;267;261;296;297;280;311;285;315;292;279;306;313;304;308,7.958078640513122e-13,2.2737367544323206e-13,0.0,0,0,0
2025-11-16,H24,0,00:00,2025-11-15,24.0,6,47667.205914628394,0.0,0.0,0.0,0.0,0.0,47667.2101301562,0.032779899999923146,0.0,1,1,fallback_q80_q20,290;283;286;270;281;313;311;277;274;281;302;305;302;294;289;315;315;295;300;276;311;302;278;285;285;278;315;316;313;316,9.094947017729282e-13,6.821210263296962e-13,0.0,0,0,0
2025-11-16,H24,36,06:00,2025-11-15,24.0,6,5348.746011275311,5371.791373789985,23.045362514675094,0.0,4728.333566115534,102.61524484085362,14889.762219441838,0.056877899999904,0.0,1,1,fallback_q80_q20,314;286;296;308;289;312;266;307;289;279;287;285;265;286;315;285;312;290;306;310;301;271;269;297;279;312;274;297;314;297,9.094947017729282e-13,2.2737367544323206e-13,0.0,0,0,0
2025-11-16,H24,72,12:00,2025-11-15,24.0,6,3477.5605180608727,3612.3288520008305,134.76833393995756,0.0,2382.933757003867,474.36935564926983,28663.61977370435,0.02427430000000186,0.0,1,1,fallback_q80_q20,279;311;304;280;291;284;276;304;308;296;298;262;305;287;284;311;301;312;315;272;271;274;307;314;279;298;308;298;297;289,7.958078640513122e-13,2.2737367544323206e-13,0.0,0,0,0
2025-11-16,H24,108,18:00,2025-11-15,24.0,6,1801.263836742155,1801.263836742155,0.0,0.0,1012.7750259183194,0.0,36050.112675229364,0.03498669999999038,0.0,1,1,fallback_q80_q20,310;282;309;265;314;297;296;267;312;308;312;316;315;277;275;284;272;279;273;294;285;312;249;310;264;308;283;293;306;298,8.242295734817162e-13,4.547473508864641e-13,0.0,0,0,0
2025-11-17,H24,0,00:00,2025-11-16,24.0,6,52296.05340066387,0.0,0.0,0.0,0.0,0.0,52296.05759652603,0.030702500000074906,0.0,1,1,fallback_q80_q20,315;270;266;309;289;310;267;296;309;306;297;311;316;316;285;295;315;281;300;313;260;302;313;277;288;270;258;260;292;261,9.094947017729282e-13,1.2505552149377763e-12,0.0,0,0,0
2025-11-17,H24,36,06:00,2025-11-16,24.0,6,6435.281716110159,6489.421401074537,54.13968496437821,0.0,6544.837202508822,138.5563636024732,16316.81002326341,0.046367700000018885,0.0,1,1,fallback_q80_q20,317;279;269;290;315;285;299;315;285;310;315;307;277;317;307;305;303;316;314;284;278;313;310;284;314;301;297;265;292;259,8.313350008393172e-13,2.2737367544323206e-13,0.0,0,0,0
2025-11-17,H24,72,12:00,2025-11-16,24.0,6,-1040.2352002685948,274.08809550650466,1314.3232957750995,0.0,158.17754091565746,4442.90755513855,23419.475201145324,0.03988440000000537,0.0,1,1,fallback_q80_q20,316;313;295;272;315;305;274;296;315;286;307;296;297;315;270;270;261;265;314;312;310;294;302;282;283;309;271;316;303;272,8.668621376273222e-13,2.2737367544323206e-13,0.0,0,0,0
2025-11-17,H24,108,18:00,2025-11-16,24.0,6,-8.513451857097483,0.0,8.513451857097483,0.0,0.0,17.22586538415453,40568.392622042316,0.02513490000001184,0.0,1,1,fallback_q80_q20,314;314;313;312;302;316;308;308;275;314;317;289;284;267;305;289;313;279;309;292;292;281;314;287;269;303;307;285;293;309,9.094947017729282e-13,2.5011104298755527e-12,0.0,0,0,0
2025-11-18,H24,0,00:00,2025-11-17,24.0,6,53669.778491659345,0.0,0.0,0.0,0.0,0.0,53669.78289667475,0.033386899999982234,0.0,1,1,fallback_q80_q20,318;317;290;296;317;295;311;278;312;308;299;286;312;313;273;274;310;308;313;291;294;292;292;267;300;272;317;271;308;293,9.094947017729282e-13,9.094947017729282e-13,0.0,0,0,0
2025-11-18,H24,36,06:00,2025-11-17,24.0,6,-388.05932836890486,478.254991597831,866.3143199667359,0.0,375.2994052763602,2210.2440020083964,8882.232507735927,0.045735400000012305,0.0,1,1,fallback_q80_q20,315;264;316;309;315;266;259;303;310;310;313;310;275;302;310;313;292;310;304;278;299;287;317;273;308;308;314;300;314;294,8.846257060213247e-13,2.2737367544323206e-13,0.0,0,0,0
2025-11-18,H24,72,12:00,2025-11-17,24.0,6,2043.8306781206454,2244.248773034882,200.41809491423672,0.0,1733.3891752331538,713.0691635438745,27376.719934208435,0.03937950000010915,0.0,1,1,fallback_q80_q20,313;301;308;289;318;290;307;261;271;297;298;285;309;294;315;311;258;273;317;286;303;304;265;315;317;267;294;315;273;274,7.958078640513122e-13,2.2737367544323206e-13,0.0,0,0,0
2025-11-18,H24,108,18:00,2025-11-17,24.0,6,197.30501388567458,208.0435726343133,10.73855874863873,0.0,124.0586325105329,18.35974823515994,40091.43706280702,0.032606200000032004,0.0,1,1,fallback_q80_q20,309;287;309;318;286;298;316;306;274;303;287;303;271;279;279;309;309;316;310;310;318;317;281;316;312;298;300;289;317;306,2.476241434123949e-12,9.094947017729282e-13,0.0,0,0,0
2025-11-19,H24,0,00:00,2025-11-18,24.0,6,56124.248092106805,0.0,0.0,0.0,0.0,0.0,56124.252542413895,0.03130790000000161,0.0,1,1,fallback_q80_q20,300;277;305;261;292;313;309;317;267;277;312;265;278;314;284;293;282;286;281;309;305;311;301;310;280;319;319;319;313;281,9.094947017729282e-13,9.094947017729282e-13,0.0,0,0,0
2025-11-19,H24,36,06:00,2025-11-18,24.0,6,3845.347294059787,3986.2344098709013,140.88711581111403,0.0,3860.027055944018,379.0016073654284,13896.724375084266,0.04347410000002583,0.0,1,1,fallback_q80_q20,286;309;306;308;315;261;299;291;317;300;309;315;299;305;294;274;292;286;308;280;274;313;298;286;258;301;279;280;274;288,1.8189894035458565e-12,9.094947017729282e-13,0.0,0,0,0
2025-11-19,H24,72,12:00,2025-11-18,24.0,6,-988.1918351876249,107.68666011315909,1095.878495300784,0.0,68.9872319577052,3875.262000138804,26161.83199623664,0.06520829999999478,0.0,1,1,fallback_q80_q20,261;305;317;275;282;271;285;278;289;267;271;300;293;270;317;304;277;302;280;270;285;266;268;306;306;305;279;315;292;315,9.094947017729282e-13,3.019806626980426e-13,0.0,0,0,0
2025-11-19,H24,108,18:00,2025-11-18,24.0,6,-39.072339371200115,0.0,39.072339371200115,0.0,0.0,61.8370530751061,41943.687755957304,0.02605900000003203,0.0,1,1,fallback_q80_q20,304;308;301;278;294;285;261;270;314;287;292;294;314;314;309;318;316;303;300;290;292;267;288;296;315;273;298;289;309;298,9.094947017729282e-13,1.4779288903810084e-12,0.0,0,0,0
2025-11-20,H24,0,00:00,2025-11-19,24.0,6,54879.60608994354,0.0,0.0,0.0,0.0,0.0,54879.61050605353,0.03350269999998545,0.0,1,1,fallback_q80_q20,298;277;311;309;317;320;258;309;300;291;259;257;310;289;261;308;302;313;284;320;264;291;291;278;286;310;304;300;297;320,9.094947017729282e-13,5.684341886080801e-13,0.0,0,0,0
2025-11-20,H24,36,06:00,2025-11-19,24.0,6,312.58712742735753,389.23457607926554,76.64744865190801,0.0,569.1477288351151,198.61380626842958,7948.7226406018,0.045695200000068326,0.0,1,1,fallback_q80_q20,261;289;257;308;283;298;267;308;258;303;295;288;289;318;317;295;286;315;282;310;312;290;286;258;287;302;293;257;315;316,9.094947017729282e-13,2.2737367544323206e-13,0.0,0,0,0
2025-11-20,H24,72,12:00,2025-11-19,24.0,6,463.4750251180382,932.2859819467114,468.8109568286732,0.0,785.6450285372598,1891.122786614817,10750.32159039706,0.03980109999997694,0.0,1,1,fallback_q80_q20,310;307;308;273;302;313;296;308;310;293;312;276;309;265;308;293;298;318;298;297;316;303;317;271;258;266;318;301;317;308,9.094947017729282e-13,2.2737367544323206e-13,0.0,0,0,0
2025-11-20,H24,108,18:00,2025-11-19,24.0,6,113.97479971715342,119.78495056955748,5.810150852404062,0.0,69.02172464279636,16.17312527206343,22339.672105101694,0.04688629999998284,0.0,1,1,fallback_q80_q20,288;311;306;265;292;309;310;284;282;320;299;300;300;282;298;275;307;306;310;260;310;280;320;271;304;314;288;285;301;316,9.094947017729282e-13,1.9326762412674725e-12,0.0,0,0,0
2025-11-21,H24,0,00:00,2025-11-20,24.0,6,27846.71952886297,0.0,0.0,0.0,0.0,0.0,27846.723393997447,0.040438400000084584,0.0,1,1,fallback_q80_q20,300;308;319;266;291;321;319;278;273;286;303;317;317;321;304;321;317;309;301;316;285;266;272;282;317;271;308;316;287;311,9.094947017729282e-13,1.0231815394945443e-12,0.0,0,0,0
2025-11-21,H24,36,06:00,2025-11-20,24.0,6,2317.29657222121,2341.008204225353,23.711632004142913,0.0,3320.7324491885674,77.83435757276834,9729.046117943748,0.04239419999998972,0.0,1,1,fallback_q80_q20,268;264;276;307;314;285;309;310;272;289;308;300;321;312;309;316;303;316;278;301;301;321;296;265;320;266;310;298;259;287,9.094947017729282e-13,1.1368683772161603e-13,0.0,0,0,0
2025-11-21,H24,72,12:00,2025-11-20,24.0,6,-1231.7273772955477,0.0,1231.7273772955477,0.0,0.0,4055.4351448342222,7458.413666346536,0.04292559999998957,0.0,1,1,fallback_q80_q20,295;258;308;313;283;307;319;321;319;311;299;316;321;279;321;320;313;320;312;303;321;313;317;306;317;277;303;320;316;306,7.958078640513122e-13,2.2737367544323206e-13,0.0,0,0,0
2025-11-21,H24,108,18:00,2025-11-20,24.0,6,-827.3699614281941,0.0,827.3699614281941,0.0,0.0,1831.8424821046415,12777.920323757244,0.03565020000007735,0.0,1,1,fallback_q80_q20,312;298;284;279;321;266;300;288;258;286;309;292;310;308;303;300;321;310;284;319;312;287;276;290;276;297;309;285;272;303,8.526512829121202e-13,1.1368683772161603e-13,0.0,0,0,0
2025-11-22,H24,0,00:00,2025-11-21,24.0,6,30198.435437042634,0.0,0.0,0.0,0.0,0.0,30198.43932172661,0.037077699999940705,0.0,1,1,fallback_q80_q20,256;283;312;288;262;302;305;301;310;319;317;319;314;290;309;277;295;296;319;313;291;313;262;290;305;303;318;313;306;297,9.094947017729282e-13,3.979039320256561e-13,0.0,0,0,0
2025-11-22,H24,36,06:00,2025-11-21,24.0,6,-1553.0053172719156,0.0,1553.0053172719156,0.0,0.0,4922.08082179325,7927.405246344557,0.03953680000006443,0.0,1,1,fallback_q80_q20,310;303;294;302;288;290;309;320;322;271;304;295;299;313;312;319;318;288;290;255;298;305;319;296;271;319;319;321;289;308,8.810729923425242e-13,1.1368683772161603e-13,0.0,0,0,0
2025-11-22,H24,72,12:00,2025-11-21,24.0,6,-912.5339850394083,0.0,912.5339850394083,0.0,0.0,3028.255788375545,19470.17819588111,0.10119329999997717,0.0,1,1,fallback_q80_q20,305;309;273;276;313;321;289;295;321;314;309;321;287;318;319;303;313;293;282;298;316;263;302;277;292;303;307;290;320;279,5.4569682106375694e-12,2.2737367544323206e-13,0.0,0,0,0
2025-11-22,H24,108,18:00,2025-11-21,24.0,6,-269.61974693807343,0.0,269.61974693807343,0.0,0.0,551.9199224475362,37965.67094630436,0.036708900000007816,0.0,1,1,fallback_q80_q20,299;314;311;278;318;322;277;318;311;298;310;316;306;318;310;292;319;309;309;291;300;311;312;268;322;310;318;307;286;316,9.094947017729282e-13,2.2737367544323206e-13,0.0,0,0,0
2025-11-23,H24,0,00:00,2025-11-22,24.0,6,47656.5879990462,0.0,0.0,0.0,0.0,0.0,47656.59220477048,0.03437729999996009,0.0,1,1,fallback_q80_q20,313;308;320;297;318;305;283;284;310;319;283;268;315;281;295;304;302;283;323;311;274;289;290;278;302;320;297;314;323;306,9.094947017729282e-13,3.410605131648481e-13,0.0,0,0,0
2025-11-23,H24,36,06:00,2025-11-22,24.0,6,7819.509769279786,7823.3655819267,3.8558126469129768,0.0,6573.857682228343,18.264287066662746,17351.630822663377,0.04249490000006517,0.0,1,1,fallback_q80_q20,310;308;322;320;271;311;256;311;316;262;313;318;312;293;271;313;307;312;287;320;304;307;271;297;307;305;304;283;302;279,8.86846152070575e-13,2.2737367544323206e-13,0.0,0,0,0
2025-11-23,H24,72,12:00,2025-11-22,24.0,6,1445.0339123076612,1648.1547446925883,203.12083238492713,0.0,1038.9416490572703,702.9914441728449,23073.16490721103,0.038732600000003004,0.0,1,1,fallback_q80_q20,323;323;302;313;305;280;301;319;301;284;319;314;270;299;269;284;323;309;300;315;321;303;306;268;302;321;307;289;320;283,9.094947017729282e-13,2.2737367544323206e-13,0.0,0,0,0
2025-11-23,H24,108,18:00,2025-11-22,24.0,6,1503.2079391528277,1503.2079391528277,0.0,0.0,842.7390112846103,0.0,44012.18269714442,0.016172699999970064,0.0,1,1,fallback_q80_q20,320;306;304;292;299;292;312;312;323;279;304;315;303;320;321;295;263;313;305;310;299;298;277;313;322;306;262;312;308;298,7.958078640513122e-13,4.547473508864641e-13,0.0,0,0,0
2025-11-24,H24,0,00:00,2025-11-23,24.0,6,51723.49157093767,0.0,0.0,0.0,0.0,0.0,51723.495789314096,0.01791159999993397,0.0,1,1,fallback_q80_q20,310;296;318;318;282;324;308;314;324;306;308;311;288;295;307;321;316;315;315;312;320;324;267;320;266;309;291;306;292;305,9.094947017729282e-13,7.958078640513122e-13,0.0,0,0,0
2025-11-24,H24,36,06:00,2025-11-23,24.0,6,3618.7236569225383,3624.618807936735,5.895151014196498,0.0,3313.7460144729157,28.66991456822575,12952.119269879518,0.04806189999999333,0.0,1,1,fallback_q80_q20,306;322;323;324;294;316;323;267;323;315;314;285;308;314;322;280;288;312;276;296;291;278;315;307;280;307;309;312;310;303,9.094947017729282e-13,2.2737367544323206e-13,0.0,0,0,0
2025-11-24,H24,72,12:00,2025-11-23,24.0,6,-914.3580183494169,0.0,914.3580183494169,0.0,0.0,2899.043268083863,22788.30033781445,0.07002829999998994,0.0,1,1,fallback_q80_q20,280;293;323;318;283;281;320;320;310;321;264;300;311;307;296;304;303;297;276;318;299;315;289;315;322;322;300;304;301;316,9.094947017729282e-13,2.2737367544323206e-13,0.0,0,0,0
2025-11-24,H24,108,18:00,2025-11-23,24.0,6,177.7386016466685,180.31060935291862,2.5720077062500954,0.0,119.28134382589155,12.186182425404013,40459.808477308245,0.04567789999998695,0.0,1,1,fallback_q80_q20,312;321;288;324;274;312;268;313;314;292;307;281;303;300;320;276;323;323;316;289;322;272;323;306;314;315;301;324;293;318,9.094947017729282e-13,5.684341886080801e-13,0.0,0,0,0
2025-11-25,H24,0,00:00,2025-11-24,24.0,6,60776.723017168515,0.0,0.0,0.0,0.0,0.0,60776.72764485948,0.01498700000001918,0.0,1,1,fallback_q80_q20,267;294;325;310;294;282;322;320;295;301;321;308;312;324;274;285;281;303;267;291;323;324;284;325;314;319;316;306;285;324,6.821210263296962e-13,6.821210263296962e-13,0.0,0,0,0
2025-11-25,H24,36,06:00,2025-11-24,24.0,6,-1125.50022326254,283.74335590998254,1409.2435791725225,0.0,159.7869515237826,3954.2304534957166,9167.508836322308,0.03950079999992795,0.0,1,1,fallback_q80_q20,300;321;284;305;318;272;318;307;315;302;283;319;288;321;320;321;319;268;323;287;321;294;295;317;314;310;295;304;305;314,9.094947017729282e-13,5.684341886080801e-13,0.0,0,0,0
2025-11-25,H24,72,12:00,2025-11-24,24.0,6,-1144.6823119385424,0.0,1144.6823119385424,0.0,0.0,3818.829589262519,21949.00895093385,0.10045419999994465,1.6574683691752425e-16,1,1,fallback_q80_q20,322;276;320;266;314;291;306;313;317;273;274;294;312;322;309;321;291;308;292;321;287;297;322;325;272;303;295;304;298;322,9.094947017729282e-13,2.2737367544323206e-13,0.0,0,0,0
2025-11-25,H24,108,18:00,2025-11-24,24.0,6,-74.69340763475863,0.0,74.69340763475863,0.0,0.0,128.31382563088903,43998.92533482217,0.054224800000042706,0.0,1,1,fallback_q80_q20,268;295;309;300;310;320;272;281;279;314;323;305;318;308;295;322;321;324;324;297;312;298;311;290;324;325;317;309;323;290,9.094947017729282e-13,1.1368683772161603e-12,0.0,0,0,0
2025-11-26,H24,0,00:00,2025-11-25,24.0,6,56806.94243336319,0.0,0.0,0.0,0.0,0.0,56806.946928196536,0.014336699999944358,0.0,1,1,fallback_q80_q20,322;318;266;307;303;306;313;275;324;317;314;311;325;287;303;295;288;315;289;304;279;299;306;320;288;312;266;309;316;326,7.958078640513122e-13,2.2737367544323206e-13,0.0,0,0,0
2025-11-26,H24,36,06:00,2025-11-25,24.0,6,2514.1445096433763,2630.662065652166,116.5175560087895,0.0,1949.273796797834,413.6339691902608,12589.752255870308,0.03604340000003958,0.0,1,1,fallback_q80_q20,324;309;324;319;303;316;315;288;266;317;300;273;326;302;295;313;314;309;273;309;280;320;325;266;265;321;321;317;307;301,9.094947017729282e-13,2.2737367544323206e-13,0.0,0,0,0
2025-11-26,H24,72,12:00,2025-11-25,24.0,6,-245.70660951393938,614.5349654090577,860.2415749229971,0.0,388.8772488560197,2967.6476371923563,25637.275201509205,0.042838899999992464,0.0,1,1,fallback_q80_q20,273;313;316;300;322;317;319;278;323;283;291;285;291;291;317;279;315;316;296;320;310;297;321;282;323;268;324;292;314;264,9.094947017729282e-13,2.2737367544323206e-13,0.0,0,0,0
2025-11-26,H24,108,18:00,2025-11-25,24.0,6,321.81923572252776,322.3347752291556,0.5155395066278364,0.0,170.69463121929869,1.3280255193916446,40507.664798091704,0.02538779999997587,0.0,1,1,fallback_q80_q20,316;282;280;323;294;271;314;326;325;313;316;293;323;325;306;322;321;303;316;271;306;321;305;310;291;307;319;304;297;314,9.094947017729282e-13,1.1368683772161603e-12,0.0,0,0,0
2025-11-27,H24,0,00:00,2025-11-26,24.0,6,54795.65273301039,0.0,0.0,0.0,0.0,0.0,54795.65722784373,0.012493299999960072,1.3278347194431018e-16,1,1,fallback_q80_q20,303;324;320;320;303;317;265;327;306;314;318;310;320;326;294;321;268;324;302;323;301;325;327;275;316;306;305;321;321;317,9.094947017729282e-13,1.1368683772161603e-12,0.0,0,0,0
2025-11-27,H24,36,06:00,2025-11-26,24.0,6,3570.547622688113,3584.7575919424135,14.209969254300702,0.0,2730.019069173426,60.71853905427781,11276.744852025538,0.02767180000000735,0.0,1,1,fallback_q80_q20,290;323;301;323;292;327;279;326;322;320;322;307;317;314;316;309;294;320;266;327;327;315;286;316;323;321;302;287;304;311,8.633094239485217e-13,2.2737367544323206e-13,0.0,0,0,0
2025-11-27,H24,72,12:00,2025-11-26,24.0,6,-433.08363767482,627.2165973424121,1060.3002350172321,0.0,414.611568682478,3774.2745717956172,14653.113044269607,0.04100400000004356,0.0,1,1,fallback_q80_q20,307;316;307;317;273;278;266;310;324;273;309;306;311;326;305;319;313;321;302;275;308;323;287;320;294;302;319;320;327;287,9.094947017729282e-13,2.2737367544323206e-13,0.0,0,0,0
2025-11-27,H24,108,18:00,2025-11-26,24.0,6,-81.3559136317909,0.0,81.3559136317909,0.0,0.0,152.67104151254074,17326.283153212305,0.050116800000068906,0.0,1,1,fallback_q80_q20,286;320;323;287;304;320;314;283;322;303;316;315;315;313;316;299;327;322;294;317;286;324;317;323;278;290;311;306;306;324,8.100187187665142e-13,2.0463630789890885e-12,0.0,0,0,0
2025-11-28,H24,0,00:00,2025-11-27,24.0,6,29652.675780049354,0.0,0.0,0.0,0.0,0.0,29652.67966227888,0.03569900000002235,0.0,1,1,fallback_q80_q20,289;278;315;313;275;306;306;286;318;325;294;315;312;315;328;326;285;327;322;301;321;322;310;294;294;291;327;321;324;302,7.958078640513122e-13,6.821210263296962e-13,0.0,0,0,0
2025-11-28,H24,36,06:00,2025-11-27,24.0,6,2117.75387560946,2127.5710905305104,9.817214921050581,0.0,2266.461036064504,44.752944696419604,9619.870289044815,0.04483790000006138,0.0,1,1,fallback_q80_q20,284;305;327;278;320;325;312;328;327;310;294;313;267;321;323;280;320;323;318;284;313;311;328;302;298;272;295;308;305;324,8.184564137536654e-13,1.1368683772161603e-13,0.0,0,0,0
2025-11-28,H24,72,12:00,2025-11-27,24.0,6,-1584.6900815391577,0.0,1584.6900815391577,0.0,0.0,4768.330519630328,8240.48874971484,0.06734419999997954,0.0,1,1,fallback_q80_q20,316;327;322;323;320;286;273;328;313;326;274;321;301;302;324;309;281;303;300;305;315;317;325;312;294;307;285;321;321;327,9.414691248821327e-13,2.2737367544323206e-13,0.0,0,0,0
2025-11-28,H24,108,18:00,2025-11-27,24.0,6,-980.1182340651848,0.0,980.1182340651848,0.0,0.0,2181.009559440203,14370.228008104155,0.038843500000098174,0.0,1,1,fallback_q80_q20,279;300;316;320;324;308;303;314;281;307;320;282;298;328;295;327;267;301;323;322;304;328;267;266;322;320;289;286;327;283,9.094947017729282e-13,1.1368683772161603e-13,0.0,0,0,0
2025-11-29,H24,0,00:00,2025-11-28,24.0,6,31170.732790735135,0.0,0.0,0.0,0.0,0.0,31170.7365932845,0.03733929999998509,0.0,1,1,fallback_q80_q20,291;329;286;280;300;318;262;311;302;322;318;307;298;298;319;321;311;308;327;310;329;285;319;316;311;320;310;324;304;320,8.597567102697212e-13,3.410605131648481e-13,0.0,0,0,0
2025-11-29,H24,36,06:00,2025-11-28,24.0,6,-1655.3049907839752,104.95516358774519,1760.2601543717203,0.0,71.27157809340486,5631.233264432263,7822.25364653123,0.040560000000027685,0.0,1,1,fallback_q80_q20,313;301;304;282;308;320;299;328;291;328;286;308;314;263;314;292;320;313;270;313;314;285;321;314;312;282;321;326;327;318,8.775202786637237e-13,2.2737367544323206e-13,0.0,0,0,0
2025-11-29,H24,72,12:00,2025-11-28,24.0,6,-481.69649543758,203.95113386255105,685.647629300131,0.0,187.22234279997556,2986.410687739858,22806.071728236366,0.041381600000022445,0.0,1,1,fallback_q80_q20,287;322;301;301;294;318;315;326;302;327;317;286;328;305;305;311;288;325;325;282;302;327;321;325;294;288;329;306;316;318,9.094947017729282e-13,2.2737367544323206e-13,0.0,0,0,0
2025-11-29,H24,108,18:00,2025-11-28,24.0,6,-530.6434503886338,0.0,530.6434503886338,0.0,0.0,1131.7753427114706,32116.25584993965,0.03704790000006142,0.0,1,1,fallback_q80_q20,278;285;280;327;280;326;310;311;296;326;305;312;263;319;321;302;327;310;328;289;277;323;326;326;278;309;300;322;300;289,9.663381206337363e-13,2.2737367544323206e-13,0.0,0,0,0
2025-11-30,H24,0,00:00,2025-11-29,24.0,6,52204.610354540564,0.0,0.0,0.0,0.0,0.0,52204.614698540565,0.013600600000017948,6.245307652692418e-07,1,1,fallback_q80_q20,289;328;326;278;298;321;313;270;325;293;262;328;324;323;314;287;319;311;315;288;269;330;316;330;324;327;330;283;290;309,1.0231815394945443e-12,2.2737367544323206e-13,0.0,0,0,0
2025-11-30,H24,36,06:00,2025-11-29,24.0,6,8660.687486730372,8669.13060166869,8.44311493831891,0.0,6834.146582587731,35.987078325813286,18174.155903366573,0.027854100000013204,0.0,1,1,fallback_q80_q20,319;288;326;312;296;290;294;311;295;330;306;328;316;309;308;305;280;313;280;291;325;328;291;303;328;312;279;326;323;325,6.821210263296962e-13,2.2737367544323206e-13,0.0,0,0,0
2025-11-30,H24,72,12:00,2025-11-29,24.0,6,-1152.858382048766,0.0,1152.858382048766,0.0,0.0,3208.1973424303615,23011.05770292035,0.0413639000000785,0.0,1,1,fallback_q80_q20,295;320;318;329;276;329;299;282;330;310;321;330;288;309;309;327;303;297;269;311;304;303;309;302;289;326;300;285;314;280,1.0231815394945443e-12,2.2737367544323206e-13,0.0,0,0,0
2025-11-30,H24,108,18:00,2025-11-29,24.0,6,2479.612825541154,2479.612825541154,0.0,0.0,1384.6526163151766,0.0,42759.89336873833,0.03982289999999011,0.0,1,1,fallback_q80_q20,314;277;327;305;313;309;329;330;290;330;329;311;289;313;330;269;276;308;313;319;328;276;305;326;314;325;262;276;299;326,1.7053025658242404e-12,7.958078640513122e-13,0.0,0,0,0
2025-12-01,H24,0,00:00,2025-11-30,24.0,6,59969.541172664016,0.0,0.0,0.0,0.0,0.0,59969.54581397067,0.01674660000003314,0.0,1,1,fallback_q80_q20,299;306;327;330;292;321;274;327;310;316;328;330;321;309;301;306;327;317;320;329;310;299;325;324;329;315;281;291;299;330,9.094947017729282e-13,6.821210263296962e-13,0.0,0,0,0
2025-12-01,H24,36,06:00,2025-11-30,24.0,6,3275.9660430044337,3314.553299961974,38.58725695754041,0.0,2483.5315900344476,171.8256497280339,13446.908775627306,0.029478400000016336,0.0,1,1,fallback_q80_q20,321;268;291;299;328;313;312;312;310;293;324;321;317;331;329;328;302;303;318;329;325;285;307;285;293;330;320;274;279;296,7.958078640513122e-13,2.3874235921539366e-12,0.0,0,0,0
2025-12-01,H24,72,12:00,2025-11-30,24.0,6,65.08983968960729,738.659023967854,673.5691842782467,0.0,412.2402081582566,1806.927491444012,26920.473411176794,0.033918699999958335,0.0,1,1,fallback_q80_q20,331;273;309;327;300;330;322;279;275;331;286;304;306;328;280;327;295;287;317;331;299;323;288;324;293;330;304;323;302;310,9.094947017729282e-13,2.2737367544323206e-13,0.0,0,0,0
2025-12-01,H24,108,18:00,2025-11-30,24.0,6,-125.33710190439949,0.0,125.33710190439949,0.0,0.0,219.11662650397648,44979.31624855519,0.03034659999991618,0.0,1,1,fallback_q80_q20,330;325;318;321;275;278;310;329;282;297;310;279;278;300;324;289;324;275;308;327;290;318;286;329;307;294;330;290;312;295,9.094947017729282e-13,4.547473508864641e-13,0.0,0,0,0
2025-12-02,H24,0,00:00,2025-12-01,24.0,6,62753.794619730805,0.0,0.0,0.0,0.0,0.0,62753.7992577078,0.013986199999976634,0.0,1,1,fallback_q80_q20,329;309;279;330;323;275;322;296;309;318;320;299;311;331;299;288;322;301;290;323;322;326;283;298;319;288;322;329;292;322,6.821210263296962e-13,9.094947017729282e-13,0.0,0,0,0
2025-12-02,H24,36,06:00,2025-12-01,24.0,6,1401.2075343797974,1640.7412870360265,239.5337526562291,0.0,1131.010403226338,927.8113010174832,11548.698888596069,0.04053539999995337,0.0,1,1,fallback_q80_q20,305;322;284;324;331;278;328;313;279;327;301;323;331;279;302;306;315;318;285;273;317;331;321;303;307;330;329;319;300;292,9.094947017729282e-13,2.5011104298755527e-12,0.0,0,0,0
2025-12-02,H24,72,12:00,2025-12-01,24.0,6,140.19429725402108,741.3934596287618,601.1991623747407,0.0,466.0766176041913,1665.9013252792772,29341.863700823236,0.03379019999999855,0.0,1,1,fallback_q80_q20,294;330;331;325;301;327;329;300;330;329;299;317;325;330;331;329;330;297;329;329;305;296;329;329;294;300;328;305;313;307,9.094947017729282e-13,2.2737367544323206e-13,0.0,0,0,0
2025-12-02,H24,108,18:00,2025-12-01,24.0,6,69.50892762900627,69.50892762900627,0.0,0.0,52.34722125594578,0.0,41875.865152301754,0.02776270000003933,0.0,1,1,fallback_q80_q20,327;296;330;322;317;286;323;322;321;306;328;328;304;303;310;308;320;275;320;301;325;319;285;299;327;278;279;330;311;314,1.8189894035458565e-12,9.094947017729282e-13,0.0,0,0,0
2025-12-03,H24,0,00:00,2025-12-02,24.0,6,56116.18190180527,0.0,0.0,0.0,0.0,0.0,56116.1863248008,0.03774959999998373,0.0,1,1,fallback_q80_q20,330;333;324;288;296;278;324;272;329;314;289;282;286;323;317;323;331;315;324;312;329;306;306;328;304;298;321;278;292;333,9.094947017729282e-13,3.410605131648481e-13,0.0,0,0,0
2025-12-03,H24,36,06:00,2025-12-02,24.0,6,10492.354208362074,10498.892584964733,6.538376602659664,0.0,9308.61210921737,30.885511794393324,20736.509585219836,0.032449700000029225,0.0,1,1,fallback_q80_q20,281;288;324;314;289;309;333;330;321;309;319;293;285;317;314;330;292;328;327;322;309;324;297;292;325;332;306;296;302;289,9.094947017729282e-13,1.5916157281026244e-12,0.0,0,0,0
2025-12-03,H24,72,12:00,2025-12-02,24.0,6,1591.5496261593478,1969.2029393566972,377.65331319734946,0.0,1390.2730961433372,1436.4472971623572,22884.10263720267,0.03769279999994524,0.0,1,1,fallback_q80_q20,322;279;284;273;303;331;299;324;296;310;329;284;317;293;295;306;329;292;275;329;318;331;299;316;305;314;305;280;322;296,9.094947017729282e-13,2.2737367544323206e-13,0.0,0,0,0
2025-12-03,H24,108,18:00,2025-12-02,24.0,6,-20.345653252792477,0.0,20.345653252792477,0.0,0.0,35.033375792002744,41342.178880423264,0.0305690999999797,0.0,1,1,fallback_q80_q20,331;322;330;326;293;329;271;307;286;279;296;328;294;304;328;331;281;328;297;331;317;278;320;293;319;281;329;288;322;288,9.094947017729282e-13,6.821210263296962e-13,0.0,0,0,0
2025-12-04,H24,0,00:00,2025-12-03,24.0,6,61794.064369402084,0.0,0.0,0.0,0.0,0.0,61794.069015068744,0.014416700000083438,0.0,1,1,fallback_q80_q20,275;293;313;329;323;309;308;325;296;315;294;307;319;326;318;278;327;306;289;320;327;334;323;334;324;324;334;309;323;301,7.958078640513122e-13,6.821210263296962e-13,0.0,0,0,0
2025-12-04,H24,36,06:00,2025-12-03,24.0,6,1367.7784410051177,2498.7730369546152,1130.9945959494976,0.0,1797.8701178021515,2773.3162188182328,9825.459774846076,0.03576629999997749,0.0,1,1,fallback_q80_q20,288;303;306;311;317;330;315;329;310;329;317;330;332;282;324;285;296;334;331;330;304;303;330;327;295;334;324;319;334;293,9.094947017729282e-13,1.3642420526593924e-12,0.0,0,0,0
2025-12-04,H24,72,12:00,2025-12-03,24.0,6,2433.708228769413,2437.104723658191,3.3964948887778177,0.0,1652.909528081428,11.955279439555852,14378.66569035592,0.038001300000019,0.0,1,1,fallback_q80_q20,299;307;331;307;334;315;312;306;322;334;331;285;318;330;314;304;333;312;323;334;291;297;332;327;310;301;322;315;331;328,9.094947017729282e-13,2.2737367544323206e-13,0.0,0,0,0
2025-12-04,H24,108,18:00,2025-12-03,24.0,6,536.2190557057102,536.2190557057102,0.0,0.0,296.31941228064704,0.0,33819.94047095862,0.03244589999997061,0.0,1,1,fallback_q80_q20,302;334;322;314;332;317;325;316;322;278;332;329;309;271;315;291;322;326;316;296;312;310;331;290;310;286;296;271;274;313,9.094947017729282e-13,5.684341886080801e-13,0.0,0,0,0
2025-12-05,H24,0,00:00,2025-12-04,24.0,6,38211.60733702163,0.0,0.0,0.0,0.0,0.0,38211.611542404826,0.03593060000002879,0.0,1,1,fallback_q80_q20,296;309;334;322;321;297;335;328;308;332;333;317;330;327;334;296;323;302;328;335;335;317;309;333;334;310;331;292;323;293,8.526512829121202e-13,7.958078640513122e-13,0.0,0,0,0
2025-12-05,H24,36,06:00,2025-12-04,24.0,6,1435.0889159536869,1505.7344163299351,70.64550037624822,0.0,1218.147190459597,270.4378962966497,9242.612124271649,0.0433563999999933,0.0,1,1,fallback_q80_q20,335;287;322;315;291;333;322;333;318;324;296;294;315;334;302;327;274;298;329;335;318;326;330;281;290;289;310;316;282;309,7.958078640513122e-13,1.1368683772161603e-13,0.0,0,0,0
2025-12-05,H24,72,12:00,2025-12-04,24.0,6,-1932.5414719957744,0.0,1932.5414719957744,0.0,0.0,6139.619154250826,10501.085765661897,0.04036929999995209,0.0,1,1,fallback_q80_q20,327;315;296;326;332;328;306;322;332;323;306;308;323;328;293;301;319;298;330;328;335;281;325;294;274;274;296;299;303;322,7.958078640513122e-13,9.094947017729282e-13,0.0,0,0,0
2025-12-05,H24,108,18:00,2025-12-04,24.0,6,-1178.7120507978295,0.0,1178.7120507978295,0.0,0.0,2689.6275021784295,21840.014322229177,0.03816319999998541,1.6657401196797335e-16,1,1,fallback_q80_q20,334;301;300;325;316;335;334;310;297;302;319;323;317;332;315;324;321;327;334;318;293;273;290;273;331;314;309;334;310;329,8.185674360561279e-13,1.0231815394945443e-12,0.0,0,0,0
2025-12-06,H24,0,00:00,2025-12-05,24.0,6,34934.74013314682,0.0,0.0,0.0,0.0,0.0,34934.74420385324,0.03734020000001692,0.0,1,1,fallback_q80_q20,318;336;307;292;296;291;306;327;299;332;335;283;289;333;332;322;291;322;307;284;315;310;316;284;310;294;304;291;316;270,8.597567102697212e-13,2.2737367544323206e-13,0.0,0,0,0
2025-12-06,H24,36,06:00,2025-12-05,24.0,6,-16.422447056409055,675.0978473978815,691.5202944542906,0.0,620.6101949823192,1908.0172885327552,9688.16969887272,0.046719600000074024,0.0,1,1,fallback_q80_q20,297;288;303;334;328;333;288;269;327;318;288;296;320;335;287;326;312;291;297;309;295;281;329;325;335;318;321;318;327;319,9.094947017729282e-13,1.1368683772161603e-13,0.0,0,0,0
2025-12-06,H24,72,12:00,2025-12-05,24.0,6,-832.3504028353123,0.0,832.3504028353123,0.0,0.0,3533.328868542987,27208.420065884315,0.07444729999997435,0.0,1,1,fallback_q80_q20,324;269;309;288;335;312;313;329;309;332;336;304;334;276;323;322;277;316;303;300;294;302;333;306;333;336;334;281;276;327,1.0231815394945443e-12,2.2737367544323206e-13,0.0,0,0,0
2025-12-06,H24,108,18:00,2025-12-05,24.0,6,-459.8195807969667,0.0,459.8195807969667,0.0,0.0,904.138911606929,41550.410234845716,0.03831239999999525,0.0,1,1,fallback_q80_q20,332;302;301;335;299;336;310;325;324;306;324;320;276;314;286;306;335;330;330;333;331;299;324;287;298;321;327;285;284;322,9.094947017729282e-13,1.1368683772161603e-13,0.0,0,0,0
2025-12-07,H24,0,00:00,2025-12-06,24.0,6,59151.7800638246,0.0,0.0,0.0,0.0,0.0,59151.78470949127,0.01401459999999588,0.0,1,1,fallback_q80_q20,336;333;304;331;329;336;334;332;306;301;322;335;323;323;289;324;314;324;333;332;328;333;314;290;303;269;326;325;298;332,6.821210263296962e-13,9.094947017729282e-13,0.0,0,0,0
2025-12-07,H24,36,06:00,2025-12-06,24.0,6,1525.4259810552076,2942.860766550748,1417.4347854955404,0.0,1993.000917689464,4619.340484048305,12645.6942159418,0.04292899999995825,0.0,1,1,fallback_q80_q20,306;318;314;336;312;303;322;328;324;312;270;322;277;317;320;307;294;284;326;326;331;310;304;326;298;332;315;321;313;329,9.094947017729282e-13,2.1600499167107046e-12,0.0,0,0,0
2025-12-07,H24,72,12:00,2025-12-06,24.0,6,4924.117957942954,4924.117957942954,0.0,0.0,3937.357388733747,0.0,35468.45752156314,0.03007480000007945,0.0,1,1,fallback_q80_q20,306;334;308;320;290;336;336;328;329;299;290;283;335;289;327;333;337;330;309;293;290;291;311;334;312;335;336;333;337;298,1.0231815394945443e-12,2.2737367544323206e-13,0.0,0,0,0
2025-12-07,H24,108,18:00,2025-12-06,24.0,6,1861.9866503719372,1861.9866503719372,0.0,0.0,1016.0247149373401,0.0,47817.53208178424,0.03347129999997378,0.0,1,1,fallback_q80_q20,321;330;295;304;333;330;313;316;331;296;305;295;327;335;294;332;329;284;276;290;300;316;323;333;310;312;315;297;317;337,7.958078640513122e-13,2.2737367544323206e-13,0.0,0,0,0
2025-12-08,H24,0,00:00,2025-12-07,24.0,6,69340.5507453285,0.0,0.0,0.0,0.0,0.0,69340.55539099516,0.015736000000060812,0.0,1,1,fallback_q80_q20,338;333;333;311;327;337;289;325;280;334;337;335;315;278;293;303;317;337;331;280;330;309;323;309;327;334;335;331;280;323,1.0231815394945443e-12,7.958078640513122e-13,0.0,0,0,0
2025-12-08,H24,36,06:00,2025-12-07,24.0,6,666.696667032203,1398.7421461548313,732.0454791226283,0.0,1118.5514121364024,1751.2800042645754,12292.807849462066,0.04557360000001154,0.0,1,1,fallback_q80_q20,300;338;306;334;338;290;338;330;336;336;321;335;334;330;316;318;325;324;338;327;331;324;319;333;338;303;307;329;300;320,9.094947017729282e-13,1.0231815394945443e-12,0.0,0,0,0
2025-12-08,H24,72,12:00,2025-12-07,24.0,6,-295.9443349303019,746.8405227225946,1042.7848576528966,0.0,512.8639434057252,3669.630737608303,34999.354044157364,0.0401728000000503,0.0,1,1,fallback_q80_q20,335;293;301;303;301;318;338;333;338;334;288;334;335;300;307;336;336;308;338;332;319;275;320;291;314;330;331;282;333;309,1.0231815394945443e-12,2.2737367544323206e-13,0.0,0,0,0
2025-12-08,H24,108,18:00,2025-12-07,24.0,6,422.1360420822138,427.026924651369,4.89088256915515,0.0,239.66846691949758,10.67895238441406,56067.049034868156,0.022796800000037365,0.0,1,1,fallback_q80_q20,315;309;333;337;292;335;306;307;331;330;337;318;329;315;291;334;323;324;338;318;335;302;325;292;328;328;335;318;327;301,6.821210263296962e-13,3.410605131648481e-13,0.0,0,0,0
2025-12-09,H24,0,00:00,2025-12-08,24.0,6,68161.38590665559,0.0,0.0,0.0,0.0,0.0,68161.39055232226,0.013216799999895557,0.0,1,1,fallback_q80_q20,339;320;327;294;311;336;335;280;338;321;335;306;290;278;301;339;323;337;326;329;298;337;331;324;327;338;295;337;322;322,6.821210263296962e-13,4.547473508864641e-13,0.0,0,0,0
2025-12-09,H24,36,06:00,2025-12-08,24.0,6,-213.66498220228675,851.0287523999642,1064.693734602251,0.0,595.8578095268139,3246.100222634027,11577.457818648778,0.032242800000062743,0.0,1,1,fallback_q80_q20,280;338;282;290;316;322;320;335;326;319;304;300;285;307;339;339;327;334;335;288;330;286;314;329;315;315;333;320;333;334,8.29558643999917e-13,1.7053025658242404e-12,0.0,0,0,0
2025-12-09,H24,72,12:00,2025-12-08,24.0,6,-486.80919279135867,0.0,486.80919279135867,0.0,0.0,1846.4356012035541,29690.415694078823,0.03711830000008831,0.0,1,1,fallback_q80_q20,334;297;339;329;321;307;314;290;324;280;298;292;282;334;313;296;298;336;302;304;317;338;292;316;320;292;334;288;295;315,8.100187187665142e-13,2.2737367544323206e-13,0.0,0,0,0
2025-12-09,H24,108,18:00,2025-12-08,24.0,6,825.2025829502512,825.2025829502512,0.0,0.0,466.19119046818673,0.0,48037.88217786819,0.034436799999980394,0.0,1,1,fallback_q80_q20,337;329;338;334;312;316;332;335;330;339;294;315;337;336;336;334;321;327;332;295;307;323;310;316;317;302;296;334;280;326,9.094947017729282e-13,2.2737367544323206e-13,0.0,0,0,0
2025-12-10,H24,0,00:00,2025-12-09,24.0,6,65493.02717222342,0.0,0.0,0.0,0.0,0.0,65493.031817890085,0.013580199999978504,0.0,1,1,fallback_q80_q20,330;322;303;334;337;330;310;324;338;287;313;297;293;334;321;317;303;295;332;291;319;337;334;336;318;278;315;295;324;295,9.094947017729282e-13,6.821210263296962e-13,0.0,0,0,0
2025-12-10,H24,36,06:00,2025-12-09,24.0,6,1495.956592952841,1670.5248287057138,174.56823575287277,0.0,1646.029627114668,445.6346488871791,12731.337008097365,0.04277769999998782,0.0,1,1,fallback_q80_q20,334;288;324;296;340;330;288;282;316;329;306;281;330;339;338;338;313;311;322;318;309;299;306;315;330;329;316;288;282;326,9.094947017729282e-13,1.9326762412674725e-12,0.0,0,0,0
2025-12-10,H24,72,12:00,2025-12-09,24.0,6,-379.7644035906237,494.0835834273762,873.8479870179999,0.0,309.8099775514145,2453.483322397633,30403.492826177855,0.032141599999931714,0.0,1,1,fallback_q80_q20,339;321;327;330;318;326;336;338;323;335;298;333;296;314;338;324;338;306;334;323;326;335;333;337;280;280;338;293;314;336,9.094947017729282e-13,2.2737367544323206e-13,0.0,0,0,0
2025-12-10,H24,108,18:00,2025-12-09,24.0,6,-20.86172857562211,0.0,20.86172857562211,0.0,0.0,35.98667356345271,52324.87847069486,0.029224900000031084,0.0,1,1,fallback_q80_q20,304;304;336;308;333;325;295;306;286;330;339;338;332;301;302;310;314;338;278;331;339;338;314;278;318;313;328;314;335;303,9.094947017729282e-13,9.094947017729282e-13,0.0,0,0,0
2025-12-11,H24,0,00:00,2025-12-10,24.0,6,66194.44944380544,0.0,0.0,0.0,0.0,0.0,66194.4540894721,0.013601800000060393,0.0,1,1,fallback_q80_q20,334;280;323;281;297;317;334;285;338;317;318;337;321;303;330;331;288;282;318;285;299;323;321;341;340;328;295;337;281;311,9.094947017729282e-13,1.3642420526593924e-12,0.0,0,0,0
2025-12-11,H24,36,06:00,2025-12-10,24.0,6,-179.8495976276945,643.5580602347079,823.4076578624024,0.0,403.7655117427255,2199.79581900092,9083.814030809112,0.04479539999999815,0.0,1,1,fallback_q80_q20,322;287;340;287;313;329;336;281;306;324;287;302;305;287;313;313;306;340;312;281;330;299;292;324;341;296;341;324;314;336,9.094947017729282e-13,5.684341886080801e-13,0.0,0,0,0
2025-12-11,H24,72,12:00,2025-12-10,24.0,6,-602.8371698216749,118.3947014188646,721.2318712405396,0.0,90.91334050205154,2479.4389400275504,16681.88643125372,0.042116700000065066,0.0,1,1,fallback_q80_q20,308;334;321;286;285;317;307;316;328;341;327;306;337;341;292;295;341;294;326;308;339;338;337;331;341;297;329;316;333;294,9.094947017729282e-13,2.2737367544323206e-13,0.0,0,0,0
2025-12-11,H24,108,18:00,2025-12-10,24.0,6,499.6745245311181,499.6745245311181,0.0,0.0,293.5505030355797,0.0,34959.9399856773,0.03451900000004571,0.0,1,1,fallback_q80_q20,323;320;319;281;338;332;299;325;341;293;282;325;337;313;321;281;317;336;310;309;336;285;336;333;305;300;340;341;315;311,9.663381206337363e-13,2.2737367544323206e-13,0.0,0,0,0
2025-12-12,H24,0,00:00,2025-12-11,24.0,6,42556.16329630635,0.0,0.0,0.0,0.0,0.0,42556.167489473024,0.012786400000095455,0.0,1,1,fallback_q80_q20,334;299;338;312;332;342;299;337;281;279;309;331;319;285;331;334;289;332;311;322;305;334;338;337;338;331;325;319;317;309,8.810729923425242e-13,6.821210263296962e-13,0.0,0,0,0
2025-12-12,H24,36,06:00,2025-12-11,24.0,6,-463.6345896808616,0.0,463.6345896808616,0.0,0.0,1101.56200213015,8255.864705423231,0.049240900000086185,0.0,1,1,fallback_q80_q20,285;324;341;324;297;331;336;322;324;331;289;336;341;326;317;339;298;305;338;282;311;282;329;327;330;340;321;323;339;337,1.0231815394945443e-12,2.2737367544323206e-13,0.0,0,0,0
2025-12-12,H24,72,12:00,2025-12-11,24.0,6,-1968.51092282941,0.0,1968.51092282941,0.0,0.0,6565.512431624335,20768.820866883278,0.031230300000061106,0.0,1,1,fallback_q80_q20,293;336;288;324;333;337;341;332;336;328;329;299;319;307;334;334;323;336;308;294;336;327;302;311;320;308;313;335;333;335,9.094947017729282e-13,1.3642420526593924e-12,0.0,0,0,0
2025-12-12,H24,108,18:00,2025-12-11,24.0,6,-1228.5530069288213,0.0,1228.5530069288213,0.0,0.0,2797.3057077859366,23596.83533941515,0.03895650000004025,0.0,1,1,fallback_q80_q20,292;338;341;327;337;341;336;333;334;334;332;339;340;334;308;341;337;341;323;286;341;323;342;324;331;320;304;341;338;339,1.9326762412674725e-12,5.115907697472721e-13,0.0,0,0,0
2025-12-13,H24,0,00:00,2025-12-12,24.0,6,38586.3684028399,0.0,0.0,0.0,0.0,0.0,38586.372596006564,0.013384999999971114,0.0,1,1,fallback_q80_q20,290;340;310;305;311;298;340;339;339;298;321;288;343;292;302;306;340;319;316;333;329;342;309;311;307;330;307;340;327;314,8.810729923425242e-13,1.1368683772161603e-12,0.0,0,0,0
2025-12-13,H24,36,06:00,2025-12-12,24.0,6,1161.4352864319133,1702.100987425074,540.6657009931607,0.0,1466.2887666913803,1537.883684230171,11513.915383665513,0.04043899999999212,0.0,1,1,fallback_q80_q20,335;339;318;292;312;328;303;302;340;319;326;332;328;330;321;316;343;333;330;336;340;295;330;326;323;337;294;327;322;277,9.094947017729282e-13,2.2737367544323206e-13,0.0,0,0,0
2025-12-13,H24,72,12:00,2025-12-12,24.0,6,-2437.2335629910303,0.0,2437.2335629910303,0.0,0.0,7364.3035020333855,24830.685804052642,0.03643900000008671,0.0,1,1,fallback_q80_q20,334;331;317;329;290;295;343;305;342;310;332;322;297;311;339;342;342;325;337;343;305;284;320;310;315;334;326;332;339;332,9.094947017729282e-13,9.094947017729282e-13,0.0,0,0,0
2025-12-13,H24,108,18:00,2025-12-12,24.0,6,-183.19477953593574,0.0,183.19477953593574,0.0,0.0,369.7255078035362,45943.010088321906,0.05194949999997789,8.794545893475177e-09,1,1,fallback_q80_q20,295;310;327;338;340;339;329;340;315;311;277;340;311;311;331;292;332;323;312;340;326;312;325;333;321;336;340;330;338;302,9.094947017729282e-13,3.410605131648481e-13,0.0,0,0,0
2025-12-14,H24,0,00:00,2025-12-13,24.0,6,58899.01194749412,0.0,0.0,0.0,0.0,0.0,58899.016442327455,0.014369600000009086,0.0,1,1,fallback_q80_q20,343;333;333;295;313;326;293;340;322;334;322;340;296;313;332;324;304;304;306;317;299;320;305;334;338;339;324;298;337;300,9.094947017729282e-13,9.094947017729282e-13,0.0,0,0,0
2025-12-14,H24,36,06:00,2025-12-13,24.0,6,304.19839499377713,503.82077631804526,199.62238132426813,0.0,717.855270488357,512.9336965495058,11615.861284825438,0.04026670000007471,0.0,1,1,fallback_q80_q20,333;311;311;323;342;338;344;322;344;336;323;338;328;308;343;341;320;297;318;315;299;299;307;318;310;331;311;314;295;339,8.846257060213247e-13,1.2505552149377763e-12,0.0,0,0,0
2025-12-14,H24,72,12:00,2025-12-13,24.0,6,5327.942866779144,5327.942866779144,0.0,0.0,4434.7823180045925,0.0,35728.837039959726,0.05222600000001876,0.0,1,1,fallback_q80_q20,338;335;343;300;339;300;293;276;332;343;295;335;341;342;328;341;335;338;338;302;331;334;344;340;336;322;341;340;333;340,1.0231815394945443e-12,2.2737367544323206e-13,0.0,0,0,0
2025-12-14,H24,108,18:00,2025-12-13,24.0,6,1926.3197718264055,1926.3197718264055,0.0,0.0,1075.8470299081155,0.0,49196.832994497396,0.03553599999997914,0.0,1,1,fallback_q80_q20,342;292;323;332;344;309;319;314;277;320;329;289;338;318;342;283;344;310;334;305;338;324;342;313;301;314;338;324;297;298,9.094947017729282e-13,2.2737367544323206e-13,0.0,0,0,0
2025-12-15,H24,0,00:00,2025-12-14,24.0,6,63683.584944020025,0.0,0.0,0.0,0.0,0.0,63683.589525610565,0.034435000000030414,0.0,1,1,fallback_q80_q20,345;294;312;339;320;298;345;318;342;294;337;341;342;321;301;343;334;341;338;315;333;335;293;329;342;288;338;311;342;333,9.094947017729282e-13,9.094947017729282e-13,0.0,0,0,0
2025-12-15,H24,36,06:00,2025-12-14,24.0,6,3201.5567880174012,3392.593881099514,191.03709308211282,0.0,3649.622881873184,476.43428514886136,14387.136953144438,0.037996300000031624,0.0,1,1,fallback_q80_q20,328;302;316;310;338;335;342;336;282;331;300;311;306;328;310;344;345;306;292;326;338;332;317;322;341;306;342;332;343;327,7.958078640513122e-13,9.094947017729282e-13,0.0,0,0,0
2025-12-15,H24,72,12:00,2025-12-14,24.0,6,-385.07475439489804,34.08469189288053,419.15944628777856,0.0,29.26607227038278,1517.6544922226706,28615.633284875265,0.04039249999993899,0.0,1,1,fallback_q80_q20,344;330;287;344;326;324;335;334;336;320;282;289;336;341;308;302;344;313;344;318;331;329;324;330;297;326;294;303;285;345,9.094947017729282e-13,3.410605131648481e-13,0.0,0,0,0
2025-12-15,H24,108,18:00,2025-12-14,24.0,6,277.1437381757594,283.05190713547034,5.908168959710956,0.0,164.99354185345157,17.025731310859555,48954.352536407976,0.025387499999965257,0.0,1,1,fallback_q80_q20,337;336;285;345;343;316;341;303;317;345;342;316;333;330;302;338;331;345;344;325;289;302;312;341;299;297;337;331;327;321,7.958078640513122e-13,2.2737367544323206e-13,0.0,0,0,0
2025-12-16,H24,0,00:00,2025-12-15,24.0,6,68303.20027266492,0.0,0.0,0.0,0.0,0.0,68303.2049183316,0.013833800000043084,0.0,1,1,fallback_q80_q20,296;317;301;341;338;337;342;333;342;320;312;344;337;345;339;345;341;344;332;339;342;337;325;332;340;335;325;308;337;345,6.821210263296962e-13,1.3642420526593924e-12,0.0,0,0,0
2025-12-16,H24,36,06:00,2025-12-15,24.0,6,-494.96739698121485,110.37481365029974,605.3422106315146,0.0,67.08031134467672,1469.1373859765974,10934.565264507657,0.040193999999928565,0.0,1,1,fallback_q80_q20,346;341;295;311;336;342;292;288;334;309;333;312;336;328;307;301;338;320;327;345;330;324;337;336;343;286;346;344;310;328,1.8189894035458565e-12,2.0463630789890885e-12,0.0,0,0,0
2025-12-16,H24,72,12:00,2025-12-15,24.0,6,811.4737151575664,1203.2278018732927,391.7540867157264,0.0,776.0399457373928,1396.0355907102028,31972.42941542511,0.03932589999999436,0.0,1,1,fallback_q80_q20,313;303;293;314;305;343;345;293;342;306;309;316;313;336;345;326;343;344;305;326;322;342;338;330;313;346;295;342;286;346,9.094947017729282e-13,2.2737367544323206e-13,0.0,0,0,0
2025-12-16,H24,108,18:00,2025-12-15,24.0,6,-79.85543963963842,0.0,79.85543963963842,0.0,0.0,137.4181575695904,52257.278370195425,0.04231890000005478,0.0,1,1,fallback_q80_q20,336;328;330;334;332;286;342;285;337;336;305;327;328;325;332;310;322;335;307;310;345;294;338;317;331;327;326;335;345;338,9.094947017729282e-13,1.4779288903810084e-12,0.0,0,0,0
2025-12-17,H24,0,00:00,2025-12-16,24.0,6,66521.88223837267,0.0,0.0,0.0,0.0,0.0,66521.886824524,0.03830840000000535,0.0,1,1,fallback_q80_q20,339;344;331;331;306;344;332;342;331;292;311;314;335;330;298;334;313;332;338;313;333;313;335;327;325;311;321;341;316;342,9.094947017729282e-13,6.821210263296962e-13,0.0,0,0,0
2025-12-17,H24,36,06:00,2025-12-16,24.0,6,-801.7932675976565,160.56336738859676,962.3566349862532,0.0,98.4930036719403,2739.080359789805,10467.075635352836,0.03231670000002396,0.0,1,1,fallback_q80_q20,299;328;335;342;338;344;329;300;332;345;320;339;330;313;301;341;328;287;335;306;319;336;305;300;288;304;316;315;296;343,9.094947017729282e-13,1.4779288903810084e-12,0.0,0,0,0
2025-12-17,H24,72,12:00,2025-12-16,24.0,6,248.25683383389764,667.9481973929318,419.69136355903413,0.0,448.3577426464248,1438.7879400681513,26132.314875886776,0.04311419999999089,0.0,1,1,fallback_q80_q20,309;345;337;334;324;302;326;345;311;321;342;323;344;340;330;326;337;344;312;338;315;321;293;289;306;330;332;307;309;335,1.3642420526593924e-12,2.2737367544323206e-13,0.0,0,0,0
2025-12-17,H24,108,18:00,2025-12-16,24.0,6,-25.610661074566906,0.0,25.610661074566906,0.0,0.0,43.26791070469113,49074.21743962158,0.043252899999970396,0.0,1,1,fallback_q80_q20,302;345;329;338;322;346;333;303;306;336;335;345;314;334;334;314;314;338;338;324;342;335;296;343;335;342;324;331;335;302,7.958078640513122e-13,7.958078640513122e-13,0.0,0,0,0
2025-12-18,H24,0,00:00,2025-12-17,24.0,6,65406.71933492333,0.0,0.0,0.0,0.0,0.0,65406.723903967926,0.0370712999999796,0.0,1,1,fallback_q80_q20,338;338;314;345;340;336;295;345;324;316;296;334;347;347;324;323;344;327;313;341;344;294;338;313;305;289;334;347;345;332,9.094947017729282e-13,6.821210263296962e-13,0.0,0,0,0
2025-12-18,H24,36,06:00,2025-12-17,24.0,6,702.3120378545775,877.5641770346898,175.25213918011224,0.0,778.4018128917091,490.3322516924893,9979.285613522728,0.04820159999997031,1.8227651497227224e-16,1,1,fallback_q80_q20,328;329;286;331;342;315;343;288;318;348;321;344;328;342;332;334;342;344;329;341;292;300;301;335;341;322;294;295;328;296,8.65085780787922e-13,3.410605131648481e-13,0.0,0,0,0
2025-12-18,H24,72,12:00,2025-12-17,24.0,6,-206.60995833144517,209.9551942304314,416.5651525618766,0.0,136.12413378537752,1563.1376378800992,19358.722979423128,0.03978319999998803,0.0,1,1,fallback_q80_q20,330;331;287;313;338;338;308;310;340;292;331;333;288;338;293;345;324;341;326;344;330;335;324;325;336;293;312;328;327;324,9.237055564881302e-13,2.2737367544323206e-13,0.0,0,0,0
2025-12-18,H24,108,18:00,2025-12-17,24.0,6,283.09829959378203,293.3535088796112,10.255209285829139,0.0,155.79106363386313,24.766239255810774,29477.89183727963,0.04012050000005729,0.0,1,1,fallback_q80_q20,347;343;342;303;331;335;300;335;330;316;339;334;344;303;329;316;334;316;305;323;336;303;348;301;303;299;309;329;321;320,9.094947017729282e-13,6.821210263296962e-13,0.0,0,0,0
2025-12-19,H24,0,00:00,2025-12-18,24.0,6,39206.236080817194,0.0,0.0,0.0,0.0,0.0,39206.24031184031,0.03900829999997768,0.0,1,1,fallback_q80_q20,349;337;341;345;322;332;345;330;349;334;333;340;329;345;327;328;347;293;328;327;341;348;324;299;304;332;349;349;318;286,8.526512829121202e-13,4.547473508864641e-13,0.0,0,0,0
2025-12-19,H24,36,06:00,2025-12-18,24.0,6,-281.16076101735615,0.0,281.16076101735615,0.0,0.0,710.5588550797895,8374.835651961384,0.08592020000003231,0.0,1,1,fallback_q80_q20,287;310;344;313;339;343;345;346;341;342;336;302;335;328;324;348;349;345;344;331;307;325;315;338;349;346;318;326;346;328,2.5011104298755527e-12,2.2737367544323206e-13,0.0,0,0,0
2025-12-19,H24,72,12:00,2025-12-18,24.0,6,-2183.1936952733186,0.0,2183.1936952733186,0.0,0.0,6725.847448276764,16789.853884197048,0.02985440000009021,0.0,1,1,fallback_q80_q20,292;289;316;343;349;349;348;339;323;296;343;338;337;342;349;292;329;316;338;312;345;306;328;307;337;306;331;312;328;325,9.094947017729282e-13,9.094947017729282e-13,0.0,0,0,0
2025-12-19,H24,108,18:00,2025-12-18,24.0,6,-822.679861693406,0.0,822.679861693406,0.0,0.0,1835.660098491219,25867.784184476786,0.03868399999998928,0.0,1,1,fallback_q80_q20,327;329;307;342;292;345;343;312;334;310;338;349;338;349;334;339;343;305;322;334;300;329;347;345;330;302;343;346;331;344,9.094947017729282e-13,2.2737367544323206e-13,0.0,0,0,0
2025-12-20,H24,0,00:00,2025-12-19,24.0,6,34464.86424997189,0.0,0.0,0.0,0.0,0.0,34464.8684005341,0.03454090000002452,0.0,1,1,fallback_q80_q20,303;339;323;345;336;330;348;297;343;345;340;348;320;317;283;323;318;346;336;297;299;306;329;347;346;335;325;309;325;344,8.242295734817162e-13,9.094947017729282e-13,0.0,0,0,0
2025-12-20,H24,36,06:00,2025-12-19,24.0,6,1374.511107723441,1394.3141516066248,19.803043883183896,0.0,1166.019404238684,69.47579491629745,12004.041585935436,0.0423200000000179,0.0,1,1,fallback_q80_q20,336;323;340;323;302;345;349;346;337;316;346;304;330;303;283;306;348;347;333;322;347;327;334;330;333;334;295;318;339;341,9.094947017729282e-13,2.2737367544323206e-13,0.0,0,0,0
2025-12-20,H24,72,12:00,2025-12-19,24.0,6,-1571.8004245386774,0.0,1571.8004245386774,0.0,0.0,5490.6864719051455,27163.50276599716,0.05045800000004874,0.0,1,1,fallback_q80_q20,314;344;314;319;346;337;340;344;339;302;340;349;333;343;330;298;323;324;342;321;336;320;348;339;297;349;314;343;307;337,9.094947017729282e-13,2.2737367544323206e-13,0.0,0,0,0
2025-12-20,H24,108,18:00,2025-12-19,24.0,6,-182.32164654566935,0.0,182.32164654566935,0.0,0.0,382.067128203347,43127.715569989814,0.03871400000002723,0.0,1,1,fallback_q80_q20,315;349;300;347;314;297;305;341;338;350;296;319;349;295;319;347;331;302;337;346;330;339;347;338;340;349;348;343;335;315,8.526512829121202e-13,2.2737367544323206e-13,0.0,0,0,0
2025-12-21,H24,0,00:00,2025-12-20,24.0,6,57780.23160944492,0.0,0.0,0.0,0.0,0.0,57780.23610427825,0.014705699999922217,0.0,1,1,fallback_q80_q20,330;310;323;349;299;350;318;311;346;344;347;325;351;290;347;345;290;324;333;351;338;328;336;351;350;328;349;299;347;350,9.094947017729282e-13,6.821210263296962e-13,0.0,0,0,0
2025-12-21,H24,36,06:00,2025-12-20,24.0,6,4963.778083037913,4992.730782809522,28.95269977160838,0.0,3792.6136744355626,126.23362167739776,16284.904016146429,0.037733099999968545,0.0,1,1,fallback_q80_q20,305;351;325;333;340;347;313;341;349;319;306;351;297;321;318;303;334;328;339;350;333;324;309;344;317;345;348;335;328;345,8.526512829121202e-13,1.3642420526593924e-12,0.0,0,0,0
2025-12-21,H24,72,12:00,2025-12-20,24.0,6,4239.709221358884,4239.709221358884,0.0,0.0,3281.384995079279,0.0,33646.460526105904,0.02264350000007198,0.0,1,1,fallback_q80_q20,338;314;350;331;284;340;319;339;301;332;329;322;346;321;342;291;334;351;309;283;346;283;323;322;347;329;300;344;333;316,9.094947017729282e-13,2.2737367544323206e-13,0.0,0,0,0
2025-12-21,H24,108,18:00,2025-12-20,24.0,6,1059.3359483413972,1059.3359483413972,0.0,0.0,575.833416174878,0.0,54963.96077439725,0.06436739999992369,0.0,1,1,fallback_q80_q20,346;314;315;331;309;341;339;315;311;341;348;338;346;351;344;310;349;306;333;332;330;338;349;346;304;319;339;300;313;316,2.1600499167107046e-12,5.684341886080801e-13,0.0,0,0,0
2025-12-22,H24,0,00:00,2025-12-21,24.0,6,64145.59704034355,0.0,0.0,0.0,0.0,0.0,64145.601627387834,0.03983770000002096,0.0,1,1,fallback_q80_q20,294;341;307;350;333;349;325;337;334;327;316;323;346;324;350;344;300;344;350;300;319;309;314;341;326;322;343;352;308;351,7.958078640513122e-13,2.2737367544323206e-13,0.0,0,0,0
2025-12-22,H24,36,06:00,2025-12-21,24.0,6,328.30504032467553,369.0227063393411,40.71766601466555,0.0,478.1557999106669,118.54698745968267,11555.501622105507,0.1280460000000403,0.0,1,1,fallback_q80_q20,324;344;348;342;345;322;350;348;350;311;338;338;321;335;318;352;348;322;320;349;347;349;348;330;309;307;335;314;329;345,1.6675549829869851e-12,9.094947017729282e-13,0.0,0,0,0
2025-12-22,H24,72,12:00,2025-12-21,24.0,6,139.52309353668278,283.088269979876,143.5651764431932,0.0,245.44959015302237,498.49122421880224,28073.595984624175,0.03324079999993046,0.0,1,1,fallback_q80_q20,302;348;307;326;320;342;311;352;323;339;351;331;352;345;350;299;344;340;292;342;292;341;318;330;352;332;321;347;345;352,2.8421709430404007e-12,2.2737367544323206e-13,0.0,0,0,0
2025-12-22,H24,108,18:00,2025-12-21,24.0,6,180.27082578204107,180.27082578204107,0.0,0.0,118.856857396117,0.0,50851.54089701563,0.03550760000007358,0.0,1,1,fallback_q80_q20,302;344;344;322;352;309;338;349;320;351;352;350;306;307;332;349;325;352;323;347;347;308;323;294;292;329;337;351;314;306,9.094947017729282e-13,2.2737367544323206e-13,0.0,0,0,0
2025-12-23,H24,0,00:00,2025-12-22,24.0,6,64826.07877707244,0.0,0.0,0.0,0.0,0.0,64826.083372994886,0.014290100000039274,0.0,1,1,fallback_q80_q20,336;352;308;318;320;329;327;330;339;322;353;348;324;352;337;321;313;302;351;318;321;332;315;337;316;314;352;309;352;323,7.389644451905042e-13,2.2737367544323206e-13,0.0,0,0,0
2025-12-23,H24,36,06:00,2025-12-22,24.0,6,-1086.683403477354,46.12006757317483,1132.8034710505287,0.0,38.56342865339241,2997.9633919996254,10331.687906706811,0.03620839999996406,0.0,1,1,fallback_q80_q20,330;345;320;353;331;349;301;336;338;336;330;349;320;342;323;348;352;304;336;324;333;293;350;300;351;352;351;303;338;292,1.0231815394945443e-12,1.5916157281026244e-12,0.0,0,0,0
2025-12-23,H24,72,12:00,2025-12-22,24.0,6,941.1467802759817,1040.3887994966822,99.24201922070047,0.0,710.795865576448,352.35722344967417,29617.849253683067,0.040959699999916666,0.0,1,1,fallback_q80_q20,336;330;328;350;335;345;345;351;350;329;316;353;319;304;338;324;341;336;326;352;346;331;349;321;333;346;292;336;339;338,9.094947017729282e-13,2.2737367544323206e-13,0.0,0,0,0
2025-12-23,H24,108,18:00,2025-12-22,24.0,6,1322.6874082319014,1322.6874082319014,0.0,0.0,720.8171291984158,0.0,49008.22141103794,0.03668679999998403,0.0,1,1,fallback_q80_q20,333;341;351;305;317;333;308;351;342;341;342;293;351;329;338;344;352;336;342;348;339;301;337;327;313;325;335;341;334;326,9.094947017729282e-13,2.2737367544323206e-13,0.0,0,0,0
2025-12-24,H24,0,00:00,2025-12-23,24.0,6,65062.78964779786,0.0,0.0,0.0,0.0,0.0,65062.79429346452,0.014371399999959067,0.0,1,1,fallback_q80_q20,349;351;308;353;331;319;343;341;305;342;321;351;305;323;317;343;343;308;315;350;322;337;292;344;345;344;323;350;343;321,6.821210263296962e-13,7.958078640513122e-13,0.0,0,0,0
2025-12-24,H24,36,06:00,2025-12-23,24.0,6,-68.32466071995667,39.15757399209228,107.48223471204895,0.0,24.191596124802345,267.8768607508886,11277.040915970545,0.044514200000094206,0.0,1,1,fallback_q80_q20,352;351;349;353;350;302;351;347;309;348;343;322;311;349;333;350;328;329;349;339;352;349;335;349;350;337;348;333;344;351,9.094947017729282e-13,1.7053025658242404e-12,0.0,0,0,0
2025-12-24,H24,72,12:00,2025-12-23,24.0,6,470.87045129041445,719.8901102585171,249.01965896810265,0.0,451.9141416904568,764.4035576550752,28248.772612282297,0.03888500000005024,0.0,1,1,fallback_q80_q20,336;309;320;305;330;351;314;352;337;310;335;350;349;335;334;337;336;348;339;353;340;293;354;344;346;327;345;351;316;347,8.668621376273222e-13,2.2737367544323206e-13,0.0,0,0,0
2025-12-24,H24,108,18:00,2025-12-23,24.0,6,288.59016485984375,302.4248403921736,13.834675532329866,0.0,157.52626330783272,30.38972153969246,50493.340128169744,0.02956219999998666,0.0,1,1,fallback_q80_q20,343;352;329;292;346;333;343;319;323;320;341;341;320;327;326;324;348;306;343;317;341;331;317;344;346;352;309;327;313;332,7.958078640513122e-13,7.958078640513122e-13,0.0,0,0,0
2025-12-25,H24,0,00:00,2025-12-24,24.0,6,61931.25795286625,0.0,0.0,0.0,0.0,0.0,61931.26247663296,0.04635450000000674,0.0,1,1,fallback_q80_q20,315;314;342;348;296;354;314;320;330;320;355;333;354;350;336;351;348;351;316;342;342;335;300;330;353;329;327;342;338;348,9.094947017729282e-13,6.821210263296962e-13,0.0,0,0,0
2025-12-25,H24,36,06:00,2025-12-24,24.0,6,1761.944543148669,1797.0327736288546,35.08823048018557,0.0,1773.8147724997616,106.78196035613871,11100.023211875683,0.04290050000008705,0.0,1,1,fallback_q80_q20,354;341;319;350;345;317;355;355;355;351;294;325;296;347;337;349;348;348;334;355;355;350;351;329;336;296;355;326;325;346,9.094947017729282e-13,1.3642420526593924e-12,0.0,0,0,0
2025-12-25,H24,72,12:00,2025-12-24,24.0,6,1702.4625504911019,1838.2649841827256,135.80243369162363,0.0,1514.1428927282095,451.9648040774173,20326.6935427788,0.039999700000066696,0.0,1,1,fallback_q80_q20,344;335;331;334;355;331;320;344;329;300;342;332;355;313;303;345;352;341;336;340;335;334;343;343;314;348;333;334;348;355,9.094947017729282e-13,2.2737367544323206e-13,0.0,0,0,0
2025-12-25,H24,108,18:00,2025-12-24,24.0,6,920.1350687720694,920.1350687720694,0.0,0.0,515.8578930399805,0.0,32667.62939923025,0.014790699999934986,0.0,1,1,fallback_q80_q20,355;355;349;350;348;355;322;340;330;350;317;347;316;308;329;351;353;316;311;337;354;308;308;353;346;343;296;342;350;333,9.094947017729282e-13,2.2737367544323206e-13,0.0,0,0,0
2025-12-26,H24,0,00:00,2025-12-25,24.0,6,40395.44780891308,0.0,0.0,0.0,0.0,0.0,40395.452009174915,0.01933289999999488,0.0,1,1,fallback_q80_q20,338;328;351;330;300;352;348;329;354;320;352;348;337;335;353;356;345;340;339;295;333;302;306;323;350;317;317;335;349;339,9.094947017729282e-13,6.821210263296962e-13,0.0,0,0,0
2025-12-26,H24,36,06:00,2025-12-25,24.0,6,-1167.3112161145325,0.0,1167.3112161145325,0.0,0.0,2964.9504971621127,7409.271041331565,0.029159600000070895,0.0,1,1,fallback_q80_q20,315;336;346;322;356;355;324;301;355;354;331;322;322;343;349;335;324;356;313;350;352;302;353;339;329;344;313;338;356;320,9.094947017729282e-13,2.2737367544323206e-13,0.0,0,0,0
2025-12-26,H24,72,12:00,2025-12-25,24.0,6,-1966.4159453542711,0.0,1966.4159453542711,0.0,0.0,6298.980717508558,14712.844799140034,0.042301699999939046,0.0,1,1,fallback_q80_q20,348;320;338;336;350;351;342;341;348;325;322;346;331;339;355;337;302;323;349;345;350;341;326;356;333;337;344;296;352;342,9.094947017729282e-13,2.2737367544323206e-13,0.0,0,0,0
2025-12-26,H24,108,18:00,2025-12-25,24.0,6,-1131.7555415032054,0.0,1131.7555415032054,0.0,0.0,2561.4622731964746,25355.825720528017,0.03587239999990288,0.0,1,1,fallback_q80_q20,340;338;341;315;329;346;348;331;314;334;356;324;341;293;348;353;345;334;295;352;356;341;356;345;333;349;325;355;341;352,8.526512829121202e-13,2.2737367544323206e-13,0.0,0,0,0
2025-12-27,H24,0,00:00,2025-12-26,24.0,6,36359.408192073424,0.0,0.0,0.0,0.0,0.0,36359.41233653098,0.03425189999995837,0.0,1,1,fallback_q80_q20,333;348;356;354;306;357;334;312;306;353;349;328;351;349;350;347;350;333;310;317;354;339;347;345;334;313;334;310;343;353,9.094947017729282e-13,6.821210263296962e-13,0.0,0,0,0
2025-12-27,H24,36,06:00,2025-12-26,24.0,6,1239.1470606795406,1383.6572460641378,144.51018538459724,0.0,1064.5599562238547,618.5508521715042,11567.621108186862,0.042800599999964106,0.0,1,1,fallback_q80_q20,347;318;308;324;341;325;320;357;347;349;339;317;356;331;334;355;347;333;327;345;347;357;316;347;325;316;347;347;328;290,9.094947017729282e-13,2.2737367544323206e-13,0.0,0,0,0
2025-12-27,H24,72,12:00,2025-12-26,24.0,6,-2031.5141398841033,0.0,2031.5141398841033,0.0,0.0,6269.81329587946,26574.117122614112,0.027070699999967474,0.0,1,1,fallback_q80_q20,354;353;352;349;333;352;290;309;353;347;345;314;356;290;336;298;327;329;310;347;355;326;339;320;357;332;321;331;332;337,9.094947017729282e-13,1.1368683772161603e-12,0.0,0,0,0
2025-12-27,H24,108,18:00,2025-12-26,24.0,6,-180.29451836349537,0.0,180.29451836349537,0.0,0.0,365.97908104506945,41376.11907511973,0.014095200000042496,0.0,1,1,fallback_q80_q20,328;353;331;343;340;324;337;308;311;357;328;310;357;312;334;354;336;348;355;335;340;349;347;290;320;316;312;346;346;333,7.958078640513122e-13,2.2737367544323206e-13,0.0,0,0,0
2025-12-28,H24,0,00:00,2025-12-27,24.0,6,58460.56954712275,0.0,0.0,0.0,0.0,0.0,58460.574059526196,0.07212370000002011,0.0,1,1,fallback_q80_q20,341;343;325;326;349;344;352;298;322;324;355;337;334;316;331;337;290;353;308;353;351;330;290;334;349;350;339;354;331;347,9.094947017729282e-13,9.094947017729282e-13,0.0,0,0,0
2025-12-28,H24,36,06:00,2025-12-27,24.0,6,2294.99055262025,2336.601244489153,41.61069186890303,0.0,1938.872215324913,127.277465623652,13554.199490528317,0.04601690000004055,0.0,1,1,fallback_q80_q20,315;312;336;318;305;323;328;330;331;326;349;336;303;312;345;348;353;342;349;311;341;336;309;298;356;306;298;349;355;312,9.094947017729282e-13,1.8189894035458565e-12,0.0,0,0,0
2025-12-28,H24,72,12:00,2025-12-27,24.0,6,2913.7840413946624,2913.7840413946624,0.0,0.0,2056.2535953798442,0.0,28830.965136999825,0.02661810000006426,0.0,1,1,fallback_q80_q20,342;304;312;345;318;340;331;348;311;337;344;327;353;333;354;343;358;357;325;329;347;310;327;334;347;349;332;328;354;326,9.094947017729282e-13,2.2737367544323206e-13,0.0,0,0,0
2025-12-28,H24,108,18:00,2025-12-27,24.0,6,2671.3780835471116,2671.3780835471116,0.0,0.0,1467.8628016150728,0.0,50962.168151374084,0.044395600000029845,0.0,1,1,fallback_q80_q20,297;338;339;290;298;305;353;339;325;322;321;347;356;319;355;354;328;328;340;357;346;351;354;332;354;303;352;345;291;307,9.094947017729282e-13,9.094947017729282e-13,0.0,0,0,0
2025-12-29,H24,0,00:00,2025-12-28,24.0,6,64906.65772577904,0.0,0.0,0.0,0.0,0.0,64906.66231113038,0.03635740000004262,0.0,1,1,fallback_q80_q20,348;337;359;336;355;355;336;357;328;329;296;342;336;319;336;332;335;327;343;311;333;319;356;355;344;310;314;324;335;327,1.0231815394945443e-12,1.0231815394945443e-12,0.0,0,0,0
2025-12-29,H24,36,06:00,2025-12-28,24.0,6,1191.0863949326758,1339.8848354726354,148.79844053995947,0.0,1486.1525062781889,407.1736238570346,12366.51579766474,0.03357640000001538,0.0,1,1,fallback_q80_q20,358;321;351;335;355;357;309;302;320;352;351;316;329;350;354;311;334;321;323;324;350;355;323;328;326;350;355;329;355;336,7.958078640513122e-13,1.7053025658242404e-12,0.0,0,0,0
2025-12-29,H24,72,12:00,2025-12-28,24.0,6,-218.0486089963053,304.1254332679767,522.174042264282,0.0,206.00772236707968,1964.0455782551066,26766.337758491514,0.04020020000007207,0.0,1,1,fallback_q80_q20,357;350;352;302;334;357;340;319;358;358;343;348;358;340;350;306;319;358;357;347;338;348;328;357;357;352;338;351;352;330,9.094947017729282e-13,2.2737367544323206e-13,0.0,0,0,0
2025-12-29,H24,108,18:00,2025-12-28,24.0,6,-98.55326915767263,0.0,98.55326915767263,0.0,0.0,177.99288540589134,45784.11843430438,0.06029080000007525,0.0,1,1,fallback_q80_q20,316;358;306;350;311;303;345;354;344;325;349;351;357;351;344;342;352;331;341;313;357;343;352;346;345;327;351;349;309;325,9.094947017729282e-13,3.410605131648481e-13,0.0,0,0,0
2025-12-30,H24,0,00:00,2025-12-29,24.0,6,62249.553545068906,0.0,0.0,0.0,0.0,0.0,62249.55815917408,0.021412600000076054,0.0,1,1,fallback_q80_q20,327;349;356;350;352;356;332;350;335;352;344;352;357;357;343;357;355;358;322;359;352;355;329;346;344;340;356;345;359;358,7.958078640513122e-13,1.3642420526593924e-12,0.0,0,0,0
2025-12-30,H24,36,06:00,2025-12-29,24.0,6,4835.282938046791,4860.883278860274,25.600340813483328,0.0,3687.8848626913864,117.91608809716502,15911.51308220886,0.03280589999997119,0.0,1,1,fallback_q80_q20,358;358;307;331;337;344;359;311;300;337;358;308;326;334;351;345;317;317;350;355;303;349;349;320;324;357;334;326;345;358,9.094947017729282e-13,2.0463630789890885e-12,0.0,0,0,0
2025-12-30,H24,72,12:00,2025-12-29,24.0,6,-1372.173094055306,83.46150001486234,1455.6345940701683,0.0,54.845249654120664,4110.236676778394,25276.815079745807,0.028770600000029845,0.0,1,1,fallback_q80_q20,340;345;299;348;337;338;355;351;331;325;342;352;315;355;346;355;358;358;320;316;315;345;359;354;311;318;339;327;341;345,9.094947017729282e-13,2.2737367544323206e-13,0.0,0,0,0
2025-12-30,H24,108,18:00,2025-12-29,24.0,6,-2.508928067291106,0.0,2.508928067291106,0.0,0.0,4.035447894848176,48441.3538169388,0.036720199999990655,0.0,1,1,fallback_q80_q20,358;332;349;336;357;358;338;355;356;351;348;356;299;358;349;329;340;310;348;355;344;341;353;351;349;359;336;336;338;315,2.3998580900297384e-12,1.5916157281026244e-12,0.0,0,0,0
2025-12-31,H24,0,00:00,2025-12-30,24.0,6,66332.78057572042,0.0,0.0,0.0,0.0,0.0,66332.7851277771,0.04684470000006513,0.0,1,1,fallback_q80_q20,333;354;341;306;336;303;329;358;358;348;331;333;324;337;350;330;334;308;353;354;359;351;300;346;343;358;350;313;301;357,9.094947017729282e-13,2.2737367544323206e-13,0.0,0,0,0
2025-12-31,H24,36,06:00,2025-12-30,24.0,6,-424.87359807216126,102.75899549954282,527.6325935717041,0.0,72.93748950244742,1773.6120141110068,10770.231726591352,0.04706820000001244,0.0,1,1,fallback_q80_q20,357;349;356;333;354;331;359;353;358;329;338;342;356;354;355;358;337;339;344;325;309;355;317;352;347;356;337;307;315;307,1.0231815394945443e-12,1.5916157281026244e-12,0.0,0,0,0
2025-12-31,H24,72,12:00,2025-12-30,24.0,6,1513.9232773339877,1853.2766484892145,339.3533711552269,0.0,1409.545606642413,1294.5509271504902,28271.581498978663,0.04106549999994513,0.0,1,1,fallback_q80_q20,338;351;314;345;312;351;314;315;344;359;337;308;316;348;354;316;299;327;355;356;326;299;307;350;361;347;352;333;345;322,1.0231815394945443e-12,2.2737367544323206e-13,0.0,0,0,0
2025-12-31,H24,108,18:00,2025-12-30,24.0,6,4.731996715676935,44.49490229854342,39.76290558286649,0.0,23.364968634634295,89.741331942584,46103.58102697142,0.023971800000026633,0.0,1,1,fallback_q80_q20,347;330;355;332;320;330;303;299;313;349;353;346;357;300;318;349;312;358;333;356;356;352;321;345;343;358;299;317;303;347,9.094947017729282e-13,3.410605131648481e-13,0.0,0,0,0
2025-02-01,H48,0,00:00,2025-01-31,48.0,6,41113.42215051838,0.0,0.0,0.0,0.0,0.0,93371.48628516709,0.10879459999989649,0.0,1,1,fallback_q80_q20,14;27;24;22;25;25;11;25;25;4;28;3;22;4;13;16;25;11;18;2;2;13;27;2;22;7;25;1;11;13,9.094947017729282e-13,2.2737367544323206e-13,0.0,0,0,0
2025-02-01,H48,36,06:00,2025-01-31,48.0,6,-3993.1462070627754,0.0,3993.1462070627754,0.0,0.0,10840.186602823207,61384.17859759762,0.08775580000008176,0.0,1,1,fallback_q80_q20,1;26;5;28;26;18;20;7;14;25;15;18;27;20;13;18;20;8;13;28;27;27;18;26;24;27;27;27;20;24,9.094947017729282e-13,2.2737367544323206e-13,0.0,0,0,0
2025-02-01,H48,72,12:00,2025-01-31,48.0,6,-1890.5144064561105,0.0,1890.5144064561105,0.0,0.0,5319.374841059749,90829.89360364711,0.12945079999997233,0.0,1,1,fallback_q80_q20,16;24;23;22;28;24;19;25;2;11;9;11;19;24;1;11;22;26;18;19;10;9;23;20;19;24;28;24;24;28,1.8189894035458565e-12,2.2737367544323206e-13,0.0,0,0,0
2025-02-01,H48,108,18:00,2025-01-31,48.0,6,41.760744892650166,56.29420886165586,14.533463969005691,0.0,40.16843606247289,71.01290882576427,92468.54634221745,0.08386040000004868,0.0,1,1,fallback_q80_q20,25;15;9;17;12;23;5;4;9;21;21;11;17;19;13;23;12;28;9;27;18;25;20;6;11;28;5;27;24;12,9.094947017729282e-13,2.2737367544323206e-13,0.0,0,0,0
2025-02-02,H48,0,00:00,2025-02-01,48.0,6,57769.76929533294,0.0,0.0,0.0,0.0,0.0,123005.04303980144,0.07038660000000618,0.0,1,1,fallback_q80_q20,18;21;12;28;16;7;6;3;28;25;2;23;24;4;25;22;6;10;27;7;4;28;13;14;24;17;17;16;4;29,7.958078640513122e-13,2.2737367544323206e-13,0.0,0,0,0
2025-02-02,H48,36,06:00,2025-02-01,48.0,6,593.7994882724736,1066.236845574797,472.43735730232333,0.0,742.2229007872927,1668.8483940222181,75420.2843361377,0.11689609999996264,0.0,1,1,fallback_q80_q20,24;20;19;29;24;13;9;4;21;25;20;15;25;1;18;26;24;25;26;24;15;28;25;13;5;18;1;29;4;2,1.2505552149377763e-12,1.3642420526593924e-12,0.0,0,0,0
2025-02-02,H48,72,12:00,2025-02-01,48.0,6,1395.3381144679222,1688.009625021554,292.6715105536319,0.0,1228.8838730273837,1124.2151245480927,93515.336232004,0.10883519999993041,0.0,1,1,fallback_q80_q20,28;14;17;13;29;22;17;18;17;3;6;16;29;22;18;6;24;25;20;25;13;25;16;2;7;24;29;25;29;17,9.094947017729282e-13,2.2737367544323206e-13,0.0,0,0,0
2025-02-02,H48,108,18:00,2025-02-01,48.0,6,1248.381303040185,1248.381303040185,0.0,0.0,714.1441477064486,0.0,106815.63149042914,0.03146429999992506,2.607874814233829e-07,1,1,fallback_q80_q20,27;12;22;24;23;20;21;9;6;13;21;28;21;24;4;17;28;3;10;27;25;9;28;17;11;1;24;21;27;25,9.094947017729282e-13,7.958078640513122e-13,0.0,0,0,0
2025-02-03,H48,0,00:00,2025-02-02,48.0,6,61668.764692988545,0.0,0.0,0.0,0.0,0.0,120723.7992720112,0.07752559999994446,0.0,1,1,fallback_q80_q20,22;28;27;30;24;8;21;12;15;13;27;21;26;1;25;30;29;20;27;19;1;7;28;9;22;2;25;8;25;21,9.094947017729282e-13,2.2737367544323206e-13,0.0,0,0,0
2025-02-03,H48,36,06:00,2025-02-02,48.0,6,-2188.486689122734,0.0,2188.486689122734,0.0,0.0,5866.752927134083,75153.38390426457,0.10088450000000648,0.0,1,1,fallback_q80_q20,18;2;12;30;24;2;22;9;26;30;28;30;4;24;7;4;3;23;26;2;30;23;30;21;7;15;19;21;9;24,9.094947017729282e-13,1.9326762412674725e-12,0.0,0,0,0
2025-02-03,H48,72,12:00,2025-02-02,48.0,6,5503.769343560818,5631.328167830237,127.55882426941952,0.0,3839.41669670523,454.32720490489726,95136.495983637,0.22495930000002318,0.0,1,1,fallback_q80_q20,7;5;27;18;5;29;21;20;18;9;21;27;1;23;22;2;5;28;19;27;19;11;16;18;21;14;5;4;23;25,1.0231815394945443e-12,2.2737367544323206e-13,0.0,0,0,0
2025-02-03,H48,108,18:00,2025-02-02,48.0,6,-232.0732454513726,0.0,232.0732454513726,0.0,0.0,377.6230279736234,107790.07278074004,0.08162210000000414,0.0,1,1,fallback_q80_q20,27;30;16;12;15;5;15;30;2;30;29;25;23;15;28;28;23;20;13;21;21;16;29;21;18;26;19;18;21;26,9.094947017729282e-13,6.821210263296962e-13,0.0,0,0,0
2025-02-04,H48,0,00:00,2025-02-03,48.0,6,63304.93085299541,0.0,0.0,0.0,0.0,0.0,126426.30760045337,0.08063509999999496,0.0,1,1,fallback_q80_q20,16;24;9;27;15;27;20;3;13;27;20;2;28;28;4;29;21;17;8;27;27;27;20;9;24;4;21;26;21;27,9.094947017729282e-13,2.2737367544323206e-13,0.0,0,0,0
2025-02-04,H48,36,06:00,2025-02-03,48.0,6,-1680.021725082553,0.0,1680.021725082553,0.0,0.0,4458.232270521934,76213.21301407015,0.11370139999996809,0.0,1,1,fallback_q80_q20,24;20;14;27;17;27;10;23;30;26;31;24;29;10;13;31;12;22;5;13;7;7;22;25;14;26;26;20;10;9,9.094947017729282e-13,1.8189894035458565e-12,0.0,0,0,0
2025-02-04,H48,72,12:00,2025-02-03,48.0,6,-1030.1012664402233,40.0889397449428,1070.190206185166,0.0,21.34471949124611,3218.9746837175885,87154.14313964422,0.07724550000000363,0.0,1,1,fallback_q80_q20,24;26;29;29;28;29;25;23;29;9;5;27;16;26;23;24;17;27;27;14;13;29;10;7;9;31;13;23;21;27,1.0231815394945443e-12,2.2737367544323206e-13,0.0,0,0,0
2025-02-04,H48,108,18:00,2025-02-03,48.0,6,-7.279124361776245,7.984491361147977,15.263615722924222,0.0,5.870086282273178,72.06537647189089,114665.28777742124,0.07065389999991112,0.0,1,1,fallback_q80_q20,20;2;20;26;2;2;24;21;6;26;9;30;22;9;14;16;29;31;27;3;3;28;28;28;23;29;28;22;23;7,9.094947017729282e-13,2.2737367544323206e-13,0.0,0,0,0
2025-02-05,H48,0,00:00,2025-02-04,48.0,6,62828.590952795814,0.0,0.0,0.0,0.0,0.0,123265.59468629898,0.08517240000003312,0.0,1,1,fallback_q80_q20,11;22;28;25;28;30;27;20;11;2;6;28;27;3;21;27;8;31;20;16;11;9;21;25;32;26;22;12;10;17,9.094947017729282e-13,2.2737367544323206e-13,0.0,0,0,0
2025-02-05,H48,36,06:00,2025-02-04,48.0,6,-1255.2782143638,0.0,1255.2782143638,0.0,0.0,2855.316187673602,72645.09911455362,0.08186739999996462,0.0,1,1,fallback_q80_q20,12;12;15;26;15;13;5;19;11;31;26;30;30;6;31;12;23;23;6;16;31;24;31;7;28;18;13;26;30;28,1.0231815394945443e-12,2.2737367544323206e-13,0.0,0,0,0
2025-02-05,H48,72,12:00,2025-02-04,48.0,6,-999.3353872686548,0.0,999.3353872686548,0.0,0.0,2989.235094443672,91167.74605278934,0.1417374000000109,0.0,1,1,fallback_q80_q20,26;16;14;23;30;23;23;30;30;19;32;28;3;1;17;21;20;25;30;30;10;15;13;5;2;18;20;31;27;25,9.094947017729282e-13,2.2737367544323206e-13,0.0,0,0,0
2025-02-05,H48,108,18:00,2025-02-04,48.0,6,138.96042757066974,141.9516697329251,2.991242162255352,0.0,78.0364557690259,14.117912441076669,111255.0109800399,0.19480269999996835,0.0,1,1,fallback_q80_q20,29;9;18;13;26;1;23;26;9;8;16;6;23;22;31;2;8;28;14;16;26;1;29;9;30;2;21;15;26;15,9.094947017729282e-13,2.2737367544323206e-13,0.0,0,0,0
2025-02-06,H48,0,00:00,2025-02-05,48.0,6,62043.073789803784,0.0,0.0,0.0,0.0,0.0,94473.56743516026,0.07753459999992174,0.0,1,1,fallback_q80_q20,30;33;12;33;33;23;22;16;30;30;22;29;15;18;2;29;31;2;16;28;30;30;33;20;27;22;31;16;4;9,9.094947017729282e-13,2.2737367544323206e-13,0.0,0,0,0
2025-02-06,H48,36,06:00,2025-02-05,48.0,6,-1310.5047833621857,195.34589280877586,1505.8506761709616,0.0,101.80059233326261,4009.0270048106504,43988.12871852305,0.10465399999998226,0.0,1,1,fallback_q80_q20,30;23;22;13;26;7;27;23;24;30;26;31;5;32;16;27;15;16;21;30;15;24;30;28;7;23;27;31;22;33,9.094947017729282e-13,2.2737367544323206e-13,0.0,0,0,0
2025-02-06,H48,72,12:00,2025-02-05,48.0,6,-242.43348595038742,917.4832295517774,1159.9167155021648,0.0,558.1001263517845,3504.640396278844,55725.88563461041,0.1338568999999552,0.0,1,1,fallback_q80_q20,17;31;28;29;29;22;27;33;28;14;20;15;9;13;15;25;5;33;14;18;23;28;20;33;23;15;27;19;30;4,1.0231815394945443e-12,2.2737367544323206e-13,0.0,0,0,0
2025-02-06,H48,108,18:00,2025-02-05,48.0,6,541.389462581132,541.389462581132,0.0,0.0,299.00378442732506,0.0,58444.74835284604,0.09846219999997174,0.0,1,1,fallback_q80_q20,23;2;26;27;8;7;21;9;29;30;22;33;27;2;10;10;27;19;10;32;1;27;14;25;11;18;33;27;23;6,8.810729923425242e-13,2.0463630789890885e-12,0.0,0,0,0
2025-02-07,H48,0,00:00,2025-02-06,48.0,6,34512.584451757546,0.0,0.0,0.0,0.0,0.0,62441.35908272738,0.08991490000005342,0.0,1,1,fallback_q80_q20,19;23;29;12;25;33;9;13;28;33;16;29;30;25;33;29;8;9;22;3;29;34;34;28;9;7;2;19;28;28,9.094947017729282e-13,2.2737367544323206e-13,0.0,0,0,0
2025-02-07,H48,36,06:00,2025-02-06,48.0,6,19.503365562381873,377.6122637477248,358.1088981853429,0.0,235.10071768661152,1058.4780329468504,37450.195839213855,0.09378910000009455,0.0,1,1,fallback_q80_q20,30;26;34;19;30;16;8;14;20;28;21;15;34;18;5;22;13;34;34;33;32;30;11;13;29;33;28;22;18;16,9.094947017729282e-13,2.2737367544323206e-13,0.0,0,0,0
2025-02-07,H48,72,12:00,2025-02-06,48.0,6,-1623.9824246310518,0.0,1623.9824246310518,0.0,0.0,5293.437051237958,40497.25700031213,0.08209069999998064,0.0,1,1,fallback_q80_q20,5;12;21;28;34;26;23;25;30;30;14;32;22;24;34;13;14;28;28;11;19;13;11;23;28;31;20;26;27;5,1.0231815394945443e-12,1.1368683772161603e-13,0.0,0,0,0
2025-02-07,H48,108,18:00,2025-02-06,48.0,6,-607.4622105504106,0.0,607.4622105504106,0.0,0.0,1340.9493034635677,50307.96282859968,0.09350940000001629,0.0,1,1,fallback_q80_q20,1;23;19;33;4;2;22;28;21;23;29;26;24;7;31;15;18;26;18;30;22;7;32;17;12;22;19;4;20;27,2.4442670110147446e-12,4.547473508864641e-13,0.0,0,0,0
2025-02-08,H48,0,00:00,2025-02-07,48.0,6,23544.864479678952,0.0,0.0,0.0,0.0,0.0,77766.0392534079,0.09623950000002424,0.0,1,1,fallback_q80_q20,10;11;27;28;25;24;25;12;35;9;23;26;27;25;31;21;29;35;28;20;31;30;16;7;24;14;34;34;10;31,1.0231815394945443e-12,2.2737367544323206e-13,0.0,0,0,0
2025-02-08,H48,36,06:00,2025-02-07,48.0,6,3152.1444414352814,3167.6377111544352,15.493269719153815,0.0,3409.4584635609617,54.4263196532894,65831.76489652896,0.13532120000002124,0.0,1,1,fallback_q80_q20,29;7;16;25;28;5;23;32;27;29;34;30;23;4;26;12;34;31;14;35;29;27;9;18;31;26;24;35;23;20,9.094947017729282e-13,2.2737367544323206e-13,0.0,0,0,0
2025-02-08,H48,72,12:00,2025-02-07,48.0,6,68.71190802599347,554.5984480523593,485.8865400263659,0.0,402.80930334166067,2179.0620195034103,74443.65952501462,0.07829540000000179,0.0,1,1,fallback_q80_q20,17;19;28;35;33;17;19;11;26;26;8;18;9;1;11;32;29;31;1;23;15;8;6;6;9;30;34;32;25;1,9.094947017729282e-13,2.2737367544323206e-13,0.0,0,0,0
2025-02-08,H48,108,18:00,2025-02-07,48.0,6,-53.34519871058748,0.0,53.34519871058748,0.0,0.0,115.96214501513259,95828.73821736628,0.06506799999999657,0.0,1,1,fallback_q80_q20,29;16;32;24;18;23;31;8;18;33;11;31;25;20;5;31;34;31;32;2;9;5;30;31;18;34;11;27;20;20,9.094947017729282e-13,2.2737367544323206e-13,0.0,0,0,0
2025-02-09,H48,0,00:00,2025-02-08,48.0,6,52416.26086035299,0.0,0.0,0.0,0.0,0.0,109965.6408852972,0.07182720000002973,0.0,1,1,fallback_q80_q20,26;14;34;3;8;33;26;20;23;11;27;12;24;4;20;16;5;23;35;30;22;36;30;1;18;32;7;16;10;19,9.094947017729282e-13,2.2737367544323206e-13,0.0,0,0,0
2025-02-09,H48,36,06:00,2025-02-08,48.0,6,11395.356039421813,11400.27603056053,4.91999113871616,0.0,9380.329634886286,19.582054283447405,79540.9472013188,0.05668600000001334,0.0,1,1,fallback_q80_q20,1;4;16;19;23;34;12;30;25;15;22;25;26;15;17;34;21;31;26;18;31;21;8;35;9;11;25;36;25;24,9.094947017729282e-13,2.2737367544323206e-13,0.0,0,0,0
2025-02-09,H48,72,12:00,2025-02-08,48.0,6,-781.2868277212705,333.30461470243165,1114.5914424237021,0.0,189.50114323480062,3563.654865561354,81225.44364030074,0.08955429999991793,0.0,1,1,fallback_q80_q20,6;10;5;26;22;36;30;25;24;25;32;10;21;7;32;12;16;34;20;12;33;33;25;26;34;8;19;26;19;25,1.0231815394945443e-12,2.2737367544323206e-13,0.0,0,0,0
2025-02-09,H48,108,18:00,2025-02-08,48.0,6,929.6277627828762,929.6277627828762,0.0,0.0,526.8605864716474,0.0,99123.70554947213,0.07321509999997033,0.0,1,1,fallback_q80_q20,34;18;24;13;25;26;22;12;33;1;2;2;22;24;17;15;28;6;20;12;36;13;33;26;5;4;17;33;15;14,1.0231815394945443e-12,6.821210263296962e-13,0.0,0,0,0
2025-02-10,H48,0,00:00,2025-02-09,48.0,6,53921.964257578155,0.0,0.0,0.0,0.0,0.0,108499.17795076473,0.08712319999995088,0.0,1,1,fallback_q80_q20,13;33;29;23;36;27;33;30;37;32;29;23;33;14;30;35;7;31;5;36;36;35;34;37;35;33;35;36;36;36,1.2505552149377763e-12,2.2737367544323206e-13,0.0,0,0,0
2025-02-10,H48,36,06:00,2025-02-09,48.0,6,-972.5456873009483,450.4657237463963,1423.0114110473446,0.0,268.4167511988635,4284.466616990105,66410.64848523385,0.089182199999982,0.0,1,1,fallback_q80_q20,29;22;16;33;34;34;26;19;35;33;37;4;30;13;13;7;9;33;34;27;35;22;34;34;7;32;37;36;36;25,9.094947017729282e-13,2.2737367544323206e-13,0.0,0,0,0
2025-02-10,H48,72,12:00,2025-02-09,48.0,6,2771.4086606809856,3211.962241707665,440.55358102667935,0.0,2701.1335700452764,1772.9146102387201,82369.91890979248,0.18873800000005758,0.0,1,1,fallback_q80_q20,34;25;35;22;2;34;35;33;35;35;27;14;11;29;33;32;7;9;22;20;1;24;34;33;2;16;35;4;9;34,1.0231815394945443e-12,2.2737367544323206e-13,0.0,0,0,0
2025-02-10,H48,108,18:00,2025-02-09,48.0,6,120.02139889237351,122.94965770052796,2.9282588081544585,0.0,74.59073411453699,4.6659901404447055,93443.44552389298,0.14121210000007522,0.0,1,1,fallback_q80_q20,5;29;25;37;30;35;33;32;37;36;27;21;37;37;33;1;35;23;20;15;20;6;17;37;28;2;18;12;20;30,9.094947017729282e-13,2.2737367544323206e-13,0.0,0,0,0
2025-02-11,H48,0,00:00,2025-02-10,48.0,6,57796.9753813967,0.0,0.0,0.0,0.0,0.0,121238.4243577096,0.07434449999993831,0.0,1,1,fallback_q80_q20,4;28;5;2;36;30;20;17;28;16;21;22;23;29;17;10;24;20;15;31;8;13;10;5;30;32;6;10;34;5,9.094947017729282e-13,2.2737367544323206e-13,0.0,0,0,0
2025-02-11,H48,36,06:00,2025-02-10,48.0,6,-2195.3143138761966,26.863080860616524,2222.1773947368133,0.0,17.22055303474771,5559.892137049755,64666.54477416144,0.09874519999993936,0.0,1,1,fallback_q80_q20,37;25;25;35;24;24;13;18;26;36;36;1;37;37;1;27;5;22;37;36;36;16;8;33;36;34;29;23;34;21,9.094947017729282e-13,2.2737367544323206e-13,0.0,0,0,0
2025-02-11,H48,72,12:00,2025-02-10,48.0,6,-3.0093825523290434,496.1402075236291,499.14959007595814,0.0,277.69584138564943,1682.9874237387728,75969.95663297834,0.07789479999996729,0.0,1,1,fallback_q80_q20,33;33;36;13;35;18;31;14;13;15;2;4;7;16;15;32;35;28;1;37;29;19;34;10;38;35;11;1;30;20,9.094947017729282e-13,2.2737367544323206e-13,0.0,0,0,0
2025-02-11,H48,108,18:00,2025-02-10,48.0,6,-56.269843896618674,0.0,56.269843896618674,0.0,0.0,104.7676098715333,97954.18614581051,0.0965773000000354,0.0,1,1,fallback_q80_q20,17;35;32;36;1;8;25;34;17;6;17;25;34;22;15;23;2;7;22;35;8;36;30;30;13;16;8;33;29;36,9.094947017729282e-13,7.958078640513122e-13,0.0,0,0,0
2025-02-12,H48,0,00:00,2025-02-11,48.0,6,60549.046919127475,0.0,0.0,0.0,0.0,0.0,116214.05884805701,0.07580170000005637,0.0,1,1,fallback_q80_q20,25;20;2;5;34;25;18;5;35;36;36;5;35;13;13;30;15;32;37;20;37;20;9;6;8;35;20;23;27;34,9.094947017729282e-13,2.2737367544323206e-13,0.0,0,0,0
2025-02-12,H48,36,06:00,2025-02-11,48.0,6,-4280.202943828936,0.0,4280.202943828936,0.0,0.0,10804.335101929493,64390.763509815086,0.07590620000007675,0.0,1,1,fallback_q80_q20,26;13;35;33;14;27;13;30;3;27;14;13;26;33;26;35;33;34;17;34;12;24;36;36;19;37;28;20;34;10,9.094947017729282e-13,2.2737367544323206e-13,0.0,0,0,0
2025-02-12,H48,72,12:00,2025-02-11,48.0,6,1223.5444100872364,1459.1315494820037,235.5871393947672,0.0,986.3511551782469,844.8966349840366,79336.69228409596,0.08067330000005768,0.0,1,1,fallback_q80_q20,5;9;13;20;3;15;19;33;17;11;30;21;33;30;36;23;7;15;39;36;36;10;19;32;19;29;25;34;10;12,1.0231815394945443e-12,2.2737367544323206e-13,0.0,0,0,0
2025-02-12,H48,108,18:00,2025-02-11,48.0,6,183.2906164810674,187.07592343776554,3.785306956698136,0.0,101.72241662588698,12.59488943840131,96880.85607276009,0.07809229999998024,0.0,1,1,fallback_q80_q20,27;34;30;10;33;21;29;30;28;33;21;33;18;36;1;34;34;26;36;6;37;8;1;27;25;6;36;33;26;24,9.094947017729282e-13,9.094947017729282e-13,0.0,0,0,0
2025-02-13,H48,0,00:00,2025-02-12,48.0,6,54774.91173142262,0.0,0.0,0.0,0.0,0.0,85566.15308449109,0.07120390000000043,0.0,1,1,fallback_q80_q20,37;32;5;37;15;5;32;6;15;33;40;30;34;30;23;22;30;6;33;9;9;36;26;35;31;17;39;4;33;23,9.094947017729282e-13,2.2737367544323206e-13,0.0,0,0,0
2025-02-13,H48,36,06:00,2025-02-12,48.0,6,-2512.0236437552876,0.0,2512.0236437552876,0.0,0.0,6623.661122608886,38037.53724472235,0.08425229999988915,0.0,1,1,fallback_q80_q20,27;12;15;9;37;37;22;36;18;22;7;34;24;10;36;39;27;27;22;29;38;40;34;26;13;24;7;23;9;19,8.242295734817162e-13,2.2737367544323206e-13,0.0,0,0,0
2025-02-13,H48,72,12:00,2025-02-12,48.0,6,263.1428728776985,647.8228142420719,384.6799413643734,0.0,521.2763907445935,1496.3180469619888,43416.92514807505,0.08913460000007944,0.0,1,1,fallback_q80_q20,36;35;13;36;40;3;26;40;39;15;35;24;21;7;39;32;35;2;28;36;29;28;9;40;36;38;15;31;33;19,9.094947017729282e-13,2.2737367544323206e-13,0.0,0,0,0
2025-02-13,H48,108,18:00,2025-02-12,48.0,6,441.3912136202183,441.3912136202183,0.0,0.0,248.2591206420459,0.0,53682.50746328739,0.12024570000005497,0.0,1,1,fallback_q80_q20,23;23;20;37;28;40;15;38;8;26;28;39;37;34;18;26;15;15;33;14;12;37;13;5;25;20;5;32;38;14,1.0231815394945443e-12,2.2737367544323206e-13,0.0,0,0,0
2025-02-14,H48,0,00:00,2025-02-13,48.0,6,30306.277378225823,0.0,0.0,0.0,0.0,0.0,55899.62390178923,0.09609739999996236,0.0,1,1,fallback_q80_q20,28;29;28;8;22;35;23;37;36;10;27;25;25;7;38;36;24;29;36;41;36;23;27;27;26;34;35;1;32;18,9.094947017729282e-13,1.1368683772161603e-13,0.0,0,0,0
2025-02-14,H48,36,06:00,2025-02-13,48.0,6,-1208.2230935441946,166.5530209011782,1374.7761144453727,0.0,157.13505602171395,4375.672126877578,33012.313536649686,0.0868383999999196,0.0,1,1,fallback_q80_q20,36;27;15;23;41;23;28;36;26;35;16;36;21;34;35;1;31;28;31;21;32;34;29;38;20;16;30;14;37;15,9.094947017729282e-13,1.1368683772161603e-13,0.0,0,0,0
2025-02-14,H48,72,12:00,2025-02-13,48.0,6,-945.5593586782193,0.0,945.5593586782193,0.0,0.0,3140.3522348793886,33962.58045924887,0.1117357999999058,0.0,1,1,fallback_q80_q20,35;27;31;32;40;11;26;37;2;10;33;34;22;29;17;37;30;29;21;33;22;35;18;39;22;7;7;24;8;22,9.094947017729282e-13,2.2737367544323206e-13,0.0,0,0,0
2025-02-14,H48,108,18:00,2025-02-13,48.0,6,-668.5900884736769,0.0,668.5900884736769,0.0,0.0,1399.4101622082642,39662.72937285345,0.11629499999992277,0.0,1,1,fallback_q80_q20,37;40;41;11;11;28;40;13;27;30;11;23;40;8;37;10;36;40;16;41;35;25;33;32;33;35;36;36;3;30,2.4442670110147446e-12,6.252776074688882e-13,0.0,0,0,0
2025-02-15,H48,0,00:00,2025-02-14,48.0,6,26055.924451996325,0.0,0.0,0.0,0.0,0.0,77790.51866473096,0.08428020000008019,0.0,1,1,fallback_q80_q20,42;36;32;37;39;31;41;38;16;35;34;14;41;20;38;16;38;38;19;6;18;36;38;34;39;27;42;31;32;32,1.1368683772161603e-12,2.2737367544323206e-13,0.0,0,0,0
2025-02-15,H48,36,06:00,2025-02-14,48.0,6,666.134894183481,1261.3515156566177,595.2166214731367,0.0,774.0176577017139,2213.115713971082,64551.40940821489,0.08377160000009098,0.0,1,1,fallback_q80_q20,4;34;35;32;30;6;42;26;4;39;42;5;24;18;36;36;24;28;38;31;2;31;37;25;21;25;6;38;9;16,9.094947017729282e-13,2.2737367544323206e-13,0.0,0,0,0
2025-02-15,H48,72,12:00,2025-02-14,48.0,6,-1070.2492435817394,0.0,1070.2492435817394,0.0,0.0,3221.2406077056758,71501.80089362043,0.11760590000005777,0.0,1,1,fallback_q80_q20,18;12;27;28;3;40;38;39;8;34;13;41;34;41;5;26;30;6;4;30;40;42;41;8;15;22;17;4;38;32,1.0231815394945443e-12,2.2737367544323206e-13,0.0,0,0,0
2025-02-15,H48,108,18:00,2025-02-14,48.0,6,-79.977651710314,0.0,79.977651710314,0.0,0.0,169.17551784599164,82597.51164538563,0.08998990000009144,0.0,1,1,fallback_q80_q20,42;27;11;38;25;40;25;27;26;2;20;4;27;32;38;22;38;41;23;36;38;39;18;19;12;4;27;32;36;38,9.094947017729282e-13,2.2737367544323206e-13,0.0,0,0,0
2025-02-16,H48,0,00:00,2025-02-15,48.0,6,54867.34790253974,0.0,0.0,0.0,0.0,0.0,109839.99075052956,0.07175019999999677,0.0,1,1,fallback_q80_q20,24;25;22;17;26;5;38;25;43;43;23;29;31;43;43;9;29;8;37;27;6;25;31;32;15;7;18;6;5;22,1.0231815394945443e-12,2.2737367544323206e-13,0.0,0,0,0
2025-02-16,H48,36,06:00,2025-02-15,48.0,6,-2413.217190291199,48.09139759572744,2461.3085878869265,0.0,34.223881010338346,6910.131350519873,61340.52306978478,0.06465330000003178,0.0,1,1,fallback_q80_q20,16;9;1;34;21;35;19;38;34;32;29;17;21;19;43;38;25;16;25;42;4;27;8;39;30;39;24;16;43;25,9.094947017729282e-13,2.2737367544323206e-13,0.0,0,0,0
2025-02-16,H48,72,12:00,2025-02-15,48.0,6,1124.3428627869002,1211.0456528252623,86.70279003836207,0.0,803.9839819893778,302.4023672050016,74479.1995321433,0.07667289999994864,0.0,1,1,fallback_q80_q20,30;13;4;35;35;2;35;13;19;28;16;33;14;21;30;25;34;21;21;32;13;18;12;39;3;39;43;27;39;4,1.9326762412674725e-12,2.2737367544323206e-13,0.0,0,0,0
2025-02-16,H48,108,18:00,2025-02-15,48.0,6,2143.6600148445154,2143.6600148445154,0.0,0.0,1172.2167210385255,0.0,90820.98192996542,0.07484890000000632,0.0,1,1,fallback_q80_q20,39;36;24;17;7;38;39;7;43;1;16;42;3;39;16;18;31;29;36;34;6;30;38;7;33;2;12;9;14;37,9.094947017729282e-13,6.821210263296962e-13,0.0,0,0,0
2025-02-17,H48,0,00:00,2025-02-16,48.0,6,54472.16708450648,0.0,0.0,0.0,0.0,0.0,105560.83824802417,0.0649990000000571,0.0,1,1,fallback_q80_q20,30;40;42;41;20;41;42;42;8;8;31;44;35;42;42;35;17;37;33;44;40;44;6;23;39;19;35;40;42;41,8.242295734817162e-13,2.2737367544323206e-13,0.0,0,0,0
2025-02-17,H48,36,06:00,2025-02-16,48.0,6,-1690.3486453103562,651.9897861332281,2342.3384314435843,0.0,451.29824568666385,7170.710308855932,65917.50443589607,0.07470419999992828,0.0,1,1,fallback_q80_q20,32;35;39;42;12;10;9;38;17;3;22;44;30;33;28;22;27;37;35;42;10;32;41;44;7;19;27;7;17;26,9.094947017729282e-13,2.2737367544323206e-13,0.0,0,0,0
2025-02-17,H48,72,12:00,2025-02-16,48.0,6,-1133.452322496609,68.54527782228647,1201.9976003188954,0.0,42.05494581987011,4022.5404079603886,71152.81772011839,0.080346899999995,0.0,1,1,fallback_q80_q20,24;44;15;42;21;12;41;33;44;39;30;37;28;41;37;28;35;40;40;43;41;42;4;36;33;38;8;29;37;29,9.094947017729282e-13,2.2737367544323206e-13,0.0,0,0,0
2025-02-17,H48,108,18:00,2025-02-16,48.0,6,864.9960629978042,864.9960629978042,0.0,0.0,478.07222615036704,0.0,86170.54478869165,0.07547260000001188,0.0,1,1,fallback_q80_q20,41;11;27;36;31;27;8;20;26;2;34;35;27;14;12;43;30;23;6;44;39;24;42;20;36;24;4;35;34;43,1.0231815394945443e-12,2.2737367544323206e-13,0.0,0,0,0
2025-02-18,H48,0,00:00,2025-02-17,48.0,6,48699.68573555724,0.0,0.0,0.0,0.0,0.0,104557.9977744403,0.08581409999999323,0.0,1,1,fallback_q80_q20,45;39;16;45;45;44;38;45;38;38;40;14;40;43;3;44;39;20;15;10;9;33;42;43;41;43;42;44;13;25,8.526512829121202e-13,2.2737367544323206e-13,0.0,0,0,0
2025-02-18,H48,36,06:00,2025-02-17,48.0,6,1017.3826105926139,1048.5931631983851,31.210552605771266,0.0,1302.7297953892944,124.97151168119444,66897.72084585024,0.08516950000000634,0.0,1,1,fallback_q80_q20,37;24;31;38;28;27;38;25;31;43;40;31;43;33;43;43;41;42;23;45;44;29;20;27;35;21;40;7;45;20,8.988365607365267e-13,2.2737367544323206e-13,0.0,0,0,0
2025-02-18,H48,72,12:00,2025-02-17,48.0,6,526.7526422897153,947.5025344211592,420.74989213144397,0.0,909.3617718670097,1655.1407245667,78896.54937878683,0.07460650000007263,0.0,1,1,fallback_q80_q20,22;14;34;31;38;1;1;40;41;15;40;26;9;27;40;36;37;40;41;23;24;18;33;23;23;16;1;5;31;41,8.526512829121202e-13,2.2737367544323206e-13,0.0,0,0,0
2025-02-18,H48,108,18:00,2025-02-17,48.0,6,1194.3178162113568,1194.3178162113568,0.0,0.0,663.6392660373383,0.0,94815.22683904378,0.07991159999994579,0.0,1,1,fallback_q80_q20,4;3;33;10;29;14;37;3;38;11;37;37;20;35;37;16;27;44;44;40;32;44;43;14;40;3;38;42;2;14,1.2505552149377763e-12,2.2737367544323206e-13,0.0,0,0,0
2025-02-19,H48,0,00:00,2025-02-18,48.0,6,48836.8172007534,0.0,0.0,0.0,0.0,0.0,102781.56396570601,0.08064050000007228,0.0,1,1,fallback_q80_q20,33;40;30;43;25;45;44;38;39;6;40;10;46;2;45;43;31;40;37;34;38;45;20;45;42;1;44;35;28;44,1.0231815394945443e-12,2.2737367544323206e-13,0.0,0,0,0
2025-02-19,H48,36,06:00,2025-02-18,48.0,6,6.672222782496988,417.5912945948812,410.91907181238423,0.0,281.58737494534194,1288.2443821919237,65228.658359586065,0.08215139999992971,0.0,1,1,fallback_q80_q20,31;45;28;33;41;42;41;41;40;43;40;42;45;17;27;31;27;17;26;18;40;19;23;7;42;45;45;33;38;18,9.094947017729282e-13,2.2737367544323206e-13,0.0,0,0,0
2025-02-19,H48,72,12:00,2025-02-18,48.0,6,2347.0521272397123,2354.131054127077,7.078926887364485,0.0,2100.56149054406,33.64747442026464,74263.56837700639,0.07108189999996739,0.0,1,1,fallback_q80_q20,33;26;44;20;26;20;44;24;23;6;8;34;33;32;32;12;23;38;6;7;16;30;24;3;44;44;36;34;44;35,3.296918293926865e-12,2.2737367544323206e-13,0.0,0,0,0
2025-02-19,H48,108,18:00,2025-02-18,48.0,6,1016.4711707872455,1016.4711707872455,0.0,0.0,555.7579644112419,0.0,83579.01299316745,0.08342930000003435,0.0,1,1,fallback_q80_q20,43;29;40;13;32;37;41;34;5;36;7;20;27;21;29;44;5;14;43;41;40;39;26;13;21;19;30;4;40;45,9.094947017729282e-13,6.821210263296962e-13,0.0,0,0,0
2025-02-20,H48,0,00:00,2025-02-19,48.0,6,50896.32699897223,0.0,0.0,0.0,0.0,0.0,78467.09299251196,0.07240670000010141,0.0,1,1,fallback_q80_q20,30;47;37;28;26;16;44;28;42;32;7;46;13;36;42;40;22;41;12;42;16;10;33;2;24;22;47;6;43;34,9.094947017729282e-13,2.2737367544323206e-13,0.0,0,0,0
2025-02-20,H48,36,06:00,2025-02-19,48.0,6,1022.3820066819916,1551.460511642161,529.0785049601694,0.0,1214.1624318531458,1835.9435158903993,37891.33549223128,0.09855479999998806,0.0,1,1,fallback_q80_q20,31;18;47;44;26;47;44;14;10;25;21;37;21;15;34;26;40;22;17;44;44;47;37;35;41;15;47;27;15;28,9.094947017729282e-13,2.2737367544323206e-13,0.0,0,0,0
2025-02-20,H48,72,12:00,2025-02-19,48.0,6,-101.49262463703894,596.9644985778024,698.4571232148413,0.0,345.1493770896821,2153.2997879213926,38703.35841838217,0.08571050000000469,0.0,1,1,fallback_q80_q20,36;44;32;43;44;10;47;40;45;16;18;35;29;40;28;42;20;11;18;30;23;42;44;27;6;16;47;34;17;30,1.0231815394945443e-12,2.2737367544323206e-13,0.0,0,0,0
2025-02-20,H48,108,18:00,2025-02-19,48.0,6,237.01987916301192,249.99225926679998,12.972380103788065,0.0,130.4292419670718,27.912675056831176,47382.32062734279,0.07967459999997573,0.0,1,1,fallback_q80_q20,4;47;30;6;35;10;43;17;43;38;46;13;47;34;9;10;22;22;47;47;9;41;23;42;28;13;24;34;31;1,1.0231815394945443e-12,2.2737367544323206e-13,0.0,0,0,0
2025-02-21,H48,0,00:00,2025-02-20,48.0,6,26625.15663009836,0.0,0.0,0.0,0.0,0.0,51696.89948132009,0.08187410000005002,0.0,1,1,fallback_q80_q20,44;4;47;20;47;31;36;41;42;46;36;41;20;26;37;34;43;36;35;17;48;36;44;47;46;32;34;32;38;48,7.389644451905042e-13,1.1368683772161603e-13,0.0,0,0,0
2025-02-21,H48,36,06:00,2025-02-20,48.0,6,2423.585973385754,2447.0828327972513,23.496859411497088,0.0,2551.4816217237185,101.66282744231773,36427.506788663006,0.07954259999996793,0.0,1,1,fallback_q80_q20,22;32;44;2;18;26;43;40;46;4;35;44;15;37;37;42;38;48;37;21;21;45;46;39;16;39;48;31;21;31,9.094947017729282e-13,2.2737367544323206e-13,0.0,0,0,0
2025-02-21,H48,72,12:00,2025-02-20,48.0,6,-1514.2335567755922,0.0,1514.2335567755922,0.0,0.0,4293.112138910138,36352.59994206948,0.0830754999999499,0.0,1,1,fallback_q80_q20,16;45;46;29;41;22;46;8;48;26;43;6;34;45;23;21;27;43;42;46;36;30;33;33;28;1;32;44;15;2,9.094947017729282e-13,2.2737367544323206e-13,0.0,0,0,0
2025-02-21,H48,108,18:00,2025-02-20,48.0,6,-556.7450428791807,0.0,556.7450428791807,0.0,0.0,1285.241284154838,37570.43171382907,0.07893979999994372,0.0,1,1,fallback_q80_q20,43;30;19;45;13;36;47;27;20;31;48;41;7;41;43;40;36;43;41;1;43;21;42;8;29;4;26;42;7;41,9.094947017729282e-13,2.2737367544323206e-13,0.0,0,0,0
2025-02-22,H48,0,00:00,2025-02-21,48.0,6,23031.21941271273,0.0,0.0,0.0,0.0,0.0,73339.39143803326,0.07429880000006506,0.0,1,1,fallback_q80_q20,44;35;25;30;30;8;11;48;37;49;45;42;49;46;45;24;47;30;10;7;24;32;33;5;2;34;40;38;37;34,1.0231815394945443e-12,2.2737367544323206e-13,0.0,0,0,0
2025-02-22,H48,36,06:00,2025-02-21,48.0,6,1588.7342771138754,1597.3795419558073,8.6452648419319,0.0,1223.848017880871,41.00315316181786,62176.8597921243,0.07805369999994127,0.0,1,1,fallback_q80_q20,6;48;34;3;1;15;5;24;30;48;19;38;11;32;38;42;1;24;37;26;48;16;39;21;45;11;46;45;22;47,1.0231815394945443e-12,2.2737367544323206e-13,0.0,0,0,0
2025-02-22,H48,72,12:00,2025-02-21,48.0,6,-238.06209543476302,280.574541453062,518.636636887825,0.0,158.85816221828736,1884.2472962205493,63608.41330787254,0.10524090000001252,0.0,1,1,fallback_q80_q20,29;37;11;41;46;38;44;25;39;40;15;26;18;32;33;31;5;36;33;19;6;36;28;47;36;12;8;30;32;48,7.0912165028858e-12,2.2737367544323206e-13,0.0,0,0,0
2025-02-22,H48,108,18:00,2025-02-21,48.0,6,-375.35766586426735,0.0,375.35766586426735,0.0,0.0,698.1223231755924,80247.15247659177,0.0754481000000169,0.0,1,1,fallback_q80_q20,38;39;46;12;17;21;48;41;8;35;42;18;39;41;4;48;34;2;7;12;24;28;43;38;47;36;37;12;18;13,9.094947017729282e-13,2.2737367544323206e-13,0.0,0,0,0
2025-02-23,H48,0,00:00,2025-02-22,48.0,6,46430.174562425236,0.0,0.0,0.0,0.0,0.0,98934.86852144983,0.07179480000002059,0.0,1,1,fallback_q80_q20,41;46;37;50;6;3;38;8;30;42;32;7;48;22;38;42;32;45;38;23;31;46;43;12;47;39;49;33;38;19,7.958078640513122e-13,2.2737367544323206e-13,0.0,0,0,0
2025-02-23,H48,36,06:00,2025-02-22,48.0,6,4517.320459853953,4546.819689603239,29.499229749285732,0.0,3652.2938425673237,121.2999856869584,66992.45374325887,0.07607009999992442,0.0,1,1,fallback_q80_q20,27;45;42;9;40;43;32;31;29;31;45;27;50;31;31;40;45;32;24;14;11;11;39;31;9;39;50;32;11;45,9.094947017729282e-13,2.2737367544323206e-13,0.0,0,0,0
2025-02-23,H48,72,12:00,2025-02-22,48.0,6,-453.01493506410594,406.56074188254905,859.575676946655,0.0,237.647167308613,2377.7728932476457,68890.32446819344,0.10448730000007345,0.0,1,1,fallback_q80_q20,28;34;39;16;41;6;44;36;43;50;50;41;9;32;32;28;27;44;17;6;42;43;14;22;46;45;48;19;28;42,2.0250467969162855e-12,2.2737367544323206e-13,0.0,0,0,0
2025-02-23,H48,108,18:00,2025-02-22,48.0,6,1816.2109751289222,1816.2109751289222,0.0,0.0,1009.9977289954198,0.0,86881.19130444448,0.07721309999999448,0.0,1,1,fallback_q80_q20,9;46;30;33;41;32;20;23;34;33;25;14;26;17;46;24;43;13;13;14;21;46;45;45;31;2;50;45;35;48,1.0231815394945443e-12,2.2737367544323206e-13,0.0,0,0,0
2025-02-24,H48,0,00:00,2025-02-23,48.0,6,51863.02776346382,0.0,0.0,0.0,0.0,0.0,103237.04891002901,0.07826729999999316,0.0,1,1,fallback_q80_q20,19;24;48;48;32;20;51;48;19;27;51;15;51;37;51;4;27;5;50;43;46;44;10;39;11;20;45;42;23;6,9.094947017729282e-13,2.2737367544323206e-13,0.0,0,0,0
2025-02-24,H48,36,06:00,2025-02-23,48.0,6,-1508.214252235242,0.0,1508.214252235242,0.0,0.0,3328.0702595991556,58778.947343732885,0.07851950000008401,0.0,1,1,fallback_q80_q20,45;51;49;51;22;36;40;51;33;36;45;16;20;50;50;39;33;48;41;28;19;19;49;34;47;6;30;43;44;34,9.094947017729282e-13,2.2737367544323206e-13,0.0,0,0,0
2025-02-24,H48,72,12:00,2025-02-23,48.0,6,98.73000037797078,791.7816774329765,693.0516770550057,0.0,504.0116727138971,2560.740462171715,68833.85530504791,0.09728570000004311,0.0,1,1,fallback_q80_q20,22;30;51;47;49;9;12;41;29;41;39;42;20;48;45;38;37;48;49;43;27;35;23;48;48;36;43;23;39;42,8.171241461241152e-13,2.2737367544323206e-13,0.0,0,0,0
2025-02-24,H48,108,18:00,2025-02-23,48.0,6,778.215940634689,778.215940634689,0.0,0.0,425.30750817608254,0.0,83053.34593581445,0.08355349999999362,0.0,1,1,fallback_q80_q20,51;14;7;27;40;10;8;13;1;38;39;40;50;8;33;44;40;37;50;48;11;51;48;3;8;27;16;25;22;19,1.0231815394945443e-12,2.2737367544323206e-13,0.0,0,0,0
2025-02-25,H48,0,00:00,2025-02-24,48.0,6,49856.00975887797,0.0,0.0,0.0,0.0,0.0,102426.73553328238,0.1103114000000005,0.0,1,1,fallback_q80_q20,25;1;48;24;49;1;51;52;41;36;32;17;44;44;52;33;47;31;52;7;39;15;44;26;28;16;23;51;44;33,8.526512829121202e-13,2.2737367544323206e-13,0.0,0,0,0
2025-02-25,H48,36,06:00,2025-02-24,48.0,6,-667.1426068232406,772.8314941266274,1439.974100949868,0.0,640.6969981925188,3801.3344567704376,59640.58527171063,0.09383700000000772,0.0,1,1,fallback_q80_q20,48;26;48;15;1;51;31;15;34;45;51;48;29;50;49;44;45;47;30;41;50;16;28;49;47;15;15;50;50;21,1.2505552149377763e-12,2.2737367544323206e-13,0.0,0,0,0
2025-02-25,H48,72,12:00,2025-02-24,48.0,6,-979.5537091345091,483.1196707214158,1462.6733798559248,0.0,270.21285513752844,4868.17591062318,68915.16425905733,0.0758459999999559,0.0,1,1,fallback_q80_q20,40;45;45;41;25;15;43;23;19;49;49;35;40;26;37;3;44;51;50;49;40;9;32;19;26;52;34;41;26;43,1.0231815394945443e-12,2.2737367544323206e-13,0.0,0,0,0
2025-02-25,H48,108,18:00,2025-02-24,48.0,6,571.2732092738139,571.6744152149543,0.40120594114038394,0.0,315.5812310076475,2.0793259452727852,82133.32878046103,0.08477949999996781,0.0,1,1,fallback_q80_q20,47;4;32;50;47;22;41;37;50;46;47;47;40;49;47;1;52;43;26;25;23;23;10;46;35;36;37;33;40;31,9.094947017729282e-13,2.2737367544323206e-13,0.0,0,0,0
2025-02-26,H48,0,00:00,2025-02-25,48.0,6,45295.41960611232,0.0,0.0,0.0,0.0,0.0,94560.12542153994,0.07724689999997736,0.0,1,1,fallback_q80_q20,34;51;23;23;21;41;45;45;6;11;15;30;34;41;20;38;42;44;49;19;52;49;40;41;37;49;50;23;48;33,8.171241461241152e-13,2.2737367544323206e-13,0.0,0,0,0
2025-02-26,H48,36,06:00,2025-02-25,48.0,6,7898.0116600654,7903.766377126547,5.754717061147285,0.0,6667.983184056222,27.416470038815078,67508.6333657126,0.08486249999998563,0.0,1,1,fallback_q80_q20,8;33;49;53;46;27;46;30;27;13;25;25;20;24;49;8;37;40;8;42;11;7;31;51;34;31;42;46;23;50,8.526512829121202e-13,2.2737367544323206e-13,0.0,0,0,0
2025-02-26,H48,72,12:00,2025-02-25,48.0,6,376.4598297566911,890.2985566998082,513.8387269431171,0.0,729.6856813753227,2065.286965452077,79870.83829759133,0.07964189999995597,0.0,1,1,fallback_q80_q20,33;49;48;46;2;6;46;4;50;35;30;18;42;52;42;25;41;29;24;32;20;35;38;12;3;51;42;31;26;31,9.094947017729282e-13,2.2737367544323206e-13,0.0,0,0,0
2025-02-26,H48,108,18:00,2025-02-25,48.0,6,-187.9467834238089,0.0,187.9467834238089,0.0,0.0,340.4213441318545,87441.39743024443,0.060271699999930206,0.0,1,1,fallback_q80_q20,51;43;37;37;16;50;41;50;37;44;48;8;29;5;38;33;30;44;7;15;36;44;32;29;50;28;45;44;40;35,9.094947017729282e-13,4.547473508864641e-13,0.0,0,0,0
2025-02-27,H48,0,00:00,2025-02-26,48.0,6,46310.62829589899,0.0,0.0,0.0,0.0,0.0,72110.92353162484,0.08523060000004534,0.0,1,1,fallback_q80_q20,47;48;49;49;20;29;46;47;54;10;9;33;19;31;26;43;18;50;26;47;16;48;53;42;12;36;36;20;44;54,9.094947017729282e-13,2.2737367544323206e-13,0.0,0,0,0
2025-02-27,H48,36,06:00,2025-02-26,48.0,6,1046.4089541920696,1154.7382545857113,108.32930039364179,0.0,1015.0588279279484,425.3928095040253,34994.88016447133,0.09472079999989091,0.0,1,1,fallback_q80_q20,54;29;43;54;50;51;13;22;27;51;32;51;6;50;48;29;19;54;18;42;49;34;35;38;7;44;33;50;44;7,9.094947017729282e-13,2.5579538487363607e-13,0.0,0,0,0
2025-02-27,H48,72,12:00,2025-02-26,48.0,6,-30.81315991264603,226.13735915551587,256.9505190681619,0.0,172.18788996994124,1027.2066804287776,35438.54137562883,0.08823849999998856,0.0,1,1,fallback_q80_q20,47;9;49;7;54;34;52;43;9;1;49;2;32;34;40;44;40;19;4;30;28;26;54;14;41;54;30;46;41;49,9.094947017729282e-13,2.2737367544323206e-13,0.0,0,0,0
2025-02-27,H48,108,18:00,2025-02-26,48.0,6,-57.40048558341677,0.0,57.40048558341677,0.0,0.0,96.85347667005834,43286.43556351418,0.10338879999994788,0.0,1,1,fallback_q80_q20,36;48;44;15;14;52;40;49;44;16;40;37;13;38;48;37;20;28;48;51;37;52;52;40;13;19;6;53;10;2,1.2505552149377763e-12,1.4210854715202004e-13,0.0,0,0,0
2025-02-28,H48,0,00:00,2025-02-27,48.0,6,24855.853260935073,0.0,0.0,0.0,0.0,0.0,49790.81002999338,0.10123959999998533,0.0,1,1,fallback_q80_q20,6;53;46;54;45;17;44;27;54;47;3;47;17;50;30;33;24;5;41;48;34;54;15;49;43;30;39;36;29;23,9.094947017729282e-13,1.1368683772161603e-13,0.0,0,0,0
2025-02-28,H48,36,06:00,2025-02-27,48.0,6,-237.78411603358646,0.0,237.78411603358646,0.0,0.0,481.44968864484906,30897.82469004398,0.0810470000000123,0.0,1,1,fallback_q80_q20,47;17;55;5;47;42;54;50;12;36;48;42;55;43;28;53;15;26;25;54;55;22;54;3;18;15;34;43;44;44,1.0231815394945443e-12,1.1368683772161603e-13,0.0,0,0,0
2025-02-28,H48,72,12:00,2025-02-27,48.0,6,-792.2397512091951,0.0,792.2397512091951,0.0,0.0,1877.2088168091998,32513.67096453139,0.084776799999986,0.0,1,1,fallback_q80_q20,54;51;54;25;43;55;17;52;27;4;33;43;9;43;21;31;44;41;25;53;42;55;24;44;33;28;50;50;55;9,9.094947017729282e-13,1.1368683772161603e-13,0.0,0,0,0
2025-02-28,H48,108,18:00,2025-02-27,48.0,6,-545.8419382144644,0.0,545.8419382144644,0.0,0.0,1226.6411901106812,37732.16048402194,0.08172409999997399,0.0,1,1,fallback_q80_q20,29;47;18;51;19;39;48;35;48;1;28;44;47;25;52;49;24;47;29;54;51;41;49;41;30;16;39;18;23;54,9.094947017729282e-13,1.1368683772161603e-13,0.0,0,0,0
2025-03-01,H48,0,00:00,2025-02-28,48.0,6,27702.77696236813,0.0,0.0,0.0,0.0,0.0,75389.21630997038,0.10656940000001214,0.0,1,1,fallback_q80_q20,54;56;10;28;16;45;50;4;55;41;29;39;46;8;53;38;24;39;31;11;47;37;6;19;52;27;53;51;16;4,9.094947017729282e-13,2.2737367544323206e-13,0.0,0,0,0
2025-03-01,H48,36,06:00,2025-02-28,48.0,6,-2747.4590779807036,0.0,2747.4590779807036,0.0,0.0,9586.710688182606,52599.90614712834,0.10801870000000235,0.0,1,1,fallback_q80_q20,40;56;30;26;37;13;3;33;28;42;47;33;35;18;12;44;7;55;56;7;10;19;35;47;53;26;5;44;32;25,1.8189894035458565e-12,2.2737367544323206e-13,0.0,0,0,0
2025-03-01,H48,72,12:00,2025-02-28,48.0,6,818.4051128762882,821.667532028346,3.262419152057895,0.0,594.6953262518384,16.320985356828032,60559.36912620016,0.08524209999995946,0.0,1,1,fallback_q80_q20,51;12;11;51;1;34;46;46;48;37;10;53;21;17;56;52;47;11;18;16;37;39;52;35;45;27;25;53;44;27,3.282707439211663e-12,2.2737367544323206e-13,0.0,0,0,0
2025-03-01,H48,108,18:00,2025-02-28,48.0,6,-457.6847667710713,0.0,457.6847667710713,0.0,0.0,932.7723935876179,75603.93730416942,0.1278340000000071,0.0,1,1,fallback_q80_q20,15;7;3;3;50;33;43;19;44;53;51;54;42;2;35;38;49;52;4;55;44;21;19;29;25;34;51;32;8;52,9.094947017729282e-13,2.2737367544323206e-13,0.0,0,0,0
2025-03-02,H48,0,00:00,2025-03-01,48.0,6,50710.19252492197,0.0,0.0,0.0,0.0,0.0,100965.83258339,0.07205190000001949,0.0,1,1,fallback_q80_q20,7;52;4;31;10;27;57;46;42;39;23;52;37;45;11;57;5;25;39;53;51;57;43;52;43;55;8;50;47;57,9.094947017729282e-13,2.2737367544323206e-13,0.0,0,0,0
2025-03-02,H48,36,06:00,2025-03-01,48.0,6,-1019.6939993390054,0.0,1019.6939993390054,0.0,0.0,2530.9058276923124,59354.56372581841,0.10970300000008137,0.0,1,1,fallback_q80_q20,4;52;52;38;21;32;54;33;29;40;41;28;53;1;20;52;32;42;7;38;6;57;37;54;47;55;46;10;41;37,9.094947017729282e-13,2.2737367544323206e-13,0.0,0,0,0
2025-03-02,H48,72,12:00,2025-03-01,48.0,6,668.6340191448112,1140.2227232777732,471.588704132962,0.0,838.4606603406148,1738.836674414588,75877.58032376351,0.07479559999990215,0.0,1,1,fallback_q80_q20,44;48;9;7;4;53;17;45;46;53;41;40;41;47;25;50;52;34;49;52;45;15;36;3;52;36;32;27;55;44,8.100187187665142e-13,2.2737367544323206e-13,0.0,0,0,0
2025-03-02,H48,108,18:00,2025-03-01,48.0,6,2440.3623043110165,2440.3623043110165,0.0,0.0,1349.6794317860754,0.0,87224.4680999766,0.080814700000019,0.0,1,1,fallback_q80_q20,44;38;56;41;55;54;52;42;29;11;52;52;18;45;9;31;17;26;39;45;27;30;52;52;33;52;52;53;42;38,9.094947017729282e-13,6.821210263296962e-13,0.0,0,0,0
2025-03-03,H48,0,00:00,2025-03-02,48.0,6,53632.60748089163,0.0,0.0,0.0,0.0,0.0,101634.95142202196,0.07960290000005443,0.0,1,1,fallback_q80_q20,29;15;55;49;56;36;22;17;1;9;31;56;57;28;55;34;32;57;57;15;54;34;55;45;3;15;50;26;8;56,9.094947017729282e-13,2.2737367544323206e-13,0.0,0,0,0
2025-03-03,H48,36,06:00,2025-03-02,48.0,6,-1442.805512643851,1065.0696763335984,2507.8751889774494,0.0,803.1207127206662,7416.633041137862,57656.164063508295,0.07819480000000567,0.0,1,1,fallback_q80_q20,11;2;58;12;31;47;36;36;46;55;47;21;20;1;56;56;49;33;34;25;54;57;55;28;7;43;33;2;33;36,9.094947017729282e-13,2.2737367544323206e-13,0.0,0,0,0
2025-03-03,H48,72,12:00,2025-03-02,48.0,6,-335.3378268971074,32.89730914143798,368.23513603854536,0.0,17.026270807876188,1124.8681942708154,70250.98399709196,0.0808659000000489,0.0,1,1,fallback_q80_q20,56;57;41;20;18;55;47;54;55;30;12;29;55;28;26;54;33;38;21;14;2;54;20;19;47;55;46;27;55;37,8.206768598029157e-13,2.2737367544323206e-13,0.0,0,0,0
2025-03-03,H48,108,18:00,2025-03-02,48.0,6,589.7934154654353,590.5045739824882,0.7111585170529198,0.0,323.26957327938135,3.397795112531867,80569.60788800803,0.08433860000002369,0.0,1,1,fallback_q80_q20,49;9;43;54;27;4;52;16;13;15;50;43;42;51;41;50;6;24;56;50;7;53;50;53;50;50;34;42;10;49,8.526512829121202e-13,2.2737367544323206e-13,0.0,0,0,0
2025-03-04,H48,0,00:00,2025-03-03,48.0,6,47721.96253810227,0.0,0.0,0.0,0.0,0.0,96695.71985095102,0.07769460000008621,0.0,1,1,fallback_q80_q20,51;49;21;54;25;54;24;47;37;43;40;26;55;58;56;27;40;14;15;55;48;33;40;21;43;43;13;1;24;33,9.094947017729282e-13,2.2737367544323206e-13,0.0,0,0,0
2025-03-04,H48,36,06:00,2025-03-03,48.0,6,2201.6556074846635,2222.1745476560636,20.51894017139997,0.0,2228.8251982033003,61.728853038702255,64377.4248482087,0.08182739999995192,0.0,1,1,fallback_q80_q20,59;23;49;24;36;46;13;24;47;58;4;55;58;25;9;33;40;27;59;49;59;37;32;44;50;58;22;29;49;54,1.2505552149377763e-12,2.2737367544323206e-13,0.0,0,0,0
2025-03-04,H48,72,12:00,2025-03-03,48.0,6,-1105.1544569649757,0.0,1105.1544569649757,0.0,0.0,3840.759010050356,66612.18449919418,0.09295370000006642,0.0,1,1,fallback_q80_q20,50;42;44;42;55;54;29;30;54;57;56;51;50;41;54;59;59;13;33;29;40;40;47;58;25;44;54;5;43;7,9.094947017729282e-13,2.2737367544323206e-13,0.0,0,0,0
2025-03-04,H48,108,18:00,2025-03-03,48.0,6,1283.8785716410398,1283.8785716410398,0.0,0.0,710.1364635992616,0.0,84931.18754251392,0.05350569999995969,0.0,1,1,fallback_q80_q20,50;27;42;45;11;38;55;28;37;34;14;30;56;56;29;39;52;55;57;25;55;11;11;46;57;55;58;49;32;37,9.094947017729282e-13,2.2737367544323206e-13,0.0,0,0,0
2025-03-05,H48,0,00:00,2025-03-04,48.0,6,50380.44193201915,0.0,0.0,0.0,0.0,0.0,103588.43717474831,0.07304750000002969,0.0,1,1,fallback_q80_q20,56;9;59;43;40;38;48;25;13;17;36;32;39;13;17;45;29;3;51;52;21;52;42;15;59;41;57;43;22;58,9.094947017729282e-13,2.2737367544323206e-13,0.0,0,0,0
2025-03-05,H48,36,06:00,2025-03-04,48.0,6,-983.8731228008936,319.04782562571734,1302.920948426611,0.0,218.3662087468859,3740.7814079484056,60839.94828956754,0.08646939999994174,0.0,1,1,fallback_q80_q20,54;24;55;46;56;45;3;52;34;25;19;30;49;43;12;35;48;27;55;45;57;58;55;27;6;6;52;49;58;16,9.094947017729282e-13,2.2737367544323206e-13,0.0,0,0,0
2025-03-05,H48,72,12:00,2025-03-04,48.0,6,-1912.8112780279732,0.0,1912.8112780279732,0.0,0.0,5843.872652982774,71780.3791462014,0.05580320000001393,0.0,1,1,fallback_q80_q20,51;48;55;59;24;17;55;40;51;7;8;39;15;41;1;35;59;50;56;43;30;27;50;58;59;19;17;9;17;48,9.094947017729282e-13,2.2737367544323206e-13,0.0,0,0,0
2025-03-05,H48,108,18:00,2025-03-04,48.0,6,1322.4261238897336,1322.7185876037481,0.2924637140143998,0.0,728.7554159394017,1.3860839526748805,85331.59594273168,0.06764570000007097,0.0,1,1,fallback_q80_q20,56;48;44;33;53;60;50;50;54;10;53;55;31;44;38;21;38;54;54;19;51;41;23;27;24;58;56;53;31;57,7.958078640513122e-13,2.2737367544323206e-13,0.0,0,0,0
2025-03-06,H48,0,00:00,2025-03-05,48.0,6,47512.431042287724,0.0,0.0,0.0,0.0,0.0,73541.10022298628,0.07553169999994225,0.0,1,1,fallback_q80_q20,61;41;49;48;10;39;58;57;41;26;54;4;19;49;37;56;52;55;61;35;49;12;38;41;50;43;61;61;55;53,1.0231815394945443e-12,2.2737367544323206e-13,0.0,0,0,0
2025-03-06,H48,36,06:00,2025-03-05,48.0,6,-562.801746109272,0.0,562.801746109272,0.0,0.0,1504.6714749446803,36159.25849442249,0.08961750000003121,0.0,1,1,fallback_q80_q20,42;44;38;24;28;61;50;54;27;58;17;59;30;50;35;61;52;56;5;51;59;48;56;1;45;27;39;61;37;34,9.094947017729282e-13,2.2737367544323206e-13,0.0,0,0,0
2025-03-06,H48,72,12:00,2025-03-05,48.0,6,-371.3252915216534,180.3001830056443,551.6254745272977,0.0,99.35132280004916,2118.180176885582,33373.70873748779,0.09456039999997756,0.0,1,1,fallback_q80_q20,6;56;58;55;47;41;49;26;31;2;16;26;39;49;41;47;43;17;26;44;60;44;40;55;61;51;61;32;41;34,9.094947017729282e-13,2.2737367544323206e-13,0.0,0,0,0
2025-03-06,H48,108,18:00,2025-03-05,48.0,6,1643.394052046644,1643.394052046644,0.0,0.0,915.1850184264152,0.0,42979.98314491075,0.08448730000009164,0.0,1,1,fallback_q80_q20,45;41;47;61;56;43;61;26;55;41;56;61;28;44;27;58;56;54;4;55;54;54;51;25;36;57;25;58;52;46,9.094947017729282e-13,2.2737367544323206e-13,0.0,0,0,0
2025-03-07,H48,0,00:00,2025-03-06,48.0,6,28674.137582745876,0.0,0.0,0.0,0.0,0.0,53143.81521593249,0.09786950000000161,0.0,1,1,fallback_q80_q20,30;49;50;22;52;25;58;44;58;11;34;61;25;57;14;17;10;56;27;56;15;5;61;59;38;57;6;16;52;21,9.094947017729282e-13,2.2737367544323206e-13,0.0,0,0,0
2025-03-07,H48,36,06:00,2025-03-06,48.0,6,-2608.371061301776,0.0,2608.371061301776,0.0,0.0,8330.108137855248,28340.820791766007,0.10238729999991847,0.0,1,1,fallback_q80_q20,36;47;62;47;49;45;24;59;24;58;58;51;42;19;28;54;38;35;48;62;42;39;37;30;61;37;22;54;7;44,9.094947017729282e-13,1.1368683772161603e-13,0.0,0,0,0
2025-03-07,H48,72,12:00,2025-03-06,48.0,6,-149.80318427199197,0.0,149.80318427199197,0.0,0.0,354.1573627588591,34547.90611306057,0.07408720000000812,0.0,1,1,fallback_q80_q20,54;34;16;38;32;12;26;5;12;53;55;59;48;35;57;32;60;60;20;33;13;59;20;36;26;60;49;12;51;12,9.094947017729282e-13,2.2737367544323206e-13,0.0,0,0,0
2025-03-07,H48,108,18:00,2025-03-06,48.0,6,-807.4449228803401,0.0,807.4449228803401,0.0,0.0,1700.2284395495988,31651.17005424433,0.07525250000003325,0.0,1,1,fallback_q80_q20,58;47;19;40;40;58;53;24;6;6;58;18;52;39;32;30;7;61;49;55;50;61;61;59;28;36;10;27;47;32,8.526512829121202e-13,1.1368683772161603e-13,0.0,0,0,0
2025-03-08,H48,0,00:00,2025-03-07,48.0,6,20004.03889510902,0.0,0.0,0.0,0.0,0.0,64670.35682057524,0.0853533999999172,0.0,1,1,fallback_q80_q20,11;36;60;47;53;41;60;59;50;54;60;9;37;62;63;62;36;44;37;43;62;20;38;39;17;42;3;63;36;44,1.0231815394945443e-12,2.2737367544323206e-13,0.0,0,0,0
2025-03-08,H48,36,06:00,2025-03-07,48.0,6,891.7953925863467,935.9683270655419,44.172934479195185,0.0,675.5751494668374,122.05386310764894,55127.24515557063,0.17959940000002916,0.0,1,1,fallback_q80_q20,46;43;48;27;43;42;38;60;60;59;32;35;45;60;60;45;16;54;46;52;10;16;40;7;53;59;44;44;46;32,9.094947017729282e-13,2.3305801732931286e-12,0.0,0,0,0
2025-03-08,H48,72,12:00,2025-03-07,48.0,6,-142.54062748274038,0.0,142.54062748274038,0.0,0.0,248.49657414207218,61364.369468816425,0.08820790000004308,0.0,1,1,fallback_q80_q20,30;60;40;31;32;40;48;60;31;45;27;3;52;21;47;51;53;46;22;59;57;10;32;46;39;8;60;53;49;60,1.3073986337985843e-12,2.2737367544323206e-13,0.0,0,0,0
2025-03-08,H48,108,18:00,2025-03-07,48.0,6,-383.5559304703131,0.0,383.5559304703131,0.0,0.0,724.8528182079068,66393.1372788449,0.07854090000000724,0.0,1,1,fallback_q80_q20,56;51;62;55;30;19;32;11;58;37;59;18;60;54;62;43;52;49;61;51;63;61;25;52;25;3;57;45;53;57,1.2505552149377763e-12,2.2737367544323206e-13,0.0,0,0,0
2025-03-09,H48,0,00:00,2025-03-08,48.0,6,43921.99414141571,0.0,0.0,0.0,0.0,0.0,95296.52103479103,0.07233630000007452,0.0,1,1,fallback_q80_q20,48;56;49;32;49;23;53;49;54;35;39;38;33;42;61;60;47;58;59;45;32;17;17;53;58;10;46;37;17;57,9.094947017729282e-13,2.2737367544323206e-13,0.0,0,0,0
2025-03-09,H48,36,06:00,2025-03-08,48.0,6,-3144.8221814617464,0.0,3144.8221814617464,0.0,0.0,10087.239733998857,60600.573093798754,0.0793856999999889,0.0,1,1,fallback_q80_q20,37;3;49;45;57;19;18;42;60;59;46;10;33;35;57;59;38;37;51;55;45;46;3;38;57;58;56;59;60;17,1.0231815394945443e-12,2.2737367544323206e-13,0.0,0,0,0
2025-03-09,H48,72,12:00,2025-03-08,48.0,6,5640.393037035196,5640.393037035196,0.0,0.0,4944.197035207519,0.0,75667.92798059451,0.08596590000001925,0.0,1,1,fallback_q80_q20,41;9;10;53;31;8;62;43;57;3;56;58;29;62;11;10;13;56;55;52;63;49;53;14;64;7;52;4;59;45,9.094947017729282e-13,2.2737367544323206e-13,0.0,0,0,0
2025-03-09,H48,108,18:00,2025-03-08,48.0,6,2059.1872575727584,2059.1872575727584,0.0,0.0,1145.8552346341212,0.0,92812.74440683056,0.03371500000002925,1.5678789934904568e-16,1,1,fallback_q80_q20,64;25;21;29;63;57;32;37;14;4;60;38;25;57;61;41;35;51;48;47;50;51;52;63;55;27;30;8;12;16,9.094947017729282e-13,9.094947017729282e-13,0.0,0,0,0
2025-03-10,H48,0,00:00,2025-03-09,48.0,6,45860.12563818222,0.0,0.0,0.0,0.0,0.0,92918.48886217743,0.09166160000006585,0.0,1,1,fallback_q80_q20,46;41;28;14;62;63;62;61;64;62;64;28;64;46;64;65;57;28;58;65;52;49;50;19;24;65;61;2;17;38,9.094947017729282e-13,2.2737367544323206e-13,0.0,0,0,0
2025-03-10,H48,36,06:00,2025-03-09,48.0,6,3954.89585545702,4012.1198804679384,57.22402501091861,0.0,3286.1931457886235,175.37793633240813,60849.89505628202,0.1206801999999243,0.0,1,1,fallback_q80_q20,60;54;58;39;62;49;62;65;50;56;59;62;63;61;18;57;6;31;33;65;25;29;50;53;58;65;12;55;63;37,9.094947017729282e-13,2.2737367544323206e-13,0.0,0,0,0
2025-03-10,H48,72,12:00,2025-03-09,48.0,6,-847.6528172566393,0.0,847.6528172566393,0.0,0.0,2628.6657011586694,61509.71702981424,0.10495210000010502,0.0,1,1,fallback_q80_q20,19;34;56;21;63;63;30;63;39;57;8;26;62;63;33;8;63;50;61;7;59;51;57;44;62;44;36;42;27;65,1.2505552149377763e-12,2.2737367544323206e-13,0.0,0,0,0
2025-03-10,H48,108,18:00,2025-03-09,48.0,6,711.5055884623807,712.5135679579253,1.007979495544539,0.0,402.43400774028254,4.753499153711573,86808.97059303932,0.0811238000000003,0.0,1,1,fallback_q80_q20,26;41;12;35;64;24;49;61;48;64;55;34;56;54;20;58;65;50;61;12;65;23;61;6;31;46;62;56;32;29,8.759659664292485e-13,2.2737367544323206e-13,0.0,0,0,0
2025-03-11,H48,0,00:00,2025-03-10,48.0,6,41629.04353901083,0.0,0.0,0.0,0.0,0.0,87341.78303965874,0.08720660000005864,0.0,1,1,fallback_q80_q20,46;65;32;64;44;13;58;64;56;28;43;64;20;47;62;64;48;59;41;35;6;29;58;51;57;63;37;55;53;6,9.094947017729282e-13,2.2737367544323206e-13,0.0,0,0,0
2025-03-11,H48,36,06:00,2025-03-10,48.0,6,9997.811737681612,9997.811737681612,0.0,0.0,10258.057978051469,0.0,66504.2924383263,0.12708999999995285,0.0,1,1,fallback_q80_q20,59;63;33;29;54;56;46;25;33;42;53;29;26;48;61;29;44;62;42;39;49;58;60;48;5;50;27;50;49;18,8.384404281969182e-13,2.2737367544323206e-13,0.0,0,0,0
2025-03-11,H48,72,12:00,2025-03-10,48.0,6,-1648.9829051469233,0.0,1648.9829051469233,0.0,0.0,4875.759038614354,60981.00058784093,0.08299259999989772,0.0,1,1,fallback_q80_q20,64;22;5;42;57;12;54;65;42;27;64;51;47;65;25;14;22;26;48;65;49;42;61;33;52;58;63;29;52;15,9.094947017729282e-13,2.2737367544323206e-13,0.0,0,0,0
2025-03-11,H48,108,18:00,2025-03-10,48.0,6,917.284253497336,917.5547656300961,0.2705121327601176,0.0,503.9025402124859,1.2924612172007528,75231.70638013362,0.10932930000001306,0.0,1,1,fallback_q80_q20,51;48;40;15;29;59;66;54;51;65;29;6;46;66;12;43;14;13;59;9;21;62;22;57;18;42;57;46;63;39,9.094947017729282e-13,9.094947017729282e-13,0.0,0,0,0
2025-03-12,H48,0,00:00,2025-03-11,48.0,6,46060.68251780838,0.0,0.0,0.0,0.0,0.0,93342.61437134226,0.07236330000000635,0.0,1,1,fallback_q80_q20,66;41;33;41;56;65;38;66;63;8;58;15;59;34;16;66;26;18;40;46;56;55;23;36;52;23;58;64;49;25,9.094947017729282e-13,2.2737367544323206e-13,0.0,0,0,0
2025-03-12,H48,36,06:00,2025-03-11,48.0,6,-1974.1713302182443,290.1026761698709,2264.274006388115,0.0,158.97283178012174,6740.581244278166,53531.826509336635,0.08936240000002726,0.0,1,1,fallback_q80_q20,28;63;63;46;55;44;37;58;66;18;27;43;57;62;62;59;6;64;46;62;65;62;65;14;54;36;31;27;54;64,9.094947017729282e-13,2.2737367544323206e-13,0.0,0,0,0
2025-03-12,H48,72,12:00,2025-03-11,48.0,6,2415.1486774627942,2573.9203103694686,158.77163290667423,0.0,2158.988302640951,699.3687058337706,64567.09518211526,0.09854489999997895,0.0,1,1,fallback_q80_q20,60;52;19;65;61;29;35;66;20;28;22;59;62;64;58;59;64;55;61;66;63;45;15;53;37;63;54;62;6;35,9.094947017729282e-13,2.2737367544323206e-13,0.0,0,0,0
2025-03-12,H48,108,18:00,2025-03-11,48.0,6,294.85298229734843,294.85298229734843,0.0,0.0,163.494484168977,0.0,81582.67738210794,0.07759169999997084,0.0,1,1,fallback_q80_q20,56;19;36;40;50;59;41;66;47;63;22;48;35;37;52;14;64;40;61;8;64;65;57;34;48;61;49;67;62;54,1.2505552149377763e-12,2.2737367544323206e-13,0.0,0,0,0
2025-03-13,H48,0,00:00,2025-03-12,48.0,6,47865.91001020614,0.0,0.0,0.0,0.0,0.0,71623.1776876853,0.07229849999998805,0.0,1,1,fallback_q80_q20,58;42;58;8;46;12;68;60;57;64;36;53;33;30;48;25;66;5;48;67;68;62;26;53;58;54;63;56;30;48,9.094947017729282e-13,2.5579538487363607e-13,0.0,0,0,0
2025-03-13,H48,36,06:00,2025-03-12,48.0,6,-370.881878355276,82.96137396085753,453.84325231613354,0.0,82.62262121388062,1227.9774829503522,32037.170679035436,0.09125759999994898,0.0,1,1,fallback_q80_q20,57;62;53;53;6;19;67;51;36;59;24;42;68;55;42;36;62;43;64;51;27;21;63;59;21;47;66;39;9;58,9.094947017729282e-13,2.2737367544323206e-13,0.0,0,0,0
2025-03-13,H48,72,12:00,2025-03-12,48.0,6,-238.18305218876395,257.94043674009606,496.12348892886,0.0,253.3400962409125,1933.667852184832,36540.70438870491,0.08847710000009101,0.0,1,1,fallback_q80_q20,15;58;21;52;31;64;62;41;63;35;27;52;65;16;40;54;62;24;31;58;26;66;35;67;66;50;58;38;61;56,1.0231815394945443e-12,2.2737367544323206e-13,0.0,0,0,0
2025-03-13,H48,108,18:00,2025-03-12,48.0,6,-19.819896646348976,0.0,19.819896646348976,0.0,0.0,46.742904589333875,37457.06221125583,0.10158430000001317,0.0,1,1,fallback_q80_q20,63;50;50;63;61;51;29;16;68;39;40;68;51;51;49;68;57;47;60;59;48;58;19;54;62;45;35;63;60;58,8.668621376273222e-13,4.547473508864641e-13,0.0,0,0,0
2025-03-14,H48,0,00:00,2025-03-13,48.0,6,21933.955278329246,0.0,0.0,0.0,0.0,0.0,43035.08351433141,0.13630060000002686,0.0,1,1,fallback_q80_q20,58;14;30;43;52;61;23;68;61;30;35;36;20;12;12;69;37;39;46;54;24;47;26;26;39;60;49;31;57;41,1.1368683772161603e-12,2.2737367544323206e-12,0.0,0,0,0
2025-03-14,H48,36,06:00,2025-03-13,48.0,6,78.19778686832494,145.5658739185891,67.36808705026415,0.0,138.41088711121506,164.77236108318402,28345.124139059208,0.13922930000001088,0.0,1,1,fallback_q80_q20,65;61;59;45;43;53;65;69;16;69;57;55;65;55;41;55;40;65;63;48;59;38;37;32;58;42;67;47;55;8,9.094947017729282e-13,7.844391802791506e-12,0.0,0,0,0
2025-03-14,H48,72,12:00,2025-03-13,48.0,6,-828.9717727956984,0.0,828.9717727956984,0.0,0.0,1646.0831794632643,27533.34878079596,0.1420097000000169,0.0,1,1,fallback_q80_q20,69;53;45;28;65;66;52;57;34;28;57;47;49;27;58;55;48;68;34;68;26;50;69;64;25;65;46;58;69;30,8.668621376273222e-13,1.4210854715202004e-12,0.0,0,0,0
2025-03-14,H48,108,18:00,2025-03-13,48.0,6,-509.3349975840765,0.0,509.3349975840765,0.0,0.0,1037.544371590768,30055.62414544704,0.09692210000002888,0.0,1,1,fallback_q80_q20,64;35;26;64;63;54;12;12;12;28;41;67;43;58;32;67;9;55;69;48;44;68;30;43;63;65;22;45;46;67,8.810729923425242e-13,1.1368683772161603e-13,0.0,0,0,0
2025-03-15,H48,0,00:00,2025-03-14,48.0,6,19020.50618044037,0.0,0.0,0.0,0.0,0.0,63372.473855779645,0.06654890000004343,0.0,1,1,fallback_q80_q20,21;24;31;32;59;70;57;45;4;66;24;66;66;51;3;26;34;65;42;30;66;50;68;60;11;34;26;43;24;70,9.094947017729282e-13,2.2737367544323206e-13,0.0,0,0,0
2025-03-15,H48,36,06:00,2025-03-14,48.0,6,2400.0205933880316,2446.626266614305,46.60567322627357,0.0,3131.4332233547325,172.23770595936452,54272.974675686106,0.07474569999999403,0.0,1,1,fallback_q80_q20,63;58;59;52;35;42;10;66;61;32;59;62;59;3;28;25;67;52;51;65;54;35;3;41;69;51;49;69;59;63,9.094947017729282e-13,2.2737367544323206e-13,0.0,0,0,0
2025-03-15,H48,72,12:00,2025-03-14,48.0,6,-86.35946392488773,429.34739178991896,515.7068557148067,0.0,305.02844846084093,2159.6700723760373,54942.43073033309,0.11092189999999391,0.0,1,1,fallback_q80_q20,59;58;57;68;39;45;66;59;68;45;54;38;68;67;63;3;28;49;23;39;52;67;35;33;67;18;49;60;59;63,1.0231815394945443e-12,2.2737367544323206e-13,0.0,0,0,0
2025-03-15,H48,108,18:00,2025-03-14,48.0,6,-229.93400037373715,0.0,229.93400037373715,0.0,0.0,426.614997884152,64586.13351356695,0.08435150000002523,0.0,1,1,fallback_q80_q20,69;33;3;20;46;10;60;27;67;69;38;4;46;52;67;15;32;60;35;33;69;47;57;31;23;30;15;68;38;66,1.0231815394945443e-12,2.2737367544323206e-13,0.0,0,0,0
2025-03-16,H48,0,00:00,2025-03-15,48.0,6,42016.26843556229,0.0,0.0,0.0,0.0,0.0,90381.73159880194,0.10839759999998932,0.0,1,1,fallback_q80_q20,66;56;34;60;16;53;30;67;4;17;60;24;46;32;66;33;36;56;42;50;36;58;57;64;27;46;34;24;66;67,9.094947017729282e-13,2.2737367544323206e-13,0.0,0,0,0
2025-03-16,H48,36,06:00,2025-03-15,48.0,6,3359.844982701621,3400.2066238775537,40.36164117593246,0.0,3548.793158102979,132.62149418365493,61302.405306552915,0.21432870000001003,0.0,1,1,fallback_q80_q20,58;61;67;24;53;59;53;21;46;54;59;65;63;66;31;46;67;65;29;52;67;59;69;42;40;29;10;39;32;31,1.8189894035458565e-12,2.2737367544323206e-13,0.0,0,0,0
2025-03-16,H48,72,12:00,2025-03-15,48.0,6,-907.5108909012228,71.40830715776599,978.9191980589887,0.0,38.47628307360719,2946.958230986611,61348.194365549585,0.09354450000000725,0.0,1,1,fallback_q80_q20,3;69;41;26;31;68;10;66;48;59;60;34;26;52;47;63;66;64;71;61;62;39;36;56;68;3;34;16;33;34,1.0231815394945443e-12,2.2737367544323206e-13,0.0,0,0,0
2025-03-16,H48,108,18:00,2025-03-15,48.0,6,2000.679845118406,2000.679845118406,0.0,0.0,1098.0449941888346,0.0,72419.14594916404,0.08450099999993199,0.0,1,1,fallback_q80_q20,68;10;35;57;36;63;68;31;29;44;46;64;38;39;62;66;47;10;68;31;33;48;34;56;59;57;42;60;67;50,1.0231815394945443e-12,2.2737367544323206e-13,0.0,0,0,0
2025-03-17,H48,0,00:00,2025-03-16,48.0,6,43981.884706124336,0.0,0.0,0.0,0.0,0.0,89212.68562762794,0.06924720000006346,0.0,1,1,fallback_q80_q20,47;60;64;59;68;72;29;56;27;60;32;52;59;61;61;40;48;53;39;28;48;64;39;35;65;24;71;64;30;39,8.810729923425242e-13,2.2737367544323206e-13,0.0,0,0,0
2025-03-17,H48,36,06:00,2025-03-16,48.0,6,-3173.003049940189,0.0,3173.003049940189,0.0,0.0,10039.780362926589,52144.14224552828,0.08028830000000653,0.0,1,1,fallback_q80_q20,62;16;61;22;72;71;21;44;50;35;63;70;70;43;70;67;50;28;64;70;57;22;71;69;21;72;59;69;13;49,1.0231815394945443e-12,2.2737367544323206e-13,0.0,0,0,0
2025-03-17,H48,72,12:00,2025-03-16,48.0,6,3465.95156646899,3477.5324762429245,11.58090977393423,0.0,3158.1950736268946,54.72068265842768,67443.65221484865,0.1282879000000321,0.0,1,1,fallback_q80_q20,63;53;56;72;34;54;59;48;19;39;61;55;54;51;65;29;34;69;36;20;28;61;58;20;65;49;46;51;29;59,9.094947017729282e-13,2.2737367544323206e-13,0.0,0,0,0
2025-03-17,H48,108,18:00,2025-03-16,48.0,6,438.3256442498446,438.3256442498446,0.0,0.0,236.91057248363518,0.0,68999.00931894511,0.08372969999993529,0.0,1,1,fallback_q80_q20,69;64;54;36;20;44;50;67;65;68;71;48;68;63;29;39;61;33;65;47;33;53;41;66;65;24;40;33;44;42,9.094947017729282e-13,2.2737367544323206e-13,0.0,0,0,0
2025-03-18,H48,0,00:00,2025-03-17,48.0,6,46968.44947092353,0.0,0.0,0.0,0.0,0.0,92140.2092701766,0.07177609999996548,0.0,1,1,fallback_q80_q20,66;40;56;30;73;50;71;67;70;40;45;57;51;45;47;73;68;22;54;69;72;48;43;71;59;64;72;42;68;43,9.094947017729282e-13,2.2737367544323206e-13,0.0,0,0,0
2025-03-18,H48,36,06:00,2025-03-17,48.0,6,-1095.696886121666,584.9665970060789,1680.663483127745,0.0,474.72294829534474,5068.657589995264,52180.38774020149,0.11848459999998795,0.0,1,1,fallback_q80_q20,65;47;58;26;23;56;50;47;73;63;23;64;65;28;37;31;43;39;21;61;32;33;55;72;64;47;48;71;72;21,1.2505552149377763e-12,2.2737367544323206e-13,0.0,0,0,0
2025-03-18,H48,72,12:00,2025-03-17,48.0,6,-665.2292258281913,216.06713138399869,881.29635721219,0.0,114.0129321643887,2830.9662898189663,59206.64564359489,0.11274229999992258,0.0,1,1,fallback_q80_q20,12;68;63;66;71;58;35;71;61;65;68;69;47;54;64;56;56;37;71;53;52;70;67;65;50;38;69;69;52;65,9.094947017729282e-13,2.2737367544323206e-13,0.0,0,0,0
2025-03-18,H48,108,18:00,2025-03-17,48.0,6,295.75830452674495,295.75830452674495,0.0,0.0,170.05140738808655,0.0,66982.04193254185,0.08412169999996877,0.0,1,1,fallback_q80_q20,45;66;51;68;69;63;40;71;37;44;15;70;49;68;49;14;62;67;41;47;67;69;63;68;65;23;52;28;20;55,9.094947017729282e-13,1.4779288903810084e-12,0.0,0,0,0
2025-03-19,H48,0,00:00,2025-03-18,48.0,6,39608.34434696431,0.0,0.0,0.0,0.0,0.0,84329.90332142696,0.08372369999995044,0.0,1,1,fallback_q80_q20,68;65;57;41;28;39;35;36;40;72;73;54;74;72;48;65;63;73;55;30;61;70;69;73;68;74;50;22;55;52,9.094947017729282e-13,2.2737367544323206e-13,0.0,0,0,0
2025-03-19,H48,36,06:00,2025-03-18,48.0,6,7332.740945894886,7342.409777985673,9.668832090786939,0.0,7757.189701983149,34.752891584031545,61748.60170834738,0.07886380000002191,0.0,1,1,fallback_q80_q20,65;71;71;57;50;73;50;20;62;68;71;52;62;71;61;68;74;38;61;64;57;64;32;71;53;59;21;62;34;72,9.094947017729282e-13,2.2737367544323206e-13,0.0,0,0,0
2025-03-19,H48,72,12:00,2025-03-18,48.0,6,-1089.9060424089196,0.0,1089.9060424089196,0.0,0.0,3605.574361491209,61523.76766748246,0.07142799999996896,0.0,1,1,fallback_q80_q20,72;71;56;73;73;72;65;61;48;41;46;40;54;59;72;63;65;72;21;70;54;28;74;72;54;52;37;70;13;22,9.094947017729282e-13,2.2737367544323206e-13,0.0,0,0,0
2025-03-19,H48,108,18:00,2025-03-18,48.0,6,626.3690508685777,626.3690508685777,0.0,0.0,351.4798273627306,0.0,72738.79160836781,0.09054179999998269,0.0,1,1,fallback_q80_q20,72;74;19;13;74;74;35;73;61;21;64;38;42;64;54;38;70;67;70;58;34;55;52;57;15;44;30;72;58;73,7.105427357601002e-13,5.684341886080801e-13,0.0,0,0,0
2025-03-20,H48,0,00:00,2025-03-19,48.0,6,44675.07417320745,0.0,0.0,0.0,0.0,0.0,68581.5368201666,0.09161940000001323,0.0,1,1,fallback_q80_q20,28;59;21;64;71;71;60;21;68;72;75;34;52;59;27;35;52;27;22;71;75;29;45;35;71;43;66;40;69;55,7.958078640513122e-13,2.2737367544323206e-13,0.0,0,0,0
2025-03-20,H48,36,06:00,2025-03-19,48.0,6,-2678.4662325890263,90.70320335701506,2769.169435946041,0.0,52.31737805260212,8601.830956363938,28856.449467302347,0.1146441999999297,0.0,1,1,fallback_q80_q20,49;50;30;53;59;62;70;58;41;64;75;35;41;59;14;31;28;47;69;56;16;75;53;26;27;75;75;60;75;34,1.0231815394945443e-12,2.2737367544323206e-13,0.0,0,0,0
2025-03-20,H48,72,12:00,2025-03-19,48.0,6,3180.871805223084,3181.154797517569,0.28299229448538055,0.0,3276.2918892515495,1.4666612826399614,35044.903538489896,0.1767453000001069,0.0,1,1,fallback_q80_q20,68;57;72;34;54;65;12;74;51;42;70;59;75;12;73;70;35;45;53;60;42;22;71;68;28;75;65;37;67;48,9.094947017729282e-13,2.2737367544323206e-13,0.0,0,0,0
2025-03-20,H48,108,18:00,2025-03-19,48.0,6,-32.11161799870633,0.0,32.11161799870633,0.0,0.0,53.454085695638696,35229.555538928056,0.08429739999996855,0.0,1,1,fallback_q80_q20,51;63;61;37;48;26;38;75;35;12;56;73;54;62;72;74;26;49;68;64;72;44;42;72;72;75;12;56;63;28,9.094947017729282e-13,9.094947017729282e-13,0.0,0,0,0
2025-03-21,H48,0,00:00,2025-03-20,48.0,6,20838.0785155173,0.0,0.0,0.0,0.0,0.0,41575.263979116666,0.17713119999996252,0.0,1,1,fallback_q80_q20,29;69;65;42;37;49;61;61;76;75;69;19;20;65;41;66;34;75;74;47;41;33;34;73;52;26;70;28;76;72,9.094947017729282e-13,1.4210854715202004e-12,0.0,0,0,0
2025-03-21,H48,36,06:00,2025-03-20,48.0,6,-757.3214452283198,0.0,757.3214452283198,0.0,0.0,1871.1094418414714,27027.255117328965,0.17201620000003004,0.0,1,1,fallback_q80_q20,71;69;40;72;62;57;64;21;69;75;63;72;61;75;42;38;63;27;44;75;69;40;23;68;31;69;60;66;75;59,8.810729923425242e-13,4.547473508864641e-12,0.0,0,0,0
2025-03-21,H48,72,12:00,2025-03-20,48.0,6,-126.08769316575338,0.0,126.08769316575338,0.0,0.0,249.47419033790024,27017.421210817167,0.1652904000000035,0.0,1,1,fallback_q80_q20,51;76;64;57;53;72;64;75;76;71;74;38;64;72;48;62;50;14;69;38;67;32;42;44;75;23;26;63;71;73,8.757439218243235e-13,4.604316927725449e-12,0.0,0,0,0
2025-03-21,H48,108,18:00,2025-03-20,48.0,6,-1012.5438224298631,0.0,1012.5438224298631,0.0,0.0,2114.024373283538,29024.915832638544,0.12144639999996798,0.0,1,1,fallback_q80_q20,70;75;67;45;64;29;68;42;21;62;62;15;47;75;43;54;62;71;42;29;38;69;21;67;51;30;70;50;45;63,8.526512829121202e-13,2.3874235921539366e-12,0.0,0,0,0
2025-03-22,H48,0,00:00,2025-03-21,48.0,6,21217.08107026355,0.0,0.0,0.0,0.0,0.0,61729.04260942126,0.09635030000004008,0.0,1,1,fallback_q80_q20,72;43;76;69;60;72;36;59;28;49;55;60;73;72;18;73;40;39;66;60;67;73;44;61;65;59;48;66;69;66,9.094947017729282e-13,2.2737367544323206e-13,0.0,0,0,0
2025-03-22,H48,36,06:00,2025-03-21,48.0,6,-591.7652388271722,0.0,591.7652388271722,0.0,0.0,1297.8989384244242,47302.08147013386,0.10252809999997226,0.0,1,1,fallback_q80_q20,57;50;31;26;11;60;69;39;44;66;26;30;73;28;54;34;38;66;57;71;30;26;73;45;49;65;71;61;49;69,9.094947017729282e-13,2.2737367544323206e-13,0.0,0,0,0
2025-03-22,H48,72,12:00,2025-03-21,48.0,6,-225.08619107322718,0.0,225.08619107322718,0.0,0.0,441.3334187994609,52196.21066627687,0.09980910000001586,0.0,1,1,fallback_q80_q20,62;61;72;50;42;68;44;49;33;75;66;51;10;75;72;64;42;70;74;74;41;40;61;32;64;73;59;74;47;26,1.8189894035458565e-12,2.2737367544323206e-13,0.0,0,0,0
2025-03-22,H48,108,18:00,2025-03-21,48.0,6,-221.314098225398,0.0,221.314098225398,0.0,0.0,441.6424271337667,65266.94678487772,0.09013270000002649,0.0,1,1,fallback_q80_q20,42;32;48;62;18;56;60;39;47;66;74;44;31;69;27;51;59;38;33;70;77;73;34;74;58;74;42;33;77;66,9.094947017729282e-13,2.2737367544323206e-13,0.0,0,0,0
2025-03-23,H48,0,00:00,2025-03-22,48.0,6,39873.78981011671,0.0,0.0,0.0,0.0,0.0,80519.33401930712,0.07312679999995453,0.0,1,1,fallback_q80_q20,50;59;26;65;34;63;37;67;46;46;75;23;51;27;65;49;66;75;71;78;65;54;61;77;56;30;11;78;58;73,9.094947017729282e-13,2.2737367544323206e-13,0.0,0,0,0
2025-03-23,H48,36,06:00,2025-03-22,48.0,6,1290.7967219341565,1739.430494473278,448.6337725391216,0.0,1332.6759492047995,1147.0635276805144,54677.69887604189,0.13160729999992782,0.0,1,1,fallback_q80_q20,60;61;41;67;36;38;73;40;59;62;74;71;54;68;61;75;48;34;33;30;53;54;26;24;73;78;23;11;17;74,9.094947017729282e-13,2.2737367544323206e-13,0.0,0,0,0
2025-03-23,H48,72,12:00,2025-03-22,48.0,6,199.04674096774568,831.4744170013482,632.4276760336026,0.0,514.8668895788865,2212.984162831733,60410.07377355967,0.10179259999995338,0.0,1,1,fallback_q80_q20,66;75;69;78;74;52;69;47;72;74;76;25;71;63;66;58;46;77;77;31;78;72;67;57;62;28;56;10;23;29,1.0231815394945443e-12,2.2737367544323206e-13,0.0,0,0,0
2025-03-23,H48,108,18:00,2025-03-22,48.0,6,2940.734269662173,2940.734269662173,0.0,0.0,1632.3765223853375,0.0,73292.47188617349,0.08824370000002091,0.0,1,1,fallback_q80_q20,75;55;43;69;49;39;11;32;39;39;52;66;17;27;27;51;34;63;66;65;57;71;49;52;67;73;74;56;67;73,9.094947017729282e-13,2.2737367544323206e-13,0.0,0,0,0
2025-03-24,H48,0,00:00,2025-03-23,48.0,6,41876.81477993099,0.0,0.0,0.0,0.0,0.0,82807.51134969706,0.10687479999990046,0.0,1,1,fallback_q80_q20,46;56;77;44;16;58;61;68;66;57;58;68;57;74;77;76;34;20;47;64;57;79;79;76;77;77;79;72;54;67,1.0231815394945443e-12,2.2737367544323206e-13,0.0,0,0,0
2025-03-24,H48,36,06:00,2025-03-23,48.0,6,482.02345756044235,1383.278115410296,901.2546578498537,0.0,1112.3192531484528,3028.24839914304,51551.66673215942,0.10428330000002006,0.0,1,1,fallback_q80_q20,77;51;28;76;75;55;78;22;38;64;63;23;55;64;38;78;78;53;43;41;35;39;50;16;40;20;45;32;65;71,9.094947017729282e-13,2.2737367544323206e-13,0.0,0,0,0
2025-03-24,H48,72,12:00,2025-03-23,48.0,6,33.332646807694516,371.1553961272661,337.8227493195716,0.0,279.7154417392145,1370.2183056735662,60856.92657177881,0.08074890000000323,0.0,1,1,fallback_q80_q20,62;78;75;74;77;55;21;58;75;77;74;50;78;75;72;23;54;58;79;75;58;43;73;77;19;69;79;55;79;65,2.1600499167107046e-12,2.2737367544323206e-13,0.0,0,0,0
2025-03-24,H48,108,18:00,2025-03-23,48.0,6,460.5581659032638,461.5830376092176,1.024871705953815,0.0,243.49319068449398,2.0765306573879343,69917.96985821414,0.09061059999999088,0.0,1,1,fallback_q80_q20,22;40;75;71;49;41;56;69;35;39;44;36;73;71;41;54;77;72;72;62;67;68;62;62;54;36;72;76;71;19,9.094947017729282e-13,2.2737367544323206e-13,0.0,0,0,0
2025-03-25,H48,0,00:00,2025-03-24,48.0,6,45691.450563536055,0.0,0.0,0.0,0.0,0.0,87380.92738182953,0.08595170000000962,0.0,1,1,fallback_q80_q20,45;79;79;74;43;76;79;51;61;47;44;69;49;58;43;36;55;64;61;38;65;58;62;30;72;77;45;74;58;59,9.094947017729282e-13,2.2737367544323206e-13,0.0,0,0,0
2025-03-25,H48,36,06:00,2025-03-24,48.0,6,-2883.342192407331,632.2048969416866,3515.5470893490174,0.0,346.3264649958467,11097.304984380795,48623.25300547801,0.10041050000006635,0.0,1,1,fallback_q80_q20,55;55;79;75;67;79;75;76;39;66;57;76;77;37;76;28;27;75;67;26;68;69;55;66;27;56;55;69;78;68,1.0231815394945443e-12,2.2737367544323206e-13,0.0,0,0,0
2025-03-25,H48,72,12:00,2025-03-24,48.0,6,2928.32343268765,2929.3281169811853,1.0046842935354923,0.0,2541.411304799276,4.742432350887384,57018.02101748972,0.09795159999998759,0.0,1,1,fallback_q80_q20,32;56;67;61;63;75;80;78;28;77;73;22;59;60;80;50;62;78;42;69;57;77;23;72;79;77;71;74;79;70,9.094947017729282e-13,2.2737367544323206e-13,0.0,0,0,0
2025-03-25,H48,108,18:00,2025-03-24,48.0,6,17.1038651840436,23.31108736908626,6.207222185042658,0.0,12.454296791505499,11.39130265703318,63105.851100207394,0.087688099999923,0.0,1,1,fallback_q80_q20,69;65;70;78;27;77;67;69;35;30;55;77;76;80;68;78;58;76;20;49;19;63;51;64;66;70;76;79;58;70,9.094947017729282e-13,5.684341886080801e-13,0.0,0,0,0
2025-03-26,H48,0,00:00,2025-03-25,48.0,6,41795.92150842646,0.0,0.0,0.0,0.0,0.0,83261.76056065918,0.07297679999999218,0.0,1,1,fallback_q80_q20,81;69;48;65;55;39;77;79;51;61;60;53;76;65;79;56;79;77;35;46;81;45;34;48;34;63;55;75;23;66,1.0231815394945443e-12,2.2737367544323206e-13,0.0,0,0,0
2025-03-26,H48,36,06:00,2025-03-25,48.0,6,67.62545497545534,1139.604250760108,1071.9787957846527,0.0,924.6755534254694,2742.95770600956,51986.27154342177,0.09034010000004855,0.0,1,1,fallback_q80_q20,58;77;39;81;77;73;28;68;48;75;78;69;36;28;35;72;78;77;33;45;78;76;59;40;28;22;20;62;33;78,9.094947017729282e-13,2.2737367544323206e-13,0.0,0,0,0
2025-03-26,H48,72,12:00,2025-03-25,48.0,6,-518.4572032542353,120.51461537027984,638.9718186245152,0.0,73.49279147847608,2542.176395943252,58470.92174009578,0.10801920000005794,0.0,1,1,fallback_q80_q20,57;79;59;80;67;59;20;38;21;76;57;54;55;80;60;76;80;45;49;77;69;36;57;39;71;33;50;48;63;57,9.094947017729282e-13,2.8421709430404007e-13,0.0,0,0,0
2025-03-26,H48,108,18:00,2025-03-25,48.0,6,821.145805917519,821.145805917519,0.0,0.0,445.8268443571993,0.0,67040.14436043426,0.08962380000002668,0.0,1,1,fallback_q80_q20,39;48;80;46;42;63;64;43;62;43;28;73;48;72;76;79;67;48;79;29;27;73;78;64;78;54;58;51;42;33,1.0231815394945443e-12,3.410605131648481e-13,0.0,0,0,0
2025-03-27,H48,0,00:00,2025-03-26,48.0,6,41510.6915343873,0.0,0.0,0.0,0.0,0.0,64925.47453849013,0.09943029999999453,0.0,1,1,fallback_q80_q20,34;51;45;82;71;76;73;82;75;57;34;63;78;49;67;79;52;30;23;77;73;35;70;63;66;49;79;23;71;73,4.320099833421409e-12,2.2737367544323206e-13,0.0,0,0,0
2025-03-27,H48,36,06:00,2025-03-26,48.0,6,1200.930669366856,2263.725668617412,1062.794999250556,0.0,1633.3758362091073,3152.3408254113315,31674.722752695332,0.23808010000004742,0.0,1,1,fallback_q80_q20,62;78;76;42;70;80;67;69;64;63;68;72;20;74;67;70;75;64;77;54;60;58;68;36;35;57;34;29;29;77,3.126388037344441e-12,2.2737367544323206e-13,0.0,0,0,0
2025-03-27,H48,72,12:00,2025-03-26,48.0,6,-1226.0294689577613,0.0,1226.0294689577613,0.0,0.0,3696.419278759223,28303.221533974534,0.1689341000000013,0.0,1,1,fallback_q80_q20,62;35;41;43;50;78;22;75;79;62;62;57;63;59;21;23;80;75;79;82;79;27;28;70;76;47;82;44;70;80,9.094947017729282e-13,3.865352482534945e-12,0.0,0,0,0
2025-03-27,H48,108,18:00,2025-03-26,48.0,6,278.2470673317054,278.2470673317054,0.0,0.0,156.69738699233608,0.0,34993.40526161916,0.12461809999990692,0.0,1,1,fallback_q80_q20,58;75;81;54;76;35;66;28;37;26;66;73;49;77;65;68;48;78;46;21;73;47;42;26;56;44;34;41;82;48,3.637978807091713e-12,3.410605131648481e-13,0.0,0,0,0
2025-03-28,H48,0,00:00,2025-03-27,48.0,6,20672.527123846943,0.0,0.0,0.0,0.0,0.0,40404.80714277159,0.16896039999994628,1.800765336776293e-16,1,1,fallback_q80_q20,79;47;72;55;77;55;39;83;64;36;70;75;56;77;70;59;53;77;63;82;72;66;48;83;72;71;63;56;39;30,9.094947017729282e-13,1.8758328224066645e-12,0.0,0,0,0
2025-03-28,H48,36,06:00,2025-03-27,48.0,6,-236.21584823507763,0.0,236.21584823507763,0.0,0.0,458.9631673631587,27616.376576267823,0.18745849999993425,0.0,1,1,fallback_q80_q20,80;21;76;77;83;63;54;78;71;82;82;72;28;66;79;83;67;75;40;46;70;77;73;30;78;75;78;63;70;63,1.8189894035458565e-12,1.8189894035458565e-12,0.0,0,0,0
2025-03-28,H48,72,12:00,2025-03-27,48.0,6,-568.9307005029555,0.0,568.9307005029555,0.0,0.0,1082.3737684095574,25359.869739540492,0.12249289999999746,0.0,1,1,fallback_q80_q20,74;67;83;47;83;42;65;81;77;68;64;35;83;61;54;82;45;78;69;78;70;71;48;83;36;66;34;41;65;20,9.094947017729282e-13,1.1368683772161603e-13,0.0,0,0,0
2025-03-28,H48,108,18:00,2025-03-27,48.0,6,-484.85585499880597,0.0,484.85585499880597,0.0,0.0,983.3281444020768,28379.610492955773,0.1315753000000086,0.0,1,1,fallback_q80_q20,65;67;47;81;36;30;67;67;79;83;49;49;60;54;47;76;68;37;40;82;62;69;59;70;62;80;72;50;64;68,9.094947017729282e-13,2.2737367544323206e-13,0.0,0,0,0
2025-03-29,H48,0,00:00,2025-03-28,48.0,6,18345.242595732794,0.0,0.0,0.0,0.0,0.0,54967.1763423538,0.09936179999999695,0.0,1,1,fallback_q80_q20,39;61;74;76;78;77;59;63;73;79;59;83;57;33;30;32;49;84;75;70;77;56;78;53;71;49;80;83;31;80,1.2505552149377763e-12,2.2737367544323206e-13,0.0,0,0,0
2025-03-29,H48,36,06:00,2025-03-28,48.0,6,1513.7700361864224,1516.708302766975,2.938266580552569,0.0,1038.6548232583546,13.907638139460232,46931.629214414505,0.12605519999999615,0.0,1,1,fallback_q80_q20,42;77;53;50;59;29;61;77;61;55;29;73;55;34;75;77;46;59;36;80;74;67;60;31;81;79;73;78;62;74,5.4569682106375694e-12,2.2737367544323206e-13,0.0,0,0,0
2025-03-29,H48,72,12:00,2025-03-28,48.0,6,-546.2340579716893,0.0,546.2340579716893,0.0,0.0,1049.5553203409631,46027.21290095356,0.09742020000010143,0.0,1,1,fallback_q80_q20,40;56;80;73;80;35;61;64;75;51;37;61;72;83;83;55;61;66;66;47;34;55;37;77;81;71;69;80;53;46,1.0231815394945443e-12,2.2737367544323206e-13,0.0,0,0,0
2025-03-29,H48,108,18:00,2025-03-28,48.0,6,-112.9253190268378,0.0,112.9253190268378,0.0,0.0,270.9076202337157,55899.68283451124,0.09079760000008719,0.0,1,1,fallback_q80_q20,30;76;83;70;81;52;67;81;42;42;66;77;51;84;79;57;71;32;78;52;80;79;74;82;45;73;67;40;18;71,9.094947017729282e-13,2.2737367544323206e-13,0.0,0,0,0
2025-03-30,H48,0,00:00,2025-03-29,48.0,6,38340.854927378394,0.0,0.0,0.0,0.0,0.0,78225.58925322181,0.0975924000000532,0.0,1,1,fallback_q80_q20,50;18;51;72;17;60;53;34;46;71;55;63;63;72;42;68;43;73;75;46;17;85;82;69;42;81;37;73;36;58,9.094947017729282e-13,2.2737367544323206e-13,0.0,0,0,0
2025-03-30,H48,36,06:00,2025-03-29,48.0,6,291.19397844677087,1363.6342134072943,1072.4402349605234,0.0,928.5241762810017,4462.686492383491,49659.553366245236,0.12730690000000777,0.0,1,1,fallback_q80_q20,63;60;46;64;77;84;78;73;67;67;38;39;39;25;64;72;82;60;42;54;45;78;72;81;62;46;67;43;74;54,1.2505552149377763e-12,2.2737367544323206e-13,0.0,0,0,0
2025-03-30,H48,72,12:00,2025-03-29,48.0,6,51.544354984283245,342.2971825032272,290.75282751894395,0.0,190.98306526446964,748.9610202340643,63510.58214417801,0.09095179999997072,0.0,1,1,fallback_q80_q20,73;76;24;60;31;81;74;63;60;82;63;82;83;80;37;78;45;80;68;36;49;62;83;50;42;56;60;84;85;54,1.0231815394945443e-12,2.2737367544323206e-13,0.0,0,0,0
2025-03-30,H48,108,18:00,2025-03-29,48.0,6,1409.271752743467,1409.271752743467,0.0,0.0,779.5182263098269,0.0,66605.3279928427,0.0934161000000131,0.0,1,1,fallback_q80_q20,52;74;60;46;80;67;63;82;73;83;53;85;73;80;44;54;72;84;36;61;71;76;66;64;54;46;42;33;50;46,9.094947017729282e-13,2.2737367544323206e-13,0.0,0,0,0
2025-03-31,H48,0,00:00,2025-03-30,48.0,6,35581.07580900277,0.0,0.0,0.0,0.0,0.0,77710.04322854422,0.08636269999999513,0.0,1,1,fallback_q80_q20,52;76;58;77;70;75;76;38;40;72;85;38;76;73;71;36;54;40;61;79;65;33;64;79;80;86;59;79;83;86,1.0231815394945443e-12,2.2737367544323206e-13,0.0,0,0,0
2025-03-31,H48,36,06:00,2025-03-30,48.0,6,9178.603230376964,9178.603230376964,0.0,0.0,9202.701443773893,0.0,59294.90020495662,0.0884844999999359,0.0,1,1,fallback_q80_q20,64;83;74;77;82;81;78;82;79;64;37;41;85;28;77;58;63;70;84;79;86;27;86;67;79;82;46;84;76;84,1.0231815394945443e-12,2.2737367544323206e-13,0.0,0,0,0
2025-03-31,H48,72,12:00,2025-03-30,48.0,6,-1770.8000730605909,0.0,1770.8000730605909,0.0,0.0,5686.767362525119,52033.91408545682,0.0938551000000416,0.0,1,1,fallback_q80_q20,57;64;45;77;82;54;82;44;82;82;75;83;69;79;48;54;84;68;70;73;82;69;68;47;63;38;84;47;69;61,9.094947017729282e-13,2.2737367544323206e-13,0.0,0,0,0
2025-03-31,H48,108,18:00,2025-03-30,48.0,6,366.28154163539665,366.28154163539665,0.0,0.0,209.88951281423704,0.0,60728.893306566344,0.08151319999990392,0.0,1,1,fallback_q80_q20,75;84;77;33;83;81;64;53;55;85;70;62;86;78;67;52;77;76;69;78;71;84;28;86;61;62;74;77;79;70,1.2505552149377763e-12,1.2505552149377763e-12,0.0,0,0,0
2025-04-01,H48,0,00:00,2025-03-31,48.0,6,43404.28421993568,0.0,0.0,0.0,0.0,0.0,82787.4070563156,0.08424430000002303,0.0,1,1,fallback_q80_q20,54;82;86;75;40;86;72;69;73;85;87;83;66;82;35;55;70;54;69;60;34;56;79;86;75;83;51;42;78;65,1.0231815394945443e-12,2.2737367544323206e-13,0.0,0,0,0
2025-04-01,H48,36,06:00,2025-03-31,48.0,6,2697.378534990671,2969.2360942794767,271.8575592888053,0.0,2421.5298080081798,1148.615750576091,53440.64772384607,0.09501910000005864,0.0,1,1,fallback_q80_q20,34;86;54;40;82;39;63;41;61;60;76;82;66;83;50;48;87;80;84;80;81;76;62;84;52;53;47;39;35;82,1.0231815394945443e-12,2.2737367544323206e-13,0.0,0,0,0
2025-04-01,H48,72,12:00,2025-03-31,48.0,6,-1277.4126641076975,278.3413884829267,1555.7540525906243,0.0,189.6959127856964,5723.489392906613,53583.91966481514,0.09413770000003296,0.0,1,1,fallback_q80_q20,84;79;56;67;43;63;69;41;85;46;67;75;27;79;74;72;84;85;39;69;77;78;75;37;40;81;86;80;78;79,1.0231815394945443e-12,2.2737367544323206e-13,0.0,0,0,0
2025-04-01,H48,108,18:00,2025-03-31,48.0,6,107.59250466633719,108.20016264338011,0.6076579770429191,0.0,71.28898890802645,2.8798956257958253,78657.20088618727,0.08429460000002109,0.0,1,1,fallback_q80_q20,78;48;85;83;69;77;82;75;50;72;82;83;72;81;85;79;85;30;81;63;76;77;67;80;78;61;52;85;34;52,9.094947017729282e-13,2.2737367544323206e-13,0.0,0,0,0
2025-04-02,H48,0,00:00,2025-04-01,48.0,6,42770.43497058333,0.0,0.0,0.0,0.0,0.0,81849.85855677111,0.08180319999996755,0.0,1,1,fallback_q80_q20,27;27;50;73;65;86;30;83;55;85;85;67;43;84;48;75;84;72;85;56;74;88;42;85;86;26;64;43;56;76,9.094947017729282e-13,2.5579538487363607e-13,0.0,0,0,0
2025-04-02,H48,36,06:00,2025-04-01,48.0,6,882.1838341354676,1108.7842883213596,226.60045418589195,0.0,958.3026636447465,879.2768904360204,50959.06359626411,0.0924205000000029,0.0,1,1,fallback_q80_q20,51;85;34;85;68;58;85;86;26;66;82;77;77;86;81;28;87;82;86;76;72;85;76;63;55;51;70;50;75;78,9.094947017729282e-13,2.2737367544323206e-13,0.0,0,0,0
2025-04-02,H48,72,12:00,2025-04-01,48.0,6,-179.87062949344818,610.453537507538,790.3241670009862,0.0,335.26580922892526,2976.228208485936,54627.33059850246,0.08263699999997698,0.0,1,1,fallback_q80_q20,70;70;54;77;74;83;71;66;75;68;51;27;83;63;75;53;50;75;80;52;80;86;61;75;75;60;33;39;41;86,9.094947017729282e-13,2.2737367544323206e-13,0.0,0,0,0
2025-04-02,H48,108,18:00,2025-04-01,48.0,6,9.5495863136976,9.5495863136976,0.0,0.0,7.690415181520734,0.0,63387.24531464955,0.08747760000005655,0.0,1,1,fallback_q80_q20,51;80;88;84;73;54;83;85;58;85;72;88;70;51;43;74;40;84;64;86;85;59;54;73;67;78;42;84;76;53,9.094947017729282e-13,2.2737367544323206e-13,0.0,0,0,0
2025-04-03,H48,0,00:00,2025-04-02,48.0,6,42928.89953965315,0.0,0.0,0.0,0.0,0.0,65020.15237410382,0.08657779999998638,0.0,1,1,fallback_q80_q20,83;77;78;81;75;87;51;79;61;34;87;26;37;36;77;73;37;75;52;83;64;60;55;87;76;36;60;46;76;65,9.094947017729282e-13,2.2737367544323206e-13,0.0,0,0,0
2025-04-03,H48,36,06:00,2025-04-02,48.0,6,-1380.4727459209626,373.05397605173647,1753.526721972699,0.0,201.76979672109292,5137.447679900937,28395.41326075713,0.1464535000000069,0.0,1,1,fallback_q80_q20,89;84;42;85;56;85;51;28;81;88;82;80;54;75;47;55;79;69;83;76;42;78;78;46;84;81;62;46;53;33,3.637978807091713e-12,2.2737367544323206e-13,0.0,0,0,0
2025-04-03,H48,72,12:00,2025-04-02,48.0,6,-813.8035631606263,0.0,813.8035631606263,0.0,0.0,2694.1684909681567,28147.27456011889,0.15433330000007572,0.0,1,1,fallback_q80_q20,48;59;49;84;70;68;79;89;33;83;82;82;40;89;77;89;44;43;46;71;71;68;87;61;76;42;70;79;85;69,1.2434497875801753e-12,1.1368683772161603e-12,0.0,0,0,0
2025-04-03,H48,108,18:00,2025-04-02,48.0,6,588.2839659498637,590.3766104380046,2.09264448814089,0.0,327.394651354084,5.390634951419088,32095.28136638672,0.09472759999994196,0.0,1,1,fallback_q80_q20,81;86;63;84;54;50;73;34;73;86;45;69;77;51;36;37;41;74;55;72;89;78;62;37;82;64;27;63;34;72,9.094947017729282e-13,7.958078640513122e-13,0.0,0,0,0
2025-04-04,H48,0,00:00,2025-04-03,48.0,6,18844.58624736104,0.0,0.0,0.0,0.0,0.0,37998.189107009566,0.1002142999999478,0.0,1,1,fallback_q80_q20,78;35;77;70;89;83;46;69;53;78;66;73;83;86;67;57;50;76;75;77;80;34;90;72;77;90;27;47;89;58,9.094947017729282e-13,1.1368683772161603e-13,0.0,0,0,0
2025-04-04,H48,36,06:00,2025-04-03,48.0,6,-438.7160894950979,0.0,438.7160894950979,0.0,0.0,897.6025292672352,26780.801476129254,0.09417750000000069,0.0,1,1,fallback_q80_q20,76;71;28;34;85;45;35;80;89;34;90;71;84;73;87;56;79;37;77;89;86;73;73;90;89;34;59;60;46;50,8.526512829121202e-13,1.1368683772161603e-13,0.0,0,0,0
2025-04-04,H48,72,12:00,2025-04-03,48.0,6,-129.57542335191863,0.0,129.57542335191863,0.0,0.0,250.1578126517591,25632.56581931268,0.09619529999997667,0.0,1,1,fallback_q80_q20,41;47;90;89;89;82;49;74;90;61;85;85;88;61;60;62;52;86;64;83;75;57;70;83;65;34;56;78;35;79,9.094947017729282e-13,1.1368683772161603e-13,0.0,0,0,0
2025-04-04,H48,108,18:00,2025-04-03,48.0,6,-433.2528230927814,0.0,433.2528230927814,0.0,0.0,863.695214772406,29572.323892272947,0.135378199999991,0.0,1,1,fallback_q80_q20,86;83;83;84;89;83;37;43;88;33;85;65;87;79;77;73;40;42;86;83;77;60;88;81;90;78;85;86;64;55,9.094947017729282e-13,1.5631940186722204e-13,0.0,0,0,0
2025-04-05,H48,0,00:00,2025-04-04,48.0,6,18310.09766238148,0.0,0.0,0.0,0.0,0.0,52422.47661353006,0.12583549999999377,0.0,1,1,fallback_q80_q20,91;82;83;48;25;44;53;81;84;87;90;51;56;67;86;86;91;66;75;79;45;88;86;88;40;90;82;78;61;66,8.810729923425242e-13,2.2737367544323206e-13,0.0,0,0,0
2025-04-05,H48,36,06:00,2025-04-04,48.0,6,694.3810073732611,696.6386877878981,2.2576804146369867,0.0,477.2530332522071,10.70816472005572,43435.82607779513,0.08595609999997578,0.0,1,1,fallback_q80_q20,85;56;89;88;58;88;66;63;86;60;91;64;67;53;68;85;83;88;67;87;79;63;91;84;52;25;75;68;67;70,1.0231815394945443e-12,2.2737367544323206e-13,0.0,0,0,0
2025-04-05,H48,72,12:00,2025-04-04,48.0,6,-454.6342565075863,0.0,454.6342565075863,0.0,0.0,913.4272758207336,59558.786022331566,0.0940958999999566,0.0,1,1,fallback_q80_q20,42;79;91;50;68;87;60;24;58;58;75;72;83;39;88;70;81;74;80;88;75;87;84;75;31;71;55;77;78;73,1.0231815394945443e-12,2.2737367544323206e-13,0.0,0,0,0
2025-04-05,H48,108,18:00,2025-04-04,48.0,6,-0.5229974854206638,19.697784896572546,20.22078238199321,0.0,10.74092638452072,69.30377702281186,55276.987085890934,0.07720569999992222,0.0,1,1,fallback_q80_q20,69;82;81;88;88;86;85;77;80;71;87;90;78;67;60;74;82;61;62;89;40;88;91;55;79;88;62;46;63;59,9.094947017729282e-13,2.2737367544323206e-13,0.0,0,0,0
2025-04-06,H48,0,00:00,2025-04-05,48.0,6,37317.89205571948,0.0,0.0,0.0,0.0,0.0,77648.28695018246,0.10457340000004933,0.0,1,1,fallback_q80_q20,64;38;87;71;76;69;74;39;63;51;58;83;90;87;49;38;40;72;70;91;68;32;70;74;57;60;92;90;88;76,9.094947017729282e-13,2.2737367544323206e-13,0.0,0,0,0
2025-04-06,H48,36,06:00,2025-04-05,48.0,6,1860.1003475884759,2729.0206723469064,868.9203247584305,0.0,1987.2323580546297,3481.8172462269445,52427.47977640232,0.08678589999999531,0.0,1,1,fallback_q80_q20,63;73;72;54;55;60;92;89;43;77;66;76;58;59;82;88;81;88;82;88;37;81;82;60;81;88;74;88;73;39,1.2505552149377763e-12,2.2737367544323206e-13,0.0,0,0,0
2025-04-06,H48,72,12:00,2025-04-05,48.0,6,51.19450827613372,544.9934839258738,493.79897564974004,0.0,458.19423929890377,2027.2059151763588,51984.75744288641,0.1059903000000304,0.0,1,1,fallback_q80_q20,58;82;87;48;73;86;45;77;74;66;72;59;49;42;47;74;86;92;62;60;43;37;81;84;64;77;55;48;40;74,1.0231815394945443e-12,2.2737367544323206e-13,0.0,0,0,0
2025-04-06,H48,108,18:00,2025-04-05,48.0,6,2345.9152607864557,2345.9152607864557,0.0,0.0,1302.2474956569667,0.0,61996.96544855844,0.08450489999995625,0.0,1,1,fallback_q80_q20,83;82;39;63;62;41;50;61;62;81;38;77;54;86;45;91;88;86;90;85;88;58;88;60;88;84;73;72;32;61,9.094947017729282e-13,2.2737367544323206e-13,0.0,0,0,0
2025-04-07,H48,0,00:00,2025-04-06,48.0,6,35005.103041557086,0.0,0.0,0.0,0.0,0.0,75282.26823093343,0.07746830000007776,0.0,1,1,fallback_q80_q20,90;70;86;70;92;64;88;79;66;34;89;88;83;92;64;72;91;93;82;49;93;48;89;68;57;47;68;79;93;77,8.810729923425242e-13,2.2737367544323206e-13,0.0,0,0,0
2025-04-07,H48,36,06:00,2025-04-06,48.0,6,5305.3432480262845,5315.435092854477,10.09184482819243,0.0,5204.6027084054995,44.16857399160119,55860.668169382065,0.08158830000002126,0.0,1,1,fallback_q80_q20,82;81;92;79;61;85;86;59;57;85;78;93;93;74;88;84;73;92;42;82;71;82;89;57;46;78;88;68;85;59,9.094947017729282e-13,2.2737367544323206e-13,0.0,0,0,0
2025-04-07,H48,72,12:00,2025-04-06,48.0,6,-1176.1308869010861,0.0,1176.1308869010861,0.0,0.0,3979.589801825117,58179.58840915228,0.09264469999993707,0.0,1,1,fallback_q80_q20,70;61;54;55;75;86;55;83;93;81;92;91;72;58;91;79;92;76;50;59;93;36;76;69;46;69;83;63;52;78,9.094947017729282e-13,2.2737367544323206e-13,0.0,0,0,0
2025-04-07,H48,108,18:00,2025-04-06,48.0,6,574.4728179870037,574.4728179870037,0.0,0.0,323.169397732825,0.0,63604.609617298076,0.08857929999999214,0.0,1,1,fallback_q80_q20,90;87;76;83;90;70;49;90;71;84;34;60;68;68;35;37;36;93;60;72;66;92;34;92;85;90;88;91;55;75,9.094947017729282e-13,7.958078640513122e-13,0.0,0,0,0
2025-04-08,H48,0,00:00,2025-04-07,48.0,6,43375.193292043885,0.0,0.0,0.0,0.0,0.0,84013.46370811723,0.08253279999996721,0.0,1,1,fallback_q80_q20,86;81;83;60;59;92;71;60;84;71;93;59;70;41;84;69;92;93;73;78;84;71;40;88;81;57;77;49;87;78,9.094947017729282e-13,2.2737367544323206e-13,0.0,0,0,0
2025-04-08,H48,36,06:00,2025-04-07,48.0,6,-1961.7704692011457,300.7841145799047,2262.5545837810505,0.0,208.08698363140286,7470.22072775921,48420.72478580773,0.0925680000000284,0.0,1,1,fallback_q80_q20,76;79;83;64;54;67;68;76;40;51;79;93;63;42;82;41;87;93;91;77;68;74;48;66;72;83;53;81;89;88,9.094947017729282e-13,2.2737367544323206e-13,0.0,0,0,0
2025-04-08,H48,72,12:00,2025-04-07,48.0,6,-538.0832349432055,0.0,538.0832349432055,0.0,0.0,1884.5763144964878,54916.63391259928,0.09109439999997448,0.0,1,1,fallback_q80_q20,75;74;80;81;91;55;83;49;69;41;86;92;67;54;93;66;92;65;75;90;82;73;74;66;51;85;42;53;85;90,9.094947017729282e-13,2.2737367544323206e-13,0.0,0,0,0
2025-04-08,H48,108,18:00,2025-04-07,48.0,6,525.2683278625678,525.2683278625678,0.0,0.0,295.98808865086136,0.0,66137.57582581202,0.07758530000000974,0.0,1,1,fallback_q80_q20,64;42;64;35;41;59;74;53;76;89;92;73;71;87;76;78;34;41;84;83;92;45;86;77;42;49;72;74;74;93,1.2505552149377763e-12,2.2737367544323206e-13,0.0,0,0,0
2025-04-09,H48,0,00:00,2025-04-08,48.0,6,40669.86104448348,0.0,0.0,0.0,0.0,0.0,80017.05619296092,0.08923250000009375,0.0,1,1,fallback_q80_q20,89;90;47;76;90;91;82;85;79;94;92;70;85;93;42;86;79;59;95;92;83;78;82;87;51;64;74;95;93;35,9.094947017729282e-13,2.2737367544323206e-13,0.0,0,0,0
2025-04-09,H48,36,06:00,2025-04-08,48.0,6,1622.9634535881858,1673.968406653507,51.0049530653212,0.0,1918.521147045627,180.99862644295615,52048.24174398484,0.07938449999994646,0.0,1,1,fallback_q80_q20,93;72;67;90;52;79;58;94;78;59;93;86;71;95;73;86;70;54;78;95;91;65;89;76;76;91;95;41;80;93,9.094947017729282e-13,2.5579538487363607e-13,0.0,0,0,0
2025-04-09,H48,72,12:00,2025-04-08,48.0,6,-765.4744680522228,0.0,765.4744680522228,0.0,0.0,2394.9475126720154,64299.012822443045,0.08058290000008128,0.0,1,1,fallback_q80_q20,93;69;87;91;93;91;72;90;85;71;86;90;85;83;64;77;54;63;73;47;78;84;93;89;77;42;72;92;84;34,9.094947017729282e-13,2.2737367544323206e-13,0.0,0,0,0
2025-04-09,H48,108,18:00,2025-04-08,48.0,6,1237.3571056792664,1237.3571056792664,0.0,0.0,686.5467818309896,0.0,65852.28860543748,0.08710359999997763,0.0,1,1,fallback_q80_q20,52;93;95;85;53;86;81;86;85;78;57;76;75;93;46;55;75;91;66;49;35;94;82;90;40;94;93;93;83;70,8.810729923425242e-13,2.2737367544323206e-13,0.0,0,0,0
2025-04-10,H48,0,00:00,2025-04-09,48.0,6,38043.70937903346,0.0,0.0,0.0,0.0,0.0,59537.81574412334,0.08866139999997813,0.0,1,1,fallback_q80_q20,57;62;47;54;75;43;95;92;90;89;43;87;92;55;89;43;51;35;90;62;88;40;87;76;77;59;91;64;86;73,9.094947017729282e-13,2.2737367544323206e-13,0.0,0,0,0
2025-04-10,H48,36,06:00,2025-04-09,48.0,6,1315.284917788138,1317.0653423914287,1.7804246032905473,0.0,1824.0450564228354,8.467423380675427,31459.235859304594,0.09369860000003882,0.0,1,1,fallback_q80_q20,86;83;91;52;61;89;90;66;85;48;82;89;88;96;41;50;87;69;67;82;42;83;66;86;36;77;87;92;92;91,1.8189894035458565e-12,2.2737367544323206e-13,0.0,0,0,0
2025-04-10,H48,72,12:00,2025-04-09,48.0,6,-875.1334903223033,298.537070424144,1173.6705607464473,0.0,174.08783132347247,3872.039859239812,27511.864437618828,0.10353830000008202,0.0,1,1,fallback_q80_q20,65;92;52;82;87;92;57;95;93;92;86;37;94;94;70;90;67;82;91;91;77;59;36;93;81;36;91;72;74;95,9.094947017729282e-13,2.2737367544323206e-13,0.0,0,0,0
2025-04-10,H48,108,18:00,2025-04-09,48.0,6,196.66995956376556,200.05799076960912,3.388031205843568,0.0,109.72660056900583,5.4313537327069525,30851.01951247369,0.09377979999999297,0.0,1,1,fallback_q80_q20,96;81;93;65;53;58;93;87;81;71;92;94;78;63;49;96;66;65;94;93;75;85;90;78;71;93;90;92;94;34,1.0231815394945443e-12,2.2737367544323206e-13,0.0,0,0,0
2025-04-11,H48,0,00:00,2025-04-10,48.0,6,17478.96596836583,0.0,0.0,0.0,0.0,0.0,35617.10656965278,0.08754759999999351,0.0,1,1,fallback_q80_q20,74;84;47;34;35;64;92;64;56;89;75;97;49;95;72;96;96;96;74;92;85;91;72;93;94;89;91;90;82;88,1.8189894035458565e-12,1.1368683772161603e-13,0.0,0,0,0
2025-04-11,H48,36,06:00,2025-04-10,48.0,6,512.5467581617398,538.4846191971216,25.937861035381765,0.0,401.90683274939107,54.889251683879706,25843.61585055631,0.08533139999997275,0.0,1,1,fallback_q80_q20,69;91;69;70;91;91;84;97;96;64;92;79;94;96;94;70;89;85;92;97;63;85;78;91;52;53;84;94;63;35,9.094947017729282e-13,1.1368683772161603e-13,0.0,0,0,0
2025-04-11,H48,72,12:00,2025-04-10,48.0,6,-856.6355527846151,0.0,856.6355527846151,0.0,0.0,1707.9953520384029,23638.65331170078,0.08384639999997034,0.0,1,1,fallback_q80_q20,82;73;56;87;63;78;78;84;55;65;74;85;93;78;61;79;61;44;44;84;91;91;95;92;82;90;69;65;92;90,4.547473508864641e-12,2.2737367544323206e-13,0.0,0,0,0
2025-04-11,H48,108,18:00,2025-04-10,48.0,6,-290.02778129532385,0.0,290.02778129532385,0.0,0.0,631.3043310230357,26985.94967633571,0.09559169999999995,0.0,1,1,fallback_q80_q20,41;96;96;86;86;97;37;97;89;62;75;67;95;69;89;65;89;81;68;97;95;57;72;90;72;57;50;51;96;96,3.637978807091713e-12,1.1368683772161603e-13,0.0,0,0,0
2025-04-12,H48,0,00:00,2025-04-11,48.0,6,20355.917713956653,0.0,0.0,0.0,0.0,0.0,54152.05850297731,0.07990539999991597,0.0,1,1,fallback_q80_q20,98;95;60;78;94;61;60;77;51;90;76;87;59;50;94;78;64;64;60;95;68;80;80;46;63;63;95;46;32;56,9.094947017729282e-13,2.2737367544323206e-13,0.0,0,0,0
2025-04-12,H48,36,06:00,2025-04-11,48.0,6,-979.5038814085428,0.0,979.5038814085428,0.0,0.0,2226.619411604465,41485.24281724589,0.09185039999999844,0.0,1,1,fallback_q80_q20,98;94;74;88;82;95;91;95;61;95;86;87;43;71;82;66;90;91;66;79;32;89;49;93;49;48;43;88;60;59,6.366462912410498e-12,2.2737367544323206e-13,0.0,0,0,0
2025-04-12,H48,72,12:00,2025-04-11,48.0,6,-185.3423111927384,0.0,185.3423111927384,0.0,0.0,354.6479154848419,45153.39846001939,0.09838779999995495,0.0,1,1,fallback_q80_q20,96;46;38;49;55;77;58;58;92;77;80;80;94;60;63;89;92;81;80;97;86;74;95;55;69;86;39;90;94;79,1.2825296380469808e-12,2.2737367544323206e-13,0.0,0,0,0
2025-04-12,H48,108,18:00,2025-04-11,48.0,6,-82.8309773676937,0.0,82.8309773676937,0.0,0.0,174.94254501758348,63720.739624672904,0.08211600000004182,0.0,1,1,fallback_q80_q20,45;53;88;88;84;79;72;38;66;53;38;68;73;94;66;50;79;74;97;88;80;84;45;44;79;86;45;60;73;53,9.094947017729282e-13,2.2737367544323206e-13,0.0,0,0,0
2025-04-13,H48,0,00:00,2025-04-12,48.0,6,35031.97846069387,0.0,0.0,0.0,0.0,0.0,73607.19969193931,0.0797694999999976,0.0,1,1,fallback_q80_q20,67;57;58;62;93;94;60;89;47;67;73;32;73;58;73;83;88;50;97;74;83;44;81;84;64;90;98;94;89;75,9.094947017729282e-13,2.2737367544323206e-13,0.0,0,0,0
2025-04-13,H48,36,06:00,2025-04-12,48.0,6,-832.0812077268474,0.0,832.0812077268474,0.0,0.0,2368.3917021010075,47051.02441390124,0.09663060000002588,0.0,1,1,fallback_q80_q20,44;53;52;85;74;88;91;47;88;69;87;77;92;94;68;87;44;55;39;44;60;98;92;48;45;50;91;49;94;52,9.094947017729282e-13,2.2737367544323206e-13,0.0,0,0,0
2025-04-13,H48,72,12:00,2025-04-12,48.0,6,2931.656554452035,2933.0249557900997,1.368401338064983,0.0,2059.1531417768483,6.454723292759354,59736.330918486754,0.08537810000007084,0.0,1,1,fallback_q80_q20,73;93;97;65;66;79;95;89;67;85;76;93;31;94;87;93;57;82;77;95;73;81;67;74;54;73;99;75;89;63,1.0231815394945443e-12,2.2737367544323206e-13,0.0,0,0,0
2025-04-13,H48,108,18:00,2025-04-12,48.0,6,1745.5750073771524,1745.5750073771524,0.0,0.0,966.832364971111,0.0,62809.647731374695,0.09307520000004388,0.0,1,1,fallback_q80_q20,98;76;70;49;96;79;65;50;98;72;47;87;70;80;50;90;72;82;48;87;96;86;99;95;90;90;87;87;92;67,9.094947017729282e-13,6.821210263296962e-13,0.0,0,0,0
2025-04-14,H48,0,00:00,2025-04-13,48.0,6,41799.04999436396,0.0,0.0,0.0,0.0,0.0,80792.26065831797,0.10314660000005915,0.0,1,1,fallback_q80_q20,89;70;61;67;47;88;81;40;77;99;96;50;78;80;67;97;75;91;60;93;93;88;93;43;82;52;68;71;95;84,9.094947017729282e-13,2.2737367544323206e-13,0.0,0,0,0
2025-04-14,H48,36,06:00,2025-04-13,48.0,6,-3810.16845985873,0.0,3810.16845985873,0.0,0.0,10618.71473415354,44336.04935035264,0.08855239999991227,0.0,1,1,fallback_q80_q20,99;58;82;97;78;77;60;86;63;86;72;69;87;91;97;99;87;96;44;98;47;99;55;72;91;65;62;76;96;70,9.094947017729282e-13,2.2737367544323206e-13,0.0,0,0,0
2025-04-14,H48,72,12:00,2025-04-13,48.0,6,46.53524477486505,254.40761616966685,207.8723713948018,0.0,175.11422935181025,911.8516539666342,47958.29264669158,0.0961222999999336,0.0,1,1,fallback_q80_q20,73;93;93;75;75;91;99;77;84;71;54;57;85;85;65;87;72;93;99;54;96;91;77;100;94;99;83;68;98;86,1.4210854715202004e-12,2.2737367544323206e-13,0.0,0,0,0
2025-04-14,H48,108,18:00,2025-04-13,48.0,6,1615.2332942730873,1615.4287992853765,0.19550501228922615,0.0,868.9535685497463,0.9289855656413692,61629.837263846246,0.08647419999999784,0.0,1,1,fallback_q80_q20,87;55;99;44;66;86;94;41;95;96;75;97;95;67;93;97;50;97;92;55;42;93;65;58;63;100;53;78;77;86,1.2505552149377763e-12,2.8421709430404007e-13,0.0,0,0,0
2025-04-15,H48,0,00:00,2025-04-14,48.0,6,34118.116481385085,0.0,0.0,0.0,0.0,0.0,73568.30157848478,0.07717719999993733,0.0,1,1,fallback_q80_q20,96;100;59;60;84;69;91;74;84;49;93;44;94;51;68;100;72;97;86;57;76;64;98;97;101;93;83;96;47;97,9.094947017729282e-13,2.2737367544323206e-13,0.0,0,0,0
2025-04-15,H48,36,06:00,2025-04-14,48.0,6,3792.2948253900986,3797.2118874048424,4.917062014743616,0.0,3495.8605785499503,23.286837262607378,53365.2601836468,0.09594659999993382,0.0,1,1,fallback_q80_q20,56;99;88;53;82;63;83;97;52;84;99;55;98;71;63;100;59;100;97;79;99;96;41;70;81;43;75;73;100;101,9.094947017729282e-13,2.8421709430404007e-13,0.0,0,0,0
2025-04-15,H48,72,12:00,2025-04-14,48.0,6,-653.0191120739588,0.0,653.0191120739588,0.0,0.0,2244.547594181039,55501.29687191809,0.1299748000000136,0.0,1,1,fallback_q80_q20,72;96;93;85;53;85;56;89;89;50;94;94;92;98;94;84;64;86;66;91;58;93;77;68;69;51;101;95;87;99,1.8189894035458565e-12,2.2737367544323206e-13,0.0,0,0,0
2025-04-15,H48,108,18:00,2025-04-14,48.0,6,417.37002928494326,426.3395019906974,8.969472705754129,0.0,230.24402991285814,18.565500629305575,65612.84365641861,0.08513989999994465,0.0,1,1,fallback_q80_q20,64;101;66;71;66;91;98;62;77;72;77;95;97;72;47;86;87;96;92;92;96;96;98;92;89;44;84;61;92;68,9.094947017729282e-13,2.2737367544323206e-13,0.0,0,0,0
2025-04-16,H48,0,00:00,2025-04-15,48.0,6,38855.8334210827,0.0,0.0,0.0,0.0,0.0,76730.46098522142,0.08211430000005748,0.0,1,1,fallback_q80_q20,58;91;78;98;67;87;56;96;51;63;97;42;61;100;71;95;57;58;76;101;79;92;88;97;76;61;100;101;99;91,1.0231815394945443e-12,2.2737367544323206e-13,0.0,0,0,0
2025-04-16,H48,36,06:00,2025-04-15,48.0,6,3633.672489230333,3880.196741092045,246.52425186171183,0.0,3157.797731499838,676.4898569313507,53606.93342265265,0.08394690000000082,0.0,1,1,fallback_q80_q20,86;83;87;65;96;97;60;53;94;100;71;102;87;87;93;98;40;100;71;60;70;50;79;99;71;102;97;101;62;101,9.094947017729282e-13,2.2737367544323206e-13,0.0,0,0,0
2025-04-16,H48,72,12:00,2025-04-15,48.0,6,-983.3947849760731,89.84837869383918,1073.2431636699123,0.0,61.016331982427005,3950.035804863325,48547.04559441518,0.10345100000006369,0.0,1,1,fallback_q80_q20,78;40;93;94;89;92;94;72;95;53;99;93;85;86;90;60;67;100;84;49;55;101;92;67;82;99;84;44;99;49,8.526512829121202e-13,2.2737367544323206e-13,0.0,0,0,0
2025-04-16,H48,108,18:00,2025-04-15,48.0,6,168.78001230960533,169.5991392719951,0.8191269623897751,0.0,96.07783511680054,3.863806426366864,66809.32331514083,0.08938299999999799,0.0,1,1,fallback_q80_q20,97;50;64;90;87;60;96;58;96;83;102;85;98;98;63;84;101;70;94;90;99;58;97;83;98;79;71;67;91;99,1.2505552149377763e-12,7.958078640513122e-13,0.0,0,0,0
2025-04-17,H48,0,00:00,2025-04-16,48.0,6,32698.155922428818,0.0,0.0,0.0,0.0,0.0,53550.527692437594,0.18514200000004166,0.0,1,1,fallback_q80_q20,86;90;50;63;94;99;78;84;90;64;77;84;88;43;92;78;72;62;69;41;40;98;59;103;49;84;65;98;76;100,9.094947017729282e-13,1.7053025658242404e-13,0.0,0,0,0
2025-04-17,H48,36,06:00,2025-04-16,48.0,6,4488.684529064157,4493.066372685317,4.381843621160074,0.0,6076.552136429649,11.483659990154592,34119.742783038884,0.09852550000005067,0.0,1,1,fallback_q80_q20,97;72;89;81;87;68;98;90;97;73;100;59;61;98;41;97;77;66;47;90;70;82;70;91;93;57;49;63;77;78,9.094947017729282e-13,2.2737367544323206e-13,0.0,0,0,0
2025-04-17,H48,72,12:00,2025-04-16,48.0,6,-452.2169034972944,77.12661626708883,529.3435197643832,0.0,40.67247107919292,2177.1177491242624,26924.70676855131,0.11962080000000697,0.0,1,1,fallback_q80_q20,103;93;98;84;97;72;59;91;91;64;98;99;74;47;47;44;90;98;77;90;103;103;58;98;98;86;65;91;87;89,1.0231815394945443e-12,2.2737367544323206e-13,0.0,0,0,0
2025-04-17,H48,108,18:00,2025-04-16,48.0,6,420.9412798534536,420.9412798534536,0.0,0.0,237.28600801244306,0.0,29831.978052415096,0.17461370000000898,0.0,1,1,fallback_q80_q20,66;65;64;98;95;91;66;103;76;92;75;82;92;99;98;87;50;90;87;62;86;93;56;70;102;98;89;42;83;97,9.094947017729282e-13,1.9042545318370685e-12,0.0,0,0,0
2025-04-18,H48,0,00:00,2025-04-17,48.0,6,17473.070534975777,0.0,0.0,0.0,0.0,0.0,34672.12904136437,0.12086650000003374,0.0,1,1,fallback_q80_q20,68;55;69;60;102;100;97;58;59;90;97;59;103;100;93;72;41;70;93;84;64;51;84;72;65;74;101;91;91;64,9.094947017729282e-13,1.1368683772161603e-13,0.0,0,0,0
2025-04-18,H48,36,06:00,2025-04-17,48.0,6,-392.1701506516009,0.0,392.1701506516009,0.0,0.0,787.6517339376591,24618.670958463415,0.16691519999994853,0.0,1,1,fallback_q80_q20,75;43;86;96;90;57;79;63;82;104;66;96;77;101;96;79;100;82;101;54;96;65;69;73;82;103;89;83;100;97,9.094947017729282e-13,8.469669410260394e-12,0.0,0,0,0
2025-04-18,H48,72,12:00,2025-04-17,48.0,6,-60.74658391291368,0.0,60.74658391291368,0.0,0.0,122.31566049160699,24339.947833527265,0.1852377999999817,0.0,1,1,fallback_q80_q20,96;98;78;49;104;96;100;103;94;56;88;101;104;86;98;69;96;62;102;76;88;75;98;104;81;56;102;96;79;54,5.4001247917767614e-12,1.1368683772161603e-13,0.0,0,0,0
2025-04-18,H48,108,18:00,2025-04-17,48.0,6,-936.7024793569423,0.0,936.7024793569423,0.0,0.0,1913.5659168554932,26147.153198484677,0.12082220000002053,0.0,1,1,fallback_q80_q20,104;72;84;64;89;91;95;102;102;71;43;95;93;69;104;103;82;88;83;91;88;91;93;79;103;74;100;63;80;84,8.43769498715119e-13,3.751665644813329e-12,0.0,0,0,0
2025-04-19,H48,0,00:00,2025-04-18,48.0,6,16943.943367578926,0.0,0.0,0.0,0.0,0.0,49650.858351402654,0.0794376999999713,0.0,1,1,fallback_q80_q20,91;73;73;56;64;101;86;66;83;66;92;72;102;91;96;95;75;72;99;86;50;101;61;103;74;67;101;62;98;96,4.547473508864641e-12,2.2737367544323206e-13,0.0,0,0,0
2025-04-19,H48,36,06:00,2025-04-18,48.0,6,1270.3251181681533,1270.6539234680122,0.328805299858825,0.0,838.6259166175828,1.5500823567783755,41986.133698844635,0.08459890000005998,0.0,1,1,fallback_q80_q20,87;95;100;85;98;96;100;89;85;61;86;46;102;71;73;98;38;91;97;71;102;68;104;74;81;102;91;81;87;86,1.0231815394945443e-12,2.2737367544323206e-13,0.0,0,0,0
2025-04-19,H48,72,12:00,2025-04-18,48.0,6,-160.04247977331107,0.0,160.04247977331107,0.0,0.0,355.1056435493517,44198.33853997817,0.0791725999999926,0.0,1,1,fallback_q80_q20,99;101;72;45;66;66;87;105;98;52;97;91;103;60;103;97;87;86;89;91;102;101;105;104;74;103;105;54;87;60,9.094947017729282e-13,2.2737367544323206e-13,0.0,0,0,0
2025-04-19,H48,108,18:00,2025-04-18,48.0,6,-94.04649871840611,0.0,94.04649871840611,0.0,0.0,283.5275336462908,48827.28158913798,0.07731440000009115,0.0,1,1,fallback_q80_q20,95;55;93;95;51;55;54;94;65;94;39;38;105;81;80;89;104;87;105;74;56;81;83;78;84;69;95;53;61;52,9.094947017729282e-13,2.2737367544323206e-13,0.0,0,0,0
2025-04-20,H48,0,00:00,2025-04-19,48.0,6,31287.63435503375,0.0,0.0,0.0,0.0,0.0,69108.99289876236,0.07334769999999935,0.0,1,1,fallback_q80_q20,82;39;75;106;57;105;87;70;74;85;103;97;101;75;58;68;45;88;97;95;87;83;102;89;79;63;63;94;82;77,9.094947017729282e-13,2.2737367544323206e-13,0.0,0,0,0
2025-04-20,H48,36,06:00,2025-04-19,48.0,6,2351.273222392651,2372.2405598840614,20.96733749141047,0.0,3144.3354494768637,60.74039459138419,50745.68622095793,0.0943965000000162,0.0,1,1,fallback_q80_q20,83;85;97;66;99;88;82;73;63;98;106;74;86;101;94;92;105;66;66;91;97;72;94;94;61;98;57;79;59;89,1.0231815394945443e-12,2.2737367544323206e-13,0.0,0,0,0
2025-04-20,H48,72,12:00,2025-04-19,48.0,6,1748.4215861521498,1869.9276302678395,121.50604411568972,0.0,1288.7636030583158,527.8705696110153,50601.230430669144,0.0899527000000262,0.0,1,1,fallback_q80_q20,45;95;106;103;76;103;54;92;103;78;94;98;76;89;101;59;103;100;101;87;78;106;78;90;91;103;105;66;66;59,9.094947017729282e-13,2.2737367544323206e-13,0.0,0,0,0
2025-04-20,H48,108,18:00,2025-04-19,48.0,6,1899.0612931686774,1899.0612931686774,0.0,0.0,1067.511161007301,0.0,56471.556077621484,0.08045430000004217,0.0,1,1,fallback_q80_q20,81;103;62;75;84;78;60;103;63;85;103;85;53;98;100;96;88;94;79;65;67;103;97;96;94;102;104;104;101;68,9.094947017729282e-13,2.2737367544323206e-13,0.0,0,0,0
2025-04-21,H48,0,00:00,2025-04-20,48.0,6,37893.17142851764,0.0,0.0,0.0,0.0,0.0,74181.09095505638,0.08612359999995078,0.0,1,1,fallback_q80_q20,98;98;103;100;91;91;57;98;104;59;106;105;96;104;98;106;107;65;84;64;76;98;62;107;83;74;78;106;75;80,1.0231815394945443e-12,2.2737367544323206e-13,0.0,0,0,0
2025-04-21,H48,36,06:00,2025-04-20,48.0,6,-2911.414285347647,30.57973744468766,2941.9940227923344,0.0,24.73872759456708,10601.45808153907,43917.77502179616,0.09896529999991799,0.0,1,1,fallback_q80_q20,96;90;107;98;93;89;97;66;55;105;47;106;97;96;104;83;78;107;106;91;56;99;89;103;97;106;105;96;106;97,9.094947017729282e-13,2.2737367544323206e-13,0.0,0,0,0
2025-04-21,H48,72,12:00,2025-04-20,48.0,6,1385.1858703854914,1393.645918533733,8.460048148241627,0.0,1026.9261270194281,40.78019243964451,48339.209133476405,0.07470219999993333,0.0,1,1,fallback_q80_q20,95;88;73;100;68;106;107;100;68;89;78;79;85;103;91;65;65;85;71;93;77;78;101;81;87;106;80;82;91;91,1.2505552149377763e-12,2.2737367544323206e-13,0.0,0,0,0
2025-04-21,H48,108,18:00,2025-04-20,48.0,6,582.879526492828,582.879526492828,0.0,0.0,336.18234350250157,0.0,55361.49922948089,0.093983900000012,0.0,1,1,fallback_q80_q20,96;49;98;99;106;88;91;101;55;100;80;80;68;104;106;99;106;97;105;96;91;105;83;86;82;86;90;103;89;103,9.094947017729282e-13,4.547473508864641e-13,0.0,0,0,0
2025-04-22,H48,0,00:00,2025-04-21,48.0,6,33571.3217077704,0.0,0.0,0.0,0.0,0.0,69701.16543915021,0.07597129999999197,0.0,1,1,fallback_q80_q20,98;54;104;107;107;107;83;98;106;61;78;107;100;91;98;89;103;104;99;94;100;91;102;69;75;103;99;71;63;107,1.2505552149377763e-12,2.2737367544323206e-13,0.0,0,0,0
2025-04-22,H48,36,06:00,2025-04-21,48.0,6,5025.462352507251,5031.903064913256,6.440712406004252,0.0,5703.697213165253,27.024992072850637,51989.77759382359,0.08816550000005918,0.0,1,1,fallback_q80_q20,95;103;76;91;90;98;87;106;54;63;91;103;95;96;92;47;103;106;63;91;87;90;82;62;79;93;107;91;106;98,9.094947017729282e-13,2.2737367544323206e-13,0.0,0,0,0
2025-04-22,H48,72,12:00,2025-04-21,48.0,6,-471.78761365913374,161.65483155565155,633.4424452147853,0.0,125.57408328704781,2724.1660491307675,48001.684297410065,0.09555539999996654,0.0,1,1,fallback_q80_q20,104;105;57;79;78;99;47;99;104;68;104;94;101;79;104;62;97;100;108;97;55;99;78;107;80;69;82;106;61;102,1.0231815394945443e-12,2.5579538487363607e-13,0.0,0,0,0
2025-04-22,H48,108,18:00,2025-04-21,48.0,6,52.725780611568986,54.30871731533005,1.582936703761066,0.0,33.542795548788945,2.5203991780289243,57716.18712792292,0.12506490000009762,0.0,1,1,fallback_q80_q20,89;97;96;93;82;49;68;68;94;87;105;62;61;59;99;107;78;101;71;61;82;105;58;88;101;98;104;104;68;93,1.5916157281026244e-12,2.2737367544323206e-13,0.0,0,0,0
2025-04-23,H48,0,00:00,2025-04-22,48.0,6,31667.329643102137,0.0,0.0,0.0,0.0,0.0,68002.72596777492,0.0754712999998901,0.0,1,1,fallback_q80_q20,97;82;96;91;109;103;71;93;93;92;72;77;103;79;65;105;72;68;69;100;57;105;103;106;47;102;107;58;76;65,9.094947017729282e-13,2.2737367544323206e-13,0.0,0,0,0
2025-04-23,H48,36,06:00,2025-04-22,48.0,6,5901.813163955539,5907.200566030797,5.387402075257952,0.0,7043.095161641204,25.423289028330828,53140.886659977725,0.09172720000003665,0.0,1,1,fallback_q80_q20,94;49;95;95;103;109;99;91;88;90;78;84;105;68;82;47;84;103;104;79;104;58;108;82;77;48;93;90;103;70,9.094947017729282e-13,2.2737367544323206e-13,0.0,0,0,0
2025-04-23,H48,72,12:00,2025-04-22,48.0,6,449.98019170309243,655.0988230398704,205.11863133677792,0.0,622.6192681286711,907.2268108328492,48296.080897642125,0.0884221000000025,0.0,1,1,fallback_q80_q20,101;107;98;82;99;100;97;101;109;77;103;107;104;101;97;95;92;75;105;85;98;98;106;106;109;104;105;48;96;107,1.0231815394945443e-12,2.2737367544323206e-13,0.0,0,0,0
2025-04-23,H48,108,18:00,2025-04-22,48.0,6,857.5105368696559,857.5105368696559,0.0,0.0,477.8341957415913,0.0,61002.39988445396,0.08331669999995484,0.0,1,1,fallback_q80_q20,63;58;98;66;104;96;104;73;104;64;98;100;107;107;61;97;93;99;91;106;103;97;81;72;82;86;51;56;108;109,1.0231815394945443e-12,6.821210263296962e-13,0.0,0,0,0
2025-04-24,H48,0,00:00,2025-04-23,48.0,6,30269.739276832268,0.0,0.0,0.0,0.0,0.0,50762.26787803367,0.08823589999997239,0.0,1,1,fallback_q80_q20,99;73;96;110;101;110;108;107;85;99;100;92;82;78;107;104;62;71;65;85;79;98;108;51;78;84;83;104;96;70,9.094947017729282e-13,2.2737367544323206e-13,0.0,0,0,0
2025-04-24,H48,36,06:00,2025-04-23,48.0,6,505.10032318357383,691.4288037351371,186.32848055156325,0.0,462.2718923808577,831.8039677650344,29160.278760194928,0.09030919999997877,0.0,1,1,fallback_q80_q20,110;98;82;90;102;88;104;78;104;96;104;86;105;73;91;85;58;108;86;109;91;70;87;99;103;107;94;79;93;96,9.094947017729282e-13,2.2737367544323206e-13,0.0,0,0,0
2025-04-24,H48,72,12:00,2025-04-23,48.0,6,1464.6785804097556,1473.3753832141597,8.696802804404031,0.0,1326.946765474617,18.827375233667908,26664.47539292248,0.12008270000001176,0.0,1,1,fallback_q80_q20,63;80;102;99;98;100;98;107;103;77;62;104;106;79;76;84;63;110;93;83;75;104;105;106;94;92;104;54;100;87,2.2737367544323206e-12,2.2737367544323206e-13,0.0,0,0,0
2025-04-24,H48,108,18:00,2025-04-23,48.0,6,412.00391099638864,415.7754991491522,3.771588152763551,0.0,228.13696089794524,9.715579991662935,28032.144646390545,0.2256596999999374,0.0,1,1,fallback_q80_q20,95;97;106;86;58;72;110;103;93;105;92;48;78;79;58;92;100;99;68;76;70;105;96;92;92;110;91;47;72;72,9.094947017729282e-13,3.694822225952521e-12,0.0,0,0,0
2025-04-25,H48,0,00:00,2025-04-24,48.0,6,16844.826027350406,0.0,0.0,0.0,0.0,0.0,33724.54465172623,0.08000140000001466,0.0,1,1,fallback_q80_q20,107;105;77;110;101;105;50;110;73;91;91;73;80;103;75;61;85;75;87;103;107;103;89;100;103;83;85;89;102;98,1.3642420526593924e-12,1.1368683772161603e-13,0.0,0,0,0
2025-04-25,H48,36,06:00,2025-04-24,48.0,6,-208.9226389743255,0.0,208.9226389743255,0.0,0.0,408.38217952517414,22924.02586142117,0.08190279999996619,0.0,1,1,fallback_q80_q20,54;87;65;100;110;79;76;83;99;86;82;98;56;93;99;111;110;79;56;71;73;101;96;69;85;110;106;50;103;99,1.0231815394945443e-12,1.1368683772161603e-13,0.0,0,0,0
2025-04-25,H48,72,12:00,2025-04-24,48.0,6,-695.1950615682578,0.0,695.1950615682578,0.0,0.0,1363.370453745712,22283.02980528784,0.20769110000003366,0.0,1,1,fallback_q80_q20,93;85;91;100;110;105;83;107;106;99;48;83;93;103;68;107;89;109;108;56;91;110;56;50;94;103;110;111;107;103,1.8189894035458565e-12,4.547473508864641e-13,0.0,0,0,0
2025-04-25,H48,108,18:00,2025-04-24,48.0,6,-424.8085922511529,0.0,424.8085922511529,0.0,0.0,906.5520187322277,24227.073553354654,0.08621040000002722,0.0,1,1,fallback_q80_q20,68;106;106;107;76;107;100;100;100;55;86;95;73;67;77;57;110;98;103;109;91;66;111;111;109;61;92;86;99;109,1.8189894035458565e-12,1.1368683772161603e-13,0.0,0,0,0
2025-04-26,H48,0,00:00,2025-04-25,48.0,6,16958.362899790645,0.0,0.0,0.0,0.0,0.0,47756.88125394978,0.08379780000007031,0.0,1,1,fallback_q80_q20,99;92;80;110;105;102;107;83;62;108;65;109;108;86;67;95;96;80;79;103;79;94;105;107;110;68;108;96;80;74,1.8189894035458565e-12,1.7053025658242404e-13,0.0,0,0,0
2025-04-26,H48,36,06:00,2025-04-25,48.0,6,512.1437325489112,517.1939364199095,5.050203870998358,0.0,365.3332652121386,24.001746583192244,39677.759364085636,0.11831159999996999,0.0,1,1,fallback_q80_q20,99;90;97;103;90;95;98;87;108;80;109;75;59;84;104;92;57;64;107;109;112;95;96;109;60;93;90;102;108;85,3.637978807091713e-12,2.2737367544323206e-13,0.0,0,0,0
2025-04-26,H48,72,12:00,2025-04-25,48.0,6,-129.0325271126075,0.0,129.0325271126075,0.0,0.0,284.5978648918127,44555.030162114526,0.08816170000000056,0.0,1,1,fallback_q80_q20,109;97;104;89;52;87;83;108;78;91;58;110;83;46;66;93;95;109;89;105;67;79;80;71;104;89;65;108;85;100,1.2505552149377763e-12,2.2737367544323206e-13,0.0,0,0,0
2025-04-26,H48,108,18:00,2025-04-25,48.0,6,-85.5775742479015,0.0,85.5775742479015,0.0,0.0,254.24672213262835,48735.79068715609,0.10203730000000633,0.0,1,1,fallback_q80_q20,105;105;109;109;87;106;60;67;109;100;110;100;108;102;98;91;76;45;58;109;112;106;108;75;107;85;93;87;100;112,1.2505552149377763e-12,2.2737367544323206e-13,0.0,0,0,0
2025-04-27,H48,0,00:00,2025-04-26,48.0,6,28212.811458316133,0.0,0.0,0.0,0.0,0.0,63697.40089545582,0.07840099999998529,0.0,1,1,fallback_q80_q20,81;73;111;77;76;101;80;84;98;112;88;86;83;94;91;94;111;87;86;93;99;91;74;82;92;106;79;106;64;87,9.094947017729282e-13,2.2737367544323206e-13,0.0,0,0,0
2025-04-27,H48,36,06:00,2025-04-26,48.0,6,7708.925057460951,7709.258540996689,0.33348353573760825,0.0,8154.7483590353695,1.5741493308360077,52985.98701694651,0.09298289999992448,0.0,1,1,fallback_q80_q20,60;101;111;105;100;99;113;110;70;94;83;77;67;70;61;90;108;74;111;94;60;108;99;46;60;53;52;81;109;45,1.2505552149377763e-12,2.2737367544323206e-13,0.0,0,0,0
2025-04-27,H48,72,12:00,2025-04-26,48.0,6,435.5337993930988,857.4386395155141,421.9048401224153,0.0,621.9974406871138,1898.3625444922031,45837.977195739775,0.08402130000001762,0.0,1,1,fallback_q80_q20,106;108;106;113;111;53;84;88;108;108;110;94;110;113;101;75;109;99;110;105;108;61;95;108;77;74;112;109;60;105,1.0231815394945443e-12,2.2737367544323206e-13,0.0,0,0,0
2025-04-27,H48,108,18:00,2025-04-26,48.0,6,2456.6952658921655,2456.6952658921655,0.0,0.0,1367.1995733574886,0.0,66542.06170955017,0.06793709999999464,0.0,1,1,fallback_q80_q20,112;81;81;106;77;62;80;64;84;92;108;105;84;111;104;88;66;81;95;59;45;102;112;83;85;63;91;102;111;97,9.094947017729282e-13,2.2737367544323206e-13,0.0,0,0,0
2025-04-28,H48,0,00:00,2025-04-27,48.0,6,39825.029866024066,0.0,0.0,0.0,0.0,0.0,75331.21418263571,0.07703659999992851,0.0,1,1,fallback_q80_q20,107;112;105;98;94;107;107;67;110;108;74;56;103;106;113;75;74;58;63;64;109;98;66;93;105;88;114;82;85;66,9.094947017729282e-13,2.2737367544323206e-13,0.0,0,0,0
2025-04-28,H48,36,06:00,2025-04-27,48.0,6,566.8555817379779,614.0285184984677,47.172936760489826,0.0,767.0748155340568,153.78512219766606,45446.52227255687,0.07824399999992693,0.0,1,1,fallback_q80_q20,107;113;84;102;106;101;103;69;112;111;103;99;91;103;65;98;111;75;86;110;100;104;107;109;84;96;114;51;100;88,9.094947017729282e-13,2.2737367544323206e-13,0.0,0,0,0
2025-04-28,H48,72,12:00,2025-04-27,48.0,6,-183.2673403747682,678.1338330056388,861.401173380407,0.0,414.8350955569049,3083.0904512310317,44992.83641834549,0.0811074999999164,0.0,1,1,fallback_q80_q20,54;88;69;85;87;105;66;95;107;83;111;83;108;112;62;103;100;103;91;82;104;89;85;102;111;106;62;111;91;114,9.094947017729282e-13,2.2737367544323206e-13,0.0,0,0,0
2025-04-28,H48,108,18:00,2025-04-27,48.0,6,-51.29573659903496,0.0,51.29573659903496,0.0,0.0,84.5925112864478,58728.02396012557,0.09790090000001328,0.0,1,1,fallback_q80_q20,113;91;100;72;109;103;89;83;70;66;111;72;109;89;104;97;92;93;114;93;76;64;107;63;98;99;99;111;99;96,9.094947017729282e-13,2.2737367544323206e-13,0.0,0,0,0
2025-04-29,H48,0,00:00,2025-04-28,48.0,6,32795.86491554785,0.0,0.0,0.0,0.0,0.0,68750.83141861651,0.08154799999999796,0.0,1,1,fallback_q80_q20,106;98;58;113;113;110;110;102;103;109;89;104;86;64;115;91;83;113;72;110;55;70;114;112;97;100;100;87;91;77,8.668621376273222e-13,2.2737367544323206e-13,0.0,0,0,0
2025-04-29,H48,36,06:00,2025-04-28,48.0,6,1781.990974899907,1851.7131532037693,69.72217830386228,0.0,1689.5224301699282,324.6825632108126,47272.065602151444,0.08280840000008993,0.0,1,1,fallback_q80_q20,108;93;107;85;77;92;81;93;97;111;109;113;106;114;110;76;65;54;109;81;103;113;109;94;106;108;103;56;110;86,9.094947017729282e-13,2.2737367544323206e-13,0.0,0,0,0
2025-04-29,H48,72,12:00,2025-04-28,48.0,6,315.9542857281455,600.5378451473211,284.58355941917563,0.0,536.1341562475202,1317.4029725618545,47874.98722881982,0.12055279999992763,0.0,1,1,fallback_q80_q20,92;91;115;98;113;97;105;92;107;68;96;83;85;77;106;114;110;97;100;98;110;112;95;115;113;114;88;103;106;107,9.094947017729282e-13,2.2737367544323206e-13,0.0,0,0,0
2025-04-29,H48,108,18:00,2025-04-28,48.0,6,60.56406028595813,61.409924618980035,0.8458643330219101,0.0,37.54058499225778,4.008835701525641,62695.69526359288,0.14480869999999868,0.0,1,1,fallback_q80_q20,98;66;103;94;100;86;109;97;110;112;104;73;112;97;90;99;85;100;62;111;94;85;107;72;97;108;104;92;104;68,1.0231815394945443e-12,1.3642420526593924e-12,0.0,0,0,0
2025-04-30,H48,0,00:00,2025-04-29,48.0,6,31652.30285297186,0.0,0.0,0.0,0.0,0.0,66258.5618396172,0.07737070000007407,0.0,1,1,fallback_q80_q20,68;111;54;105;105;97;115;64;91;97;77;63;114;65;88;107;107;108;105;96;56;82;114;104;92;113;101;110;97;86,8.668621376273222e-13,2.2737367544323206e-13,0.0,0,0,0
2025-04-30,H48,36,06:00,2025-04-29,48.0,6,1466.1380980478743,1474.727917005585,8.589818957710648,0.0,2111.578823821092,41.15860730928648,44980.48391711628,0.07682390000002215,0.0,1,1,fallback_q80_q20,113;108;112;92;62;99;82;82;82;110;116;103;98;113;96;104;106;101;89;113;92;99;104;77;101;74;111;113;79;92,9.094947017729282e-13,2.2737367544323206e-13,0.0,0,0,0
2025-04-30,H48,72,12:00,2025-04-29,48.0,6,-8.434396449468068,279.36708052989684,287.8014769793649,0.0,150.91083780708846,864.4654552689191,43711.24969603318,0.09731729999998606,0.0,1,1,fallback_q80_q20,110;105;114;112;113;109;64;76;103;105;99;112;113;112;72;78;74;84;99;69;105;71;105;114;105;86;97;65;106;110,9.094947017729282e-13,2.2737367544323206e-13,0.0,0,0,0
2025-04-30,H48,108,18:00,2025-04-29,48.0,6,297.01171827798777,298.31940294043284,1.3076846624450764,0.0,161.1109572778546,2.649548500547212,54380.94346000701,0.08070530000009057,0.0,1,1,fallback_q80_q20,82;102;113;107;110;93;76;88;108;103;63;108;87;102;57;92;114;96;113;83;94;107;112;75;103;100;113;65;87;73,9.094947017729282e-13,2.2737367544323206e-13,0.0,0,0,0
2025-05-01,H48,0,00:00,2025-04-30,48.0,6,32598.086786958393,0.0,0.0,0.0,0.0,0.0,52466.96384668789,0.10933990000000904,0.0,1,1,fallback_q80_q20,74;117;92;117;108;99;78;111;83;72;95;90;116;88;103;117;78;75;106;113;104;65;105;99;99;105;55;91;111;104,9.094947017729282e-13,2.2737367544323206e-13,0.0,0,0,0
2025-05-01,H48,36,06:00,2025-04-30,48.0,6,-154.66374192847348,378.2930314408671,532.9567733693406,0.0,357.34076188046737,2091.3780404356185,28316.438260356656,0.10789039999997385,0.0,1,1,fallback_q80_q20,99;81;96;115;83;78;77;71;98;65;82;101;84;108;112;100;111;116;97;63;93;107;111;113;113;65;94;111;78;99,9.094947017729282e-13,2.2737367544323206e-13,0.0,0,0,0
2025-05-01,H48,72,12:00,2025-04-30,48.0,6,-104.76291195875993,122.07942257762267,226.8423345363826,0.0,123.214627423714,1027.9892550994168,25837.953356044913,0.2729325999999901,0.0,1,1,fallback_q80_q20,107;65;108;106;109;116;85;90;110;114;101;110;99;107;57;76;107;87;95;94;93;104;103;111;106;112;73;105;84;113,2.7284841053187847e-12,7.958078640513122e-13,0.0,0,0,0
2025-05-01,H48,108,18:00,2025-04-30,48.0,6,1535.104640197346,1535.104640197346,0.0,0.0,883.9041391749131,0.0,32664.255708753757,0.07921709999993709,0.0,1,1,fallback_q80_q20,105;117;107;110;80;73;112;96;103;114;113;116;111;99;107;104;117;55;105;84;117;75;68;68;91;100;111;58;85;85,9.094947017729282e-13,1.1368683772161603e-13,0.0,0,0,0
2025-05-02,H48,0,00:00,2025-05-01,48.0,6,19613.060088099977,0.0,0.0,0.0,0.0,0.0,35786.70781993021,0.17174800000009327,0.0,1,1,fallback_q80_q20,112;87;117;113;118;111;91;99;91;84;112;57;68;118;107;114;103;102;85;117;85;90;109;114;69;90;110;65;115;94,9.094947017729282e-13,2.0179413695586845e-12,0.0,0,0,0
2025-05-02,H48,36,06:00,2025-05-01,48.0,6,2853.989234966664,2865.382023830759,11.392788864095179,0.0,4289.338032639508,32.15284771188408,27567.66249244855,0.08382079999989855,0.0,1,1,fallback_q80_q20,87;74;83;118;75;117;76;103;117;117;117;101;76;101;117;107;68;111;112;72;105;87;117;106;106;118;97;58;78;116,9.094947017729282e-13,1.7053025658242404e-13,0.0,0,0,0
2025-05-02,H48,72,12:00,2025-05-01,48.0,6,-1395.716832435702,0.0,1395.716832435702,0.0,0.0,4274.491828975839,21188.318021687595,0.15084030000002713,0.0,1,1,fallback_q80_q20,112;55;107;99;92;55;107;110;96;100;69;107;79;62;85;55;103;98;117;114;113;116;98;99;102;103;114;78;103;111,9.094947017729282e-13,1.1368683772161603e-13,0.0,0,0,0
2025-05-02,H48,108,18:00,2025-05-01,48.0,6,-420.9301798200152,0.0,420.9301798200152,0.0,0.0,796.1218938589197,25156.760397817543,0.15521069999999781,0.0,1,1,fallback_q80_q20,101;104;109;86;95;97;98;75;86;115;95;116;87;98;62;112;79;115;94;87;76;101;87;89;92;113;68;87;87;71,9.094947017729282e-13,1.1368683772161603e-13,0.0,0,0,0
2025-05-03,H48,0,00:00,2025-05-02,48.0,6,18130.654568619,0.0,0.0,0.0,0.0,0.0,50344.17988740055,0.09130750000008447,0.0,1,1,fallback_q80_q20,110;102;113;80;103;118;87;71;71;101;101;113;95;114;72;73;108;105;115;93;101;106;95;102;109;104;119;101;110;118,4.547473508864641e-12,2.2737367544323206e-13,0.0,0,0,0
2025-05-03,H48,36,06:00,2025-05-02,48.0,6,415.03887506868455,423.9063723598182,8.867497291133668,0.0,271.6851536465899,42.775491357579995,43752.30006179395,0.16570679999995264,0.0,1,1,fallback_q80_q20,108;119;79;80;112;90;116;114;80;116;108;100;101;67;118;115;66;101;87;72;60;93;73;116;82;92;106;116;75;66,9.094947017729282e-13,3.495870259939693e-12,0.0,0,0,0
2025-05-03,H48,72,12:00,2025-05-02,48.0,6,-425.5108706053254,0.0,425.5108706053254,0.0,0.0,809.7386858628181,42399.17585646034,0.09421750000001339,0.0,1,1,fallback_q80_q20,92;110;84;116;107;64;115;72;82;85;84;80;85;68;86;113;89;109;74;84;115;73;79;107;117;114;116;91;73;94,9.094947017729282e-13,2.2737367544323206e-13,0.0,0,0,0
2025-05-03,H48,108,18:00,2025-05-02,48.0,6,807.4650142739721,808.0565801132077,0.5915658392356363,0.0,466.3365100365208,2.7904049020548882,48429.56342412957,0.08432830000003833,0.0,1,1,fallback_q80_q20,87;74;90;96;94;113;101;53;95;85;95;109;69;115;68;115;66;73;111;109;116;116;79;85;115;108;71;91;109;90,1.0231815394945443e-12,2.2737367544323206e-13,0.0,0,0,0
2025-05-04,H48,0,00:00,2025-05-03,48.0,6,32856.00623384893,0.0,0.0,0.0,0.0,0.0,72036.60471850536,0.08975620000001072,0.0,1,1,fallback_q80_q20,89;111;98;102;87;115;120;74;68;93;114;101;119;89;90;70;108;111;117;120;113;108;79;102;107;73;69;116;107;117,1.0231815394945443e-12,2.2737367544323206e-13,0.0,0,0,0
2025-05-04,H48,36,06:00,2025-05-03,48.0,6,470.4064571990962,903.6949347576144,433.2884775585182,0.0,558.8587542653245,1859.329841788419,47464.8183812212,0.08796019999999771,0.0,1,1,fallback_q80_q20,71;80;98;96;108;87;117;111;81;103;116;116;114;103;59;79;114;74;99;97;67;103;100;119;60;78;106;76;106;74,9.094947017729282e-13,2.2737367544323206e-13,0.0,0,0,0
2025-05-04,H48,72,12:00,2025-05-03,48.0,6,1083.032824510795,1312.5222816317266,229.48945712093163,0.0,731.3461784573875,583.5520384005732,50729.84874286265,0.0872869999999466,0.0,1,1,fallback_q80_q20,107;107;84;83;76;115;110;102;91;94;75;94;102;98;116;109;114;120;76;77;120;108;81;69;110;88;120;112;82;82,9.094947017729282e-13,2.2737367544323206e-13,0.0,0,0,0
2025-05-04,H48,108,18:00,2025-05-03,48.0,6,2480.2515220915066,2480.2515220915066,0.0,0.0,1364.1961615339847,0.0,69885.52415997427,0.07918119999999362,0.0,1,1,fallback_q80_q20,78;119;111;88;98;82;78;111;89;104;101;87;87;68;99;118;113;67;68;81;110;88;100;101;68;99;70;95;105;69,9.094947017729282e-13,2.2737367544323206e-13,0.0,0,0,0
2025-05-05,H48,0,00:00,2025-05-04,48.0,6,39237.54947464471,0.0,0.0,0.0,0.0,0.0,74568.34552846328,0.09510919999991074,0.0,1,1,fallback_q80_q20,61;79;61;112;96;110;107;108;84;110;118;103;58;98;88;113;117;102;87;105;112;112;70;98;117;103;63;83;88;102,1.0231815394945443e-12,2.2737367544323206e-13,0.0,0,0,0
2025-05-05,H48,36,06:00,2025-05-04,48.0,6,1617.57709630746,1652.6197738924743,35.04267758501442,0.0,2429.7794950688376,114.12803785179415,47447.94074544385,0.09655669999995098,0.0,1,1,fallback_q80_q20,97;118;117;92;58;112;110;119;93;112;121;91;110;58;112;88;121;96;117;121;121;111;121;103;90;105;107;93;113;84,9.094947017729282e-13,2.2737367544323206e-13,0.0,0,0,0
2025-05-05,H48,72,12:00,2025-05-04,48.0,6,-1150.9533243857088,167.93780105019096,1318.8911254358998,0.0,102.16794975287246,4279.880861756865,46235.55232295968,0.08092880000003788,0.0,1,1,fallback_q80_q20,99;112;97;99;100;72;108;116;108;78;97;88;121;120;118;78;117;118;114;108;61;121;78;118;114;109;93;120;106;117,9.094947017729282e-13,2.2737367544323206e-13,0.0,0,0,0
2025-05-05,H48,108,18:00,2025-05-04,48.0,6,1130.3749316759502,1130.721957773806,0.3470260978559584,0.0,621.7289714188119,1.6380745709509483,53991.417966568944,0.10805560000005698,0.0,1,1,fallback_q80_q20,113;61;87;83;118;91;94;106;117;98;114;110;82;114;84;121;121;118;89;84;83;100;111;113;110;119;109;93;91;112,9.094947017729282e-13,1.0231815394945443e-12,0.0,0,0,0
2025-05-06,H48,0,00:00,2025-05-05,48.0,6,32296.612698889927,0.0,0.0,0.0,0.0,0.0,67944.90154542995,0.07671740000000682,0.0,1,1,fallback_q80_q20,65;87;109;109;122;119;87;112;107;111;75;118;106;103;118;102;77;87;86;97;120;83;68;71;105;97;78;69;86;113,1.0231815394945443e-12,2.2737367544323206e-13,0.0,0,0,0
2025-05-06,H48,36,06:00,2025-05-05,48.0,6,7145.203859819049,7162.050011986574,16.846152167524227,0.0,8407.736474965579,80.44072244295603,52482.80803359445,0.11033879999990859,0.0,1,1,fallback_q80_q20,118;99;103;122;122;112;121;84;99;113;82;98;99;102;115;118;113;117;122;95;61;82;113;77;103;89;103;71;94;121,9.094947017729282e-13,2.2737367544323206e-13,0.0,0,0,0
2025-05-06,H48,72,12:00,2025-05-05,48.0,6,498.72956308554535,1128.9698218990925,630.2402588135471,0.0,736.3543202099249,2625.1895163794343,56793.37934809861,0.08823849999998856,0.0,1,1,fallback_q80_q20,78;100;97;90;93;108;88;120;68;118;106;85;64;63;115;68;118;120;105;122;113;68;110;65;93;76;72;117;122;90,3.637978807091713e-12,2.2737367544323206e-13,0.0,0,0,0
2025-05-06,H48,108,18:00,2025-05-05,48.0,6,2085.099179056461,2085.099179056461,0.0,0.0,1134.182653683504,0.0,60034.93838692772,0.09087380000005396,0.0,1,1,fallback_q80_q20,98;119;85;71;118;77;118;69;107;110;100;77;120;114;120;122;96;107;112;120;97;120;68;86;107;61;120;117;82;74,9.094947017729282e-13,6.821210263296962e-13,0.0,0,0,0
2025-05-07,H48,0,00:00,2025-05-06,48.0,6,35595.02839609835,0.0,0.0,0.0,0.0,0.0,74802.01760349241,0.07699849999994512,0.0,1,1,fallback_q80_q20,108;97;78;105;117;80;96;77;104;120;88;113;71;93;65;117;87;114;118;121;84;86;110;120;85;93;118;101;120;120,1.0231815394945443e-12,2.2737367544323206e-13,0.0,0,0,0
2025-05-07,H48,36,06:00,2025-05-06,48.0,6,7989.704541601117,7993.401734087164,3.697192486046955,0.0,8623.943247838317,17.43058012354527,56218.75715440215,0.0937076000000161,0.0,1,1,fallback_q80_q20,97;99;106;95;115;109;104;121;114;110;81;104;95;115;98;81;89;84;83;88;120;75;90;123;104;61;116;82;92;102,8.810729923425242e-13,2.2737367544323206e-13,0.0,0,0,0
2025-05-07,H48,72,12:00,2025-05-06,48.0,6,-1367.7231562966203,0.0,1367.7231562966203,0.0,0.0,4069.8915198318336,54485.62183924228,0.09618430000000444,0.0,1,1,fallback_q80_q20,117;111;116;92;64;100;120;118;99;121;113;121;123;113;64;79;120;99;89;118;105;97;99;114;76;77;118;114;89;110,1.0231815394945443e-12,2.2737367544323206e-13,0.0,0,0,0
2025-05-07,H48,108,18:00,2025-05-06,48.0,6,2168.8454462753834,2168.8454462753834,0.0,0.0,1185.2395339283926,0.0,59844.946138244944,0.07956350000006296,0.0,1,1,fallback_q80_q20,117;72;111;120;71;92;119;85;119;114;119;100;110;119;94;109;117;106;83;118;87;88;81;111;111;94;97;123;111;117,8.526512829121202e-13,3.410605131648481e-13,0.0,0,0,0
2025-05-08,H48,0,00:00,2025-05-07,48.0,6,40118.56969875996,0.0,0.0,0.0,0.0,0.0,64188.190519941774,0.07359410000003663,0.0,1,1,fallback_q80_q20,64;107;117;121;103;95;99;121;114;112;112;98;115;121;115;110;124;103;120;95;117;109;106;80;102;114;101;117;111;114,9.094947017729282e-13,2.2737367544323206e-13,0.0,0,0,0
2025-05-08,H48,36,06:00,2025-05-07,48.0,6,-1429.7028368352244,413.941865632019,1843.6447024672434,0.0,224.90451335036903,6045.562441500168,30793.130404231575,0.12345440000001418,0.0,1,1,fallback_q80_q20,114;106;105;103;118;114;114;121;124;112;118;76;63;98;92;112;101;124;85;68;118;114;105;69;100;89;108;117;123;78,9.663381206337363e-13,2.8421709430404007e-12,0.0,0,0,0
2025-05-08,H48,72,12:00,2025-05-07,48.0,6,2140.4243595740377,2399.1468270345813,258.7224674605435,0.0,1963.1123967119042,1145.6020644159576,34722.008395396835,0.12888069999996787,2.0954886973496653e-16,1,1,fallback_q80_q20,98;99;109;81;62;118;75;116;112;106;108;63;109;114;119;124;115;104;124;76;86;100;105;75;113;72;80;120;121;117,1.1937117960769683e-12,2.2737367544323206e-13,0.0,0,0,0
2025-05-08,H48,108,18:00,2025-05-07,48.0,6,-91.99273685802466,0.0,91.99273685802466,0.0,0.0,148.8920611685627,33289.03072459362,0.08860249999997905,0.0,1,1,fallback_q80_q20,92;107;108;107;94;121;62;118;106;83;80;113;107;113;110;97;89;92;104;72;117;116;115;114;86;107;120;116;99;94,8.242295734817162e-13,7.958078640513122e-13,0.0,0,0,0
2025-05-09,H48,0,00:00,2025-05-08,48.0,6,20532.061802424294,0.0,0.0,0.0,0.0,0.0,41004.613737613945,0.08822490000000016,0.0,1,1,fallback_q80_q20,108;107;85;72;120;107;78;119;124;117;62;109;116;89;121;78;110;75;112;108;125;96;72;119;91;98;112;103;125;101,9.094947017729282e-13,2.2737367544323206e-13,0.0,0,0,0
2025-05-09,H48,36,06:00,2025-05-08,48.0,6,998.368866766654,1231.1245144300333,232.75564766337925,0.0,751.5769786872177,668.6093965916419,28559.120498469747,0.12026140000000396,0.0,1,1,fallback_q80_q20,65;76;120;98;121;113;72;123;112;120;92;79;107;91;125;106;114;81;124;78;107;99;119;105;95;89;97;123;103;119,9.094947017729282e-13,1.1368683772161603e-13,0.0,0,0,0
2025-05-09,H48,72,12:00,2025-05-08,48.0,6,-724.5010382750219,0.0,724.5010382750219,0.0,0.0,1323.0896949927542,28348.564749477602,0.17330119999996896,0.0,1,1,fallback_q80_q20,115;82;98;103;114;119;94;125;85;96;110;122;115;109;118;122;117;94;106;106;98;112;104;125;120;86;124;97;123;115,8.100187187665142e-13,2.2737367544323206e-13,0.0,0,0,0
2025-05-09,H48,108,18:00,2025-05-08,48.0,6,-818.1203566091235,0.0,818.1203566091235,0.0,0.0,1512.1814146931538,29604.102065861163,0.21025399999996353,0.0,1,1,fallback_q80_q20,87;86;71;121;75;109;69;105;121;95;119;118;97;115;80;112;108;107;120;125;86;92;95;124;117;83;64;122;102;125,7.605649443576112e-11,1.3926637620897964e-12,0.0,0,0,0
2025-05-10,H48,0,00:00,2025-05-09,48.0,6,21882.114142773647,0.0,0.0,0.0,0.0,0.0,56805.950887083774,0.0688127999999324,0.0,1,1,fallback_q80_q20,115;120;99;88;105;114;94;112;98;119;94;106;123;92;108;123;114;72;123;81;122;81;102;101;82;120;88;80;123;95,9.094947017729282e-13,2.2737367544323206e-13,0.0,0,0,0
2025-05-10,H48,36,06:00,2025-05-09,48.0,6,2465.3735305484506,2467.0703475679857,1.6968170195351464,0.0,1737.183798134138,8.089732868985948,45822.42469159246,0.08972510000000966,0.0,1,1,fallback_q80_q20,123;106;97;89;95;85;81;124;121;101;103;87;123;97;120;84;112;67;120;102;95;101;86;108;74;123;97;123;85;123,9.094947017729282e-13,2.2737367544323206e-13,0.0,0,0,0
2025-05-10,H48,72,12:00,2025-05-09,48.0,6,-1139.2993703721045,0.0,1139.2993703721045,0.0,0.0,2316.271963170504,44544.74699904697,0.12125489999993988,0.0,1,1,fallback_q80_q20,124;67;116;85;115;108;81;83;100;107;72;105;72;105;125;104;116;115;123;125;102;125;93;126;89;84;126;109;126;99,1.8189894035458565e-12,2.2737367544323206e-13,0.0,0,0,0
2025-05-10,H48,108,18:00,2025-05-09,48.0,6,-131.95520120421193,0.0,131.95520120421193,0.0,0.0,248.9613267672445,64530.28804363011,0.07356989999993857,0.0,1,1,fallback_q80_q20,118;102;78;84;123;116;108;93;109;74;124;123;113;77;109;107;98;122;106;123;109;120;96;114;99;125;118;124;120;98,9.094947017729282e-13,1.5916157281026244e-12,0.0,0,0,0
2025-05-11,H48,0,00:00,2025-05-10,48.0,6,35836.421513532936,0.0,0.0,0.0,0.0,0.0,76500.17053801092,0.07654959999990751,0.0,1,1,fallback_q80_q20,112;108;127;123;116;83;115;88;123;110;91;67;91;114;114;113;123;101;112;72;81;112;87;111;118;108;60;123;80;95,9.094947017729282e-13,2.2737367544323206e-13,0.0,0,0,0
2025-05-11,H48,36,06:00,2025-05-10,48.0,6,3045.7995951947046,3089.674888392505,43.875293197800424,0.0,3461.527354859007,200.48679325277942,54801.38257733754,0.09370639999997366,0.0,1,1,fallback_q80_q20,127;107;112;127;122;95;103;122;74;110;102;119;121;113;109;122;117;114;126;119;98;73;115;118;122;98;88;126;117;95,9.094947017729282e-13,2.2737367544323206e-13,0.0,0,0,0
2025-05-11,H48,72,12:00,2025-05-10,48.0,6,1749.4661455779742,2551.280766398587,801.8146208206126,0.0,1535.1872715419984,3181.553542885941,56008.44917411776,0.08224039999993238,0.0,1,1,fallback_q80_q20,116;108;125;125;97;117;107;122;124;126;81;87;114;123;100;127;73;117;126;120;66;109;96;76;95;77;120;75;126;110,9.094947017729282e-13,2.2737367544323206e-13,0.0,0,0,0
2025-05-11,H48,108,18:00,2025-05-10,48.0,6,783.838732883005,798.9942665676672,15.155533684662172,0.0,448.25317742257914,24.131094155978303,65988.222360165,0.07609129999991637,0.0,1,1,fallback_q80_q20,93;79;81;127;97;109;102;121;118;110;90;59;98;105;127;107;111;94;117;115;59;107;122;107;125;124;59;96;67;107,9.094947017729282e-13,4.547473508864641e-13,0.0,0,0,0
2025-05-12,H48,0,00:00,2025-05-11,48.0,6,35594.75533507177,0.0,0.0,0.0,0.0,0.0,75416.60938922704,0.07240200000001096,0.0,1,1,fallback_q80_q20,72;98;95;120;102;122;113;84;117;84;109;104;103;124;85;113;124;119;128;117;120;70;117;118;95;101;112;109;99;106,9.094947017729282e-13,2.2737367544323206e-13,0.0,0,0,0
2025-05-12,H48,36,06:00,2025-05-11,48.0,6,6044.867799307609,6045.108442142942,0.24064283533302044,0.0,6612.250313970426,1.1355532811935518,56957.96714916233,0.12893389999999272,0.0,1,1,fallback_q80_q20,75;99;98;115;100;124;126;120;119;112;96;120;92;104;106;106;82;122;87;125;125;105;128;119;114;127;109;118;127;124,9.094947017729282e-13,2.8421709430404007e-13,0.0,0,0,0
2025-05-12,H48,72,12:00,2025-05-11,48.0,6,-404.9524958116908,552.537333494353,957.4898293060438,0.0,289.81495117819173,3817.178729807374,51940.948381819624,0.08719280000002527,0.0,1,1,fallback_q80_q20,97;103;121;106;107;96;124;120;127;118;99;124;123;119;106;87;124;123;95;113;87;118;92;72;125;94;110;107;128;99,9.094947017729282e-13,2.2737367544323206e-13,0.0,0,0,0
2025-05-12,H48,108,18:00,2025-05-11,48.0,6,-112.87863048272749,15.739390542105632,128.61802102483313,0.0,7.77887688343867,215.9658657489279,64046.668205073474,0.07402530000001661,0.0,1,1,fallback_q80_q20,70;77;126;106;91;121;114;127;98;110;96;112;89;122;93;92;126;127;111;85;128;111;126;128;120;71;117;118;76;97,9.094947017729282e-13,7.958078640513122e-13,0.0,0,0,0
2025-05-13,H48,0,00:00,2025-05-12,48.0,6,41877.14978287368,0.0,0.0,0.0,0.0,0.0,83159.60628126141,0.07825190000005477,0.0,1,1,fallback_q80_q20,96;121;119;128;80;95;84;70;81;92;69;98;124;121;125;75;108;110;121;124;116;83;120;123;112;104;114;105;124;120,9.094947017729282e-13,2.2737367544323206e-13,0.0,0,0,0
2025-05-13,H48,36,06:00,2025-05-12,48.0,6,-737.0814375228301,1255.2166047235623,1992.2980422463925,0.0,1076.8302088858136,6346.268810627599,49382.73246351445,0.09256110000001172,0.0,1,1,fallback_q80_q20,113;81;118;96;69;127;96;115;127;92;72;110;71;117;125;110;126;75;123;126;122;91;128;68;97;94;126;86;114;113,1.2505552149377763e-12,2.2737367544323206e-13,0.0,0,0,0
2025-05-13,H48,72,12:00,2025-05-12,48.0,6,55.011061603218536,308.43690379734784,253.4258421941293,0.0,270.2451540006915,1092.8529069072783,60712.660631365434,0.11378149999995912,0.0,1,1,fallback_q80_q20,98;121;128;128;124;89;105;99;103;126;100;95;80;103;95;116;127;85;126;112;99;128;112;114;103;128;128;127;116;100,9.094947017729282e-13,2.5579538487363607e-13,0.0,0,0,0
2025-05-13,H48,108,18:00,2025-05-12,48.0,6,827.542630338711,827.542630338711,0.0,0.0,466.33027255832013,0.0,65174.7649290165,0.11920969999994213,0.0,1,1,fallback_q80_q20,128;80;105;92;88;102;125;85;124;118;103;120;127;99;124;128;117;129;122;107;120;96;108;86;84;114;115;112;128;126,8.242295734817162e-13,9.094947017729282e-13,0.0,0,0,0
2025-05-14,H48,0,00:00,2025-05-13,48.0,6,40661.85277833067,0.0,0.0,0.0,0.0,0.0,79781.14547883287,0.09160989999998037,0.0,1,1,fallback_q80_q20,121;117;106;117;104;112;117;112;119;126;112;127;86;109;129;105;115;128;127;118;114;99;113;118;124;92;117;90;106;125,8.526512829121202e-13,2.2737367544323206e-13,0.0,0,0,0
2025-05-14,H48,36,06:00,2025-05-13,48.0,6,3966.948137321219,3966.948137321219,0.0,0.0,3904.6115988649635,0.0,54544.755008961794,0.09414480000009462,0.0,1,1,fallback_q80_q20,75;86;126;123;124;91;125;104;114;118;121;121;125;123;106;69;79;127;126;117;118;123;75;112;106;109;106;119;122;95,9.094947017729282e-13,3.410605131648481e-13,0.0,0,0,0
2025-05-14,H48,72,12:00,2025-05-13,48.0,6,-2194.677262881959,0.0,2194.677262881959,0.0,0.0,6940.461896837298,50562.58282013822,0.11533700000006775,0.0,1,1,fallback_q80_q20,126;130;116;90;126;96;111;127;128;127;91;119;104;127;92;75;117;125;114;71;119;115;87;86;90;91;72;126;77;128,9.094947017729282e-13,2.2737367544323206e-13,0.0,0,0,0
2025-05-14,H48,108,18:00,2025-05-13,48.0,6,628.3814187142614,629.2252813843847,0.8438626701233337,0.0,358.83545909335936,1.8010087933482737,61940.62233000761,0.12346830000001319,0.0,1,1,fallback_q80_q20,108;127;125;114;127;96;118;97;124;111;86;124;126;120;102;119;114;84;89;104;105;91;113;96;112;102;98;129;124;117,9.094947017729282e-13,2.2737367544323206e-13,0.0,0,0,0
2025-05-15,H48,0,00:00,2025-05-14,48.0,6,35860.515931035516,0.0,0.0,0.0,0.0,0.0,59351.3319772086,0.09029659999998785,0.0,1,1,fallback_q80_q20,100;98;118;115;115;105;106;108;110;113;130;79;96;125;95;100;97;110;122;128;99;131;90;100;76;82;110;71;98;126,9.094947017729282e-13,2.2737367544323206e-13,0.0,0,0,0
2025-05-15,H48,36,06:00,2025-05-14,48.0,6,5553.029110983751,5564.3913874689215,11.362276485170591,0.0,6913.908659366362,38.32112734331338,37019.22681654446,0.14227470000002995,0.0,1,1,fallback_q80_q20,84;127;128;128;68;108;111;109;129;96;123;94;97;92;110;112;131;115;89;70;116;90;94;110;85;103;127;107;98;111,9.094947017729282e-13,2.2737367544323206e-13,0.0,0,0,0
2025-05-15,H48,72,12:00,2025-05-14,48.0,6,-601.5132651050219,1110.9253086314075,1712.4385737364294,0.0,599.4850117980886,5717.153195960659,30481.982314535442,0.16095199999995202,0.0,1,1,fallback_q80_q20,112;123;127;82;128;125;126;121;101;117;110;72;112;129;128;75;75;115;113;128;112;115;130;125;124;124;125;101;86;126,1.7053025658242404e-12,1.3642420526593924e-12,0.0,0,0,0
2025-05-15,H48,108,18:00,2025-05-14,48.0,6,1568.3558028268135,1568.3558028268135,0.0,0.0,843.998412781303,0.0,33752.60239768136,0.13089399999989837,0.0,1,1,fallback_q80_q20,124;120;131;72;118;100;71;120;127;124;120;94;104;105;93;103;126;127;124;121;116;120;92;118;118;129;123;123;131;75,9.094947017729282e-13,2.5011104298755527e-12,0.0,0,0,0
2025-05-16,H48,0,00:00,2025-05-15,48.0,6,19526.16037136282,0.0,0.0,0.0,0.0,0.0,39710.97623178512,0.07724500000006174,0.0,1,1,fallback_q80_q20,111;79;123;96;113;93;83;108;77;115;132;118;120;128;107;94;124;83;95;132;106;70;129;114;132;93;116;115;127;121,1.8189894035458565e-12,1.1368683772161603e-13,0.0,0,0,0
2025-05-16,H48,36,06:00,2025-05-15,48.0,6,-174.4870996534345,33.84865717600369,208.3357568294382,0.0,23.6925801739676,478.7275540898562,26569.504545205484,0.14529060000006666,0.0,1,1,fallback_q80_q20,100;109;113;79;127;89;70;89;116;130;126;128;83;125;127;101;115;131;115;116;108;126;132;130;119;106;104;100;112;129,1.0231815394945443e-12,1.1368683772161603e-13,0.0,0,0,0
2025-05-16,H48,72,12:00,2025-05-15,48.0,6,-534.5414285938743,0.0,534.5414285938743,0.0,0.0,1046.242054074613,25369.438421526924,0.185234400000013,0.0,1,1,fallback_q80_q20,72;120;113;117;106;125;96;121;130;125;123;106;111;127;96;84;125;113;117;91;99;131;126;126;105;131;102;94;128;104,9.094947017729282e-13,4.149569576838985e-12,0.0,0,0,0
2025-05-16,H48,108,18:00,2025-05-15,48.0,6,-1187.0371930314589,0.0,1187.0371930314589,0.0,0.0,2247.173374615875,27284.831903540988,0.2474273999999923,0.0,1,1,fallback_q80_q20,118;114;98;132;118;130;71;131;97;131;118;131;130;128;117;125;132;105;105;89;97;132;107;111;130;131;128;124;120;131,1.0231815394945443e-12,1.3642420526593924e-12,0.0,0,0,0
2025-05-17,H48,0,00:00,2025-05-16,48.0,6,20362.653945146812,0.0,0.0,0.0,0.0,0.0,53563.314663160454,0.13972510000007787,0.0,1,1,fallback_q80_q20,114;128;128;129;129;79;110;125;96;123;86;106;111;130;130;117;108;118;128;74;116;120;114;99;110;88;117;117;109;132,9.094947017729282e-13,4.774847184307873e-12,0.0,0,0,0
2025-05-17,H48,36,06:00,2025-05-16,48.0,6,-684.0995660482793,0.0,684.0995660482793,0.0,0.0,1470.56902890349,41892.50740578811,0.12443949999999404,0.0,1,1,fallback_q80_q20,110;108;113;131;111;97;96;130;100;86;123;91;130;122;114;131;107;131;129;103;117;132;128;66;101;123;108;103;101;132,9.094947017729282e-13,2.2737367544323206e-13,0.0,0,0,0
2025-05-17,H48,72,12:00,2025-05-16,48.0,6,755.0835798488354,761.2077146659466,6.12413481711118,0.0,494.74093351020497,13.375797658768874,46189.70660149102,0.12456249999991087,0.0,1,1,fallback_q80_q20,104;131;128;91;128;113;107;119;127;66;89;94;88;92;130;131;133;120;84;85;87;128;78;116;130;105;124;125;126;128,3.637978807091713e-12,2.2737367544323206e-13,0.0,0,0,0
2025-05-17,H48,108,18:00,2025-05-16,48.0,6,-300.59757938415396,0.0,300.59757938415396,0.0,0.0,605.6323029141996,51768.62697523705,0.09387170000002243,0.0,1,1,fallback_q80_q20,119;132;111;113;125;122;131;130;112;130;129;116;122;85;130;129;132;122;130;85;94;92;123;101;133;112;129;84;112;66,9.094947017729282e-13,2.2737367544323206e-13,0.0,0,0,0
2025-05-18,H48,0,00:00,2025-05-17,48.0,6,37481.60662102198,0.0,0.0,0.0,0.0,0.0,76852.06532546016,0.06971629999998186,0.0,1,1,fallback_q80_q20,105;114;120;129;122;110;134;109;117;130;100;118;110;115;116;119;94;102;118;98;94;90;130;127;129;109;123;106;127;132,8.739675649849232e-13,2.2737367544323206e-13,0.0,0,0,0
2025-05-18,H48,36,06:00,2025-05-17,48.0,6,432.7568607107109,786.0015033001948,353.24464258948393,0.0,477.22416255545227,1162.834342132002,50370.842999467095,0.08599140000001171,0.0,1,1,fallback_q80_q20,121;116;123;101;107;93;107;122;109;128;85;99;124;100;80;117;86;107;130;120;66;132;129;104;82;129;109;102;81;100,1.2505552149377763e-12,2.2737367544323206e-13,0.0,0,0,0
2025-05-18,H48,72,12:00,2025-05-17,48.0,6,1761.314870386373,2027.9324858708092,266.617615484436,0.0,1322.8860175565137,1110.2481363044212,54272.47425636993,0.09516970000004221,0.0,1,1,fallback_q80_q20,124;106;133;134;121;126;102;111;124;119;96;90;131;125;89;74;112;80;92;128;126;102;95;130;109;91;118;116;107;115,9.094947017729282e-13,2.2737367544323206e-13,0.0,0,0,0
2025-05-18,H48,108,18:00,2025-05-17,48.0,6,1652.8828709742138,1652.8828709742138,0.0,0.0,895.807234214253,0.0,62206.094731301295,0.10400249999997868,0.0,1,1,fallback_q80_q20,104;134;129;115;128;119;118;101;99;92;103;131;131;120;123;105;105;88;113;94;130;123;119;127;97;123;79;99;102;134,1.0231815394945443e-12,4.547473508864641e-13,0.0,0,0,0
2025-05-19,H48,0,00:00,2025-05-18,48.0,6,35936.46895081595,0.0,0.0,0.0,0.0,0.0,75087.71934544505,0.07045299999992949,0.0,1,1,fallback_q80_q20,107;123;132;116;135;119;129;78;121;98;110;119;133;82;75;90;91;128;117;111;86;111;93;85;128;118;84;114;116;87,7.389644451905042e-13,2.2737367544323206e-13,0.0,0,0,0
2025-05-19,H48,36,06:00,2025-05-18,48.0,6,244.7203810235793,895.4737274256642,650.7533464020848,0.0,707.9258100787665,2774.187228215136,47550.28878356561,0.09324290000006386,0.0,1,1,fallback_q80_q20,114;112;96;112;95;131;135;112;127;87;108;117;107;76;103;72;134;128;102;127;78;88;72;89;135;133;113;72;99;127,9.094947017729282e-13,2.2737367544323206e-13,0.0,0,0,0
2025-05-19,H48,72,12:00,2025-05-18,48.0,6,832.9494930973802,1213.0791875452878,380.1296944479076,0.0,823.8211512126704,1721.418795252507,57182.97579980093,0.08894359999999324,0.0,1,1,fallback_q80_q20,135;132;131;135;95;133;87;133;121;102;129;76;108;129;116;113;121;100;113;124;89;79;135;120;127;135;109;121;79;123,1.9326762412674725e-12,2.2737367544323206e-13,0.0,0,0,0
2025-05-19,H48,108,18:00,2025-05-18,48.0,6,28.921738946577236,33.86863120650537,4.946892259928134,0.0,25.368138254760765,15.794661986116353,59577.93024309897,0.09808559999999034,0.0,1,1,fallback_q80_q20,106;125;100;72;135;127;75;76;109;101;127;131;112;107;131;123;131;79;134;132;105;122;121;110;132;97;126;133;112;101,9.094947017729282e-13,2.2737367544323206e-13,0.0,0,0,0
2025-05-20,H48,0,00:00,2025-05-19,48.0,6,37508.39451114138,0.0,0.0,0.0,0.0,0.0,76658.54972785599,0.09593230000007225,0.0,1,1,fallback_q80_q20,126;113;123;120;126;88;115;136;121;134;134;134;114;132;130;135;115;108;125;100;108;120;132;106;112;125;89;111;132;75,9.094947017729282e-13,2.2737367544323206e-13,0.0,0,0,0
2025-05-20,H48,36,06:00,2025-05-19,48.0,6,1881.2126412953598,2003.6013218554467,122.38868056008684,0.0,2593.3486856799054,414.3666473571906,49001.88531354127,0.08370160000004034,0.0,1,1,fallback_q80_q20,113;79;131;100;101;107;135;90;127;113;127;126;122;79;128;135;132;124;105;132;133;100;111;132;124;128;133;132;134;134,9.094947017729282e-13,2.2737367544323206e-13,0.0,0,0,0
2025-05-20,H48,72,12:00,2025-05-19,48.0,6,244.51771741193352,439.04681396334774,194.52909655141423,0.0,435.1427915433194,857.3036277454501,49720.793656906426,0.1007972999999538,0.0,1,1,fallback_q80_q20,120;82;134;135;75;123;115;82;106;128;125;91;135;129;112;131;92;111;83;89;92;110;136;95;97;105;123;114;131;116,9.094947017729282e-13,2.2737367544323206e-13,0.0,0,0,0
2025-05-20,H48,108,18:00,2025-05-19,48.0,6,-239.98886105995075,0.0,239.98886105995075,0.0,0.0,370.2575358179152,64650.98672072175,0.0912710000000061,0.0,1,1,fallback_q80_q20,85;76;134;130;114;115;121;129;91;87;109;99;85;82;101;124;90;117;110;101;131;134;115;123;116;131;114;95;99;126,1.0231815394945443e-12,5.684341886080801e-13,0.0,0,0,0
2025-05-21,H48,0,00:00,2025-05-20,48.0,6,35299.81877211372,0.0,0.0,0.0,0.0,0.0,73386.38539424482,0.07024009999997816,0.0,1,1,fallback_q80_q20,134;91;137;86;82;128;132;124;86;110;78;99;131;131;96;84;121;131;116;116;120;118;120;122;137;128;89;131;134;115,9.094947017729282e-13,2.2737367544323206e-13,0.0,0,0,0
2025-05-21,H48,36,06:00,2025-05-20,48.0,6,6086.052263335298,6147.560507479118,61.50824414382017,0.0,7839.621121085257,199.6439010200154,54311.690918767665,0.0890074999999797,0.0,1,1,fallback_q80_q20,119;121;102;133;105;115;133;133;134;82;112;107;94;123;105;107;97;86;89;127;105;100;119;122;90;93;78;105;131;129,9.094947017729282e-13,2.2737367544323206e-13,0.0,0,0,0
2025-05-21,H48,72,12:00,2025-05-20,48.0,6,-253.6037299504424,427.70772472586344,681.3114546763059,0.0,311.7666801137097,2783.687772405144,53854.8527189818,0.12027390000002924,0.0,1,1,fallback_q80_q20,114;88;102;132;119;111;105;96;111;120;97;135;132;121;136;109;135;113;130;132;131;135;111;135;117;135;137;83;108;135,1.2505552149377763e-12,3.410605131648481e-13,0.0,0,0,0
2025-05-21,H48,108,18:00,2025-05-20,48.0,6,76.97750639848081,92.09133070911858,15.11382431063776,0.0,57.84561506584055,28.068453000271347,63249.86707196401,0.12000409999996009,0.0,1,1,fallback_q80_q20,119;105;134;114;128;133;94;86;135;119;117;125;133;116;126;99;102;129;84;117;100;126;107;131;137;106;82;124;128;112,1.0231815394945443e-12,1.0231815394945443e-12,0.0,0,0,0
2025-05-22,H48,0,00:00,2025-05-21,48.0,6,33542.737289945064,0.0,0.0,0.0,0.0,0.0,56702.602508218566,0.14092719999996461,0.0,1,1,fallback_q80_q20,130;136;84;135;134;110;107;120;133;135;120;82;115;98;129;121;109;102;109;106;94;133;133;133;92;128;133;93;85;137,3.410605131648481e-12,2.2737367544323206e-13,0.0,0,0,0
2025-05-22,H48,36,06:00,2025-05-21,48.0,6,1327.9492646472704,1331.6967894121021,3.7475247648316103,0.0,1417.4483711863234,19.14224977342542,31878.137337959142,0.09381859999996323,0.0,1,1,fallback_q80_q20,118;96;94;85;99;128;132;112;138;98;124;138;131;90;113;131;123;134;112;137;102;134;100;82;91;75;138;110;127;132,9.663381206337363e-13,1.7053025658242404e-13,0.0,0,0,0
2025-05-22,H48,72,12:00,2025-05-21,48.0,6,-97.39133483740937,282.9809974649665,380.37233230237587,0.0,151.14567984855626,1050.387987884875,27779.08921254649,0.11450400000001082,0.0,1,1,fallback_q80_q20,119;107;129;138;133;124;104;110;91;106;138;131;113;112;126;107;108;107;126;108;134;105;94;126;138;93;132;134;120;133,9.094947017729282e-13,1.7053025658242404e-13,0.0,0,0,0
2025-05-22,H48,108,18:00,2025-05-21,48.0,6,-176.69509006853514,0.0,176.69509006853514,0.0,0.0,287.4294852285484,31903.82027797655,0.16232170000000679,0.0,1,1,fallback_q80_q20,79;128;132;99;138;107;130;119;131;134;127;121;136;79;128;128;128;118;136;100;135;102;131;116;126;134;110;129;117;135,8.526512829121202e-13,1.0231815394945443e-12,0.0,0,0,0
2025-05-23,H48,0,00:00,2025-05-22,48.0,6,19640.574373967014,0.0,0.0,0.0,0.0,0.0,38969.35139252549,0.09887449999996534,0.0,1,1,fallback_q80_q20,117;103;132;134;114;121;131;131;90;99;126;136;99;110;123;127;125;115;77;137;111;134;130;95;128;131;135;131;126;129,1.0942358130705543e-12,1.1368683772161603e-13,0.0,0,0,0
2025-05-23,H48,36,06:00,2025-05-22,48.0,6,168.1133226088283,172.3027171186804,4.18939450985208,0.0,98.00003009653392,8.941189862025567,27725.89224211033,0.16671370000005936,0.0,1,1,fallback_q80_q20,133;90;129;135;125;95;120;123;111;138;103;138;120;139;107;116;138;124;95;132;108;83;109;136;128;77;82;133;108;119,8.668621376273222e-13,2.2737367544323206e-13,0.0,0,0,0
2025-05-23,H48,72,12:00,2025-05-22,48.0,6,-391.3861144943216,0.0,391.3861144943216,0.0,0.0,738.3116721660582,25876.97708317353,0.11383020000005217,0.0,1,1,fallback_q80_q20,82;104;138;129;79;117;138;138;114;115;102;91;134;119;139;124;96;132;138;118;113;132;130;131;135;89;139;125;131;135,9.094947017729282e-13,1.1368683772161603e-13,0.0,0,0,0
2025-05-23,H48,108,18:00,2025-05-22,48.0,6,-1039.4021826323583,0.0,1039.4021826323583,0.0,0.0,1837.6344673329713,27592.178332841133,0.08404099999995651,0.0,1,1,fallback_q80_q20,139;89;86;116;115;134;128;101;133;115;134;139;128;131;139;103;129;121;111;130;98;135;130;139;120;110;120;132;134;126,2.6147972675971687e-12,6.252776074688882e-13,0.0,0,0,0
2025-05-24,H48,0,00:00,2025-05-23,48.0,6,21108.05303118843,0.0,0.0,0.0,0.0,0.0,54001.58906447759,0.07674199999996745,0.0,1,1,fallback_q80_q20,119;73;137;119;96;115;136;114;137;126;118;125;86;102;97;116;132;112;132;88;74;119;130;88;123;136;140;105;80;127,9.094947017729282e-13,2.2737367544323206e-13,0.0,0,0,0
2025-05-24,H48,36,06:00,2025-05-23,48.0,6,-810.5645363248925,0.0,810.5645363248925,0.0,0.0,1607.5170688909761,41005.62415354042,0.11034140000003845,0.0,1,1,fallback_q80_q20,105;131;115;100;135;125;139;117;138;118;117;93;99;90;135;119;104;103;137;129;102;122;124;102;129;133;128;110;135;97,3.637978807091713e-12,2.2737367544323206e-13,0.0,0,0,0
2025-05-24,H48,72,12:00,2025-05-23,48.0,6,123.76562556425588,151.2409589924341,27.47533342817821,0.0,114.2121718826971,96.58460237171937,45987.88250077137,0.1650325000000521,0.0,1,1,fallback_q80_q20,110;93;96;136;74;137;127;112;136;137;137;94;140;89;127;115;136;73;131;129;117;89;137;87;126;136;128;85;126;129,9.094947017729282e-13,2.2737367544323206e-13,0.0,0,0,0
2025-05-24,H48,108,18:00,2025-05-23,48.0,6,-522.6964803351707,0.0,522.6964803351707,0.0,0.0,952.2584971141414,50290.68426493915,0.1204686999999467,0.0,1,1,fallback_q80_q20,125;89;135;112;130;97;133;120;74;125;110;132;96;102;126;122;135;126;140;122;88;113;140;133;105;74;113;105;134;134,2.2737367544323206e-12,7.958078640513122e-13,0.0,0,0,0
2025-05-25,H48,0,00:00,2025-05-24,48.0,6,32754.500911046398,0.0,0.0,0.0,0.0,0.0,69663.59506051331,0.0741113999999925,0.0,1,1,fallback_q80_q20,125;110;136;125;100;134;135;123;124;134;101;74;115;122;132;115;116;105;103;131;139;91;137;112;107;98;137;105;113;95,9.094947017729282e-13,2.2737367544323206e-13,0.0,0,0,0
2025-05-25,H48,36,06:00,2025-05-24,48.0,6,4441.1096036688805,4456.2467013585465,15.137097689665913,0.0,4602.527079972799,68.5991168276862,50918.808807508794,0.11259150000000773,0.0,1,1,fallback_q80_q20,128;134;120;96;120;134;135;87;114;117;137;105;112;138;137;116;123;116;90;95;141;92;98;122;88;102;137;123;124;132,8.668621376273222e-13,2.2737367544323206e-13,0.0,0,0,0
2025-05-25,H48,72,12:00,2025-05-24,48.0,6,409.1701708818704,929.3919950570785,520.2218241752081,0.0,583.9311510166376,2372.873336111005,60646.22165309493,0.18896459999996296,0.0,1,1,fallback_q80_q20,129;99;106;123;126;123;107;138;73;110;114;137;98;104;101;130;132;116;139;139;92;106;126;119;137;141;117;99;80;127,9.094947017729282e-13,2.2737367544323206e-13,0.0,0,0,0
2025-05-25,H48,108,18:00,2025-05-24,48.0,6,2069.187136190061,2069.187136190061,0.0,0.0,1137.04796619109,0.0,69747.0155877952,0.11699080000005324,0.0,1,1,fallback_q80_q20,106;123;136;125;105;117;137;139;122;108;134;96;139;137;135;101;104;115;115;124;113;74;137;137;86;99;129;133;87;124,9.094947017729282e-13,2.2737367544323206e-13,0.0,0,0,0
2025-05-26,H48,0,00:00,2025-05-25,48.0,6,35700.776169471574,0.0,0.0,0.0,0.0,0.0,73817.75890455188,0.09558400000003076,0.0,1,1,fallback_q80_q20,111;118;112;95;82;119;131;136;82;137;105;129;111;132;89;135;138;120;121;142;139;113;135;126;134;128;142;108;82;133,1.0231815394945443e-12,2.2737367544323206e-13,0.0,0,0,0
2025-05-26,H48,36,06:00,2025-05-25,48.0,6,6336.668494894516,6342.055794873492,5.387299978976122,0.0,7233.908357199638,25.375255763613268,54232.541680350616,0.09028839999996308,0.0,1,1,fallback_q80_q20,107;110;140;134;142;128;137;127;126;105;132;121;134;108;142;125;141;120;86;138;119;117;129;140;135;135;102;120;90;110,1.0231815394945443e-12,2.2737367544323206e-13,0.0,0,0,0
2025-05-26,H48,72,12:00,2025-05-25,48.0,6,1193.3987679654258,1714.181385168402,520.7826172029761,0.0,1351.7256403779522,2337.5924681409897,50630.60201297976,0.08981370000003608,0.0,1,1,fallback_q80_q20,123;133;133;124;138;98;137;128;91;141;134;134;130;141;139;138;108;100;134;126;114;133;141;120;133;102;135;117;129;104,9.094947017729282e-13,2.2737367544323206e-13,0.0,0,0,0
2025-05-26,H48,108,18:00,2025-05-25,48.0,6,-104.97207800583246,0.0,104.97207800583246,0.0,0.0,160.72476135630632,64729.19528486932,0.08598170000004757,0.0,1,1,fallback_q80_q20,126;132;141;140;125;112;127;100;142;94;126;133;135;133;119;111;97;97;89;139;85;135;139;133;121;141;142;125;135;133,1.0231815394945443e-12,4.547473508864641e-13,0.0,0,0,0
2025-05-27,H48,0,00:00,2025-05-26,48.0,6,33258.95756786478,0.0,0.0,0.0,0.0,0.0,71596.81091812851,0.08447229999990213,0.0,1,1,fallback_q80_q20,131;91;117;133;128;135;92;86;140;83;103;114;96;108;124;93;85;135;136;120;140;134;133;141;115;136;89;92;134;126,9.094947017729282e-13,2.2737367544323206e-13,0.0,0,0,0
2025-05-27,H48,36,06:00,2025-05-26,48.0,6,8625.299629403982,8636.349710203944,11.050080799961066,0.0,9752.85683091668,52.31794619204538,56806.61279614918,0.08483460000002196,0.0,1,1,fallback_q80_q20,133;105;136;135;128;114;134;112;94;137;120;95;140;124;131;143;138;125;118;90;119;140;138;142;142;99;86;142;94;126,1.1368683772161603e-12,2.2737367544323206e-13,0.0,0,0,0
2025-05-27,H48,72,12:00,2025-05-26,48.0,6,-123.09345179929119,793.0873620562716,916.1808138555627,0.0,443.82182503027144,3093.7288131336136,53798.988479471845,0.09605220000003101,0.0,1,1,fallback_q80_q20,110;122;132;111;133;141;141;120;101;142;137;131;125;134;135;121;137;139;135;116;130;124;133;131;123;132;137;140;134;140,9.094947017729282e-13,2.2737367544323206e-13,0.0,0,0,0
2025-05-27,H48,108,18:00,2025-05-26,48.0,6,-391.5654522549172,0.0,391.5654522549172,0.0,0.0,650.3931219061153,61388.94608238017,0.08295199999997749,0.0,1,1,fallback_q80_q20,105;118;139;108;140;95;100;126;89;135;143;143;141;138;142;133;85;91;120;143;136;141;133;83;131;134;108;114;143;137,9.094947017729282e-13,1.0231815394945443e-12,0.0,0,0,0
2025-05-28,H48,0,00:00,2025-05-27,48.0,6,37937.24502409417,0.0,0.0,0.0,0.0,0.0,75881.53157034854,0.0769394999999804,0.0,1,1,fallback_q80_q20,143;99;129;104;107;139;126;134;100;101;140;131;129;134;139;131;138;110;126;126;107;142;120;133;134;134;139;143;100;96,8.775202786637237e-13,2.2737367544323206e-13,0.0,0,0,0
2025-05-28,H48,36,06:00,2025-05-27,48.0,6,2914.135079966592,2935.5440489057473,21.40896893915555,0.0,2328.1539086352495,95.82947408431994,50780.22503108906,0.08559460000003583,0.0,1,1,fallback_q80_q20,121;117;134;83;142;124;100;123;131;120;122;119;128;124;103;133;82;126;134;107;131;114;84;138;130;96;126;133;125;112,9.094947017729282e-13,2.2737367544323206e-13,0.0,0,0,0
2025-05-28,H48,72,12:00,2025-05-27,48.0,6,349.50758696903085,939.753717578318,590.2461306092871,0.0,631.8352120952663,2646.7583668348725,58892.53103100484,0.09660779999990154,0.0,1,1,fallback_q80_q20,144;91;133;117;126;112;143;138;124;95;105;129;142;108;122;133;95;95;134;121;130;133;132;143;120;95;93;124;126;124,1.8189894035458565e-12,2.2737367544323206e-13,0.0,0,0,0
2025-05-28,H48,108,18:00,2025-05-27,48.0,6,289.16893982727237,319.2168098105054,30.047869983233078,0.0,161.20027403099118,62.525157901142734,60603.87691628338,0.09091980000005151,0.0,1,1,fallback_q80_q20,128;133;130;127;120;144;126;135;127;129;85;140;134;117;97;138;131;117;132;124;142;86;126;136;140;142;86;126;135;131,9.094947017729282e-13,5.684341886080801e-13,0.0,0,0,0
2025-05-29,H48,0,00:00,2025-05-28,48.0,6,35145.86020386055,0.0,0.0,0.0,0.0,0.0,58589.694204806176,0.10816679999993539,0.0,1,1,fallback_q80_q20,145;110;133;143;101;84;102;142;86;98;142;113;114;127;125;109;118;138;122;90;145;121;105;135;139;132;117;133;99;144,1.8189894035458565e-12,2.2737367544323206e-13,0.0,0,0,0
2025-05-29,H48,36,06:00,2025-05-28,48.0,6,6389.981589600353,6391.510026775748,1.5284371753954868,0.0,6575.095140825374,7.391400079283812,37708.483537367174,0.10526949999996305,0.0,1,1,fallback_q80_q20,113;96;120;109;116;131;140;143;99;134;128;132;142;114;144;133;118;83;119;122;127;134;141;145;100;127;145;140;82;145,9.094947017729282e-13,2.2737367544323206e-13,0.0,0,0,0
2025-05-29,H48,72,12:00,2025-05-28,48.0,6,-1775.3815886952302,57.303586244112836,1832.6851749393431,0.0,28.3211437685585,6070.586634181763,28823.762699287556,0.22095130000002428,3.0032221969919456e-08,1,1,fallback_q80_q20,143;136;126;142;118;118;129;128;106;134;92;99;141;113;122;142;143;133;92;111;138;121;98;111;118;115;138;108;110;100,2.7284841053187847e-12,2.2737367544323206e-13,0.0,0,0,0
2025-05-29,H48,108,18:00,2025-05-28,48.0,6,1235.613260892018,1235.613260892018,0.0,0.0,678.1855297777836,0.0,35689.46452463637,0.11064119999991817,0.0,1,1,fallback_q80_q20,140;131;140;145;129;129;142;133;119;127;138;121;106;96;127;110;135;140;129;145;138;86;96;111;92;122;83;120;142;91,1.8189894035458565e-12,4.547473508864641e-13,0.0,0,0,0
2025-05-30,H48,0,00:00,2025-05-29,48.0,6,20093.06125901273,0.0,0.0,0.0,0.0,0.0,39514.43414013361,0.1493482999999287,0.0,1,1,fallback_q80_q20,145;90;134;145;116;139;125;143;122;125;133;131;122;140;114;139;135;140;107;139;146;142;98;141;145;107;107;107;108;99,1.8189894035458565e-12,6.821210263296962e-13,0.0,0,0,0
2025-05-30,H48,36,06:00,2025-05-29,48.0,6,543.3133751215443,598.0929448256503,54.77956970410608,0.0,452.80816728541873,135.23841366866,26236.84428193629,0.12277380000000448,0.0,1,1,fallback_q80_q20,141;131;113;144;100;145;120;131;128;92;139;93;141;135;100;127;131;132;132;142;111;135;138;108;146;142;83;140;124;139,1.4637180356658064e-12,2.2737367544323206e-13,0.0,0,0,0
2025-05-30,H48,72,12:00,2025-05-29,48.0,6,-751.83905805565,0.0,751.83905805565,0.0,0.0,1445.301807230794,24409.273221833744,0.25163549999990664,0.0,1,1,fallback_q80_q20,132;131;133;100;126;118;146;134;86;136;132;120;99;85;138;131;139;127;133;113;103;108;119;113;146;139;116;132;145;127,1.0231815394945443e-12,1.0231815394945443e-12,0.0,0,0,0
2025-05-30,H48,108,18:00,2025-05-29,48.0,6,-788.939457363255,0.0,788.939457363255,0.0,0.0,1375.7113800490654,28270.080976489997,0.1112203000000136,0.0,1,1,fallback_q80_q20,105;118;108;122;146;128;111;104;141;116;98;125;92;98;119;140;145;136;145;124;141;133;104;145;111;129;135;90;143;138,3.637978807091713e-12,2.2737367544323206e-13,0.0,0,0,0
2025-05-31,H48,0,00:00,2025-05-30,48.0,6,21658.401945881025,0.0,0.0,0.0,0.0,0.0,54650.4911538561,0.0859351000000288,0.0,1,1,fallback_q80_q20,110;129;115;100;136;80;93;142;80;146;144;119;145;147;128;110;110;107;80;146;141;144;109;144;141;127;134;133;125;130,9.094947017729282e-13,2.2737367544323206e-13,0.0,0,0,0
2025-05-31,H48,36,06:00,2025-05-30,48.0,6,-871.8810813693295,0.0,871.8810813693295,0.0,0.0,1977.3332306823827,42395.99013032727,0.1921156000000792,0.0,1,1,fallback_q80_q20,141;128;138;136;80;118;129;121;139;80;143;108;147;115;106;129;130;134;113;138;123;111;116;80;107;125;117;146;120;142,9.094947017729282e-13,2.2737367544323206e-13,0.0,0,0,0
2025-05-31,H48,72,12:00,2025-05-30,48.0,6,-154.71601549736954,0.0,154.71601549736954,0.0,0.0,294.43469325486416,45065.84544941229,0.1323274000000083,0.0,1,1,fallback_q80_q20,134;144;132;138;146;88;96;101;144;128;103;147;137;145;131;127;145;145;112;131;114;119;127;115;145;139;142;107;139;144,1.0231815394945443e-12,2.2737367544323206e-13,0.0,0,0,0
2025-05-31,H48,108,18:00,2025-05-30,48.0,6,-276.98484912445974,0.0,276.98484912445974,0.0,0.0,495.1207322759509,58530.33683564961,0.08531449999998131,0.0,1,1,fallback_q80_q20,114;127;143;101;137;137;125;110;118;99;123;134;104;104;124;130;129;121;130;95;128;136;138;144;142;105;112;139;131;144,1.0231815394945443e-12,4.547473508864641e-13,0.0,0,0,0
2025-06-01,H48,0,00:00,2025-05-31,48.0,6,45972.716586078925,0.0,0.0,0.0,0.0,0.0,87031.27078161894,0.09952709999993203,0.0,1,1,fallback_q80_q20,123;139;139;126;107;81;129;120;148;109;109;136;112;102;143;130;113;129;136;80;122;113;130;120;147;130;137;125;143;136,8.597567102697212e-13,2.2737367544323206e-13,0.0,0,0,0
2025-06-01,H48,36,06:00,2025-05-31,48.0,6,1225.0212234273258,2284.9152174316314,1059.8939940043056,0.0,1937.6299451119567,2707.859332505591,49107.85752975314,0.13041280000004463,0.0,1,1,fallback_q80_q20,113;143;87;148;130;144;118;123;133;145;148;145;137;146;147;120;98;117;110;121;137;125;98;140;95;124;148;139;80;111,8.526512829121202e-13,2.2737367544323206e-13,0.0,0,0,0
2025-06-01,H48,72,12:00,2025-05-31,48.0,6,69.86196135765908,978.655687158878,908.7937258012189,0.0,568.4893549254613,2944.839708762925,51665.12780033529,0.09512879999999768,0.0,1,1,fallback_q80_q20,146;147;81;144;131;133;142;112;98;146;122;136;137;147;144;137;131;130;81;118;105;143;96;142;122;144;124;133;145;132,1.0231815394945443e-12,2.2737367544323206e-13,0.0,0,0,0
2025-06-01,H48,108,18:00,2025-05-31,48.0,6,4903.230057116715,4903.230057116715,0.0,0.0,2658.9148865019765,0.0,74806.4817819208,0.07404289999999492,0.0,1,1,fallback_q80_q20,138;144;138;96;143;130;146;102;140;140;122;137;143;144;143;137;144;121;139;148;142;140;135;147;137;114;97;132;134;113,1.0231815394945443e-12,2.2737367544323206e-13,0.0,0,0,0
2025-06-02,H48,0,00:00,2025-06-01,48.0,6,52280.14191867051,0.0,0.0,0.0,0.0,0.0,90644.39226356798,0.07383980000008705,0.0,1,1,fallback_q80_q20,145;146;86;134;148;130;143;126;102;147;142;123;134;145;132;89;141;149;138;112;140;136;92;98;111;118;136;145;99;123,9.094947017729282e-13,2.2737367544323206e-13,0.0,0,0,0
2025-06-02,H48,36,06:00,2025-06-01,48.0,6,-2324.813767920242,467.0908786870698,2791.904646607312,0.0,260.483501355024,8601.576150659286,48686.87195210792,0.08297219999997196,0.0,1,1,fallback_q80_q20,110;146;128;140;148;139;139;136;124;126;137;124;142;139;144;148;101;109;147;138;128;147;135;136;98;138;141;110;144;124,1.0231815394945443e-12,2.2737367544323206e-13,0.0,0,0,0
2025-06-02,H48,72,12:00,2025-06-01,48.0,6,-833.4572335133338,1.6515959917507228,835.1088295050845,0.0,0.8142157764552849,2744.8448249793832,51892.05545318559,0.0921706000000313,0.0,1,1,fallback_q80_q20,114;118;133;134;142;126;104;119;135;147;90;130;91;113;137;105;92;132;139;140;132;141;145;147;138;132;97;140;106;144,9.094947017729282e-13,2.2737367544323206e-13,0.0,0,0,0
2025-06-02,H48,108,18:00,2025-06-01,48.0,6,4101.0702371256375,4101.0702371256375,0.0,0.0,2216.359919610115,0.0,69361.97350979553,0.08246259999998529,0.0,1,1,fallback_q80_q20,123;140;120;102;147;112;126;140;132;148;147;126;135;105;140;148;136;137;134;125;148;139;96;120;110;149;130;146;130;142,9.094947017729282e-13,2.5579538487363607e-13,0.0,0,0,0
2025-06-03,H48,0,00:00,2025-06-02,48.0,6,46850.212499846035,0.0,0.0,0.0,0.0,0.0,87510.45132475773,0.08584129999997003,0.0,1,1,fallback_q80_q20,123;115;112;111;135;145;146;96;121;149;125;148;115;118;99;97;146;104;147;134;147;114;150;106;127;123;108;147;130;91,9.094947017729282e-13,2.2737367544323206e-13,0.0,0,0,0
2025-06-03,H48,36,06:00,2025-06-02,48.0,6,5663.872070872766,5687.776468788685,23.90439791591853,0.0,5003.641926690536,104.32618323956297,57052.15152863334,0.09735699999998815,0.0,1,1,fallback_q80_q20,119;138;90;145;147;132;122;132;96;145;117;100;120;128;135;142;139;138;136;102;133;138;136;135;142;130;148;145;129;137,1.2505552149377763e-12,2.2737367544323206e-13,0.0,0,0,0
2025-06-03,H48,72,12:00,2025-06-02,48.0,6,-1701.0028751322359,76.49136026586143,1777.4942353980973,0.0,37.82428533140694,5995.430189274668,60006.97026451766,0.09533729999998286,0.0,1,1,fallback_q80_q20,107;107;90;147;124;96;150;139;129;98;141;148;147;149;149;104;108;130;107;136;148;126;137;145;146;89;150;138;96;140,9.094947017729282e-13,2.2737367544323206e-13,0.0,0,0,0
2025-06-03,H48,108,18:00,2025-06-02,48.0,6,3484.95126652274,3484.95126652274,0.0,0.0,1877.083934757431,0.0,65790.6140323053,0.09343860000001314,0.0,1,1,fallback_q80_q20,146;149;138;145;127;112;141;130;100;149;93;149;127;118;103;99;141;90;134;133;148;103;113;129;134;140;148;124;147;146,9.094947017729282e-13,6.821210263296962e-13,0.0,0,0,0
2025-06-04,H48,0,00:00,2025-06-03,48.0,6,54953.91164484026,0.0,0.0,0.0,0.0,0.0,98103.96349008023,0.08404419999999391,0.0,1,1,fallback_q80_q20,135;140;132;150;114;147;124;149;140;113;100;115;148;142;139;123;147;128;120;148;126;146;144;137;122;134;146;91;116;123,1.0231815394945443e-12,2.2737367544323206e-13,0.0,0,0,0
2025-06-04,H48,36,06:00,2025-06-03,48.0,6,-5026.7874939727335,71.6236788526773,5098.411172825411,0.0,34.80852686368223,14360.617164817484,47581.524265218744,0.09462210000003779,0.0,1,1,fallback_q80_q20,116;122;133;138;148;118;149;109;136;144;148;126;97;138;148;148;132;147;137;148;126;131;103;124;135;143;117;111;141;146,9.094947017729282e-13,2.2737367544323206e-13,0.0,0,0,0
2025-06-04,H48,72,12:00,2025-06-03,48.0,6,4009.5799271158285,4683.453733810597,673.8738066947692,0.0,4059.199715914471,2803.358071940068,66292.92554750919,0.1199819999999363,0.0,1,1,fallback_q80_q20,112;108;149;149;89;148;142;124;119;97;138;141;137;151;143;135;146;150;149;138;91;144;148;125;134;104;149;118;124;142,9.094947017729282e-13,2.2737367544323206e-13,0.0,0,0,0
2025-06-04,H48,108,18:00,2025-06-03,48.0,6,2386.7360104143772,2386.7360104143772,0.0,0.0,1288.8401427711676,0.0,75346.06140679836,0.09706630000005134,0.0,1,1,fallback_q80_q20,147;148;91;124;136;126;127;143;147;125;120;135;145;111;140;133;124;118;151;132;99;148;114;139;92;98;129;108;111;148,9.094947017729282e-13,2.2737367544323206e-13,0.0,0,0,0
2025-06-05,H48,0,00:00,2025-06-04,48.0,6,47592.563017633875,0.0,0.0,0.0,0.0,0.0,73690.3897249693,0.07932919999996102,0.0,1,1,fallback_q80_q20,147;134;149;131;136;146;91;99;144;117;138;148;146;152;100;152;106;148;132;142;152;100;139;123;113;148;152;141;150;149,8.100187187665142e-13,2.2737367544323206e-13,0.0,0,0,0
2025-06-05,H48,36,06:00,2025-06-04,48.0,6,3127.129487723424,3175.3169744620627,48.18748673863865,0.0,3013.910326378672,144.86848304291107,36304.870563589524,0.08449949999999262,0.0,1,1,fallback_q80_q20,110;139;135;132;110;100;117;110;151;141;145;151;136;148;104;146;147;127;144;130;92;109;139;148;140;93;132;152;145;100,9.094947017729282e-13,2.2737367544323206e-13,0.0,0,0,0
2025-06-05,H48,72,12:00,2025-06-04,48.0,6,835.7929017378192,2071.911838025136,1236.118936287317,0.0,1365.2237943481832,4861.594374270374,37048.82046220468,0.09656480000001011,0.0,1,1,fallback_q80_q20,152;146;143;146;119;131;122;107;120;124;114;97;152;152;144;148;96;147;147;138;114;146;152;133;135;148;120;135;146;152,2.0463630789890885e-12,2.2737367544323206e-13,0.0,0,0,0
2025-06-05,H48,108,18:00,2025-06-04,48.0,6,1627.7188344571364,1627.7188344571364,0.0,0.0,870.4769364233929,0.0,43364.107496188015,0.09961869999995088,0.0,1,1,fallback_q80_q20,149;148;141;139;144;114;147;147;130;117;123;135;148;146;123;138;147;152;112;111;107;140;150;139;134;133;139;112;148;133,9.094947017729282e-13,9.094947017729282e-13,0.0,0,0,0
2025-06-06,H48,0,00:00,2025-06-05,48.0,6,29969.1130605999,0.0,0.0,0.0,0.0,0.0,51217.1883778242,0.18322580000005928,0.0,1,1,fallback_q80_q20,148;149;140;151;118;109;114;97;142;139;131;112;122;93;149;100;128;115;131;142;146;148;126;148;126;151;130;136;149;114,9.094947017729282e-13,4.376943252282217e-12,0.0,0,0,0
2025-06-06,H48,36,06:00,2025-06-05,48.0,6,-940.7340955144729,0.0,940.7340955144729,0.0,0.0,3390.2667438337485,31128.104398780735,0.1256485999999768,0.0,1,1,fallback_q80_q20,128;110;105;108;119;116;153;117;133;131;115;119;141;141;118;152;124;139;134;140;92;97;137;139;109;146;105;152;110;149,9.094947017729282e-13,1.9895196601282805e-13,0.0,0,0,0
2025-06-06,H48,72,12:00,2025-06-05,48.0,6,-1230.877392979859,0.0,1230.877392979859,0.0,0.0,2656.832843746746,30227.030817367235,0.1399708000000146,0.0,1,1,fallback_q80_q20,122;145;104;143;113;147;105;148;129;128;126;114;147;105;144;124;117;144;122;152;122;106;148;92;138;140;125;124;142;152,1.8189894035458565e-12,1.4779288903810084e-12,0.0,0,0,0
2025-06-06,H48,108,18:00,2025-06-05,48.0,6,-291.74631958792395,0.0,291.74631958792395,0.0,0.0,510.6301586922157,38648.36883957326,0.1768137999999908,0.0,1,1,fallback_q80_q20,151;115;124;137;138;121;145;146;148;126;98;98;119;103;117;148;91;146;132;146;144;148;147;113;131;139;138;152;149;138,9.094947017729282e-13,1.0231815394945443e-12,0.0,0,0,0
2025-06-07,H48,0,00:00,2025-06-06,48.0,6,32056.937543373373,0.0,0.0,0.0,0.0,0.0,76069.18123803404,0.11554920000003222,0.0,1,1,fallback_q80_q20,137;124;120;144;135;152;117;107;144;129;110;149;95;140;144;117;146;102;111;145;153;147;101;131;113;138;139;139;147;130,9.094947017729282e-13,2.2737367544323206e-13,0.0,0,0,0
2025-06-07,H48,36,06:00,2025-06-06,48.0,6,-1225.895203627448,1022.1849684621777,2248.0801720896256,0.0,638.7661743542303,8761.802049936352,62695.41392975554,0.09560740000006263,0.0,1,1,fallback_q80_q20,143;154;150;144;131;144;137;153;126;134;94;151;152;112;101;136;116;144;153;152;138;87;101;137;119;126;152;136;150;107,8.633094239485217e-13,2.2737367544323206e-13,0.0,0,0,0
2025-06-07,H48,72,12:00,2025-06-06,48.0,6,530.469880258776,710.1698269243036,179.69994666552756,0.0,576.0724937870384,790.2981822909514,62742.18323407395,0.1101175000000012,0.0,1,1,fallback_q80_q20,150;147;109;125;143;95;148;142;132;154;151;144;149;146;140;102;144;151;153;153;132;114;139;114;152;146;121;136;118;137,9.094947017729282e-13,2.2737367544323206e-13,0.0,0,0,0
2025-06-07,H48,108,18:00,2025-06-06,48.0,6,348.81310504222887,351.55097651696144,2.7378714747325628,0.0,211.1104916952973,13.243014312997502,75684.18539195163,0.08082469999999375,0.0,1,1,fallback_q80_q20,140;149;122;121;153;140;149;122;152;115;134;152;137;112;126;143;133;143;150;154;118;150;110;142;141;119;145;137;100;148,1.8189894035458565e-12,2.2737367544323206e-13,0.0,0,0,0
2025-06-08,H48,0,00:00,2025-06-07,48.0,6,45831.91364197518,0.0,0.0,0.0,0.0,0.0,100889.9756514378,0.085918300000003,0.0,1,1,fallback_q80_q20,129;136;134;150;135;141;138;126;125;142;137;138;137;155;122;100;154;128;139;101;113;151;142;151;155;88;133;153;114;147,9.094947017729282e-13,2.8421709430404007e-13,0.0,0,0,0
2025-06-08,H48,36,06:00,2025-06-07,48.0,6,3698.9551602132005,4382.7726692043625,683.817508991162,0.0,3793.90754529502,2270.160810189078,70811.12716257999,0.07578509999996186,0.0,1,1,fallback_q80_q20,151;132;106;94;129;131;108;104;150;153;124;130;154;136;134;122;131;138;122;123;123;138;139;151;107;133;137;94;128;155,9.094947017729282e-13,2.2737367544323206e-13,0.0,0,0,0
2025-06-08,H48,72,12:00,2025-06-07,48.0,6,3186.784626634596,3498.94648819923,312.1618615646338,0.0,2568.3996851347515,1384.3225722586144,74058.43773709958,0.10042480000004161,0.0,1,1,fallback_q80_q20,118;114;102;111;105;151;145;121;132;151;154;144;108;122;129;152;123;132;146;87;116;106;152;87;109;154;143;152;150;111,8.100187187665142e-13,2.2737367544323206e-13,0.0,0,0,0
2025-06-08,H48,108,18:00,2025-06-07,48.0,6,2229.6913145655117,2237.1951791504057,7.503864584894132,0.0,1183.8837466175119,35.65628218053757,92998.69554021135,0.08351089999996475,0.0,1,1,fallback_q80_q20,146;115;143;137;108;153;146;105;113;105;132;95;123;143;142;151;111;129;135;101;151;121;130;128;155;132;149;136;149;129,9.094947017729282e-13,7.958078640513122e-13,0.0,0,0,0
2025-06-09,H48,0,00:00,2025-06-08,48.0,6,57342.01946660074,0.0,0.0,0.0,0.0,0.0,109374.70608123163,0.06954299999995328,0.0,1,1,fallback_q80_q20,114;130;144;147;127;126;140;138;154;149;155;142;142;131;118;147;127;124;129;141;112;153;127;125;112;153;146;141;149;118,8.242295734817162e-13,2.2737367544323206e-13,0.0,0,0,0
2025-06-09,H48,36,06:00,2025-06-08,48.0,6,-881.0138925894832,398.22100356690135,1279.2348961563846,0.0,219.71458440324557,3857.8638754094723,65387.26686964308,0.08417420000000675,0.0,1,1,fallback_q80_q20,138;150;138;142;134;117;134;125;126;140;154;154;99;110;153;154;139;133;107;109;140;136;143;121;143;108;143;146;154;154,9.094947017729282e-13,2.2737367544323206e-13,0.0,0,0,0
2025-06-09,H48,72,12:00,2025-06-08,48.0,6,225.58466747494606,742.3573542828378,516.7726868078918,0.0,510.42973958403815,2082.989096337755,82504.06666613402,0.0772357999999258,0.0,1,1,fallback_q80_q20,136;155;155;146;150;104;151;124;153;156;145;141;123;138;147;149;111;155;100;115;143;155;125;153;145;140;150;103;127;153,1.0231815394945443e-12,2.2737367544323206e-13,0.0,0,0,0
2025-06-09,H48,108,18:00,2025-06-08,48.0,6,-172.71885019180243,71.34296998270926,244.0618201745117,0.0,35.28171487899431,390.10235159192985,85857.21804943027,0.1006364999999505,0.0,1,1,fallback_q80_q20,116;117;118;156;145;153;134;139;134;154;134;137;145;136;142;117;155;156;140;149;124;127;117;148;153;103;148;156;113;131,7.833733661755105e-13,3.410605131648481e-13,0.0,0,0,0
2025-06-10,H48,0,00:00,2025-06-09,48.0,6,55662.620342768525,0.0,0.0,0.0,0.0,0.0,110812.16695139006,0.07902279999996153,0.0,1,1,fallback_q80_q20,130;157;145;96;126;125;146;154;140;152;145;139;114;153;152;146;150;152;135;140;141;98;149;153;148;156;134;140;121;147,9.094947017729282e-13,2.2737367544323206e-13,0.0,0,0,0
2025-06-10,H48,36,06:00,2025-06-09,48.0,6,1026.199274681268,1323.2784893840492,297.0792147027812,0.0,787.6149375472862,1183.5157928408403,68392.11992013991,0.0708367999999382,0.0,1,1,fallback_q80_q20,104;148;154;139;146;131;155;141;120;122;152;153;152;123;154;153;104;154;118;130;142;132;123;133;148;99;108;129;155;147,7.958078640513122e-13,2.2737367544323206e-13,0.0,0,0,0
2025-06-10,H48,72,12:00,2025-06-09,48.0,6,1439.3055496737766,1965.0043220641246,525.6987723903479,0.0,1666.016489995841,2080.1788934185656,83909.40239288395,0.07515230000001338,0.0,1,1,fallback_q80_q20,146;141;137;156;152;152;111;135;133;147;123;128;107;99;120;135;136;114;149;141;153;104;152;157;150;104;103;137;149;152,1.0231815394945443e-12,2.2737367544323206e-13,0.0,0,0,0
2025-06-10,H48,108,18:00,2025-06-09,48.0,6,-471.01031628027334,0.0,471.01031628027334,0.0,0.0,928.333038020606,95394.89054650305,0.07755309999993187,0.0,1,1,fallback_q80_q20,123;144;130;140;138;131;157;100;151;109;129;131;145;154;122;103;147;118;128;140;130;136;135;97;132;115;149;154;147;116,9.094947017729282e-13,6.821210263296962e-13,0.0,0,0,0
2025-06-11,H48,0,00:00,2025-06-10,48.0,6,58770.08905680751,0.0,0.0,0.0,0.0,0.0,113374.93149161342,0.05652069999996456,0.0,1,1,fallback_q80_q20,105;127;158;146;107;146;149;153;127;105;155;99;155;147;147;136;147;126;156;157;141;110;148;157;144;145;139;135;153;156,9.094947017729282e-13,2.2737367544323206e-13,0.0,0,0,0
2025-06-11,H48,36,06:00,2025-06-10,48.0,6,1955.0020214671117,2028.9913513319843,73.98932986487272,0.0,1926.4505329159952,209.9853536189372,69048.14395712111,0.08222849999992832,0.0,1,1,fallback_q80_q20,154;119;146;142;148;153;155;121;142;155;110;151;135;126;157;152;154;98;139;130;109;103;134;135;142;149;109;154;154;148,9.094947017729282e-13,2.2737367544323206e-13,0.0,0,0,0
2025-06-11,H48,72,12:00,2025-06-10,48.0,6,-625.6148493742893,116.6636616445331,742.2785110188224,0.0,57.685340637178115,2229.543646334937,74031.31882449886,0.07263539999996738,0.0,1,1,fallback_q80_q20,148;103;122;149;141;100;125;155;113;105;117;139;139;152;107;124;148;141;131;122;153;147;131;151;148;156;153;129;136;152,8.597567102697212e-13,2.2737367544323206e-13,0.0,0,0,0
2025-06-11,H48,108,18:00,2025-06-10,48.0,6,635.3338491494432,659.4538638548609,24.120014705417695,0.0,348.79367199404203,72.31312041040667,95382.6363122206,0.06555370000000948,0.0,1,1,fallback_q80_q20,121;157;158;125;104;134;146;144;132;124;119;131;113;128;156;145;154;133;154;136;130;156;152;145;115;123;124;140;139;115,9.094947017729282e-13,5.684341886080801e-13,0.0,0,0,0
2025-06-12,H48,0,00:00,2025-06-11,48.0,6,55273.38090878992,0.0,0.0,0.0,0.0,0.0,90486.81652052482,0.07573420000005626,0.0,1,1,fallback_q80_q20,131;115;131;113;112;114;129;150;155;98;97;127;154;138;132;96;148;158;115;129;154;140;125;142;159;127;104;137;155;107,9.094947017729282e-13,2.2737367544323206e-13,0.0,0,0,0
2025-06-12,H48,36,06:00,2025-06-11,48.0,6,5292.436825414237,5302.806066382162,10.369240967924583,0.0,4819.1044942580575,38.59805091681096,51588.07911166971,0.087183800000048,0.0,1,1,fallback_q80_q20,155;123;141;114;143;133;148;111;114;117;127;158;151;99;152;150;156;141;158;157;110;148;152;132;156;153;140;156;99;143,9.094947017729282e-13,2.2737367544323206e-13,0.0,0,0,0
2025-06-12,H48,72,12:00,2025-06-11,48.0,6,-2211.977883416512,32.89321829427612,2244.8711017107885,0.0,16.275114106266756,7103.775889734763,48315.35093293069,0.08622359999992568,0.0,1,1,fallback_q80_q20,142;142;136;138;114;158;127;153;138;130;133;144;156;140;159;159;129;156;112;141;147;128;113;149;149;159;156;153;140;114,1.2505552149377763e-12,2.2737367544323206e-13,0.0,0,0,0
2025-06-12,H48,108,18:00,2025-06-11,48.0,6,1405.6527125099115,1405.6527125099115,0.0,0.0,777.2195810563334,0.0,62458.941798842796,0.08304550000002564,0.0,1,1,fallback_q80_q20,111;139;120;126;152;120;128;140;159;153;156;149;141;152;158;156;153;156;149;146;148;141;154;156;142;143;149;145;147;151,1.2505552149377763e-12,7.958078640513122e-13,0.0,0,0,0
2025-06-13,H48,0,00:00,2025-06-12,48.0,6,36666.91359061437,0.0,0.0,0.0,0.0,0.0,70488.89045854725,0.08320190000006278,0.0,1,1,fallback_q80_q20,145;154;151;155;160;143;122;119;128;127;154;156;100;145;155;140;106;152;153;97;148;152;136;115;135;155;112;135;113;110,9.094947017729282e-13,2.2737367544323206e-13,0.0,0,0,0
2025-06-13,H48,36,06:00,2025-06-12,48.0,6,-1494.2423814671195,0.0,1494.2423814671195,0.0,0.0,3747.5109983446987,38307.225913691196,0.09937560000003032,0.0,1,1,fallback_q80_q20,134;123;159;158;154;144;105;145;159;156;145;145;158;98;159;139;148;141;160;118;160;147;126;142;148;145;153;157;150;146,9.094947017729282e-13,1.1368683772161603e-13,0.0,0,0,0
2025-06-13,H48,72,12:00,2025-06-12,48.0,6,68.34514499565967,640.1629224293499,571.8177774336903,0.0,535.0541617478518,2547.0507667261227,40197.92089200836,0.07325959999991483,0.0,1,1,fallback_q80_q20,154;154;103;159;151;160;154;160;110;140;159;150;154;123;155;158;160;134;148;160;159;155;121;137;140;149;141;134;146;128,9.094947017729282e-13,4.547473508864641e-13,0.0,0,0,0
2025-06-13,H48,108,18:00,2025-06-12,48.0,6,-1717.4011049427957,0.0,1717.4011049427957,0.0,0.0,3330.1650480460953,48536.54806105186,0.08046779999995124,0.0,1,1,fallback_q80_q20,150;149;122;159;112;143;156;138;159;123;146;147;114;104;146;148;141;153;160;160;139;135;122;99;123;156;139;150;148;113,1.8189894035458565e-12,7.958078640513122e-13,0.0,0,0,0
2025-06-14,H48,0,00:00,2025-06-13,48.0,6,32139.740253322125,0.0,0.0,0.0,0.0,0.0,85345.02405609406,0.07268069999997806,0.0,1,1,fallback_q80_q20,153;137;151;117;140;115;126;121;150;151;161;158;137;118;142;133;135;157;155;150;157;108;114;155;156;120;159;154;148;101,9.663381206337363e-13,2.2737367544323206e-13,0.0,0,0,0
2025-06-14,H48,36,06:00,2025-06-13,48.0,6,-1986.459175583224,0.0,1986.459175583224,0.0,0.0,6190.844376906445,56562.14819374609,0.10313089999999647,0.0,1,1,fallback_q80_q20,139;147;137;140;141;126;143;159;94;160;126;146;110;159;161;145;110;156;108;132;153;152;107;159;161;129;120;101;112;106,5.4569682106375694e-12,2.2737367544323206e-13,0.0,0,0,0
2025-06-14,H48,72,12:00,2025-06-13,48.0,6,628.0540679302469,708.4481198097662,80.39405187951938,0.0,453.1590334587721,214.99276690194927,65688.94152529034,0.08025420000001304,0.0,1,1,fallback_q80_q20,122;158;152;160;158;137;123;158;143;135;123;156;145;157;148;146;136;160;148;143;161;157;147;130;158;102;150;153;153;151,8.810729923425242e-13,2.2737367544323206e-13,0.0,0,0,0
2025-06-14,H48,108,18:00,2025-06-13,48.0,6,-418.3888666070621,0.0,418.3888666070621,0.0,0.0,740.16115473457,81830.61655052111,0.07126489999996011,0.0,1,1,fallback_q80_q20,147;132;125;139;136;151;135;145;138;152;159;142;126;112;150;138;151;157;144;157;145;134;121;152;138;154;110;153;144;95,1.8189894035458565e-12,6.821210263296962e-13,0.0,0,0,0
2025-06-15,H48,0,00:00,2025-06-14,48.0,6,47922.18417875885,0.0,0.0,0.0,0.0,0.0,104770.1495180166,0.07240139999998974,0.0,1,1,fallback_q80_q20,158;158;158;132;150;156;116;113;156;159;154;162;143;161;159;121;160;143;150;157;159;128;126;157;137;161;136;151;137;162,7.958078640513122e-13,2.2737367544323206e-13,0.0,0,0,0
2025-06-15,H48,36,06:00,2025-06-14,48.0,6,3058.9333072493305,3116.8700697061913,57.93676245686088,0.0,2995.956363140656,176.34172881729296,70393.21000091055,0.09581150000008165,0.0,1,1,fallback_q80_q20,160;143;111;125;139;123;160;157;158;128;142;159;117;159;129;160;158;126;154;160;122;145;150;161;150;162;123;155;155;149,1.0231815394945443e-12,2.2737367544323206e-13,0.0,0,0,0
2025-06-15,H48,72,12:00,2025-06-14,48.0,6,6086.823016142678,6251.173030576698,164.3500144340198,0.0,4652.78591305078,578.4935390145013,83486.90574270306,0.08291649999989659,0.0,1,1,fallback_q80_q20,137;159;156;161;153;145;143;162;157;143;155;144;120;143;126;158;152;154;160;151;156;140;161;112;158;156;153;162;147;151,1.1368683772161603e-12,2.2737367544323206e-13,0.0,0,0,0
2025-06-15,H48,108,18:00,2025-06-14,48.0,6,2124.5840613344844,2124.5840613344844,0.0,0.0,1129.319698650449,0.0,101726.65438970295,0.048654700000042794,0.0,1,1,fallback_q80_q20,162;123;142;120;143;152;150;128;149;136;158;133;143;158;144;159;114;159;121;136;156;157;152;148;116;162;119;127;124;126,1.0231815394945443e-12,4.547473508864641e-13,0.0,0,0,0
2025-06-16,H48,0,00:00,2025-06-15,48.0,6,56255.133110655064,0.0,0.0,0.0,0.0,0.0,113108.39096084944,0.06679759999997259,0.0,1,1,fallback_q80_q20,159;112;140;155;143;144;144;163;153;159;161;122;155;105;130;154;162;160;155;134;113;139;146;153;139;154;161;163;153;125,1.0231815394945443e-12,2.2737367544323206e-13,0.0,0,0,0
2025-06-16,H48,36,06:00,2025-06-15,48.0,6,5874.842902531412,5916.568051455196,41.725148923784445,0.0,5527.887245795429,128.21978955808527,74785.19138781172,0.08065399999998135,0.0,1,1,fallback_q80_q20,153;144;105;153;154;153;152;162;154;151;153;158;162;157;163;155;163;160;127;126;135;158;157;138;142;138;104;124;144;156,7.318590178329032e-13,2.2737367544323206e-13,0.0,0,0,0
2025-06-16,H48,72,12:00,2025-06-15,48.0,6,-2037.5281508130374,14.268696441326076,2051.7968472543635,0.0,7.039491078381843,6488.6735815707525,75055.05461623795,0.08085879999998724,0.0,1,1,fallback_q80_q20,144;133;161;128;139;151;162;155;161;162;155;122;139;136;160;163;127;139;129;119;149;149;127;132;112;162;121;159;153;156,9.094947017729282e-13,2.2737367544323206e-13,0.0,0,0,0
2025-06-16,H48,108,18:00,2025-06-15,48.0,6,-179.8637875024289,16.89623769691113,196.76002519934002,0.0,8.372280152073813,356.6143598152903,94982.70748006551,0.05953780000004372,0.0,1,1,fallback_q80_q20,145;150;134;156;160;127;163;163;160;159;104;162;131;162;160;161;119;160;160;161;148;160;161;120;126;160;163;122;159;132,1.0231815394945443e-12,6.821210263296962e-13,0.0,0,0,0
2025-06-17,H48,0,00:00,2025-06-16,48.0,6,52695.37201568507,0.0,0.0,0.0,0.0,0.0,111156.69656703454,0.06934349999994538,0.0,1,1,fallback_q80_q20,143;132;127;156;143;159;128;122;158;155;163;121;143;147;136;132;126;163;148;133;159;103;143;140;114;150;126;160;128;132,9.094947017729282e-13,2.2737367544323206e-13,0.0,0,0,0
2025-06-17,H48,36,06:00,2025-06-16,48.0,6,8179.953488161581,8181.492297709904,1.5388095483233784,0.0,6889.7569871329715,6.753679408211383,77287.73992174643,0.07448030000000472,0.0,1,1,fallback_q80_q20,149;160;164;145;132;163;111;134;154;129;143;161;159;149;144;148;160;146;161;121;153;161;155;134;150;151;141;160;122;148,9.094947017729282e-13,2.2737367544323206e-13,0.0,0,0,0
2025-06-17,H48,72,12:00,2025-06-16,48.0,6,-1885.8657197206364,46.29815365057311,1932.1638733712095,0.0,22.710342945664138,6356.218276240075,76674.75015800825,0.06614439999998467,0.0,1,1,fallback_q80_q20,158;163;134;159;164;147;116;135;148;161;143;142;150;140;139;138;143;117;128;103;163;143;163;155;159;160;145;161;147;126,9.094947017729282e-13,2.2737367544323206e-13,0.0,0,0,0
2025-06-17,H48,108,18:00,2025-06-16,48.0,6,917.1653711953902,917.1653711953902,0.0,0.0,512.8602654182465,0.0,95675.65805462726,0.042195800000058625,0.0,1,1,fallback_q80_q20,160;104;141;153;140;162;148;148;144;118;159;111;140;129;135;161;142;142;125;163;112;126;114;122;134;113;154;129;161;163,9.094947017729282e-13,1.0231815394945443e-12,0.0,0,0,0
2025-06-18,H48,0,00:00,2025-06-17,48.0,6,56301.05980103294,0.0,0.0,0.0,0.0,0.0,113617.83491748945,0.08153809999998884,0.0,1,1,fallback_q80_q20,139;150;138;154;159;110;131;153;162;121;158;164;155;126;155;113;157;131;164;145;163;163;133;163;158;159;162;149;154;119,1.0231815394945443e-12,2.2737367544323206e-13,0.0,0,0,0
2025-06-18,H48,36,06:00,2025-06-17,48.0,6,4271.874407098413,4281.465927103027,9.59152000461368,0.0,3958.273083507243,45.277759605354504,72133.16571656305,0.06370750000007774,0.0,1,1,fallback_q80_q20,145;133;146;139;154;131;127;103;128;154;165;114;139;162;128;142;122;132;135;161;153;155;120;156;126;150;160;103;158;160,1.2505552149377763e-12,2.2737367544323206e-13,0.0,0,0,0
2025-06-18,H48,72,12:00,2025-06-17,48.0,6,-2210.098609612753,119.58415367118523,2329.682763283938,0.0,73.04126412995447,7884.746865271033,80033.85024810222,0.07166810000001078,0.0,1,1,fallback_q80_q20,143;122;161;153;155;107;156;145;165;134;147;152;158;142;136;139;148;165;162;159;127;159;124;150;164;146;165;148;150;119,8.988365607365267e-13,2.2737367544323206e-13,0.0,0,0,0
2025-06-18,H48,108,18:00,2025-06-17,48.0,6,321.5492150000973,322.9870964993434,1.4378814992460844,0.0,172.43733002069473,2.289437941638539,98184.99435929891,0.07916440000008151,0.0,1,1,fallback_q80_q20,152;145;128;119;164;139;142;133;158;147;134;156;143;123;121;131;139;164;147;165;157;135;118;148;165;141;158;163;155;164,9.094947017729282e-13,6.821210263296962e-13,0.0,0,0,0
2025-06-19,H48,0,00:00,2025-06-18,48.0,6,51670.55701751989,0.0,0.0,0.0,0.0,0.0,85802.31853702087,0.0752404000000979,0.0,1,1,fallback_q80_q20,161;134;120;166;141;166;156;149;147;162;156;154;160;165;131;140;166;159;159;157;125;163;158;128;159;146;107;106;125;150,9.094947017729282e-13,2.2737367544323206e-13,0.0,0,0,0
2025-06-19,H48,36,06:00,2025-06-18,48.0,6,2950.8596491069675,3955.3226994755555,1004.4630503685879,0.0,3157.7956814672348,2892.052679190213,47947.25291607881,0.09536160000004656,0.0,1,1,fallback_q80_q20,139;148;166;119;143;166;151;162;149;138;144;164;149;153;128;149;148;156;153;107;159;161;152;139;163;153;142;159;136;164,9.094947017729282e-13,2.2737367544323206e-13,0.0,0,0,0
2025-06-19,H48,72,12:00,2025-06-18,48.0,6,2897.360392142403,3428.6491291068514,531.2887369644487,0.0,2789.7849298983165,2165.7152465137015,49536.940064248214,0.0903293000000076,0.0,1,1,fallback_q80_q20,161;152;124;127;162;164;165;146;150;154;161;157;162;144;129;137;139;156;113;157;161;147;135;151;135;166;158;153;160;133,1.0231815394945443e-12,2.2737367544323206e-13,0.0,0,0,0
2025-06-19,H48,108,18:00,2025-06-18,48.0,6,-38.04622359594313,107.92333153329415,145.96955512923728,0.0,53.48881164280215,262.4790117998914,48468.76341980861,0.08229489999996531,0.0,1,1,fallback_q80_q20,161;161;163;136;163;156;148;130;104;166;145;154;123;142;142;113;123;162;159;162;128;160;139;162;152;145;146;127;166;132,9.094947017729282e-13,9.094947017729282e-13,0.0,0,0,0
2025-06-20,H48,0,00:00,2025-06-19,48.0,6,32902.80245354797,0.0,0.0,0.0,0.0,0.0,63539.262910245416,0.07924009999999271,0.0,1,1,fallback_q80_q20,137;158;164;145;154;167;165;164;153;119;155;140;147;165;134;143;135;162;143;147;117;105;167;125;156;106;133;136;133;160,9.094947017729282e-13,2.2737367544323206e-13,0.0,0,0,0
2025-06-20,H48,36,06:00,2025-06-19,48.0,6,-1210.898712783777,0.0,1210.898712783777,0.0,0.0,4136.93897898453,36792.45100462512,0.1069791999999552,0.0,1,1,fallback_q80_q20,143;143;155;149;118;160;111;160;155;165;163;130;112;128;107;141;139;166;167;163;139;163;134;145;124;111;153;152;104;149,9.094947017729282e-13,1.1368683772161603e-13,0.0,0,0,0
2025-06-20,H48,72,12:00,2025-06-19,48.0,6,-599.7338002695467,0.0,599.7338002695467,0.0,0.0,1229.9534928507735,42893.510031095204,0.08349889999999505,0.0,1,1,fallback_q80_q20,141;162;140;166;149;133;155;159;162;148;163;148;160;131;128;158;126;147;142;154;153;124;117;160;161;155;149;152;164;150,9.094947017729282e-13,9.094947017729282e-13,0.0,0,0,0
2025-06-20,H48,108,18:00,2025-06-19,48.0,6,-1291.4390241457124,0.0,1291.4390241457124,0.0,0.0,2513.3756632540744,38164.50179322782,0.1481176999999434,0.0,1,1,fallback_q80_q20,167;152;147;166;166;152;162;166;152;104;125;161;166;163;159;156;141;147;164;113;130;117;154;159;119;166;158;147;140;159,9.094947017729282e-13,1.9326762412674725e-12,0.0,0,0,0
2025-06-21,H48,0,00:00,2025-06-20,48.0,6,25324.562838219983,0.0,0.0,0.0,0.0,0.0,74802.74527413587,0.1174382000000378,0.0,1,1,fallback_q80_q20,156;165;122;147;138;153;136;167;164;123;162;136;114;168;121;155;163;147;161;164;154;142;167;148;140;133;166;136;124;125,1.0231815394945443e-12,2.2737367544323206e-13,0.0,0,0,0
2025-06-21,H48,36,06:00,2025-06-20,48.0,6,2475.7339314189026,2477.469499958026,1.7355685391234923,0.0,2848.837618935589,8.032703399088064,60994.21031078583,0.08046269999999822,0.0,1,1,fallback_q80_q20,129;138;164;154;121;109;152;129;164;153;164;126;165;137;158;127;165;147;142;152;123;155;147;108;126;164;146;116;137;163,1.0231815394945443e-12,2.2737367544323206e-13,0.0,0,0,0
2025-06-21,H48,72,12:00,2025-06-20,48.0,6,-745.9210868367273,0.0,745.9210868367273,0.0,0.0,2432.031099263817,61576.52542241187,0.10091069999998581,0.0,1,1,fallback_q80_q20,159;108;116;164;138;125;152;124;142;148;136;122;120;150;130;139;164;136;160;146;151;117;165;165;149;121;146;165;157;114,1.0231815394945443e-12,2.2737367544323206e-13,0.0,0,0,0
2025-06-21,H48,108,18:00,2025-06-20,48.0,6,-953.3607558162969,0.0,953.3607558162969,0.0,0.0,1783.152933912243,79597.49322099202,0.07706039999993664,0.0,1,1,fallback_q80_q20,137;162;166;151;135;136;154;156;168;150;154;136;134;136;150;146;145;146;128;164;137;142;149;101;119;152;161;122;148;121,1.0231815394945443e-12,1.1368683772161603e-12,0.0,0,0,0
2025-06-22,H48,0,00:00,2025-06-21,48.0,6,45424.60862431483,0.0,0.0,0.0,0.0,0.0,97808.98473966496,0.07074069999998756,0.0,1,1,fallback_q80_q20,166;144;141;139;135;165;121;164;165;147;134;130;161;151;152;168;138;119;168;141;131;165;156;143;156;155;159;162;114;136,1.0231815394945443e-12,2.2737367544323206e-13,0.0,0,0,0
2025-06-22,H48,36,06:00,2025-06-21,48.0,6,4850.0957993795455,5067.700296414574,217.60449703502832,0.0,4075.37219484312,904.1705419172159,68783.54488005512,0.062369399999965935,0.0,1,1,fallback_q80_q20,130;137;102;149;159;143;124;123;156;162;169;136;131;127;155;101;151;163;163;102;140;135;155;165;165;163;115;149;164;122,9.094947017729282e-13,2.2737367544323206e-13,0.0,0,0,0
2025-06-22,H48,72,12:00,2025-06-21,48.0,6,1869.7886185747582,2271.250245655101,401.4616270803429,0.0,1636.6235322415737,1599.9488241894078,74760.29489186071,0.0847523000001047,0.0,1,1,fallback_q80_q20,164;141;165;166;164;157;140;121;167;158;108;166;150;167;155;167;157;144;144;164;151;127;149;165;121;149;137;150;166;124,9.094947017729282e-13,2.2737367544323206e-13,0.0,0,0,0
2025-06-22,H48,108,18:00,2025-06-21,48.0,6,1355.5580440318085,1355.5580440318085,0.0,0.0,728.3433525535339,0.0,90972.36980191128,0.07274319999999079,0.0,1,1,fallback_q80_q20,120;169;127;166;152;142;167;166;115;149;108;108;153;163;141;137;143;165;148;145;135;135;167;144;144;152;127;101;108;162,9.094947017729282e-13,1.0231815394945443e-12,0.0,0,0,0
2025-06-23,H48,0,00:00,2025-06-22,48.0,6,50935.567490585105,0.0,0.0,0.0,0.0,0.0,103846.7905046551,0.07161580000001777,0.0,1,1,fallback_q80_q20,163;160;168;134;125;156;148;160;113;132;144;141;151;119;112;163;135;146;141;167;170;165;150;114;153;128;165;167;170;141,1.1368683772161603e-12,2.2737367544323206e-13,0.0,0,0,0
2025-06-23,H48,36,06:00,2025-06-22,48.0,6,2142.8519697254565,2191.3930292980885,48.54105957263217,0.0,1949.3760800950447,143.38329987105772,65261.98509837587,0.08864339999990989,0.0,1,1,fallback_q80_q20,141;164;114;142;140;114;170;155;145;167;159;159;167;167;169;133;169;124;158;163;167;168;138;152;164;161;117;166;150;141,9.094947017729282e-13,2.5579538487363607e-13,0.0,0,0,0
2025-06-23,H48,72,12:00,2025-06-22,48.0,6,446.1518029548687,1163.6568806311896,717.5050776763209,0.0,852.0954788055164,3059.2241342992693,68890.83975187417,0.08526549999999133,0.0,1,1,fallback_q80_q20,123;132;169;142;149;107;167;163;135;158;170;167;170;167;140;152;162;148;166;131;151;168;137;144;168;156;169;138;167;169,9.094947017729282e-13,2.2737367544323206e-13,0.0,0,0,0
2025-06-23,H48,108,18:00,2025-06-22,48.0,6,286.8304628799932,291.05266811995233,4.222205239959141,0.0,166.42196924408506,6.731295719344985,89280.52618960247,0.08031670000002578,0.0,1,1,fallback_q80_q20,113;163;168;110;168;110;139;124;168;166;118;154;112;139;157;169;169;129;151;134;160;167;167;167;147;122;135;168;153;152,2.171596236166806e-12,3.410605131648481e-13,0.0,0,0,0
2025-06-24,H48,0,00:00,2025-06-23,48.0,6,58540.94621734117,0.0,0.0,0.0,0.0,0.0,110827.7383863374,0.08512959999995928,0.0,1,1,fallback_q80_q20,111;170;162;139;170;154;160;152;129;147;117;169;169;162;159;145;166;148;167;131;169;136;143;132;118;152;171;170;148;132,1.4779288903810084e-12,2.2737367544323206e-13,0.0,0,0,0
2025-06-24,H48,36,06:00,2025-06-23,48.0,6,-38.021528336046686,1023.2991343642229,1061.3206627002696,0.0,790.8322064776759,2821.2705872654533,62795.616135871875,0.13336639999999989,0.0,1,1,fallback_q80_q20,149;169;119;123;156;169;168;141;110;169;156;147;165;168;136;124;134;133;150;144;156;168;159;162;169;166;149;169;127;149,9.094947017729282e-13,2.2737367544323206e-13,0.0,0,0,0
2025-06-24,H48,72,12:00,2025-06-23,48.0,6,2285.929086330005,2658.1990283283785,372.26994199837367,0.0,1889.1770900352683,1461.3757307424125,66878.28239089416,0.0891750000000684,0.0,1,1,fallback_q80_q20,152;167;133;141;142;162;167;147;162;158;169;158;153;166;167;111;159;165;170;140;161;137;144;137;129;111;162;156;148;161,1.0231815394945443e-12,2.2737367544323206e-13,0.0,0,0,0
2025-06-24,H48,108,18:00,2025-06-23,48.0,6,1230.217283830136,1230.217283830136,0.0,0.0,664.5146516529168,0.0,94872.13732569158,0.0664160000000038,0.0,1,1,fallback_q80_q20,137;128;167;154;145;153;145;169;113;165;166;114;120;169;171;154;165;113;158;154;167;131;151;134;170;133;170;140;159;159,7.958078640513122e-13,6.821210263296962e-13,0.0,0,0,0
2025-06-25,H48,0,00:00,2025-06-24,48.0,6,51252.41863304387,0.0,0.0,0.0,0.0,0.0,102991.63303227864,0.08834170000000086,0.0,1,1,fallback_q80_q20,172;137;168;138;170;159;170;146;162;168;161;131;172;158;120;164;137;135;168;140;168;136;169;147;169;148;147;126;152;114,8.526512829121202e-13,2.2737367544323206e-13,0.0,0,0,0
2025-06-25,H48,36,06:00,2025-06-24,48.0,6,3972.9423729310806,4015.8626253410384,42.920252409957826,0.0,3949.1275683451295,134.09560071641693,67352.97778144632,0.08180079999999634,0.0,1,1,fallback_q80_q20,153;121;166;148;144;168;160;171;132;156;168;132;161;132;145;155;139;123;168;169;166;153;159;145;147;131;141;169;126;171,9.094947017729282e-13,2.2737367544323206e-13,0.0,0,0,0
2025-06-25,H48,72,12:00,2025-06-24,48.0,6,1070.1239506580796,2043.7034817644167,973.579531106337,0.0,1621.0323588199858,4088.2243379762294,78624.0248706789,0.06591769999999997,0.0,1,1,fallback_q80_q20,157;151;160;163;157;142;168;163;134;167;167;121;167;113;161;139;164;162;124;137;164;156;157;169;138;171;125;149;129;151,7.958078640513122e-13,2.2737367544323206e-13,0.0,0,0,0
2025-06-25,H48,108,18:00,2025-06-24,48.0,6,524.6864587998924,524.6864587998924,0.0,0.0,290.4935863351743,0.0,87527.80774055466,0.07647180000003573,0.0,1,1,fallback_q80_q20,169;157;138;155;138;124;156;156;169;128;166;129;166;168;126;151;170;142;141;168;129;154;125;133;164;121;113;163;135;126,9.094947017729282e-13,4.547473508864641e-13,0.0,0,0,0
2025-06-26,H48,0,00:00,2025-06-25,48.0,6,54426.3302341518,0.0,0.0,0.0,0.0,0.0,88178.52944006392,0.08760810000001129,0.0,1,1,fallback_q80_q20,151;152;159;171;162;129;168;135;173;173;124;158;120;163;151;137;167;153;156;170;152;153;125;161;112;162;168;118;168;153,9.094947017729282e-13,2.2737367544323206e-13,0.0,0,0,0
2025-06-26,H48,36,06:00,2025-06-25,48.0,6,-1863.7579357091993,0.0,1863.7579357091993,0.0,0.0,3963.174686344179,36622.13387782052,0.09382809999999608,0.0,1,1,fallback_q80_q20,156;114;166;162;168;173;159;168;168;165;170;125;170;169;162;133;171;142;149;132;128;169;152;148;132;168;161;167;173;142,1.2505552149377763e-12,2.2737367544323206e-13,0.0,0,0,0
2025-06-26,H48,72,12:00,2025-06-25,48.0,6,2009.2167209750405,2568.332924160286,559.1162031852455,0.0,1750.6020418371209,2350.3341739445673,40552.38969758642,0.10690190000002531,0.0,1,1,fallback_q80_q20,137;154;159;125;127;140;124;127;141;169;161;131;140;169;162;158;168;146;147;134;160;127;173;169;170;170;112;166;161;124,9.663381206337363e-13,2.2737367544323206e-13,0.0,0,0,0
2025-06-26,H48,108,18:00,2025-06-25,48.0,6,-73.32511251856091,61.499936150826,134.82504866938692,0.0,30.014807065626087,222.31518781755074,49771.29422424353,0.10345700000004854,0.0,1,1,fallback_q80_q20,132;149;156;161;148;168;157;162;156;150;111;167;156;173;155;134;169;148;168;162;168;167;133;124;132;157;170;156;168;141,9.094947017729282e-13,1.9326762412674725e-12,0.0,0,0,0
2025-06-27,H48,0,00:00,2025-06-26,48.0,6,30332.95518345653,0.0,0.0,0.0,0.0,0.0,57810.037119434564,0.07749610000007578,0.0,1,1,fallback_q80_q20,114;127;153;120;130;157;169;134;149;173;134;152;150;159;147;157;173;131;128;138;162;161;162;167;169;147;128;148;170;149,8.100187187665142e-13,1.4210854715202004e-13,0.0,0,0,0
2025-06-27,H48,36,06:00,2025-06-26,48.0,6,-1006.1115703018522,0.0,1006.1115703018522,0.0,0.0,2572.550988921588,34607.971567209795,0.10715560000005553,0.0,1,1,fallback_q80_q20,159;165;166;128;149;156;163;135;163;137;120;171;140;173;170;167;170;143;111;166;118;143;168;152;138;167;144;142;160;126,9.094947017729282e-13,2.2737367544323206e-13,0.0,0,0,0
2025-06-27,H48,72,12:00,2025-06-26,48.0,6,-1418.0120224113411,0.0,1418.0120224113411,0.0,0.0,3011.4558651729694,35510.94136712296,0.08825839999997243,0.0,1,1,fallback_q80_q20,170;138;132;147;148;138;158;141;173;127;128;156;112;173;140;117;167;142;151;173;174;174;126;166;174;143;160;159;147;156,9.094947017729282e-13,1.4210854715202004e-12,0.0,0,0,0
2025-06-27,H48,108,18:00,2025-06-26,48.0,6,-1102.1249080049085,0.0,1102.1249080049085,0.0,0.0,2087.136842799034,40443.20435817799,0.07239159999994627,0.0,1,1,fallback_q80_q20,119;161;119;128;148;148;112;166;164;162;137;169;166;130;170;158;124;174;124;156;154;148;150;162;173;135;140;155;150;162,9.094947017729282e-13,1.1368683772161603e-12,0.0,0,0,0
2025-06-28,H48,0,00:00,2025-06-27,48.0,6,29462.230078871668,0.0,0.0,0.0,0.0,0.0,78056.8834296796,0.06647039999995741,0.0,1,1,fallback_q80_q20,155;165;147;157;148;172;141;164;162;173;142;172;127;151;132;175;154;164;151;133;122;163;169;151;171;122;169;151;143;163,9.663381206337363e-13,2.2737367544323206e-13,0.0,0,0,0
2025-06-28,H48,36,06:00,2025-06-27,48.0,6,-907.8597777980222,0.0,907.8597777980222,0.0,0.0,2076.8076778932964,56928.03743493507,0.12180370000010043,0.0,1,1,fallback_q80_q20,146;169;164;109;122;173;167;116;158;164;169;160;171;171;161;146;136;167;161;174;164;144;166;142;143;166;140;126;155;151,5.4569682106375694e-12,2.2737367544323206e-13,0.0,0,0,0
2025-06-28,H48,72,12:00,2025-06-27,48.0,6,283.8936009699555,436.59234253774315,152.69874156778764,0.0,251.68890535638604,329.2449163729508,63708.24993831283,0.08232369999996081,0.0,1,1,fallback_q80_q20,174;158;160;162;130;143;171;128;158;155;174;115;169;152;126;168;172;156;133;174;156;164;158;167;164;154;151;171;147;122,9.094947017729282e-13,2.2737367544323206e-13,0.0,0,0,0
2025-06-28,H48,108,18:00,2025-06-27,48.0,6,-181.90250473353728,0.0,181.90250473353728,0.0,0.0,300.0276670723998,75275.12809860577,0.08970969999995759,0.0,1,1,fallback_q80_q20,151;158;125;151;120;165;167;169;161;167;132;171;148;155;145;129;158;158;172;171;160;172;155;159;154;129;146;172;143;165,1.8189894035458565e-12,5.684341886080801e-13,0.0,0,0,0
2025-06-29,H48,0,00:00,2025-06-28,48.0,6,42453.70363194585,0.0,0.0,0.0,0.0,0.0,93655.25227119493,0.08390329999997448,0.0,1,1,fallback_q80_q20,133;166;158;132;146;164;141;165;154;171;123;161;176;173;162;149;151;138;109;136;133;141;168;133;167;158;156;160;158;138,9.094947017729282e-13,2.2737367544323206e-13,0.0,0,0,0
2025-06-29,H48,36,06:00,2025-06-28,48.0,6,6832.964114147892,6875.261652684198,42.29753853630612,0.0,6251.283126031632,117.63974189559917,68826.03055654118,0.13510739999992438,0.0,1,1,fallback_q80_q20,116;145;172;129;175;173;145;150;138;160;135;165;124;130;171;139;155;121;163;173;172;174;175;169;171;148;135;172;140;144,1.7053025658242404e-12,2.2737367544323206e-13,0.0,0,0,0
2025-06-29,H48,72,12:00,2025-06-28,48.0,6,1821.6427184295799,2162.3133024243343,340.67058399475445,0.0,1576.9363491210474,1312.3056693340936,70088.64430818269,0.0892041000000745,0.0,1,1,fallback_q80_q20,165;157;154;132;145;126;148;150;146;166;153;134;150;129;149;158;165;174;159;162;164;149;164;169;170;164;162;173;175;171,9.094947017729282e-13,2.2737367544323206e-13,0.0,0,0,0
2025-06-29,H48,108,18:00,2025-06-28,48.0,6,2992.3524055104235,2992.3524055104235,0.0,0.0,1605.513445510099,0.0,92433.97217764638,0.06847799999991366,0.0,1,1,fallback_q80_q20,125;136;164;171;167;175;139;172;136;162;171;155;163;131;115;161;130;130;172;135;167;150;165;176;151;157;134;150;167;172,1.1368683772161603e-12,6.821210263296962e-13,0.0,0,0,0
2025-06-30,H48,0,00:00,2025-06-29,48.0,6,54880.492984934404,0.0,0.0,0.0,0.0,0.0,108073.25789567581,0.08710519999999633,0.0,1,1,fallback_q80_q20,175;173;177;127;121;163;163;174;160;168;168;174;144;177;167;130;121;125;172;167;142;162;152;159;161;152;168;166;162;152,9.094947017729282e-13,2.2737367544323206e-13,0.0,0,0,0
2025-06-30,H48,36,06:00,2025-06-29,48.0,6,182.72919211482326,877.9513156287871,695.2221235139639,0.0,672.5306985964079,1781.4103513136913,65255.4358841197,0.06569489999992584,0.0,1,1,fallback_q80_q20,168;128;117;172;174;174;158;174;174;120;118;131;148;157;169;176;119;160;146;145;160;142;159;170;160;151;175;136;156;150,9.094947017729282e-13,2.2737367544323206e-13,0.0,0,0,0
2025-06-30,H48,72,12:00,2025-06-29,48.0,6,-672.475023348443,254.2030817778392,926.6781051262822,0.0,154.58733758728465,3931.324065333594,67648.83162738162,0.07123760000001766,0.0,1,1,fallback_q80_q20,166;161;162;135;174;149;167;159;176;118;141;114;175;177;171;155;176;163;130;125;127;176;140;158;166;157;153;163;161;171,9.094947017729282e-13,2.2737367544323206e-13,0.0,0,0,0
2025-06-30,H48,108,18:00,2025-06-29,48.0,6,290.5019308967807,299.21441447318807,8.712483576407376,0.0,172.42434359261642,41.34138694152148,79619.50381714148,0.07888709999997445,0.0,1,1,fallback_q80_q20,163;144;173;144;152;143;145;165;169;166;170;174;170;143;175;165;163;166;177;175;160;139;176;172;118;164;156;169;140;151,8.810729923425242e-13,2.2737367544323206e-13,0.0,0,0,0
2025-07-01,H48,0,00:00,2025-06-30,48.0,6,44736.904798753705,0.0,0.0,0.0,0.0,0.0,100732.18314494126,0.07698000000004868,0.0,1,1,fallback_q80_q20,150;174;171;175;117;140;140;159;174;156;178;162;164;170;149;170;156;133;140;160;177;178;138;174;170;176;171;174;136;136,1.0231815394945443e-12,2.2737367544323206e-13,0.0,0,0,0
2025-07-01,H48,36,06:00,2025-06-30,48.0,6,8445.321263064085,8447.269967434906,1.9487043708218297,0.0,7108.953985357153,8.679251885171425,70435.18676410247,0.07592890000000807,0.0,1,1,fallback_q80_q20,173;120;128;154;172;175;160;128;130;167;173;167;174;174;160;118;172;134;163;175;170;133;168;172;177;175;170;176;130;170,9.094947017729282e-13,2.2737367544323206e-13,0.0,0,0,0
2025-07-01,H48,72,12:00,2025-06-30,48.0,6,4912.2731982905,5322.667553096862,410.39435480636246,0.0,4079.3770648134087,1670.0843559255218,72527.32170641846,0.07495770000002722,0.0,1,1,fallback_q80_q20,130;161;144;156;131;126;175;133;176;178;156;152;155;168;117;158;155;152;169;145;175;134;167;145;135;128;174;158;174;144,9.094947017729282e-13,2.2737367544323206e-13,0.0,0,0,0
2025-07-01,H48,108,18:00,2025-06-30,48.0,6,2779.7671294251245,2779.7671294251245,0.0,0.0,1507.6173385686175,0.0,84466.91177843731,0.07254340000008597,0.0,1,1,fallback_q80_q20,177;140;151;149;173;129;174;174;174;162;169;157;169;153;149;153;128;164;177;153;162;152;149;174;166;177;177;173;178;140,9.094947017729282e-13,5.684341886080801e-13,0.0,0,0,0
2025-07-02,H48,0,00:00,2025-07-01,48.0,6,49598.50660332946,0.0,0.0,0.0,0.0,0.0,103287.44348408426,0.08404450000000452,0.0,1,1,fallback_q80_q20,155;169;153;155;151;132;155;163;151;174;153;171;172;150;175;162;170;169;121;168;169;144;175;124;176;148;177;177;156;176,9.094947017729282e-13,2.2737367544323206e-13,0.0,0,0,0
2025-07-02,H48,36,06:00,2025-07-01,48.0,6,1095.824617032177,1247.6477312716486,151.82311423947152,0.0,1639.7447049032176,481.593673688874,62998.31409341106,0.0800166999999874,0.0,1,1,fallback_q80_q20,131;148;174;142;150;175;170;147;173;156;145;148;133;168;145;126;148;161;134;153;147;172;178;149;167;160;139;161;121;160,9.094947017729282e-13,3.410605131648481e-13,0.0,0,0,0
2025-07-02,H48,72,12:00,2025-07-01,48.0,6,-667.999778492328,130.29754052233605,798.297319014664,0.0,64.38654255383904,2467.3992004358934,63787.2382203104,0.09138249999989512,0.0,1,1,fallback_q80_q20,166;176;170;132;175;177;177;141;142;168;148;126;131;132;162;159;167;173;176;166;178;164;159;179;154;125;168;173;131;143,9.094947017729282e-13,2.2737367544323206e-13,0.0,0,0,0
2025-07-02,H48,108,18:00,2025-07-01,48.0,6,2800.731195794075,2800.731195794075,0.0,0.0,1533.6402249561568,0.0,86662.32662977569,0.08422269999994114,0.0,1,1,fallback_q80_q20,146;167;174;120;175;158;156;150;170;169;170;176;161;152;170;175;121;161;161;126;162;140;142;156;130;160;135;148;145;153,9.094947017729282e-13,2.2737367544323206e-13,0.0,0,0,0
2025-07-03,H48,0,00:00,2025-07-02,48.0,6,55872.92215285319,0.0,0.0,0.0,0.0,0.0,87754.75716850144,0.08635500000002594,0.0,1,1,fallback_q80_q20,165;143;137;160;151;168;174;177;162;135;121;179;121;162;166;177;155;160;169;180;151;153;147;180;178;153;177;170;179;176,1.0231815394945443e-12,2.2737367544323206e-13,0.0,0,0,0
2025-07-03,H48,36,06:00,2025-07-02,48.0,6,4279.0711893182215,4365.385339190599,86.31414987237672,0.0,3826.866640033374,294.4953195828083,42931.110752247245,0.07816119999995408,0.0,1,1,fallback_q80_q20,167;145;177;172;177;145;176;154;137;177;170;180;176;179;124;165;143;175;177;170;173;118;153;167;179;170;179;147;144;140,8.526512829121202e-13,2.2737367544323206e-13,0.0,0,0,0
2025-07-03,H48,72,12:00,2025-07-02,48.0,6,-1392.8731461852408,156.04657636051235,1548.919722545753,0.0,77.00530098301181,5607.066085739805,36168.89607393129,0.09837489999995341,0.0,1,1,fallback_q80_q20,170;155;142;168;176;167;169;139;170;143;173;159;165;120;151;168;174;140;162;162;158;156;162;156;141;140;136;118;176;142,9.094947017729282e-13,2.2737367544323206e-13,0.0,0,0,0
2025-07-03,H48,108,18:00,2025-07-02,48.0,6,2673.610325755478,2673.610325755478,0.0,0.0,1447.2277303615365,0.0,51256.3953214917,0.08465900000010151,0.0,1,1,fallback_q80_q20,132;127;133;147;164;135;176;138;141;173;180;173;150;172;171;177;177;173;170;146;162;125;156;155;154;177;154;117;173;174,1.2505552149377763e-12,2.2737367544323206e-13,0.0,0,0,0
2025-07-04,H48,0,00:00,2025-07-03,48.0,6,29542.60245416804,0.0,0.0,0.0,0.0,0.0,59565.97584488057,0.10505079999995814,0.0,1,1,fallback_q80_q20,170;161;178;160;149;163;166;171;159;137;158;181;159;173;177;145;134;179;181;140;125;174;165;180;181;180;167;167;174;127,9.094947017729282e-13,1.4210854715202004e-13,0.0,0,0,0
2025-07-04,H48,36,06:00,2025-07-03,48.0,6,8817.595095229228,8817.595095229228,0.0,0.0,9171.67055816541,0.0,50050.48119981738,0.0983293000000458,0.0,1,1,fallback_q80_q20,148;152;157;160;157;181;147;144;144;154;174;165;151;171;135;159;160;152;159;180;181;165;166;168;152;120;181;153;181;162,9.094947017729282e-13,2.2737367544323206e-13,0.0,0,0,0
2025-07-04,H48,72,12:00,2025-07-03,48.0,6,-2944.9807113006555,0.0,2944.9807113006555,0.0,0.0,7684.81325606423,36187.949352866075,0.08300710000003164,0.0,1,1,fallback_q80_q20,142;176;124;147;164;141;176;173;163;148;125;181;124;181;169;124;141;177;173;168;156;176;155;176;154;161;140;162;173;170,9.094947017729282e-13,1.1368683772161603e-13,0.0,0,0,0
2025-07-04,H48,108,18:00,2025-07-03,48.0,6,456.3073764719587,534.9424331835157,78.63505671155701,0.0,303.7412037614754,145.50756267117254,46925.2728188548,0.13732410000000073,0.0,1,1,fallback_q80_q20,165;179;151;162;181;164;149;166;181;119;181;165;131;153;180;137;124;132;173;144;159;154;181;181;170;119;118;145;168;180,5.4569682106375694e-12,4.547473508864641e-13,0.0,0,0,0
2025-07-05,H48,0,00:00,2025-07-04,48.0,6,26189.360003187012,0.0,0.0,0.0,0.0,0.0,74504.81344960997,0.07039529999997285,0.0,1,1,fallback_q80_q20,176;154;164;149;143;152;177;146;157;128;155;173;164;178;142;139;169;178;160;148;164;171;135;137;129;137;179;182;128;138,9.094947017729282e-13,2.2737367544323206e-13,0.0,0,0,0
2025-07-05,H48,36,06:00,2025-07-04,48.0,6,527.9751832681663,560.5546101364114,32.57942686824501,0.0,497.5215106778688,130.47533449949628,57387.0234751428,0.07870230000003176,0.0,1,1,fallback_q80_q20,178;178;153;131;147;129;157;142;144;177;176;128;182;157;179;164;115;161;138;167;171;144;178;150;175;135;172;134;163;142,9.094947017729282e-13,2.2737367544323206e-13,0.0,0,0,0
2025-07-05,H48,72,12:00,2025-07-04,48.0,6,2027.5094139429232,2030.9636696223406,3.4542556794175328,0.0,1330.5483082902679,12.277485622001706,68525.44242602112,0.08329249999997046,0.0,1,1,fallback_q80_q20,172;175;146;151;152;165;166;157;148;138;169;175;163;179;136;136;156;129;176;172;150;178;181;177;162;180;158;166;153;179,2.0605739337042905e-12,2.2737367544323206e-13,0.0,0,0,0
2025-07-05,H48,108,18:00,2025-07-04,48.0,6,1693.509571787586,1693.509571787586,0.0,0.0,934.7397982013522,0.0,81199.49366441055,0.07822869999995419,0.0,1,1,fallback_q80_q20,181;171;133;150;154;175;137;159;179;176;169;172;145;178;134;170;181;136;154;172;181;175;181;168;178;163;181;154;168;174,1.0231815394945443e-12,4.547473508864641e-13,0.0,0,0,0
2025-07-06,H48,0,00:00,2025-07-05,48.0,6,47019.16934725968,0.0,0.0,0.0,0.0,0.0,97177.18091073533,0.07359999999994216,0.0,1,1,fallback_q80_q20,156;156;159;154;168;179;137;156;181;156;179;140;176;149;169;130;180;183;167;179;162;140;175;172;168;123;123;179;157;164,9.094947017729282e-13,2.2737367544323206e-13,0.0,0,0,0
2025-07-06,H48,36,06:00,2025-07-05,48.0,6,10375.356155539923,10386.813784479527,11.45762893960527,0.0,10081.58616501574,34.23253343174565,74441.57431725437,0.07493769999996402,0.0,1,1,fallback_q80_q20,171;177;165;123;158;160;159;182;175;179;183;132;157;181;150;175;162;176;123;182;116;131;147;161;160;129;179;182;179;172,9.094947017729282e-13,2.2737367544323206e-13,0.0,0,0,0
2025-07-06,H48,72,12:00,2025-07-05,48.0,6,3498.0489186511304,4085.7736625721686,587.7247439210381,0.0,3116.688339309911,2369.1876769053615,71168.94077765578,0.08600390000003699,0.0,1,1,fallback_q80_q20,152;155;183;163;129;171;171;159;175;136;176;176;128;138;165;130;130;143;179;152;176;157;173;138;150;172;171;136;152;180,1.2505552149377763e-12,2.2737367544323206e-13,0.0,0,0,0
2025-07-06,H48,108,18:00,2025-07-05,48.0,6,4482.7767687372425,4482.7767687372425,0.0,0.0,2441.0135883874254,0.0,76144.03975995374,0.08007190000000719,0.0,1,1,fallback_q80_q20,165;170;171;164;163;142;179;183;158;167;123;168;140;132;175;166;130;155;156;181;176;160;123;133;143;144;130;175;142;130,9.094947017729282e-13,5.684341886080801e-13,0.0,0,0,0
2025-07-07,H48,0,00:00,2025-07-06,48.0,6,51827.185146257296,0.0,0.0,0.0,0.0,0.0,110281.95063056707,0.08392690000005132,0.0,1,1,fallback_q80_q20,180;138;156;177;180;179;176;143;183;184;131;149;183;133;135;156;148;184;137;168;141;181;163;165;184;172;153;177;181;143,9.094947017729282e-13,3.410605131648481e-13,0.0,0,0,0
2025-07-07,H48,36,06:00,2025-07-06,48.0,6,-1633.1611115050223,180.6295217346128,1813.790633239635,0.0,89.39543043005904,5122.289489519713,66969.10859257076,0.09074280000004364,0.0,1,1,fallback_q80_q20,177;175;169;175;183;173;153;184;176;177;175;135;169;182;162;169;158;138;148;184;163;176;171;161;145;182;182;184;131;176,9.094947017729282e-13,2.2737367544323206e-13,0.0,0,0,0
2025-07-07,H48,72,12:00,2025-07-06,48.0,6,7597.82291128598,7650.453449716163,52.630538430183464,0.0,5917.591778057503,185.25356716009665,88865.61358840523,0.07536719999995967,0.0,1,1,fallback_q80_q20,172;157;181;121;180;133;153;164;145;162;164;149;182;176;183;173;140;181;174;158;121;160;121;175;181;180;167;176;166;180,7.958078640513122e-13,2.2737367544323206e-13,0.0,0,0,0
2025-07-07,H48,108,18:00,2025-07-06,48.0,6,825.8648430988093,825.8648430988093,0.0,0.0,433.52868789113427,0.0,92479.50575229866,0.07229100000006383,0.0,1,1,fallback_q80_q20,177;147;183;174;162;178;159;134;148;128;156;182;137;140;177;163;172;138;121;143;180;171;175;140;184;177;153;179;145;184,9.094947017729282e-13,6.821210263296962e-13,0.0,0,0,0
2025-07-08,H48,0,00:00,2025-07-07,48.0,6,61685.457589516824,0.0,0.0,0.0,0.0,0.0,120333.61179428015,0.06946300000004157,0.0,1,1,fallback_q80_q20,177;168;180;172;172;148;184;168;138;182;153;147;173;149;172;142;155;159;179;182;161;164;146;182;176;182;172;167;173;161,9.094947017729282e-13,2.2737367544323206e-13,0.0,0,0,0
2025-07-08,H48,36,06:00,2025-07-07,48.0,6,-2508.619530740399,0.0,2508.619530740399,0.0,0.0,6820.491509438287,67456.1956670774,0.08553170000004684,0.0,1,1,fallback_q80_q20,170;154;175;174;145;158;157;170;141;182;124;166;168;137;160;173;167;183;175;173;171;168;178;135;143;184;171;170;161;144,9.094947017729282e-13,2.2737367544323206e-13,0.0,0,0,0
2025-07-08,H48,72,12:00,2025-07-07,48.0,6,2501.3720252723606,3011.912484069951,510.5404587975903,0.0,2312.6042251104745,2089.9249544303602,82988.62712770952,0.09140879999995377,0.0,1,1,fallback_q80_q20,172;138;169;143;152;131;180;124;160;180;148;174;133;145;176;183;159;168;168;161;175;139;181;170;162;181;179;181;170;170,9.094947017729282e-13,2.2737367544323206e-13,0.0,0,0,0
2025-07-08,H48,108,18:00,2025-07-07,48.0,6,825.8740694264941,825.8740694264941,0.0,0.0,447.97796203225187,0.0,92743.77186604336,0.08217270000000099,0.0,1,1,fallback_q80_q20,136;178;183;176;176;175;163;182;180;183;127;147;180;142;184;182;177;132;183;173;151;142;175;174;161;181;176;168;176;182,8.171241461241152e-13,2.3874235921539366e-12,0.0,0,0,0
2025-07-09,H48,0,00:00,2025-07-08,48.0,6,61573.34786178994,0.0,0.0,0.0,0.0,0.0,121126.76331277764,0.07133809999993446,0.0,1,1,fallback_q80_q20,175;163;170;166;170;176;172;145;128;159;183;167;168;182;164;186;153;179;150;146;182;143;179;180;166;168;172;134;177;183,9.094947017729282e-13,2.2737367544323206e-13,0.0,0,0,0
2025-07-09,H48,36,06:00,2025-07-08,48.0,6,-1492.8807657557659,63.62144213390597,1556.5022078896718,0.0,31.546518970574425,4117.630063972796,70138.37197470198,0.07646669999996902,0.0,1,1,fallback_q80_q20,182;169;176;148;158;153;152;156;163;168;175;149;175;169;178;181;160;166;178;140;174;166;146;135;183;179;177;145;168;178,8.668621376273222e-13,2.2737367544323206e-13,0.0,0,0,0
2025-07-09,H48,72,12:00,2025-07-08,48.0,6,1679.3588019828167,2660.0728922050457,980.7140902222291,0.0,1585.8552203298896,3753.0911863976426,88605.37973520452,0.08230779999996685,0.0,1,1,fallback_q80_q20,161;171;183;184;176;169;168;152;157;176;181;182;183;185;175;171;174;146;126;142;182;134;133;143;184;151;171;180;182;159,9.094947017729282e-13,2.8421709430404007e-13,0.0,0,0,0
2025-07-09,H48,108,18:00,2025-07-08,48.0,6,228.70517525759385,235.15112176547422,6.445946507880359,0.0,132.69382855896185,10.263428879675757,93647.76782099836,0.07646019999992859,0.0,1,1,fallback_q80_q20,176;165;175;143;183;177;153;183;172;139;186;134;182;182;144;135;174;158;175;124;143;159;182;175;182;126;169;153;125;162,9.094947017729282e-13,4.547473508864641e-13,0.0,0,0,0
2025-07-10,H48,0,00:00,2025-07-09,48.0,6,54511.45017710132,0.0,0.0,0.0,0.0,0.0,96438.88109045995,0.08831729999997151,0.0,1,1,fallback_q80_q20,182;141;182;166;178;131;184;139;128;176;168;152;167;159;164;185;142;178;187;175;182;178;173;174;177;187;125;174;176;180,9.094947017729282e-13,2.2737367544323206e-13,0.0,0,0,0
2025-07-10,H48,36,06:00,2025-07-09,48.0,6,5924.40183952526,6075.428992638397,151.02715311313764,0.0,4989.492472520664,652.9212398789945,58281.627874700716,0.09725079999998343,0.0,1,1,fallback_q80_q20,131;170;146;150;165;141;185;174;132;133;177;187;175;155;171;124;165;159;173;176;178;181;183;165;172;157;182;178;170;161,9.094947017729282e-13,2.5579538487363607e-13,0.0,0,0,0
2025-07-10,H48,72,12:00,2025-07-09,48.0,6,775.8203884887317,1429.8672330589322,654.0468445702005,0.0,810.5161156878366,2797.051790168105,58325.62161485274,0.11118430000010449,0.0,1,1,fallback_q80_q20,183;187;182;186;125;182;133;187;175;183;153;155;183;170;170;144;180;168;133;169;168;184;181;164;177;153;134;158;138;181,9.094947017729282e-13,2.2737367544323206e-13,0.0,0,0,0
2025-07-10,H48,108,18:00,2025-07-09,48.0,6,94.2574521706589,144.7707927806391,50.51334060998022,0.0,71.52308096996353,98.01975397492924,67976.86092119006,0.0912389999999732,0.0,1,1,fallback_q80_q20,166;144;162;175;143;180;180;139;180;162;187;154;187;187;182;182;186;155;133;139;134;146;180;167;186;172;167;155;179;128,1.0089706847793423e-12,9.094947017729282e-13,0.0,0,0,0
2025-07-11,H48,0,00:00,2025-07-10,48.0,6,40471.1474733435,0.0,0.0,0.0,0.0,0.0,78403.70957104066,0.07105239999998503,0.0,1,1,fallback_q80_q20,185;188;180;156;183;188;172;176;139;182;187;174;180;184;175;177;173;178;188;144;125;160;133;184;152;139;176;174;178;175,8.384404281969182e-13,1.4210854715202004e-13,0.0,0,0,0
2025-07-11,H48,36,06:00,2025-07-10,48.0,6,1090.0130235100992,1757.2268879617682,667.213864451669,0.0,982.2518055249479,2601.9493395611576,48967.53596153725,0.08273370000006253,0.0,1,1,fallback_q80_q20,142;184;182;186;132;176;183;185;160;134;169;149;127;176;188;183;177;188;182;187;183;139;187;180;159;132;187;183;182;183,9.094947017729282e-13,2.2737367544323206e-13,0.0,0,0,0
2025-07-11,H48,72,12:00,2025-07-10,48.0,6,-2548.4616224671554,0.0,2548.4616224671554,0.0,0.0,5971.700377531508,47130.36552857287,0.080631500000095,0.0,1,1,fallback_q80_q20,187;128;166;183;184;163;168;169;158;182;170;187;158;183;164;174;133;184;156;183;157;163;165;188;148;175;179;176;170;138,1.2505552149377763e-12,7.958078640513122e-13,0.0,0,0,0
2025-07-11,H48,108,18:00,2025-07-10,48.0,6,-1814.8523084542337,0.0,1814.8523084542337,0.0,0.0,3338.456416828477,55516.59545707871,0.09473900000000413,0.0,1,1,fallback_q80_q20,164;175;166;156;184;184;153;188;142;171;163;188;183;172;163;145;160;147;174;141;150;167;180;175;141;162;167;179;179;173,1.0231815394945443e-12,1.2505552149377763e-12,0.0,0,0,0
2025-07-12,H48,0,00:00,2025-07-11,48.0,6,34561.511136502,0.0,0.0,0.0,0.0,0.0,88922.34316145023,0.12369220000005043,0.0,1,1,fallback_q80_q20,176;183;166;130;153;186;171;187;138;182;129;140;150;134;176;171;159;158;176;175;136;152;178;123;147;172;151;167;165;151,2.2737367544323206e-12,2.2737367544323206e-13,0.0,0,0,0
2025-07-12,H48,36,06:00,2025-07-11,48.0,6,4886.553128275206,4958.56251609543,72.00938782022347,0.0,6332.553701193612,195.99335019433647,68714.44877488902,0.09402150000005349,0.0,1,1,fallback_q80_q20,156;178;176;147;157;174;166;152;151;173;186;188;189;188;136;179;159;183;174;186;151;158;139;185;142;143;170;176;188;165,1.0231815394945443e-12,2.2737367544323206e-13,0.0,0,0,0
2025-07-12,H48,72,12:00,2025-07-11,48.0,6,-1041.3653669605656,0.0,1041.3653669605656,0.0,0.0,3397.206437970926,69771.98515485298,0.09629010000003291,0.0,1,1,fallback_q80_q20,145;130;158;180;182;134;145;174;140;180;144;158;182;154;186;189;172;149;161;188;178;163;161;147;182;172;130;172;165;186,9.094947017729282e-13,2.2737367544323206e-13,0.0,0,0,0
2025-07-12,H48,108,18:00,2025-07-11,48.0,6,-696.7772837111764,0.0,696.7772837111764,0.0,0.0,1276.1654892102076,80685.01222249339,0.09511890000010226,0.0,1,1,fallback_q80_q20,189;122;183;123;165;148;185;179;178;185;177;140;187;157;144;168;149;169;188;172;186;157;145;164;184;183;147;170;178;162,9.094947017729282e-13,4.547473508864641e-13,0.0,0,0,0
2025-07-13,H48,0,00:00,2025-07-12,48.0,6,54394.96749665598,0.0,0.0,0.0,0.0,0.0,111195.69319852129,0.06716630000005352,0.0,1,1,fallback_q80_q20,135;137;151;176;179;158;181;122;149;136;167;172;129;187;172;145;159;177;140;166;190;130;177;171;146;179;171;181;182;183,9.094947017729282e-13,2.2737367544323206e-13,0.0,0,0,0
2025-07-13,H48,36,06:00,2025-07-12,48.0,6,-2579.9944314501477,15.53852431791107,2595.532955768059,0.0,7.687564540151584,6816.099196094068,69527.7890862801,0.08138310000003912,0.0,1,1,fallback_q80_q20,142;163;153;185;173;179;190;182;155;171;180;141;159;162;147;161;166;137;184;152;158;184;178;159;186;178;164;179;178;144,8.526512829121202e-13,2.2737367544323206e-13,0.0,0,0,0
2025-07-13,H48,72,12:00,2025-07-12,48.0,6,5239.179797402639,5239.269021839805,0.08922443716493027,0.0,3767.3995960748202,0.42007738778215753,84255.67968521142,0.07689579999998841,0.0,1,1,fallback_q80_q20,169;159;139;164;172;184;148;147;186;165;158;136;148;122;181;189;171;161;173;145;186;184;184;186;145;181;186;158;141;179,1.3642420526593924e-12,2.2737367544323206e-13,0.0,0,0,0
2025-07-13,H48,108,18:00,2025-07-12,48.0,6,2123.6871213472573,2123.6871213472573,0.0,0.0,1170.7173563326928,0.0,98695.53811732717,0.07659600000010869,0.0,1,1,fallback_q80_q20,179;177;151;161;189;183;149;143;189;177;176;185;188;190;158;176;144;161;151;137;170;171;184;144;162;179;123;179;190;143,9.094947017729282e-13,4.547473508864641e-13,0.0,0,0,0
2025-07-14,H48,0,00:00,2025-07-13,48.0,6,56581.74683327574,0.0,0.0,0.0,0.0,0.0,112956.86119807999,0.08203439999999773,0.0,1,1,fallback_q80_q20,142;178;147;181;188;154;131;172;187;157;159;180;187;189;176;163;168;173;176;179;144;191;135;169;183;160;164;191;187;162,9.094947017729282e-13,2.2737367544323206e-13,0.0,0,0,0
2025-07-14,H48,36,06:00,2025-07-13,48.0,6,-573.9069690324147,618.8073280684355,1192.7142971008502,0.0,509.8040727661085,3970.985779910452,69643.61531071202,0.09249310000006972,0.0,1,1,fallback_q80_q20,159;140;154;175;187;182;139;165;181;188;184;163;184;190;190;149;154;189;145;188;185;176;189;172;188;187;178;150;170;177,9.094947017729282e-13,2.2737367544323206e-13,0.0,0,0,0
2025-07-14,H48,72,12:00,2025-07-13,48.0,6,512.7080237652608,1111.7341941599723,599.0261703947115,0.0,840.256421938739,2345.392796906005,71517.99149994973,0.08489340000005541,0.0,1,1,fallback_q80_q20,186;188;179;153;188;153;162;188;170;191;166;172;157;134;176;167;189;189;175;188;188;190;170;187;169;176;191;191;191;131,9.094947017729282e-13,2.2737367544323206e-13,0.0,0,0,0
2025-07-14,H48,108,18:00,2025-07-13,48.0,6,134.8521763040258,149.393323258144,14.5411469541182,0.0,85.16928124216895,55.15486832347051,96653.64268417707,0.06629900000007183,0.0,1,1,fallback_q80_q20,180;184;175;188;169;145;178;177;177;188;191;191;177;184;191;171;190;134;168;190;186;143;170;180;188;160;168;191;181;185,9.094947017729282e-13,2.2737367544323206e-13,0.0,0,0,0
2025-07-15,H48,0,00:00,2025-07-14,48.0,6,56825.738757146726,0.0,0.0,0.0,0.0,0.0,116894.28730054079,0.07025009999995291,0.0,1,1,fallback_q80_q20,147;145;177;183;161;180;192;185;185;163;139;145;180;173;189;169;192;134;140;173;151;184;174;177;169;150;160;191;160;179,7.815970093361102e-13,2.2737367544323206e-13,0.0,0,0,0
2025-07-15,H48,36,06:00,2025-07-14,48.0,6,-1532.1530375105472,403.2909858949466,1935.4440234054937,0.0,238.68446356575032,5830.921335301209,69703.32439194397,0.07823259999997845,0.0,1,1,fallback_q80_q20,192;145;167;175;134;160;176;182;164;147;163;153;192;162;174;166;172;182;150;164;168;190;175;164;156;135;191;170;179;164,9.094947017729282e-13,2.2737367544323206e-13,0.0,0,0,0
2025-07-15,H48,72,12:00,2025-07-14,48.0,6,2060.560700011985,2488.2206043324145,427.6599043204296,0.0,1975.0508708357665,1691.654623741146,78288.39776185782,0.08466969999994944,0.0,1,1,fallback_q80_q20,180;169;172;169;190;188;191;191;178;150;187;189;172;189;166;175;187;135;161;155;141;173;190;178;192;172;186;190;177;191,8.970602038971265e-13,3.410605131648481e-13,0.0,0,0,0
2025-07-15,H48,108,18:00,2025-07-14,48.0,6,35.408087897119884,74.82686987727824,39.41878198015836,0.0,36.93535721490434,68.23600823399681,83366.80796824276,0.08648640000001251,0.0,1,1,fallback_q80_q20,188;159;182;131;160;143;158;148;189;160;158;189;175;176;177;180;134;158;184;167;185;189;168;141;190;187;172;187;142;155,1.8189894035458565e-12,3.410605131648481e-13,0.0,0,0,0
2025-07-16,H48,0,00:00,2025-07-15,48.0,6,55510.06243453933,0.0,0.0,0.0,0.0,0.0,111781.47365906522,0.07253819999993993,0.0,1,1,fallback_q80_q20,133;183;190;157;170;184;155;169;163;192;189;160;163;169;182;147;186;187;167;140;164;153;164;160;191;147;175;162;189;140,1.0231815394945443e-12,2.2737367544323206e-13,0.0,0,0,0
2025-07-16,H48,36,06:00,2025-07-15,48.0,6,1334.53732642862,1339.7328564583468,5.195530029726795,0.0,1218.4926931202995,24.615294705031715,73291.48837650123,0.14649129999997967,0.0,1,1,fallback_q80_q20,190;183;167;182;165;180;154;183;170;156;147;162;181;179;179;169;180;161;192;193;180;177;182;175;133;150;169;175;165;140,1.3642420526593924e-12,2.2737367544323206e-13,0.0,0,0,0
2025-07-16,H48,72,12:00,2025-07-15,48.0,6,2445.0991095385234,2963.966123606678,518.8670140681546,0.0,2523.5785005328203,2237.3439246599164,82304.12340091424,0.09534929999995256,0.0,1,1,fallback_q80_q20,164;183;175;193;138;193;183;160;172;169;192;148;182;181;191;192;191;156;145;146;191;172;161;182;140;186;192;173;150;144,9.094947017729282e-13,2.2737367544323206e-13,0.0,0,0,0
2025-07-16,H48,108,18:00,2025-07-15,48.0,6,132.44529948004146,220.52059744212903,88.07529796208756,0.0,108.71850005450051,151.5143741061961,96072.71303985649,0.06645170000001599,0.0,1,1,fallback_q80_q20,177;177;135;180;138;161;191;140;134;193;185;162;179;135;184;171;162;150;187;159;187;140;171;139;181;190;141;178;162;176,9.094947017729282e-13,9.094947017729282e-13,0.0,0,0,0
2025-07-17,H48,0,00:00,2025-07-16,48.0,6,54543.15696894225,0.0,0.0,0.0,0.0,0.0,93947.44305839851,0.08256159999996271,0.0,1,1,fallback_q80_q20,150;187;194;167;158;179;191;160;184;190;194;185;194;169;166;187;168;157;178;193;176;138;155;155;161;191;153;148;131;184,1.0231815394945443e-12,2.2737367544323206e-13,0.0,0,0,0
2025-07-17,H48,36,06:00,2025-07-16,48.0,6,4010.978154214752,4084.496386299025,73.51823208427257,0.0,3551.8554120284143,228.27614165441594,54661.16003856584,0.08601790000000165,0.0,1,1,fallback_q80_q20,152;186;166;194;169;187;194;185;188;163;135;191;152;156;189;191;158;187;190;140;191;149;192;191;171;175;180;138;184;149,9.094947017729282e-13,2.2737367544323206e-13,0.0,0,0,0
2025-07-17,H48,72,12:00,2025-07-16,48.0,6,-1338.3820319205417,6.985156027747863,1345.3671879482897,0.0,3.4581692300350824,4133.173230639706,50517.7340245243,0.08924919999992653,0.0,1,1,fallback_q80_q20,189;166;167;168;175;183;186;192;191;169;166;156;188;194;177;160;189;191;132;166;155;158;190;191;148;156;190;162;150;177,8.846257060213247e-13,2.2737367544323206e-13,0.0,0,0,0
2025-07-17,H48,108,18:00,2025-07-16,48.0,6,1445.5792532341538,1445.5792532341538,0.0,0.0,783.469442000989,0.0,63597.050476706245,0.10141550000003008,0.0,1,1,fallback_q80_q20,146;184;171;177;148;190;152;131;166;159;168;189;161;193;146;189;177;186;158;169;194;193;180;154;187;174;168;192;141;190,4.931166586175095e-12,6.821210263296962e-13,0.0,0,0,0
2025-07-18,H48,0,00:00,2025-07-17,48.0,6,41181.921614864834,0.0,0.0,0.0,0.0,0.0,76807.40233301748,0.07084489999999732,0.0,1,1,fallback_q80_q20,172;176;194;187;162;172;192;168;187;191;148;170;176;189;188;192;160;186;188;162;181;193;176;177;194;170;139;185;141;155,8.526512829121202e-13,2.2737367544323206e-13,0.0,0,0,0
2025-07-18,H48,36,06:00,2025-07-17,48.0,6,-2366.5755929530715,0.0,2366.5755929530715,0.0,0.0,6529.2959987134545,45700.42358705255,0.08537330000001475,0.0,1,1,fallback_q80_q20,188;165;180;135;188;168;146;191;195;175;195;165;170;174;192;174;161;175;189;160;178;171;184;190;170;153;183;185;149;178,8.526512829121202e-13,1.4210854715202004e-13,0.0,0,0,0
2025-07-18,H48,72,12:00,2025-07-17,48.0,6,-704.6979327743966,400.37754484274996,1105.0754776171466,0.0,219.78150714462743,3394.1396023928955,46462.856821383604,0.11477869999998802,0.0,1,1,fallback_q80_q20,154;150;190;162;177;186;176;138;194;193;187;183;182;194;155;190;192;181;195;187;175;194;163;189;184;141;174;183;173;188,8.810729923425242e-13,2.2737367544323206e-13,0.0,0,0,0
2025-07-18,H48,108,18:00,2025-07-17,48.0,6,-2305.930552321157,0.0,2305.930552321157,0.0,0.0,4123.619765344298,50306.61296312923,0.07995329999994283,0.0,1,1,fallback_q80_q20,152;189;183;170;163;166;148;146;175;142;180;194;146;192;161;187;188;184;170;166;142;169;135;168;193;184;184;175;176;182,9.094947017729282e-13,1.5916157281026244e-12,0.0,0,0,0
2025-07-19,H48,0,00:00,2025-07-18,48.0,6,38762.12872946683,0.0,0.0,0.0,0.0,0.0,87520.59540632016,0.08476640000003499,0.0,1,1,fallback_q80_q20,174;188;184;186;172;180;158;196;170;176;159;176;193;195;191;151;193;145;142;193;185;154;194;136;178;194;186;168;170;177,9.094947017729282e-13,2.2737367544323206e-13,0.0,0,0,0
2025-07-19,H48,36,06:00,2025-07-18,48.0,6,-1144.0691911043225,702.1546748983665,1846.223866002689,0.0,417.4341369442593,5091.128218020916,61642.714559162945,0.10253269999998338,0.0,1,1,fallback_q80_q20,179;168;177;181;187;168;136;151;191;151;184;192;183;156;172;151;157;169;144;195;192;172;175;136;154;153;178;167;158;168,1.3642420526593924e-12,2.2737367544323206e-13,0.0,0,0,0
2025-07-19,H48,72,12:00,2025-07-18,48.0,6,-83.35100620061169,0.0,83.35100620061169,0.0,0.0,188.39646526676609,63456.20669362733,0.2020977000000812,0.0,1,1,fallback_q80_q20,182;160;143;161;137;184;179;186;148;189;188;152;196;129;183;172;161;164;156;172;188;182;194;193;157;177;174;185;186;165,9.094947017729282e-13,2.6147972675971687e-12,0.0,0,0,0
2025-07-19,H48,108,18:00,2025-07-18,48.0,6,-688.7650908134061,0.0,688.7650908134061,0.0,0.0,1165.8109770742253,77043.76054165816,0.077987099999973,0.0,1,1,fallback_q80_q20,165;194;137;170;195;173;193;193;181;192;178;156;185;185;179;195;158;193;182;189;191;176;187;190;189;157;193;173;158;181,9.094947017729282e-13,9.094947017729282e-13,0.0,0,0,0
2025-07-20,H48,0,00:00,2025-07-19,48.0,6,48088.27657095524,0.0,0.0,0.0,0.0,0.0,103951.67365167126,0.07427899999993315,0.0,1,1,fallback_q80_q20,194;158;144;192;180;148;149;150;197;143;192;172;182;196;192;147;170;196;130;149;159;189;175;195;191;160;178;176;196;187,1.0231815394945443e-12,2.2737367544323206e-13,0.0,0,0,0
2025-07-20,H48,36,06:00,2025-07-19,48.0,6,4136.731750098657,4215.824510723182,79.09276062452491,0.0,3400.7907688665664,351.02314135590314,72664.02965983,0.08539359999997487,0.0,1,1,fallback_q80_q20,189;148;166;185;197;168;184;169;179;192;181;129;159;169;193;197;187;171;183;146;171;189;192;191;192;186;150;168;179;186,8.739675649849232e-13,2.2737367544323206e-13,0.0,0,0,0
2025-07-20,H48,72,12:00,2025-07-19,48.0,6,2216.832224322902,2677.445594802008,460.61337047910575,0.0,1725.1410256264553,1764.1041272075956,75514.68476377983,0.10763569999994616,0.0,1,1,fallback_q80_q20,153;155;159;153;148;157;194;129;153;193;195;145;148;137;179;189;149;152;136;147;146;147;197;155;175;192;129;180;192;179,8.775202786637237e-13,2.2737367544323206e-13,0.0,0,0,0
2025-07-20,H48,108,18:00,2025-07-19,48.0,6,3540.157304293015,3540.157304293015,0.0,0.0,1904.0080990498986,0.0,85842.00246173836,0.12669720000008056,0.0,1,1,fallback_q80_q20,182;176;137;182;194;142;144;160;195;190;187;171;137;194;156;170;186;158;148;146;170;183;183;197;158;182;189;176;158;163,8.171241461241152e-13,1.0231815394945443e-12,0.0,0,0,0
2025-07-21,H48,0,00:00,2025-07-20,48.0,6,58047.687559713246,0.0,0.0,0.0,0.0,0.0,113078.51454820627,0.08802090000006046,0.0,1,1,fallback_q80_q20,164;198;174;181;176;190;168;192;175;148;159;140;193;177;183;184;198;141;190;153;161;139;158;150;191;197;198;182;189;195,9.094947017729282e-13,2.2737367544323206e-13,0.0,0,0,0
2025-07-21,H48,36,06:00,2025-07-20,48.0,6,-2160.52603476059,13.227792490476006,2173.753827251066,0.0,6.548147637276315,6064.903063178334,66223.42589229709,0.09423110000000179,0.0,1,1,fallback_q80_q20,175;170;177;188;192;174;188;154;192;169;186;170;161;177;180;146;198;177;173;197;182;176;191;189;189;171;190;169;156;192,1.2505552149377763e-12,2.2737367544323206e-13,0.0,0,0,0
2025-07-21,H48,72,12:00,2025-07-20,48.0,6,3813.163455453092,4335.172048315165,522.0085928620729,0.0,3454.9779589725804,2123.9831004623065,81411.78977976547,0.09173659999999018,0.0,1,1,fallback_q80_q20,170;149;140;150;177;193;192;193;183;197;178;141;153;180;138;177;180;170;140;197;194;194;135;189;168;184;174;195;170;182,9.094947017729282e-13,2.2737367544323206e-13,0.0,0,0,0
2025-07-21,H48,108,18:00,2025-07-20,48.0,6,387.2997980933673,472.28285921907445,84.98306112570712,0.0,264.30513667171533,135.81895015291957,85815.74346789441,0.08931110000003173,0.0,1,1,fallback_q80_q20,184;180;179;155;160;192;161;135;139;161;188;180;181;188;175;198;198;172;177;196;140;184;163;173;179;198;181;198;166;187,9.094947017729282e-13,6.821210263296962e-13,0.0,0,0,0
2025-07-22,H48,0,00:00,2025-07-21,48.0,6,57711.59993889964,0.0,0.0,0.0,0.0,0.0,115443.50424579669,0.08154309999997622,0.0,1,1,fallback_q80_q20,196;186;180;197;168;165;151;197;152;161;191;182;198;183;181;195;155;194;177;159;145;188;194;199;156;185;197;148;197;138,1.0231815394945443e-12,2.2737367544323206e-13,0.0,0,0,0
2025-07-22,H48,36,06:00,2025-07-21,48.0,6,5678.257324827979,5838.738872201483,160.48154737350424,0.0,6185.137537126747,461.44289944163984,74968.85314227226,0.07410790000005818,0.0,1,1,fallback_q80_q20,149;189;139;147;199;198;196;198;194;175;198;199;193;168;195;195;185;184;184;190;138;173;157;173;159;151;176;178;148;186,9.094947017729282e-13,2.2737367544323206e-13,0.0,0,0,0
2025-07-22,H48,72,12:00,2025-07-21,48.0,6,-2534.52335044492,34.408981897334556,2568.9323323422545,0.0,16.98984889604401,8171.098304836484,72306.25212552,0.07665929999996024,0.0,1,1,fallback_q80_q20,171;189;199;157;163;173;156;198;196;193;197;173;153;189;186;188;195;198;149;156;193;183;191;197;149;169;178;198;194;190,9.094947017729282e-13,2.2737367544323206e-13,0.0,0,0,0
2025-07-22,H48,108,18:00,2025-07-21,48.0,6,1809.4967840728473,1809.4967840728473,0.0,0.0,993.1162349709987,0.0,94019.34089233639,0.07172239999999874,0.0,1,1,fallback_q80_q20,188;185;182;187;187;190;182;180;171;153;196;198;192;199;156;196;187;197;198;182;153;198;197;182;138;191;157;191;197;198,9.094947017729282e-13,4.547473508864641e-13,0.0,0,0,0
2025-07-23,H48,0,00:00,2025-07-22,48.0,6,60407.5058830225,0.0,0.0,0.0,0.0,0.0,114949.27965026634,0.07530029999998078,0.0,1,1,fallback_q80_q20,159;167;199;194;172;184;167;194;192;194;177;173;141;169;192;155;195;194;169;198;193;164;190;197;166;198;184;200;140;159,8.526512829121202e-13,2.2737367544323206e-13,0.0,0,0,0
2025-07-23,H48,36,06:00,2025-07-22,48.0,6,-278.13919826974984,1662.269984707783,1940.4091829775327,0.0,972.280613671134,5277.0806822007635,70435.89557663555,0.08752830000003087,0.0,1,1,fallback_q80_q20,183;195;191;200;164;172;183;148;151;186;184;155;197;176;195;196;184;190;197;190;171;191;189;164;156;199;165;164;182;156,9.094947017729282e-13,2.2737367544323206e-13,0.0,0,0,0
2025-07-23,H48,72,12:00,2025-07-22,48.0,6,-809.6509516953981,83.10857590123145,892.7595275966296,0.0,44.009848825378185,3296.875033587275,72313.37406657032,0.09734319999995478,0.0,1,1,fallback_q80_q20,139;197;166;194;148;183;188;195;194;168;173;180;168;165;174;181;175;194;177;173;155;185;181;194;169;160;162;187;190;195,9.094947017729282e-13,2.2737367544323206e-13,0.0,0,0,0
2025-07-23,H48,108,18:00,2025-07-22,48.0,6,24.000738878041943,120.03554825182376,96.03480937378181,0.0,59.37149221375353,158.96899044437725,98722.78777747074,0.08343939999997474,0.0,1,1,fallback_q80_q20,180;194;163;198;163;187;196;194;147;176;148;172;188;152;194;196;184;197;198;196;146;158;156;182;199;182;197;197;164;168,9.094947017729282e-13,2.7284841053187847e-12,0.0,0,0,0
2025-07-24,H48,0,00:00,2025-07-23,48.0,6,62854.43223272175,0.0,0.0,0.0,0.0,0.0,102659.72875226177,0.09965339999996559,0.0,1,1,fallback_q80_q20,200;157;167;152;197;157;189;142;148;167;170;199;198;185;183;163;164;155;161;180;191;172;195;195;201;195;187;164;193;162,9.094947017729282e-13,2.2737367544323206e-13,0.0,0,0,0
2025-07-24,H48,36,06:00,2025-07-23,48.0,6,-2416.5304415762394,89.73717624343277,2506.267617819672,0.0,44.49249825374204,7139.304599084406,46588.86654823412,0.08952609999994365,0.0,1,1,fallback_q80_q20,188;139;184;184;153;183;166;138;162;147;166;165;201;201;165;187;164;170;180;166;197;184;175;162;187;198;197;191;152;196,9.094947017729282e-13,2.2737367544323206e-13,0.0,0,0,0
2025-07-24,H48,72,12:00,2025-07-23,48.0,6,-489.5476311916534,326.9363997027642,816.4840308944176,1.1368683772161603e-12,167.59120751115154,2986.6396947727135,50103.87822479532,0.1315250999999762,0.0,1,1,fallback_q80_q20,189;193;155;183;174;145;199;177;192;180;148;189;159;195;182;178;147;189;191;193;177;201;187;198;190;142;148;187;191;162,1.0231815394945443e-12,4.547473508864641e-13,0.0,0,0,0
2025-07-24,H48,108,18:00,2025-07-23,48.0,6,231.57730298235805,231.57730298235805,0.0,0.0,144.12185522391508,0.0,59904.94798954138,0.22957389999999123,0.0,1,1,fallback_q80_q20,148;190;198;182;166;194;181;178;171;181;200;195;201;148;184;153;156;176;184;177;196;184;174;175;146;164;159;181;198;198,5.4569682106375694e-12,7.958078640513122e-13,0.0,0,0,0
2025-07-25,H48,0,00:00,2025-07-24,48.0,6,37285.89557559161,0.0,0.0,0.0,0.0,0.0,75513.42646970667,0.09151299999996354,0.0,1,1,fallback_q80_q20,189;181;195;187;180;201;195;199;175;176;192;142;164;202;158;156;198;182;166;181;201;196;176;170;158;158;180;182;152;146,8.242295734817162e-13,1.4210854715202004e-13,0.0,0,0,0
2025-07-25,H48,36,06:00,2025-07-24,48.0,6,1071.9479725163137,1130.1393565327999,58.19138401648621,0.0,1646.9359748950267,145.91623278054738,48310.82499609855,0.0842925000000605,0.0,1,1,fallback_q80_q20,181;141;157;194;190;201;191;155;196;183;170;196;187;192;140;148;202;139;195;199;185;195;186;169;192;155;184;200;189;178,1.1368683772161603e-12,2.2737367544323206e-13,0.0,0,0,0
2025-07-25,H48,72,12:00,2025-07-24,48.0,6,-1731.7690093693616,0.0,1731.7690093693616,0.0,0.0,4462.997580862133,49436.217259884565,0.09144359999993412,0.0,1,1,fallback_q80_q20,187;182;157;152;197;140;191;172;202;194;139;142;177;153;177;162;201;197;158;152;196;149;186;195;157;170;188;179;158;171,8.597567102697212e-13,6.821210263296962e-13,0.0,0,0,0
2025-07-25,H48,108,18:00,2025-07-24,48.0,6,-1888.5726144223797,0.0,1888.5726144223797,0.0,0.0,3543.2317485338135,48713.917705672655,0.09929690000001301,0.0,1,1,fallback_q80_q20,187;163;192;191;172;173;196;197;177;198;160;180;174;194;196;166;155;196;200;197;191;202;182;147;201;156;165;186;167;182,9.094947017729282e-13,1.0231815394945443e-12,0.0,0,0,0
2025-07-26,H48,0,00:00,2025-07-25,48.0,6,35098.795467538686,0.0,0.0,0.0,0.0,0.0,86114.60368874649,0.0913593000000219,0.0,1,1,fallback_q80_q20,203;172;160;203;165;165;164;194;152;169;155;203;159;184;200;192;192;178;186;198;203;198;193;199;200;149;185;195;199;193,9.094947017729282e-13,2.2737367544323206e-13,0.0,0,0,0
2025-07-26,H48,36,06:00,2025-07-25,48.0,6,-786.2260331340483,0.0,786.2260331340483,0.0,0.0,2157.467563925916,62191.54709295917,0.09070199999996476,0.0,1,1,fallback_q80_q20,195;200;178;194;191;198;148;197;203;199;199;174;203;137;164;186;198;182;203;185;195;203;197;198;185;191;186;203;200;197,9.094947017729282e-13,2.2737367544323206e-13,0.0,0,0,0
2025-07-26,H48,72,12:00,2025-07-25,48.0,6,-221.97327468571933,0.0,221.97327468571933,0.0,0.0,551.7987824825601,75533.47546572112,0.09277600000007169,0.0,1,1,fallback_q80_q20,193;188;170;158;180;177;194;182;201;192;178;192;182;179;201;148;180;190;171;157;200;193;199;191;203;199;197;156;176;194,1.8189894035458565e-12,2.2737367544323206e-13,0.0,0,0,0
2025-07-26,H48,108,18:00,2025-07-25,48.0,6,-477.08091183696416,0.0,477.08091183696416,0.0,0.0,829.4860566612339,76083.46561960514,0.10241109999992659,0.0,1,1,fallback_q80_q20,202;156;198;162;193;171;185;185;200;149;151;200;184;160;176;199;171;185;163;163;203;151;200;161;183;202;176;202;157;152,1.0231815394945443e-12,9.094947017729282e-13,0.0,0,0,0
2025-07-27,H48,0,00:00,2025-07-26,48.0,6,49119.19034259608,0.0,0.0,0.0,0.0,0.0,106429.81093589337,0.08162299999992229,0.0,1,1,fallback_q80_q20,200;191;200;186;197;186;158;178;180;162;164;199;178;153;190;156;137;178;196;198;160;201;176;198;154;198;175;203;173;150,8.526512829121202e-13,2.2737367544323206e-13,0.0,0,0,0
2025-07-27,H48,36,06:00,2025-07-26,48.0,6,1307.9169237326234,2071.716853639891,763.7999299072674,0.0,1500.4827185840004,2440.769258979043,69175.33172306367,0.08921680000003107,0.0,1,1,fallback_q80_q20,203;186;197;163;196;191;189;193;199;162;160;196;182;196;190;172;199;175;196;171;168;172;199;136;143;167;199;149;181;192,9.094947017729282e-13,2.2737367544323206e-13,0.0,0,0,0
2025-07-27,H48,72,12:00,2025-07-26,48.0,6,5659.550947660169,5659.550947660169,0.0,0.0,4394.061684659073,0.0,80561.96072630418,0.08670059999997193,0.0,1,1,fallback_q80_q20,194;165;161;168;200;200;187;190;190;200;163;192;156;183;182;198;196;182;178;173;160;153;196;168;199;190;201;180;186;197,9.094947017729282e-13,2.2737367544323206e-13,0.0,0,0,0
2025-07-27,H48,108,18:00,2025-07-26,48.0,6,2607.046465952821,2607.046465952821,0.0,0.0,1386.3253415201789,0.0,93682.24248211674,0.07621670000003178,0.0,1,1,fallback_q80_q20,191;180;171;202;171;193;136;183;144;149;159;157;168;144;152;149;154;199;201;172;171;202;196;199;194;185;170;190;155;203,9.094947017729282e-13,2.2737367544323206e-13,0.0,0,0,0
2025-07-28,H48,0,00:00,2025-07-27,48.0,6,56294.3044684793,0.0,0.0,0.0,0.0,0.0,113423.99127689567,0.08261979999997493,0.0,1,1,fallback_q80_q20,181;196;179;205;203;162;199;189;184;167;146;195;157;166;184;184;155;163;168;197;188;173;192;165;159;185;195;184;192;179,7.958078640513122e-13,2.2737367544323206e-13,0.0,0,0,0
2025-07-28,H48,36,06:00,2025-07-27,48.0,6,5169.301660868161,5188.855904927927,19.55424405976614,0.0,4399.327078058666,85.02764407877748,72564.72920762215,0.07887109999990116,0.0,1,1,fallback_q80_q20,179;195;199;202;198;201;198;175;142;204;173;202;204;187;205;202;191;185;201;204;154;201;157;197;156;165;158;183;203;189,9.094947017729282e-13,2.2737367544323206e-13,0.0,0,0,0
2025-07-28,H48,72,12:00,2025-07-27,48.0,6,612.3406434027899,1359.9274109809785,747.5867675781886,0.0,717.9188486444042,2836.649773271244,75715.30254223313,0.0874913000000106,0.0,1,1,fallback_q80_q20,178;196;194;204;173;157;192;170;183;193;181;176;167;173;163;162;202;198;205;155;182;203;198;187;146;167;187;182;147;195,1.2505552149377763e-12,2.2737367544323206e-13,0.0,0,0,0
2025-07-28,H48,108,18:00,2025-07-27,48.0,6,854.7339666192365,854.7339666192365,0.0,0.0,496.4069208372167,0.0,100788.30196803094,0.0802218000000039,0.0,1,1,fallback_q80_q20,201;152;199;194;194;183;205;204;197;193;147;158;165;198;154;183;188;175;188;176;160;188;200;185;153;182;204;190;164;204,9.094947017729282e-13,6.821210263296962e-13,0.0,0,0,0
2025-07-29,H48,0,00:00,2025-07-28,48.0,6,55053.26389295131,0.0,0.0,0.0,0.0,0.0,114526.60455527496,0.07154890000003888,0.0,1,1,fallback_q80_q20,187;171;176;157;200;178;182;202;146;184;196;199;149;204;179;206;169;204;188;148;181;189;180;197;194;153;192;205;176;198,9.094947017729282e-13,2.2737367544323206e-13,0.0,0,0,0
2025-07-29,H48,36,06:00,2025-07-28,48.0,6,3888.8998014637205,3964.765509413252,75.86570794953167,0.0,4240.848775629947,195.2693774735351,74505.40031063669,0.07376829999998336,0.0,1,1,fallback_q80_q20,187;190;199;188;206;157;180;204;194;205;189;205;202;183;161;202;152;201;173;189;173;198;159;193;206;203;171;146;184;197,9.094947017729282e-13,2.5579538487363607e-13,0.0,0,0,0
2025-07-29,H48,72,12:00,2025-07-28,48.0,6,501.3076731663747,1205.2706804369227,703.963007270548,0.0,995.9448893557446,2937.421046574066,74151.94658965876,0.08895219999999426,0.0,1,1,fallback_q80_q20,195;203;156;195;167;205;192;200;197;202;189;197;202;167;192;206;193;203;204;197;205;188;182;196;176;176;192;186;190;166,9.094947017729282e-13,3.410605131648481e-13,0.0,0,0,0
2025-07-29,H48,108,18:00,2025-07-28,48.0,6,281.7883471239792,291.3863719940345,9.598024870055315,0.0,182.22069866650168,45.72665493118302,86795.9786048564,0.1074734000000035,0.0,1,1,fallback_q80_q20,193;194;205;205;160;195;194;194;190;181;194;183;193;163;177;194;155;162;148;192;182;206;204;190;205;174;195;189;166;147,2.424727085781342e-12,9.094947017729282e-13,0.0,0,0,0
2025-07-30,H48,0,00:00,2025-07-29,48.0,6,51657.47081509269,0.0,0.0,0.0,0.0,0.0,108385.52712754846,0.09292940000000272,0.0,1,1,fallback_q80_q20,148;171;203;154;200;184;194;197;203;197;149;152;145;198;149;184;154;160;176;193;190;187;156;159;195;185;204;194;195;201,9.094947017729282e-13,2.2737367544323206e-13,0.0,0,0,0
2025-07-30,H48,36,06:00,2025-07-29,48.0,6,9196.06139835245,9259.33332639351,63.27192804105883,0.0,9292.190448808906,162.35396152632848,79858.07979351211,0.08313140000007024,0.0,1,1,fallback_q80_q20,168;202;184;152;159;198;204;154;189;156;196;185;198;176;201;155;188;201;205;192;185;198;173;156;168;205;160;152;174;148,9.094947017729282e-13,2.2737367544323206e-13,0.0,0,0,0
2025-07-30,H48,72,12:00,2025-07-29,48.0,6,1671.492407496904,2333.815079050305,662.322671553401,0.0,1826.5536791314876,2759.110210048859,74494.43059558644,0.08716040000001612,0.0,1,1,fallback_q80_q20,194;197;174;189;203;205;181;203;154;202;159;188;200;158;160;191;203;202;205;202;191;207;197;186;168;160;186;190;191;145,9.094947017729282e-13,2.2737367544323206e-13,0.0,0,0,0
2025-07-30,H48,108,18:00,2025-07-29,48.0,6,1000.3254509872219,1007.6121841699999,7.286733182778017,0.0,556.2841034661406,34.46836560183738,98364.24031656183,0.05545549999999366,0.0,1,1,fallback_q80_q20,165;188;165;175;205;187;203;180;167;195;201;189;201;163;155;204;199;197;177;186;191;168;192;200;177;193;200;194;204;171,9.094947017729282e-13,2.2737367544323206e-13,0.0,0,0,0
2025-07-31,H48,0,00:00,2025-07-30,48.0,6,52866.145568091044,0.0,0.0,0.0,0.0,0.0,89858.52892897835,0.072428000000059,0.0,1,1,fallback_q80_q20,156;183;198;160;203;175;163;201;193;205;182;201;152;167;202;195;197;175;154;175;191;171;173;160;198;198;194;149;175;196,1.0231815394945443e-12,2.2737367544323206e-13,0.0,0,0,0
2025-07-31,H48,36,06:00,2025-07-30,48.0,6,4968.922638799474,5001.972040117438,33.04940131796391,0.0,4470.540647369228,143.52804547409914,54016.36502081146,0.07651690000000144,0.0,1,1,fallback_q80_q20,203;159;173;184;196;145;194;208;197;175;201;200;178;197;200;177;181;170;196;187;207;185;189;208;194;156;194;154;194;178,9.094947017729282e-13,2.2737367544323206e-13,0.0,0,0,0
2025-07-31,H48,72,12:00,2025-07-30,48.0,6,575.0792614915064,1286.1539365015171,711.0746750100108,0.0,1096.6950349423823,2917.458891015027,46070.17602436864,0.10920889999999872,0.0,1,1,fallback_q80_q20,191;175;208;196;201;208;204;190;208;183;194;205;177;175;197;202;206;167;186;191;207;167;208;188;198;203;196;201;175;196,9.094947017729282e-13,2.2737367544323206e-13,0.0,0,0,0
2025-07-31,H48,108,18:00,2025-07-30,48.0,6,1032.2198639607682,1035.0032404396318,2.7833764788636337,0.0,568.5711102170858,7.16995486569715,58982.62185477961,0.09038080000004811,0.0,1,1,fallback_q80_q20,155;153;189;179;146;167;159;178;175;208;170;189;205;204;202;152;195;152;152;191;208;207;192;171;177;154;192;193;174;202,9.094947017729282e-13,6.821210263296962e-13,0.0,0,0,0
2025-08-01,H48,0,00:00,2025-07-31,48.0,6,35610.3601747865,0.0,0.0,0.0,0.0,0.0,70534.74455623265,0.07426440000006096,0.0,1,1,fallback_q80_q20,164;206;209;193;201;199;201;176;196;195;208;197;203;172;190;205;153;174;164;192;175;183;181;195;196;196;208;193;209;146,9.094947017729282e-13,2.2737367544323206e-13,0.0,0,0,0
2025-08-01,H48,36,06:00,2025-07-31,48.0,6,-1275.7563713373174,0.0,1275.7563713373174,0.0,0.0,2952.9114689692015,41048.65766799411,0.08085520000008728,0.0,1,1,fallback_q80_q20,199;208;196;168;173;201;203;160;203;197;204;148;198;186;209;199;203;167;199;208;172;209;209;195;189;197;208;203;162;152,9.094947017729282e-13,1.4210854715202004e-13,0.0,0,0,0
2025-08-01,H48,72,12:00,2025-07-31,48.0,6,-1397.1050853131921,0.0,1397.1050853131921,0.0,0.0,2913.0793188749312,40357.77528158797,0.10162530000002334,0.0,1,1,fallback_q80_q20,209;205;205;209;190;209;184;174;209;191;203;191;204;191;200;191;207;147;201;206;194;164;201;198;197;171;187;198;148;173,1.0231815394945443e-12,1.4210854715202004e-13,0.0,0,0,0
2025-08-01,H48,108,18:00,2025-07-31,48.0,6,-831.1836941903775,0.0,831.1836941903775,0.0,0.0,1462.1448436334888,48154.780629457826,0.08548789999997553,0.0,1,1,fallback_q80_q20,209;207;209;204;205;184;168;204;209;205;205;175;209;183;154;168;184;191;209;172;192;205;206;186;190;176;179;196;164;208,9.094947017729282e-13,1.4779288903810084e-12,0.0,0,0,0
2025-08-02,H48,0,00:00,2025-08-01,48.0,6,34555.21855567725,0.0,0.0,0.0,0.0,0.0,83975.63432587316,0.07003739999993286,0.0,1,1,fallback_q80_q20,159;209;176;208;206;189;191;158;203;183;179;185;201;165;163;207;178;209;193;169;205;197;183;162;196;202;185;209;203;143,1.2505552149377763e-12,2.2737367544323206e-13,0.0,0,0,0
2025-08-02,H48,36,06:00,2025-08-01,48.0,6,-1542.2276722508016,0.0,1542.2276722508016,0.0,0.0,3928.269823471511,62602.80072962665,0.08829439999999522,0.0,1,1,fallback_q80_q20,180;172;203;186;162;175;206;206;197;205;167;205;209;208;196;150;200;199;155;165;180;171;172;187;209;171;176;205;199;189,2.6973978606292803e-12,2.2737367544323206e-13,0.0,0,0,0
2025-08-02,H48,72,12:00,2025-08-01,48.0,6,1.380334544771742,65.10134937320827,63.72101482843652,0.0,50.13875590323943,163.1132034182478,65129.27020106889,0.12377270000001772,0.0,1,1,fallback_q80_q20,201;171;172;173;179;169;184;182;167;195;208;155;189;185;168;210;184;190;171;204;193;196;190;205;187;187;159;199;164;200,1.0231815394945443e-12,2.2737367544323206e-13,0.0,0,0,0
2025-08-02,H48,108,18:00,2025-08-01,48.0,6,-666.3994677578188,0.0,666.3994677578188,0.0,0.0,1190.2167082601093,71462.90604028257,0.08376459999999497,0.0,1,1,fallback_q80_q20,194;185;191;210;182;201;160;204;210;193;195;176;200;160;186;208;201;208;200;184;172;205;199;200;206;191;203;209;209;196,1.0231815394945443e-12,9.094947017729282e-13,0.0,0,0,0
2025-08-03,H48,0,00:00,2025-08-02,48.0,6,43200.958212295445,0.0,0.0,0.0,0.0,0.0,100169.32841071434,0.07168970000009267,0.0,1,1,fallback_q80_q20,206;175;200;156;196;179;185;204;205;207;210;200;209;193;164;188;164;164;179;195;172;200;210;187;187;172;192;204;194;168,1.0231815394945443e-12,2.2737367544323206e-13,0.0,0,0,0
2025-08-03,H48,36,06:00,2025-08-02,48.0,6,4453.597986342542,4505.8875718069685,52.28958546442664,0.0,4817.56382739248,136.44583479816765,70847.59140894565,0.09754170000007889,0.0,1,1,fallback_q80_q20,151;197;156;169;207;210;174;175;188;210;207;199;168;193;197;172;172;159;203;184;179;197;202;171;166;204;201;184;185;158,1.0231815394945443e-12,2.2737367544323206e-13,0.0,0,0,0
2025-08-03,H48,72,12:00,2025-08-02,48.0,6,-514.398167630596,569.6848467362378,1084.0830143668338,0.0,309.63109222398543,3710.8385915461154,69443.76890949988,0.1462730000000647,0.0,1,1,fallback_q80_q20,176;201;192;197;185;209;178;188;202;203;207;201;209;159;177;199;151;163;185;159;194;158;202;190;202;211;203;172;197;188,1.4779288903810084e-12,3.126388037344441e-13,0.0,0,0,0
2025-08-03,H48,108,18:00,2025-08-02,48.0,6,2860.7924681652376,2860.7924681652376,0.0,0.0,1557.8769692382116,0.0,89082.22939482643,0.0698699999999235,0.0,1,1,fallback_q80_q20,177;206;201;187;204;192;207;209;210;193;192;208;202;167;143;198;181;199;166;199;174;176;188;206;185;163;206;196;161;200,9.094947017729282e-13,6.821210263296962e-13,0.0,0,0,0
2025-08-04,H48,0,00:00,2025-08-03,48.0,6,50626.96562919383,0.0,0.0,0.0,0.0,0.0,103724.07830283143,0.09384340000008251,0.0,1,1,fallback_q80_q20,206;204;193;212;203;161;176;187;182;209;159;211;201;192;211;208;210;209;208;212;205;210;194;162;209;174;210;202;183;189,1.0231815394945443e-12,2.2737367544323206e-13,0.0,0,0,0
2025-08-04,H48,36,06:00,2025-08-03,48.0,6,5519.178216580941,5523.935529719403,4.757313138462179,0.0,5650.681511309391,21.796388847066396,72925.08074508606,0.08243230000005042,0.0,1,1,fallback_q80_q20,211;211;212;172;211;208;182;173;207;210;211;209;203;199;212;210;161;163;203;191;167;171;186;202;207;168;182;209;182;184,9.094947017729282e-13,2.2737367544323206e-13,0.0,0,0,0
2025-08-04,H48,72,12:00,2025-08-03,48.0,6,-1222.877854863423,717.6106628287216,1940.4885176921446,0.0,386.7579828753045,6116.006949391706,72184.78543551042,0.10310190000006969,0.0,1,1,fallback_q80_q20,192;203;198;198;197;165;201;202;192;208;212;194;212;199;210;155;184;207;187;212;187;177;190;211;155;212;182;197;182;209,9.094947017729282e-13,2.2737367544323206e-13,0.0,0,0,0
2025-08-04,H48,108,18:00,2025-08-03,48.0,6,-182.85188263759142,3.948593062595569,186.80047570018698,0.0,1.9578991261165584,304.8407138895809,82433.61987197456,0.13694470000007186,0.0,1,1,fallback_q80_q20,210;186;169;191;185;179;166;173;189;212;209;149;163;209;202;207;197;211;209;212;212;210;191;210;212;171;201;160;175;203,9.094947017729282e-13,1.9326762412674725e-12,0.0,0,0,0
2025-08-05,H48,0,00:00,2025-08-04,48.0,6,50232.46012978149,0.0,0.0,0.0,0.0,0.0,106392.2077621256,0.07953340000005937,0.0,1,1,fallback_q80_q20,180;188;183;180;207;208;213;211;173;171;209;165;185;171;207;211;184;189;211;208;208;211;194;209;188;212;181;161;199;204,9.094947017729282e-13,2.2737367544323206e-13,0.0,0,0,0
2025-08-05,H48,36,06:00,2025-08-04,48.0,6,3542.4412987530227,3557.1372919221185,14.69599316909581,0.0,4214.075651902425,70.63472808303686,68898.91292405257,0.09207950000006804,0.0,1,1,fallback_q80_q20,210;177;190;187;201;207;211;200;183;206;205;197;184;203;176;176;169;188;175;195;213;183;171;203;200;195;159;192;203;208,1.0231815394945443e-12,2.2737367544323206e-13,0.0,0,0,0
2025-08-05,H48,72,12:00,2025-08-04,48.0,6,-851.4781654941869,215.92552490643646,1067.4036904006234,0.0,115.04523245880739,3824.97086804248,78304.00529476222,0.13213370000005398,0.0,1,1,fallback_q80_q20,201;153;198;207;179;205;191;205;210;185;187;205;159;202;212;198;202;153;210;212;213;207;209;208;205;201;212;201;211;164,9.094947017729282e-13,2.2737367544323206e-13,0.0,0,0,0
2025-08-05,H48,108,18:00,2025-08-04,48.0,6,499.00050903386693,500.06123579960865,1.060726765741736,0.0,273.87693461989113,5.0271410698660475,92888.63904676665,0.20688339999992422,0.0,1,1,fallback_q80_q20,209;188;210;195;190;201;171;208;163;187;172;211;204;182;199;213;194;180;209;195;204;170;212;213;204;200;211;187;177;181,8.668621376273222e-13,4.547473508864641e-13,0.0,0,0,0
2025-08-06,H48,0,00:00,2025-08-05,48.0,6,53204.82003658124,0.0,0.0,0.0,0.0,0.0,108002.65877697022,0.08501899999998841,0.0,1,1,fallback_q80_q20,203;196;208;165;209;162;205;199;198;195;198;188;189;160;206;214;159;212;160;205;199;212;180;208;171;199;196;170;172;173,8.242295734817162e-13,4.547473508864641e-13,0.0,0,0,0
2025-08-06,H48,36,06:00,2025-08-05,48.0,6,-1768.6940211044994,89.67141176591952,1858.3654328704188,0.0,44.709799407327296,4729.326345828504,63932.55715885942,0.10507700000005116,0.0,1,1,fallback_q80_q20,213;189;212;175;193;185;169;212;211;171;211;206;190;203;209;210;194;181;199;210;212;196;184;197;210;212;210;194;169;201,9.094947017729282e-13,2.2737367544323206e-13,0.0,0,0,0
2025-08-06,H48,72,12:00,2025-08-05,48.0,6,1643.419287407383,1814.9408241033907,171.52153669600756,0.0,1277.373370949751,760.4969540261043,73149.17768805409,0.08447939999996379,0.0,1,1,fallback_q80_q20,211;203;191;203;196;170;180;195;201;199;162;210;205;206;207;184;186;162;211;201;166;170;211;179;195;191;155;209;202;209,9.094947017729282e-13,2.2737367544323206e-13,0.0,0,0,0
2025-08-06,H48,108,18:00,2025-08-05,48.0,6,1245.7245040550629,1245.7245040550629,0.0,0.0,683.356916654924,0.0,79094.045998118,0.10433550000004743,0.0,1,1,fallback_q80_q20,210;197;209;200;213;205;174;202;190;153;210;181;180;207;201;201;177;160;196;209;211;182;209;193;167;165;209;209;208;198,9.094947017729282e-13,5.684341886080801e-13,0.0,0,0,0
2025-08-07,H48,0,00:00,2025-08-06,48.0,6,52588.17514896196,0.0,0.0,0.0,0.0,0.0,86189.3233862055,0.0810374000000138,0.0,1,1,fallback_q80_q20,194;176;215;214;191;209;212;202;210;205;215;211;205;211;202;190;194;210;175;156;167;186;212;167;169;202;208;203;183;200,5.4569682106375694e-12,2.2737367544323206e-13,0.0,0,0,0
2025-08-07,H48,36,06:00,2025-08-06,48.0,6,2423.0897568563355,4316.180066760631,1893.0903099042957,0.0,2898.6871431415157,6043.257605198101,49076.618465357795,0.11025649999999132,0.0,1,1,fallback_q80_q20,166;183;211;203;193;208;182;209;212;204;154;154;181;215;215;197;213;160;192;176;207;211;200;169;209;208;187;181;187;212,9.094947017729282e-13,2.2737367544323206e-13,0.0,0,0,0
2025-08-07,H48,72,12:00,2025-08-06,48.0,6,-1472.8907455992373,73.89274672315292,1546.7834923223902,0.0,36.57081902124082,5021.428189866043,44966.989245655466,0.30875700000001416,0.0,1,1,fallback_q80_q20,184;153;208;194;209;192;211;209;153;169;167;192;183;181;205;210;205;207;185;188;193;211;203;198;215;210;208;203;185;180,9.094947017729282e-13,2.3234747459355276e-12,0.0,0,0,0
2025-08-07,H48,108,18:00,2025-08-06,48.0,6,-466.82731934747176,22.860215728692413,489.6875350761642,0.0,11.278134995284745,828.3890186033053,50933.667441151265,0.12800509999999576,0.0,1,1,fallback_q80_q20,187;167;201;176;161;195;196;215;168;206;202;166;212;212;172;159;209;209;209;160;156;162;204;180;208;153;211;215;196;198,9.094947017729282e-13,3.979039320256561e-12,0.0,0,0,0
2025-08-08,H48,0,00:00,2025-08-07,48.0,6,31814.70373738536,0.0,0.0,0.0,0.0,0.0,62753.38398092986,0.08939710000004197,0.0,1,1,fallback_q80_q20,204;215;202;185;155;215;216;216;210;216;160;182;209;209;159;210;211;153;168;206;160;212;199;188;185;212;216;188;212;167,1.8189894035458565e-12,1.4210854715202004e-13,0.0,0,0,0
2025-08-08,H48,36,06:00,2025-08-07,48.0,6,-25.181734133716944,51.17285139569877,76.35458552941571,0.0,35.18391903074621,189.28507096998746,41520.00444521025,0.09263750000002346,0.0,1,1,fallback_q80_q20,197;176;216;186;203;189;209;196;189;193;163;166;201;206;215;215;206;173;184;188;173;182;176;206;196;185;216;167;153;205,4.092726157978177e-12,1.4210854715202004e-13,0.0,0,0,0
2025-08-08,H48,72,12:00,2025-08-07,48.0,6,-634.9297693143748,0.0,634.9297693143748,0.0,0.0,1181.9161085747837,39788.49487357979,0.16922420000003058,0.0,1,1,fallback_q80_q20,211;162;207;208;208;153;181;194;175;206;190;216;207;209;185;216;197;214;184;198;210;208;170;210;209;172;196;199;203;173,1.8189894035458565e-12,1.7053025658242404e-12,0.0,0,0,0
2025-08-08,H48,108,18:00,2025-08-07,48.0,6,-1428.7535220498405,0.0,1428.7535220498405,0.0,0.0,2574.0440539813485,43172.49948152292,0.13798180000003413,0.0,1,1,fallback_q80_q20,175;216;174;198;212;200;216;163;168;167;198;175;206;202;168;207;185;170;215;208;210;208;215;162;212;211;205;172;214;178,9.094947017729282e-13,4.547473508864641e-13,0.0,0,0,0
2025-08-09,H48,0,00:00,2025-08-08,48.0,6,30531.445586776903,0.0,0.0,0.0,0.0,0.0,75719.32589973875,0.08711640000001353,0.0,1,1,fallback_q80_q20,175;180;214;207;211;213;202;200;211;216;213;190;206;175;195;212;163;199;205;172;214;185;216;157;173;197;168;204;162;214,8.668621376273222e-13,2.2737367544323206e-13,0.0,0,0,0
2025-08-09,H48,36,06:00,2025-08-08,48.0,6,165.13704082182335,215.61041446118924,50.47337363936589,0.0,124.93426589579587,110.46844415740895,55123.333784507835,0.09359790000007706,0.0,1,1,fallback_q80_q20,202;157;190;215;214;175;209;207;212;200;199;213;210;198;165;214;196;206;188;178;175;198;216;214;190;192;202;165;179;196,9.094947017729282e-13,2.2737367544323206e-13,0.0,0,0,0
2025-08-09,H48,72,12:00,2025-08-08,48.0,6,565.0241773454736,568.4662937651774,3.442116419703768,0.0,381.27772851232805,16.38001241397569,60031.577103297204,0.0767223999999942,0.0,1,1,fallback_q80_q20,177;169;213;214;214;180;208;217;214;205;217;181;193;184;213;209;165;203;150;209;171;206;181;188;210;190;196;206;163;151,9.094947017729282e-13,2.2737367544323206e-13,0.0,0,0,0
2025-08-09,H48,108,18:00,2025-08-08,48.0,6,-580.7972148550389,0.0,580.7972148550389,0.0,0.0,1071.0819693102812,71163.17666337203,0.07547729999998865,0.0,1,1,fallback_q80_q20,202;208;180;212;214;184;201;197;158;210;185;171;214;210;206;215;212;207;214;210;198;158;184;190;214;193;208;208;209;210,9.094947017729282e-13,7.958078640513122e-13,0.0,0,0,0
2025-08-10,H48,0,00:00,2025-08-09,48.0,6,48003.841775572124,0.0,0.0,0.0,0.0,0.0,99878.9474778219,0.07563160000006519,0.0,1,1,fallback_q80_q20,199;180;206;189;200;208;191;208;204;196;187;200;207;210;204;213;192;204;202;207;182;188;213;214;212;182;213;212;170;214,9.094947017729282e-13,2.2737367544323206e-13,0.0,0,0,0
2025-08-10,H48,36,06:00,2025-08-09,48.0,6,-1656.317237810081,0.0,1656.317237810081,0.0,0.0,4492.721525672641,60475.38409548283,0.09234529999991992,0.0,1,1,fallback_q80_q20,214;175;186;176;169;207;214;202;218;204;197;177;197;216;197;164;211;208;203;191;171;168;199;195;171;206;216;166;213;157,1.0231815394945443e-12,2.2737367544323206e-13,0.0,0,0,0
2025-08-10,H48,72,12:00,2025-08-09,48.0,6,5240.16905659833,5279.811508909504,39.64245231117326,0.0,3675.3835602942954,174.21424878564386,70187.59186891466,0.09415760000001683,0.0,1,1,fallback_q80_q20,167;167;151;178;176;203;213;218;187;173;215;213;217;207;205;211;200;151;205;199;214;186;198;215;212;193;210;177;209;173,9.094947017729282e-13,2.2737367544323206e-13,0.0,0,0,0
2025-08-10,H48,108,18:00,2025-08-09,48.0,6,3153.798703930589,3153.798703930589,0.0,0.0,1714.3381214634442,0.0,92416.43583414925,0.07652259999997568,0.0,1,1,fallback_q80_q20,203;178;201;193;181;209;195;204;205;151;181;215;199;214;213;197;209;200;195;151;202;188;182;217;163;183;173;211;202;194,9.094947017729282e-13,9.094947017729282e-13,0.0,0,0,0
2025-08-11,H48,0,00:00,2025-08-10,48.0,6,48690.351451966424,0.0,0.0,0.0,0.0,0.0,97745.79217159234,0.08737860000007913,0.0,1,1,fallback_q80_q20,206;211;217;172;217;206;200;163;202;215;168;208;198;205;173;215;192;212;208;176;204;194;181;217;212;216;179;216;188;210,1.2505552149377763e-12,2.2737367544323206e-13,0.0,0,0,0
2025-08-11,H48,36,06:00,2025-08-10,48.0,6,4423.878702474863,4430.209944389556,6.331241914693233,0.0,3859.616228645422,30.019031280956142,65200.18157843923,0.09248070000001007,0.0,1,1,fallback_q80_q20,210;209;216;195;198;156;218;179;211;179;190;215;218;173;218;219;213;180;216;208;210;193;200;216;218;205;169;214;214;208,9.094947017729282e-13,2.2737367544323206e-13,0.0,0,0,0
2025-08-11,H48,72,12:00,2025-08-10,48.0,6,-1227.8708673428462,10.216925266253474,1238.0877926090996,0.0,5.049224667108888,4390.91927768597,63373.69759617903,0.11982479999994666,0.0,1,1,fallback_q80_q20,179;216;218;176;207;219;180;190;194;203;203;218;188;206;212;173;216;210;160;219;168;211;166;210;219;185;207;210;210;212,9.094947017729282e-13,2.2737367544323206e-13,0.0,0,0,0
2025-08-11,H48,108,18:00,2025-08-10,48.0,6,188.92587419610183,217.3729803687926,28.44710617269079,0.0,109.77585993445575,58.44864339926187,77303.1202235352,0.09751089999997475,0.0,1,1,fallback_q80_q20,215;187;203;212;197;214;217;202;218;201;189;212;202;219;214;215;218;175;216;215;212;210;213;177;209;198;218;207;211;186,9.094947017729282e-13,9.094947017729282e-13,0.0,0,0,0
2025-08-12,H48,0,00:00,2025-08-11,48.0,6,53981.10746286574,0.0,0.0,0.0,0.0,0.0,103132.33104842785,0.09084369999993669,0.0,1,1,fallback_q80_q20,218;217;209;216;217;168;186;202;219;191;173;209;199;168;218;215;190;163;219;182;219;200;208;212;212;209;200;200;214;180,9.094947017729282e-13,2.2737367544323206e-13,0.0,0,0,0
2025-08-12,H48,36,06:00,2025-08-11,48.0,6,241.19513408725425,1383.4497128161447,1142.2545787288905,0.0,1101.5824447014334,3680.1075065740674,63155.32577659537,0.09911240000008092,0.0,1,1,fallback_q80_q20,212;218;206;218;160;214;211;197;210;187;220;217;204;183;192;181;218;203;216;180;220;215;194;198;216;178;219;217;189;209,1.2505552149377763e-12,2.2737367544323206e-13,0.0,0,0,0
2025-08-12,H48,72,12:00,2025-08-11,48.0,6,-777.4185434031288,181.55280419174085,958.9713475948696,0.0,104.46312226387636,3639.064310451546,72999.57581308972,0.2108190999999806,0.0,1,1,fallback_q80_q20,191;211;208;215;166;219;217;199;218;205;211;184;196;202;207;183;218;217;210;208;178;184;181;218;215;202;214;196;211;215,2.3590018827235326e-12,2.2737367544323206e-13,0.0,0,0,0
2025-08-12,H48,108,18:00,2025-08-11,48.0,6,1171.3625363299816,1171.3625363299816,0.0,0.0,661.8968540816371,0.0,79085.48388181081,0.09042829999998503,0.0,1,1,fallback_q80_q20,183;209;215;199;218;213;172;163;214;169;183;211;162;195;212;216;210;188;211;204;213;182;169;205;217;215;181;186;192;175,9.094947017729282e-13,4.547473508864641e-13,0.0,0,0,0
2025-08-13,H48,0,00:00,2025-08-12,48.0,6,49593.249826108935,0.0,0.0,0.0,0.0,0.0,100819.14788978006,0.07503739999992831,0.0,1,1,fallback_q80_q20,218;221;160;184;193;219;181;160;167;217;191;218;208;211;200;160;204;182;213;178;213;173;211;180;221;211;200;184;203;197,9.094947017729282e-13,2.2737367544323206e-13,0.0,0,0,0
2025-08-13,H48,36,06:00,2025-08-12,48.0,6,1330.9281425560978,1536.697072065029,205.76892950893128,0.0,1702.8659511233432,799.1854435468323,62743.07298281781,0.09374639999998635,0.0,1,1,fallback_q80_q20,206;221;221;181;180;216;217;215;198;198;202;161;189;217;205;216;191;198;180;168;211;194;197;221;194;186;217;212;210;216,9.094947017729282e-13,2.2737367544323206e-13,0.0,0,0,0
2025-08-13,H48,72,12:00,2025-08-12,48.0,6,-663.8587082905508,12.80465170847715,676.663359999028,0.0,6.331461077551921,2825.0813567381924,65438.12893183674,0.09574620000000778,0.0,1,1,fallback_q80_q20,209;205;163;190;212;216;202;184;191;169;202;219;174;211;217;220;204;217;201;174;177;215;196;172;219;217;218;219;195;170,9.094947017729282e-13,2.2737367544323206e-13,0.0,0,0,0
2025-08-13,H48,108,18:00,2025-08-12,48.0,6,1113.681647765055,1113.681647765055,0.0,0.0,622.6549215997859,0.0,80956.26896780163,0.0860138000000461,0.0,1,1,fallback_q80_q20,161;207;218;204;211;220;202;218;189;200;219;211;197;190;161;212;184;218;200;173;198;193;202;211;195;216;160;177;214;190,1.2505552149377763e-12,2.2737367544323206e-13,0.0,0,0,0
2025-08-14,H48,0,00:00,2025-08-13,48.0,6,50133.79320308126,0.0,0.0,0.0,0.0,0.0,83728.82078150337,0.10459939999998369,0.0,1,1,fallback_q80_q20,203;208;197;213;196;179;221;217;187;220;210;179;177;190;211;205;189;201;216;173;175;163;189;200;202;174;182;186;199;218,9.094947017729282e-13,2.2737367544323206e-13,0.0,0,0,0
2025-08-14,H48,36,06:00,2025-08-13,48.0,6,1067.406980754091,1175.6151544551465,108.20817370105546,0.0,1396.2267426411909,355.4423128953397,44479.94183516981,0.08634989999995923,0.0,1,1,fallback_q80_q20,208;213;190;222;176;217;219;209;217;218;212;219;213;193;217;214;180;182;184;208;175;175;222;200;197;211;192;218;162;217,9.094947017729282e-13,2.2737367544323206e-13,0.0,0,0,0
2025-08-14,H48,72,12:00,2025-08-13,48.0,6,-1365.6910073962586,10.05145747921268,1375.7424648754713,0.0,4.9839878414343275,4065.695960956301,38842.03816129999,0.19510719999993853,0.0,1,1,fallback_q80_q20,208;176;217;175;204;215;211;212;211;211;205;204;219;203;177;180;216;199;218;222;174;174;213;211;169;202;193;214;218;219,9.094947017729282e-13,1.0373923942097463e-12,0.0,0,0,0
2025-08-14,H48,108,18:00,2025-08-13,48.0,6,1967.0815852266783,1967.0815852266783,0.0,0.0,1085.694863499392,0.0,50724.62466526911,0.09934179999993376,0.0,1,1,fallback_q80_q20,217;209;217;207;163;160;183;170;190;167;180;159;210;186;212;170;204;200;220;159;216;200;195;210;216;162;218;183;198;189,9.094947017729282e-13,9.094947017729282e-13,0.0,0,0,0
2025-08-15,H48,0,00:00,2025-08-14,48.0,6,34626.4506778729,0.0,0.0,0.0,0.0,0.0,65541.09412723374,0.16568019999999706,0.0,1,1,fallback_q80_q20,220;209;218;223;223;216;178;220;204;168;207;177;210;211;180;210;173;216;223;208;206;216;221;183;217;180;207;192;203;198,9.094947017729282e-13,5.684341886080801e-13,0.0,0,0,0
2025-08-15,H48,36,06:00,2025-08-14,48.0,6,-1492.0469026771293,0.0,1492.0469026771293,0.0,0.0,3931.868855384818,38837.176226750526,0.17950619999999162,0.0,1,1,fallback_q80_q20,220;220;208;210;189;209;202;221;208;220;190;185;219;223;219;163;222;200;215;203;173;218;210;203;203;177;195;220;217;215,9.094947017729282e-13,2.2737367544323206e-13,0.0,0,0,0
2025-08-15,H48,72,12:00,2025-08-14,48.0,6,-185.22571684164973,217.3889700551921,402.6146868968418,0.0,138.43748022831983,869.3045124762241,38140.90341373073,0.13905979999992724,0.0,1,1,fallback_q80_q20,204;190;183;166;204;184;203;182;205;187;202;174;223;204;198;187;220;195;209;218;215;186;222;187;173;175;221;212;208;180,9.094947017729282e-13,2.8421709430404007e-12,0.0,0,0,0
2025-08-15,H48,108,18:00,2025-08-14,48.0,6,-1409.8698282731275,0.0,1409.8698282731275,0.0,0.0,2505.160496948648,41175.334639100445,0.0983153999999331,0.0,1,1,fallback_q80_q20,202;197;219;212;210;214;168;215;175;168;173;223;176;210;207;179;217;218;204;177;160;181;167;222;203;195;185;214;162;219,9.094947017729282e-13,7.958078640513122e-13,0.0,0,0,0
2025-08-16,H48,0,00:00,2025-08-15,48.0,6,34688.89714614482,0.0,0.0,0.0,0.0,0.0,82328.91337887557,0.16685869999992065,1.7675339842515967e-16,1,1,fallback_q80_q20,190;220;206;192;184;179;186;184;220;181;217;208;181;217;179;206;179;195;185;207;187;219;218;185;210;180;196;224;176;197,8.739675649849232e-13,2.2737367544323206e-13,0.0,0,0,0
2025-08-16,H48,36,06:00,2025-08-15,48.0,6,-2213.108168800739,0.0,2213.108168800739,0.0,0.0,5137.502693172292,54033.996907226494,0.16079039999999623,0.0,1,1,fallback_q80_q20,223;215;215;223;173;174;213;222;224;189;201;220;223;213;182;212;206;221;210;202;222;210;207;165;180;182;193;169;220;171,1.8189894035458565e-12,2.2737367544323206e-13,0.0,0,0,0
2025-08-16,H48,72,12:00,2025-08-15,48.0,6,488.9387500588337,498.4315274967466,9.492777437912869,0.0,307.76300257886334,45.77960203751195,62312.30899502369,0.13536640000006628,0.0,1,1,fallback_q80_q20,214;158;219;219;199;178;221;175;217;200;214;209;191;211;222;164;214;178;220;220;195;213;207;165;188;206;186;185;213;210,1.8189894035458565e-12,2.2737367544323206e-13,0.0,0,0,0
2025-08-16,H48,108,18:00,2025-08-15,48.0,6,-729.54470852379,0.0,729.54470852379,0.0,0.0,1307.1696172191887,68176.1429969647,0.09510539999996581,0.0,1,1,fallback_q80_q20,224;198;177;196;197;198;216;202;187;182;199;196;165;207;196;184;221;195;216;223;203;220;215;221;202;216;183;208;165;213,9.094947017729282e-13,6.821210263296962e-13,0.0,0,0,0
2025-08-17,H48,0,00:00,2025-08-16,48.0,6,49182.82720866485,0.0,0.0,0.0,0.0,0.0,101977.6824436957,0.10463149999998222,0.0,1,1,fallback_q80_q20,186;189;171;186;213;186;190;180;219;223;190;225;212;214;212;199;225;184;201;186;210;173;185;207;200;173;185;212;180;217,8.633094239485217e-13,2.2737367544323206e-13,0.0,0,0,0
2025-08-17,H48,36,06:00,2025-08-16,48.0,6,-1891.249165226716,0.0,1891.249165226716,0.0,0.0,5458.539341344107,60294.06038731056,0.08437310000010712,0.0,1,1,fallback_q80_q20,215;215;215;178;214;201;214;207;190;170;195;220;222;213;192;217;223;205;220;218;198;195;198;199;178;173;224;219;186;179,9.094947017729282e-13,2.2737367544323206e-13,0.0,0,0,0
2025-08-17,H48,72,12:00,2025-08-16,48.0,6,4588.80822496869,5116.845740977329,528.037516008639,0.0,3395.4803532903284,2387.4166941806307,69904.7370280209,0.09442060000003494,0.0,1,1,fallback_q80_q20,158;186;223;202;165;223;200;184;181;197;185;225;187;173;178;185;176;213;211;179;223;216;157;196;220;218;193;157;178;193,9.094947017729282e-13,2.2737367544323206e-13,0.0,0,0,0
2025-08-17,H48,108,18:00,2025-08-16,48.0,6,2321.771709758113,2321.771709758113,0.0,0.0,1247.279441048975,0.0,81065.47201514928,0.10164459999998599,0.0,1,1,fallback_q80_q20,224;215;224;222;172;217;157;212;220;165;219;199;199;225;218;193;214;214;214;164;191;174;219;225;196;186;178;172;206;206,7.958078640513122e-13,6.821210263296962e-13,0.0,0,0,0
2025-08-18,H48,0,00:00,2025-08-17,48.0,6,48472.33203819454,0.0,0.0,0.0,0.0,0.0,100262.54523445416,0.12052749999998014,0.0,1,1,fallback_q80_q20,198;194;216;194;184;201;197;192;213;192;191;208;226;213;191;211;163;210;225;194;218;189;204;210;168;217;206;201;185;226,9.094947017729282e-13,2.2737367544323206e-13,0.0,0,0,0
2025-08-18,H48,36,06:00,2025-08-17,48.0,6,7570.13315453146,7570.655403304106,0.5222487726457674,0.0,7144.581290016176,2.4651818392530913,68103.90499875306,0.12139600000000428,0.0,1,1,fallback_q80_q20,206;226;176;219;200;223;195;224;176;210;191;209;215;221;207;201;222;212;187;179;224;211;198;207;189;193;212;205;204;183,9.094947017729282e-13,2.2737367544323206e-13,0.0,0,0,0
2025-08-18,H48,72,12:00,2025-08-17,48.0,6,-1762.004523544727,34.30878648008678,1796.3133100248137,0.0,16.77728737828761,5621.081666096088,62579.48878547529,0.12762529999997696,0.0,1,1,fallback_q80_q20,187;222;215;225;197;193;205;220;204;176;223;193;210;215;170;185;219;168;223;226;198;215;226;203;197;223;215;214;226;190,9.094947017729282e-13,2.2737367544323206e-13,0.0,0,0,0
2025-08-18,H48,108,18:00,2025-08-17,48.0,6,425.48019945755266,426.0279531691295,0.5477537115768507,0.0,229.05809728444592,2.609593671161747,87897.81989410974,0.08936240000002726,0.0,1,1,fallback_q80_q20,205;203;170;226;210;197;186;226;225;215;213;208;204;195;226;224;181;198;221;225;201;205;219;222;207;201;185;211;225;178,1.8189894035458565e-12,9.094947017729282e-13,0.0,0,0,0
2025-08-19,H48,0,00:00,2025-08-18,48.0,6,48570.86644367591,0.0,0.0,0.0,0.0,0.0,99918.75178546464,0.08191580000004706,0.0,1,1,fallback_q80_q20,196;188;221;176;224;173;207;197;226;217;222;189;224;199;189;224;213;218;183;217;194;227;185;227;227;203;202;225;216;226,9.094947017729282e-13,2.2737367544323206e-13,0.0,0,0,0
2025-08-19,H48,36,06:00,2025-08-18,48.0,6,608.1640218436643,613.5757384513854,5.411716607721184,0.0,673.1356627725802,25.789057209658495,61464.8240888445,0.09359349999999722,0.0,1,1,fallback_q80_q20,196;225;227;166;207;188;194;227;210;200;189;209;223;167;224;219;167;225;203;197;219;216;215;196;183;219;222;214;219;225,9.094947017729282e-13,2.2737367544323206e-13,0.0,0,0,0
2025-08-19,H48,72,12:00,2025-08-18,48.0,6,153.86966358926065,514.8680757562358,360.9984121669752,0.0,500.1443694206621,1469.8635281700558,72060.49907513568,0.0891678000000411,0.0,1,1,fallback_q80_q20,188;200;189;224;182;201;209;221;224;202;196;225;202;175;194;202;223;215;201;202;226;203;221;205;175;197;189;222;175;218,1.0231815394945443e-12,2.2737367544323206e-13,0.0,0,0,0
2025-08-19,H48,108,18:00,2025-08-18,48.0,6,-396.97316540399515,0.0,396.97316540399515,0.0,0.0,720.0858044199401,86541.0253524088,0.08409400000005007,0.0,1,1,fallback_q80_q20,169;227;203;220;188;212;224;224;214;219;205;222;195;204;216;215;224;190;223;174;218;180;216;226;168;199;192;194;204;191,1.0231815394945443e-12,4.547473508864641e-13,0.0,0,0,0
2025-08-20,H48,0,00:00,2025-08-19,48.0,6,51843.12114917497,0.0,0.0,0.0,0.0,0.0,100784.21796581603,0.10626070000000709,0.0,1,1,fallback_q80_q20,168;199;190;176;218;176;224;183;198;194;219;224;224;213;205;224;226;224;218;210;206;213;176;202;218;202;222;204;166;226,9.094947017729282e-13,2.2737367544323206e-13,0.0,0,0,0
2025-08-20,H48,36,06:00,2025-08-19,48.0,6,3449.5026144217927,4481.770364682603,1032.2677502608105,0.0,3408.1798040177205,3414.7156089049486,63594.574528213925,0.10742840000000342,0.0,1,1,fallback_q80_q20,219;188;224;216;208;218;225;188;173;195;222;223;208;175;209;226;188;189;225;216;196;223;215;203;191;224;223;181;204;211,9.094947017729282e-13,2.2737367544323206e-13,0.0,0,0,0
2025-08-20,H48,72,12:00,2025-08-19,48.0,6,-462.53790865242894,79.76255588421128,542.3004645366402,0.0,39.37178888494793,2214.348857305619,68561.56169209396,0.12601819999997588,0.0,1,1,fallback_q80_q20,225;208;181;201;215;209;175;179;214;205;201;184;205;228;191;217;168;217;219;228;190;184;216;190;204;213;225;217;219;196,9.094947017729282e-13,2.2737367544323206e-13,0.0,0,0,0
2025-08-20,H48,108,18:00,2025-08-19,48.0,6,3113.9301575523646,3113.9301575523646,0.0,0.0,1688.140847613059,0.0,87658.77648894538,0.10665450000010424,0.0,1,1,fallback_q80_q20,215;226;228;181;181;203;175;227;197;228;218;181;202;179;224;181;221;173;195;211;222;205;209;194;218;166;180;167;228;202,9.094947017729282e-13,9.094947017729282e-13,0.0,0,0,0
2025-08-21,H48,0,00:00,2025-08-20,48.0,6,50177.08744198927,0.0,0.0,0.0,0.0,0.0,83857.00450725737,0.21662720000006175,0.0,1,1,fallback_q80_q20,166;185;184;215;202;208;224;200;208;169;228;225;229;227;205;225;224;206;209;219;223;226;205;216;209;225;210;223;200;227,1.0231815394945443e-12,2.5579538487363607e-12,0.0,0,0,0
2025-08-21,H48,36,06:00,2025-08-20,48.0,6,-194.03393721727434,1734.4177716613717,1928.451708878646,0.0,1144.4650614502152,6466.760727192192,45089.90300605495,0.1330840000000535,0.0,1,1,fallback_q80_q20,226;177;202;229;193;209;185;176;229;223;199;206;201;227;181;170;194;170;228;211;205;225;229;185;194;213;194;215;177;169,9.663381206337363e-13,2.2737367544323206e-13,0.0,0,0,0
2025-08-21,H48,72,12:00,2025-08-20,48.0,6,-248.5773803387628,107.25825672534745,355.83563706411024,0.0,101.12182805197389,1583.5468385717716,40859.55735210964,0.13930130000005647,0.0,1,1,fallback_q80_q20,217;220;209;224;224;203;169;221;195;183;190;224;229;195;213;197;226;226;201;219;189;226;225;196;208;225;173;208;185;189,9.094947017729282e-13,2.2737367544323206e-13,0.0,0,0,0
2025-08-21,H48,108,18:00,2025-08-20,48.0,6,-229.3972651874225,5.322923960197971,234.7201891476205,0.0,2.6307479972313104,384.6769018996315,47271.87932745206,0.18969369999990704,0.0,1,1,fallback_q80_q20,198;188;229;210;215;207;174;223;215;212;218;186;223;229;173;227;225;225;199;215;226;197;229;198;181;212;217;210;195;224,9.094947017729282e-13,6.821210263296962e-13,0.0,0,0,0
2025-08-22,H48,0,00:00,2025-08-21,48.0,6,32188.609777782127,0.0,0.0,0.0,0.0,0.0,62106.31089159742,0.10007660000007945,0.0,1,1,fallback_q80_q20,206;204;199;208;204;196;221;229;201;204;230;168;181;212;225;217;216;200;222;195;223;197;207;226;230;218;226;224;210;224,2.1316282072803006e-12,1.4210854715202004e-13,0.0,0,0,0
2025-08-22,H48,36,06:00,2025-08-21,48.0,6,-940.3293023390743,40.315687456941546,980.6449897960158,0.0,20.61406044150158,2427.553533471093,37637.60736781216,0.6500230999999985,0.0,1,1,fallback_q80_q20,204;228;230;214;219;198;227;170;225;214;202;226;188;222;229;215;196;216;222;194;225;222;207;217;216;225;204;206;215;184,9.094947017729282e-13,1.1368683772161603e-13,0.0,0,0,0
2025-08-22,H48,72,12:00,2025-08-21,48.0,6,-850.4946783169246,0.0,850.4946783169246,0.0,0.0,1630.0452866928658,37482.5017260342,0.18412919999991573,0.0,1,1,fallback_q80_q20,216;222;230;230;225;223;190;195;224;204;228;226;210;193;209;182;215;218;227;205;229;227;209;190;215;210;230;173;202;220,1.0231815394945443e-12,2.1316282072803006e-13,0.0,0,0,0
2025-08-22,H48,108,18:00,2025-08-21,48.0,6,-982.8904492726202,0.0,982.8904492726202,0.0,0.0,1754.5422133156467,41552.18575832125,0.083376899999962,0.0,1,1,fallback_q80_q20,181;173;213;189;225;177;193;230;205;199;212;218;217;227;211;224;229;225;202;189;220;205;230;209;216;176;225;218;216;222,8.810729923425242e-13,7.958078640513122e-13,0.0,0,0,0
2025-08-23,H48,0,00:00,2025-08-22,48.0,6,29168.281599472448,0.0,0.0,0.0,0.0,0.0,74762.4781961012,0.12842860000000655,0.0,1,1,fallback_q80_q20,225;222;172;227;199;229;227;213;219;179;204;221;215;230;225;218;180;211;220;192;222;227;205;172;227;216;220;176;193;227,9.094947017729282e-13,2.2737367544323206e-13,0.0,0,0,0
2025-08-23,H48,36,06:00,2025-08-22,48.0,6,1480.3542033053734,1491.2664972626012,10.912293957227707,0.0,1010.9942091397959,42.55833333497549,58273.914469464726,0.11855990000003658,0.0,1,1,fallback_q80_q20,177;186;229;199;227;185;231;228;201;219;200;225;205;220;231;196;212;192;202;209;201;214;216;219;197;213;230;230;215;227,9.094947017729282e-13,2.2737367544323206e-13,0.0,0,0,0
2025-08-23,H48,72,12:00,2025-08-22,48.0,6,-72.07103722401875,7.200494799885519,79.27153202390427,0.0,6.136175209753734,185.6307358214458,65114.09604201325,0.12985869999999977,0.0,1,1,fallback_q80_q20,213;204;223;205;222;189;207;204;189;213;228;164;189;216;225;227;183;194;213;222;223;224;200;223;209;224;222;229;220;193,9.094947017729282e-13,2.2737367544323206e-13,0.0,0,0,0
2025-08-23,H48,108,18:00,2025-08-22,48.0,6,-456.4390474804226,0.0,456.4390474804226,0.0,0.0,809.9835956929422,67325.74659519857,0.11963760000003276,0.0,1,1,fallback_q80_q20,219;228;228;222;202;218;230;227;202;230;206;197;230;231;220;229;187;201;209;191;207;215;224;185;218;227;193;191;217;200,1.0231815394945443e-12,6.821210263296962e-13,0.0,0,0,0
2025-08-24,H48,0,00:00,2025-08-23,48.0,6,46327.560803488195,0.0,0.0,0.0,0.0,0.0,96196.63720562693,0.15971009999998387,0.0,1,1,fallback_q80_q20,193;217;232;207;207;203;222;221;216;193;204;227;226;184;222;227;216;181;221;222;217;229;215;231;215;223;224;227;200;184,9.094947017729282e-13,2.2737367544323206e-13,0.0,0,0,0
2025-08-24,H48,36,06:00,2025-08-23,48.0,6,-2628.792074321571,0.0,2628.792074321571,0.0,0.0,7180.192466999331,59446.99861808038,0.20781030000000555,0.0,1,1,fallback_q80_q20,212;225;227;230;229;180;203;229;228;198;231;207;227;220;226;195;232;204;202;181;212;177;227;190;215;211;195;227;218;232,6.139089236967266e-12,2.2737367544323206e-13,0.0,0,0,0
2025-08-24,H48,72,12:00,2025-08-23,48.0,6,11088.666447150605,11088.666447150605,0.0,0.0,9194.364328471696,0.0,79080.05167011198,0.12593179999998938,0.0,1,1,fallback_q80_q20,201;210;183;179;220;227;185;198;177;182;218;200;200;172;219;194;199;214;195;228;232;192;177;225;197;181;210;197;193;204,1.0231815394945443e-12,2.2737367544323206e-13,0.0,0,0,0
2025-08-24,H48,108,18:00,2025-08-23,48.0,6,1213.3428422984077,1213.3428422984077,0.0,0.0,648.0759961053661,0.0,83218.11685959918,0.09924159999991389,0.0,1,1,fallback_q80_q20,193;178;213;232;211;228;191;213;217;185;214;204;197;192;225;227;223;212;225;207;228;182;200;216;224;222;225;211;227;229,9.094947017729282e-13,6.821210263296962e-13,0.0,0,0,0
2025-08-25,H48,0,00:00,2025-08-24,48.0,6,62086.839903433036,0.0,0.0,0.0,0.0,0.0,113098.62194732431,0.09590270000001055,0.0,1,1,fallback_q80_q20,232;227;233;226;181;230;197;233;232;208;229;204;226;215;230;220;190;170;223;216;173;184;203;204;233;230;230;232;173;186,7.958078640513122e-13,2.2737367544323206e-13,0.0,0,0,0
2025-08-25,H48,36,06:00,2025-08-24,48.0,6,-3284.0406291999634,763.6634236832703,4047.7040528832335,0.0,464.0249253824725,12069.995166539185,58656.14057995738,0.10880740000004607,0.0,1,1,fallback_q80_q20,190;224;231;198;190;191;229;219;212;233;208;210;223;232;227;182;188;223;216;232;217;181;185;215;202;229;197;191;218;229,1.2505552149377763e-12,2.2737367544323206e-13,0.0,0,0,0
2025-08-25,H48,72,12:00,2025-08-24,48.0,6,3.640374925983224,706.638596370133,702.9982214441497,0.0,402.1149406451956,2460.9531416572554,64009.673715248166,0.09797439999999824,0.0,1,1,fallback_q80_q20,224;203;225;186;225;231;212;224;222;203;204;190;219;221;226;230;202;228;232;198;215;181;232;226;223;217;186;231;229;230,9.094947017729282e-13,2.2737367544323206e-13,0.0,0,0,0
2025-08-25,H48,108,18:00,2025-08-24,48.0,6,251.31642369581488,254.4520514380849,3.135627742270045,0.0,136.73214541472078,6.353211918285979,78635.00660462158,0.10786150000001271,0.0,1,1,fallback_q80_q20,224;204;218;197;181;230;226;217;180;186;207;182;217;223;233;195;218;221;226;188;232;206;214;230;221;198;229;216;210;191,9.094947017729282e-13,5.684341886080801e-13,0.0,0,0,0
2025-08-26,H48,0,00:00,2025-08-25,48.0,6,50697.97203659915,0.0,0.0,0.0,0.0,0.0,103533.05140699031,0.10422800000003463,0.0,1,1,fallback_q80_q20,187;177;218;233;200;211;206;192;208;221;207;229;213;228;208;213;233;226;180;229;203;203;226;175;210;229;231;210;173;215,9.094947017729282e-13,2.2737367544323206e-13,0.0,0,0,0
2025-08-26,H48,36,06:00,2025-08-25,48.0,6,1203.0635105188117,1266.5428884398848,63.47937792107303,0.0,1471.823843516615,179.0356753787446,65907.36278693145,0.11751549999996769,0.0,1,1,fallback_q80_q20,232;227;218;233;212;225;229;218;197;180;215;234;219;202;193;182;177;223;213;233;229;190;205;231;230;223;181;211;224;218,9.094947017729282e-13,2.2737367544323206e-13,0.0,0,0,0
2025-08-26,H48,72,12:00,2025-08-25,48.0,6,468.2864997632106,886.0963572339534,417.8098574707428,0.0,529.1976163448425,1753.3210664186297,73172.63771347486,0.6110535999999911,0.0,1,1,fallback_q80_q20,232;192;222;233;225;205;225;229;218;233;218;187;200;204;226;209;181;207;173;221;227;218;224;226;224;221;233;218;216;228,8.526512829121202e-13,2.2737367544323206e-13,0.0,0,0,0
2025-08-26,H48,108,18:00,2025-08-25,48.0,6,193.56969118457445,203.72346350024912,10.153772315674665,0.0,115.6877279799644,21.69183763516662,85597.07733337785,0.09449500000005173,0.0,1,1,fallback_q80_q20,225;208;231;210;226;216;220;228;216;230;184;210;182;210;223;176;180;227;229;234;191;233;216;222;229;233;232;232;180;214,1.8189894035458565e-12,7.958078640513122e-13,0.0,0,0,0
2025-08-27,H48,0,00:00,2025-08-26,48.0,6,49308.14110138362,0.0,0.0,0.0,0.0,0.0,99959.67591040999,0.10117690000004131,0.0,1,1,fallback_q80_q20,223;233;233;219;230;205;219;217;225;208;180;233;203;234;226;204;207;204;212;203;219;225;211;232;216;199;213;219;210;208,9.094947017729282e-13,2.2737367544323206e-13,0.0,0,0,0
2025-08-27,H48,36,06:00,2025-08-26,48.0,6,9801.68936905945,9805.863903217307,4.174534157856942,0.0,9871.751255781694,20.056999362610668,72541.25227874354,0.10706439999989925,0.0,1,1,fallback_q80_q20,230;205;235;184;180;224;226;217;230;233;200;225;188;204;215;205;212;233;218;219;224;214;233;230;199;228;221;175;223;235,8.242295734817162e-13,2.2737367544323206e-13,0.0,0,0,0
2025-08-27,H48,72,12:00,2025-08-26,48.0,6,-1478.1803855903017,56.34754245093097,1534.5279280412328,0.0,27.857321487570175,5047.423565221625,70054.58327202879,0.15960710000001654,0.0,1,1,fallback_q80_q20,216;225;233;212;235;196;216;217;195;199;226;201;232;233;234;174;224;202;205;235;222;188;218;223;210;209;233;229;218;222,1.0231815394945443e-12,2.2737367544323206e-13,0.0,0,0,0
2025-08-27,H48,108,18:00,2025-08-26,48.0,6,488.4944285405839,488.4944285405839,0.0,0.0,280.17175516037776,0.0,82451.98771496846,0.10578590000000077,0.0,1,1,fallback_q80_q20,224;176;225;222;181;194;206;218;226;201;221;230;222;233;201;231;214;224;231;231;233;217;225;231;224;226;181;183;216;235,1.0231815394945443e-12,5.684341886080801e-13,0.0,0,0,0
2025-08-28,H48,0,00:00,2025-08-27,48.0,6,49456.55685593925,0.0,0.0,0.0,0.0,0.0,84546.48500455164,0.101415799999927,0.0,1,1,fallback_q80_q20,230;220;222;190;227;219;193;235;188;229;220;233;199;222;227;211;235;232;232;222;215;221;222;236;212;227;184;214;214;235,9.094947017729282e-13,2.2737367544323206e-13,0.0,0,0,0
2025-08-28,H48,36,06:00,2025-08-27,48.0,6,4143.476714902792,4371.726697914388,228.24998301159542,0.0,4096.3371149565955,637.3114802688559,48339.576243582225,0.11511840000002849,0.0,1,1,fallback_q80_q20,225;230;174;217;201;223;226;202;215;232;233;205;230;227;228;232;236;201;232;224;217;233;233;215;229;213;227;218;221;213,3.637978807091713e-12,2.2737367544323206e-13,0.0,0,0,0
2025-08-28,H48,72,12:00,2025-08-27,48.0,6,535.1142659833099,876.742013780683,341.6277477973731,0.0,591.4764011493628,992.8411653281959,43109.86138852718,0.10382979999997133,0.0,1,1,fallback_q80_q20,236;236;226;233;219;188;187;217;209;219;181;190;227;229;217;226;218;225;221;236;177;213;219;187;228;231;217;220;236;231,9.094947017729282e-13,2.2737367544323206e-13,0.0,0,0,0
2025-08-28,H48,108,18:00,2025-08-27,48.0,6,316.17736595420007,335.98841828132663,19.811052327126568,0.0,210.448605498039,31.721414429220772,53448.981975042894,0.12251590000005308,0.0,1,1,fallback_q80_q20,183;206;191;214;227;217;188;231;229;220;214;191;220;230;214;225;210;236;216;222;216;183;184;195;216;202;212;205;191;232,9.094947017729282e-13,4.547473508864641e-13,0.0,0,0,0
2025-08-29,H48,0,00:00,2025-08-28,48.0,6,35912.58836526527,0.0,0.0,0.0,0.0,0.0,67018.52101815236,0.15166960000010477,0.0,1,1,fallback_q80_q20,183;201;229;231;223;232;189;225;236;223;201;232;220;208;213;188;237;229;234;222;237;231;225;209;226;234;237;199;218;183,9.094947017729282e-13,2.2737367544323206e-13,0.0,0,0,0
2025-08-29,H48,36,06:00,2025-08-28,48.0,6,-1439.3359394344645,24.70202868347019,1464.0379681179347,0.0,12.208480333837542,3864.8145741460307,40524.09995703584,0.12643800000000738,0.0,1,1,fallback_q80_q20,197;237;213;223;231;221;195;214;206;223;196;196;233;231;236;228;237;223;227;224;228;229;199;229;237;232;196;189;216;226,7.389644451905042e-13,2.3874235921539366e-12,0.0,0,0,0
2025-08-29,H48,72,12:00,2025-08-28,48.0,6,-683.0506532519589,0.0,683.0506532519589,0.0,0.0,1236.6624945588264,38833.385250213556,0.22741069999995034,0.0,1,1,fallback_q80_q20,217;224;227;199;237;191;225;232;176;225;227;227;232;184;210;188;211;220;210;236;209;231;231;203;175;233;235;189;228;191,1.3642420526593924e-12,2.2737367544323206e-13,0.0,0,0,0
2025-08-29,H48,108,18:00,2025-08-28,48.0,6,-968.7688658666225,0.0,968.7688658666225,0.0,0.0,1720.8499534207021,42437.564151933715,0.13066989999992984,0.0,1,1,fallback_q80_q20,226;176;220;231;226;188;189;195;230;231;231;214;236;212;218;183;223;221;187;236;188;192;231;230;194;192;237;197;230;208,1.8189894035458565e-12,1.2136069926782511e-11,0.0,0,0,0
2025-08-30,H48,0,00:00,2025-08-29,48.0,6,32914.84595668053,0.0,0.0,0.0,0.0,0.0,79196.17292109005,0.15910330000008344,0.0,1,1,fallback_q80_q20,188;223;238;178;207;233;229;203;220;203;230;185;234;235;172;208;188;218;230;236;196;225;233;200;221;216;234;221;231;204,1.0231815394945443e-12,1.1937117960769683e-12,0.0,0,0,0
2025-08-30,H48,36,06:00,2025-08-29,48.0,6,-1003.6370337057492,0.0,1003.6370337057492,0.0,0.0,2608.343306776618,57609.72158490355,0.0628610999999637,0.0,1,1,fallback_q80_q20,206;233;214;199;210;212;209;186;238;217;218;204;234;230;217;216;234;199;171;233;198;199;227;188;183;211;213;214;211;199,1.0231815394945443e-12,2.2737367544323206e-13,0.0,0,0,0
2025-08-30,H48,72,12:00,2025-08-29,48.0,6,-546.4512903485245,0.0,546.4512903485245,0.0,0.0,1202.4168906508467,60263.25790718418,0.07077540000000226,0.0,1,1,fallback_q80_q20,233;237;220;189;228;236;234;213;231;231;171;228;190;178;234;195;201;208;215;216;238;212;213;222;235;194;209;237;228;215,8.526512829121202e-13,2.2737367544323206e-13,0.0,0,0,0
2025-08-30,H48,108,18:00,2025-08-29,48.0,6,179.6910348977267,203.6316067398577,23.940571842130993,0.0,134.41720348445995,57.01944655880902,69905.43592018742,0.07375369999999748,0.0,1,1,fallback_q80_q20,220;204;238;228;208;225;200;183;216;234;209;228;215;186;209;238;225;197;223;214;222;227;204;237;194;218;223;219;225;206,1.8189894035458565e-12,6.821210263296962e-13,0.0,0,0,0
2025-08-31,H48,0,00:00,2025-08-30,48.0,6,47300.79258820481,0.0,0.0,0.0,0.0,0.0,99781.54938069818,0.043351600000050894,0.0,1,1,fallback_q80_q20,229;231;220;234;172;187;235;227;229;226;233;239;221;228;187;228;172;224;236;213;215;235;232;216;200;208;238;206;234;235,9.094947017729282e-13,2.2737367544323206e-13,0.0,0,0,0
2025-08-31,H48,36,06:00,2025-08-30,48.0,6,664.4049816074971,788.5395844578626,124.1346028503655,0.0,1063.2824109164749,405.22492213055955,65437.24745553501,0.061174499999992804,0.0,1,1,fallback_q80_q20,194;219;239;186;230;235;208;237;228;212;206;235;233;206;213;216;229;238;238;233;232;203;234;230;201;186;196;239;232;219,9.094947017729282e-13,2.2737367544323206e-13,0.0,0,0,0
2025-08-31,H48,72,12:00,2025-08-30,48.0,6,2526.8741363871277,2529.511916477072,2.6377800899443407,0.0,1995.5938976973052,12.566841781535686,67944.9564743267,0.04874810000001162,0.0,1,1,fallback_q80_q20,238;231;226;230;228;232;238;234;207;172;224;230;237;196;235;231;222;238;193;234;232;231;203;234;225;186;236;172;208;186,1.2505552149377763e-12,2.2737367544323206e-13,0.0,0,0,0
2025-08-31,H48,108,18:00,2025-08-30,48.0,6,1841.7210368323815,1841.7210368323815,0.0,0.0,1014.988171725662,0.0,88647.34779704038,0.05497109999998884,0.0,1,1,fallback_q80_q20,234;236;221;235;172;172;219;207;172;194;233;234;200;189;217;206;206;231;216;171;219;235;235;201;213;229;235;235;194;171,9.094947017729282e-13,2.2737367544323206e-13,0.0,0,0,0
2025-09-01,H48,0,00:00,2025-08-31,48.0,6,54867.97503813166,0.0,0.0,0.0,0.0,0.0,104838.17023105966,0.04629139999997278,0.0,1,1,fallback_q80_q20,204;225;230;196;240;180;221;214;229;226;197;198;240;237;215;217;209;233;237;238;203;236;212;219;238;239;224;238;200;213,1.0231815394945443e-12,2.2737367544323206e-13,0.0,0,0,0
2025-09-01,H48,36,06:00,2025-08-31,48.0,6,-2187.1015238340324,754.3936183421758,2941.495142176208,0.0,423.2050731971559,9050.882989191345,58953.70474861535,0.05560600000001159,0.0,1,1,fallback_q80_q20,221;198;232;215;228;229;224;233;229;219;214;225;235;236;218;231;236;212;226;240;226;187;214;194;226;210;227;209;187;194,9.094947017729282e-13,2.2737367544323206e-13,0.0,0,0,0
2025-09-01,H48,72,12:00,2025-08-31,48.0,6,191.41816722218687,841.0472253399464,649.6290581177595,0.0,774.2725096355156,2761.344216717575,71755.63261085743,0.06255559999999605,0.0,1,1,fallback_q80_q20,225;196;218;229;231;236;218;233;220;217;218;227;230;181;222;232;219;226;240;209;214;240;232;212;208;224;220;226;207;236,8.810729923425242e-13,2.5579538487363607e-13,0.0,0,0,0
2025-09-01,H48,108,18:00,2025-08-31,48.0,6,-1290.6817410257204,0.0,1290.6817410257204,0.0,0.0,2373.4824448812014,85498.48316505396,0.05597760000000562,0.0,1,1,fallback_q80_q20,212;240;199;192;231;240;188;235;228;223;209;210;230;182;238;232;191;232;206;177;177;229;238;239;204;182;220;230;225;212,9.094947017729282e-13,1.0231815394945443e-12,0.0,0,0,0
2025-09-02,H48,0,00:00,2025-09-01,48.0,6,48223.30583340497,0.0,0.0,0.0,0.0,0.0,97797.64103791695,0.047458200000050965,0.0,1,1,fallback_q80_q20,228;208;231;215;218;196;221;211;217;240;241;232;234;216;214;236;219;205;239;235;237;195;236;231;233;224;232;238;218;214,9.094947017729282e-13,2.2737367544323206e-13,0.0,0,0,0
2025-09-02,H48,36,06:00,2025-09-01,48.0,6,4178.686634741807,4256.275883916245,77.5892491744379,0.0,3997.4333573667423,269.01422488892683,66156.385241273,0.047999000000004344,0.0,1,1,fallback_q80_q20,235;218;227;226;232;238;238;232;224;223;214;232;194;236;231;238;238;238;231;235;231;219;217;233;238;223;180;204;236;188,9.094947017729282e-13,2.2737367544323206e-13,0.0,0,0,0
2025-09-02,H48,72,12:00,2025-09-01,48.0,6,-1759.4263117513442,17.09835811275298,1776.5246698640972,0.0,8.45051924420045,5632.532665240555,62279.8881796502,0.07144269999992048,0.0,1,1,fallback_q80_q20,232;204;215;240;215;239;221;188;239;227;190;221;198;232;199;239;238;236;238;221;228;219;237;232;210;238;241;233;183;204,1.2505552149377763e-12,2.2737367544323206e-13,0.0,0,0,0
2025-09-02,H48,108,18:00,2025-09-01,48.0,6,-979.6132989192331,0.0,979.6132989192331,0.0,0.0,1842.4845061555543,74593.60042622621,0.05301689999998871,0.0,1,1,fallback_q80_q20,212;223;237;239;229;233;239;223;215;223;226;192;238;238;238;211;220;208;181;195;224;238;217;201;229;237;241;236;198;241,9.094947017729282e-13,9.094947017729282e-13,0.0,0,0,0
2025-09-03,H48,0,00:00,2025-09-02,48.0,6,51149.540817948415,0.0,0.0,0.0,0.0,0.0,101412.91175854194,0.046268599999962134,0.0,1,1,fallback_q80_q20,236;234;231;233;217;218;217;230;237;203;241;226;210;195;242;228;221;223;232;203;242;215;237;221;219;225;219;234;181;240,1.0231815394945443e-12,2.2737367544323206e-13,0.0,0,0,0
2025-09-03,H48,36,06:00,2025-09-02,48.0,6,304.0617157118502,1579.9070008198823,1275.8452851080322,0.0,1014.553608772844,4136.154539421474,61744.74639497563,0.06877620000000206,0.0,1,1,fallback_q80_q20,235;219;234;218;202;242;187;240;225;218;242;182;198;210;214;229;203;240;219;224;181;240;193;223;211;239;234;202;218;210,9.094947017729282e-13,2.5224267119483557e-13,0.0,0,0,0
2025-09-03,H48,72,12:00,2025-09-02,48.0,6,-1062.8794200762038,0.0,1062.8794200762038,0.0,0.0,3258.042476364033,71717.1539012387,0.14269719999992958,0.0,1,1,fallback_q80_q20,240;229;215;214;232;212;182;229;184;228;230;196;203;231;240;238;236;182;217;197;227;237;208;216;212;190;203;201;184;240,9.094947017729282e-13,2.2737367544323206e-13,0.0,0,0,0
2025-09-03,H48,108,18:00,2025-09-02,48.0,6,-594.3147141818074,0.0,594.3147141818074,0.0,0.0,1106.515906898,74665.98102128875,0.05301190000000133,0.0,1,1,fallback_q80_q20,193;235;221;231;233;231;240;220;191;225;238;213;213;209;233;218;224;239;239;237;228;236;201;218;180;229;239;189;199;232,1.2505552149377763e-12,4.547473508864641e-13,0.0,0,0,0
2025-09-04,H48,0,00:00,2025-09-03,48.0,6,47350.455056392864,0.0,0.0,0.0,0.0,0.0,79927.169891068,0.09333240000000842,0.0,1,1,fallback_q80_q20,225;225;240;229;236;221;214;243;195;240;238;238;214;237;194;183;237;240;223;194;237;212;205;197;243;203;217;243;234;233,9.094947017729282e-13,2.2737367544323206e-13,0.0,0,0,0
2025-09-04,H48,36,06:00,2025-09-03,48.0,6,-419.429145138285,466.2205077511478,885.6496528894328,0.0,305.76552999595856,3151.4835125802556,42965.27689276755,0.06388119999996889,0.0,1,1,fallback_q80_q20,223;225;236;184;210;223;194;229;222;230;243;226;187;225;241;182;218;238;184;230;205;238;227;238;222;242;240;233;225;208,9.166001291305292e-13,2.2737367544323206e-13,0.0,0,0,0
2025-09-04,H48,72,12:00,2025-09-03,48.0,6,-919.3378585039454,0.0,919.3378585039454,0.0,0.0,2902.074195149475,42065.42916573072,0.07604219999996076,0.0,1,1,fallback_q80_q20,226;220;211;233;234;238;235;240;219;205;230;223;197;216;237;217;231;219;236;212;187;232;239;233;237;222;217;226;194;229,4.746425474877469e-12,2.2737367544323206e-13,0.0,0,0,0
2025-09-04,H48,108,18:00,2025-09-03,48.0,6,-615.9588257905018,0.0,615.9588257905018,0.0,0.0,1100.9101387460546,47445.45650769403,0.0834704999999758,0.0,1,1,fallback_q80_q20,238;237;223;223;212;235;208;229;221;238;222;208;226;231;208;198;231;241;229;221;227;238;212;239;230;225;222;239;189;224,9.094947017729282e-13,2.2737367544323206e-13,0.0,0,0,0
2025-09-05,H48,0,00:00,2025-09-04,48.0,6,31363.999467965165,0.0,0.0,0.0,0.0,0.0,61448.02809223525,0.07655899999997473,0.0,1,1,fallback_q80_q20,183;215;187;240;226;209;240;240;207;231;226;216;205;222;236;230;219;207;241;184;238;209;231;221;191;229;214;238;242;229,1.8189894035458565e-12,1.1368683772161603e-13,0.0,0,0,0
2025-09-05,H48,36,06:00,2025-09-04,48.0,6,-1067.2743375186155,0.0,1067.2743375186155,0.0,0.0,2183.0857743302404,38413.85710731577,0.07413910000002488,0.0,1,1,fallback_q80_q20,229;200;207;238;241;222;239;216;194;217;219;244;238;236;231;240;230;223;188;187;215;244;228;230;241;233;241;233;242;243,2.7284841053187847e-12,1.4210854715202004e-13,0.0,0,0,0
2025-09-05,H48,72,12:00,2025-09-04,48.0,6,-893.9235360859392,0.0,893.9235360859392,0.0,0.0,1714.556071254055,37876.56919453215,0.09179579999999987,0.0,1,1,fallback_q80_q20,182;240;235;203;238;244;233;229;236;221;232;221;206;238;211;243;225;243;205;213;233;200;216;204;225;202;195;220;236;200,1.2505552149377763e-12,1.1368683772161603e-13,0.0,0,0,0
2025-09-05,H48,108,18:00,2025-09-04,48.0,6,-2172.710255027945,0.0,2172.710255027945,0.0,0.0,3946.541683898861,41646.7944810616,0.06735009999999875,0.0,1,1,fallback_q80_q20,213;196;224;238;208;235;229;181;229;202;194;212;237;244;243;184;231;229;220;237;197;244;220;233;239;205;224;232;234;218,3.367972567502875e-12,1.6484591469634324e-12,0.0,0,0,0
2025-09-06,H48,0,00:00,2025-09-05,48.0,6,27485.71442953158,0.0,0.0,0.0,0.0,0.0,71284.03387128231,0.06417020000003504,0.0,1,1,fallback_q80_q20,196;230;212;235;215;229;191;241;238;230;241;230;245;195;215;245;207;241;234;200;241;241;217;245;234;229;227;236;219;231,1.0231815394945443e-12,2.2737367544323206e-13,0.0,0,0,0
2025-09-06,H48,36,06:00,2025-09-05,48.0,6,101.93359681446512,293.6664907343935,191.7328939199284,0.0,165.02990580882397,465.70824073626653,54121.96959082926,0.08715670000003684,0.0,1,1,fallback_q80_q20,222;190;227;241;230;238;194;207;242;186;230;241;212;241;221;229;194;241;245;206;245;239;234;234;241;239;204;223;227;197,8.981260180007666e-12,4.547473508864641e-13,0.0,0,0,0
2025-09-06,H48,72,12:00,2025-09-05,48.0,6,-334.794639639981,0.0,334.794639639981,0.0,0.0,642.5844950350356,51753.1039653733,0.0502324999999928,0.0,1,1,fallback_q80_q20,203;214;227;242;234;230;217;205;229;207;197;245;220;241;220;244;209;223;222;200;233;211;241;212;242;238;233;242;191;238,9.094947017729282e-13,2.2737367544323206e-13,0.0,0,0,0
2025-09-06,H48,108,18:00,2025-09-05,48.0,6,-1562.452550718207,0.0,1562.452550718207,0.0,0.0,2929.9586846621096,67825.42107577821,0.04785670000001119,0.0,1,1,fallback_q80_q20,217;224;234;202;223;237;198;231;178;199;244;240;219;205;221;232;221;202;237;237;218;233;218;241;240;223;218;241;194;190,1.8189894035458565e-12,1.3073986337985843e-12,0.0,0,0,0
2025-09-07,H48,0,00:00,2025-09-06,48.0,6,40138.93158235274,0.0,0.0,0.0,0.0,0.0,83977.86286464082,0.049191899999982525,0.0,1,1,fallback_q80_q20,244;208;235;222;243;186;232;239;212;217;228;178;241;197;236;215;209;185;234;228;235;239;241;200;192;238;220;241;230;242,1.0231815394945443e-12,2.2737367544323206e-13,0.0,0,0,0
2025-09-07,H48,36,06:00,2025-09-06,48.0,6,4694.8740282200315,4766.937136044744,72.06310782471216,0.0,5944.769922282334,197.7027372738637,55432.19022386061,0.051607400000079906,0.0,1,1,fallback_q80_q20,221;226;210;232;221;206;217;235;202;213;246;179;246;203;221;224;233;217;238;237;213;194;235;230;240;229;215;246;234;212,8.65085780787922e-13,2.2737367544323206e-13,0.0,0,0,0
2025-09-07,H48,72,12:00,2025-09-06,48.0,6,947.814512717976,1560.8380428160706,613.0235300980946,0.0,1007.4420444989721,2463.0034799409536,54630.040007122894,0.054176299999994626,0.0,1,1,fallback_q80_q20,201;203;227;242;235;196;234;230;245;204;244;236;220;241;201;240;232;235;241;222;219;238;228;221;240;239;218;243;242;227,8.597567102697212e-13,2.2737367544323206e-13,0.0,0,0,0
2025-09-07,H48,108,18:00,2025-09-06,48.0,6,692.8850555853006,692.8850555853006,0.0,0.0,386.8489437177793,0.0,65966.29446241746,0.054330599999957485,0.0,1,1,fallback_q80_q20,242;242;223;228;191;239;238;224;242;205;208;229;220;179;220;219;213;238;215;207;244;223;234;208;241;244;233;221;235;246,9.094947017729282e-13,2.2737367544323206e-13,0.0,0,0,0
2025-09-08,H48,0,00:00,2025-09-07,48.0,6,44900.82459465532,0.0,0.0,0.0,0.0,0.0,86097.67024317948,0.056895699999927274,0.0,1,1,fallback_q80_q20,200;237;230;228;242;227;227;206;187;237;224;238;236;238;244;246;238;224;247;242;238;225;244;211;223;226;232;237;239;202,9.094947017729282e-13,2.2737367544323206e-13,0.0,0,0,0
2025-09-08,H48,36,06:00,2025-09-07,48.0,6,-547.5807666356746,295.82140404323616,843.4021706789108,0.0,272.23817038162383,2873.163908055568,49277.54601117774,0.06464649999998073,0.0,1,1,fallback_q80_q20,190;218;220;238;236;244;247;222;232;229;236;243;233;240;228;244;215;209;244;234;233;247;240;237;247;229;194;201;242;244,1.2505552149377763e-12,2.2737367544323206e-13,0.0,0,0,0
2025-09-08,H48,72,12:00,2025-09-07,48.0,6,710.7455491004822,1164.3153462866153,453.5697971861331,0.0,1114.5758966639037,2026.2709641908934,53623.38771263462,0.06813799999997627,0.0,1,1,fallback_q80_q20,243;217;190;204;247;237;240;236;202;198;238;204;230;244;236;246;237;236;240;226;225;229;206;231;244;243;220;228;227;236,1.0231815394945443e-12,2.2737367544323206e-13,0.0,0,0,0
2025-09-08,H48,108,18:00,2025-09-07,48.0,6,2286.6775247961095,2286.6775247961095,0.0,0.0,1288.571056949016,0.0,68547.48655218381,0.0546898999999712,0.0,1,1,fallback_q80_q20,231;245;236;238;207;208;217;218;213;244;238;207;232;238;206;214;246;246;235;247;247;238;219;247;209;227;230;219;242;211,9.094947017729282e-13,2.2737367544323206e-13,0.0,0,0,0
2025-09-09,H48,0,00:00,2025-09-08,48.0,6,37460.54660840169,0.0,0.0,0.0,0.0,0.0,78916.74154488083,0.045801400000073045,0.0,1,1,fallback_q80_q20,208;240;237;229;239;227;246;245;227;243;243;239;239;205;239;243;213;207;225;247;191;246;223;213;226;224;232;190;242;213,9.094947017729282e-13,2.2737367544323206e-13,0.0,0,0,0
2025-09-09,H48,36,06:00,2025-09-08,48.0,6,3875.5783728261895,3930.486266548286,54.907893722096375,0.0,4225.458094536669,158.15242997557425,57196.79957703724,0.06684830000006059,0.0,1,1,fallback_q80_q20,220;240;247;218;248;228;234;220;243;244;233;216;235;219;246;247;248;216;231;211;243;227;246;205;211;237;198;220;213;202,9.094947017729282e-13,2.2737367544323206e-13,0.0,0,0,0
2025-09-09,H48,72,12:00,2025-09-08,48.0,6,-96.13632135853732,654.5980890716413,750.7344104301786,0.0,450.02011686764973,2826.3213791567787,52993.399195082966,0.09143910000000233,0.0,1,1,fallback_q80_q20,224;248;218;244;241;233;209;208;246;240;229;244;244;216;244;229;238;198;226;235;216;221;240;232;241;246;234;204;230;224,8.526512829121202e-13,2.2737367544323206e-13,0.0,0,0,0
2025-09-09,H48,108,18:00,2025-09-08,48.0,6,1686.20525971722,1686.20525971722,0.0,0.0,926.9672930734876,0.0,73376.99360899958,0.08264890000009473,0.0,1,1,fallback_q80_q20,244;244;204;228;230;198;189;210;200;231;201;239;246;219;238;213;211;244;221;238;226;230;206;230;215;244;243;239;220;231,9.094947017729282e-13,7.958078640513122e-13,0.0,0,0,0
2025-09-10,H48,0,00:00,2025-09-09,48.0,6,48579.41201881538,0.0,0.0,0.0,0.0,0.0,88688.16949101427,0.08880650000003243,0.0,1,1,fallback_q80_q20,190;244;235;223;234;200;214;227;232;246;224;190;247;201;239;200;191;239;232;232;228;200;205;219;244;217;228;231;218;212,9.094947017729282e-13,2.2737367544323206e-13,0.0,0,0,0
2025-09-10,H48,36,06:00,2025-09-09,48.0,6,-3408.9400112538656,0.0,3408.9400112538656,0.0,0.0,9603.323259635024,48454.69134727147,0.1128760000000284,0.0,1,1,fallback_q80_q20,197;198;233;217;220;248;232;247;242;215;229;247;242;245;243;247;244;234;210;241;225;210;232;241;220;212;238;227;243;249,1.0231815394945443e-12,2.2737367544323206e-13,0.0,0,0,0
2025-09-10,H48,72,12:00,2025-09-09,48.0,6,4973.07215011876,5011.763428815404,38.69127869664449,0.0,4143.526778299996,170.70114201296957,64472.93863944745,0.0915852000000541,0.0,1,1,fallback_q80_q20,231;245;247;235;229;238;237;238;220;218;221;233;245;219;239;243;203;247;236;195;235;225;217;231;249;245;219;245;246;247,1.0231815394945443e-12,2.2737367544323206e-13,0.0,0,0,0
2025-09-10,H48,108,18:00,2025-09-09,48.0,6,893.4070765392477,893.4070765392477,0.0,0.0,493.1210142449459,0.0,68681.19628746451,0.08938069999999243,0.0,1,1,fallback_q80_q20,236;240;233;208;210;214;222;207;216;235;187;241;194;241;197;232;240;245;232;236;189;233;246;246;216;228;248;201;203;243,9.094947017729282e-13,5.684341886080801e-13,0.0,0,0,0
2025-09-11,H48,0,00:00,2025-09-10,48.0,6,44258.60652280175,0.0,0.0,0.0,0.0,0.0,71937.65166369712,0.082587999999987,0.0,1,1,fallback_q80_q20,187;249;209;198;243;230;203;248;250;222;189;248;250;222;240;248;201;222;231;250;191;244;246;229;214;196;206;233;246;245,1.7337242752546445e-12,2.2737367544323206e-13,0.0,0,0,0
2025-09-11,H48,36,06:00,2025-09-10,48.0,6,-1337.905812651829,1489.1640301606326,2827.0698428124615,0.0,1206.161683447521,10137.380684480002,34494.360965421874,0.08776530000000093,0.0,1,1,fallback_q80_q20,195;195;247;248;202;222;188;249;203;244;237;233;248;201;218;237;229;246;248;246;245;221;243;212;235;205;242;246;188;235,1.0231815394945443e-12,2.2737367544323206e-13,0.0,0,0,0
2025-09-11,H48,72,12:00,2025-09-10,48.0,6,-400.8338241896983,57.53560654270194,458.36943073240025,0.0,28.415293581989317,1662.8676434313243,34639.344331872155,0.10397810000006302,0.0,1,1,fallback_q80_q20,204;244;248;213;245;240;224;188;248;237;240;232;196;196;247;243;239;202;213;196;246;239;206;221;229;233;230;229;248;250,8.757439218243235e-13,2.2737367544323206e-13,0.0,0,0,0
2025-09-11,H48,108,18:00,2025-09-10,48.0,6,639.284535970144,639.284535970144,0.0,0.0,356.52701645827693,0.0,40490.47379241745,0.13318389999994906,0.0,1,1,fallback_q80_q20,231;250;189;245;243;247;189;222;211;241;212;228;233;237;194;245;237;237;237;237;235;209;195;250;246;247;225;250;244;241,9.094947017729282e-13,3.524291969370097e-12,0.0,0,0,0
2025-09-12,H48,0,00:00,2025-09-11,48.0,6,25714.659781889568,0.0,0.0,0.0,0.0,0.0,49918.28963020618,0.15365240000005542,0.0,1,1,fallback_q80_q20,233;209;249;210;250;236;247;246;226;236;219;215;220;198;232;248;226;221;230;227;241;247;246;215;233;250;241;233;236;219,5.4569682106375694e-12,2.2737367544323206e-13,0.0,0,0,0
2025-09-12,H48,36,06:00,2025-09-11,48.0,6,1035.2945817047357,1299.7644535994984,264.4698718947627,0.0,757.5724348790113,644.9170541044044,33134.41884141134,0.15187709999997878,0.0,1,1,fallback_q80_q20,250;251;221;229;234;229;233;251;236;223;239;250;239;223;239;194;211;235;218;226;208;235;238;228;242;248;191;250;223;244,9.094947017729282e-13,1.1368683772161603e-13,0.0,0,0,0
2025-09-12,H48,72,12:00,2025-09-11,48.0,6,-1363.5314885743546,0.0,1363.5314885743546,0.0,0.0,2506.052136381416,31238.029704774537,0.2821584000000712,0.0,1,1,fallback_q80_q20,243;248;226;251;217;227;201;243;247;250;229;243;244;247;247;220;203;243;250;210;249;245;218;239;247;198;191;245;191;232,1.0231815394945443e-12,1.4210854715202004e-13,0.0,0,0,0
2025-09-12,H48,108,18:00,2025-09-11,48.0,6,-1104.6453790751993,0.0,1104.6453790751993,0.0,0.0,2027.7106532940816,34147.84894311072,0.17457730000000993,0.0,1,1,fallback_q80_q20,245;245;225;195;220;238;225;203;245;246;243;221;240;247;250;248;206;247;251;246;240;222;248;214;229;247;233;231;247;241,1.8189894035458565e-12,1.8758328224066645e-12,0.0,0,0,0
2025-09-13,H48,0,00:00,2025-09-12,48.0,6,25154.199456228893,0.0,0.0,0.0,0.0,0.0,62164.471596511285,0.20926910000002863,0.0,1,1,fallback_q80_q20,234;241;243;248;219;241;245;248;220;207;197;225;234;235;225;249;201;247;241;207;247;218;205;207;186;219;215;200;211;248,1.0231815394945443e-12,2.2737367544323206e-13,0.0,0,0,0
2025-09-13,H48,36,06:00,2025-09-12,48.0,6,-219.73019306874832,44.66043303214949,264.3906261008978,0.0,23.94638304544719,645.7232162001875,45690.94532107698,0.1308084999999437,0.0,1,1,fallback_q80_q20,225;223;242;251;247;241;233;185;211;219;237;241;225;245;228;252;213;250;249;248;241;240;235;249;233;242;211;222;251;228,1.6839862837514374e-12,2.2737367544323206e-13,0.0,0,0,0
2025-09-13,H48,72,12:00,2025-09-12,48.0,6,-358.8509810787596,0.0,358.8509810787596,0.0,0.0,635.2101316074202,47811.77136876223,0.09595690000003287,0.0,1,1,fallback_q80_q20,252;239;232;249;250;234;216;204;214;236;208;201;227;210;220;203;206;246;221;231;248;200;248;214;216;229;251;237;239;245,9.094947017729282e-13,2.2737367544323206e-13,0.0,0,0,0
2025-09-13,H48,108,18:00,2025-09-12,48.0,6,-215.21436584186065,0.0,215.21436584186065,0.0,0.0,450.84544255016397,71389.41132962746,0.07830360000002656,0.0,1,1,fallback_q80_q20,203;249;242;236;234;252;198;217;201;242;239;241;237;244;228;197;251;235;202;211;230;248;186;251;233;228;252;238;231;245,1.822542117224657e-12,4.547473508864641e-13,0.0,0,0,0
2025-09-14,H48,0,00:00,2025-09-13,48.0,6,41492.16673428054,0.0,0.0,0.0,0.0,0.0,83774.13334790693,0.08466219999991154,0.0,1,1,fallback_q80_q20,252;250;192;218;241;249;240;244;213;249;244;248;217;252;250;185;220;240;209;210;245;242;251;235;239;244;250;217;231;210,9.094947017729282e-13,2.2737367544323206e-13,0.0,0,0,0
2025-09-14,H48,36,06:00,2025-09-13,48.0,6,-1096.6655047345607,516.2183850709771,1612.8838898055378,0.0,298.771686339854,5355.037848842228,51999.12465821493,0.09184489999995549,0.0,1,1,fallback_q80_q20,251;235;214;241;232;232;230;227;250;240;247;245;218;240;226;231;248;222;234;207;227;249;249;213;185;243;252;212;249;203,9.094947017729282e-13,2.2737367544323206e-13,0.0,0,0,0
2025-09-14,H48,72,12:00,2025-09-13,48.0,6,4651.346412097223,4699.277117389887,47.930705292663966,0.0,3509.439327164192,210.63812477549533,58319.18936788584,0.11128659999997126,0.0,1,1,fallback_q80_q20,241;214;238;203;250;237;253;244;249;193;226;232;205;186;186;239;252;246;220;227;248;250;231;222;248;215;202;232;228;202,9.094947017729282e-13,2.2737367544323206e-13,0.0,0,0,0
2025-09-14,H48,108,18:00,2025-09-13,48.0,6,3010.560369827344,3010.560369827344,0.0,0.0,1634.0771898465641,0.0,69472.11869900192,0.09045860000003358,0.0,1,1,fallback_q80_q20,235;225;229;230;199;193;248;245;205;233;226;249;249;253;198;241;242;248;235;253;224;249;246;227;253;251;245;230;233;202,1.0231815394945443e-12,9.094947017729282e-13,0.0,0,0,0
2025-09-15,H48,0,00:00,2025-09-14,48.0,6,39518.70039565653,0.0,0.0,0.0,0.0,0.0,81501.39948907366,0.07446460000005573,0.0,1,1,fallback_q80_q20,195;232;205;236;211;221;248;243;252;250;232;245;238;234;196;228;243;232;198;247;241;254;245;229;198;223;251;250;234;248,9.094947017729282e-13,2.2737367544323206e-13,0.0,0,0,0
2025-09-15,H48,36,06:00,2025-09-14,48.0,6,1101.875093956153,1115.0691332779384,13.194039321785265,0.0,994.9510783672556,41.02696286832531,52826.260828746745,0.107291000000032,0.0,1,1,fallback_q80_q20,237;194;238;236;252;222;239;245;224;201;244;253;241;245;213;244;252;251;251;215;211;247;243;253;230;246;253;243;253;216,9.094947017729282e-13,2.2737367544323206e-13,0.0,0,0,0
2025-09-15,H48,72,12:00,2025-09-14,48.0,6,721.754785114806,807.9602150879603,86.20542997315424,0.0,592.1293916865561,398.637485607887,53609.00170056463,0.07808909999994285,0.0,1,1,fallback_q80_q20,252;233;205;252;247;240;251;253;243;252;251;239;253;224;239;254;235;251;245;239;201;253;250;253;227;191;205;247;247;253,8.526512829121202e-13,2.2737367544323206e-13,0.0,0,0,0
2025-09-15,H48,108,18:00,2025-09-14,48.0,6,60.872504419745,131.29479358469447,70.42228916494948,0.0,66.43274061944805,137.03685871510334,71550.5825190427,0.10758849999990616,0.0,1,1,fallback_q80_q20,253;244;240;253;204;251;241;252;250;249;242;224;242;218;242;249;249;244;223;218;238;232;218;205;196;203;244;239;252;242,1.0231815394945443e-12,2.8421709430404007e-13,0.0,0,0,0
2025-09-16,H48,0,00:00,2025-09-15,48.0,6,47288.92302340641,0.0,0.0,0.0,0.0,0.0,88972.79977743512,0.0702993999999535,0.0,1,1,fallback_q80_q20,246;227;226;253;248;229;242;246;231;222;253;251;244;232;232;252;218;245;254;244;251;237;211;247;227;239;243;235;243;248,9.094947017729282e-13,2.2737367544323206e-13,0.0,0,0,0
2025-09-16,H48,36,06:00,2025-09-15,48.0,6,-484.114636813311,526.5090732307839,1010.6237100440949,0.0,373.0461472153522,2865.9091109449764,53878.43981718452,0.09956799999997656,0.0,1,1,fallback_q80_q20,237;220;232;209;248;227;251;230;208;216;245;246;254;251;215;254;250;244;232;231;222;250;250;230;208;208;253;255;252;244,9.094947017729282e-13,2.2737367544323206e-13,0.0,0,0,0
2025-09-16,H48,72,12:00,2025-09-15,48.0,6,84.75126114516274,984.9720336020771,900.2207724569143,0.0,619.3150359319691,3626.788916109107,57454.29511391412,0.10928030000002309,0.0,1,1,fallback_q80_q20,252;253;211;247;237;236;236;233;226;234;253;229;205;242;229;243;214;240;208;206;202;204;204;235;229;255;240;248;211;244,1.0231815394945443e-12,2.2737367544323206e-13,0.0,0,0,0
2025-09-16,H48,108,18:00,2025-09-15,48.0,6,632.1208769208945,632.1208769208945,0.0,0.0,360.00088342926483,0.0,76207.25179997912,0.09881980000000112,0.0,1,1,fallback_q80_q20,218;239;249;194;236;217;203;247;218;226;255;210;236;247;241;250;230;219;253;255;230;224;250;203;238;245;238;251;243;203,9.094947017729282e-13,5.684341886080801e-13,0.0,0,0,0
2025-09-17,H48,0,00:00,2025-09-16,48.0,6,45973.26633631168,0.0,0.0,0.0,0.0,0.0,87400.68707697383,0.09610499999996591,0.0,1,1,fallback_q80_q20,247;225;232;246;253;232;255;205;252;217;252;238;250;239;201;255;243;246;254;243;248;243;248;245;214;219;203;248;239;233,9.094947017729282e-13,2.2737367544323206e-13,0.0,0,0,0
2025-09-17,H48,36,06:00,2025-09-16,48.0,6,1050.9133808751303,1623.5089451123467,572.5955642372163,0.0,1285.4404853789283,1634.3075170141492,54921.98889352311,0.0969602999999779,0.0,1,1,fallback_q80_q20,226;195;234;230;223;241;204;248;202;246;241;222;250;210;254;197;251;252;245;195;246;254;252;207;210;203;201;255;232;256,9.094947017729282e-13,2.2737367544323206e-13,0.0,0,0,0
2025-09-17,H48,72,12:00,2025-09-16,48.0,6,-798.646676818357,118.48198332688892,917.1286601452459,0.0,69.57277985383729,3041.16917140053,65411.84034228046,0.11831289999997807,0.0,1,1,fallback_q80_q20,222;247;246;252;248;210;246;241;241;240;213;234;253;253;237;253;247;201;236;230;238;238;235;243;211;224;241;230;251;229,1.2505552149377763e-12,2.2737367544323206e-13,0.0,0,0,0
2025-09-17,H48,108,18:00,2025-09-16,48.0,6,571.6309257756982,574.7698469578917,3.138921182193504,0.0,296.08729234028243,14.954364850850425,70164.68547005644,0.08568900000000212,0.0,1,1,fallback_q80_q20,210;247;225;219;250;247;228;242;215;229;242;205;252;224;245;241;230;213;195;252;245;215;246;207;212;219;247;233;251;198,9.094947017729282e-13,1.1368683772161603e-12,0.0,0,0,0
2025-09-18,H48,0,00:00,2025-09-17,48.0,6,38832.968460725286,0.0,0.0,0.0,0.0,0.0,66483.40335280835,0.11741859999995086,0.0,1,1,fallback_q80_q20,251;240;219;252;255;249;246;226;257;251;217;243;257;234;230;247;233;204;201;246;229;253;240;237;233;223;244;244;224;239,8.128608897095546e-12,2.2737367544323206e-13,0.0,0,0,0
2025-09-18,H48,36,06:00,2025-09-17,48.0,6,9226.289843058208,9229.405373208832,3.115530150623503,0.0,10521.514942218044,14.830059570615504,46909.81521478075,0.11723240000003443,0.0,1,1,fallback_q80_q20,234;205;218;251;248;235;250;235;257;241;226;254;234;249;211;255;244;247;212;236;251;230;252;213;253;231;247;226;243;229,9.094947017729282e-13,2.2737367544323206e-13,0.0,0,0,0
2025-09-18,H48,72,12:00,2025-09-17,48.0,6,113.56009134883675,1207.304262207695,1093.7441708588583,0.0,712.5805244374224,4177.853141318748,36721.56201573198,0.1822704999999587,0.0,1,1,fallback_q80_q20,237;242;212;215;253;213;250;239;219;254;217;254;212;253;251;235;257;216;249;232;209;241;253;240;224;228;244;242;212;238,9.094947017729282e-13,2.2737367544323206e-13,0.0,0,0,0
2025-09-18,H48,108,18:00,2025-09-17,48.0,6,370.82563564427403,411.0670898677041,40.24145422343006,0.0,211.17535048854126,78.45782361118017,45854.47449754691,0.09586660000002212,0.0,1,1,fallback_q80_q20,227;253;245;233;244;257;232;242;255;254;225;229;251;233;257;216;244;230;212;205;218;252;225;251;219;230;233;257;252;254,8.526512829121202e-13,2.3874235921539366e-12,0.0,0,0,0
2025-09-19,H48,0,00:00,2025-09-18,48.0,6,27111.38355616918,0.0,0.0,0.0,0.0,0.0,52592.94662539127,0.09029869999994844,0.0,1,1,fallback_q80_q20,201;257;250;250;198;201;258;228;246;219;234;224;215;258;227;226;239;246;248;255;237;248;224;229;217;232;240;238;237;210,9.094947017729282e-13,1.1368683772161603e-13,0.0,0,0,0
2025-09-19,H48,36,06:00,2025-09-18,48.0,6,623.1789620163222,630.4622976243407,7.283335608018515,0.0,532.4729549508002,31.447367648983345,33123.71102820935,0.16004620000001069,0.0,1,1,fallback_q80_q20,250;216;258;245;253;246;205;252;250;258;209;219;229;258;232;236;250;250;225;214;223;252;226;246;257;234;244;246;254;248,9.094947017729282e-13,1.4210854715202004e-12,0.0,0,0,0
2025-09-19,H48,72,12:00,2025-09-18,48.0,6,-1610.5218541744944,0.0,1610.5218541744944,0.0,0.0,3434.4759071854132,30770.946322382184,0.12201819999995678,0.0,1,1,fallback_q80_q20,251;243;252;202;253;253;218;216;236;249;250;251;232;257;247;211;241;227;218;230;253;234;252;243;227;238;250;248;228;220,1.8189894035458565e-12,1.1368683772161603e-13,0.0,0,0,0
2025-09-19,H48,108,18:00,2025-09-18,48.0,6,-1188.9513220419137,0.0,1188.9513220419137,0.0,0.0,2203.5503520153816,38561.71708966792,0.1111655999999357,0.0,1,1,fallback_q80_q20,237;245;204;250;246;255;239;251;196;248;218;249;249;231;253;254;235;233;236;243;257;212;256;235;223;237;232;250;222;237,9.094947017729282e-13,1.4210854715202004e-12,0.0,0,0,0
2025-09-20,H48,0,00:00,2025-09-19,48.0,6,25091.92290780648,0.0,0.0,0.0,0.0,0.0,64296.6079717573,0.12683069999991403,0.0,1,1,fallback_q80_q20,249;258;248;211;217;199;246;237;233;214;192;250;226;235;218;234;224;216;241;250;259;256;200;259;246;255;228;209;248;218,8.810729923425242e-13,3.524291969370097e-12,0.0,0,0,0
2025-09-20,H48,36,06:00,2025-09-19,48.0,6,-181.55709884117823,80.07826521698719,261.6353640581654,0.0,47.592544768609514,694.4730344859545,46613.41093968465,0.11467679999998381,0.0,1,1,fallback_q80_q20,258;236;229;240;247;221;252;226;241;234;259;258;213;209;208;200;226;234;240;246;227;212;211;238;245;235;235;256;193;212,9.094947017729282e-13,2.2737367544323206e-13,0.0,0,0,0
2025-09-20,H48,72,12:00,2025-09-19,48.0,6,-691.1573948493135,0.0,691.1573948493135,0.0,0.0,1439.6135974950557,50576.73913728986,0.08665220000000318,0.0,1,1,fallback_q80_q20,205;257;234;210;258;235;215;250;243;222;246;220;254;207;228;238;229;227;259;223;217;255;210;258;242;258;231;259;248;248,9.094947017729282e-13,2.2737367544323206e-13,0.0,0,0,0
2025-09-20,H48,108,18:00,2025-09-19,48.0,6,-557.5590220478073,0.0,557.5590220478073,0.0,0.0,1066.2946837358654,56337.39402172849,0.0835556000000679,0.0,1,1,fallback_q80_q20,259;257;250;211;205;219;258;223;213;218;233;235;231;251;252;215;251;216;253;215;255;210;230;243;255;249;221;256;251;239,9.094947017729282e-13,1.2505552149377763e-12,0.0,0,0,0
2025-09-21,H48,0,00:00,2025-09-20,48.0,6,38515.77492420294,0.0,0.0,0.0,0.0,0.0,82471.71765442447,0.07997490000002472,0.0,1,1,fallback_q80_q20,240;217;246;218;231;229;238;255;231;234;231;255;255;242;253;260;239;249;217;235;253;218;209;239;246;215;213;248;210;210,9.094947017729282e-13,2.2737367544323206e-13,0.0,0,0,0
2025-09-21,H48,36,06:00,2025-09-20,48.0,6,3331.662590966654,3343.8587568850025,12.196165918348502,0.0,3478.6171019973362,57.63303743570441,57053.706596159114,0.0869139000000132,0.0,1,1,fallback_q80_q20,213;228;250;228;243;219;253;255;220;254;199;225;245;230;257;259;228;231;249;252;253;227;253;257;249;193;248;242;258;233,8.65085780787922e-13,2.2737367544323206e-13,0.0,0,0,0
2025-09-21,H48,72,12:00,2025-09-20,48.0,6,1325.9751898073214,1921.9361787484418,595.9609889411205,0.0,1246.48324434187,2665.9685796352187,58336.968570947865,0.09103240000001733,0.0,1,1,fallback_q80_q20,208;246;219;249;200;241;236;214;199;238;253;234;255;257;244;227;222;251;224;233;241;246;256;231;225;206;207;224;239;255,9.094947017729282e-13,2.2737367544323206e-13,0.0,0,0,0
2025-09-21,H48,108,18:00,2025-09-20,48.0,6,3816.762333658024,3816.762333658024,0.0,0.0,2074.943550266135,0.0,72408.0892572759,0.09656389999997828,0.0,1,1,fallback_q80_q20,192;260;247;223;256;256;251;247;232;250;240;254;214;254;257;219;237;239;255;216;242;200;258;248;259;219;235;246;260;256,9.094947017729282e-13,2.2737367544323206e-13,0.0,0,0,0
2025-09-22,H48,0,00:00,2025-09-21,48.0,6,49042.353528672036,0.0,0.0,0.0,0.0,0.0,93164.76953838982,0.08644630000003417,0.0,1,1,fallback_q80_q20,260;226;258;208;252;244;224;233;252;235;244;198;258;258;202;251;247;222;238;230;242;258;257;226;257;251;226;222;236;261,9.094947017729282e-13,2.2737367544323206e-13,0.0,0,0,0
2025-09-22,H48,36,06:00,2025-09-21,48.0,6,-2292.1505704717656,5.052492514421846,2297.2030629861874,0.0,2.4993051352861357,7530.820720199468,53953.839219408204,0.11891570000000229,5.0517615936309144e-08,1,1,fallback_q80_q20,243;246;203;257;220;251;233;255;261;261;203;255;248;253;253;201;254;251;259;258;255;252;251;257;260;214;198;244;216;208,1.6200374375330284e-12,2.2737367544323206e-13,0.0,0,0,0
2025-09-22,H48,72,12:00,2025-09-21,48.0,6,118.93172803056717,420.3164180603354,301.38469002976825,0.0,257.0388076297053,955.7504072765462,59375.42483550204,0.0834105000000136,0.0,1,1,fallback_q80_q20,261;217;208;258;232;236;228;201;254;246;215;258;237;258;235;224;248;211;242;227;254;239;229;239;249;253;232;231;230;255,9.094947017729282e-13,2.2737367544323206e-13,0.0,0,0,0
2025-09-22,H48,108,18:00,2025-09-21,48.0,6,1155.969518056393,1155.969518056393,0.0,0.0,626.3539572197355,0.0,74085.65859631628,0.5070980000000418,0.0,1,1,fallback_q80_q20,254;243;227;257;243;205;248;230;261;252;212;251;238;258;224;228;229;244;216;252;258;225;210;251;256;231;253;205;221;238,1.3642420526593924e-12,4.547473508864641e-13,0.0,0,0,0
2025-09-23,H48,0,00:00,2025-09-22,48.0,6,46583.431814492724,0.0,0.0,0.0,0.0,0.0,92300.30771697126,0.19190330000003541,0.0,1,1,fallback_q80_q20,261;238;260;261;205;233;237;228;220;225;253;260;260;259;257;213;261;234;230;229;259;259;247;224;246;258;233;227;213;257,9.094947017729282e-13,2.8421709430404007e-13,0.0,0,0,0
2025-09-23,H48,36,06:00,2025-09-22,48.0,6,2657.8785384785588,2682.4443870062905,24.565848527731877,0.0,2500.5810105466153,108.34163311626912,56859.376491945164,0.13835529999994378,0.0,1,1,fallback_q80_q20,253;252;218;251;252;208;233;258;253;218;256;250;259;221;250;240;210;239;213;233;259;258;225;249;260;258;236;230;258;232,9.094947017729282e-13,2.2737367544323206e-13,0.0,0,0,0
2025-09-23,H48,72,12:00,2025-09-22,48.0,6,-593.8334614130267,484.58946784893993,1078.4229292619666,0.0,280.23005723297916,4079.5214541583914,59665.999301313255,0.12131120000003648,0.0,1,1,fallback_q80_q20,224;256;258;250;248;229;235;252;242;231;254;230;215;253;208;254;243;258;244;244;214;259;244;246;230;211;255;249;243;232,9.094947017729282e-13,2.2737367544323206e-13,0.0,0,0,0
2025-09-23,H48,108,18:00,2025-09-22,48.0,6,215.94613701710873,252.76567703610004,36.81954001899131,0.0,127.3143877502551,78.26107480481221,76152.59425111214,0.09200629999998,0.0,1,1,fallback_q80_q20,222;254;244;209;255;252;230;249;249;247;247;255;257;260;212;236;247;260;257;237;215;235;243;232;261;257;205;230;232;260,1.0231815394945443e-12,6.821210263296962e-13,0.0,0,0,0
2025-09-24,H48,0,00:00,2025-09-23,48.0,6,41758.841944099186,0.0,0.0,0.0,0.0,0.0,85444.2275919021,0.11216680000006818,0.0,1,1,fallback_q80_q20,215;259;254;247;233;234;222;218;252;250;240;243;242;258;258;205;202;228;258;254;237;244;211;244;215;259;231;247;209;235,9.094947017729282e-13,2.2737367544323206e-13,0.0,0,0,0
2025-09-24,H48,36,06:00,2025-09-23,48.0,6,4581.394565885622,4585.653012001607,4.258446115985395,0.0,5819.576068531844,20.197496315220405,59482.26545896638,0.08636480000006941,0.0,1,1,fallback_q80_q20,257;238;243;260;257;237;258;224;236;250;237;245;252;254;250;258;240;216;226;242;239;208;251;258;251;243;253;260;236;255,8.810729923425242e-13,2.2737367544323206e-13,0.0,0,0,0
2025-09-24,H48,72,12:00,2025-09-23,48.0,6,1218.6703994085492,1301.9218652307582,83.25146582220898,0.0,1024.213029102575,347.394683908301,62602.952339455136,0.1061694999999645,0.0,1,1,fallback_q80_q20,222;230;259;210;201;204;236;252;257;240;252;258;202;263;230;219;232;254;241;236;249;261;240;251;236;208;216;216;212;253,1.0231815394945443e-12,2.2737367544323206e-13,0.0,0,0,0
2025-09-24,H48,108,18:00,2025-09-23,48.0,6,668.3797814786516,675.6559938397946,7.2762123611430045,0.0,356.46377174447116,34.45523712610975,76026.29096515114,0.10020850000000792,0.0,1,1,fallback_q80_q20,211;263;252;252;244;230;229;211;205;263;244;260;258;215;218;222;260;211;230;252;258;262;259;235;226;243;224;223;253;252,8.206768598029157e-13,9.094947017729282e-13,0.0,0,0,0
2025-09-25,H48,0,00:00,2025-09-24,48.0,6,45635.75645901541,0.0,0.0,0.0,0.0,0.0,74517.62633976141,0.11104920000002494,0.0,1,1,fallback_q80_q20,230;204;216;259;259;258;246;231;223;248;234;238;242;261;252;259;262;248;239;216;234;256;220;264;261;210;237;258;247;258,9.094947017729282e-13,2.2737367544323206e-13,0.0,0,0,0
2025-09-25,H48,36,06:00,2025-09-24,48.0,6,4086.6891300265174,4198.152480217262,111.4633501907442,0.0,4023.9883000966765,492.54693906647685,41418.641145073314,0.19952829999999722,0.0,1,1,fallback_q80_q20,250;262;254;222;264;264;222;263;228;252;254;211;264;260;225;222;253;259;225;262;205;229;245;223;248;249;222;223;223;251,1.8189894035458565e-12,2.2737367544323206e-13,0.0,0,0,0
2025-09-25,H48,72,12:00,2025-09-24,48.0,6,-1054.5764437684836,10.277197581892802,1064.8536413503764,0.0,4.973126650910899,4127.397915514265,47507.017261536595,0.13050750000002154,0.0,1,1,fallback_q80_q20,263;234;240;254;237;210;262;248;240;259;233;261;205;264;223;231;253;249;262;222;259;209;261;211;235;254;225;253;245;260,3.637978807091713e-12,2.2737367544323206e-13,0.0,0,0,0
2025-09-25,H48,108,18:00,2025-09-24,48.0,6,962.1073468376225,962.1073468376225,0.0,0.0,528.2043891072016,0.0,44269.65151840895,0.18321590000005017,0.0,1,1,fallback_q80_q20,247;225;261;211;264;201;246;247;259;263;250;258;264;208;245;257;251;256;264;231;241;258;264;241;260;257;231;264;258;240,8.526512829121202e-13,5.002220859751105e-12,0.0,0,0,0
2025-09-26,H48,0,00:00,2025-09-25,48.0,6,31588.373858411065,0.0,0.0,0.0,0.0,0.0,57909.408390927376,0.22615849999999682,0.0,1,1,fallback_q80_q20,202;240;255;247;254;239;238;224;245;254;255;230;217;251;257;251;223;256;249;231;246;263;241;239;226;229;261;230;250;256,8.526512829121202e-13,9.322320693172514e-12,0.0,0,0,0
2025-09-26,H48,36,06:00,2025-09-25,48.0,6,-1726.6195524354803,0.0,1726.6195524354803,0.0,0.0,5406.57829175115,32699.328472384146,0.12657430000001568,0.0,1,1,fallback_q80_q20,265;218;258;258;264;257;259;258;238;265;203;211;246;256;240;246;219;255;205;265;253;259;229;232;264;255;252;265;225;216,1.0231815394945443e-12,1.1368683772161603e-13,0.0,0,0,0
2025-09-26,H48,72,12:00,2025-09-25,48.0,6,-754.2917796990016,0.0,754.2917796990016,0.0,0.0,1460.4804871755628,32382.50614787249,0.17228320000003805,0.0,1,1,fallback_q80_q20,265;256;238;235;264;257;256;250;254;258;264;236;222;247;246;212;253;204;265;265;258;264;258;251;202;238;265;217;246;265,9.094947017729282e-13,1.1368683772161603e-13,0.0,0,0,0
2025-09-26,H48,108,18:00,2025-09-25,48.0,6,-1623.4488558124206,0.0,1623.4488558124206,0.0,0.0,3179.0030209712704,36966.3429641234,0.09886649999998554,0.0,1,1,fallback_q80_q20,254;251;258;237;221;261;232;260;222;218;257;211;234;232;222;253;246;239;265;218;227;208;260;248;240;255;224;209;254;263,8.810729923425242e-13,1.5916157281026244e-12,0.0,0,0,0
2025-09-27,H48,0,00:00,2025-09-26,48.0,6,23465.669942262728,0.0,0.0,0.0,0.0,0.0,66073.05106636895,0.13174270000001798,0.0,1,1,fallback_q80_q20,250;263;249;212;232;255;214;262;240;245;230;264;244;249;237;230;261;264;218;253;220;252;245;255;262;262;260;260;251;241,9.094947017729282e-13,2.2737367544323206e-13,0.0,0,0,0
2025-09-27,H48,36,06:00,2025-09-26,48.0,6,2511.0909909075626,2596.962026241328,85.87103533376578,0.0,2170.3993645219607,244.7786970075623,54820.06484886487,0.12925089999998818,0.0,1,1,fallback_q80_q20,266;266;235;249;262;241;255;262;213;254;241;248;248;247;229;257;255;215;262;254;262;220;249;263;262;263;263;223;226;251,9.094947017729282e-13,2.2737367544323206e-13,0.0,0,0,0
2025-09-27,H48,72,12:00,2025-09-26,48.0,6,478.4554155255387,689.4944287228388,211.03901319730016,0.0,431.7468199859066,576.562975385722,56059.80597056246,0.19332859999997254,0.0,1,1,fallback_q80_q20,200;230;263;255;224;228;220;256;225;256;262;241;263;254;248;223;244;257;221;261;262;249;236;261;211;246;246;233;229;261,1.8189894035458565e-12,2.2737367544323206e-13,0.0,0,0,0
2025-09-27,H48,108,18:00,2025-09-26,48.0,6,-553.8999036985759,0.0,553.8999036985759,0.0,0.0,995.8186411382617,59160.441576183846,0.11193619999994553,0.0,1,1,fallback_q80_q20,253;229;262;245;265;254;211;265;230;233;252;237;258;235;262;264;251;263;259;263;227;256;229;230;223;266;239;266;219;251,1.8189894035458565e-12,6.821210263296962e-13,0.0,0,0,0
2025-09-28,H48,0,00:00,2025-09-27,48.0,6,41347.69864179893,0.0,0.0,0.0,0.0,0.0,85602.89386580199,0.10392209999997704,0.0,1,1,fallback_q80_q20,223;252;267;234;228;220;254;262;244;228;263;260;230;266;265;235;227;215;263;214;265;218;251;249;256;259;265;240;218;215,9.094947017729282e-13,2.2737367544323206e-13,0.0,0,0,0
2025-09-28,H48,36,06:00,2025-09-27,48.0,6,9573.801109809709,9588.146304286915,14.345194477206016,0.0,10013.779418617421,68.25562161649464,63473.2533323034,0.12318369999991319,0.0,1,1,fallback_q80_q20,263;263;261;263;212;255;266;230;263;258;249;244;248;213;223;242;246;265;265;231;244;236;230;238;267;252;231;265;259;228,9.094947017729282e-13,2.2737367544323206e-13,0.0,0,0,0
2025-09-28,H48,72,12:00,2025-09-27,48.0,6,-274.4178641681658,1139.771223462924,1414.1890876310897,0.0,697.4180110861457,4986.04958482278,63170.751979119246,0.09389690000000428,0.0,1,1,fallback_q80_q20,242;264;227;259;221;224;264;260;224;248;224;261;241;207;235;237;212;255;232;224;230;257;262;235;247;221;255;224;220;247,9.094947017729282e-13,2.2737367544323206e-13,0.0,0,0,0
2025-09-28,H48,108,18:00,2025-09-27,48.0,6,2612.059758521827,2612.059758521827,0.0,0.0,1418.6026000237002,0.0,79806.1731786417,0.12480229999994208,0.0,1,1,fallback_q80_q20,233;229;255;265;228;226;243;213;225;248;242;200;249;265;226;256;229;262;267;251;234;262;256;260;247;247;234;255;230;227,9.094947017729282e-13,2.2737367544323206e-13,0.0,0,0,0
2025-09-29,H48,0,00:00,2025-09-28,48.0,6,48179.05935913583,0.0,0.0,0.0,0.0,0.0,96136.38922183277,0.07941310000001067,0.0,1,1,fallback_q80_q20,252;265;234;255;241;262;228;252;217;247;257;251;225;257;267;246;260;262;243;210;260;245;222;223;257;264;268;246;253;238,9.094947017729282e-13,2.2737367544323206e-13,0.0,0,0,0
2025-09-29,H48,36,06:00,2025-09-28,48.0,6,-1765.690547006156,140.99174520922327,1906.6822922153794,0.0,93.31717519171525,5930.702448863025,54547.21973846209,0.09552780000001349,0.0,1,1,fallback_q80_q20,259;264;210;224;250;218;265;244;236;251;245;233;267;257;252;266;253;216;250;238;245;227;211;210;226;238;264;263;266;267,1.0231815394945443e-12,2.2737367544323206e-13,0.0,0,0,0
2025-09-29,H48,72,12:00,2025-09-28,48.0,6,307.99120266588517,335.606254942874,27.615052276988813,0.0,458.4482638741087,62.65531562944136,62695.86790155317,0.09698730000002342,0.0,1,1,fallback_q80_q20,241;230;227;218;247;268;246;258;224;247;265;212;236;257;220;247;267;256;209;238;265;223;248;251;255;267;264;236;262;222,8.846257060213247e-13,2.2737367544323206e-13,0.0,0,0,0
2025-09-29,H48,108,18:00,2025-09-28,48.0,6,-40.45850983170911,9.850788509306605,50.30929834101571,0.0,4.871081693767792,79.65197884923987,78014.92445204327,0.08077400000001944,0.0,1,1,fallback_q80_q20,251;250;254;236;253;253;241;258;247;216;260;212;217;253;232;268;246;225;268;268;237;224;267;266;268;264;267;266;227;244,9.094947017729282e-13,3.410605131648481e-13,0.0,0,0,0
2025-09-30,H48,0,00:00,2025-09-29,48.0,6,48919.227671934605,0.0,0.0,0.0,0.0,0.0,94627.29532422285,0.08028030000002673,0.0,1,1,fallback_q80_q20,247;218;252;266;268;268;250;243;258;220;263;239;258;258;217;208;262;231;245;254;233;256;249;243;245;215;228;220;267;268,8.668621376273222e-13,2.2737367544323206e-13,0.0,0,0,0
2025-09-30,H48,36,06:00,2025-09-29,48.0,6,2674.2981472233223,2695.748879833777,21.450732610454708,0.0,2518.6604656493505,75.68762136492307,58469.164691631166,0.09579059999998663,0.0,1,1,fallback_q80_q20,252;215;261;221;258;220;236;232;265;252;231;216;224;260;229;236;221;267;249;236;224;259;265;268;240;229;254;259;260;216,9.094947017729282e-13,2.2737367544323206e-13,0.0,0,0,0
2025-09-30,H48,72,12:00,2025-09-29,48.0,6,-483.1065525829014,289.593162646716,772.6997152296174,0.0,151.19301469267538,2268.427272602181,60643.591667527675,0.094636800000103,0.0,1,1,fallback_q80_q20,269;234;263;255;266;236;259;243;261;242;215;244;266;251;268;267;216;218;209;222;236;265;211;266;267;215;260;267;258;259,8.633094239485217e-13,2.2737367544323206e-13,0.0,0,0,0
2025-09-30,H48,108,18:00,2025-09-29,48.0,6,117.96356674794382,120.37735428012635,2.413787532182538,0.0,84.21808469070845,11.503409293009554,71727.77068218336,0.10797029999991992,0.0,1,1,fallback_q80_q20,261;263;267;255;257;208;247;219;253;228;226;267;215;250;265;250;264;243;268;223;209;269;267;215;245;259;251;245;221;246,9.094947017729282e-13,1.4779288903810084e-12,0.0,0,0,0
2025-10-01,H48,0,00:00,2025-09-30,48.0,6,46147.68896413319,0.0,0.0,0.0,0.0,0.0,92039.76224116585,0.09456900000009227,0.0,1,1,fallback_q80_q20,211;217;227;231;234;270;260;261;239;249;268;259;225;257;264;267;252;208;252;263;268;254;239;212;232;250;261;263;222;265,9.094947017729282e-13,2.2737367544323206e-13,0.0,0,0,0
2025-10-01,H48,36,06:00,2025-09-30,48.0,6,-449.74754876295384,237.81583035410648,687.5633791170603,0.0,213.4903542806219,2582.7619163841423,59119.68013489015,0.10985860000005232,0.0,1,1,fallback_q80_q20,226;261;231;268;256;268;228;265;219;268;254;265;247;224;250;267;268;234;254;257;248;265;230;269;208;211;250;262;262;269,9.094947017729282e-13,2.2737367544323206e-13,0.0,0,0,0
2025-10-01,H48,72,12:00,2025-09-30,48.0,6,-947.8464219075389,23.523031925618014,971.369453833157,0.0,11.602120616922775,3524.7922647430673,60107.23613488612,0.10280929999998989,0.0,1,1,fallback_q80_q20,243;210;267;267;268;264;266;234;260;253;258;209;252;261;254;229;270;264;259;243;225;249;268;232;257;265;234;265;229;267,1.2505552149377763e-12,2.2737367544323206e-13,0.0,0,0,0
2025-10-01,H48,108,18:00,2025-09-30,48.0,6,-228.37348316863796,0.0,228.37348316863796,0.0,0.0,373.2260470937564,70448.8310412441,0.10070110000003751,0.0,1,1,fallback_q80_q20,232;219;231;217;258;267;266;245;241;265;258;259;222;222;245;248;259;229;228;247;238;222;267;262;260;253;261;267;239;253,8.748557434046234e-13,3.410605131648481e-13,0.0,0,0,0
2025-10-02,H48,0,00:00,2025-10-01,48.0,6,48669.429308703504,0.0,0.0,0.0,0.0,0.0,76174.21615089454,0.07833610000000135,0.0,1,1,fallback_q80_q20,267;263;266;266;249;269;265;256;238;268;250;258;265;247;262;266;218;226;267;261;236;254;261;252;251;267;250;254;260;250,9.094947017729282e-13,2.2737367544323206e-13,0.0,0,0,0
2025-10-02,H48,36,06:00,2025-10-01,48.0,6,-1767.4995959679577,506.6170318491221,2274.11662781708,0.0,268.257047803036,6351.606462479169,34233.23743916619,0.20238199999994322,0.0,1,1,fallback_q80_q20,225;248;265;252;262;259;258;227;222;252;235;240;240;258;264;246;266;251;236;263;257;242;236;265;271;253;225;262;256;259,2.7284841053187847e-12,2.2737367544323206e-13,0.0,0,0,0
2025-10-02,H48,72,12:00,2025-10-01,48.0,6,-1052.7451470725136,24.04207231317714,1076.7872193856908,0.0,11.902605234505245,3895.803510554081,35677.90859145169,0.20814000000007127,0.0,1,1,fallback_q80_q20,267;222;268;247;271;264;254;225;260;254;231;257;215;244;271;244;259;271;254;261;222;224;219;254;253;254;231;241;249;270,8.526512829121202e-13,2.8421709430404007e-12,0.0,0,0,0
2025-10-02,H48,108,18:00,2025-10-01,48.0,6,-169.27009770770633,0.0,169.27009770770633,0.0,0.0,297.0044889551816,42859.12662496237,0.1781720999999834,0.0,1,1,fallback_q80_q20,244;218;246;263;252;271;259;265;260;255;259;242;267;240;242;252;260;244;271;244;241;265;255;210;239;240;224;217;240;232,4.703792910731863e-12,1.0672351891116705e-11,0.0,0,0,0
2025-10-03,H48,0,00:00,2025-10-02,48.0,6,23318.436103554148,0.0,0.0,0.0,0.0,0.0,48434.63725170599,0.1586247000000185,0.0,1,1,fallback_q80_q20,269;268;265;265;255;265;265;267;212;258;271;254;272;240;234;265;252;245;265;272;268;267;257;269;237;260;243;254;254;259,1.2732925824820995e-11,5.4569682106375694e-12,0.0,0,0,0
2025-10-03,H48,36,06:00,2025-10-02,48.0,6,338.7126311157125,397.4631896253019,58.75055850958936,0.0,250.32076918439918,161.16938619619665,32706.926325545504,0.12024210000004132,0.0,1,1,fallback_q80_q20,258;228;264;263;251;223;253;268;271;265;237;253;247;253;209;258;272;232;259;257;259;248;222;262;259;271;259;260;247;238,8.526512829121202e-13,1.1368683772161603e-13,0.0,0,0,0
2025-10-03,H48,72,12:00,2025-10-02,48.0,6,-460.1933196084882,0.0,460.1933196084882,0.0,0.0,823.1405125993256,32589.320844040845,0.10219139999992422,0.0,1,1,fallback_q80_q20,266;255;229;267;250;238;262;256;230;250;272;270;267;259;268;260;247;212;246;264;235;269;272;266;231;225;222;229;266;263,1.0231815394945443e-12,2.2737367544323206e-13,0.0,0,0,0
2025-10-03,H48,108,18:00,2025-10-02,48.0,6,-1550.1924901498787,0.0,1550.1924901498787,0.0,0.0,3123.574355369248,35371.32906415117,0.13503419999995003,0.0,1,1,fallback_q80_q20,272;267;270;253;266;267;244;266;269;244;255;247;253;241;211;267;231;227;239;252;258;264;249;260;250;261;212;268;242;237,2.2168933355715126e-12,9.663381206337363e-13,0.0,0,0,0
2025-10-04,H48,0,00:00,2025-10-03,48.0,6,27775.547915485997,0.0,0.0,0.0,0.0,0.0,66642.86173765347,0.11032069999998839,0.0,1,1,fallback_q80_q20,224;238;235;266;263;253;271;268;273;254;250;246;265;272;246;259;256;242;270;214;269;271;243;228;260;257;238;273;263;219,9.094947017729282e-13,2.2737367544323206e-13,0.0,0,0,0
2025-10-04,H48,36,06:00,2025-10-03,48.0,6,-1304.0136438297384,0.0,1304.0136438297384,0.0,0.0,3904.723167809271,49061.93121113873,0.11119220000000496,0.0,1,1,fallback_q80_q20,270;268;258;266;241;267;269;228;261;248;232;267;264;243;227;273;272;241;239;214;273;237;218;258;264;259;257;257;270;242,1.0231815394945443e-12,2.2737367544323206e-13,0.0,0,0,0
2025-10-04,H48,72,12:00,2025-10-03,48.0,6,-377.95624624929,0.0,377.95624624929,0.0,0.0,813.8142405977869,63326.74491238789,0.12397429999998621,0.0,1,1,fallback_q80_q20,271;228;213;261;248;249;253;262;242;270;265;271;255;223;273;261;214;254;234;242;257;246;240;262;254;269;269;228;222;227,3.637978807091713e-12,2.2737367544323206e-13,0.0,0,0,0
2025-10-04,H48,108,18:00,2025-10-03,48.0,6,-845.5034162994332,0.0,845.5034162994332,0.0,0.0,1647.4771927360305,64665.31782090441,0.092505600000095,0.0,1,1,fallback_q80_q20,267;272;255;249;271;244;265;264;249;219;249;262;213;261;221;254;267;251;248;256;213;268;265;252;243;218;227;269;252;269,1.7053025658242404e-12,3.979039320256561e-13,0.0,0,0,0
2025-10-05,H48,0,00:00,2025-10-04,48.0,6,41844.85083955995,0.0,0.0,0.0,0.0,0.0,90377.31922451657,0.08512089999999262,0.0,1,1,fallback_q80_q20,255;232;220;269;261;270;268;265;257;234;247;271;268;251;270;265;259;222;228;268;225;265;262;265;263;234;238;206;226;271,9.094947017729282e-13,2.2737367544323206e-13,0.0,0,0,0
2025-10-05,H48,36,06:00,2025-10-04,48.0,6,1039.128921863562,2200.3738280077714,1161.2449061442094,0.0,1585.390444895683,4660.264445389526,59241.61644478961,0.0899330000000873,0.0,1,1,fallback_q80_q20,226;270;262;274;227;270;271;249;225;256;229;274;262;273;234;256;247;221;270;262;264;273;258;272;231;262;250;257;262;236,1.0231815394945443e-12,2.2737367544323206e-13,0.0,0,0,0
2025-10-05,H48,72,12:00,2025-10-04,48.0,6,2046.9206720693091,2413.634131466436,366.7134593971268,0.0,1778.1829713678515,1675.5004439189868,68861.23755118996,0.12590180000006512,0.0,1,1,fallback_q80_q20,270;261;267;228;270;262;258;226;256;255;269;234;230;225;241;267;270;259;273;255;261;272;257;272;250;260;254;262;256;269,1.8189894035458565e-12,1.2505552149377763e-12,0.0,0,0,0
2025-10-05,H48,108,18:00,2025-10-04,48.0,6,1356.6046431258192,1356.6046431258192,0.0,0.0,731.2476429681299,0.0,83679.90925320088,0.0952158000000054,0.0,1,1,fallback_q80_q20,248;226;224;245;256;249;269;231;269;244;263;259;267;256;270;248;230;231;206;270;206;271;262;273;256;248;246;269;229;245,8.597567102697212e-13,9.094947017729282e-13,0.0,0,0,0
2025-10-06,H48,0,00:00,2025-10-05,48.0,6,39643.875799587986,0.0,0.0,0.0,0.0,0.0,84992.34538307536,0.08189679999998134,0.0,1,1,fallback_q80_q20,255;274;261;245;250;267;258;219;257;240;254;224;222;219;250;227;254;274;264;261;275;265;249;264;240;274;274;268;230;268,9.094947017729282e-13,2.2737367544323206e-13,0.0,0,0,0
2025-10-06,H48,36,06:00,2025-10-05,48.0,6,8207.03041369492,8207.03041369492,0.0,0.0,8670.822467782047,0.0,63246.614787893406,0.09287270000004355,0.0,1,1,fallback_q80_q20,274;247;250;263;270;272;263;236;257;228;255;251;273;274;268;244;232;268;274;275;274;252;236;271;272;275;259;239;242;248,9.094947017729282e-13,2.2737367544323206e-13,0.0,0,0,0
2025-10-06,H48,72,12:00,2025-10-05,48.0,6,-306.10745518783983,176.0661173319566,482.17357251979644,0.0,105.29603649771161,2102.0413147342706,63895.63000124317,0.20330909999995583,0.0,1,1,fallback_q80_q20,222;236;233;267;274;234;263;236;275;265;275;275;274;252;217;216;273;274;258;275;258;252;244;237;266;270;263;255;275;233,1.8189894035458565e-12,2.6574298317427747e-12,0.0,0,0,0
2025-10-06,H48,108,18:00,2025-10-05,48.0,6,-325.41719491816696,0.0,325.41719491816696,0.0,0.0,562.8924178965569,68298.97915136296,0.099129400000038,0.0,1,1,fallback_q80_q20,266;247;272;273;223;265;238;255;215;275;222;272;271;261;215;240;274;246;232;274;267;253;251;258;272;234;265;266;274;258,9.094947017729282e-13,7.958078640513122e-13,0.0,0,0,0
2025-10-07,H48,0,00:00,2025-10-06,48.0,6,43933.936972774456,0.0,0.0,0.0,0.0,0.0,85466.53595082594,0.08734860000004119,0.0,1,1,fallback_q80_q20,272;265;253;238;256;251;263;269;267;267;241;219;275;273;264;232;264;270;269;268;238;273;250;274;244;259;272;261;272;223,1.0231815394945443e-12,2.2737367544323206e-13,0.0,0,0,0
2025-10-07,H48,36,06:00,2025-10-06,48.0,6,1627.3803329302766,1701.6845787957382,74.3042458654616,0.0,1735.2729075312297,229.910465926698,52660.260712210824,0.1555806000000075,0.0,1,1,fallback_q80_q20,254;223;243;244;257;268;271;239;258;268;216;240;239;235;275;256;217;227;261;236;271;261;270;249;271;275;273;241;273;267,8.668621376273222e-13,2.2737367544323206e-13,0.0,0,0,0
2025-10-07,H48,72,12:00,2025-10-06,48.0,6,1637.3803185839313,2057.537139796702,420.1568212127707,0.0,1778.739708850103,1901.5752538833542,61832.07746185709,0.12549190000004273,0.0,1,1,fallback_q80_q20,274;271;246;224;256;268;215;262;252;217;271;240;226;264;263;238;259;270;272;243;249;250;276;226;260;226;233;269;233;272,9.094947017729282e-13,2.2737367544323206e-13,0.0,0,0,0
2025-10-07,H48,108,18:00,2025-10-06,48.0,6,-324.5092718073248,0.0,324.5092718073248,0.0,0.0,569.8432228231219,65307.51266505369,0.10234509999997954,0.0,1,1,fallback_q80_q20,265;251;259;215;239;268;222;272;276;223;272;222;274;273;239;272;251;272;274;238;265;275;244;261;267;259;267;215;268;274,1.2505552149377763e-12,7.958078640513122e-13,0.0,0,0,0
2025-10-08,H48,0,00:00,2025-10-07,48.0,6,39767.084685158,0.0,0.0,0.0,0.0,0.0,80038.11065586793,0.07006950000004508,0.0,1,1,fallback_q80_q20,275;249;271;251;265;244;242;274;275;253;273;265;265;273;242;224;222;265;270;233;241;262;265;216;276;245;260;275;252;268,1.0231815394945443e-12,2.2737367544323206e-13,0.0,0,0,0
2025-10-08,H48,36,06:00,2025-10-07,48.0,6,817.1942836201886,855.3167240926441,38.12244047245557,0.0,698.2104498201284,155.02546399994566,50970.6649390844,0.09154260000002523,0.0,1,1,fallback_q80_q20,272;217;251;266;259;260;217;239;268;272;253;262;274;271;273;250;224;231;261;237;273;231;263;243;275;249;259;225;276;233,9.094947017729282e-13,2.2737367544323206e-13,0.0,0,0,0
2025-10-08,H48,72,12:00,2025-10-07,48.0,6,1155.9809586490055,1343.4511670260054,187.47020837699986,0.0,974.9250938206003,720.0426801288766,53666.77369130252,0.09245720000001256,0.0,1,1,fallback_q80_q20,270;270;253;238;245;277;242;271;250;215;258;218;264;224;250;264;245;217;268;275;223;246;224;276;274;251;275;274;251;232,1.0231815394945443e-12,2.2737367544323206e-13,0.0,0,0,0
2025-10-08,H48,108,18:00,2025-10-07,48.0,6,131.31061781234587,132.79642313570835,1.485805323362491,0.0,75.98932544532414,7.082764869960556,71560.84234784843,0.08120199999996203,0.0,1,1,fallback_q80_q20,262;274;252;236;251;225;271;253;275;272;277;275;273;255;273;230;226;257;267;248;249;257;276;258;233;275;276;256;271;253,1.0231815394945443e-12,2.2737367544323206e-13,0.0,0,0,0
2025-10-09,H48,0,00:00,2025-10-08,48.0,6,48104.63512441733,0.0,0.0,0.0,0.0,0.0,71691.24681647134,0.09661909999999807,0.0,1,1,fallback_q80_q20,270;254;248;271;230;222;265;257;242;263;252;275;278;222;269;255;254;225;258;245;239;242;257;264;265;243;265;278;256;273,6.409095476556104e-12,2.2737367544323206e-13,0.0,0,0,0
2025-10-09,H48,36,06:00,2025-10-08,48.0,6,-4822.697403355216,0.0,4822.697403355216,0.0,0.0,14554.350513349049,26694.03804528306,0.2456756999999925,0.0,1,1,fallback_q80_q20,253;254;229;267;278;265;277;273;250;241;275;276;267;271;278;230;260;268;215;254;266;254;231;278;236;278;276;253;266;251,9.094947017729282e-13,2.2737367544323206e-13,0.0,0,0,0
2025-10-09,H48,72,12:00,2025-10-08,48.0,6,-325.7741123955558,0.0,325.7741123955558,0.0,0.0,1183.9609616742482,29468.220007740503,0.1010555000000295,0.0,1,1,fallback_q80_q20,278;275;277;276;229;271;278;272;271;276;274;276;266;266;268;239;259;265;241;247;240;273;246;244;274;278;237;268;246;260,9.094947017729282e-13,2.2737367544323206e-13,0.0,0,0,0
2025-10-09,H48,108,18:00,2025-10-08,48.0,6,1191.061401730044,1191.061401730044,0.0,0.0,675.7867223616068,0.0,40052.04519691178,0.07708359999992354,0.0,1,1,fallback_q80_q20,255;238;275;271;268;267;230;231;277;219;234;245;256;251;263;252;241;277;231;275;245;251;246;268;251;247;262;268;234;259,3.637978807091713e-12,1.1368683772161603e-13,0.0,0,0,0
2025-10-10,H48,0,00:00,2025-10-09,48.0,6,23489.061206256534,0.0,0.0,0.0,0.0,0.0,45200.74151243395,0.08387950000008004,0.0,1,1,fallback_q80_q20,271;263;275;267;278;259;224;261;257;232;262;217;267;255;279;279;249;279;267;279;262;231;243;241;265;258;261;257;243;243,7.958078640513122e-13,1.1368683772161603e-13,0.0,0,0,0
2025-10-10,H48,36,06:00,2025-10-09,48.0,6,-416.697432865463,0.0,416.697432865463,0.0,0.0,857.3521527160567,29201.048274576406,0.15096280000000206,0.0,1,1,fallback_q80_q20,272;273;218;246;241;278;279;269;246;217;233;253;236;252;274;241;270;266;224;238;278;255;273;279;270;266;276;276;274;244,9.094947017729282e-13,2.6147972675971687e-12,0.0,0,0,0
2025-10-10,H48,72,12:00,2025-10-09,48.0,6,-873.371504116552,0.0,873.371504116552,0.0,0.0,1948.74700288249,27056.82844928319,0.11587789999998677,0.0,1,1,fallback_q80_q20,232;267;247;238;259;219;272;245;251;234;237;254;278;246;263;259;260;276;278;247;268;277;268;272;251;264;275;238;278;261,1.1368683772161603e-12,1.1368683772161603e-13,0.0,0,0,0
2025-10-10,H48,108,18:00,2025-10-09,48.0,6,-979.3992310824001,0.0,979.3992310824001,0.0,0.0,2082.8056869096217,31790.930770876636,0.14327059999993708,0.0,1,1,fallback_q80_q20,259;245;275;279;274;239;267;275;274;259;239;275;273;261;264;243;262;255;258;279;249;268;279;249;244;278;267;272;279;217,2.7284841053187847e-12,1.1368683772161603e-13,0.0,0,0,0
2025-10-11,H48,0,00:00,2025-10-10,48.0,6,23086.53918985649,0.0,0.0,0.0,0.0,0.0,58774.5985366158,0.11098939999999402,0.0,1,1,fallback_q80_q20,238;277;280;256;271;237;256;246;239;275;277;262;277;265;228;250;228;276;252;273;277;248;269;278;245;268;278;267;270;277,1.8189894035458565e-12,2.2737367544323206e-13,0.0,0,0,0
2025-10-11,H48,36,06:00,2025-10-10,48.0,6,-194.9869040078404,0.0,194.9869040078404,0.0,0.0,436.5004525706175,46215.093347190996,0.09800059999997757,0.0,1,1,fallback_q80_q20,253;262;280;263;279;237;271;266;277;248;270;274;229;229;280;267;255;272;272;265;273;270;278;275;273;248;271;246;262;277,1.0231815394945443e-12,2.2737367544323206e-13,0.0,0,0,0
2025-10-11,H48,72,12:00,2025-10-10,48.0,6,262.19931710130123,444.33460452927267,182.13528742797143,0.0,259.7853788246872,458.48416885895534,52219.427754244134,0.17924559999994472,0.0,1,1,fallback_q80_q20,254;236;258;263;251;256;252;251;280;259;272;242;254;221;236;263;227;279;251;235;248;265;270;243;276;248;275;258;274;276,9.094947017729282e-13,2.2737367544323206e-13,0.0,0,0,0
2025-10-11,H48,108,18:00,2025-10-10,48.0,6,-395.86541596391885,0.0,395.86541596391885,0.0,0.0,726.7111514533722,56398.845864967676,0.1224645000000919,0.0,1,1,fallback_q80_q20,249;280;240;259;276;254;244;273;256;254;274;243;263;270;277;268;280;274;242;264;221;276;279;270;277;220;245;259;276;248,1.2505552149377763e-12,2.8421709430404007e-13,0.0,0,0,0
2025-10-12,H48,0,00:00,2025-10-11,48.0,6,39771.27292625523,0.0,0.0,0.0,0.0,0.0,84640.32519921238,0.09791610000002038,0.0,1,1,fallback_q80_q20,270;262;237;241;275;240;263;263;281;239;255;266;255;265;256;273;252;259;261;239;253;262;250;262;227;277;273;281;257;256,9.094947017729282e-13,2.2737367544323206e-13,0.0,0,0,0
2025-10-12,H48,36,06:00,2025-10-11,48.0,6,1900.002873288431,1908.7523675325856,8.74949424415469,0.0,1856.81544849271,41.294573049710834,53584.84206243897,0.09158459999991919,0.0,1,1,fallback_q80_q20,263;277;281;237;270;277;277;277;264;278;237;275;277;251;280;240;264;214;242;269;266;262;275;256;268;274;280;269;270;235,9.094947017729282e-13,2.2737367544323206e-13,0.0,0,0,0
2025-10-12,H48,72,12:00,2025-10-11,48.0,6,-177.21902462342064,269.6854056159672,446.90443023938786,0.0,215.0716191630027,1915.9259357198619,60221.77993254507,0.09910390000004554,0.0,1,1,fallback_q80_q20,277;250;226;248;269;255;272;235;266;226;257;280;269;269;279;263;233;269;278;231;268;252;279;258;229;262;272;280;220;277,1.0231815394945443e-12,2.2737367544323206e-13,0.0,0,0,0
2025-10-12,H48,108,18:00,2025-10-11,48.0,6,2726.3428820600957,2726.3428820600957,0.0,0.0,1504.1002112354713,0.0,80317.48162670084,0.10072990000003301,0.0,1,1,fallback_q80_q20,269;274;277;235;255;221;255;250;252;228;271;226;255;240;268;279;240;256;281;259;258;272;261;271;269;274;269;275;277;246,9.094947017729282e-13,2.2737367544323206e-13,0.0,0,0,0
2025-10-13,H48,0,00:00,2025-10-12,48.0,6,43808.640424996825,0.0,0.0,0.0,0.0,0.0,86221.09226241327,0.08816520000004857,0.0,1,1,fallback_q80_q20,232;275;279;274;274;269;269;250;232;267;245;260;266;281;263;246;232;233;271;282;269;276;270;280;272;281;233;250;275;233,9.094947017729282e-13,2.2737367544323206e-13,0.0,0,0,0
2025-10-13,H48,36,06:00,2025-10-12,48.0,6,336.10079935449085,2128.8998869050047,1792.7990875505138,0.0,1775.621071436195,5620.641545169499,52652.700048448096,0.09339869999996608,0.0,1,1,fallback_q80_q20,275;274;245;261;264;259;282;250;257;268;277;223;236;282;275;226;280;273;234;272;248;259;273;223;266;234;258;278;239;271,9.094947017729282e-13,2.2737367544323206e-13,0.0,0,0,0
2025-10-13,H48,72,12:00,2025-10-12,48.0,6,-178.9018090074862,246.30507153732165,425.20688054480786,0.0,172.83205916119886,1890.6272150657674,57091.10538158067,0.08718329999999241,0.0,1,1,fallback_q80_q20,257;246;280;245;259;263;282;279;281;271;269;237;282;219;232;248;264;248;260;219;244;280;279;272;266;260;280;276;274;255,9.023892744153272e-13,2.5579538487363607e-13,0.0,0,0,0
2025-10-13,H48,108,18:00,2025-10-12,48.0,6,609.9456351437651,611.4461200843896,1.5004849406244483,0.0,339.30005067900987,7.074668310160405,77837.3001326058,0.08191499999998086,0.0,1,1,fallback_q80_q20,275;275;276;226;276;240;281;237;275;281;273;281;241;238;264;280;243;250;277;276;222;264;282;241;280;257;276;266;267;247,9.094947017729282e-13,2.2737367544323206e-13,0.0,0,0,0
2025-10-14,H48,0,00:00,2025-10-13,48.0,6,46482.58821780077,0.0,0.0,0.0,0.0,0.0,88734.07928673548,0.07395489999998972,0.0,1,1,fallback_q80_q20,238;271;274;265;225;279;222;257;238;251;237;277;232;239;277;263;251;259;244;259;258;265;271;279;257;250;254;225;246;243,9.094947017729282e-13,2.2737367544323206e-13,0.0,0,0,0
2025-10-14,H48,36,06:00,2025-10-13,48.0,6,-1261.663599381768,929.6767192395878,2191.340318621356,0.0,827.2582726032725,7414.304809130592,51179.46895812155,0.12455369999997856,0.0,1,1,fallback_q80_q20,256;266;272;252;277;261;249;239;271;267;276;238;272;264;229;279;268;246;236;255;278;222;277;272;280;251;258;246;244;239,9.094947017729282e-13,2.2737367544323206e-13,0.0,0,0,0
2025-10-14,H48,72,12:00,2025-10-13,48.0,6,10.675502102126565,33.39468186992994,22.719179767803375,0.0,54.1286682388037,67.1253380298042,62327.94586580955,0.08781520000002274,0.0,1,1,fallback_q80_q20,281;283;279;281;251;278;276;278;283;264;255;247;251;253;245;265;269;251;266;243;230;280;282;224;266;275;261;226;273;222,8.668621376273222e-13,2.2737367544323206e-13,0.0,0,0,0
2025-10-14,H48,108,18:00,2025-10-13,48.0,6,421.8689354409134,422.6689524906552,0.8000170497418438,0.0,233.80842572576324,3.801459015166756,82473.90382170556,0.10924690000001647,0.0,1,1,fallback_q80_q20,245;224;223;254;248;245;257;275;271;250;262;282;260;281;277;272;235;281;271;265;272;226;236;281;262;279;229;283;272;268,9.094947017729282e-13,9.094947017729282e-13,0.0,0,0,0
2025-10-15,H48,0,00:00,2025-10-14,48.0,6,47907.85736461821,0.0,0.0,0.0,0.0,0.0,89372.49426091061,0.08248600000001716,0.0,1,1,fallback_q80_q20,254;252;275;278;257;272;247;266;273;246;270;261;282;254;284;278;283;261;245;267;264;264;282;280;275;264;222;244;258;239,1.0231815394945443e-12,2.2737367544323206e-13,0.0,0,0,0
2025-10-15,H48,36,06:00,2025-10-14,48.0,6,-2710.9524796189903,59.47261574213984,2770.42509536113,0.0,36.805883330161464,8441.869282328124,49977.517731560874,0.10113019999994322,0.0,1,1,fallback_q80_q20,272;275;245;276;280;266;239;277;280;268;259;279;254;257;251;259;274;275;283;239;229;268;282;258;275;282;254;253;253;283,1.0231815394945443e-12,2.2737367544323206e-13,0.0,0,0,0
2025-10-15,H48,72,12:00,2025-10-14,48.0,6,2790.830639757681,2854.0465424987947,63.21590274111371,0.0,2315.3222194626787,277.8110425889418,62852.3988281328,0.10288610000009157,0.0,1,1,fallback_q80_q20,251;244;272;281;281;282;280;284;243;267;271;258;277;261;272;271;276;226;248;282;279;269;284;275;281;267;236;278;242;256,8.810729923425242e-13,2.2737367544323206e-13,0.0,0,0,0
2025-10-15,H48,108,18:00,2025-10-14,48.0,6,-33.00882084155048,0.0,33.00882084155048,0.0,0.0,53.02416890482175,70166.09193396346,0.09054020000007768,0.0,1,1,fallback_q80_q20,262;270;223;251;274;274;279;230;253;271;278;282;254;277;241;280;283;256;275;273;277;278;275;264;278;283;267;283;284;244,1.2505552149377763e-12,2.2737367544323206e-13,0.0,0,0,0
2025-10-16,H48,0,00:00,2025-10-15,48.0,6,45730.9388734532,0.0,0.0,0.0,0.0,0.0,69109.25102484673,0.09353249999992386,0.0,1,1,fallback_q80_q20,285;260;260;230;284;272;255;282;278;249;281;280;245;277;273;257;254;281;244;253;270;282;259;278;253;284;268;274;274;274,1.0231815394945443e-12,2.2737367544323206e-13,0.0,0,0,0
2025-10-16,H48,36,06:00,2025-10-15,48.0,6,1265.1644083516585,1831.2786810398936,566.114272688235,0.0,1452.2601896044944,1511.5779540647877,34922.09977590384,0.10197870000001785,0.0,1,1,fallback_q80_q20,282;269;283;276;281;270;280;285;276;230;253;275;281;265;223;274;267;230;280;265;276;273;273;284;262;242;258;284;268;275,9.094947017729282e-13,2.2737367544323206e-13,0.0,0,0,0
2025-10-16,H48,72,12:00,2025-10-15,48.0,6,589.0231098782701,891.2200443450438,302.19693446677366,0.0,722.8776954316356,1164.0377013630978,36512.29617207713,0.11370010000007369,0.0,1,1,fallback_q80_q20,264;245;261;272;263;258;242;273;284;261;274;279;261;277;268;232;224;285;283;247;268;250;274;280;271;282;257;226;270;269,9.094947017729282e-13,2.2737367544323206e-13,0.0,0,0,0
2025-10-16,H48,108,18:00,2025-10-15,48.0,6,-144.65095702468852,0.0,144.65095702468852,0.0,0.0,252.6256518970522,37975.498376285264,0.13042749999999614,0.0,1,1,fallback_q80_q20,222;265;245;285;267;257;278;251;282;278;268;285;285;285;283;279;285;269;232;249;272;265;223;280;246;270;285;281;266;241,2.7284841053187847e-12,2.3874235921539366e-12,0.0,0,0,0
2025-10-17,H48,0,00:00,2025-10-16,48.0,6,22327.850615291154,0.0,0.0,0.0,0.0,0.0,44181.181918366085,0.1093862000000172,0.0,1,1,fallback_q80_q20,270;284;257;280;259;267;283;243;269;257;251;275;273;229;243;253;271;266;261;260;236;264;273;260;274;258;275;243;286;282,5.10524955643632e-12,1.8189894035458565e-12,0.0,0,0,0
2025-10-17,H48,36,06:00,2025-10-16,48.0,6,1347.9902221147095,1384.563905581068,36.5736834663586,0.0,1121.2652326116827,125.6270709842612,30332.697101162026,0.24483540000005632,0.0,1,1,fallback_q80_q20,281;286;279;285;260;256;282;282;237;285;286;286;281;272;265;282;226;249;248;281;279;274;265;276;280;252;280;225;270;283,1.0231815394945443e-12,1.2505552149377763e-12,0.0,0,0,0
2025-10-17,H48,72,12:00,2025-10-16,48.0,6,-471.6405880761266,0.0,471.6405880761266,0.0,0.0,890.1630394896891,28749.07983019484,0.1349956999999904,0.0,1,1,fallback_q80_q20,263;284;254;286;282;232;264;226;285;241;286;278;266;226;251;285;284;239;285;286;281;253;270;223;246;247;260;255;261;233,1.8189894035458565e-12,1.1368683772161603e-13,0.0,0,0,0
2025-10-17,H48,108,18:00,2025-10-16,48.0,6,-605.6605283577281,0.0,605.6605283577281,0.0,0.0,1358.8394043362046,35890.3071503664,0.12257869999996274,0.0,1,1,fallback_q80_q20,285;265;276;229;266;223;265;280;243;236;254;277;242;282;223;232;275;282;241;283;286;271;240;232;249;270;250;281;282;275,9.094947017729282e-13,1.1368683772161603e-13,0.0,0,0,0
2025-10-18,H48,0,00:00,2025-10-17,48.0,6,21531.718615974878,0.0,0.0,0.0,0.0,0.0,60866.00596347254,0.17174110000007659,0.0,1,1,fallback_q80_q20,256;253;285;280;260;260;284;271;274;285;279;233;243;275;287;279;280;227;274;280;227;245;255;248;228;251;253;268;274;239,1.8189894035458565e-12,2.2737367544323206e-13,0.0,0,0,0
2025-10-18,H48,36,06:00,2025-10-17,48.0,6,1662.9945656055372,1665.3478034163513,2.353237810814046,0.0,1856.8619244026293,11.212664222018702,49094.49722144587,0.14177349999999933,0.0,1,1,fallback_q80_q20,272;284;256;260;270;276;283;245;287;251;267;260;277;268;280;277;279;280;260;287;282;278;254;266;275;242;270;285;268;269,9.094947017729282e-13,2.2737367544323206e-13,0.0,0,0,0
2025-10-18,H48,72,12:00,2025-10-17,48.0,6,-1250.2500948417658,0.0,1250.2500948417658,0.0,0.0,3340.840307242197,60746.581508114316,0.19549859999995078,0.0,1,1,fallback_q80_q20,276;251;228;280;282;255;257;283;283;221;258;251;239;285;266;273;252;275;287;276;269;228;282;252;276;275;220;266;238;257,1.8189894035458565e-12,2.2737367544323206e-13,0.0,0,0,0
2025-10-18,H48,108,18:00,2025-10-17,48.0,6,-225.69880660616496,0.0,225.69880660616496,0.0,0.0,428.39425961822184,69781.7629353821,0.10375260000000708,0.0,1,1,fallback_q80_q20,277;274;275;251;221;283;221;282;271;251;287;227;270;256;274;275;256;284;269;266;244;251;247;282;260;238;232;253;249;245,1.2505552149377763e-12,2.2737367544323206e-13,0.0,0,0,0
2025-10-19,H48,0,00:00,2025-10-18,48.0,6,40658.031622906616,0.0,0.0,0.0,0.0,0.0,87156.23554015066,0.08358829999997397,0.0,1,1,fallback_q80_q20,236;227;251;285;270;280;243;281;288;283;278;284;287;255;268;276;273;250;278;265;255;277;283;273;269;281;282;227;282;276,8.668621376273222e-13,2.2737367544323206e-13,0.0,0,0,0
2025-10-19,H48,36,06:00,2025-10-18,48.0,6,3751.7929260582273,3758.7728321438417,6.9799060856145285,0.0,3566.9180797178983,24.028876301175615,56591.66063377535,0.139832599999977,0.0,1,1,fallback_q80_q20,267;235;282;286;249;268;246;280;280;244;279;261;286;258;288;256;277;284;288;247;240;288;283;279;280;273;254;280;235;236,9.094947017729282e-13,2.2737367544323206e-13,0.0,0,0,0
2025-10-19,H48,72,12:00,2025-10-18,48.0,6,1024.3823335677976,1542.5778270636197,518.1954934958221,0.0,932.9523144824766,1992.907493481857,67428.09427777218,0.11036439999998038,0.0,1,1,fallback_q80_q20,263;272;228;279;283;288;275;279;276;262;235;246;249;275;265;283;241;261;283;256;278;245;282;263;252;220;282;262;280;237,1.0231815394945443e-12,2.2737367544323206e-13,0.0,0,0,0
2025-10-19,H48,108,18:00,2025-10-18,48.0,6,2121.5875948309836,2121.5875948309836,0.0,0.0,1180.0988188357703,0.0,78780.68544261741,0.09167190000005121,0.0,1,1,fallback_q80_q20,253;257;236;276;281;267;279;233;269;256;250;266;275;283;262;265;283;252;272;253;266;280;285;258;253;277;275;278;250;275,9.094947017729282e-13,6.821210263296962e-13,0.0,0,0,0
2025-10-20,H48,0,00:00,2025-10-19,48.0,6,50879.99094077822,0.0,0.0,0.0,0.0,0.0,96614.73955776908,0.09077800000000025,0.0,1,1,fallback_q80_q20,286;263;257;283;258;286;257;280;233;279;264;274;267;248;278;280;289;273;251;287;247;257;288;288;260;267;279;270;279;256,9.094947017729282e-13,2.2737367544323206e-13,0.0,0,0,0
2025-10-20,H48,36,06:00,2025-10-19,48.0,6,-1130.6176135872201,0.0,1130.6176135872201,0.0,0.0,2792.007368600918,56049.24535840378,0.11044029999993654,0.0,1,1,fallback_q80_q20,280;255;275;287;263;244;283;270;255;273;285;250;274;286;289;269;282;238;270;288;272;284;280;282;287;288;257;241;275;246,9.094947017729282e-13,2.2737367544323206e-13,0.0,0,0,0
2025-10-20,H48,72,12:00,2025-10-19,48.0,6,-648.1531122348088,251.6222668549047,899.7753790897134,0.0,138.148440130354,3277.5378545675776,67394.25822125355,0.19708609999997861,0.0,1,1,fallback_q80_q20,265;237;272;285;252;236;285;289;289;285;282;239;260;248;244;236;280;271;274;231;285;273;287;251;265;286;253;254;286;272,1.1830536550405668e-12,2.2737367544323206e-13,0.0,0,0,0
2025-10-20,H48,108,18:00,2025-10-19,48.0,6,570.1998314573985,571.6439488965789,1.4441174391803173,0.0,312.79928997668287,6.85357962378589,82020.74993473921,0.09029789999999593,0.0,1,1,fallback_q80_q20,265;289;260;287;275;265;283;272;276;258;265;255;273;254;288;287;258;287;243;279;271;289;252;285;264;243;242;265;286;288,1.0231815394945443e-12,2.5579538487363607e-13,0.0,0,0,0
2025-10-21,H48,0,00:00,2025-10-20,48.0,6,48468.45481170919,0.0,0.0,0.0,0.0,0.0,92993.47543079244,0.07557620000000043,0.0,1,1,fallback_q80_q20,279;275;274;243;278;288;240;248;261;273;288;284;285;250;274;285;289;287;274;256;285;286;264;289;266;289;280;285;264;247,9.094947017729282e-13,2.2737367544323206e-13,0.0,0,0,0
2025-10-21,H48,36,06:00,2025-10-20,48.0,6,5210.643599256183,5210.643599256183,0.0,0.0,4434.776801563771,0.0,61260.66478572119,0.09312419999992017,0.0,1,1,fallback_q80_q20,256;282;288;278;246;275;270;289;284;271;286;280;267;287;285;281;281;280;261;286;273;238;249;287;287;283;274;256;256;285,9.094947017729282e-13,2.2737367544323206e-13,0.0,0,0,0
2025-10-21,H48,72,12:00,2025-10-20,48.0,6,-1680.9182629939176,16.482667139807408,1697.400930133725,0.0,8.530738886632719,5477.978386838234,65563.86979714756,0.09205280000003313,0.0,1,1,fallback_q80_q20,257;265;287;278;281;287;286;256;270;278;272;285;239;266;254;285;283;257;248;286;278;278;266;286;288;279;268;285;264;274,1.2505552149377763e-12,2.2737367544323206e-13,0.0,0,0,0
2025-10-21,H48,108,18:00,2025-10-20,48.0,6,-1.6430734089354078,1.6093863020079915,3.2524597109433993,0.0,1.1449409895834606,11.6003257920853,72858.07326898283,0.09540179999999054,0.0,1,1,fallback_q80_q20,277;275;280;282;279;289;289;280;259;281;287;261;275;269;243;258;282;239;278;277;290;286;237;279;270;271;276;253;260;278,1.0231815394945443e-12,7.958078640513122e-13,0.0,0,0,0
2025-10-22,H48,0,00:00,2025-10-21,48.0,6,46237.991815630754,0.0,0.0,0.0,0.0,0.0,92857.07342674892,0.09582569999997759,0.0,1,1,fallback_q80_q20,282;262;288;285;289;260;272;279;262;271;273;279;284;269;277;229;275;286;288;282;274;289;265;278;247;283;233;275;268;260,9.094947017729282e-13,2.2737367544323206e-13,0.0,0,0,0
2025-10-22,H48,36,06:00,2025-10-21,48.0,6,485.8976732276577,902.6139530614842,416.71627983382643,0.0,700.3672412646259,1086.5741409625502,57933.01486135659,0.09203180000008615,0.0,1,1,fallback_q80_q20,240;280;289;272;273;279;250;284;279;237;278;248;289;237;262;275;277;261;275;269;248;289;291;262;257;264;274;288;288;264,9.094947017729282e-13,2.2737367544323206e-13,0.0,0,0,0
2025-10-22,H48,72,12:00,2025-10-21,48.0,6,2878.823708327915,2878.823708327915,0.0,0.0,2162.778106922303,0.0,65643.81237252131,0.08337300000005143,0.0,1,1,fallback_q80_q20,281;260;246;279;287;252;290;230;280;289;270;285;240;263;248;286;268;283;281;247;273;281;273;284;259;243;256;239;257;284,9.094947017729282e-13,2.2737367544323206e-13,0.0,0,0,0
2025-10-22,H48,108,18:00,2025-10-21,48.0,6,-69.46808977961555,0.0,69.46808977961555,0.0,0.0,121.22966723085483,77932.07388892812,0.09118050000006406,0.0,1,1,fallback_q80_q20,257;279;289;288;271;261;287;286;272;280;288;269;279;260;261;279;286;252;257;288;290;270;250;273;231;267;273;279;287;249,9.094947017729282e-13,4.547473508864641e-13,0.0,0,0,0
2025-10-23,H48,0,00:00,2025-10-22,48.0,6,54593.23197144168,0.0,0.0,0.0,0.0,0.0,79847.19373603004,0.1726063000000977,0.0,1,1,fallback_q80_q20,270;290;289;289;274;289;292;250;291;285;288;266;267;278;285;262;252;279;288;272;289;247;276;259;282;290;252;266;277;279,1.0231815394945443e-12,8.810729923425242e-13,0.0,0,0,0
2025-10-23,H48,36,06:00,2025-10-22,48.0,6,-5014.4476912326345,215.0671334238844,5229.514824656519,0.0,151.95194073982623,15786.297081987203,29179.63461035657,0.10589049999998679,0.0,1,1,fallback_q80_q20,231;285;245;261;288;282;232;265;287;279;289;269;287;276;272;283;243;279;278;286;287;264;290;257;289;233;292;263;253;265,1.0231815394945443e-12,1.3642420526593924e-12,0.0,0,0,0
2025-10-23,H48,72,12:00,2025-10-22,48.0,6,1434.1265613822889,1490.259024976375,56.1324635940862,0.0,1263.514002763613,222.7315202569647,34811.54350054303,0.1908449999999675,0.0,1,1,fallback_q80_q20,247;236;278;249;286;272;291;265;248;259;280;288;288;289;249;271;257;253;289;254;286;257;278;266;290;289;287;251;292;271,2.5011104298755527e-12,2.2737367544323206e-13,0.0,0,0,0
2025-10-23,H48,108,18:00,2025-10-22,48.0,6,812.1888932774154,812.1888932774154,0.0,0.0,458.6741088882609,0.0,43270.79376629837,0.09545620000005783,0.0,1,1,fallback_q80_q20,289;255;244;284;229;272;263;256;292;292;236;267;285;236;247;283;277;290;265;239;282;247;270;280;245;280;287;268;283;265,9.094947017729282e-13,2.2737367544323206e-13,0.0,0,0,0
2025-10-24,H48,0,00:00,2025-10-23,48.0,6,24733.787163062327,0.0,0.0,0.0,0.0,0.0,49082.894696560346,0.14918949999992037,0.0,1,1,fallback_q80_q20,292;284;251;238;292;284;237;255;280;239;290;261;292;252;260;266;266;288;289;263;290;290;292;290;270;245;275;278;289;255,9.094947017729282e-13,1.9326762412674725e-12,0.0,0,0,0
2025-10-24,H48,36,06:00,2025-10-23,48.0,6,-12.11375238903166,74.96222789796423,87.07598028699589,0.0,72.95446939133333,296.17969309479776,30716.52164333457,0.11571690000005219,0.0,1,1,fallback_q80_q20,248;267;283;230;280;289;293;291;292;267;286;279;286;273;262;288;286;272;288;276;289;290;256;273;285;259;282;255;289;287,1.8189894035458565e-12,1.1368683772161603e-13,0.0,0,0,0
2025-10-24,H48,72,12:00,2025-10-23,48.0,6,-899.1010187322456,0.0,899.1010187322456,0.0,0.0,1762.7096609966077,28360.311978717324,0.06878210000002127,0.0,1,1,fallback_q80_q20,272;245;246;293;293;280;261;237;231;253;280;274;280;274;293;282;271;272;278;271;281;236;271;293;244;287;266;288;238;251,9.094947017729282e-13,2.2737367544323206e-13,0.0,0,0,0
2025-10-24,H48,108,18:00,2025-10-23,48.0,6,-647.5315754112216,0.0,647.5315754112216,0.0,0.0,1322.8670242357096,32576.111848508215,0.20530629999996108,0.0,1,1,fallback_q80_q20,251;273;283;288;284;275;289;271;258;250;276;286;271;259;254;277;281;270;293;240;278;284;265;292;250;253;288;272;266;281,7.16227077646181e-11,1.1368683772161603e-13,0.0,0,0,0
2025-10-25,H48,0,00:00,2025-10-24,48.0,6,22078.27388798043,0.0,0.0,0.0,0.0,0.0,67618.28569693526,0.10393710000005285,0.0,1,1,fallback_q80_q20,278;260;283;276;265;261;253;288;280;289;291;284;291;283;262;267;227;279;276;283;286;268;293;292;261;289;257;269;293;286,9.094947017729282e-13,2.2737367544323206e-13,0.0,0,0,0
2025-10-25,H48,36,06:00,2025-10-24,48.0,6,2576.928573010495,2679.6230610684765,102.69448805798174,0.0,1912.1451697643852,498.9956592162224,59203.06478657897,0.07958939999991799,0.0,1,1,fallback_q80_q20,243;290;266;293;291;288;287;290;268;240;291;290;255;278;270;265;291;278;287;262;255;242;250;271;292;292;255;263;293;291,1.8189894035458565e-12,2.2737367544323206e-13,0.0,0,0,0
2025-10-25,H48,72,12:00,2025-10-24,48.0,6,-1070.677179817446,0.0,1070.677179817446,0.0,0.0,2345.083632236225,58542.83161165184,0.08205929999996897,0.0,1,1,fallback_q80_q20,256;287;279;248;256;234;286;249;281;285;290;261;281;274;283;281;294;228;274;291;280;292;292;278;266;286;277;290;241;273,1.0231815394945443e-12,2.2737367544323206e-13,0.0,0,0,0
2025-10-25,H48,108,18:00,2025-10-24,48.0,6,-187.94120523408085,0.0,187.94120523408085,0.0,0.0,367.54970194656335,74646.51913671373,0.09868409999990035,0.0,1,1,fallback_q80_q20,283;273;291;290;254;288;271;287;282;282;290;267;267;273;256;290;278;289;291;283;282;285;263;290;271;259;250;259;277;284,1.0231815394945443e-12,2.8421709430404007e-13,0.0,0,0,0
2025-10-26,H48,0,00:00,2025-10-25,48.0,6,49917.93077786417,0.0,0.0,0.0,0.0,0.0,100050.52348621508,0.10049140000000989,0.0,1,1,fallback_q80_q20,280;286;256;235;291;287;266;263;249;228;261;276;287;291;283;290;234;279;227;279;292;290;288;284;291;284;291;265;291;249,8.526512829121202e-13,2.2737367544323206e-13,0.0,0,0,0
2025-10-26,H48,36,06:00,2025-10-25,48.0,6,-3045.0426863587786,11.915350334684332,3056.958036693463,0.0,8.479469352892352,9028.247215342826,53898.10319902344,0.12010420000001432,0.0,1,1,fallback_q80_q20,275;281;291;263;245;287;234;289;242;277;267;282;276;287;291;284;249;258;279;242;292;277;265;247;281;281;274;262;241;292,1.2505552149377763e-12,2.2737367544323206e-13,0.0,0,0,0
2025-10-26,H48,72,12:00,2025-10-25,48.0,6,2076.8464174899173,2078.769017745831,1.922600255914035,0.0,1809.3143074028926,9.158523765291648,70935.52608011125,0.08602599999994709,0.0,1,1,fallback_q80_q20,280;290;256;279;282;266;264;283;294;244;269;270;248;257;227;252;272;234;249;291;242;276;268;234;287;290;227;255;265;291,9.094947017729282e-13,2.2737367544323206e-13,0.0,0,0,0
2025-10-26,H48,108,18:00,2025-10-25,48.0,6,2193.6227675605114,2193.6227675605114,0.0,0.0,1225.4407652768632,0.0,79992.85948502328,0.09598889999995208,0.0,1,1,fallback_q80_q20,292;293;295;272;273;280;284;252;270;286;265;227;272;275;259;295;283;277;289;244;278;283;292;249;291;287;292;291;290;270,9.094947017729282e-13,2.2737367544323206e-13,0.0,0,0,0
2025-10-27,H48,0,00:00,2025-10-26,48.0,6,47886.497536180395,0.0,0.0,0.0,0.0,0.0,96647.42504955515,0.08807810000007521,0.0,1,1,fallback_q80_q20,272;268;248;296;270;283;267;295;238;274;264;294;236;246;284;280;287;278;256;283;281;292;284;284;294;287;244;295;290;290,8.668621376273222e-13,2.2737367544323206e-13,0.0,0,0,0
2025-10-27,H48,36,06:00,2025-10-26,48.0,6,2966.9609910117474,3032.8084671926235,65.84747618087597,0.0,3158.471086037095,223.4703183717071,60499.929399115514,0.09993600000007063,0.0,1,1,fallback_q80_q20,250;264;295;285;294;271;284;287;247;285;294;285;250;285;295;258;286;272;267;289;272;294;292;296;258;261;287;293;294;278,9.094947017729282e-13,2.2737367544323206e-13,0.0,0,0,0
2025-10-27,H48,72,12:00,2025-10-26,48.0,6,-1032.3783305681995,0.0,1032.3783305681995,0.0,0.0,3969.110576345943,66525.81339570909,0.09582520000003569,0.0,1,1,fallback_q80_q20,240;292;277;274;286;294;240;233;264;266;294;282;268;275;292;294;287;266;259;293;289;259;294;260;288;243;233;288;294;272,9.094947017729282e-13,2.2737367544323206e-13,0.0,0,0,0
2025-10-27,H48,108,18:00,2025-10-26,48.0,6,-51.620651386938334,0.0,51.620651386938334,0.0,0.0,92.01183421254922,83558.26001262471,0.07695960000000923,0.0,1,1,fallback_q80_q20,254;268;261;294;273;278;264;267;245;287;292;290;281;280;296;296;272;282;270;254;292;272;279;275;296;238;296;270;296;279,9.094947017729282e-13,2.2737367544323206e-13,0.0,0,0,0
2025-10-28,H48,0,00:00,2025-10-27,48.0,6,45836.442542407196,0.0,0.0,0.0,0.0,0.0,93265.27547994572,0.07200360000001638,0.0,1,1,fallback_q80_q20,280;265;272;292;255;297;275;279;274;279;293;295;273;267;248;282;276;294;294;294;274;291;264;261;292;278;246;292;289;281,9.094947017729282e-13,2.2737367544323206e-13,0.0,0,0,0
2025-10-28,H48,36,06:00,2025-10-27,48.0,6,5101.679053117218,5110.9092214958755,9.230168378656842,0.0,4871.838232955783,41.349573562150454,63461.241361053275,0.07451819999994314,0.0,1,1,fallback_q80_q20,253;297;291;282;290;271;267;287;287;257;297;297;266;252;270;296;294;277;260;274;296;246;252;292;252;295;296;291;259;282,9.094947017729282e-13,2.2737367544323206e-13,0.0,0,0,0
2025-10-28,H48,72,12:00,2025-10-27,48.0,6,-1171.4776101826678,0.0,1171.4776101826678,0.0,0.0,3801.554554422563,68251.405864891,0.07420390000004318,0.0,1,1,fallback_q80_q20,295;275;268;289;251;249;265;267;297;247;295;282;283;293;295;286;296;290;295;296;279;279;280;258;247;249;267;296;265;249,9.094947017729282e-13,4.547473508864641e-13,0.0,0,0,0
2025-10-28,H48,108,18:00,2025-10-27,48.0,6,1151.9682067641445,1151.9682067641445,0.0,0.0,633.6195184897042,0.0,88145.04092935659,0.08468579999998838,0.0,1,1,fallback_q80_q20,249;266;260;296;294;281;246;286;287;255;236;292;296;286;255;251;254;259;274;279;265;284;262;251;252;289;295;274;295;264,9.094947017729282e-13,6.821210263296962e-13,0.0,0,0,0
2025-10-29,H48,0,00:00,2025-10-28,48.0,6,52521.45238645356,0.0,0.0,0.0,0.0,0.0,100123.78923502512,0.08207340000001295,0.0,1,1,fallback_q80_q20,244;292;288;292;266;275;263;291;289;292;244;288;273;245;290;292;285;244;294;280;297;261;264;262;291;270;286;294;293;289,9.094947017729282e-13,2.2737367544323206e-13,0.0,0,0,0
2025-10-29,H48,36,06:00,2025-10-28,48.0,6,372.75408206319787,527.853861996535,155.09977993333712,0.0,369.26364137682094,556.3125383722429,57354.15375347392,0.0927791999999954,0.0,1,1,fallback_q80_q20,288;249;256;295;269;261;260;273;285;295;296;265;260;289;274;274;276;254;288;294;287;295;288;296;287;288;273;291;291;286,9.094947017729282e-13,2.2737367544323206e-13,0.0,0,0,0
2025-10-29,H48,72,12:00,2025-10-28,48.0,6,-1201.434554953686,0.0,1201.434554953686,0.0,0.0,4065.7412462461334,71104.50217622807,0.19311439999989943,0.0,1,1,fallback_q80_q20,297;238;292;296;293;255;290;291;288;285;293;291;268;279;282;292;295;296;279;280;264;262;295;239;293;266;285;290;292;265,2.2737367544323206e-12,2.8421709430404007e-13,0.0,0,0,0
2025-10-29,H48,108,18:00,2025-10-28,48.0,6,1275.8235282568835,1275.8235282568835,0.0,0.0,716.1603081193167,0.0,86077.59926861875,0.07432990000006612,0.0,1,1,fallback_q80_q20,255;278;298;296;262;295;238;273;252;294;291;236;291;264;285;263;236;293;298;260;295;261;291;271;252;296;259;287;258;296,9.094947017729282e-13,2.2737367544323206e-13,0.0,0,0,0
2025-10-30,H48,0,00:00,2025-10-29,48.0,6,45284.21697234729,0.0,0.0,0.0,0.0,0.0,71075.31423679426,0.08449789999997392,0.0,1,1,fallback_q80_q20,283;285;281;259;299;263;269;284;289;266;283;287;247;296;296;286;278;297;295;296;294;274;299;277;296;297;287;265;250;265,9.094947017729282e-13,2.2737367544323206e-13,0.0,0,0,0
2025-10-30,H48,36,06:00,2025-10-29,48.0,6,2179.319370829078,2270.1996966889583,90.8803258598807,0.0,1908.5084214419476,260.6449525705151,35405.045654829024,0.21593810000001668,0.0,1,1,fallback_q80_q20,271;245;281;261;292;261;275;277;298;286;259;246;269;282;274;294;278;296;269;299;285;299;260;299;247;267;270;294;270;267,1.5916157281026244e-12,4.547473508864641e-13,0.0,0,0,0
2025-10-30,H48,72,12:00,2025-10-29,48.0,6,347.11792802389004,764.7984937315528,417.6805657076627,0.0,609.5027295142968,1780.9693313358484,34914.61583111808,0.14350809999996272,0.0,1,1,fallback_q80_q20,238;280;265;282;291;288;299;278;274;272;299;295;257;296;295;279;271;275;299;253;240;257;282;272;298;279;265;289;282;294,1.0231815394945443e-12,2.2737367544323206e-13,0.0,0,0,0
2025-10-30,H48,108,18:00,2025-10-29,48.0,6,465.89356208657773,465.89356208657773,0.0,0.0,266.4484972664095,0.0,40385.75148791668,0.10174860000006447,0.0,1,1,fallback_q80_q20,288;243;285;299;288;271;294;297;240;266;278;297;290;296;257;264;294;260;272;263;282;289;295;273;280;273;286;294;280;265,9.094947017729282e-13,2.2737367544323206e-13,0.0,0,0,0
2025-10-31,H48,0,00:00,2025-10-30,48.0,6,28434.581794604215,0.0,0.0,0.0,0.0,0.0,51412.119505311864,0.13293339999995624,0.0,1,1,fallback_q80_q20,297;252;298;295;258;300;295;293;258;295;296;281;289;263;252;238;286;270;293;274;286;270;296;255;265;299;251;239;300;296,1.2505552149377763e-12,2.2737367544323206e-13,0.0,0,0,0
2025-10-31,H48,36,06:00,2025-10-30,48.0,6,-1548.6572478364756,0.0,1548.6572478364756,0.0,0.0,5151.820699520761,29359.26515539427,0.13312939999991613,0.0,1,1,fallback_q80_q20,269;243;265;285;286;293;254;286;281;245;246;293;280;300;299;299;295;247;295;237;300;299;291;237;284;261;237;299;247;287,2.6005864128819667e-12,1.1368683772161603e-13,0.0,0,0,0
2025-10-31,H48,72,12:00,2025-10-30,48.0,6,-839.8173154873572,0.0,839.8173154873572,0.0,0.0,1847.0633251975105,29796.729610570965,0.1196449000000257,0.0,1,1,fallback_q80_q20,269;300;263;293;283;282;287;294;300;293;273;253;285;287;281;270;269;293;285;294;272;300;267;273;275;259;300;293;296;274,9.094947017729282e-13,7.958078640513122e-13,0.0,0,0,0
2025-10-31,H48,108,18:00,2025-10-30,48.0,6,-504.1965289533308,0.0,504.1965289533308,0.0,0.0,1073.4944253112747,39189.473226446324,0.10573759999999766,0.0,1,1,fallback_q80_q20,298;295;285;256;253;269;237;298;271;280;292;290;291;240;295;282;299;289;294;296;262;256;287;300;284;289;237;292;280;260,9.094947017729282e-13,2.2737367544323206e-13,0.0,0,0,0
2025-11-01,H48,0,00:00,2025-10-31,48.0,6,23201.431641492945,0.0,0.0,0.0,0.0,0.0,69451.88103149843,0.0893501999998989,0.0,1,1,fallback_q80_q20,301;275;234;235;299;241;290;274;252;300;284;293;290;298;282;297;299;281;301;251;255;277;288;299;291;259;298;295;298;277,9.094947017729282e-13,2.2737367544323206e-13,0.0,0,0,0
2025-11-01,H48,36,06:00,2025-10-31,48.0,6,-353.60944973885904,0.0,353.60944973885904,0.0,0.0,859.1079087918192,55649.775851606886,0.10538599999995313,0.0,1,1,fallback_q80_q20,291;294;298;301;276;294;270;258;297;301;293;287;234;289;300;242;299;295;297;285;298;280;255;241;269;277;266;234;263;273,1.0231815394945443e-12,2.2737367544323206e-13,0.0,0,0,0
2025-11-01,H48,72,12:00,2025-10-31,48.0,6,-155.45236496953908,0.0,155.45236496953908,0.0,0.0,395.4875768389419,60513.88054563471,0.0866467000000739,0.0,1,1,fallback_q80_q20,291;282;298;286;234;290;298;277;296;252;291;276;288;280;289;260;298;290;292;280;252;247;285;260;287;254;273;282;277;289,9.094947017729282e-13,2.2737367544323206e-13,0.0,0,0,0
2025-11-01,H48,108,18:00,2025-10-31,48.0,6,-367.7947534008175,0.0,367.7947534008175,0.0,0.0,660.8827867410054,74101.93864569996,0.07758309999996982,0.0,1,1,fallback_q80_q20,301;280;254;298;298;251;290;280;293;299;291;297;296;269;281;282;300;253;287;297;249;291;258;271;298;300;298;278;264;298,9.094947017729282e-13,2.2737367544323206e-13,0.0,0,0,0
2025-11-02,H48,0,00:00,2025-11-01,48.0,6,45168.641776084296,0.0,0.0,0.0,0.0,0.0,93276.66970429917,0.07859350000001086,0.0,1,1,fallback_q80_q20,268;300;280;294;297;277;267;254;273;282;289;250;261;285;293;248;279;270;295;282;295;260;258;252;295;292;270;292;255;298,8.526512829121202e-13,2.2737367544323206e-13,0.0,0,0,0
2025-11-02,H48,36,06:00,2025-11-01,48.0,6,7341.017302170471,7342.446311779719,1.4290096092472975,0.0,6942.946380591388,6.799372177220221,67516.19693557029,0.07284409999999752,0.0,1,1,fallback_q80_q20,275;276;273;301;264;299;280;269;262;298;291;293;285;256;298;294;281;293;281;302;298;295;300;242;268;297;290;280;289;269,9.094947017729282e-13,2.2737367544323206e-13,0.0,0,0,0
2025-11-02,H48,72,12:00,2025-11-01,48.0,6,463.8382497025193,1188.9061136488424,725.0678639463231,0.0,740.417576761455,2746.2957643042455,67803.21609634167,0.09452250000003914,0.0,1,1,fallback_q80_q20,277;277;249;295;299;287;250;263;275;299;282;297;253;301;299;292;241;253;263;301;242;293;269;297;291;268;284;288;261;278,8.526512829121202e-13,2.2737367544323206e-13,0.0,0,0,0
2025-11-02,H48,108,18:00,2025-11-01,48.0,6,1056.707752782923,1056.707752782923,0.0,0.0,573.9729017423849,0.0,86290.91166257615,0.08693909999999505,0.0,1,1,fallback_q80_q20,277;297;286;289;297;294;254;288;252;299;262;269;265;275;297;272;289;277;299;265;277;273;242;260;234;267;278;274;247;294,9.094947017729282e-13,2.2737367544323206e-13,0.0,0,0,0
2025-11-03,H48,0,00:00,2025-11-02,48.0,6,52829.61333444044,0.0,0.0,0.0,0.0,0.0,102783.43019688313,0.07538979999992534,0.0,1,1,fallback_q80_q20,255;285;300;282;253;299;285;300;302;299;269;289;271;262;271;289;292;253;295;293;303;283;301;285;301;301;299;277;260;297,9.094947017729282e-13,2.8421709430404007e-13,0.0,0,0,0
2025-11-03,H48,36,06:00,2025-11-02,48.0,6,-1210.3665893777993,144.39888659749658,1354.7654759752959,0.0,90.68018298118,3926.5632984181702,57483.55229057081,0.1004181000000699,0.0,1,1,fallback_q80_q20,297;271;302;246;296;285;281;299;299;295;296;282;255;295;289;289;245;268;258;285;277;256;265;253;295;303;295;278;289;297,9.094947017729282e-13,2.2737367544323206e-13,0.0,0,0,0
2025-11-03,H48,72,12:00,2025-11-02,48.0,6,18.379761243990572,392.2134168501186,373.83365560612805,0.0,279.7476574353257,1443.6701576309993,70553.64722087838,0.07876759999999194,0.0,1,1,fallback_q80_q20,302;295;300;301;289;287;261;284;297;303;300;300;300;281;301;293;287;303;252;286;294;290;299;279;261;261;285;265;280;294,1.0231815394945443e-12,2.2737367544323206e-13,0.0,0,0,0
2025-11-03,H48,108,18:00,2025-11-02,48.0,6,1148.5827845379858,1148.5827845379858,0.0,0.0,641.5132725256195,0.0,84159.85803354875,0.07900610000001507,0.0,1,1,fallback_q80_q20,256;256;268;294;272;302;288;296;267;288;303;253;274;276;260;294;295;251;264;272;282;300;294;288;247;258;291;301;302;278,9.094947017729282e-13,7.958078640513122e-13,0.0,0,0,0
2025-11-04,H48,0,00:00,2025-11-03,48.0,6,49525.48064887329,0.0,0.0,0.0,0.0,0.0,100777.55721356014,0.09192120000000159,0.0,1,1,fallback_q80_q20,293;274;304;300;299;256;282;281;287;303;298;256;277;304;289;282;288;303;282;286;262;278;245;259;268;255;301;292;280;293,1.2505552149377763e-12,2.2737367544323206e-13,0.0,0,0,0
2025-11-04,H48,36,06:00,2025-11-03,48.0,6,2152.408582872295,2174.238629856286,21.830046983990783,0.0,1948.0530150756263,99.72635839389943,62217.30608625618,0.08913680000000568,0.0,1,1,fallback_q80_q20,302;286;267;278;250;298;274;295;268;288;278;300;301;269;270;261;299;289;259;301;293;285;303;289;281;245;261;283;273;302,9.094947017729282e-13,2.2737367544323206e-13,0.0,0,0,0
2025-11-04,H48,72,12:00,2025-11-03,48.0,6,-809.5261541477472,258.31688505970317,1067.8430392074504,0.0,151.3431833351682,4030.5186752939776,70992.9708776412,0.08727279999993698,0.0,1,1,fallback_q80_q20,273;295;302;298;301;300;294;298;286;269;293;292;268;258;301;281;303;300;276;273;300;284;257;252;260;252;299;301;278;298,1.0231815394945443e-12,2.2737367544323206e-13,0.0,0,0,0
2025-11-04,H48,108,18:00,2025-11-03,48.0,6,521.3346427384643,523.2237120315424,1.889069293078086,0.0,280.0119779952056,8.910704212632481,98677.10690021813,0.0721669000000702,0.0,1,1,fallback_q80_q20,284;295;304;263;280;286;273;303;292;291;299;293;299;295;296;277;252;271;303;282;280;254;299;304;299;294;247;303;285;250,9.094947017729282e-13,2.2737367544323206e-13,0.0,0,0,0
2025-11-05,H48,0,00:00,2025-11-04,48.0,6,55191.07260224473,0.0,0.0,0.0,0.0,0.0,103910.8943879404,0.06703679999998258,0.0,1,1,fallback_q80_q20,267;292;288;303;296;273;278;274;291;283;277;292;278;299;295;244;281;260;254;262;289;301;297;299;260;295;293;288;304;265,9.094947017729282e-13,2.2737367544323206e-13,0.0,0,0,0
2025-11-05,H48,36,06:00,2025-11-04,48.0,6,-3186.1431604009135,7.076992923389644,3193.2201533243033,0.0,5.036288729995476,8938.931653283287,55869.78365492177,0.09033439999996062,0.0,1,1,fallback_q80_q20,289;303;302;285;265;247;274;303;287;299;300;283;299;280;261;296;296;293;299;295;299;267;280;301;299;263;266;296;251;302,8.337774914934926e-13,2.2737367544323206e-13,0.0,0,0,0
2025-11-05,H48,72,12:00,2025-11-04,48.0,6,4384.43909562302,4492.6017693215035,108.16267369848319,0.0,3435.0533160135037,380.72042836495314,78082.28143690024,0.12598530000002484,0.0,1,1,fallback_q80_q20,298;305;294;280;272;299;305;272;292;303;302;278;293;275;301;291;294;285;250;303;301;263;281;303;267;302;256;270;302;252,9.094947017729282e-13,2.2737367544323206e-13,0.0,0,0,0
2025-11-05,H48,108,18:00,2025-11-04,48.0,6,39.18707062413109,49.21710190887319,10.030031284742101,0.0,28.992319327436803,20.83454897051331,89771.5532735606,0.0804864000000407,0.0,1,1,fallback_q80_q20,293;265;256;294;265;280;294;305;298;298;297;261;259;258;302;299;296;299;286;282;259;301;285;261;303;305;299;296;288;300,1.8189894035458565e-12,1.0231815394945443e-12,0.0,0,0,0
2025-11-06,H48,0,00:00,2025-11-05,48.0,6,51286.164034140376,0.0,0.0,0.0,0.0,0.0,76929.3661796444,0.08608379999998306,0.0,1,1,fallback_q80_q20,294;286;304;299;300;267;275;250;282;247;245;291;306;253;299;266;279;270;282;295;296;301;306;290;302;302;289;254;298;291,8.810729923425242e-13,2.2737367544323206e-13,0.0,0,0,0
2025-11-06,H48,36,06:00,2025-11-05,48.0,6,1434.8446992715662,1476.4906698536129,41.64597058204669,0.0,1615.13035635049,122.08717247807942,34751.871134380825,0.07724629999995614,0.0,1,1,fallback_q80_q20,246;302;247;302;303;296;282;304;292;293;254;281;280;285;296;295;306;293;303;281;302;244;303;306;297;273;301;291;272;302,9.094947017729282e-13,2.2737367544323206e-13,0.0,0,0,0
2025-11-06,H48,72,12:00,2025-11-05,48.0,6,-247.16329043070786,206.4549402127067,453.61823064341456,0.0,181.7935161582556,1639.804838616128,34975.747502628095,0.07686520000004293,0.0,1,1,fallback_q80_q20,291;296;302;280;306;252;265;278;296;272;300;277;302;301;304;302;254;278;301;295;283;272;296;269;254;274;301;299;291;274,9.094947017729282e-13,2.2737367544323206e-13,0.0,0,0,0
2025-11-06,H48,108,18:00,2025-11-05,48.0,6,542.7959040402903,549.0859173654756,6.2900133251851935,0.0,299.3478408856986,29.732217641095076,46136.28305658383,0.08339999999998327,0.0,1,1,fallback_q80_q20,245;297;270;279;291;251;287;262;290;279;300;247;288;250;278;303;293;289;251;281;252;294;301;305;295;305;297;295;277;296,8.810729923425242e-13,2.2737367544323206e-13,0.0,0,0,0
2025-11-07,H48,0,00:00,2025-11-06,48.0,6,25385.56224517085,0.0,0.0,0.0,0.0,0.0,48716.54133114619,0.07404599999995298,0.0,1,1,fallback_q80_q20,303;270;303;283;267;266;261;267;299;266;300;263;307;271;260;299;300;287;306;273;276;288;282;306;299;300;292;264;270;282,8.526512829121202e-13,1.1368683772161603e-13,0.0,0,0,0
2025-11-07,H48,36,06:00,2025-11-06,48.0,6,963.4196896375304,1038.7993434495788,75.37965381204849,0.0,1534.11205428671,200.11906193753714,33017.38426681849,0.08244489999992766,0.0,1,1,fallback_q80_q20,279;302;257;283;258;304;287;307;297;302;297;268;289;301;280;303;301;303;292;268;273;303;299;289;292;292;299;306;266;268,9.094947017729282e-13,1.1368683772161603e-13,0.0,0,0,0
2025-11-07,H48,72,12:00,2025-11-06,48.0,6,-938.7805407419864,0.0,938.7805407419864,0.0,0.0,3013.0208139119823,32077.669167196655,0.07765749999998661,0.0,1,1,fallback_q80_q20,252;301;274;306;302;292;307;296;282;259;302;280;267;250;263;273;279;261;289;285;260;301;270;279;294;250;305;303;247;302,9.094947017729282e-13,2.2737367544323206e-13,0.0,0,0,0
2025-11-07,H48,108,18:00,2025-11-06,48.0,6,-658.9471436962519,0.0,658.9471436962519,0.0,0.0,1370.9604335667198,34741.23812082244,0.1659477999999126,0.0,1,1,fallback_q80_q20,305;304;284;303;299;307;275;299;301;293;302;299;301;302;252;302;259;298;302;290;302;307;278;303;291;298;280;301;306;289,1.0231815394945443e-12,2.2737367544323206e-13,0.0,0,0,0
2025-11-08,H48,0,00:00,2025-11-07,48.0,6,23535.879425642783,0.0,0.0,0.0,0.0,0.0,70882.95272413234,0.08088780000002771,0.0,1,1,fallback_q80_q20,256;299;305;308;267;290;302;273;262;296;304;296;300;274;300;307;261;301;285;305;297;295;305;306;306;301;276;249;257;307,9.094947017729282e-13,2.2737367544323206e-13,0.0,0,0,0
2025-11-08,H48,36,06:00,2025-11-07,48.0,6,-486.2530918518065,0.0,486.2530918518065,0.0,0.0,2153.522514360093,57666.7458100051,0.09877900000003592,0.0,1,1,fallback_q80_q20,308;308;304;274;277;276;281;266;307;274;302;305;266;297;303;264;295;286;292;262;269;304;272;277;274;275;296;271;298;303,9.094947017729282e-13,2.2737367544323206e-13,0.0,0,0,0
2025-11-08,H48,72,12:00,2025-11-07,48.0,6,-117.67343973456677,0.0,117.67343973456677,0.0,0.0,222.39817017906017,65638.32679376363,0.11968450000006214,0.0,1,1,fallback_q80_q20,306;302;257;304;292;266;266;305;292;276;299;288;290;301;297;271;286;282;306;302;284;293;288;277;263;290;287;308;307;283,9.094947017729282e-13,2.2737367544323206e-13,0.0,0,0,0
2025-11-08,H48,108,18:00,2025-11-07,48.0,6,-185.56178581120162,0.0,185.56178581120162,0.0,0.0,427.9443790862471,83489.75857169204,0.07957989999999882,0.0,1,1,fallback_q80_q20,280;255;308;265;308;305;276;296;304;304;289;292;300;289;276;272;272;275;263;292;282;306;277;287;284;276;291;262;279;282,9.094947017729282e-13,2.2737367544323206e-13,0.0,0,0,0
2025-11-09,H48,0,00:00,2025-11-08,48.0,6,48500.610352659394,0.0,0.0,0.0,0.0,0.0,101180.21498470925,0.08164329999999609,0.0,1,1,fallback_q80_q20,272;255;258;285;303;279;299;266;307;304;249;294;282;303;309;270;305;257;300;279;297;296;304;264;284;289;298;296;283;283,1.0231815394945443e-12,2.2737367544323206e-13,0.0,0,0,0
2025-11-09,H48,36,06:00,2025-11-08,48.0,6,438.46054730650155,661.8474423463276,223.3868950398261,0.0,489.5457769424729,757.3572733042199,61143.28502975227,0.12497410000003129,0.0,1,1,fallback_q80_q20,285;242;268;300;259;309;280;241;295;295;254;287;309;297;298;309;306;276;280;289;241;309;304;288;295;305;298;242;293;254,1.0231815394945443e-12,2.2737367544323206e-13,0.0,0,0,0
2025-11-09,H48,72,12:00,2025-11-08,48.0,6,2074.389993539621,2427.5871436166753,353.1971500770541,0.0,1761.9255091194948,1360.1640057758937,76601.39759187518,0.07514420000006794,0.0,1,1,fallback_q80_q20,296;292;308;298;306;305;256;302;283;258;269;260;308;264;293;309;307;294;288;309;307;296;302;286;274;309;300;269;304;305,8.180123245438153e-13,2.2737367544323206e-13,0.0,0,0,0
2025-11-09,H48,108,18:00,2025-11-08,48.0,6,1919.3171213667688,1919.3171213667688,0.0,0.0,1058.2285550953484,0.0,98809.59917181575,0.07063159999995605,0.0,1,1,fallback_q80_q20,304;308;266;308;309;255;301;269;298;279;249;285;242;285;266;269;283;278;309;304;291;260;305;307;289;299;300;300;280;268,9.094947017729282e-13,9.094947017729282e-13,0.0,0,0,0
2025-11-10,H48,0,00:00,2025-11-09,48.0,6,53840.04109228286,0.0,0.0,0.0,0.0,0.0,105094.01153108125,0.07501349999995455,0.0,1,1,fallback_q80_q20,289;281;308;269;303;302;268;301;286;300;299;264;292;309;262;300;299;258;266;284;300;299;304;266;307;303;286;298;261;268,9.094947017729282e-13,2.5579538487363607e-13,0.0,0,0,0
2025-11-10,H48,36,06:00,2025-11-09,48.0,6,3648.182414178984,3753.0477372083487,104.86532302936506,0.0,3513.802647773723,322.2505691482727,63117.686558623514,0.08297460000005685,0.0,1,1,fallback_q80_q20,288;254;302;309;309;308;295;288;285;277;254;281;286;294;299;275;303;310;267;310;282;252;305;271;298;253;299;303;264;307,1.2505552149377763e-12,2.2737367544323206e-13,0.0,0,0,0
2025-11-10,H48,72,12:00,2025-11-09,48.0,6,-1103.951047103972,109.88998980641742,1213.8410369103894,0.0,64.73190204200057,4307.704988650303,68591.88956066007,0.08353610000006029,0.0,1,1,fallback_q80_q20,306;263;282;284;308;287;310;304;296;300;274;300;288;300;294;306;294;251;303;306;292;297;266;264;309;310;310;309;306;281,8.981704269217516e-13,2.779998453661392e-13,0.0,0,0,0
2025-11-10,H48,108,18:00,2025-11-09,48.0,6,580.2014931160364,581.4248975579095,1.2234044418730985,0.0,318.2789769948353,5.845219502499276,89494.51410185716,0.09250829999996313,0.0,1,1,fallback_q80_q20,294;310;290;306;260;273;263;307;305;309;307;306;285;278;296;296;303;305;310;288;254;302;289;293;309;306;307;302;307;261,1.0231815394945443e-12,6.821210263296962e-13,0.0,0,0,0
2025-11-11,H48,0,00:00,2025-11-10,48.0,6,54179.415764081554,0.0,0.0,0.0,0.0,0.0,107511.74266762378,0.08673309999994672,0.0,1,1,fallback_q80_q20,265;301;282;296;295;310;290;295;299;258;253;310;300;307;296;310;262;290;311;282;295;286;262;265;273;306;298;305;297;295,9.094947017729282e-13,2.2737367544323206e-13,0.0,0,0,0
2025-11-11,H48,36,06:00,2025-11-10,48.0,6,1669.7280419762938,1681.4587210602158,11.730679083922137,0.0,1498.7050005802485,51.00397469649374,64720.522706248536,0.10550980000004984,0.0,1,1,fallback_q80_q20,283;307;288;264;303;291;309;280;310;292;294;309;265;290;305;305;258;266;290;309;265;306;309;297;277;288;280;306;277;289,9.094947017729282e-13,2.2737367544323206e-13,0.0,0,0,0
2025-11-11,H48,72,12:00,2025-11-10,48.0,6,-927.7720383752176,336.91901963952006,1264.6910580147376,0.0,186.83248327315079,4645.731848906593,78722.94446656675,0.09461429999998927,0.0,1,1,fallback_q80_q20,262;303;290;301;300;258;299;310;270;281;292;305;308;296;299;290;301;270;288;308;307;260;307;279;252;266;311;306;311;302,8.180123245438153e-13,2.2737367544323206e-13,0.0,0,0,0
2025-11-11,H48,108,18:00,2025-11-10,48.0,6,-103.64638416900473,0.0,103.64638416900473,0.0,0.0,173.5581997960952,90947.84659325701,0.0821625999999469,0.0,1,1,fallback_q80_q20,308;279;274;272;310;289;265;269;308;310;282;306;271;308;266;295;264;299;307;296;262;277;276;310;300;304;272;290;306;296,9.094947017729282e-13,5.684341886080801e-13,0.0,0,0,0
2025-11-12,H48,0,00:00,2025-11-11,48.0,6,52724.3545731115,0.0,0.0,0.0,0.0,0.0,105344.74178423248,0.08372369999995044,0.0,1,1,fallback_q80_q20,308;311;285;309;267;300;300;287;258;295;264;292;293;310;289;306;301;266;305;300;287;307;297;296;264;273;298;261;279;312,9.094947017729282e-13,2.2737367544323206e-13,0.0,0,0,0
2025-11-12,H48,36,06:00,2025-11-11,48.0,6,3659.264460359427,3695.1555673224316,35.89110696300459,0.0,3191.4409790067275,134.51413302404592,68172.60070486032,0.07357230000002346,0.0,1,1,fallback_q80_q20,260;276;259;290;301;259;257;282;279;282;265;308;306;307;266;296;304;297;281;283;309;299;251;300;309;302;265;293;309;283,8.29558643999917e-13,2.2737367544323206e-13,0.0,0,0,0
2025-11-12,H48,72,12:00,2025-11-11,48.0,6,-470.55083564089955,931.8467053720751,1402.3975410129747,0.0,517.967961664028,4950.702137459412,74312.50192143918,0.07705199999998058,0.0,1,1,fallback_q80_q20,286;287;284;281;287;303;305;302;263;305;288;309;283;268;281;276;296;296;253;272;306;292;304;309;288;305;290;283;292;310,8.881784197001252e-13,2.2737367544323206e-13,0.0,0,0,0
2025-11-12,H48,108,18:00,2025-11-11,48.0,6,280.6604582282115,280.6604582282115,0.0,0.0,161.12403879004444,0.0,93521.60902812249,0.05178940000007515,0.0,1,1,fallback_q80_q20,254;310;303;270;304;272;280;279;277;296;288;266;297;308;310;305;294;258;304;311;272;312;312;293;303;287;302;305;279;288,9.094947017729282e-13,6.821210263296962e-13,0.0,0,0,0
2025-11-13,H48,0,00:00,2025-11-12,48.0,6,51274.20290849713,0.0,0.0,0.0,0.0,0.0,77968.05555086897,0.09173610000004828,0.0,1,1,fallback_q80_q20,304;310;304;313;310;308;310;305;299;306;292;304;307;296;307;313;293;308;300;292;309;313;258;305;267;309;310;258;294;286,8.668621376273222e-13,2.2737367544323206e-13,0.0,0,0,0
2025-11-13,H48,36,06:00,2025-11-12,48.0,6,2333.019971842004,2383.7338572474428,50.71388540543889,0.0,2229.7804912429374,160.46323903965697,37855.79958761176,0.0788763000000472,0.0,1,1,fallback_q80_q20,308;296;309;289;308;295;301;294;292;308;291;302;266;285;301;289;313;296;260;291;294;288;280;307;308;311;275;302;295;300,9.094947017729282e-13,1.8189894035458565e-12,0.0,0,0,0
2025-11-13,H48,72,12:00,2025-11-12,48.0,6,1378.5668322162687,2167.296524173911,788.7296919576423,0.0,1718.6465018987037,3405.440335475283,41398.52078408842,0.0835388000000421,0.0,1,1,fallback_q80_q20,306;298;302;306;304;304;261;298;309;298;310;313;250;304;301;302;300;272;310;312;303;305;273;290;285;278;304;307;308;301,9.094947017729282e-13,2.2737367544323206e-13,0.0,0,0,0
2025-11-13,H48,108,18:00,2025-11-12,48.0,6,486.6896972998749,486.6896972998749,0.0,0.0,258.02306619222685,0.0,45524.63192911296,0.20275900000001457,0.0,1,1,fallback_q80_q20,271;309;294;273;307;302;308;281;298;313;313;309;293;306;292;272;310;253;257;281;286;275;289;289;290;301;286;292;313;281,1.3073986337985843e-12,1.8189894035458565e-12,0.0,0,0,0
2025-11-14,H48,0,00:00,2025-11-13,48.0,6,27203.53813577018,0.0,0.0,0.0,0.0,0.0,50888.732558793694,0.08893100000000231,0.0,1,1,fallback_q80_q20,313;260;308;285;309;295;294;296;307;297;288;310;274;261;314;268;288;286;304;288;260;286;311;273;276;291;292;302;314;271,1.0231815394945443e-12,2.2737367544323206e-13,0.0,0,0,0
2025-11-14,H48,36,06:00,2025-11-13,48.0,6,-926.4713933161128,0.0,926.4713933161128,0.0,0.0,3491.4594293734654,30524.41584436309,0.14116300000000592,0.0,1,1,fallback_q80_q20,308;299;257;270;275;267;314;282;257;303;313;273;300;313;310;258;289;310;308;301;303;274;288;305;308;254;297;305;294;288,9.094947017729282e-13,1.1368683772161603e-13,0.0,0,0,0
2025-11-14,H48,72,12:00,2025-11-13,48.0,6,-444.3733481939176,0.0,444.3733481939176,0.0,0.0,951.6268752279805,32274.95509338039,0.09430550000001858,0.0,1,1,fallback_q80_q20,272;266;251;307;257;278;300;273;307;290;253;257;305;283;282;275;313;303;283;313;265;305;282;314;275;312;306;308;299;280,9.094947017729282e-13,1.7053025658242404e-13,0.0,0,0,0
2025-11-14,H48,108,18:00,2025-11-13,48.0,6,-501.97415666973836,0.0,501.97415666973836,0.0,0.0,1113.3355423152886,40780.740825963694,0.0996328999999605,0.0,1,1,fallback_q80_q20,296;268;282;273;278;285;307;308;310;313;298;287;298;286;313;305;303;279;296;300;290;292;312;289;278;285;285;311;298;304,9.094947017729282e-13,1.1368683772161603e-13,0.0,0,0,0
2025-11-15,H48,0,00:00,2025-11-14,48.0,6,28005.700563119295,0.0,0.0,0.0,0.0,0.0,80697.78127188097,0.09060820000001968,0.0,1,1,fallback_q80_q20,291;288;285;290;268;290;312;297;256;315;312;305;314;307;298;311;312;255;304;292;273;313;293;313;269;299;283;292;265;311,8.242295734817162e-13,2.2737367544323206e-13,0.0,0,0,0
2025-11-15,H48,36,06:00,2025-11-14,48.0,6,-1608.3511268604955,0.0,1608.3511268604955,0.0,0.0,5180.615754534171,57393.58529461451,0.17041779999999562,2.8634556554481137e-08,1,1,fallback_q80_q20,284;312;312;281;315;249;304;298;310;307;293;313;293;293;279;302;277;275;301;248;287;278;311;314;313;263;301;304;315;260,8.641976023682219e-13,2.2737367544323206e-13,0.0,0,0,0
2025-11-15,H48,72,12:00,2025-11-14,48.0,6,-838.728983651597,0.0,838.728983651597,0.0,0.0,2890.948483815218,67931.03908492748,0.09671409999998559,0.0,1,1,fallback_q80_q20,305;274;308;294;300;315;307;261;291;304;308;302;311;311;312;311;310;302;277;298;272;312;303;314;297;302;306;306;313;305,9.094947017729282e-13,2.2737367544323206e-13,0.0,0,0,0
2025-11-15,H48,108,18:00,2025-11-14,48.0,6,-226.3818188299633,0.0,226.3818188299633,0.0,0.0,469.9897750261149,82386.18482470949,0.07047260000001643,0.0,1,1,fallback_q80_q20,302;298;301;299;302;312;306;311;288;299;264;307;276;301;270;307;267;261;296;297;280;311;285;315;292;279;306;313;304;308,1.0231815394945443e-12,2.2737367544323206e-13,0.0,0,0,0
2025-11-16,H48,0,00:00,2025-11-15,48.0,6,47309.37076763512,0.0,0.0,0.0,0.0,0.0,100955.85236661584,0.07429960000001756,0.0,1,1,fallback_q80_q20,290;283;286;270;281;313;311;277;274;281;302;305;302;294;289;315;315;295;300;276;311;302;278;285;285;278;315;316;313;316,1.0231815394945443e-12,2.2737367544323206e-13,0.0,0,0,0
2025-11-16,H48,36,06:00,2025-11-15,48.0,6,5460.1099843309285,5482.204510647473,22.094526316545387,0.0,4806.908243640078,100.16589863237937,70163.66616411039,0.2125233000000435,0.0,1,1,fallback_q80_q20,314;286;296;308;289;312;266;307;289;279;287;285;265;286;315;285;312;290;306;310;301;271;269;297;279;312;274;297;314;297,1.0231815394945443e-12,2.2737367544323206e-13,0.0,0,0,0
2025-11-16,H48,72,12:00,2025-11-15,48.0,6,3474.7080094664834,3609.476343406441,134.76833393995756,0.0,2380.4844107953927,474.36935564926983,83834.73691879257,0.0752512999999908,0.0,1,1,fallback_q80_q20,279;311;304;280;291;284;276;304;308;296;298;262;305;287;284;311;301;312;315;272;271;274;307;314;279;298;308;298;297;289,7.958078640513122e-13,2.2737367544323206e-13,0.0,0,0,0
2025-11-16,H48,108,18:00,2025-11-15,48.0,6,1801.263836742155,1801.263836742155,0.0,0.0,1012.7750259183194,0.0,90322.09492211623,0.08049830000004476,0.0,1,1,fallback_q80_q20,310;282;309;265;314;297;296;267;312;308;312;316;315;277;275;284;272;279;273;294;285;312;249;310;264;308;283;293;306;298,1.0231815394945443e-12,4.547473508864641e-13,0.0,0,0,0
2025-11-17,H48,0,00:00,2025-11-16,48.0,6,52138.24708681721,0.0,0.0,0.0,0.0,0.0,105122.84266054755,0.07279080000000704,0.0,1,1,fallback_q80_q20,315;270;266;309;289;310;267;296;309;306;297;311;316;316;285;295;315;281;300;313;260;302;313;277;288;270;258;260;292;261,9.094947017729282e-13,2.2737367544323206e-13,0.0,0,0,0
2025-11-17,H48,36,06:00,2025-11-16,48.0,6,6442.1755128366085,6489.421401074537,47.2458882379285,0.0,6544.837202508822,113.05624723232143,70656.14696957238,0.09102409999991323,0.0,1,1,fallback_q80_q20,317;279;269;290;315;285;299;315;285;310;315;307;277;317;307;305;303;316;314;284;278;313;310;284;314;301;297;265;292;259,9.094947017729282e-13,2.2737367544323206e-13,0.0,0,0,0
2025-11-17,H48,72,12:00,2025-11-16,48.0,6,-1036.0221839730877,274.08809550650466,1310.1102794795925,0.0,158.17754091565746,4432.0548598899495,77964.94675215735,0.06651229999999941,0.0,1,1,fallback_q80_q20,316;313;295;272;315;305;274;296;315;286;307;296;297;315;270;270;261;265;314;312;310;294;302;282;283;309;271;316;303;272,9.094947017729282e-13,2.2737367544323206e-13,0.0,0,0,0
2025-11-17,H48,108,18:00,2025-11-16,48.0,6,-16.27417398444814,0.0,16.27417398444814,0.0,0.0,26.818726841138812,95437.15966855102,0.07820270000001983,0.0,1,1,fallback_q80_q20,314;314;313;312;302;316;308;308;275;314;317;289;284;267;305;289;313;279;309;292;292;281;314;287;269;303;307;285;293;309,9.094947017729282e-13,2.5011104298755527e-12,0.0,0,0,0
2025-11-18,H48,0,00:00,2025-11-17,48.0,6,53489.309085435365,0.0,0.0,0.0,0.0,0.0,107105.85196596038,0.07952510000006896,0.0,1,1,fallback_q80_q20,318;317;290;296;317;295;311;278;312;308;299;286;312;313;273;274;310;308;313;291;294;292;292;267;300;272;317;271;308;293,9.094947017729282e-13,2.2737367544323206e-13,0.0,0,0,0
2025-11-18,H48,36,06:00,2025-11-17,48.0,6,-373.4503218477225,486.087108827431,859.5374306751535,0.0,381.26060117360873,2183.440973401366,62101.692328485035,0.109490199999982,0.0,1,1,fallback_q80_q20,315;264;316;309;315;266;259;303;310;310;313;310;275;302;310;313;292;310;304;278;299;287;317;273;308;308;314;300;314;294,9.094947017729282e-13,2.2737367544323206e-13,0.0,0,0,0
2025-11-18,H48,72,12:00,2025-11-17,48.0,6,2042.6540315748312,2244.248773034882,201.594741460051,0.0,1733.3891752331538,715.4532108456966,81997.56289529699,0.07944689999999355,0.0,1,1,fallback_q80_q20,313;301;308;289;318;290;307;261;271;297;298;285;309;294;315;311;258;273;317;286;303;304;265;315;317;267;294;315;273;274,1.0231815394945443e-12,3.410605131648481e-13,0.0,0,0,0
2025-11-18,H48,108,18:00,2025-11-17,48.0,6,196.3666752604713,207.07949753286934,10.712822272398014,0.0,122.58383150487873,18.23937182617624,94850.69024559698,0.07858499999997548,0.0,1,1,fallback_q80_q20,309;287;309;318;286;298;316;306;274;303;287;303;271;279;279;309;309;316;310;310;318;317;281;316;312;298;300;289;317;306,2.476241434123949e-12,9.094947017729282e-13,0.0,0,0,0
2025-11-19,H48,0,00:00,2025-11-18,48.0,6,55855.563948500334,0.0,0.0,0.0,0.0,0.0,108523.87678136207,0.08346130000006724,0.0,1,1,fallback_q80_q20,300;277;305;261;292;313;309;317;267;277;312;265;278;314;284;293;282;286;281;309;305;311;301;310;280;319;319;319;313;281,9.094947017729282e-13,2.2737367544323206e-13,0.0,0,0,0
2025-11-19,H48,36,06:00,2025-11-18,48.0,6,3850.0027514346507,3986.2344098709013,136.23165843625083,0.0,3860.027055944018,359.0511507413179,67942.29203565477,0.07205499999997755,0.0,1,1,fallback_q80_q20,286;309;306;308;315;261;299;291;317;300;309;315;299;305;294;274;292;286;308;280;274;313;298;286;258;301;279;280;274;288,1.8189894035458565e-12,9.094947017729282e-13,0.0,0,0,0
2025-11-19,H48,72,12:00,2025-11-18,48.0,6,-990.428237287536,105.04582321331222,1095.4740605008483,0.0,66.71964059599571,3873.3578814950397,81664.87667546688,0.1922088999999687,0.0,1,1,fallback_q80_q20,261;305;317;275;282;271;285;278;289;267;271;300;293;270;317;304;277;302;280;270;285;266;268;306;306;305;279;315;292;315,9.094947017729282e-13,3.019806626980426e-13,0.0,0,0,0
2025-11-19,H48,108,18:00,2025-11-18,48.0,6,-39.072339371200115,0.0,39.072339371200115,0.0,0.0,61.8370530751061,96748.91708575623,0.07265389999997751,0.0,1,1,fallback_q80_q20,304;308;301;278;294;285;261;270;314;287;292;294;314;314;309;318;316;303;300;290;292;267;288;296;315;273;298;289;309;298,9.094947017729282e-13,1.4779288903810084e-12,0.0,0,0,0
2025-11-20,H48,0,00:00,2025-11-19,48.0,6,54642.94325359626,0.0,0.0,0.0,0.0,0.0,83549.23936976069,0.07161289999999099,0.0,1,1,fallback_q80_q20,298;277;311;309;317;320;258;309;300;291;259;257;310;289;261;308;302;313;284;320;264;291;291;278;286;310;304;300;297;320,9.094947017729282e-13,2.2737367544323206e-13,0.0,0,0,0
2025-11-20,H48,36,06:00,2025-11-19,48.0,6,327.21241260130654,401.04083793301,73.82842533170344,0.0,584.8674037618769,185.34156841435913,37998.752053974575,0.09410209999998642,0.0,1,1,fallback_q80_q20,261;289;257;308;283;298;267;308;258;303;295;288;289;318;317;295;286;315;282;310;312;290;286;258;287;302;293;257;315;316,9.094947017729282e-13,2.2737367544323206e-13,0.0,0,0,0
2025-11-20,H48,72,12:00,2025-11-19,48.0,6,463.4750251180382,932.2859819467114,468.8109568286732,0.0,785.6450285372598,1891.122786614817,40233.9182223299,0.0843161999999893,0.0,1,1,fallback_q80_q20,310;307;308;273;302;313;296;308;310;293;312;276;309;265;308;293;298;318;298;297;316;303;317;271;258;266;318;301;317;308,9.094947017729282e-13,2.2737367544323206e-13,0.0,0,0,0
2025-11-20,H48,108,18:00,2025-11-19,48.0,6,113.97479971715342,119.78495056955748,5.810150852404062,0.0,69.02172464279636,16.17312527206343,53109.029368443946,0.08989520000000084,0.0,1,1,fallback_q80_q20,288;311;306;265;292;309;310;284;282;320;299;300;300;282;298;275;307;306;310;260;310;280;320;271;304;314;288;285;301;316,9.094947017729282e-13,1.9326762412674725e-12,0.0,0,0,0
2025-11-21,H48,0,00:00,2025-11-20,48.0,6,27665.46844927805,0.0,0.0,0.0,0.0,0.0,52978.61670846774,0.07737020000001849,0.0,1,1,fallback_q80_q20,300;308;319;266;291;321;319;278;273;286;303;317;317;321;304;321;317;309;301;316;285;266;272;282;317;271;308;316;287;311,9.094947017729282e-13,1.1368683772161603e-13,0.0,0,0,0
2025-11-21,H48,36,06:00,2025-11-20,48.0,6,2319.6171677987186,2341.008204225353,21.39103642663441,0.0,3320.7324491885674,66.9721606696985,35832.660829766326,0.08517539999991186,0.0,1,1,fallback_q80_q20,268;264;276;307;314;285;309;310;272;289;308;300;321;312;309;316;303;316;278;301;301;321;296;265;320;266;310;298;259;287,9.094947017729282e-13,1.1368683772161603e-13,0.0,0,0,0
2025-11-21,H48,72,12:00,2025-11-20,48.0,6,-1220.111318568246,0.0,1220.111318568246,0.0,0.0,4010.91210740959,34172.38350871344,0.12667369999996936,0.0,1,1,fallback_q80_q20,295;258;308;313;283;307;319;321;319;311;299;316;321;279;321;320;313;320;312;303;321;313;317;306;317;277;303;320;316;306,1.2505552149377763e-12,2.2737367544323206e-13,0.0,0,0,0
2025-11-21,H48,108,18:00,2025-11-20,48.0,6,-516.7285331326271,0.0,516.7285331326271,0.0,0.0,1138.5835217190806,39229.74376179159,0.0907575999999608,0.0,1,1,fallback_q80_q20,312;298;284;279;321;266;300;288;258;286;309;292;310;308;303;300;321;310;284;319;312;287;276;290;276;297;309;285;272;303,1.0231815394945443e-12,1.1368683772161603e-13,0.0,0,0,0
2025-11-22,H48,0,00:00,2025-11-21,48.0,6,29582.72835878557,0.0,0.0,0.0,0.0,0.0,82683.46227720488,0.08064730000000964,0.0,1,1,fallback_q80_q20,256;283;312;288;262;302;305;301;310;319;317;319;314;290;309;277;295;296;319;313;291;313;262;290;305;303;318;313;306;297,9.094947017729282e-13,2.2737367544323206e-13,0.0,0,0,0
2025-11-22,H48,36,06:00,2025-11-21,48.0,6,-1547.9762011332143,0.0,1547.9762011332143,0.0,0.0,4908.714430367062,60078.52484125807,0.08343639999998231,0.0,1,1,fallback_q80_q20,310;303;294;302;288;290;309;320;322;271;304;295;299;313;312;319;318;288;290;255;298;305;319;296;271;319;319;321;289;308,9.094947017729282e-13,2.2737367544323206e-13,0.0,0,0,0
2025-11-22,H48,72,12:00,2025-11-21,48.0,6,-900.5145345646241,0.0,900.5145345646241,0.0,0.0,2980.1010664524106,70590.4623077103,0.08782220000000507,0.0,1,1,fallback_q80_q20,305;309;273;276;313;321;289;295;321;314;309;321;287;318;319;303;313;293;282;298;316;263;302;277;292;303;307;290;320;279,3.637978807091713e-12,2.2737367544323206e-13,0.0,0,0,0
2025-11-22,H48,108,18:00,2025-11-21,48.0,6,-258.9426850661287,0.0,258.9426850661287,0.0,0.0,512.5620381864193,89363.4209214055,0.0733681000000388,0.0,1,1,fallback_q80_q20,299;314;311;278;318;322;277;318;311;298;310;316;306;318;310;292;319;309;309;291;300;311;312;268;322;310;318;307;286;316,9.094947017729282e-13,2.2737367544323206e-13,0.0,0,0,0
2025-11-23,H48,0,00:00,2025-11-22,48.0,6,47256.83559454054,0.0,0.0,0.0,0.0,0.0,104033.8845968011,0.07551660000001448,0.0,1,1,fallback_q80_q20,313;308;320;297;318;305;283;284;310;319;283;268;315;281;295;304;302;283;323;311;274;289;290;278;302;320;297;314;323;306,9.094947017729282e-13,2.2737367544323206e-13,0.0,0,0,0
2025-11-23,H48,36,06:00,2025-11-22,48.0,6,7868.918966050187,7872.7747786971,3.8558126469129768,0.0,6608.81784409801,18.264287066662746,74736.00037802957,0.09004110000000765,0.0,1,1,fallback_q80_q20,310;308;322;320;271;311;256;311;316;262;313;318;312;293;271;313;307;312;287;320;304;307;271;297;307;305;304;283;302;279,9.094947017729282e-13,2.2737367544323206e-13,0.0,0,0,0
2025-11-23,H48,72,12:00,2025-11-22,48.0,6,1457.2958653782446,1648.1547446925883,190.85887931434377,0.0,1038.9416490572703,659.8307505065887,77281.1735658055,0.07836340000005748,0.0,1,1,fallback_q80_q20,323;323;302;313;305;280;301;319;301;284;319;314;270;299;269;284;323;309;300;315;321;303;306;268;302;321;307;289;320;283,9.094947017729282e-13,2.2737367544323206e-13,0.0,0,0,0
2025-11-23,H48,108,18:00,2025-11-22,48.0,6,1503.2079391528277,1503.2079391528277,0.0,0.0,842.7390112846103,0.0,98449.62837888228,0.032493799999997464,0.0,1,1,fallback_q80_q20,320;306;304;292;299;292;312;312;323;279;304;315;303;320;321;295;263;313;305;310;299;298;277;313;322;306;262;312;308;298,9.094947017729282e-13,4.547473508864641e-13,0.0,0,0,0
2025-11-24,H48,0,00:00,2025-11-23,48.0,6,51567.00016566954,0.0,0.0,0.0,0.0,0.0,106490.82744371703,0.07097959999998693,0.0,1,1,fallback_q80_q20,310;296;318;318;282;324;308;314;324;306;308;311;288;295;307;321;316;315;315;312;320;324;267;320;266;309;291;306;292;305,9.094947017729282e-13,2.2737367544323206e-13,0.0,0,0,0
2025-11-24,H48,36,06:00,2025-11-23,48.0,6,3703.5865795486848,3709.3147172792515,5.728137730566484,0.0,3374.0192206659963,27.887834101683893,67590.1758486734,0.06826030000001992,0.0,1,1,fallback_q80_q20,306;322;323;324;294;316;323;267;323;315;314;285;308;314;322;280;288;312;276;296;291;278;315;307;280;307;309;312;310;303,9.094947017729282e-13,2.2737367544323206e-13,0.0,0,0,0
2025-11-24,H48,72,12:00,2025-11-23,48.0,6,-906.4632601860089,0.0,906.4632601860089,0.0,0.0,2878.7064361327866,79952.11844086491,0.1506641999999374,0.0,1,1,fallback_q80_q20,280;293;323;318;283;281;320;320;310;321;264;300;311;307;296;304;303;297;276;318;299;315;289;315;322;322;300;304;301;316,9.094947017729282e-13,2.2737367544323206e-13,0.0,0,0,0
2025-11-24,H48,108,18:00,2025-11-23,48.0,6,157.6603889481453,160.23239665439542,2.5720077062500954,0.0,102.04090702482404,12.186182425404013,96358.84776845992,0.08050630000002457,0.0,1,1,fallback_q80_q20,312;321;288;324;274;312;268;313;314;292;307;281;303;300;320;276;323;323;316;289;322;272;323;306;314;315;301;324;293;318,1.0231815394945443e-12,5.684341886080801e-13,0.0,0,0,0
2025-11-25,H48,0,00:00,2025-11-24,48.0,6,60684.986077130176,0.0,0.0,0.0,0.0,0.0,114675.28870218954,0.07377120000001014,0.0,1,1,fallback_q80_q20,267;294;325;310;294;282;322;320;295;301;321;308;312;324;274;285;281;303;267;291;323;324;284;325;314;319;316;306;285;324,9.094947017729282e-13,3.410605131648481e-13,0.0,0,0,0
2025-11-25,H48,36,06:00,2025-11-24,48.0,6,-1124.1977230567613,283.74335590998254,1407.9410789667438,0.0,159.7869515237826,3950.8752237023664,65391.447784992095,0.09134879999999157,0.0,1,1,fallback_q80_q20,300;321;284;305;318;272;318;307;315;302;283;319;288;321;320;321;319;268;323;287;321;294;295;317;314;310;295;304;305;314,9.094947017729282e-13,5.684341886080801e-13,0.0,0,0,0
2025-11-25,H48,72,12:00,2025-11-24,48.0,6,-1146.6231673949308,0.0,1146.6231673949308,0.0,0.0,3822.9718482666553,77332.2308734658,0.09145649999993566,0.0,1,1,fallback_q80_q20,322;276;320;266;314;291;306;313;317;273;274;294;312;322;309;321;291;308;292;321;287;297;322;325;272;303;295;304;298;322,1.0231815394945443e-12,2.2737367544323206e-13,0.0,0,0,0
2025-11-25,H48,108,18:00,2025-11-24,48.0,6,-72.95022990526085,0.0,72.95022990526085,0.0,0.0,124.02950137973295,100870.79534948472,0.06258839999998145,0.0,1,1,fallback_q80_q20,268;295;309;300;310;320;272;281;279;314;323;305;318;308;295;322;321;324;324;297;312;298;311;290;324;325;317;309;323;290,1.0231815394945443e-12,1.1368683772161603e-12,0.0,0,0,0
2025-11-26,H48,0,00:00,2025-11-25,48.0,6,56647.47808241327,0.0,0.0,0.0,0.0,0.0,111914.91296536797,0.07277769999996053,0.0,1,1,fallback_q80_q20,322;318;266;307;303;306;313;275;324;317;314;311;325;287;303;295;288;315;289;304;279;299;306;320;288;312;266;309;316;326,9.094947017729282e-13,2.2737367544323206e-13,0.0,0,0,0
2025-11-26,H48,36,06:00,2025-11-25,48.0,6,2518.4598550689143,2631.2121406026463,112.7522855337319,0.0,1949.6652534947314,399.0213565059323,67658.054900082,0.09517200000004777,0.0,1,1,fallback_q80_q20,324;309;324;319;303;316;315;288;266;317;300;273;326;302;295;313;314;309;273;309;280;320;325;266;265;321;321;317;307;301,9.094947017729282e-13,2.2737367544323206e-13,0.0,0,0,0
2025-11-26,H48,72,12:00,2025-11-25,48.0,6,-249.7762221011817,610.2538992604661,860.0301213616478,0.0,385.20125181961964,2966.6574542780545,82212.60009877298,0.07459400000004734,0.0,1,1,fallback_q80_q20,273;313;316;300;322;317;319;278;323;283;291;285;291;291;317;279;315;316;296;320;310;297;321;282;323;268;324;292;314;264,9.094947017729282e-13,2.2737367544323206e-13,0.0,0,0,0
2025-11-26,H48,108,18:00,2025-11-25,48.0,6,322.3347752291556,322.3347752291556,0.0,0.0,170.69463121929869,0.0,96362.9623450961,0.06594499999994241,0.0,1,1,fallback_q80_q20,316;282;280;323;294;271;314;326;325;313;316;293;323;325;306;322;321;303;316;271;306;321;305;310;291;307;319;304;297;314,9.094947017729282e-13,1.1368683772161603e-12,0.0,0,0,0
2025-11-27,H48,0,00:00,2025-11-26,48.0,6,54460.71936990187,0.0,0.0,0.0,0.0,0.0,83412.37972725189,0.09823440000002392,0.0,1,1,fallback_q80_q20,303;324;320;320;303;317;265;327;306;314;318;310;320;326;294;321;268;324;302;323;301;325;327;275;316;306;305;321;321;317,9.094947017729282e-13,2.2737367544323206e-13,0.0,0,0,0
2025-11-27,H48,36,06:00,2025-11-26,48.0,6,3570.6908852540055,3584.900854508306,14.209969254300702,0.0,2730.1210208997945,60.71853905427781,41612.36602335794,0.09594159999994645,0.0,1,1,fallback_q80_q20,290;323;301;323;292;327;279;326;322;320;322;307;317;314;316;309;294;320;266;327;327;315;286;316;323;321;302;287;304;311,9.094947017729282e-13,2.2737367544323206e-13,0.0,0,0,0
2025-11-27,H48,72,12:00,2025-11-26,48.0,6,-432.88734560804164,627.2165973424121,1060.1039429504538,0.0,414.611568682478,3773.6734820792726,44317.64359317698,0.10715590000006614,0.0,1,1,fallback_q80_q20,307;316;307;317;273;278;266;310;324;273;309;306;311;326;305;319;313;321;302;275;308;323;287;320;294;302;319;320;327;287,9.094947017729282e-13,2.2737367544323206e-13,0.0,0,0,0
2025-11-27,H48,108,18:00,2025-11-26,48.0,6,-81.57896610167018,0.0,81.57896610167018,0.0,0.0,153.1508458889137,48159.07812647069,0.08920169999998961,0.0,1,1,fallback_q80_q20,286;320;323;287;304;320;314;283;322;303;316;315;315;313;316;299;327;322;294;317;286;324;317;323;278;290;311;306;306;324,9.094947017729282e-13,2.0463630789890885e-12,0.0,0,0,0
2025-11-28,H48,0,00:00,2025-11-27,48.0,6,29462.143164241446,0.0,0.0,0.0,0.0,0.0,55860.36304470916,0.08563120000007984,0.0,1,1,fallback_q80_q20,289;278;315;313;275;306;306;286;318;325;294;315;312;315;328;326;285;327;322;301;321;322;310;294;294;291;327;321;324;302,9.094947017729282e-13,1.1368683772161603e-13,0.0,0,0,0
2025-11-28,H48,36,06:00,2025-11-27,48.0,6,2121.8241581176108,2127.5710905305104,5.74693241289962,0.0,2266.461036064504,25.715140635844477,36815.24598912598,0.0952118000000155,0.0,1,1,fallback_q80_q20,284;305;327;278;320;325;312;328;327;310;294;313;267;321;323;280;320;323;318;284;313;311;328;302;298;272;295;308;305;324,9.094947017729282e-13,1.1368683772161603e-13,0.0,0,0,0
2025-11-28,H48,72,12:00,2025-11-27,48.0,6,-1566.3464510533192,0.0,1566.3464510533192,0.0,0.0,4706.677544974811,35347.97642209325,0.10996949999992012,0.0,1,1,fallback_q80_q20,316;327;322;323;320;286;273;328;313;326;274;321;301;302;324;309;281;303;300;305;315;317;325;312;294;307;285;321;321;327,9.094947017729282e-13,3.0127011996228248e-12,0.0,0,0,0
2025-11-28,H48,108,18:00,2025-11-27,48.0,6,-526.2884400999814,0.0,526.2884400999814,0.0,0.0,1159.966610922493,41783.50505884901,0.09661899999991874,0.0,1,1,fallback_q80_q20,279;300;316;320;324;308;303;314;281;307;320;282;298;328;295;327;267;301;323;322;304;328;267;266;322;320;289;286;327;283,9.094947017729282e-13,2.2737367544323206e-13,0.0,0,0,0
2025-11-29,H48,0,00:00,2025-11-28,48.0,6,30654.788375985358,0.0,0.0,0.0,0.0,0.0,84119.25706632978,0.08206540000003315,0.0,1,1,fallback_q80_q20,291;329;286;280;300;318;262;311;302;322;318;307;298;298;319;321;311;308;327;310;329;285;319;316;311;320;310;324;304;320,9.094947017729282e-13,2.2737367544323206e-13,0.0,0,0,0
2025-11-29,H48,36,06:00,2025-11-28,48.0,6,-1653.5485092830654,104.95516358774519,1758.5036728708105,0.0,71.27157809340486,5623.009678315913,59995.45429638734,0.09146259999999984,0.0,1,1,fallback_q80_q20,313;301;304;282;308;320;299;328;291;328;286;308;314;263;314;292;320;313;270;313;314;285;321;314;312;282;321;326;327;318,9.094947017729282e-13,2.2737367544323206e-13,0.0,0,0,0
2025-11-29,H48,72,12:00,2025-11-28,48.0,6,-475.94308600800593,203.95113386254715,679.8942198705531,0.0,187.22234279997232,2969.9823483231658,74816.47946027482,0.1442394000000604,0.0,1,1,fallback_q80_q20,287;322;301;301;294;318;315;326;302;327;317;286;328;305;305;311;288;325;325;282;302;327;321;325;294;288;329;306;316;318,1.7621459846850485e-12,2.8421709430404007e-13,0.0,0,0,0
2025-11-29,H48,108,18:00,2025-11-28,48.0,6,-388.64450419719043,0.0,388.64450419719043,0.0,0.0,793.1733062666868,84451.52144797756,0.11151900000004389,0.0,1,1,fallback_q80_q20,278;285;280;327;280;326;310;311;296;326;305;312;263;319;321;302;327;310;328;289;277;323;326;326;278;309;300;322;300;289,9.663381206337363e-13,2.2737367544323206e-13,0.0,0,0,0
2025-11-30,H48,0,00:00,2025-11-29,48.0,6,51864.39839191497,0.0,0.0,0.0,0.0,0.0,108904.5365923577,0.1610313999999562,0.0,1,1,fallback_q80_q20,289;328;326;278;298;321;313;270;325;293;262;328;324;323;314;287;319;311;315;288;269;330;316;330;324;327;330;283;290;309,1.0231815394945443e-12,2.2737367544323206e-13,0.0,0,0,0
2025-11-30,H48,36,06:00,2025-11-29,48.0,6,8670.108659695316,8676.30067861095,6.192018915634694,0.0,6818.958375181823,25.45720743163531,74418.90609228556,0.07107949999999619,0.0,1,1,fallback_q80_q20,319;288;326;312;296;290;294;311;295;330;306;328;316;309;308;305;280;313;280;291;325;328;291;303;328;312;279;326;323;325,7.958078640513122e-13,2.2737367544323206e-13,0.0,0,0,0
2025-11-30,H48,72,12:00,2025-11-29,48.0,6,-1149.5303947822458,0.0,1149.5303947822458,0.0,0.0,3192.671188491963,79659.97222979552,0.05484169999999722,0.0,1,1,fallback_q80_q20,295;320;318;329;276;329;299;282;330;310;321;330;288;309;309;327;303;297;269;311;304;303;309;302;289;326;300;285;314;280,1.0231815394945443e-12,2.2737367544323206e-13,0.0,0,0,0
2025-11-30,H48,108,18:00,2025-11-29,48.0,6,2479.5302926898594,2479.5302926898594,0.0,0.0,1384.581748333641,0.0,98722.12330602793,0.09415179999996326,0.0,1,1,fallback_q80_q20,314;277;327;305;313;309;329;330;290;330;329;311;289;313;330;269;276;308;313;319;328;276;305;326;314;325;262;276;299;326,9.094947017729282e-13,4.547473508864641e-13,0.0,0,0,0
2025-12-01,H48,0,00:00,2025-11-30,48.0,6,59830.16192629834,0.0,0.0,0.0,0.0,0.0,114700.46301340306,0.08087569999997868,0.0,1,1,fallback_q80_q20,299;306;327;330;292;321;274;327;310;316;328;330;321;309;301;306;327;317;320;329;310;299;325;324;329;315;281;291;299;330,9.094947017729282e-13,2.2737367544323206e-13,0.0,0,0,0
2025-12-01,H48,36,06:00,2025-11-30,48.0,6,3420.884492140054,3453.412588149337,32.52809600928295,0.0,2582.349756976778,143.46548377996726,70677.83693637582,0.0736911000000191,0.0,1,1,fallback_q80_q20,321;268;291;299;328;313;312;312;310;293;324;321;317;331;329;328;302;303;318;329;325;285;307;285;293;330;320;274;279;296,9.094947017729282e-13,2.2737367544323206e-13,0.0,0,0,0
2025-12-01,H48,72,12:00,2025-11-30,48.0,6,65.20285820007678,738.659023967854,673.4561657677772,0.0,412.2402081582566,1806.636356692674,84560.3363284556,0.08417650000001231,0.0,1,1,fallback_q80_q20,331;273;309;327;300;330;322;279;275;331;286;304;306;328;280;327;295;287;317;331;299;323;288;324;293;330;304;323;302;310,9.094947017729282e-13,2.2737367544323206e-13,0.0,0,0,0
2025-12-01,H48,108,18:00,2025-11-30,48.0,6,-125.50006548002499,0.0,125.50006548002499,0.0,0.0,219.47605212291228,104668.14613921332,0.08801249999999072,0.0,1,1,fallback_q80_q20,330;325;318;321;275;278;310;329;282;297;310;279;278;300;324;289;324;275;308;327;290;318;286;329;307;294;330;290;312;295,9.094947017729282e-13,5.684341886080801e-13,0.0,0,0,0
2025-12-02,H48,0,00:00,2025-12-01,48.0,6,62495.760974960685,0.0,0.0,0.0,0.0,0.0,119297.06249502474,0.08943299999998544,0.0,1,1,fallback_q80_q20,329;309;279;330;323;275;322;296;309;318;320;299;311;331;299;288;322;301;290;323;322;326;283;298;319;288;322;329;292;322,9.094947017729282e-13,2.2737367544323206e-13,0.0,0,0,0
2025-12-02,H48,36,06:00,2025-12-01,48.0,6,1461.675582287101,1701.20933494333,239.5337526562291,0.0,1174.0420342449145,927.8113010174832,69110.72460886987,0.07826939999995375,0.0,1,1,fallback_q80_q20,305;322;284;324;331;278;328;313;279;327;301;323;331;279;302;306;315;318;285;273;317;331;321;303;307;330;329;319;300;292,9.094947017729282e-13,2.2737367544323206e-13,0.0,0,0,0
2025-12-02,H48,72,12:00,2025-12-01,48.0,6,140.74896377100583,741.3934596287618,600.6444958577559,0.0,466.0766176041913,1663.3044417721596,86597.1325638246,0.08771909999995842,0.0,1,1,fallback_q80_q20,294;330;331;325;301;327;329;300;330;329;299;317;325;330;331;329;330;297;329;329;305;296;329;329;294;300;328;305;313;307,9.094947017729282e-13,2.2737367544323206e-13,0.0,0,0,0
2025-12-02,H48,108,18:00,2025-12-01,48.0,6,69.50892762900627,69.50892762900627,0.0,0.0,52.34722125594578,0.0,100943.82414635703,0.10138549999999213,0.0,1,1,fallback_q80_q20,327;296;330;322;317;286;323;322;321;306;328;328;304;303;310;308;320;275;320;301;325;319;285;299;327;278;279;330;311;314,1.8189894035458565e-12,6.821210263296962e-13,0.0,0,0,0
2025-12-03,H48,0,00:00,2025-12-02,48.0,6,55876.57874029132,0.0,0.0,0.0,0.0,0.0,112453.11741430563,0.07594679999999698,0.0,1,1,fallback_q80_q20,330;333;324;288;296;278;324;272;329;314;289;282;286;323;317;323;331;315;324;312;329;306;306;328;304;298;321;278;292;333,9.094947017729282e-13,2.2737367544323206e-13,0.0,0,0,0
2025-12-03,H48,36,06:00,2025-12-02,48.0,6,10622.29884272568,10628.83721932834,6.538376602659664,0.0,9401.086229886034,30.885511794393324,78848.56662092151,0.13338499999997566,0.0,1,1,fallback_q80_q20,281;288;324;314;289;309;333;330;321;309;319;293;285;317;314;330;292;328;327;322;309;324;297;292;325;332;306;296;302;289,9.094947017729282e-13,2.2737367544323206e-13,0.0,0,0,0
2025-12-03,H48,72,12:00,2025-12-02,48.0,6,1595.3948450443827,1969.2029393566972,373.80809431231455,0.0,1390.2730961433372,1426.5420450113143,81766.03290897995,0.0689566000000923,0.0,1,1,fallback_q80_q20,322;279;284;273;303;331;299;324;296;310;329;284;317;293;295;306;329;292;275;329;318;331;299;316;305;314;305;280;322;296,9.094947017729282e-13,2.2737367544323206e-13,0.0,0,0,0
2025-12-03,H48,108,18:00,2025-12-02,48.0,6,-26.06238600667616,0.0,26.06238600667616,0.0,0.0,47.26208215131521,100179.4225702959,0.17362169999989874,0.0,1,1,fallback_q80_q20,331;322;330;326;293;329;271;307;286;279;296;328;294;304;328;331;281;328;297;331;317;278;320;293;319;281;329;288;322;288,9.094947017729282e-13,1.1368683772161603e-12,0.0,0,0,0
2025-12-04,H48,0,00:00,2025-12-03,48.0,6,61556.62080493388,0.0,0.0,0.0,0.0,0.0,94356.99119885296,0.10244479999994383,0.0,1,1,fallback_q80_q20,275;293;313;329;323;309;308;325;296;315;294;307;319;326;318;278;327;306;289;320;327;334;323;334;324;324;334;309;323;301,9.094947017729282e-13,2.2737367544323206e-13,0.0,0,0,0
2025-12-04,H48,36,06:00,2025-12-03,48.0,6,1386.2883642458019,2517.282960195299,1130.9945959494971,0.0,1811.0425653118891,2773.316218818231,44230.053013701894,0.10029040000006262,0.0,1,1,fallback_q80_q20,288;303;306;311;317;330;315;329;310;329;317;330;332;282;324;285;296;334;331;330;304;303;330;327;295;334;324;319;334;293,9.094947017729282e-13,2.2737367544323206e-13,0.0,0,0,0
2025-12-04,H48,72,12:00,2025-12-03,48.0,6,2433.708228769413,2437.104723658191,3.3964948887778177,0.0,1652.909528081428,11.955279439555852,49833.68266587229,0.0853577000000314,0.0,1,1,fallback_q80_q20,299;307;331;307;334;315;312;306;322;334;331;285;318;330;314;304;333;312;323;334;291;297;332;327;310;301;322;315;331;328,9.094947017729282e-13,2.2737367544323206e-13,0.0,0,0,0
2025-12-04,H48,108,18:00,2025-12-03,48.0,6,536.2190557057102,536.2190557057102,0.0,0.0,296.31941228064704,0.0,69291.40873575534,0.08975170000007893,0.0,1,1,fallback_q80_q20,302;334;322;314;332;317;325;316;322;278;332;329;309;271;315;291;322;326;316;296;312;310;331;290;310;286;296;271;274;313,9.094947017729282e-13,5.684341886080801e-13,0.0,0,0,0
2025-12-05,H48,0,00:00,2025-12-04,48.0,6,37988.15007902027,0.0,0.0,0.0,0.0,0.0,70015.71829814128,0.08342530000004444,0.0,1,1,fallback_q80_q20,296;309;334;322;321;297;335;328;308;332;333;317;330;327;334;296;323;302;328;335;335;317;309;333;334;310;331;292;323;293,8.526512829121202e-13,2.2737367544323206e-13,0.0,0,0,0
2025-12-05,H48,36,06:00,2025-12-04,48.0,6,1440.6855359542585,1505.7344163299351,65.04888037567655,0.0,1218.147190459597,244.33649622726568,41727.26757743445,0.10199509999995371,0.0,1,1,fallback_q80_q20,335;287;322;315;291;333;322;333;318;324;296;294;315;334;302;327;274;298;329;335;318;326;330;281;290;289;310;316;282;309,9.094947017729282e-13,1.1368683772161603e-13,0.0,0,0,0
2025-12-05,H48,72,12:00,2025-12-04,48.0,6,-1929.0985613105813,0.0,1929.0985613105813,0.0,0.0,6128.471664807076,41835.77515102563,0.08008319999999003,0.0,1,1,fallback_q80_q20,327;315;296;326;332;328;306;322;332;323;306;308;323;328;293;301;319;298;330;328;335;281;325;294;274;274;296;299;303;322,1.0231815394945443e-12,4.547473508864641e-13,0.0,0,0,0
2025-12-05,H48,108,18:00,2025-12-04,48.0,6,-632.4006409060528,0.0,632.4006409060528,0.0,0.0,1466.692055932567,54490.99916145386,0.09283219999997527,0.0,1,1,fallback_q80_q20,334;301;300;325;316;335;334;310;297;302;319;323;317;332;315;324;321;327;334;318;293;273;290;273;331;314;309;334;310;329,9.094947017729282e-13,1.0231815394945443e-12,0.0,0,0,0
2025-12-06,H48,0,00:00,2025-12-05,48.0,6,34208.176321348394,0.0,0.0,0.0,0.0,0.0,90663.43202660639,0.08792280000000119,0.0,1,1,fallback_q80_q20,318;336;307;292;296;291;306;327;299;332;335;283;289;333;332;322;291;322;307;284;315;310;316;284;310;294;304;291;316;270,1.4779288903810084e-12,2.2737367544323206e-13,0.0,0,0,0
2025-12-06,H48,36,06:00,2025-12-05,48.0,6,-10.579643012839142,676.8413436594446,687.4209866722838,0.0,622.2949766043544,1888.803757786454,67784.73066803848,0.15469050000001516,0.0,1,1,fallback_q80_q20,297;288;303;334;328;333;288;269;327;318;288;296;320;335;287;326;312;291;297;309;295;281;329;325;335;318;321;318;327;319,8.242295734817162e-13,2.2737367544323206e-13,0.0,0,0,0
2025-12-06,H48,72,12:00,2025-12-05,48.0,6,-831.8499620649093,0.0,831.8499620649093,0.0,0.0,3530.972744388547,83868.44249686356,0.2503331000000344,0.0,1,1,fallback_q80_q20,324;269;309;288;335;312;313;329;309;332;336;304;334;276;323;322;277;316;303;300;294;302;333;306;333;336;334;281;276;327,1.0231815394945443e-12,2.2737367544323206e-13,0.0,0,0,0
2025-12-06,H48,108,18:00,2025-12-05,48.0,6,-415.41620225691526,0.0,415.41620225691526,0.0,0.0,789.430224012895,98711.58114338548,0.054336700000021665,0.0,1,1,fallback_q80_q20,332;302;301;335;299;336;310;325;324;306;324;320;276;314;286;306;335;330;330;333;331;299;324;287;298;321;327;285;284;322,9.094947017729282e-13,2.2737367544323206e-13,0.0,0,0,0
2025-12-07,H48,0,00:00,2025-12-06,48.0,6,58872.9034103075,0.0,0.0,0.0,0.0,0.0,124805.68969600581,0.08423819999995885,0.0,1,1,fallback_q80_q20,336;333;304;331;329;336;334;332;306;301;322;335;323;323;289;324;314;324;333;332;328;333;314;290;303;269;326;325;298;332,1.0231815394945443e-12,2.2737367544323206e-13,0.0,0,0,0
2025-12-07,H48,36,06:00,2025-12-06,48.0,6,1562.5006466985467,2979.60492920825,1417.1042825097031,0.0,2019.1496243913577,4618.285224876343,75428.56256380863,0.09476779999999962,0.0,1,1,fallback_q80_q20,306;318;314;336;312;303;322;328;324;312;270;322;277;317;320;307;294;284;326;326;331;310;304;326;298;332;315;321;313;329,9.094947017729282e-13,2.2737367544323206e-13,0.0,0,0,0
2025-12-07,H48,72,12:00,2025-12-06,48.0,6,4923.4175380215365,4923.4175380215365,0.0,0.0,3936.7559634191175,0.0,101104.64725423067,0.08327080000003662,0.0,1,1,fallback_q80_q20,306;334;308;320;290;336;336;328;329;299;290;283;335;289;327;333;337;330;309;293;290;291;311;334;312;335;336;333;337;298,1.0231815394945443e-12,2.2737367544323206e-13,0.0,0,0,0
2025-12-07,H48,108,18:00,2025-12-06,48.0,6,1861.9866503719372,1861.9866503719372,0.0,0.0,1016.0247149373401,0.0,112300.82015439446,0.0808582000000797,0.0,1,1,fallback_q80_q20,321;330;295;304;333;330;313;316;331;296;305;295;327;335;294;332;329;284;276;290;300;316;323;333;310;312;315;297;317;337,9.094947017729282e-13,2.2737367544323206e-13,0.0,0,0,0
2025-12-08,H48,0,00:00,2025-12-07,48.0,6,69168.61645194926,0.0,0.0,0.0,0.0,0.0,134947.64519325955,0.08311439999999948,0.0,1,1,fallback_q80_q20,338;333;333;311;327;337;289;325;280;334;337;335;315;278;293;303;317;337;331;280;330;309;323;309;327;334;335;331;280;323,1.0231815394945443e-12,2.2737367544323206e-13,0.0,0,0,0
2025-12-08,H48,36,06:00,2025-12-07,48.0,6,667.6095752661373,1398.7421461548313,731.132570888694,0.0,1118.5514121364024,1747.0100873612337,79673.149405201,0.10910899999998946,0.0,1,1,fallback_q80_q20,300;338;306;334;338;290;338;330;336;336;321;335;334;330;316;318;325;324;338;327;331;324;319;333;338;303;307;329;300;320,9.094947017729282e-13,1.0231815394945443e-12,0.0,0,0,0
2025-12-08,H48,72,12:00,2025-12-07,48.0,6,-294.6624487494007,746.8405227225946,1041.5029714719954,0.0,512.8639434057252,3663.6350117855663,103098.20500658451,0.09858989999997902,0.0,1,1,fallback_q80_q20,335;293;301;303;301;318;338;333;338;334;288;334;335;300;307;336;336;308;338;332;319;275;320;291;314;330;331;282;333;309,1.0231815394945443e-12,2.2737367544323206e-13,0.0,0,0,0
2025-12-08,H48,108,18:00,2025-12-07,48.0,6,423.5352364095316,427.026924651369,3.4916882418373607,0.0,239.66846691949758,7.074639331045205,123055.19225303146,0.09686609999994289,0.0,1,1,fallback_q80_q20,315;309;333;337;292;335;306;307;331;330;337;318;329;315;291;334;323;324;338;318;335;302;325;292;328;328;335;318;327;301,9.094947017729282e-13,7.958078640513122e-13,0.0,0,0,0
2025-12-09,H48,0,00:00,2025-12-08,48.0,6,67849.39904760207,0.0,0.0,0.0,0.0,0.0,133207.78949201966,0.07806640000001153,0.0,1,1,fallback_q80_q20,339;320;327;294;311;336;335;280;338;321;335;306;290;278;301;339;323;337;326;329;298;337;331;324;327;338;295;337;322;322,7.958078640513122e-13,2.2737367544323206e-13,0.0,0,0,0
2025-12-09,H48,36,06:00,2025-12-08,48.0,6,-211.95119671131067,851.0287523999642,1062.979949111275,0.0,595.8578095268139,3238.0415921368053,79453.28059808168,0.15316840000002685,0.0,1,1,fallback_q80_q20,280;338;282;290;316;322;320;335;326;319;304;300;285;307;339;339;327;334;335;288;330;286;314;329;315;315;333;320;333;334,1.943778471513724e-12,1.7053025658242404e-12,0.0,0,0,0
2025-12-09,H48,72,12:00,2025-12-08,48.0,6,-486.114468540104,0.0,486.114468540104,0.0,0.0,1843.164771395387,96518.4025499415,0.2432962000000316,0.0,1,1,fallback_q80_q20,334;297;339;329;321;307;314;290;324;280;298;292;282;334;313;296;298;336;302;304;317;338;292;316;320;292;334;288;295;315,8.846257060213247e-13,2.2737367544323206e-13,0.0,0,0,0
2025-12-09,H48,108,18:00,2025-12-08,48.0,6,825.2025829502512,825.2025829502512,0.0,0.0,466.19119046818673,0.0,115109.40873164969,0.0962945999999647,0.0,1,1,fallback_q80_q20,337;329;338;334;312;316;332;335;330;339;294;315;337;336;336;334;321;327;332;295;307;323;310;316;317;302;296;334;280;326,9.094947017729282e-13,2.2737367544323206e-13,0.0,0,0,0
2025-12-10,H48,0,00:00,2025-12-09,48.0,6,65257.58567328216,0.0,0.0,0.0,0.0,0.0,130386.6855196932,0.07998579999991762,0.0,1,1,fallback_q80_q20,330;322;303;334;337;330;310;324;338;287;313;297;293;334;321;317;303;295;332;291;319;337;334;336;318;278;315;295;324;295,9.094947017729282e-13,2.2737367544323206e-13,0.0,0,0,0
2025-12-10,H48,36,06:00,2025-12-09,48.0,6,1502.1097824740941,1670.5248287057138,168.41504623161967,0.0,1646.029627114668,416.76083793066755,77050.27631448922,0.09176230000002761,0.0,1,1,fallback_q80_q20,334;288;324;296;340;330;288;282;316;329;306;281;330;339;338;338;313;311;322;318;309;299;306;315;330;329;316;288;282;326,9.094947017729282e-13,1.9326762412674725e-12,0.0,0,0,0
2025-12-10,H48,72,12:00,2025-12-09,48.0,6,-379.7644035906237,494.0835834273762,873.8479870179999,0.0,309.8099775514145,2453.483322397633,97880.89872447778,0.09614360000000488,0.0,1,1,fallback_q80_q20,339;321;327;330;318;326;336;338;323;335;298;333;296;314;338;324;338;306;334;323;326;335;333;337;280;280;338;293;314;336,9.094947017729282e-13,2.2737367544323206e-13,0.0,0,0,0
2025-12-10,H48,108,18:00,2025-12-09,48.0,6,-20.04911287277581,0.0,20.04911287277581,0.0,0.0,32.18140218510433,120756.30640002381,0.08556599999997161,0.0,1,1,fallback_q80_q20,304;304;336;308;333;325;295;306;286;330;339;338;332;301;302;310;314;338;278;331;339;338;314;278;318;313;328;314;335;303,9.094947017729282e-13,9.094947017729282e-13,0.0,0,0,0
2025-12-11,H48,0,00:00,2025-12-10,48.0,6,66096.62535003824,0.0,0.0,0.0,0.0,0.0,106130.07774531902,0.0712929000000031,0.0,1,1,fallback_q80_q20,334;280;323;281;297;317;334;285;338;317;318;337;321;303;330;331;288;282;318;285;299;323;321;341;340;328;295;337;281;311,9.094947017729282e-13,2.2737367544323206e-13,0.0,0,0,0
2025-12-11,H48,36,06:00,2025-12-10,48.0,6,-172.08517663644727,651.3224812259551,823.4076578624024,0.0,410.24396062987375,2199.79581900092,48677.19212612623,0.08546540000008918,0.0,1,1,fallback_q80_q20,322;287;340;287;313;329;336;281;306;324;287;302;305;287;313;313;306;340;312;281;330;299;292;324;341;296;341;324;314;336,1.0231815394945443e-12,3.410605131648481e-13,0.0,0,0,0
2025-12-11,H48,72,12:00,2025-12-10,48.0,6,-598.6058142064301,118.3947014188646,717.0005156252946,0.0,90.91334050205154,2468.5390028424786,57611.80069610471,0.10061450000000605,0.0,1,1,fallback_q80_q20,308;334;321;286;285;317;307;316;328;341;327;306;337;341;292;295;341;294;326;308;339;338;337;331;341;297;329;316;333;294,9.094947017729282e-13,2.2737367544323206e-13,0.0,0,0,0
2025-12-11,H48,108,18:00,2025-12-10,48.0,6,486.98045768538327,486.98045768538327,0.0,0.0,282.65056585050775,0.0,76295.27471627382,0.09900540000001001,0.0,1,1,fallback_q80_q20,323;320;319;281;338;332;299;325;341;293;282;325;337;313;321;281;317;336;310;309;336;285;336;333;305;300;340;341;315;311,9.663381206337363e-13,2.2737367544323206e-13,0.0,0,0,0
2025-12-12,H48,0,00:00,2025-12-11,48.0,6,42303.90905551787,0.0,0.0,0.0,0.0,0.0,79577.18804572731,0.07896990000006099,0.0,1,1,fallback_q80_q20,334;299;338;312;332;342;299;337;281;279;309;331;319;285;331;334;289;332;311;322;305;334;338;337;338;331;325;319;317;309,1.0231815394945443e-12,2.2737367544323206e-13,0.0,0,0,0
2025-12-12,H48,36,06:00,2025-12-11,48.0,6,-457.0052740502721,0.0,457.0052740502721,0.0,0.0,1070.780782129722,45708.73253778755,0.10523890000001757,0.0,1,1,fallback_q80_q20,285;324;341;324;297;331;336;322;324;331;289;336;341;326;317;339;298;305;338;282;311;282;329;327;330;340;321;323;339;337,1.0231815394945443e-12,2.2737367544323206e-13,0.0,0,0,0
2025-12-12,H48,72,12:00,2025-12-11,48.0,6,-1962.3674040031792,0.0,1962.3674040031792,0.0,0.0,6539.939476484824,58606.489147673456,0.08855819999996584,0.0,1,1,fallback_q80_q20,293;336;288;324;333;337;341;332;336;328;329;299;319;307;334;334;323;336;308;294;336;327;302;311;320;308;313;335;333;335,9.094947017729282e-13,9.094947017729282e-13,0.0,0,0,0
2025-12-12,H48,108,18:00,2025-12-11,48.0,6,-693.0622112130202,0.0,693.0622112130202,0.0,0.0,1586.6811097905845,61991.56711449544,0.09014630000001489,0.0,1,1,fallback_q80_q20,292;338;341;327;337;341;336;333;334;334;332;339;340;334;308;341;337;341;323;286;341;323;342;324;331;320;304;341;338;339,1.9326762412674725e-12,7.958078640513122e-13,0.0,0,0,0
2025-12-13,H48,0,00:00,2025-12-12,48.0,6,37783.699610688185,0.0,0.0,0.0,0.0,0.0,98572.127917179,0.03553009999995993,0.0,1,1,fallback_q80_q20,290;340;310;305;311;298;340;339;339;298;321;288;343;292;302;306;340;319;316;333;329;342;309;311;307;330;307;340;327;314,8.810729923425242e-13,2.2737367544323206e-13,0.0,0,0,0
2025-12-13,H48,36,06:00,2025-12-12,48.0,6,1167.944946410773,1702.100987425074,534.1560410143012,0.0,1466.2887666913803,1510.7484929774705,71510.75329635022,0.13196500000003653,0.0,1,1,fallback_q80_q20,335;339;318;292;312;328;303;302;340;319;326;332;328;330;321;316;343;333;330;336;340;295;330;326;323;337;294;327;322;277,1.6839862837514374e-12,2.2737367544323206e-13,0.0,0,0,0
2025-12-13,H48,72,12:00,2025-12-12,48.0,6,-2425.637309440103,0.0,2425.637309440103,0.0,0.0,7326.946516619063,87810.32743993806,0.07273659999998472,0.0,1,1,fallback_q80_q20,334;331;317;329;290;295;343;305;342;310;332;322;297;311;339;342;342;325;337;343;305;284;320;310;315;334;326;332;339;332,9.094947017729282e-13,1.1368683772161603e-12,0.0,0,0,0
2025-12-13,H48,108,18:00,2025-12-12,48.0,6,-174.79473868089764,0.0,174.79473868089764,0.0,0.0,337.2401733555807,106367.10858649485,0.11693539999998848,0.0,1,1,fallback_q80_q20,295;310;327;338;340;339;329;340;315;311;277;340;311;311;331;292;332;323;312;340;326;312;325;333;321;336;340;330;338;302,9.094947017729282e-13,2.2737367544323206e-13,0.0,0,0,0
2025-12-14,H48,0,00:00,2025-12-13,48.0,6,58460.32800143573,0.0,0.0,0.0,0.0,0.0,123717.8839799315,0.040824299999940195,0.0,1,1,fallback_q80_q20,343;333;333;295;313;326;293;340;322;334;322;340;296;313;332;324;304;304;306;317;299;320;305;334;338;339;324;298;337;300,9.094947017729282e-13,2.2737367544323206e-13,0.0,0,0,0
2025-12-14,H48,36,06:00,2025-12-13,48.0,6,325.41610390938513,503.82077631804526,178.40467240866016,0.0,717.855270488357,450.83775822780456,77612.02190939734,0.07487200000002758,0.0,1,1,fallback_q80_q20,333;311;311;323;342;338;344;322;344;336;323;338;328;308;343;341;320;297;318;315;299;299;307;318;310;331;311;314;295;339,9.094947017729282e-13,2.2737367544323206e-13,0.0,0,0,0
2025-12-14,H48,72,12:00,2025-12-13,48.0,6,5309.424920910942,5309.424920910942,0.0,0.0,4418.881626034643,0.0,101783.37824829463,0.0914121000000705,0.0,1,1,fallback_q80_q20,338;335;343;300;339;300;293;276;332;343;295;335;341;342;328;341;335;338;338;302;331;334;344;340;336;322;341;340;333;340,1.1368683772161603e-12,2.2737367544323206e-13,0.0,0,0,0
2025-12-14,H48,108,18:00,2025-12-13,48.0,6,1926.3197718264055,1926.3197718264055,0.0,0.0,1075.8470299081155,0.0,115363.67037892378,0.10800159999996595,0.0,1,1,fallback_q80_q20,342;292;323;332;344;309;319;314;277;320;329;289;338;318;342;283;344;310;334;305;338;324;342;313;301;314;338;324;297;298,9.094947017729282e-13,2.2737367544323206e-13,0.0,0,0,0
2025-12-15,H48,0,00:00,2025-12-14,48.0,6,63548.23555368486,0.0,0.0,0.0,0.0,0.0,129411.87811081196,0.09407339999995656,0.0,1,1,fallback_q80_q20,345;294;312;339;320;298;345;318;342;294;337;341;342;321;301;343;334;341;338;315;333;335;293;329;342;288;338;311;342;333,9.094947017729282e-13,2.2737367544323206e-13,0.0,0,0,0
2025-12-15,H48,36,06:00,2025-12-14,48.0,6,3210.594774198048,3392.593881099514,181.99910690146567,0.0,3649.622881873184,444.683578359949,80060.64981032032,0.13096410000002834,0.0,1,1,fallback_q80_q20,328;302;316;310;338;335;342;336;282;331;300;311;306;328;310;344;345;306;292;326;338;332;317;322;341;306;342;332;343;327,9.094947017729282e-13,9.094947017729282e-13,0.0,0,0,0
2025-12-15,H48,72,12:00,2025-12-14,48.0,6,-400.27242705667993,18.887019231098645,419.15944628777856,0.0,16.21637910381753,1517.6544922226708,94977.34928408505,0.1377326000000494,0.0,1,1,fallback_q80_q20,344;330;287;344;326;324;335;334;336;320;282;289;336;341;308;302;344;313;344;318;331;329;324;330;297;326;294;303;285;345,2.6147972675971687e-12,3.410605131648481e-13,0.0,0,0,0
2025-12-15,H48,108,18:00,2025-12-14,48.0,6,282.5366394559867,283.05190713547034,0.5152676794836527,0.0,164.99354185345157,0.8204246150523886,116831.77335982067,0.07142290000001594,0.0,1,1,fallback_q80_q20,337;336;285;345;343;316;341;303;317;345;342;316;333;330;302;338;331;345;344;325;289;302;312;341;299;297;337;331;327;321,7.958078640513122e-13,2.2737367544323206e-13,0.0,0,0,0
2025-12-16,H48,0,00:00,2025-12-15,48.0,6,68191.05050342181,0.0,0.0,0.0,0.0,0.0,134715.2378263219,0.07740200000000641,0.0,1,1,fallback_q80_q20,296;317;301;341;338;337;342;333;342;320;312;344;337;345;339;345;341;344;332;339;342;337;325;332;340;335;325;308;337;345,6.821210263296962e-13,2.2737367544323206e-13,0.0,0,0,0
2025-12-16,H48,36,06:00,2025-12-15,48.0,6,-494.96739698121394,110.37481365029974,605.3422106315137,0.0,67.08031134467672,1469.1373859765934,77663.04737877814,0.12683800000002066,0.0,1,1,fallback_q80_q20,346;341;295;311;336;342;292;288;334;309;333;312;336;328;307;301;338;320;327;345;330;324;337;336;343;286;346;344;310;328,1.8189894035458565e-12,2.0463630789890885e-12,0.0,0,0,0
2025-12-16,H48,72,12:00,2025-12-15,48.0,6,811.4737151575664,1203.2278018732927,391.7540867157264,0.0,776.0399457373928,1396.0355907102028,96491.13548604213,0.09203479999996489,0.0,1,1,fallback_q80_q20,313;303;293;314;305;343;345;293;342;306;309;316;313;336;345;326;343;344;305;326;322;342;338;330;313;346;295;342;286;346,9.094947017729282e-13,2.2737367544323206e-13,0.0,0,0,0
2025-12-16,H48,108,18:00,2025-12-15,48.0,6,-74.63921657668772,0.0,74.63921657668772,0.0,0.0,123.98120995766175,121097.91858146673,0.08451359999992292,0.0,1,1,fallback_q80_q20,336;328;330;334;332;286;342;285;337;336;305;327;328;325;332;310;322;335;307;310;345;294;338;317;331;327;326;335;345;338,9.094947017729282e-13,1.4779288903810084e-12,0.0,0,0,0
2025-12-17,H48,0,00:00,2025-12-16,48.0,6,66264.23105873018,0.0,0.0,0.0,0.0,0.0,133114.46381074763,0.1049495999999408,0.0,1,1,fallback_q80_q20,339;344;331;331;306;344;332;342;331;292;311;314;335;330;298;334;313;332;338;313;333;313;335;327;325;311;321;341;316;342,1.0231815394945443e-12,2.2737367544323206e-13,0.0,0,0,0
2025-12-17,H48,36,06:00,2025-12-16,48.0,6,-781.8092911204092,160.56336738859676,942.372658509006,0.0,98.4930036719403,2678.0514411322883,76103.93353795802,0.08445569999992131,0.0,1,1,fallback_q80_q20,299;328;335;342;338;344;329;300;332;345;320;339;330;313;301;341;328;287;335;306;319;336;305;300;288;304;316;315;296;343,9.094947017729282e-13,2.2737367544323206e-13,0.0,0,0,0
2025-12-17,H48,72,12:00,2025-12-16,48.0,6,249.85384332807166,667.9481973929318,418.0943540648601,0.0,448.3577426464248,1431.318297906439,92022.67295484195,0.12720760000001974,0.0,1,1,fallback_q80_q20,309;345;337;334;324;302;326;345;311;321;342;323;344;340;330;326;337;344;312;338;315;321;293;289;306;330;332;307;309;335,1.5916157281026244e-12,3.410605131648481e-13,0.0,0,0,0
2025-12-17,H48,108,18:00,2025-12-16,48.0,6,-24.991605090038618,0.0,24.991605090038618,0.0,0.0,41.673227591532225,117582.54857703431,0.10580670000001646,0.0,1,1,fallback_q80_q20,302;345;329;338;322;346;333;303;306;336;335;345;314;334;334;314;314;338;338;324;342;335;296;343;335;342;324;331;335;302,1.0231815394945443e-12,7.958078640513122e-13,0.0,0,0,0
2025-12-18,H48,0,00:00,2025-12-17,48.0,6,65146.729893162905,0.0,0.0,0.0,0.0,0.0,104712.64345236817,0.09852829999999813,0.0,1,1,fallback_q80_q20,338;338;314;345;340;336;295;345;324;316;296;334;347;347;324;323;344;327;313;341;344;294;338;313;305;289;334;347;345;332,1.0231815394945443e-12,2.2737367544323206e-13,0.0,0,0,0
2025-12-18,H48,36,06:00,2025-12-17,48.0,6,713.4055814827808,877.5641770346898,164.158595551909,0.0,778.4018128917091,454.32518920433085,50770.82814613317,0.09099979999996322,0.0,1,1,fallback_q80_q20,328;329;286;331;342;315;343;288;318;348;321;344;328;342;332;334;342;344;329;341;292;300;301;335;341;322;294;295;328;296,9.094947017729282e-13,5.684341886080801e-13,0.0,0,0,0
2025-12-18,H48,72,12:00,2025-12-17,48.0,6,-224.10821110878007,192.4569414530965,416.5651525618766,0.0,121.09901548095121,1563.1376378800992,61413.163395619566,0.07458710000003066,0.0,1,1,fallback_q80_q20,330;331;287;313;338;338;308;310;340;292;331;333;288;338;293;345;324;341;326;344;330;335;324;325;336;293;312;328;327;324,9.237055564881302e-13,2.2737367544323206e-13,0.0,0,0,0
2025-12-18,H48,108,18:00,2025-12-17,48.0,6,286.7291143093883,293.3535088796112,6.624394570222851,0.0,155.79106363386313,15.413290477845067,71681.82063444219,0.08576100000004772,0.0,1,1,fallback_q80_q20,347;343;342;303;331;335;300;335;330;316;339;334;344;303;329;316;334;316;305;323;336;303;348;301;303;299;309;329;321;320,8.668621376273222e-13,6.821210263296962e-13,0.0,0,0,0
2025-12-19,H48,0,00:00,2025-12-18,48.0,6,38858.88982387839,0.0,0.0,0.0,0.0,0.0,76083.0635160979,0.07650169999999434,0.0,1,1,fallback_q80_q20,349;337;341;345;322;332;345;330;349;334;333;340;329;345;327;328;347;293;328;327;341;348;324;299;304;332;349;349;318;286,8.668621376273222e-13,2.2737367544323206e-13,0.0,0,0,0
2025-12-19,H48,36,06:00,2025-12-18,48.0,6,-267.4480157140353,0.0,267.4480157140353,0.0,0.0,650.7436723375274,47459.36052081054,0.081825199999912,0.0,1,1,fallback_q80_q20,287;310;344;313;339;343;345;346;341;342;336;302;335;328;324;348;349;345;344;331;307;325;315;338;349;346;318;326;346;328,9.094947017729282e-13,2.2737367544323206e-13,0.0,0,0,0
2025-12-19,H48,72,12:00,2025-12-18,48.0,6,-2162.203294402014,0.0,2162.203294402014,0.0,0.0,6646.863113940138,54468.35191329878,0.0645211000000927,0.0,1,1,fallback_q80_q20,292;289;316;343;349;349;348;339;323;296;343;338;337;342;349;292;329;316;338;312;345;306;328;307;337;306;331;312;328;325,1.0231815394945443e-12,9.094947017729282e-13,0.0,0,0,0
2025-12-19,H48,108,18:00,2025-12-18,48.0,6,-509.4041769382194,0.0,509.4041769382194,0.0,0.0,1112.541268044653,64869.56696990031,0.07831629999998313,0.0,1,1,fallback_q80_q20,327;329;307;342;292;345;343;312;334;310;338;349;338;349;334;339;343;305;322;334;300;329;347;345;330;302;343;346;331;344,9.094947017729282e-13,2.2737367544323206e-13,0.0,0,0,0
2025-12-20,H48,0,00:00,2025-12-19,48.0,6,33935.771790133855,0.0,0.0,0.0,0.0,0.0,96050.78748396937,0.08158240000000205,0.0,1,1,fallback_q80_q20,303;339;323;345;336;330;348;297;343;345;340;348;320;317;283;323;318;346;336;297;299;306;329;347;346;335;325;309;325;344,9.094947017729282e-13,2.2737367544323206e-13,0.0,0,0,0
2025-12-20,H48,36,06:00,2025-12-19,48.0,6,1374.5111077234403,1394.3141516066241,19.803043883183896,0.0,1166.019404238683,69.47579491629745,74935.86856095608,0.1399427999999716,0.0,1,1,fallback_q80_q20,336;323;340;323;302;345;349;346;337;316;346;304;330;303;283;306;348;347;333;322;347;327;334;330;333;334;295;318;339;341,2.460254222569347e-12,2.2737367544323206e-13,0.0,0,0,0
2025-12-20,H48,72,12:00,2025-12-19,48.0,6,-1563.0705829526146,0.0,1563.0705829526146,0.0,0.0,5464.633610475215,87087.164656629,0.0946847999999818,0.0,1,1,fallback_q80_q20,314;344;314;319;346;337;340;344;339;302;340;349;333;343;330;298;323;324;342;321;336;320;348;339;297;349;314;343;307;337,9.094947017729282e-13,2.2737367544323206e-13,0.0,0,0,0
2025-12-20,H48,108,18:00,2025-12-19,48.0,6,-172.4618965982897,0.0,172.4618965982897,0.0,0.0,345.2955461211691,103227.54057430718,0.07434190000003582,0.0,1,1,fallback_q80_q20,315;349;300;347;314;297;305;341;338;350;296;319;349;295;319;347;331;302;337;346;330;339;347;338;340;349;348;343;335;315,9.094947017729282e-13,2.2737367544323206e-13,0.0,0,0,0
2025-12-21,H48,0,00:00,2025-12-20,48.0,6,57368.377704998595,0.0,0.0,0.0,0.0,0.0,122431.96612622592,0.07067749999998796,0.0,1,1,fallback_q80_q20,330;310;323;349;299;350;318;311;346;344;347;325;351;290;347;345;290;324;333;351;338;328;336;351;350;328;349;299;347;350,9.094947017729282e-13,2.2737367544323206e-13,0.0,0,0,0
2025-12-21,H48,36,06:00,2025-12-20,48.0,6,5004.4731438256595,5033.425843597268,28.95269977160838,0.0,3821.574008044833,126.23362167739776,81797.34707695346,0.09513959999992494,0.0,1,1,fallback_q80_q20,305;351;325;333;340;347;313;341;349;319;306;351;297;321;318;303;334;328;339;350;333;324;309;344;317;345;348;335;328;345,9.094947017729282e-13,2.2737367544323206e-13,0.0,0,0,0
2025-12-21,H48,72,12:00,2025-12-20,48.0,6,4239.709221358884,4239.709221358884,0.0,0.0,3281.384995079279,0.0,99309.10645500579,0.0692969000000403,0.0,1,1,fallback_q80_q20,338;314;350;331;284;340;319;339;301;332;329;322;346;321;342;291;334;351;309;283;346;283;323;322;347;329;300;344;333;316,9.094947017729282e-13,2.2737367544323206e-13,0.0,0,0,0
2025-12-21,H48,108,18:00,2025-12-20,48.0,6,1059.3359483413972,1059.3359483413972,0.0,0.0,575.833416174878,0.0,120716.2465381767,0.09666270000002442,0.0,1,1,fallback_q80_q20,346;314;315;331;309;341;339;315;311;341;348;338;346;351;344;310;349;306;333;332;330;338;349;346;304;319;339;300;313;316,9.094947017729282e-13,6.821210263296962e-13,0.0,0,0,0
2025-12-22,H48,0,00:00,2025-12-21,48.0,6,64050.26091645642,0.0,0.0,0.0,0.0,0.0,128416.97257141523,0.07086920000006103,0.0,1,1,fallback_q80_q20,294;341;307;350;333;349;325;337;334;327;316;323;346;324;350;344;300;344;350;300;319;309;314;341;326;322;343;352;308;351,9.094947017729282e-13,2.2737367544323206e-13,0.0,0,0,0
2025-12-22,H48,36,06:00,2025-12-21,48.0,6,339.7644386537603,375.3732233385414,35.608784684781085,0.0,483.4664848071381,102.29075085119109,76820.72860991955,0.10544089999996231,0.0,1,1,fallback_q80_q20,324;344;348;342;345;322;350;348;350;311;338;338;321;335;318;352;348;322;320;349;347;349;348;330;309;307;335;314;329;345,9.094947017729282e-13,2.2737367544323206e-13,0.0,0,0,0
2025-12-22,H48,72,12:00,2025-12-21,48.0,6,143.9698385047088,283.088269979876,139.11843147516717,0.0,245.44959015302237,487.03644583645803,95323.51670062663,0.07892230000004474,0.0,1,1,fallback_q80_q20,302;348;307;326;320;342;311;352;323;339;351;331;352;345;350;299;344;340;292;342;292;341;318;330;352;332;321;347;345;352,2.8421709430404007e-12,2.2737367544323206e-13,0.0,0,0,0
2025-12-22,H48,108,18:00,2025-12-21,48.0,6,166.72731213115054,166.72731213115054,0.0,0.0,107.22753088839715,0.0,116066.03527420068,0.08594510000000355,0.0,1,1,fallback_q80_q20,302;344;344;322;352;309;338;349;320;351;352;350;306;307;332;349;325;352;323;347;347;308;323;294;292;329;337;351;314;306,1.0231815394945443e-12,2.2737367544323206e-13,0.0,0,0,0
2025-12-23,H48,0,00:00,2025-12-22,48.0,6,64660.90694175493,0.0,0.0,0.0,0.0,0.0,130073.150048316,0.07432119999998577,0.0,1,1,fallback_q80_q20,336;352;308;318;320;329;327;330;339;322;353;348;324;352;337;321;313;302;351;318;321;332;315;337;316;314;352;309;352;323,9.094947017729282e-13,2.2737367544323206e-13,0.0,0,0,0
2025-12-23,H48,36,06:00,2025-12-22,48.0,6,-1085.5197364160326,46.12006757317483,1131.6398039892074,0.0,38.56342865339241,2992.5133942839343,76624.4114667203,0.35915779999993447,0.0,1,1,fallback_q80_q20,330;345;320;353;331;349;301;336;338;336;330;349;320;342;323;348;352;304;336;324;333;293;350;300;351;352;351;303;338;292,1.0231815394945443e-12,1.5916157281026244e-12,0.0,0,0,0
2025-12-23,H48,72,12:00,2025-12-22,48.0,6,943.7022987556372,1040.3887994966844,96.68650074104718,0.0,710.7958655764496,340.325592189536,96992.18706060985,0.1416185000000496,0.0,1,1,fallback_q80_q20,336;330;328;350;335;345;345;351;350;329;316;353;319;304;338;324;341;336;326;352;346;331;349;321;333;346;292;336;339;338,1.8189894035458565e-12,2.2737367544323206e-13,0.0,0,0,0
2025-12-23,H48,108,18:00,2025-12-22,48.0,6,1322.6874082319014,1322.6874082319014,0.0,0.0,720.8171291984158,0.0,115617.56545428629,0.07594770000002882,0.0,1,1,fallback_q80_q20,333;341;351;305;317;333;308;351;342;341;342;293;351;329;338;344;352;336;342;348;339;301;337;327;313;325;335;341;334;326,9.094947017729282e-13,2.2737367544323206e-13,0.0,0,0,0
2025-12-24,H48,0,00:00,2025-12-23,48.0,6,64834.61659616226,0.0,0.0,0.0,0.0,0.0,127738.35707918623,0.08549530000004779,0.0,1,1,fallback_q80_q20,349;351;308;353;331;319;343;341;305;342;321;351;305;323;317;343;343;308;315;350;322;337;292;344;345;344;323;350;343;321,9.094947017729282e-13,2.2737367544323206e-13,0.0,0,0,0
2025-12-24,H48,36,06:00,2025-12-23,48.0,6,-54.08667251176463,39.15757399209228,93.24424650385691,0.0,24.191596124802345,234.53535919030315,76370.73362258858,0.08349770000006629,0.0,1,1,fallback_q80_q20,352;351;349;353;350;302;351;347;309;348;343;322;311;349;333;350;328;329;349;339;352;349;335;349;350;337;348;333;344;351,9.094947017729282e-13,2.778888230636767e-13,0.0,0,0,0
2025-12-24,H48,72,12:00,2025-12-23,48.0,6,470.60705202604913,719.8901102585171,249.28305823246797,0.0,451.9141416904568,765.3306933972974,93928.23010578558,0.08238340000002609,0.0,1,1,fallback_q80_q20,336;309;320;305;330;351;314;352;337;310;335;350;349;335;334;337;336;348;339;353;340;293;354;344;346;327;345;351;316;347,9.094947017729282e-13,2.2737367544323206e-13,0.0,0,0,0
2025-12-24,H48,108,18:00,2025-12-23,48.0,6,293.81682385861177,302.4248403921736,8.60801653356186,0.0,157.52626330783272,16.92589104312367,117280.70888098914,0.09121140000002015,0.0,1,1,fallback_q80_q20,343;352;329;292;346;333;343;319;323;320;341;341;320;327;326;324;348;306;343;317;341;331;317;344;346;352;309;327;313;332,9.094947017729282e-13,3.410605131648481e-13,0.0,0,0,0
2025-12-25,H48,0,00:00,2025-12-24,48.0,6,61761.284734857756,0.0,0.0,0.0,0.0,0.0,101634.75210020496,0.07320400000003247,0.0,1,1,fallback_q80_q20,315;314;342;348;296;354;314;320;330;320;355;333;354;350;336;351;348;351;316;342;342;335;300;330;353;329;327;342;338;348,9.094947017729282e-13,2.2737367544323206e-13,0.0,0,0,0
2025-12-25,H48,36,06:00,2025-12-24,48.0,6,1764.4976542810605,1797.0327736288546,32.5351193477941,0.0,1773.8147724997616,100.20516712483663,51276.17313712791,0.0735136999999213,0.0,1,1,fallback_q80_q20,354;341;319;350;345;317;355;355;355;351;294;325;296;347;337;349;348;348;334;355;355;350;351;329;336;296;355;326;325;346,9.094947017729282e-13,1.3642420526593924e-12,0.0,0,0,0
2025-12-25,H48,72,12:00,2025-12-24,48.0,6,1699.7484753489346,1838.2649841827256,138.516508833791,0.0,1514.1428927282095,457.9508542365878,63001.04218236015,0.06407180000007884,0.0,1,1,fallback_q80_q20,344;335;331;334;355;331;320;344;329;300;342;332;355;313;303;345;352;341;336;340;335;334;343;343;314;348;333;334;348;355,9.094947017729282e-13,2.2737367544323206e-13,0.0,0,0,0
2025-12-25,H48,108,18:00,2025-12-24,48.0,6,920.6179608013958,920.6179608013958,0.0,0.0,515.2671499678466,0.0,72531.32785950409,0.08673569999996289,0.0,1,1,fallback_q80_q20,355;355;349;350;348;355;322;340;330;350;317;347;316;308;329;351;353;316;311;337;354;308;308;353;346;343;296;342;350;333,9.094947017729282e-13,2.2737367544323206e-13,0.0,0,0,0
2025-12-26,H48,0,00:00,2025-12-25,48.0,6,40204.25188226826,0.0,0.0,0.0,0.0,0.0,76863.03981283595,0.09343760000001566,0.0,1,1,fallback_q80_q20,338;328;351;330;300;352;348;329;354;320;352;348;337;335;353;356;345;340;339;295;333;302;306;323;350;317;317;335;349;339,1.2505552149377763e-12,2.2737367544323206e-13,0.0,0,0,0
2025-12-26,H48,36,06:00,2025-12-25,48.0,6,-1165.8826669612945,0.0,1165.8826669612945,0.0,0.0,2961.270566319151,44168.91006824765,0.08636790000002748,0.0,1,1,fallback_q80_q20,315;336;346;322;356;355;324;301;355;354;331;322;322;343;349;335;324;356;313;350;352;302;353;339;329;344;313;338;356;320,9.094947017729282e-13,2.2737367544323206e-13,0.0,0,0,0
2025-12-26,H48,72,12:00,2025-12-25,48.0,6,-1945.038370865023,0.0,1945.038370865023,0.0,0.0,6220.95071132579,52042.41865055956,0.07935540000005403,0.0,1,1,fallback_q80_q20,348;320;338;336;350;351;342;341;348;325;322;346;331;339;355;337;302;323;349;345;350;341;326;356;333;337;344;296;352;342,9.094947017729282e-13,9.094947017729282e-13,0.0,0,0,0
2025-12-26,H48,108,18:00,2025-12-25,48.0,6,-620.0409178160767,0.0,620.0409178160767,0.0,0.0,1425.0596849394851,64147.068553236095,0.09471020000000863,0.0,1,1,fallback_q80_q20,340;338;341;315;329;346;348;331;314;334;356;324;341;293;348;353;345;334;295;352;356;341;356;345;333;349;325;355;341;352,8.526512829121202e-13,2.2737367544323206e-13,0.0,0,0,0
2025-12-27,H48,0,00:00,2025-12-26,48.0,6,35528.976492816204,0.0,0.0,0.0,0.0,0.0,97229.25885599389,0.08063409999999749,0.0,1,1,fallback_q80_q20,333;348;356;354;306;357;334;312;306;353;349;328;351;349;350;347;350;333;310;317;354;339;347;345;334;313;334;310;343;353,9.094947017729282e-13,2.2737367544323206e-13,0.0,0,0,0
2025-12-27,H48,36,06:00,2025-12-26,48.0,6,1245.0252478576488,1383.6572460641378,138.63199820648896,0.0,1064.5599562238547,591.0215346287232,72665.8136441723,0.08646869999995488,0.0,1,1,fallback_q80_q20,347;318;308;324;341;325;320;357;347;349;339;317;356;331;334;355;347;333;327;345;347;357;316;347;325;316;347;347;328;290,9.094947017729282e-13,2.2737367544323206e-13,0.0,0,0,0
2025-12-27,H48,72,12:00,2025-12-26,48.0,6,-2013.513101873239,0.0,2013.513101873239,0.0,0.0,6212.468950169672,89340.12810728855,0.0881097999999838,0.0,1,1,fallback_q80_q20,354;353;352;349;333;352;290;309;353;347;345;314;356;290;336;298;327;329;310;347;355;326;339;320;357;332;321;331;332;337,9.094947017729282e-13,4.547473508864641e-13,0.0,0,0,0
2025-12-27,H48,108,18:00,2025-12-26,48.0,6,-169.40531930862818,0.0,169.40531930862818,0.0,0.0,330.26554179088487,101738.50674636709,0.0647162999999864,0.0,1,1,fallback_q80_q20,328;353;331;343;340;324;337;308;311;357;328;310;357;312;334;354;336;348;355;335;340;349;347;290;320;316;312;346;346;333,1.0231815394945443e-12,2.2737367544323206e-13,0.0,0,0,0
2025-12-28,H48,0,00:00,2025-12-27,48.0,6,58122.68607226068,0.0,0.0,0.0,0.0,0.0,124271.27276043582,0.07276960000001509,0.0,1,1,fallback_q80_q20,341;343;325;326;349;344;352;298;322;324;355;337;334;316;331;337;290;353;308;353;351;330;290;334;349;350;339;354;331;347,9.094947017729282e-13,2.2737367544323206e-13,0.0,0,0,0
2025-12-28,H48,36,06:00,2025-12-27,48.0,6,2351.3351514569827,2392.9458433258856,41.61069186890303,0.0,1979.0938501955065,127.277465623652,78637.46266225405,0.10066010000002734,0.0,1,1,fallback_q80_q20,315;312;336;318;305;323;328;330;331;326;349;336;303;312;345;348;353;342;349;311;341;336;309;298;356;306;298;349;355;312,9.094947017729282e-13,2.2737367544323206e-13,0.0,0,0,0
2025-12-28,H48,72,12:00,2025-12-27,48.0,6,2913.7840413946624,2913.7840413946624,0.0,0.0,2056.2535953798442,0.0,94350.38408422456,0.0804728000000523,0.0,1,1,fallback_q80_q20,342;304;312;345;318;340;331;348;311;337;344;327;353;333;354;343;358;357;325;329;347;310;327;334;347;349;332;328;354;326,9.094947017729282e-13,2.2737367544323206e-13,0.0,0,0,0
2025-12-28,H48,108,18:00,2025-12-27,48.0,6,2671.3780835471116,2671.3780835471116,0.0,0.0,1467.8628016150728,0.0,115841.76140015449,0.08640000000002601,0.0,1,1,fallback_q80_q20,297;338;339;290;298;305;353;339;325;322;321;347;356;319;355;354;328;328;340;357;346;351;354;332;354;303;352;345;291;307,9.094947017729282e-13,9.094947017729282e-13,0.0,0,0,0
2025-12-29,H48,0,00:00,2025-12-28,48.0,6,64583.312099860064,0.0,0.0,0.0,0.0,0.0,130289.4937437386,0.0768535999999358,0.0,1,1,fallback_q80_q20,348;337;359;336;355;355;336;357;328;329;296;342;336;319;336;332;335;327;343;311;333;319;356;355;344;310;314;324;335;327,1.0231815394945443e-12,3.410605131648481e-13,0.0,0,0,0
2025-12-29,H48,36,06:00,2025-12-28,48.0,6,1196.0251635450663,1339.8848354726354,143.8596719275691,0.0,1486.152506278189,391.8931996801949,76197.9039252096,0.07524129999990237,0.0,1,1,fallback_q80_q20,358;321;351;335;355;357;309;302;320;352;351;316;329;350;354;311;334;321;323;324;350;355;323;328;326;350;355;329;355;336,9.094947017729282e-13,1.7053025658242404e-12,0.0,0,0,0
2025-12-29,H48,72,12:00,2025-12-28,48.0,6,-214.57323159524566,304.1254332679767,518.6986648632223,0.0,206.00772236707968,1952.3762823778957,90843.46072661132,0.08189819999995507,0.0,1,1,fallback_q80_q20,357;350;352;302;334;357;340;319;358;358;343;348;358;340;350;306;319;358;357;347;338;348;328;357;357;352;338;351;352;330,9.094947017729282e-13,2.2737367544323206e-13,0.0,0,0,0
2025-12-29,H48,108,18:00,2025-12-28,48.0,6,-106.99546412664897,0.0,106.99546412664897,0.0,0.0,194.67662005223025,111204.14221017531,0.07458229999997457,0.0,1,1,fallback_q80_q20,316;358;306;350;311;303;345;354;344;325;349;351;357;351;344;342;352;331;341;313;357;343;352;346;345;327;351;349;309;325,9.094947017729282e-13,4.547473508864641e-13,0.0,0,0,0
2025-12-30,H48,0,00:00,2025-12-29,48.0,6,62080.63288121081,0.0,0.0,0.0,0.0,0.0,124653.04825313257,0.07398279999995339,0.0,1,1,fallback_q80_q20,327;349;356;350;352;356;332;350;335;352;344;352;357;357;343;357;355;358;322;359;352;355;329;346;344;340;356;345;359;358,9.094947017729282e-13,2.2737367544323206e-13,0.0,0,0,0
2025-12-30,H48,36,06:00,2025-12-29,48.0,6,4869.582471780713,4895.028439413132,25.445967632419375,0.0,3712.1840091138592,117.19319799618654,79908.63223603097,0.08111489999998867,0.0,1,1,fallback_q80_q20,358;358;307;331;337;344;359;311;300;337;358;308;326;334;351;345;317;317;350;355;303;349;349;320;324;357;334;326;345;358,1.2505552149377763e-12,2.2737367544323206e-13,0.0,0,0,0
2025-12-30,H48,72,12:00,2025-12-29,48.0,6,-1365.620040583416,83.46150001486234,1449.0815405982785,0.0,54.845249654120664,4093.3560650527634,91404.85708868747,0.06635479999999916,0.0,1,1,fallback_q80_q20,340;345;299;348;337;338;355;351;331;325;342;352;315;355;346;355;358;358;320;316;315;345;359;354;311;318;339;327;341;345,9.094947017729282e-13,2.2737367544323206e-13,0.0,0,0,0
2025-12-30,H48,108,18:00,2025-12-29,48.0,6,-13.41033474943547,0.0,13.41033474943547,0.0,0.0,20.978493053469208,113198.9015300492,0.061600200000043515,0.0,1,1,fallback_q80_q20,358;332;349;336;357;358;338;355;356;351;348;356;299;358;349;329;340;310;348;355;344;341;353;351;349;359;336;336;338;315,2.3998580900297384e-12,1.5916157281026244e-12,0.0,0,0,0
2025-12-31,H48,0,00:00,2025-12-30,48.0,6,66175.19227162552,0.0,0.0,0.0,0.0,0.0,130737.60648974712,0.10337590000006003,0.0,1,1,fallback_q80_q20,333;354;341;306;336;303;329;358;358;348;331;333;324;337;350;330;334;308;353;354;359;351;300;346;343;358;350;313;301;357,1.0231815394945443e-12,2.2737367544323206e-13,0.0,0,0,0
2025-12-31,H48,36,06:00,2025-12-30,48.0,6,-418.5204125881521,102.75899549954282,521.279408087695,0.0,72.93748950244742,1755.6994594198814,75055.36808801876,0.08774449999998524,0.0,1,1,fallback_q80_q20,357;349;356;333;354;331;359;353;358;329;338;342;356;354;355;358;337;339;344;325;309;355;317;352;347;356;337;307;315;307,1.0231815394945443e-12,1.5916157281026244e-12,0.0,0,0,0
2025-12-31,H48,72,12:00,2025-12-30,48.0,6,1503.3620679812993,1842.7154391365261,339.3533711552269,0.0,1400.4770772308655,1294.5509271504902,93358.43616947367,0.0799214999999549,0.0,1,1,fallback_q80_q20,338;351;314;345;312;351;314;315;344;359;337;308;316;348;354;316;299;327;355;356;326;299;307;350;361;347;352;333;345;322,1.0231815394945443e-12,2.2737367544323206e-13,0.0,0,0,0
2025-12-31,H48,108,18:00,2025-12-30,48.0,6,3.6753115468064905,44.49490229854342,40.81959075173693,0.0,23.364968634634295,92.0719123767932,112384.46248573382,0.07178030000000035,0.0,1,1,fallback_q80_q20,347;330;355;332;320;330;303;299;313;349;353;346;357;300;318;349;312;358;333;356;356;352;321;345;343;358;299;317;303;347,9.094947017729282e-13,4.547473508864641e-13,0.0,0,0,0
