date,issue_hour,t,previous,new,up,down,price
2025-02-01,6,36,0.0,0.0,0.0,0.0,0.9368
2025-02-01,6,37,0.0,0.0,0.0,0.0,0.8758
2025-02-01,6,38,0.0,0.0,0.0,0.0,0.8759
2025-02-01,6,39,0.0,0.0,0.0,0.0,0.8601
2025-02-01,6,40,728.8470356001781,728.8470356001781,0.0,0.0,0.8442
2025-02-01,6,41,725.0569081432122,725.0569081432122,0.0,0.0,0.8334
2025-02-01,6,42,643.8109395482849,643.2543242705073,0.0,0.5566152777776097,0.8092
2025-02-01,6,43,622.6290550568349,617.1407758901682,0.0,5.4882791666666435,0.7972
2025-02-01,6,44,645.3899271484262,645.3899271484262,0.0,0.0,0.7644
2025-02-01,6,45,564.3113433522977,550.2582252967411,0.0,14.053118055556638,0.6899
2025-02-01,6,46,209.77534315515868,209.77534315515868,0.0,0.0,0.86
2025-02-01,6,47,0.0,0.0,0.0,0.0,1.1617
2025-02-01,6,48,0.0,0.0,0.0,0.0,1.1683
2025-02-01,6,49,0.0,0.0,0.0,0.0,1.0956
2025-02-01,6,50,0.0,0.0,0.0,0.0,1.0849
2025-02-01,6,51,0.0,0.0,0.0,0.0,1.061
2025-02-01,6,52,0.0,0.0,0.0,0.0,1.043
2025-02-01,6,53,0.0,0.0,0.0,0.0,1.036
2025-02-01,6,54,0.0,0.0,0.0,0.0,1.0147
2025-02-01,6,55,0.0,0.0,0.0,0.0,0.9922
2025-02-01,6,56,0.0,0.0,0.0,0.0,0.97
2025-02-01,6,57,0.0,0.0,0.0,0.0,0.9422
2025-02-01,6,58,0.0,0.0,0.0,0.0,0.9569
2025-02-01,6,59,0.0,0.0,0.0,0.0,0.9977
2025-02-01,6,60,0.0,0.0,0.0,0.0,0.9919
2025-02-01,6,61,0.0,0.0,0.0,0.0,0.9588
2025-02-01,6,62,0.0,0.0,0.0,0.0,0.9549
2025-02-01,6,63,0.0,0.0,0.0,0.0,0.9839
2025-02-01,6,64,0.0,0.0,0.0,0.0,0.799
2025-02-01,6,65,735.7712110821176,735.7712110821176,0.0,0.0,0.5025
2025-02-01,6,66,787.5208612356785,787.5208612356785,0.0,0.0,0.4662
2025-02-01,6,67,799.7319116182587,799.7319116182587,0.0,0.0,0.5007
2025-02-01,6,68,765.0687681373347,751.5814000817791,0.0,13.487368055555635,0.4827
2025-02-01,6,69,751.6884469756627,713.8013650312184,0.0,37.887081944444276,0.4785
2025-02-01,6,70,730.8178309551836,668.5310351218503,0.0,62.28679583333326,0.4662
2025-02-01,6,71,731.864112906618,645.1776031843954,0.0,86.68650972222258,0.4432
2025-02-01,6,72,784.8190391575054,681.1170044352832,0.0,103.70203472222215,0.4411
2025-02-01,6,73,764.6710560566579,651.3376852233246,0.0,113.33337083333333,0.4551
2025-02-01,6,74,691.931400558842,568.9666936143975,0.0,122.96470694444452,0.4463
2025-02-01,6,75,708.1266142283384,566.631157042032,0.0,141.49545718630645,0.4113
2025-02-01,6,76,763.5526022341699,574.3992213037233,0.0,189.1533809304466,0.5682
2025-02-01,6,77,0.0,0.0,0.0,0.0,0.8279
2025-02-01,6,78,0.0,0.0,0.0,0.0,0.8636
2025-02-01,6,79,0.0,0.0,0.0,0.0,0.8416
2025-02-01,6,80,0.0,0.0,0.0,0.0,0.8618
2025-02-01,6,81,66.3010108973881,0.0,0.0,66.3010108973881,0.8623
2025-02-01,6,82,119.22261575475538,0.0,0.0,119.22261575475538,0.9026
2025-02-01,6,83,0.0,0.0,0.0,0.0,0.9754
2025-02-01,6,84,0.0,0.0,0.0,0.0,1.0002
2025-02-01,6,85,0.0,0.0,0.0,0.0,0.9978
2025-02-01,6,86,0.0,0.0,0.0,0.0,1.0271
2025-02-01,6,87,0.0,0.0,0.0,0.0,1.0906
2025-02-01,6,88,63.26096189183403,0.0,0.0,63.26096189183403,0.9376
2025-02-01,6,89,1293.279978906794,612.1289799660691,0.0,681.1509989407249,0.6694
2025-02-01,6,90,1383.9024741144308,1268.0154768922084,0.0,115.88699722222236,0.66
2025-02-01,6,91,427.6759524611552,427.6759524611552,0.0,0.0,0.7217
2025-02-01,6,92,455.66703128364225,323.45903936808054,0.0,132.2079919155617,0.7308
2025-02-01,6,93,475.3653043147654,475.3653043147654,0.0,0.0,0.7534
2025-02-01,6,94,563.8205704888965,422.7903454888963,0.0,141.03022500000014,0.7823
2025-02-01,6,95,616.2421025564838,587.6314381124429,0.0,28.610664444040935,0.8055
2025-02-01,6,96,640.0666829943392,628.099427678582,0.0,11.967255315757257,0.8271
2025-02-01,6,97,621.4851397698208,583.3311742714513,0.0,38.153965498369416,0.8519
2025-02-01,6,98,734.9881001677244,734.9881001677244,0.0,0.0,0.8791
2025-02-01,6,99,749.1749636627022,677.7576469960356,0.0,71.41731666666658,0.9024
2025-02-01,6,100,722.5124251517678,670.0845084851013,0.0,52.42791666666653,0.9163
2025-02-01,6,101,737.4228769017195,706.6053380128305,0.0,30.817538888888976,0.9264
2025-02-01,6,102,743.0926036576019,743.0926036576019,0.0,0.0,0.9462
2025-02-01,6,103,736.0217195820996,721.0124570820996,0.0,15.00926250000009,0.9742
2025-02-01,6,104,731.7368757346186,731.7368757346186,0.0,0.0,0.9862
2025-02-01,6,105,727.1652054889349,717.7425938588598,0.0,9.422611630075153,0.976
2025-02-01,6,106,689.0867193549484,684.0836318549483,0.0,5.003087500000106,1.0742
2025-02-01,6,107,625.522798078917,623.8551022455837,0.0,1.6676958333333687,1.2313
2025-02-01,6,108,0.0,0.0,0.0,0.0,1.2561
2025-02-01,6,109,613.2265848192253,613.2265848192253,0.0,0.0,1.2447
2025-02-01,6,110,0.0,0.0,0.0,0.0,1.2545
2025-02-01,6,111,585.6550466173522,585.6550466173522,0.0,0.0,1.2522
2025-02-01,6,112,0.0,0.0,0.0,0.0,1.2881
2025-02-01,6,113,0.0,0.0,0.0,0.0,1.3466
2025-02-01,6,114,0.0,0.0,0.0,0.0,1.3523
2025-02-01,6,115,0.0,0.0,0.0,0.0,1.3445
2025-02-01,6,116,0.0,0.0,0.0,0.0,1.3483
2025-02-01,6,117,0.0,0.0,0.0,0.0,1.349
2025-02-01,6,118,0.0,0.0,0.0,0.0,1.3473
2025-02-01,6,119,0.0,0.0,0.0,0.0,1.3482
2025-02-01,6,120,0.0,0.0,0.0,0.0,1.3513
2025-02-01,6,121,0.0,0.0,0.0,0.0,1.34
2025-02-01,6,122,0.0,0.0,0.0,0.0,1.3489
2025-02-01,6,123,0.0,0.0,0.0,0.0,1.3952
2025-02-01,6,124,623.9316660536668,623.9316660536668,0.0,0.0,1.2226
2025-02-01,6,125,632.094968549286,632.094968549286,0.0,0.0,0.9332
2025-02-01,6,126,611.4862302149257,611.4862302149257,0.0,0.0,0.9068
2025-02-01,6,127,615.7163960360873,615.7163960360873,0.0,0.0,0.9371
2025-02-01,6,128,601.992336335148,601.992336335148,0.0,0.0,0.9371
2025-02-01,6,129,599.384917261102,599.384917261102,0.0,0.0,0.9871
2025-02-01,6,130,587.6754324558129,587.6754324558129,0.0,0.0,0.7764
2025-02-01,6,131,522.5351697113789,522.5351697113789,0.0,0.0,0.4209
2025-02-01,6,132,507.1592946850348,507.1592946850348,0.0,0.0,0.3859
2025-02-01,6,133,505.40407820049677,505.40407820049677,0.0,0.0,0.4368
2025-02-01,6,134,519.217294308817,519.217294308817,0.0,0.0,0.4198
2025-02-01,6,135,512.2119733379124,512.2119733379124,0.0,0.0,0.4186
2025-02-01,6,136,509.9062518398389,509.9062518398389,0.0,0.0,0.4241
2025-02-01,6,137,515.8714446638436,515.8714446638436,0.0,0.0,0.4237
2025-02-01,6,138,533.7665682185708,533.7665682185708,0.0,0.0,0.4248
2025-02-01,6,139,517.5380089675733,517.5380089675733,0.0,0.0,0.424
2025-02-01,6,140,506.9253848944031,506.9253848944031,0.0,0.0,0.422
2025-02-01,6,141,524.6759782379767,524.6759782379767,0.0,0.0,0.424
2025-02-01,6,142,526.1020786598876,526.1020786598876,0.0,0.0,0.4271
2025-02-01,6,143,654.9392739793889,654.9392739793889,0.0,0.0,0.4276
2025-02-01,12,72,681.1170044352832,0.0,0.0,681.1170044352832,0.4411
2025-02-01,12,73,651.3376852233246,0.0,0.0,651.3376852233246,0.4551
2025-02-01,12,74,568.9666936143975,0.0,0.0,568.9666936143975,0.4463
2025-02-01,12,75,566.631157042032,0.0,0.0,566.631157042032,0.4113
2025-02-01,12,76,574.3992213037233,0.0,0.0,574.3992213037233,0.5682
2025-02-01,12,77,0.0,0.0,0.0,0.0,0.8279
2025-02-01,12,78,0.0,0.0,0.0,0.0,0.8636
2025-02-01,12,79,0.0,0.0,0.0,0.0,0.8416
2025-02-01,12,80,0.0,0.0,0.0,0.0,0.8618
2025-02-01,12,81,0.0,0.0,0.0,0.0,0.8623
2025-02-01,12,82,0.0,0.0,0.0,0.0,0.9026
2025-02-01,12,83,0.0,0.0,0.0,0.0,0.9754
2025-02-01,12,84,0.0,0.0,0.0,0.0,1.0002
2025-02-01,12,85,0.0,0.0,0.0,0.0,0.9978
2025-02-01,12,86,0.0,0.0,0.0,0.0,1.0271
2025-02-01,12,87,0.0,0.0,0.0,0.0,1.0906
2025-02-01,12,88,0.0,0.0,0.0,0.0,0.9376
2025-02-01,12,89,612.1289799660691,612.1289799660691,0.0,0.0,0.6694
2025-02-01,12,90,1268.0154768922084,1260.320458836653,0.0,7.695018055555465,0.66
2025-02-01,12,91,427.6759524611552,427.6759524611552,0.0,0.0,0.7217
2025-02-01,12,92,323.45903936808054,323.45903936808054,0.0,0.0,0.7308
2025-02-01,12,93,475.3653043147654,475.3653043147654,0.0,0.0,0.7534
2025-02-01,12,94,422.7903454888963,422.7903454888963,0.0,0.0,0.7823
2025-02-01,12,95,587.6314381124429,471.5107166616222,0.0,116.12072145082067,0.8055
2025-02-01,12,96,628.099427678582,540.4682302165614,0.0,87.63119746202051,0.8271
2025-02-01,12,97,583.3311742714513,583.3311742714513,0.0,0.0,0.8519
2025-02-01,12,98,734.9881001677244,667.7964362788354,0.0,67.19166388888902,0.8791
2025-02-01,12,99,677.7576469960356,676.5333956071466,0.0,1.2242513888890016,0.9024
2025-02-01,12,100,670.0845084851013,670.0845084851013,0.0,0.0,0.9163
2025-02-01,12,101,706.6053380128305,706.6053380128305,0.0,0.0,0.9264
2025-02-01,12,102,743.0926036576019,733.4861356020464,0.0,9.606468055555524,0.9462
2025-02-01,12,103,721.0124570820996,721.0124570820996,0.0,0.0,0.9742
2025-02-01,12,104,731.7368757346186,725.6236687901742,0.0,6.113206944444414,0.9862
2025-02-01,12,105,717.7425938588598,717.7425938588598,0.0,0.0,0.976
2025-02-01,12,106,684.0836318549483,684.0836318549483,0.0,0.0,1.0742
2025-02-01,12,107,623.8551022455837,623.8551022455837,0.0,0.0,1.2313
2025-02-01,12,108,0.0,0.0,0.0,0.0,1.2561
2025-02-01,12,109,613.2265848192253,613.2265848192253,0.0,0.0,1.2447
2025-02-01,12,110,0.0,0.0,0.0,0.0,1.2545
2025-02-01,12,111,585.6550466173522,585.6550466173522,0.0,0.0,1.2522
2025-02-01,12,112,0.0,0.0,0.0,0.0,1.2881
2025-02-01,12,113,0.0,0.0,0.0,0.0,1.3466
2025-02-01,12,114,0.0,0.0,0.0,0.0,1.3523
2025-02-01,12,115,0.0,0.0,0.0,0.0,1.3445
2025-02-01,12,116,0.0,0.0,0.0,0.0,1.3483
2025-02-01,12,117,0.0,0.0,0.0,0.0,1.349
2025-02-01,12,118,0.0,0.0,0.0,0.0,1.3473
2025-02-01,12,119,0.0,0.0,0.0,0.0,1.3482
2025-02-01,12,120,0.0,0.0,0.0,0.0,1.3513
2025-02-01,12,121,0.0,0.0,0.0,0.0,1.34
2025-02-01,12,122,0.0,0.0,0.0,0.0,1.3489
2025-02-01,12,123,0.0,0.0,0.0,0.0,1.3952
2025-02-01,12,124,623.9316660536668,623.9316660536668,0.0,0.0,1.2226
2025-02-01,12,125,632.094968549286,632.094968549286,0.0,0.0,0.9332
2025-02-01,12,126,611.4862302149257,611.4862302149257,0.0,0.0,0.9068
2025-02-01,12,127,615.7163960360873,615.7163960360873,0.0,0.0,0.9371
2025-02-01,12,128,601.992336335148,601.992336335148,0.0,0.0,0.9371
2025-02-01,12,129,599.384917261102,599.384917261102,0.0,0.0,0.9871
2025-02-01,12,130,587.6754324558129,587.6754324558129,0.0,0.0,0.7764
2025-02-01,12,131,522.5351697113789,522.5351697113789,0.0,0.0,0.4209
2025-02-01,12,132,507.1592946850348,507.1592946850348,0.0,0.0,0.3859
2025-02-01,12,133,505.40407820049677,505.40407820049677,0.0,0.0,0.4368
2025-02-01,12,134,519.217294308817,519.217294308817,0.0,0.0,0.4198
2025-02-01,12,135,512.2119733379124,512.2119733379124,0.0,0.0,0.4186
2025-02-01,12,136,509.9062518398389,509.9062518398389,0.0,0.0,0.4241
2025-02-01,12,137,515.8714446638436,515.8714446638436,0.0,0.0,0.4237
2025-02-01,12,138,533.7665682185708,533.7665682185708,0.0,0.0,0.4248
2025-02-01,12,139,517.5380089675733,517.5380089675733,0.0,0.0,0.424
2025-02-01,12,140,506.9253848944031,506.9253848944031,0.0,0.0,0.422
2025-02-01,12,141,524.6759782379767,524.6759782379767,0.0,0.0,0.424
2025-02-01,12,142,526.1020786598876,526.1020786598876,0.0,0.0,0.4271
2025-02-01,12,143,654.9392739793889,654.9392739793889,0.0,0.0,0.4276
2025-02-01,18,108,0.0,0.0,0.0,0.0,1.2561
2025-02-01,18,109,613.2265848192253,613.2265848192253,0.0,0.0,1.2447
2025-02-01,18,110,0.0,0.0,0.0,0.0,1.2545
2025-02-01,18,111,585.6550466173522,585.6550466173522,0.0,0.0,1.2522
2025-02-01,18,112,0.0,0.0,0.0,0.0,1.2881
2025-02-01,18,113,0.0,0.0,0.0,0.0,1.3466
2025-02-01,18,114,0.0,0.0,0.0,0.0,1.3523
2025-02-01,18,115,0.0,0.0,0.0,0.0,1.3445
2025-02-01,18,116,0.0,0.0,0.0,0.0,1.3483
2025-02-01,18,117,0.0,0.0,0.0,0.0,1.349
2025-02-01,18,118,0.0,0.0,0.0,0.0,1.3473
2025-02-01,18,119,0.0,0.0,0.0,0.0,1.3482
2025-02-01,18,120,0.0,0.0,0.0,0.0,1.3513
2025-02-01,18,121,0.0,0.0,0.0,0.0,1.34
2025-02-01,18,122,0.0,0.0,0.0,0.0,1.3489
2025-02-01,18,123,0.0,0.0,0.0,0.0,1.3952
2025-02-01,18,124,623.9316660536668,623.9316660536668,0.0,0.0,1.2226
2025-02-01,18,125,632.094968549286,632.094968549286,0.0,0.0,0.9332
2025-02-01,18,126,611.4862302149257,611.4862302149257,0.0,0.0,0.9068
2025-02-01,18,127,615.7163960360873,615.7163960360873,0.0,0.0,0.9371
2025-02-01,18,128,601.992336335148,601.992336335148,0.0,0.0,0.9371
2025-02-01,18,129,599.384917261102,599.384917261102,0.0,0.0,0.9871
2025-02-01,18,130,587.6754324558129,587.6754324558129,0.0,0.0,0.7764
2025-02-01,18,131,522.5351697113789,522.5351697113789,0.0,0.0,0.4209
2025-02-01,18,132,507.1592946850348,507.1592946850348,0.0,0.0,0.3859
2025-02-01,18,133,505.40407820049677,505.40407820049677,0.0,0.0,0.4368
2025-02-01,18,134,519.217294308817,519.217294308817,0.0,0.0,0.4198
2025-02-01,18,135,512.2119733379124,512.2119733379124,0.0,0.0,0.4186
2025-02-01,18,136,509.9062518398389,509.9062518398389,0.0,0.0,0.4241
2025-02-01,18,137,515.8714446638436,515.8714446638436,0.0,0.0,0.4237
2025-02-01,18,138,533.7665682185708,533.7665682185708,0.0,0.0,0.4248
2025-02-01,18,139,517.5380089675733,517.5380089675733,0.0,0.0,0.424
2025-02-01,18,140,506.9253848944031,506.9253848944031,0.0,0.0,0.422
2025-02-01,18,141,524.6759782379767,524.6759782379767,0.0,0.0,0.424
2025-02-01,18,142,526.1020786598876,526.1020786598876,0.0,0.0,0.4271
2025-02-01,18,143,654.9392739793889,654.9392739793889,0.0,0.0,0.4276
2025-02-02,6,36,327.56277640427277,327.44758057105525,0.0,0.1151958332175127,0.9368
2025-02-02,6,37,991.1276011449319,991.1276011449319,0.0,0.0,0.8758
2025-02-02,6,38,991.936599032639,991.3606198659724,0.0,0.5759791666666843,0.8759
2025-02-02,6,39,959.8244886153321,959.8244886153321,0.0,0.0,0.8601
2025-02-02,6,40,937.024073913777,937.024073913777,0.0,0.0,0.8442
2025-02-02,6,41,923.1257367520953,921.9615089743178,0.0,1.164227777777569,0.8334
2025-02-02,6,42,857.376767129823,857.376767129823,0.0,0.0,0.8092
2025-02-02,6,43,833.7166523749247,833.7166523749247,0.0,0.0,0.7972
2025-02-02,6,44,829.9489802436827,829.9489802436827,0.0,0.0,0.7644
2025-02-02,6,45,1649.8449900806827,1644.304810914016,0.0,5.540179166666803,0.6899
2025-02-02,6,46,803.4796122382376,795.4894747382374,0.0,7.9901375000001735,0.86
2025-02-02,6,47,207.75668509907916,207.75668509907916,0.0,0.0,1.1617
2025-02-02,6,48,126.60978087533533,126.60978087533533,0.0,0.0,1.1683
2025-02-02,6,49,46.03268864150925,32.38323030817594,0.0,13.649458333333314,1.0956
2025-02-02,6,50,23.236602544676316,23.236602544676316,0.0,0.0,1.0849
2025-02-02,6,51,0.0,0.0,0.0,0.0,1.061
2025-02-02,6,52,0.0,0.0,0.0,0.0,1.043
2025-02-02,6,53,0.0,0.0,0.0,0.0,1.036
2025-02-02,6,54,0.0,0.0,0.0,0.0,1.0147
2025-02-02,6,55,0.0,0.0,0.0,0.0,0.9922
2025-02-02,6,56,567.5482493047518,567.5482493047518,0.0,0.0,0.97
2025-02-02,6,57,497.2485804022587,497.2485804022587,0.0,0.0,0.9422
2025-02-02,6,58,568.2876907588706,547.0027224887887,0.0,21.28496827008189,0.9569
2025-02-02,6,59,0.0,0.0,0.0,0.0,0.9977
2025-02-02,6,60,0.0,0.0,0.0,0.0,0.9919
2025-02-02,6,61,443.9377345455485,443.9377345455485,0.0,0.0,0.9588
2025-02-02,6,62,403.00283943201504,403.00283943201504,0.0,0.0,0.9549
2025-02-02,6,63,142.77917875926508,142.77917875926508,0.0,0.0,0.9839
2025-02-02,6,64,352.2389732039381,352.2389732039381,0.0,0.0,0.799
2025-02-02,6,65,1232.216253579556,1153.7020049684452,0.0,78.51424861111082,0.5025
2025-02-02,6,66,1292.3898317476128,1205.7034761920572,0.0,86.68635555555556,0.4662
2025-02-02,6,67,1312.3412584724074,1209.1493584724076,0.0,103.1918999999998,0.5007
2025-02-02,6,68,1254.845604781672,1135.1481603372276,0.0,119.69744444444427,0.4827
2025-02-02,6,69,1201.4994421139259,1065.2964532250369,0.0,136.20298888888897,0.4785
2025-02-02,6,70,1140.2402717192367,987.5317383859032,0.0,152.70853333333355,0.4662
2025-02-02,6,71,1126.5358959885539,957.3218182107756,0.0,169.21407777777824,0.4432
2025-02-02,6,72,1161.7408836594054,996.4895128260719,0.0,165.25137083333357,0.4411
2025-02-02,6,73,1123.5747919859073,982.7543794859071,0.0,140.8204125000002,0.4551
2025-02-02,6,74,1036.823898552192,920.434444385525,0.0,116.38945416666706,0.4463
2025-02-02,6,75,1041.0261002429868,940.1681902789023,0.0,100.85790996408446,0.4113
2025-02-02,6,76,1090.086309904343,1022.5587724043428,0.0,67.52753750000011,0.5682
2025-02-02,6,77,146.48062048212418,146.48062048212418,0.0,0.0,0.8279
2025-02-02,6,78,293.3203452421196,269.630874731256,0.0,23.6894705108636,0.8636
2025-02-02,6,79,266.3438973036103,266.3438973036103,0.0,0.0,0.8416
2025-02-02,6,80,274.40154884667027,220.85923356889256,0.0,53.5423152777777,0.8618
2025-02-02,6,81,368.44009525587416,326.4084351398094,0.0,42.03166011606476,0.8623
2025-02-02,6,82,412.93506589083125,315.12487839083116,0.0,97.8101875000001,0.9026
2025-02-02,6,83,219.60644245781896,219.60644245781896,0.0,0.0,0.9754
2025-02-02,6,84,0.0,0.0,0.0,0.0,1.0002
2025-02-02,6,85,0.0,0.0,0.0,0.0,0.9978
2025-02-02,6,86,0.0,0.0,0.0,0.0,1.0271
2025-02-02,6,87,0.0,0.0,0.0,0.0,1.0906
2025-02-02,6,88,308.0284338139895,308.0284338139895,0.0,0.0,0.9376
2025-02-02,6,89,1505.58438169873,1505.58438169873,0.0,0.0,0.6694
2025-02-02,6,90,1564.5258400012617,1564.5258400012617,0.0,0.0,0.66
2025-02-02,6,91,608.6460135032578,608.6460135032578,0.0,0.0,0.7217
2025-02-02,6,92,1642.4351852436805,1642.4351852436805,0.0,0.0,0.7308
2025-02-02,6,93,719.7215764336332,719.7215764336332,0.0,0.0,0.7534
2025-02-02,6,94,779.8024050770094,778.2495759103426,0.0,1.552829166666811,0.7823
2025-02-02,6,95,838.8373289102669,838.8373289102669,0.0,0.0,0.8055
2025-02-02,6,96,892.5193769871161,884.3816339315604,0.0,8.137743055555688,0.8271
2025-02-02,6,97,964.5921927577515,957.033063591085,0.0,7.55912916666648,0.8519
2025-02-02,6,98,983.3868513792719,983.3868513792719,0.0,0.0,0.8791
2025-02-02,6,99,1030.4075168935346,1030.4075168935346,0.0,0.0,0.9024
2025-02-02,6,100,1078.4832702021579,1072.659982702158,0.0,5.8232874999998785,0.9163
2025-02-02,6,101,1154.7383687509646,1149.4936951398533,0.0,5.244673611111239,0.9264
2025-02-02,6,102,1148.5567303491814,1148.5567303491814,0.0,0.0,0.9462
2025-02-02,6,103,1142.988758547226,1142.988758547226,0.0,0.0,0.9742
2025-02-02,6,104,1173.2863706052158,1173.2863706052158,0.0,0.0,0.9862
2025-02-02,6,105,1185.861302962276,1185.861302962276,0.0,0.0,0.976
2025-02-02,6,106,1050.754743828412,1049.5159021617453,0.0,1.238841666666758,1.0742
2025-02-02,6,107,815.4527258723141,815.039778650092,0.0,0.4129472222221011,1.2313
2025-02-02,6,108,773.7973982940745,773.7973982940745,0.0,0.0,1.2561
2025-02-02,6,109,822.0622634202346,822.0622634202346,0.0,0.0,1.2447
2025-02-02,6,110,804.3468108135521,804.3468108135521,0.0,0.0,1.2545
2025-02-02,6,111,824.9755980439255,824.9755980439255,0.0,0.0,1.2522
2025-02-02,6,112,833.5223055140165,833.5223055140165,0.0,0.0,1.2881
2025-02-02,6,113,0.0,0.0,0.0,0.0,1.3466
2025-02-02,6,114,0.0,0.0,0.0,0.0,1.3523
2025-02-02,6,115,0.0,0.0,0.0,0.0,1.3445
2025-02-02,6,116,0.0,0.0,0.0,0.0,1.3483
2025-02-02,6,117,1.4666701994328832,1.4666701994328832,0.0,0.0,1.349
2025-02-02,6,118,0.0,0.0,0.0,0.0,1.3473
2025-02-02,6,119,0.0,0.0,0.0,0.0,1.3482
2025-02-02,6,120,0.0,0.0,0.0,0.0,1.3513
2025-02-02,6,121,253.14094112906378,253.14094112906378,0.0,0.0,1.34
2025-02-02,6,122,3.933102940497747,3.933102940497747,0.0,0.0,1.3489
2025-02-02,6,123,0.0,0.0,0.0,0.0,1.3952
2025-02-02,6,124,752.0398407037655,752.0398407037655,0.0,0.0,1.2226
2025-02-02,6,125,807.1823041688343,807.1823041688343,0.0,0.0,0.9332
2025-02-02,6,126,797.9862711253276,797.9862711253276,0.0,0.0,0.9068
2025-02-02,6,127,811.1467145523156,811.1467145523156,0.0,0.0,0.9371
2025-02-02,6,128,790.3263493928885,790.3263493928885,0.0,0.0,0.9371
2025-02-02,6,129,796.8005257318997,796.8005257318997,0.0,0.0,0.9871
2025-02-02,6,130,727.9300665493791,727.9300665493791,0.0,0.0,0.7764
2025-02-02,6,131,622.1946159442142,622.1946159442142,0.0,0.0,0.4209
2025-02-02,6,132,608.8291723407564,608.8291723407564,0.0,0.0,0.3859
2025-02-02,6,133,605.9829264616226,605.9829264616226,0.0,0.0,0.4368
2025-02-02,6,134,610.7443062037357,610.7443062037357,0.0,0.0,0.4198
2025-02-02,6,135,622.9364654253412,622.9364654253412,0.0,0.0,0.4186
2025-02-02,6,136,639.8858816632704,639.8858816632704,0.0,0.0,0.4241
2025-02-02,6,137,650.0181154692967,650.0181154692967,0.0,0.0,0.4237
2025-02-02,6,138,660.1941419348576,660.1941419348576,0.0,0.0,0.4248
2025-02-02,6,139,650.091913937871,650.091913937871,0.0,0.0,0.424
2025-02-02,6,140,640.7615363480644,640.7615363480644,0.0,0.0,0.422
2025-02-02,6,141,639.3140870193077,639.3140870193077,0.0,0.0,0.424
2025-02-02,6,142,626.5680607405753,626.5680607405753,0.0,0.0,0.4271
2025-02-02,6,143,692.1913518693653,692.1913518693653,0.0,0.0,0.4276
2025-02-02,12,72,996.4895128260719,658.719226957546,0.0,337.7702858685259,0.4411
2025-02-02,12,73,982.7543794859071,98.69233940239803,0.0,884.062040083509,0.4551
2025-02-02,12,74,920.434444385525,133.15396244108058,0.0,787.2804819444444,0.4463
2025-02-02,12,75,940.1681902789023,940.1681902789023,0.0,0.0,0.4113
2025-02-02,12,76,1022.5587724043428,97.20798189195818,0.0,925.3507905123846,0.5682
2025-02-02,12,77,146.48062048212418,146.48062048212418,0.0,0.0,0.8279
2025-02-02,12,78,269.630874731256,165.3925573693015,0.0,104.23831736195447,0.8636
2025-02-02,12,79,266.3438973036103,266.3438973036103,0.0,0.0,0.8416
2025-02-02,12,80,220.85923356889256,220.85923356889256,0.0,0.0,0.8618
2025-02-02,12,81,326.4084351398094,326.4084351398094,0.0,0.0,0.8623
2025-02-02,12,82,315.12487839083116,315.12487839083116,0.0,0.0,0.9026
2025-02-02,12,83,219.60644245781896,219.60644245781896,0.0,0.0,0.9754
2025-02-02,12,84,0.0,0.0,0.0,0.0,1.0002
2025-02-02,12,85,0.0,0.0,0.0,0.0,0.9978
2025-02-02,12,86,0.0,0.0,0.0,0.0,1.0271
2025-02-02,12,87,0.0,0.0,0.0,0.0,1.0906
2025-02-02,12,88,308.0284338139895,308.0284338139895,0.0,0.0,0.9376
2025-02-02,12,89,1505.58438169873,1491.8495650320635,0.0,13.734816666666575,0.6694
2025-02-02,12,90,1564.5258400012617,1553.08077889015,0.0,11.445061111111727,0.66
2025-02-02,12,91,608.6460135032578,608.6460135032578,0.0,0.0,0.7217
2025-02-02,12,92,1642.4351852436805,1640.3436130214493,0.0,2.091572222231207,0.7308
2025-02-02,12,93,719.7215764336332,719.7215764336332,0.0,0.0,0.7534
2025-02-02,12,94,778.2495759103426,778.2495759103426,0.0,0.0,0.7823
2025-02-02,12,95,838.8373289102669,838.8373289102669,0.0,0.0,0.8055
2025-02-02,12,96,884.3816339315604,884.3816339315604,0.0,0.0,0.8271
2025-02-02,12,97,957.033063591085,957.033063591085,0.0,0.0,0.8519
2025-02-02,12,98,983.3868513792719,983.3868513792719,0.0,0.0,0.8791
2025-02-02,12,99,1030.4075168935346,1020.9017946713125,0.0,9.505722222222175,0.9024
2025-02-02,12,100,1072.659982702158,1072.659982702158,0.0,0.0,0.9163
2025-02-02,12,101,1149.4936951398533,1149.4936951398533,0.0,0.0,0.9264
2025-02-02,12,102,1148.5567303491814,1148.5567303491814,0.0,0.0,0.9462
2025-02-02,12,103,1142.988758547226,1142.988758547226,0.0,0.0,0.9742
2025-02-02,12,104,1173.2863706052158,1173.2863706052158,0.0,0.0,0.9862
2025-02-02,12,105,1185.861302962276,1185.861302962276,0.0,0.0,0.976
2025-02-02,12,106,1049.5159021617453,1049.5159021617453,0.0,0.0,1.0742
2025-02-02,12,107,815.039778650092,815.039778650092,0.0,0.0,1.2313
2025-02-02,12,108,773.7973982940745,773.7973982940745,0.0,0.0,1.2561
2025-02-02,12,109,822.0622634202346,822.0622634202346,0.0,0.0,1.2447
2025-02-02,12,110,804.3468108135521,804.3468108135521,0.0,0.0,1.2545
2025-02-02,12,111,824.9755980439255,824.9755980439255,0.0,0.0,1.2522
2025-02-02,12,112,833.5223055140165,833.5223055140165,0.0,0.0,1.2881
2025-02-02,12,113,0.0,0.0,0.0,0.0,1.3466
2025-02-02,12,114,0.0,0.0,0.0,0.0,1.3523
2025-02-02,12,115,0.0,0.0,0.0,0.0,1.3445
2025-02-02,12,116,0.0,0.0,0.0,0.0,1.3483
2025-02-02,12,117,1.4666701994328832,1.4666701994328832,0.0,0.0,1.349
2025-02-02,12,118,0.0,0.0,0.0,0.0,1.3473
2025-02-02,12,119,0.0,0.0,0.0,0.0,1.3482
2025-02-02,12,120,0.0,0.0,0.0,0.0,1.3513
2025-02-02,12,121,253.14094112906378,253.14094112906378,0.0,0.0,1.34
2025-02-02,12,122,3.933102940497747,3.933102940497747,0.0,0.0,1.3489
2025-02-02,12,123,0.0,0.0,0.0,0.0,1.3952
2025-02-02,12,124,752.0398407037655,752.0398407037655,0.0,0.0,1.2226
2025-02-02,12,125,807.1823041688343,807.1823041688343,0.0,0.0,0.9332
2025-02-02,12,126,797.9862711253276,797.9862711253276,0.0,0.0,0.9068
2025-02-02,12,127,811.1467145523156,811.1467145523156,0.0,0.0,0.9371
2025-02-02,12,128,790.3263493928885,790.3263493928885,0.0,0.0,0.9371
2025-02-02,12,129,796.8005257318997,796.8005257318997,0.0,0.0,0.9871
2025-02-02,12,130,727.9300665493791,727.9300665493791,0.0,0.0,0.7764
2025-02-02,12,131,622.1946159442142,622.1946159442142,0.0,0.0,0.4209
2025-02-02,12,132,608.8291723407564,608.8291723407564,0.0,0.0,0.3859
2025-02-02,12,133,605.9829264616226,605.9829264616226,0.0,0.0,0.4368
2025-02-02,12,134,610.7443062037357,610.7443062037357,0.0,0.0,0.4198
2025-02-02,12,135,622.9364654253412,622.9364654253412,0.0,0.0,0.4186
2025-02-02,12,136,639.8858816632704,639.8858816632704,0.0,0.0,0.4241
2025-02-02,12,137,650.0181154692967,650.0181154692967,0.0,0.0,0.4237
2025-02-02,12,138,660.1941419348576,660.1941419348576,0.0,0.0,0.4248
2025-02-02,12,139,650.091913937871,650.091913937871,0.0,0.0,0.424
2025-02-02,12,140,640.7615363480644,640.7615363480644,0.0,0.0,0.422
2025-02-02,12,141,639.3140870193077,639.3140870193077,0.0,0.0,0.424
2025-02-02,12,142,626.5680607405753,626.5680607405753,0.0,0.0,0.4271
2025-02-02,12,143,692.1913518693653,692.1913518693653,0.0,0.0,0.4276
2025-02-02,18,108,773.7973982940745,773.7973982940745,0.0,0.0,1.2561
2025-02-02,18,109,822.0622634202346,822.0622634202346,0.0,0.0,1.2447
2025-02-02,18,110,804.3468108135521,804.3468108135521,0.0,0.0,1.2545
2025-02-02,18,111,824.9755980439255,824.9755980439255,0.0,0.0,1.2522
2025-02-02,18,112,833.5223055140165,833.5223055140165,0.0,0.0,1.2881
2025-02-02,18,113,0.0,0.0,0.0,0.0,1.3466
2025-02-02,18,114,0.0,0.0,0.0,0.0,1.3523
2025-02-02,18,115,0.0,0.0,0.0,0.0,1.3445
2025-02-02,18,116,0.0,0.0,0.0,0.0,1.3483
2025-02-02,18,117,1.4666701994328832,1.4666701994328832,0.0,0.0,1.349
2025-02-02,18,118,0.0,0.0,0.0,0.0,1.3473
2025-02-02,18,119,0.0,0.0,0.0,0.0,1.3482
2025-02-02,18,120,0.0,0.0,0.0,0.0,1.3513
2025-02-02,18,121,253.14094112906378,253.14094112906378,0.0,0.0,1.34
2025-02-02,18,122,3.933102940497747,3.933102940497747,0.0,0.0,1.3489
2025-02-02,18,123,0.0,0.0,0.0,0.0,1.3952
2025-02-02,18,124,752.0398407037655,752.0398407037655,0.0,0.0,1.2226
2025-02-02,18,125,807.1823041688343,807.1823041688343,0.0,0.0,0.9332
2025-02-02,18,126,797.9862711253276,797.9862711253276,0.0,0.0,0.9068
2025-02-02,18,127,811.1467145523156,811.1467145523156,0.0,0.0,0.9371
2025-02-02,18,128,790.3263493928885,790.3263493928885,0.0,0.0,0.9371
2025-02-02,18,129,796.8005257318997,796.8005257318997,0.0,0.0,0.9871
2025-02-02,18,130,727.9300665493791,727.9300665493791,0.0,0.0,0.7764
2025-02-02,18,131,622.1946159442142,622.1946159442142,0.0,0.0,0.4209
2025-02-02,18,132,608.8291723407564,608.8291723407564,0.0,0.0,0.3859
2025-02-02,18,133,605.9829264616226,605.9829264616226,0.0,0.0,0.4368
2025-02-02,18,134,610.7443062037357,610.7443062037357,0.0,0.0,0.4198
2025-02-02,18,135,622.9364654253412,622.9364654253412,0.0,0.0,0.4186
2025-02-02,18,136,639.8858816632704,639.8858816632704,0.0,0.0,0.4241
2025-02-02,18,137,650.0181154692967,650.0181154692967,0.0,0.0,0.4237
2025-02-02,18,138,660.1941419348576,660.1941419348576,0.0,0.0,0.4248
2025-02-02,18,139,650.091913937871,650.091913937871,0.0,0.0,0.424
2025-02-02,18,140,640.7615363480644,640.7615363480644,0.0,0.0,0.422
2025-02-02,18,141,639.3140870193077,639.3140870193077,0.0,0.0,0.424
2025-02-02,18,142,626.5680607405753,626.5680607405753,0.0,0.0,0.4271
2025-02-02,18,143,692.1913518693653,692.1913518693653,0.0,0.0,0.4276
2025-02-03,6,36,235.87668274965063,77.19930497187283,0.0,158.6773777777778,0.9368
2025-02-03,6,37,902.5208567843619,902.5208567843619,0.0,0.0,0.8758
2025-02-03,6,38,927.3002458543555,927.3002458543555,0.0,0.0,0.8759
2025-02-03,6,39,915.5952821834741,910.0518266279187,0.0,5.543455555555397,0.8601
2025-02-03,6,40,893.3843970700041,893.3843970700041,0.0,0.0,0.8442
2025-02-03,6,41,865.4965928021728,861.751642802173,0.0,3.7449499999997897,0.8334
2025-02-03,6,42,804.2525266999997,804.2525266999997,0.0,0.0,0.8092
2025-02-03,6,43,765.5519975511306,753.4448517177974,0.0,12.10714583333322,0.7972
2025-02-03,6,44,700.599586011995,700.599586011995,0.0,0.0,0.7644
2025-02-03,6,45,1578.1256881942304,1535.0998020831194,0.0,43.02588611111105,0.6899
2025-02-03,6,46,687.7428351604962,646.7758548757245,0.0,40.966980284771694,0.86
2025-02-03,6,47,48.91567229822613,0.0,0.0,48.91567229822613,1.1617
2025-02-03,6,48,0.0,0.0,0.0,0.0,1.1683
2025-02-03,6,49,0.0,0.0,0.0,0.0,1.0956
2025-02-03,6,50,0.0,0.0,0.0,0.0,1.0849
2025-02-03,6,51,0.0,0.0,0.0,0.0,1.061
2025-02-03,6,52,0.0,0.0,0.0,0.0,1.043
2025-02-03,6,53,0.0,0.0,0.0,0.0,1.036
2025-02-03,6,54,0.0,0.0,0.0,0.0,1.0147
2025-02-03,6,55,0.0,0.0,0.0,0.0,0.9922
2025-02-03,6,56,0.0,0.0,0.0,0.0,0.97
2025-02-03,6,57,461.68557867456246,0.0,0.0,461.68557867456246,0.9422
2025-02-03,6,58,0.0,0.0,0.0,0.0,0.9569
2025-02-03,6,59,0.0,0.0,0.0,0.0,0.9977
2025-02-03,6,60,0.0,0.0,0.0,0.0,0.9919
2025-02-03,6,61,0.0,0.0,0.0,0.0,0.9588
2025-02-03,6,62,178.11794420166768,0.0,0.0,178.11794420166768,0.9549
2025-02-03,6,63,0.0,0.0,0.0,0.0,0.9839
2025-02-03,6,64,291.03112386911516,131.10476917558162,0.0,159.92635469353354,0.799
2025-02-03,6,65,1159.4760525488246,957.0767302332453,0.0,202.3993223155793,0.5025
2025-02-03,6,66,1215.173950488027,1013.875772710249,0.0,201.29817777777805,0.4662
2025-02-03,6,67,1231.0960090391973,1039.8773423725306,0.0,191.21866666666665,0.5007
2025-02-03,6,68,1154.8494643249046,999.8736020637301,0.0,154.97586226117448,0.4827
2025-02-03,6,69,1156.84026168465,991.2647016207627,0.0,165.57556006388722,0.4785
2025-02-03,6,70,1098.3800314343064,937.3998981009729,0.0,160.98013333333347,0.4662
2025-02-03,6,71,1035.860481121628,907.8185931046794,0.0,128.04188801694863,0.4432
2025-02-03,6,72,1084.4912623781743,957.7176605327708,0.0,126.7736018454035,0.4411
2025-02-03,6,73,1097.5717202822516,999.0233286083535,0.0,98.5483916738981,0.4551
2025-02-03,6,74,1077.185827580905,996.2894602097001,0.0,80.89636737120486,0.4463
2025-02-03,6,75,1044.8662739633764,994.8294037542445,0.0,50.03687020913196,0.4113
2025-02-03,6,76,1110.7179616155981,1044.4310189692599,0.0,66.28694264633828,0.5682
2025-02-03,6,77,307.07284484885196,297.67516498722824,0.0,9.397679861623715,0.8279
2025-02-03,6,78,298.5656165380069,298.5656165380069,0.0,0.0,0.8636
2025-02-03,6,79,290.0933807693559,254.87530948514146,0.0,35.21807128421446,0.8416
2025-02-03,6,80,312.68562204671224,256.7501409834081,0.0,55.93548106330417,0.8618
2025-02-03,6,81,360.1636330284579,205.8408071275197,0.0,154.32282590093823,0.8623
2025-02-03,6,82,415.0773477805571,0.0,0.0,415.0773477805571,0.9026
2025-02-03,6,83,0.0,0.0,0.0,0.0,0.9754
2025-02-03,6,84,0.0,0.0,0.0,0.0,1.0002
2025-02-03,6,85,0.0,0.0,0.0,0.0,0.9978
2025-02-03,6,86,0.0,0.0,0.0,0.0,1.0271
2025-02-03,6,87,0.0,0.0,0.0,0.0,1.0906
2025-02-03,6,88,562.1526600580761,0.0,0.0,562.1526600580761,0.9376
2025-02-03,6,89,1456.8524691434982,1308.5291549137442,0.0,148.32331422975403,0.6694
2025-02-03,6,90,1411.7503983228817,1309.6434657624295,0.0,102.10693256045215,0.66
2025-02-03,6,91,1433.9895178876643,1377.7474508519806,0.0,56.242067035683704,0.7217
2025-02-03,6,92,1501.150470329742,1496.998004384345,0.0,4.152465945396898,0.7308
2025-02-03,6,93,703.0406763912789,619.8255529730783,0.0,83.21512341820062,0.7534
2025-02-03,6,94,757.4018107513789,665.6317250967853,0.0,91.77008565459357,0.7823
2025-02-03,6,95,792.2053388604096,709.2251806608783,0.0,82.98015819953127,0.8055
2025-02-03,6,96,829.8917394309111,727.7667396202322,0.0,102.1249998106789,0.8271
2025-02-03,6,97,833.725960011356,778.3570456067606,0.0,55.368914404595444,0.8519
2025-02-03,6,98,871.0675284765726,859.7717062543503,0.0,11.295822222222341,0.8791
2025-02-03,6,99,912.7562321840373,909.4021127395928,0.0,3.3541194444445637,0.9024
2025-02-03,6,100,944.329315902797,935.1480865081691,0.0,9.181229394627962,0.9163
2025-02-03,6,101,1000.1261016176541,1000.1261016176541,0.0,0.0,0.9264
2025-02-03,6,102,988.8678042102978,988.1674492885103,0.0,0.7003549217874934,0.9462
2025-02-03,6,103,1000.9182849355911,1000.9182849355911,0.0,0.0,0.9742
2025-02-03,6,104,1043.083868836464,1043.083868836464,0.0,0.0,0.9862
2025-02-03,6,105,1076.1692346386437,1076.1692346386437,0.0,0.0,0.976
2025-02-03,6,106,949.225023923224,947.2701780898907,0.0,1.954845833333252,1.0742
2025-02-03,6,107,752.0537422697197,751.4021269919418,0.0,0.6516152777778643,1.2313
2025-02-03,6,108,716.5753189895687,716.5753189895687,0.0,0.0,1.2561
2025-02-03,6,109,742.8357701227292,742.8357701227292,0.0,0.0,1.2447
2025-02-03,6,110,720.9565668139531,720.9565668139531,0.0,0.0,1.2545
2025-02-03,6,111,752.4523918429663,752.4523918429663,0.0,0.0,1.2522
2025-02-03,6,112,271.8843868406101,271.8843868406101,0.0,0.0,1.2881
2025-02-03,6,113,0.0,0.0,0.0,0.0,1.3466
2025-02-03,6,114,0.0,0.0,0.0,0.0,1.3523
2025-02-03,6,115,0.0,0.0,0.0,0.0,1.3445
2025-02-03,6,116,0.0,0.0,0.0,0.0,1.3483
2025-02-03,6,117,0.0,0.0,0.0,0.0,1.349
2025-02-03,6,118,0.0,0.0,0.0,0.0,1.3473
2025-02-03,6,119,0.0,0.0,0.0,0.0,1.3482
2025-02-03,6,120,0.0,0.0,0.0,0.0,1.3513
2025-02-03,6,121,0.0,0.0,0.0,0.0,1.34
2025-02-03,6,122,0.0,0.0,0.0,0.0,1.3489
2025-02-03,6,123,0.0,0.0,0.0,0.0,1.3952
2025-02-03,6,124,738.6564738015705,738.6564738015705,0.0,0.0,1.2226
2025-02-03,6,125,734.0505688720497,734.0505688720497,0.0,0.0,0.9332
2025-02-03,6,126,739.9953668001446,739.9953668001446,0.0,0.0,0.9068
2025-02-03,6,127,745.7815495329927,745.7815495329927,0.0,0.0,0.9371
2025-02-03,6,128,754.290762935454,754.290762935454,0.0,0.0,0.9371
2025-02-03,6,129,788.5856378937647,788.5856378937647,0.0,0.0,0.9871
2025-02-03,6,130,722.2403036866657,722.2403036866657,0.0,0.0,0.7764
2025-02-03,6,131,618.6930446999637,618.6930446999637,0.0,0.0,0.4209
2025-02-03,6,132,586.5243855766774,586.5243855766774,0.0,0.0,0.3859
2025-02-03,6,133,584.1167691064346,584.1167691064346,0.0,0.0,0.4368
2025-02-03,6,134,594.2159032985265,594.2159032985265,0.0,0.0,0.4198
2025-02-03,6,135,582.3203925810699,582.3203925810699,0.0,0.0,0.4186
2025-02-03,6,136,573.8712158077167,573.8712158077167,0.0,0.0,0.4241
2025-02-03,6,137,574.725595099382,574.725595099382,0.0,0.0,0.4237
2025-02-03,6,138,588.8812865432666,588.8812865432666,0.0,0.0,0.4248
2025-02-03,6,139,612.2559588180342,612.2559588180342,0.0,0.0,0.424
2025-02-03,6,140,613.6677858858985,613.6677858858985,0.0,0.0,0.422
2025-02-03,6,141,614.3630824741118,614.3630824741118,0.0,0.0,0.424
2025-02-03,6,142,624.4557943511005,624.4557943511005,0.0,0.0,0.4271
2025-02-03,6,143,589.6373884118829,589.6373884118829,0.0,0.0,0.4276
2025-02-03,12,72,957.7176605327708,897.929620254993,0.0,59.78804027777778,0.4411
2025-02-03,12,73,999.0233286083535,921.8210119489183,0.0,77.20231665943516,0.4551
2025-02-03,12,74,996.2894602097001,901.174613692016,0.0,95.1148465176841,0.4463
2025-02-03,12,75,994.8294037542445,885.673708916939,0.0,109.15569483730553,0.4113
2025-02-03,12,76,1044.4310189692599,176.95320554170019,0.0,867.4778134275597,0.5682
2025-02-03,12,77,297.67516498722824,139.32860022185756,0.0,158.3465647653707,0.8279
2025-02-03,12,78,298.5656165380069,147.20014431578466,0.0,151.36547222222225,0.8636
2025-02-03,12,79,254.87530948514146,192.95273076935595,0.0,61.922578715785505,0.8416
2025-02-03,12,80,256.7501409834081,174.84731825725035,0.0,81.90282272615772,0.8618
2025-02-03,12,81,205.8408071275197,197.05088825812936,0.0,8.789918869390334,0.8623
2025-02-03,12,82,0.0,0.0,0.0,0.0,0.9026
2025-02-03,12,83,0.0,0.0,0.0,0.0,0.9754
2025-02-03,12,84,0.0,0.0,0.0,0.0,1.0002
2025-02-03,12,85,0.0,0.0,0.0,0.0,0.9978
2025-02-03,12,86,0.0,0.0,0.0,0.0,1.0271
2025-02-03,12,87,0.0,0.0,0.0,0.0,1.0906
2025-02-03,12,88,0.0,0.0,0.0,0.0,0.9376
2025-02-03,12,89,1308.5291549137442,1290.2806552546094,0.0,18.248499659134723,0.6694
2025-02-03,12,90,1309.6434657624295,1276.6147530885492,0.0,33.028712673880364,0.66
2025-02-03,12,91,1377.7474508519806,1333.6816242158811,0.0,44.06582663609947,0.7217
2025-02-03,12,92,1496.998004384345,835.7282997601294,0.0,661.2697046242156,0.7308
2025-02-03,12,93,619.8255529730783,630.0497894342409,10.224236461162604,0.0,0.7534
2025-02-03,12,94,665.6317250967853,665.7219151180295,0.0901900212442115,0.0,0.7823
2025-02-03,12,95,709.2251806608783,710.9344671409395,1.7092864800612233,0.0,0.8055
2025-02-03,12,96,727.7667396202322,754.4266824864668,26.659942866234587,0.0,0.8271
2025-02-03,12,97,778.3570456067606,794.0135510712713,15.656505464510701,0.0,0.8519
2025-02-03,12,98,859.7717062543503,843.2054223045361,0.0,16.566283949814192,0.8791
2025-02-03,12,99,909.4021127395928,909.4021127395928,0.0,0.0,0.9024
2025-02-03,12,100,935.1480865081691,935.1480865081691,0.0,0.0,0.9163
2025-02-03,12,101,1000.1261016176541,995.7732530065431,0.0,4.352848611110971,0.9264
2025-02-03,12,102,988.1674492885103,982.9465437329545,0.0,5.22090555555576,0.9462
2025-02-03,12,103,1000.9182849355911,1000.9182849355911,0.0,0.0,0.9742
2025-02-03,12,104,1043.083868836464,1036.6599299475754,0.0,6.423938888888642,0.9862
2025-02-03,12,105,1076.1692346386437,1076.1692346386437,0.0,0.0,0.976
2025-02-03,12,106,947.2701780898907,946.4719072565573,0.0,0.7982708333333903,1.0742
2025-02-03,12,107,751.4021269919418,751.1360367141642,0.0,0.2660902777776073,1.2313
2025-02-03,12,108,716.5753189895687,716.5753189895687,0.0,0.0,1.2561
2025-02-03,12,109,742.8357701227292,742.8357701227292,0.0,0.0,1.2447
2025-02-03,12,110,720.9565668139531,720.9565668139531,0.0,0.0,1.2545
2025-02-03,12,111,752.4523918429663,752.4523918429663,0.0,0.0,1.2522
2025-02-03,12,112,271.8843868406101,271.8843868406101,0.0,0.0,1.2881
2025-02-03,12,113,0.0,0.0,0.0,0.0,1.3466
2025-02-03,12,114,0.0,0.0,0.0,0.0,1.3523
2025-02-03,12,115,0.0,0.0,0.0,0.0,1.3445
2025-02-03,12,116,0.0,0.0,0.0,0.0,1.3483
2025-02-03,12,117,0.0,0.0,0.0,0.0,1.349
2025-02-03,12,118,0.0,0.0,0.0,0.0,1.3473
2025-02-03,12,119,0.0,0.0,0.0,0.0,1.3482
2025-02-03,12,120,0.0,0.0,0.0,0.0,1.3513
2025-02-03,12,121,0.0,0.0,0.0,0.0,1.34
2025-02-03,12,122,0.0,0.0,0.0,0.0,1.3489
2025-02-03,12,123,0.0,0.0,0.0,0.0,1.3952
2025-02-03,12,124,738.6564738015705,738.6564738015705,0.0,0.0,1.2226
2025-02-03,12,125,734.0505688720497,734.0505688720497,0.0,0.0,0.9332
2025-02-03,12,126,739.9953668001446,739.9953668001446,0.0,0.0,0.9068
2025-02-03,12,127,745.7815495329927,745.7815495329927,0.0,0.0,0.9371
2025-02-03,12,128,754.290762935454,754.290762935454,0.0,0.0,0.9371
2025-02-03,12,129,788.5856378937647,788.5856378937647,0.0,0.0,0.9871
2025-02-03,12,130,722.2403036866657,722.2403036866657,0.0,0.0,0.7764
2025-02-03,12,131,618.6930446999637,618.6930446999637,0.0,0.0,0.4209
2025-02-03,12,132,586.5243855766774,586.5243855766774,0.0,0.0,0.3859
2025-02-03,12,133,584.1167691064346,584.1167691064346,0.0,0.0,0.4368
2025-02-03,12,134,594.2159032985265,594.2159032985265,0.0,0.0,0.4198
2025-02-03,12,135,582.3203925810699,582.3203925810699,0.0,0.0,0.4186
2025-02-03,12,136,573.8712158077167,573.8712158077167,0.0,0.0,0.4241
2025-02-03,12,137,574.725595099382,574.725595099382,0.0,0.0,0.4237
2025-02-03,12,138,588.8812865432666,588.8812865432666,0.0,0.0,0.4248
2025-02-03,12,139,612.2559588180342,612.2559588180342,0.0,0.0,0.424
2025-02-03,12,140,613.6677858858985,613.6677858858985,0.0,0.0,0.422
2025-02-03,12,141,614.3630824741118,614.3630824741118,0.0,0.0,0.424
2025-02-03,12,142,624.4557943511005,624.4557943511005,0.0,0.0,0.4271
2025-02-03,12,143,589.6373884118829,589.6373884118829,0.0,0.0,0.4276
2025-02-03,18,108,716.5753189895687,716.5753189895687,0.0,0.0,1.2561
2025-02-03,18,109,742.8357701227292,742.8357701227292,0.0,0.0,1.2447
2025-02-03,18,110,720.9565668139531,720.9565668139531,0.0,0.0,1.2545
2025-02-03,18,111,752.4523918429663,752.4523918429663,0.0,0.0,1.2522
2025-02-03,18,112,271.8843868406101,271.8843868406101,0.0,0.0,1.2881
2025-02-03,18,113,0.0,0.0,0.0,0.0,1.3466
2025-02-03,18,114,0.0,0.0,0.0,0.0,1.3523
2025-02-03,18,115,0.0,0.0,0.0,0.0,1.3445
2025-02-03,18,116,0.0,0.0,0.0,0.0,1.3483
2025-02-03,18,117,0.0,0.0,0.0,0.0,1.349
2025-02-03,18,118,0.0,0.0,0.0,0.0,1.3473
2025-02-03,18,119,0.0,0.0,0.0,0.0,1.3482
2025-02-03,18,120,0.0,0.0,0.0,0.0,1.3513
2025-02-03,18,121,0.0,0.0,0.0,0.0,1.34
2025-02-03,18,122,0.0,0.0,0.0,0.0,1.3489
2025-02-03,18,123,0.0,0.0,0.0,0.0,1.3952
2025-02-03,18,124,738.6564738015705,738.6564738015705,0.0,0.0,1.2226
2025-02-03,18,125,734.0505688720497,734.0505688720497,0.0,0.0,0.9332
2025-02-03,18,126,739.9953668001446,739.9953668001446,0.0,0.0,0.9068
2025-02-03,18,127,745.7815495329927,745.7815495329927,0.0,0.0,0.9371
2025-02-03,18,128,754.290762935454,754.290762935454,0.0,0.0,0.9371
2025-02-03,18,129,788.5856378937647,788.5856378937647,0.0,0.0,0.9871
2025-02-03,18,130,722.2403036866657,722.2403036866657,0.0,0.0,0.7764
2025-02-03,18,131,618.6930446999637,618.6930446999637,0.0,0.0,0.4209
2025-02-03,18,132,586.5243855766774,586.5243855766774,0.0,0.0,0.3859
2025-02-03,18,133,584.1167691064346,584.1167691064346,0.0,0.0,0.4368
2025-02-03,18,134,594.2159032985265,594.2159032985265,0.0,0.0,0.4198
2025-02-03,18,135,582.3203925810699,582.3203925810699,0.0,0.0,0.4186
2025-02-03,18,136,573.8712158077167,573.8712158077167,0.0,0.0,0.4241
2025-02-03,18,137,574.725595099382,574.725595099382,0.0,0.0,0.4237
2025-02-03,18,138,588.8812865432666,588.8812865432666,0.0,0.0,0.4248
2025-02-03,18,139,612.2559588180342,612.2559588180342,0.0,0.0,0.424
2025-02-03,18,140,613.6677858858985,613.6677858858985,0.0,0.0,0.422
2025-02-03,18,141,614.3630824741118,614.3630824741118,0.0,0.0,0.424
2025-02-03,18,142,624.4557943511005,624.4557943511005,0.0,0.0,0.4271
2025-02-03,18,143,589.6373884118829,589.6373884118829,0.0,0.0,0.4276
2025-02-04,6,36,240.348576259085,240.348576259085,0.0,0.0,0.9368
2025-02-04,6,37,896.1991482100319,896.1991482100319,0.0,0.0,0.8758
2025-02-04,6,38,905.9647856227319,904.8105981227319,0.0,1.1541875000000346,0.8759
2025-02-04,6,39,907.4370398104771,907.4370398104771,0.0,0.0,0.8601
2025-02-04,6,40,889.9420948299065,889.9420948299065,0.0,0.0,0.8442
2025-02-04,6,41,868.008420556786,864.6388150012303,0.0,3.3696055555556086,0.8334
2025-02-04,6,42,822.9893824419397,822.7870797450337,0.0,0.2023026969060311,0.8092
2025-02-04,6,43,785.1076875022692,778.8092364275744,0.0,6.2984510746947535,0.7972
2025-02-04,6,44,720.5693999263859,720.5693999263859,0.0,0.0,0.7644
2025-02-04,6,45,1575.829109070824,1562.0980646263795,0.0,13.731044444444478,0.6899
2025-02-04,6,46,730.5537768194905,723.9822431572426,0.0,6.57153366224793,0.86
2025-02-04,6,47,81.40471512264412,81.40471512264412,0.0,0.0,1.1617
2025-02-04,6,48,26.012342373656338,23.722785934546323,0.0,2.289556439110015,1.1683
2025-02-04,6,49,0.0,0.0,0.0,0.0,1.0956
2025-02-04,6,50,0.0,0.0,0.0,0.0,1.0849
2025-02-04,6,51,0.0,0.0,0.0,0.0,1.061
2025-02-04,6,52,0.0,0.0,0.0,0.0,1.043
2025-02-04,6,53,0.0,0.0,0.0,0.0,1.036
2025-02-04,6,54,0.0,0.0,0.0,0.0,1.0147
2025-02-04,6,55,0.0,0.0,0.0,0.0,0.9922
2025-02-04,6,56,0.0,0.0,0.0,0.0,0.97
2025-02-04,6,57,455.0185768404205,451.1164313428843,0.0,3.902145497536196,0.9422
2025-02-04,6,58,0.0,0.0,0.0,0.0,0.9569
2025-02-04,6,59,0.0,0.0,0.0,0.0,0.9977
2025-02-04,6,60,0.0,0.0,0.0,0.0,0.9919
2025-02-04,6,61,0.0,0.0,0.0,0.0,0.9588
2025-02-04,6,62,80.36247201263731,80.36247201263731,0.0,0.0,0.9549
2025-02-04,6,63,0.0,0.0,0.0,0.0,0.9839
2025-02-04,6,64,215.76416921882569,215.76416921882569,0.0,0.0,0.799
2025-02-04,6,65,1132.7447768089664,1100.5616406978552,0.0,32.18313611111125,0.5025
2025-02-04,6,66,1182.7147535925403,1154.179188314762,0.0,28.535565277778232,0.4662
2025-02-04,6,67,1176.5309738683327,1140.5672113683327,0.0,35.96376250000003,0.5007
2025-02-04,6,68,1102.6651881515506,1069.6624346559656,0.0,33.00275349558501,0.4827
2025-02-04,6,69,1131.3427651811453,1080.5226082367008,0.0,50.820156944444534,0.4785
2025-02-04,6,70,1076.312100182112,1018.0637460154452,0.0,58.2483541666669,0.4662
2025-02-04,6,71,981.6224257882725,890.346073365432,0.0,91.27635242284055,0.4432
2025-02-04,6,72,1036.1165399524461,942.2598222312704,0.0,93.85671772117576,0.4411
2025-02-04,6,73,1076.0774567007443,1017.3765525340776,0.0,58.700904166666646,0.4551
2025-02-04,6,74,1051.3706279658668,999.7962210214223,0.0,51.57440694444449,0.4463
2025-02-04,6,75,1025.996736606232,973.3761386381384,0.0,52.620597968093534,0.4113
2025-02-04,6,76,1112.444092984242,1009.8231295045703,0.0,102.62096347967167,0.5682
2025-02-04,6,77,289.4830775329113,259.2881622551334,0.0,30.19491527777791,0.8279
2025-02-04,6,78,310.31908464812585,173.85186553498957,0.0,136.46721911313628,0.8636
2025-02-04,6,79,315.9701693129726,295.9551965040823,0.0,20.014972808890263,0.8416
2025-02-04,6,80,357.37648242478434,286.5126860837025,0.0,70.86379634108187,0.8618
2025-02-04,6,81,384.7597353903528,239.11144143385886,0.0,145.64829395649392,0.8623
2025-02-04,6,82,420.76909797626405,272.66064057001375,0.0,148.1084574062503,0.9026
2025-02-04,6,83,0.0,0.0,0.0,0.0,0.9754
2025-02-04,6,84,0.0,0.0,0.0,0.0,1.0002
2025-02-04,6,85,0.0,0.0,0.0,0.0,0.9978
2025-02-04,6,86,0.0,0.0,0.0,0.0,1.0271
2025-02-04,6,87,0.0,0.0,0.0,0.0,1.0906
2025-02-04,6,88,452.7542786637352,0.0,0.0,452.7542786637352,0.9376
2025-02-04,6,89,1645.0378143702842,1376.2823543071963,0.0,268.75546006308787,0.6694
2025-02-04,6,90,1633.1026509184383,1396.6864794690969,0.0,236.4161714493414,0.66
2025-02-04,6,91,1632.8603952727906,1448.7574115704401,0.0,184.10298370235046,0.7217
2025-02-04,6,92,1661.0102977934785,1535.4452374036373,0.0,125.56506038984116,0.7308
2025-02-04,6,93,1720.161704699388,1347.4578270842846,0.0,372.70387761510347,0.7534
2025-02-04,6,94,892.4103984907828,692.124362836189,0.0,200.28603565459377,0.7823
2025-02-04,6,95,885.8176706995686,706.7184250800833,0.0,179.09924561948526,0.8055
2025-02-04,6,96,901.1191179796228,706.7774209467216,0.0,194.34169703290127,0.8271
2025-02-04,6,97,903.6362547224438,793.7523697110878,0.0,109.88388501135603,0.8519
2025-02-04,6,98,943.625298184239,861.2835397714647,0.0,82.34175841277431,0.8791
2025-02-04,6,99,975.7384865316291,919.928286531629,0.0,55.81020000000001,0.9024
2025-02-04,6,100,987.2344269231622,947.5040602564956,0.0,39.73036666666667,0.9163
2025-02-04,6,101,1014.8208071191256,996.5858590394449,0.0,18.234948079680635,0.9264
2025-02-04,6,102,1022.4578002298075,1016.304382130621,0.0,6.153418099186524,0.9462
2025-02-04,6,103,1046.5579800027751,1042.6717217232595,0.0,3.886258279515687,0.9742
2025-02-04,6,104,1054.6119373317495,1046.0814475188615,0.0,8.530489812887936,0.9862
2025-02-04,6,105,1092.2339452980493,1092.2339452980493,0.0,0.0,0.976
2025-02-04,6,106,964.4457078967117,957.6603037300451,0.0,6.785404166666581,1.0742
2025-02-04,6,107,760.4141946394006,760.4141946394006,0.0,0.0,1.2313
2025-02-04,6,108,718.0640970842901,718.0640970842901,0.0,0.0,1.2561
2025-02-04,6,109,753.2517717066854,753.2517717066854,0.0,0.0,1.2447
2025-02-04,6,110,741.4198801803542,741.4198801803542,0.0,0.0,1.2545
2025-02-04,6,111,725.2321192318453,725.2321192318453,0.0,0.0,1.2522
2025-02-04,6,112,239.42377594394821,239.42377594394821,0.0,0.0,1.2881
2025-02-04,6,113,0.0,0.0,0.0,0.0,1.3466
2025-02-04,6,114,0.0,0.0,0.0,0.0,1.3523
2025-02-04,6,115,0.0,0.0,0.0,0.0,1.3445
2025-02-04,6,116,0.0,0.0,0.0,0.0,1.3483
2025-02-04,6,117,0.0,0.0,0.0,0.0,1.349
2025-02-04,6,118,0.0,0.0,0.0,0.0,1.3473
2025-02-04,6,119,0.0,0.0,0.0,0.0,1.3482
2025-02-04,6,120,0.0,0.0,0.0,0.0,1.3513
2025-02-04,6,121,0.0,0.0,0.0,0.0,1.34
2025-02-04,6,122,0.0,0.0,0.0,0.0,1.3489
2025-02-04,6,123,0.0,0.0,0.0,0.0,1.3952
2025-02-04,6,124,723.808921605042,723.808921605042,0.0,0.0,1.2226
2025-02-04,6,125,733.0047960546107,733.0047960546107,0.0,0.0,0.9332
2025-02-04,6,126,747.2887464592121,747.2887464592121,0.0,0.0,0.9068
2025-02-04,6,127,736.8641347770525,736.8641347770525,0.0,0.0,0.9371
2025-02-04,6,128,732.3052017182758,732.3052017182758,0.0,0.0,0.9371
2025-02-04,6,129,785.7904238597115,785.7904238597115,0.0,0.0,0.9871
2025-02-04,6,130,731.0894630734628,731.0894630734628,0.0,0.0,0.7764
2025-02-04,6,131,601.4595534678984,601.4595534678984,0.0,0.0,0.4209
2025-02-04,6,132,545.7066379502062,545.7066379502062,0.0,0.0,0.3859
2025-02-04,6,133,536.4262026978585,536.4262026978585,0.0,0.0,0.4368
2025-02-04,6,134,539.0279046935729,539.0279046935729,0.0,0.0,0.4198
2025-02-04,6,135,582.0793000379712,582.0793000379712,0.0,0.0,0.4186
2025-02-04,6,136,592.7567901611757,592.7567901611757,0.0,0.0,0.4241
2025-02-04,6,137,592.4333617319775,592.4333617319775,0.0,0.0,0.4237
2025-02-04,6,138,589.7501204855648,589.7501204855648,0.0,0.0,0.4248
2025-02-04,6,139,601.1662745797265,601.1662745797265,0.0,0.0,0.424
2025-02-04,6,140,598.7687188143595,598.7687188143595,0.0,0.0,0.422
2025-02-04,6,141,595.0330683439735,595.0330683439735,0.0,0.0,0.424
2025-02-04,6,142,605.857581212624,605.857581212624,0.0,0.0,0.4271
2025-02-04,6,143,603.2207245695064,603.2207245695064,0.0,0.0,0.4276
2025-02-04,12,72,942.2598222312704,815.6493138979371,0.0,126.61050833333331,0.4411
2025-02-04,12,73,1017.3765525340776,886.1108608674111,0.0,131.2656916666665,0.4551
2025-02-04,12,74,999.7962210214223,863.8753460214223,0.0,135.92087500000002,0.4463
2025-02-04,12,75,973.3761386381384,861.5496118563885,0.0,111.82652678174986,0.4113
2025-02-04,12,76,1009.8231295045703,168.42756135965135,0.0,841.3955681449189,0.5682
2025-02-04,12,77,259.2881622551334,139.96960443420707,0.0,119.31855782092632,0.8279
2025-02-04,12,78,173.85186553498957,143.9454696122431,0.0,29.90639592274647,0.8636
2025-02-04,12,79,295.9551965040823,216.13206514630596,0.0,79.82313135777636,0.8416
2025-02-04,12,80,286.5126860837025,261.3159548899007,0.0,25.19673119380178,0.8618
2025-02-04,12,81,239.11144143385886,239.11144143385886,0.0,0.0,0.8623
2025-02-04,12,82,272.66064057001375,0.0,0.0,272.66064057001375,0.9026
2025-02-04,12,83,0.0,0.0,0.0,0.0,0.9754
2025-02-04,12,84,0.0,0.0,0.0,0.0,1.0002
2025-02-04,12,85,0.0,0.0,0.0,0.0,0.9978
2025-02-04,12,86,0.0,0.0,0.0,0.0,1.0271
2025-02-04,12,87,0.0,0.0,0.0,0.0,1.0906
2025-02-04,12,88,0.0,0.0,0.0,0.0,0.9376
2025-02-04,12,89,1376.2823543071963,1344.4750727036171,0.0,31.807281603579213,0.6694
2025-02-04,12,90,1396.6864794690969,1356.3002275955564,0.0,40.38625187354046,0.66
2025-02-04,12,91,1448.7574115704401,1380.4753816126774,0.0,68.28202995776269,0.7217
2025-02-04,12,92,1535.4452374036373,1310.0461632042761,0.0,225.39907419936117,0.7308
2025-02-04,12,93,1347.4578270842846,654.4873187406262,0.0,692.9705083436585,0.7534
2025-02-04,12,94,692.124362836189,692.124362836189,0.0,0.0,0.7823
2025-02-04,12,95,706.7184250800833,697.9594415343105,0.0,8.758983545772821,0.8055
2025-02-04,12,96,706.7774209467216,706.7774209467216,0.0,0.0,0.8271
2025-02-04,12,97,793.7523697110878,793.7523697110872,0.0,5.684341886080801e-13,0.8519
2025-02-04,12,98,861.2835397714647,841.6254016521113,0.0,19.65813811935334,0.8791
2025-02-04,12,99,919.928286531629,903.8276631565094,0.0,16.100623375119653,0.9024
2025-02-04,12,100,947.5040602564956,935.0369560898289,0.0,12.467104166666672,0.9163
2025-02-04,12,101,996.5858590394449,976.6009182302365,0.0,19.98494080920841,0.9264
2025-02-04,12,102,1016.304382130621,1016.304382130621,0.0,0.0,0.9462
2025-02-04,12,103,1042.6717217232595,1042.6717217232595,0.0,0.0,0.9742
2025-02-04,12,104,1046.0814475188615,1040.9193671063963,0.0,5.1620804124652295,0.9862
2025-02-04,12,105,1092.2339452980493,1081.9558689091607,0.0,10.278076388888621,0.976
2025-02-04,12,106,957.6603037300451,957.6603037300451,0.0,0.0,1.0742
2025-02-04,12,107,760.4141946394006,758.3585793616209,0.0,2.0556152777797934,1.2313
2025-02-04,12,108,718.0640970842901,718.0640970842901,0.0,0.0,1.2561
2025-02-04,12,109,753.2517717066854,753.2517717066854,0.0,0.0,1.2447
2025-02-04,12,110,741.4198801803542,741.4198801803542,0.0,0.0,1.2545
2025-02-04,12,111,725.2321192318453,725.2321192318453,0.0,0.0,1.2522
2025-02-04,12,112,239.42377594394821,239.42377594394821,0.0,0.0,1.2881
2025-02-04,12,113,0.0,0.0,0.0,0.0,1.3466
2025-02-04,12,114,0.0,0.0,0.0,0.0,1.3523
2025-02-04,12,115,0.0,0.0,0.0,0.0,1.3445
2025-02-04,12,116,0.0,0.0,0.0,0.0,1.3483
2025-02-04,12,117,0.0,0.0,0.0,0.0,1.349
2025-02-04,12,118,0.0,0.0,0.0,0.0,1.3473
2025-02-04,12,119,0.0,0.0,0.0,0.0,1.3482
2025-02-04,12,120,0.0,0.0,0.0,0.0,1.3513
2025-02-04,12,121,0.0,0.0,0.0,0.0,1.34
2025-02-04,12,122,0.0,0.0,0.0,0.0,1.3489
2025-02-04,12,123,0.0,0.0,0.0,0.0,1.3952
2025-02-04,12,124,723.808921605042,723.808921605042,0.0,0.0,1.2226
2025-02-04,12,125,733.0047960546107,733.0047960546107,0.0,0.0,0.9332
2025-02-04,12,126,747.2887464592121,747.2887464592121,0.0,0.0,0.9068
2025-02-04,12,127,736.8641347770525,736.8641347770525,0.0,0.0,0.9371
2025-02-04,12,128,732.3052017182758,732.3052017182758,0.0,0.0,0.9371
2025-02-04,12,129,785.7904238597115,785.7904238597115,0.0,0.0,0.9871
2025-02-04,12,130,731.0894630734628,731.0894630734628,0.0,0.0,0.7764
2025-02-04,12,131,601.4595534678984,601.4595534678984,0.0,0.0,0.4209
2025-02-04,12,132,545.7066379502062,545.7066379502062,0.0,0.0,0.3859
2025-02-04,12,133,536.4262026978585,536.4262026978585,0.0,0.0,0.4368
2025-02-04,12,134,539.0279046935729,539.0279046935729,0.0,0.0,0.4198
2025-02-04,12,135,582.0793000379712,582.0793000379712,0.0,0.0,0.4186
2025-02-04,12,136,592.7567901611757,592.7567901611757,0.0,0.0,0.4241
2025-02-04,12,137,592.4333617319775,592.4333617319775,0.0,0.0,0.4237
2025-02-04,12,138,589.7501204855648,589.7501204855648,0.0,0.0,0.4248
2025-02-04,12,139,601.1662745797265,601.1662745797265,0.0,0.0,0.424
2025-02-04,12,140,598.7687188143595,598.7687188143595,0.0,0.0,0.422
2025-02-04,12,141,595.0330683439735,595.0330683439735,0.0,0.0,0.424
2025-02-04,12,142,605.857581212624,605.857581212624,0.0,0.0,0.4271
2025-02-04,12,143,603.2207245695064,603.2207245695064,0.0,0.0,0.4276
2025-02-04,18,108,718.0640970842901,718.0640970842901,0.0,0.0,1.2561
2025-02-04,18,109,753.2517717066854,753.2517717066854,0.0,0.0,1.2447
2025-02-04,18,110,741.4198801803542,741.4198801803542,0.0,0.0,1.2545
2025-02-04,18,111,725.2321192318453,725.2321192318453,0.0,0.0,1.2522
2025-02-04,18,112,239.42377594394821,239.42377594394821,0.0,0.0,1.2881
2025-02-04,18,113,0.0,0.0,0.0,0.0,1.3466
2025-02-04,18,114,0.0,0.0,0.0,0.0,1.3523
2025-02-04,18,115,0.0,0.0,0.0,0.0,1.3445
2025-02-04,18,116,0.0,0.0,0.0,0.0,1.3483
2025-02-04,18,117,0.0,0.0,0.0,0.0,1.349
2025-02-04,18,118,0.0,0.0,0.0,0.0,1.3473
2025-02-04,18,119,0.0,0.0,0.0,0.0,1.3482
2025-02-04,18,120,0.0,0.0,0.0,0.0,1.3513
2025-02-04,18,121,0.0,0.0,0.0,0.0,1.34
2025-02-04,18,122,0.0,0.0,0.0,0.0,1.3489
2025-02-04,18,123,0.0,0.0,0.0,0.0,1.3952
2025-02-04,18,124,723.808921605042,723.808921605042,0.0,0.0,1.2226
2025-02-04,18,125,733.0047960546107,733.0047960546107,0.0,0.0,0.9332
2025-02-04,18,126,747.2887464592121,747.2887464592121,0.0,0.0,0.9068
2025-02-04,18,127,736.8641347770525,736.8641347770525,0.0,0.0,0.9371
2025-02-04,18,128,732.3052017182758,732.3052017182758,0.0,0.0,0.9371
2025-02-04,18,129,785.7904238597115,785.7904238597115,0.0,0.0,0.9871
2025-02-04,18,130,731.0894630734628,731.0894630734628,0.0,0.0,0.7764
2025-02-04,18,131,601.4595534678984,601.4595534678984,0.0,0.0,0.4209
2025-02-04,18,132,545.7066379502062,545.7066379502062,0.0,0.0,0.3859
2025-02-04,18,133,536.4262026978585,536.4262026978585,0.0,0.0,0.4368
2025-02-04,18,134,539.0279046935729,539.0279046935729,0.0,0.0,0.4198
2025-02-04,18,135,582.0793000379712,582.0793000379712,0.0,0.0,0.4186
2025-02-04,18,136,592.7567901611757,592.7567901611757,0.0,0.0,0.4241
2025-02-04,18,137,592.4333617319775,592.4333617319775,0.0,0.0,0.4237
2025-02-04,18,138,589.7501204855648,589.7501204855648,0.0,0.0,0.4248
2025-02-04,18,139,601.1662745797265,601.1662745797265,0.0,0.0,0.424
2025-02-04,18,140,598.7687188143595,598.7687188143595,0.0,0.0,0.422
2025-02-04,18,141,595.0330683439735,595.0330683439735,0.0,0.0,0.424
2025-02-04,18,142,605.857581212624,605.857581212624,0.0,0.0,0.4271
2025-02-04,18,143,603.2207245695064,603.2207245695064,0.0,0.0,0.4276
2025-02-05,6,36,216.33703216460026,216.33703216460026,0.0,0.0,0.9368
2025-02-05,6,37,862.0700380575768,862.0700380575768,0.0,0.0,0.8758
2025-02-05,6,38,889.3129181578988,889.3129181578988,0.0,0.0,0.8759
2025-02-05,6,39,909.9189199812062,909.9189199812062,0.0,0.0,0.8601
2025-02-05,6,40,878.4513615413872,878.4513615413872,0.0,0.0,0.8442
2025-02-05,6,41,818.5891735668787,818.5891735668787,0.0,0.0,0.8334
2025-02-05,6,42,778.4660526067095,778.4660526067095,0.0,0.0,0.8092
2025-02-05,6,43,746.9644852464904,746.9644852464904,0.0,0.0,0.7972
2025-02-05,6,44,699.2678384791819,699.2678384791819,0.0,0.0,0.7644
2025-02-05,6,45,1581.662945226543,1581.662945226543,0.0,0.0,0.6899
2025-02-05,6,46,715.6757017250835,715.6757017250835,0.0,0.0,0.86
2025-02-05,6,47,70.30367811192286,70.30367811192286,0.0,0.0,1.1617
2025-02-05,6,48,21.57270039809066,21.57270039809066,0.0,0.0,1.1683
2025-02-05,6,49,0.0,0.0,0.0,0.0,1.0956
2025-02-05,6,50,0.0,0.0,0.0,0.0,1.0849
2025-02-05,6,51,0.0,0.0,0.0,0.0,1.061
2025-02-05,6,52,0.0,0.0,0.0,0.0,1.043
2025-02-05,6,53,0.0,0.0,0.0,0.0,1.036
2025-02-05,6,54,0.0,0.0,0.0,0.0,1.0147
2025-02-05,6,55,0.0,0.0,0.0,0.0,0.9922
2025-02-05,6,56,0.0,0.0,0.0,0.0,0.97
2025-02-05,6,57,245.11837131164594,245.11837131164594,0.0,0.0,0.9422
2025-02-05,6,58,0.0,0.0,0.0,0.0,0.9569
2025-02-05,6,59,0.0,0.0,0.0,0.0,0.9977
2025-02-05,6,60,0.0,0.0,0.0,0.0,0.9919
2025-02-05,6,61,0.0,0.0,0.0,0.0,0.9588
2025-02-05,6,62,0.0,0.0,0.0,0.0,0.9549
2025-02-05,6,63,0.0,0.0,0.0,0.0,0.9839
2025-02-05,6,64,145.98221099285624,145.98221099285624,0.0,0.0,0.799
2025-02-05,6,65,1054.2888033932109,1054.2888033932109,0.0,0.0,0.5025
2025-02-05,6,66,1089.6989935645188,1089.6989935645188,0.0,0.0,0.4662
2025-02-05,6,67,1084.2929307441864,1084.2929307441864,0.0,0.0,0.5007
2025-02-05,6,68,995.1370840139036,995.1370840139036,0.0,0.0,0.4827
2025-02-05,6,69,1010.3637476246026,1010.3637476246026,0.0,0.0,0.4785
2025-02-05,6,70,967.2519755027237,967.2519755027237,0.0,0.0,0.4662
2025-02-05,6,71,891.6079409426379,891.6079409426379,0.0,0.0,0.4432
2025-02-05,6,72,924.288002351689,924.288002351689,0.0,0.0,0.4411
2025-02-05,6,73,943.9623946861418,943.9623946861418,0.0,0.0,0.4551
2025-02-05,6,74,930.2167085450199,930.2167085450199,0.0,0.0,0.4463
2025-02-05,6,75,922.4107511736063,922.4107511736063,0.0,0.0,0.4113
2025-02-05,6,76,1005.6819283711861,1005.6819283711861,0.0,0.0,0.5682
2025-02-05,6,77,173.93901912292677,129.8358088798418,0.0,44.10321024308496,0.8279
2025-02-05,6,78,205.23568570268284,205.23568570268284,0.0,0.0,0.8636
2025-02-05,6,79,195.57792120319104,195.57792120319104,0.0,0.0,0.8416
2025-02-05,6,80,199.74776724147674,147.36905287224786,0.0,52.378714369228874,0.8618
2025-02-05,6,81,216.8737967233175,154.0874453927005,0.0,62.78635133061701,0.8623
2025-02-05,6,82,243.1839690581687,211.327786353908,0.0,31.856182704260704,0.9026
2025-02-05,6,83,0.0,0.0,0.0,0.0,0.9754
2025-02-05,6,84,0.0,0.0,0.0,0.0,1.0002
2025-02-05,6,85,0.0,0.0,0.0,0.0,0.9978
2025-02-05,6,86,0.0,0.0,0.0,0.0,1.0271
2025-02-05,6,87,0.0,0.0,0.0,0.0,1.0906
2025-02-05,6,88,28.655258852665668,28.655258852665668,0.0,0.0,0.9376
2025-02-05,6,89,1453.157916175568,1317.0808894243523,0.0,136.07702675121573,0.6694
2025-02-05,6,90,1447.314342667894,1331.5343262894567,0.0,115.78001637843727,0.66
2025-02-05,6,91,1477.8471245536807,1372.8085751142235,0.0,105.03854943945726,0.7217
2025-02-05,6,92,1527.7821952996453,1411.6480029976021,0.0,116.13419230204318,0.7308
2025-02-05,6,93,708.9900797599322,708.9900797599322,0.0,0.0,0.7534
2025-02-05,6,94,757.7389372721509,757.7389372721509,0.0,0.0,0.7823
2025-02-05,6,95,794.7081014291361,794.7081014291361,0.0,0.0,0.8055
2025-02-05,6,96,827.0073753810822,780.3215543880598,0.0,46.68582099302239,0.8271
2025-02-05,6,97,844.9810351941037,794.157033516081,0.0,50.82400167802268,0.8519
2025-02-05,6,98,887.9633432361805,859.6586293472916,0.0,28.304713888888955,0.8791
2025-02-05,6,99,877.131507621231,854.5994400811328,0.0,22.532067540098183,0.9024
2025-02-05,6,100,918.2853543594252,890.0607838677178,0.0,28.224570491707482,0.9163
2025-02-05,6,101,1004.4872584765909,978.7395681988131,0.0,25.747690277777792,0.9264
2025-02-05,6,102,1023.6798464616637,1016.6741540398762,0.0,7.005692421787558,0.9462
2025-02-05,6,103,1026.0299804284411,1026.0299804284411,0.0,0.0,0.9742
2025-02-05,6,104,1018.7570869597251,1017.4854124246149,0.0,1.2716745351102645,0.9862
2025-02-05,6,105,1056.0715696326129,1056.0715696326129,0.0,0.0,0.976
2025-02-05,6,106,938.2363070801576,934.5618237468244,0.0,3.674483333333228,1.0742
2025-02-05,6,107,742.0069626943031,742.0069626943031,0.0,0.0,1.2313
2025-02-05,6,108,702.1991418281345,702.1991418281345,0.0,0.0,1.2561
2025-02-05,6,109,733.2596194528537,733.2596194528537,0.0,0.0,1.2447
2025-02-05,6,110,727.9974910614695,727.9974910614695,0.0,0.0,1.2545
2025-02-05,6,111,737.1842837576228,737.1842837576228,0.0,0.0,1.2522
2025-02-05,6,112,43.68420246913297,43.68420246913297,0.0,0.0,1.2881
2025-02-05,6,113,0.0,0.0,0.0,0.0,1.3466
2025-02-05,6,114,0.0,0.0,0.0,0.0,1.3523
2025-02-05,6,115,0.0,0.0,0.0,0.0,1.3445
2025-02-05,6,116,0.0,0.0,0.0,0.0,1.3483
2025-02-05,6,117,0.0,0.0,0.0,0.0,1.349
2025-02-05,6,118,0.0,0.0,0.0,0.0,1.3473
2025-02-05,6,119,0.0,0.0,0.0,0.0,1.3482
2025-02-05,6,120,0.0,0.0,0.0,0.0,1.3513
2025-02-05,6,121,0.0,0.0,0.0,0.0,1.34
2025-02-05,6,122,0.0,0.0,0.0,0.0,1.3489
2025-02-05,6,123,0.0,0.0,0.0,0.0,1.3952
2025-02-05,6,124,732.957347826161,732.957347826161,0.0,0.0,1.2226
2025-02-05,6,125,729.8287430521253,729.8287430521253,0.0,0.0,0.9332
2025-02-05,6,126,717.7743487875782,717.7743487875782,0.0,0.0,0.9068
2025-02-05,6,127,718.7265947077763,718.7265947077763,0.0,0.0,0.9371
2025-02-05,6,128,749.167193584436,749.167193584436,0.0,0.0,0.9371
2025-02-05,6,129,794.8509263830351,794.8509263830351,0.0,0.0,0.9871
2025-02-05,6,130,750.7795229649254,750.7795229649254,0.0,0.0,0.7764
2025-02-05,6,131,642.6582665226346,642.6582665226346,0.0,0.0,0.4209
2025-02-05,6,132,592.8860924999354,592.8860924999354,0.0,0.0,0.3859
2025-02-05,6,133,578.5757435880957,578.5757435880957,0.0,0.0,0.4368
2025-02-05,6,134,573.83588793617,573.83588793617,0.0,0.0,0.4198
2025-02-05,6,135,569.3895991862074,569.3895991862074,0.0,0.0,0.4186
2025-02-05,6,136,572.2710437575566,572.2710437575566,0.0,0.0,0.4241
2025-02-05,6,137,586.6025757227043,586.6025757227043,0.0,0.0,0.4237
2025-02-05,6,138,568.3364566351596,568.3364566351596,0.0,0.0,0.4248
2025-02-05,6,139,586.2769100741368,586.2769100741368,0.0,0.0,0.424
2025-02-05,6,140,583.1863646762561,583.1863646762561,0.0,0.0,0.422
2025-02-05,6,141,580.1578526827046,580.1578526827046,0.0,0.0,0.424
2025-02-05,6,142,585.0453511069642,585.0453511069642,0.0,0.0,0.4271
2025-02-05,6,143,590.9701380148094,590.9701380148094,0.0,0.0,0.4276
2025-02-05,12,72,924.288002351689,911.2969137971799,0.0,12.991088554509133,0.4411
2025-02-05,12,73,943.9623946861418,940.0595780194753,0.0,3.9028166666664674,0.4551
2025-02-05,12,74,930.2167085450199,907.3728474339086,0.0,22.84386111111121,0.4463
2025-02-05,12,75,922.4107511736063,901.202688923763,0.0,21.208062249843238,0.4113
2025-02-05,12,76,1005.6819283711861,953.7372542871194,0.0,51.94467408406672,0.5682
2025-02-05,12,77,129.8358088798418,129.8358088798418,0.0,0.0,0.8279
2025-02-05,12,78,205.23568570268284,125.99689566680036,0.0,79.23879003588249,0.8636
2025-02-05,12,79,195.57792120319104,177.72795870319123,0.0,17.849962499999805,0.8416
2025-02-05,12,80,147.36905287224786,147.36905287224786,0.0,0.0,0.8618
2025-02-05,12,81,154.0874453927005,154.0874453927005,0.0,0.0,0.8623
2025-02-05,12,82,211.327786353908,0.0,0.0,211.327786353908,0.9026
2025-02-05,12,83,0.0,0.0,0.0,0.0,0.9754
2025-02-05,12,84,0.0,0.0,0.0,0.0,1.0002
2025-02-05,12,85,0.0,0.0,0.0,0.0,0.9978
2025-02-05,12,86,0.0,0.0,0.0,0.0,1.0271
2025-02-05,12,87,0.0,0.0,0.0,0.0,1.0906
2025-02-05,12,88,28.655258852665668,0.0,0.0,28.655258852665668,0.9376
2025-02-05,12,89,1317.0808894243523,1310.0397689533456,0.0,7.041120471006707,0.6694
2025-02-05,12,90,1331.5343262894567,1331.5343262894567,0.0,0.0,0.66
2025-02-05,12,91,1372.8085751142235,1372.8085751142235,0.0,0.0,0.7217
2025-02-05,12,92,1411.6480029976021,850.1157248156941,0.0,561.532278181908,0.7308
2025-02-05,12,93,708.9900797599322,616.1316414140053,0.0,92.85843834592686,0.7534
2025-02-05,12,94,757.7389372721509,666.6637382284352,0.0,91.07519904371566,0.7823
2025-02-05,12,95,794.7081014291361,705.3445446184937,0.0,89.36355681064242,0.8055
2025-02-05,12,96,780.3215543880598,730.955913957256,0.0,49.36564043080375,0.8271
2025-02-05,12,97,794.157033516081,791.4599888049933,0.0,2.697044711087756,0.8519
2025-02-05,12,98,859.6586293472916,833.5176105929413,0.0,26.141018754350284,0.8791
2025-02-05,12,99,854.5994400811328,851.6540039712304,0.0,2.9454361099024027,0.9024
2025-02-05,12,100,890.0607838677178,890.0607838677178,0.0,0.0,0.9163
2025-02-05,12,101,978.7395681988131,978.7395681988131,0.0,0.0,0.9264
2025-02-05,12,102,1016.6741540398762,1016.6741540398762,0.0,0.0,0.9462
2025-02-05,12,103,1026.0299804284411,1011.242605428441,0.0,14.787375000000111,0.9742
2025-02-05,12,104,1017.4854124246149,1017.4854124254517,8.368488124688156e-10,0.0,0.9862
2025-02-05,12,105,1056.0715696326129,1050.1988890770574,0.0,5.872680555555462,0.976
2025-02-05,12,106,934.5618237468244,934.5618237468244,0.0,0.0,1.0742
2025-02-05,12,107,742.0069626943031,742.0069626943031,0.0,0.0,1.2313
2025-02-05,12,108,702.1991418281345,702.1991418281345,0.0,0.0,1.2561
2025-02-05,12,109,733.2596194528537,733.2596194528537,0.0,0.0,1.2447
2025-02-05,12,110,727.9974910614695,727.9974910614695,0.0,0.0,1.2545
2025-02-05,12,111,737.1842837576228,737.1842837576228,0.0,0.0,1.2522
2025-02-05,12,112,43.68420246913297,43.68420246913297,0.0,0.0,1.2881
2025-02-05,12,113,0.0,0.0,0.0,0.0,1.3466
2025-02-05,12,114,0.0,0.0,0.0,0.0,1.3523
2025-02-05,12,115,0.0,0.0,0.0,0.0,1.3445
2025-02-05,12,116,0.0,0.0,0.0,0.0,1.3483
2025-02-05,12,117,0.0,0.0,0.0,0.0,1.349
2025-02-05,12,118,0.0,0.0,0.0,0.0,1.3473
2025-02-05,12,119,0.0,0.0,0.0,0.0,1.3482
2025-02-05,12,120,0.0,0.0,0.0,0.0,1.3513
2025-02-05,12,121,0.0,0.0,0.0,0.0,1.34
2025-02-05,12,122,0.0,0.0,0.0,0.0,1.3489
2025-02-05,12,123,0.0,0.0,0.0,0.0,1.3952
2025-02-05,12,124,732.957347826161,732.957347826161,0.0,0.0,1.2226
2025-02-05,12,125,729.8287430521253,729.8287430521253,0.0,0.0,0.9332
2025-02-05,12,126,717.7743487875782,717.7743487875782,0.0,0.0,0.9068
2025-02-05,12,127,718.7265947077763,718.7265947077763,0.0,0.0,0.9371
2025-02-05,12,128,749.167193584436,749.167193584436,0.0,0.0,0.9371
2025-02-05,12,129,794.8509263830351,794.8509263830351,0.0,0.0,0.9871
2025-02-05,12,130,750.7795229649254,750.7795229649254,0.0,0.0,0.7764
2025-02-05,12,131,642.6582665226346,642.6582665226346,0.0,0.0,0.4209
2025-02-05,12,132,592.8860924999354,592.8860924999354,0.0,0.0,0.3859
2025-02-05,12,133,578.5757435880957,578.5757435880957,0.0,0.0,0.4368
2025-02-05,12,134,573.83588793617,573.83588793617,0.0,0.0,0.4198
2025-02-05,12,135,569.3895991862074,569.3895991862074,0.0,0.0,0.4186
2025-02-05,12,136,572.2710437575566,572.2710437575566,0.0,0.0,0.4241
2025-02-05,12,137,586.6025757227043,586.6025757227043,0.0,0.0,0.4237
2025-02-05,12,138,568.3364566351596,568.3364566351596,0.0,0.0,0.4248
2025-02-05,12,139,586.2769100741368,586.2769100741368,0.0,0.0,0.424
2025-02-05,12,140,583.1863646762561,583.1863646762561,0.0,0.0,0.422
2025-02-05,12,141,580.1578526827046,580.1578526827046,0.0,0.0,0.424
2025-02-05,12,142,585.0453511069642,585.0453511069642,0.0,0.0,0.4271
2025-02-05,12,143,590.9701380148094,590.9701380148094,0.0,0.0,0.4276
2025-02-05,18,108,702.1991418281345,702.1991418281345,0.0,0.0,1.2561
2025-02-05,18,109,733.2596194528537,733.2596194528537,0.0,0.0,1.2447
2025-02-05,18,110,727.9974910614695,727.9974910614695,0.0,0.0,1.2545
2025-02-05,18,111,737.1842837576228,737.1842837576228,0.0,0.0,1.2522
2025-02-05,18,112,43.68420246913297,43.68420246913297,0.0,0.0,1.2881
2025-02-05,18,113,0.0,0.0,0.0,0.0,1.3466
2025-02-05,18,114,0.0,0.0,0.0,0.0,1.3523
2025-02-05,18,115,0.0,0.0,0.0,0.0,1.3445
2025-02-05,18,116,0.0,0.0,0.0,0.0,1.3483
2025-02-05,18,117,0.0,0.0,0.0,0.0,1.349
2025-02-05,18,118,0.0,0.0,0.0,0.0,1.3473
2025-02-05,18,119,0.0,0.0,0.0,0.0,1.3482
2025-02-05,18,120,0.0,0.0,0.0,0.0,1.3513
2025-02-05,18,121,0.0,0.0,0.0,0.0,1.34
2025-02-05,18,122,0.0,0.0,0.0,0.0,1.3489
2025-02-05,18,123,0.0,0.0,0.0,0.0,1.3952
2025-02-05,18,124,732.957347826161,732.957347826161,0.0,0.0,1.2226
2025-02-05,18,125,729.8287430521253,729.8287430521253,0.0,0.0,0.9332
2025-02-05,18,126,717.7743487875782,717.7743487875782,0.0,0.0,0.9068
2025-02-05,18,127,718.7265947077763,718.7265947077763,0.0,0.0,0.9371
2025-02-05,18,128,749.167193584436,749.167193584436,0.0,0.0,0.9371
2025-02-05,18,129,794.8509263830351,794.8509263830351,0.0,0.0,0.9871
2025-02-05,18,130,750.7795229649254,750.7795229649254,0.0,0.0,0.7764
2025-02-05,18,131,642.6582665226346,642.6582665226346,0.0,0.0,0.4209
2025-02-05,18,132,592.8860924999354,592.8860924999354,0.0,0.0,0.3859
2025-02-05,18,133,578.5757435880957,578.5757435880957,0.0,0.0,0.4368
2025-02-05,18,134,573.83588793617,573.83588793617,0.0,0.0,0.4198
2025-02-05,18,135,569.3895991862074,569.3895991862074,0.0,0.0,0.4186
2025-02-05,18,136,572.2710437575566,572.2710437575566,0.0,0.0,0.4241
2025-02-05,18,137,586.6025757227043,586.6025757227043,0.0,0.0,0.4237
2025-02-05,18,138,568.3364566351596,568.3364566351596,0.0,0.0,0.4248
2025-02-05,18,139,586.2769100741368,586.2769100741368,0.0,0.0,0.424
2025-02-05,18,140,583.1863646762561,583.1863646762561,0.0,0.0,0.422
2025-02-05,18,141,580.1578526827046,580.1578526827046,0.0,0.0,0.424
2025-02-05,18,142,585.0453511069642,585.0453511069642,0.0,0.0,0.4271
2025-02-05,18,143,590.9701380148094,590.9701380148094,0.0,0.0,0.4276
2025-02-06,6,36,238.64084731194032,144.94463771969401,0.0,93.6962095922463,0.9368
2025-02-06,6,37,907.2513374047777,907.2513374047777,0.0,0.0,0.8758
2025-02-06,6,38,908.5509120019227,908.5509120019227,0.0,0.0,0.8759
2025-02-06,6,39,900.2420749677839,900.2420749677839,0.0,0.0,0.8601
2025-02-06,6,40,860.4261199353291,860.4261199353291,0.0,0.0,0.8442
2025-02-06,6,41,815.5586421529189,815.5586421529189,0.0,0.0,0.8334
2025-02-06,6,42,795.4476121846616,791.8427489767787,0.0,3.604863207882886,0.8092
2025-02-06,6,43,779.6972695755495,759.6155279088829,0.0,20.08174166666663,0.7972
2025-02-06,6,44,684.9378173349211,679.4860303705306,0.0,5.4517869643905215,0.7644
2025-02-06,6,45,1523.9328592309175,1514.4388915648688,0.0,9.493967666048775,0.6899
2025-02-06,6,46,747.8064527852536,730.1499399563392,0.0,17.6565128289144,0.86
2025-02-06,6,47,93.03479407875875,50.768497849529126,0.0,42.266296229229624,1.1617
2025-02-06,6,48,57.00502867812429,7.213417567013153,0.0,49.79161111111114,1.1683
2025-02-06,6,49,0.0,0.0,0.0,0.0,1.0956
2025-02-06,6,50,0.0,0.0,0.0,0.0,1.0849
2025-02-06,6,51,0.0,0.0,0.0,0.0,1.061
2025-02-06,6,52,0.0,0.0,0.0,0.0,1.043
2025-02-06,6,53,0.0,0.0,0.0,0.0,1.036
2025-02-06,6,54,0.0,0.0,0.0,0.0,1.0147
2025-02-06,6,55,0.0,0.0,0.0,0.0,0.9922
2025-02-06,6,56,0.0,0.0,0.0,0.0,0.97
2025-02-06,6,57,231.60058709123564,0.0,0.0,231.60058709123564,0.9422
2025-02-06,6,58,0.0,0.0,0.0,0.0,0.9569
2025-02-06,6,59,0.0,0.0,0.0,0.0,0.9977
2025-02-06,6,60,0.0,0.0,0.0,0.0,0.9919
2025-02-06,6,61,0.0,0.0,0.0,0.0,0.9588
2025-02-06,6,62,4.074865445069519e-13,0.0,0.0,4.074865445069519e-13,0.9549
2025-02-06,6,63,0.0,0.0,0.0,0.0,0.9839
2025-02-06,6,64,175.16255067848533,175.16255067848533,0.0,0.0,0.799
2025-02-06,6,65,1081.6000150601167,1017.29149839345,0.0,64.30851666666672,0.5025
2025-02-06,6,66,1141.4576680761238,1081.7375166872348,0.0,59.72015138888901,0.4662
2025-02-06,6,67,1174.9335310353508,1101.3473435353508,0.0,73.58618750000005,0.5007
2025-02-06,6,68,1120.973163162558,1043.9101457780844,0.0,77.0630173844736,0.4827
2025-02-06,6,69,1172.5038375758306,1071.1855778536087,0.0,101.31825972222191,0.4785
2025-02-06,6,70,1157.4724733864941,1042.288177553161,0.0,115.18429583333318,0.4662
2025-02-06,6,71,1127.4807518563712,972.8306188779752,0.0,154.65013297839596,0.4432
2025-02-06,6,72,1168.972902839913,1012.2199795631818,0.0,156.75292327673128,0.4411
2025-02-06,6,73,1183.4429088234033,1069.23878799007,0.0,114.20412083333326,0.4551
2025-02-06,6,74,1167.1327110639554,1067.4480763417332,0.0,99.6846347222222,0.4463
2025-02-06,6,75,1118.847288762954,1025.5094519059717,0.0,93.33783685698222,0.4113
2025-02-06,6,76,1164.0453531505827,1028.1001396709112,0.0,135.94521347967157,0.5682
2025-02-06,6,77,309.37744820449234,253.25127181560342,0.0,56.12617638888892,0.8279
2025-02-06,6,78,352.7438133764569,305.2329441739075,0.0,47.51086920254937,0.8636
2025-02-06,6,79,365.14980030155357,304.89671499266325,0.0,60.25308530889032,0.8416
2025-02-06,6,80,387.2604433193522,266.7768117848894,0.0,120.4836315344628,0.8618
2025-02-06,6,81,419.9358947396997,204.06722118686184,0.0,215.86867355283783,0.8623
2025-02-06,6,82,478.0221248146481,228.8132225110136,0.0,249.20890230363452,0.9026
2025-02-06,6,83,0.0,0.0,0.0,0.0,0.9754
2025-02-06,6,84,0.0,0.0,0.0,0.0,1.0002
2025-02-06,6,85,0.0,0.0,0.0,0.0,0.9978
2025-02-06,6,86,0.0,0.0,0.0,0.0,1.0271
2025-02-06,6,87,0.0,0.0,0.0,0.0,1.0906
2025-02-06,6,88,646.2309661086414,0.0,0.0,646.2309661086414,0.9376
2025-02-06,6,89,1593.3906848892111,1360.194056749107,0.0,233.19662814010417,0.6694
2025-02-06,6,90,1577.7896120984658,1375.5176693311396,0.0,202.2719427673262,0.66
2025-02-06,6,91,1593.5712563907778,1406.9884944513203,0.0,186.58276193945744,0.7217
2025-02-06,6,92,1627.4343787613388,1422.4664887280746,0.0,204.9678900332642,0.7308
2025-02-06,6,93,1678.965732599554,894.1930074628277,0.0,784.7727251367263,0.7534
2025-02-06,6,94,853.1684029446682,680.3215506234079,0.0,172.84685232126026,0.7823
2025-02-06,6,95,869.778207353132,704.0895602647116,0.0,165.68864708842034,0.8055
2025-02-06,6,96,921.9206308327844,769.3199017420505,0.0,152.6007290907338,0.8271
2025-02-06,6,97,918.6197763593999,822.3019246813773,0.0,96.31785167802263,0.8519
2025-02-06,6,98,916.943874866769,836.396538056863,0.0,80.54733680990591,0.8791
2025-02-06,6,99,936.2099890643776,886.5649381909462,0.0,49.64505087343139,0.9024
2025-02-06,6,100,971.6632058633172,938.4567308633173,0.0,33.206474999999955,0.9163
2025-02-06,6,101,1009.7793228053223,1000.4355191700861,0.0,9.343803635236213,0.9264
2025-02-06,6,102,1024.1915968825308,1024.1915968825308,0.0,0.0,0.9462
2025-02-06,6,103,1045.372354668821,1024.6644796688208,0.0,20.707875000000058,0.9742
2025-02-06,6,104,1043.6027793998257,1036.9056071776033,0.0,6.697172222222434,0.9862
2025-02-06,6,105,1070.698648449494,1068.4170204835477,0.0,2.2816279659461998,0.976
2025-02-06,6,106,944.2516932399285,939.5429849065953,0.0,4.70870833333322,1.0742
2025-02-06,6,107,739.5089996339912,739.5089996339912,0.0,0.0,1.2313
2025-02-06,6,108,716.1904577880165,716.1904577880165,0.0,0.0,1.2561
2025-02-06,6,109,758.9711248968609,758.9711248968609,0.0,0.0,1.2447
2025-02-06,6,110,751.736523596357,751.736523596357,0.0,0.0,1.2545
2025-02-06,6,111,745.7097434683739,745.7097434683739,0.0,0.0,1.2522
2025-02-06,6,112,258.2536066433702,258.2536066433702,0.0,0.0,1.2881
2025-02-06,6,113,0.0,0.0,0.0,0.0,1.3466
2025-02-06,6,114,0.0,0.0,0.0,0.0,1.3523
2025-02-06,6,115,0.0,0.0,0.0,0.0,1.3445
2025-02-06,6,116,0.0,0.0,0.0,0.0,1.3483
2025-02-06,6,117,0.0,0.0,0.0,0.0,1.349
2025-02-06,6,118,0.0,0.0,0.0,0.0,1.3473
2025-02-06,6,119,0.0,0.0,0.0,0.0,1.3482
2025-02-06,6,120,0.0,0.0,0.0,0.0,1.3513
2025-02-06,6,121,0.0,0.0,0.0,0.0,1.34
2025-02-06,6,122,0.0,0.0,0.0,0.0,1.3489
2025-02-06,6,123,0.0,0.0,0.0,0.0,1.3952
2025-02-06,6,124,730.2264818373161,730.2264818373161,0.0,0.0,1.2226
2025-02-06,6,125,732.0620989941408,732.0620989941408,0.0,0.0,0.9332
2025-02-06,6,126,718.7125827721119,718.7125827721119,0.0,0.0,0.9068
2025-02-06,6,127,705.1964162471081,705.1964162471081,0.0,0.0,0.9371
2025-02-06,6,128,736.9680566474061,736.9680566474061,0.0,0.0,0.9371
2025-02-06,6,129,781.6251138561225,781.6251138561225,0.0,0.0,0.9871
2025-02-06,6,130,728.4650367943415,728.4650367943415,0.0,0.0,0.7764
2025-02-06,6,131,619.5462109420499,619.5462109420499,0.0,0.0,0.4209
2025-02-06,6,132,576.4208369592886,576.4208369592886,0.0,0.0,0.3859
2025-02-06,6,133,575.1620161312915,575.1620161312915,0.0,0.0,0.4368
2025-02-06,6,134,582.8881453106933,582.8881453106933,0.0,0.0,0.4198
2025-02-06,6,135,576.7310485793017,576.7310485793017,0.0,0.0,0.4186
2025-02-06,6,136,560.0584543824729,560.0584543824729,0.0,0.0,0.4241
2025-02-06,6,137,530.882800817248,530.882800817248,0.0,0.0,0.4237
2025-02-06,6,138,566.7440574609867,566.7440574609867,0.0,0.0,0.4248
2025-02-06,6,139,597.8366341531623,597.8366341531623,0.0,0.0,0.424
2025-02-06,6,140,593.8712186598403,593.8712186598403,0.0,0.0,0.422
2025-02-06,6,141,585.4790671379974,585.4790671379974,0.0,0.0,0.424
2025-02-06,6,142,557.0930015871103,557.0930015871103,0.0,0.0,0.4271
2025-02-06,6,143,478.100423625206,478.100423625206,0.0,0.0,0.4276
2025-02-06,12,72,1012.2199795631818,884.4551684520707,0.0,127.76481111111116,0.4411
2025-02-06,12,73,1069.23878799007,919.8741546567367,0.0,149.36463333333336,0.4551
2025-02-06,12,74,1067.4480763417332,896.4836207861775,0.0,170.96445555555567,0.4463
2025-02-06,12,75,1025.5094519059717,861.6947056797771,0.0,163.81474622619453,0.4113
2025-02-06,12,76,1028.1001396709112,416.9854852053379,0.0,611.1146544655733,0.5682
2025-02-06,12,77,253.25127181560342,48.05521677245511,0.0,205.1960550431483,0.8279
2025-02-06,12,78,305.2329441739075,95.4567467049319,0.0,209.77619746897562,0.8636
2025-02-06,12,79,304.89671499266325,143.98425446822026,0.0,160.912460524443,0.8416
2025-02-06,12,80,266.7768117848894,166.71056856224627,0.0,100.06624322264312,0.8618
2025-02-06,12,81,204.06722118686184,155.52145969159332,0.0,48.54576149526852,0.8623
2025-02-06,12,82,228.8132225110136,0.0,0.0,228.8132225110136,0.9026
2025-02-06,12,83,0.0,0.0,0.0,0.0,0.9754
2025-02-06,12,84,0.0,0.0,0.0,0.0,1.0002
2025-02-06,12,85,0.0,0.0,0.0,0.0,0.9978
2025-02-06,12,86,0.0,0.0,0.0,0.0,1.0271
2025-02-06,12,87,0.0,0.0,0.0,0.0,1.0906
2025-02-06,12,88,0.0,0.0,0.0,0.0,0.9376
2025-02-06,12,89,1360.194056749107,1301.9672862781,0.0,58.22677047100706,0.6694
2025-02-06,12,90,1375.5176693311396,1333.2102334022497,0.0,42.307435928889845,0.66
2025-02-06,12,91,1406.9884944513203,1366.971611117987,0.0,40.016883333333226,0.7217
2025-02-06,12,92,1422.4664887280746,788.9185868536505,0.0,633.5479018744242,0.7308
2025-02-06,12,93,894.1930074628277,610.7790688630145,0.0,283.41393859981326,0.7534
2025-02-06,12,94,680.3215506234079,655.4141497342858,0.0,24.907400889122073,0.7823
2025-02-06,12,95,704.0895602647116,682.0549769313783,0.0,22.03458333333333,0.8055
2025-02-06,12,96,769.3199017420505,736.2439920198282,0.0,33.07590972222238,0.8271
2025-02-06,12,97,822.3019246813773,785.7277336387515,0.0,36.574191042625785,0.8519
2025-02-06,12,98,836.396538056863,826.937862366769,0.0,9.458675690094083,0.8791
2025-02-06,12,99,886.5649381909462,872.0919909907861,0.0,14.472947200160093,0.9024
2025-02-06,12,100,938.4567308633173,924.9531223372252,0.0,13.50360852609208,0.9163
2025-02-06,12,101,1000.4355191700861,991.7573788923083,0.0,8.678140277777743,0.9264
2025-02-06,12,102,1024.1915968825308,1007.9931891829655,0.0,16.198407699565337,0.9462
2025-02-06,12,103,1024.6644796688208,1024.6644796688208,0.0,0.0,0.9742
2025-02-06,12,104,1036.9056071776033,1036.9056071776033,0.0,0.0,0.9862
2025-02-06,12,105,1068.4170204835477,1068.4170204835477,0.0,0.0,0.976
2025-02-06,12,106,939.5429849065953,938.6957182399286,0.0,0.8472666666666555,1.0742
2025-02-06,12,107,739.5089996339912,739.5089996339912,0.0,0.0,1.2313
2025-02-06,12,108,716.1904577880165,716.1904577880165,0.0,0.0,1.2561
2025-02-06,12,109,758.9711248968609,758.9711248968609,0.0,0.0,1.2447
2025-02-06,12,110,751.736523596357,751.736523596357,0.0,0.0,1.2545
2025-02-06,12,111,745.7097434683739,745.7097434683739,0.0,0.0,1.2522
2025-02-06,12,112,258.2536066433702,258.2536066433702,0.0,0.0,1.2881
2025-02-06,12,113,0.0,0.0,0.0,0.0,1.3466
2025-02-06,12,114,0.0,0.0,0.0,0.0,1.3523
2025-02-06,12,115,0.0,0.0,0.0,0.0,1.3445
2025-02-06,12,116,0.0,0.0,0.0,0.0,1.3483
2025-02-06,12,117,0.0,0.0,0.0,0.0,1.349
2025-02-06,12,118,0.0,0.0,0.0,0.0,1.3473
2025-02-06,12,119,0.0,0.0,0.0,0.0,1.3482
2025-02-06,12,120,0.0,0.0,0.0,0.0,1.3513
2025-02-06,12,121,0.0,0.0,0.0,0.0,1.34
2025-02-06,12,122,0.0,0.0,0.0,0.0,1.3489
2025-02-06,12,123,0.0,0.0,0.0,0.0,1.3952
2025-02-06,12,124,730.2264818373161,730.2264818373161,0.0,0.0,1.2226
2025-02-06,12,125,732.0620989941408,732.0620989941408,0.0,0.0,0.9332
2025-02-06,12,126,718.7125827721119,718.7125827721119,0.0,0.0,0.9068
2025-02-06,12,127,705.1964162471081,705.1964162471081,0.0,0.0,0.9371
2025-02-06,12,128,736.9680566474061,736.9680566474061,0.0,0.0,0.9371
2025-02-06,12,129,781.6251138561225,781.6251138561225,0.0,0.0,0.9871
2025-02-06,12,130,728.4650367943415,728.4650367943415,0.0,0.0,0.7764
2025-02-06,12,131,619.5462109420499,619.5462109420499,0.0,0.0,0.4209
2025-02-06,12,132,576.4208369592886,576.4208369592886,0.0,0.0,0.3859
2025-02-06,12,133,575.1620161312915,575.1620161312915,0.0,0.0,0.4368
2025-02-06,12,134,582.8881453106933,582.8881453106933,0.0,0.0,0.4198
2025-02-06,12,135,576.7310485793017,576.7310485793017,0.0,0.0,0.4186
2025-02-06,12,136,560.0584543824729,560.0584543824729,0.0,0.0,0.4241
2025-02-06,12,137,530.882800817248,530.882800817248,0.0,0.0,0.4237
2025-02-06,12,138,566.7440574609867,566.7440574609867,0.0,0.0,0.4248
2025-02-06,12,139,597.8366341531623,597.8366341531623,0.0,0.0,0.424
2025-02-06,12,140,593.8712186598403,593.8712186598403,0.0,0.0,0.422
2025-02-06,12,141,585.4790671379974,585.4790671379974,0.0,0.0,0.424
2025-02-06,12,142,557.0930015871103,557.0930015871103,0.0,0.0,0.4271
2025-02-06,12,143,478.100423625206,478.100423625206,0.0,0.0,0.4276
2025-02-06,18,108,716.1904577880165,716.1904577880165,0.0,0.0,1.2561
2025-02-06,18,109,758.9711248968609,758.9711248968609,0.0,0.0,1.2447
2025-02-06,18,110,751.736523596357,751.736523596357,0.0,0.0,1.2545
2025-02-06,18,111,745.7097434683739,745.7097434683739,0.0,0.0,1.2522
2025-02-06,18,112,258.2536066433702,258.2536066433702,0.0,0.0,1.2881
2025-02-06,18,113,0.0,0.0,0.0,0.0,1.3466
2025-02-06,18,114,0.0,0.0,0.0,0.0,1.3523
2025-02-06,18,115,0.0,0.0,0.0,0.0,1.3445
2025-02-06,18,116,0.0,0.0,0.0,0.0,1.3483
2025-02-06,18,117,0.0,0.0,0.0,0.0,1.349
2025-02-06,18,118,0.0,0.0,0.0,0.0,1.3473
2025-02-06,18,119,0.0,0.0,0.0,0.0,1.3482
2025-02-06,18,120,0.0,0.0,0.0,0.0,1.3513
2025-02-06,18,121,0.0,0.0,0.0,0.0,1.34
2025-02-06,18,122,0.0,0.0,0.0,0.0,1.3489
2025-02-06,18,123,0.0,0.0,0.0,0.0,1.3952
2025-02-06,18,124,730.2264818373161,730.2264818373161,0.0,0.0,1.2226
2025-02-06,18,125,732.0620989941408,732.0620989941408,0.0,0.0,0.9332
2025-02-06,18,126,718.7125827721119,718.7125827721119,0.0,0.0,0.9068
2025-02-06,18,127,705.1964162471081,705.1964162471081,0.0,0.0,0.9371
2025-02-06,18,128,736.9680566474061,736.9680566474061,0.0,0.0,0.9371
2025-02-06,18,129,781.6251138561225,781.6251138561225,0.0,0.0,0.9871
2025-02-06,18,130,728.4650367943415,728.4650367943415,0.0,0.0,0.7764
2025-02-06,18,131,619.5462109420499,619.5462109420499,0.0,0.0,0.4209
2025-02-06,18,132,576.4208369592886,576.4208369592886,0.0,0.0,0.3859
2025-02-06,18,133,575.1620161312915,575.1620161312915,0.0,0.0,0.4368
2025-02-06,18,134,582.8881453106933,582.8881453106933,0.0,0.0,0.4198
2025-02-06,18,135,576.7310485793017,576.7310485793017,0.0,0.0,0.4186
2025-02-06,18,136,560.0584543824729,560.0584543824729,0.0,0.0,0.4241
2025-02-06,18,137,530.882800817248,530.882800817248,0.0,0.0,0.4237
2025-02-06,18,138,566.7440574609867,566.7440574609867,0.0,0.0,0.4248
2025-02-06,18,139,597.8366341531623,597.8366341531623,0.0,0.0,0.424
2025-02-06,18,140,593.8712186598403,593.8712186598403,0.0,0.0,0.422
2025-02-06,18,141,585.4790671379974,585.4790671379974,0.0,0.0,0.424
2025-02-06,18,142,557.0930015871103,557.0930015871103,0.0,0.0,0.4271
2025-02-06,18,143,478.100423625206,478.100423625206,0.0,0.0,0.4276
2025-02-07,6,36,0.0,0.0,0.0,0.0,0.9368
2025-02-07,6,37,0.0,0.0,0.0,0.0,0.8758
2025-02-07,6,38,0.0,0.0,0.0,0.0,0.8759
2025-02-07,6,39,0.0,0.0,0.0,0.0,0.8601
2025-02-07,6,40,0.0,0.0,0.0,0.0,0.8442
2025-02-07,6,41,0.0,0.0,0.0,0.0,0.8334
2025-02-07,6,42,0.0,0.0,0.0,0.0,0.8092
2025-02-07,6,43,468.3508331870085,468.3508331870085,0.0,0.0,0.7972
2025-02-07,6,44,483.6873556475794,480.58412284985553,0.0,3.1032327977238765,0.7644
2025-02-07,6,45,470.0001654527155,464.9261404527155,0.0,5.074025000000006,0.6899
2025-02-07,6,46,0.0,0.0,0.0,0.0,0.86
2025-02-07,6,47,0.0,0.0,0.0,0.0,1.1617
2025-02-07,6,48,0.0,0.0,0.0,0.0,1.1683
2025-02-07,6,49,0.0,0.0,0.0,0.0,1.0956
2025-02-07,6,50,0.0,0.0,0.0,0.0,1.0849
2025-02-07,6,51,0.0,0.0,0.0,0.0,1.061
2025-02-07,6,52,0.0,0.0,0.0,0.0,1.043
2025-02-07,6,53,0.0,0.0,0.0,0.0,1.036
2025-02-07,6,54,0.0,0.0,0.0,0.0,1.0147
2025-02-07,6,55,0.0,0.0,0.0,0.0,0.9922
2025-02-07,6,56,0.0,0.0,0.0,0.0,0.97
2025-02-07,6,57,0.0,0.0,0.0,0.0,0.9422
2025-02-07,6,58,0.0,0.0,0.0,0.0,0.9569
2025-02-07,6,59,0.0,0.0,0.0,0.0,0.9977
2025-02-07,6,60,0.0,0.0,0.0,0.0,0.9919
2025-02-07,6,61,0.0,0.0,0.0,0.0,0.9588
2025-02-07,6,62,0.0,0.0,0.0,0.0,0.9549
2025-02-07,6,63,0.0,0.0,0.0,0.0,0.9839
2025-02-07,6,64,0.0,0.0,0.0,0.0,0.799
2025-02-07,6,65,661.3761190063706,0.0,0.0,661.3761190063706,0.5025
2025-02-07,6,66,651.1022402260068,647.0213962699571,0.0,4.080843956049648,0.4662
2025-02-07,6,67,614.5696354080076,185.97749523150623,0.0,428.59214017650135,0.5007
2025-02-07,6,68,629.3861453084412,629.3861453084412,0.0,0.0,0.4827
2025-02-07,6,69,658.7118707491012,584.9576692447463,0.0,73.75420150435491,0.4785
2025-02-07,6,70,638.3956503900595,524.1647171695337,0.0,114.2309332205258,0.4662
2025-02-07,6,71,610.8828349777491,464.0735738065283,0.0,146.80926117122078,0.4432
2025-02-07,6,72,691.9361220408241,488.6054393557812,0.0,203.33068268504292,0.4411
2025-02-07,6,73,668.6298632246783,498.9827273428483,0.0,169.64713588182997,0.4551
2025-02-07,6,74,583.2044253066409,468.9438851612092,0.0,114.26054014543172,0.4463
2025-02-07,6,75,616.8688450539637,479.83322977618593,0.0,137.03561527777777,0.4113
2025-02-07,6,76,80.46713175793664,0.0,0.0,80.46713175793664,0.5682
2025-02-07,6,77,0.0,0.0,0.0,0.0,0.8279
2025-02-07,6,78,0.0,0.0,0.0,0.0,0.8636
2025-02-07,6,79,0.0,0.0,0.0,0.0,0.8416
2025-02-07,6,80,0.0,0.0,0.0,0.0,0.8618
2025-02-07,6,81,0.0,0.0,0.0,0.0,0.8623
2025-02-07,6,82,0.0,0.0,0.0,0.0,0.9026
2025-02-07,6,83,0.0,0.0,0.0,0.0,0.9754
2025-02-07,6,84,0.0,0.0,0.0,0.0,1.0002
2025-02-07,6,85,0.0,0.0,0.0,0.0,0.9978
2025-02-07,6,86,0.0,0.0,0.0,0.0,1.0271
2025-02-07,6,87,0.0,0.0,0.0,0.0,1.0906
2025-02-07,6,88,0.0,0.0,0.0,0.0,0.9376
2025-02-07,6,89,286.1756651275054,118.98375373509424,0.0,167.19191139241116,0.6694
2025-02-07,6,90,896.9143214592159,321.09188859573896,0.0,575.8224328634769,0.66
2025-02-07,6,91,349.64894620144287,259.20728125543206,0.0,90.4416649460108,0.7217
2025-02-07,6,92,385.7957849440122,241.43901749082443,0.0,144.35676745318779,0.7308
2025-02-07,6,93,400.7184420432116,288.2078205247631,0.0,112.51062151844849,0.7534
2025-02-07,6,94,442.31699133534795,334.2656381249656,0.0,108.05135321038233,0.7823
2025-02-07,6,95,469.17164930175085,345.2989339837258,0.0,123.87271531802503,0.8055
2025-02-07,6,96,513.8621656615984,420.4173768486423,0.0,93.44478881295612,0.8271
2025-02-07,6,97,543.5685826066813,497.3221850953252,0.0,46.246397511356065,0.8519
2025-02-07,6,98,577.3310057188432,534.0677903941132,0.0,43.26321532473003,0.8791
2025-02-07,6,99,574.0171789543305,553.79950145536,0.0,20.217677498970488,0.9024
2025-02-07,6,100,551.1250885830951,545.7122377776851,0.0,5.412850805410017,0.9163
2025-02-07,6,101,514.7695029706941,514.7695029706941,0.0,0.0,0.9264
2025-02-07,6,102,567.213365425713,567.213365425713,0.0,0.0,0.9462
2025-02-07,6,103,596.6751396560506,596.6751396560506,0.0,0.0,0.9742
2025-02-07,6,104,586.5703969220622,586.5703969220622,0.0,0.0,0.9862
2025-02-07,6,105,587.0944974353575,587.0944974353575,0.0,0.0,0.976
2025-02-07,6,106,555.7706154409663,553.3597237742997,0.0,2.4108916666665436,1.0742
2025-02-07,6,107,230.09587545763128,230.09587545763128,0.0,0.0,1.2313
2025-02-07,6,108,0.0,0.0,0.0,0.0,1.2561
2025-02-07,6,109,0.0,0.0,0.0,0.0,1.2447
2025-02-07,6,110,0.0,0.0,0.0,0.0,1.2545
2025-02-07,6,111,0.0,0.0,0.0,0.0,1.2522
2025-02-07,6,112,0.0,0.0,0.0,0.0,1.2881
2025-02-07,6,113,0.0,0.0,0.0,0.0,1.3466
2025-02-07,6,114,0.0,0.0,0.0,0.0,1.3523
2025-02-07,6,115,0.0,0.0,0.0,0.0,1.3445
2025-02-07,6,116,0.0,0.0,0.0,0.0,1.3483
2025-02-07,6,117,0.0,0.0,0.0,0.0,1.349
2025-02-07,6,118,0.0,0.0,0.0,0.0,1.3473
2025-02-07,6,119,0.0,0.0,0.0,0.0,1.3482
2025-02-07,6,120,0.0,0.0,0.0,0.0,1.3513
2025-02-07,6,121,0.0,0.0,0.0,0.0,1.34
2025-02-07,6,122,0.0,0.0,0.0,0.0,1.3489
2025-02-07,6,123,0.0,0.0,0.0,0.0,1.3952
2025-02-07,6,124,519.1721466473119,519.1721466473119,0.0,0.0,1.2226
2025-02-07,6,125,491.9604263461859,491.9604263461859,0.0,0.0,0.9332
2025-02-07,6,126,516.4217328334553,516.4217328334553,0.0,0.0,0.9068
2025-02-07,6,127,544.3396051166733,544.3396051166733,0.0,0.0,0.9371
2025-02-07,6,128,563.2148416099923,563.2148416099923,0.0,0.0,0.9371
2025-02-07,6,129,553.274275770384,553.274275770384,0.0,0.0,0.9871
2025-02-07,6,130,521.5867766559319,521.5867766559319,0.0,0.0,0.7764
2025-02-07,6,131,458.0167532474541,458.0167532474541,0.0,0.0,0.4209
2025-02-07,6,132,452.26217180930286,452.26217180930286,0.0,0.0,0.3859
2025-02-07,6,133,448.85786284940355,448.85786284940355,0.0,0.0,0.4368
2025-02-07,6,134,447.9214264864258,447.9214264864258,0.0,0.0,0.4198
2025-02-07,6,135,449.7340453636569,449.7340453636569,0.0,0.0,0.4186
2025-02-07,6,136,453.94825643723834,453.94825643723834,0.0,0.0,0.4241
2025-02-07,6,137,454.0798748495708,454.0798748495708,0.0,0.0,0.4237
2025-02-07,6,138,444.6907939203561,444.6907939203561,0.0,0.0,0.4248
2025-02-07,6,139,461.5039160413615,461.5039160413615,0.0,0.0,0.424
2025-02-07,6,140,456.2146776975849,456.2146776975849,0.0,0.0,0.422
2025-02-07,6,141,459.053718937447,459.053718937447,0.0,0.0,0.424
2025-02-07,6,142,452.2785275780005,452.2785275780005,0.0,0.0,0.4271
2025-02-07,6,143,444.5944235057794,444.5944235057794,0.0,0.0,0.4276
2025-02-07,12,72,488.6054393557812,0.0,0.0,488.6054393557812,0.4411
2025-02-07,12,73,498.9827273428483,0.0,0.0,498.9827273428483,0.4551
2025-02-07,12,74,468.9438851612092,0.0,0.0,468.9438851612092,0.4463
2025-02-07,12,75,479.83322977618593,0.0,0.0,479.83322977618593,0.4113
2025-02-07,12,76,0.0,0.0,0.0,0.0,0.5682
2025-02-07,12,77,0.0,0.0,0.0,0.0,0.8279
2025-02-07,12,78,0.0,0.0,0.0,0.0,0.8636
2025-02-07,12,79,0.0,0.0,0.0,0.0,0.8416
2025-02-07,12,80,0.0,0.0,0.0,0.0,0.8618
2025-02-07,12,81,0.0,0.0,0.0,0.0,0.8623
2025-02-07,12,82,0.0,0.0,0.0,0.0,0.9026
2025-02-07,12,83,0.0,0.0,0.0,0.0,0.9754
2025-02-07,12,84,0.0,0.0,0.0,0.0,1.0002
2025-02-07,12,85,0.0,0.0,0.0,0.0,0.9978
2025-02-07,12,86,0.0,0.0,0.0,0.0,1.0271
2025-02-07,12,87,0.0,0.0,0.0,0.0,1.0906
2025-02-07,12,88,0.0,0.0,0.0,0.0,0.9376
2025-02-07,12,89,118.98375373509424,47.59066620787712,0.0,71.39308752721712,0.6694
2025-02-07,12,90,321.09188859573896,171.78507662306563,0.0,149.30681197267333,0.66
2025-02-07,12,91,259.20728125543206,170.98352292209879,0.0,88.22375833333328,0.7217
2025-02-07,12,92,241.43901749082443,160.91738693526887,0.0,80.52163055555556,0.7308
2025-02-07,12,93,288.2078205247631,234.40588302476317,0.0,53.80193749999995,0.7534
2025-02-07,12,94,334.2656381249656,286.31404229163235,0.0,47.95159583333327,0.7823
2025-02-07,12,95,345.2989339837258,308.9993881920484,0.0,36.29954579167742,0.8055
2025-02-07,12,96,420.4173768486423,372.7287000711055,0.0,47.688676777536784,0.8271
2025-02-07,12,97,497.3221850953252,451.8339237175707,0.0,45.4882613777545,0.8519
2025-02-07,12,98,534.0677903941132,503.06702260177946,0.0,31.00076779233376,0.8791
2025-02-07,12,99,553.79950145536,530.5377588330995,0.0,23.2617426222605,0.9024
2025-02-07,12,100,545.7122377776851,515.2305591454029,0.0,30.481678632282183,0.9163
2025-02-07,12,101,514.7695029706941,514.7695029706941,0.0,0.0,0.9264
2025-02-07,12,102,567.213365425713,567.213365425713,0.0,0.0,0.9462
2025-02-07,12,103,596.6751396560506,596.6751396560506,0.0,0.0,0.9742
2025-02-07,12,104,586.5703969220622,577.8256274776178,0.0,8.744769444444387,0.9862
2025-02-07,12,105,587.0944974353575,587.0944974353575,0.0,0.0,0.976
2025-02-07,12,106,553.3597237742997,553.3597237742997,0.0,0.0,1.0742
2025-02-07,12,107,230.09587545763128,230.09587545763128,0.0,0.0,1.2313
2025-02-07,12,108,0.0,0.0,0.0,0.0,1.2561
2025-02-07,12,109,0.0,0.0,0.0,0.0,1.2447
2025-02-07,12,110,0.0,0.0,0.0,0.0,1.2545
2025-02-07,12,111,0.0,0.0,0.0,0.0,1.2522
2025-02-07,12,112,0.0,0.0,0.0,0.0,1.2881
2025-02-07,12,113,0.0,0.0,0.0,0.0,1.3466
2025-02-07,12,114,0.0,0.0,0.0,0.0,1.3523
2025-02-07,12,115,0.0,0.0,0.0,0.0,1.3445
2025-02-07,12,116,0.0,0.0,0.0,0.0,1.3483
2025-02-07,12,117,0.0,0.0,0.0,0.0,1.349
2025-02-07,12,118,0.0,0.0,0.0,0.0,1.3473
2025-02-07,12,119,0.0,0.0,0.0,0.0,1.3482
2025-02-07,12,120,0.0,0.0,0.0,0.0,1.3513
2025-02-07,12,121,0.0,0.0,0.0,0.0,1.34
2025-02-07,12,122,0.0,0.0,0.0,0.0,1.3489
2025-02-07,12,123,0.0,0.0,0.0,0.0,1.3952
2025-02-07,12,124,519.1721466473119,519.1721466473119,0.0,0.0,1.2226
2025-02-07,12,125,491.9604263461859,491.9604263461859,0.0,0.0,0.9332
2025-02-07,12,126,516.4217328334553,516.4217328334553,0.0,0.0,0.9068
2025-02-07,12,127,544.3396051166733,544.3396051166733,0.0,0.0,0.9371
2025-02-07,12,128,563.2148416099923,563.2148416099923,0.0,0.0,0.9371
2025-02-07,12,129,553.274275770384,553.274275770384,0.0,0.0,0.9871
2025-02-07,12,130,521.5867766559319,521.5867766559319,0.0,0.0,0.7764
2025-02-07,12,131,458.0167532474541,458.0167532474541,0.0,0.0,0.4209
2025-02-07,12,132,452.26217180930286,452.26217180930286,0.0,0.0,0.3859
2025-02-07,12,133,448.85786284940355,448.85786284940355,0.0,0.0,0.4368
2025-02-07,12,134,447.9214264864258,447.9214264864258,0.0,0.0,0.4198
2025-02-07,12,135,449.7340453636569,449.7340453636569,0.0,0.0,0.4186
2025-02-07,12,136,453.94825643723834,453.94825643723834,0.0,0.0,0.4241
2025-02-07,12,137,454.0798748495708,454.0798748495708,0.0,0.0,0.4237
2025-02-07,12,138,444.6907939203561,444.6907939203561,0.0,0.0,0.4248
2025-02-07,12,139,461.5039160413615,461.5039160413615,0.0,0.0,0.424
2025-02-07,12,140,456.2146776975849,456.2146776975849,0.0,0.0,0.422
2025-02-07,12,141,459.053718937447,459.053718937447,0.0,0.0,0.424
2025-02-07,12,142,452.2785275780005,452.2785275780005,0.0,0.0,0.4271
2025-02-07,12,143,444.5944235057794,444.5944235057794,0.0,0.0,0.4276
2025-02-07,18,108,0.0,0.0,0.0,0.0,1.2561
2025-02-07,18,109,0.0,0.0,0.0,0.0,1.2447
2025-02-07,18,110,0.0,0.0,0.0,0.0,1.2545
2025-02-07,18,111,0.0,0.0,0.0,0.0,1.2522
2025-02-07,18,112,0.0,0.0,0.0,0.0,1.2881
2025-02-07,18,113,0.0,0.0,0.0,0.0,1.3466
2025-02-07,18,114,0.0,0.0,0.0,0.0,1.3523
2025-02-07,18,115,0.0,0.0,0.0,0.0,1.3445
2025-02-07,18,116,0.0,0.0,0.0,0.0,1.3483
2025-02-07,18,117,0.0,0.0,0.0,0.0,1.349
2025-02-07,18,118,0.0,0.0,0.0,0.0,1.3473
2025-02-07,18,119,0.0,0.0,0.0,0.0,1.3482
2025-02-07,18,120,0.0,0.0,0.0,0.0,1.3513
2025-02-07,18,121,0.0,0.0,0.0,0.0,1.34
2025-02-07,18,122,0.0,0.0,0.0,0.0,1.3489
2025-02-07,18,123,0.0,0.0,0.0,0.0,1.3952
2025-02-07,18,124,519.1721466473119,519.1721466473119,0.0,0.0,1.2226
2025-02-07,18,125,491.9604263461859,491.9604263461859,0.0,0.0,0.9332
2025-02-07,18,126,516.4217328334553,516.4217328334553,0.0,0.0,0.9068
2025-02-07,18,127,544.3396051166733,544.3396051166733,0.0,0.0,0.9371
2025-02-07,18,128,563.2148416099923,563.2148416099923,0.0,0.0,0.9371
2025-02-07,18,129,553.274275770384,553.274275770384,0.0,0.0,0.9871
2025-02-07,18,130,521.5867766559319,521.5867766559319,0.0,0.0,0.7764
2025-02-07,18,131,458.0167532474541,458.0167532474541,0.0,0.0,0.4209
2025-02-07,18,132,452.26217180930286,452.26217180930286,0.0,0.0,0.3859
2025-02-07,18,133,448.85786284940355,448.85786284940355,0.0,0.0,0.4368
2025-02-07,18,134,447.9214264864258,447.9214264864258,0.0,0.0,0.4198
2025-02-07,18,135,449.7340453636569,449.7340453636569,0.0,0.0,0.4186
2025-02-07,18,136,453.94825643723834,453.94825643723834,0.0,0.0,0.4241
2025-02-07,18,137,454.0798748495708,454.0798748495708,0.0,0.0,0.4237
2025-02-07,18,138,444.6907939203561,444.6907939203561,0.0,0.0,0.4248
2025-02-07,18,139,461.5039160413615,461.5039160413615,0.0,0.0,0.424
2025-02-07,18,140,456.2146776975849,456.2146776975849,0.0,0.0,0.422
2025-02-07,18,141,459.053718937447,459.053718937447,0.0,0.0,0.424
2025-02-07,18,142,452.2785275780005,452.2785275780005,0.0,0.0,0.4271
2025-02-07,18,143,444.5944235057794,444.5944235057794,0.0,0.0,0.4276
2025-02-08,6,36,0.0,0.0,0.0,0.0,0.9368
2025-02-08,6,37,0.0,0.0,0.0,0.0,0.8758
2025-02-08,6,38,0.0,0.0,0.0,0.0,0.8759
2025-02-08,6,39,0.0,0.0,0.0,0.0,0.8601
2025-02-08,6,40,0.0,0.0,0.0,0.0,0.8442
2025-02-08,6,41,0.0,0.0,0.0,0.0,0.8334
2025-02-08,6,42,144.87502981543776,144.87502981543776,0.0,0.0,0.8092
2025-02-08,6,43,559.50558349067,545.3322501573367,0.0,14.17333333333329,0.7972
2025-02-08,6,44,545.4844760731728,545.4844760731728,0.0,0.0,0.7644
2025-02-08,6,45,489.18242494971963,489.18242494971963,0.0,0.0,0.6899
2025-02-08,6,46,0.0,0.0,0.0,0.0,0.86
2025-02-08,6,47,0.0,0.0,0.0,0.0,1.1617
2025-02-08,6,48,0.0,0.0,0.0,0.0,1.1683
2025-02-08,6,49,0.0,0.0,0.0,0.0,1.0956
2025-02-08,6,50,0.0,0.0,0.0,0.0,1.0849
2025-02-08,6,51,0.0,0.0,0.0,0.0,1.061
2025-02-08,6,52,0.0,0.0,0.0,0.0,1.043
2025-02-08,6,53,0.0,0.0,0.0,0.0,1.036
2025-02-08,6,54,0.0,0.0,0.0,0.0,1.0147
2025-02-08,6,55,0.0,0.0,0.0,0.0,0.9922
2025-02-08,6,56,0.0,0.0,0.0,0.0,0.97
2025-02-08,6,57,0.0,0.0,0.0,0.0,0.9422
2025-02-08,6,58,0.0,0.0,0.0,0.0,0.9569
2025-02-08,6,59,0.0,0.0,0.0,0.0,0.9977
2025-02-08,6,60,0.0,0.0,0.0,0.0,0.9919
2025-02-08,6,61,0.0,0.0,0.0,0.0,0.9588
2025-02-08,6,62,0.0,0.0,0.0,0.0,0.9549
2025-02-08,6,63,0.0,0.0,0.0,0.0,0.9839
2025-02-08,6,64,0.0,0.0,0.0,0.0,0.799
2025-02-08,6,65,278.4548971811346,371.90272154077786,93.44782435964328,0.0,0.5025
2025-02-08,6,66,653.6840141150432,714.636401615043,60.95238749999987,0.0,0.4662
2025-02-08,6,67,690.0910632807094,742.313792447376,52.22272916666668,0.0,0.5007
2025-02-08,6,68,670.1848508993752,713.6779217327085,43.49307083333326,0.0,0.4827
2025-02-08,6,69,673.0768483999068,707.8402608999068,34.76341249999996,0.0,0.4785
2025-02-08,6,70,653.9422556558516,679.9760098225182,26.033754166666654,0.0,0.4662
2025-02-08,6,71,657.6304043446144,674.9345001779475,17.304095833333122,0.0,0.4432
2025-02-08,6,72,712.438811732974,735.029938121863,22.591126388888938,0.0,0.4411
2025-02-08,6,73,655.336848311483,697.2316941448164,41.89484583333342,0.0,0.4551
2025-02-08,6,74,518.8389442654428,580.0375095432205,61.198565277777675,0.0,0.4463
2025-02-08,6,75,504.1905471458479,575.7934177373193,71.60287059147134,0.0,0.4113
2025-02-08,6,76,0.0,0.0,0.0,0.0,0.5682
2025-02-08,6,77,0.0,0.0,0.0,0.0,0.8279
2025-02-08,6,78,0.0,0.0,0.0,0.0,0.8636
2025-02-08,6,79,0.0,0.0,0.0,0.0,0.8416
2025-02-08,6,80,0.0,0.0,0.0,0.0,0.8618
2025-02-08,6,81,0.0,0.0,0.0,0.0,0.8623
2025-02-08,6,82,0.0,0.0,0.0,0.0,0.9026
2025-02-08,6,83,0.0,0.0,0.0,0.0,0.9754
2025-02-08,6,84,0.0,0.0,0.0,0.0,1.0002
2025-02-08,6,85,0.0,0.0,0.0,0.0,0.9978
2025-02-08,6,86,0.0,0.0,0.0,0.0,1.0271
2025-02-08,6,87,0.0,0.0,0.0,0.0,1.0906
2025-02-08,6,88,0.0,0.0,0.0,0.0,0.9376
2025-02-08,6,89,918.6446314842123,918.6446314842123,0.0,0.0,0.6694
2025-02-08,6,90,177.55650412136484,178.54653748460714,0.9900333632423042,0.0,0.66
2025-02-08,6,91,173.1011184065128,227.6923420509423,54.591223644429505,0.0,0.7217
2025-02-08,6,92,219.1222689687958,279.2704175799069,60.14814861111111,0.0,0.7308
2025-02-08,6,93,258.81595423222444,321.8940889544467,63.07813472222227,0.0,0.7534
2025-02-08,6,94,297.62614559027446,359.20009852577044,61.57395293549598,0.0,0.7823
2025-02-08,6,95,338.5224150070807,360.65284022333026,22.130425216249535,0.0,0.8055
2025-02-08,6,96,394.5870586837573,424.54992185081977,29.962863167062494,0.0,0.8271
2025-02-08,6,97,487.3385583105815,487.3385583105815,0.0,0.0,0.8519
2025-02-08,6,98,528.2427950587438,528.2427950587438,0.0,0.0,0.8791
2025-02-08,6,99,599.5610460071343,599.5610460071343,0.0,0.0,0.9024
2025-02-08,6,100,615.1756392327793,615.1756392327793,0.0,0.0,0.9163
2025-02-08,6,101,651.5141912069435,651.5141912069435,0.0,0.0,0.9264
2025-02-08,6,102,672.6595033472698,672.6595033472698,0.0,0.0,0.9462
2025-02-08,6,103,673.8112696554166,673.8112696554166,0.0,0.0,0.9742
2025-02-08,6,104,640.5134264984105,640.5134264984105,0.0,0.0,0.9862
2025-02-08,6,105,684.7955936907679,684.7955936907679,0.0,0.0,0.976
2025-02-08,6,106,653.8659650474484,653.8659650474484,0.0,0.0,1.0742
2025-02-08,6,107,555.4723368525536,555.4723368525536,0.0,0.0,1.2313
2025-02-08,6,108,0.0,0.0,0.0,0.0,1.2561
2025-02-08,6,109,608.388635266328,608.388635266328,0.0,0.0,1.2447
2025-02-08,6,110,0.0,0.0,0.0,0.0,1.2545
2025-02-08,6,111,301.29307350222575,301.29307350222575,0.0,0.0,1.2522
2025-02-08,6,112,0.0,0.0,0.0,0.0,1.2881
2025-02-08,6,113,0.0,0.0,0.0,0.0,1.3466
2025-02-08,6,114,0.0,0.0,0.0,0.0,1.3523
2025-02-08,6,115,0.0,0.0,0.0,0.0,1.3445
2025-02-08,6,116,0.0,0.0,0.0,0.0,1.3483
2025-02-08,6,117,0.0,0.0,0.0,0.0,1.349
2025-02-08,6,118,0.0,0.0,0.0,0.0,1.3473
2025-02-08,6,119,0.0,0.0,0.0,0.0,1.3482
2025-02-08,6,120,0.0,0.0,0.0,0.0,1.3513
2025-02-08,6,121,0.0,0.0,0.0,0.0,1.34
2025-02-08,6,122,0.0,0.0,0.0,0.0,1.3489
2025-02-08,6,123,0.0,0.0,0.0,0.0,1.3952
2025-02-08,6,124,606.6105367919071,606.6105367919071,0.0,0.0,1.2226
2025-02-08,6,125,598.5400732846238,598.5400732846238,0.0,0.0,0.9332
2025-02-08,6,126,603.6417007542378,603.6417007542378,0.0,0.0,0.9068
2025-02-08,6,127,623.6144102175623,623.6144102175623,0.0,0.0,0.9371
2025-02-08,6,128,595.9413774350186,595.9413774350186,0.0,0.0,0.9371
2025-02-08,6,129,588.1624787389113,588.1624787389113,0.0,0.0,0.9871
2025-02-08,6,130,568.4139230935915,568.4139230935915,0.0,0.0,0.7764
2025-02-08,6,131,498.0826850755845,498.0826850755845,0.0,0.0,0.4209
2025-02-08,6,132,483.17446255821204,483.17446255821204,0.0,0.0,0.3859
2025-02-08,6,133,477.9761270468253,477.9761270468253,0.0,0.0,0.4368
2025-02-08,6,134,484.862533056704,484.862533056704,0.0,0.0,0.4198
2025-02-08,6,135,484.9537559180956,484.9537559180956,0.0,0.0,0.4186
2025-02-08,6,136,502.06344433264786,502.06344433264786,0.0,0.0,0.4241
2025-02-08,6,137,521.1663107201136,521.1663107201136,0.0,0.0,0.4237
2025-02-08,6,138,527.643409522019,527.643409522019,0.0,0.0,0.4248
2025-02-08,6,139,504.1740311414812,504.1740311414812,0.0,0.0,0.424
2025-02-08,6,140,486.3140365039908,486.3140365039908,0.0,0.0,0.422
2025-02-08,6,141,488.8162222633091,488.8162222633091,0.0,0.0,0.424
2025-02-08,6,142,496.18990499995067,496.18990499995067,0.0,0.0,0.4271
2025-02-08,6,143,647.9686255584105,647.9686255584105,0.0,0.0,0.4276
2025-02-08,12,72,735.029938121863,0.0,0.0,735.029938121863,0.4411
2025-02-08,12,73,697.2316941448164,0.0,0.0,697.2316941448164,0.4551
2025-02-08,12,74,580.0375095432205,0.0,0.0,580.0375095432205,0.4463
2025-02-08,12,75,575.7934177373193,0.0,0.0,575.7934177373193,0.4113
2025-02-08,12,76,0.0,0.0,0.0,0.0,0.5682
2025-02-08,12,77,0.0,0.0,0.0,0.0,0.8279
2025-02-08,12,78,0.0,0.0,0.0,0.0,0.8636
2025-02-08,12,79,0.0,0.0,0.0,0.0,0.8416
2025-02-08,12,80,0.0,0.0,0.0,0.0,0.8618
2025-02-08,12,81,0.0,0.0,0.0,0.0,0.8623
2025-02-08,12,82,0.0,0.0,0.0,0.0,0.9026
2025-02-08,12,83,0.0,0.0,0.0,0.0,0.9754
2025-02-08,12,84,0.0,0.0,0.0,0.0,1.0002
2025-02-08,12,85,0.0,0.0,0.0,0.0,0.9978
2025-02-08,12,86,0.0,0.0,0.0,0.0,1.0271
2025-02-08,12,87,0.0,0.0,0.0,0.0,1.0906
2025-02-08,12,88,0.0,0.0,0.0,0.0,0.9376
2025-02-08,12,89,918.6446314842123,918.6446314842123,0.0,0.0,0.6694
2025-02-08,12,90,178.54653748460714,165.6557583179405,0.0,12.890779166666647,0.66
2025-02-08,12,91,227.6923420509423,227.6923420509423,0.0,0.0,0.7217
2025-02-08,12,92,279.2704175799069,279.2704175799069,0.0,0.0,0.7308
2025-02-08,12,93,321.8940889544467,321.8940889544467,0.0,0.0,0.7534
2025-02-08,12,94,359.20009852577044,352.30788602577053,0.0,6.892212499999914,0.7823
2025-02-08,12,95,360.65284022333026,360.65284022333026,0.0,0.0,0.8055
2025-02-08,12,96,424.54992185081977,424.54992185081977,0.0,0.0,0.8271
2025-02-08,12,97,487.3385583105815,487.3385583105815,0.0,0.0,0.8519
2025-02-08,12,98,528.2427950587438,528.2427950587438,0.0,0.0,0.8791
2025-02-08,12,99,599.5610460071343,599.5610460071343,0.0,0.0,0.9024
2025-02-08,12,100,615.1756392327793,615.1756392327793,0.0,0.0,0.9163
2025-02-08,12,101,651.5141912069435,651.5141912069435,0.0,0.0,0.9264
2025-02-08,12,102,672.6595033472698,672.6595033472698,0.0,0.0,0.9462
2025-02-08,12,103,673.8112696554166,673.8112696554166,0.0,0.0,0.9742
2025-02-08,12,104,640.5134264984105,640.5134264984105,0.0,0.0,0.9862
2025-02-08,12,105,684.7955936907679,684.7955936907679,0.0,0.0,0.976
2025-02-08,12,106,653.8659650474484,653.8659650474484,0.0,0.0,1.0742
2025-02-08,12,107,555.4723368525536,555.4723368525536,0.0,0.0,1.2313
2025-02-08,12,108,0.0,0.0,0.0,0.0,1.2561
2025-02-08,12,109,608.388635266328,608.388635266328,0.0,0.0,1.2447
2025-02-08,12,110,0.0,0.0,0.0,0.0,1.2545
2025-02-08,12,111,301.29307350222575,301.29307350222575,0.0,0.0,1.2522
2025-02-08,12,112,0.0,0.0,0.0,0.0,1.2881
2025-02-08,12,113,0.0,0.0,0.0,0.0,1.3466
2025-02-08,12,114,0.0,0.0,0.0,0.0,1.3523
2025-02-08,12,115,0.0,0.0,0.0,0.0,1.3445
2025-02-08,12,116,0.0,0.0,0.0,0.0,1.3483
2025-02-08,12,117,0.0,0.0,0.0,0.0,1.349
2025-02-08,12,118,0.0,0.0,0.0,0.0,1.3473
2025-02-08,12,119,0.0,0.0,0.0,0.0,1.3482
2025-02-08,12,120,0.0,0.0,0.0,0.0,1.3513
2025-02-08,12,121,0.0,0.0,0.0,0.0,1.34
2025-02-08,12,122,0.0,0.0,0.0,0.0,1.3489
2025-02-08,12,123,0.0,0.0,0.0,0.0,1.3952
2025-02-08,12,124,606.6105367919071,606.6105367919071,0.0,0.0,1.2226
2025-02-08,12,125,598.5400732846238,598.5400732846238,0.0,0.0,0.9332
2025-02-08,12,126,603.6417007542378,603.6417007542378,0.0,0.0,0.9068
2025-02-08,12,127,623.6144102175623,623.6144102175623,0.0,0.0,0.9371
2025-02-08,12,128,595.9413774350186,595.9413774350186,0.0,0.0,0.9371
2025-02-08,12,129,588.1624787389113,588.1624787389113,0.0,0.0,0.9871
2025-02-08,12,130,568.4139230935915,568.4139230935915,0.0,0.0,0.7764
2025-02-08,12,131,498.0826850755845,498.0826850755845,0.0,0.0,0.4209
2025-02-08,12,132,483.17446255821204,483.17446255821204,0.0,0.0,0.3859
2025-02-08,12,133,477.9761270468253,477.9761270468253,0.0,0.0,0.4368
2025-02-08,12,134,484.862533056704,484.862533056704,0.0,0.0,0.4198
2025-02-08,12,135,484.9537559180956,484.9537559180956,0.0,0.0,0.4186
2025-02-08,12,136,502.06344433264786,502.06344433264786,0.0,0.0,0.4241
2025-02-08,12,137,521.1663107201136,521.1663107201136,0.0,0.0,0.4237
2025-02-08,12,138,527.643409522019,527.643409522019,0.0,0.0,0.4248
2025-02-08,12,139,504.1740311414812,504.1740311414812,0.0,0.0,0.424
2025-02-08,12,140,486.3140365039908,486.3140365039908,0.0,0.0,0.422
2025-02-08,12,141,488.8162222633091,488.8162222633091,0.0,0.0,0.424
2025-02-08,12,142,496.18990499995067,496.18990499995067,0.0,0.0,0.4271
2025-02-08,12,143,647.9686255584105,647.9686255584105,0.0,0.0,0.4276
2025-02-08,18,108,0.0,0.0,0.0,0.0,1.2561
2025-02-08,18,109,608.388635266328,608.388635266328,0.0,0.0,1.2447
2025-02-08,18,110,0.0,0.0,0.0,0.0,1.2545
2025-02-08,18,111,301.29307350222575,301.29307350222575,0.0,0.0,1.2522
2025-02-08,18,112,0.0,0.0,0.0,0.0,1.2881
2025-02-08,18,113,0.0,0.0,0.0,0.0,1.3466
2025-02-08,18,114,0.0,0.0,0.0,0.0,1.3523
2025-02-08,18,115,0.0,0.0,0.0,0.0,1.3445
2025-02-08,18,116,0.0,0.0,0.0,0.0,1.3483
2025-02-08,18,117,0.0,0.0,0.0,0.0,1.349
2025-02-08,18,118,0.0,0.0,0.0,0.0,1.3473
2025-02-08,18,119,0.0,0.0,0.0,0.0,1.3482
2025-02-08,18,120,0.0,0.0,0.0,0.0,1.3513
2025-02-08,18,121,0.0,0.0,0.0,0.0,1.34
2025-02-08,18,122,0.0,0.0,0.0,0.0,1.3489
2025-02-08,18,123,0.0,0.0,0.0,0.0,1.3952
2025-02-08,18,124,606.6105367919071,606.6105367919071,0.0,0.0,1.2226
2025-02-08,18,125,598.5400732846238,598.5400732846238,0.0,0.0,0.9332
2025-02-08,18,126,603.6417007542378,603.6417007542378,0.0,0.0,0.9068
2025-02-08,18,127,623.6144102175623,623.6144102175623,0.0,0.0,0.9371
2025-02-08,18,128,595.9413774350186,595.9413774350186,0.0,0.0,0.9371
2025-02-08,18,129,588.1624787389113,588.1624787389113,0.0,0.0,0.9871
2025-02-08,18,130,568.4139230935915,568.4139230935915,0.0,0.0,0.7764
2025-02-08,18,131,498.0826850755845,498.0826850755845,0.0,0.0,0.4209
2025-02-08,18,132,483.17446255821204,483.17446255821204,0.0,0.0,0.3859
2025-02-08,18,133,477.9761270468253,477.9761270468253,0.0,0.0,0.4368
2025-02-08,18,134,484.862533056704,484.862533056704,0.0,0.0,0.4198
2025-02-08,18,135,484.9537559180956,484.9537559180956,0.0,0.0,0.4186
2025-02-08,18,136,502.06344433264786,502.06344433264786,0.0,0.0,0.4241
2025-02-08,18,137,521.1663107201136,521.1663107201136,0.0,0.0,0.4237
2025-02-08,18,138,527.643409522019,527.643409522019,0.0,0.0,0.4248
2025-02-08,18,139,504.1740311414812,504.1740311414812,0.0,0.0,0.424
2025-02-08,18,140,486.3140365039908,486.3140365039908,0.0,0.0,0.422
2025-02-08,18,141,488.8162222633091,488.8162222633091,0.0,0.0,0.424
2025-02-08,18,142,496.18990499995067,496.18990499995067,0.0,0.0,0.4271
2025-02-08,18,143,647.9686255584105,647.9686255584105,0.0,0.0,0.4276
2025-02-09,6,36,250.45059048354108,250.45059048354108,0.0,0.0,0.9368
2025-02-09,6,37,932.8929564879568,932.8929564879568,0.0,0.0,0.8758
2025-02-09,6,38,957.6168863277372,953.6475113277373,0.0,3.9693749999999,0.8759
2025-02-09,6,39,931.0050953857467,931.0050953857467,0.0,0.0,0.8601
2025-02-09,6,40,869.5316797216427,862.3868047216425,0.0,7.144875000000184,0.8442
2025-02-09,6,41,833.2345580845707,833.2345580845707,0.0,0.0,0.8334
2025-02-09,6,42,780.1178115710817,780.1178115710817,0.0,0.0,0.8092
2025-02-09,6,43,786.573894626382,786.573894626382,0.0,0.0,0.7972
2025-02-09,6,44,766.8626020841684,732.8755465286131,0.0,33.987055555555344,0.7644
2025-02-09,6,45,1601.02950656938,1558.2397899027133,0.0,42.78971666666666,0.6899
2025-02-09,6,46,771.5697855360295,771.5697855360295,0.0,0.0,0.86
2025-02-09,6,47,149.8451654631632,149.8451654631632,0.0,0.0,1.1617
2025-02-09,6,48,104.89303046090811,104.89303046090811,0.0,0.0,1.1683
2025-02-09,6,49,20.176998200587832,0.0,0.0,20.176998200587832,1.0956
2025-02-09,6,50,27.874297989971865,0.0,0.0,27.874297989971865,1.0849
2025-02-09,6,51,7.653051466159468,0.0,0.0,7.653051466159468,1.061
2025-02-09,6,52,0.0,0.0,0.0,0.0,1.043
2025-02-09,6,53,0.0,0.0,0.0,0.0,1.036
2025-02-09,6,54,0.0,0.0,0.0,0.0,1.0147
2025-02-09,6,55,0.0,0.0,0.0,0.0,0.9922
2025-02-09,6,56,657.9858752313032,657.9858752313032,0.0,0.0,0.97
2025-02-09,6,57,665.6301116209572,665.6301116209572,0.0,0.0,0.9422
2025-02-09,6,58,656.0950154582296,589.109709688148,0.0,66.9853057700816,0.9569
2025-02-09,6,59,0.0,0.0,0.0,0.0,0.9977
2025-02-09,6,60,32.33577386842239,32.33577386842239,0.0,0.0,0.9919
2025-02-09,6,61,558.0746006668169,543.0782470763546,0.0,14.996353590462263,0.9588
2025-02-09,6,62,524.3050056589054,524.3050056589054,0.0,0.0,0.9549
2025-02-09,6,63,483.6980639404599,480.93922343280855,0.0,2.758840507651371,0.9839
2025-02-09,6,64,495.1191578619716,495.1191578619716,0.0,0.0,0.799
2025-02-09,6,65,1419.2403378325885,1340.2901294992553,0.0,78.9502083333332,0.5025
2025-02-09,6,66,1450.3731074201144,1380.4370713090032,0.0,69.9360361111112,0.4662
2025-02-09,6,67,1426.4873229299556,1370.4341812632888,0.0,56.05314166666676,0.5007
2025-02-09,6,68,1363.9474025131994,1321.7771552909771,0.0,42.170247222222315,0.4827
2025-02-09,6,69,1303.6616478877322,1275.3742951099543,0.0,28.28735277777787,0.4785
2025-02-09,6,70,1207.81357456629,1193.4091162329564,0.0,14.40445833333365,0.4662
2025-02-09,6,71,1130.0255605989132,1129.5039967100238,0.0,0.5215638888894318,0.4432
2025-02-09,6,72,1157.1824708088975,1157.1824708088975,0.0,0.0,0.4411
2025-02-09,6,73,1127.195565662467,1127.195565662467,0.0,0.0,0.4551
2025-02-09,6,74,1036.1507691184418,1036.1507691184418,0.0,0.0,0.4463
2025-02-09,6,75,1004.3817793070036,1004.3817793070036,0.0,0.0,0.4113
2025-02-09,6,76,1033.0948894442254,1033.0948894442254,0.0,0.0,0.5682
2025-02-09,6,77,248.7785374847784,248.7785374847784,0.0,0.0,0.8279
2025-02-09,6,78,242.861172318722,242.861172318722,0.0,0.0,0.8636
2025-02-09,6,79,219.62864414199552,219.62864414199552,0.0,0.0,0.8416
2025-02-09,6,80,230.55580512368851,230.55580512368851,0.0,0.0,0.8618
2025-02-09,6,81,334.5825042825248,334.5825042825248,0.0,0.0,0.8623
2025-02-09,6,82,371.3483562667848,371.3483562667848,0.0,0.0,0.9026
2025-02-09,6,83,383.5302130476624,383.5302130476624,0.0,0.0,0.9754
2025-02-09,6,84,0.0,0.0,0.0,0.0,1.0002
2025-02-09,6,85,0.0,0.0,0.0,0.0,0.9978
2025-02-09,6,86,0.0,0.0,0.0,0.0,1.0271
2025-02-09,6,87,0.0,0.0,0.0,0.0,1.0906
2025-02-09,6,88,540.1379204418507,540.1379204418507,0.0,0.0,0.9376
2025-02-09,6,89,1450.491955942156,1450.491955942156,0.0,0.0,0.6694
2025-02-09,6,90,1486.886903203851,1486.886903203851,0.0,0.0,0.66
2025-02-09,6,91,524.7184931243146,524.7184931243146,0.0,0.0,0.7217
2025-02-09,6,92,1569.0488083557786,1569.0488083557786,0.0,0.0,0.7308
2025-02-09,6,93,644.3527737133498,669.7578042689054,25.405030555555527,0.0,0.7534
2025-02-09,6,94,711.851744600098,729.8123017022607,17.96055710216274,0.0,0.7823
2025-02-09,6,95,779.9031827146109,779.9031827146109,0.0,0.0,0.8055
2025-02-09,6,96,830.3662002206985,830.3662002206985,0.0,0.0,0.8271
2025-02-09,6,97,913.1449541957818,913.1449541957818,0.0,0.0,0.8519
2025-02-09,6,98,948.6874577908848,948.6874577908848,0.0,0.0,0.8791
2025-02-09,6,99,987.40549376138,987.40549376138,0.0,0.0,0.9024
2025-02-09,6,100,1023.8734597359999,1023.8734597359999,0.0,0.0,0.9163
2025-02-09,6,101,1112.5143329419407,1112.5143329419407,0.0,0.0,0.9264
2025-02-09,6,102,1102.3258231281934,1102.3258231281934,0.0,0.0,0.9462
2025-02-09,6,103,1099.5052802505727,1099.5052802505727,0.0,0.0,0.9742
2025-02-09,6,104,1155.8906989021796,1155.8906989021796,0.0,0.0,0.9862
2025-02-09,6,105,1172.147397648961,1172.147397648961,0.0,0.0,0.976
2025-02-09,6,106,1024.8727461468234,1024.8727461468234,0.0,0.0,1.0742
2025-02-09,6,107,789.2822476028974,789.2822476028974,0.0,0.0,1.2313
2025-02-09,6,108,748.7486426861823,748.7486426861823,0.0,0.0,1.2561
2025-02-09,6,109,824.812699783169,824.812699783169,0.0,0.0,1.2447
2025-02-09,6,110,820.7561364284305,820.7561364284305,0.0,0.0,1.2545
2025-02-09,6,111,835.7680408208383,835.7680408208383,0.0,0.0,1.2522
2025-02-09,6,112,770.6192973014277,770.6192973014277,0.0,0.0,1.2881
2025-02-09,6,113,0.0,0.0,0.0,0.0,1.3466
2025-02-09,6,114,0.0,0.0,0.0,0.0,1.3523
2025-02-09,6,115,0.0,0.0,0.0,0.0,1.3445
2025-02-09,6,116,0.0,0.0,0.0,0.0,1.3483
2025-02-09,6,117,0.0,0.0,0.0,0.0,1.349
2025-02-09,6,118,0.0,0.0,0.0,0.0,1.3473
2025-02-09,6,119,0.0,0.0,0.0,0.0,1.3482
2025-02-09,6,120,0.0,0.0,0.0,0.0,1.3513
2025-02-09,6,121,237.65500618661258,237.65500618661258,0.0,0.0,1.34
2025-02-09,6,122,0.0,0.0,0.0,0.0,1.3489
2025-02-09,6,123,0.0,0.0,0.0,0.0,1.3952
2025-02-09,6,124,812.6079035252856,812.6079035252856,0.0,0.0,1.2226
2025-02-09,6,125,783.590528992434,783.590528992434,0.0,0.0,0.9332
2025-02-09,6,126,773.8758190335972,773.8758190335972,0.0,0.0,0.9068
2025-02-09,6,127,795.4762421382416,795.4762421382416,0.0,0.0,0.9371
2025-02-09,6,128,784.5522189423012,784.5522189423012,0.0,0.0,0.9371
2025-02-09,6,129,778.5470652109979,778.5470652109979,0.0,0.0,0.9871
2025-02-09,6,130,725.342636646412,725.342636646412,0.0,0.0,0.7764
2025-02-09,6,131,629.7039307582207,629.7039307582207,0.0,0.0,0.4209
2025-02-09,6,132,601.8484498766271,601.8484498766271,0.0,0.0,0.3859
2025-02-09,6,133,598.7158654757302,598.7158654757302,0.0,0.0,0.4368
2025-02-09,6,134,608.1053297235673,608.1053297235673,0.0,0.0,0.4198
2025-02-09,6,135,604.6342671936903,604.6342671936903,0.0,0.0,0.4186
2025-02-09,6,136,610.8663242872761,610.8663242872761,0.0,0.0,0.4241
2025-02-09,6,137,620.522306240181,620.522306240181,0.0,0.0,0.4237
2025-02-09,6,138,644.4677223547433,644.4677223547433,0.0,0.0,0.4248
2025-02-09,6,139,625.9270632381039,625.9270632381039,0.0,0.0,0.424
2025-02-09,6,140,599.1293536913753,599.1293536913753,0.0,0.0,0.422
2025-02-09,6,141,595.2926562385736,595.2926562385736,0.0,0.0,0.424
2025-02-09,6,142,599.048774808287,599.048774808287,0.0,0.0,0.4271
2025-02-09,6,143,663.9121629596868,663.9121629596868,0.0,0.0,0.4276
2025-02-09,12,72,1157.1824708088975,571.3811143196285,0.0,585.801356489269,0.4411
2025-02-09,12,73,1127.195565662467,284.6511489958002,0.0,842.5444166666668,0.4551
2025-02-09,12,74,1036.1507691184418,229.99211911844168,0.0,806.1586500000001,0.4463
2025-02-09,12,75,1004.3817793070036,1004.3817793070036,0.0,0.0,0.4113
2025-02-09,12,76,1033.0948894442254,159.83570309850722,0.0,873.2591863457181,0.5682
2025-02-09,12,77,248.7785374847784,248.00457868490093,0.0,0.7739587998774766,0.8279
2025-02-09,12,78,242.861172318722,242.861172318722,0.0,0.0,0.8636
2025-02-09,12,79,219.62864414199552,219.62864414199552,0.0,0.0,0.8416
2025-02-09,12,80,230.55580512368851,230.55580512368851,0.0,0.0,0.8618
2025-02-09,12,81,334.5825042825248,334.5825042825248,0.0,0.0,0.8623
2025-02-09,12,82,371.3483562667848,315.3645536480215,0.0,55.983802618763264,0.9026
2025-02-09,12,83,383.5302130476624,383.5302130476624,0.0,0.0,0.9754
2025-02-09,12,84,0.0,0.0,0.0,0.0,1.0002
2025-02-09,12,85,0.0,0.0,0.0,0.0,0.9978
2025-02-09,12,86,0.0,0.0,0.0,0.0,1.0271
2025-02-09,12,87,0.0,0.0,0.0,0.0,1.0906
2025-02-09,12,88,540.1379204418507,540.1379204418507,0.0,0.0,0.9376
2025-02-09,12,89,1450.491955942156,1450.491955942156,0.0,0.0,0.6694
2025-02-09,12,90,1486.886903203851,1486.886903203851,0.0,0.0,0.66
2025-02-09,12,91,524.7184931243146,524.7184931243146,0.0,0.0,0.7217
2025-02-09,12,92,1569.0488083557786,1569.0488083557786,0.0,0.0,0.7308
2025-02-09,12,93,669.7578042689054,669.7578042689054,0.0,0.0,0.7534
2025-02-09,12,94,729.8123017022607,729.0531017022607,0.0,0.7591999999999643,0.7823
2025-02-09,12,95,779.9031827146109,779.9031827146109,0.0,0.0,0.8055
2025-02-09,12,96,830.3662002206985,830.3662002206985,0.0,0.0,0.8271
2025-02-09,12,97,913.1449541957818,913.1449541957818,0.0,0.0,0.8519
2025-02-09,12,98,948.6874577908848,948.6874577908848,0.0,0.0,0.8791
2025-02-09,12,99,987.40549376138,987.40549376138,0.0,0.0,0.9024
2025-02-09,12,100,1023.8734597359999,1023.8734597359999,0.0,0.0,0.9163
2025-02-09,12,101,1112.5143329419407,1112.5143329419407,0.0,0.0,0.9264
2025-02-09,12,102,1102.3258231281934,1102.3258231281934,0.0,0.0,0.9462
2025-02-09,12,103,1099.5052802505727,1099.5052802505727,0.0,0.0,0.9742
2025-02-09,12,104,1155.8906989021796,1155.8906989021796,0.0,0.0,0.9862
2025-02-09,12,105,1172.147397648961,1172.147397648961,0.0,0.0,0.976
2025-02-09,12,106,1024.8727461468234,1024.8727461468234,0.0,0.0,1.0742
2025-02-09,12,107,789.2822476028974,789.2822476028974,0.0,0.0,1.2313
2025-02-09,12,108,748.7486426861823,748.7486426861823,0.0,0.0,1.2561
2025-02-09,12,109,824.812699783169,824.812699783169,0.0,0.0,1.2447
2025-02-09,12,110,820.7561364284305,820.7561364284305,0.0,0.0,1.2545
2025-02-09,12,111,835.7680408208383,835.7680408208383,0.0,0.0,1.2522
2025-02-09,12,112,770.6192973014277,770.6192973014277,0.0,0.0,1.2881
2025-02-09,12,113,0.0,0.0,0.0,0.0,1.3466
2025-02-09,12,114,0.0,0.0,0.0,0.0,1.3523
2025-02-09,12,115,0.0,0.0,0.0,0.0,1.3445
2025-02-09,12,116,0.0,0.0,0.0,0.0,1.3483
2025-02-09,12,117,0.0,0.0,0.0,0.0,1.349
2025-02-09,12,118,0.0,0.0,0.0,0.0,1.3473
2025-02-09,12,119,0.0,0.0,0.0,0.0,1.3482
2025-02-09,12,120,0.0,0.0,0.0,0.0,1.3513
2025-02-09,12,121,237.65500618661258,237.65500618661258,0.0,0.0,1.34
2025-02-09,12,122,0.0,0.0,0.0,0.0,1.3489
2025-02-09,12,123,0.0,0.0,0.0,0.0,1.3952
2025-02-09,12,124,812.6079035252856,812.6079035252856,0.0,0.0,1.2226
2025-02-09,12,125,783.590528992434,783.590528992434,0.0,0.0,0.9332
2025-02-09,12,126,773.8758190335972,773.8758190335972,0.0,0.0,0.9068
2025-02-09,12,127,795.4762421382416,795.4762421382416,0.0,0.0,0.9371
2025-02-09,12,128,784.5522189423012,784.5522189423012,0.0,0.0,0.9371
2025-02-09,12,129,778.5470652109979,778.5470652109979,0.0,0.0,0.9871
2025-02-09,12,130,725.342636646412,725.342636646412,0.0,0.0,0.7764
2025-02-09,12,131,629.7039307582207,629.7039307582207,0.0,0.0,0.4209
2025-02-09,12,132,601.8484498766271,601.8484498766271,0.0,0.0,0.3859
2025-02-09,12,133,598.7158654757302,598.7158654757302,0.0,0.0,0.4368
2025-02-09,12,134,608.1053297235673,608.1053297235673,0.0,0.0,0.4198
2025-02-09,12,135,604.6342671936903,604.6342671936903,0.0,0.0,0.4186
2025-02-09,12,136,610.8663242872761,610.8663242872761,0.0,0.0,0.4241
2025-02-09,12,137,620.522306240181,620.522306240181,0.0,0.0,0.4237
2025-02-09,12,138,644.4677223547433,644.4677223547433,0.0,0.0,0.4248
2025-02-09,12,139,625.9270632381039,625.9270632381039,0.0,0.0,0.424
2025-02-09,12,140,599.1293536913753,599.1293536913753,0.0,0.0,0.422
2025-02-09,12,141,595.2926562385736,595.2926562385736,0.0,0.0,0.424
2025-02-09,12,142,599.048774808287,599.048774808287,0.0,0.0,0.4271
2025-02-09,12,143,663.9121629596868,663.9121629596868,0.0,0.0,0.4276
2025-02-09,18,108,748.7486426861823,748.7486426861823,0.0,0.0,1.2561
2025-02-09,18,109,824.812699783169,824.812699783169,0.0,0.0,1.2447
2025-02-09,18,110,820.7561364284305,820.7561364284305,0.0,0.0,1.2545
2025-02-09,18,111,835.7680408208383,835.7680408208383,0.0,0.0,1.2522
2025-02-09,18,112,770.6192973014277,770.6192973014277,0.0,0.0,1.2881
2025-02-09,18,113,0.0,0.0,0.0,0.0,1.3466
2025-02-09,18,114,0.0,0.0,0.0,0.0,1.3523
2025-02-09,18,115,0.0,0.0,0.0,0.0,1.3445
2025-02-09,18,116,0.0,0.0,0.0,0.0,1.3483
2025-02-09,18,117,0.0,0.0,0.0,0.0,1.349
2025-02-09,18,118,0.0,0.0,0.0,0.0,1.3473
2025-02-09,18,119,0.0,0.0,0.0,0.0,1.3482
2025-02-09,18,120,0.0,0.0,0.0,0.0,1.3513
2025-02-09,18,121,237.65500618661258,237.65500618661258,0.0,0.0,1.34
2025-02-09,18,122,0.0,0.0,0.0,0.0,1.3489
2025-02-09,18,123,0.0,0.0,0.0,0.0,1.3952
2025-02-09,18,124,812.6079035252856,812.6079035252856,0.0,0.0,1.2226
2025-02-09,18,125,783.590528992434,783.590528992434,0.0,0.0,0.9332
2025-02-09,18,126,773.8758190335972,773.8758190335972,0.0,0.0,0.9068
2025-02-09,18,127,795.4762421382416,795.4762421382416,0.0,0.0,0.9371
2025-02-09,18,128,784.5522189423012,784.5522189423012,0.0,0.0,0.9371
2025-02-09,18,129,778.5470652109979,778.5470652109979,0.0,0.0,0.9871
2025-02-09,18,130,725.342636646412,725.342636646412,0.0,0.0,0.7764
2025-02-09,18,131,629.7039307582207,629.7039307582207,0.0,0.0,0.4209
2025-02-09,18,132,601.8484498766271,601.8484498766271,0.0,0.0,0.3859
2025-02-09,18,133,598.7158654757302,598.7158654757302,0.0,0.0,0.4368
2025-02-09,18,134,608.1053297235673,608.1053297235673,0.0,0.0,0.4198
2025-02-09,18,135,604.6342671936903,604.6342671936903,0.0,0.0,0.4186
2025-02-09,18,136,610.8663242872761,610.8663242872761,0.0,0.0,0.4241
2025-02-09,18,137,620.522306240181,620.522306240181,0.0,0.0,0.4237
2025-02-09,18,138,644.4677223547433,644.4677223547433,0.0,0.0,0.4248
2025-02-09,18,139,625.9270632381039,625.9270632381039,0.0,0.0,0.424
2025-02-09,18,140,599.1293536913753,599.1293536913753,0.0,0.0,0.422
2025-02-09,18,141,595.2926562385736,595.2926562385736,0.0,0.0,0.424
2025-02-09,18,142,599.048774808287,599.048774808287,0.0,0.0,0.4271
2025-02-09,18,143,663.9121629596868,663.9121629596868,0.0,0.0,0.4276
2025-02-10,6,36,49.01666233320566,49.01666233320566,0.0,0.0,0.9368
2025-02-10,6,37,886.6671291763923,566.9790553946038,0.0,319.6880737817885,0.8758
2025-02-10,6,38,887.067906766786,75.02901666350226,0.0,812.0388901032837,0.8759
2025-02-10,6,39,875.0608123277839,875.0608123277839,0.0,0.0,0.8601
2025-02-10,6,40,829.9623659428348,829.9623659428348,0.0,0.0,0.8442
2025-02-10,6,41,787.0683221117448,787.0683221117448,0.0,0.0,0.8334
2025-02-10,6,42,775.0908062265817,775.0908062265817,0.0,0.0,0.8092
2025-02-10,6,43,754.8220811355628,749.8938432801555,0.0,4.92823785540736,0.7972
2025-02-10,6,44,646.6723373601361,646.6723373601361,0.0,0.0,0.7644
2025-02-10,6,45,1456.9535632720608,1456.6303188276163,0.0,0.3232444444445264,0.6899
2025-02-10,6,46,645.6824619317227,641.633505877675,0.0,4.048956054047721,0.86
2025-02-10,6,47,0.0,0.0,0.0,0.0,1.1617
2025-02-10,6,48,0.0,0.0,0.0,0.0,1.1683
2025-02-10,6,49,0.0,0.0,0.0,0.0,1.0956
2025-02-10,6,50,0.0,0.0,0.0,0.0,1.0849
2025-02-10,6,51,0.0,0.0,0.0,0.0,1.061
2025-02-10,6,52,0.0,0.0,0.0,0.0,1.043
2025-02-10,6,53,0.0,0.0,0.0,0.0,1.036
2025-02-10,6,54,0.0,0.0,0.0,0.0,1.0147
2025-02-10,6,55,0.0,0.0,0.0,0.0,0.9922
2025-02-10,6,56,0.0,0.0,0.0,0.0,0.97
2025-02-10,6,57,0.0,0.0,0.0,0.0,0.9422
2025-02-10,6,58,0.0,0.0,0.0,0.0,0.9569
2025-02-10,6,59,0.0,0.0,0.0,0.0,0.9977
2025-02-10,6,60,0.0,0.0,0.0,0.0,0.9919
2025-02-10,6,61,0.0,0.0,0.0,0.0,0.9588
2025-02-10,6,62,0.0,0.0,0.0,0.0,0.9549
2025-02-10,6,63,0.0,0.0,0.0,0.0,0.9839
2025-02-10,6,64,115.25822945293719,5.7670544529372165,0.0,109.49117499999997,0.799
2025-02-10,6,65,966.7294832718737,789.0759805941902,0.0,177.6535026776835,0.5025
2025-02-10,6,66,939.3818194396249,769.629590761353,0.0,169.75222867827188,0.4662
2025-02-10,6,67,907.2922788333203,782.9371496666536,0.0,124.35512916666676,0.5007
2025-02-10,6,68,942.9661621284008,796.6117135172897,0.0,146.35444861111114,0.4827
2025-02-10,6,69,971.2843717801939,752.1452772202834,0.0,219.1390945599104,0.4785
2025-02-10,6,70,911.1642665820661,658.3106041948737,0.0,252.85366238719246,0.4662
2025-02-10,6,71,835.2633880641445,556.5935616151459,0.0,278.6698264489986,0.4432
2025-02-10,6,72,878.0465169325919,546.55004535866,0.0,331.4964715739319,0.4411
2025-02-10,6,73,871.8802734592639,574.6947375774342,0.0,297.18553588182965,0.4551
2025-02-10,6,74,822.3623745579082,570.4623287245748,0.0,251.90004583333337,0.4463
2025-02-10,6,75,854.0733350040114,590.7540975040114,0.0,263.3192375,0.4113
2025-02-10,6,76,930.8734704654188,656.135041298752,0.0,274.73842916666683,0.5682
2025-02-10,6,77,69.65441260562572,0.0,0.0,69.65441260562572,0.8279
2025-02-10,6,78,111.62968851194228,0.0,0.0,111.62968851194228,0.8636
2025-02-10,6,79,132.76696715664957,0.0,0.0,132.76696715664957,0.8416
2025-02-10,6,80,186.64666379547967,0.0,0.0,186.64666379547967,0.8618
2025-02-10,6,81,206.8223870723206,0.0,0.0,206.8223870723206,0.8623
2025-02-10,6,82,152.2249827761898,0.0,0.0,152.2249827761898,0.9026
2025-02-10,6,83,0.0,0.0,0.0,0.0,0.9754
2025-02-10,6,84,0.0,0.0,0.0,0.0,1.0002
2025-02-10,6,85,0.0,0.0,0.0,0.0,0.9978
2025-02-10,6,86,0.0,0.0,0.0,0.0,1.0271
2025-02-10,6,87,0.0,0.0,0.0,0.0,1.0906
2025-02-10,6,88,0.0,0.0,0.0,0.0,0.9376
2025-02-10,6,89,1364.9749876409883,283.36502195748153,0.0,1081.6099656835067,0.6694
2025-02-10,6,90,1351.3347712580403,1146.9570034907138,0.0,204.37776776732653,0.66
2025-02-10,6,91,1373.1680615406485,364.4065579345247,0.0,1008.7615036061238,0.7217
2025-02-10,6,92,1412.9429207519634,371.7635701807076,0.0,1041.1793505712558,0.7308
2025-02-10,6,93,607.1086756333345,475.76229305734415,0.0,131.3463825759904,0.7534
2025-02-10,6,94,684.0320133395013,557.0866392957859,0.0,126.94537404371545,0.7823
2025-02-10,6,95,708.5505699142504,607.0581811591637,0.0,101.49238875508672,0.8055
2025-02-10,6,96,776.3926118096133,661.5180587191204,0.0,114.8745530904929,0.8271
2025-02-10,6,97,798.1834838246813,755.6313779799921,0.0,42.55210584468921,0.8519
2025-02-10,6,98,823.2502090315966,781.3919575957556,0.0,41.858251435841,0.8791
2025-02-10,6,99,858.9659166345915,837.8638752467322,0.0,21.102041387859344,0.9024
2025-02-10,6,100,895.9268244854251,887.3402820133484,0.0,8.586542472076644,0.9163
2025-02-10,6,101,932.0923590575536,924.5707979018174,0.0,7.521561155736208,0.9264
2025-02-10,6,102,970.7476836306201,970.7476836306201,0.0,0.0,0.9462
2025-02-10,6,103,1010.033586720641,1010.033586720641,0.0,0.0,0.9742
2025-02-10,6,104,1016.6780767988312,1016.6780767988312,0.0,0.0,0.9862
2025-02-10,6,105,1044.2995937415092,1043.0944588311188,0.0,1.2051349103903704,0.976
2025-02-10,6,106,923.7815012646485,919.7186887646485,0.0,4.06281249999995,1.0742
2025-02-10,6,107,735.9178391471759,735.9178391471759,0.0,0.0,1.2313
2025-02-10,6,108,711.4516750644326,711.4516750644326,0.0,0.0,1.2561
2025-02-10,6,109,751.4795729352967,751.4795729352967,0.0,0.0,1.2447
2025-02-10,6,110,745.4165390889125,745.4165390889125,0.0,0.0,1.2545
2025-02-10,6,111,732.6307089283855,732.6307089283855,0.0,0.0,1.2522
2025-02-10,6,112,151.75309315408776,151.75309315408776,0.0,0.0,1.2881
2025-02-10,6,113,0.0,0.0,0.0,0.0,1.3466
2025-02-10,6,114,0.0,0.0,0.0,0.0,1.3523
2025-02-10,6,115,0.0,0.0,0.0,0.0,1.3445
2025-02-10,6,116,0.0,0.0,0.0,0.0,1.3483
2025-02-10,6,117,0.0,0.0,0.0,0.0,1.349
2025-02-10,6,118,0.0,0.0,0.0,0.0,1.3473
2025-02-10,6,119,0.0,0.0,0.0,0.0,1.3482
2025-02-10,6,120,0.0,0.0,0.0,0.0,1.3513
2025-02-10,6,121,0.0,0.0,0.0,0.0,1.34
2025-02-10,6,122,0.0,0.0,0.0,0.0,1.3489
2025-02-10,6,123,0.0,0.0,0.0,0.0,1.3952
2025-02-10,6,124,712.5381796420398,712.5381796420398,0.0,0.0,1.2226
2025-02-10,6,125,705.8100307956615,705.8100307956615,0.0,0.0,0.9332
2025-02-10,6,126,729.8332500658843,729.8332500658843,0.0,0.0,0.9068
2025-02-10,6,127,732.9680817229474,732.9680817229474,0.0,0.0,0.9371
2025-02-10,6,128,721.9138284466981,721.9138284466981,0.0,0.0,0.9371
2025-02-10,6,129,756.9545221014658,756.9545221014658,0.0,0.0,0.9871
2025-02-10,6,130,691.5155847978936,691.5155847978936,0.0,0.0,0.7764
2025-02-10,6,131,566.2217863900136,566.2217863900136,0.0,0.0,0.4209
2025-02-10,6,132,539.2387536909592,539.2387536909592,0.0,0.0,0.3859
2025-02-10,6,133,564.4293521559124,564.4293521559124,0.0,0.0,0.4368
2025-02-10,6,134,568.2817450591864,568.2817450591864,0.0,0.0,0.4198
2025-02-10,6,135,582.1788801009886,582.1788801009886,0.0,0.0,0.4186
2025-02-10,6,136,581.9413149677843,581.9413149677843,0.0,0.0,0.4241
2025-02-10,6,137,567.0563539523165,567.0563539523165,0.0,0.0,0.4237
2025-02-10,6,138,571.8090545428327,571.8090545428327,0.0,0.0,0.4248
2025-02-10,6,139,587.3658333229063,587.3658333229063,0.0,0.0,0.424
2025-02-10,6,140,537.2577977428153,537.2577977428153,0.0,0.0,0.422
2025-02-10,6,141,548.9336086188982,548.9336086188982,0.0,0.0,0.424
2025-02-10,6,142,575.5568550936287,575.5568550936287,0.0,0.0,0.4271
2025-02-10,6,143,590.856375473626,590.856375473626,0.0,0.0,0.4276
2025-02-10,12,72,546.55004535866,691.3644070885184,144.81436172985843,0.0,0.4411
2025-02-10,12,73,574.6947375774342,690.4133223873602,115.71858480992591,0.0,0.4551
2025-02-10,12,74,570.4623287245748,710.5026198933923,140.04029116881748,0.0,0.4463
2025-02-10,12,75,590.7540975040114,727.7780630319461,137.0239655279347,0.0,0.4113
2025-02-10,12,76,656.135041298752,656.135041298752,0.0,0.0,0.5682
2025-02-10,12,77,0.0,0.0,0.0,0.0,0.8279
2025-02-10,12,78,0.0,0.0,0.0,0.0,0.8636
2025-02-10,12,79,0.0,0.0,0.0,0.0,0.8416
2025-02-10,12,80,0.0,76.68100637069544,76.68100637069544,0.0,0.8618
2025-02-10,12,81,0.0,97.95390344373209,97.95390344373209,0.0,0.8623
2025-02-10,12,82,0.0,92.04055253678204,92.04055253678204,0.0,0.9026
2025-02-10,12,83,0.0,0.0,0.0,0.0,0.9754
2025-02-10,12,84,0.0,0.0,0.0,0.0,1.0002
2025-02-10,12,85,0.0,0.0,0.0,0.0,0.9978
2025-02-10,12,86,0.0,0.0,0.0,0.0,1.0271
2025-02-10,12,87,0.0,0.0,0.0,0.0,1.0906
2025-02-10,12,88,0.0,95.47689575736823,95.47689575736823,0.0,0.9376
2025-02-10,12,89,283.36502195748153,1255.3122612520992,971.9472392946177,0.0,0.6694
2025-02-10,12,90,1146.9570034907138,1288.0482439507132,141.09124045999943,0.0,0.66
2025-02-10,12,91,364.4065579345247,457.0616561529844,92.65509821845973,0.0,0.7217
2025-02-10,12,92,371.7635701807076,479.0551751156925,107.29160493498495,0.0,0.7308
2025-02-10,12,93,475.76229305734415,543.426110409126,67.6638173517818,0.0,0.7534
2025-02-10,12,94,557.0866392957859,607.9275483119258,50.8409090161399,0.0,0.7823
2025-02-10,12,95,607.0581811591637,647.8906329170026,40.83245175783884,0.0,0.8055
2025-02-10,12,96,661.5180587191204,723.8277059768288,62.309647257708434,0.0,0.8271
2025-02-10,12,97,755.6313779799921,777.4168991319481,21.785521151956004,0.0,0.8519
2025-02-10,12,98,781.3919575957556,813.7347853735332,32.34282777777764,0.0,0.8791
2025-02-10,12,99,837.8638752467322,858.3570127467323,20.493137500000103,0.0,0.9024
2025-02-10,12,100,887.3402820133484,892.939620697938,5.599338684589611,0.0,0.9163
2025-02-10,12,101,924.5707979018174,924.5707979018174,0.0,0.0,0.9264
2025-02-10,12,102,970.7476836306201,969.2630808375469,0.0,1.4846027930732362,0.9462
2025-02-10,12,103,1010.033586720641,1001.5350987184867,0.0,8.498488002154318,0.9742
2025-02-10,12,104,1016.6780767988312,1016.6780767988312,0.0,0.0,0.9862
2025-02-10,12,105,1043.0944588311188,1043.0944588311188,0.0,0.0,0.976
2025-02-10,12,106,919.7186887646485,919.7186887646485,0.0,0.0,1.0742
2025-02-10,12,107,735.9178391471759,735.9178391471759,0.0,0.0,1.2313
2025-02-10,12,108,711.4516750644326,711.4516750644326,0.0,0.0,1.2561
2025-02-10,12,109,751.4795729352967,751.4795729352967,0.0,0.0,1.2447
2025-02-10,12,110,745.4165390889125,745.4165390889125,0.0,0.0,1.2545
2025-02-10,12,111,732.6307089283855,732.6307089283855,0.0,0.0,1.2522
2025-02-10,12,112,151.75309315408776,151.75309315408776,0.0,0.0,1.2881
2025-02-10,12,113,0.0,0.0,0.0,0.0,1.3466
2025-02-10,12,114,0.0,0.0,0.0,0.0,1.3523
2025-02-10,12,115,0.0,0.0,0.0,0.0,1.3445
2025-02-10,12,116,0.0,0.0,0.0,0.0,1.3483
2025-02-10,12,117,0.0,0.0,0.0,0.0,1.349
2025-02-10,12,118,0.0,0.0,0.0,0.0,1.3473
2025-02-10,12,119,0.0,0.0,0.0,0.0,1.3482
2025-02-10,12,120,0.0,0.0,0.0,0.0,1.3513
2025-02-10,12,121,0.0,0.0,0.0,0.0,1.34
2025-02-10,12,122,0.0,0.0,0.0,0.0,1.3489
2025-02-10,12,123,0.0,0.0,0.0,0.0,1.3952
2025-02-10,12,124,712.5381796420398,712.5381796420398,0.0,0.0,1.2226
2025-02-10,12,125,705.8100307956615,705.8100307956615,0.0,0.0,0.9332
2025-02-10,12,126,729.8332500658843,729.8332500658843,0.0,0.0,0.9068
2025-02-10,12,127,732.9680817229474,732.9680817229474,0.0,0.0,0.9371
2025-02-10,12,128,721.9138284466981,721.9138284466981,0.0,0.0,0.9371
2025-02-10,12,129,756.9545221014658,756.9545221014658,0.0,0.0,0.9871
2025-02-10,12,130,691.5155847978936,691.5155847978936,0.0,0.0,0.7764
2025-02-10,12,131,566.2217863900136,566.2217863900136,0.0,0.0,0.4209
2025-02-10,12,132,539.2387536909592,539.2387536909592,0.0,0.0,0.3859
2025-02-10,12,133,564.4293521559124,564.4293521559124,0.0,0.0,0.4368
2025-02-10,12,134,568.2817450591864,568.2817450591864,0.0,0.0,0.4198
2025-02-10,12,135,582.1788801009886,582.1788801009886,0.0,0.0,0.4186
2025-02-10,12,136,581.9413149677843,581.9413149677843,0.0,0.0,0.4241
2025-02-10,12,137,567.0563539523165,567.0563539523165,0.0,0.0,0.4237
2025-02-10,12,138,571.8090545428327,571.8090545428327,0.0,0.0,0.4248
2025-02-10,12,139,587.3658333229063,587.3658333229063,0.0,0.0,0.424
2025-02-10,12,140,537.2577977428153,537.2577977428153,0.0,0.0,0.422
2025-02-10,12,141,548.9336086188982,548.9336086188982,0.0,0.0,0.424
2025-02-10,12,142,575.5568550936287,575.5568550936287,0.0,0.0,0.4271
2025-02-10,12,143,590.856375473626,590.856375473626,0.0,0.0,0.4276
2025-02-10,18,108,711.4516750644326,711.4516750644326,0.0,0.0,1.2561
2025-02-10,18,109,751.4795729352967,751.4795729352967,0.0,0.0,1.2447
2025-02-10,18,110,745.4165390889125,745.4165390889125,0.0,0.0,1.2545
2025-02-10,18,111,732.6307089283855,732.6307089283855,0.0,0.0,1.2522
2025-02-10,18,112,151.75309315408776,151.75309315408776,0.0,0.0,1.2881
2025-02-10,18,113,0.0,0.0,0.0,0.0,1.3466
2025-02-10,18,114,0.0,0.0,0.0,0.0,1.3523
2025-02-10,18,115,0.0,0.0,0.0,0.0,1.3445
2025-02-10,18,116,0.0,0.0,0.0,0.0,1.3483
2025-02-10,18,117,0.0,0.0,0.0,0.0,1.349
2025-02-10,18,118,0.0,0.0,0.0,0.0,1.3473
2025-02-10,18,119,0.0,0.0,0.0,0.0,1.3482
2025-02-10,18,120,0.0,0.0,0.0,0.0,1.3513
2025-02-10,18,121,0.0,0.0,0.0,0.0,1.34
2025-02-10,18,122,0.0,0.0,0.0,0.0,1.3489
2025-02-10,18,123,0.0,0.0,0.0,0.0,1.3952
2025-02-10,18,124,712.5381796420398,712.5381796420398,0.0,0.0,1.2226
2025-02-10,18,125,705.8100307956615,705.8100307956615,0.0,0.0,0.9332
2025-02-10,18,126,729.8332500658843,729.8332500658843,0.0,0.0,0.9068
2025-02-10,18,127,732.9680817229474,732.9680817229474,0.0,0.0,0.9371
2025-02-10,18,128,721.9138284466981,721.9138284466981,0.0,0.0,0.9371
2025-02-10,18,129,756.9545221014658,756.9545221014658,0.0,0.0,0.9871
2025-02-10,18,130,691.5155847978936,691.5155847978936,0.0,0.0,0.7764
2025-02-10,18,131,566.2217863900136,566.2217863900136,0.0,0.0,0.4209
2025-02-10,18,132,539.2387536909592,539.2387536909592,0.0,0.0,0.3859
2025-02-10,18,133,564.4293521559124,564.4293521559124,0.0,0.0,0.4368
2025-02-10,18,134,568.2817450591864,568.2817450591864,0.0,0.0,0.4198
2025-02-10,18,135,582.1788801009886,582.1788801009886,0.0,0.0,0.4186
2025-02-10,18,136,581.9413149677843,581.9413149677843,0.0,0.0,0.4241
2025-02-10,18,137,567.0563539523165,567.0563539523165,0.0,0.0,0.4237
2025-02-10,18,138,571.8090545428327,571.8090545428327,0.0,0.0,0.4248
2025-02-10,18,139,587.3658333229063,587.3658333229063,0.0,0.0,0.424
2025-02-10,18,140,537.2577977428153,537.2577977428153,0.0,0.0,0.422
2025-02-10,18,141,548.9336086188982,548.9336086188982,0.0,0.0,0.424
2025-02-10,18,142,575.5568550936287,575.5568550936287,0.0,0.0,0.4271
2025-02-10,18,143,590.856375473626,590.856375473626,0.0,0.0,0.4276
2025-02-11,6,36,50.093280847018946,50.093280847018946,0.0,0.0,0.9368
2025-02-11,6,37,860.0471715131665,860.0471715131665,0.0,0.0,0.8758
2025-02-11,6,38,427.9837138240624,427.9837138240624,0.0,0.0,0.8759
2025-02-11,6,39,856.101431398058,856.101431398058,0.0,0.0,0.8601
2025-02-11,6,40,816.9207070366396,816.9207070366396,0.0,0.0,0.8442
2025-02-11,6,41,759.9069326935406,759.9069326935406,0.0,0.0,0.8334
2025-02-11,6,42,743.6591956566504,743.293126212206,0.0,0.36606944444440614,0.8092
2025-02-11,6,43,721.5702311540103,717.4038811540104,0.0,4.166349999999966,0.7972
2025-02-11,6,44,612.829252126744,612.829252126744,0.0,0.0,0.7644
2025-02-11,6,45,1414.2308947663064,1414.2308947663064,0.0,0.0,0.6899
2025-02-11,6,46,627.2245776762056,627.2245776762056,0.0,0.0,0.86
2025-02-11,6,47,0.0,0.0,0.0,0.0,1.1617
2025-02-11,6,48,0.0,0.0,0.0,0.0,1.1683
2025-02-11,6,49,0.0,0.0,0.0,0.0,1.0956
2025-02-11,6,50,0.0,0.0,0.0,0.0,1.0849
2025-02-11,6,51,0.0,0.0,0.0,0.0,1.061
2025-02-11,6,52,0.0,0.0,0.0,0.0,1.043
2025-02-11,6,53,0.0,0.0,0.0,0.0,1.036
2025-02-11,6,54,0.0,0.0,0.0,0.0,1.0147
2025-02-11,6,55,0.0,0.0,0.0,0.0,0.9922
2025-02-11,6,56,0.0,0.0,0.0,0.0,0.97
2025-02-11,6,57,0.0,0.0,0.0,0.0,0.9422
2025-02-11,6,58,0.0,0.0,0.0,0.0,0.9569
2025-02-11,6,59,0.0,0.0,0.0,0.0,0.9977
2025-02-11,6,60,0.0,0.0,0.0,0.0,0.9919
2025-02-11,6,61,0.0,0.0,0.0,0.0,0.9588
2025-02-11,6,62,0.0,0.0,0.0,0.0,0.9549
2025-02-11,6,63,0.0,0.0,0.0,0.0,0.9839
2025-02-11,6,64,18.58074173785417,18.58074173785417,0.0,0.0,0.799
2025-02-11,6,65,872.5900749392765,848.9880166674027,0.0,23.60205827187383,0.5025
2025-02-11,6,66,862.253659146638,839.4931758181244,0.0,22.7604833285136,0.4662
2025-02-11,6,67,822.800122250132,801.3235854321118,0.0,21.476536818020122,0.5007
2025-02-11,6,68,798.2920701439086,798.2920701439086,0.0,0.0,0.4827
2025-02-11,6,69,847.2950219558896,782.0086328572164,0.0,65.28638909867323,0.4785
2025-02-11,6,70,807.7662371602378,797.8550622448383,0.0,9.911174915399442,0.4662
2025-02-11,6,71,756.6753571952083,756.6753571952083,0.0,0.0,0.4432
2025-02-11,6,72,804.1454499000963,795.2660593563935,0.0,8.879390543702812,0.4411
2025-02-11,6,73,815.6913281242557,775.5519838316586,0.0,40.139344292597116,0.4551
2025-02-11,6,74,799.7903131364483,777.0693368377242,0.0,22.720976298724054,0.4463
2025-02-11,6,75,788.6862356322208,788.6862356322208,0.0,0.0,0.4113
2025-02-11,6,76,882.3753498255435,861.2017034441914,0.0,21.173646381352114,0.5682
2025-02-11,6,77,122.39931928746621,0.0,0.0,122.39931928746621,0.8279
2025-02-11,6,78,175.67495281417405,0.0,0.0,175.67495281417405,0.8636
2025-02-11,6,79,221.68928306404254,0.0,0.0,221.68928306404254,0.8416
2025-02-11,6,80,254.02375977817005,21.663365184240917,0.0,232.36039459392913,0.8618
2025-02-11,6,81,252.558984727899,52.255321592573495,0.0,200.3036631353255,0.8623
2025-02-11,6,82,135.25533933424896,0.0,0.0,135.25533933424896,0.9026
2025-02-11,6,83,0.0,0.0,0.0,0.0,0.9754
2025-02-11,6,84,0.0,0.0,0.0,0.0,1.0002
2025-02-11,6,85,0.0,0.0,0.0,0.0,0.9978
2025-02-11,6,86,0.0,0.0,0.0,0.0,1.0271
2025-02-11,6,87,0.0,0.0,0.0,0.0,1.0906
2025-02-11,6,88,0.0,0.0,0.0,0.0,0.9376
2025-02-11,6,89,1440.3817988573119,1318.3153939674107,0.0,122.06640488990115,0.6694
2025-02-11,6,90,1462.6679172090119,1362.897532062083,0.0,99.7703851469289,0.66
2025-02-11,6,91,1497.6741732907522,1404.8656034167702,0.0,92.80856987398192,0.7217
2025-02-11,6,92,1541.139895126469,793.1951938347725,0.0,747.9447012916964,0.7308
2025-02-11,6,93,721.9821783963862,643.359172207496,0.0,78.62300618889014,0.7534
2025-02-11,6,94,770.7124675315209,664.9827608862619,0.0,105.72970664525906,0.7823
2025-02-11,6,95,842.3973824735871,686.825960209709,0.0,155.57142226387805,0.8055
2025-02-11,6,96,861.8913572306989,764.0746526093734,0.0,97.81670462132547,0.8271
2025-02-11,6,97,894.808862286432,816.9854867306549,0.0,77.82337555577715,0.8519
2025-02-11,6,98,909.9928245148072,837.9095008567439,0.0,72.08332365806336,0.8791
2025-02-11,6,99,930.1265153081822,890.8906390938763,0.0,39.235876214305904,0.9024
2025-02-11,6,100,955.1940097433322,927.7752508756145,0.0,27.41875886771777,0.9163
2025-02-11,6,101,978.1547361397096,941.843013698181,0.0,36.31172244152856,0.9264
2025-02-11,6,102,1019.8040422716798,987.9800475974279,0.0,31.823994674251935,0.9462
2025-02-11,6,103,1025.8765541623757,993.0706916623755,0.0,32.80586250000022,0.9742
2025-02-11,6,104,1026.3649213621181,1021.4362680990131,0.0,4.928653263105048,0.9862
2025-02-11,6,105,1056.0282385480298,1056.0282385480298,0.0,0.0,0.976
2025-02-11,6,106,928.4903224481845,917.5550349481846,0.0,10.935287499999959,1.0742
2025-02-11,6,107,743.797574954439,743.1455860655502,0.0,0.651988888888809,1.2313
2025-02-11,6,108,689.3809953270734,689.3809953270734,0.0,0.0,1.2561
2025-02-11,6,109,730.7798954800031,730.7798954800031,0.0,0.0,1.2447
2025-02-11,6,110,737.9441021016602,737.9441021016602,0.0,0.0,1.2545
2025-02-11,6,111,737.9327772821251,737.9327772821251,0.0,0.0,1.2522
2025-02-11,6,112,65.87136511397955,65.87136511397955,0.0,0.0,1.2881
2025-02-11,6,113,0.0,0.0,0.0,0.0,1.3466
2025-02-11,6,114,0.0,0.0,0.0,0.0,1.3523
2025-02-11,6,115,0.0,0.0,0.0,0.0,1.3445
2025-02-11,6,116,0.0,0.0,0.0,0.0,1.3483
2025-02-11,6,117,0.0,0.0,0.0,0.0,1.349
2025-02-11,6,118,0.0,0.0,0.0,0.0,1.3473
2025-02-11,6,119,0.0,0.0,0.0,0.0,1.3482
2025-02-11,6,120,0.0,0.0,0.0,0.0,1.3513
2025-02-11,6,121,0.0,0.0,0.0,0.0,1.34
2025-02-11,6,122,0.0,0.0,0.0,0.0,1.3489
2025-02-11,6,123,0.0,0.0,0.0,0.0,1.3952
2025-02-11,6,124,726.1575368373014,726.1575368373014,0.0,0.0,1.2226
2025-02-11,6,125,723.3801464877503,723.3801464877503,0.0,0.0,0.9332
2025-02-11,6,126,721.7207204369861,721.7207204369861,0.0,0.0,0.9068
2025-02-11,6,127,712.4548960280716,712.4548960280716,0.0,0.0,0.9371
2025-02-11,6,128,723.8699032399218,723.8699032399218,0.0,0.0,0.9371
2025-02-11,6,129,757.8346041741212,757.8346041741212,0.0,0.0,0.9871
2025-02-11,6,130,685.0311180825993,685.0311180825993,0.0,0.0,0.7764
2025-02-11,6,131,580.7705181442025,580.7705181442025,0.0,0.0,0.4209
2025-02-11,6,132,578.915830443242,578.915830443242,0.0,0.0,0.3859
2025-02-11,6,133,583.0296782589453,583.0296782589453,0.0,0.0,0.4368
2025-02-11,6,134,595.1695602739179,595.1695602739179,0.0,0.0,0.4198
2025-02-11,6,135,577.9201874771712,577.9201874771712,0.0,0.0,0.4186
2025-02-11,6,136,574.3896984135075,574.3896984135075,0.0,0.0,0.4241
2025-02-11,6,137,575.6878216285756,575.6878216285756,0.0,0.0,0.4237
2025-02-11,6,138,557.2262257975334,557.2262257975334,0.0,0.0,0.4248
2025-02-11,6,139,560.4565013210017,560.4565013210017,0.0,0.0,0.424
2025-02-11,6,140,576.5234925306688,576.5234925306688,0.0,0.0,0.422
2025-02-11,6,141,571.838145920051,571.838145920051,0.0,0.0,0.424
2025-02-11,6,142,576.6209055664862,576.6209055664862,0.0,0.0,0.4271
2025-02-11,6,143,574.8885861647933,574.8885861647933,0.0,0.0,0.4276
2025-02-11,12,72,795.2660593563935,731.4054761671341,0.0,63.86058318925939,0.4411
2025-02-11,12,73,775.5519838316586,754.9735172424262,0.0,20.57846658923245,0.4551
2025-02-11,12,74,777.0693368377242,748.6030386755609,0.0,28.466298162163298,0.4463
2025-02-11,12,75,788.6862356322208,766.9627753614467,0.0,21.723460270774126,0.4113
2025-02-11,12,76,861.2017034441914,822.622858158877,0.0,38.5788452853144,0.5682
2025-02-11,12,77,0.0,0.0,0.0,0.0,0.8279
2025-02-11,12,78,0.0,0.0,0.0,0.0,0.8636
2025-02-11,12,79,0.0,0.0,0.0,0.0,0.8416
2025-02-11,12,80,21.663365184240917,21.663365184240917,0.0,0.0,0.8618
2025-02-11,12,81,52.255321592573495,52.255321592573495,0.0,0.0,0.8623
2025-02-11,12,82,0.0,0.0,0.0,0.0,0.9026
2025-02-11,12,83,0.0,0.0,0.0,0.0,0.9754
2025-02-11,12,84,0.0,0.0,0.0,0.0,1.0002
2025-02-11,12,85,0.0,0.0,0.0,0.0,0.9978
2025-02-11,12,86,0.0,0.0,0.0,0.0,1.0271
2025-02-11,12,87,0.0,0.0,0.0,0.0,1.0906
2025-02-11,12,88,0.0,0.0,0.0,0.0,0.9376
2025-02-11,12,89,1318.3153939674107,1195.0332596599055,0.0,123.2821343075052,0.6694
2025-02-11,12,90,1362.897532062083,1249.6517843461293,0.0,113.24574771595371,0.66
2025-02-11,12,91,1404.8656034167702,544.2907948542326,0.0,860.5748085625377,0.7217
2025-02-11,12,92,793.1951938347725,452.53817094410164,0.0,340.6570228906708,0.7308
2025-02-11,12,93,643.359172207496,515.1001117297196,0.0,128.25906047777642,0.7534
2025-02-11,12,94,664.9827608862619,603.2409085153812,0.0,61.74185237088068,0.7823
2025-02-11,12,95,686.825960209709,624.1995098412689,0.0,62.626450368440146,0.8055
2025-02-11,12,96,764.0746526093734,693.4558561615862,0.0,70.61879644778719,0.8271
2025-02-11,12,97,816.9854867306549,743.5532019713477,0.0,73.43228475930721,0.8519
2025-02-11,12,98,837.9095008567439,788.7242413977436,0.0,49.185259459000235,0.8791
2025-02-11,12,99,890.8906390938763,846.3877696494316,0.0,44.50286944444474,0.9024
2025-02-11,12,100,927.7752508756145,885.0049805766657,0.0,42.77027029894873,0.9163
2025-02-11,12,101,941.843013698181,928.5762374839733,0.0,13.266776214207766,0.9264
2025-02-11,12,102,987.9800475974279,987.9800475974279,0.0,0.0,0.9462
2025-02-11,12,103,993.0706916623755,993.0706916623755,0.0,0.0,0.9742
2025-02-11,12,104,1021.4362680990131,1002.7431685843404,0.0,18.693099514672667,0.9862
2025-02-11,12,105,1056.0282385480298,1039.155557992474,0.0,16.87268055555569,0.976
2025-02-11,12,106,917.5550349481846,913.4375891148512,0.0,4.117445833333363,1.0742
2025-02-11,12,107,743.1455860655502,739.6053205565095,0.0,3.5402655090407507,1.2313
2025-02-11,12,108,689.3809953270734,689.3809953270734,0.0,0.0,1.2561
2025-02-11,12,109,730.7798954800031,730.7798954800031,0.0,0.0,1.2447
2025-02-11,12,110,737.9441021016602,737.9441021016602,0.0,0.0,1.2545
2025-02-11,12,111,737.9327772821251,737.9327772821251,0.0,0.0,1.2522
2025-02-11,12,112,65.87136511397955,65.87136511397955,0.0,0.0,1.2881
2025-02-11,12,113,0.0,0.0,0.0,0.0,1.3466
2025-02-11,12,114,0.0,0.0,0.0,0.0,1.3523
2025-02-11,12,115,0.0,0.0,0.0,0.0,1.3445
2025-02-11,12,116,0.0,0.0,0.0,0.0,1.3483
2025-02-11,12,117,0.0,0.0,0.0,0.0,1.349
2025-02-11,12,118,0.0,0.0,0.0,0.0,1.3473
2025-02-11,12,119,0.0,0.0,0.0,0.0,1.3482
2025-02-11,12,120,0.0,0.0,0.0,0.0,1.3513
2025-02-11,12,121,0.0,0.0,0.0,0.0,1.34
2025-02-11,12,122,0.0,0.0,0.0,0.0,1.3489
2025-02-11,12,123,0.0,0.0,0.0,0.0,1.3952
2025-02-11,12,124,726.1575368373014,726.1575368373014,0.0,0.0,1.2226
2025-02-11,12,125,723.3801464877503,723.3801464877503,0.0,0.0,0.9332
2025-02-11,12,126,721.7207204369861,721.7207204369861,0.0,0.0,0.9068
2025-02-11,12,127,712.4548960280716,712.4548960280716,0.0,0.0,0.9371
2025-02-11,12,128,723.8699032399218,723.8699032399218,0.0,0.0,0.9371
2025-02-11,12,129,757.8346041741212,757.8346041741212,0.0,0.0,0.9871
2025-02-11,12,130,685.0311180825993,685.0311180825993,0.0,0.0,0.7764
2025-02-11,12,131,580.7705181442025,580.7705181442025,0.0,0.0,0.4209
2025-02-11,12,132,578.915830443242,578.915830443242,0.0,0.0,0.3859
2025-02-11,12,133,583.0296782589453,583.0296782589453,0.0,0.0,0.4368
2025-02-11,12,134,595.1695602739179,595.1695602739179,0.0,0.0,0.4198
2025-02-11,12,135,577.9201874771712,577.9201874771712,0.0,0.0,0.4186
2025-02-11,12,136,574.3896984135075,574.3896984135075,0.0,0.0,0.4241
2025-02-11,12,137,575.6878216285756,575.6878216285756,0.0,0.0,0.4237
2025-02-11,12,138,557.2262257975334,557.2262257975334,0.0,0.0,0.4248
2025-02-11,12,139,560.4565013210017,560.4565013210017,0.0,0.0,0.424
2025-02-11,12,140,576.5234925306688,576.5234925306688,0.0,0.0,0.422
2025-02-11,12,141,571.838145920051,571.838145920051,0.0,0.0,0.424
2025-02-11,12,142,576.6209055664862,576.6209055664862,0.0,0.0,0.4271
2025-02-11,12,143,574.8885861647933,574.8885861647933,0.0,0.0,0.4276
2025-02-11,18,108,689.3809953270734,689.3809953270734,0.0,0.0,1.2561
2025-02-11,18,109,730.7798954800031,730.7798954800031,0.0,0.0,1.2447
2025-02-11,18,110,737.9441021016602,737.9441021016602,0.0,0.0,1.2545
2025-02-11,18,111,737.9327772821251,737.9327772821251,0.0,0.0,1.2522
2025-02-11,18,112,65.87136511397955,65.87136511397955,0.0,0.0,1.2881
2025-02-11,18,113,0.0,0.0,0.0,0.0,1.3466
2025-02-11,18,114,0.0,0.0,0.0,0.0,1.3523
2025-02-11,18,115,0.0,0.0,0.0,0.0,1.3445
2025-02-11,18,116,0.0,0.0,0.0,0.0,1.3483
2025-02-11,18,117,0.0,0.0,0.0,0.0,1.349
2025-02-11,18,118,0.0,0.0,0.0,0.0,1.3473
2025-02-11,18,119,0.0,0.0,0.0,0.0,1.3482
2025-02-11,18,120,0.0,0.0,0.0,0.0,1.3513
2025-02-11,18,121,0.0,0.0,0.0,0.0,1.34
2025-02-11,18,122,0.0,0.0,0.0,0.0,1.3489
2025-02-11,18,123,0.0,0.0,0.0,0.0,1.3952
2025-02-11,18,124,726.1575368373014,726.1575368373014,0.0,0.0,1.2226
2025-02-11,18,125,723.3801464877503,723.3801464877503,0.0,0.0,0.9332
2025-02-11,18,126,721.7207204369861,721.7207204369861,0.0,0.0,0.9068
2025-02-11,18,127,712.4548960280716,712.4548960280716,0.0,0.0,0.9371
2025-02-11,18,128,723.8699032399218,723.8699032399218,0.0,0.0,0.9371
2025-02-11,18,129,757.8346041741212,757.8346041741212,0.0,0.0,0.9871
2025-02-11,18,130,685.0311180825993,685.0311180825993,0.0,0.0,0.7764
2025-02-11,18,131,580.7705181442025,580.7705181442025,0.0,0.0,0.4209
2025-02-11,18,132,578.915830443242,578.915830443242,0.0,0.0,0.3859
2025-02-11,18,133,583.0296782589453,583.0296782589453,0.0,0.0,0.4368
2025-02-11,18,134,595.1695602739179,595.1695602739179,0.0,0.0,0.4198
2025-02-11,18,135,577.9201874771712,577.9201874771712,0.0,0.0,0.4186
2025-02-11,18,136,574.3896984135075,574.3896984135075,0.0,0.0,0.4241
2025-02-11,18,137,575.6878216285756,575.6878216285756,0.0,0.0,0.4237
2025-02-11,18,138,557.2262257975334,557.2262257975334,0.0,0.0,0.4248
2025-02-11,18,139,560.4565013210017,560.4565013210017,0.0,0.0,0.424
2025-02-11,18,140,576.5234925306688,576.5234925306688,0.0,0.0,0.422
2025-02-11,18,141,571.838145920051,571.838145920051,0.0,0.0,0.424
2025-02-11,18,142,576.6209055664862,576.6209055664862,0.0,0.0,0.4271
2025-02-11,18,143,574.8885861647933,574.8885861647933,0.0,0.0,0.4276
2025-02-12,6,36,61.444090617913616,61.444090617913616,0.0,0.0,0.9368
2025-02-12,6,37,884.0772189982919,881.6828898316252,0.0,2.3943291666666937,0.8758
2025-02-12,6,38,856.4084128675653,269.607113894985,0.0,586.8012989725803,0.8759
2025-02-12,6,39,895.4325461601494,890.9322645230618,0.0,4.500281637087596,0.8601
2025-02-12,6,40,855.6634586236152,855.0926252302587,0.0,0.5708333933564518,0.8442
2025-02-12,6,41,752.3454384244634,744.4801481466858,0.0,7.8652902777776035,0.8334
2025-02-12,6,42,747.6356901665937,744.6579559265507,0.0,2.9777342400429916,0.8092
2025-02-12,6,43,760.6591512959241,747.9951904278604,0.0,12.663960868063668,0.7972
2025-02-12,6,44,662.113147147194,640.406540738359,0.0,21.706606408835,0.7644
2025-02-12,6,45,1397.694189982256,1368.6468885933673,0.0,29.047301388888627,0.6899
2025-02-12,6,46,664.0936012740982,634.355260396256,0.0,29.738340877842234,0.86
2025-02-12,6,47,19.58417550655531,0.0,0.0,19.58417550655531,1.1617
2025-02-12,6,48,0.0,0.0,0.0,0.0,1.1683
2025-02-12,6,49,0.0,0.0,0.0,0.0,1.0956
2025-02-12,6,50,0.0,0.0,0.0,0.0,1.0849
2025-02-12,6,51,0.0,0.0,0.0,0.0,1.061
2025-02-12,6,52,0.0,0.0,0.0,0.0,1.043
2025-02-12,6,53,0.0,0.0,0.0,0.0,1.036
2025-02-12,6,54,0.0,0.0,0.0,0.0,1.0147
2025-02-12,6,55,0.0,0.0,0.0,0.0,0.9922
2025-02-12,6,56,0.0,0.0,0.0,0.0,0.97
2025-02-12,6,57,0.0,0.0,0.0,0.0,0.9422
2025-02-12,6,58,0.0,0.0,0.0,0.0,0.9569
2025-02-12,6,59,0.0,0.0,0.0,0.0,0.9977
2025-02-12,6,60,0.0,0.0,0.0,0.0,0.9919
2025-02-12,6,61,0.0,0.0,0.0,0.0,0.9588
2025-02-12,6,62,0.0,0.0,0.0,0.0,0.9549
2025-02-12,6,63,0.0,0.0,0.0,0.0,0.9839
2025-02-12,6,64,164.079932503505,66.57257503482712,0.0,97.50735746867788,0.799
2025-02-12,6,65,1036.9521216271946,884.2309980775433,0.0,152.72112354965134,0.5025
2025-02-12,6,66,1012.4825167776169,853.5728653935478,0.0,158.9096513840691,0.4662
2025-02-12,6,67,937.0778906229067,774.9919496382198,0.0,162.08594098468689,0.5007
2025-02-12,6,68,900.4952278375698,765.0460822487914,0.0,135.44914558877838,0.4827
2025-02-12,6,69,965.6212308245176,767.7169991464056,0.0,197.90423167811207,0.4785
2025-02-12,6,70,913.5822765044758,749.6809890890767,0.0,163.9012874153991,0.4662
2025-02-12,6,71,824.7577519058145,714.3251291194479,0.0,110.43262278636666,0.4432
2025-02-12,6,72,854.7854523422178,709.4778187429595,0.0,145.30763359925834,0.4411
2025-02-12,6,73,842.1996174680971,714.1364773421667,0.0,128.06314012593043,0.4551
2025-02-12,6,74,792.4357985194574,730.2954736096224,0.0,62.140324909835044,0.4463
2025-02-12,6,75,769.530246807587,769.530246807587,0.0,0.0,0.4113
2025-02-12,6,76,827.428478757557,827.428478757557,0.0,0.0,0.5682
2025-02-12,6,77,6.911309148413693,6.911309148413693,0.0,0.0,0.8279
2025-02-12,6,78,29.692956662831268,29.692956662831268,0.0,0.0,0.8636
2025-02-12,6,79,92.91063712393209,11.391584695658821,0.0,81.51905242827327,0.8416
2025-02-12,6,80,145.5891923186458,49.43719437318941,0.0,96.15199794545637,0.8618
2025-02-12,6,81,138.48582999491433,100.90391332257104,0.0,37.58191667234328,0.8623
2025-02-12,6,82,0.0,0.0,0.0,0.0,0.9026
2025-02-12,6,83,0.0,0.0,0.0,0.0,0.9754
2025-02-12,6,84,0.0,0.0,0.0,0.0,1.0002
2025-02-12,6,85,0.0,0.0,0.0,0.0,0.9978
2025-02-12,6,86,0.0,0.0,0.0,0.0,1.0271
2025-02-12,6,87,0.0,0.0,0.0,0.0,1.0906
2025-02-12,6,88,0.0,0.0,0.0,0.0,0.9376
2025-02-12,6,89,1382.5157391219784,1248.7292397876327,0.0,133.78649933434576,0.6694
2025-02-12,6,90,1410.3991184342422,1278.8324166206467,0.0,131.5667018135955,0.66
2025-02-12,6,91,1442.0347597769946,1325.109506569679,0.0,116.92525320731556,0.7217
2025-02-12,6,92,1429.1806932171407,766.434773272992,0.0,662.7459199441488,0.7308
2025-02-12,6,93,665.6888154629729,523.0736349585964,0.0,142.61518050437655,0.7534
2025-02-12,6,94,715.6870271828162,608.8795372042239,0.0,106.80748997859234,0.7823
2025-02-12,6,95,784.8906371708512,658.582778366303,0.0,126.30785880454812,0.8055
2025-02-12,6,96,790.3866744736365,702.7264865189777,0.0,87.6601879546588,0.8271
2025-02-12,6,97,827.0446826536895,758.8075237645791,0.0,68.23715888911045,0.8519
2025-02-12,6,98,859.8786209601402,812.0410308986321,0.0,47.83759006150808,0.8791
2025-02-12,6,99,875.7295087881524,847.0294907325969,0.0,28.700018055555574,0.9024
2025-02-12,6,100,905.6829492197907,891.6325700531238,0.0,14.050379166666858,0.9163
2025-02-12,6,101,945.7516045609187,916.744898786057,0.0,29.006705774861757,0.9264
2025-02-12,6,102,994.0701441890615,968.6810272925871,0.0,25.38911689647432,0.9462
2025-02-12,6,103,1011.8393041703663,992.1530000079906,0.0,19.686304162375677,0.9742
2025-02-12,6,104,1018.6007410126776,1015.249075206115,0.0,3.3516658065626643,0.9862
2025-02-12,6,105,1042.357923903179,1042.357923903179,0.0,0.0,0.976
2025-02-12,6,106,904.8316103562194,904.8316103562194,0.0,0.0,1.0742
2025-02-12,6,107,725.2187865173975,725.1517865173975,0.0,0.06700000000000728,1.2313
2025-02-12,6,108,716.0964589536633,716.0964589536633,0.0,0.0,1.2561
2025-02-12,6,109,746.2224706798888,746.2224706798888,0.0,0.0,1.2447
2025-02-12,6,110,723.7899243178368,723.7899243178368,0.0,0.0,1.2545
2025-02-12,6,111,736.624522476197,736.624522476197,0.0,0.0,1.2522
2025-02-12,6,112,167.75648890265927,167.75648890265927,0.0,0.0,1.2881
2025-02-12,6,113,0.0,0.0,0.0,0.0,1.3466
2025-02-12,6,114,0.0,0.0,0.0,0.0,1.3523
2025-02-12,6,115,0.0,0.0,0.0,0.0,1.3445
2025-02-12,6,116,0.0,0.0,0.0,0.0,1.3483
2025-02-12,6,117,0.0,0.0,0.0,0.0,1.349
2025-02-12,6,118,0.0,0.0,0.0,0.0,1.3473
2025-02-12,6,119,0.0,0.0,0.0,0.0,1.3482
2025-02-12,6,120,0.0,0.0,0.0,0.0,1.3513
2025-02-12,6,121,0.0,0.0,0.0,0.0,1.34
2025-02-12,6,122,0.0,0.0,0.0,0.0,1.3489
2025-02-12,6,123,0.0,0.0,0.0,0.0,1.3952
2025-02-12,6,124,719.3754318269342,719.3754318269342,0.0,0.0,1.2226
2025-02-12,6,125,737.0047366709491,737.0047366709491,0.0,0.0,0.9332
2025-02-12,6,126,722.7197806003873,722.7197806003873,0.0,0.0,0.9068
2025-02-12,6,127,723.2311671218523,723.2311671218523,0.0,0.0,0.9371
2025-02-12,6,128,759.6083116109767,759.6083116109767,0.0,0.0,0.9371
2025-02-12,6,129,766.664937083248,766.664937083248,0.0,0.0,0.9871
2025-02-12,6,130,680.351782501696,680.351782501696,0.0,0.0,0.7764
2025-02-12,6,131,562.2685108859,562.2685108859,0.0,0.0,0.4209
2025-02-12,6,132,559.1725915047194,559.1725915047194,0.0,0.0,0.3859
2025-02-12,6,133,558.6527574059577,558.6527574059577,0.0,0.0,0.4368
2025-02-12,6,134,569.5703495912475,569.5703495912475,0.0,0.0,0.4198
2025-02-12,6,135,567.7850489447468,567.7850489447468,0.0,0.0,0.4186
2025-02-12,6,136,558.79361837186,558.79361837186,0.0,0.0,0.4241
2025-02-12,6,137,568.1608313115925,568.1608313115925,0.0,0.0,0.4237
2025-02-12,6,138,559.7652171344015,559.7652171344015,0.0,0.0,0.4248
2025-02-12,6,139,559.120214210462,559.120214210462,0.0,0.0,0.424
2025-02-12,6,140,569.6405500179682,569.6405500179682,0.0,0.0,0.422
2025-02-12,6,141,593.0407595888796,593.0407595888796,0.0,0.0,0.424
2025-02-12,6,142,578.0756201372492,578.0756201372492,0.0,0.0,0.4271
2025-02-12,6,143,568.7036984507421,568.7036984507421,0.0,0.0,0.4276
2025-02-12,12,72,709.4778187429595,676.1305843865662,0.0,33.3472343563933,0.4411
2025-02-12,12,73,714.1364773421667,713.6133277599631,0.0,0.5231495822035868,0.4551
2025-02-12,12,74,730.2954736096224,712.0161337807924,0.0,18.27933982882996,0.4463
2025-02-12,12,75,769.530246807587,754.318360147924,0.0,15.211886659663037,0.4113
2025-02-12,12,76,827.428478757557,204.98663335633762,0.0,622.4418454012193,0.5682
2025-02-12,12,77,6.911309148413693,0.0,0.0,6.911309148413693,0.8279
2025-02-12,12,78,29.692956662831268,3.0391511072757567,0.0,26.65380555555551,0.8636
2025-02-12,12,79,11.391584695658821,11.391584695658821,0.0,0.0,0.8416
2025-02-12,12,80,49.43719437318941,49.43719437318941,0.0,0.0,0.8618
2025-02-12,12,81,100.90391332257104,100.90391332257104,0.0,0.0,0.8623
2025-02-12,12,82,0.0,0.0,0.0,0.0,0.9026
2025-02-12,12,83,0.0,0.0,0.0,0.0,0.9754
2025-02-12,12,84,0.0,0.0,0.0,0.0,1.0002
2025-02-12,12,85,0.0,0.0,0.0,0.0,0.9978
2025-02-12,12,86,0.0,0.0,0.0,0.0,1.0271
2025-02-12,12,87,0.0,0.0,0.0,0.0,1.0906
2025-02-12,12,88,0.0,0.0,0.0,0.0,0.9376
2025-02-12,12,89,1248.7292397876327,1196.7134832579054,0.0,52.01575652972724,0.6694
2025-02-12,12,90,1278.8324166206467,1247.4142814046927,0.0,31.418135215953953,0.66
2025-02-12,12,91,1325.109506569679,932.4349097194063,0.0,392.6745968502728,0.7217
2025-02-12,12,92,766.434773272992,462.88890833145484,0.0,303.5458649415371,0.7308
2025-02-12,12,93,523.0736349585964,523.0736349585964,0.0,0.0,0.7534
2025-02-12,12,94,608.8795372042239,581.4312554846287,0.0,27.44828171959523,0.7823
2025-02-12,12,95,658.582778366303,655.0275187051994,0.0,3.555259661103605,0.8055
2025-02-12,12,96,702.7264865189777,702.7264865189777,0.0,0.0,0.8271
2025-02-12,12,97,758.8075237645791,758.8075237645791,0.0,0.0,0.8519
2025-02-12,12,98,812.0410308986321,812.0410308986321,0.0,0.0,0.8791
2025-02-12,12,99,847.0294907325969,847.0294907325969,0.0,0.0,0.9024
2025-02-12,12,100,891.6325700531238,884.0450798909595,0.0,7.587490162164272,0.9163
2025-02-12,12,101,916.744898786057,916.6080779527234,0.0,0.13682083333355877,0.9264
2025-02-12,12,102,968.6810272925871,968.6810272925871,0.0,0.0,0.9462
2025-02-12,12,103,992.1530000079906,992.1530000079906,0.0,0.0,0.9742
2025-02-12,12,104,1015.249075206115,1012.9686363606835,0.0,2.2804388454314903,0.9862
2025-02-12,12,105,1042.357923903179,1033.1004589270292,0.0,9.257464976149777,0.976
2025-02-12,12,106,904.8316103562194,904.8316103562194,0.0,0.0,1.0742
2025-02-12,12,107,725.1517865173975,725.1517865173975,0.0,0.0,1.2313
2025-02-12,12,108,716.0964589536633,716.0964589536633,0.0,0.0,1.2561
2025-02-12,12,109,746.2224706798888,746.2224706798888,0.0,0.0,1.2447
2025-02-12,12,110,723.7899243178368,723.7899243178368,0.0,0.0,1.2545
2025-02-12,12,111,736.624522476197,736.624522476197,0.0,0.0,1.2522
2025-02-12,12,112,167.75648890265927,167.75648890265927,0.0,0.0,1.2881
2025-02-12,12,113,0.0,0.0,0.0,0.0,1.3466
2025-02-12,12,114,0.0,0.0,0.0,0.0,1.3523
2025-02-12,12,115,0.0,0.0,0.0,0.0,1.3445
2025-02-12,12,116,0.0,0.0,0.0,0.0,1.3483
2025-02-12,12,117,0.0,0.0,0.0,0.0,1.349
2025-02-12,12,118,0.0,0.0,0.0,0.0,1.3473
2025-02-12,12,119,0.0,0.0,0.0,0.0,1.3482
2025-02-12,12,120,0.0,0.0,0.0,0.0,1.3513
2025-02-12,12,121,0.0,0.0,0.0,0.0,1.34
2025-02-12,12,122,0.0,0.0,0.0,0.0,1.3489
2025-02-12,12,123,0.0,0.0,0.0,0.0,1.3952
2025-02-12,12,124,719.3754318269342,719.3754318269342,0.0,0.0,1.2226
2025-02-12,12,125,737.0047366709491,737.0047366709491,0.0,0.0,0.9332
2025-02-12,12,126,722.7197806003873,722.7197806003873,0.0,0.0,0.9068
2025-02-12,12,127,723.2311671218523,723.2311671218523,0.0,0.0,0.9371
2025-02-12,12,128,759.6083116109767,759.6083116109767,0.0,0.0,0.9371
2025-02-12,12,129,766.664937083248,766.664937083248,0.0,0.0,0.9871
2025-02-12,12,130,680.351782501696,680.351782501696,0.0,0.0,0.7764
2025-02-12,12,131,562.2685108859,562.2685108859,0.0,0.0,0.4209
2025-02-12,12,132,559.1725915047194,559.1725915047194,0.0,0.0,0.3859
2025-02-12,12,133,558.6527574059577,558.6527574059577,0.0,0.0,0.4368
2025-02-12,12,134,569.5703495912475,569.5703495912475,0.0,0.0,0.4198
2025-02-12,12,135,567.7850489447468,567.7850489447468,0.0,0.0,0.4186
2025-02-12,12,136,558.79361837186,558.79361837186,0.0,0.0,0.4241
2025-02-12,12,137,568.1608313115925,568.1608313115925,0.0,0.0,0.4237
2025-02-12,12,138,559.7652171344015,559.7652171344015,0.0,0.0,0.4248
2025-02-12,12,139,559.120214210462,559.120214210462,0.0,0.0,0.424
2025-02-12,12,140,569.6405500179682,569.6405500179682,0.0,0.0,0.422
2025-02-12,12,141,593.0407595888796,593.0407595888796,0.0,0.0,0.424
2025-02-12,12,142,578.0756201372492,578.0756201372492,0.0,0.0,0.4271
2025-02-12,12,143,568.7036984507421,568.7036984507421,0.0,0.0,0.4276
2025-02-12,18,108,716.0964589536633,716.0964589536633,0.0,0.0,1.2561
2025-02-12,18,109,746.2224706798888,746.2224706798888,0.0,0.0,1.2447
2025-02-12,18,110,723.7899243178368,723.7899243178368,0.0,0.0,1.2545
2025-02-12,18,111,736.624522476197,736.624522476197,0.0,0.0,1.2522
2025-02-12,18,112,167.75648890265927,167.75648890265927,0.0,0.0,1.2881
2025-02-12,18,113,0.0,0.0,0.0,0.0,1.3466
2025-02-12,18,114,0.0,0.0,0.0,0.0,1.3523
2025-02-12,18,115,0.0,0.0,0.0,0.0,1.3445
2025-02-12,18,116,0.0,0.0,0.0,0.0,1.3483
2025-02-12,18,117,0.0,0.0,0.0,0.0,1.349
2025-02-12,18,118,0.0,0.0,0.0,0.0,1.3473
2025-02-12,18,119,0.0,0.0,0.0,0.0,1.3482
2025-02-12,18,120,0.0,0.0,0.0,0.0,1.3513
2025-02-12,18,121,0.0,0.0,0.0,0.0,1.34
2025-02-12,18,122,0.0,0.0,0.0,0.0,1.3489
2025-02-12,18,123,0.0,0.0,0.0,0.0,1.3952
2025-02-12,18,124,719.3754318269342,719.3754318269342,0.0,0.0,1.2226
2025-02-12,18,125,737.0047366709491,737.0047366709491,0.0,0.0,0.9332
2025-02-12,18,126,722.7197806003873,722.7197806003873,0.0,0.0,0.9068
2025-02-12,18,127,723.2311671218523,723.2311671218523,0.0,0.0,0.9371
2025-02-12,18,128,759.6083116109767,759.6083116109767,0.0,0.0,0.9371
2025-02-12,18,129,766.664937083248,766.664937083248,0.0,0.0,0.9871
2025-02-12,18,130,680.351782501696,680.351782501696,0.0,0.0,0.7764
2025-02-12,18,131,562.2685108859,562.2685108859,0.0,0.0,0.4209
2025-02-12,18,132,559.1725915047194,559.1725915047194,0.0,0.0,0.3859
2025-02-12,18,133,558.6527574059577,558.6527574059577,0.0,0.0,0.4368
2025-02-12,18,134,569.5703495912475,569.5703495912475,0.0,0.0,0.4198
2025-02-12,18,135,567.7850489447468,567.7850489447468,0.0,0.0,0.4186
2025-02-12,18,136,558.79361837186,558.79361837186,0.0,0.0,0.4241
2025-02-12,18,137,568.1608313115925,568.1608313115925,0.0,0.0,0.4237
2025-02-12,18,138,559.7652171344015,559.7652171344015,0.0,0.0,0.4248
2025-02-12,18,139,559.120214210462,559.120214210462,0.0,0.0,0.424
2025-02-12,18,140,569.6405500179682,569.6405500179682,0.0,0.0,0.422
2025-02-12,18,141,593.0407595888796,593.0407595888796,0.0,0.0,0.424
2025-02-12,18,142,578.0756201372492,578.0756201372492,0.0,0.0,0.4271
2025-02-12,18,143,568.7036984507421,568.7036984507421,0.0,0.0,0.4276
2025-02-13,6,36,62.817808376426,62.2698000430928,0.0,0.5480083333332004,0.9368
2025-02-13,6,37,882.9283006998786,171.49152950350117,0.0,711.4367711963774,0.8758
2025-02-13,6,38,129.41729511772587,41.65602115202228,0.0,87.7612739657036,0.8759
2025-02-13,6,39,846.3069137297589,846.3069137297589,0.0,0.0,0.8601
2025-02-13,6,40,808.4076084038485,808.4076084038485,0.0,0.0,0.8442
2025-02-13,6,41,755.3412856109071,753.8344213074906,0.0,1.506864303416478,0.8334
2025-02-13,6,42,718.0902444300891,718.0902444300891,0.0,0.0,0.8092
2025-02-13,6,43,718.6086062721503,715.0872537374202,0.0,3.521352534730113,0.7972
2025-02-13,6,44,632.1963097879593,632.1963097879593,0.0,0.0,0.7644
2025-02-13,6,45,1380.7980428575795,1380.7980428575795,0.0,0.0,0.6899
2025-02-13,6,46,615.9053558895754,608.1797196732342,0.0,7.725636216341172,0.86
2025-02-13,6,47,0.0,0.0,0.0,0.0,1.1617
2025-02-13,6,48,0.0,0.0,0.0,0.0,1.1683
2025-02-13,6,49,0.0,0.0,0.0,0.0,1.0956
2025-02-13,6,50,0.0,0.0,0.0,0.0,1.0849
2025-02-13,6,51,0.0,0.0,0.0,0.0,1.061
2025-02-13,6,52,0.0,0.0,0.0,0.0,1.043
2025-02-13,6,53,0.0,0.0,0.0,0.0,1.036
2025-02-13,6,54,0.0,0.0,0.0,0.0,1.0147
2025-02-13,6,55,0.0,0.0,0.0,0.0,0.9922
2025-02-13,6,56,0.0,0.0,0.0,0.0,0.97
2025-02-13,6,57,0.0,0.0,0.0,0.0,0.9422
2025-02-13,6,58,0.0,0.0,0.0,0.0,0.9569
2025-02-13,6,59,0.0,0.0,0.0,0.0,0.9977
2025-02-13,6,60,0.0,0.0,0.0,0.0,0.9919
2025-02-13,6,61,0.0,0.0,0.0,0.0,0.9588
2025-02-13,6,62,0.0,0.0,0.0,0.0,0.9549
2025-02-13,6,63,0.0,0.0,0.0,0.0,0.9839
2025-02-13,6,64,42.18545365921182,0.0,0.0,42.18545365921182,0.799
2025-02-13,6,65,922.2727450332618,772.846600650277,0.0,149.42614438298483,0.5025
2025-02-13,6,66,918.6846601370825,763.3941406974576,0.0,155.29051943962486,0.4662
2025-02-13,6,67,873.3976987285206,713.2100202438337,0.0,160.1876784846869,0.5007
2025-02-13,6,68,844.7816260771358,709.5098735439127,0.0,135.2717525332231,0.4827
2025-02-13,6,69,912.5692456998092,713.1215376328083,0.0,199.44770806700092,0.4785
2025-02-13,6,70,879.8159175317091,712.6502842829764,0.0,167.16563324873277,0.4662
2025-02-13,6,71,820.8134091610248,705.3955710968802,0.0,115.41783806414458,0.4432
2025-02-13,6,72,871.1618778639835,713.5476998202805,0.0,157.61417804370296,0.4411
2025-02-13,6,73,864.7538945127596,711.4624210534956,0.0,153.291473459264,0.4551
2025-02-13,6,74,809.942511143144,709.6520640110865,0.0,100.29044713205747,0.4463
2025-02-13,6,75,774.3746200622031,751.8935162039273,0.0,22.481103858275787,0.4113
2025-02-13,6,76,815.9403483961021,815.9403483961021,0.0,0.0,0.5682
2025-02-13,6,77,63.3184723139528,45.99122346481075,0.0,17.32724884914205,0.8279
2025-02-13,6,78,49.43058687547394,25.167227986486825,0.0,24.263358888987117,0.8636
2025-02-13,6,79,38.47541371563981,0.0,0.0,38.47541371563981,0.8416
2025-02-13,6,80,42.61945235551624,2.0416181357883616,0.0,40.577834219727876,0.8618
2025-02-13,6,81,61.87196816504623,18.71313205393517,0.0,43.158836111111064,0.8623
2025-02-13,6,82,0.0,0.0,0.0,0.0,0.9026
2025-02-13,6,83,0.0,0.0,0.0,0.0,0.9754
2025-02-13,6,84,0.0,0.0,0.0,0.0,1.0002
2025-02-13,6,85,0.0,0.0,0.0,0.0,0.9978
2025-02-13,6,86,0.0,0.0,0.0,0.0,1.0271
2025-02-13,6,87,0.0,0.0,0.0,0.0,1.0906
2025-02-13,6,88,0.0,0.0,0.0,0.0,0.9376
2025-02-13,6,89,203.37193194632587,253.95688799202648,50.58495604570061,0.0,0.6694
2025-02-13,6,90,1210.0530413997465,1210.0530413997467,2.2737367544323206e-13,0.0,0.66
2025-02-13,6,91,287.6380724645649,348.2627119508829,60.62463948631796,0.0,0.7217
2025-02-13,6,92,350.89078982762686,362.70206663873563,11.811276811108769,0.0,0.7308
2025-02-13,6,93,408.87940142870593,445.64047016877504,36.761068740069106,0.0,0.7534
2025-02-13,6,94,458.6165177387555,493.9108244935446,35.29430675478915,0.0,0.7823
2025-02-13,6,95,522.9232805956931,548.0535256437084,25.130245048015354,0.0,0.8055
2025-02-13,6,96,602.6761644743838,619.003526566517,16.327362092133285,0.0,0.8271
2025-02-13,6,97,689.1993233935132,703.6796132511796,14.480289857666435,0.0,0.8519
2025-02-13,6,98,736.6812821347021,736.5834985381471,0.0,0.09778359655501845,0.8791
2025-02-13,6,99,787.9535286381706,787.9535286381706,0.0,0.0,0.9024
2025-02-13,6,100,839.6056208341097,839.6056208341097,0.0,0.0,0.9163
2025-02-13,6,101,883.4234523681921,883.4234523681921,0.0,0.0,0.9264
2025-02-13,6,102,964.1246432992972,955.9766824435693,0.0,8.147960855727888,0.9462
2025-02-13,6,103,997.4651810763222,997.4651810763222,0.0,0.0,0.9742
2025-02-13,6,104,1000.8570716877897,1000.8570716877897,0.0,0.0,0.9862
2025-02-13,6,105,1021.1161661723892,1021.1161661723892,0.0,0.0,0.976
2025-02-13,6,106,897.720748813967,897.720748813967,0.0,0.0,1.0742
2025-02-13,6,107,729.3984960003213,729.3984960003213,0.0,0.0,1.2313
2025-02-13,6,108,704.7507264327323,704.7507264327323,0.0,0.0,1.2561
2025-02-13,6,109,745.5059349847742,745.5059349847742,0.0,0.0,1.2447
2025-02-13,6,110,742.4782750611281,742.4782750611281,0.0,0.0,1.2545
2025-02-13,6,111,719.0398778991945,719.0398778991945,0.0,0.0,1.2522
2025-02-13,6,112,133.04156643588544,133.04156643588544,0.0,0.0,1.2881
2025-02-13,6,113,0.0,0.0,0.0,0.0,1.3466
2025-02-13,6,114,0.0,0.0,0.0,0.0,1.3523
2025-02-13,6,115,0.0,0.0,0.0,0.0,1.3445
2025-02-13,6,116,0.0,0.0,0.0,0.0,1.3483
2025-02-13,6,117,0.0,0.0,0.0,0.0,1.349
2025-02-13,6,118,0.0,0.0,0.0,0.0,1.3473
2025-02-13,6,119,0.0,0.0,0.0,0.0,1.3482
2025-02-13,6,120,0.0,0.0,0.0,0.0,1.3513
2025-02-13,6,121,0.0,0.0,0.0,0.0,1.34
2025-02-13,6,122,0.0,0.0,0.0,0.0,1.3489
2025-02-13,6,123,0.0,0.0,0.0,0.0,1.3952
2025-02-13,6,124,734.5597642672723,734.5597642672723,0.0,0.0,1.2226
2025-02-13,6,125,719.411482044155,719.411482044155,0.0,0.0,0.9332
2025-02-13,6,126,735.9545471722514,735.9545471722514,0.0,0.0,0.9068
2025-02-13,6,127,740.5984633356106,740.5984633356106,0.0,0.0,0.9371
2025-02-13,6,128,750.8771129802522,750.8771129802522,0.0,0.0,0.9371
2025-02-13,6,129,774.529575346402,774.529575346402,0.0,0.0,0.9871
2025-02-13,6,130,709.9822907273455,709.9822907273455,0.0,0.0,0.7764
2025-02-13,6,131,572.9325866828854,572.9325866828854,0.0,0.0,0.4209
2025-02-13,6,132,560.084707523339,560.084707523339,0.0,0.0,0.3859
2025-02-13,6,133,551.8872211973365,551.8872211973365,0.0,0.0,0.4368
2025-02-13,6,134,564.287888912167,564.287888912167,0.0,0.0,0.4198
2025-02-13,6,135,578.1451993389901,578.1451993389901,0.0,0.0,0.4186
2025-02-13,6,136,572.3982142882186,572.3982142882186,0.0,0.0,0.4241
2025-02-13,6,137,567.1817874458405,567.1817874458405,0.0,0.0,0.4237
2025-02-13,6,138,573.181611242404,573.181611242404,0.0,0.0,0.4248
2025-02-13,6,139,585.3213398547216,585.3213398547216,0.0,0.0,0.424
2025-02-13,6,140,567.4575045545265,567.4575045545265,0.0,0.0,0.422
2025-02-13,6,141,597.7925563433934,597.7925563433934,0.0,0.0,0.424
2025-02-13,6,142,546.4877068728528,546.4877068728528,0.0,0.0,0.4271
2025-02-13,6,143,452.415624317026,452.415624317026,0.0,0.0,0.4276
2025-02-13,12,72,713.5476998202805,676.2610057416649,0.0,37.2866940786156,0.4411
2025-02-13,12,73,711.4624210534956,711.4624210534954,0.0,2.2737367544323206e-13,0.4551
2025-02-13,12,74,709.6520640110865,709.6520640110865,0.0,0.0,0.4463
2025-02-13,12,75,751.8935162039273,737.7054453189344,0.0,14.188070884992953,0.4113
2025-02-13,12,76,815.9403483961021,62.691179655219116,0.0,753.249168740883,0.5682
2025-02-13,12,77,45.99122346481075,7.139480893025542,0.0,38.85174257178521,0.8279
2025-02-13,12,78,25.167227986486825,25.167227986486825,0.0,0.0,0.8636
2025-02-13,12,79,0.0,0.0,0.0,0.0,0.8416
2025-02-13,12,80,2.0416181357883616,2.0416181357883616,0.0,0.0,0.8618
2025-02-13,12,81,18.71313205393517,18.71313205393517,0.0,0.0,0.8623
2025-02-13,12,82,0.0,0.0,0.0,0.0,0.9026
2025-02-13,12,83,0.0,0.0,0.0,0.0,0.9754
2025-02-13,12,84,0.0,0.0,0.0,0.0,1.0002
2025-02-13,12,85,0.0,0.0,0.0,0.0,0.9978
2025-02-13,12,86,0.0,0.0,0.0,0.0,1.0271
2025-02-13,12,87,0.0,0.0,0.0,0.0,1.0906
2025-02-13,12,88,0.0,0.0,0.0,0.0,0.9376
2025-02-13,12,89,253.95688799202648,964.3020743680878,710.3451863760613,0.0,0.6694
2025-02-13,12,90,1210.0530413997467,1192.8901682590863,0.0,17.162873140660395,0.66
2025-02-13,12,91,348.2627119508829,362.8027109477694,14.539998996886538,0.0,0.7217
2025-02-13,12,92,362.70206663873563,382.41067667687753,19.7086100381419,0.0,0.7308
2025-02-13,12,93,445.64047016877504,453.9161667212098,8.275696552434738,0.0,0.7534
2025-02-13,12,94,493.9108244935446,522.0689281335887,28.158103640044033,0.0,0.7823
2025-02-13,12,95,548.0535256437084,584.0030020325972,35.9494763888888,0.0,0.8055
2025-02-13,12,96,619.003526566517,666.684089895657,47.68056332914,0.0,0.8271
2025-02-13,12,97,703.6796132511796,728.8518647564514,25.172251505271788,0.0,0.8519
2025-02-13,12,98,736.5834985381471,762.0433804825913,25.45988194444419,0.0,0.8791
2025-02-13,12,99,787.9535286381706,814.3096619715038,26.35613333333322,0.0,0.9024
2025-02-13,12,100,839.6056208341097,841.4335887545955,1.8279679204857757,0.0,0.9163
2025-02-13,12,101,883.4234523681921,883.4234523681921,0.0,0.0,0.9264
2025-02-13,12,102,955.9766824435693,955.9766824435693,0.0,0.0,0.9462
2025-02-13,12,103,997.4651810763222,997.4651810763222,0.0,0.0,0.9742
2025-02-13,12,104,1000.8570716877897,1000.8570716877897,0.0,0.0,0.9862
2025-02-13,12,105,1021.1161661723892,1021.1161661723892,0.0,0.0,0.976
2025-02-13,12,106,897.720748813967,897.720748813967,0.0,0.0,1.0742
2025-02-13,12,107,729.3984960003213,729.3984960003213,0.0,0.0,1.2313
2025-02-13,12,108,704.7507264327323,704.7507264327323,0.0,0.0,1.2561
2025-02-13,12,109,745.5059349847742,745.5059349847742,0.0,0.0,1.2447
2025-02-13,12,110,742.4782750611281,742.4782750611281,0.0,0.0,1.2545
2025-02-13,12,111,719.0398778991945,719.0398778991945,0.0,0.0,1.2522
2025-02-13,12,112,133.04156643588544,133.04156643588544,0.0,0.0,1.2881
2025-02-13,12,113,0.0,0.0,0.0,0.0,1.3466
2025-02-13,12,114,0.0,0.0,0.0,0.0,1.3523
2025-02-13,12,115,0.0,0.0,0.0,0.0,1.3445
2025-02-13,12,116,0.0,0.0,0.0,0.0,1.3483
2025-02-13,12,117,0.0,0.0,0.0,0.0,1.349
2025-02-13,12,118,0.0,0.0,0.0,0.0,1.3473
2025-02-13,12,119,0.0,0.0,0.0,0.0,1.3482
2025-02-13,12,120,0.0,0.0,0.0,0.0,1.3513
2025-02-13,12,121,0.0,0.0,0.0,0.0,1.34
2025-02-13,12,122,0.0,0.0,0.0,0.0,1.3489
2025-02-13,12,123,0.0,0.0,0.0,0.0,1.3952
2025-02-13,12,124,734.5597642672723,734.5597642672723,0.0,0.0,1.2226
2025-02-13,12,125,719.411482044155,719.411482044155,0.0,0.0,0.9332
2025-02-13,12,126,735.9545471722514,735.9545471722514,0.0,0.0,0.9068
2025-02-13,12,127,740.5984633356106,740.5984633356106,0.0,0.0,0.9371
2025-02-13,12,128,750.8771129802522,750.8771129802522,0.0,0.0,0.9371
2025-02-13,12,129,774.529575346402,774.529575346402,0.0,0.0,0.9871
2025-02-13,12,130,709.9822907273455,709.9822907273455,0.0,0.0,0.7764
2025-02-13,12,131,572.9325866828854,572.9325866828854,0.0,0.0,0.4209
2025-02-13,12,132,560.084707523339,560.084707523339,0.0,0.0,0.3859
2025-02-13,12,133,551.8872211973365,551.8872211973365,0.0,0.0,0.4368
2025-02-13,12,134,564.287888912167,564.287888912167,0.0,0.0,0.4198
2025-02-13,12,135,578.1451993389901,578.1451993389901,0.0,0.0,0.4186
2025-02-13,12,136,572.3982142882186,572.3982142882186,0.0,0.0,0.4241
2025-02-13,12,137,567.1817874458405,567.1817874458405,0.0,0.0,0.4237
2025-02-13,12,138,573.181611242404,573.181611242404,0.0,0.0,0.4248
2025-02-13,12,139,585.3213398547216,585.3213398547216,0.0,0.0,0.424
2025-02-13,12,140,567.4575045545265,567.4575045545265,0.0,0.0,0.422
2025-02-13,12,141,597.7925563433934,597.7925563433934,0.0,0.0,0.424
2025-02-13,12,142,546.4877068728528,546.4877068728528,0.0,0.0,0.4271
2025-02-13,12,143,452.415624317026,452.415624317026,0.0,0.0,0.4276
2025-02-13,18,108,704.7507264327323,704.7507264327323,0.0,0.0,1.2561
2025-02-13,18,109,745.5059349847742,745.5059349847742,0.0,0.0,1.2447
2025-02-13,18,110,742.4782750611281,742.4782750611281,0.0,0.0,1.2545
2025-02-13,18,111,719.0398778991945,719.0398778991945,0.0,0.0,1.2522
2025-02-13,18,112,133.04156643588544,133.04156643588544,0.0,0.0,1.2881
2025-02-13,18,113,0.0,0.0,0.0,0.0,1.3466
2025-02-13,18,114,0.0,0.0,0.0,0.0,1.3523
2025-02-13,18,115,0.0,0.0,0.0,0.0,1.3445
2025-02-13,18,116,0.0,0.0,0.0,0.0,1.3483
2025-02-13,18,117,0.0,0.0,0.0,0.0,1.349
2025-02-13,18,118,0.0,0.0,0.0,0.0,1.3473
2025-02-13,18,119,0.0,0.0,0.0,0.0,1.3482
2025-02-13,18,120,0.0,0.0,0.0,0.0,1.3513
2025-02-13,18,121,0.0,0.0,0.0,0.0,1.34
2025-02-13,18,122,0.0,0.0,0.0,0.0,1.3489
2025-02-13,18,123,0.0,0.0,0.0,0.0,1.3952
2025-02-13,18,124,734.5597642672723,734.5597642672723,0.0,0.0,1.2226
2025-02-13,18,125,719.411482044155,719.411482044155,0.0,0.0,0.9332
2025-02-13,18,126,735.9545471722514,735.9545471722514,0.0,0.0,0.9068
2025-02-13,18,127,740.5984633356106,740.5984633356106,0.0,0.0,0.9371
2025-02-13,18,128,750.8771129802522,750.8771129802522,0.0,0.0,0.9371
2025-02-13,18,129,774.529575346402,774.529575346402,0.0,0.0,0.9871
2025-02-13,18,130,709.9822907273455,709.9822907273455,0.0,0.0,0.7764
2025-02-13,18,131,572.9325866828854,572.9325866828854,0.0,0.0,0.4209
2025-02-13,18,132,560.084707523339,560.084707523339,0.0,0.0,0.3859
2025-02-13,18,133,551.8872211973365,551.8872211973365,0.0,0.0,0.4368
2025-02-13,18,134,564.287888912167,564.287888912167,0.0,0.0,0.4198
2025-02-13,18,135,578.1451993389901,578.1451993389901,0.0,0.0,0.4186
2025-02-13,18,136,572.3982142882186,572.3982142882186,0.0,0.0,0.4241
2025-02-13,18,137,567.1817874458405,567.1817874458405,0.0,0.0,0.4237
2025-02-13,18,138,573.181611242404,573.181611242404,0.0,0.0,0.4248
2025-02-13,18,139,585.3213398547216,585.3213398547216,0.0,0.0,0.424
2025-02-13,18,140,567.4575045545265,567.4575045545265,0.0,0.0,0.422
2025-02-13,18,141,597.7925563433934,597.7925563433934,0.0,0.0,0.424
2025-02-13,18,142,546.4877068728528,546.4877068728528,0.0,0.0,0.4271
2025-02-13,18,143,452.415624317026,452.415624317026,0.0,0.0,0.4276
2025-02-14,6,36,0.0,0.0,0.0,0.0,0.9368
2025-02-14,6,37,0.0,0.0,0.0,0.0,0.8758
2025-02-14,6,38,0.0,0.0,0.0,0.0,0.8759
2025-02-14,6,39,0.0,0.0,0.0,0.0,0.8601
2025-02-14,6,40,0.0,0.0,0.0,0.0,0.8442
2025-02-14,6,41,0.0,0.0,0.0,0.0,0.8334
2025-02-14,6,42,0.0,0.0,0.0,0.0,0.8092
2025-02-14,6,43,0.0,0.0,0.0,0.0,0.7972
2025-02-14,6,44,0.0,0.0,0.0,0.0,0.7644
2025-02-14,6,45,0.0,0.0,0.0,0.0,0.6899
2025-02-14,6,46,0.0,0.0,0.0,0.0,0.86
2025-02-14,6,47,0.0,0.0,0.0,0.0,1.1617
2025-02-14,6,48,0.0,0.0,0.0,0.0,1.1683
2025-02-14,6,49,0.0,0.0,0.0,0.0,1.0956
2025-02-14,6,50,0.0,0.0,0.0,0.0,1.0849
2025-02-14,6,51,0.0,0.0,0.0,0.0,1.061
2025-02-14,6,52,0.0,0.0,0.0,0.0,1.043
2025-02-14,6,53,0.0,0.0,0.0,0.0,1.036
2025-02-14,6,54,0.0,0.0,0.0,0.0,1.0147
2025-02-14,6,55,0.0,0.0,0.0,0.0,0.9922
2025-02-14,6,56,0.0,0.0,0.0,0.0,0.97
2025-02-14,6,57,0.0,0.0,0.0,0.0,0.9422
2025-02-14,6,58,0.0,0.0,0.0,0.0,0.9569
2025-02-14,6,59,0.0,0.0,0.0,0.0,0.9977
2025-02-14,6,60,0.0,0.0,0.0,0.0,0.9919
2025-02-14,6,61,0.0,0.0,0.0,0.0,0.9588
2025-02-14,6,62,0.0,0.0,0.0,0.0,0.9549
2025-02-14,6,63,0.0,0.0,0.0,0.0,0.9839
2025-02-14,6,64,0.0,0.0,0.0,0.0,0.799
2025-02-14,6,65,0.0,0.0,0.0,0.0,0.5025
2025-02-14,6,66,0.0,0.0,0.0,0.0,0.4662
2025-02-14,6,67,0.0,0.0,0.0,0.0,0.5007
2025-02-14,6,68,0.0,0.0,0.0,0.0,0.4827
2025-02-14,6,69,0.0,0.0,0.0,0.0,0.4785
2025-02-14,6,70,0.0,59.05569313299201,59.05569313299201,0.0,0.4662
2025-02-14,6,71,613.6654595013242,600.3523147434992,0.0,13.313144757825057,0.4432
2025-02-14,6,72,635.5874078782174,586.3136312234033,0.0,49.27377665481413,0.4411
2025-02-14,6,73,595.7698061834298,570.3258368908326,0.0,25.443969292597103,0.4551
2025-02-14,6,74,467.9020286611875,573.2644798599708,105.36245119878333,0.0,0.4463
2025-02-14,6,75,375.2064758409157,547.8059072882884,172.5994314473727,0.0,0.4113
2025-02-14,6,76,0.0,0.0,0.0,0.0,0.5682
2025-02-14,6,77,0.0,0.0,0.0,0.0,0.8279
2025-02-14,6,78,0.0,0.0,0.0,0.0,0.8636
2025-02-14,6,79,0.0,0.0,0.0,0.0,0.8416
2025-02-14,6,80,0.0,0.0,0.0,0.0,0.8618
2025-02-14,6,81,0.0,0.0,0.0,0.0,0.8623
2025-02-14,6,82,0.0,0.0,0.0,0.0,0.9026
2025-02-14,6,83,0.0,0.0,0.0,0.0,0.9754
2025-02-14,6,84,0.0,0.0,0.0,0.0,1.0002
2025-02-14,6,85,0.0,0.0,0.0,0.0,0.9978
2025-02-14,6,86,0.0,0.0,0.0,0.0,1.0271
2025-02-14,6,87,0.0,0.0,0.0,0.0,1.0906
2025-02-14,6,88,0.0,0.0,0.0,0.0,0.9376
2025-02-14,6,89,0.0,0.0,0.0,0.0,0.6694
2025-02-14,6,90,0.0,8.095794308175906,8.095794308175906,0.0,0.66
2025-02-14,6,91,0.0,25.592796603029075,25.592796603029075,0.0,0.7217
2025-02-14,6,92,0.0,58.66103129239317,58.66103129239317,0.0,0.7308
2025-02-14,6,93,77.49710680702879,185.08494638043126,107.58783957340248,0.0,0.7534
2025-02-14,6,94,133.85228735801874,270.33758211926335,136.4852947612446,0.0,0.7823
2025-02-14,6,95,165.9679037938838,281.99304311233146,116.02513931844766,0.0,0.8055
2025-02-14,6,96,220.6767577895624,324.9088315783018,104.23207378873937,0.0,0.8271
2025-02-14,6,97,314.1923505116603,422.71352209617334,108.52117158451301,0.0,0.8519
2025-02-14,6,98,419.30213025825566,480.4667494394783,61.16461918122263,0.0,0.8791
2025-02-14,6,99,448.9256012913224,502.1914964446284,53.26589515330602,0.0,0.9024
2025-02-14,6,100,437.8030611913043,456.5081512755667,18.705090084262395,0.0,0.9163
2025-02-14,6,101,432.7848890865678,432.7848890865678,0.0,0.0,0.9264
2025-02-14,6,102,488.43125699021994,488.43125699021994,0.0,0.0,0.9462
2025-02-14,6,103,522.8608782056962,522.8608782056962,0.0,0.0,0.9742
2025-02-14,6,104,535.6573526167609,535.6573526167609,0.0,0.0,0.9862
2025-02-14,6,105,544.8813297485433,544.8813297485433,0.0,0.0,0.976
2025-02-14,6,106,510.12649246963923,510.12649246963923,0.0,0.0,1.0742
2025-02-14,6,107,216.32550191633544,216.32550191633544,0.0,0.0,1.2313
2025-02-14,6,108,0.0,0.0,0.0,0.0,1.2561
2025-02-14,6,109,0.0,0.0,0.0,0.0,1.2447
2025-02-14,6,110,0.0,0.0,0.0,0.0,1.2545
2025-02-14,6,111,0.0,0.0,0.0,0.0,1.2522
2025-02-14,6,112,0.0,0.0,0.0,0.0,1.2881
2025-02-14,6,113,0.0,0.0,0.0,0.0,1.3466
2025-02-14,6,114,0.0,0.0,0.0,0.0,1.3523
2025-02-14,6,115,0.0,0.0,0.0,0.0,1.3445
2025-02-14,6,116,0.0,0.0,0.0,0.0,1.3483
2025-02-14,6,117,0.0,0.0,0.0,0.0,1.349
2025-02-14,6,118,0.0,0.0,0.0,0.0,1.3473
2025-02-14,6,119,0.0,0.0,0.0,0.0,1.3482
2025-02-14,6,120,0.0,0.0,0.0,0.0,1.3513
2025-02-14,6,121,0.0,0.0,0.0,0.0,1.34
2025-02-14,6,122,0.0,0.0,0.0,0.0,1.3489
2025-02-14,6,123,0.0,0.0,0.0,0.0,1.3952
2025-02-14,6,124,541.949656998766,541.949656998766,0.0,0.0,1.2226
2025-02-14,6,125,533.5639975959425,533.5639975959425,0.0,0.0,0.9332
2025-02-14,6,126,521.9819486669486,521.9819486669486,0.0,0.0,0.9068
2025-02-14,6,127,525.3079097480872,525.3079097480872,0.0,0.0,0.9371
2025-02-14,6,128,547.7563729190766,547.7563729190766,0.0,0.0,0.9371
2025-02-14,6,129,552.5687922549141,552.5687922549141,0.0,0.0,0.9871
2025-02-14,6,130,516.279746282344,516.279746282344,0.0,0.0,0.7764
2025-02-14,6,131,417.36694199224866,417.36694199224866,0.0,0.0,0.4209
2025-02-14,6,132,425.66307978339483,425.66307978339483,0.0,0.0,0.3859
2025-02-14,6,133,427.82144306966967,427.82144306966967,0.0,0.0,0.4368
2025-02-14,6,134,453.34867030262967,453.34867030262967,0.0,0.0,0.4198
2025-02-14,6,135,445.7488882213533,445.7488882213533,0.0,0.0,0.4186
2025-02-14,6,136,435.3716974957628,435.3716974957628,0.0,0.0,0.4241
2025-02-14,6,137,442.57246622883235,442.57246622883235,0.0,0.0,0.4237
2025-02-14,6,138,440.3291705978358,440.3291705978358,0.0,0.0,0.4248
2025-02-14,6,139,443.2816562457826,443.2816562457826,0.0,0.0,0.424
2025-02-14,6,140,468.48166141772975,468.48166141772975,0.0,0.0,0.422
2025-02-14,6,141,465.712132685775,465.712132685775,0.0,0.0,0.424
2025-02-14,6,142,439.2175476093823,439.2175476093823,0.0,0.0,0.4271
2025-02-14,6,143,433.6291411041213,433.6291411041213,0.0,0.0,0.4276
2025-02-14,12,72,586.3136312234033,0.0,0.0,586.3136312234033,0.4411
2025-02-14,12,73,570.3258368908326,0.0,0.0,570.3258368908326,0.4551
2025-02-14,12,74,573.2644798599708,0.0,0.0,573.2644798599708,0.4463
2025-02-14,12,75,547.8059072882884,0.0,0.0,547.8059072882884,0.4113
2025-02-14,12,76,0.0,0.0,0.0,0.0,0.5682
2025-02-14,12,77,0.0,0.0,0.0,0.0,0.8279
2025-02-14,12,78,0.0,0.0,0.0,0.0,0.8636
2025-02-14,12,79,0.0,0.0,0.0,0.0,0.8416
2025-02-14,12,80,0.0,0.0,0.0,0.0,0.8618
2025-02-14,12,81,0.0,0.0,0.0,0.0,0.8623
2025-02-14,12,82,0.0,0.0,0.0,0.0,0.9026
2025-02-14,12,83,0.0,0.0,0.0,0.0,0.9754
2025-02-14,12,84,0.0,0.0,0.0,0.0,1.0002
2025-02-14,12,85,0.0,0.0,0.0,0.0,0.9978
2025-02-14,12,86,0.0,0.0,0.0,0.0,1.0271
2025-02-14,12,87,0.0,0.0,0.0,0.0,1.0906
2025-02-14,12,88,0.0,0.0,0.0,0.0,0.9376
2025-02-14,12,89,0.0,0.0,0.0,0.0,0.6694
2025-02-14,12,90,8.095794308175906,27.638996903732505,19.5432025955566,0.0,0.66
2025-02-14,12,91,25.592796603029075,29.209618182557172,3.6168215795280965,0.0,0.7217
2025-02-14,12,92,58.66103129239317,58.66103129239317,0.0,0.0,0.7308
2025-02-14,12,93,185.08494638043126,177.81521860265366,0.0,7.269727777777604,0.7534
2025-02-14,12,94,270.33758211926335,248.92848063842348,0.0,21.409101480839865,0.7823
2025-02-14,12,95,281.99304311233146,281.99304311233146,0.0,0.0,0.8055
2025-02-14,12,96,324.9088315783018,324.9088315783018,0.0,0.0,0.8271
2025-02-14,12,97,422.71352209617334,422.71352209617334,0.0,0.0,0.8519
2025-02-14,12,98,480.4667494394783,480.4667494394783,0.0,0.0,0.8791
2025-02-14,12,99,502.1914964446284,510.38452585802725,8.193029413398847,0.0,0.9024
2025-02-14,12,100,456.5081512755667,476.87647448834315,20.36832321277643,0.0,0.9163
2025-02-14,12,101,432.7848890865678,432.7848890865678,0.0,0.0,0.9264
2025-02-14,12,102,488.43125699021994,488.43125699021994,0.0,0.0,0.9462
2025-02-14,12,103,522.8608782056962,522.8608782056962,0.0,0.0,0.9742
2025-02-14,12,104,535.6573526167609,535.6573526167609,0.0,0.0,0.9862
2025-02-14,12,105,544.8813297485433,544.8813297485433,0.0,0.0,0.976
2025-02-14,12,106,510.12649246963923,510.12649246963923,0.0,0.0,1.0742
2025-02-14,12,107,216.32550191633544,216.32550191633544,0.0,0.0,1.2313
2025-02-14,12,108,0.0,0.0,0.0,0.0,1.2561
2025-02-14,12,109,0.0,0.0,0.0,0.0,1.2447
2025-02-14,12,110,0.0,0.0,0.0,0.0,1.2545
2025-02-14,12,111,0.0,0.0,0.0,0.0,1.2522
2025-02-14,12,112,0.0,0.0,0.0,0.0,1.2881
2025-02-14,12,113,0.0,0.0,0.0,0.0,1.3466
2025-02-14,12,114,0.0,0.0,0.0,0.0,1.3523
2025-02-14,12,115,0.0,0.0,0.0,0.0,1.3445
2025-02-14,12,116,0.0,0.0,0.0,0.0,1.3483
2025-02-14,12,117,0.0,0.0,0.0,0.0,1.349
2025-02-14,12,118,0.0,0.0,0.0,0.0,1.3473
2025-02-14,12,119,0.0,0.0,0.0,0.0,1.3482
2025-02-14,12,120,0.0,0.0,0.0,0.0,1.3513
2025-02-14,12,121,0.0,0.0,0.0,0.0,1.34
2025-02-14,12,122,0.0,0.0,0.0,0.0,1.3489
2025-02-14,12,123,0.0,0.0,0.0,0.0,1.3952
2025-02-14,12,124,541.949656998766,541.949656998766,0.0,0.0,1.2226
2025-02-14,12,125,533.5639975959425,533.5639975959425,0.0,0.0,0.9332
2025-02-14,12,126,521.9819486669486,521.9819486669486,0.0,0.0,0.9068
2025-02-14,12,127,525.3079097480872,525.3079097480872,0.0,0.0,0.9371
2025-02-14,12,128,547.7563729190766,547.7563729190766,0.0,0.0,0.9371
2025-02-14,12,129,552.5687922549141,552.5687922549141,0.0,0.0,0.9871
2025-02-14,12,130,516.279746282344,516.279746282344,0.0,0.0,0.7764
2025-02-14,12,131,417.36694199224866,417.36694199224866,0.0,0.0,0.4209
2025-02-14,12,132,425.66307978339483,425.66307978339483,0.0,0.0,0.3859
2025-02-14,12,133,427.82144306966967,427.82144306966967,0.0,0.0,0.4368
2025-02-14,12,134,453.34867030262967,453.34867030262967,0.0,0.0,0.4198
2025-02-14,12,135,445.7488882213533,445.7488882213533,0.0,0.0,0.4186
2025-02-14,12,136,435.3716974957628,435.3716974957628,0.0,0.0,0.4241
2025-02-14,12,137,442.57246622883235,442.57246622883235,0.0,0.0,0.4237
2025-02-14,12,138,440.3291705978358,440.3291705978358,0.0,0.0,0.4248
2025-02-14,12,139,443.2816562457826,443.2816562457826,0.0,0.0,0.424
2025-02-14,12,140,468.48166141772975,468.48166141772975,0.0,0.0,0.422
2025-02-14,12,141,465.712132685775,465.712132685775,0.0,0.0,0.424
2025-02-14,12,142,439.2175476093823,439.2175476093823,0.0,0.0,0.4271
2025-02-14,12,143,433.6291411041213,433.6291411041213,0.0,0.0,0.4276
2025-02-14,18,108,0.0,0.0,0.0,0.0,1.2561
2025-02-14,18,109,0.0,0.0,0.0,0.0,1.2447
2025-02-14,18,110,0.0,0.0,0.0,0.0,1.2545
2025-02-14,18,111,0.0,0.0,0.0,0.0,1.2522
2025-02-14,18,112,0.0,0.0,0.0,0.0,1.2881
2025-02-14,18,113,0.0,0.0,0.0,0.0,1.3466
2025-02-14,18,114,0.0,0.0,0.0,0.0,1.3523
2025-02-14,18,115,0.0,0.0,0.0,0.0,1.3445
2025-02-14,18,116,0.0,0.0,0.0,0.0,1.3483
2025-02-14,18,117,0.0,0.0,0.0,0.0,1.349
2025-02-14,18,118,0.0,0.0,0.0,0.0,1.3473
2025-02-14,18,119,0.0,0.0,0.0,0.0,1.3482
2025-02-14,18,120,0.0,0.0,0.0,0.0,1.3513
2025-02-14,18,121,0.0,0.0,0.0,0.0,1.34
2025-02-14,18,122,0.0,0.0,0.0,0.0,1.3489
2025-02-14,18,123,0.0,0.0,0.0,0.0,1.3952
2025-02-14,18,124,541.949656998766,541.949656998766,0.0,0.0,1.2226
2025-02-14,18,125,533.5639975959425,533.5639975959425,0.0,0.0,0.9332
2025-02-14,18,126,521.9819486669486,521.9819486669486,0.0,0.0,0.9068
2025-02-14,18,127,525.3079097480872,525.3079097480872,0.0,0.0,0.9371
2025-02-14,18,128,547.7563729190766,547.7563729190766,0.0,0.0,0.9371
2025-02-14,18,129,552.5687922549141,552.5687922549141,0.0,0.0,0.9871
2025-02-14,18,130,516.279746282344,516.279746282344,0.0,0.0,0.7764
2025-02-14,18,131,417.36694199224866,417.36694199224866,0.0,0.0,0.4209
2025-02-14,18,132,425.66307978339483,425.66307978339483,0.0,0.0,0.3859
2025-02-14,18,133,427.82144306966967,427.82144306966967,0.0,0.0,0.4368
2025-02-14,18,134,453.34867030262967,453.34867030262967,0.0,0.0,0.4198
2025-02-14,18,135,445.7488882213533,445.7488882213533,0.0,0.0,0.4186
2025-02-14,18,136,435.3716974957628,435.3716974957628,0.0,0.0,0.4241
2025-02-14,18,137,442.57246622883235,442.57246622883235,0.0,0.0,0.4237
2025-02-14,18,138,440.3291705978358,440.3291705978358,0.0,0.0,0.4248
2025-02-14,18,139,443.2816562457826,443.2816562457826,0.0,0.0,0.424
2025-02-14,18,140,468.48166141772975,468.48166141772975,0.0,0.0,0.422
2025-02-14,18,141,465.712132685775,465.712132685775,0.0,0.0,0.424
2025-02-14,18,142,439.2175476093823,439.2175476093823,0.0,0.0,0.4271
2025-02-14,18,143,433.6291411041213,433.6291411041213,0.0,0.0,0.4276
2025-02-15,6,36,0.0,0.0,0.0,0.0,0.9368
2025-02-15,6,37,0.0,0.0,0.0,0.0,0.8758
2025-02-15,6,38,0.0,0.0,0.0,0.0,0.8759
2025-02-15,6,39,0.0,0.0,0.0,0.0,0.8601
2025-02-15,6,40,0.0,0.0,0.0,0.0,0.8442
2025-02-15,6,41,0.0,0.0,0.0,0.0,0.8334
2025-02-15,6,42,0.0,0.0,0.0,0.0,0.8092
2025-02-15,6,43,0.0,0.0,0.0,0.0,0.7972
2025-02-15,6,44,0.0,0.0,0.0,0.0,0.7644
2025-02-15,6,45,277.0092116624246,190.49609809632457,0.0,86.51311356610003,0.6899
2025-02-15,6,46,0.0,0.0,0.0,0.0,0.86
2025-02-15,6,47,0.0,0.0,0.0,0.0,1.1617
2025-02-15,6,48,0.0,0.0,0.0,0.0,1.1683
2025-02-15,6,49,0.0,0.0,0.0,0.0,1.0956
2025-02-15,6,50,0.0,0.0,0.0,0.0,1.0849
2025-02-15,6,51,0.0,0.0,0.0,0.0,1.061
2025-02-15,6,52,0.0,0.0,0.0,0.0,1.043
2025-02-15,6,53,0.0,0.0,0.0,0.0,1.036
2025-02-15,6,54,0.0,0.0,0.0,0.0,1.0147
2025-02-15,6,55,0.0,0.0,0.0,0.0,0.9922
2025-02-15,6,56,0.0,0.0,0.0,0.0,0.97
2025-02-15,6,57,0.0,0.0,0.0,0.0,0.9422
2025-02-15,6,58,0.0,0.0,0.0,0.0,0.9569
2025-02-15,6,59,0.0,0.0,0.0,0.0,0.9977
2025-02-15,6,60,0.0,0.0,0.0,0.0,0.9919
2025-02-15,6,61,0.0,0.0,0.0,0.0,0.9588
2025-02-15,6,62,0.0,0.0,0.0,0.0,0.9549
2025-02-15,6,63,0.0,0.0,0.0,0.0,0.9839
2025-02-15,6,64,0.0,0.0,0.0,0.0,0.799
2025-02-15,6,65,754.3708254667753,0.0,0.0,754.3708254667753,0.5025
2025-02-15,6,66,725.5997322050945,553.1603599828721,0.0,172.43937222222235,0.4662
2025-02-15,6,67,718.4650204198249,0.0,0.0,718.4650204198249,0.5007
2025-02-15,6,68,734.0883683881342,0.0,0.0,734.0883683881342,0.4827
2025-02-15,6,69,737.1090688509303,24.76505510672746,0.0,712.3440137442028,0.4785
2025-02-15,6,70,741.3453068327358,548.560156832736,0.0,192.78514999999982,0.4662
2025-02-15,6,71,734.102674888519,536.2310804440746,0.0,197.87159444444444,0.4432
2025-02-15,6,72,657.9893409598047,451.05310155715733,0.0,206.9362394026474,0.4411
2025-02-15,6,73,654.8811252575429,427.74626692420964,0.0,227.13485833333323,0.4551
2025-02-15,6,74,666.6343408094012,452.44610053162353,0.0,214.1882402777777,0.4463
2025-02-15,6,75,676.4169200134362,456.7193102912138,0.0,219.6976097222224,0.4113
2025-02-15,6,76,0.0,0.0,0.0,0.0,0.5682
2025-02-15,6,77,0.0,0.0,0.0,0.0,0.8279
2025-02-15,6,78,0.0,0.0,0.0,0.0,0.8636
2025-02-15,6,79,0.0,0.0,0.0,0.0,0.8416
2025-02-15,6,80,0.0,0.0,0.0,0.0,0.8618
2025-02-15,6,81,0.0,0.0,0.0,0.0,0.8623
2025-02-15,6,82,0.0,0.0,0.0,0.0,0.9026
2025-02-15,6,83,0.0,0.0,0.0,0.0,0.9754
2025-02-15,6,84,0.0,0.0,0.0,0.0,1.0002
2025-02-15,6,85,0.0,0.0,0.0,0.0,0.9978
2025-02-15,6,86,9.273159994871548,0.0,0.0,9.273159994871548,1.0271
2025-02-15,6,87,13.506496174031781,0.0,0.0,13.506496174031781,1.0906
2025-02-15,6,88,23.04495905138151,0.0,0.0,23.04495905138151,0.9376
2025-02-15,6,89,43.283720317483734,43.283720317483734,0.0,0.0,0.6694
2025-02-15,6,90,95.8034694423909,95.8034694423909,0.0,0.0,0.66
2025-02-15,6,91,166.91330297395257,118.76045865736137,0.0,48.1528443165912,0.7217
2025-02-15,6,92,252.6054140399424,197.04461542883118,0.0,55.56079861111121,0.7308
2025-02-15,6,93,326.3917150843747,261.4529303621525,0.0,64.93878472222224,0.7534
2025-02-15,6,94,352.68842779370925,282.8058248582133,0.0,69.88260293549592,0.7823
2025-02-15,6,95,403.7765567403317,320.0817997958872,0.0,83.69475694444452,0.8055
2025-02-15,6,96,491.774416247746,418.852178747746,0.0,72.9222375,0.8271
2025-02-15,6,97,523.9654802069575,460.7873343736242,0.0,63.1781458333333,0.8519
2025-02-15,6,98,580.3759415056544,526.9418873389877,0.0,53.43405416666667,0.8791
2025-02-15,6,99,625.1637637525045,578.8528234747267,0.0,46.31094027777772,0.9024
2025-02-15,6,100,634.1384290184991,623.4417540284859,0.0,10.696674990013207,0.9163
2025-02-15,6,101,559.2626840097015,535.0609048430348,0.0,24.20177916666671,0.9264
2025-02-15,6,102,582.567078136845,582.567078136845,0.0,0.0,0.9462
2025-02-15,6,103,620.6718232814449,620.6718232814449,0.0,0.0,0.9742
2025-02-15,6,104,651.7484532032859,640.4727754255083,0.0,11.27567777777756,0.9862
2025-02-15,6,105,691.8989777961427,685.124422240587,0.0,6.7745555555557075,0.976
2025-02-15,6,106,649.894478042976,645.0620447096426,0.0,4.83243333333337,1.0742
2025-02-15,6,107,563.2937416438148,563.2937416438148,0.0,0.0,1.2313
2025-02-15,6,108,0.0,0.0,0.0,0.0,1.2561
2025-02-15,6,109,325.05013803368576,325.05013803368576,0.0,0.0,1.2447
2025-02-15,6,110,0.0,0.0,0.0,0.0,1.2545
2025-02-15,6,111,0.0,0.0,0.0,0.0,1.2522
2025-02-15,6,112,0.0,0.0,0.0,0.0,1.2881
2025-02-15,6,113,0.0,0.0,0.0,0.0,1.3466
2025-02-15,6,114,0.0,0.0,0.0,0.0,1.3523
2025-02-15,6,115,0.0,0.0,0.0,0.0,1.3445
2025-02-15,6,116,0.0,0.0,0.0,0.0,1.3483
2025-02-15,6,117,0.0,0.0,0.0,0.0,1.349
2025-02-15,6,118,0.0,0.0,0.0,0.0,1.3473
2025-02-15,6,119,0.0,0.0,0.0,0.0,1.3482
2025-02-15,6,120,0.0,0.0,0.0,0.0,1.3513
2025-02-15,6,121,0.0,0.0,0.0,0.0,1.34
2025-02-15,6,122,0.0,0.0,0.0,0.0,1.3489
2025-02-15,6,123,0.0,0.0,0.0,0.0,1.3952
2025-02-15,6,124,547.8975469401117,547.8975469401117,0.0,0.0,1.2226
2025-02-15,6,125,521.3404287938304,521.3404287938304,0.0,0.0,0.9332
2025-02-15,6,126,552.940965302526,552.940965302526,0.0,0.0,0.9068
2025-02-15,6,127,564.2863236170739,564.2863236170739,0.0,0.0,0.9371
2025-02-15,6,128,536.4005109302891,536.4005109302891,0.0,0.0,0.9371
2025-02-15,6,129,579.958119179663,579.958119179663,0.0,0.0,0.9871
2025-02-15,6,130,534.2523745028626,534.2523745028626,0.0,0.0,0.7764
2025-02-15,6,131,461.4099400335105,461.4099400335105,0.0,0.0,0.4209
2025-02-15,6,132,449.70827389652254,449.70827389652254,0.0,0.0,0.3859
2025-02-15,6,133,474.39555400922046,474.39555400922046,0.0,0.0,0.4368
2025-02-15,6,134,462.5347351303249,462.5347351303249,0.0,0.0,0.4198
2025-02-15,6,135,466.92076943714557,466.92076943714557,0.0,0.0,0.4186
2025-02-15,6,136,479.7166737868258,479.7166737868258,0.0,0.0,0.4241
2025-02-15,6,137,492.7729817094972,492.7729817094972,0.0,0.0,0.4237
2025-02-15,6,138,477.39364124317234,477.39364124317234,0.0,0.0,0.4248
2025-02-15,6,139,470.53341772248797,470.53341772248797,0.0,0.0,0.424
2025-02-15,6,140,481.29280728965404,481.29280728965404,0.0,0.0,0.422
2025-02-15,6,141,454.38413510799404,454.38413510799404,0.0,0.0,0.424
2025-02-15,6,142,465.1943308603286,465.1943308603286,0.0,0.0,0.4271
2025-02-15,6,143,614.6826067880487,614.6826067880487,0.0,0.0,0.4276
2025-02-15,12,72,451.05310155715733,0.0,0.0,451.05310155715733,0.4411
2025-02-15,12,73,427.74626692420964,0.0,0.0,427.74626692420964,0.4551
2025-02-15,12,74,452.44610053162353,0.0,0.0,452.44610053162353,0.4463
2025-02-15,12,75,456.7193102912138,0.0,0.0,456.7193102912138,0.4113
2025-02-15,12,76,0.0,0.0,0.0,0.0,0.5682
2025-02-15,12,77,0.0,0.0,0.0,0.0,0.8279
2025-02-15,12,78,0.0,0.0,0.0,0.0,0.8636
2025-02-15,12,79,0.0,0.0,0.0,0.0,0.8416
2025-02-15,12,80,0.0,0.0,0.0,0.0,0.8618
2025-02-15,12,81,0.0,0.0,0.0,0.0,0.8623
2025-02-15,12,82,0.0,0.0,0.0,0.0,0.9026
2025-02-15,12,83,0.0,0.0,0.0,0.0,0.9754
2025-02-15,12,84,0.0,0.0,0.0,0.0,1.0002
2025-02-15,12,85,0.0,0.0,0.0,0.0,0.9978
2025-02-15,12,86,0.0,0.0,0.0,0.0,1.0271
2025-02-15,12,87,0.0,0.0,0.0,0.0,1.0906
2025-02-15,12,88,0.0,0.0,0.0,0.0,0.9376
2025-02-15,12,89,43.283720317483734,31.441233033821618,0.0,11.842487283662116,0.6694
2025-02-15,12,90,95.8034694423909,37.04031499559392,0.0,58.76315444679699,0.66
2025-02-15,12,91,118.76045865736137,64.18944609826713,0.0,54.57101255909424,0.7217
2025-02-15,12,92,197.04461542883118,160.4643531777261,0.0,36.58026225110507,0.7308
2025-02-15,12,93,261.4529303621525,209.7897792985606,0.0,51.66315106359187,0.7534
2025-02-15,12,94,282.8058248582133,267.58584569154664,0.0,15.21997916666669,0.7823
2025-02-15,12,95,320.0817997958872,320.0817997958872,0.0,0.0,0.8055
2025-02-15,12,96,418.852178747746,418.852178747746,0.0,0.0,0.8271
2025-02-15,12,97,460.7873343736242,460.7873343736242,0.0,0.0,0.8519
2025-02-15,12,98,526.9418873389877,526.9418873389877,0.0,0.0,0.8791
2025-02-15,12,99,578.8528234747267,578.8528234747267,0.0,0.0,0.9024
2025-02-15,12,100,623.4417540284859,598.6151540184991,0.0,24.826600009986805,0.9163
2025-02-15,12,101,535.0609048430348,535.0609048430348,0.0,0.0,0.9264
2025-02-15,12,102,582.567078136845,582.567078136845,0.0,0.0,0.9462
2025-02-15,12,103,620.6718232814449,606.537498281445,0.0,14.134324999999876,0.9742
2025-02-15,12,104,640.4727754255083,640.4727754255083,0.0,0.0,0.9862
2025-02-15,12,105,685.124422240587,685.124422240587,0.0,0.0,0.976
2025-02-15,12,106,645.0620447096426,645.0620447096426,0.0,0.0,1.0742
2025-02-15,12,107,563.2937416438148,563.2937416438148,0.0,0.0,1.2313
2025-02-15,12,108,0.0,0.0,0.0,0.0,1.2561
2025-02-15,12,109,325.05013803368576,325.05013803368576,0.0,0.0,1.2447
2025-02-15,12,110,0.0,0.0,0.0,0.0,1.2545
2025-02-15,12,111,0.0,0.0,0.0,0.0,1.2522
2025-02-15,12,112,0.0,0.0,0.0,0.0,1.2881
2025-02-15,12,113,0.0,0.0,0.0,0.0,1.3466
2025-02-15,12,114,0.0,0.0,0.0,0.0,1.3523
2025-02-15,12,115,0.0,0.0,0.0,0.0,1.3445
2025-02-15,12,116,0.0,0.0,0.0,0.0,1.3483
2025-02-15,12,117,0.0,0.0,0.0,0.0,1.349
2025-02-15,12,118,0.0,0.0,0.0,0.0,1.3473
2025-02-15,12,119,0.0,0.0,0.0,0.0,1.3482
2025-02-15,12,120,0.0,0.0,0.0,0.0,1.3513
2025-02-15,12,121,0.0,0.0,0.0,0.0,1.34
2025-02-15,12,122,0.0,0.0,0.0,0.0,1.3489
2025-02-15,12,123,0.0,0.0,0.0,0.0,1.3952
2025-02-15,12,124,547.8975469401117,547.8975469401117,0.0,0.0,1.2226
2025-02-15,12,125,521.3404287938304,521.3404287938304,0.0,0.0,0.9332
2025-02-15,12,126,552.940965302526,552.940965302526,0.0,0.0,0.9068
2025-02-15,12,127,564.2863236170739,564.2863236170739,0.0,0.0,0.9371
2025-02-15,12,128,536.4005109302891,536.4005109302891,0.0,0.0,0.9371
2025-02-15,12,129,579.958119179663,579.958119179663,0.0,0.0,0.9871
2025-02-15,12,130,534.2523745028626,534.2523745028626,0.0,0.0,0.7764
2025-02-15,12,131,461.4099400335105,461.4099400335105,0.0,0.0,0.4209
2025-02-15,12,132,449.70827389652254,449.70827389652254,0.0,0.0,0.3859
2025-02-15,12,133,474.39555400922046,474.39555400922046,0.0,0.0,0.4368
2025-02-15,12,134,462.5347351303249,462.5347351303249,0.0,0.0,0.4198
2025-02-15,12,135,466.92076943714557,466.92076943714557,0.0,0.0,0.4186
2025-02-15,12,136,479.7166737868258,479.7166737868258,0.0,0.0,0.4241
2025-02-15,12,137,492.7729817094972,492.7729817094972,0.0,0.0,0.4237
2025-02-15,12,138,477.39364124317234,477.39364124317234,0.0,0.0,0.4248
2025-02-15,12,139,470.53341772248797,470.53341772248797,0.0,0.0,0.424
2025-02-15,12,140,481.29280728965404,481.29280728965404,0.0,0.0,0.422
2025-02-15,12,141,454.38413510799404,454.38413510799404,0.0,0.0,0.424
2025-02-15,12,142,465.1943308603286,465.1943308603286,0.0,0.0,0.4271
2025-02-15,12,143,614.6826067880487,614.6826067880487,0.0,0.0,0.4276
2025-02-15,18,108,0.0,0.0,0.0,0.0,1.2561
2025-02-15,18,109,325.05013803368576,325.05013803368576,0.0,0.0,1.2447
2025-02-15,18,110,0.0,0.0,0.0,0.0,1.2545
2025-02-15,18,111,0.0,0.0,0.0,0.0,1.2522
2025-02-15,18,112,0.0,0.0,0.0,0.0,1.2881
2025-02-15,18,113,0.0,0.0,0.0,0.0,1.3466
2025-02-15,18,114,0.0,0.0,0.0,0.0,1.3523
2025-02-15,18,115,0.0,0.0,0.0,0.0,1.3445
2025-02-15,18,116,0.0,0.0,0.0,0.0,1.3483
2025-02-15,18,117,0.0,0.0,0.0,0.0,1.349
2025-02-15,18,118,0.0,0.0,0.0,0.0,1.3473
2025-02-15,18,119,0.0,0.0,0.0,0.0,1.3482
2025-02-15,18,120,0.0,0.0,0.0,0.0,1.3513
2025-02-15,18,121,0.0,0.0,0.0,0.0,1.34
2025-02-15,18,122,0.0,0.0,0.0,0.0,1.3489
2025-02-15,18,123,0.0,0.0,0.0,0.0,1.3952
2025-02-15,18,124,547.8975469401117,547.8975469401117,0.0,0.0,1.2226
2025-02-15,18,125,521.3404287938304,521.3404287938304,0.0,0.0,0.9332
2025-02-15,18,126,552.940965302526,552.940965302526,0.0,0.0,0.9068
2025-02-15,18,127,564.2863236170739,564.2863236170739,0.0,0.0,0.9371
2025-02-15,18,128,536.4005109302891,536.4005109302891,0.0,0.0,0.9371
2025-02-15,18,129,579.958119179663,579.958119179663,0.0,0.0,0.9871
2025-02-15,18,130,534.2523745028626,534.2523745028626,0.0,0.0,0.7764
2025-02-15,18,131,461.4099400335105,461.4099400335105,0.0,0.0,0.4209
2025-02-15,18,132,449.70827389652254,449.70827389652254,0.0,0.0,0.3859
2025-02-15,18,133,474.39555400922046,474.39555400922046,0.0,0.0,0.4368
2025-02-15,18,134,462.5347351303249,462.5347351303249,0.0,0.0,0.4198
2025-02-15,18,135,466.92076943714557,466.92076943714557,0.0,0.0,0.4186
2025-02-15,18,136,479.7166737868258,479.7166737868258,0.0,0.0,0.4241
2025-02-15,18,137,492.7729817094972,492.7729817094972,0.0,0.0,0.4237
2025-02-15,18,138,477.39364124317234,477.39364124317234,0.0,0.0,0.4248
2025-02-15,18,139,470.53341772248797,470.53341772248797,0.0,0.0,0.424
2025-02-15,18,140,481.29280728965404,481.29280728965404,0.0,0.0,0.422
2025-02-15,18,141,454.38413510799404,454.38413510799404,0.0,0.0,0.424
2025-02-15,18,142,465.1943308603286,465.1943308603286,0.0,0.0,0.4271
2025-02-15,18,143,614.6826067880487,614.6826067880487,0.0,0.0,0.4276
2025-02-16,6,36,258.81565835286153,99.99613613063946,0.0,158.81952222222208,0.9368
2025-02-16,6,37,925.010570091611,925.010570091611,0.0,0.0,0.8758
2025-02-16,6,38,943.8236335061079,941.3926890616634,0.0,2.4309444444444352,0.8759
2025-02-16,6,39,900.0321362902159,900.0321362902159,0.0,0.0,0.8601
2025-02-16,6,40,829.0820977698227,824.7063977698227,0.0,4.375699999999938,0.8442
2025-02-16,6,41,825.3321567070462,819.8811525403797,0.0,5.4510041666665074,0.8334
2025-02-16,6,42,779.7638648682199,777.3316621877925,0.0,2.4322026804273946,0.8092
2025-02-16,6,43,759.3753838321758,743.3814129988426,0.0,15.993970833333151,0.7972
2025-02-16,6,44,710.5103589622944,687.3007297956277,0.0,23.209629166666673,0.7644
2025-02-16,6,45,1501.8711982845643,1462.88506634012,0.0,38.98613194444442,0.6899
2025-02-16,6,46,731.019420475116,694.1408526162774,0.0,36.878567858838665,0.86
2025-02-16,6,47,85.8262159628614,27.96032290730591,0.0,57.86589305555549,1.1617
2025-02-16,6,48,41.624220656736725,0.0,0.0,41.624220656736725,1.1683
2025-02-16,6,49,0.0,0.0,0.0,0.0,1.0956
2025-02-16,6,50,0.0,0.0,0.0,0.0,1.0849
2025-02-16,6,51,0.0,0.0,0.0,0.0,1.061
2025-02-16,6,52,0.0,0.0,0.0,0.0,1.043
2025-02-16,6,53,0.0,0.0,0.0,0.0,1.036
2025-02-16,6,54,0.0,0.0,0.0,0.0,1.0147
2025-02-16,6,55,0.0,0.0,0.0,0.0,0.9922
2025-02-16,6,56,0.0,0.0,0.0,0.0,0.97
2025-02-16,6,57,316.73509526008155,0.0,0.0,316.73509526008155,0.9422
2025-02-16,6,58,0.0,0.0,0.0,0.0,0.9569
2025-02-16,6,59,0.0,0.0,0.0,0.0,0.9977
2025-02-16,6,60,0.0,0.0,0.0,0.0,0.9919
2025-02-16,6,61,0.0,0.0,0.0,0.0,0.9588
2025-02-16,6,62,184.06291433380366,0.0,0.0,184.06291433380366,0.9549
2025-02-16,6,63,0.0,0.0,0.0,0.0,0.9839
2025-02-16,6,64,343.4403320488489,196.3452853142024,0.0,147.0950467346465,0.799
2025-02-16,6,65,1205.4694097009397,1026.0425027564957,0.0,179.426906944444,0.5025
2025-02-16,6,66,1156.178886229627,963.481861229627,0.0,192.69702500000005,0.4662
2025-02-16,6,67,1128.080520974285,931.5070459742848,0.0,196.57347500000026,0.5007
2025-02-16,6,68,1134.1785058357918,933.7285808357916,0.0,200.44992500000023,0.4827
2025-02-16,6,69,1101.211402136768,896.8850271367679,0.0,204.32637499999998,0.4785
2025-02-16,6,70,1074.9873216366761,866.7844966366764,0.0,208.20282499999973,0.4662
2025-02-16,6,71,1038.9930048689675,826.9137298689676,0.0,212.07927499999994,0.4432
2025-02-16,6,72,961.7616301952639,746.4400796815058,0.0,215.3215505137581,0.4411
2025-02-16,6,73,970.6571056538437,745.5716806538438,0.0,225.08542499999987,0.4551
2025-02-16,6,74,995.923679611974,794.2196171119741,0.0,201.70406249999985,0.4463
2025-02-16,6,75,1009.7906323513598,813.0119448513598,0.0,196.77868750000005,0.4113
2025-02-16,6,76,1054.8641318858581,863.0108193858583,0.0,191.8533124999998,0.5682
2025-02-16,6,77,148.1621570543824,85.680257039161,0.0,62.481900015221385,0.8279
2025-02-16,6,78,174.21798623283198,80.35559605155397,0.0,93.862390181278,0.8636
2025-02-16,6,79,118.0955856174951,105.79491998615352,0.0,12.300665631341587,0.8416
2025-02-16,6,80,114.96608155600643,114.96608155600643,0.0,0.0,0.8618
2025-02-16,6,81,163.82888254045838,163.82888254045838,0.0,0.0,0.8623
2025-02-16,6,82,175.046394932301,175.046394932301,0.0,0.0,0.9026
2025-02-16,6,83,0.0,0.0,0.0,0.0,0.9754
2025-02-16,6,84,0.0,0.0,0.0,0.0,1.0002
2025-02-16,6,85,0.0,0.0,0.0,0.0,0.9978
2025-02-16,6,86,0.0,0.0,0.0,0.0,1.0271
2025-02-16,6,87,0.0,0.0,0.0,0.0,1.0906
2025-02-16,6,88,450.8536243775077,0.0,0.0,450.8536243775077,0.9376
2025-02-16,6,89,458.41342656185844,458.41342656185844,0.0,0.0,0.6694
2025-02-16,6,90,1522.0569779158404,1252.616372360285,0.0,269.4406055555555,0.66
2025-02-16,6,91,1507.2494051125914,1267.3235551125913,0.0,239.92585000000008,0.7217
2025-02-16,6,92,1534.487841693512,1335.4924136668396,0.0,198.99542802667247,0.7308
2025-02-16,6,93,713.6864131717657,645.4271389356904,0.0,68.25927423607527,0.7534
2025-02-16,6,94,759.4862174526734,635.6455174526734,0.0,123.84069999999997,0.7823
2025-02-16,6,95,795.7011637410013,722.7626676914184,0.0,72.93849604958291,0.8055
2025-02-16,6,96,848.4752165482572,747.4336082149238,0.0,101.04160833333344,0.8271
2025-02-16,6,97,867.4121856732735,778.5062606732735,0.0,88.90592500000002,0.8519
2025-02-16,6,98,925.221653287878,873.4064745478386,0.0,51.815178740039414,0.8791
2025-02-16,6,99,969.6420095820796,927.0079015619212,0.0,42.63410802015835,0.9024
2025-02-16,6,100,992.7448722196942,963.4951930630144,0.0,29.249679156679804,0.9163
2025-02-16,6,101,984.2974085800506,943.9342169133838,0.0,40.36319166666681,0.9264
2025-02-16,6,102,1063.2405012030065,1063.2405012030065,0.0,0.0,0.9462
2025-02-16,6,103,1096.3303023371504,1070.6087898371504,0.0,25.721512500000017,0.9742
2025-02-16,6,104,1103.716056648227,1083.710435814894,0.0,20.00562083333307,0.9862
2025-02-16,6,105,1158.434230445281,1145.2286337420228,0.0,13.205596703258152,0.976
2025-02-16,6,106,1022.9096066923025,1014.3357691923025,0.0,8.573837500000081,1.0742
2025-02-16,6,107,776.4694856459461,773.6115398126129,0.0,2.857945833333133,1.2313
2025-02-16,6,108,771.222046297421,771.222046297421,0.0,0.0,1.2561
2025-02-16,6,109,782.8273632692659,782.8273632692659,0.0,0.0,1.2447
2025-02-16,6,110,763.4987661184164,763.4987661184164,0.0,0.0,1.2545
2025-02-16,6,111,764.7257202920941,764.7257202920941,0.0,0.0,1.2522
2025-02-16,6,112,590.5601196582909,590.5601196582909,0.0,0.0,1.2881
2025-02-16,6,113,0.0,0.0,0.0,0.0,1.3466
2025-02-16,6,114,0.0,0.0,0.0,0.0,1.3523
2025-02-16,6,115,0.0,0.0,0.0,0.0,1.3445
2025-02-16,6,116,0.0,0.0,0.0,0.0,1.3483
2025-02-16,6,117,0.0,0.0,0.0,0.0,1.349
2025-02-16,6,118,0.0,0.0,0.0,0.0,1.3473
2025-02-16,6,119,0.0,0.0,0.0,0.0,1.3482
2025-02-16,6,120,0.0,0.0,0.0,0.0,1.3513
2025-02-16,6,121,0.0,0.0,0.0,0.0,1.34
2025-02-16,6,122,0.0,0.0,0.0,0.0,1.3489
2025-02-16,6,123,0.0,0.0,0.0,0.0,1.3952
2025-02-16,6,124,748.3380024238571,748.3380024238571,0.0,0.0,1.2226
2025-02-16,6,125,756.7017557003801,756.7017557003801,0.0,0.0,0.9332
2025-02-16,6,126,775.0108086500048,775.0108086500048,0.0,0.0,0.9068
2025-02-16,6,127,773.3884265780652,773.3884265780652,0.0,0.0,0.9371
2025-02-16,6,128,775.9288889926471,775.9288889926471,0.0,0.0,0.9371
2025-02-16,6,129,792.1511607113865,792.1511607113865,0.0,0.0,0.9871
2025-02-16,6,130,707.1877089339391,707.1877089339391,0.0,0.0,0.7764
2025-02-16,6,131,591.3839578670311,591.3839578670311,0.0,0.0,0.4209
2025-02-16,6,132,565.125720905616,565.125720905616,0.0,0.0,0.3859
2025-02-16,6,133,594.7976045019958,594.7976045019958,0.0,0.0,0.4368
2025-02-16,6,134,582.273184862797,582.273184862797,0.0,0.0,0.4198
2025-02-16,6,135,584.2780522434549,584.2780522434549,0.0,0.0,0.4186
2025-02-16,6,136,588.4111353785538,588.4111353785538,0.0,0.0,0.4241
2025-02-16,6,137,606.743817644678,606.743817644678,0.0,0.0,0.4237
2025-02-16,6,138,610.7807223468644,610.7807223468644,0.0,0.0,0.4248
2025-02-16,6,139,600.4455227090024,600.4455227090024,0.0,0.0,0.424
2025-02-16,6,140,594.8207600509342,594.8207600509342,0.0,0.0,0.422
2025-02-16,6,141,583.2010181095383,583.2010181095383,0.0,0.0,0.424
2025-02-16,6,142,587.1954113934246,587.1954113934246,0.0,0.0,0.4271
2025-02-16,6,143,592.9021505021459,592.9021505021459,0.0,0.0,0.4276
2025-02-16,12,72,746.4400796815058,746.4400796815058,0.0,0.0,0.4411
2025-02-16,12,73,745.5716806538438,407.2344653171387,0.0,338.3372153367051,0.4551
2025-02-16,12,74,794.2196171119741,794.2196171119741,0.0,0.0,0.4463
2025-02-16,12,75,813.0119448513598,813.0119448513598,0.0,0.0,0.4113
2025-02-16,12,76,863.0108193858583,32.05792489742964,0.0,830.9528944884287,0.5682
2025-02-16,12,77,85.680257039161,85.680257039161,0.0,0.0,0.8279
2025-02-16,12,78,80.35559605155397,52.44044049599855,0.0,27.915155555555422,0.8636
2025-02-16,12,79,105.79491998615352,63.784186652820004,0.0,42.01073333333351,0.8416
2025-02-16,12,80,114.96608155600643,77.03036627822864,0.0,37.93571527777779,0.8618
2025-02-16,12,81,163.82888254045838,120.5653438180387,0.0,43.26353872241968,0.8623
2025-02-16,12,82,175.046394932301,0.0,0.0,175.046394932301,0.9026
2025-02-16,12,83,0.0,0.0,0.0,0.0,0.9754
2025-02-16,12,84,0.0,0.0,0.0,0.0,1.0002
2025-02-16,12,85,0.0,0.0,0.0,0.0,0.9978
2025-02-16,12,86,0.0,0.0,0.0,0.0,1.0271
2025-02-16,12,87,0.0,0.0,0.0,0.0,1.0906
2025-02-16,12,88,0.0,0.0,0.0,0.0,0.9376
2025-02-16,12,89,458.41342656185844,458.41342656185844,0.0,0.0,0.6694
2025-02-16,12,90,1252.616372360285,1193.082158501305,0.0,59.53421385897991,0.66
2025-02-16,12,91,1267.3235551125913,1257.9711370903542,0.0,9.352418022237089,0.7217
2025-02-16,12,92,1335.4924136668396,494.9441928335061,0.0,840.5482208333335,0.7308
2025-02-16,12,93,645.4271389356904,482.64205099706265,0.0,162.78508793862778,0.7534
2025-02-16,12,94,635.6455174526734,572.4291728505108,0.0,63.21634460216262,0.7823
2025-02-16,12,95,722.7626676914184,659.0999190803074,0.0,63.662748611111056,0.8055
2025-02-16,12,96,747.4336082149238,747.4336082149238,0.0,0.0,0.8271
2025-02-16,12,97,778.5062606732735,731.6562065066067,0.0,46.85005416666672,0.8519
2025-02-16,12,98,873.4064745478386,868.8432689922829,0.0,4.563205555555669,0.8791
2025-02-16,12,99,927.0079015619212,899.5691123598575,0.0,27.43878920206373,0.9024
2025-02-16,12,100,963.4951930630144,962.4236763963477,0.0,1.0715166666667528,0.9163
2025-02-16,12,101,943.9342169133838,943.9342169133838,0.0,0.0,0.9264
2025-02-16,12,102,1063.2405012030065,1029.6089484252286,0.0,33.63155277777787,0.9462
2025-02-16,12,103,1070.6087898371504,1070.6087898371504,0.0,0.0,0.9742
2025-02-16,12,104,1083.710435814894,1083.710435814894,0.0,0.0,0.9862
2025-02-16,12,105,1145.2286337420228,1144.231293464245,0.0,0.9973402777777665,0.976
2025-02-16,12,106,1014.3357691923025,1014.3357691923025,0.0,0.0,1.0742
2025-02-16,12,107,773.6115398126129,773.4120717570573,0.0,0.19946805555559877,1.2313
2025-02-16,12,108,771.222046297421,771.222046297421,0.0,0.0,1.2561
2025-02-16,12,109,782.8273632692659,782.8273632692659,0.0,0.0,1.2447
2025-02-16,12,110,763.4987661184164,763.4987661184164,0.0,0.0,1.2545
2025-02-16,12,111,764.7257202920941,764.7257202920941,0.0,0.0,1.2522
2025-02-16,12,112,590.5601196582909,590.5601196582909,0.0,0.0,1.2881
2025-02-16,12,113,0.0,0.0,0.0,0.0,1.3466
2025-02-16,12,114,0.0,0.0,0.0,0.0,1.3523
2025-02-16,12,115,0.0,0.0,0.0,0.0,1.3445
2025-02-16,12,116,0.0,0.0,0.0,0.0,1.3483
2025-02-16,12,117,0.0,0.0,0.0,0.0,1.349
2025-02-16,12,118,0.0,0.0,0.0,0.0,1.3473
2025-02-16,12,119,0.0,0.0,0.0,0.0,1.3482
2025-02-16,12,120,0.0,0.0,0.0,0.0,1.3513
2025-02-16,12,121,0.0,0.0,0.0,0.0,1.34
2025-02-16,12,122,0.0,0.0,0.0,0.0,1.3489
2025-02-16,12,123,0.0,0.0,0.0,0.0,1.3952
2025-02-16,12,124,748.3380024238571,748.3380024238571,0.0,0.0,1.2226
2025-02-16,12,125,756.7017557003801,756.7017557003801,0.0,0.0,0.9332
2025-02-16,12,126,775.0108086500048,775.0108086500048,0.0,0.0,0.9068
2025-02-16,12,127,773.3884265780652,773.3884265780652,0.0,0.0,0.9371
2025-02-16,12,128,775.9288889926471,775.9288889926471,0.0,0.0,0.9371
2025-02-16,12,129,792.1511607113865,792.1511607113865,0.0,0.0,0.9871
2025-02-16,12,130,707.1877089339391,707.1877089339391,0.0,0.0,0.7764
2025-02-16,12,131,591.3839578670311,591.3839578670311,0.0,0.0,0.4209
2025-02-16,12,132,565.125720905616,565.125720905616,0.0,0.0,0.3859
2025-02-16,12,133,594.7976045019958,594.7976045019958,0.0,0.0,0.4368
2025-02-16,12,134,582.273184862797,582.273184862797,0.0,0.0,0.4198
2025-02-16,12,135,584.2780522434549,584.2780522434549,0.0,0.0,0.4186
2025-02-16,12,136,588.4111353785538,588.4111353785538,0.0,0.0,0.4241
2025-02-16,12,137,606.743817644678,606.743817644678,0.0,0.0,0.4237
2025-02-16,12,138,610.7807223468644,610.7807223468644,0.0,0.0,0.4248
2025-02-16,12,139,600.4455227090024,600.4455227090024,0.0,0.0,0.424
2025-02-16,12,140,594.8207600509342,594.8207600509342,0.0,0.0,0.422
2025-02-16,12,141,583.2010181095383,583.2010181095383,0.0,0.0,0.424
2025-02-16,12,142,587.1954113934246,587.1954113934246,0.0,0.0,0.4271
2025-02-16,12,143,592.9021505021459,592.9021505021459,0.0,0.0,0.4276
2025-02-16,18,108,771.222046297421,771.222046297421,0.0,0.0,1.2561
2025-02-16,18,109,782.8273632692659,782.8273632692659,0.0,0.0,1.2447
2025-02-16,18,110,763.4987661184164,763.4987661184164,0.0,0.0,1.2545
2025-02-16,18,111,764.7257202920941,764.7257202920941,0.0,0.0,1.2522
2025-02-16,18,112,590.5601196582909,590.5601196582909,0.0,0.0,1.2881
2025-02-16,18,113,0.0,0.0,0.0,0.0,1.3466
2025-02-16,18,114,0.0,0.0,0.0,0.0,1.3523
2025-02-16,18,115,0.0,0.0,0.0,0.0,1.3445
2025-02-16,18,116,0.0,0.0,0.0,0.0,1.3483
2025-02-16,18,117,0.0,0.0,0.0,0.0,1.349
2025-02-16,18,118,0.0,0.0,0.0,0.0,1.3473
2025-02-16,18,119,0.0,0.0,0.0,0.0,1.3482
2025-02-16,18,120,0.0,0.0,0.0,0.0,1.3513
2025-02-16,18,121,0.0,0.0,0.0,0.0,1.34
2025-02-16,18,122,0.0,0.0,0.0,0.0,1.3489
2025-02-16,18,123,0.0,0.0,0.0,0.0,1.3952
2025-02-16,18,124,748.3380024238571,748.3380024238571,0.0,0.0,1.2226
2025-02-16,18,125,756.7017557003801,756.7017557003801,0.0,0.0,0.9332
2025-02-16,18,126,775.0108086500048,775.0108086500048,0.0,0.0,0.9068
2025-02-16,18,127,773.3884265780652,773.3884265780652,0.0,0.0,0.9371
2025-02-16,18,128,775.9288889926471,775.9288889926471,0.0,0.0,0.9371
2025-02-16,18,129,792.1511607113865,792.1511607113865,0.0,0.0,0.9871
2025-02-16,18,130,707.1877089339391,707.1877089339391,0.0,0.0,0.7764
2025-02-16,18,131,591.3839578670311,591.3839578670311,0.0,0.0,0.4209
2025-02-16,18,132,565.125720905616,565.125720905616,0.0,0.0,0.3859
2025-02-16,18,133,594.7976045019958,594.7976045019958,0.0,0.0,0.4368
2025-02-16,18,134,582.273184862797,582.273184862797,0.0,0.0,0.4198
2025-02-16,18,135,584.2780522434549,584.2780522434549,0.0,0.0,0.4186
2025-02-16,18,136,588.4111353785538,588.4111353785538,0.0,0.0,0.4241
2025-02-16,18,137,606.743817644678,606.743817644678,0.0,0.0,0.4237
2025-02-16,18,138,610.7807223468644,610.7807223468644,0.0,0.0,0.4248
2025-02-16,18,139,600.4455227090024,600.4455227090024,0.0,0.0,0.424
2025-02-16,18,140,594.8207600509342,594.8207600509342,0.0,0.0,0.422
2025-02-16,18,141,583.2010181095383,583.2010181095383,0.0,0.0,0.424
2025-02-16,18,142,587.1954113934246,587.1954113934246,0.0,0.0,0.4271
2025-02-16,18,143,592.9021505021459,592.9021505021459,0.0,0.0,0.4276
2025-02-17,6,36,35.176659306677834,35.176659306677834,0.0,0.0,0.9368
2025-02-17,6,37,854.5063350789856,614.791066299682,0.0,239.71526877930353,0.8758
2025-02-17,6,38,801.8985749259914,38.148960863016896,0.0,763.7496140629745,0.8759
2025-02-17,6,39,859.7714242682509,856.6584367682511,0.0,3.1129874999998037,0.8601
2025-02-17,6,40,803.01079118412,803.01079118412,0.0,0.0,0.8442
2025-02-17,6,41,737.6596889476605,737.6596889476605,0.0,0.0,0.8334
2025-02-17,6,42,705.4656553369538,689.5335414480647,0.0,15.932113888889035,0.8092
2025-02-17,6,43,674.7316663469697,664.2545888122395,0.0,10.477077534730256,0.7972
2025-02-17,6,44,602.2991703913043,602.2991703913043,0.0,0.0,0.7644
2025-02-17,6,45,1395.6714841328562,1395.6714841328562,0.0,0.0,0.6899
2025-02-17,6,46,586.1803174426524,575.9862424426525,0.0,10.194074999999884,0.86
2025-02-17,6,47,0.0,0.0,0.0,0.0,1.1617
2025-02-17,6,48,0.0,0.0,0.0,0.0,1.1683
2025-02-17,6,49,0.0,0.0,0.0,0.0,1.0956
2025-02-17,6,50,0.0,0.0,0.0,0.0,1.0849
2025-02-17,6,51,0.0,0.0,0.0,0.0,1.061
2025-02-17,6,52,0.0,0.0,0.0,0.0,1.043
2025-02-17,6,53,0.0,0.0,0.0,0.0,1.036
2025-02-17,6,54,0.0,0.0,0.0,0.0,1.0147
2025-02-17,6,55,0.0,0.0,0.0,0.0,0.9922
2025-02-17,6,56,0.0,0.0,0.0,0.0,0.97
2025-02-17,6,57,0.0,0.0,0.0,0.0,0.9422
2025-02-17,6,58,0.0,0.0,0.0,0.0,0.9569
2025-02-17,6,59,0.0,0.0,0.0,0.0,0.9977
2025-02-17,6,60,0.0,0.0,0.0,0.0,0.9919
2025-02-17,6,61,0.0,0.0,0.0,0.0,0.9588
2025-02-17,6,62,0.0,0.0,0.0,0.0,0.9549
2025-02-17,6,63,0.0,0.0,0.0,0.0,0.9839
2025-02-17,6,64,206.45541499932537,51.31583561757543,0.0,155.13957938174994,0.799
2025-02-17,6,65,1133.3960871344516,847.793912195911,0.0,285.60217493854054,0.5025
2025-02-17,6,66,1142.723684642951,835.7210360366595,0.0,307.0026486062915,0.4662
2025-02-17,6,67,1101.0484173844072,788.7155180663871,0.0,312.33289931802017,0.5007
2025-02-17,6,68,1078.558287725852,790.7082226926287,0.0,287.85006503322336,0.4827
2025-02-17,6,69,1131.4613794592037,779.002267225536,0.0,352.4591122336677,0.4785
2025-02-17,6,70,1108.2357014263403,787.6255723442742,0.0,320.610129082066,0.4662
2025-02-17,6,71,1066.9862477183406,809.7103460160707,0.0,257.27590170226983,0.4432
2025-02-17,6,72,1044.9761796779285,802.5419025970258,0.0,242.4342770809027,0.4411
2025-02-17,6,73,1043.0957212576893,775.0674400359645,0.0,268.0282812217248,0.4551
2025-02-17,6,74,1004.6683637886598,778.3714844318874,0.0,226.29687935677237,0.4463
2025-02-17,6,75,1023.9167030999919,833.2654651029204,0.0,190.65123799707146,0.4113
2025-02-17,6,76,1040.181357667972,889.9911785013053,0.0,150.19017916666667,0.5682
2025-02-17,6,77,235.83366376445323,74.24469293111983,0.0,161.5889708333334,0.8279
2025-02-17,6,78,226.82310416503188,48.87945812817284,0.0,177.94364603685904,0.8636
2025-02-17,6,79,229.89283670377563,11.612832886697703,0.0,218.28000381707793,0.8416
2025-02-17,6,80,166.659429485591,8.55515031892432,0.0,158.1042791666667,0.8618
2025-02-17,6,81,154.09939667182903,29.975426681656856,0.0,124.12396999017217,0.8623
2025-02-17,6,82,0.0,0.0,0.0,0.0,0.9026
2025-02-17,6,83,0.0,0.0,0.0,0.0,0.9754
2025-02-17,6,84,0.0,0.0,0.0,0.0,1.0002
2025-02-17,6,85,0.0,0.0,0.0,0.0,0.9978
2025-02-17,6,86,0.0,0.0,0.0,0.0,1.0271
2025-02-17,6,87,0.0,0.0,0.0,0.0,1.0906
2025-02-17,6,88,0.0,0.0,0.0,0.0,0.9376
2025-02-17,6,89,1148.2320401333432,1148.2320401333432,0.0,0.0,0.6694
2025-02-17,6,90,1213.4861845836167,1213.4861845836167,0.0,0.0,0.66
2025-02-17,6,91,398.69326845272593,430.3460275557552,31.65275910302927,0.0,0.7217
2025-02-17,6,92,427.7646127635541,453.95771488928057,26.193102125726455,0.0,0.7308
2025-02-17,6,93,458.59245695632717,506.19165902972964,47.599202073402466,0.0,0.7534
2025-02-17,6,94,469.3814137121635,550.5519459734081,81.1705322612446,0.0,0.7823
2025-02-17,6,95,517.514938523619,582.8991903420666,65.38425181844764,0.0,0.8055
2025-02-17,6,96,597.9145674506857,653.3042323205967,55.38966486991103,0.0,0.8271
2025-02-17,6,97,661.4864703053729,726.3826085565524,64.89613825117954,0.0,0.8519
2025-02-17,6,98,733.968180462447,754.6270440881141,20.658863625667095,0.0,0.8791
2025-02-17,6,99,786.7813257183717,786.7813257183717,0.0,0.0,0.9024
2025-02-17,6,100,851.8195836691924,851.8195836691924,0.0,0.0,0.9163
2025-02-17,6,101,896.8334538152295,896.8334538152295,0.0,0.0,0.9264
2025-02-17,6,102,955.4893592219556,951.4376291655249,0.0,4.051730056430756,0.9462
2025-02-17,6,103,986.9111506224691,986.9111506224691,0.0,0.0,0.9742
2025-02-17,6,104,1015.0750460152736,1015.0750460152736,0.0,0.0,0.9862
2025-02-17,6,105,1043.0023990810485,1043.0023990810485,0.0,0.0,0.976
2025-02-17,6,106,902.4485043237829,901.0118001571163,0.0,1.4367041666665727,1.0742
2025-02-17,6,107,727.5382692084777,726.3567122640333,0.0,1.1815569444444236,1.2313
2025-02-17,6,108,698.2535092105066,698.2535092105066,0.0,0.0,1.2561
2025-02-17,6,109,723.916144182765,723.916144182765,0.0,0.0,1.2447
2025-02-17,6,110,724.2242961461194,724.2242961461194,0.0,0.0,1.2545
2025-02-17,6,111,730.0907504145756,730.0907504145756,0.0,0.0,1.2522
2025-02-17,6,112,176.30468130664178,176.30468130664178,0.0,0.0,1.2881
2025-02-17,6,113,0.0,0.0,0.0,0.0,1.3466
2025-02-17,6,114,0.0,0.0,0.0,0.0,1.3523
2025-02-17,6,115,0.0,0.0,0.0,0.0,1.3445
2025-02-17,6,116,0.0,0.0,0.0,0.0,1.3483
2025-02-17,6,117,0.0,0.0,0.0,0.0,1.349
2025-02-17,6,118,0.0,0.0,0.0,0.0,1.3473
2025-02-17,6,119,0.0,0.0,0.0,0.0,1.3482
2025-02-17,6,120,0.0,0.0,0.0,0.0,1.3513
2025-02-17,6,121,0.0,0.0,0.0,0.0,1.34
2025-02-17,6,122,0.0,0.0,0.0,0.0,1.3489
2025-02-17,6,123,0.0,0.0,0.0,0.0,1.3952
2025-02-17,6,124,736.7159587465914,736.7159587465914,0.0,0.0,1.2226
2025-02-17,6,125,736.7869449928636,736.7869449928636,0.0,0.0,0.9332
2025-02-17,6,126,727.2752164775457,727.2752164775457,0.0,0.0,0.9068
2025-02-17,6,127,733.334292783061,733.334292783061,0.0,0.0,0.9371
2025-02-17,6,128,759.1867544251942,759.1867544251942,0.0,0.0,0.9371
2025-02-17,6,129,773.6001905814277,773.6001905814277,0.0,0.0,0.9871
2025-02-17,6,130,710.9419238961844,710.9419238961844,0.0,0.0,0.7764
2025-02-17,6,131,561.896692693279,561.896692693279,0.0,0.0,0.4209
2025-02-17,6,132,550.9068871177071,550.9068871177071,0.0,0.0,0.3859
2025-02-17,6,133,538.0679036617977,538.0679036617977,0.0,0.0,0.4368
2025-02-17,6,134,552.1194712021627,552.1194712021627,0.0,0.0,0.4198
2025-02-17,6,135,562.8412471586906,562.8412471586906,0.0,0.0,0.4186
2025-02-17,6,136,562.6562133942647,562.6562133942647,0.0,0.0,0.4241
2025-02-17,6,137,564.6677447106903,564.6677447106903,0.0,0.0,0.4237
2025-02-17,6,138,562.8739169168127,562.8739169168127,0.0,0.0,0.4248
2025-02-17,6,139,572.1196336815999,572.1196336815999,0.0,0.0,0.424
2025-02-17,6,140,601.1463146297873,601.1463146297873,0.0,0.0,0.422
2025-02-17,6,141,606.7423961469195,606.7423961469195,0.0,0.0,0.424
2025-02-17,6,142,592.4894456005933,592.4894456005933,0.0,0.0,0.4271
2025-02-17,6,143,595.3007703319946,595.3007703319946,0.0,0.0,0.4276
2025-02-17,12,72,802.5419025970258,694.8096390739655,0.0,107.73226352306028,0.4411
2025-02-17,12,73,775.0674400359645,0.0,0.0,775.0674400359645,0.4551
2025-02-17,12,74,778.3714844318874,409.278532155403,0.0,369.0929522764844,0.4463
2025-02-17,12,75,833.2654651029204,736.666808106816,0.0,96.59865699610441,0.4113
2025-02-17,12,76,889.9911785013053,0.0,0.0,889.9911785013053,0.5682
2025-02-17,12,77,74.24469293111983,0.0,0.0,74.24469293111983,0.8279
2025-02-17,12,78,48.87945812817284,0.0,0.0,48.87945812817284,0.8636
2025-02-17,12,79,11.612832886697703,0.0,0.0,11.612832886697703,0.8416
2025-02-17,12,80,8.55515031892432,0.0,0.0,8.55515031892432,0.8618
2025-02-17,12,81,29.975426681656856,0.0,0.0,29.975426681656856,0.8623
2025-02-17,12,82,0.0,0.0,0.0,0.0,0.9026
2025-02-17,12,83,0.0,0.0,0.0,0.0,0.9754
2025-02-17,12,84,0.0,0.0,0.0,0.0,1.0002
2025-02-17,12,85,0.0,0.0,0.0,0.0,0.9978
2025-02-17,12,86,0.0,0.0,0.0,0.0,1.0271
2025-02-17,12,87,0.0,0.0,0.0,0.0,1.0906
2025-02-17,12,88,0.0,0.0,0.0,0.0,0.9376
2025-02-17,12,89,1148.2320401333432,293.5448843738644,0.0,854.6871557594787,0.6694
2025-02-17,12,90,1213.4861845836167,1182.26454312048,0.0,31.22164146313662,0.66
2025-02-17,12,91,430.3460275557552,395.54804183729544,0.0,34.797985718459756,0.7217
2025-02-17,12,92,453.95771488928057,395.25070128650185,0.0,58.707013602778716,0.7308
2025-02-17,12,93,506.19165902972964,498.73444629335546,0.0,7.457212736374174,0.7534
2025-02-17,12,94,550.5519459734081,526.7563890079394,0.0,23.795556965468677,0.7823
2025-02-17,12,95,582.8991903420666,556.6281552514042,0.0,26.271035090662394,0.8055
2025-02-17,12,96,653.3042323205967,630.8744067608477,0.0,22.42982555974902,0.8271
2025-02-17,12,97,726.3826085565524,693.1212918898858,0.0,33.26131666666663,0.8519
2025-02-17,12,98,754.6270440881141,742.7102924055843,0.0,11.91675168252982,0.8791
2025-02-17,12,99,786.7813257183717,786.7813257183717,0.0,0.0,0.9024
2025-02-17,12,100,851.8195836691924,844.2893857756549,0.0,7.530197893537547,0.9163
2025-02-17,12,101,896.8334538152295,896.8334538152295,0.0,0.0,0.9264
2025-02-17,12,102,951.4376291655249,942.7080138877462,0.0,8.729615277778635,0.9462
2025-02-17,12,103,986.9111506224691,986.9111506224691,0.0,0.0,0.9742
2025-02-17,12,104,1015.0750460152736,1012.9892404597181,0.0,2.0858055555555666,0.9862
2025-02-17,12,105,1043.0023990810485,1043.0023990810485,0.0,0.0,0.976
2025-02-17,12,106,901.0118001571163,898.0420106342303,0.0,2.9697895228860034,1.0742
2025-02-17,12,107,726.3567122640333,726.3567122640333,0.0,0.0,1.2313
2025-02-17,12,108,698.2535092105066,698.2535092105066,0.0,0.0,1.2561
2025-02-17,12,109,723.916144182765,723.916144182765,0.0,0.0,1.2447
2025-02-17,12,110,724.2242961461194,724.2242961461194,0.0,0.0,1.2545
2025-02-17,12,111,730.0907504145756,730.0907504145756,0.0,0.0,1.2522
2025-02-17,12,112,176.30468130664178,176.30468130664178,0.0,0.0,1.2881
2025-02-17,12,113,0.0,0.0,0.0,0.0,1.3466
2025-02-17,12,114,0.0,0.0,0.0,0.0,1.3523
2025-02-17,12,115,0.0,0.0,0.0,0.0,1.3445
2025-02-17,12,116,0.0,0.0,0.0,0.0,1.3483
2025-02-17,12,117,0.0,0.0,0.0,0.0,1.349
2025-02-17,12,118,0.0,0.0,0.0,0.0,1.3473
2025-02-17,12,119,0.0,0.0,0.0,0.0,1.3482
2025-02-17,12,120,0.0,0.0,0.0,0.0,1.3513
2025-02-17,12,121,0.0,0.0,0.0,0.0,1.34
2025-02-17,12,122,0.0,0.0,0.0,0.0,1.3489
2025-02-17,12,123,0.0,0.0,0.0,0.0,1.3952
2025-02-17,12,124,736.7159587465914,736.7159587465914,0.0,0.0,1.2226
2025-02-17,12,125,736.7869449928636,736.7869449928636,0.0,0.0,0.9332
2025-02-17,12,126,727.2752164775457,727.2752164775457,0.0,0.0,0.9068
2025-02-17,12,127,733.334292783061,733.334292783061,0.0,0.0,0.9371
2025-02-17,12,128,759.1867544251942,759.1867544251942,0.0,0.0,0.9371
2025-02-17,12,129,773.6001905814277,773.6001905814277,0.0,0.0,0.9871
2025-02-17,12,130,710.9419238961844,710.9419238961844,0.0,0.0,0.7764
2025-02-17,12,131,561.896692693279,561.896692693279,0.0,0.0,0.4209
2025-02-17,12,132,550.9068871177071,550.9068871177071,0.0,0.0,0.3859
2025-02-17,12,133,538.0679036617977,538.0679036617977,0.0,0.0,0.4368
2025-02-17,12,134,552.1194712021627,552.1194712021627,0.0,0.0,0.4198
2025-02-17,12,135,562.8412471586906,562.8412471586906,0.0,0.0,0.4186
2025-02-17,12,136,562.6562133942647,562.6562133942647,0.0,0.0,0.4241
2025-02-17,12,137,564.6677447106903,564.6677447106903,0.0,0.0,0.4237
2025-02-17,12,138,562.8739169168127,562.8739169168127,0.0,0.0,0.4248
2025-02-17,12,139,572.1196336815999,572.1196336815999,0.0,0.0,0.424
2025-02-17,12,140,601.1463146297873,601.1463146297873,0.0,0.0,0.422
2025-02-17,12,141,606.7423961469195,606.7423961469195,0.0,0.0,0.424
2025-02-17,12,142,592.4894456005933,592.4894456005933,0.0,0.0,0.4271
2025-02-17,12,143,595.3007703319946,595.3007703319946,0.0,0.0,0.4276
2025-02-17,18,108,698.2535092105066,698.2535092105066,0.0,0.0,1.2561
2025-02-17,18,109,723.916144182765,723.916144182765,0.0,0.0,1.2447
2025-02-17,18,110,724.2242961461194,724.2242961461194,0.0,0.0,1.2545
2025-02-17,18,111,730.0907504145756,730.0907504145756,0.0,0.0,1.2522
2025-02-17,18,112,176.30468130664178,176.30468130664178,0.0,0.0,1.2881
2025-02-17,18,113,0.0,0.0,0.0,0.0,1.3466
2025-02-17,18,114,0.0,0.0,0.0,0.0,1.3523
2025-02-17,18,115,0.0,0.0,0.0,0.0,1.3445
2025-02-17,18,116,0.0,0.0,0.0,0.0,1.3483
2025-02-17,18,117,0.0,0.0,0.0,0.0,1.349
2025-02-17,18,118,0.0,0.0,0.0,0.0,1.3473
2025-02-17,18,119,0.0,0.0,0.0,0.0,1.3482
2025-02-17,18,120,0.0,0.0,0.0,0.0,1.3513
2025-02-17,18,121,0.0,0.0,0.0,0.0,1.34
2025-02-17,18,122,0.0,0.0,0.0,0.0,1.3489
2025-02-17,18,123,0.0,0.0,0.0,0.0,1.3952
2025-02-17,18,124,736.7159587465914,736.7159587465914,0.0,0.0,1.2226
2025-02-17,18,125,736.7869449928636,736.7869449928636,0.0,0.0,0.9332
2025-02-17,18,126,727.2752164775457,727.2752164775457,0.0,0.0,0.9068
2025-02-17,18,127,733.334292783061,733.334292783061,0.0,0.0,0.9371
2025-02-17,18,128,759.1867544251942,759.1867544251942,0.0,0.0,0.9371
2025-02-17,18,129,773.6001905814277,773.6001905814277,0.0,0.0,0.9871
2025-02-17,18,130,710.9419238961844,710.9419238961844,0.0,0.0,0.7764
2025-02-17,18,131,561.896692693279,561.896692693279,0.0,0.0,0.4209
2025-02-17,18,132,550.9068871177071,550.9068871177071,0.0,0.0,0.3859
2025-02-17,18,133,538.0679036617977,538.0679036617977,0.0,0.0,0.4368
2025-02-17,18,134,552.1194712021627,552.1194712021627,0.0,0.0,0.4198
2025-02-17,18,135,562.8412471586906,562.8412471586906,0.0,0.0,0.4186
2025-02-17,18,136,562.6562133942647,562.6562133942647,0.0,0.0,0.4241
2025-02-17,18,137,564.6677447106903,564.6677447106903,0.0,0.0,0.4237
2025-02-17,18,138,562.8739169168127,562.8739169168127,0.0,0.0,0.4248
2025-02-17,18,139,572.1196336815999,572.1196336815999,0.0,0.0,0.424
2025-02-17,18,140,601.1463146297873,601.1463146297873,0.0,0.0,0.422
2025-02-17,18,141,606.7423961469195,606.7423961469195,0.0,0.0,0.424
2025-02-17,18,142,592.4894456005933,592.4894456005933,0.0,0.0,0.4271
2025-02-17,18,143,595.3007703319946,595.3007703319946,0.0,0.0,0.4276
2025-02-18,6,36,50.793876669469,50.793876669469,0.0,0.0,0.9368
2025-02-18,6,37,32.136623196708115,428.37351009517585,396.23688689846773,0.0,0.8758
2025-02-18,6,38,8.641457022618056,8.641457022618056,0.0,0.0,0.8759
2025-02-18,6,39,788.8071889117052,848.6358281637818,59.82863925207653,0.0,0.8601
2025-02-18,6,40,826.9584510838586,826.9584510838586,0.0,0.0,0.8442
2025-02-18,6,41,758.3806044884797,758.3806044884797,0.0,0.0,0.8334
2025-02-18,6,42,702.7762061078171,705.4330838855949,2.6568777777778223,0.0,0.8092
2025-02-18,6,43,684.5453222447612,684.5453222447612,0.0,0.0,0.7972
2025-02-18,6,44,598.4461136482838,603.7336038603245,5.287490212040666,0.0,0.7644
2025-02-18,6,45,1375.6635661624778,1421.350302273589,45.68673611111126,0.0,0.6899
2025-02-18,6,46,561.9384423952009,567.6341448370941,5.695702441893218,0.0,0.86
2025-02-18,6,47,0.0,0.0,0.0,0.0,1.1617
2025-02-18,6,48,0.0,0.0,0.0,0.0,1.1683
2025-02-18,6,49,0.0,0.0,0.0,0.0,1.0956
2025-02-18,6,50,0.0,0.0,0.0,0.0,1.0849
2025-02-18,6,51,0.0,0.0,0.0,0.0,1.061
2025-02-18,6,52,0.0,0.0,0.0,0.0,1.043
2025-02-18,6,53,0.0,0.0,0.0,0.0,1.036
2025-02-18,6,54,0.0,0.0,0.0,0.0,1.0147
2025-02-18,6,55,0.0,0.0,0.0,0.0,0.9922
2025-02-18,6,56,0.0,0.0,0.0,0.0,0.97
2025-02-18,6,57,0.0,0.0,0.0,0.0,0.9422
2025-02-18,6,58,0.0,0.0,0.0,0.0,0.9569
2025-02-18,6,59,0.0,0.0,0.0,0.0,0.9977
2025-02-18,6,60,0.0,0.0,0.0,0.0,0.9919
2025-02-18,6,61,0.0,0.0,0.0,0.0,0.9588
2025-02-18,6,62,0.0,0.0,0.0,0.0,0.9549
2025-02-18,6,63,0.0,0.0,0.0,0.0,0.9839
2025-02-18,6,64,8.210259685243727,85.18256891959254,76.97230923434881,0.0,0.799
2025-02-18,6,65,901.8532564625029,945.8420773572957,43.98882089479275,0.0,0.5025
2025-02-18,6,66,876.1530011651354,927.543123392177,51.390122227041616,0.0,0.4662
2025-02-18,6,67,799.5758455919836,853.2765254406302,53.70067984864659,0.0,0.5007
2025-02-18,6,68,756.7491972952066,822.6182295514044,65.86903225619778,0.0,0.4827
2025-02-18,6,69,783.1249967634033,811.9810803630688,28.856083599665567,0.0,0.4785
2025-02-18,6,70,727.3969587938749,795.7428338784755,68.3458750846006,0.0,0.4662
2025-02-18,6,71,634.42624044632,773.7471512440505,139.32091079773056,0.0,0.4432
2025-02-18,6,72,590.879499592995,748.9476016787588,158.06810208576383,0.0,0.4411
2025-02-18,6,73,611.6828268567206,744.3272498016624,132.64442294494188,0.0,0.4551
2025-02-18,6,74,593.3116601034399,767.8578099133342,174.54614980989436,0.0,0.4463
2025-02-18,6,75,600.7704172897743,811.1325334593693,210.36211616959497,0.0,0.4113
2025-02-18,6,76,617.1304956388806,868.1239956388806,250.99350000000004,0.0,0.5682
2025-02-18,6,77,0.0,0.0,0.0,0.0,0.8279
2025-02-18,6,78,0.0,18.444688703193453,18.444688703193453,0.0,0.8636
2025-02-18,6,79,0.0,0.0,0.0,0.0,0.8416
2025-02-18,6,80,0.0,0.0,0.0,0.0,0.8618
2025-02-18,6,81,0.0,0.0,0.0,0.0,0.8623
2025-02-18,6,82,0.0,0.0,0.0,0.0,0.9026
2025-02-18,6,83,0.0,0.0,0.0,0.0,0.9754
2025-02-18,6,84,0.0,0.0,0.0,0.0,1.0002
2025-02-18,6,85,0.0,0.0,0.0,0.0,0.9978
2025-02-18,6,86,0.0,0.0,0.0,0.0,1.0271
2025-02-18,6,87,0.0,0.0,0.0,0.0,1.0906
2025-02-18,6,88,0.0,0.0,0.0,0.0,0.9376
2025-02-18,6,89,808.3310175461932,1157.7963143560075,349.4652968098144,0.0,0.6694
2025-02-18,6,90,236.13204455465817,262.9529807117895,26.820936157131342,0.0,0.66
2025-02-18,6,91,305.04464024684097,313.4475748989871,8.402934652146143,0.0,0.7217
2025-02-18,6,92,361.89791409926124,361.89791409926124,0.0,0.0,0.7308
2025-02-18,6,93,461.13635975142665,461.13635975142665,0.0,0.0,0.7534
2025-02-18,6,94,542.573991993546,541.8799347323014,0.0,0.6940572612445521,0.7823
2025-02-18,6,95,579.8113749434793,579.8113749434793,0.0,0.0,0.8055
2025-02-18,6,96,608.8736113669213,608.8736113669213,0.0,0.0,0.8271
2025-02-18,6,97,662.2709721779908,672.1194175915118,9.848445413521063,0.0,0.8519
2025-02-18,6,98,761.7714652794608,761.7714652794608,0.0,0.0,0.8791
2025-02-18,6,99,804.1531129143764,804.1531129143764,0.0,0.0,0.9024
2025-02-18,6,100,855.6061509906953,855.6061509906859,0.0,9.322320693172514e-12,0.9163
2025-02-18,6,101,915.8325229394841,915.8325229394843,2.2737367544323206e-13,0.0,0.9264
2025-02-18,6,102,967.0430537273728,967.0430537273728,0.0,0.0,0.9462
2025-02-18,6,103,991.6379964059979,991.637996405998,1.1368683772161603e-13,0.0,0.9742
2025-02-18,6,104,1009.4673440169653,1009.4673440169653,0.0,0.0,0.9862
2025-02-18,6,105,1032.851642394405,1032.8516423944054,4.547473508864641e-13,0.0,0.976
2025-02-18,6,106,893.2116421445871,893.2116421445871,0.0,0.0,1.0742
2025-02-18,6,107,705.3717047943619,703.4271186832507,0.0,1.9445861111112208,1.2313
2025-02-18,6,108,694.4819530099749,694.4819530099749,0.0,0.0,1.2561
2025-02-18,6,109,730.9869920660217,730.9869920660217,0.0,0.0,1.2447
2025-02-18,6,110,719.8991480370382,719.8991480370382,0.0,0.0,1.2545
2025-02-18,6,111,738.5881015773799,738.5881015773799,0.0,0.0,1.2522
2025-02-18,6,112,256.4028252261033,256.4028252261033,0.0,0.0,1.2881
2025-02-18,6,113,0.0,0.0,0.0,0.0,1.3466
2025-02-18,6,114,0.0,0.0,0.0,0.0,1.3523
2025-02-18,6,115,0.0,0.0,0.0,0.0,1.3445
2025-02-18,6,116,0.0,0.0,0.0,0.0,1.3483
2025-02-18,6,117,0.0,0.0,0.0,0.0,1.349
2025-02-18,6,118,0.0,0.0,0.0,0.0,1.3473
2025-02-18,6,119,0.0,0.0,0.0,0.0,1.3482
2025-02-18,6,120,0.0,0.0,0.0,0.0,1.3513
2025-02-18,6,121,0.0,0.0,0.0,0.0,1.34
2025-02-18,6,122,0.0,0.0,0.0,0.0,1.3489
2025-02-18,6,123,0.0,0.0,0.0,0.0,1.3952
2025-02-18,6,124,737.0184489198142,737.0184489198142,0.0,0.0,1.2226
2025-02-18,6,125,749.010139459689,749.010139459689,0.0,0.0,0.9332
2025-02-18,6,126,724.984339056898,724.984339056898,0.0,0.0,0.9068
2025-02-18,6,127,728.7878784554277,728.7878784554277,0.0,0.0,0.9371
2025-02-18,6,128,766.4472976500512,766.4472976500512,0.0,0.0,0.9371
2025-02-18,6,129,773.2511506851628,773.2511506851628,0.0,0.0,0.9871
2025-02-18,6,130,679.6519846992438,679.6519846992438,0.0,0.0,0.7764
2025-02-18,6,131,518.5071815888906,518.5071815888906,0.0,0.0,0.4209
2025-02-18,6,132,533.7712988947816,533.7712988947816,0.0,0.0,0.3859
2025-02-18,6,133,567.654655939997,567.654655939997,0.0,0.0,0.4368
2025-02-18,6,134,568.7666000616043,568.7666000616043,0.0,0.0,0.4198
2025-02-18,6,135,550.8319148269621,550.8319148269621,0.0,0.0,0.4186
2025-02-18,6,136,551.6346347240798,551.6346347240798,0.0,0.0,0.4241
2025-02-18,6,137,575.0413806556875,575.0413806556875,0.0,0.0,0.4237
2025-02-18,6,138,581.316059819226,581.316059819226,0.0,0.0,0.4248
2025-02-18,6,139,587.310199208958,587.310199208958,0.0,0.0,0.424
2025-02-18,6,140,595.0980570601671,595.0980570601671,0.0,0.0,0.422
2025-02-18,6,141,601.8791114478068,601.8791114478068,0.0,0.0,0.424
2025-02-18,6,142,574.5618250464406,574.5618250464406,0.0,0.0,0.4271
2025-02-18,6,143,543.1781393531165,543.1781393531165,0.0,0.0,0.4276
2025-02-18,12,72,748.9476016787588,708.0037907483998,0.0,40.943810930359064,0.4411
2025-02-18,12,73,744.3272498016624,510.8902466559906,0.0,233.43700314567184,0.4551
2025-02-18,12,74,767.8578099133342,767.8578099133342,0.0,0.0,0.4463
2025-02-18,12,75,811.1325334593693,739.0309380337602,0.0,72.10159542560905,0.4113
2025-02-18,12,76,868.1239956388806,0.0,0.0,868.1239956388806,0.5682
2025-02-18,12,77,0.0,0.0,0.0,0.0,0.8279
2025-02-18,12,78,18.444688703193453,18.444688703193453,0.0,0.0,0.8636
2025-02-18,12,79,0.0,0.0,0.0,0.0,0.8416
2025-02-18,12,80,0.0,0.0,0.0,0.0,0.8618
2025-02-18,12,81,0.0,0.0,0.0,0.0,0.8623
2025-02-18,12,82,0.0,0.0,0.0,0.0,0.9026
2025-02-18,12,83,0.0,0.0,0.0,0.0,0.9754
2025-02-18,12,84,0.0,0.0,0.0,0.0,1.0002
2025-02-18,12,85,0.0,0.0,0.0,0.0,0.9978
2025-02-18,12,86,0.0,0.0,0.0,0.0,1.0271
2025-02-18,12,87,0.0,0.0,0.0,0.0,1.0906
2025-02-18,12,88,0.0,0.0,0.0,0.0,0.9376
2025-02-18,12,89,1157.7963143560075,1157.7963143560075,0.0,0.0,0.6694
2025-02-18,12,90,262.9529807117895,646.3756217194166,383.4226410076271,0.0,0.66
2025-02-18,12,91,313.4475748989871,332.03839679411493,18.590821895127817,0.0,0.7217
2025-02-18,12,92,361.89791409926124,370.49910576592794,8.601191666666693,0.0,0.7308
2025-02-18,12,93,461.13635975142665,461.13635975142665,0.0,0.0,0.7534
2025-02-18,12,94,541.8799347323014,535.3513933614107,0.0,6.528541370890707,0.7823
2025-02-18,12,95,579.8113749434793,579.8113749434794,1.1368683772161603e-13,0.0,0.8055
2025-02-18,12,96,608.8736113669213,608.8736113669213,0.0,0.0,0.8271
2025-02-18,12,97,672.1194175915118,672.1194175915117,0.0,1.1368683772161603e-13,0.8519
2025-02-18,12,98,761.7714652794608,761.7714652794608,0.0,0.0,0.8791
2025-02-18,12,99,804.1531129143764,804.1531129143764,0.0,0.0,0.9024
2025-02-18,12,100,855.6061509906859,855.6061509906858,0.0,1.1368683772161603e-13,0.9163
2025-02-18,12,101,915.8325229394843,915.8325229394843,0.0,0.0,0.9264
2025-02-18,12,102,967.0430537273728,967.0430537273728,0.0,0.0,0.9462
2025-02-18,12,103,991.637996405998,991.637996405998,0.0,0.0,0.9742
2025-02-18,12,104,1009.4673440169653,1009.4673440169652,0.0,1.1368683772161603e-13,0.9862
2025-02-18,12,105,1032.8516423944054,1032.8516423944056,2.2737367544323206e-13,0.0,0.976
2025-02-18,12,106,893.2116421445871,893.2116421445872,1.1368683772161603e-13,0.0,1.0742
2025-02-18,12,107,703.4271186832507,702.5574395998475,0.0,0.8696790834031844,1.2313
2025-02-18,12,108,694.4819530099749,694.4819530099749,0.0,0.0,1.2561
2025-02-18,12,109,730.9869920660217,730.9869920660217,0.0,0.0,1.2447
2025-02-18,12,110,719.8991480370382,719.8991480370382,0.0,0.0,1.2545
2025-02-18,12,111,738.5881015773799,738.5881015773799,0.0,0.0,1.2522
2025-02-18,12,112,256.4028252261033,256.4028252261033,0.0,0.0,1.2881
2025-02-18,12,113,0.0,0.0,0.0,0.0,1.3466
2025-02-18,12,114,0.0,0.0,0.0,0.0,1.3523
2025-02-18,12,115,0.0,0.0,0.0,0.0,1.3445
2025-02-18,12,116,0.0,0.0,0.0,0.0,1.3483
2025-02-18,12,117,0.0,0.0,0.0,0.0,1.349
2025-02-18,12,118,0.0,0.0,0.0,0.0,1.3473
2025-02-18,12,119,0.0,0.0,0.0,0.0,1.3482
2025-02-18,12,120,0.0,0.0,0.0,0.0,1.3513
2025-02-18,12,121,0.0,0.0,0.0,0.0,1.34
2025-02-18,12,122,0.0,0.0,0.0,0.0,1.3489
2025-02-18,12,123,0.0,0.0,0.0,0.0,1.3952
2025-02-18,12,124,737.0184489198142,737.0184489198142,0.0,0.0,1.2226
2025-02-18,12,125,749.010139459689,749.010139459689,0.0,0.0,0.9332
2025-02-18,12,126,724.984339056898,724.984339056898,0.0,0.0,0.9068
2025-02-18,12,127,728.7878784554277,728.7878784554277,0.0,0.0,0.9371
2025-02-18,12,128,766.4472976500512,766.4472976500512,0.0,0.0,0.9371
2025-02-18,12,129,773.2511506851628,773.2511506851628,0.0,0.0,0.9871
2025-02-18,12,130,679.6519846992438,679.6519846992438,0.0,0.0,0.7764
2025-02-18,12,131,518.5071815888906,518.5071815888906,0.0,0.0,0.4209
2025-02-18,12,132,533.7712988947816,533.7712988947816,0.0,0.0,0.3859
2025-02-18,12,133,567.654655939997,567.654655939997,0.0,0.0,0.4368
2025-02-18,12,134,568.7666000616043,568.7666000616043,0.0,0.0,0.4198
2025-02-18,12,135,550.8319148269621,550.8319148269621,0.0,0.0,0.4186
2025-02-18,12,136,551.6346347240798,551.6346347240798,0.0,0.0,0.4241
2025-02-18,12,137,575.0413806556875,575.0413806556875,0.0,0.0,0.4237
2025-02-18,12,138,581.316059819226,581.316059819226,0.0,0.0,0.4248
2025-02-18,12,139,587.310199208958,587.310199208958,0.0,0.0,0.424
2025-02-18,12,140,595.0980570601671,595.0980570601671,0.0,0.0,0.422
2025-02-18,12,141,601.8791114478068,601.8791114478068,0.0,0.0,0.424
2025-02-18,12,142,574.5618250464406,574.5618250464406,0.0,0.0,0.4271
2025-02-18,12,143,543.1781393531165,543.1781393531165,0.0,0.0,0.4276
2025-02-18,18,108,694.4819530099749,694.4819530099749,0.0,0.0,1.2561
2025-02-18,18,109,730.9869920660217,730.9869920660217,0.0,0.0,1.2447
2025-02-18,18,110,719.8991480370382,719.8991480370382,0.0,0.0,1.2545
2025-02-18,18,111,738.5881015773799,738.5881015773799,0.0,0.0,1.2522
2025-02-18,18,112,256.4028252261033,256.4028252261033,0.0,0.0,1.2881
2025-02-18,18,113,0.0,0.0,0.0,0.0,1.3466
2025-02-18,18,114,0.0,0.0,0.0,0.0,1.3523
2025-02-18,18,115,0.0,0.0,0.0,0.0,1.3445
2025-02-18,18,116,0.0,0.0,0.0,0.0,1.3483
2025-02-18,18,117,0.0,0.0,0.0,0.0,1.349
2025-02-18,18,118,0.0,0.0,0.0,0.0,1.3473
2025-02-18,18,119,0.0,0.0,0.0,0.0,1.3482
2025-02-18,18,120,0.0,0.0,0.0,0.0,1.3513
2025-02-18,18,121,0.0,0.0,0.0,0.0,1.34
2025-02-18,18,122,0.0,0.0,0.0,0.0,1.3489
2025-02-18,18,123,0.0,0.0,0.0,0.0,1.3952
2025-02-18,18,124,737.0184489198142,737.0184489198142,0.0,0.0,1.2226
2025-02-18,18,125,749.010139459689,749.010139459689,0.0,0.0,0.9332
2025-02-18,18,126,724.984339056898,724.984339056898,0.0,0.0,0.9068
2025-02-18,18,127,728.7878784554277,728.7878784554277,0.0,0.0,0.9371
2025-02-18,18,128,766.4472976500512,766.4472976500512,0.0,0.0,0.9371
2025-02-18,18,129,773.2511506851628,773.2511506851628,0.0,0.0,0.9871
2025-02-18,18,130,679.6519846992438,679.6519846992438,0.0,0.0,0.7764
2025-02-18,18,131,518.5071815888906,518.5071815888906,0.0,0.0,0.4209
2025-02-18,18,132,533.7712988947816,533.7712988947816,0.0,0.0,0.3859
2025-02-18,18,133,567.654655939997,567.654655939997,0.0,0.0,0.4368
2025-02-18,18,134,568.7666000616043,568.7666000616043,0.0,0.0,0.4198
2025-02-18,18,135,550.8319148269621,550.8319148269621,0.0,0.0,0.4186
2025-02-18,18,136,551.6346347240798,551.6346347240798,0.0,0.0,0.4241
2025-02-18,18,137,575.0413806556875,575.0413806556875,0.0,0.0,0.4237
2025-02-18,18,138,581.316059819226,581.316059819226,0.0,0.0,0.4248
2025-02-18,18,139,587.310199208958,587.310199208958,0.0,0.0,0.424
2025-02-18,18,140,595.0980570601671,595.0980570601671,0.0,0.0,0.422
2025-02-18,18,141,601.8791114478068,601.8791114478068,0.0,0.0,0.424
2025-02-18,18,142,574.5618250464406,574.5618250464406,0.0,0.0,0.4271
2025-02-18,18,143,543.1781393531165,543.1781393531165,0.0,0.0,0.4276
2025-02-19,6,36,52.225235975787314,52.225235975787314,0.0,0.0,0.9368
2025-02-19,6,37,249.79306549545754,304.8223123898407,55.029246894383164,0.0,0.8758
2025-02-19,6,38,25.324140533880495,25.324140533880495,0.0,0.0,0.8759
2025-02-19,6,39,854.2834025845667,854.2834025845667,0.0,0.0,0.8601
2025-02-19,6,40,826.6602461459571,826.0730928639528,0.0,0.5871532820043512,0.8442
2025-02-19,6,41,786.1156306004385,786.1156306004385,0.0,0.0,0.8334
2025-02-19,6,42,698.3727798831959,698.3727798831959,0.0,0.0,0.8092
2025-02-19,6,43,672.5513736090774,660.0792194424106,0.0,12.472154166666769,0.7972
2025-02-19,6,44,603.6752360213324,603.6752360213324,0.0,0.0,0.7644
2025-02-19,6,45,1379.2540544258734,1405.2977558147622,26.04370138888885,0.0,0.6899
2025-02-19,6,46,561.8202286088937,561.8202286088937,0.0,0.0,0.86
2025-02-19,6,47,0.0,0.0,0.0,0.0,1.1617
2025-02-19,6,48,0.0,0.0,0.0,0.0,1.1683
2025-02-19,6,49,0.0,0.0,0.0,0.0,1.0956
2025-02-19,6,50,0.0,0.0,0.0,0.0,1.0849
2025-02-19,6,51,0.0,0.0,0.0,0.0,1.061
2025-02-19,6,52,0.0,0.0,0.0,0.0,1.043
2025-02-19,6,53,0.0,0.0,0.0,0.0,1.036
2025-02-19,6,54,0.0,0.0,0.0,0.0,1.0147
2025-02-19,6,55,0.0,0.0,0.0,0.0,0.9922
2025-02-19,6,56,0.0,0.0,0.0,0.0,0.97
2025-02-19,6,57,0.0,0.0,0.0,0.0,0.9422
2025-02-19,6,58,0.0,0.0,0.0,0.0,0.9569
2025-02-19,6,59,0.0,0.0,0.0,0.0,0.9977
2025-02-19,6,60,0.0,0.0,0.0,0.0,0.9919
2025-02-19,6,61,0.0,0.0,0.0,0.0,0.9588
2025-02-19,6,62,0.0,0.0,0.0,0.0,0.9549
2025-02-19,6,63,0.0,0.0,0.0,0.0,0.9839
2025-02-19,6,64,0.0,0.0,0.0,0.0,0.799
2025-02-19,6,65,769.8322051048046,775.6407343329308,5.80852922812619,0.0,0.5025
2025-02-19,6,66,752.1106673699569,750.3770215414432,0.0,1.7336458285136587,0.4662
2025-02-19,6,67,715.6052409320203,695.0049499473333,0.0,20.60029098468692,0.5007
2025-02-19,6,68,740.9313231485447,668.4884624221713,0.0,72.4428607263734,0.4827
2025-02-19,6,69,740.8042912698487,653.0049984806255,0.0,87.79929278922316,0.4785
2025-02-19,6,70,707.5175511458349,638.030847063769,0.0,69.4867040820659,0.4662
2025-02-19,6,71,681.2355992839501,624.890468583556,0.0,56.34513070039418,0.4432
2025-02-19,6,72,720.3029033920757,612.7619231263898,0.0,107.5409802656859,0.4411
2025-02-19,6,73,705.1118827711547,609.1817200728171,0.0,95.93016269833754,0.4551
2025-02-19,6,74,656.0984155190422,637.4041823768209,0.0,18.694233142221265,0.4463
2025-02-19,6,75,662.4910266344496,706.6424698160411,44.1514431815915,0.0,0.4113
2025-02-19,6,76,750.7783229663407,789.0581311052213,38.279808138880526,0.0,0.5682
2025-02-19,6,77,0.0,0.0,0.0,0.0,0.8279
2025-02-19,6,78,0.0,0.0,0.0,0.0,0.8636
2025-02-19,6,79,0.0,0.0,0.0,0.0,0.8416
2025-02-19,6,80,0.0,4.620241207404585,4.620241207404585,0.0,0.8618
2025-02-19,6,81,0.0,44.22780820797258,44.22780820797258,0.0,0.8623
2025-02-19,6,82,0.0,38.72007131980309,38.72007131980309,0.0,0.9026
2025-02-19,6,83,0.0,0.0,0.0,0.0,0.9754
2025-02-19,6,84,0.0,0.0,0.0,0.0,1.0002
2025-02-19,6,85,0.0,0.0,0.0,0.0,0.9978
2025-02-19,6,86,0.0,0.0,0.0,0.0,1.0271
2025-02-19,6,87,0.0,0.0,0.0,0.0,1.0906
2025-02-19,6,88,0.0,0.0,0.0,0.0,0.9376
2025-02-19,6,89,1277.3475999156676,1227.4954712161198,0.0,49.85212869954785,0.6694
2025-02-19,6,90,1272.9052171520757,1244.4161867067337,0.0,28.489030445341996,0.66
2025-02-19,6,91,425.90633356287026,391.10296283054953,0.0,34.80337073232073,0.7217
2025-02-19,6,92,410.71324099871225,410.71324099871225,0.0,0.0,0.7308
2025-02-19,6,93,499.84061658286583,499.84061658286583,0.0,0.0,0.7534
2025-02-19,6,94,548.6310987687376,548.085841507493,0.0,0.5452572612446147,0.7823
2025-02-19,6,95,543.6803333462373,543.7204028472024,0.04006950096515993,0.0,0.8055
2025-02-19,6,96,595.1606693530265,608.9786425979948,13.817973244968357,0.0,0.8271
2025-02-19,6,97,667.5536177625145,689.0920686873596,21.538450924845165,0.0,0.8519
2025-02-19,6,98,732.0035407075503,732.0035407075503,0.0,0.0,0.8791
2025-02-19,6,99,754.1993459364235,764.0903827563961,9.891036819972669,0.0,0.9024
2025-02-19,6,100,809.6294350812681,809.6294350812681,0.0,0.0,0.9163
2025-02-19,6,101,882.7957966598213,882.7957966598213,0.0,0.0,0.9264
2025-02-19,6,102,927.2767784511308,927.2767784511308,0.0,0.0,0.9462
2025-02-19,6,103,954.7130773758681,954.7130773758681,0.0,0.0,0.9742
2025-02-19,6,104,988.0211587185504,988.0211587185504,0.0,0.0,0.9862
2025-02-19,6,105,1024.5722158711787,1024.5722158711787,0.0,0.0,0.976
2025-02-19,6,106,898.2801993362499,898.2801993362499,0.0,0.0,1.0742
2025-02-19,6,107,706.8788031984876,706.8788031984876,0.0,0.0,1.2313
2025-02-19,6,108,708.3070701843403,708.3070701843403,0.0,0.0,1.2561
2025-02-19,6,109,742.7049104066806,742.7049104066806,0.0,0.0,1.2447
2025-02-19,6,110,718.1781258090015,718.1781258090015,0.0,0.0,1.2545
2025-02-19,6,111,742.8907447456444,742.8907447456444,0.0,0.0,1.2522
2025-02-19,6,112,208.46980680024797,208.46980680024797,0.0,0.0,1.2881
2025-02-19,6,113,0.0,0.0,0.0,0.0,1.3466
2025-02-19,6,114,0.0,0.0,0.0,0.0,1.3523
2025-02-19,6,115,0.0,0.0,0.0,0.0,1.3445
2025-02-19,6,116,0.0,0.0,0.0,0.0,1.3483
2025-02-19,6,117,0.0,0.0,0.0,0.0,1.349
2025-02-19,6,118,0.0,0.0,0.0,0.0,1.3473
2025-02-19,6,119,0.0,0.0,0.0,0.0,1.3482
2025-02-19,6,120,0.0,0.0,0.0,0.0,1.3513
2025-02-19,6,121,0.0,0.0,0.0,0.0,1.34
2025-02-19,6,122,0.0,0.0,0.0,0.0,1.3489
2025-02-19,6,123,0.0,0.0,0.0,0.0,1.3952
2025-02-19,6,124,738.9815714001453,738.9815714001453,0.0,0.0,1.2226
2025-02-19,6,125,743.8528849665408,743.8528849665408,0.0,0.0,0.9332
2025-02-19,6,126,724.9586853964497,724.9586853964497,0.0,0.0,0.9068
2025-02-19,6,127,730.6679017696821,730.6679017696821,0.0,0.0,0.9371
2025-02-19,6,128,765.5420460659772,765.5420460659772,0.0,0.0,0.9371
2025-02-19,6,129,783.2014935034636,783.2014935034636,0.0,0.0,0.9871
2025-02-19,6,130,696.5006547810995,696.5006547810995,0.0,0.0,0.7764
2025-02-19,6,131,535.7890231785467,535.7890231785467,0.0,0.0,0.4209
2025-02-19,6,132,526.0579944493609,526.0579944493609,0.0,0.0,0.3859
2025-02-19,6,133,537.6536436553816,537.6536436553816,0.0,0.0,0.4368
2025-02-19,6,134,549.114724070611,549.114724070611,0.0,0.0,0.4198
2025-02-19,6,135,561.8528032306762,561.8528032306762,0.0,0.0,0.4186
2025-02-19,6,136,565.9260888052911,565.9260888052911,0.0,0.0,0.4241
2025-02-19,6,137,569.5346759262889,569.5346759262889,0.0,0.0,0.4237
2025-02-19,6,138,585.2633601704982,585.2633601704982,0.0,0.0,0.4248
2025-02-19,6,139,599.1516809681217,599.1516809681217,0.0,0.0,0.424
2025-02-19,6,140,595.0620539454733,595.0620539454733,0.0,0.0,0.422
2025-02-19,6,141,591.0256847664771,591.0256847664771,0.0,0.0,0.424
2025-02-19,6,142,562.5012588801719,562.5012588801719,0.0,0.0,0.4271
2025-02-19,6,143,546.7540185193733,546.7540185193733,0.0,0.0,0.4276
2025-02-19,12,72,612.7619231263898,619.915152473809,7.153229347419256,0.0,0.4411
2025-02-19,12,73,609.1817200728171,632.5249789486368,23.34325887581963,0.0,0.4551
2025-02-19,12,74,637.4041823768209,692.3177410004889,54.913558623667996,0.0,0.4463
2025-02-19,12,75,706.6424698160411,671.4164563348766,0.0,35.2260134811645,0.4113
2025-02-19,12,76,789.0581311052213,748.1113019385547,0.0,40.94682916666659,0.5682
2025-02-19,12,77,0.0,0.0,0.0,0.0,0.8279
2025-02-19,12,78,0.0,0.0,0.0,0.0,0.8636
2025-02-19,12,79,0.0,0.0,0.0,0.0,0.8416
2025-02-19,12,80,4.620241207404585,4.620241207404585,0.0,0.0,0.8618
2025-02-19,12,81,44.22780820797258,75.69374444779002,31.465936239817445,0.0,0.8623
2025-02-19,12,82,38.72007131980309,107.45714761793911,68.73707629813603,0.0,0.9026
2025-02-19,12,83,0.0,0.0,0.0,0.0,0.9754
2025-02-19,12,84,0.0,0.0,0.0,0.0,1.0002
2025-02-19,12,85,0.0,0.0,0.0,0.0,0.9978
2025-02-19,12,86,0.0,0.0,0.0,0.0,1.0271
2025-02-19,12,87,0.0,0.0,0.0,0.0,1.0906
2025-02-19,12,88,0.0,51.078601173574185,51.078601173574185,0.0,0.9376
2025-02-19,12,89,1227.4954712161198,1240.9875533049985,13.49208208887876,0.0,0.6694
2025-02-19,12,90,1244.4161867067337,1263.0819528107522,18.66576610401853,0.0,0.66
2025-02-19,12,91,391.10296283054953,399.5412096246646,8.43824679411506,0.0,0.7217
2025-02-19,12,92,410.71324099871225,424.41922710982345,13.705986111111201,0.0,0.7308
2025-02-19,12,93,499.84061658286583,531.7547512479493,31.91413466508351,0.0,0.7534
2025-02-19,12,94,548.085841507493,564.8332567751916,16.747415267698557,0.0,0.7823
2025-02-19,12,95,543.7204028472024,565.1637612252712,21.44335837806875,0.0,0.8055
2025-02-19,12,96,608.9786425979948,622.6403967646615,13.661754166666697,0.0,0.8271
2025-02-19,12,97,689.0920686873596,702.9029594859745,13.810890798614878,0.0,0.8519
2025-02-19,12,98,732.0035407075503,753.6676178353567,21.664077127806422,0.0,0.8791
2025-02-19,12,99,764.0903827563961,786.9997021624962,22.909319406100053,0.0,0.9024
2025-02-19,12,100,809.6294350812681,834.8966309146011,25.267195833333062,0.0,0.9163
2025-02-19,12,101,882.7957966598213,888.5785123227587,5.782715662937335,0.0,0.9264
2025-02-19,12,102,927.2767784511308,927.2767784511308,0.0,0.0,0.9462
2025-02-19,12,103,954.7130773758681,954.7130773758681,0.0,0.0,0.9742
2025-02-19,12,104,988.0211587185504,988.0211587185504,0.0,0.0,0.9862
2025-02-19,12,105,1024.5722158711787,1024.5722158711787,0.0,0.0,0.976
2025-02-19,12,106,898.2801993362499,898.2801993362499,0.0,0.0,1.0742
2025-02-19,12,107,706.8788031984876,706.8788031984876,0.0,0.0,1.2313
2025-02-19,12,108,708.3070701843403,708.3070701843403,0.0,0.0,1.2561
2025-02-19,12,109,742.7049104066806,742.7049104066806,0.0,0.0,1.2447
2025-02-19,12,110,718.1781258090015,718.1781258090015,0.0,0.0,1.2545
2025-02-19,12,111,742.8907447456444,742.8907447456444,0.0,0.0,1.2522
2025-02-19,12,112,208.46980680024797,208.46980680024797,0.0,0.0,1.2881
2025-02-19,12,113,0.0,0.0,0.0,0.0,1.3466
2025-02-19,12,114,0.0,0.0,0.0,0.0,1.3523
2025-02-19,12,115,0.0,0.0,0.0,0.0,1.3445
2025-02-19,12,116,0.0,0.0,0.0,0.0,1.3483
2025-02-19,12,117,0.0,0.0,0.0,0.0,1.349
2025-02-19,12,118,0.0,0.0,0.0,0.0,1.3473
2025-02-19,12,119,0.0,0.0,0.0,0.0,1.3482
2025-02-19,12,120,0.0,0.0,0.0,0.0,1.3513
2025-02-19,12,121,0.0,0.0,0.0,0.0,1.34
2025-02-19,12,122,0.0,0.0,0.0,0.0,1.3489
2025-02-19,12,123,0.0,0.0,0.0,0.0,1.3952
2025-02-19,12,124,738.9815714001453,738.9815714001453,0.0,0.0,1.2226
2025-02-19,12,125,743.8528849665408,743.8528849665408,0.0,0.0,0.9332
2025-02-19,12,126,724.9586853964497,724.9586853964497,0.0,0.0,0.9068
2025-02-19,12,127,730.6679017696821,730.6679017696821,0.0,0.0,0.9371
2025-02-19,12,128,765.5420460659772,765.5420460659772,0.0,0.0,0.9371
2025-02-19,12,129,783.2014935034636,783.2014935034636,0.0,0.0,0.9871
2025-02-19,12,130,696.5006547810995,696.5006547810995,0.0,0.0,0.7764
2025-02-19,12,131,535.7890231785467,535.7890231785467,0.0,0.0,0.4209
2025-02-19,12,132,526.0579944493609,526.0579944493609,0.0,0.0,0.3859
2025-02-19,12,133,537.6536436553816,537.6536436553816,0.0,0.0,0.4368
2025-02-19,12,134,549.114724070611,549.114724070611,0.0,0.0,0.4198
2025-02-19,12,135,561.8528032306762,561.8528032306762,0.0,0.0,0.4186
2025-02-19,12,136,565.9260888052911,565.9260888052911,0.0,0.0,0.4241
2025-02-19,12,137,569.5346759262889,569.5346759262889,0.0,0.0,0.4237
2025-02-19,12,138,585.2633601704982,585.2633601704982,0.0,0.0,0.4248
2025-02-19,12,139,599.1516809681217,599.1516809681217,0.0,0.0,0.424
2025-02-19,12,140,595.0620539454733,595.0620539454733,0.0,0.0,0.422
2025-02-19,12,141,591.0256847664771,591.0256847664771,0.0,0.0,0.424
2025-02-19,12,142,562.5012588801719,562.5012588801719,0.0,0.0,0.4271
2025-02-19,12,143,546.7540185193733,546.7540185193733,0.0,0.0,0.4276
2025-02-19,18,108,708.3070701843403,708.3070701843403,0.0,0.0,1.2561
2025-02-19,18,109,742.7049104066806,742.7049104066806,0.0,0.0,1.2447
2025-02-19,18,110,718.1781258090015,718.1781258090015,0.0,0.0,1.2545
2025-02-19,18,111,742.8907447456444,742.8907447456444,0.0,0.0,1.2522
2025-02-19,18,112,208.46980680024797,208.46980680024797,0.0,0.0,1.2881
2025-02-19,18,113,0.0,0.0,0.0,0.0,1.3466
2025-02-19,18,114,0.0,0.0,0.0,0.0,1.3523
2025-02-19,18,115,0.0,0.0,0.0,0.0,1.3445
2025-02-19,18,116,0.0,0.0,0.0,0.0,1.3483
2025-02-19,18,117,0.0,0.0,0.0,0.0,1.349
2025-02-19,18,118,0.0,0.0,0.0,0.0,1.3473
2025-02-19,18,119,0.0,0.0,0.0,0.0,1.3482
2025-02-19,18,120,0.0,0.0,0.0,0.0,1.3513
2025-02-19,18,121,0.0,0.0,0.0,0.0,1.34
2025-02-19,18,122,0.0,0.0,0.0,0.0,1.3489
2025-02-19,18,123,0.0,0.0,0.0,0.0,1.3952
2025-02-19,18,124,738.9815714001453,738.9815714001453,0.0,0.0,1.2226
2025-02-19,18,125,743.8528849665408,743.8528849665408,0.0,0.0,0.9332
2025-02-19,18,126,724.9586853964497,724.9586853964497,0.0,0.0,0.9068
2025-02-19,18,127,730.6679017696821,730.6679017696821,0.0,0.0,0.9371
2025-02-19,18,128,765.5420460659772,765.5420460659772,0.0,0.0,0.9371
2025-02-19,18,129,783.2014935034636,783.2014935034636,0.0,0.0,0.9871
2025-02-19,18,130,696.5006547810995,696.5006547810995,0.0,0.0,0.7764
2025-02-19,18,131,535.7890231785467,535.7890231785467,0.0,0.0,0.4209
2025-02-19,18,132,526.0579944493609,526.0579944493609,0.0,0.0,0.3859
2025-02-19,18,133,537.6536436553816,537.6536436553816,0.0,0.0,0.4368
2025-02-19,18,134,549.114724070611,549.114724070611,0.0,0.0,0.4198
2025-02-19,18,135,561.8528032306762,561.8528032306762,0.0,0.0,0.4186
2025-02-19,18,136,565.9260888052911,565.9260888052911,0.0,0.0,0.4241
2025-02-19,18,137,569.5346759262889,569.5346759262889,0.0,0.0,0.4237
2025-02-19,18,138,585.2633601704982,585.2633601704982,0.0,0.0,0.4248
2025-02-19,18,139,599.1516809681217,599.1516809681217,0.0,0.0,0.424
2025-02-19,18,140,595.0620539454733,595.0620539454733,0.0,0.0,0.422
2025-02-19,18,141,591.0256847664771,591.0256847664771,0.0,0.0,0.424
2025-02-19,18,142,562.5012588801719,562.5012588801719,0.0,0.0,0.4271
2025-02-19,18,143,546.7540185193733,546.7540185193733,0.0,0.0,0.4276
2025-02-20,6,36,24.022295738229104,23.112559627118117,0.0,0.9097361111109876,0.9368
2025-02-20,6,37,853.1912255661333,792.9181074075077,0.0,60.27311815862561,0.8758
2025-02-20,6,38,149.0900931284765,83.59955928388501,0.0,65.49053384459148,0.8759
2025-02-20,6,39,853.8892794525888,851.2176840065118,0.0,2.6715954460769353,0.8601
2025-02-20,6,40,809.1352972754495,809.1352972754495,0.0,0.0,0.8442
2025-02-20,6,41,766.9145135009904,766.9145135009904,0.0,0.0,0.8334
2025-02-20,6,42,711.8516194253285,711.8516194253285,0.0,0.0,0.8092
2025-02-20,6,43,649.0229059615964,649.0229059615964,0.0,0.0,0.7972
2025-02-20,6,44,581.2489911982094,581.2489911982094,0.0,0.0,0.7644
2025-02-20,6,45,1380.4618721973857,1380.4618721973857,0.0,0.0,0.6899
2025-02-20,6,46,587.8809730944926,587.8809730944926,0.0,0.0,0.86
2025-02-20,6,47,0.0,0.0,0.0,0.0,1.1617
2025-02-20,6,48,0.0,0.0,0.0,0.0,1.1683
2025-02-20,6,49,0.0,0.0,0.0,0.0,1.0956
2025-02-20,6,50,0.0,0.0,0.0,0.0,1.0849
2025-02-20,6,51,0.0,0.0,0.0,0.0,1.061
2025-02-20,6,52,0.0,0.0,0.0,0.0,1.043
2025-02-20,6,53,0.0,0.0,0.0,0.0,1.036
2025-02-20,6,54,0.0,0.0,0.0,0.0,1.0147
2025-02-20,6,55,0.0,0.0,0.0,0.0,0.9922
2025-02-20,6,56,0.0,0.0,0.0,0.0,0.97
2025-02-20,6,57,0.0,0.0,0.0,0.0,0.9422
2025-02-20,6,58,0.0,0.0,0.0,0.0,0.9569
2025-02-20,6,59,0.0,0.0,0.0,0.0,0.9977
2025-02-20,6,60,0.0,0.0,0.0,0.0,0.9919
2025-02-20,6,61,0.0,0.0,0.0,0.0,0.9588
2025-02-20,6,62,0.0,0.0,0.0,0.0,0.9549
2025-02-20,6,63,0.0,0.0,0.0,0.0,0.9839
2025-02-20,6,64,172.1719289934264,85.32340513025368,0.0,86.84852386317273,0.799
2025-02-20,6,65,1083.7072458859068,907.1522069970179,0.0,176.55503888888893,0.5025
2025-02-20,6,66,1075.4686322215794,898.9426599993569,0.0,176.52597222222244,0.4662
2025-02-20,6,67,1006.1610032171646,847.8128532171648,0.0,158.3481499999998,0.5007
2025-02-20,6,68,1021.4987839179882,808.885595413837,0.0,212.61318850415125,0.4827
2025-02-20,6,69,989.5960370840469,796.7672855026714,0.0,192.8287515813755,0.4785
2025-02-20,6,70,929.8090053794881,775.5698551243268,0.0,154.23915025516135,0.4662
2025-02-20,6,71,908.4878127328818,766.5058209213765,0.0,141.98199181150528,0.4432
2025-02-20,6,72,952.8984022747594,760.0281706201847,0.0,192.8702316545747,0.4411
2025-02-20,6,73,941.9533557061186,760.3296187682976,0.0,181.62373693782104,0.4551
2025-02-20,6,74,872.8544021019869,733.7057120153212,0.0,139.14869008666574,0.4463
2025-02-20,6,75,860.0849421438146,766.2193256031836,0.0,93.86561654063098,0.4113
2025-02-20,6,76,935.840515747843,818.5406613867234,0.0,117.29985436111963,0.5682
2025-02-20,6,77,108.1406341838677,15.976334363907583,0.0,92.16429981996012,0.8279
2025-02-20,6,78,93.483090918119,16.155879065658766,0.0,77.32721185246024,0.8636
2025-02-20,6,79,89.78704356488788,38.10392678872828,0.0,51.6831167761596,0.8416
2025-02-20,6,80,137.469007040729,28.072009818506857,0.0,109.39699722222214,0.8618
2025-02-20,6,81,69.89301082684703,69.89301082684703,0.0,0.0,0.8623
2025-02-20,6,82,17.507559767945114,17.507559767945114,0.0,0.0,0.9026
2025-02-20,6,83,0.0,0.0,0.0,0.0,0.9754
2025-02-20,6,84,0.0,0.0,0.0,0.0,1.0002
2025-02-20,6,85,0.0,0.0,0.0,0.0,0.9978
2025-02-20,6,86,0.0,0.0,0.0,0.0,1.0271
2025-02-20,6,87,0.0,0.0,0.0,0.0,1.0906
2025-02-20,6,88,8.419576507677265,8.419576507677265,0.0,0.0,0.9376
2025-02-20,6,89,188.59792532981086,1025.8551843862945,837.2572590564836,0.0,0.6694
2025-02-20,6,90,1161.1327326506062,1293.861413316375,132.72868066576893,0.0,0.66
2025-02-20,6,91,340.8740052745705,453.1619012089166,112.28789593434612,0.0,0.7217
2025-02-20,6,92,353.1350545600628,499.27668028842635,146.14162572836352,0.0,0.7308
2025-02-20,6,93,413.7624801133789,532.079069114003,118.3165890006241,0.0,0.7534
2025-02-20,6,94,457.98043406192556,576.4919286639965,118.51149460207097,0.0,0.7823
2025-02-20,6,95,523.4634443687365,614.0489332576254,90.5854888888889,0.0,0.8055
2025-02-20,6,96,556.4978118907194,659.886403557386,103.38859166666657,0.0,0.8271
2025-02-20,6,97,628.5167067051786,719.1181474240726,90.60144071889397,0.0,0.8519
2025-02-20,6,98,713.0357957140385,765.6546012695941,52.61880555555558,0.0,0.8791
2025-02-20,6,99,739.5848383882975,797.3790133882975,57.794174999999996,0.0,0.9024
2025-02-20,6,100,795.5401119848057,859.0772291227266,63.53711713792097,0.0,0.9163
2025-02-20,6,101,881.9341097007845,932.1138819230065,50.17977222222203,0.0,0.9264
2025-02-20,6,102,923.3703001189319,928.495022841291,5.124722722359024,0.0,0.9462
2025-02-20,6,103,941.6144857564121,941.6144857564121,0.0,0.0,0.9742
2025-02-20,6,104,997.7839891466041,997.7839891466041,0.0,0.0,0.9862
2025-02-20,6,105,1024.606973280951,1024.606973280951,0.0,0.0,0.976
2025-02-20,6,106,897.0038058609539,897.0038058609539,0.0,0.0,1.0742
2025-02-20,6,107,700.1082299667556,700.1082299667556,0.0,0.0,1.2313
2025-02-20,6,108,690.0273488727198,690.0273488727198,0.0,0.0,1.2561
2025-02-20,6,109,730.2093207411375,730.2093207411375,0.0,0.0,1.2447
2025-02-20,6,110,710.5518124900123,710.5518124900123,0.0,0.0,1.2545
2025-02-20,6,111,737.4533488990804,737.4533488990804,0.0,0.0,1.2522
2025-02-20,6,112,256.1246285524333,256.1246285524333,0.0,0.0,1.2881
2025-02-20,6,113,0.0,0.0,0.0,0.0,1.3466
2025-02-20,6,114,0.0,0.0,0.0,0.0,1.3523
2025-02-20,6,115,0.0,0.0,0.0,0.0,1.3445
2025-02-20,6,116,0.0,0.0,0.0,0.0,1.3483
2025-02-20,6,117,0.0,0.0,0.0,0.0,1.349
2025-02-20,6,118,0.0,0.0,0.0,0.0,1.3473
2025-02-20,6,119,0.0,0.0,0.0,0.0,1.3482
2025-02-20,6,120,0.0,0.0,0.0,0.0,1.3513
2025-02-20,6,121,0.0,0.0,0.0,0.0,1.34
2025-02-20,6,122,0.0,0.0,0.0,0.0,1.3489
2025-02-20,6,123,0.0,0.0,0.0,0.0,1.3952
2025-02-20,6,124,734.6487910597807,734.6487910597807,0.0,0.0,1.2226
2025-02-20,6,125,749.5775112409956,749.5775112409956,0.0,0.0,0.9332
2025-02-20,6,126,748.55063653872,748.55063653872,0.0,0.0,0.9068
2025-02-20,6,127,742.5862467348225,742.5862467348225,0.0,0.0,0.9371
2025-02-20,6,128,753.7666505130809,753.7666505130809,0.0,0.0,0.9371
2025-02-20,6,129,776.6253073337797,776.6253073337797,0.0,0.0,0.9871
2025-02-20,6,130,703.6335394492515,703.6335394492515,0.0,0.0,0.7764
2025-02-20,6,131,559.688586509979,559.688586509979,0.0,0.0,0.4209
2025-02-20,6,132,535.5176213662021,535.5176213662021,0.0,0.0,0.3859
2025-02-20,6,133,561.2526709008948,561.2526709008948,0.0,0.0,0.4368
2025-02-20,6,134,567.0579710448641,567.0579710448641,0.0,0.0,0.4198
2025-02-20,6,135,579.7459056601297,579.7459056601297,0.0,0.0,0.4186
2025-02-20,6,136,576.1992789612699,576.1992789612699,0.0,0.0,0.4241
2025-02-20,6,137,566.3542601942423,566.3542601942423,0.0,0.0,0.4237
2025-02-20,6,138,564.465691329318,564.465691329318,0.0,0.0,0.4248
2025-02-20,6,139,579.6939700125527,579.6939700125527,0.0,0.0,0.424
2025-02-20,6,140,597.1320593917543,597.1320593917543,0.0,0.0,0.422
2025-02-20,6,141,621.6624690949436,621.6624690949436,0.0,0.0,0.424
2025-02-20,6,142,525.7803394505819,525.7803394505819,0.0,0.0,0.4271
2025-02-20,6,143,452.1892693870177,452.1892693870177,0.0,0.0,0.4276
2025-02-20,12,72,760.0281706201847,743.9593041342704,0.0,16.068866485914327,0.4411
2025-02-20,12,73,760.3296187682976,689.1175204768728,0.0,71.21209829142481,0.4551
2025-02-20,12,74,733.7057120153212,733.7057120153212,0.0,0.0,0.4463
2025-02-20,12,75,766.2193256031836,707.0939412886859,0.0,59.12538431449775,0.4113
2025-02-20,12,76,818.5406613867234,0.0,0.0,818.5406613867234,0.5682
2025-02-20,12,77,15.976334363907583,0.0,0.0,15.976334363907583,0.8279
2025-02-20,12,78,16.155879065658766,0.0,0.0,16.155879065658766,0.8636
2025-02-20,12,79,38.10392678872828,0.0,0.0,38.10392678872828,0.8416
2025-02-20,12,80,28.072009818506857,0.0,0.0,28.072009818506857,0.8618
2025-02-20,12,81,69.89301082684703,0.0,0.0,69.89301082684703,0.8623
2025-02-20,12,82,17.507559767945114,0.0,0.0,17.507559767945114,0.9026
2025-02-20,12,83,0.0,0.0,0.0,0.0,0.9754
2025-02-20,12,84,0.0,0.0,0.0,0.0,1.0002
2025-02-20,12,85,0.0,0.0,0.0,0.0,0.9978
2025-02-20,12,86,0.0,0.0,0.0,0.0,1.0271
2025-02-20,12,87,0.0,0.0,0.0,0.0,1.0906
2025-02-20,12,88,8.419576507677265,0.0,0.0,8.419576507677265,0.9376
2025-02-20,12,89,1025.8551843862945,437.37710782096076,0.0,588.4780765653337,0.6694
2025-02-20,12,90,1293.861413316375,1117.9968696981714,0.0,175.8645436182037,0.66
2025-02-20,12,91,453.1619012089166,305.21345537558324,0.0,147.94844583333338,0.7217
2025-02-20,12,92,499.27668028842635,353.1309770000864,0.0,146.14570328833997,0.7308
2025-02-20,12,93,532.079069114003,442.47145375242434,0.0,89.60761536157867,0.7534
2025-02-20,12,94,576.4919286639965,516.644724357255,0.0,59.84720430674156,0.7823
2025-02-20,12,95,614.0489332576254,539.6942989537147,0.0,74.35463430391076,0.8055
2025-02-20,12,96,659.886403557386,622.6046646684971,0.0,37.28173888888887,0.8271
2025-02-20,12,97,719.1181474240726,663.1381819283978,0.0,55.97996549567483,0.8519
2025-02-20,12,98,765.6546012695941,755.3140276567998,0.0,10.340573612794287,0.8791
2025-02-20,12,99,797.3790133882975,771.1124197174604,0.0,26.266593670837096,0.9024
2025-02-20,12,100,859.0772291227266,834.2109310702043,0.0,24.866298052522325,0.9163
2025-02-20,12,101,932.1138819230065,917.1663839835225,0.0,14.947497939484037,0.9264
2025-02-20,12,102,928.495022841291,928.495022841291,0.0,0.0,0.9462
2025-02-20,12,103,941.6144857564121,941.6144857564121,0.0,0.0,0.9742
2025-02-20,12,104,997.7839891466041,997.7839891466041,0.0,0.0,0.9862
2025-02-20,12,105,1024.606973280951,1024.606973280951,0.0,0.0,0.976
2025-02-20,12,106,897.0038058609539,897.0038058609539,0.0,0.0,1.0742
2025-02-20,12,107,700.1082299667556,700.1082299667556,0.0,0.0,1.2313
2025-02-20,12,108,690.0273488727198,690.0273488727198,0.0,0.0,1.2561
2025-02-20,12,109,730.2093207411375,730.2093207411375,0.0,0.0,1.2447
2025-02-20,12,110,710.5518124900123,710.5518124900123,0.0,0.0,1.2545
2025-02-20,12,111,737.4533488990804,737.4533488990804,0.0,0.0,1.2522
2025-02-20,12,112,256.1246285524333,256.1246285524333,0.0,0.0,1.2881
2025-02-20,12,113,0.0,0.0,0.0,0.0,1.3466
2025-02-20,12,114,0.0,0.0,0.0,0.0,1.3523
2025-02-20,12,115,0.0,0.0,0.0,0.0,1.3445
2025-02-20,12,116,0.0,0.0,0.0,0.0,1.3483
2025-02-20,12,117,0.0,0.0,0.0,0.0,1.349
2025-02-20,12,118,0.0,0.0,0.0,0.0,1.3473
2025-02-20,12,119,0.0,0.0,0.0,0.0,1.3482
2025-02-20,12,120,0.0,0.0,0.0,0.0,1.3513
2025-02-20,12,121,0.0,0.0,0.0,0.0,1.34
2025-02-20,12,122,0.0,0.0,0.0,0.0,1.3489
2025-02-20,12,123,0.0,0.0,0.0,0.0,1.3952
2025-02-20,12,124,734.6487910597807,734.6487910597807,0.0,0.0,1.2226
2025-02-20,12,125,749.5775112409956,749.5775112409956,0.0,0.0,0.9332
2025-02-20,12,126,748.55063653872,748.55063653872,0.0,0.0,0.9068
2025-02-20,12,127,742.5862467348225,742.5862467348225,0.0,0.0,0.9371
2025-02-20,12,128,753.7666505130809,753.7666505130809,0.0,0.0,0.9371
2025-02-20,12,129,776.6253073337797,776.6253073337797,0.0,0.0,0.9871
2025-02-20,12,130,703.6335394492515,703.6335394492515,0.0,0.0,0.7764
2025-02-20,12,131,559.688586509979,559.688586509979,0.0,0.0,0.4209
2025-02-20,12,132,535.5176213662021,535.5176213662021,0.0,0.0,0.3859
2025-02-20,12,133,561.2526709008948,561.2526709008948,0.0,0.0,0.4368
2025-02-20,12,134,567.0579710448641,567.0579710448641,0.0,0.0,0.4198
2025-02-20,12,135,579.7459056601297,579.7459056601297,0.0,0.0,0.4186
2025-02-20,12,136,576.1992789612699,576.1992789612699,0.0,0.0,0.4241
2025-02-20,12,137,566.3542601942423,566.3542601942423,0.0,0.0,0.4237
2025-02-20,12,138,564.465691329318,564.465691329318,0.0,0.0,0.4248
2025-02-20,12,139,579.6939700125527,579.6939700125527,0.0,0.0,0.424
2025-02-20,12,140,597.1320593917543,597.1320593917543,0.0,0.0,0.422
2025-02-20,12,141,621.6624690949436,621.6624690949436,0.0,0.0,0.424
2025-02-20,12,142,525.7803394505819,525.7803394505819,0.0,0.0,0.4271
2025-02-20,12,143,452.1892693870177,452.1892693870177,0.0,0.0,0.4276
2025-02-20,18,108,690.0273488727198,690.0273488727198,0.0,0.0,1.2561
2025-02-20,18,109,730.2093207411375,730.2093207411375,0.0,0.0,1.2447
2025-02-20,18,110,710.5518124900123,710.5518124900123,0.0,0.0,1.2545
2025-02-20,18,111,737.4533488990804,737.4533488990804,0.0,0.0,1.2522
2025-02-20,18,112,256.1246285524333,256.1246285524333,0.0,0.0,1.2881
2025-02-20,18,113,0.0,0.0,0.0,0.0,1.3466
2025-02-20,18,114,0.0,0.0,0.0,0.0,1.3523
2025-02-20,18,115,0.0,0.0,0.0,0.0,1.3445
2025-02-20,18,116,0.0,0.0,0.0,0.0,1.3483
2025-02-20,18,117,0.0,0.0,0.0,0.0,1.349
2025-02-20,18,118,0.0,0.0,0.0,0.0,1.3473
2025-02-20,18,119,0.0,0.0,0.0,0.0,1.3482
2025-02-20,18,120,0.0,0.0,0.0,0.0,1.3513
2025-02-20,18,121,0.0,0.0,0.0,0.0,1.34
2025-02-20,18,122,0.0,0.0,0.0,0.0,1.3489
2025-02-20,18,123,0.0,0.0,0.0,0.0,1.3952
2025-02-20,18,124,734.6487910597807,734.6487910597807,0.0,0.0,1.2226
2025-02-20,18,125,749.5775112409956,749.5775112409956,0.0,0.0,0.9332
2025-02-20,18,126,748.55063653872,748.55063653872,0.0,0.0,0.9068
2025-02-20,18,127,742.5862467348225,742.5862467348225,0.0,0.0,0.9371
2025-02-20,18,128,753.7666505130809,753.7666505130809,0.0,0.0,0.9371
2025-02-20,18,129,776.6253073337797,776.6253073337797,0.0,0.0,0.9871
2025-02-20,18,130,703.6335394492515,703.6335394492515,0.0,0.0,0.7764
2025-02-20,18,131,559.688586509979,559.688586509979,0.0,0.0,0.4209
2025-02-20,18,132,535.5176213662021,535.5176213662021,0.0,0.0,0.3859
2025-02-20,18,133,561.2526709008948,561.2526709008948,0.0,0.0,0.4368
2025-02-20,18,134,567.0579710448641,567.0579710448641,0.0,0.0,0.4198
2025-02-20,18,135,579.7459056601297,579.7459056601297,0.0,0.0,0.4186
2025-02-20,18,136,576.1992789612699,576.1992789612699,0.0,0.0,0.4241
2025-02-20,18,137,566.3542601942423,566.3542601942423,0.0,0.0,0.4237
2025-02-20,18,138,564.465691329318,564.465691329318,0.0,0.0,0.4248
2025-02-20,18,139,579.6939700125527,579.6939700125527,0.0,0.0,0.424
2025-02-20,18,140,597.1320593917543,597.1320593917543,0.0,0.0,0.422
2025-02-20,18,141,621.6624690949436,621.6624690949436,0.0,0.0,0.424
2025-02-20,18,142,525.7803394505819,525.7803394505819,0.0,0.0,0.4271
2025-02-20,18,143,452.1892693870177,452.1892693870177,0.0,0.0,0.4276
2025-02-21,6,36,0.0,0.0,0.0,0.0,0.9368
2025-02-21,6,37,0.0,0.0,0.0,0.0,0.8758
2025-02-21,6,38,0.0,0.0,0.0,0.0,0.8759
2025-02-21,6,39,0.0,0.0,0.0,0.0,0.8601
2025-02-21,6,40,0.0,0.0,0.0,0.0,0.8442
2025-02-21,6,41,0.0,0.0,0.0,0.0,0.8334
2025-02-21,6,42,0.0,0.0,0.0,0.0,0.8092
2025-02-21,6,43,0.0,0.0,0.0,0.0,0.7972
2025-02-21,6,44,0.0,0.0,0.0,0.0,0.7644
2025-02-21,6,45,0.0,0.0,0.0,0.0,0.6899
2025-02-21,6,46,0.0,0.0,0.0,0.0,0.86
2025-02-21,6,47,0.0,0.0,0.0,0.0,1.1617
2025-02-21,6,48,0.0,0.0,0.0,0.0,1.1683
2025-02-21,6,49,0.0,0.0,0.0,0.0,1.0956
2025-02-21,6,50,0.0,0.0,0.0,0.0,1.0849
2025-02-21,6,51,0.0,0.0,0.0,0.0,1.061
2025-02-21,6,52,0.0,0.0,0.0,0.0,1.043
2025-02-21,6,53,0.0,0.0,0.0,0.0,1.036
2025-02-21,6,54,0.0,0.0,0.0,0.0,1.0147
2025-02-21,6,55,0.0,0.0,0.0,0.0,0.9922
2025-02-21,6,56,0.0,0.0,0.0,0.0,0.97
2025-02-21,6,57,0.0,0.0,0.0,0.0,0.9422
2025-02-21,6,58,0.0,0.0,0.0,0.0,0.9569
2025-02-21,6,59,0.0,0.0,0.0,0.0,0.9977
2025-02-21,6,60,0.0,0.0,0.0,0.0,0.9919
2025-02-21,6,61,0.0,0.0,0.0,0.0,0.9588
2025-02-21,6,62,0.0,0.0,0.0,0.0,0.9549
2025-02-21,6,63,0.0,0.0,0.0,0.0,0.9839
2025-02-21,6,64,0.0,0.0,0.0,0.0,0.799
2025-02-21,6,65,0.0,0.0,0.0,0.0,0.5025
2025-02-21,6,66,0.0,0.0,0.0,0.0,0.4662
2025-02-21,6,67,0.0,0.0,0.0,0.0,0.5007
2025-02-21,6,68,0.0,0.0,0.0,0.0,0.4827
2025-02-21,6,69,0.0,0.0,0.0,0.0,0.4785
2025-02-21,6,70,0.0,113.55517619835484,113.55517619835484,0.0,0.4662
2025-02-21,6,71,530.9144078554576,461.9987757661746,0.0,68.91563208928301,0.4432
2025-02-21,6,72,542.099830373967,437.9411695527257,0.0,104.15866082124137,0.4411
2025-02-21,6,73,31.84310652842413,468.8067657483717,436.96365921994754,0.0,0.4551
2025-02-21,6,74,493.560300023778,497.01013077044576,3.4498307466677716,0.0,0.4463
2025-02-21,6,75,444.5586776471863,520.2350569398889,75.67637929270256,0.0,0.4113
2025-02-21,6,76,0.0,0.0,0.0,0.0,0.5682
2025-02-21,6,77,0.0,0.0,0.0,0.0,0.8279
2025-02-21,6,78,0.0,0.0,0.0,0.0,0.8636
2025-02-21,6,79,0.0,0.0,0.0,0.0,0.8416
2025-02-21,6,80,0.0,0.0,0.0,0.0,0.8618
2025-02-21,6,81,0.0,0.0,0.0,0.0,0.8623
2025-02-21,6,82,0.0,0.0,0.0,0.0,0.9026
2025-02-21,6,83,0.0,0.0,0.0,0.0,0.9754
2025-02-21,6,84,0.0,0.0,0.0,0.0,1.0002
2025-02-21,6,85,0.0,0.0,0.0,0.0,0.9978
2025-02-21,6,86,0.0,0.0,0.0,0.0,1.0271
2025-02-21,6,87,0.0,0.0,0.0,0.0,1.0906
2025-02-21,6,88,0.0,0.0,0.0,0.0,0.9376
2025-02-21,6,89,0.0,0.0,0.0,0.0,0.6694
2025-02-21,6,90,0.0,23.878459157846617,23.878459157846617,0.0,0.66
2025-02-21,6,91,0.0,29.64432408179285,29.64432408179285,0.0,0.7217
2025-02-21,6,92,0.0,70.09621544113058,70.09621544113058,0.0,0.7308
2025-02-21,6,93,0.0,69.70528359788462,69.70528359788462,0.0,0.7534
2025-02-21,6,94,81.21103310882147,103.41767894215484,22.20664583333337,0.0,0.7823
2025-02-21,6,95,155.4467711566343,155.4467711566343,0.0,0.0,0.8055
2025-02-21,6,96,221.41487235944055,227.08214675015992,5.667274390719371,0.0,0.8271
2025-02-21,6,97,274.7556776044628,274.7556776044628,0.0,0.0,0.8519
2025-02-21,6,98,328.43341187415916,325.9978090946983,0.0,2.435602779460851,0.8791
2025-02-21,6,99,379.43619551032583,379.43619551032583,0.0,0.0,0.9024
2025-02-21,6,100,414.8926367459749,414.8926367459749,0.0,0.0,0.9163
2025-02-21,6,101,417.4095562733655,417.4095562733655,0.0,0.0,0.9264
2025-02-21,6,102,476.72064579278594,476.72064579278594,0.0,0.0,0.9462
2025-02-21,6,103,518.7989380814818,518.7989380814818,0.0,0.0,0.9742
2025-02-21,6,104,555.7521174494648,555.7521174494648,0.0,0.0,0.9862
2025-02-21,6,105,564.6301607981329,564.6301607981329,0.0,0.0,0.976
2025-02-21,6,106,544.6818525376838,540.5744525073503,0.0,4.1074000303334515,1.0742
2025-02-21,6,107,231.09341902492423,231.09341902492423,0.0,0.0,1.2313
2025-02-21,6,108,0.0,0.0,0.0,0.0,1.2561
2025-02-21,6,109,0.0,0.0,0.0,0.0,1.2447
2025-02-21,6,110,0.0,0.0,0.0,0.0,1.2545
2025-02-21,6,111,0.0,0.0,0.0,0.0,1.2522
2025-02-21,6,112,0.0,0.0,0.0,0.0,1.2881
2025-02-21,6,113,0.0,0.0,0.0,0.0,1.3466
2025-02-21,6,114,0.0,0.0,0.0,0.0,1.3523
2025-02-21,6,115,0.0,0.0,0.0,0.0,1.3445
2025-02-21,6,116,0.0,0.0,0.0,0.0,1.3483
2025-02-21,6,117,0.0,0.0,0.0,0.0,1.349
2025-02-21,6,118,0.0,0.0,0.0,0.0,1.3473
2025-02-21,6,119,0.0,0.0,0.0,0.0,1.3482
2025-02-21,6,120,0.0,0.0,0.0,0.0,1.3513
2025-02-21,6,121,0.0,0.0,0.0,0.0,1.34
2025-02-21,6,122,0.0,0.0,0.0,0.0,1.3489
2025-02-21,6,123,0.0,0.0,0.0,0.0,1.3952
2025-02-21,6,124,527.9128905844213,527.9128905844213,0.0,0.0,1.2226
2025-02-21,6,125,530.2423212854501,530.2423212854501,0.0,0.0,0.9332
2025-02-21,6,126,530.773545536112,530.773545536112,0.0,0.0,0.9068
2025-02-21,6,127,525.9786304484593,525.9786304484593,0.0,0.0,0.9371
2025-02-21,6,128,549.2543639786016,549.2543639786016,0.0,0.0,0.9371
2025-02-21,6,129,552.4336611003542,552.4336611003542,0.0,0.0,0.9871
2025-02-21,6,130,510.5276407520858,510.5276407520858,0.0,0.0,0.7764
2025-02-21,6,131,438.0438903116162,438.0438903116162,0.0,0.0,0.4209
2025-02-21,6,132,433.72257344453146,433.72257344453146,0.0,0.0,0.3859
2025-02-21,6,133,438.5859439610452,438.5859439610452,0.0,0.0,0.4368
2025-02-21,6,134,427.4518075045955,427.4518075045955,0.0,0.0,0.4198
2025-02-21,6,135,437.9091204153946,437.9091204153946,0.0,0.0,0.4186
2025-02-21,6,136,441.7004643487521,441.7004643487521,0.0,0.0,0.4241
2025-02-21,6,137,443.0289999094528,443.0289999094528,0.0,0.0,0.4237
2025-02-21,6,138,462.664312152061,462.664312152061,0.0,0.0,0.4248
2025-02-21,6,139,464.84203746991267,464.84203746991267,0.0,0.0,0.424
2025-02-21,6,140,464.53256439519396,464.53256439519396,0.0,0.0,0.422
2025-02-21,6,141,480.9802455147592,480.9802455147592,0.0,0.0,0.424
2025-02-21,6,142,461.18019863834917,461.18019863834917,0.0,0.0,0.4271
2025-02-21,6,143,444.0941341878386,444.0941341878386,0.0,0.0,0.4276
2025-02-21,12,72,437.9411695527257,0.0,0.0,437.9411695527257,0.4411
2025-02-21,12,73,468.8067657483717,0.0,0.0,468.8067657483717,0.4551
2025-02-21,12,74,497.01013077044576,0.0,0.0,497.01013077044576,0.4463
2025-02-21,12,75,520.2350569398889,0.0,0.0,520.2350569398889,0.4113
2025-02-21,12,76,0.0,0.0,0.0,0.0,0.5682
2025-02-21,12,77,0.0,0.0,0.0,0.0,0.8279
2025-02-21,12,78,0.0,0.0,0.0,0.0,0.8636
2025-02-21,12,79,0.0,0.0,0.0,0.0,0.8416
2025-02-21,12,80,0.0,0.0,0.0,0.0,0.8618
2025-02-21,12,81,0.0,0.0,0.0,0.0,0.8623
2025-02-21,12,82,0.0,0.0,0.0,0.0,0.9026
2025-02-21,12,83,0.0,0.0,0.0,0.0,0.9754
2025-02-21,12,84,0.0,0.0,0.0,0.0,1.0002
2025-02-21,12,85,0.0,0.0,0.0,0.0,0.9978
2025-02-21,12,86,0.0,0.0,0.0,0.0,1.0271
2025-02-21,12,87,0.0,0.0,0.0,0.0,1.0906
2025-02-21,12,88,0.0,0.0,0.0,0.0,0.9376
2025-02-21,12,89,0.0,0.0,0.0,0.0,0.6694
2025-02-21,12,90,23.878459157846617,0.0,0.0,23.878459157846617,0.66
2025-02-21,12,91,29.64432408179285,0.9146437062092154,0.0,28.729680375583634,0.7217
2025-02-21,12,92,70.09621544113058,38.96614044113054,0.0,31.13007500000004,0.7308
2025-02-21,12,93,69.70528359788462,69.70528359788462,0.0,0.0,0.7534
2025-02-21,12,94,103.41767894215484,104.27733278194175,0.8596538397869153,0.0,0.7823
2025-02-21,12,95,155.4467711566343,155.4467711566343,0.0,0.0,0.8055
2025-02-21,12,96,227.08214675015992,227.08214675015992,0.0,0.0,0.8271
2025-02-21,12,97,274.7556776044628,286.5111734377963,11.755495833333498,0.0,0.8519
2025-02-21,12,98,325.9978090946983,325.9978090946983,0.0,0.0,0.8791
2025-02-21,12,99,379.43619551032583,379.43619551032583,0.0,0.0,0.9024
2025-02-21,12,100,414.8926367459749,414.8926367459749,0.0,0.0,0.9163
2025-02-21,12,101,417.4095562733655,417.4095562733655,0.0,0.0,0.9264
2025-02-21,12,102,476.72064579278594,476.72064579278594,0.0,0.0,0.9462
2025-02-21,12,103,518.7989380814818,518.7989380814818,0.0,0.0,0.9742
2025-02-21,12,104,555.7521174494648,555.7521174494648,0.0,0.0,0.9862
2025-02-21,12,105,564.6301607981329,564.6301607981329,0.0,0.0,0.976
2025-02-21,12,106,540.5744525073503,540.5744525073503,0.0,0.0,1.0742
2025-02-21,12,107,231.09341902492423,231.09341902492423,0.0,0.0,1.2313
2025-02-21,12,108,0.0,0.0,0.0,0.0,1.2561
2025-02-21,12,109,0.0,0.0,0.0,0.0,1.2447
2025-02-21,12,110,0.0,0.0,0.0,0.0,1.2545
2025-02-21,12,111,0.0,0.0,0.0,0.0,1.2522
2025-02-21,12,112,0.0,0.0,0.0,0.0,1.2881
2025-02-21,12,113,0.0,0.0,0.0,0.0,1.3466
2025-02-21,12,114,0.0,0.0,0.0,0.0,1.3523
2025-02-21,12,115,0.0,0.0,0.0,0.0,1.3445
2025-02-21,12,116,0.0,0.0,0.0,0.0,1.3483
2025-02-21,12,117,0.0,0.0,0.0,0.0,1.349
2025-02-21,12,118,0.0,0.0,0.0,0.0,1.3473
2025-02-21,12,119,0.0,0.0,0.0,0.0,1.3482
2025-02-21,12,120,0.0,0.0,0.0,0.0,1.3513
2025-02-21,12,121,0.0,0.0,0.0,0.0,1.34
2025-02-21,12,122,0.0,0.0,0.0,0.0,1.3489
2025-02-21,12,123,0.0,0.0,0.0,0.0,1.3952
2025-02-21,12,124,527.9128905844213,527.9128905844213,0.0,0.0,1.2226
2025-02-21,12,125,530.2423212854501,530.2423212854501,0.0,0.0,0.9332
2025-02-21,12,126,530.773545536112,530.773545536112,0.0,0.0,0.9068
2025-02-21,12,127,525.9786304484593,525.9786304484593,0.0,0.0,0.9371
2025-02-21,12,128,549.2543639786016,549.2543639786016,0.0,0.0,0.9371
2025-02-21,12,129,552.4336611003542,552.4336611003542,0.0,0.0,0.9871
2025-02-21,12,130,510.5276407520858,510.5276407520858,0.0,0.0,0.7764
2025-02-21,12,131,438.0438903116162,438.0438903116162,0.0,0.0,0.4209
2025-02-21,12,132,433.72257344453146,433.72257344453146,0.0,0.0,0.3859
2025-02-21,12,133,438.5859439610452,438.5859439610452,0.0,0.0,0.4368
2025-02-21,12,134,427.4518075045955,427.4518075045955,0.0,0.0,0.4198
2025-02-21,12,135,437.9091204153946,437.9091204153946,0.0,0.0,0.4186
2025-02-21,12,136,441.7004643487521,441.7004643487521,0.0,0.0,0.4241
2025-02-21,12,137,443.0289999094528,443.0289999094528,0.0,0.0,0.4237
2025-02-21,12,138,462.664312152061,462.664312152061,0.0,0.0,0.4248
2025-02-21,12,139,464.84203746991267,464.84203746991267,0.0,0.0,0.424
2025-02-21,12,140,464.53256439519396,464.53256439519396,0.0,0.0,0.422
2025-02-21,12,141,480.9802455147592,480.9802455147592,0.0,0.0,0.424
2025-02-21,12,142,461.18019863834917,461.18019863834917,0.0,0.0,0.4271
2025-02-21,12,143,444.0941341878386,444.0941341878386,0.0,0.0,0.4276
2025-02-21,18,108,0.0,0.0,0.0,0.0,1.2561
2025-02-21,18,109,0.0,0.0,0.0,0.0,1.2447
2025-02-21,18,110,0.0,0.0,0.0,0.0,1.2545
2025-02-21,18,111,0.0,0.0,0.0,0.0,1.2522
2025-02-21,18,112,0.0,0.0,0.0,0.0,1.2881
2025-02-21,18,113,0.0,0.0,0.0,0.0,1.3466
2025-02-21,18,114,0.0,0.0,0.0,0.0,1.3523
2025-02-21,18,115,0.0,0.0,0.0,0.0,1.3445
2025-02-21,18,116,0.0,0.0,0.0,0.0,1.3483
2025-02-21,18,117,0.0,0.0,0.0,0.0,1.349
2025-02-21,18,118,0.0,0.0,0.0,0.0,1.3473
2025-02-21,18,119,0.0,0.0,0.0,0.0,1.3482
2025-02-21,18,120,0.0,0.0,0.0,0.0,1.3513
2025-02-21,18,121,0.0,0.0,0.0,0.0,1.34
2025-02-21,18,122,0.0,0.0,0.0,0.0,1.3489
2025-02-21,18,123,0.0,0.0,0.0,0.0,1.3952
2025-02-21,18,124,527.9128905844213,527.9128905844213,0.0,0.0,1.2226
2025-02-21,18,125,530.2423212854501,530.2423212854501,0.0,0.0,0.9332
2025-02-21,18,126,530.773545536112,530.773545536112,0.0,0.0,0.9068
2025-02-21,18,127,525.9786304484593,525.9786304484593,0.0,0.0,0.9371
2025-02-21,18,128,549.2543639786016,549.2543639786016,0.0,0.0,0.9371
2025-02-21,18,129,552.4336611003542,552.4336611003542,0.0,0.0,0.9871
2025-02-21,18,130,510.5276407520858,510.5276407520858,0.0,0.0,0.7764
2025-02-21,18,131,438.0438903116162,438.0438903116162,0.0,0.0,0.4209
2025-02-21,18,132,433.72257344453146,433.72257344453146,0.0,0.0,0.3859
2025-02-21,18,133,438.5859439610452,438.5859439610452,0.0,0.0,0.4368
2025-02-21,18,134,427.4518075045955,427.4518075045955,0.0,0.0,0.4198
2025-02-21,18,135,437.9091204153946,437.9091204153946,0.0,0.0,0.4186
2025-02-21,18,136,441.7004643487521,441.7004643487521,0.0,0.0,0.4241
2025-02-21,18,137,443.0289999094528,443.0289999094528,0.0,0.0,0.4237
2025-02-21,18,138,462.664312152061,462.664312152061,0.0,0.0,0.4248
2025-02-21,18,139,464.84203746991267,464.84203746991267,0.0,0.0,0.424
2025-02-21,18,140,464.53256439519396,464.53256439519396,0.0,0.0,0.422
2025-02-21,18,141,480.9802455147592,480.9802455147592,0.0,0.0,0.424
2025-02-21,18,142,461.18019863834917,461.18019863834917,0.0,0.0,0.4271
2025-02-21,18,143,444.0941341878386,444.0941341878386,0.0,0.0,0.4276
2025-02-22,6,36,0.0,0.0,0.0,0.0,0.9368
2025-02-22,6,37,0.0,0.0,0.0,0.0,0.8758
2025-02-22,6,38,0.0,0.0,0.0,0.0,0.8759
2025-02-22,6,39,0.0,0.0,0.0,0.0,0.8601
2025-02-22,6,40,0.0,0.0,0.0,0.0,0.8442
2025-02-22,6,41,0.0,0.0,0.0,0.0,0.8334
2025-02-22,6,42,0.0,0.0,0.0,0.0,0.8092
2025-02-22,6,43,0.0,0.0,0.0,0.0,0.7972
2025-02-22,6,44,0.0,0.0,0.0,0.0,0.7644
2025-02-22,6,45,0.0,0.0,0.0,0.0,0.6899
2025-02-22,6,46,0.0,0.0,0.0,0.0,0.86
2025-02-22,6,47,0.0,0.0,0.0,0.0,1.1617
2025-02-22,6,48,0.0,0.0,0.0,0.0,1.1683
2025-02-22,6,49,0.0,0.0,0.0,0.0,1.0956
2025-02-22,6,50,0.0,0.0,0.0,0.0,1.0849
2025-02-22,6,51,0.0,0.0,0.0,0.0,1.061
2025-02-22,6,52,0.0,0.0,0.0,0.0,1.043
2025-02-22,6,53,0.0,0.0,0.0,0.0,1.036
2025-02-22,6,54,0.0,0.0,0.0,0.0,1.0147
2025-02-22,6,55,0.0,0.0,0.0,0.0,0.9922
2025-02-22,6,56,0.0,0.0,0.0,0.0,0.97
2025-02-22,6,57,0.0,0.0,0.0,0.0,0.9422
2025-02-22,6,58,0.0,0.0,0.0,0.0,0.9569
2025-02-22,6,59,0.0,0.0,0.0,0.0,0.9977
2025-02-22,6,60,0.0,0.0,0.0,0.0,0.9919
2025-02-22,6,61,0.0,0.0,0.0,0.0,0.9588
2025-02-22,6,62,0.0,0.0,0.0,0.0,0.9549
2025-02-22,6,63,0.0,0.0,0.0,0.0,0.9839
2025-02-22,6,64,0.0,0.0,0.0,0.0,0.799
2025-02-22,6,65,0.0,0.0,0.0,0.0,0.5025
2025-02-22,6,66,661.7152440021652,514.4973051132763,0.0,147.21793888888885,0.4662
2025-02-22,6,67,0.0,0.0,0.0,0.0,0.5007
2025-02-22,6,68,0.0,0.0,0.0,0.0,0.4827
2025-02-22,6,69,0.0,0.0,0.0,0.0,0.4785
2025-02-22,6,70,618.7421115418097,555.1064149051336,0.0,63.635696636676016,0.4662
2025-02-22,6,71,619.0931891737022,547.1460280625911,0.0,71.94716111111109,0.4432
2025-02-22,6,72,548.8050305464917,493.04785832426944,0.0,55.757172222222266,0.4411
2025-02-22,6,73,519.4248091426707,482.05452156483454,0.0,37.370287577836166,0.4551
2025-02-22,6,74,560.2415840642219,539.1360562864443,0.0,21.105527777777638,0.4463
2025-02-22,6,75,567.3424241164926,563.562718560937,0.0,3.7797055555555517,0.4113
2025-02-22,6,76,0.0,0.0,0.0,0.0,0.5682
2025-02-22,6,77,0.0,0.0,0.0,0.0,0.8279
2025-02-22,6,78,0.0,0.0,0.0,0.0,0.8636
2025-02-22,6,79,0.0,0.0,0.0,0.0,0.8416
2025-02-22,6,80,0.0,0.0,0.0,0.0,0.8618
2025-02-22,6,81,0.0,0.0,0.0,0.0,0.8623
2025-02-22,6,82,0.0,0.0,0.0,0.0,0.9026
2025-02-22,6,83,0.0,0.0,0.0,0.0,0.9754
2025-02-22,6,84,0.0,0.0,0.0,0.0,1.0002
2025-02-22,6,85,0.0,0.0,0.0,0.0,0.9978
2025-02-22,6,86,0.0,0.0,0.0,0.0,1.0271
2025-02-22,6,87,8.697818640152933,8.697818640152933,0.0,0.0,1.0906
2025-02-22,6,88,67.798656740325,0.0,0.0,67.798656740325,0.9376
2025-02-22,6,89,122.27994792326058,63.812122750290804,0.0,58.467825172969775,0.6694
2025-02-22,6,90,139.44265636214996,139.44265636214996,0.0,0.0,0.66
2025-02-22,6,91,215.02425016119994,215.02425016119994,0.0,0.0,0.7217
2025-02-22,6,92,180.01912162330942,180.01912162330942,0.0,0.0,0.7308
2025-02-22,6,93,160.27269137434268,167.57679325729623,7.304101882953546,0.0,0.7534
2025-02-22,6,94,179.46354024076268,204.09419949034987,24.630659249587183,0.0,0.7823
2025-02-22,6,95,219.7496229408558,274.20374907515935,54.45412613430355,0.0,0.8055
2025-02-22,6,96,277.1334414192436,327.40228171908007,50.268840299836484,0.0,0.8271
2025-02-22,6,97,309.85488021698984,371.17251537595985,61.317635158970006,0.0,0.8519
2025-02-22,6,98,354.92754864353606,371.81610339402584,16.88855475048979,0.0,0.8791
2025-02-22,6,99,439.1933510656451,439.1933510656451,0.0,0.0,0.9024
2025-02-22,6,100,491.38019406469266,491.38019406469266,0.0,0.0,0.9163
2025-02-22,6,101,498.93592232181095,498.93592232181095,0.0,0.0,0.9264
2025-02-22,6,102,515.5340749284411,515.5340749284411,0.0,0.0,0.9462
2025-02-22,6,103,559.1740536318213,559.1740536318213,0.0,0.0,0.9742
2025-02-22,6,104,552.2865823696537,552.2865823696537,0.0,0.0,0.9862
2025-02-22,6,105,585.5939268039828,585.5939268039828,0.0,0.0,0.976
2025-02-22,6,106,562.8785645005469,562.8785645005469,0.0,0.0,1.0742
2025-02-22,6,107,382.1601545238599,382.1601545238599,0.0,0.0,1.2313
2025-02-22,6,108,0.0,0.0,0.0,0.0,1.2561
2025-02-22,6,109,0.0,0.0,0.0,0.0,1.2447
2025-02-22,6,110,0.0,0.0,0.0,0.0,1.2545
2025-02-22,6,111,0.0,0.0,0.0,0.0,1.2522
2025-02-22,6,112,0.0,0.0,0.0,0.0,1.2881
2025-02-22,6,113,0.0,0.0,0.0,0.0,1.3466
2025-02-22,6,114,0.0,0.0,0.0,0.0,1.3523
2025-02-22,6,115,0.0,0.0,0.0,0.0,1.3445
2025-02-22,6,116,0.0,0.0,0.0,0.0,1.3483
2025-02-22,6,117,0.0,0.0,0.0,0.0,1.349
2025-02-22,6,118,0.0,0.0,0.0,0.0,1.3473
2025-02-22,6,119,0.0,0.0,0.0,0.0,1.3482
2025-02-22,6,120,0.0,0.0,0.0,0.0,1.3513
2025-02-22,6,121,0.0,0.0,0.0,0.0,1.34
2025-02-22,6,122,0.0,0.0,0.0,0.0,1.3489
2025-02-22,6,123,0.0,0.0,0.0,0.0,1.3952
2025-02-22,6,124,527.2327205630867,527.2327205630867,0.0,0.0,1.2226
2025-02-22,6,125,521.8373779964699,521.8373779964699,0.0,0.0,0.9332
2025-02-22,6,126,535.7416394061067,535.7416394061067,0.0,0.0,0.9068
2025-02-22,6,127,544.7214213094536,544.7214213094536,0.0,0.0,0.9371
2025-02-22,6,128,538.7420727963921,538.7420727963921,0.0,0.0,0.9371
2025-02-22,6,129,544.3926593910356,544.3926593910356,0.0,0.0,0.9871
2025-02-22,6,130,516.3849009069066,516.3849009069066,0.0,0.0,0.7764
2025-02-22,6,131,431.49664560708703,431.49664560708703,0.0,0.0,0.4209
2025-02-22,6,132,419.0258544522749,419.0258544522749,0.0,0.0,0.3859
2025-02-22,6,133,440.69369867264186,440.69369867264186,0.0,0.0,0.4368
2025-02-22,6,134,458.3163719882598,458.3163719882598,0.0,0.0,0.4198
2025-02-22,6,135,450.3149366319724,450.3149366319724,0.0,0.0,0.4186
2025-02-22,6,136,462.336232739194,462.336232739194,0.0,0.0,0.4241
2025-02-22,6,137,460.07376241715565,460.07376241715565,0.0,0.0,0.4237
2025-02-22,6,138,446.76558172047936,446.76558172047936,0.0,0.0,0.4248
2025-02-22,6,139,456.38636526422493,456.38636526422493,0.0,0.0,0.424
2025-02-22,6,140,475.624244130406,475.624244130406,0.0,0.0,0.422
2025-02-22,6,141,454.40248798904423,454.40248798904423,0.0,0.0,0.424
2025-02-22,6,142,466.4430595685638,466.4430595685638,0.0,0.0,0.4271
2025-02-22,6,143,565.9240192773149,565.9240192773149,0.0,0.0,0.4276
2025-02-22,12,72,493.04785832426944,0.0,0.0,493.04785832426944,0.4411
2025-02-22,12,73,482.05452156483454,0.0,0.0,482.05452156483454,0.4551
2025-02-22,12,74,539.1360562864443,0.0,0.0,539.1360562864443,0.4463
2025-02-22,12,75,563.562718560937,0.0,0.0,563.562718560937,0.4113
2025-02-22,12,76,0.0,0.0,0.0,0.0,0.5682
2025-02-22,12,77,0.0,0.0,0.0,0.0,0.8279
2025-02-22,12,78,0.0,0.0,0.0,0.0,0.8636
2025-02-22,12,79,0.0,0.0,0.0,0.0,0.8416
2025-02-22,12,80,0.0,0.0,0.0,0.0,0.8618
2025-02-22,12,81,0.0,0.0,0.0,0.0,0.8623
2025-02-22,12,82,0.0,0.0,0.0,0.0,0.9026
2025-02-22,12,83,0.0,0.0,0.0,0.0,0.9754
2025-02-22,12,84,0.0,0.0,0.0,0.0,1.0002
2025-02-22,12,85,0.0,0.0,0.0,0.0,0.9978
2025-02-22,12,86,0.0,0.0,0.0,0.0,1.0271
2025-02-22,12,87,8.697818640152933,0.0,0.0,8.697818640152933,1.0906
2025-02-22,12,88,0.0,0.0,0.0,0.0,0.9376
2025-02-22,12,89,63.812122750290804,63.812122750290804,0.0,0.0,0.6694
2025-02-22,12,90,139.44265636214996,114.97879849307407,0.0,24.463857869075895,0.66
2025-02-22,12,91,215.02425016119994,68.10959650625637,0.0,146.91465365494358,0.7217
2025-02-22,12,92,180.01912162330942,122.34878983268004,0.0,57.670331790629376,0.7308
2025-02-22,12,93,167.57679325729623,140.61159047951847,0.0,26.965202777777762,0.7534
2025-02-22,12,94,204.09419949034987,177.76739115701653,0.0,26.326808333333332,0.7823
2025-02-22,12,95,274.20374907515935,274.20374907515935,0.0,0.0,0.8055
2025-02-22,12,96,327.40228171908007,327.40228171908007,0.0,0.0,0.8271
2025-02-22,12,97,371.17251537595985,371.17251537595985,0.0,0.0,0.8519
2025-02-22,12,98,371.81610339402584,371.81610339402584,0.0,0.0,0.8791
2025-02-22,12,99,439.1933510656451,439.1933510656451,0.0,0.0,0.9024
2025-02-22,12,100,491.38019406469266,491.38019406469266,0.0,0.0,0.9163
2025-02-22,12,101,498.93592232181095,498.93592232181095,0.0,0.0,0.9264
2025-02-22,12,102,515.5340749284411,515.5340749284411,0.0,0.0,0.9462
2025-02-22,12,103,559.1740536318213,548.3649036318214,0.0,10.809149999999818,0.9742
2025-02-22,12,104,552.2865823696537,552.2865823696537,0.0,0.0,0.9862
2025-02-22,12,105,585.5939268039828,585.5939268039828,0.0,0.0,0.976
2025-02-22,12,106,562.8785645005469,562.8785645005469,0.0,0.0,1.0742
2025-02-22,12,107,382.1601545238599,382.1601545238599,0.0,0.0,1.2313
2025-02-22,12,108,0.0,0.0,0.0,0.0,1.2561
2025-02-22,12,109,0.0,0.0,0.0,0.0,1.2447
2025-02-22,12,110,0.0,0.0,0.0,0.0,1.2545
2025-02-22,12,111,0.0,0.0,0.0,0.0,1.2522
2025-02-22,12,112,0.0,0.0,0.0,0.0,1.2881
2025-02-22,12,113,0.0,0.0,0.0,0.0,1.3466
2025-02-22,12,114,0.0,0.0,0.0,0.0,1.3523
2025-02-22,12,115,0.0,0.0,0.0,0.0,1.3445
2025-02-22,12,116,0.0,0.0,0.0,0.0,1.3483
2025-02-22,12,117,0.0,0.0,0.0,0.0,1.349
2025-02-22,12,118,0.0,0.0,0.0,0.0,1.3473
2025-02-22,12,119,0.0,0.0,0.0,0.0,1.3482
2025-02-22,12,120,0.0,0.0,0.0,0.0,1.3513
2025-02-22,12,121,0.0,0.0,0.0,0.0,1.34
2025-02-22,12,122,0.0,0.0,0.0,0.0,1.3489
2025-02-22,12,123,0.0,0.0,0.0,0.0,1.3952
2025-02-22,12,124,527.2327205630867,527.2327205630867,0.0,0.0,1.2226
2025-02-22,12,125,521.8373779964699,521.8373779964699,0.0,0.0,0.9332
2025-02-22,12,126,535.7416394061067,535.7416394061067,0.0,0.0,0.9068
2025-02-22,12,127,544.7214213094536,544.7214213094536,0.0,0.0,0.9371
2025-02-22,12,128,538.7420727963921,538.7420727963921,0.0,0.0,0.9371
2025-02-22,12,129,544.3926593910356,544.3926593910356,0.0,0.0,0.9871
2025-02-22,12,130,516.3849009069066,516.3849009069066,0.0,0.0,0.7764
2025-02-22,12,131,431.49664560708703,431.49664560708703,0.0,0.0,0.4209
2025-02-22,12,132,419.0258544522749,419.0258544522749,0.0,0.0,0.3859
2025-02-22,12,133,440.69369867264186,440.69369867264186,0.0,0.0,0.4368
2025-02-22,12,134,458.3163719882598,458.3163719882598,0.0,0.0,0.4198
2025-02-22,12,135,450.3149366319724,450.3149366319724,0.0,0.0,0.4186
2025-02-22,12,136,462.336232739194,462.336232739194,0.0,0.0,0.4241
2025-02-22,12,137,460.07376241715565,460.07376241715565,0.0,0.0,0.4237
2025-02-22,12,138,446.76558172047936,446.76558172047936,0.0,0.0,0.4248
2025-02-22,12,139,456.38636526422493,456.38636526422493,0.0,0.0,0.424
2025-02-22,12,140,475.624244130406,475.624244130406,0.0,0.0,0.422
2025-02-22,12,141,454.40248798904423,454.40248798904423,0.0,0.0,0.424
2025-02-22,12,142,466.4430595685638,466.4430595685638,0.0,0.0,0.4271
2025-02-22,12,143,565.9240192773149,565.9240192773149,0.0,0.0,0.4276
2025-02-22,18,108,0.0,0.0,0.0,0.0,1.2561
2025-02-22,18,109,0.0,0.0,0.0,0.0,1.2447
2025-02-22,18,110,0.0,0.0,0.0,0.0,1.2545
2025-02-22,18,111,0.0,0.0,0.0,0.0,1.2522
2025-02-22,18,112,0.0,0.0,0.0,0.0,1.2881
2025-02-22,18,113,0.0,0.0,0.0,0.0,1.3466
2025-02-22,18,114,0.0,0.0,0.0,0.0,1.3523
2025-02-22,18,115,0.0,0.0,0.0,0.0,1.3445
2025-02-22,18,116,0.0,0.0,0.0,0.0,1.3483
2025-02-22,18,117,0.0,0.0,0.0,0.0,1.349
2025-02-22,18,118,0.0,0.0,0.0,0.0,1.3473
2025-02-22,18,119,0.0,0.0,0.0,0.0,1.3482
2025-02-22,18,120,0.0,0.0,0.0,0.0,1.3513
2025-02-22,18,121,0.0,0.0,0.0,0.0,1.34
2025-02-22,18,122,0.0,0.0,0.0,0.0,1.3489
2025-02-22,18,123,0.0,0.0,0.0,0.0,1.3952
2025-02-22,18,124,527.2327205630867,527.2327205630867,0.0,0.0,1.2226
2025-02-22,18,125,521.8373779964699,521.8373779964699,0.0,0.0,0.9332
2025-02-22,18,126,535.7416394061067,535.7416394061067,0.0,0.0,0.9068
2025-02-22,18,127,544.7214213094536,544.7214213094536,0.0,0.0,0.9371
2025-02-22,18,128,538.7420727963921,538.7420727963921,0.0,0.0,0.9371
2025-02-22,18,129,544.3926593910356,544.3926593910356,0.0,0.0,0.9871
2025-02-22,18,130,516.3849009069066,516.3849009069066,0.0,0.0,0.7764
2025-02-22,18,131,431.49664560708703,431.49664560708703,0.0,0.0,0.4209
2025-02-22,18,132,419.0258544522749,419.0258544522749,0.0,0.0,0.3859
2025-02-22,18,133,440.69369867264186,440.69369867264186,0.0,0.0,0.4368
2025-02-22,18,134,458.3163719882598,458.3163719882598,0.0,0.0,0.4198
2025-02-22,18,135,450.3149366319724,450.3149366319724,0.0,0.0,0.4186
2025-02-22,18,136,462.336232739194,462.336232739194,0.0,0.0,0.4241
2025-02-22,18,137,460.07376241715565,460.07376241715565,0.0,0.0,0.4237
2025-02-22,18,138,446.76558172047936,446.76558172047936,0.0,0.0,0.4248
2025-02-22,18,139,456.38636526422493,456.38636526422493,0.0,0.0,0.424
2025-02-22,18,140,475.624244130406,475.624244130406,0.0,0.0,0.422
2025-02-22,18,141,454.40248798904423,454.40248798904423,0.0,0.0,0.424
2025-02-22,18,142,466.4430595685638,466.4430595685638,0.0,0.0,0.4271
2025-02-22,18,143,565.9240192773149,565.9240192773149,0.0,0.0,0.4276
2025-02-23,6,36,39.90065734060249,39.90065734060249,0.0,0.0,0.9368
2025-02-23,6,37,10.595425577825722,10.595425577825722,0.0,0.0,0.8758
2025-02-23,6,38,28.83208936970709,28.83208936970709,0.0,0.0,0.8759
2025-02-23,6,39,747.062537599289,747.062537599289,0.0,0.0,0.8601
2025-02-23,6,40,815.3070868488852,815.3070868488852,0.0,0.0,0.8442
2025-02-23,6,41,773.8528794517059,773.8528794517059,0.0,0.0,0.8334
2025-02-23,6,42,741.9821210514984,741.9821210514984,0.0,0.0,0.8092
2025-02-23,6,43,655.7294902652087,655.7294902652087,0.0,0.0,0.7972
2025-02-23,6,44,587.644767252258,587.644767252258,0.0,0.0,0.7644
2025-02-23,6,45,1372.8433811164284,1372.8433811164284,0.0,0.0,0.6899
2025-02-23,6,46,590.4996510123739,590.4996510123739,0.0,0.0,0.86
2025-02-23,6,47,0.0,0.0,0.0,0.0,1.1617
2025-02-23,6,48,0.0,0.0,0.0,0.0,1.1683
2025-02-23,6,49,0.0,0.0,0.0,0.0,1.0956
2025-02-23,6,50,0.0,0.0,0.0,0.0,1.0849
2025-02-23,6,51,0.0,0.0,0.0,0.0,1.061
2025-02-23,6,52,0.0,0.0,0.0,0.0,1.043
2025-02-23,6,53,0.0,0.0,0.0,0.0,1.036
2025-02-23,6,54,0.0,0.0,0.0,0.0,1.0147
2025-02-23,6,55,0.0,0.0,0.0,0.0,0.9922
2025-02-23,6,56,0.0,0.0,0.0,0.0,0.97
2025-02-23,6,57,0.0,0.0,0.0,0.0,0.9422
2025-02-23,6,58,0.0,0.0,0.0,0.0,0.9569
2025-02-23,6,59,0.0,0.0,0.0,0.0,0.9977
2025-02-23,6,60,0.0,0.0,0.0,0.0,0.9919
2025-02-23,6,61,0.0,0.0,0.0,0.0,0.9588
2025-02-23,6,62,0.0,0.0,0.0,0.0,0.9549
2025-02-23,6,63,0.0,0.0,0.0,0.0,0.9839
2025-02-23,6,64,0.0,0.0,0.0,0.0,0.799
2025-02-23,6,65,922.0199372593136,886.1520122593137,0.0,35.8679249999999,0.5025
2025-02-23,6,66,866.8496792044073,820.4307125377408,0.0,46.418966666666506,0.4662
2025-02-23,6,67,874.1603486950381,817.9197486950378,0.0,56.24060000000031,0.5007
2025-02-23,6,68,931.3693340116909,865.3071006783571,0.0,66.06223333333378,0.4827
2025-02-23,6,69,958.3759373175634,903.6434268474623,0.0,54.73251047010115,0.4785
2025-02-23,6,70,960.1064714381295,897.7665914681199,0.0,62.33987997000952,0.4662
2025-02-23,6,71,962.1986608742629,866.6715275409294,0.0,95.5271333333335,0.4432
2025-02-23,6,72,907.5315214180441,801.3725783624884,0.0,106.15894305555571,0.4411
2025-02-23,6,73,893.4824500100711,776.9425832655681,0.0,116.539866744503,0.4551
2025-02-23,6,74,942.9755447650963,813.9326294873184,0.0,129.04291527777787,0.4463
2025-02-23,6,75,977.4231830238022,836.938281634913,0.0,140.48490138888917,0.4113
2025-02-23,6,76,1019.2538856189706,867.3269981189706,0.0,151.92688750000002,0.5682
2025-02-23,6,77,110.80768977696152,110.80768977696152,0.0,0.0,0.8279
2025-02-23,6,78,153.15532971136645,153.1553297113665,5.684341886080802e-14,0.0,0.8636
2025-02-23,6,79,99.50268283772084,39.49195555355908,0.0,60.01072728416176,0.8416
2025-02-23,6,80,75.95205940700998,75.95205940700998,0.0,0.0,0.8618
2025-02-23,6,81,98.13639867191318,98.13639867191318,0.0,0.0,0.8623
2025-02-23,6,82,126.81981834778662,126.81981834778662,0.0,0.0,0.9026
2025-02-23,6,83,0.0,0.0,0.0,0.0,0.9754
2025-02-23,6,84,0.0,0.0,0.0,0.0,1.0002
2025-02-23,6,85,0.0,0.0,0.0,0.0,0.9978
2025-02-23,6,86,0.0,0.0,0.0,0.0,1.0271
2025-02-23,6,87,0.0,0.0,0.0,0.0,1.0906
2025-02-23,6,88,138.4240648475132,138.4240648475132,0.0,0.0,0.9376
2025-02-23,6,89,357.59524096577485,397.79264325623325,40.1974022904584,0.0,0.6694
2025-02-23,6,90,1406.5402870322364,1357.6250009211253,0.0,48.91528611111107,0.66
2025-02-23,6,91,1394.227547432015,1352.329822432015,0.0,41.89772500000004,0.7217
2025-02-23,6,92,491.0536760599179,494.5580928535542,3.504416793636267,0.0,0.7308
2025-02-23,6,93,505.7821676241199,511.06256117374045,5.280393549620555,0.0,0.7534
2025-02-23,6,94,555.5579019901519,555.5579019901519,0.0,0.0,0.7823
2025-02-23,6,95,626.4915001714088,626.4915001714088,0.0,0.0,0.8055
2025-02-23,6,96,686.5858661769277,686.5858661769277,0.0,0.0,0.8271
2025-02-23,6,97,713.5951908557405,717.1136051813777,3.5184143256371954,0.0,0.8519
2025-02-23,6,98,748.572714584412,752.820840973301,4.248126388888977,0.0,0.8791
2025-02-23,6,99,791.6760221597939,791.6760221597939,0.0,0.0,0.9024
2025-02-23,6,100,853.5551441733437,853.5551441733437,0.0,0.0,0.9163
2025-02-23,6,101,915.9912186256726,915.9912186256726,0.0,0.0,0.9264
2025-02-23,6,102,939.1938528457596,939.1938528457596,0.0,0.0,0.9462
2025-02-23,6,103,977.6997479636863,977.6997479636863,0.0,0.0,0.9742
2025-02-23,6,104,972.3900185648976,972.3900185648976,0.0,0.0,0.9862
2025-02-23,6,105,1045.7633381793669,1045.7633381793669,0.0,0.0,0.976
2025-02-23,6,106,947.6307162196737,947.6307162196737,0.0,0.0,1.0742
2025-02-23,6,107,735.8458027127522,735.8458027127522,0.0,0.0,1.2313
2025-02-23,6,108,696.1988330280718,696.1988330280718,0.0,0.0,1.2561
2025-02-23,6,109,735.1907393293286,735.1907393293286,0.0,0.0,1.2447
2025-02-23,6,110,764.3681037972123,764.3681037972123,0.0,0.0,1.2545
2025-02-23,6,111,750.839757567291,750.839757567291,0.0,0.0,1.2522
2025-02-23,6,112,271.95510215518334,271.95510215518334,0.0,0.0,1.2881
2025-02-23,6,113,0.0,0.0,0.0,0.0,1.3466
2025-02-23,6,114,0.0,0.0,0.0,0.0,1.3523
2025-02-23,6,115,0.0,0.0,0.0,0.0,1.3445
2025-02-23,6,116,0.0,0.0,0.0,0.0,1.3483
2025-02-23,6,117,0.0,0.0,0.0,0.0,1.349
2025-02-23,6,118,0.0,0.0,0.0,0.0,1.3473
2025-02-23,6,119,0.0,0.0,0.0,0.0,1.3482
2025-02-23,6,120,0.0,0.0,0.0,0.0,1.3513
2025-02-23,6,121,0.0,0.0,0.0,0.0,1.34
2025-02-23,6,122,0.0,0.0,0.0,0.0,1.3489
2025-02-23,6,123,0.0,0.0,0.0,0.0,1.3952
2025-02-23,6,124,729.8477081673504,729.8477081673504,0.0,0.0,1.2226
2025-02-23,6,125,697.6171017295179,697.6171017295179,0.0,0.0,0.9332
2025-02-23,6,126,718.5538000696155,718.5538000696155,0.0,0.0,0.9068
2025-02-23,6,127,716.508124224727,716.508124224727,0.0,0.0,0.9371
2025-02-23,6,128,739.4973130244771,739.4973130244771,0.0,0.0,0.9371
2025-02-23,6,129,760.1963183726176,760.1963183726176,0.0,0.0,0.9871
2025-02-23,6,130,684.1367740080592,684.1367740080592,0.0,0.0,0.7764
2025-02-23,6,131,563.0931362266926,563.0931362266926,0.0,0.0,0.4209
2025-02-23,6,132,543.6831716773303,543.6831716773303,0.0,0.0,0.3859
2025-02-23,6,133,563.938666174999,563.938666174999,0.0,0.0,0.4368
2025-02-23,6,134,559.4422201847767,559.4422201847767,0.0,0.0,0.4198
2025-02-23,6,135,554.7725797963184,554.7725797963184,0.0,0.0,0.4186
2025-02-23,6,136,583.6005270035611,583.6005270035611,0.0,0.0,0.4241
2025-02-23,6,137,589.9999880267424,589.9999880267424,0.0,0.0,0.4237
2025-02-23,6,138,555.3486871128349,555.3486871128349,0.0,0.0,0.4248
2025-02-23,6,139,561.4633207387906,561.4633207387906,0.0,0.0,0.424
2025-02-23,6,140,603.8830649310606,603.8830649310606,0.0,0.0,0.422
2025-02-23,6,141,596.6683611174394,596.6683611174394,0.0,0.0,0.424
2025-02-23,6,142,583.1377129068258,583.1377129068258,0.0,0.0,0.4271
2025-02-23,6,143,583.9096442461431,583.9096442461431,0.0,0.0,0.4276
2025-02-23,12,72,801.3725783624884,771.4798786636865,0.0,29.892699698801948,0.4411
2025-02-23,12,73,776.9425832655681,769.2403970395652,0.0,7.702186226002937,0.4551
2025-02-23,12,74,813.9326294873184,755.5307072650965,0.0,58.40192222222197,0.4463
2025-02-23,12,75,836.938281634913,771.1369038571355,0.0,65.80137777777747,0.4113
2025-02-23,12,76,867.3269981189706,577.5473079328742,0.0,289.77969018609633,0.5682
2025-02-23,12,77,110.80768977696152,0.0,0.0,110.80768977696152,0.8279
2025-02-23,12,78,153.1553297113665,0.0,0.0,153.1553297113665,0.8636
2025-02-23,12,79,39.49195555355908,24.156142206379325,0.0,15.335813347179755,0.8416
2025-02-23,12,80,75.95205940700998,75.95205940700998,0.0,0.0,0.8618
2025-02-23,12,81,98.13639867191318,8.417892368138837,0.0,89.71850630377435,0.8623
2025-02-23,12,82,126.81981834778662,0.0,0.0,126.81981834778662,0.9026
2025-02-23,12,83,0.0,0.0,0.0,0.0,0.9754
2025-02-23,12,84,0.0,0.0,0.0,0.0,1.0002
2025-02-23,12,85,0.0,0.0,0.0,0.0,0.9978
2025-02-23,12,86,0.0,0.0,0.0,0.0,1.0271
2025-02-23,12,87,0.0,0.0,0.0,0.0,1.0906
2025-02-23,12,88,138.4240648475132,0.0,0.0,138.4240648475132,0.9376
2025-02-23,12,89,397.79264325623325,397.79264325623325,0.0,0.0,0.6694
2025-02-23,12,90,1357.6250009211253,1158.4692703655696,0.0,199.1557305555557,0.66
2025-02-23,12,91,1352.329822432015,1161.429560025819,0.0,190.9002624061959,0.7217
2025-02-23,12,92,494.5580928535542,393.4645706581773,0.0,101.09352219537686,0.7308
2025-02-23,12,93,511.06256117374045,422.0789236737403,0.0,88.98363750000016,0.7534
2025-02-23,12,94,555.5579019901519,524.6478299235832,0.0,30.91007206656866,0.7823
2025-02-23,12,95,626.4915001714088,616.3619995526865,0.0,10.129500618722318,0.8055
2025-02-23,12,96,686.5858661769277,644.1797230250213,0.0,42.40614315190635,0.8271
2025-02-23,12,97,717.1136051813777,660.8554051813775,0.0,56.258200000000215,0.8519
2025-02-23,12,98,752.820840973301,752.820840973301,0.0,0.0,0.8791
2025-02-23,12,99,791.6760221597939,773.8247791406102,0.0,17.8512430191837,0.9024
2025-02-23,12,100,853.5551441733437,853.5551441733437,0.0,0.0,0.9163
2025-02-23,12,101,915.9912186256726,915.9912186256726,0.0,0.0,0.9264
2025-02-23,12,102,939.1938528457596,938.9025361790929,0.0,0.29131666666671663,0.9462
2025-02-23,12,103,977.6997479636863,977.6997479636863,0.0,0.0,0.9742
2025-02-23,12,104,972.3900185648976,972.3900185648976,0.0,0.0,0.9862
2025-02-23,12,105,1045.7633381793669,1045.7633381793669,0.0,0.0,0.976
2025-02-23,12,106,947.6307162196737,947.6307162196737,0.0,0.0,1.0742
2025-02-23,12,107,735.8458027127522,735.819319379419,0.0,0.026483333333203518,1.2313
2025-02-23,12,108,696.1988330280718,696.1988330280718,0.0,0.0,1.2561
2025-02-23,12,109,735.1907393293286,735.1907393293286,0.0,0.0,1.2447
2025-02-23,12,110,764.3681037972123,764.3681037972123,0.0,0.0,1.2545
2025-02-23,12,111,750.839757567291,750.839757567291,0.0,0.0,1.2522
2025-02-23,12,112,271.95510215518334,271.95510215518334,0.0,0.0,1.2881
2025-02-23,12,113,0.0,0.0,0.0,0.0,1.3466
2025-02-23,12,114,0.0,0.0,0.0,0.0,1.3523
2025-02-23,12,115,0.0,0.0,0.0,0.0,1.3445
2025-02-23,12,116,0.0,0.0,0.0,0.0,1.3483
2025-02-23,12,117,0.0,0.0,0.0,0.0,1.349
2025-02-23,12,118,0.0,0.0,0.0,0.0,1.3473
2025-02-23,12,119,0.0,0.0,0.0,0.0,1.3482
2025-02-23,12,120,0.0,0.0,0.0,0.0,1.3513
2025-02-23,12,121,0.0,0.0,0.0,0.0,1.34
2025-02-23,12,122,0.0,0.0,0.0,0.0,1.3489
2025-02-23,12,123,0.0,0.0,0.0,0.0,1.3952
2025-02-23,12,124,729.8477081673504,729.8477081673504,0.0,0.0,1.2226
2025-02-23,12,125,697.6171017295179,697.6171017295179,0.0,0.0,0.9332
2025-02-23,12,126,718.5538000696155,718.5538000696155,0.0,0.0,0.9068
2025-02-23,12,127,716.508124224727,716.508124224727,0.0,0.0,0.9371
2025-02-23,12,128,739.4973130244771,739.4973130244771,0.0,0.0,0.9371
2025-02-23,12,129,760.1963183726176,760.1963183726176,0.0,0.0,0.9871
2025-02-23,12,130,684.1367740080592,684.1367740080592,0.0,0.0,0.7764
2025-02-23,12,131,563.0931362266926,563.0931362266926,0.0,0.0,0.4209
2025-02-23,12,132,543.6831716773303,543.6831716773303,0.0,0.0,0.3859
2025-02-23,12,133,563.938666174999,563.938666174999,0.0,0.0,0.4368
2025-02-23,12,134,559.4422201847767,559.4422201847767,0.0,0.0,0.4198
2025-02-23,12,135,554.7725797963184,554.7725797963184,0.0,0.0,0.4186
2025-02-23,12,136,583.6005270035611,583.6005270035611,0.0,0.0,0.4241
2025-02-23,12,137,589.9999880267424,589.9999880267424,0.0,0.0,0.4237
2025-02-23,12,138,555.3486871128349,555.3486871128349,0.0,0.0,0.4248
2025-02-23,12,139,561.4633207387906,561.4633207387906,0.0,0.0,0.424
2025-02-23,12,140,603.8830649310606,603.8830649310606,0.0,0.0,0.422
2025-02-23,12,141,596.6683611174394,596.6683611174394,0.0,0.0,0.424
2025-02-23,12,142,583.1377129068258,583.1377129068258,0.0,0.0,0.4271
2025-02-23,12,143,583.9096442461431,583.9096442461431,0.0,0.0,0.4276
2025-02-23,18,108,696.1988330280718,696.1988330280718,0.0,0.0,1.2561
2025-02-23,18,109,735.1907393293286,735.1907393293286,0.0,0.0,1.2447
2025-02-23,18,110,764.3681037972123,764.3681037972123,0.0,0.0,1.2545
2025-02-23,18,111,750.839757567291,750.839757567291,0.0,0.0,1.2522
2025-02-23,18,112,271.95510215518334,271.95510215518334,0.0,0.0,1.2881
2025-02-23,18,113,0.0,0.0,0.0,0.0,1.3466
2025-02-23,18,114,0.0,0.0,0.0,0.0,1.3523
2025-02-23,18,115,0.0,0.0,0.0,0.0,1.3445
2025-02-23,18,116,0.0,0.0,0.0,0.0,1.3483
2025-02-23,18,117,0.0,0.0,0.0,0.0,1.349
2025-02-23,18,118,0.0,0.0,0.0,0.0,1.3473
2025-02-23,18,119,0.0,0.0,0.0,0.0,1.3482
2025-02-23,18,120,0.0,0.0,0.0,0.0,1.3513
2025-02-23,18,121,0.0,0.0,0.0,0.0,1.34
2025-02-23,18,122,0.0,0.0,0.0,0.0,1.3489
2025-02-23,18,123,0.0,0.0,0.0,0.0,1.3952
2025-02-23,18,124,729.8477081673504,729.8477081673504,0.0,0.0,1.2226
2025-02-23,18,125,697.6171017295179,697.6171017295179,0.0,0.0,0.9332
2025-02-23,18,126,718.5538000696155,718.5538000696155,0.0,0.0,0.9068
2025-02-23,18,127,716.508124224727,716.508124224727,0.0,0.0,0.9371
2025-02-23,18,128,739.4973130244771,739.4973130244771,0.0,0.0,0.9371
2025-02-23,18,129,760.1963183726176,760.1963183726176,0.0,0.0,0.9871
2025-02-23,18,130,684.1367740080592,684.1367740080592,0.0,0.0,0.7764
2025-02-23,18,131,563.0931362266926,563.0931362266926,0.0,0.0,0.4209
2025-02-23,18,132,543.6831716773303,543.6831716773303,0.0,0.0,0.3859
2025-02-23,18,133,563.938666174999,563.938666174999,0.0,0.0,0.4368
2025-02-23,18,134,559.4422201847767,559.4422201847767,0.0,0.0,0.4198
2025-02-23,18,135,554.7725797963184,554.7725797963184,0.0,0.0,0.4186
2025-02-23,18,136,583.6005270035611,583.6005270035611,0.0,0.0,0.4241
2025-02-23,18,137,589.9999880267424,589.9999880267424,0.0,0.0,0.4237
2025-02-23,18,138,555.3486871128349,555.3486871128349,0.0,0.0,0.4248
2025-02-23,18,139,561.4633207387906,561.4633207387906,0.0,0.0,0.424
2025-02-23,18,140,603.8830649310606,603.8830649310606,0.0,0.0,0.422
2025-02-23,18,141,596.6683611174394,596.6683611174394,0.0,0.0,0.424
2025-02-23,18,142,583.1377129068258,583.1377129068258,0.0,0.0,0.4271
2025-02-23,18,143,583.9096442461431,583.9096442461431,0.0,0.0,0.4276
2025-02-24,6,36,39.493202083000824,39.493202083000824,0.0,0.0,0.9368
2025-02-24,6,37,0.0,0.0,0.0,0.0,0.8758
2025-02-24,6,38,0.7721719002935288,0.7721719002935288,0.0,0.0,0.8759
2025-02-24,6,39,440.88037362030855,440.88037362030855,0.0,0.0,0.8601
2025-02-24,6,40,818.3335242576364,818.3335242576364,0.0,0.0,0.8442
2025-02-24,6,41,773.5185591173389,773.5185591173389,0.0,0.0,0.8334
2025-02-24,6,42,700.7854767591526,700.7854767591526,0.0,0.0,0.8092
2025-02-24,6,43,639.1647734151851,639.1647734151851,0.0,0.0,0.7972
2025-02-24,6,44,568.8847859747249,568.8847859747249,0.0,0.0,0.7644
2025-02-24,6,45,1367.6289137237436,1359.7986123348546,0.0,7.830301388888984,0.6899
2025-02-24,6,46,589.8054984442955,589.8054984442955,0.0,0.0,0.86
2025-02-24,6,47,0.0,0.0,0.0,0.0,1.1617
2025-02-24,6,48,0.0,0.0,0.0,0.0,1.1683
2025-02-24,6,49,0.0,0.0,0.0,0.0,1.0956
2025-02-24,6,50,0.0,0.0,0.0,0.0,1.0849
2025-02-24,6,51,0.0,0.0,0.0,0.0,1.061
2025-02-24,6,52,0.0,0.0,0.0,0.0,1.043
2025-02-24,6,53,0.0,0.0,0.0,0.0,1.036
2025-02-24,6,54,0.0,0.0,0.0,0.0,1.0147
2025-02-24,6,55,0.0,0.0,0.0,0.0,0.9922
2025-02-24,6,56,0.0,0.0,0.0,0.0,0.97
2025-02-24,6,57,0.0,0.0,0.0,0.0,0.9422
2025-02-24,6,58,0.0,0.0,0.0,0.0,0.9569
2025-02-24,6,59,0.0,0.0,0.0,0.0,0.9977
2025-02-24,6,60,0.0,0.0,0.0,0.0,0.9919
2025-02-24,6,61,0.0,0.0,0.0,0.0,0.9588
2025-02-24,6,62,0.0,0.0,0.0,0.0,0.9549
2025-02-24,6,63,0.0,0.0,0.0,0.0,0.9839
2025-02-24,6,64,0.0,0.0,0.0,0.0,0.799
2025-02-24,6,65,722.4260041333696,829.985684446935,107.55968031356542,0.0,0.5025
2025-02-24,6,66,687.1039109509452,869.557924839834,182.45401388888877,0.0,0.4662
2025-02-24,6,67,659.7409151303575,857.4205901303575,197.67967499999997,0.0,0.5007
2025-02-24,6,68,717.8480642551552,858.310539639893,140.4624753847378,0.0,0.4827
2025-02-24,6,69,710.1017084429961,867.3964596393984,157.29475119640222,0.0,0.4785
2025-02-24,6,70,656.5632927893748,849.4954842008799,192.93219141150507,0.0,0.4662
2025-02-24,6,71,639.0370814037891,841.2742701478396,202.2371887440505,0.0,0.4432
2025-02-24,6,72,697.0719832631065,847.6856793863099,150.61369612320334,0.0,0.4411
2025-02-24,6,73,679.642751440234,842.9845978357462,163.34184639551222,0.0,0.4551
2025-02-24,6,74,600.1026108890327,807.4011596912559,207.2985488022232,0.0,0.4463
2025-02-24,6,75,583.1861236216126,837.2494015254264,254.06327790381374,0.0,0.4113
2025-02-24,6,76,649.7895053750781,649.7895053750781,0.0,0.0,0.5682
2025-02-24,6,77,0.0,0.0,0.0,0.0,0.8279
2025-02-24,6,78,0.0,0.0,0.0,0.0,0.8636
2025-02-24,6,79,0.0,0.0,0.0,0.0,0.8416
2025-02-24,6,80,0.0,0.0,0.0,0.0,0.8618
2025-02-24,6,81,0.0,0.0,0.0,0.0,0.8623
2025-02-24,6,82,0.0,0.0,0.0,0.0,0.9026
2025-02-24,6,83,0.0,0.0,0.0,0.0,0.9754
2025-02-24,6,84,0.0,0.0,0.0,0.0,1.0002
2025-02-24,6,85,0.0,0.0,0.0,0.0,0.9978
2025-02-24,6,86,0.0,0.0,0.0,0.0,1.0271
2025-02-24,6,87,0.0,0.0,0.0,0.0,1.0906
2025-02-24,6,88,0.0,0.0,0.0,0.0,0.9376
2025-02-24,6,89,416.68699577637136,416.68699577637136,0.0,0.0,0.6694
2025-02-24,6,90,1323.9631006373006,1250.2948910252921,0.0,73.66820961200847,0.66
2025-02-24,6,91,717.6886236425868,717.6886236425868,0.0,0.0,0.7217
2025-02-24,6,92,566.489427726014,566.489427726014,0.0,0.0,0.7308
2025-02-24,6,93,601.7076919307179,601.7076919307179,0.0,0.0,0.7534
2025-02-24,6,94,640.1608663065258,640.1608663065258,0.0,0.0,0.7823
2025-02-24,6,95,715.5366520555314,715.5366520555314,0.0,0.0,0.8055
2025-02-24,6,96,745.8023192617417,745.8023192617417,0.0,0.0,0.8271
2025-02-24,6,97,787.7724660638509,787.7724660638509,0.0,0.0,0.8519
2025-02-24,6,98,834.5977060781594,834.5977060781594,0.0,0.0,0.8791
2025-02-24,6,99,847.8795230525556,847.8795230525556,0.0,0.0,0.9024
2025-02-24,6,100,905.1354044513691,905.1354044513691,0.0,0.0,0.9163
2025-02-24,6,101,934.7076841370667,934.7076841370667,0.0,0.0,0.9264
2025-02-24,6,102,960.5080623922435,960.5080623922435,0.0,0.0,0.9462
2025-02-24,6,103,981.6327677610503,981.6327677610503,0.0,0.0,0.9742
2025-02-24,6,104,1031.4560849705676,1031.4560849705676,0.0,0.0,0.9862
2025-02-24,6,105,1050.4726428626527,1050.4726428626527,0.0,0.0,0.976
2025-02-24,6,106,906.8881239797848,906.8881239797848,0.0,0.0,1.0742
2025-02-24,6,107,680.6512301221948,673.7237592888615,0.0,6.9274708333332455,1.2313
2025-02-24,6,108,687.0286464928591,687.0286464928591,0.0,0.0,1.2561
2025-02-24,6,109,732.691985178362,732.691985178362,0.0,0.0,1.2447
2025-02-24,6,110,734.960537070542,734.960537070542,0.0,0.0,1.2545
2025-02-24,6,111,742.7372591709081,742.7372591709081,0.0,0.0,1.2522
2025-02-24,6,112,279.0003276741901,279.0003276741901,0.0,0.0,1.2881
2025-02-24,6,113,0.0,0.0,0.0,0.0,1.3466
2025-02-24,6,114,0.0,0.0,0.0,0.0,1.3523
2025-02-24,6,115,0.0,0.0,0.0,0.0,1.3445
2025-02-24,6,116,0.0,0.0,0.0,0.0,1.3483
2025-02-24,6,117,0.0,0.0,0.0,0.0,1.349
2025-02-24,6,118,0.0,0.0,0.0,0.0,1.3473
2025-02-24,6,119,0.0,0.0,0.0,0.0,1.3482
2025-02-24,6,120,0.0,0.0,0.0,0.0,1.3513
2025-02-24,6,121,0.0,0.0,0.0,0.0,1.34
2025-02-24,6,122,0.0,0.0,0.0,0.0,1.3489
2025-02-24,6,123,0.0,0.0,0.0,0.0,1.3952
2025-02-24,6,124,724.0564431053643,724.0564431053643,0.0,0.0,1.2226
2025-02-24,6,125,724.1983146994462,724.1983146994462,0.0,0.0,0.9332
2025-02-24,6,126,744.4695339444849,744.4695339444849,0.0,0.0,0.9068
2025-02-24,6,127,739.9393085254911,739.9393085254911,0.0,0.0,0.9371
2025-02-24,6,128,755.3811201697426,755.3811201697426,0.0,0.0,0.9371
2025-02-24,6,129,777.6002492094399,777.6002492094399,0.0,0.0,0.9871
2025-02-24,6,130,702.4419847082786,702.4419847082786,0.0,0.0,0.7764
2025-02-24,6,131,562.3227057065345,562.3227057065345,0.0,0.0,0.4209
2025-02-24,6,132,541.7419426090576,541.7419426090576,0.0,0.0,0.3859
2025-02-24,6,133,568.6705718244166,568.6705718244166,0.0,0.0,0.4368
2025-02-24,6,134,562.0801543048034,562.0801543048034,0.0,0.0,0.4198
2025-02-24,6,135,559.8342608473915,559.8342608473915,0.0,0.0,0.4186
2025-02-24,6,136,560.256611772856,560.256611772856,0.0,0.0,0.4241
2025-02-24,6,137,571.8791479541297,571.8791479541297,0.0,0.0,0.4237
2025-02-24,6,138,599.5641035287389,599.5641035287389,0.0,0.0,0.4248
2025-02-24,6,139,604.9370039191376,604.9370039191376,0.0,0.0,0.424
2025-02-24,6,140,603.3463640699645,603.3463640699645,0.0,0.0,0.422
2025-02-24,6,141,611.0262584660047,611.0262584660047,0.0,0.0,0.424
2025-02-24,6,142,591.3197354922892,591.3197354922892,0.0,0.0,0.4271
2025-02-24,6,143,582.2679675989242,582.2679675989242,0.0,0.0,0.4276
2025-02-24,12,72,847.6856793863099,659.5769990115064,0.0,188.1086803748035,0.4411
2025-02-24,12,73,842.9845978357462,44.74454151756515,0.0,798.240056318181,0.4551
2025-02-24,12,74,807.4011596912559,688.0166363704793,0.0,119.38452332077657,0.4463
2025-02-24,12,75,837.2494015254264,635.1117293032039,0.0,202.13767222222248,0.4113
2025-02-24,12,76,649.7895053750781,0.0,0.0,649.7895053750781,0.5682
2025-02-24,12,77,0.0,0.0,0.0,0.0,0.8279
2025-02-24,12,78,0.0,0.0,0.0,0.0,0.8636
2025-02-24,12,79,0.0,0.0,0.0,0.0,0.8416
2025-02-24,12,80,0.0,0.0,0.0,0.0,0.8618
2025-02-24,12,81,0.0,0.0,0.0,0.0,0.8623
2025-02-24,12,82,0.0,0.0,0.0,0.0,0.9026
2025-02-24,12,83,0.0,0.0,0.0,0.0,0.9754
2025-02-24,12,84,0.0,0.0,0.0,0.0,1.0002
2025-02-24,12,85,0.0,0.0,0.0,0.0,0.9978
2025-02-24,12,86,0.0,0.0,0.0,0.0,1.0271
2025-02-24,12,87,0.0,0.0,0.0,0.0,1.0906
2025-02-24,12,88,0.0,0.0,0.0,0.0,0.9376
2025-02-24,12,89,416.68699577637136,416.68699577637153,1.7053025658242404e-13,0.0,0.6694
2025-02-24,12,90,1250.2948910252921,1191.9174013200281,0.0,58.377489705264,0.66
2025-02-24,12,91,717.6886236425868,456.6263330466426,0.0,261.06229059594415,0.7217
2025-02-24,12,92,566.489427726014,421.778401337125,0.0,144.71102638888902,0.7308
2025-02-24,12,93,601.7076919307179,498.0278377640512,0.0,103.67985416666676,0.7534
2025-02-24,12,94,640.1608663065258,545.0109789431282,0.0,95.14988736339762,0.7823
2025-02-24,12,95,715.5366520555314,572.0542066405095,0.0,143.48244541502186,0.8055
2025-02-24,12,96,745.8023192617417,654.1621061524612,0.0,91.64021310928047,0.8271
2025-02-24,12,97,787.7724660638509,683.7193912870702,0.0,104.0530747767807,0.8519
2025-02-24,12,98,834.5977060781594,738.1249560781594,0.0,96.47275000000002,0.8791
2025-02-24,12,99,847.8795230525556,795.5247775232175,0.0,52.35474552933806,0.9024
2025-02-24,12,100,905.1354044513691,829.6553252847026,0.0,75.48007916666654,0.9163
2025-02-24,12,101,934.7076841370667,894.2140847505452,0.0,40.49359938652151,0.9264
2025-02-24,12,102,960.5080623922435,946.283244336688,0.0,14.224818055555488,0.9462
2025-02-24,12,103,981.6327677610503,981.6327677610503,0.0,0.0,0.9742
2025-02-24,12,104,1031.4560849705676,1014.6793499429367,0.0,16.776735027630934,0.9862
2025-02-24,12,105,1050.4726428626527,1049.3402609182083,0.0,1.1323819444444325,0.976
2025-02-24,12,106,906.8881239797848,906.2086948131182,0.0,0.6794291666666368,1.0742
2025-02-24,12,107,673.7237592888615,673.7237592888615,0.0,0.0,1.2313
2025-02-24,12,108,687.0286464928591,687.0286464928591,0.0,0.0,1.2561
2025-02-24,12,109,732.691985178362,732.691985178362,0.0,0.0,1.2447
2025-02-24,12,110,734.960537070542,734.960537070542,0.0,0.0,1.2545
2025-02-24,12,111,742.7372591709081,742.7372591709081,0.0,0.0,1.2522
2025-02-24,12,112,279.0003276741901,279.0003276741901,0.0,0.0,1.2881
2025-02-24,12,113,0.0,0.0,0.0,0.0,1.3466
2025-02-24,12,114,0.0,0.0,0.0,0.0,1.3523
2025-02-24,12,115,0.0,0.0,0.0,0.0,1.3445
2025-02-24,12,116,0.0,0.0,0.0,0.0,1.3483
2025-02-24,12,117,0.0,0.0,0.0,0.0,1.349
2025-02-24,12,118,0.0,0.0,0.0,0.0,1.3473
2025-02-24,12,119,0.0,0.0,0.0,0.0,1.3482
2025-02-24,12,120,0.0,0.0,0.0,0.0,1.3513
2025-02-24,12,121,0.0,0.0,0.0,0.0,1.34
2025-02-24,12,122,0.0,0.0,0.0,0.0,1.3489
2025-02-24,12,123,0.0,0.0,0.0,0.0,1.3952
2025-02-24,12,124,724.0564431053643,724.0564431053643,0.0,0.0,1.2226
2025-02-24,12,125,724.1983146994462,724.1983146994462,0.0,0.0,0.9332
2025-02-24,12,126,744.4695339444849,744.4695339444849,0.0,0.0,0.9068
2025-02-24,12,127,739.9393085254911,739.9393085254911,0.0,0.0,0.9371
2025-02-24,12,128,755.3811201697426,755.3811201697426,0.0,0.0,0.9371
2025-02-24,12,129,777.6002492094399,777.6002492094399,0.0,0.0,0.9871
2025-02-24,12,130,702.4419847082786,702.4419847082786,0.0,0.0,0.7764
2025-02-24,12,131,562.3227057065345,562.3227057065345,0.0,0.0,0.4209
2025-02-24,12,132,541.7419426090576,541.7419426090576,0.0,0.0,0.3859
2025-02-24,12,133,568.6705718244166,568.6705718244166,0.0,0.0,0.4368
2025-02-24,12,134,562.0801543048034,562.0801543048034,0.0,0.0,0.4198
2025-02-24,12,135,559.8342608473915,559.8342608473915,0.0,0.0,0.4186
2025-02-24,12,136,560.256611772856,560.256611772856,0.0,0.0,0.4241
2025-02-24,12,137,571.8791479541297,571.8791479541297,0.0,0.0,0.4237
2025-02-24,12,138,599.5641035287389,599.5641035287389,0.0,0.0,0.4248
2025-02-24,12,139,604.9370039191376,604.9370039191376,0.0,0.0,0.424
2025-02-24,12,140,603.3463640699645,603.3463640699645,0.0,0.0,0.422
2025-02-24,12,141,611.0262584660047,611.0262584660047,0.0,0.0,0.424
2025-02-24,12,142,591.3197354922892,591.3197354922892,0.0,0.0,0.4271
2025-02-24,12,143,582.2679675989242,582.2679675989242,0.0,0.0,0.4276
2025-02-24,18,108,687.0286464928591,687.0286464928591,0.0,0.0,1.2561
2025-02-24,18,109,732.691985178362,732.691985178362,0.0,0.0,1.2447
2025-02-24,18,110,734.960537070542,734.960537070542,0.0,0.0,1.2545
2025-02-24,18,111,742.7372591709081,742.7372591709081,0.0,0.0,1.2522
2025-02-24,18,112,279.0003276741901,279.0003276741901,0.0,0.0,1.2881
2025-02-24,18,113,0.0,0.0,0.0,0.0,1.3466
2025-02-24,18,114,0.0,0.0,0.0,0.0,1.3523
2025-02-24,18,115,0.0,0.0,0.0,0.0,1.3445
2025-02-24,18,116,0.0,0.0,0.0,0.0,1.3483
2025-02-24,18,117,0.0,0.0,0.0,0.0,1.349
2025-02-24,18,118,0.0,0.0,0.0,0.0,1.3473
2025-02-24,18,119,0.0,0.0,0.0,0.0,1.3482
2025-02-24,18,120,0.0,0.0,0.0,0.0,1.3513
2025-02-24,18,121,0.0,0.0,0.0,0.0,1.34
2025-02-24,18,122,0.0,0.0,0.0,0.0,1.3489
2025-02-24,18,123,0.0,0.0,0.0,0.0,1.3952
2025-02-24,18,124,724.0564431053643,724.0564431053643,0.0,0.0,1.2226
2025-02-24,18,125,724.1983146994462,724.1983146994462,0.0,0.0,0.9332
2025-02-24,18,126,744.4695339444849,744.4695339444849,0.0,0.0,0.9068
2025-02-24,18,127,739.9393085254911,739.9393085254911,0.0,0.0,0.9371
2025-02-24,18,128,755.3811201697426,755.3811201697426,0.0,0.0,0.9371
2025-02-24,18,129,777.6002492094399,777.6002492094399,0.0,0.0,0.9871
2025-02-24,18,130,702.4419847082786,702.4419847082786,0.0,0.0,0.7764
2025-02-24,18,131,562.3227057065345,562.3227057065345,0.0,0.0,0.4209
2025-02-24,18,132,541.7419426090576,541.7419426090576,0.0,0.0,0.3859
2025-02-24,18,133,568.6705718244166,568.6705718244166,0.0,0.0,0.4368
2025-02-24,18,134,562.0801543048034,562.0801543048034,0.0,0.0,0.4198
2025-02-24,18,135,559.8342608473915,559.8342608473915,0.0,0.0,0.4186
2025-02-24,18,136,560.256611772856,560.256611772856,0.0,0.0,0.4241
2025-02-24,18,137,571.8791479541297,571.8791479541297,0.0,0.0,0.4237
2025-02-24,18,138,599.5641035287389,599.5641035287389,0.0,0.0,0.4248
2025-02-24,18,139,604.9370039191376,604.9370039191376,0.0,0.0,0.424
2025-02-24,18,140,603.3463640699645,603.3463640699645,0.0,0.0,0.422
2025-02-24,18,141,611.0262584660047,611.0262584660047,0.0,0.0,0.424
2025-02-24,18,142,591.3197354922892,591.3197354922892,0.0,0.0,0.4271
2025-02-24,18,143,582.2679675989242,582.2679675989242,0.0,0.0,0.4276
2025-02-25,6,36,58.97558774891354,58.371978026691295,0.0,0.6036097222222452,0.9368
2025-02-25,6,37,409.3215097851863,53.270541682536305,0.0,356.05096810265,0.8758
2025-02-25,6,38,0.0,0.0,0.0,0.0,0.8759
2025-02-25,6,39,835.3491113563555,0.0,0.0,835.3491113563555,0.8601
2025-02-25,6,40,792.2102388548604,783.6842763548602,0.0,8.525962500000219,0.8442
2025-02-25,6,41,690.635577481837,684.6526492528947,0.0,5.982928228942342,0.8334
2025-02-25,6,42,665.7880602049278,640.5245490938165,0.0,25.263511111111256,0.8092
2025-02-25,6,43,636.571112770227,603.8750252702271,0.0,32.696087499999976,0.7972
2025-02-25,6,44,594.8622950787816,553.3170793325465,0.0,41.545215746235044,0.7644
2025-02-25,6,45,1350.5867215078263,1319.0070451189372,0.0,31.579676388889084,0.6899
2025-02-25,6,46,575.7239171828104,258.2472834546209,0.0,317.4766337281895,0.86
2025-02-25,6,47,0.0,0.0,0.0,0.0,1.1617
2025-02-25,6,48,0.0,0.0,0.0,0.0,1.1683
2025-02-25,6,49,0.0,0.0,0.0,0.0,1.0956
2025-02-25,6,50,0.0,0.0,0.0,0.0,1.0849
2025-02-25,6,51,0.0,0.0,0.0,0.0,1.061
2025-02-25,6,52,0.0,0.0,0.0,0.0,1.043
2025-02-25,6,53,0.0,0.0,0.0,0.0,1.036
2025-02-25,6,54,0.0,0.0,0.0,0.0,1.0147
2025-02-25,6,55,0.0,0.0,0.0,0.0,0.9922
2025-02-25,6,56,0.0,0.0,0.0,0.0,0.97
2025-02-25,6,57,0.0,0.0,0.0,0.0,0.9422
2025-02-25,6,58,0.0,0.0,0.0,0.0,0.9569
2025-02-25,6,59,0.0,0.0,0.0,0.0,0.9977
2025-02-25,6,60,0.0,0.0,0.0,0.0,0.9919
2025-02-25,6,61,0.0,0.0,0.0,0.0,0.9588
2025-02-25,6,62,0.0,0.0,0.0,0.0,0.9549
2025-02-25,6,63,0.0,0.0,0.0,0.0,0.9839
2025-02-25,6,64,38.824803867054776,0.0,0.0,38.824803867054776,0.799
2025-02-25,6,65,919.2134927553838,788.4495941109756,0.0,130.7638986444082,0.5025
2025-02-25,6,66,955.2131811909852,774.1267629752638,0.0,181.08641821572144,0.4662
2025-02-25,6,67,931.1468149272562,755.0510592242804,0.0,176.0957557029758,0.5007
2025-02-25,6,68,912.5481940624034,765.8990041693633,0.0,146.6491898930401,0.4827
2025-02-25,6,69,924.5533643951344,795.0728642026479,0.0,129.4805001924865,0.4785
2025-02-25,6,70,884.276312632593,781.6186042992598,0.0,102.65770833333318,0.4662
2025-02-25,6,71,871.6317652491111,757.9932094606738,0.0,113.63855578843732,0.4432
2025-02-25,6,72,922.538421189597,783.748438630855,0.0,138.78998255874194,0.4411
2025-02-25,6,73,892.3273010903399,800.8388141525188,0.0,91.48848693782111,0.4551
2025-02-25,6,74,799.1465596972703,757.3319316782283,0.0,41.81462801904195,0.4463
2025-02-25,6,75,765.3532033902324,737.113759534563,0.0,28.23944385566938,0.4113
2025-02-25,6,76,839.6371660692259,787.388516069226,0.0,52.24865,0.5682
2025-02-25,6,77,65.98521991393743,46.17163223683095,0.0,19.813587677106476,0.8279
2025-02-25,6,78,0.0,19.71178880291821,19.71178880291821,0.0,0.8636
2025-02-25,6,79,13.412449433253792,43.4627802208773,30.05033078762351,0.0,0.8416
2025-02-25,6,80,124.83846518203654,120.49042548193923,0.0,4.348039700097317,0.8618
2025-02-25,6,81,69.99733599386173,109.66012835773866,39.66279236387693,0.0,0.8623
2025-02-25,6,82,0.0,136.58120000227734,136.58120000227734,0.0,0.9026
2025-02-25,6,83,0.0,0.0,0.0,0.0,0.9754
2025-02-25,6,84,0.0,0.0,0.0,0.0,1.0002
2025-02-25,6,85,0.0,0.0,0.0,0.0,0.9978
2025-02-25,6,86,0.0,0.0,0.0,0.0,1.0271
2025-02-25,6,87,0.0,0.0,0.0,0.0,1.0906
2025-02-25,6,88,0.0,83.70669073693342,83.70669073693342,0.0,0.9376
2025-02-25,6,89,1264.999492394148,1265.838042394148,0.8385499999999411,0.0,0.6694
2025-02-25,6,90,1248.8611756668474,1250.7448793481053,1.8837036812578845,0.0,0.66
2025-02-25,6,91,409.7226755996184,409.7226755996184,0.0,0.0,0.7217
2025-02-25,6,92,462.57730764303943,462.57730764303943,0.0,0.0,0.7308
2025-02-25,6,93,479.21217898178344,492.28182614686693,13.069647165083495,0.0,0.7534
2025-02-25,6,94,533.7368228399627,533.7368228399627,0.0,0.0,0.7823
2025-02-25,6,95,574.5972422742318,574.8208409547675,0.22359868053570153,0.0,0.8055
2025-02-25,6,96,611.1408182638362,617.4712127309625,6.330394467126325,0.0,0.8271
2025-02-25,6,97,666.2776045203077,681.9221265518419,15.644522031534166,0.0,0.8519
2025-02-25,6,98,732.9638005685965,732.9638005685965,0.0,0.0,0.8791
2025-02-25,6,99,769.29048562549,774.2238681852162,4.933382559726283,0.0,0.9024
2025-02-25,6,100,843.4332722054295,849.4322146293357,5.998942423906215,0.0,0.9163
2025-02-25,6,101,879.3319889689969,892.5294118046976,13.19742283570065,0.0,0.9264
2025-02-25,6,102,908.9139331896799,908.9139331896799,0.0,0.0,0.9462
2025-02-25,6,103,948.121646512379,948.121646512379,0.0,0.0,0.9742
2025-02-25,6,104,1032.4698404579322,1032.4698404579322,0.0,0.0,0.9862
2025-02-25,6,105,1041.5294716036537,1041.5294716036537,0.0,0.0,0.976
2025-02-25,6,106,915.4356322642485,915.4356322642485,0.0,0.0,1.0742
2025-02-25,6,107,719.1563027764427,719.1563027764427,0.0,0.0,1.2313
2025-02-25,6,108,703.1957620588663,703.1957620588663,0.0,0.0,1.2561
2025-02-25,6,109,728.0719379280895,728.0719379280895,0.0,0.0,1.2447
2025-02-25,6,110,731.697635941237,731.697635941237,0.0,0.0,1.2545
2025-02-25,6,111,748.3564540525155,748.3564540525155,0.0,0.0,1.2522
2025-02-25,6,112,248.60350040347925,248.60350040347925,0.0,0.0,1.2881
2025-02-25,6,113,0.0,0.0,0.0,0.0,1.3466
2025-02-25,6,114,0.0,0.0,0.0,0.0,1.3523
2025-02-25,6,115,0.0,0.0,0.0,0.0,1.3445
2025-02-25,6,116,0.0,0.0,0.0,0.0,1.3483
2025-02-25,6,117,0.0,0.0,0.0,0.0,1.349
2025-02-25,6,118,0.0,0.0,0.0,0.0,1.3473
2025-02-25,6,119,0.0,0.0,0.0,0.0,1.3482
2025-02-25,6,120,0.0,0.0,0.0,0.0,1.3513
2025-02-25,6,121,0.0,0.0,0.0,0.0,1.34
2025-02-25,6,122,0.0,0.0,0.0,0.0,1.3489
2025-02-25,6,123,0.0,0.0,0.0,0.0,1.3952
2025-02-25,6,124,735.8749367186796,735.8749367186796,0.0,0.0,1.2226
2025-02-25,6,125,736.739488849269,736.739488849269,0.0,0.0,0.9332
2025-02-25,6,126,741.2048815910734,741.2048815910734,0.0,0.0,0.9068
2025-02-25,6,127,730.411408119005,730.411408119005,0.0,0.0,0.9371
2025-02-25,6,128,744.889330502653,744.889330502653,0.0,0.0,0.9371
2025-02-25,6,129,772.7174459112565,772.7174459112565,0.0,0.0,0.9871
2025-02-25,6,130,686.9916100995193,686.9916100995193,0.0,0.0,0.7764
2025-02-25,6,131,556.8945130122734,556.8945130122734,0.0,0.0,0.4209
2025-02-25,6,132,569.6264493652013,569.6264493652013,0.0,0.0,0.3859
2025-02-25,6,133,570.2115653218251,570.2115653218251,0.0,0.0,0.4368
2025-02-25,6,134,522.8062314099673,522.8062314099673,0.0,0.0,0.4198
2025-02-25,6,135,530.5190269200376,530.5190269200376,0.0,0.0,0.4186
2025-02-25,6,136,558.7365784315172,558.7365784315172,0.0,0.0,0.4241
2025-02-25,6,137,569.865389338384,569.865389338384,0.0,0.0,0.4237
2025-02-25,6,138,582.5628305829597,582.5628305829597,0.0,0.0,0.4248
2025-02-25,6,139,587.2435926819693,587.2435926819693,0.0,0.0,0.424
2025-02-25,6,140,584.4578788182347,584.4578788182347,0.0,0.0,0.422
2025-02-25,6,141,583.1615367874981,583.1615367874981,0.0,0.0,0.424
2025-02-25,6,142,557.8713178670472,557.8713178670472,0.0,0.0,0.4271
2025-02-25,6,143,560.1897762383185,560.1897762383185,0.0,0.0,0.4276
2025-02-25,12,72,783.748438630855,594.6532174935526,0.0,189.09522113730247,0.4411
2025-02-25,12,73,800.8388141525188,0.0,0.0,800.8388141525188,0.4551
2025-02-25,12,74,757.3319316782283,267.9528026768484,0.0,489.3791290013799,0.4463
2025-02-25,12,75,737.113759534563,536.8188272978784,0.0,200.29493223668453,0.4113
2025-02-25,12,76,787.388516069226,0.0,0.0,787.388516069226,0.5682
2025-02-25,12,77,46.17163223683095,0.0,0.0,46.17163223683095,0.8279
2025-02-25,12,78,19.71178880291821,0.0,0.0,19.71178880291821,0.8636
2025-02-25,12,79,43.4627802208773,0.0,0.0,43.4627802208773,0.8416
2025-02-25,12,80,120.49042548193923,0.0,0.0,120.49042548193923,0.8618
2025-02-25,12,81,109.66012835773866,0.0,0.0,109.66012835773866,0.8623
2025-02-25,12,82,136.58120000227734,0.0,0.0,136.58120000227734,0.9026
2025-02-25,12,83,0.0,0.0,0.0,0.0,0.9754
2025-02-25,12,84,0.0,0.0,0.0,0.0,1.0002
2025-02-25,12,85,0.0,0.0,0.0,0.0,0.9978
2025-02-25,12,86,0.0,0.0,0.0,0.0,1.0271
2025-02-25,12,87,0.0,0.0,0.0,0.0,1.0906
2025-02-25,12,88,83.70669073693342,0.0,0.0,83.70669073693342,0.9376
2025-02-25,12,89,1265.838042394148,268.1818110612569,0.0,997.6562313328911,0.6694
2025-02-25,12,90,1250.7448793481053,1065.5990319929729,0.0,185.14584735513245,0.66
2025-02-25,12,91,409.7226755996184,300.28569203674806,0.0,109.43698356287035,0.7217
2025-02-25,12,92,462.57730764303943,384.7509400980459,0.0,77.82636754499356,0.7308
2025-02-25,12,93,492.28182614686693,452.4229669418055,0.0,39.858859205061435,0.7534
2025-02-25,12,94,533.7368228399627,499.55306853322105,0.0,34.183754306741605,0.7823
2025-02-25,12,95,574.8208409547675,552.9626728992121,0.0,21.85816805555544,0.8055
2025-02-25,12,96,617.4712127309625,617.4712127309625,0.0,0.0,0.8271
2025-02-25,12,97,681.9221265518419,653.5195339101936,0.0,28.40259264164831,0.8519
2025-02-25,12,98,732.9638005685965,715.6466019574854,0.0,17.317198611111166,0.8791
2025-02-25,12,99,774.2238681852162,762.9637675699346,0.0,11.260100615281658,0.9024
2025-02-25,12,100,849.4322146293357,838.827260462669,0.0,10.604954166666744,0.9163
2025-02-25,12,101,892.5294118046976,883.4087305775151,0.0,9.120681227182445,0.9264
2025-02-25,12,102,908.9139331896799,908.9139331896799,0.0,0.0,0.9462
2025-02-25,12,103,948.121646512379,948.121646512379,0.0,0.0,0.9742
2025-02-25,12,104,1032.4698404579322,1032.4698404579322,0.0,0.0,0.9862
2025-02-25,12,105,1041.5294716036537,1041.5294716036537,0.0,0.0,0.976
2025-02-25,12,106,915.4356322642485,915.4356322642485,0.0,0.0,1.0742
2025-02-25,12,107,719.1563027764427,719.1563027764427,0.0,0.0,1.2313
2025-02-25,12,108,703.1957620588663,703.1957620588663,0.0,0.0,1.2561
2025-02-25,12,109,728.0719379280895,728.0719379280895,0.0,0.0,1.2447
2025-02-25,12,110,731.697635941237,731.697635941237,0.0,0.0,1.2545
2025-02-25,12,111,748.3564540525155,748.3564540525155,0.0,0.0,1.2522
2025-02-25,12,112,248.60350040347925,248.60350040347925,0.0,0.0,1.2881
2025-02-25,12,113,0.0,0.0,0.0,0.0,1.3466
2025-02-25,12,114,0.0,0.0,0.0,0.0,1.3523
2025-02-25,12,115,0.0,0.0,0.0,0.0,1.3445
2025-02-25,12,116,0.0,0.0,0.0,0.0,1.3483
2025-02-25,12,117,0.0,0.0,0.0,0.0,1.349
2025-02-25,12,118,0.0,0.0,0.0,0.0,1.3473
2025-02-25,12,119,0.0,0.0,0.0,0.0,1.3482
2025-02-25,12,120,0.0,0.0,0.0,0.0,1.3513
2025-02-25,12,121,0.0,0.0,0.0,0.0,1.34
2025-02-25,12,122,0.0,0.0,0.0,0.0,1.3489
2025-02-25,12,123,0.0,0.0,0.0,0.0,1.3952
2025-02-25,12,124,735.8749367186796,735.8749367186796,0.0,0.0,1.2226
2025-02-25,12,125,736.739488849269,736.739488849269,0.0,0.0,0.9332
2025-02-25,12,126,741.2048815910734,741.2048815910734,0.0,0.0,0.9068
2025-02-25,12,127,730.411408119005,730.411408119005,0.0,0.0,0.9371
2025-02-25,12,128,744.889330502653,744.889330502653,0.0,0.0,0.9371
2025-02-25,12,129,772.7174459112565,772.7174459112565,0.0,0.0,0.9871
2025-02-25,12,130,686.9916100995193,686.9916100995193,0.0,0.0,0.7764
2025-02-25,12,131,556.8945130122734,556.8945130122734,0.0,0.0,0.4209
2025-02-25,12,132,569.6264493652013,569.6264493652013,0.0,0.0,0.3859
2025-02-25,12,133,570.2115653218251,570.2115653218251,0.0,0.0,0.4368
2025-02-25,12,134,522.8062314099673,522.8062314099673,0.0,0.0,0.4198
2025-02-25,12,135,530.5190269200376,530.5190269200376,0.0,0.0,0.4186
2025-02-25,12,136,558.7365784315172,558.7365784315172,0.0,0.0,0.4241
2025-02-25,12,137,569.865389338384,569.865389338384,0.0,0.0,0.4237
2025-02-25,12,138,582.5628305829597,582.5628305829597,0.0,0.0,0.4248
2025-02-25,12,139,587.2435926819693,587.2435926819693,0.0,0.0,0.424
2025-02-25,12,140,584.4578788182347,584.4578788182347,0.0,0.0,0.422
2025-02-25,12,141,583.1615367874981,583.1615367874981,0.0,0.0,0.424
2025-02-25,12,142,557.8713178670472,557.8713178670472,0.0,0.0,0.4271
2025-02-25,12,143,560.1897762383185,560.1897762383185,0.0,0.0,0.4276
2025-02-25,18,108,703.1957620588663,703.1957620588663,0.0,0.0,1.2561
2025-02-25,18,109,728.0719379280895,728.0719379280895,0.0,0.0,1.2447
2025-02-25,18,110,731.697635941237,731.697635941237,0.0,0.0,1.2545
2025-02-25,18,111,748.3564540525155,748.3564540525155,0.0,0.0,1.2522
2025-02-25,18,112,248.60350040347925,248.60350040347925,0.0,0.0,1.2881
2025-02-25,18,113,0.0,0.0,0.0,0.0,1.3466
2025-02-25,18,114,0.0,0.0,0.0,0.0,1.3523
2025-02-25,18,115,0.0,0.0,0.0,0.0,1.3445
2025-02-25,18,116,0.0,0.0,0.0,0.0,1.3483
2025-02-25,18,117,0.0,0.0,0.0,0.0,1.349
2025-02-25,18,118,0.0,0.0,0.0,0.0,1.3473
2025-02-25,18,119,0.0,0.0,0.0,0.0,1.3482
2025-02-25,18,120,0.0,0.0,0.0,0.0,1.3513
2025-02-25,18,121,0.0,0.0,0.0,0.0,1.34
2025-02-25,18,122,0.0,0.0,0.0,0.0,1.3489
2025-02-25,18,123,0.0,0.0,0.0,0.0,1.3952
2025-02-25,18,124,735.8749367186796,735.8749367186796,0.0,0.0,1.2226
2025-02-25,18,125,736.739488849269,736.739488849269,0.0,0.0,0.9332
2025-02-25,18,126,741.2048815910734,741.2048815910734,0.0,0.0,0.9068
2025-02-25,18,127,730.411408119005,730.411408119005,0.0,0.0,0.9371
2025-02-25,18,128,744.889330502653,744.889330502653,0.0,0.0,0.9371
2025-02-25,18,129,772.7174459112565,772.7174459112565,0.0,0.0,0.9871
2025-02-25,18,130,686.9916100995193,686.9916100995193,0.0,0.0,0.7764
2025-02-25,18,131,556.8945130122734,556.8945130122734,0.0,0.0,0.4209
2025-02-25,18,132,569.6264493652013,569.6264493652013,0.0,0.0,0.3859
2025-02-25,18,133,570.2115653218251,570.2115653218251,0.0,0.0,0.4368
2025-02-25,18,134,522.8062314099673,522.8062314099673,0.0,0.0,0.4198
2025-02-25,18,135,530.5190269200376,530.5190269200376,0.0,0.0,0.4186
2025-02-25,18,136,558.7365784315172,558.7365784315172,0.0,0.0,0.4241
2025-02-25,18,137,569.865389338384,569.865389338384,0.0,0.0,0.4237
2025-02-25,18,138,582.5628305829597,582.5628305829597,0.0,0.0,0.4248
2025-02-25,18,139,587.2435926819693,587.2435926819693,0.0,0.0,0.424
2025-02-25,18,140,584.4578788182347,584.4578788182347,0.0,0.0,0.422
2025-02-25,18,141,583.1615367874981,583.1615367874981,0.0,0.0,0.424
2025-02-25,18,142,557.8713178670472,557.8713178670472,0.0,0.0,0.4271
2025-02-25,18,143,560.1897762383185,560.1897762383185,0.0,0.0,0.4276
2025-02-26,6,36,51.214321488254996,51.214321488254996,0.0,0.0,0.9368
2025-02-26,6,37,28.195160793016157,29.704631626349624,1.5094708333334665,0.0,0.8758
2025-02-26,6,38,66.9939126073134,66.9939126073134,0.0,0.0,0.8759
2025-02-26,6,39,0.0,0.0,0.0,0.0,0.8601
2025-02-26,6,40,435.34662353850473,757.8779855118615,322.5313619733568,0.0,0.8442
2025-02-26,6,41,748.960294176793,753.1118293501795,4.151535173386492,0.0,0.8334
2025-02-26,6,42,678.0306747304859,678.0306747304859,0.0,0.0,0.8092
2025-02-26,6,43,598.2817564315184,600.9733355981849,2.6915791666665427,0.0,0.7972
2025-02-26,6,44,532.8755710443862,536.9075097673951,4.0319387230089205,0.0,0.7644
2025-02-26,6,45,435.4238156164127,435.17047811641254,0.0,0.253337500000157,0.6899
2025-02-26,6,46,0.0,433.55349087092634,433.55349087092634,0.0,0.86
2025-02-26,6,47,0.0,0.0,0.0,0.0,1.1617
2025-02-26,6,48,0.0,0.0,0.0,0.0,1.1683
2025-02-26,6,49,0.0,0.0,0.0,0.0,1.0956
2025-02-26,6,50,0.0,0.0,0.0,0.0,1.0849
2025-02-26,6,51,0.0,0.0,0.0,0.0,1.061
2025-02-26,6,52,0.0,0.0,0.0,0.0,1.043
2025-02-26,6,53,0.0,0.0,0.0,0.0,1.036
2025-02-26,6,54,0.0,0.0,0.0,0.0,1.0147
2025-02-26,6,55,0.0,0.0,0.0,0.0,0.9922
2025-02-26,6,56,0.0,0.0,0.0,0.0,0.97
2025-02-26,6,57,0.0,0.0,0.0,0.0,0.9422
2025-02-26,6,58,0.0,0.0,0.0,0.0,0.9569
2025-02-26,6,59,0.0,0.0,0.0,0.0,0.9977
2025-02-26,6,60,0.0,0.0,0.0,0.0,0.9919
2025-02-26,6,61,0.0,0.0,0.0,0.0,0.9588
2025-02-26,6,62,0.0,0.0,0.0,0.0,0.9549
2025-02-26,6,63,0.0,0.0,0.0,0.0,0.9839
2025-02-26,6,64,0.0,0.0,0.0,0.0,0.799
2025-02-26,6,65,785.3783880559517,794.4412880226546,9.062899966702844,0.0,0.5025
2025-02-26,6,66,838.4066255798197,787.6373448640979,0.0,50.76928071572172,0.4662
2025-02-26,6,67,800.2775613068146,742.9044847705054,0.0,57.37307653630921,0.5007
2025-02-26,6,68,766.7056239959605,727.1846549362538,0.0,39.52096905970677,0.4827
2025-02-26,6,69,765.1817866672422,728.4136504941301,0.0,36.76813617311211,0.4785
2025-02-26,6,70,712.7308567179297,688.2055060326361,0.0,24.525350685293574,0.4662
2025-02-26,6,71,696.3792718455683,655.0855618904643,0.0,41.293709955103964,0.4432
2025-02-26,6,72,749.2747303152644,681.3114519231889,0.0,67.9632783920755,0.4411
2025-02-26,6,73,715.2465588097879,703.1429510386332,0.0,12.103607771154657,0.4551
2025-02-26,6,74,604.6821343672336,650.8105605148584,46.12842614762474,0.0,0.4463
2025-02-26,6,75,575.0819116537104,643.3436969647078,68.26178531099731,0.0,0.4113
2025-02-26,6,76,651.4762201214289,704.2869742880956,52.8107541666667,0.0,0.5682
2025-02-26,6,77,0.0,0.0,0.0,0.0,0.8279
2025-02-26,6,78,0.0,0.0,0.0,0.0,0.8636
2025-02-26,6,79,0.0,0.0,0.0,0.0,0.8416
2025-02-26,6,80,2.042443319830637,2.042443319830637,0.0,0.0,0.8618
2025-02-26,6,81,0.0,0.0,0.0,0.0,0.8623
2025-02-26,6,82,0.0,0.0,0.0,0.0,0.9026
2025-02-26,6,83,0.0,0.0,0.0,0.0,0.9754
2025-02-26,6,84,0.0,0.0,0.0,0.0,1.0002
2025-02-26,6,85,0.0,0.0,0.0,0.0,0.9978
2025-02-26,6,86,0.0,0.0,0.0,0.0,1.0271
2025-02-26,6,87,0.0,0.0,0.0,0.0,1.0906
2025-02-26,6,88,0.0,0.0,0.0,0.0,0.9376
2025-02-26,6,89,215.81402025796342,215.81402025796342,0.0,0.0,0.6694
2025-02-26,6,90,1125.5191001642918,1164.6612830122162,39.14218284792446,0.0,0.66
2025-02-26,6,91,313.4898317407871,314.2370525741201,0.7472208333330173,0.0,0.7217
2025-02-26,6,92,369.256178165403,369.256178165403,0.0,0.0,0.7308
2025-02-26,6,93,413.0571548000544,440.42985613180457,27.372701331750193,0.0,0.7534
2025-02-26,6,94,488.4823366275168,492.7953991275169,4.313062500000058,0.0,0.7823
2025-02-26,6,95,540.4892991673222,540.4892991673222,0.0,0.0,0.8055
2025-02-26,6,96,600.8646294750655,602.2637461644141,1.3991166893486024,0.0,0.8271
2025-02-26,6,97,654.4185586048424,664.9221806363765,10.503622031534178,0.0,0.8519
2025-02-26,6,98,700.2809376819478,700.2809376819478,0.0,0.0,0.8791
2025-02-26,6,99,739.6855697582338,739.6855697582338,0.0,0.0,0.9024
2025-02-26,6,100,823.0612237421351,823.0612237421351,0.0,0.0,0.9163
2025-02-26,6,101,857.5796330812241,857.5796330812241,0.0,0.0,0.9264
2025-02-26,6,102,889.4899945296503,889.4899945296503,0.0,0.0,0.9462
2025-02-26,6,103,932.6212092106771,932.6212092106771,0.0,0.0,0.9742
2025-02-26,6,104,1015.6382670527678,1015.6382670527678,0.0,0.0,0.9862
2025-02-26,6,105,1021.256454501648,1021.256454501648,0.0,0.0,0.976
2025-02-26,6,106,904.2205285434521,904.2205285434521,0.0,0.0,1.0742
2025-02-26,6,107,717.0838882816225,716.5768716149558,0.0,0.5070166666666864,1.2313
2025-02-26,6,108,710.7724117638685,710.7724117638685,0.0,0.0,1.2561
2025-02-26,6,109,737.0360493751294,737.0360493751294,0.0,0.0,1.2447
2025-02-26,6,110,710.8471662641695,710.8471662641695,0.0,0.0,1.2545
2025-02-26,6,111,735.9363830287051,735.9363830287051,0.0,0.0,1.2522
2025-02-26,6,112,230.50073426658776,230.50073426658776,0.0,0.0,1.2881
2025-02-26,6,113,0.0,0.0,0.0,0.0,1.3466
2025-02-26,6,114,0.0,0.0,0.0,0.0,1.3523
2025-02-26,6,115,0.0,0.0,0.0,0.0,1.3445
2025-02-26,6,116,0.0,0.0,0.0,0.0,1.3483
2025-02-26,6,117,0.0,0.0,0.0,0.0,1.349
2025-02-26,6,118,0.0,0.0,0.0,0.0,1.3473
2025-02-26,6,119,0.0,0.0,0.0,0.0,1.3482
2025-02-26,6,120,0.0,0.0,0.0,0.0,1.3513
2025-02-26,6,121,0.0,0.0,0.0,0.0,1.34
2025-02-26,6,122,0.0,0.0,0.0,0.0,1.3489
2025-02-26,6,123,0.0,0.0,0.0,0.0,1.3952
2025-02-26,6,124,743.5569372186715,743.5569372186715,0.0,0.0,1.2226
2025-02-26,6,125,755.9541709112899,755.9541709112899,0.0,0.0,0.9332
2025-02-26,6,126,752.8038939941797,752.8038939941797,0.0,0.0,0.9068
2025-02-26,6,127,753.0169559045875,753.0169559045875,0.0,0.0,0.9371
2025-02-26,6,128,760.302465720327,760.302465720327,0.0,0.0,0.9371
2025-02-26,6,129,782.123586795442,782.123586795442,0.0,0.0,0.9871
2025-02-26,6,130,710.4603789321735,710.4603789321735,0.0,0.0,0.7764
2025-02-26,6,131,587.0781779891855,587.0781779891855,0.0,0.0,0.4209
2025-02-26,6,132,562.3407639901884,562.3407639901884,0.0,0.0,0.3859
2025-02-26,6,133,570.4874802965331,570.4874802965331,0.0,0.0,0.4368
2025-02-26,6,134,576.9276131927801,576.9276131927801,0.0,0.0,0.4198
2025-02-26,6,135,585.6345516607009,585.6345516607009,0.0,0.0,0.4186
2025-02-26,6,136,570.4882372783577,570.4882372783577,0.0,0.0,0.4241
2025-02-26,6,137,573.1194437088539,573.1194437088539,0.0,0.0,0.4237
2025-02-26,6,138,583.0094152107323,583.0094152107323,0.0,0.0,0.4248
2025-02-26,6,139,573.0593863204114,573.0593863204114,0.0,0.0,0.424
2025-02-26,6,140,585.0750522979628,585.0750522979628,0.0,0.0,0.422
2025-02-26,6,141,615.3088538066421,615.3088538066421,0.0,0.0,0.424
2025-02-26,6,142,601.9339202642685,601.9339202642685,0.0,0.0,0.4271
2025-02-26,6,143,574.2449572479239,574.2449572479239,0.0,0.0,0.4276
2025-02-26,12,72,681.3114519231889,681.3114519231888,0.0,1.1368683772161603e-13,0.4411
2025-02-26,12,73,703.1429510386332,703.1429510386333,1.1368683772161603e-13,0.0,0.4551
2025-02-26,12,74,650.8105605148584,650.8105605148584,0.0,0.0,0.4463
2025-02-26,12,75,643.3436969647078,640.2813327193237,0.0,3.0623642453840603,0.4113
2025-02-26,12,76,704.2869742880956,599.472442492131,0.0,104.81453179596463,0.5682
2025-02-26,12,77,0.0,0.0,0.0,0.0,0.8279
2025-02-26,12,78,0.0,0.0,0.0,0.0,0.8636
2025-02-26,12,79,0.0,0.0,0.0,0.0,0.8416
2025-02-26,12,80,2.042443319830637,2.0424433198286134,0.0,2.0237145292867353e-12,0.8618
2025-02-26,12,81,0.0,0.0,0.0,0.0,0.8623
2025-02-26,12,82,0.0,0.0,0.0,0.0,0.9026
2025-02-26,12,83,0.0,0.0,0.0,0.0,0.9754
2025-02-26,12,84,0.0,0.0,0.0,0.0,1.0002
2025-02-26,12,85,0.0,0.0,0.0,0.0,0.9978
2025-02-26,12,86,0.0,0.0,0.0,0.0,1.0271
2025-02-26,12,87,0.0,0.0,0.0,0.0,1.0906
2025-02-26,12,88,0.0,0.0,0.0,0.0,0.9376
2025-02-26,12,89,215.81402025796342,751.8454537274263,536.0314334694629,0.0,0.6694
2025-02-26,12,90,1164.6612830122162,1198.166043902575,33.50476089035874,0.0,0.66
2025-02-26,12,91,314.2370525741201,378.14076484458354,63.903712270463416,0.0,0.7217
2025-02-26,12,92,369.256178165403,419.98583372095845,50.72965555555544,0.0,0.7308
2025-02-26,12,93,440.42985613180457,494.9284980404933,54.49864190868874,0.0,0.7534
2025-02-26,12,94,492.7953991275169,550.634030454221,57.83863132670416,0.0,0.7823
2025-02-26,12,95,540.4892991673222,578.314134670868,37.82483550354584,0.0,0.8055
2025-02-26,12,96,602.2637461644141,626.8341848223406,24.570438657926502,0.0,0.8271
2025-02-26,12,97,664.9221806363765,683.0000169381759,18.07783630179938,0.0,0.8519
2025-02-26,12,98,700.2809376819478,709.9911551689069,9.710217486959095,0.0,0.8791
2025-02-26,12,99,739.6855697582338,770.4335472629958,30.747977504762048,0.0,0.9024
2025-02-26,12,100,823.0612237421351,833.6340695754684,10.572845833333304,0.0,0.9163
2025-02-26,12,101,857.5796330812241,858.7902398072114,1.2106067259873043,0.0,0.9264
2025-02-26,12,102,889.4899945296503,889.4899945296503,0.0,0.0,0.9462
2025-02-26,12,103,932.6212092106771,932.6212092106771,0.0,0.0,0.9742
2025-02-26,12,104,1015.6382670527678,1015.6382670527678,0.0,0.0,0.9862
2025-02-26,12,105,1021.256454501648,1021.256454501648,0.0,0.0,0.976
2025-02-26,12,106,904.2205285434521,904.2205285434521,0.0,0.0,1.0742
2025-02-26,12,107,716.5768716149558,716.5768716149558,0.0,0.0,1.2313
2025-02-26,12,108,710.7724117638685,710.7724117638685,0.0,0.0,1.2561
2025-02-26,12,109,737.0360493751294,737.0360493751294,0.0,0.0,1.2447
2025-02-26,12,110,710.8471662641695,710.8471662641695,0.0,0.0,1.2545
2025-02-26,12,111,735.9363830287051,735.9363830287051,0.0,0.0,1.2522
2025-02-26,12,112,230.50073426658776,230.50073426658776,0.0,0.0,1.2881
2025-02-26,12,113,0.0,0.0,0.0,0.0,1.3466
2025-02-26,12,114,0.0,0.0,0.0,0.0,1.3523
2025-02-26,12,115,0.0,0.0,0.0,0.0,1.3445
2025-02-26,12,116,0.0,0.0,0.0,0.0,1.3483
2025-02-26,12,117,0.0,0.0,0.0,0.0,1.349
2025-02-26,12,118,0.0,0.0,0.0,0.0,1.3473
2025-02-26,12,119,0.0,0.0,0.0,0.0,1.3482
2025-02-26,12,120,0.0,0.0,0.0,0.0,1.3513
2025-02-26,12,121,0.0,0.0,0.0,0.0,1.34
2025-02-26,12,122,0.0,0.0,0.0,0.0,1.3489
2025-02-26,12,123,0.0,0.0,0.0,0.0,1.3952
2025-02-26,12,124,743.5569372186715,743.5569372186715,0.0,0.0,1.2226
2025-02-26,12,125,755.9541709112899,755.9541709112899,0.0,0.0,0.9332
2025-02-26,12,126,752.8038939941797,752.8038939941797,0.0,0.0,0.9068
2025-02-26,12,127,753.0169559045875,753.0169559045875,0.0,0.0,0.9371
2025-02-26,12,128,760.302465720327,760.302465720327,0.0,0.0,0.9371
2025-02-26,12,129,782.123586795442,782.123586795442,0.0,0.0,0.9871
2025-02-26,12,130,710.4603789321735,710.4603789321735,0.0,0.0,0.7764
2025-02-26,12,131,587.0781779891855,587.0781779891855,0.0,0.0,0.4209
2025-02-26,12,132,562.3407639901884,562.3407639901884,0.0,0.0,0.3859
2025-02-26,12,133,570.4874802965331,570.4874802965331,0.0,0.0,0.4368
2025-02-26,12,134,576.9276131927801,576.9276131927801,0.0,0.0,0.4198
2025-02-26,12,135,585.6345516607009,585.6345516607009,0.0,0.0,0.4186
2025-02-26,12,136,570.4882372783577,570.4882372783577,0.0,0.0,0.4241
2025-02-26,12,137,573.1194437088539,573.1194437088539,0.0,0.0,0.4237
2025-02-26,12,138,583.0094152107323,583.0094152107323,0.0,0.0,0.4248
2025-02-26,12,139,573.0593863204114,573.0593863204114,0.0,0.0,0.424
2025-02-26,12,140,585.0750522979628,585.0750522979628,0.0,0.0,0.422
2025-02-26,12,141,615.3088538066421,615.3088538066421,0.0,0.0,0.424
2025-02-26,12,142,601.9339202642685,601.9339202642685,0.0,0.0,0.4271
2025-02-26,12,143,574.2449572479239,574.2449572479239,0.0,0.0,0.4276
2025-02-26,18,108,710.7724117638685,710.7724117638685,0.0,0.0,1.2561
2025-02-26,18,109,737.0360493751294,737.0360493751294,0.0,0.0,1.2447
2025-02-26,18,110,710.8471662641695,710.8471662641695,0.0,0.0,1.2545
2025-02-26,18,111,735.9363830287051,735.9363830287051,0.0,0.0,1.2522
2025-02-26,18,112,230.50073426658776,230.50073426658776,0.0,0.0,1.2881
2025-02-26,18,113,0.0,0.0,0.0,0.0,1.3466
2025-02-26,18,114,0.0,0.0,0.0,0.0,1.3523
2025-02-26,18,115,0.0,0.0,0.0,0.0,1.3445
2025-02-26,18,116,0.0,0.0,0.0,0.0,1.3483
2025-02-26,18,117,0.0,0.0,0.0,0.0,1.349
2025-02-26,18,118,0.0,0.0,0.0,0.0,1.3473
2025-02-26,18,119,0.0,0.0,0.0,0.0,1.3482
2025-02-26,18,120,0.0,0.0,0.0,0.0,1.3513
2025-02-26,18,121,0.0,0.0,0.0,0.0,1.34
2025-02-26,18,122,0.0,0.0,0.0,0.0,1.3489
2025-02-26,18,123,0.0,0.0,0.0,0.0,1.3952
2025-02-26,18,124,743.5569372186715,743.5569372186715,0.0,0.0,1.2226
2025-02-26,18,125,755.9541709112899,755.9541709112899,0.0,0.0,0.9332
2025-02-26,18,126,752.8038939941797,752.8038939941797,0.0,0.0,0.9068
2025-02-26,18,127,753.0169559045875,753.0169559045875,0.0,0.0,0.9371
2025-02-26,18,128,760.302465720327,760.302465720327,0.0,0.0,0.9371
2025-02-26,18,129,782.123586795442,782.123586795442,0.0,0.0,0.9871
2025-02-26,18,130,710.4603789321735,710.4603789321735,0.0,0.0,0.7764
2025-02-26,18,131,587.0781779891855,587.0781779891855,0.0,0.0,0.4209
2025-02-26,18,132,562.3407639901884,562.3407639901884,0.0,0.0,0.3859
2025-02-26,18,133,570.4874802965331,570.4874802965331,0.0,0.0,0.4368
2025-02-26,18,134,576.9276131927801,576.9276131927801,0.0,0.0,0.4198
2025-02-26,18,135,585.6345516607009,585.6345516607009,0.0,0.0,0.4186
2025-02-26,18,136,570.4882372783577,570.4882372783577,0.0,0.0,0.4241
2025-02-26,18,137,573.1194437088539,573.1194437088539,0.0,0.0,0.4237
2025-02-26,18,138,583.0094152107323,583.0094152107323,0.0,0.0,0.4248
2025-02-26,18,139,573.0593863204114,573.0593863204114,0.0,0.0,0.424
2025-02-26,18,140,585.0750522979628,585.0750522979628,0.0,0.0,0.422
2025-02-26,18,141,615.3088538066421,615.3088538066421,0.0,0.0,0.424
2025-02-26,18,142,601.9339202642685,601.9339202642685,0.0,0.0,0.4271
2025-02-26,18,143,574.2449572479239,574.2449572479239,0.0,0.0,0.4276
2025-02-27,6,36,67.41631655035167,67.41631655035167,0.0,0.0,0.9368
2025-02-27,6,37,29.57606922129935,29.57606922129935,0.0,0.0,0.8758
2025-02-27,6,38,19.818759743512715,19.818759743512715,0.0,0.0,0.8759
2025-02-27,6,39,0.0,33.402446730147744,33.402446730147744,0.0,0.8601
2025-02-27,6,40,794.5074070432197,783.2632445432199,0.0,11.244162499999788,0.8442
2025-02-27,6,41,749.6973712800744,740.8463435022965,0.0,8.851027777777972,0.8334
2025-02-27,6,42,699.2467256684016,699.2467256684016,0.0,0.0,0.8092
2025-02-27,6,43,643.1714587499291,643.1714587499291,0.0,0.0,0.7972
2025-02-27,6,44,584.8748486545143,582.4047361996871,0.0,2.470112454827131,0.7644
2025-02-27,6,45,1350.630472599088,1353.0077114879768,2.377238888888769,0.0,0.6899
2025-02-27,6,46,491.0593995788706,559.3444028854209,68.28500330655027,0.0,0.86
2025-02-27,6,47,0.0,0.0,0.0,0.0,1.1617
2025-02-27,6,48,0.0,0.0,0.0,0.0,1.1683
2025-02-27,6,49,0.0,0.0,0.0,0.0,1.0956
2025-02-27,6,50,0.0,0.0,0.0,0.0,1.0849
2025-02-27,6,51,0.0,0.0,0.0,0.0,1.061
2025-02-27,6,52,0.0,0.0,0.0,0.0,1.043
2025-02-27,6,53,0.0,0.0,0.0,0.0,1.036
2025-02-27,6,54,0.0,0.0,0.0,0.0,1.0147
2025-02-27,6,55,0.0,0.0,0.0,0.0,0.9922
2025-02-27,6,56,0.0,0.0,0.0,0.0,0.97
2025-02-27,6,57,0.0,0.0,0.0,0.0,0.9422
2025-02-27,6,58,0.0,0.0,0.0,0.0,0.9569
2025-02-27,6,59,0.0,0.0,0.0,0.0,0.9977
2025-02-27,6,60,0.0,0.0,0.0,0.0,0.9919
2025-02-27,6,61,0.0,0.0,0.0,0.0,0.9588
2025-02-27,6,62,0.0,0.0,0.0,0.0,0.9549
2025-02-27,6,63,0.0,0.0,0.0,0.0,0.9839
2025-02-27,6,64,0.0,0.0,0.0,0.0,0.799
2025-02-27,6,65,812.6182320653891,715.1433181765001,0.0,97.47491388888898,0.5025
2025-02-27,6,66,818.3198328017547,668.4120173638111,0.0,149.90781543794367,0.4662
2025-02-27,6,67,774.0409277870563,624.4111470840805,0.0,149.62978070297572,0.5007
2025-02-27,6,68,757.2244436354176,632.3286009646001,0.0,124.8958426708175,0.4827
2025-02-27,6,69,766.551405318496,651.2902260898281,0.0,115.26117922866786,0.4785
2025-02-27,6,70,716.0552376192009,619.918674433907,0.0,96.13656318529388,0.4662
2025-02-27,6,71,687.3643777138058,581.3412858142573,0.0,106.02309189954849,0.4432
2025-02-27,6,72,716.6536330300208,575.0148824157229,0.0,141.63875061429792,0.4411
2025-02-27,6,73,687.5989561320298,577.0458650275422,0.0,110.55309110448763,0.4551
2025-02-27,6,74,638.1826488185047,536.9730482222516,0.0,101.20960059625315,0.4463
2025-02-27,6,75,662.4144273548758,514.4169217993203,0.0,147.99750555555545,0.4113
2025-02-27,6,76,748.8329117676702,532.0925704129717,0.0,216.74034135469856,0.5682
2025-02-27,6,77,0.0,0.0,0.0,0.0,0.8279
2025-02-27,6,78,0.0,0.0,0.0,0.0,0.8636
2025-02-27,6,79,0.0,0.0,0.0,0.0,0.8416
2025-02-27,6,80,0.0,0.0,0.0,0.0,0.8618
2025-02-27,6,81,0.0,0.0,0.0,0.0,0.8623
2025-02-27,6,82,0.0,0.0,0.0,0.0,0.9026
2025-02-27,6,83,0.0,0.0,0.0,0.0,0.9754
2025-02-27,6,84,0.0,0.0,0.0,0.0,1.0002
2025-02-27,6,85,0.0,0.0,0.0,0.0,0.9978
2025-02-27,6,86,0.0,0.0,0.0,0.0,1.0271
2025-02-27,6,87,0.0,0.0,0.0,0.0,1.0906
2025-02-27,6,88,0.0,0.0,0.0,0.0,0.9376
2025-02-27,6,89,504.95588544663985,504.95588544663985,0.0,0.0,0.6694
2025-02-27,6,90,1144.5926622631005,1144.5926622631,0.0,4.547473508864641e-13,0.66
2025-02-27,6,91,323.3828206957009,388.2825915290345,64.8997708333336,0.0,0.7217
2025-02-27,6,92,383.1334459910522,433.99791960216317,50.86447361111095,0.0,0.7308
2025-02-27,6,93,393.9779649908712,421.58296931429487,27.605004323423657,0.0,0.7534
2025-02-27,6,94,469.6909448691681,469.6909448691681,0.0,0.0,0.7823
2025-02-27,6,95,521.7731615805541,521.7731615805541,0.0,0.0,0.8055
2025-02-27,6,96,601.1207089711423,601.1207089711424,1.1368683772161603e-13,0.0,0.8271
2025-02-27,6,97,630.9671220582399,630.9671220582399,0.0,0.0,0.8519
2025-02-27,6,98,692.4479534833158,692.4479534833158,0.0,0.0,0.8791
2025-02-27,6,99,724.7129720613511,724.7129720613511,0.0,0.0,0.9024
2025-02-27,6,100,807.3660521914363,807.3660521914363,0.0,0.0,0.9163
2025-02-27,6,101,868.030205895564,868.030205895564,0.0,0.0,0.9264
2025-02-27,6,102,952.0331281319499,941.1987532171557,0.0,10.834374914794125,0.9462
2025-02-27,6,103,956.3874104807979,956.3874104807979,0.0,0.0,0.9742
2025-02-27,6,104,1007.6547703568954,1007.6547703568954,0.0,0.0,0.9862
2025-02-27,6,105,1040.2507788564028,1040.2507788564028,0.0,0.0,0.976
2025-02-27,6,106,917.657683741087,917.657683741087,0.0,0.0,1.0742
2025-02-27,6,107,716.2585580267582,716.2585580267582,0.0,0.0,1.2313
2025-02-27,6,108,682.4477642695343,682.4477642695343,0.0,0.0,1.2561
2025-02-27,6,109,737.5074473543224,737.5074473543224,0.0,0.0,1.2447
2025-02-27,6,110,766.293516979461,766.293516979461,0.0,0.0,1.2545
2025-02-27,6,111,744.4211967890961,744.4211967890961,0.0,0.0,1.2522
2025-02-27,6,112,134.75542553426328,134.75542553426328,0.0,0.0,1.2881
2025-02-27,6,113,0.0,0.0,0.0,0.0,1.3466
2025-02-27,6,114,0.0,0.0,0.0,0.0,1.3523
2025-02-27,6,115,0.0,0.0,0.0,0.0,1.3445
2025-02-27,6,116,0.0,0.0,0.0,0.0,1.3483
2025-02-27,6,117,0.0,0.0,0.0,0.0,1.349
2025-02-27,6,118,0.0,0.0,0.0,0.0,1.3473
2025-02-27,6,119,0.0,0.0,0.0,0.0,1.3482
2025-02-27,6,120,0.0,0.0,0.0,0.0,1.3513
2025-02-27,6,121,0.0,0.0,0.0,0.0,1.34
2025-02-27,6,122,0.0,0.0,0.0,0.0,1.3489
2025-02-27,6,123,0.0,0.0,0.0,0.0,1.3952
2025-02-27,6,124,730.8453778066491,730.8453778066491,0.0,0.0,1.2226
2025-02-27,6,125,759.2106743955891,759.2106743955891,0.0,0.0,0.9332
2025-02-27,6,126,760.156447522701,760.156447522701,0.0,0.0,0.9068
2025-02-27,6,127,746.0294455746711,746.0294455746711,0.0,0.0,0.9371
2025-02-27,6,128,731.1125339417371,731.1125339417371,0.0,0.0,0.9371
2025-02-27,6,129,763.9203490818445,763.9203490818445,0.0,0.0,0.9871
2025-02-27,6,130,692.162127658431,692.162127658431,0.0,0.0,0.7764
2025-02-27,6,131,568.8106298334433,568.8106298334433,0.0,0.0,0.4209
2025-02-27,6,132,554.938145168922,554.938145168922,0.0,0.0,0.3859
2025-02-27,6,133,571.8290958734752,571.8290958734752,0.0,0.0,0.4368
2025-02-27,6,134,569.6443411557597,569.6443411557597,0.0,0.0,0.4198
2025-02-27,6,135,569.726236001088,569.726236001088,0.0,0.0,0.4186
2025-02-27,6,136,561.9242685935733,561.9242685935733,0.0,0.0,0.4241
2025-02-27,6,137,585.0297636266288,585.0297636266288,0.0,0.0,0.4237
2025-02-27,6,138,599.0496657984332,599.0496657984332,0.0,0.0,0.4248
2025-02-27,6,139,590.7687372334879,590.7687372334879,0.0,0.0,0.424
2025-02-27,6,140,583.1893430986689,583.1893430986689,0.0,0.0,0.422
2025-02-27,6,141,576.7261407685802,576.7261407685802,0.0,0.0,0.424
2025-02-27,6,142,498.9780341487561,498.9780341487561,0.0,0.0,0.4271
2025-02-27,6,143,450.37606861942487,450.37606861942487,0.0,0.0,0.4276
2025-02-27,12,72,575.0148824157229,519.1920446117539,0.0,55.82283780396904,0.4411
2025-02-27,12,73,577.0458650275422,577.0458650275422,0.0,0.0,0.4551
2025-02-27,12,74,536.9730482222516,536.9730482222516,0.0,0.0,0.4463
2025-02-27,12,75,514.4169217993203,502.2431023548762,0.0,12.17381944444412,0.4113
2025-02-27,12,76,532.0925704129717,414.41212690045484,0.0,117.68044351251683,0.5682
2025-02-27,12,77,0.0,0.0,0.0,0.0,0.8279
2025-02-27,12,78,0.0,0.0,0.0,0.0,0.8636
2025-02-27,12,79,0.0,0.0,0.0,0.0,0.8416
2025-02-27,12,80,0.0,0.0,0.0,0.0,0.8618
2025-02-27,12,81,0.0,0.0,0.0,0.0,0.8623
2025-02-27,12,82,0.0,0.0,0.0,0.0,0.9026
2025-02-27,12,83,0.0,0.0,0.0,0.0,0.9754
2025-02-27,12,84,0.0,0.0,0.0,0.0,1.0002
2025-02-27,12,85,0.0,0.0,0.0,0.0,0.9978
2025-02-27,12,86,0.0,0.0,0.0,0.0,1.0271
2025-02-27,12,87,0.0,0.0,0.0,0.0,1.0906
2025-02-27,12,88,0.0,0.0,0.0,0.0,0.9376
2025-02-27,12,89,504.95588544663985,504.95588544663985,0.0,0.0,0.6694
2025-02-27,12,90,1144.5926622631,1144.5926622631,0.0,0.0,0.66
2025-02-27,12,91,388.2825915290345,388.2825915290345,0.0,0.0,0.7217
2025-02-27,12,92,433.99791960216317,433.9979196021156,0.0,4.757794158649631e-11,0.7308
2025-02-27,12,93,421.58296931429487,426.98150922840335,5.398539914108483,0.0,0.7534
2025-02-27,12,94,469.6909448691681,484.84415493397955,15.153210064811447,0.0,0.7823
2025-02-27,12,95,521.7731615805541,535.5662171361096,13.793055555555497,0.0,0.8055
2025-02-27,12,96,601.1207089711424,580.5158889264505,0.0,20.604820044691905,0.8271
2025-02-27,12,97,630.9671220582399,630.9671220582399,0.0,0.0,0.8519
2025-02-27,12,98,692.4479534833158,692.4479534833158,0.0,0.0,0.8791
2025-02-27,12,99,724.7129720613511,724.7129720613511,0.0,0.0,0.9024
2025-02-27,12,100,807.3660521914363,807.3660521914363,0.0,0.0,0.9163
2025-02-27,12,101,868.030205895564,868.030205895564,0.0,0.0,0.9264
2025-02-27,12,102,941.1987532171557,941.1987532171557,0.0,0.0,0.9462
2025-02-27,12,103,956.3874104807979,956.3874104807979,0.0,0.0,0.9742
2025-02-27,12,104,1007.6547703568954,1007.6547703568954,0.0,0.0,0.9862
2025-02-27,12,105,1040.2507788564028,1040.2507788564028,0.0,0.0,0.976
2025-02-27,12,106,917.657683741087,917.657683741087,0.0,0.0,1.0742
2025-02-27,12,107,716.2585580267582,716.2585580267582,0.0,0.0,1.2313
2025-02-27,12,108,682.4477642695343,682.4477642695343,0.0,0.0,1.2561
2025-02-27,12,109,737.5074473543224,737.5074473543224,0.0,0.0,1.2447
2025-02-27,12,110,766.293516979461,766.293516979461,0.0,0.0,1.2545
2025-02-27,12,111,744.4211967890961,744.4211967890961,0.0,0.0,1.2522
2025-02-27,12,112,134.75542553426328,134.75542553426328,0.0,0.0,1.2881
2025-02-27,12,113,0.0,0.0,0.0,0.0,1.3466
2025-02-27,12,114,0.0,0.0,0.0,0.0,1.3523
2025-02-27,12,115,0.0,0.0,0.0,0.0,1.3445
2025-02-27,12,116,0.0,0.0,0.0,0.0,1.3483
2025-02-27,12,117,0.0,0.0,0.0,0.0,1.349
2025-02-27,12,118,0.0,0.0,0.0,0.0,1.3473
2025-02-27,12,119,0.0,0.0,0.0,0.0,1.3482
2025-02-27,12,120,0.0,0.0,0.0,0.0,1.3513
2025-02-27,12,121,0.0,0.0,0.0,0.0,1.34
2025-02-27,12,122,0.0,0.0,0.0,0.0,1.3489
2025-02-27,12,123,0.0,0.0,0.0,0.0,1.3952
2025-02-27,12,124,730.8453778066491,730.8453778066491,0.0,0.0,1.2226
2025-02-27,12,125,759.2106743955891,759.2106743955891,0.0,0.0,0.9332
2025-02-27,12,126,760.156447522701,760.156447522701,0.0,0.0,0.9068
2025-02-27,12,127,746.0294455746711,746.0294455746711,0.0,0.0,0.9371
2025-02-27,12,128,731.1125339417371,731.1125339417371,0.0,0.0,0.9371
2025-02-27,12,129,763.9203490818445,763.9203490818445,0.0,0.0,0.9871
2025-02-27,12,130,692.162127658431,692.162127658431,0.0,0.0,0.7764
2025-02-27,12,131,568.8106298334433,568.8106298334433,0.0,0.0,0.4209
2025-02-27,12,132,554.938145168922,554.938145168922,0.0,0.0,0.3859
2025-02-27,12,133,571.8290958734752,571.8290958734752,0.0,0.0,0.4368
2025-02-27,12,134,569.6443411557597,569.6443411557597,0.0,0.0,0.4198
2025-02-27,12,135,569.726236001088,569.726236001088,0.0,0.0,0.4186
2025-02-27,12,136,561.9242685935733,561.9242685935733,0.0,0.0,0.4241
2025-02-27,12,137,585.0297636266288,585.0297636266288,0.0,0.0,0.4237
2025-02-27,12,138,599.0496657984332,599.0496657984332,0.0,0.0,0.4248
2025-02-27,12,139,590.7687372334879,590.7687372334879,0.0,0.0,0.424
2025-02-27,12,140,583.1893430986689,583.1893430986689,0.0,0.0,0.422
2025-02-27,12,141,576.7261407685802,576.7261407685802,0.0,0.0,0.424
2025-02-27,12,142,498.9780341487561,498.9780341487561,0.0,0.0,0.4271
2025-02-27,12,143,450.37606861942487,450.37606861942487,0.0,0.0,0.4276
2025-02-27,18,108,682.4477642695343,682.4477642695343,0.0,0.0,1.2561
2025-02-27,18,109,737.5074473543224,737.5074473543224,0.0,0.0,1.2447
2025-02-27,18,110,766.293516979461,766.293516979461,0.0,0.0,1.2545
2025-02-27,18,111,744.4211967890961,744.4211967890961,0.0,0.0,1.2522
2025-02-27,18,112,134.75542553426328,134.75542553426328,0.0,0.0,1.2881
2025-02-27,18,113,0.0,0.0,0.0,0.0,1.3466
2025-02-27,18,114,0.0,0.0,0.0,0.0,1.3523
2025-02-27,18,115,0.0,0.0,0.0,0.0,1.3445
2025-02-27,18,116,0.0,0.0,0.0,0.0,1.3483
2025-02-27,18,117,0.0,0.0,0.0,0.0,1.349
2025-02-27,18,118,0.0,0.0,0.0,0.0,1.3473
2025-02-27,18,119,0.0,0.0,0.0,0.0,1.3482
2025-02-27,18,120,0.0,0.0,0.0,0.0,1.3513
2025-02-27,18,121,0.0,0.0,0.0,0.0,1.34
2025-02-27,18,122,0.0,0.0,0.0,0.0,1.3489
2025-02-27,18,123,0.0,0.0,0.0,0.0,1.3952
2025-02-27,18,124,730.8453778066491,730.8453778066491,0.0,0.0,1.2226
2025-02-27,18,125,759.2106743955891,759.2106743955891,0.0,0.0,0.9332
2025-02-27,18,126,760.156447522701,760.156447522701,0.0,0.0,0.9068
2025-02-27,18,127,746.0294455746711,746.0294455746711,0.0,0.0,0.9371
2025-02-27,18,128,731.1125339417371,731.1125339417371,0.0,0.0,0.9371
2025-02-27,18,129,763.9203490818445,763.9203490818445,0.0,0.0,0.9871
2025-02-27,18,130,692.162127658431,692.162127658431,0.0,0.0,0.7764
2025-02-27,18,131,568.8106298334433,568.8106298334433,0.0,0.0,0.4209
2025-02-27,18,132,554.938145168922,554.938145168922,0.0,0.0,0.3859
2025-02-27,18,133,571.8290958734752,571.8290958734752,0.0,0.0,0.4368
2025-02-27,18,134,569.6443411557597,569.6443411557597,0.0,0.0,0.4198
2025-02-27,18,135,569.726236001088,569.726236001088,0.0,0.0,0.4186
2025-02-27,18,136,561.9242685935733,561.9242685935733,0.0,0.0,0.4241
2025-02-27,18,137,585.0297636266288,585.0297636266288,0.0,0.0,0.4237
2025-02-27,18,138,599.0496657984332,599.0496657984332,0.0,0.0,0.4248
2025-02-27,18,139,590.7687372334879,590.7687372334879,0.0,0.0,0.424
2025-02-27,18,140,583.1893430986689,583.1893430986689,0.0,0.0,0.422
2025-02-27,18,141,576.7261407685802,576.7261407685802,0.0,0.0,0.424
2025-02-27,18,142,498.9780341487561,498.9780341487561,0.0,0.0,0.4271
2025-02-27,18,143,450.37606861942487,450.37606861942487,0.0,0.0,0.4276
2025-02-28,6,36,0.0,0.0,0.0,0.0,0.9368
2025-02-28,6,37,0.0,0.0,0.0,0.0,0.8758
2025-02-28,6,38,0.0,0.0,0.0,0.0,0.8759
2025-02-28,6,39,0.0,0.0,0.0,0.0,0.8601
2025-02-28,6,40,0.0,0.0,0.0,0.0,0.8442
2025-02-28,6,41,0.0,0.0,0.0,0.0,0.8334
2025-02-28,6,42,0.0,0.0,0.0,0.0,0.8092
2025-02-28,6,43,0.0,0.0,0.0,0.0,0.7972
2025-02-28,6,44,0.0,0.0,0.0,0.0,0.7644
2025-02-28,6,45,0.0,217.86747688036877,217.86747688036877,0.0,0.6899
2025-02-28,6,46,0.0,0.0,0.0,0.0,0.86
2025-02-28,6,47,0.0,0.0,0.0,0.0,1.1617
2025-02-28,6,48,0.0,0.0,0.0,0.0,1.1683
2025-02-28,6,49,0.0,0.0,0.0,0.0,1.0956
2025-02-28,6,50,0.0,0.0,0.0,0.0,1.0849
2025-02-28,6,51,0.0,0.0,0.0,0.0,1.061
2025-02-28,6,52,0.0,0.0,0.0,0.0,1.043
2025-02-28,6,53,0.0,0.0,0.0,0.0,1.036
2025-02-28,6,54,0.0,0.0,0.0,0.0,1.0147
2025-02-28,6,55,0.0,0.0,0.0,0.0,0.9922
2025-02-28,6,56,0.0,0.0,0.0,0.0,0.97
2025-02-28,6,57,0.0,0.0,0.0,0.0,0.9422
2025-02-28,6,58,0.0,0.0,0.0,0.0,0.9569
2025-02-28,6,59,0.0,0.0,0.0,0.0,0.9977
2025-02-28,6,60,0.0,0.0,0.0,0.0,0.9919
2025-02-28,6,61,0.0,0.0,0.0,0.0,0.9588
2025-02-28,6,62,0.0,0.0,0.0,0.0,0.9549
2025-02-28,6,63,0.0,0.0,0.0,0.0,0.9839
2025-02-28,6,64,0.0,0.0,0.0,0.0,0.799
2025-02-28,6,65,0.0,0.0,0.0,0.0,0.5025
2025-02-28,6,66,0.0,0.0,0.0,0.0,0.4662
2025-02-28,6,67,0.0,0.0,0.0,0.0,0.5007
2025-02-28,6,68,0.0,0.0,0.0,0.0,0.4827
2025-02-28,6,69,0.0,0.0,0.0,0.0,0.4785
2025-02-28,6,70,0.0,0.0,0.0,0.0,0.4662
2025-02-28,6,71,0.0,0.0,0.0,0.0,0.4432
2025-02-28,6,72,0.0,242.19843098607163,242.19843098607163,0.0,0.4411
2025-02-28,6,73,0.0,0.0,0.0,0.0,0.4551
2025-02-28,6,74,0.0,0.0,0.0,0.0,0.4463
2025-02-28,6,75,420.8308886562066,476.42278769022045,55.59189903401386,0.0,0.4113
2025-02-28,6,76,0.0,0.0,0.0,0.0,0.5682
2025-02-28,6,77,0.0,0.0,0.0,0.0,0.8279
2025-02-28,6,78,0.0,0.0,0.0,0.0,0.8636
2025-02-28,6,79,0.0,0.0,0.0,0.0,0.8416
2025-02-28,6,80,0.0,0.0,0.0,0.0,0.8618
2025-02-28,6,81,0.0,0.0,0.0,0.0,0.8623
2025-02-28,6,82,0.0,0.0,0.0,0.0,0.9026
2025-02-28,6,83,0.0,0.0,0.0,0.0,0.9754
2025-02-28,6,84,0.0,0.0,0.0,0.0,1.0002
2025-02-28,6,85,0.0,0.0,0.0,0.0,0.9978
2025-02-28,6,86,0.0,0.0,0.0,0.0,1.0271
2025-02-28,6,87,0.0,0.0,0.0,0.0,1.0906
2025-02-28,6,88,0.0,0.0,0.0,0.0,0.9376
2025-02-28,6,89,0.0,0.0,0.0,0.0,0.6694
2025-02-28,6,90,0.0,0.0,0.0,0.0,0.66
2025-02-28,6,91,2.8529176139822994,2.8529176139822994,0.0,0.0,0.7217
2025-02-28,6,92,51.0766809418883,51.0766809418883,0.0,0.0,0.7308
2025-02-28,6,93,70.23736886135809,70.23736886135809,0.0,0.0,0.7534
2025-02-28,6,94,128.0061329899717,128.0061329899717,0.0,0.0,0.7823
2025-02-28,6,95,164.3146113610945,164.3146113610945,0.0,0.0,0.8055
2025-02-28,6,96,238.42054037575113,238.42054037575116,2.842170943040401e-14,0.0,0.8271
2025-02-28,6,97,266.2133645686781,266.2133645686782,5.684341886080802e-14,0.0,0.8519
2025-02-28,6,98,334.28851259321135,334.28851259321135,0.0,0.0,0.8791
2025-02-28,6,99,415.8271694956752,415.8271694956752,0.0,0.0,0.9024
2025-02-28,6,100,464.88457817656445,464.88457817656445,0.0,0.0,0.9163
2025-02-28,6,101,449.8329648117654,449.83296481176563,2.2737367544323206e-13,0.0,0.9264
2025-02-28,6,102,516.5877256550863,516.5877256550863,0.0,0.0,0.9462
2025-02-28,6,103,523.0382723023953,523.0382723023953,0.0,0.0,0.9742
2025-02-28,6,104,573.5805118585753,573.5805118585753,0.0,0.0,0.9862
2025-02-28,6,105,605.657032727347,605.657032727347,0.0,0.0,0.976
2025-02-28,6,106,579.8894481813659,569.7906235705833,0.0,10.098824610782572,1.0742
2025-02-28,6,107,111.77099372534872,111.77099372534872,0.0,0.0,1.2313
2025-02-28,6,108,0.0,0.0,0.0,0.0,1.2561
2025-02-28,6,109,0.0,0.0,0.0,0.0,1.2447
2025-02-28,6,110,0.0,0.0,0.0,0.0,1.2545
2025-02-28,6,111,0.0,0.0,0.0,0.0,1.2522
2025-02-28,6,112,0.0,0.0,0.0,0.0,1.2881
2025-02-28,6,113,0.0,0.0,0.0,0.0,1.3466
2025-02-28,6,114,0.0,0.0,0.0,0.0,1.3523
2025-02-28,6,115,0.0,0.0,0.0,0.0,1.3445
2025-02-28,6,116,0.0,0.0,0.0,0.0,1.3483
2025-02-28,6,117,0.0,0.0,0.0,0.0,1.349
2025-02-28,6,118,0.0,0.0,0.0,0.0,1.3473
2025-02-28,6,119,0.0,0.0,0.0,0.0,1.3482
2025-02-28,6,120,0.0,0.0,0.0,0.0,1.3513
2025-02-28,6,121,0.0,0.0,0.0,0.0,1.34
2025-02-28,6,122,0.0,0.0,0.0,0.0,1.3489
2025-02-28,6,123,0.0,0.0,0.0,0.0,1.3952
2025-02-28,6,124,516.1488349002707,516.1488349002707,0.0,0.0,1.2226
2025-02-28,6,125,536.8845585094313,536.8845585094313,0.0,0.0,0.9332
2025-02-28,6,126,547.0832178252934,547.0832178252934,0.0,0.0,0.9068
2025-02-28,6,127,529.7938653349937,529.7938653349937,0.0,0.0,0.9371
2025-02-28,6,128,529.8163109785309,529.8163109785309,0.0,0.0,0.9371
2025-02-28,6,129,535.0232538723404,535.0232538723404,0.0,0.0,0.9871
2025-02-28,6,130,511.1070543974823,511.1070543974823,0.0,0.0,0.7764
2025-02-28,6,131,455.82457243674986,455.82457243674986,0.0,0.0,0.4209
2025-02-28,6,132,442.0416018069466,442.0416018069466,0.0,0.0,0.3859
2025-02-28,6,133,431.79233498135517,431.79233498135517,0.0,0.0,0.4368
2025-02-28,6,134,431.1564078771357,431.1564078771357,0.0,0.0,0.4198
2025-02-28,6,135,453.93965148605184,453.93965148605184,0.0,0.0,0.4186
2025-02-28,6,136,442.3681982930901,442.3681982930901,0.0,0.0,0.4241
2025-02-28,6,137,446.3970075763973,446.3970075763973,0.0,0.0,0.4237
2025-02-28,6,138,468.3378558424293,468.3378558424293,0.0,0.0,0.4248
2025-02-28,6,139,461.9628514126734,461.9628514126734,0.0,0.0,0.424
2025-02-28,6,140,436.86242074210327,436.86242074210327,0.0,0.0,0.422
2025-02-28,6,141,456.7471811714845,456.7471811714845,0.0,0.0,0.424
2025-02-28,6,142,453.9102415340571,453.9102415340571,0.0,0.0,0.4271
2025-02-28,6,143,441.6574808178256,441.6574808178256,0.0,0.0,0.4276
2025-02-28,12,72,242.19843098607163,0.0,0.0,242.19843098607163,0.4411
2025-02-28,12,73,0.0,0.0,0.0,0.0,0.4551
2025-02-28,12,74,0.0,0.0,0.0,0.0,0.4463
2025-02-28,12,75,476.42278769022045,0.0,0.0,476.42278769022045,0.4113
2025-02-28,12,76,0.0,0.0,0.0,0.0,0.5682
2025-02-28,12,77,0.0,0.0,0.0,0.0,0.8279
2025-02-28,12,78,0.0,0.0,0.0,0.0,0.8636
2025-02-28,12,79,0.0,0.0,0.0,0.0,0.8416
2025-02-28,12,80,0.0,0.0,0.0,0.0,0.8618
2025-02-28,12,81,0.0,0.0,0.0,0.0,0.8623
2025-02-28,12,82,0.0,0.0,0.0,0.0,0.9026
2025-02-28,12,83,0.0,0.0,0.0,0.0,0.9754
2025-02-28,12,84,0.0,0.0,0.0,0.0,1.0002
2025-02-28,12,85,0.0,0.0,0.0,0.0,0.9978
2025-02-28,12,86,0.0,0.0,0.0,0.0,1.0271
2025-02-28,12,87,0.0,0.0,0.0,0.0,1.0906
2025-02-28,12,88,0.0,0.0,0.0,0.0,0.9376
2025-02-28,12,89,0.0,0.0,0.0,0.0,0.6694
2025-02-28,12,90,0.0,0.0,0.0,0.0,0.66
2025-02-28,12,91,2.8529176139822994,0.0,0.0,2.8529176139822994,0.7217
2025-02-28,12,92,51.0766809418883,0.0,0.0,51.0766809418883,0.7308
2025-02-28,12,93,70.23736886135809,57.83350143919021,0.0,12.403867422167885,0.7534
2025-02-28,12,94,128.0061329899717,128.0061329899717,0.0,0.0,0.7823
2025-02-28,12,95,164.3146113610945,164.3146113610945,0.0,0.0,0.8055
2025-02-28,12,96,238.42054037575116,238.42054037575116,0.0,0.0,0.8271
2025-02-28,12,97,266.2133645686782,255.18354253714406,0.0,11.02982203153411,0.8519
2025-02-28,12,98,334.28851259321135,329.8695808307147,0.0,4.418931762496641,0.8791
2025-02-28,12,99,415.8271694956752,415.8271694956752,0.0,0.0,0.9024
2025-02-28,12,100,464.88457817656445,464.88457817656445,0.0,0.0,0.9163
2025-02-28,12,101,449.83296481176563,426.87965149479794,0.0,22.953313316967694,0.9264
2025-02-28,12,102,516.5877256550863,462.32779518473666,0.0,54.259930470349616,0.9462
2025-02-28,12,103,523.0382723023953,518.4600613921485,0.0,4.578210910246753,0.9742
2025-02-28,12,104,573.5805118585753,546.0511938030198,0.0,27.52931805555545,0.9862
2025-02-28,12,105,605.657032727347,592.3449125728001,0.0,13.312120154546847,0.976
2025-02-28,12,106,569.7906235705833,569.7906235705833,0.0,0.0,1.0742
2025-02-28,12,107,111.77099372534872,111.77099372534872,0.0,0.0,1.2313
2025-02-28,12,108,0.0,0.0,0.0,0.0,1.2561
2025-02-28,12,109,0.0,0.0,0.0,0.0,1.2447
2025-02-28,12,110,0.0,0.0,0.0,0.0,1.2545
2025-02-28,12,111,0.0,0.0,0.0,0.0,1.2522
2025-02-28,12,112,0.0,0.0,0.0,0.0,1.2881
2025-02-28,12,113,0.0,0.0,0.0,0.0,1.3466
2025-02-28,12,114,0.0,0.0,0.0,0.0,1.3523
2025-02-28,12,115,0.0,0.0,0.0,0.0,1.3445
2025-02-28,12,116,0.0,0.0,0.0,0.0,1.3483
2025-02-28,12,117,0.0,0.0,0.0,0.0,1.349
2025-02-28,12,118,0.0,0.0,0.0,0.0,1.3473
2025-02-28,12,119,0.0,0.0,0.0,0.0,1.3482
2025-02-28,12,120,0.0,0.0,0.0,0.0,1.3513
2025-02-28,12,121,0.0,0.0,0.0,0.0,1.34
2025-02-28,12,122,0.0,0.0,0.0,0.0,1.3489
2025-02-28,12,123,0.0,0.0,0.0,0.0,1.3952
2025-02-28,12,124,516.1488349002707,516.1488349002707,0.0,0.0,1.2226
2025-02-28,12,125,536.8845585094313,536.8845585094313,0.0,0.0,0.9332
2025-02-28,12,126,547.0832178252934,547.0832178252934,0.0,0.0,0.9068
2025-02-28,12,127,529.7938653349937,529.7938653349937,0.0,0.0,0.9371
2025-02-28,12,128,529.8163109785309,529.8163109785309,0.0,0.0,0.9371
2025-02-28,12,129,535.0232538723404,535.0232538723404,0.0,0.0,0.9871
2025-02-28,12,130,511.1070543974823,511.1070543974823,0.0,0.0,0.7764
2025-02-28,12,131,455.82457243674986,455.82457243674986,0.0,0.0,0.4209
2025-02-28,12,132,442.0416018069466,442.0416018069466,0.0,0.0,0.3859
2025-02-28,12,133,431.79233498135517,431.79233498135517,0.0,0.0,0.4368
2025-02-28,12,134,431.1564078771357,431.1564078771357,0.0,0.0,0.4198
2025-02-28,12,135,453.93965148605184,453.93965148605184,0.0,0.0,0.4186
2025-02-28,12,136,442.3681982930901,442.3681982930901,0.0,0.0,0.4241
2025-02-28,12,137,446.3970075763973,446.3970075763973,0.0,0.0,0.4237
2025-02-28,12,138,468.3378558424293,468.3378558424293,0.0,0.0,0.4248
2025-02-28,12,139,461.9628514126734,461.9628514126734,0.0,0.0,0.424
2025-02-28,12,140,436.86242074210327,436.86242074210327,0.0,0.0,0.422
2025-02-28,12,141,456.7471811714845,456.7471811714845,0.0,0.0,0.424
2025-02-28,12,142,453.9102415340571,453.9102415340571,0.0,0.0,0.4271
2025-02-28,12,143,441.6574808178256,441.6574808178256,0.0,0.0,0.4276
2025-02-28,18,108,0.0,0.0,0.0,0.0,1.2561
2025-02-28,18,109,0.0,0.0,0.0,0.0,1.2447
2025-02-28,18,110,0.0,0.0,0.0,0.0,1.2545
2025-02-28,18,111,0.0,0.0,0.0,0.0,1.2522
2025-02-28,18,112,0.0,0.0,0.0,0.0,1.2881
2025-02-28,18,113,0.0,0.0,0.0,0.0,1.3466
2025-02-28,18,114,0.0,0.0,0.0,0.0,1.3523
2025-02-28,18,115,0.0,0.0,0.0,0.0,1.3445
2025-02-28,18,116,0.0,0.0,0.0,0.0,1.3483
2025-02-28,18,117,0.0,0.0,0.0,0.0,1.349
2025-02-28,18,118,0.0,0.0,0.0,0.0,1.3473
2025-02-28,18,119,0.0,0.0,0.0,0.0,1.3482
2025-02-28,18,120,0.0,0.0,0.0,0.0,1.3513
2025-02-28,18,121,0.0,0.0,0.0,0.0,1.34
2025-02-28,18,122,0.0,0.0,0.0,0.0,1.3489
2025-02-28,18,123,0.0,0.0,0.0,0.0,1.3952
2025-02-28,18,124,516.1488349002707,516.1488349002707,0.0,0.0,1.2226
2025-02-28,18,125,536.8845585094313,536.8845585094313,0.0,0.0,0.9332
2025-02-28,18,126,547.0832178252934,547.0832178252934,0.0,0.0,0.9068
2025-02-28,18,127,529.7938653349937,529.7938653349937,0.0,0.0,0.9371
2025-02-28,18,128,529.8163109785309,529.8163109785309,0.0,0.0,0.9371
2025-02-28,18,129,535.0232538723404,535.0232538723404,0.0,0.0,0.9871
2025-02-28,18,130,511.1070543974823,511.1070543974823,0.0,0.0,0.7764
2025-02-28,18,131,455.82457243674986,455.82457243674986,0.0,0.0,0.4209
2025-02-28,18,132,442.0416018069466,442.0416018069466,0.0,0.0,0.3859
2025-02-28,18,133,431.79233498135517,431.79233498135517,0.0,0.0,0.4368
2025-02-28,18,134,431.1564078771357,431.1564078771357,0.0,0.0,0.4198
2025-02-28,18,135,453.93965148605184,453.93965148605184,0.0,0.0,0.4186
2025-02-28,18,136,442.3681982930901,442.3681982930901,0.0,0.0,0.4241
2025-02-28,18,137,446.3970075763973,446.3970075763973,0.0,0.0,0.4237
2025-02-28,18,138,468.3378558424293,468.3378558424293,0.0,0.0,0.4248
2025-02-28,18,139,461.9628514126734,461.9628514126734,0.0,0.0,0.424
2025-02-28,18,140,436.86242074210327,436.86242074210327,0.0,0.0,0.422
2025-02-28,18,141,456.7471811714845,456.7471811714845,0.0,0.0,0.424
2025-02-28,18,142,453.9102415340571,453.9102415340571,0.0,0.0,0.4271
2025-02-28,18,143,441.6574808178256,441.6574808178256,0.0,0.0,0.4276
