date,t,price,load_kw,pv_kw,g0,g_final,up,down,c_plan,d_plan,c_exec,d_exec,h_real,w_real,soc_start,soc_end
2025-02-01,0,0.4248,2532.1822,0.0,1424.7483926879704,1424.7483926879704,0.0,0.0,833.3333333333334,0.0,833.3333333333333,0.0,0.0,169.38469268797053,6000.0,6750.0
2025-02-01,1,0.4245,2492.4439,0.0,1418.7915211630866,1418.7915211630866,0.0,0.0,833.3333333333334,0.0,833.3333333333333,0.0,0.0,170.05087116308664,6750.0,7500.0
2025-02-01,2,0.4269,2464.3,0.0,517.7939170490869,517.7939170490869,0.0,0.0,0.0,0.0,0.0,0.0,0.0,107.07725038242017,7500.0,7500.0
2025-02-01,3,0.4272,2581.7688,0.0,553.3662064190753,553.3662064190753,0.0,0.0,0.0,0.0,0.0,0.0,0.0,123.07140641907534,7500.0,7500.0
2025-02-01,4,0.4271,2546.4635,0.0,539.5556830254649,539.5556830254649,0.0,0.0,1.8503717077085948e-13,0.0,1.8503717077085948e-13,0.0,0.0,115.14509969213138,7500.0,7500.0
2025-02-01,5,0.4285,2436.31,0.0,541.8779780806619,541.8779780806619,0.0,0.0,0.0,0.0,0.0,0.0,0.0,135.82631141399526,7500.0,7500.0
2025-02-01,6,0.4311,2620.5011,0.0,523.4504092559235,523.4504092559235,0.0,0.0,1.4802973661668759e-12,0.0,1.4802973661668759e-12,0.0,0.0,86.70022592258874,7500.0,7500.000000000001
2025-02-01,7,0.4302,2710.7861,0.0,567.543982958715,567.543982958715,0.0,0.0,0.0,0.0,0.0,0.0,0.0,115.74629962538171,7500.000000000001,7500.000000000001
2025-02-01,8,0.4279,2676.48,0.0,1441.1614338756658,1441.1614338756658,0.0,0.0,833.3333333333334,0.0,833.3333333333333,0.0,0.0,161.74810054233262,7500.000000000001,8250.0
2025-02-01,9,0.4312,2830.598,0.0,1442.340146678719,1442.340146678719,0.0,0.0,833.3333333333334,0.0,833.3333333333333,0.0,0.0,137.24048001205256,8250.0,9000.0
2025-02-01,10,0.4333,2688.1558,0.0,577.804614825241,577.804614825241,0.0,0.0,0.0,0.0,0.0,0.0,0.0,129.7786481585743,9000.0,9000.0
2025-02-01,11,0.4311,2384.42,0.0,578.7896941292926,578.7896941292926,0.0,0.0,0.0,0.0,0.0,0.0,0.0,181.3863607959592,9000.0,9000.0
2025-02-01,12,0.4293,2604.5438,0.0,591.4229525738389,591.4229525738389,0.0,0.0,0.0,0.0,0.0,0.0,0.0,157.33231924050557,9000.0,9000.0
2025-02-01,13,0.4324,2943.3655,0.0,565.5925767317777,565.5925767317777,0.0,0.0,0.0,0.0,0.0,0.0,0.0,75.03166006511111,9000.0,9000.0
2025-02-01,14,0.4367,3019.32,0.0,609.3878807072791,609.3878807072791,0.0,0.0,0.0,0.0,0.0,0.0,0.0,106.1678807072791,9000.0,9000.0
2025-02-01,15,0.4348,2844.4369,0.0,539.8296441006244,539.8296441006244,0.0,0.0,0.0,0.0,0.0,0.0,0.0,65.75682743395765,9000.0,9000.0
2025-02-01,16,0.4335,2768.3064,0.0,624.7047289639553,624.7047289639553,0.0,0.0,0.0,0.0,0.0,0.0,0.0,163.32032896395532,9000.0,9000.0
2025-02-01,17,0.4357,2861.65,0.0,574.4632463986175,574.4632463986175,0.0,0.0,0.0,0.0,0.0,0.0,0.0,97.5215797319508,9000.0,9000.0
2025-02-01,18,0.4374,2900.3973,0.0,631.1852112304481,631.1852112304481,0.0,0.0,0.0,0.0,0.0,0.0,0.0,147.78566123044806,9000.0,9000.0
2025-02-01,19,0.4371,2919.6115,0.0,624.847577454991,624.847577454991,0.0,0.0,0.0,0.0,0.0,0.0,0.0,138.2456607883243,9000.0,9000.0
2025-02-01,20,0.4356,2993.09,0.0,595.439938009894,595.439938009894,0.0,0.0,0.0,0.0,0.0,0.0,0.0,96.59160467656068,9000.0,9000.0
2025-02-01,21,0.4353,3109.8584,0.0,577.6143253190169,577.6143253190169,0.0,0.0,0.0,0.0,0.0,0.0,0.0,59.30459198568349,9000.0,9000.0
2025-02-01,22,0.436,3054.8008,0.0,575.3527835452335,575.3527835452335,0.0,0.0,0.0,0.0,0.0,0.0,0.0,66.21931687856681,9000.0,9000.0
2025-02-01,23,0.4378,2901.7,0.0,598.1499235434867,598.1499235434867,0.0,0.0,0.0,0.0,0.0,0.0,0.0,114.53325687682008,9000.0,9000.0
2025-02-01,24,0.4401,2947.1208,0.0,606.8714551919576,606.8714551919576,0.0,0.0,0.0,0.0,0.0,0.0,0.0,115.68465519195757,9000.0,9000.0
2025-02-01,25,0.4389,3027.8717,0.0,638.6252044878848,638.6252044878848,0.0,0.0,0.0,0.0,0.0,0.0,0.0,133.9799211545515,9000.0,9000.0
2025-02-01,26,0.4364,3033.47,0.0,607.758460458807,607.758460458807,0.0,0.0,0.0,0.0,0.0,0.0,0.0,102.18012712547369,9000.0,9000.0
2025-02-01,27,0.4393,3019.3858,0.0,619.7366236943648,619.7366236943648,0.0,0.0,0.0,0.0,0.0,0.0,0.0,116.50565702769808,9000.0,9000.0
2025-02-01,28,0.4422,3017.0819,0.0014,599.6085058950048,599.6085058950048,0.0,0.0,0.0,0.0,0.0,0.0,0.0,96.76175589500474,9000.0,9000.0
2025-02-01,29,0.4395,2997.85,0.0,614.3011904064093,614.3011904064093,0.0,0.0,0.0,0.0,0.0,0.0,0.0,114.65952373974267,9000.0,9000.0
2025-02-01,30,0.4333,2932.7015,0.0,967.6675315115815,967.6675315115815,0.0,0.0,333.3333333337343,0.0,333.3333333337343,0.0,0.0,145.55061484451386,9000.0,9300.00000000036
2025-02-01,31,0.4439,2991.1125,0.0199,628.432932675032,628.432932675032,0.0,0.0,0.0,0.0,0.0,0.0,0.0,129.91749934169871,9300.00000000036,9300.00000000036
2025-02-01,32,0.4301,3175.34,0.0,1498.3869121895334,1498.3869121895334,0.0,0.0,833.3333333329316,0.0,833.3333333329316,0.0,0.0,135.83024552326845,9300.00000000036,10049.999999999998
2025-02-01,33,0.3713,3284.4619,0.0,1505.1936429954346,1505.1936429954346,0.0,0.0,833.3333333333334,0.0,833.3333333333333,0.0,0.0,124.44999299543474,10049.999999999998,10799.999999999998
2025-02-01,34,0.5708,3187.3644,0.2774,669.0163044843771,669.0163044843771,0.0,0.0,0.0,0.0,0.0,0.0,0.0,137.83513781771046,10799.999999999998,10799.999999999998
2025-02-01,35,0.9099,3065.9,0.0,0.0,0.0,0.0,0.0,0.0,713.9582396384234,0.0,510.98333333333335,0.0,0.0,10799.999999999998,10232.240740740739
2025-02-01,36,0.9368,3211.1231,0.0,0.0,0.0,0.0,0.0,0.0,735.7615947882792,0.0,535.1871833333333,0.0,0.0,10232.240740740739,9637.588314814813
2025-02-01,37,0.8758,3203.9961,3.8641,0.0,0.0,0.0,0.0,0.0,729.1305260471536,0.0,533.3553333333333,0.0,0.0,9637.588314814813,9044.971277777777
2025-02-01,38,0.8759,3027.12,0.0,0.0,0.0,0.0,0.0,0.0,724.1592829818919,0.0,504.52,0.0,0.0,9044.971277777777,8484.393499999998
2025-02-01,39,0.8601,3117.3221,0.0,0.0,0.0,0.0,0.0,0.0,706.5689355217013,0.0,519.5536833333333,0.0,0.0,8484.393499999998,7907.111629629628
2025-02-01,40,0.8442,3398.49,89.6095,728.8470356001781,728.8470356001781,0.0,0.0,0.0,0.7015124999998079,0.0,0.0,0.0,177.3669522668448,7907.111629629628,7907.111629629628
2025-02-01,41,0.8334,3652.75,340.5,725.0569081432122,725.0569081432122,0.0,0.0,0.0,0.960330555555629,0.0,0.0,0.0,173.0152414765456,7907.111629629628,7907.111629629628
2025-02-01,42,0.8092,3703.2843,615.936,643.8109395482849,643.2543242705073,0.0,0.5566152777776097,0.0,0.0,0.0,0.0,0.0,128.6962742705074,7907.111629629628,7907.111629629628
2025-02-01,43,0.7972,3572.3788,884.9275,622.6290550568349,617.1407758901682,0.0,5.4882791666666435,0.0,0.0,0.0,0.0,0.0,169.23222589016825,7907.111629629628,7907.111629629628
2025-02-01,44,0.7644,3477.22,1140.675,645.3899271484262,645.3899271484262,0.0,0.0,0.0,0.0,0.0,0.0,0.0,255.9657604817595,7907.111629629628,7907.111629629628
2025-02-01,45,0.6899,3654.0022,1388.0797,564.3113433522977,550.2582252967411,0.0,14.053118055556638,0.0,0.0,0.0,0.0,0.0,172.60447529674116,7907.111629629628,7907.111629629628
2025-02-01,46,0.86,3841.4201,1674.452,209.77534315515868,209.77534315515868,0.0,0.0,0.0,298.0330996989744,0.0,151.3860068448413,0.0,0.0,7907.111629629628,7738.9049553575815
2025-02-01,47,1.1617,3803.65,2004.1125,0.0,0.0,0.0,0.0,0.0,767.1880886381699,0.0,299.9229166666667,0.0,0.0,7738.9049553575815,7405.657270172396
2025-02-01,48,1.1683,3545.4639,2332.1065,0.0,0.0,0.0,0.0,0.0,715.2409590636008,0.0,202.22623333333337,0.0,0.0,7405.657270172396,7180.961455357581
2025-02-01,49,1.0956,3411.349,2632.5934,0.0,0.0,0.0,0.0,0.0,649.2712492915422,0.0,129.7926,0.0,0.0,7180.961455357581,7036.747455357581
2025-02-01,50,1.0849,3445.37,2927.6625,0.0,0.0,0.0,0.0,0.0,614.3722343694875,0.0,86.28458333333339,0.0,0.0,7036.747455357581,6940.875696098322
2025-02-01,51,1.061,3467.1139,3251.299,0.0,0.0,0.0,0.0,0.0,544.2528393185335,0.0,35.96915000000001,0.0,0.0,6940.875696098322,6900.9099738761
2025-02-01,52,1.043,3894.4802,3519.7566,0.0,0.0,0.0,0.0,0.0,465.29618091483934,0.0,62.453933333333225,0.0,0.0,6900.9099738761,6831.5167146168405
2025-02-01,53,1.036,4422.76,3731.7,0.0,0.0,0.0,0.0,0.0,428.50019206088956,0.0,115.17666666666673,0.0,0.0,6831.5167146168405,6703.542640542766
2025-02-01,54,1.0147,4267.5205,3992.5758,0.0,0.0,0.0,0.0,0.0,340.3378099176918,0.0,45.824116666666555,0.0,0.0,6703.542640542766,6652.626955357581
2025-02-01,55,0.9922,4190.1702,4378.3332,0.0,0.0,0.0,0.0,0.0,214.38105553212782,0.0,0.0,0.0,31.360500000000116,6652.626955357581,6652.626955357581
2025-02-01,56,0.97,4418.32,4788.525,0.0,0.0,0.0,0.0,0.0,114.92008063907308,0.0,0.0,0.0,61.70083333333332,6652.626955357581,6652.626955357581
2025-02-01,57,0.9422,4399.2754,5029.9241,0.0,0.0,0.0,0.0,0.0,53.48989661441556,0.0,0.0,0.0,105.10811666666666,6652.626955357581,6652.626955357581
2025-02-01,58,0.9569,4182.7342,5203.9177,0.0,0.0,0.0,0.0,0.0,26.450798212736117,0.0,0.0,0.0,170.19725000000005,6652.626955357581,6652.626955357581
2025-02-01,59,0.9977,4071.53,5364.1125,0.0,0.0,0.0,0.0,0.0,0.0,0.0,0.0,0.0,215.4304166666667,6652.626955357581,6652.626955357581
2025-02-01,60,0.9919,4268.5932,5471.099,0.0,0.0,0.0,0.0,0.0,0.0,0.0,0.0,0.0,200.41763333333324,6652.626955357581,6652.626955357581
2025-02-01,61,0.9588,4240.2423,5601.7634,0.0,0.0,0.0,0.0,0.0,0.0,0.0,0.0,0.0,226.92018333333328,6652.626955357581,6652.626955357581
2025-02-01,62,0.9549,4001.96,5755.3125,0.0,0.0,0.0,0.0,0.0,0.0,0.0,0.0,0.0,292.22541666666666,6652.626955357581,6652.626955357581
2025-02-01,63,0.9839,4072.3226,5878.849,0.0,0.0,0.0,0.0,33.542620407878225,0.0,33.542620407878225,0.0,0.0,267.54511292545516,6652.626955357581,6682.815313724672
2025-02-01,64,0.799,4068.783,6128.0874,0.0,0.0,0.0,0.0,78.19294821293094,0.0,78.19294821293094,0.0,0.0,265.02445178706915,6682.815313724672,6753.18896711631
2025-02-01,65,0.5025,3917.55,6361.65,735.7712110821176,735.7712110821176,0.0,0.0,791.0490277777776,0.0,791.0490277777776,0.0,0.0,352.0721833043399,6753.18896711631,7465.13309211631
2025-02-01,66,0.4662,3946.1661,6277.0669,787.5208612356785,787.5208612356785,0.0,0.0,798.021273611111,0.0,798.021273611111,0.0,0.0,377.983054291234,7465.13309211631,8183.352238366309
2025-02-01,67,0.5007,3936.6103,6308.0507,799.7319116182587,799.7319116182587,0.0,0.0,822.4209875000003,0.0,822.4209875000003,0.0,0.0,372.5509907849249,8183.352238366309,8923.53112711631
2025-02-01,68,0.4827,3927.21,6594.375,765.0687681373347,751.5814000817791,0.0,13.487368055555635,833.3333333333334,0.0,833.3333333333333,0.0,0.0,362.77556674844595,8923.53112711631,9673.53112711631
2025-02-01,69,0.4785,4153.2513,6817.8939,751.6884469756627,713.8013650312184,0.0,37.887081944444276,833.3333333333334,0.0,833.3333333333333,0.0,0.0,324.5751316978851,9673.53112711631,10423.53112711631
2025-02-01,70,0.4662,4080.8969,6770.5009,730.8178309551836,668.5310351218503,0.0,62.28679583333326,833.3333333333334,0.0,418.2987476485444,0.0,0.0,698.4996208066391,10423.53112711631,10800.0
2025-02-01,71,0.4432,3840.2,6603.9375,731.864112906618,645.1776031843954,0.0,86.68650972222258,833.3333333333334,0.0,0.0,0.0,0.0,1105.800519851062,10800.0,10800.0
2025-02-01,72,0.4411,4061.0483,6632.8992,784.8190391575054,0.0,0.0,784.8190391575054,0.0,1.6370904631912707e-12,0.0,0.0,0.0,428.6418166666666,10800.0,10800.0
2025-02-01,73,0.4551,3978.5628,6536.8864,764.6710560566579,0.0,0.0,764.6710560566579,0.0,0.0,0.0,0.0,0.0,426.38726666666673,10800.0,10800.0
2025-02-01,74,0.4463,3564.13,6314.475,691.931400558842,0.0,0.0,691.931400558842,0.0,0.0,0.0,0.0,0.0,458.3908333333335,10800.0,10800.0
2025-02-01,75,0.4113,3606.685,6312.5866,708.1266142283384,0.0,0.0,708.1266142283384,0.0,0.0,0.0,0.0,0.0,450.9835999999999,10800.0,10800.0
2025-02-01,76,0.5682,3800.0122,6353.9385,763.5526022341699,0.0,0.0,763.5526022341699,0.0,0.0,0.0,0.0,0.0,425.65438333333327,10800.0,10800.0
2025-02-01,77,0.8279,3832.09,6313.35,0.0,0.0,0.0,0.0,0.0,6.844314658891108,0.0,0.0,0.0,413.5433333333334,10800.0,10800.0
2025-02-01,78,0.8636,3716.2454,6246.1375,0.0,0.0,0.0,0.0,0.0,24.27765899514452,0.0,0.0,0.0,421.6486833333332,10800.0,10800.0
2025-02-01,79,0.8416,3639.0264,6175.373,0.0,0.0,0.0,0.0,22.963163075379317,0.0,0.0,0.0,0.0,422.7244333333333,10800.0,10800.0
2025-02-01,80,0.8618,3642.08,6103.6875,0.0,0.0,0.0,0.0,15.459026620964222,0.0,0.0,0.0,0.0,410.2679166666667,10800.0,10800.0
2025-02-01,81,0.8623,3637.91,5992.7643,66.3010108973881,0.0,0.0,66.3010108973881,0.0,0.0,0.0,0.0,0.0,392.4757166666667,10800.0,10800.0
2025-02-01,82,0.9026,3749.5633,5691.8061,119.22261575475538,0.0,0.0,119.22261575475538,0.0,0.0,0.0,0.0,0.0,323.70713333333333,10800.0,10800.0
2025-02-01,83,0.9754,3849.87,5251.125,0.0,0.0,0.0,0.0,0.0,0.0,0.0,0.0,0.0,233.54250000000002,10800.0,10800.0
2025-02-01,84,1.0002,3676.3403,4893.7405,0.0,0.0,0.0,0.0,0.0,143.1702839312915,0.0,0.0,0.0,202.90003333333334,10800.0,10800.0
2025-02-01,85,0.9978,3619.6065,4617.2194,0.0,0.0,0.0,0.0,0.0,73.62758468926707,0.0,0.0,0.0,166.26881666666668,10800.0,10800.0
2025-02-01,86,1.0271,3664.87,4364.4,0.0,0.0,0.0,0.0,0.0,197.63736654215032,0.0,0.0,0.0,116.58833333333337,10800.0,10800.0
2025-02-01,87,1.0906,3429.7385,4104.4044,0.0,0.0,0.0,0.0,0.0,292.7093543896035,0.0,0.0,0.0,112.44431666666674,10800.0,10800.0
2025-02-01,88,0.9376,3327.5652,3890.1686,63.26096189183403,0.0,0.0,63.26096189183403,0.0,183.08745255569966,0.0,0.0,0.0,93.76723333333337,10800.0,10800.0
2025-02-01,89,0.6694,3473.54,3688.35,1293.279978906794,612.1289799660691,0.0,681.1509989407249,265.71857050371904,0.0,0.0,0.0,0.0,647.9306466327358,10800.0,10800.0
2025-02-01,90,0.66,3562.932,3392.3571,1383.9024741144308,1260.320458836653,0.0,123.58201527777783,833.3333333333334,0.0,0.0,0.0,0.0,1231.891308836653,10800.0,10800.0
2025-02-01,91,0.7217,3620.2202,3032.6158,427.6759524611552,427.6759524611552,0.0,0.0,0.0,0.0,0.0,0.0,0.0,329.74188579448855,10800.0,10800.0
2025-02-01,92,0.7308,3651.93,2703.825,455.66703128364225,323.45903936808054,0.0,132.2079919155617,0.0,0.0,0.0,0.0,0.0,165.4415393680806,10800.0,10800.0
2025-02-01,93,0.7534,3580.7319,2481.7698,475.3653043147654,475.3653043147654,0.0,0.0,0.0,0.0,0.0,0.0,0.0,292.20495431476536,10800.0,10800.0
2025-02-01,94,0.7823,3420.6657,2255.8374,563.8205704888965,422.7903454888963,0.0,141.03022500000014,0.0,0.0,0.0,0.0,0.0,228.65229548889624,10800.0,10800.0
2025-02-01,95,0.8055,3292.5,1973.5875,616.2421025564838,471.5107166616222,0.0,144.7313858948616,0.0,0.0,0.0,0.0,0.0,251.69196666162225,10800.0,10800.0
2025-02-01,96,0.8271,3324.4944,1687.0443,640.0666829943392,540.4682302165614,0.0,99.59845277777777,0.0,0.0,0.0,0.0,0.0,267.5598802165614,10800.0,10800.0
2025-02-01,97,0.8519,3354.2164,1442.6491,621.4851397698208,583.3311742714513,0.0,38.153965498369416,0.0,0.0,0.0,0.0,0.0,264.7366242714513,10800.0,10800.0
2025-02-01,98,0.8791,3378.64,1214.175,734.9881001677244,667.7964362788354,0.0,67.19166388888902,0.0,0.0,0.0,0.0,0.0,307.05226961216863,10800.0,10800.0
2025-02-01,99,0.9024,3481.7178,933.1142,749.1749636627022,676.5333956071466,0.0,72.64156805555558,0.0,0.0,0.0,0.0,0.0,251.76612894048003,10800.0,10800.0
2025-02-01,100,0.9163,3196.9081,640.2688,722.5124251517678,670.0845084851013,0.0,52.42791666666653,0.0,0.0,0.0,0.0,0.0,243.97795848510123,10800.0,10800.0
2025-02-01,101,0.9264,2680.68,358.2375,737.4228769017195,706.6053380128305,0.0,30.817538888888976,0.0,0.0,0.0,0.0,0.0,319.5315880128305,10800.0,10800.0
2025-02-01,102,0.9462,2601.2611,95.3846,743.0926036576019,733.4861356020464,0.0,9.606468055555524,0.0,0.0,0.0,0.0,0.0,315.840052268713,10800.0,10800.0
2025-02-01,103,0.9742,2638.6848,0.0,736.0217195820996,721.0124570820996,0.0,15.00926250000009,0.0,0.0,0.0,0.0,0.0,281.23165708209956,10800.0,10800.0
2025-02-01,104,0.9862,2616.82,0.0,731.7368757346186,725.6236687901742,0.0,6.113206944444414,0.0,0.0,0.0,0.0,0.0,289.48700212350747,10800.0,10800.0
2025-02-01,105,0.976,2675.971,4.1367,727.1652054889349,717.7425938588598,0.0,9.422611630075153,0.0,2.1345074634086814,0.0,0.0,0.0,272.4368771921931,10800.0,10800.0
2025-02-01,106,1.0742,2639.3558,0.0,689.0867193549484,684.0836318549483,0.0,5.003087500000106,0.0,0.0,0.0,0.0,0.0,244.19099852161497,10800.0,10800.0
2025-02-01,107,1.2313,2570.82,0.0,625.522798078917,623.8551022455837,0.0,1.6676958333333687,0.0,0.0,0.0,0.0,0.0,195.38510224558365,10800.0,10800.0
2025-02-01,108,1.2561,2725.1073,0.297,0.0,0.0,0.0,0.0,0.0,578.2084911579502,0.0,454.13505,0.0,0.0,10800.0,10295.4055
2025-02-01,109,1.2447,2833.5919,0.0,613.2265848192253,613.2265848192253,0.0,0.0,0.0,0.0,0.0,0.0,0.0,140.96126815255866,10295.4055,10295.4055
2025-02-01,110,1.2545,2725.01,0.0,0.0,0.0,0.0,0.0,0.0,610.1026392264138,0.0,454.16833333333335,0.0,0.0,10295.4055,9790.77401851852
2025-02-01,111,1.2522,2510.2571,0.0213,585.6550466173522,585.6550466173522,0.0,0.0,0.0,37.40396079532525,0.0,0.0,0.0,167.28241328401896,9790.77401851852,9790.77401851852
2025-02-01,112,1.2881,2484.4934,0.0,0.0,0.0,0.0,0.0,0.0,642.192861721761,0.0,414.0822333333333,0.0,0.0,9790.77401851852,9330.68264814815
2025-02-01,113,1.3466,2592.83,0.0,0.0,0.0,0.0,0.0,0.0,634.5288097211187,0.0,432.1383333333333,0.0,0.0,9330.68264814815,8850.528944444446
2025-02-01,114,1.3523,2544.0862,0.0015,0.0,0.0,0.0,0.0,0.0,593.0210833577936,0.0,424.0141166666667,0.0,0.0,8850.528944444446,8379.40214814815
2025-02-01,115,1.3445,2654.4748,0.0,0.0,0.0,0.0,0.0,0.0,585.2694338957859,0.0,442.41246666666666,0.0,0.0,8379.40214814815,7887.832740740743
2025-02-01,116,1.3483,2902.48,0.0,0.0,0.0,0.0,0.0,0.0,588.262250435744,0.0,483.74666666666667,0.0,0.0,7887.832740740743,7350.336444444447
2025-02-01,117,1.349,2887.1068,0.0,0.0,0.0,0.0,0.0,0.0,619.579506577992,0.0,481.18446666666665,0.0,0.0,7350.336444444447,6815.68703703704
2025-02-01,118,1.3473,2668.5956,0.0,0.0,0.0,0.0,0.0,0.0,626.0542982566285,0.0,444.76593333333335,0.0,0.0,6815.68703703704,6321.502666666669
2025-02-01,119,1.3482,2508.57,0.0,0.0,0.0,0.0,0.0,0.0,608.9406188829943,0.0,418.095,0.0,0.0,6321.502666666669,5856.952666666669
2025-02-01,120,1.3513,2620.4431,0.0,0.0,0.0,0.0,0.0,0.0,627.9300423631936,0.0,436.7405166666667,0.0,0.0,5856.952666666669,5371.685425925928
2025-02-01,121,1.34,2716.1871,0.0,0.0,0.0,0.0,0.0,0.0,623.0492587903005,0.0,452.69785,0.0,0.0,5371.685425925928,4868.687814814817
2025-02-01,122,1.3489,2699.81,0.0,0.0,0.0,0.0,0.0,0.0,647.1981840099817,0.0,449.9683333333333,0.0,0.0,4868.687814814817,4368.723000000003
2025-02-01,123,1.3952,2730.4002,0.0,0.0,0.0,0.0,0.0,0.0,618.2585608070164,0.0,455.0667,0.0,0.0,4368.723000000003,3863.093333333336
2025-02-01,124,1.2226,2724.0742,0.0,623.9316660536668,623.9316660536668,0.0,0.0,0.0,0.0,0.0,0.0,0.0,169.9192993870002,3863.093333333336,3863.093333333336
2025-02-01,125,0.9332,2756.43,0.0,632.094968549286,632.094968549286,0.0,0.0,0.0,0.0,0.0,0.0,0.0,172.68996854928605,3863.093333333336,3863.093333333336
2025-02-01,126,0.9068,2984.5246,0.0,611.4862302149257,611.4862302149257,0.0,0.0,0.0,0.0,0.0,0.0,0.0,114.06546354825906,3863.093333333336,3863.093333333336
2025-02-01,127,0.9371,3019.6988,0.0,615.7163960360873,615.7163960360873,0.0,0.0,0.0,0.0,0.0,0.0,0.0,112.43326270275395,3863.093333333336,3863.093333333336
2025-02-01,128,0.9371,2865.34,0.0,601.992336335148,601.992336335148,0.0,0.0,0.0,0.0,0.0,0.0,0.0,124.43566966848135,3863.093333333336,3863.093333333336
2025-02-01,129,0.9871,2874.8157,0.0,599.384917261102,599.384917261102,0.0,0.0,0.0,0.0,0.0,0.0,0.0,120.248967261102,3863.093333333336,3863.093333333336
2025-02-01,130,0.7764,2701.2246,0.0,587.6754324558129,587.6754324558129,0.0,0.0,0.0,0.0,0.0,0.0,0.0,137.47133245581296,3863.093333333336,3863.093333333336
2025-02-01,131,0.4209,2352.51,0.0,522.5351697113789,522.5351697113789,0.0,0.0,0.0,0.0,0.0,0.0,0.0,130.45016971137886,3863.093333333336,3863.093333333336
2025-02-01,132,0.3859,2230.6189,0.0,507.1592946850348,507.1592946850348,0.0,0.0,0.0,0.0,0.0,0.0,0.0,135.38947801836815,3863.093333333336,3863.093333333336
2025-02-01,133,0.4368,2181.4693,0.0,505.40407820049677,505.40407820049677,0.0,0.0,0.0,0.0,0.0,0.0,0.0,141.82586153383005,3863.093333333336,3863.093333333336
2025-02-01,134,0.4198,2154.94,0.0,519.217294308817,519.217294308817,0.0,0.0,0.0,0.0,0.0,0.0,0.0,160.06062764215034,3863.093333333336,3863.093333333336
2025-02-01,135,0.4186,2292.3043,0.0,512.2119733379124,512.2119733379124,0.0,0.0,0.0,0.0,0.0,0.0,0.0,130.16125667124572,3863.093333333336,3863.093333333336
2025-02-01,136,0.4241,2503.0105,0.0,509.9062518398389,509.9062518398389,0.0,0.0,0.0,0.0,0.0,0.0,0.0,92.73783517317224,3863.093333333336,3863.093333333336
2025-02-01,137,0.4237,2590.78,0.0,515.8714446638436,515.8714446638436,0.0,0.0,0.0,0.0,0.0,0.0,0.0,84.07477799717691,3863.093333333336,3863.093333333336
2025-02-01,138,0.4248,2438.7897,0.0,533.7665682185708,533.7665682185708,0.0,0.0,0.0,0.0,0.0,0.0,0.0,127.30161821857081,3863.093333333336,3863.093333333336
2025-02-01,139,0.424,2405.7592,0.0,517.5380089675733,517.5380089675733,0.0,0.0,0.0,0.0,0.0,0.0,0.0,116.57814230090668,3863.093333333336,3863.093333333336
2025-02-01,140,0.422,2459.67,0.0,506.9253848944031,506.9253848944031,0.0,0.0,0.0,0.0,0.0,0.0,0.0,96.98038489440313,3863.093333333336,3863.093333333336
2025-02-01,141,0.424,2323.4202,0.0,524.6759782379767,524.6759782379767,0.0,0.0,0.0,0.0,0.0,0.0,0.0,137.43927823797668,3863.093333333336,3863.093333333336
2025-02-01,142,0.4271,2728.2609,0.0,526.1020786598876,526.1020786598876,0.0,0.0,0.0,0.0,0.0,0.0,0.0,71.39192865988758,3863.093333333336,3863.093333333336
2025-02-01,143,0.4276,3484.94,0.0,654.9392739793889,654.9392739793889,0.0,0.0,0.0,0.0,0.0,0.0,0.0,74.11594064605549,3863.093333333336,3863.093333333336
2025-02-02,0,0.4248,3591.9843,0.0,1539.105688366926,1539.105688366926,0.0,0.0,833.3333333333334,0.0,833.3333333333333,0.0,0.0,107.10830503359273,3863.093333333336,4613.093333333336
2025-02-02,1,0.4245,3490.4069,0.0,1528.9203595731835,1528.9203595731835,0.0,0.0,833.3333333333334,0.0,833.3333333333333,0.0,0.0,113.85254290651699,4613.093333333336,5363.093333333336
2025-02-02,2,0.4269,3507.56,0.0,624.3094929886566,624.3094929886566,0.0,0.0,0.0,0.0,0.0,0.0,0.0,39.71615965532328,5363.093333333336,5363.093333333336
2025-02-02,3,0.4272,3516.6172,0.0,646.488279275789,646.488279275789,0.0,0.0,0.0,0.0,0.0,0.0,0.0,60.38541260912223,5363.093333333336,5363.093333333336
2025-02-02,4,0.4271,3523.1812,0.0,662.2121895137698,662.2121895137698,0.0,0.0,0.0,0.0,0.0,0.0,0.0,75.0153228471031,5363.093333333336,5363.093333333336
2025-02-02,5,0.4285,3576.44,0.0,647.9003305530796,647.9003305530796,0.0,0.0,0.0,0.0,0.0,0.0,0.0,51.826997219746204,5363.093333333336,5363.093333333336
2025-02-02,6,0.4311,3672.3289,0.0,1530.111985280382,1530.111985280382,0.0,0.0,833.3333333333334,0.0,833.3333333333333,0.0,0.0,84.7238352803821,5363.093333333336,6113.093333333336
2025-02-02,7,0.4302,3589.9458,0.0,1543.7490970330255,1543.7490970330255,0.0,0.0,833.3333333333334,0.0,833.3333333333333,0.0,0.0,112.09146369969221,6113.093333333336,6863.093333333336
2025-02-02,8,0.4279,3433.4,0.0,1560.0595235473543,1560.0595235473543,0.0,0.0,833.3333333333334,0.0,833.3333333333333,0.0,0.0,154.49285688068767,6863.093333333336,7613.093333333336
2025-02-02,9,0.4312,3549.9164,0.0,1530.369703771459,1530.369703771459,0.0,0.0,833.3333333333334,0.0,833.3333333333333,0.0,0.0,105.38363710479234,7613.093333333336,8363.093333333336
2025-02-02,10,0.4333,3745.7742,0.0,643.1576366342165,643.1576366342165,0.0,0.0,0.0,0.0,0.0,0.0,0.0,18.861936634216477,8363.093333333336,8363.093333333336
2025-02-02,11,0.4311,3771.99,0.0,610.8100413394867,610.8100413394867,0.0,0.0,0.0,0.0,0.0,0.0,17.85495866051326,0.0,8363.093333333336,8363.093333333336
2025-02-02,12,0.4293,3594.4447,0.0,650.6909691380458,650.6909691380458,0.0,0.0,0.0,0.0,0.0,0.0,0.0,51.61685247137916,8363.093333333336,8363.093333333336
2025-02-02,13,0.4324,3671.1635,0.0,734.2045116783462,734.2045116783462,0.0,0.0,0.0,0.0,0.0,0.0,0.0,122.34392834501284,8363.093333333336,8363.093333333336
2025-02-02,14,0.4367,3882.83,0.0,715.6809344679899,715.6809344679899,0.0,0.0,0.0,0.0,0.0,0.0,0.0,68.54260113465659,8363.093333333336,8363.093333333336
2025-02-02,15,0.4348,3711.2114,0.0,707.7143917938592,707.7143917938592,0.0,0.0,0.0,0.0,0.0,0.0,0.0,89.17915846052585,8363.093333333336,8363.093333333336
2025-02-02,16,0.4335,3797.0551,0.0,710.4525466618456,710.4525466618456,0.0,0.0,2.5408482232994837e-12,0.0,2.5408482232994837e-12,0.0,0.0,77.61002999517639,8363.093333333336,8363.093333333338
2025-02-02,17,0.4357,4096.45,0.0,681.4171071063229,681.4171071063229,0.0,0.0,0.0,0.0,0.0,0.0,1.3245595603438005,0.0,8363.093333333338,8363.093333333338
2025-02-02,18,0.4374,3901.7476,0.0,913.2292722278431,913.2292722278431,0.0,0.0,207.6740740739275,0.0,207.6740740739275,0.0,0.0,55.2639314872489,8363.093333333338,8549.999999999873
2025-02-02,19,0.4371,3751.7022,0.0,723.1365628953741,723.1365628953741,0.0,0.0,0.0,0.0,0.0,0.0,0.0,97.85286289537407,8549.999999999873,8549.999999999873
2025-02-02,20,0.4356,3892.96,0.0,728.7284822471889,728.7284822471889,0.0,0.0,0.0,0.0,0.0,0.0,0.0,79.90181558052222,8549.999999999873,8549.999999999873
2025-02-02,21,0.4353,4003.4218,0.0,700.9891403464453,700.9891403464453,0.0,0.0,0.0,0.0,0.0,0.0,0.0,33.75217367977859,8549.999999999873,8549.999999999873
2025-02-02,22,0.436,3951.333,0.0,681.5284758505253,681.5284758505253,0.0,0.0,0.0,0.0,0.0,0.0,0.0,22.972975850525245,8549.999999999873,8549.999999999873
2025-02-02,23,0.4378,3825.93,0.0,706.491723053422,706.491723053422,0.0,0.0,0.0,0.0,0.0,0.0,0.0,68.83672305342202,8549.999999999873,8549.999999999873
2025-02-02,24,0.4401,3819.9275,0.0,731.2756593061154,731.2756593061154,0.0,0.0,0.0,0.0,0.0,0.0,0.0,94.62107597278202,8549.999999999873,8549.999999999873
2025-02-02,25,0.4389,3875.44,0.0,709.65628232894,709.65628232894,0.0,0.0,0.0,0.0,0.0,0.0,0.0,63.74961566227341,8549.999999999873,8549.999999999873
2025-02-02,26,0.4364,3917.79,0.0,737.3093774127077,737.3093774127077,0.0,0.0,0.0,0.0,0.0,0.0,0.0,84.34437741270767,8549.999999999873,8549.999999999873
2025-02-02,27,0.4393,3937.5329,0.0,737.6292964839714,737.6292964839714,0.0,0.0,0.0,0.0,0.0,0.0,0.0,81.37381315063806,8549.999999999873,8549.999999999873
2025-02-02,28,0.4422,3992.324,0.0014,735.9114599355365,735.9114599355365,0.0,0.0,0.0,0.0,0.0,0.0,0.0,70.5243599355365,8549.999999999873,8549.999999999873
2025-02-02,29,0.4395,4086.2,0.0,687.8874734715291,687.8874734715291,0.0,0.0,0.0,0.0,0.0,0.0,0.0,6.854140138195817,8549.999999999873,8549.999999999873
2025-02-02,30,0.4333,4146.1246,0.0,1584.8624425402518,1584.8624425402518,0.0,0.0,833.3333333333334,0.0,833.3333333333333,0.0,0.0,60.508342540251874,8549.999999999873,9299.999999999873
2025-02-02,31,0.4439,4075.3387,0.0189,753.2540246586003,753.2540246586003,0.0,0.0,0.0,0.0,0.0,0.0,0.0,74.03405799193365,9299.999999999873,9299.999999999873
2025-02-02,32,0.4301,3887.68,0.0,1596.2554609807034,1596.2554609807034,0.0,0.0,833.3333333333334,0.0,833.3333333333333,0.0,0.0,114.97546098070359,9299.999999999873,10049.999999999873
2025-02-02,33,0.3713,3800.9682,0.0,1599.1867486785181,1599.1867486785181,0.0,0.0,833.3333333333334,0.0,833.3333333333333,0.0,0.0,132.35871534518492,10049.999999999873,10799.999999999873
2025-02-02,34,0.5708,4342.6923,0.2639,872.4566426195232,872.4566426195232,0.0,0.0,0.0,0.0,0.0,0.0,0.0,148.71857595285667,10799.999999999873,10799.999999999873
2025-02-02,35,0.9099,5133.2,0.0,987.7968102028047,987.7968102028047,0.0,0.0,0.0,0.0,0.0,0.0,0.0,132.26347686947145,10799.999999999873,10799.999999999873
2025-02-02,36,0.9368,5203.4971,0.0,327.56277640427277,327.44758057105525,0.0,0.1151958332175127,0.0,674.9999999998854,0.0,539.8019360956114,0.0,0.0,10799.999999999873,10200.22007100475
2025-02-02,37,0.8758,5131.6891,3.6762,991.1276011449319,991.1276011449319,0.0,0.0,0.0,0.0,0.0,0.0,0.0,136.45878447826533,10200.22007100475,10200.22007100475
2025-02-02,38,0.8759,5241.01,0.0,991.936599032639,991.3606198659724,0.0,0.5759791666666843,0.0,0.0,0.0,0.0,0.0,117.85895319930569,10200.22007100475,10200.22007100475
2025-02-02,39,0.8601,5256.0742,0.0,959.8244886153321,959.8244886153321,0.0,0.0,0.0,0.0,0.0,0.0,0.0,83.81212194866544,10200.22007100475,10200.22007100475
2025-02-02,40,0.8442,5123.0993,114.5793,937.024073913777,937.024073913777,0.0,0.0,0.0,0.0,0.0,0.0,0.0,102.27074058044366,10200.22007100475,10200.22007100475
2025-02-02,41,0.8334,4993.59,386.0625,923.1257367520953,921.9615089743178,0.0,1.164227777777569,0.0,0.0,0.0,0.0,0.0,154.0402589743178,10200.22007100475,10200.22007100475
2025-02-02,42,0.8092,5070.2148,657.2329,857.376767129823,857.376767129823,0.0,0.0,0.0,0.0,0.0,0.0,0.0,121.87978379648962,10200.22007100475,10200.22007100475
2025-02-02,43,0.7972,5192.5144,940.4696,833.7166523749247,833.7166523749247,0.0,0.0,0.0,0.0,0.0,0.0,0.0,125.04251904159139,10200.22007100475,10200.22007100475
2025-02-02,44,0.7644,5177.86,1238.4,829.9489802436827,829.9489802436827,0.0,0.0,0.0,0.0,0.0,0.0,0.0,173.37231357701614,10200.22007100475,10200.22007100475
2025-02-02,45,0.6899,5107.2798,1513.0005,1649.8449900806827,1644.304810914016,0.0,5.540179166666803,833.3333333333334,0.0,666.4221433280566,0.0,0.0,378.8361175859593,10200.22007100475,10800.0
2025-02-02,46,0.86,5778.338,1766.4526,803.4796122382376,795.4894747382374,0.0,7.9901375000001735,0.0,0.0,0.0,0.0,0.0,126.84190807157086,10800.0,10800.0
2025-02-02,47,1.1617,6861.82,1994.925,207.75668509907916,207.75668509907916,0.0,0.0,0.0,833.3333333333334,0.0,603.3924815675873,0.0,0.0,10800.0,10129.563909369348
2025-02-02,48,1.1683,7139.7466,2202.7585,126.60978087533533,126.60978087533533,0.0,0.0,0.0,833.3333333333334,0.0,696.2215691246645,0.0,0.0,10129.563909369348,9355.984388119721
2025-02-02,49,1.0956,7041.3312,2488.076,46.03268864150925,32.38323030817594,0.0,13.649458333333314,0.0,833.3333333333334,0.0,726.4926363584907,0.0,0.0,9355.984388119721,8548.770347721398
2025-02-02,50,1.0849,7005.21,2849.8125,23.236602544676316,23.236602544676316,0.0,0.0,0.0,833.3333333333334,0.0,669.3296474553238,0.0,0.0,8548.770347721398,7805.070739437705
2025-02-02,51,1.061,7028.9548,3188.1898,0.0,0.0,0.0,0.0,0.0,833.3333333333334,0.0,640.1275000000002,0.0,0.0,7805.070739437705,7093.817961659927
2025-02-02,52,1.043,7017.2375,3500.7317,0.0,0.0,0.0,0.0,0.0,833.3333333333334,0.0,586.0843000000001,0.0,0.0,7093.817961659927,6442.613183882149
2025-02-02,53,1.036,6958.18,3830.9625,0.0,0.0,0.0,0.0,0.0,812.2871511146597,0.0,521.2029166666667,0.0,0.0,6442.613183882149,5863.498832030297
2025-02-02,54,1.0147,6935.0691,4206.0361,0.0,0.0,0.0,0.0,0.0,781.533149866601,0.0,454.83883333333324,0.0,0.0,5863.498832030297,5358.122350548816
2025-02-02,55,0.9922,6996.679,4513.9776,0.0,0.0,0.0,0.0,0.0,606.058432072041,0.0,413.78356666666673,0.0,0.0,5358.122350548816,4898.362832030298
2025-02-02,56,0.97,7027.62,4781.925,567.5482493047518,567.5482493047518,0.0,0.0,0.0,0.0,0.0,0.0,0.0,193.2657493047518,4898.362832030298,4898.362832030298
2025-02-02,57,0.9422,6860.5787,5126.7424,497.2485804022587,497.2485804022587,0.0,0.0,0.0,0.0,0.0,0.0,0.0,208.2758637355921,4898.362832030298,4898.362832030298
2025-02-02,58,0.9569,6729.1115,5340.6791,568.2876907588706,547.0027224887887,0.0,21.28496827008189,0.0,0.0,0.0,0.0,0.0,315.5973224887887,4898.362832030298,4898.362832030298
2025-02-02,59,0.9977,6761.89,5427.7125,0.0,0.0,0.0,0.0,0.0,493.193331093536,0.0,222.36291666666682,0.0,0.0,4898.362832030298,4651.2929246228905
2025-02-02,60,0.9919,6859.4615,5594.9043,0.0,0.0,0.0,0.0,0.0,327.7136364050486,0.0,210.75953333333337,0.0,0.0,4651.2929246228905,4417.115665363631
2025-02-02,61,0.9588,6845.7405,5693.5408,443.9377345455485,443.9377345455485,0.0,0.0,0.0,0.0,0.0,0.0,0.0,251.904451212215,4417.115665363631,4417.115665363631
2025-02-02,62,0.9549,6724.95,5734.5,403.00283943201504,403.00283943201504,0.0,0.0,0.0,0.0,0.0,0.0,0.0,237.92783943201493,4417.115665363631,4417.115665363631
2025-02-02,63,0.9839,6674.3697,5914.7178,142.77917875926508,142.77917875926508,0.0,0.0,0.0,96.28003817435331,0.0,0.0,0.0,16.170528759265153,4417.115665363631,4417.115665363631
2025-02-02,64,0.799,6765.9436,6167.1421,352.2389732039381,352.2389732039381,0.0,0.0,21.06881324226955,0.0,21.06881324226955,0.0,0.0,231.36990996166847,4417.115665363631,4436.077597281674
2025-02-02,65,0.5025,6843.27,6330.4875,1232.216253579556,1153.7020049684452,0.0,78.51424861111082,833.3333333333334,0.0,833.3333333333333,0.0,0.0,234.90492163511203,4436.077597281674,5186.077597281674
2025-02-02,66,0.4662,6688.1647,6325.0392,1292.3898317476128,1205.7034761920572,0.0,86.68635555555556,833.3333333333334,0.0,833.3333333333333,0.0,0.0,311.8492261920569,5186.077597281674,5936.077597281674
2025-02-02,67,0.5007,6621.1787,6476.9104,1312.3412584724074,1209.1493584724076,0.0,103.1918999999998,833.3333333333334,0.0,833.3333333333333,0.0,0.0,351.77130847240755,5936.077597281674,6686.077597281674
2025-02-02,68,0.4827,6792.25,6705.825,1254.845604781672,1135.1481603372276,0.0,119.69744444444427,833.3333333333334,0.0,833.3333333333333,0.0,0.0,287.41066033722745,6686.077597281674,7436.077597281674
2025-02-02,69,0.4785,6965.5774,6635.3033,1201.4994421139259,1065.2964532250369,0.0,136.20298888888897,833.3333333333334,0.0,833.3333333333333,0.0,0.0,176.91743655837013,7436.077597281674,8186.077597281674
2025-02-02,70,0.4662,6630.8407,6706.5447,1140.2402717192367,987.5317383859032,0.0,152.70853333333355,833.3333333333334,0.0,833.3333333333333,0.0,0.0,166.8157383859034,8186.077597281674,8936.077597281674
2025-02-02,71,0.4432,6087.62,6888.0375,1126.5358959885539,957.3218182107756,0.0,169.21407777777824,833.3333333333334,0.0,833.3333333333333,0.0,0.0,257.39140154410893,8936.077597281674,9686.077597281674
2025-02-02,72,0.4411,6175.5508,6695.3712,1161.7408836594054,658.719226957546,0.0,503.02165670185946,451.3119571870296,0.0,451.3119571870296,0.0,0.0,294.04400310384966,9686.077597281674,10092.258358750001
2025-02-02,73,0.4551,6411.0816,6542.4476,1123.5747919859073,98.69233940239803,0.0,1024.8824525835093,0.0,0.0,0.0,0.0,0.0,120.58667273573133,10092.258358750001,10092.258358750001
2025-02-02,74,0.4463,6361.38,6598.6125,1036.823898552192,133.15396244108058,0.0,903.6699361111115,0.0,0.0,0.0,0.0,0.0,172.6927124410804,10092.258358750001,10092.258358750001
2025-02-02,75,0.4113,6105.716,6609.2865,1041.0261002429868,940.1681902789023,0.0,100.85790996408446,786.3796013888885,0.0,786.3796013888875,0.0,0.0,237.71700555668144,10092.258358750001,10800.0
2025-02-02,76,0.5682,6176.8003,6531.8447,1090.086309904343,97.20798189195818,0.0,992.8783280123847,0.0,0.0,0.0,0.0,0.0,156.382048558625,10800.0,10800.0
2025-02-02,77,0.8279,6523.95,6407.175,146.48062048212418,146.48062048212418,0.0,0.0,0.0,22.850325000000026,0.0,0.0,0.0,127.018120482124,10800.0,10800.0
2025-02-02,78,0.8636,6584.3213,6311.5023,293.3203452421196,165.3925573693015,0.0,127.92778787281807,0.0,0.0,0.0,0.0,0.0,119.92272403596826,10800.0,10800.0
2025-02-02,79,0.8416,6510.3066,6349.6795,266.3438973036103,266.3438973036103,0.0,0.0,0.0,0.0,0.0,0.0,0.0,239.57271397027694,10800.0,10800.0
2025-02-02,80,0.8618,6505.58,6370.125,274.40154884667027,220.85923356889256,0.0,53.5423152777777,0.0,6.55417647352624,0.0,0.0,0.0,198.28340023555916,10800.0,10800.0
2025-02-02,81,0.8623,6573.9919,6103.2194,368.44009525587416,326.4084351398094,0.0,42.03166011606476,0.0,0.0,0.0,0.0,0.0,247.94635180647606,10800.0,10800.0
2025-02-02,82,0.9026,6477.1548,5845.3539,412.93506589083125,315.12487839083116,0.0,97.8101875000001,0.0,0.0,0.0,0.0,0.0,209.82472839083107,10800.0,10800.0
2025-02-02,83,0.9754,6293.17,5694.0,219.60644245781896,219.60644245781896,0.0,0.0,0.0,30.922385648944925,0.0,0.0,0.0,119.74477579115228,10800.0,10800.0
2025-02-02,84,1.0002,6343.9244,5466.544,0.0,0.0,0.0,0.0,0.0,341.2177937007546,0.0,146.23006666666663,0.0,0.0,10800.0,10637.522148148148
2025-02-02,85,0.9978,6432.3346,5229.6133,0.0,0.0,0.0,0.0,0.0,374.88476728712186,0.0,200.45354999999995,0.0,0.0,10637.522148148148,10414.79598148148
2025-02-02,86,1.0271,6412.67,5032.0875,0.0,0.0,0.0,0.0,0.0,501.3803882811879,0.0,230.09708333333344,0.0,0.0,10414.79598148148,10159.132555555554
2025-02-02,87,1.0906,6334.645,4816.7059,0.0,0.0,0.0,0.0,0.0,576.4560521529812,0.0,252.98985000000016,0.0,0.0,10159.132555555554,9878.03272222222
2025-02-02,88,0.9376,6283.5157,4446.811,308.0284338139895,308.0284338139895,0.0,0.0,0.0,163.1607253110322,0.0,0.0,0.0,1.9109838139893327,9878.03272222222,9878.03272222222
2025-02-02,89,0.6694,6229.68,3990.7125,1505.58438169873,1491.8495650320635,0.0,13.734816666666575,833.3333333333334,0.0,833.3333333333333,0.0,0.0,285.35498169873017,9878.03272222222,10628.03272222222
2025-02-02,90,0.66,6095.8225,3664.4343,1564.5258400012617,1553.08077889015,0.0,11.445061111111727,833.3333333333334,0.0,191.07475308642177,0.0,0.0,956.7746591370616,10628.03272222222,10800.0
2025-02-02,91,0.7217,6087.739,3383.0733,608.6460135032578,608.6460135032578,0.0,0.0,0.0,7.573386144451661,0.0,0.0,0.0,157.86839683659116,10800.0,10800.0
2025-02-02,92,0.7308,6190.57,3070.35,1642.4351852436805,1640.3436130214493,0.0,2.091572222231207,833.3333333333334,0.0,0.0,0.0,0.0,1120.306946354783,10800.0,10800.0
2025-02-02,93,0.7534,6188.1819,2736.101,719.7215764336332,719.7215764336332,0.0,0.0,0.0,0.0,0.0,0.0,0.0,144.37475976696646,10800.0,10800.0
2025-02-02,94,0.7823,6219.2064,2390.1165,779.8024050770094,778.2495759103426,0.0,1.552829166666811,0.0,0.0,0.0,0.0,0.0,140.06792591034264,10800.0,10800.0
2025-02-02,95,0.8055,6258.91,2058.375,838.8373289102669,838.8373289102669,0.0,0.0,0.0,0.0,0.0,0.0,0.0,138.7481622436003,10800.0,10800.0
2025-02-02,96,0.8271,6141.1677,1767.9971,892.5193769871161,884.3816339315604,0.0,8.137743055555688,0.0,0.0,0.0,0.0,0.0,155.5198672648936,10800.0,10800.0
2025-02-02,97,0.8519,6137.4884,1483.7678,964.5921927577515,957.033063591085,0.0,7.55912916666648,0.0,0.0,0.0,0.0,0.0,181.41296359108503,10800.0,10800.0
2025-02-02,98,0.8791,6224.49,1193.0625,983.3868513792719,983.3868513792719,0.0,0.0,0.0,0.0,0.0,0.0,0.0,144.8156013792718,10800.0,10800.0
2025-02-02,99,0.9024,6105.9198,916.1739,1030.4075168935346,1020.9017946713125,0.0,9.505722222222175,0.0,0.0,0.0,0.0,0.0,155.94414467131264,10800.0,10800.0
2025-02-02,100,0.9163,6010.4802,651.19,1078.4832702021579,1072.659982702158,0.0,5.8232874999998785,0.0,0.0,0.0,0.0,0.0,179.44494936882472,10800.0,10800.0
2025-02-02,101,0.9264,6029.99,380.5875,1154.7383687509646,1149.4936951398533,0.0,5.244673611111239,0.0,0.0,0.0,0.0,0.0,207.9266118065201,10800.0,10800.0
2025-02-02,102,0.9462,6026.1738,112.3562,1148.5567303491814,1148.5567303491814,0.0,0.0,0.0,0.0,0.0,0.0,0.0,162.92046368251488,10800.0,10800.0
2025-02-02,103,0.9742,6032.2614,0.0,1142.988758547226,1142.988758547226,0.0,0.0,0.0,0.0,0.0,0.0,0.0,137.611858547226,10800.0,10800.0
2025-02-02,104,0.9862,6161.51,0.0,1173.2863706052158,1173.2863706052158,0.0,0.0,0.0,0.0,0.0,0.0,0.0,146.36803727188249,10800.0,10800.0
2025-02-02,105,0.976,6305.1609,3.5758,1185.861302962276,1185.861302962276,0.0,0.0,0.0,0.3569097222223263,0.0,0.0,0.0,135.5971196289429,10800.0,10800.0
2025-02-02,106,1.0742,5412.6184,0.0,1050.754743828412,1049.5159021617453,0.0,1.238841666666758,0.0,0.0,0.0,0.0,0.0,147.41283549507864,10800.0,10800.0
2025-02-02,107,1.2313,4082.26,0.0,815.4527258723141,815.039778650092,0.0,0.4129472222221011,0.0,0.0,0.0,0.0,0.0,134.66311198342532,10800.0,10800.0
2025-02-02,108,1.2561,4095.677,0.2567,773.7973982940745,773.7973982940745,0.0,0.0,0.0,0.0,0.0,0.0,0.0,91.22734829407443,10800.0,10800.0
2025-02-02,109,1.2447,4472.5015,0.0,822.0622634202346,822.0622634202346,0.0,0.0,0.0,0.0,0.0,0.0,0.0,76.64534675356788,10800.0,10800.0
2025-02-02,110,1.2545,4531.66,0.0,804.3468108135521,804.3468108135521,0.0,0.0,0.0,0.0,0.0,0.0,0.0,49.07014414688547,10800.0,10800.0
2025-02-02,111,1.2522,4527.6331,0.0184,824.9755980439255,824.9755980439255,0.0,0.0,0.0,0.0,0.0,0.0,0.0,70.37314804392554,10800.0,10800.0
2025-02-02,112,1.2881,4424.796,0.0,833.5223055140165,833.5223055140165,0.0,0.0,0.0,0.0,0.0,0.0,0.0,96.05630551401646,10800.0,10800.0
2025-02-02,113,1.3466,4323.77,0.0,0.0,0.0,0.0,0.0,0.0,807.3149795374152,0.0,720.6283333333334,0.0,0.0,10800.0,9999.301851851851
2025-02-02,114,1.3523,4404.8581,0.0013,0.0,0.0,0.0,0.0,0.0,784.1294780691497,0.0,734.1428000000001,0.0,0.0,9999.301851851851,9183.587629629628
2025-02-02,115,1.3445,4312.8182,0.0,0.0,0.0,0.0,0.0,0.0,786.2489117722711,0.0,718.8030333333332,0.0,0.0,9183.587629629628,8384.917592592592
2025-02-02,116,1.3483,4130.13,0.0,0.0,0.0,0.0,0.0,0.0,793.2029986044349,0.0,688.355,0.0,0.0,8384.917592592592,7620.0787037037035
2025-02-02,117,1.349,4288.8356,0.0,1.4666701994328832,1.4666701994328832,0.0,0.0,0.0,833.3333333333334,0.0,713.3392631339005,0.0,0.0,7620.0787037037035,6827.479522443814
2025-02-02,118,1.3473,4348.8871,0.0,0.0,0.0,0.0,0.0,0.0,826.3294921229149,0.0,724.8145166666667,0.0,0.0,6827.479522443814,6022.130059480851
2025-02-02,119,1.3482,4231.89,0.0,0.0,0.0,0.0,0.0,0.0,778.9350385894703,0.0,705.315,0.0,0.0,6022.130059480851,5238.446726147517
2025-02-02,120,1.3513,4286.1231,0.0,0.0,0.0,0.0,0.0,0.0,815.0051842828175,0.0,714.35385,0.0,0.0,5238.446726147517,4444.720226147518
2025-02-02,121,1.34,4243.0563,0.0,253.14094112906378,253.14094112906378,0.0,0.0,0.0,565.4270967033045,0.0,454.03510887093626,0.0,0.0,4444.720226147518,3940.2367718464775
2025-02-02,122,1.3489,4138.32,0.0,3.933102940497747,3.933102940497747,0.0,0.0,0.0,833.3333333333334,0.0,685.7868970595022,0.0,0.0,3940.2367718464775,3178.2513306692526
2025-02-02,123,1.3952,4290.6901,0.0,0.0,0.0,0.0,0.0,0.0,816.7401536515559,0.0,715.1150166666666,0.0,0.0,3178.2513306692526,2383.679089928512
2025-02-02,124,1.2226,4315.4061,0.0,752.0398407037655,752.0398407037655,0.0,0.0,0.0,0.0,0.0,0.0,0.0,32.805490703765486,2383.679089928512,2383.679089928512
2025-02-02,125,0.9332,4171.98,0.0,807.1823041688343,807.1823041688343,0.0,0.0,0.0,0.0,0.0,0.0,0.0,111.8523041688344,2383.679089928512,2383.679089928512
2025-02-02,126,0.9068,4209.43,0.0,797.9862711253276,797.9862711253276,0.0,0.0,0.0,0.0,0.0,0.0,0.0,96.41460445866085,2383.679089928512,2383.679089928512
2025-02-02,127,0.9371,4246.2148,0.0,811.1467145523156,811.1467145523156,0.0,0.0,0.0,0.0,0.0,0.0,0.0,103.44424788564902,2383.679089928512,2383.679089928512
2025-02-02,128,0.9371,4246.12,0.0,790.3263493928885,790.3263493928885,0.0,0.0,0.0,0.0,0.0,0.0,0.0,82.63968272622185,2383.679089928512,2383.679089928512
2025-02-02,129,0.9871,4309.7445,0.0,796.8005257318997,796.8005257318997,0.0,0.0,0.0,0.0,0.0,0.0,0.0,78.50977573189971,2383.679089928512,2383.679089928512
2025-02-02,130,0.7764,3982.239,0.0,727.9300665493791,727.9300665493791,0.0,0.0,0.0,0.0,0.0,0.0,0.0,64.22356654937914,2383.679089928512,2383.679089928512
2025-02-02,131,0.4209,3400.51,0.0,622.1946159442142,622.1946159442142,0.0,0.0,0.0,0.0,0.0,0.0,0.0,55.44294927754754,2383.679089928512,2383.679089928512
2025-02-02,132,0.3859,3218.53,0.0,608.8291723407564,608.8291723407564,0.0,0.0,0.0,0.0,0.0,0.0,0.0,72.40750567408963,2383.679089928512,2383.679089928512
2025-02-02,133,0.4368,3233.6389,0.0,605.9829264616226,605.9829264616226,0.0,0.0,0.0,0.0,0.0,0.0,0.0,67.04310979495597,2383.679089928512,2383.679089928512
2025-02-02,134,0.4198,3249.58,0.0,610.7443062037357,610.7443062037357,0.0,0.0,0.0,0.0,0.0,0.0,0.0,69.14763953706904,2383.679089928512,2383.679089928512
2025-02-02,135,0.4186,3279.304,0.0,622.9364654253412,622.9364654253412,0.0,0.0,0.0,0.0,0.0,0.0,0.0,76.38579875867458,2383.679089928512,2383.679089928512
2025-02-02,136,0.4241,3263.6442,0.0,639.8858816632704,639.8858816632704,0.0,0.0,0.0,0.0,0.0,0.0,0.0,95.94518166327043,2383.679089928512,2383.679089928512
2025-02-02,137,0.4237,3249.25,0.0,650.0181154692967,650.0181154692967,0.0,0.0,0.0,0.0,0.0,0.0,0.0,108.4764488026301,2383.679089928512,2383.679089928512
2025-02-02,138,0.4248,3340.4792,0.0,660.1941419348576,660.1941419348576,0.0,0.0,0.0,0.0,0.0,0.0,0.0,103.44760860152428,2383.679089928512,2383.679089928512
2025-02-02,139,0.424,3374.5712,0.0,650.091913937871,650.091913937871,0.0,0.0,0.0,0.0,0.0,0.0,0.0,87.66338060453768,2383.679089928512,2383.679089928512
2025-02-02,140,0.422,3290.75,0.0,640.7615363480644,640.7615363480644,0.0,0.0,0.0,0.0,0.0,0.0,0.0,92.30320301473103,2383.679089928512,2383.679089928512
2025-02-02,141,0.424,3222.8875,0.0,639.3140870193077,639.3140870193077,0.0,0.0,0.0,0.0,0.0,0.0,0.0,102.16617035264107,2383.679089928512,2383.679089928512
2025-02-02,142,0.4271,3382.9527,0.0,626.5680607405753,626.5680607405753,0.0,0.0,0.0,0.0,0.0,0.0,0.0,62.7426107405754,2383.679089928512,2383.679089928512
2025-02-02,143,0.4276,3548.26,0.0,692.1913518693653,692.1913518693653,0.0,0.0,2.38524477946811e-14,0.0,2.38524477946811e-14,0.0,0.0,100.81468520269866,2383.679089928512,2383.679089928512
2025-02-03,0,0.4248,3319.2759,0.0,1437.2974548336247,1437.2974548336247,0.0,0.0,833.3333333333334,0.0,833.3333333333333,0.0,0.0,50.75147150029136,2383.679089928512,3133.679089928512
2025-02-03,1,0.4245,3357.1864,0.0,1437.061613952273,1437.061613952273,0.0,0.0,833.3333333333334,0.0,833.3333333333333,0.0,0.0,44.19721395227316,3133.679089928512,3883.679089928512
2025-02-03,2,0.4269,3657.72,0.0,1463.8232337900997,1463.8232337900997,0.0,0.0,833.3333333333334,0.0,833.3333333333333,0.0,0.0,20.86990045676646,3883.679089928512,4633.6790899285115
2025-02-03,3,0.4272,3554.5058,0.0,1447.737785116323,1447.737785116323,0.0,0.0,833.3333333333334,0.0,833.3333333333333,0.0,0.0,21.986818449656425,4633.6790899285115,5383.6790899285115
2025-02-03,4,0.4271,3451.8734,0.0,1454.0601956110302,1454.0601956110302,0.0,0.0,833.3333333333334,0.0,833.3333333333333,0.0,0.0,45.414628944363585,5383.6790899285115,6133.6790899285115
2025-02-03,5,0.4285,3501.36,0.0,635.4208636924822,635.4208636924822,0.0,0.0,0.0,0.0,0.0,0.0,0.0,51.8608636924821,6133.6790899285115,6133.6790899285115
2025-02-03,6,0.4311,3451.4924,0.0,1497.3734308272892,1497.3734308272892,0.0,0.0,833.3333333333334,0.0,833.3333333333333,0.0,0.0,88.7913641606226,6133.6790899285115,6883.6790899285115
2025-02-03,7,0.4302,3542.1206,0.0,621.3802697134852,621.3802697134852,0.0,0.0,0.0,0.0,0.0,0.0,0.0,31.02683638015185,6883.6790899285115,6883.6790899285115
2025-02-03,8,0.4279,3695.18,0.0,660.6381076005516,660.6381076005516,0.0,0.0,0.0,0.0,0.0,0.0,0.0,44.77477426721828,6883.6790899285115,6883.6790899285115
2025-02-03,9,0.4312,3578.3139,0.0,1501.5236464489567,1501.5236464489567,0.0,0.0,833.3333333333334,0.0,833.3333333333333,0.0,0.0,71.80466311562338,6883.6790899285115,7633.6790899285115
2025-02-03,10,0.4333,3604.263,0.0,649.7561409142176,649.7561409142176,0.0,0.0,0.0,0.0,0.0,0.0,0.0,49.04564091421753,7633.6790899285115,7633.6790899285115
2025-02-03,11,0.4311,3829.91,0.0,1507.6303611940182,1507.6303611940182,0.0,0.0,833.3333333333334,0.0,833.3333333333333,0.0,0.0,35.97869452735165,7633.6790899285115,8383.679089928512
2025-02-03,12,0.4293,3880.9085,0.0,632.0378197445605,632.0378197445605,0.0,0.0,0.0,0.0,0.0,0.0,14.780263588772868,0.0,8383.679089928512,8383.679089928512
2025-02-03,13,0.4324,3840.4513,0.0,1499.5622214583357,1499.5622214583357,0.0,0.0,833.3333333333334,0.0,833.3333333333333,0.0,0.0,26.15367145833568,8383.679089928512,9133.679089928512
2025-02-03,14,0.4367,3782.43,0.0,652.9588951952429,652.9588951952429,0.0,0.0,0.0,0.0,0.0,0.0,0.0,22.553895195242944,9133.679089928512,9133.679089928512
2025-02-03,15,0.4348,3687.2132,0.0,677.4927505661614,677.4927505661614,0.0,0.0,0.0,0.0,0.0,0.0,0.0,62.95721723282804,9133.679089928512,9133.679089928512
2025-02-03,16,0.4335,3675.2639,0.0,697.7298942397019,697.7298942397019,0.0,0.0,0.0,0.0,0.0,0.0,0.0,85.18591090636858,9133.679089928512,9133.679089928512
2025-02-03,17,0.4357,3798.75,0.0,688.7978868513326,688.7978868513326,0.0,0.0,7.756135916556272e-12,0.0,7.756135916556272e-12,0.0,0.0,55.67288685132482,9133.679089928512,9133.679089928519
2025-02-03,18,0.4374,3984.4677,0.0,657.2094447722147,657.2094447722147,0.0,0.0,0.0,0.0,0.0,0.0,6.868505227785249,0.0,9133.679089928519,9133.679089928519
2025-02-03,19,0.4371,4080.7714,0.0,641.6464925684203,641.6464925684203,0.0,0.0,0.0,0.0,0.0,0.0,38.48207409824636,0.0,9133.679089928519,9133.679089928519
2025-02-03,20,0.4356,4010.12,0.0,847.3014082524387,847.3014082524387,0.0,0.0,184.80101119057372,0.0,178.94807491910535,0.0,0.0,0.0,9133.679089928519,9294.732357355713
2025-02-03,21,0.4353,3846.4851,0.0,658.6062208827852,658.6062208827852,0.0,0.0,0.0,0.0,0.0,0.0,0.0,17.525370882785296,9294.732357355713,9294.732357355713
2025-02-03,22,0.436,3882.6756,0.0,690.0607272962267,690.0607272962267,0.0,0.0,0.0,0.0,0.0,0.0,0.0,42.94812729622663,9294.732357355713,9294.732357355713
2025-02-03,23,0.4378,4079.42,0.0,724.0546342018021,724.0546342018021,0.0,0.0,0.0,0.0,0.0,0.0,0.0,44.15130086846875,9294.732357355713,9294.732357355713
2025-02-03,24,0.4401,4136.8547,0.0,692.496574345153,692.496574345153,0.0,0.0,0.0,0.0,0.0,0.0,0.0,3.0207910118197105,9294.732357355713,9294.732357355713
2025-02-03,25,0.4389,4238.4444,0.0,717.237531297415,717.237531297415,0.0,0.0,0.0,0.0,0.0,0.0,0.0,10.830131297414937,9294.732357355713,9294.732357355713
2025-02-03,26,0.4364,4297.05,0.0,740.8171286477279,740.8171286477279,0.0,0.0,2.6737871176389188e-11,0.0,2.6737871176389188e-11,0.0,0.0,24.642128647701135,9294.732357355713,9294.732357355737
2025-02-03,27,0.4393,4021.4082,0.0,711.1960928955667,711.1960928955667,0.0,0.0,0.0,0.0,0.0,0.0,0.0,40.961392895566746,9294.732357355737,9294.732357355737
2025-02-03,28,0.4422,3863.4609,0.0,697.4330519085794,697.4330519085794,0.0,0.0,0.0,0.0,0.0,0.0,0.0,53.52290190857934,9294.732357355737,9294.732357355737
2025-02-03,29,0.4395,3942.06,0.0,719.1995972838563,719.1995972838563,0.0,0.0,0.0,0.0,0.0,0.0,0.0,62.1895972838563,9294.732357355737,9294.732357355737
2025-02-03,30,0.4333,3947.5006,0.0,697.6835584114351,697.6835584114351,0.0,0.0,0.0,0.0,0.0,0.0,0.0,39.76679174476851,9294.732357355737,9294.732357355737
2025-02-03,31,0.4439,3942.7658,0.0135,722.9901413872029,722.9901413872029,0.0,0.0,0.0,0.0,0.0,0.0,0.0,65.86475805386954,9294.732357355737,9294.732357355737
2025-02-03,32,0.4301,3952.29,0.0,1560.7541626192674,1560.7541626192674,0.0,0.0,833.3333333333334,0.0,833.3333333333333,0.0,0.0,68.7058292859341,9294.732357355737,10044.732357355737
2025-02-03,33,0.3713,3985.0604,0.0,1536.7677851804629,1536.7677851804629,0.0,0.0,833.3333333333334,0.0,833.3333333333333,0.0,0.0,39.25771851379625,10044.732357355737,10794.732357355737
2025-02-03,34,0.5708,4499.5576,0.1876,779.0739664641109,779.0739664641109,0.0,0.0,0.0,0.0,0.0,0.0,0.0,29.178966464110772,10794.732357355737,10794.732357355737
2025-02-03,35,0.9099,5189.98,0.0,910.2247870571999,910.2247870571999,0.0,0.0,0.0,0.0,0.0,0.0,0.0,45.22812039053338,10794.732357355737,10794.732357355737
2025-02-03,36,0.9368,5241.4145,0.0,235.87668274965063,77.19930497187283,0.0,158.6773777777778,0.0,833.3333333333334,0.0,796.3697783614605,0.0,0.0,10794.732357355737,9909.877048065226
2025-02-03,37,0.8758,5279.2812,2.6125,902.5208567843619,902.5208567843619,0.0,0.0,0.0,5.0035073735271,0.0,0.0,0.0,23.076073451028492,9909.877048065226,9909.877048065226
2025-02-03,38,0.8759,5482.36,0.0,927.3002458543555,927.3002458543555,0.0,0.0,0.0,0.0,0.0,0.0,0.0,13.573579187688892,9909.877048065226,9909.877048065226
2025-02-03,39,0.8601,5399.2249,0.0,915.5952821834741,910.0518266279187,0.0,5.543455555555397,0.0,0.0,0.0,0.0,0.0,10.181009961252016,9909.877048065226,9909.877048065226
2025-02-03,40,0.8442,5309.6915,140.4823,893.3843970700041,893.3843970700041,0.0,0.0,0.0,0.0,0.0,0.0,0.0,31.84953040333744,9909.877048065226,9909.877048065226
2025-02-03,41,0.8334,5379.84,433.35,865.4965928021728,861.751642802173,0.0,3.7449499999997897,0.0,0.0,0.0,0.0,0.0,37.33664280217306,9909.877048065226,9909.877048065226
2025-02-03,42,0.8092,5474.7763,744.1555,804.2525266999997,804.2525266999997,0.0,0.0,0.0,0.0,0.0,0.0,0.0,15.815726699999573,9909.877048065226,9909.877048065226
2025-02-03,43,0.7972,5479.928,1066.8534,765.5519975511306,753.4448517177974,0.0,12.10714583333322,0.0,0.0,0.0,0.0,0.0,17.932418384464086,9909.877048065226,9909.877048065226
2025-02-03,44,0.7644,5338.1,1389.675,700.599586011995,700.599586011995,0.0,0.0,0.0,0.0,0.0,0.0,0.0,42.52875267866159,9909.877048065226,9909.877048065226
2025-02-03,45,0.6899,5211.6634,1691.7213,1578.1256881942304,1535.0998020831194,0.0,43.02588611111105,833.3333333333334,0.0,833.3333333333333,0.0,0.0,115.10945208311932,9909.877048065226,10659.877048065226
2025-02-03,46,0.86,5884.2656,2065.6691,687.7428351604962,646.7758548757245,0.0,40.966980284771694,0.0,0.0,0.0,0.0,0.0,10.34310487572452,10659.877048065226,10659.877048065226
2025-02-03,47,1.1617,6901.39,2476.0125,48.91567229822613,0.0,0.0,48.91567229822613,0.0,814.5922084093372,0.0,737.5629166666668,0.0,0.0,10659.877048065226,9840.362696213373
2025-02-03,48,1.1683,6957.866,2776.7082,0.0,0.0,0.0,0.0,0.0,772.5806938007562,0.0,696.8596333333335,0.0,0.0,9840.362696213373,9066.07421473189
2025-02-03,49,1.0956,6874.3036,3006.5066,0.0,0.0,0.0,0.0,0.0,695.1914256834117,0.0,644.6328333333333,0.0,0.0,9066.07421473189,8349.815511028188
2025-02-03,50,1.0849,7031.01,3227.3625,0.0,0.0,0.0,0.0,0.0,654.2433271118663,0.0,633.94125,0.0,0.0,8349.815511028188,7645.436344361521
2025-02-03,51,1.061,6975.4139,3478.3697,0.0,0.0,0.0,0.0,0.0,640.8802412545914,0.0,582.8407,0.0,0.0,7645.436344361521,6997.8355665837435
2025-02-03,52,1.043,6867.2926,3798.4683,0.0,0.0,0.0,0.0,0.0,585.1407252699677,0.0,511.4707166666666,0.0,0.0,6997.8355665837435,6429.534770287447
2025-02-03,53,1.036,6931.27,4054.1625,0.0,0.0,0.0,0.0,0.0,532.6237013585452,0.0,479.5179166666668,0.0,0.0,6429.534770287447,5896.7370851022615
2025-02-03,54,1.0147,7168.4724,4072.8902,0.0,0.0,0.0,0.0,0.0,485.4818669347382,0.0,485.4818669347382,30.448499731928507,0.0,5896.7370851022615,5357.312788508108
2025-02-03,55,0.9922,7113.8761,4200.7813,0.0,0.0,0.0,0.0,0.0,458.8749421892547,0.0,458.8749421892547,26.64085781074556,0.0,5357.312788508108,4847.451741631158
2025-02-03,56,0.97,6903.41,4557.975,0.0,0.0,0.0,0.0,0.0,408.06644153597944,0.0,390.90583333333336,0.0,0.0,4847.451741631158,4413.111926816344
2025-02-03,57,0.9422,7092.1866,4928.0189,461.68557867456246,0.0,0.0,461.68557867456246,0.0,407.61553978567326,0.0,360.69461666666655,0.0,0.0,4413.111926816344,4012.3401305200478
2025-02-03,58,0.9569,7081.9938,5184.4551,0.0,0.0,0.0,0.0,0.0,352.9578345592381,0.0,316.25645,0.0,0.0,4012.3401305200478,3660.9440749644923
2025-02-03,59,0.9977,6787.06,5366.325,0.0,0.0,0.0,0.0,0.0,315.3249858260048,0.0,236.7891666666668,0.0,0.0,3660.9440749644923,3397.8450008904183
2025-02-03,60,0.9919,6763.2921,5587.1643,0.0,0.0,0.0,0.0,0.0,273.6264973997186,0.0,196.02129999999988,0.0,0.0,3397.8450008904183,3180.043556445974
2025-02-03,61,0.9588,6902.8358,5708.2396,0.0,0.0,0.0,0.0,0.0,275.3723021734595,0.0,199.0993666666667,0.0,0.0,3180.043556445974,2958.8220379274553
2025-02-03,62,0.9549,7016.31,5663.625,178.11794420166768,0.0,0.0,178.11794420166768,0.0,240.34456903178943,0.0,225.4475,0.0,0.0,2958.8220379274553,2708.324815705233
2025-02-03,63,0.9839,7015.3261,5591.0652,0.0,0.0,0.0,0.0,0.0,187.19179709794616,0.0,187.19179709794616,50.18501956872046,0.0,2708.324815705233,2500.3339300408484
2025-02-03,64,0.799,6849.1934,5868.1171,291.03112386911516,131.10476917558162,0.0,159.92635469353354,0.0,0.0,0.0,0.0,32.407947491085,0.0,2500.3339300408484,2500.3339300408484
2025-02-03,65,0.5025,6633.22,6356.2125,1159.4760525488246,957.0767302332453,0.0,202.3993223155793,833.3333333333334,0.0,833.3333333333333,0.0,0.0,77.57548023324534,2500.3339300408484,3250.3339300408484
2025-02-03,66,0.4662,6591.6314,6486.2613,1215.173950488027,1013.875772710249,0.0,201.29817777777805,833.3333333333334,0.0,833.3333333333333,0.0,0.0,162.98075604358246,3250.3339300408484,4000.3339300408484
2025-02-03,67,0.5007,6748.0069,6277.2121,1231.0960090391973,1039.8773423725306,0.0,191.21866666666665,833.3333333333334,0.0,833.3333333333333,0.0,0.0,128.0782090391972,4000.3339300408484,4750.333930040848
2025-02-03,68,0.4827,6939.41,6171.0375,1154.8494643249046,999.8736020637301,0.0,154.97586226117448,833.3333333333334,0.0,833.3333333333333,0.0,0.0,38.4781853970635,4750.333930040848,5500.333930040848
2025-02-03,69,0.4785,6906.4448,6571.2444,1156.84026168465,991.2647016207627,0.0,165.57556006388722,833.3333333333334,0.0,833.3333333333333,0.0,0.0,102.06463495409616,5500.333930040848,6250.333930040848
2025-02-03,70,0.4662,6557.1512,6690.5234,1098.3800314343064,937.3998981009729,0.0,160.98013333333347,833.3333333333334,0.0,833.3333333333333,0.0,0.0,126.29526476763976,6250.333930040848,7000.333930040848
2025-02-03,71,0.4432,6179.16,6392.925,1035.860481121628,907.8185931046794,0.0,128.04188801694863,833.3333333333334,0.0,833.3333333333333,0.0,0.0,110.11275977134619,7000.333930040848,7750.333930040848
2025-02-03,72,0.4411,6201.0237,6307.0588,1084.4912623781743,897.929620254993,0.0,186.5616421231813,833.3333333333334,0.0,833.3333333333333,0.0,0.0,82.26880358832614,7750.333930040848,8500.333930040848
2025-02-03,73,0.4551,6283.7355,6314.5621,1097.5717202822516,921.8210119489183,0.0,175.75070833333325,833.3333333333334,0.0,833.3333333333333,0.0,0.0,93.6254452822518,8500.333930040848,9250.333930040848
2025-02-03,74,0.4463,6205.79,6165.9375,1077.185827580905,901.174613692016,0.0,176.01121388888896,833.3333333333334,0.0,833.3333333333333,0.0,0.0,61.19919702534935,9250.333930040848,10000.333930040848
2025-02-03,75,0.4113,6101.8178,5821.1143,1044.8662739633764,885.673708916939,0.0,159.1925650464375,833.3333333333334,0.0,833.3333333333333,0.0,0.0,5.55645891693905,10000.333930040848,10750.333930040848
2025-02-03,76,0.5682,6256.2681,5782.3204,1110.7179616155981,176.95320554170019,0.0,933.764756073898,55.18452217683564,0.0,55.18452217683564,0.0,0.0,42.777400031531144,10750.333930040848,10800.0
2025-02-03,77,0.8279,6478.48,5978.475,307.07284484885196,139.32860022185756,0.0,167.7442446269944,0.0,0.0,0.0,0.0,0.0,55.99443355519088,10800.0,10800.0
2025-02-03,78,0.8636,6326.5879,5853.539,298.5656165380069,147.20014431578466,0.0,151.36547222222225,0.0,0.0,0.0,0.0,0.0,68.35866098245128,10800.0,10800.0
2025-02-03,79,0.8416,6353.2911,5725.7295,290.0933807693559,192.95273076935595,0.0,97.14064999999997,0.0,0.0,0.0,0.0,0.0,88.35913076935594,10800.0,10800.0
2025-02-03,80,0.8618,6521.17,5717.8125,312.68562204671224,174.84731825725035,0.0,137.8383037894619,0.0,0.0,0.0,0.0,0.0,40.95440159058376,10800.0,10800.0
2025-02-03,81,0.8623,6262.9832,5602.8933,360.1636330284579,197.05088825812936,0.0,163.11274477032856,0.0,0.0,0.0,0.0,0.0,87.03590492479589,10800.0,10800.0
2025-02-03,82,0.9026,6229.8159,5440.4246,415.0773477805571,0.0,0.0,415.0773477805571,0.0,214.44562511345126,0.0,131.56521666666652,0.0,0.0,10800.0,10653.816425925927
2025-02-03,83,0.9754,6481.06,5316.1125,0.0,0.0,0.0,0.0,0.0,226.54638176159006,0.0,194.15791666666667,0.0,0.0,10653.816425925927,10438.085407407409
2025-02-03,84,1.0002,6403.1887,5250.4266,0.0,0.0,0.0,0.0,0.0,262.04988335417465,0.0,192.1270166666667,0.0,0.0,10438.085407407409,10224.610944444446
2025-02-03,85,0.9978,6297.0155,5201.1087,0.0,0.0,0.0,0.0,0.0,308.8109418913834,0.0,182.6511333333334,0.0,0.0,10224.610944444446,10021.665240740742
2025-02-03,86,1.0271,6333.33,5073.1125,0.0,0.0,0.0,0.0,0.0,362.029095795955,0.0,210.03625,0.0,0.0,10021.665240740742,9788.291629629632
2025-02-03,87,1.0906,6361.4609,4772.1074,0.0,0.0,0.0,0.0,0.0,394.5003504781116,0.0,264.8922500000001,0.0,0.0,9788.291629629632,9493.96690740741
2025-02-03,88,0.9376,6413.9012,4358.3516,562.1526600580761,0.0,0.0,562.1526600580761,0.0,444.1670584847196,0.0,342.59159999999997,0.0,0.0,9493.96690740741,9113.309574074077
2025-02-03,89,0.6694,6453.94,3956.325,1456.8524691434982,1290.2806552546094,0.0,166.57181388888876,833.3333333333334,0.0,833.3333333333333,0.0,0.0,40.678155254609464,9113.309574074077,9863.309574074077
2025-02-03,90,0.66,6363.6505,3659.4805,1411.7503983228817,1276.6147530885492,0.0,135.13564523433251,833.3333333333334,0.0,825.9197530885492,0.0,1.1368683772161603e-13,0.0,9863.309574074077,10606.637351853771
2025-02-03,91,0.7217,6180.9555,3343.0089,1433.9895178876643,1333.6816242158811,0.0,100.30789367178318,833.3333333333334,0.0,214.84738682914312,0.0,0.0,645.843137386738,10606.637351853771,10800.0
2025-02-03,92,0.7308,6087.24,2974.875,1501.150470329742,835.7282997601294,0.0,665.4221705696125,231.54239120911774,0.0,0.0,0.0,0.0,317.00079976012944,10800.0,10800.0
2025-02-03,93,0.7534,6224.8774,2652.6883,703.0406763912789,630.0497894342409,10.224236461162604,83.21512341820062,0.0,0.0,0.0,0.0,0.0,34.68493943424096,10800.0,10800.0
2025-02-03,94,0.7823,6192.9434,2399.242,757.4018107513789,665.7219151180295,0.0901900212442115,91.77008565459357,0.0,0.0,0.0,0.0,0.0,33.4383484513628,10800.0,10800.0
2025-02-03,95,0.8055,6034.0,2150.4,792.2053388604096,710.9344671409395,1.7092864800612233,82.98015819953127,0.0,0.0,0.0,0.0,0.0,63.667800474272894,10800.0,10800.0
2025-02-03,96,0.8271,6176.3787,1816.569,829.8917394309111,754.4266824864668,26.659942866234587,102.1249998106789,0.0,0.0,0.0,0.0,0.0,27.7917324864668,10800.0,10800.0
2025-02-03,97,0.8519,6286.8491,1470.0177,833.725960011356,794.0135510712713,15.656505464510701,55.368914404595444,0.0,11.7270236250004,0.0,8.791682262061983,0.0,0.0,10800.0,10790.231464153265
2025-02-03,98,0.8791,6225.27,1162.275,871.0675284765726,843.2054223045361,0.0,27.862106172036533,0.0,0.0,0.0,0.0,0.627077695463953,0.0,10790.231464153265,10790.231464153265
2025-02-03,99,0.9024,6188.0451,884.5168,912.7562321840373,909.4021127395928,0.0,3.3541194444445637,14.15369444444434,0.0,10.85392871859464,0.0,0.0,14.626800687664703,10790.231464153265,10800.0
2025-02-03,100,0.9163,6160.8359,633.2179,944.329315902797,935.1480865081691,0.0,9.181229394627962,0.32411249999972824,0.0,0.0,0.0,0.0,13.878419841502364,10800.0,10800.0
2025-02-03,101,0.9264,6129.45,383.2875,1000.1261016176541,995.7732530065431,0.0,4.352848611110971,0.0,0.0,0.0,0.0,0.0,38.07950300654318,10800.0,10800.0
2025-02-03,102,0.9462,6127.4318,124.8732,988.8678042102978,982.9465437329545,0.0,5.921260477343253,0.0,0.0,0.0,0.0,17.479889600378858,0.0,10800.0,10800.0
2025-02-03,103,0.9742,6152.2373,0.0,1000.9182849355911,1000.9182849355911,0.0,0.0,0.0,0.0,0.0,0.0,24.454598397742075,0.0,10800.0,10800.0
2025-02-03,104,0.9862,6224.14,0.0,1043.083868836464,1036.6599299475754,0.0,6.423938888888642,0.0,0.0,0.0,0.0,0.6967367190914047,0.0,10800.0,10800.0
2025-02-03,105,0.976,6233.9384,2.6636,1076.1692346386437,1076.1692346386437,0.0,0.0,0.0,0.0,0.0,0.0,0.0,37.62343463864363,10800.0,10800.0
2025-02-03,106,1.0742,5481.1387,0.0,949.225023923224,946.4719072565573,0.0,2.7531166666666422,0.0,0.0,0.0,0.0,0.0,32.948790589890564,10800.0,10800.0
2025-02-03,107,1.2313,4401.83,0.0,752.0537422697197,751.1360367141642,0.0,0.9177055555554716,0.0,0.0,0.0,0.0,0.0,17.4977033808309,10800.0,10800.0
2025-02-03,108,1.2561,4245.8516,0.1912,716.5753189895687,716.5753189895687,0.0,0.0,0.0,0.0,0.0,0.0,0.0,8.965252322902074,10800.0,10800.0
2025-02-03,109,1.2447,4405.0674,0.0,742.8357701227292,742.8357701227292,0.0,0.0,0.0,0.0,0.0,0.0,0.0,8.65787012272915,10800.0,10800.0
2025-02-03,110,1.2545,4386.01,0.0,720.9565668139531,720.9565668139531,0.0,0.0,0.0,0.0,0.0,0.0,10.04509985271352,0.0,10800.0,10800.0
2025-02-03,111,1.2522,4283.1266,0.0137,752.4523918429663,752.4523918429663,0.0,0.0,0.0,0.0,0.0,0.0,0.0,38.6002418429664,10800.0,10800.0
2025-02-03,112,1.2881,4170.8372,0.0,271.8843868406101,271.8843868406101,0.0,0.0,0.0,461.3245885622082,0.0,423.25514649272327,0.0,0.0,10800.0,10329.716503896974
2025-02-03,113,1.3466,4144.74,0.0,0.0,0.0,0.0,0.0,0.0,723.6390684691133,0.0,690.79,0.0,0.0,10329.716503896974,9562.17205945253
2025-02-03,114,1.3523,4275.9972,0.0,0.0,0.0,0.0,0.0,0.0,753.7546224299499,0.0,712.6662,0.0,0.0,9562.17205945253,8770.320726119196
2025-02-03,115,1.3445,4411.1059,0.0,0.0,0.0,0.0,0.0,0.0,748.0285540800222,0.0,735.1843166666666,0.0,0.0,8770.320726119196,7953.449263156233
2025-02-03,116,1.3483,4428.69,0.0,0.0,0.0,0.0,0.0,0.0,756.148048342816,0.0,738.1149999999999,0.0,0.0,7953.449263156233,7133.321485378456
2025-02-03,117,1.349,4335.9206,0.0,0.0,0.0,0.0,0.0,0.0,761.5006261034459,0.0,722.6534333333334,0.0,0.0,7133.321485378456,6330.373226119196
2025-02-03,118,1.3473,4291.4631,0.0,0.0,0.0,0.0,0.0,0.0,745.8358350292355,0.0,715.24385,0.0,0.0,6330.373226119196,5535.657837230307
2025-02-03,119,1.3482,4306.97,0.0,0.0,0.0,0.0,0.0,0.0,750.2728769943891,0.0,717.8283333333334,0.0,0.0,5535.657837230307,4738.070800193271
2025-02-03,120,1.3513,4269.9239,0.0,0.0,0.0,0.0,0.0,0.0,742.3984224850461,0.0,711.6539833333333,0.0,0.0,4738.070800193271,3947.344152045123
2025-02-03,121,1.34,4298.3288,0.0,0.0,0.0,0.0,0.0,0.0,741.1988138742367,0.0,716.3881333333334,0.0,0.0,3947.344152045123,3151.357337230308
2025-02-03,122,1.3489,4377.61,0.0,0.0,0.0,0.0,0.0,0.0,725.7722714198566,0.0,725.7722714198566,3.8293952468100088,0.0,3151.357337230308,2344.9437023193564
2025-02-03,123,1.3952,4344.978,0.0,0.0,0.0,0.0,0.0,0.0,730.1262722096798,0.0,724.163,0.0,0.0,2344.9437023193564,1540.3181467638008
2025-02-03,124,1.2226,4218.956,0.0,738.6564738015705,738.6564738015705,0.0,0.0,0.0,0.0,0.0,0.0,0.0,35.49714046823715,1540.3181467638008,1540.3181467638008
2025-02-03,125,0.9332,4184.9,0.0,734.0505688720497,734.0505688720497,0.0,0.0,0.0,0.0,0.0,0.0,0.0,36.56723553871643,1540.3181467638008,1540.3181467638008
2025-02-03,126,0.9068,4391.6678,0.0,739.9953668001446,739.9953668001446,0.0,0.0,0.0,0.0,0.0,0.0,0.0,8.050733466811153,1540.3181467638008,1540.3181467638008
2025-02-03,127,0.9371,4394.6789,0.0,745.7815495329927,745.7815495329927,0.0,0.0,0.0,0.0,0.0,0.0,0.0,13.335066199659423,1540.3181467638008,1540.3181467638008
2025-02-03,128,0.9371,4285.05,0.0,754.290762935454,754.290762935454,0.0,0.0,0.0,0.0,0.0,0.0,0.0,40.11576293545397,1540.3181467638008,1540.3181467638008
2025-02-03,129,0.9871,4493.1038,0.0,788.5856378937647,788.5856378937647,0.0,0.0,0.0,0.0,0.0,0.0,0.0,39.73500456043132,1540.3181467638008,1540.3181467638008
2025-02-03,130,0.7764,4123.8497,0.0,722.2403036866657,722.2403036866657,0.0,0.0,0.0,0.0,0.0,0.0,0.0,34.932020353332405,1540.3181467638008,1540.3181467638008
2025-02-03,131,0.4209,3293.37,0.0,618.6930446999637,618.6930446999637,0.0,0.0,0.0,0.0,0.0,0.0,0.0,69.79804469996373,1540.3181467638008,1540.3181467638008
2025-02-03,132,0.3859,3105.1174,0.0,586.5243855766774,586.5243855766774,0.0,0.0,0.0,0.0,0.0,0.0,0.0,69.00481891001073,1540.3181467638008,1540.3181467638008
2025-02-03,133,0.4368,3229.5907,0.0,584.1167691064346,584.1167691064346,0.0,0.0,0.0,0.0,0.0,0.0,0.0,45.85165243976792,1540.3181467638008,1540.3181467638008
2025-02-03,134,0.4198,3357.66,0.0,594.2159032985265,594.2159032985265,0.0,0.0,0.0,0.0,0.0,0.0,0.0,34.60590329852653,1540.3181467638008,1540.3181467638008
2025-02-03,135,0.4186,3501.5761,0.0,582.3203925810699,582.3203925810699,0.0,0.0,0.0,0.0,0.0,0.0,1.27562408559686,0.0,1540.3181467638008,1540.3181467638008
2025-02-03,136,0.4241,3407.5277,0.0,573.8712158077167,573.8712158077167,0.0,0.0,0.0,0.0,0.0,0.0,0.0,5.949932474383331,1540.3181467638008,1540.3181467638008
2025-02-03,137,0.4237,3255.72,0.0,574.725595099382,574.725595099382,0.0,0.0,0.0,0.0,0.0,0.0,0.0,32.10559509938196,1540.3181467638008,1540.3181467638008
2025-02-03,138,0.4248,3462.0944,0.0,588.8812865432666,588.8812865432666,0.0,0.0,3.180326372624147e-14,0.0,3.180326372624147e-14,0.0,0.0,11.865553209933264,1540.3181467638008,1540.3181467638008
2025-02-03,139,0.424,3405.4182,0.0,612.2559588180342,612.2559588180342,0.0,0.0,1.8070036208091743e-14,0.0,1.8070036208091743e-14,0.0,0.0,44.68625881803414,1540.3181467638008,1540.3181467638008
2025-02-03,140,0.422,3093.7,0.0,613.6677858858985,613.6677858858985,0.0,0.0,0.0,0.0,0.0,0.0,0.0,98.05111921923185,1540.3181467638008,1540.3181467638008
2025-02-03,141,0.424,3198.8987,0.0,614.3630824741118,614.3630824741118,0.0,0.0,0.0,0.0,0.0,0.0,0.0,81.21329914077842,1540.3181467638008,1540.3181467638008
2025-02-03,142,0.4271,3477.1602,0.0,624.4557943511005,624.4557943511005,0.0,0.0,0.0,0.0,0.0,0.0,0.0,44.9290943511005,1540.3181467638008,1540.3181467638008
2025-02-03,143,0.4276,3553.22,0.0,589.6373884118829,589.6373884118829,0.0,0.0,0.0,0.0,0.0,0.0,2.5659449214504093,0.0,1540.3181467638008,1540.3181467638008
2025-02-04,0,0.4248,3336.6152,0.0,1446.2749713799667,1446.2749713799667,0.0,0.0,833.3333333333334,0.0,833.3333333333333,0.0,0.0,56.83910471330012,1540.3181467638008,2290.3181467638005
2025-02-04,1,0.4245,3408.8996,0.0,1458.9616652142593,1458.9616652142593,0.0,0.0,833.3333333333334,0.0,833.3333333333333,0.0,0.0,57.47839854759263,2290.3181467638005,3040.3181467638005
2025-02-04,2,0.4269,3660.38,0.0,1454.28392172016,1454.28392172016,0.0,0.0,833.3333333333334,0.0,833.3333333333333,0.0,0.0,10.887255053493277,3040.3181467638005,3790.3181467638005
2025-02-04,3,0.4272,3443.381,0.0,1450.7157454256699,1450.7157454256699,0.0,0.0,833.3333333333334,0.0,833.3333333333333,0.0,0.0,43.48557875900326,3790.3181467638005,4540.3181467638005
2025-02-04,4,0.4271,3357.9047,0.0,1462.0852312716802,1462.0852312716802,0.0,0.0,833.3333333333334,0.0,833.3333333333333,0.0,0.0,69.10111460501355,4540.3181467638005,5290.3181467638005
2025-02-04,5,0.4285,3581.83,0.0,1482.9750480602274,1482.9750480602274,0.0,0.0,833.3333333333334,0.0,833.3333333333333,0.0,0.0,52.67004806022749,5290.3181467638005,6040.3181467638005
2025-02-04,6,0.4311,3660.2306,0.0,635.5502445435017,635.5502445435017,0.0,0.0,0.0,0.0,0.0,0.0,0.0,25.51181121016839,6040.3181467638005,6040.3181467638005
2025-02-04,7,0.4302,3584.7198,0.0,636.6905808575807,636.6905808575807,0.0,0.0,0.0,0.0,0.0,0.0,0.0,39.237280857580686,6040.3181467638005,6040.3181467638005
2025-02-04,8,0.4279,3554.88,0.0,1527.745107449341,1527.745107449341,0.0,0.0,833.3333333333334,0.0,833.3333333333333,0.0,0.0,101.93177411600777,6040.3181467638005,6790.3181467638005
2025-02-04,9,0.4312,3732.4547,0.0,1486.726159004325,1486.726159004325,0.0,0.0,833.3333333333334,0.0,833.3333333333333,0.0,0.0,31.317042337658336,6790.3181467638005,7540.3181467638005
2025-02-04,10,0.4333,3792.5835,0.0,639.5477689755022,639.5477689755022,0.0,0.0,0.0,0.0,0.0,0.0,0.0,7.4505189755021775,7540.3181467638005,7540.3181467638005
2025-02-04,11,0.4311,3683.77,0.0,1534.2566686699647,1534.2566686699647,0.0,0.0,833.3333333333334,0.0,833.3333333333333,0.0,0.0,86.96166866996475,7540.3181467638005,8290.3181467638
2025-02-04,12,0.4293,3679.2392,0.0,1481.202211138449,1481.202211138449,0.0,0.0,833.3333333333334,0.0,833.3333333333333,0.0,0.0,34.662344471782376,8290.3181467638,9040.3181467638
2025-02-04,13,0.4324,3765.887,0.0,649.4315058192335,649.4315058192335,0.0,0.0,0.0,0.0,0.0,0.0,0.0,21.783672485900183,9040.3181467638,9040.3181467638
2025-02-04,14,0.4367,3825.6,0.0,667.4510053943861,667.4510053943861,0.0,0.0,0.0,0.0,0.0,0.0,0.0,29.851005394386107,9040.3181467638,9040.3181467638
2025-02-04,15,0.4348,3781.583,0.0,657.7330799999207,657.7330799999207,0.0,0.0,0.0,0.0,0.0,0.0,0.0,27.469246666587424,9040.3181467638,9040.3181467638
2025-02-04,16,0.4335,3823.7076,0.0,665.291625034871,665.291625034871,0.0,0.0,0.0,0.0,0.0,0.0,0.0,28.007025034870935,9040.3181467638,9040.3181467638
2025-02-04,17,0.4357,3869.66,0.0,701.9872259765901,701.9872259765901,0.0,0.0,0.0,0.0,0.0,0.0,0.0,57.04389264325687,9040.3181467638,9040.3181467638
2025-02-04,18,0.4374,3676.6709,0.0,667.4228636416132,667.4228636416132,0.0,0.0,0.0,0.0,0.0,0.0,0.0,54.64438030827978,9040.3181467638,9040.3181467638
2025-02-04,19,0.4371,3690.3593,0.0,662.3992295695946,662.3992295695946,0.0,0.0,1.6917783271996818e-12,0.0,1.6917783271996818e-12,0.0,0.0,47.339346236259544,9040.3181467638,9040.318146763802
2025-02-04,20,0.4356,3929.86,0.0,701.7502371574984,701.7502371574984,0.0,0.0,0.0,0.0,0.0,0.0,0.0,46.77357049083173,9040.318146763802,9040.318146763802
2025-02-04,21,0.4353,3947.2932,0.0,678.508567410956,678.508567410956,0.0,0.0,0.0,0.0,0.0,0.0,0.0,20.626367410955936,9040.318146763802,9040.318146763802
2025-02-04,22,0.436,3832.9804,0.0,667.0567484211533,667.0567484211533,0.0,0.0,0.0,0.0,0.0,0.0,0.0,28.226681754486663,9040.318146763802,9040.318146763802
2025-02-04,23,0.4378,3750.74,0.0,979.5992576940637,979.5992576940637,0.0,0.0,288.5353924846666,0.0,288.5353924846666,0.0,0.0,65.94053187606374,9040.318146763802,9300.000000000002
2025-02-04,24,0.4401,3770.2417,0.0,688.247165155406,688.247165155406,0.0,0.0,0.0,0.0,0.0,0.0,0.0,59.8735484887394,9300.000000000002,9300.000000000002
2025-02-04,25,0.4389,3855.8012,0.0,712.6035564638568,712.6035564638568,0.0,0.0,0.0,0.0,0.0,0.0,0.0,69.97002313052349,9300.000000000002,9300.000000000002
2025-02-04,26,0.4364,3958.72,0.0,753.6396087587707,753.6396087587707,0.0,0.0,0.0,0.0,0.0,0.0,0.0,93.85294209210406,9300.000000000002,9300.000000000002
2025-02-04,27,0.4393,4026.6169,0.0,711.2366723388624,711.2366723388624,0.0,0.0,0.0,0.0,0.0,0.0,0.0,40.13385567219575,9300.000000000002,9300.000000000002
2025-02-04,28,0.4422,3951.1382,0.0,684.4279159585595,684.4279159585595,0.0,0.0,0.0,0.0,0.0,0.0,0.0,25.904882625226264,9300.000000000002,9300.000000000002
2025-02-04,29,0.4395,3816.31,0.0,675.2482867275008,675.2482867275008,0.0,0.0,0.0,0.0,0.0,0.0,0.0,39.19662006083422,9300.000000000002,9300.000000000002
2025-02-04,30,0.4333,3849.5351,0.0,704.9430470829653,704.9430470829653,0.0,0.0,0.0,0.0,0.0,0.0,0.0,63.353863749631955,9300.000000000002,9300.000000000002
2025-02-04,31,0.4439,4019.7327,0.0059,761.4554054631403,761.4554054631403,0.0,0.0,0.0,0.0,0.0,0.0,0.0,91.50093879647363,9300.000000000002,9300.000000000002
2025-02-04,32,0.4301,4093.72,0.0,1588.3800203222413,1588.3800203222413,0.0,0.0,833.3333333333334,0.0,833.3333333333333,0.0,0.0,72.76002032224142,9300.000000000002,10050.000000000002
2025-02-04,33,0.3713,3932.184,0.0,1513.427852746137,1513.427852746137,0.0,0.0,833.3333333333334,0.0,833.3333333333313,0.0,0.0,24.73051941280562,10050.000000000002,10800.0
2025-02-04,34,0.5708,4266.4029,0.0827,759.009065919027,759.009065919027,0.0,0.0,0.0,0.0,0.0,0.0,0.0,47.95569925236032,10800.0,10800.0
2025-02-04,35,0.9099,5006.39,0.0,904.9795050395516,904.9795050395516,0.0,0.0,0.0,0.0,0.0,0.0,0.0,70.58117170621813,10800.0,10800.0
2025-02-04,36,0.9368,5278.7665,0.0,240.348576259085,240.348576259085,0.0,0.0,0.0,674.7691625000014,0.0,639.4458404075816,0.0,0.0,10800.0,10089.504621769354
2025-02-04,37,0.8758,5233.1418,1.1512,896.1991482100319,896.1991482100319,0.0,0.0,0.0,0.0,0.0,0.0,0.0,24.2007148766985,10089.504621769354,10089.504621769354
2025-02-04,38,0.8759,5171.74,0.0,905.9647856227319,904.8105981227319,0.0,1.1541875000000346,0.0,0.0,0.0,0.0,0.0,42.85393145606531,10089.504621769354,10089.504621769354
2025-02-04,39,0.8601,5211.4822,7.5892,907.4370398104771,907.4370398104771,0.0,0.0,0.0,0.7924486111110127,0.0,0.0,0.0,40.12153981047709,10089.504621769354,10089.504621769354
2025-02-04,40,0.8442,5197.2767,126.7966,889.9420948299065,889.9420948299065,0.0,0.0,0.0,0.0,0.0,0.0,0.0,44.862078163239744,10089.504621769354,10089.504621769354
2025-02-04,41,0.8334,5156.16,357.1875,868.008420556786,864.6388150012303,0.0,3.3696055555556086,0.0,0.0,0.0,0.0,0.0,64.81006500123033,10089.504621769354,10089.504621769354
2025-02-04,42,0.8092,5263.4876,594.9953,822.9893824419397,822.7870797450337,0.0,0.2023026969060311,2.1808813443102633,0.0,2.1808813443102633,0.0,0.0,42.52414840072332,10089.504621769354,10091.467414979234
2025-02-04,43,0.7972,5302.4221,828.3739,785.1076875022692,778.8092364275744,0.0,6.2984510746947535,0.0,0.0,0.0,0.0,0.0,33.13453642757452,10091.467414979234,10091.467414979234
2025-02-04,44,0.7644,5183.34,1076.025,720.5693999263859,720.5693999263859,0.0,0.0,0.0,1.204902777777761,0.0,0.0,0.0,36.01689992638592,10091.467414979234,10091.467414979234
2025-02-04,45,0.6899,5167.5228,1366.2611,1575.829109070824,1562.0980646263795,0.0,13.731044444444478,833.3333333333334,0.0,787.2584278008516,0.0,0.0,141.29602015886132,10091.467414979234,10800.0
2025-02-04,46,0.86,5950.1372,1736.4608,730.5537768194905,723.9822431572426,0.0,6.57153366224793,0.0,0.0,0.0,0.0,0.0,21.702843157242683,10800.0,10800.0
2025-02-04,47,1.1617,7018.49,2120.2125,81.40471512264412,81.40471512264412,0.0,0.0,0.0,804.6178412707703,0.0,734.974868210689,0.0,0.0,10800.0,9983.361257543678
2025-02-04,48,1.1683,7090.5435,2406.8488,26.012342373656338,23.722785934546323,0.0,2.289556439110015,0.0,799.2678244946655,0.0,756.8929973987867,0.0,0.0,9983.361257543678,9142.369038211693
2025-02-04,49,1.0956,7014.7406,2723.6964,0.0,0.0,0.0,0.0,0.0,729.8323689679238,0.0,715.1740333333335,0.0,0.0,9142.369038211693,8347.731223396879
2025-02-04,50,1.0849,7107.25,3055.425,0.0,0.0,0.0,0.0,0.0,719.8256912267757,0.0,675.3041666666668,0.0,0.0,8347.731223396879,7597.393260433915
2025-02-04,51,1.061,6866.4316,3241.1742,0.0,0.0,0.0,0.0,0.0,721.2911503130239,0.0,604.2095666666667,0.0,0.0,7597.393260433915,6926.049297470952
2025-02-04,52,1.043,6803.4191,3350.9185,0.0,0.0,0.0,0.0,0.0,670.4991869670611,0.0,575.4167666666666,0.0,0.0,6926.049297470952,6286.69733450799
2025-02-04,53,1.036,6936.35,3507.075,0.0,0.0,0.0,0.0,0.0,618.5896675354953,0.0,571.5458333333335,0.0,0.0,6286.69733450799,5651.6464085820635
2025-02-04,54,1.0147,6781.4388,3778.7916,0.0,0.0,0.0,0.0,0.0,594.6641570330733,0.0,500.4412000000001,0.0,0.0,5651.6464085820635,5095.600630804285
2025-02-04,55,0.9922,6844.4418,4056.4275,0.0,0.0,0.0,0.0,0.0,554.4761903553253,0.0,464.66904999999997,0.0,0.0,5095.600630804285,4579.3016863598405
2025-02-04,56,0.97,7091.32,4283.2875,0.0,0.0,0.0,0.0,0.0,460.3156988370024,0.0,460.3156988370024,7.689717829664119,0.0,4579.3016863598405,4067.839798763171
2025-02-04,57,0.9422,6956.5717,4513.6455,455.0185768404205,451.1164313428843,0.0,3.902145497536196,3.180326372624147e-14,0.0,3.180326372624147e-14,0.0,0.0,43.96206467621752,4067.839798763171,4067.839798763171
2025-02-04,58,0.9569,6902.3983,4845.9046,0.0,0.0,0.0,0.0,0.0,419.94563488355533,0.0,342.7489499999999,0.0,0.0,4067.839798763171,3687.0076320965045
2025-02-04,59,0.9977,7008.47,5172.1125,0.0,0.0,0.0,0.0,0.0,365.088612012655,0.0,306.0595833333333,0.0,0.0,3687.0076320965045,3346.941428392801
2025-02-04,60,0.9919,6860.5501,5272.3218,0.0,0.0,0.0,0.0,0.0,305.0164463025846,0.0,264.70471666666685,0.0,0.0,3346.941428392801,3052.825076540949
2025-02-04,61,0.9588,6654.4937,5335.2866,0.0,0.0,0.0,0.0,0.0,285.6776671305133,0.0,219.86784999999998,0.0,0.0,3052.825076540949,2808.527465429838
2025-02-04,62,0.9549,6584.89,5459.1375,80.36247201263731,80.36247201263731,0.0,0.0,0.0,225.9637803155666,0.0,107.26294465402952,0.0,0.0,2808.527465429838,2689.346415814249
2025-02-04,63,0.9839,6642.6662,5583.587,0.0,0.0,0.0,0.0,0.0,306.5791998137718,0.0,176.51319999999998,0.0,0.0,2689.346415814249,2493.2206380364714
2025-02-04,64,0.799,6658.1956,5786.4603,215.76416921882569,215.76416921882569,0.0,0.0,0.0,58.34888254023687,0.0,0.0,0.0,70.47495255215881,2493.2206380364714,2493.2206380364714
2025-02-04,65,0.5025,6661.16,5979.3375,1132.7447768089664,1100.5616406978552,0.0,32.18313611111125,833.3333333333334,0.0,833.3333333333333,0.0,0.0,153.59122403118863,2493.2206380364714,3243.2206380364714
2025-02-04,66,0.4662,6817.0111,5986.7045,1182.7147535925403,1154.179188314762,0.0,28.535565277778232,833.3333333333334,0.0,833.3333333333333,0.0,0.0,182.46142164809567,3243.2206380364714,3993.2206380364714
2025-02-04,67,0.5007,6894.0265,6080.1713,1176.5309738683327,1140.5672113683327,0.0,35.96376250000003,833.3333333333334,0.0,833.3333333333333,0.0,0.0,171.59134470166623,3993.2206380364714,4743.220638036471
2025-02-04,68,0.4827,6796.52,6277.4625,1102.6651881515506,1069.6624346559656,0.0,33.00275349558501,833.3333333333334,0.0,833.3333333333333,0.0,0.0,149.81951798929867,4743.220638036471,5493.220638036471
2025-02-04,69,0.4785,6645.9327,6348.2126,1131.3427651811453,1080.5226082367008,0.0,50.820156944444534,833.3333333333334,0.0,833.3333333333333,0.0,0.0,197.569258236701,5493.220638036471,6243.220638036471
2025-02-04,70,0.4662,6480.662,6522.8243,1076.312100182112,1018.0637460154452,0.0,58.2483541666669,833.3333333333334,0.0,833.3333333333333,0.0,0.0,191.75746268211196,6243.220638036471,6993.220638036471
2025-02-04,71,0.4432,6320.63,6731.0625,981.6224257882725,890.346073365432,0.0,91.27635242284055,833.3333333333334,0.0,833.3333333333333,0.0,0.0,125.41815669876542,6993.220638036471,7743.220638036471
2025-02-04,72,0.4411,6209.727,6646.6468,1036.1165399524461,815.6493138979371,0.0,220.46722605450907,833.3333333333334,0.0,833.3333333333333,0.0,0.0,55.13594723127062,7743.220638036471,8493.220638036471
2025-02-04,73,0.4551,6256.7548,6582.2061,1076.0774567007443,886.1108608674111,0.0,189.96659583333314,833.3333333333334,0.0,833.3333333333333,0.0,0.0,107.01941086741135,8493.220638036471,9243.220638036471
2025-02-04,74,0.4463,6328.33,6641.625,1051.3706279658668,863.8753460214223,0.0,187.4952819444445,833.3333333333334,0.0,833.3333333333333,0.0,0.0,82.75784602142244,9243.220638036471,9993.220638036471
2025-02-04,75,0.4113,6200.3562,6584.2747,1025.996736606232,861.5496118563885,0.0,164.4471247498434,833.3333333333334,0.0,833.3333333333333,0.0,0.0,92.20269518972191,9993.220638036471,10743.220638036471
2025-02-04,76,0.5682,6293.9794,6296.0901,1112.444092984242,168.42756135965135,0.0,944.0165316245906,63.08817995947619,0.0,63.08817995947619,0.0,0.0,105.69116473350833,10743.220638036471,10800.0
2025-02-04,77,0.8279,6618.01,5978.025,289.4830775329113,139.96960443420707,0.0,149.51347309870422,0.0,0.0,0.0,0.0,0.0,33.3054377675403,10800.0,10800.0
2025-02-04,78,0.8636,6718.4247,5907.3222,310.31908464812585,143.9454696122431,0.0,166.37361503588275,0.0,0.0,0.0,0.0,0.0,8.761719612243269,10800.0,10800.0
2025-02-04,79,0.8416,6597.753,5584.6107,315.9701693129726,216.13206514630596,0.0,99.83810416666662,0.0,0.0,0.0,0.0,0.0,47.27501514630603,10800.0,10800.0
2025-02-04,80,0.8618,6423.21,5117.325,357.37648242478434,261.3159548899007,0.0,96.06052753488365,0.0,0.0,0.0,0.0,0.0,43.66845488990043,10800.0,10800.0
2025-02-04,81,0.8623,6352.032,5132.4251,384.7597353903528,239.11144143385886,0.0,145.64829395649392,0.0,8.88511168616543,0.0,0.0,0.0,35.843624767192296,10800.0,10800.0
2025-02-04,82,0.9026,6325.483,5142.6718,420.76909797626405,0.0,0.0,420.76909797626405,0.0,261.0104461424914,0.0,197.13520000000005,0.0,0.0,10800.0,10580.960888888889
2025-02-04,83,0.9754,6248.34,4915.1625,0.0,0.0,0.0,0.0,0.0,286.1994106823222,0.0,222.19625000000008,0.0,0.0,10580.960888888889,10334.076166666666
2025-02-04,84,1.0002,6108.216,4691.1586,0.0,0.0,0.0,0.0,0.0,305.94657536684264,0.0,236.17623333333347,0.0,0.0,10334.076166666666,10071.658129629628
2025-02-04,85,0.9978,6136.0102,4446.0101,0.0,0.0,0.0,0.0,0.0,348.96279908596244,0.0,281.66668333333325,0.0,0.0,10071.658129629628,9758.695148148146
2025-02-04,86,1.0271,6257.19,4180.9125,0.0,0.0,0.0,0.0,0.0,418.82959524089733,0.0,346.04625,0.0,0.0,9758.695148148146,9374.199314814814
2025-02-04,87,1.0906,6169.689,3964.1043,0.0,0.0,0.0,0.0,0.0,455.60049937642907,0.0,367.5974500000001,0.0,0.0,9374.199314814814,8965.757703703703
2025-02-04,88,0.9376,6114.5243,3740.4133,452.7542786637352,0.0,0.0,452.7542786637352,0.0,493.54860769240867,0.0,395.68516666666665,0.0,0.0,8965.757703703703,8526.107518518518
2025-02-04,89,0.6694,6222.22,3457.275,1645.0378143702842,1344.4750727036171,0.0,300.5627416666671,833.3333333333334,0.0,833.3333333333333,0.0,0.0,50.317572703617316,8526.107518518518,9276.107518518518
2025-02-04,90,0.66,6359.7027,3141.0618,1633.1026509184383,1356.3002275955564,0.0,276.80242332288185,833.3333333333334,0.0,819.8600775955563,0.0,0.0,0.0,9276.107518518518,10013.98158835452
2025-02-04,91,0.7217,6350.3532,2982.7633,1632.8603952727906,1380.4753816126774,0.0,252.38501366011315,833.3333333333334,0.0,819.2103982793442,0.0,5.684341886080802e-14,0.0,10013.98158835452,10751.27094680593
2025-02-04,92,0.7308,6230.05,2919.15,1661.0102977934785,1310.0461632042761,0.0,350.96413458920233,683.9296855228612,0.0,54.14339243785636,0.0,0.0,704.0861040997531,10751.27094680593,10800.0
2025-02-04,93,0.7534,6193.8356,2689.6879,1720.161704699388,654.4873187406262,0.0,1065.6743859587618,0.0,0.0,0.0,0.0,0.0,70.46270207395946,10800.0,10800.0
2025-02-04,94,0.7823,6193.6116,2416.5705,892.4103984907828,692.124362836189,0.0,200.28603565459377,0.0,0.0,0.0,0.0,0.0,62.61751283618878,10800.0,10800.0
2025-02-04,95,0.8055,6180.26,2138.25,885.8176706995686,697.9594415343105,0.0,187.85822916525808,0.0,0.0,0.0,0.0,0.0,24.291108200977078,10800.0,10800.0
2025-02-04,96,0.8271,6168.6792,1765.9774,901.1191179796228,706.7774209467216,0.0,194.34169703290127,0.0,9.191799810679186,0.0,9.191799810679186,17.81441257593258,0.0,10800.0,10789.786889099245
2025-02-04,97,0.8519,6178.8633,1426.8934,903.6362547224438,793.7523697110872,0.0,109.8838850113566,8.446028542625486,0.0,1.7573863777540737,0.0,1.1368683772161603e-13,0.0,10789.786889099245,10791.368536839223
2025-02-04,98,0.8791,6181.13,1168.425,943.625298184239,841.6254016521113,0.0,101.99989653212765,5.253082984304418e-13,0.0,5.253082984304418e-13,0.0,0.0,6.174568318777504,10791.368536839223,10791.368536839223
2025-02-04,99,0.9024,6133.0318,917.4872,975.7384865316291,903.8276631565094,0.0,71.91082337511966,2.9018724582137008,0.0,2.9018724582137008,0.0,0.0,31.66835736496226,10791.368536839223,10793.980222051616
2025-02-04,100,0.9163,6135.5204,661.4254,987.2344269231622,935.0369560898289,0.0,52.19747083333334,0.0,0.0,0.0,0.0,0.0,22.687789423162144,10793.980222051616,10793.980222051616
2025-02-04,101,0.9264,6175.61,397.5,1014.8208071191256,976.6009182302365,0.0,38.219888888889045,0.0,0.0,0.0,0.0,0.0,13.5825848969032,10793.980222051616,10793.980222051616
2025-02-04,102,0.9462,6129.0218,142.1877,1022.4578002298075,1016.304382130621,0.0,6.153418099186524,0.0,0.0,0.0,0.0,0.0,18.498698797287602,10793.980222051616,10793.980222051616
2025-02-04,103,0.9742,6031.0407,9.5039,1046.5579800027751,1042.6717217232595,0.0,3.886258279515687,0.0,0.0,0.0,0.0,0.0,39.082255056593,10793.980222051616,10793.980222051616
2025-02-04,104,0.9862,6035.4,0.0,1054.6119373317495,1040.9193671063963,0.0,13.692570225353165,0.0,0.0,0.0,0.0,0.0,35.01936710639632,10793.980222051616,10793.980222051616
2025-02-04,105,0.976,6148.7496,1.1606,1092.2339452980493,1081.9558689091607,0.0,10.278076388888621,0.0,0.0,0.0,0.0,0.0,57.35770224249404,10793.980222051616,10793.980222051616
2025-02-04,106,1.0742,5538.9329,0.0,964.4457078967117,957.6603037300451,0.0,6.785404166666581,0.0,0.0,0.0,0.0,0.0,34.50482039671181,10793.980222051616,10793.980222051616
2025-02-04,107,1.2313,4463.38,0.0,760.4141946394006,758.3585793616209,0.0,2.0556152777797934,0.0,0.0,0.0,0.0,0.0,14.461912694954208,10793.980222051616,10793.980222051616
2025-02-04,108,1.2561,4112.4403,0.0833,718.0640970842901,718.0640970842901,0.0,0.0,0.0,0.0,0.0,0.0,0.0,32.671263750956655,10793.980222051616,10793.980222051616
2025-02-04,109,1.2447,4217.346,0.0,753.2517717066854,753.2517717066854,0.0,0.0,0.0,0.0,0.0,0.0,0.0,50.360771706685455,10793.980222051616,10793.980222051616
2025-02-04,110,1.2545,4351.89,0.0,741.4198801803542,741.4198801803542,0.0,0.0,0.0,0.0,0.0,0.0,0.0,16.104880180354144,10793.980222051616,10793.980222051616
2025-02-04,111,1.2522,4357.6076,0.006,725.2321192318453,725.2321192318453,0.0,0.0,0.0,0.0,0.0,0.0,1.0348141014880858,0.0,10793.980222051616,10793.980222051616
2025-02-04,112,1.2881,4262.4012,0.0,239.42377594394821,239.42377594394821,0.0,0.0,0.0,471.95116688145487,0.0,470.9764240560518,0.0,0.0,10793.980222051616,10270.673084211558
2025-02-04,113,1.3466,4181.72,0.0,0.0,0.0,0.0,0.0,0.0,722.9807851691572,0.0,696.9533333333334,0.0,0.0,10270.673084211558,9496.280491618965
2025-02-04,114,1.3523,4222.2926,0.0,0.0,0.0,0.0,0.0,0.0,717.9858848395171,0.0,703.7154333333333,0.0,0.0,9496.280491618965,8714.374454581928
2025-02-04,115,1.3445,4284.4862,0.0,0.0,0.0,0.0,0.0,0.0,740.5179406827657,0.0,714.0810333333334,0.0,0.0,8714.374454581928,7920.951084211558
2025-02-04,116,1.3483,4263.96,0.0,0.0,0.0,0.0,0.0,0.0,761.8656070897895,0.0,710.66,0.0,0.0,7920.951084211558,7131.328861989336
2025-02-04,117,1.349,4181.9588,0.0,0.0,0.0,0.0,0.0,0.0,754.7260143931852,0.0,696.9931333333334,0.0,0.0,7131.328861989336,6356.8920471745205
2025-02-04,118,1.3473,4346.2639,0.0,0.0,0.0,0.0,0.0,0.0,745.5049716314219,0.0,724.3773166666666,0.0,0.0,6356.8920471745205,5552.028361989335
2025-02-04,119,1.3482,4535.91,0.0,0.0,0.0,0.0,0.0,0.0,742.4400188394457,0.0,742.4400188394457,13.544981160554357,0.0,5552.028361989335,4727.095007723285
2025-02-04,120,1.3513,4223.1693,0.0,0.0,0.0,0.0,0.0,0.0,743.8822207019075,0.0,703.86155,0.0,0.0,4727.095007723285,3945.026618834396
2025-02-04,121,1.34,4022.6749,0.0,0.0,0.0,0.0,0.0,0.0,740.8277290421755,0.0,670.4458166666667,0.0,0.0,3945.026618834396,3200.0868225380996
2025-02-04,122,1.3489,4158.1,0.0,0.0,0.0,0.0,0.0,0.0,757.238882337765,0.0,693.0166666666668,0.0,0.0,3200.0868225380996,2430.068304019581
2025-02-04,123,1.3952,4261.6649,0.0,0.0,0.0,0.0,0.0,0.0,734.6609782378681,0.0,710.2774833333333,0.0,0.0,2430.068304019581,1640.8711003158774
2025-02-04,124,1.2226,4328.0016,0.0,723.808921605042,723.808921605042,0.0,0.0,0.0,0.0,0.0,0.0,0.0,2.4753216050420406,1640.8711003158774,1640.8711003158774
2025-02-04,125,0.9332,4351.03,0.0,733.0047960546107,733.0047960546107,0.0,0.0,0.0,0.0,0.0,0.0,0.0,7.833129387944041,1640.8711003158774,1640.8711003158774
2025-02-04,126,0.9068,4270.9124,0.0,747.2887464592121,747.2887464592121,0.0,0.0,0.0,0.0,0.0,0.0,0.0,35.47001312587872,1640.8711003158774,1640.8711003158774
2025-02-04,127,0.9371,4206.0606,0.0,736.8641347770525,736.8641347770525,0.0,0.0,0.0,0.0,0.0,0.0,0.0,35.85403477705256,1640.8711003158774,1640.8711003158774
2025-02-04,128,0.9371,4274.9,0.0,732.3052017182758,732.3052017182758,0.0,0.0,0.0,0.0,0.0,0.0,0.0,19.821868384942604,1640.8711003158774,1640.8711003158774
2025-02-04,129,0.9871,4401.7238,0.0,785.7904238597115,785.7904238597115,0.0,0.0,0.0,0.0,0.0,0.0,0.0,52.169790526378165,1640.8711003158774,1640.8711003158774
2025-02-04,130,0.7764,3964.2736,0.0,731.0894630734628,731.0894630734628,0.0,0.0,0.0,0.0,0.0,0.0,0.0,70.37719640679609,1640.8711003158774,1640.8711003158774
2025-02-04,131,0.4209,3283.33,0.0,601.4595534678984,601.4595534678984,0.0,0.0,0.0,0.0,0.0,0.0,0.0,54.23788680123175,1640.8711003158774,1640.8711003158774
2025-02-04,132,0.3859,3361.1725,0.0,545.7066379502062,545.7066379502062,0.0,0.0,2.1583084255322542e-14,0.0,0.0,0.0,14.488778716460502,0.0,1640.8711003158774,1640.8711003158774
2025-02-04,133,0.4368,3631.4896,0.0,536.4262026978585,536.4262026978585,0.0,0.0,0.0,0.0,0.0,0.0,68.82206396880815,0.0,1640.8711003158774,1640.8711003158774
2025-02-04,134,0.4198,3627.17,0.0,539.0279046935729,539.0279046935729,0.0,0.0,0.0,0.0,0.0,0.0,65.50042863976046,0.0,1640.8711003158774,1640.8711003158774
2025-02-04,135,0.4186,3432.9369,0.0,582.0793000379712,582.0793000379712,0.0,0.0,2.1684043449710092e-14,0.0,2.1684043449710092e-14,0.0,0.0,9.92315003797112,1640.8711003158774,1640.8711003158774
2025-02-04,136,0.4241,3316.671,0.0,592.7567901611757,592.7567901611757,0.0,0.0,0.0,0.0,0.0,0.0,0.0,39.978290161175664,1640.8711003158774,1640.8711003158774
2025-02-04,137,0.4237,3328.21,0.0,592.4333617319775,592.4333617319775,0.0,0.0,0.0,0.0,0.0,0.0,0.0,37.73169506531076,1640.8711003158774,1640.8711003158774
2025-02-04,138,0.4248,3304.7698,0.0,589.7501204855648,589.7501204855648,0.0,0.0,0.0,0.0,0.0,0.0,0.0,38.95515381889811,1640.8711003158774,1640.8711003158774
2025-02-04,139,0.424,3265.9979,0.0,601.1662745797265,601.1662745797265,0.0,0.0,0.0,0.0,0.0,0.0,0.0,56.83329124639317,1640.8711003158774,1640.8711003158774
2025-02-04,140,0.422,3273.43,0.0,598.7687188143595,598.7687188143595,0.0,0.0,4.625929269271486e-14,0.0,4.625929269271486e-14,0.0,0.0,53.197052147692894,1640.8711003158774,1640.8711003158774
2025-02-04,141,0.424,3340.2987,0.0,595.0330683439735,595.0330683439735,0.0,0.0,4.04768811061255e-14,0.0,4.04768811061255e-14,0.0,0.0,38.31661834397342,1640.8711003158774,1640.8711003158774
2025-02-04,142,0.4271,3324.794,0.0,605.857581212624,605.857581212624,0.0,0.0,0.0,0.0,0.0,0.0,0.0,51.72524787929069,1640.8711003158774,1640.8711003158774
2025-02-04,143,0.4276,3318.01,0.0,603.2207245695064,603.2207245695064,0.0,0.0,0.0,0.0,0.0,0.0,0.0,50.21905790283972,1640.8711003158774,1640.8711003158774
2025-02-05,0,0.4248,3549.4514,0.0,1421.2358266463953,1421.2358266463953,0.0,0.0,833.3333333333334,0.0,829.6605933130619,0.0,0.0,0.0,1640.8711003158774,2387.565634297633
2025-02-05,1,0.4245,3726.2944,0.0,1437.2042232492727,1437.2042232492727,0.0,0.0,833.3333333333334,0.0,816.155156582606,0.0,0.0,0.0,2387.565634297633,3122.1052752219784
2025-02-05,2,0.4269,3658.72,0.0,1479.887983171735,1479.887983171735,0.0,0.0,833.3333333333334,0.0,833.3333333333333,0.0,0.0,36.76798317173507,3122.1052752219784,3872.1052752219784
2025-02-05,3,0.4272,3444.0645,0.0,1460.911690276557,1460.911690276557,0.0,0.0,833.3333333333334,0.0,833.3333333333333,0.0,0.0,53.56760694322372,3872.1052752219784,4622.105275221978
2025-02-05,4,0.4271,3371.5581,0.0,1450.876080590464,1450.876080590464,0.0,0.0,833.3333333333334,0.0,833.3333333333333,0.0,0.0,55.61639725713064,4622.105275221978,5372.105275221978
2025-02-05,5,0.4285,3538.24,0.0,1473.5220841173432,1473.5220841173432,0.0,0.0,833.3333333333334,0.0,833.3333333333333,0.0,0.0,50.482084117343334,5372.105275221978,6122.105275221978
2025-02-05,6,0.4311,3758.5985,0.0,612.5682852597506,612.5682852597506,0.0,0.0,0.0,0.0,0.0,0.0,13.864798073582733,0.0,6122.105275221978,6122.105275221978
2025-02-05,7,0.4302,3691.2443,0.0,616.6185782994635,616.6185782994635,0.0,0.0,0.0,0.0,0.0,0.0,0.0,1.4111949661302106,6122.105275221978,6122.105275221978
2025-02-05,8,0.4279,3505.94,0.0,1489.548251425002,1489.548251425002,0.0,0.0,833.3333333333334,0.0,833.3333333333333,0.0,0.0,71.8915847583354,6122.105275221978,6872.105275221978
2025-02-05,9,0.4312,3681.9327,0.0,622.7734784539249,622.7734784539249,0.0,0.0,0.0,0.0,0.0,0.0,0.0,9.118028453924921,6872.105275221978,6872.105275221978
2025-02-05,10,0.4333,3771.01,0.0,621.3153856402931,621.3153856402931,0.0,0.0,0.0,0.0,0.0,0.0,7.1862810263735355,0.0,6872.105275221978,6872.105275221978
2025-02-05,11,0.4311,3647.76,0.0,1498.7501956831577,1498.7501956831577,0.0,0.0,833.3333333333334,0.0,833.3333333333333,0.0,0.0,57.456862349824405,6872.105275221978,7622.105275221978
2025-02-05,12,0.4293,3667.4439,0.0,1487.4775858198327,1487.4775858198327,0.0,0.0,833.3333333333334,0.0,833.3333333333333,0.0,0.0,42.90360248649938,7622.105275221978,8372.105275221978
2025-02-05,13,0.4324,3857.5951,0.0,666.3292763970437,666.3292763970437,0.0,0.0,0.0,0.0,0.0,0.0,0.0,23.396759730377084,8372.105275221978,8372.105275221978
2025-02-05,14,0.4367,3982.63,0.0,654.0741122429682,654.0741122429682,0.0,0.0,0.0,0.0,0.0,0.0,9.69755442369842,0.0,8372.105275221978,8372.105275221978
2025-02-05,15,0.4348,3807.7439,0.0,638.1954174850162,638.1954174850162,0.0,0.0,0.0,0.0,0.0,0.0,0.0,3.5714341516828654,8372.105275221978,8372.105275221978
2025-02-05,16,0.4335,3773.957,0.0,659.3301288307292,659.3301288307292,0.0,0.0,0.0,0.0,0.0,0.0,0.0,30.33729549739587,8372.105275221978,8372.105275221978
2025-02-05,17,0.4357,3870.1,0.0,696.4961278399537,696.4961278399537,0.0,0.0,0.0,0.0,0.0,0.0,0.0,51.47946117328706,8372.105275221978,8372.105275221978
2025-02-05,18,0.4374,3689.2947,0.0,661.3843173339739,661.3843173339739,0.0,0.0,0.0,0.0,0.0,0.0,0.0,46.501867333973905,8372.105275221978,8372.105275221978
2025-02-05,19,0.4371,3702.9844,0.0,640.5877649540236,640.5877649540236,0.0,0.0,1.330310172373727e-11,0.0,1.330310172373727e-11,0.0,0.0,23.423698287343655,8372.105275221978,8372.105275221991
2025-02-05,20,0.4356,3901.02,0.0,671.2422832302269,671.2422832302269,0.0,0.0,0.0,0.0,0.0,0.0,0.0,21.072283230226958,8372.105275221991,8372.105275221991
2025-02-05,21,0.4353,3804.5122,0.0,653.8290670370945,653.8290670370945,0.0,0.0,0.0,0.0,0.0,0.0,0.0,19.74370037042786,8372.105275221991,8372.105275221991
2025-02-05,22,0.436,3864.5933,0.0,662.2664023306558,662.2664023306558,0.0,0.0,0.0,0.0,0.0,0.0,0.0,18.167518997322418,8372.105275221991,8372.105275221991
2025-02-05,23,0.4378,4156.22,0.0,671.3080147091697,671.3080147091697,0.0,0.0,0.0,0.0,0.0,0.0,21.39531862416368,0.0,8372.105275221991,8372.105275221991
2025-02-05,24,0.4401,4245.6438,0.0,684.562772224415,684.562772224415,0.0,0.0,0.0,0.0,0.0,0.0,23.04452777558504,0.0,8372.105275221991,8372.105275221991
2025-02-05,25,0.4389,4132.3903,0.0,685.8125577879887,685.8125577879887,0.0,0.0,0.0,0.0,0.0,0.0,2.9191588786779903,0.0,8372.105275221991,8372.105275221991
2025-02-05,26,0.4364,3982.27,0.0,882.1480942630567,882.1480942630567,0.0,0.0,176.80988853682157,0.0,176.80988853682157,0.0,0.0,41.626539059568415,8372.105275221991,8531.23417490513
2025-02-05,27,0.4393,3963.455,0.0,693.8221001877315,693.8221001877315,0.0,0.0,0.0,0.0,0.0,0.0,0.0,33.246266854398186,8531.23417490513,8531.23417490513
2025-02-05,28,0.4422,4045.8244,0.0,686.5308829104497,686.5308829104497,0.0,0.0,0.0,0.0,0.0,0.0,0.0,12.226816243782991,8531.23417490513,8531.23417490513
2025-02-05,29,0.4395,4081.51,0.0,678.6382264235186,678.6382264235186,0.0,0.0,0.0,0.0,0.0,0.0,1.613440243148034,0.0,8531.23417490513,8531.23417490513
2025-02-05,30,0.4333,3965.1573,0.0,1517.9221680208452,1517.9221680208452,0.0,0.0,833.3333333333334,0.0,833.3333333333333,0.0,0.0,23.72928468751195,8531.23417490513,9281.23417490513
2025-02-05,31,0.4439,4010.8965,0.0033,728.8770837622906,728.8770837622906,0.0,0.0,0.0,0.0,0.0,0.0,0.0,60.39488376229053,9281.23417490513,9281.23417490513
2025-02-05,32,0.4301,4160.4,0.0,1562.7428855114972,1562.7428855114972,0.0,0.0,833.3333333333334,0.0,833.3333333333333,0.0,0.0,36.00955217816397,9281.23417490513,10031.23417490513
2025-02-05,33,0.3713,4107.3539,0.0,1529.7919011251215,1529.7919011251215,0.0,0.0,833.3333333333334,0.0,833.3333333333333,0.0,0.0,11.89958445845491,10031.23417490513,10781.23417490513
2025-02-05,34,0.5708,4428.5572,0.0453,783.3076455472473,783.3076455472473,0.0,0.0,0.0,0.0,0.0,0.0,0.0,45.22232888058056,10781.23417490513,10781.23417490513
2025-02-05,35,0.9099,5079.87,0.0,916.3048770173077,916.3048770173077,0.0,0.0,0.0,0.0,0.0,0.0,0.0,69.65987701730774,10781.23417490513,10781.23417490513
2025-02-05,36,0.9368,5350.9171,0.0,216.33703216460026,216.33703216460026,0.0,0.0,0.0,674.3839360892981,0.0,674.3839360892981,1.0985484127681957,0.0,10781.23417490513,10031.918690361466
2025-02-05,37,0.8758,5260.8765,0.631,862.0700380575768,862.0700380575768,0.0,0.0,0.0,0.0,0.0,0.0,14.637545275756617,0.0,10031.918690361466,10031.918690361466
2025-02-05,38,0.8759,5171.06,0.0,889.3129181578988,889.3129181578988,0.0,0.0,0.0,0.0,0.0,0.0,0.0,27.46958482456546,10031.918690361466,10031.918690361466
2025-02-05,39,0.8601,5364.728,15.0892,909.9189199812062,909.9189199812062,0.0,0.0,0.0,0.0,0.0,0.0,0.0,18.312453314539425,10031.918690361466,10031.918690361466
2025-02-05,40,0.8442,5252.979,153.4932,878.4513615413872,878.4513615413872,0.0,0.0,0.0,0.0,0.0,0.0,0.0,28.53706154138706,10031.918690361466,10031.918690361466
2025-02-05,41,0.8334,4978.05,397.9125,818.5891735668787,818.5891735668787,0.0,0.0,0.0,0.0,0.0,0.0,0.0,55.23292356687864,10031.918690361466,10031.918690361466
2025-02-05,42,0.8092,5280.7653,626.2303,778.4660526067095,778.4660526067095,0.0,0.0,2.3003489288074108e-14,0.0,2.3003489288074108e-14,0.0,0.0,2.71021927337606,10031.918690361466,10031.918690361466
2025-02-05,43,0.7972,5518.6126,883.5945,746.9644852464904,746.9644852464904,0.0,0.0,0.0,2.177795833333448,0.0,2.177795833333448,23.36073558684282,0.0,10031.918690361466,10029.498917213317
2025-02-05,44,0.7644,5276.13,1176.7875,699.2678384791819,699.2678384791819,0.0,0.0,0.0,0.0,0.0,0.0,0.0,16.044088479181937,10029.498917213317,10029.498917213317
2025-02-05,45,0.6899,4955.1631,1451.4059,1581.662945226543,1581.662945226543,0.0,0.0,829.8043875000002,0.0,829.8043875000002,0.0,0.0,167.89902439320952,10029.498917213317,10776.322865963317
2025-02-05,46,0.86,5802.5486,1734.1907,715.6757017250835,715.6757017250835,0.0,0.0,0.0,6.662094006170605,0.0,0.0,0.0,37.61605172508348,10776.322865963317,10776.322865963317
2025-02-05,47,1.1617,7201.84,2042.9625,70.30367811192286,70.30367811192286,0.0,0.0,0.0,818.8705248899248,0.0,789.5092385547437,0.0,0.0,10776.322865963317,9899.090378680268
2025-02-05,48,1.1683,7224.4705,2358.8583,21.57270039809066,21.57270039809066,0.0,0.0,0.0,823.3398180555555,0.0,789.3626662685763,0.0,2.2737367544323206e-13,9899.090378680268,9022.020749492962
2025-02-05,49,1.0956,6916.132,2638.9583,0.0,0.0,0.0,0.0,0.0,754.5356257895957,0.0,712.8622833333334,0.0,0.0,9022.020749492962,8229.951545789258
2025-02-05,50,1.0849,6957.22,2886.0375,0.0,0.0,0.0,0.0,0.0,722.2059952288199,0.0,678.5304166666667,0.0,0.0,8229.951545789258,7476.028860604072
2025-02-05,51,1.061,6970.7892,3137.6822,0.0,0.0,0.0,0.0,0.0,668.2688788934112,0.0,638.8511666666666,0.0,0.0,7476.028860604072,6766.194230974443
2025-02-05,52,1.043,6881.9081,3368.4883,0.0,0.0,0.0,0.0,0.0,652.162388413312,0.0,585.5699666666667,0.0,0.0,6766.194230974443,6115.560934678147
2025-02-05,53,1.036,6817.92,3611.25,0.0,0.0,0.0,0.0,0.0,596.7704042992299,0.0,534.4449999999999,0.0,0.0,6115.560934678147,5521.733156900369
2025-02-05,54,1.0147,6917.1612,3910.5269,0.0,0.0,0.0,0.0,0.0,553.2036928895267,0.0,501.1057166666666,0.0,0.0,5521.733156900369,4964.94902727074
2025-02-05,55,0.9922,6922.7812,4073.6862,0.0,0.0,0.0,0.0,0.0,492.6750223015333,0.0,474.84916666666675,0.0,0.0,4964.94902727074,4437.3388420855545
2025-02-05,56,0.97,6891.71,4161.6375,0.0,0.0,0.0,0.0,0.0,449.57434077457657,0.0,449.57434077457657,5.437742558756838,0.0,4437.3388420855545,3937.811796780469
2025-02-05,57,0.9422,7092.01,4441.791,245.11837131164594,245.11837131164594,0.0,0.0,0.0,181.99759054317747,0.0,181.99759054317747,14.587204811843435,0.0,3937.811796780469,3735.5922517324943
2025-02-05,58,0.9569,7015.2382,4758.772,0.0,0.0,0.0,0.0,0.0,402.4284579490204,0.0,376.07769999999994,0.0,0.0,3735.5922517324943,3317.7281406213833
2025-02-05,59,0.9977,6734.61,4981.05,0.0,0.0,0.0,0.0,0.0,341.4898744358031,0.0,292.2599999999999,0.0,0.0,3317.7281406213833,2992.99480728805
2025-02-05,60,0.9919,6852.438,5125.2332,0.0,0.0,0.0,0.0,0.0,297.09721300033715,0.0,287.8674666666668,0.0,0.0,2992.99480728805,2673.1420665473092
2025-02-05,61,0.9588,6984.658,5267.7199,0.0,0.0,0.0,0.0,0.0,260.3857269619122,0.0,260.3857269619122,25.770623038087876,0.0,2673.1420665473092,2383.8245921451844
2025-02-05,62,0.9549,6914.36,5479.875,0.0,0.0,0.0,0.0,0.0,256.6665000090149,0.0,239.0808333333332,0.0,0.0,2383.8245921451844,2118.1792217748143
2025-02-05,63,0.9839,6823.1873,5753.6335,0.0,0.0,0.0,0.0,0.0,250.87671009272935,0.0,178.25896666666665,0.0,0.0,2118.1792217748143,1920.1137032562958
2025-02-05,64,0.799,6794.1983,5851.9706,145.98221099285624,145.98221099285624,0.0,0.0,0.0,89.47972083333343,0.0,11.055739007143757,0.0,0.0,1920.1137032562958,1907.829548803914
2025-02-05,65,0.5025,6801.4,5814.825,1054.2888033932109,1054.2888033932109,0.0,0.0,812.7265375000001,0.0,812.7265375000001,0.0,0.0,77.133099226544,1907.829548803914,2639.283432553914
2025-02-05,66,0.4662,6746.6319,5912.9326,1089.6989935645188,1089.6989935645188,0.0,0.0,790.7094736111112,0.0,790.7094736111112,0.0,0.0,160.03963662007436,2639.283432553914,3350.921958803914
2025-02-05,67,0.5007,6573.2756,6007.8265,1084.2929307441864,1084.2929307441864,0.0,0.0,777.6352875,0.0,777.6352875,0.0,0.0,212.4161265775199,3350.921958803914,4050.793717553914
2025-02-05,68,0.4827,6489.78,5937.15,995.1370840139036,995.1370840139036,0.0,0.0,754.1718951622514,0.0,754.1718951622514,0.0,0.0,148.8601888516522,4050.793717553914,4729.548423199941
2025-02-05,69,0.4785,6715.605,5722.7035,1010.3637476246026,1010.3637476246026,0.0,0.0,751.4869152777776,0.0,751.4869152777776,0.0,0.0,93.39324901349187,4729.548423199941,5405.886646949941
2025-02-05,70,0.4662,6544.8645,5770.0192,967.2519755027237,967.2519755027237,0.0,0.0,738.4127291666668,0.0,738.4127291666668,0.0,0.0,99.69836300272368,5405.886646949941,6070.4581031999405
2025-02-05,71,0.4432,6080.21,6020.7,891.6079409426379,891.6079409426379,0.0,0.0,750.9383440895068,0.0,750.9383440895068,0.0,0.0,130.7512635197976,6070.4581031999405,6746.302612880497
2025-02-05,72,0.4411,6134.6449,6040.8138,924.288002351689,911.2969137971799,0.0,12.991088554509133,833.3333333333334,0.0,833.3333333333333,0.0,0.0,62.32506379717984,6746.302612880497,7496.302612880497
2025-02-05,73,0.4551,6221.0944,6113.3907,943.9623946861418,940.0595780194753,0.0,3.9028166666664674,833.3333333333334,0.0,833.3333333333333,0.0,0.0,88.77562801947556,7496.302612880497,8246.302612880496
2025-02-05,74,0.4463,6179.62,6326.0625,930.2167085450199,907.3728474339086,0.0,22.84386111111121,833.3333333333334,0.0,833.3333333333333,0.0,0.0,98.44659743390866,8246.302612880496,8996.302612880496
2025-02-05,75,0.4113,6340.2179,6428.5545,922.4107511736063,901.202688923763,0.0,21.208062249843238,833.3333333333334,0.0,833.3333333333333,0.0,0.0,82.59212225709643,8996.302612880496,9746.302612880496
2025-02-05,76,0.5682,6358.2071,6347.5063,1005.6819283711861,953.7372542871194,0.0,51.94467408406672,833.3333333333334,0.0,833.3333333333333,0.0,0.0,118.6204542871194,9746.302612880496,10496.302612880496
2025-02-05,77,0.8279,6168.81,6181.125,173.93901912292677,129.8358088798418,0.0,44.10321024308496,0.0,0.0,0.0,0.0,0.0,131.88830887984182,10496.302612880496,10496.302612880496
2025-02-05,78,0.8636,6121.2057,6110.3377,205.23568570268284,125.99689566680036,0.0,79.23879003588249,0.0,0.0,0.0,0.0,0.0,124.18556233346715,10496.302612880496,10496.302612880496
2025-02-05,79,0.8416,6379.5771,6152.0692,195.57792120319104,177.72795870319123,0.0,17.849962499999805,0.0,0.0,0.0,0.0,0.0,139.80997536985774,10496.302612880496,10496.302612880496
2025-02-05,80,0.8618,6661.94,6229.3875,199.74776724147674,147.36905287224786,0.0,52.378714369228874,0.0,3.2079230797668856,0.0,0.0,0.0,75.27696953891473,10496.302612880496,10496.302612880496
2025-02-05,81,0.8623,6523.8357,6206.8342,216.8737967233175,154.0874453927005,0.0,62.78635133061701,0.0,0.0,0.0,0.0,0.0,101.2538620593673,10496.302612880496,10496.302612880496
2025-02-05,82,0.9026,6424.8672,5932.6104,243.1839690581687,0.0,0.0,243.1839690581687,0.0,149.97340889106272,0.0,82.04279999999994,0.0,0.0,10496.302612880496,10405.14394621383
2025-02-05,83,0.9754,6470.84,5518.725,0.0,0.0,0.0,0.0,0.0,158.0488517957915,0.0,158.0488517957915,0.6369815375418284,0.0,10405.14394621383,10229.534110885172
2025-02-05,84,1.0002,6328.0088,5225.4988,0.0,0.0,0.0,0.0,0.0,202.8405311068844,0.0,183.75166666666667,0.0,0.0,10229.534110885172,10025.365592366654
2025-02-05,85,0.9978,6227.5557,4854.7144,0.0,0.0,0.0,0.0,0.0,258.74605359429387,0.0,228.80688333333342,0.0,0.0,10025.365592366654,9771.135721996283
2025-02-05,86,1.0271,6241.63,4489.125,0.0,0.0,0.0,0.0,0.0,330.44642865468535,0.0,292.08416666666676,0.0,0.0,9771.135721996283,9446.59775903332
2025-02-05,87,1.0906,6188.312,4415.126,0.0,0.0,0.0,0.0,0.0,387.9924410152859,0.0,295.53100000000006,0.0,0.0,9446.59775903332,9118.229981255543
2025-02-05,88,0.9376,6096.2172,4168.5231,28.655258852665668,0.0,0.0,28.655258852665668,0.0,451.5843753557406,0.0,321.28234999999995,0.0,0.0,9118.229981255543,8761.249592366654
2025-02-05,89,0.6694,6051.73,3753.1875,1453.157916175568,1310.0397689533456,0.0,143.11814722222243,833.3333333333334,0.0,833.3333333333333,0.0,0.0,93.61601895334582,8761.249592366654,9511.249592366654
2025-02-05,90,0.66,6107.4261,3642.8134,1447.314342667894,1331.5343262894567,0.0,115.78001637843727,822.1761192622232,0.0,822.1761192622232,0.0,0.0,98.58942369390036,9511.249592366654,10251.208099702655
2025-02-05,91,0.7217,6175.2133,3561.1715,1477.8471245536807,1372.8085751142235,0.0,105.03854943945726,823.2572333333331,0.0,609.768778108161,0.0,0.0,327.36616367272893,10251.208099702655,10800.0
2025-02-05,92,0.7308,6168.84,3291.0375,1527.7821952996453,850.1157248156941,0.0,677.6664704839512,257.2427732069809,0.0,0.0,0.0,0.0,370.481974815694,10800.0,10800.0
2025-02-05,93,0.7534,6093.9183,2895.5182,708.9900797599322,616.1316414140053,0.0,92.85843834592686,0.0,0.0,0.0,0.0,0.0,83.064958080672,10800.0,10800.0
2025-02-05,94,0.7823,6159.43,2537.7993,757.7389372721509,666.6637382284352,0.0,91.07519904371566,0.0,0.0,0.0,0.0,0.0,63.05862156176863,10800.0,10800.0
2025-02-05,95,0.8055,6261.28,2260.2,794.7081014291361,705.3445446184937,0.0,89.36355681064242,0.0,0.0,0.0,0.0,0.0,38.49787795182715,10800.0,10800.0
2025-02-05,96,0.8271,6107.4314,1976.7903,827.0073753810822,730.955913957256,0.0,96.05146142382614,0.0,0.0,0.0,0.0,0.0,42.515730623922536,10800.0,10800.0
2025-02-05,97,0.8519,6084.59,1661.8991,844.9810351941037,791.4599888049933,0.0,53.52104638911044,0.0,0.0,0.0,0.0,0.0,54.34483880499329,10800.0,10800.0
2025-02-05,98,0.8791,6217.54,1326.1875,887.9633432361805,833.5176105929413,0.0,54.44573264323924,0.0,0.0,0.0,0.0,0.0,18.29219392627465,10800.0,10800.0
2025-02-05,99,0.9024,6148.5445,999.771,877.131507621231,851.6540039712304,0.0,25.477503650000585,0.0,0.0,0.0,0.0,6.474912695436188,0.0,10800.0,10800.0
2025-02-05,100,0.9163,6117.2321,709.8979,918.2853543594252,890.0607838677178,0.0,28.224570491707482,0.0,1.652046803451185,0.0,1.652046803451185,9.5095359954977,0.0,10800.0,10798.164392440609
2025-02-05,101,0.9264,6178.17,439.5375,1004.4872584765909,978.7395681988131,0.0,25.747690277777792,0.0,0.0,0.0,0.0,0.0,22.300818198813204,10798.164392440609,10798.164392440609
2025-02-05,102,0.9462,6123.596,166.7417,1023.6798464616637,1016.6741540398762,0.0,7.005692421787558,0.0,0.0,0.0,0.0,0.0,23.8651040398762,10798.164392440609,10798.164392440609
2025-02-05,103,0.9742,6057.3163,16.6143,1026.0299804284411,1011.242605428441,0.0,14.787375000000111,0.0,0.0,0.0,0.0,0.0,4.458938761774334,10798.164392440609,10798.164392440609
2025-02-05,104,0.9862,6158.6,0.0,1018.7570869597251,1017.4854124254517,8.368488124688156e-10,1.2716745351102645,0.19904305639235542,0.0,0.0,0.0,8.947920907881667,0.0,10798.164392440609,10798.164392440609
2025-02-05,105,0.976,6333.7326,0.6507,1056.0715696326129,1050.1988890770574,0.0,5.872680555555462,0.0,0.0,0.0,0.0,5.314760922942644,0.0,10798.164392440609,10798.164392440609
2025-02-05,106,1.0742,5505.6169,0.0,938.2363070801576,934.5618237468244,0.0,3.674483333333228,0.0,0.0,0.0,0.0,0.0,16.95900708015779,10798.164392440609,10798.164392440609
2025-02-05,107,1.2313,4259.54,0.0,742.0069626943031,742.0069626943031,0.0,0.0,0.0,0.0,0.0,0.0,0.0,32.08362936096978,10798.164392440609,10798.164392440609
2025-02-05,108,1.2561,4322.0213,0.0467,702.1991418281345,702.1991418281345,0.0,0.0,0.0,0.0,0.0,0.0,18.129958171865514,0.0,10798.164392440609,10798.164392440609
2025-02-05,109,1.2447,4423.1983,0.0,733.2596194528537,733.2596194528537,0.0,0.0,0.0,0.0,0.0,0.0,3.940097213812919,0.0,10798.164392440609,10798.164392440609
2025-02-05,110,1.2545,4146.07,0.0,727.9974910614695,727.9974910614695,0.0,0.0,0.0,0.0,0.0,0.0,0.0,36.985824394802876,10798.164392440609,10798.164392440609
2025-02-05,111,1.2522,4331.6129,0.0034,737.1842837576228,737.1842837576228,0.0,0.0,0.0,0.0,0.0,0.0,0.0,15.249367090956184,10798.164392440609,10798.164392440609
2025-02-05,112,1.2881,4397.494,0.0,43.68420246913297,43.68420246913297,0.0,0.0,0.0,664.0884597219782,0.0,664.0884597219782,25.143004475555472,0.0,10798.164392440609,10060.288326082855
2025-02-05,113,1.3466,4217.7,0.0,0.0,0.0,0.0,0.0,0.0,680.4859757479336,0.0,680.4859757479336,22.464024252066338,0.0,10060.288326082855,9304.19279747404
2025-02-05,114,1.3523,4297.7254,0.0,0.0,0.0,0.0,0.0,0.0,708.7595542528093,0.0,708.7595542528093,7.528012413857482,0.0,9304.19279747404,8516.682181637585
2025-02-05,115,1.3445,4364.8371,0.0,0.0,0.0,0.0,0.0,0.0,749.9227196443368,0.0,727.47285,0.0,0.0,8516.682181637585,7708.379014970918
2025-02-05,116,1.3483,4299.05,0.0,0.0,0.0,0.0,0.0,0.0,762.8741850925247,0.0,716.5083333333333,0.0,0.0,7708.379014970918,6912.258644600548
2025-02-05,117,1.349,4281.3639,0.0,0.0,0.0,0.0,0.0,0.0,745.5948536655515,0.0,713.56065,0.0,0.0,6912.258644600548,6119.413477933881
2025-02-05,118,1.3473,4274.4482,0.0,0.0,0.0,0.0,0.0,0.0,716.9474524741787,0.0,712.4080333333333,0.0,0.0,6119.413477933881,5327.8489964524
2025-02-05,119,1.3482,4260.57,0.0,0.0,0.0,0.0,0.0,0.0,705.0911992508292,0.0,705.0911992508292,5.00380074917075,0.0,5327.8489964524,4544.414330618145
2025-02-05,120,1.3513,4281.5221,0.0,0.0,0.0,0.0,0.0,0.0,723.371212664119,0.0,713.5870166666667,0.0,0.0,4544.414330618145,3751.539867655182
2025-02-05,121,1.34,4304.6559,0.0,0.0,0.0,0.0,0.0,0.0,726.9659887521021,0.0,717.44265,0.0,0.0,3751.539867655182,2954.381367655182
2025-02-05,122,1.3489,4274.3,0.0,0.0,0.0,0.0,0.0,0.0,729.0355931025414,0.0,712.3833333333333,0.0,0.0,2954.381367655182,2162.8443306181452
2025-02-05,123,1.3952,4184.7236,0.0,0.0,0.0,0.0,0.0,0.0,725.2107588276431,0.0,697.4539333333333,0.0,0.0,2162.8443306181452,1387.8955158033305
2025-02-05,124,1.2226,4230.5998,0.0,732.957347826161,732.957347826161,0.0,0.0,0.0,0.0,0.0,0.0,0.0,27.857381159494366,1387.8955158033305,1387.8955158033305
2025-02-05,125,0.9332,4347.86,0.0,729.8287430521253,729.8287430521253,0.0,0.0,0.0,0.0,0.0,0.0,0.0,5.185409718792016,1387.8955158033305,1387.8955158033305
2025-02-05,126,0.9068,4286.2697,0.0,717.7743487875782,717.7743487875782,0.0,0.0,0.0,0.0,0.0,0.0,0.0,3.3960654542448765,1387.8955158033305,1387.8955158033305
2025-02-05,127,0.9371,4275.6154,0.0,718.7265947077763,718.7265947077763,0.0,0.0,0.0,0.0,0.0,0.0,0.0,6.124028041109682,1387.8955158033305,1387.8955158033305
2025-02-05,128,0.9371,4422.44,0.0,749.167193584436,749.167193584436,0.0,0.0,0.0,0.0,0.0,0.0,0.0,12.093860251102683,1387.8955158033305,1387.8955158033305
2025-02-05,129,0.9871,4496.0386,0.0,794.8509263830351,794.8509263830351,0.0,0.0,0.0,0.0,0.0,0.0,0.0,45.511159716368525,1387.8955158033305,1387.8955158033305
2025-02-05,130,0.7764,3948.2411,0.0,750.7795229649254,750.7795229649254,0.0,0.0,0.0,0.0,0.0,0.0,0.0,92.73933963159197,1387.8955158033305,1387.8955158033305
2025-02-05,131,0.4209,3176.95,0.0,642.6582665226346,642.6582665226346,0.0,0.0,0.0,0.0,0.0,0.0,0.0,113.16659985596789,1387.8955158033305,1387.8955158033305
2025-02-05,132,0.3859,3189.1888,0.0,592.8860924999354,592.8860924999354,0.0,0.0,0.0,0.0,0.0,0.0,0.0,61.354625833268756,1387.8955158033305,1387.8955158033305
2025-02-05,133,0.4368,3367.0094,0.0,578.5757435880957,578.5757435880957,0.0,0.0,0.0,0.0,0.0,0.0,0.0,17.40751025476243,1387.8955158033305,1387.8955158033305
2025-02-05,134,0.4198,3345.18,0.0,573.83588793617,573.83588793617,0.0,0.0,0.0,0.0,0.0,0.0,0.0,16.305887936170052,1387.8955158033305,1387.8955158033305
2025-02-05,135,0.4186,3359.5033,0.0,569.3895991862074,569.3895991862074,0.0,0.0,0.0,0.0,0.0,0.0,0.0,9.472382519540815,1387.8955158033305,1387.8955158033305
2025-02-05,136,0.4241,3372.3589,0.0,572.2710437575566,572.2710437575566,0.0,0.0,0.0,0.0,0.0,0.0,0.0,10.211227090889906,1387.8955158033305,1387.8955158033305
2025-02-05,137,0.4237,3343.85,0.0,586.6025757227043,586.6025757227043,0.0,0.0,0.0,0.0,0.0,0.0,0.0,29.294242389370993,1387.8955158033305,1387.8955158033305
2025-02-05,138,0.4248,3306.9838,0.0,568.3364566351596,568.3364566351596,0.0,0.0,0.0,0.0,0.0,0.0,0.0,17.172489968492982,1387.8955158033305,1387.8955158033305
2025-02-05,139,0.424,3292.5734,0.0,586.2769100741368,586.2769100741368,0.0,0.0,0.0,0.0,0.0,0.0,0.0,37.51467674080345,1387.8955158033305,1387.8955158033305
2025-02-05,140,0.422,3329.35,0.0,583.1863646762561,583.1863646762561,0.0,0.0,0.0,0.0,0.0,0.0,0.0,28.29469800958941,1387.8955158033305,1387.8955158033305
2025-02-05,141,0.424,3407.647,0.0,580.1578526827046,580.1578526827046,0.0,0.0,0.0,0.0,0.0,0.0,0.0,12.216686016038011,1387.8955158033305,1387.8955158033305
2025-02-05,142,0.4271,3378.9675,0.0,585.0453511069642,585.0453511069642,0.0,0.0,0.0,0.0,0.0,0.0,0.0,21.88410110696418,1387.8955158033305,1387.8955158033305
2025-02-05,143,0.4276,3329.79,0.0,590.9701380148094,590.9701380148094,0.0,0.0,0.0,0.0,0.0,0.0,0.0,36.005138014809404,1387.8955158033305,1387.8955158033305
2025-02-06,0,0.4248,3497.9209,0.0,1426.6388174176675,1426.6388174176675,0.0,0.0,833.3333333333334,0.0,833.3333333333333,0.0,0.0,10.318667417667598,1387.8955158033305,2137.8955158033305
2025-02-06,1,0.4245,3655.2255,0.0,1445.0379771105693,1445.0379771105693,0.0,0.0,833.3333333333334,0.0,833.3333333333333,0.0,0.0,2.500393777236013,2137.8955158033305,2887.8955158033305
2025-02-06,2,0.4269,3623.51,0.0,1458.579371771507,1458.579371771507,0.0,0.0,833.3333333333334,0.0,833.3333333333333,0.0,0.0,21.327705104840447,2887.8955158033305,3637.8955158033305
2025-02-06,3,0.4272,3476.4439,0.0,1468.1429533595333,1468.1429533595333,0.0,0.0,833.3333333333334,0.0,833.3333333333333,0.0,0.0,55.402303359533335,3637.8955158033305,4387.89551580333
2025-02-06,4,0.4271,3591.7096,0.0,1467.6135979151318,1467.6135979151318,0.0,0.0,833.3333333333334,0.0,833.3333333333333,0.0,0.0,35.66199791513179,4387.89551580333,5137.89551580333
2025-02-06,5,0.4285,3832.31,0.0,1473.746104765623,1473.746104765623,0.0,0.0,833.3333333333245,0.0,833.3333333333245,0.0,0.0,1.6944380989650654,5137.89551580333,5887.895515803322
2025-02-06,6,0.4311,3689.813,0.0,640.9764891259238,640.9764891259238,0.0,0.0,0.0,0.0,0.0,0.0,0.0,26.007655792590413,5887.895515803322,5887.895515803322
2025-02-06,7,0.4302,3512.4654,0.0,624.9244429935796,624.9244429935796,0.0,0.0,0.0,0.0,0.0,0.0,0.0,39.51354299357968,5887.895515803322,5887.895515803322
2025-02-06,8,0.4279,3576.43,0.0,1487.8146534354003,1487.8146534354003,0.0,0.0,833.3333333333334,0.0,833.3333333333333,0.0,0.0,58.4096534354004,5887.895515803322,6637.895515803322
2025-02-06,9,0.4312,3784.4762,0.0,629.3770226095763,629.3770226095763,0.0,0.0,0.0,0.0,0.0,0.0,1.3690107237570146,0.0,6637.895515803322,6637.895515803322
2025-02-06,10,0.4333,3740.3364,0.0,1483.617422317938,1483.617422317938,0.0,0.0,833.3333333333334,0.0,833.3333333333333,0.0,0.0,26.894688984604727,6637.895515803322,7387.895515803322
2025-02-06,11,0.4311,3513.98,0.0,1508.8465657472834,1508.8465657472834,0.0,0.0,833.3333333333334,0.0,833.3333333333333,0.0,0.0,89.84989908061686,7387.895515803322,8137.895515803322
2025-02-06,12,0.4293,3547.6302,0.0,1492.6757921846286,1492.6757921846286,0.0,0.0,833.3333333333334,0.0,833.3333333333333,0.0,0.0,68.0707588512953,8137.895515803322,8887.895515803322
2025-02-06,13,0.4324,3631.7631,0.0,667.6042508215247,667.6042508215247,0.0,0.0,0.0,0.0,0.0,0.0,0.0,62.310400821524695,8887.895515803322,8887.895515803322
2025-02-06,14,0.4367,3623.61,0.0,658.3018251573116,658.3018251573116,0.0,0.0,0.0,0.0,0.0,0.0,0.0,54.366825157311496,8887.895515803322,8887.895515803322
2025-02-06,15,0.4348,3636.9672,0.0,625.6967992341314,625.6967992341314,0.0,0.0,0.0,0.0,0.0,0.0,0.0,19.535599234131382,8887.895515803322,8887.895515803322
2025-02-06,16,0.4335,3851.004,0.0,657.8177469785946,657.8177469785946,0.0,0.0,0.0,0.0,0.0,0.0,0.0,15.983746978594695,8887.895515803322,8887.895515803322
2025-02-06,17,0.4357,4038.16,0.0,708.7586544031583,708.7586544031583,0.0,0.0,0.0,0.0,0.0,0.0,0.0,35.73198773649165,8887.895515803322,8887.895515803322
2025-02-06,18,0.4374,3798.4365,0.0,665.9574173645238,665.9574173645238,0.0,0.0,0.0,0.0,0.0,0.0,0.0,32.88466736452392,8887.895515803322,8887.895515803322
2025-02-06,19,0.4371,3694.4181,0.0,648.1104526149812,648.1104526149812,0.0,0.0,0.0,0.0,0.0,0.0,0.0,32.37410261498121,8887.895515803322,8887.895515803322
2025-02-06,20,0.4356,3860.63,0.0,691.2563758151646,691.2563758151646,0.0,0.0,0.0,0.0,0.0,0.0,0.0,47.818042481831185,8887.895515803322,8887.895515803322
2025-02-06,21,0.4353,3909.0565,0.0,658.6543998377286,658.6543998377286,0.0,0.0,0.0,0.0,0.0,0.0,0.0,7.144983171061995,8887.895515803322,8887.895515803322
2025-02-06,22,0.436,4036.1819,0.0,651.0903920850081,651.0903920850081,0.0,0.0,0.0,0.0,0.0,0.0,21.60659124832523,0.0,8887.895515803322,8887.895515803322
2025-02-06,23,0.4378,4167.96,0.0,709.2508829329448,709.2508829329448,0.0,0.0,0.0,0.0,0.0,0.0,0.0,14.59088293294485,8887.895515803322,8887.895515803322
2025-02-06,24,0.4401,3967.0475,0.0,699.9018935089549,699.9018935089549,0.0,0.0,0.0,0.0,0.0,0.0,0.0,38.7273101756216,8887.895515803322,8887.895515803322
2025-02-06,25,0.4389,3731.5802,0.0,688.6525072181931,688.6525072181931,0.0,0.0,0.0,0.0,0.0,0.0,0.0,66.72247388485982,8887.895515803322,8887.895515803322
2025-02-06,26,0.4364,3751.5,0.0,1174.141550287731,1174.141550287731,0.0,0.0,457.8938713296379,0.0,457.8938713296379,0.0,0.0,90.9976789580931,8887.895515803322,9299.999999999996
2025-02-06,27,0.4393,4016.3868,0.0,712.3737715948578,712.3737715948578,0.0,0.0,0.0,0.0,0.0,0.0,0.0,42.9759715948577,9299.999999999996,9299.999999999996
2025-02-06,28,0.4422,4030.6615,0.0,682.943439189416,682.943439189416,0.0,0.0,0.0,0.0,0.0,0.0,0.0,11.166522522749347,9299.999999999996,9299.999999999996
2025-02-06,29,0.4395,3848.11,0.0,665.8716069954625,665.8716069954625,0.0,0.0,0.0,0.0,0.0,0.0,0.0,24.51994032879577,9299.999999999996,9299.999999999996
2025-02-06,30,0.4333,3981.9707,0.0,664.4098429711928,664.4098429711928,0.0,0.0,0.0,0.0,0.0,0.0,0.0,0.7480596378594555,9299.999999999996,9299.999999999996
2025-02-06,31,0.4439,4119.6281,0.0,716.4719479046909,716.4719479046909,0.0,0.0,0.0,0.0,0.0,0.0,0.0,29.86726457135751,9299.999999999996,9299.999999999996
2025-02-06,32,0.4301,3994.17,0.0,1545.7704372243663,1545.7704372243663,0.0,0.0,833.3333333333334,0.0,833.3333333333333,0.0,0.0,46.742103891033025,9299.999999999996,10049.999999999996
2025-02-06,33,0.3713,3775.815,0.0138,1519.4107138057634,1519.4107138057634,0.0,0.0,833.3333333333334,0.0,833.3333333333333,0.0,0.0,56.777180472430246,10049.999999999996,10799.999999999996
2025-02-06,34,0.5708,4288.2664,0.0,787.0610603911264,787.0610603911264,0.0,0.0,0.0,0.0,0.0,0.0,0.0,72.34999372445964,10799.999999999996,10799.999999999996
2025-02-06,35,0.9099,5219.6,0.0,916.4161365040187,916.4161365040187,0.0,0.0,0.0,0.0,0.0,0.0,0.0,46.482803170685315,10799.999999999996,10799.999999999996
2025-02-06,36,0.9368,5384.5687,0.1918,238.64084731194032,144.94463771969401,0.0,93.6962095922463,0.0,768.2608429255783,0.0,752.4515122803059,0.0,0.0,10799.999999999996,9963.94276413299
2025-02-06,37,0.8758,5265.3908,0.0,907.2513374047777,907.2513374047777,0.0,0.0,0.0,0.0,0.0,0.0,0.0,29.68620407144431,9963.94276413299,9963.94276413299
2025-02-06,38,0.8759,5233.23,0.0,908.5509120019227,908.5509120019227,0.0,0.0,0.0,0.0,0.0,0.0,0.0,36.345912001922784,9963.94276413299,9963.94276413299
2025-02-06,39,0.8601,5165.0204,26.0384,900.2420749677839,900.2420749677839,0.0,0.0,0.0,0.7990013888886551,0.0,0.0,0.0,43.74507496778381,9963.94276413299,9963.94276413299
2025-02-06,40,0.8442,5125.311,172.6182,860.4261199353291,860.4261199353291,0.0,0.0,0.0,1.027287499999943,0.0,0.0,0.0,34.977319935329206,9963.94276413299,9963.94276413299
2025-02-06,41,0.8334,5137.64,426.7125,815.5586421529189,815.5586421529189,0.0,0.0,0.0,0.0,0.0,0.0,0.0,30.40405881958543,9963.94276413299,9963.94276413299
2025-02-06,42,0.8092,5156.1992,677.2558,795.4476121846616,791.8427489767787,0.0,3.604863207882886,0.0,0.0,0.0,0.0,0.0,45.352182310112084,9963.94276413299,9963.94276413299
2025-02-06,43,0.7972,5221.8023,923.6022,779.6972695755495,759.6155279088829,0.0,20.08174166666663,0.0,0.0,0.0,0.0,0.0,43.24884457554958,9963.94276413299,9963.94276413299
2025-02-06,44,0.7644,5136.75,1195.6125,684.9378173349211,679.4860303705306,0.0,5.4517869643905215,0.0,0.0,0.0,0.0,0.0,22.62978037053051,9963.94276413299,9963.94276413299
2025-02-06,45,0.6899,4828.4213,1501.3435,1523.9328592309175,1514.4388915648688,0.0,9.493967666048775,833.3333333333334,0.0,833.3333333333333,0.0,0.0,126.59259156486871,9963.94276413299,10713.94276413299
2025-02-06,46,0.86,5671.6114,1760.4169,747.8064527852536,730.1499399563392,0.0,17.6565128289144,0.0,0.0,0.0,0.0,0.0,78.2841899563391,10713.94276413299,10713.94276413299
2025-02-06,47,1.1617,7183.26,1980.975,93.03479407875875,50.768497849529126,0.0,42.266296229229624,0.0,833.3333333333334,0.0,816.2790021504711,0.0,2.2737367544323206e-13,10713.94276413299,9806.96609507691
2025-02-06,48,1.1683,7370.8801,2244.5629,57.00502867812429,7.213417567013153,0.0,49.79161111111114,0.0,833.3333333333334,0.0,833.3333333333333,13.839449099653393,0.0,9806.96609507691,8881.040169150985
2025-02-06,49,1.0956,7059.1318,2489.9575,0.0,0.0,0.0,0.0,0.0,763.7837683141994,0.0,761.5290500000001,0.0,0.0,8881.040169150985,8034.896780262096
2025-02-06,50,1.0849,6994.56,2760.225,0.0,0.0,0.0,0.0,0.0,720.33868461578,0.0,705.7225000000001,0.0,0.0,8034.896780262096,7250.760669150985
2025-02-06,51,1.061,7074.7624,3174.0332,0.0,0.0,0.0,0.0,0.0,681.8993296909644,0.0,650.1215333333333,0.0,0.0,7250.760669150985,6528.403409891726
2025-02-06,52,1.043,7041.4353,3594.8527,0.0,0.0,0.0,0.0,0.0,610.8538011001051,0.0,574.4304333333334,0.0,0.0,6528.403409891726,5890.147372854689
2025-02-06,53,1.036,6892.45,3984.3375,0.0,0.0,0.0,0.0,0.0,558.2007763579134,0.0,484.6854166666666,0.0,0.0,5890.147372854689,5351.608021002838
2025-02-06,54,1.0147,6834.3263,4392.8833,0.0,0.0,0.0,0.0,0.0,529.6427570126497,0.0,406.9071666666666,0.0,0.0,5351.608021002838,4899.488946928764
2025-02-06,55,0.9922,6774.059,4588.1351,0.0,0.0,0.0,0.0,0.0,497.48522671091087,0.0,364.3206499999999,0.0,0.0,4899.488946928764,4494.688224706541
2025-02-06,56,0.97,6791.21,4638.7125,0.0,0.0,0.0,0.0,0.0,406.55015552244294,0.0,358.74958333333336,0.0,0.0,4494.688224706541,4096.077576558393
2025-02-06,57,0.9422,7042.6097,4877.6597,231.60058709123564,0.0,0.0,231.60058709123564,0.0,401.2949149405031,0.0,360.82499999999993,0.0,0.0,4096.077576558393,3695.1609098917265
2025-02-06,58,0.9569,7024.1427,5204.2186,0.0,0.0,0.0,0.0,0.0,362.068012063095,0.0,303.32068333333336,0.0,0.0,3695.1609098917265,3358.137928410245
2025-02-06,59,0.9977,6799.84,5458.3125,0.0,0.0,0.0,0.0,0.0,310.83239889869554,0.0,223.58791666666662,0.0,0.0,3358.137928410245,3109.7069098917264
2025-02-06,60,0.9919,6918.149,5556.3661,0.0,0.0,0.0,0.0,0.0,262.33102526465365,0.0,226.96381666666673,0.0,0.0,3109.7069098917264,2857.5248913732075
2025-02-06,61,0.9588,6945.9367,5516.1528,0.0,0.0,0.0,0.0,0.0,247.4224172996886,0.0,238.2973166666668,0.0,0.0,2857.5248913732075,2592.7500950769113
2025-02-06,62,0.9549,6772.21,5568.7125,4.074865445069519e-13,0.0,0.0,4.074865445069519e-13,0.0,245.57912449587184,0.0,200.58291666666662,0.0,0.0,2592.7500950769113,2369.880187669504
2025-02-06,63,0.9839,6754.8012,5966.6607,0.0,0.0,0.0,0.0,0.0,273.11547403163223,0.0,131.3567499999998,0.0,0.0,2369.880187669504,2223.9282432250598
2025-02-06,64,0.799,6829.7963,6308.8724,175.16255067848533,175.16255067848533,0.0,0.0,0.0,6.848335199759731,0.0,0.0,0.0,88.34190067848544,2223.9282432250598,2223.9282432250598
2025-02-06,65,0.5025,6945.51,6347.55,1081.6000150601167,1017.29149839345,0.0,64.30851666666672,833.3333333333334,0.0,833.3333333333333,0.0,0.0,84.29816506011662,2223.9282432250598,2973.9282432250598
2025-02-06,66,0.4662,7088.9525,6192.9187,1141.4576680761238,1081.7375166872348,0.0,59.72015138888901,833.3333333333334,0.0,833.3333333333333,0.0,0.0,99.06521668723508,2973.9282432250598,3723.9282432250598
2025-02-06,67,0.5007,6932.1934,6102.7674,1174.9335310353508,1101.3473435353508,0.0,73.58618750000005,833.3333333333334,0.0,833.3333333333333,0.0,0.0,129.77634353535086,3723.9282432250598,4473.92824322506
2025-02-06,68,0.4827,6664.16,6159.225,1120.973163162558,1043.9101457780844,0.0,77.0630173844736,833.3333333333334,0.0,833.3333333333333,0.0,0.0,126.42097911141809,4473.92824322506,5223.92824322506
2025-02-06,69,0.4785,6774.8271,6236.914,1172.5038375758306,1071.1855778536087,0.0,101.31825972222191,833.3333333333334,0.0,833.3333333333333,0.0,0.0,148.20006118694232,5223.92824322506,5973.92824322506
2025-02-06,70,0.4662,6614.9184,6224.422,1157.4724733864941,1042.288177553161,0.0,115.18429583333318,833.3333333333334,0.0,833.3333333333333,0.0,0.0,143.87211088649428,5973.92824322506,6723.92824322506
2025-02-06,71,0.4432,6253.43,6193.6875,1127.4807518563712,972.8306188779752,0.0,154.65013297839596,833.3333333333334,0.0,833.3333333333333,0.0,0.0,129.5402022113085,6723.92824322506,7473.92824322506
2025-02-06,72,0.4411,6430.7434,6291.1896,1168.972902839913,884.4551684520707,0.0,284.51773438784244,833.3333333333334,0.0,833.3333333333333,0.0,0.0,27.862868452070643,7473.92824322506,8223.92824322506
2025-02-06,73,0.4551,6562.3879,6267.1513,1183.4429088234033,919.8741546567367,0.0,263.5687541666666,833.3333333333334,0.0,833.3333333333333,0.0,0.0,37.33472132340353,8223.92824322506,8973.92824322506
2025-02-06,74,0.4463,6362.83,6130.95,1167.1327110639554,896.4836207861775,0.0,270.6490902777779,833.3333333333334,0.0,833.3333333333333,0.0,0.0,24.503620786177635,8973.92824322506,9723.92824322506
2025-02-06,75,0.4113,6187.2486,6174.696,1118.847288762954,861.6947056797771,0.0,257.15258308317675,833.3333333333334,0.0,833.3333333333333,0.0,0.0,26.269272346443813,9723.92824322506,10473.92824322506
2025-02-06,76,0.5682,6365.7413,6374.1462,1164.0453531505827,416.9854852053379,0.0,747.0598679452448,362.30195197215534,0.0,362.30195197215534,0.0,0.0,56.084349899849315,10473.92824322506,10800.0
2025-02-06,77,0.8279,6692.99,6471.7125,309.37744820449234,48.05521677245511,0.0,261.32223143203726,0.0,0.0,0.0,0.0,0.0,11.175633439121839,10800.0,10800.0
2025-02-06,78,0.8636,6651.762,6238.4936,352.7438133764569,95.4567467049319,0.0,257.287066671525,0.0,0.0,0.0,0.0,0.0,26.578680038265247,10800.0,10800.0
2025-02-06,79,0.8416,6552.0172,6132.572,365.14980030155357,143.98425446822026,0.0,221.1655458333333,0.0,0.0,0.0,0.0,0.0,74.07672113488684,10800.0,10800.0
2025-02-06,80,0.8618,6608.06,6126.6375,387.2604433193522,166.71056856224627,0.0,220.54987475710593,0.0,0.0,0.0,0.0,0.0,86.47348522891275,10800.0,10800.0
2025-02-06,81,0.8623,6684.1086,5756.2187,419.9358947396997,155.52145969159332,0.0,264.4144350481064,0.0,0.0,0.0,0.0,0.0,0.873143024926776,10800.0,10800.0
2025-02-06,82,0.9026,6499.5032,5420.9953,478.0221248146481,0.0,0.0,478.0221248146481,0.0,187.4503146475422,0.0,179.75131666666675,0.0,0.0,10800.0,10600.276314814815
2025-02-06,83,0.9754,6257.32,5235.1125,0.0,0.0,0.0,0.0,0.0,229.08037485645127,0.0,170.36791666666647,0.0,0.0,10600.276314814815,10410.97862962963
2025-02-06,84,1.0002,6400.755,4924.6795,0.0,0.0,0.0,0.0,0.0,260.6772309858317,0.0,246.01258333333328,0.0,0.0,10410.97862962963,10137.631314814815
2025-02-06,85,0.9978,6307.1531,4686.0166,0.0,0.0,0.0,0.0,0.0,296.9133264833769,0.0,270.1894166666667,0.0,0.0,10137.631314814815,9837.420851851852
2025-02-06,86,1.0271,5990.44,4545.3,0.0,0.0,0.0,0.0,0.0,361.99379014127686,0.0,240.85666666666657,0.0,0.0,9837.420851851852,9569.802333333333
2025-02-06,87,1.0906,6113.5462,4298.8762,0.0,0.0,0.0,0.0,0.0,411.85910763870316,0.0,302.44500000000005,0.0,0.0,9569.802333333333,9233.752333333334
2025-02-06,88,0.9376,6317.6375,3994.5908,646.2309661086414,0.0,0.0,646.2309661086414,0.0,459.77526937722695,0.0,387.17445,0.0,0.0,9233.752333333334,8803.558500000001
2025-02-06,89,0.6694,6367.36,3693.3,1593.3906848892111,1301.9672862781,0.0,291.4233986111112,833.3333333333334,0.0,833.3333333333333,0.0,0.0,22.957286278100128,8803.558500000001,9553.558500000001
2025-02-06,90,0.66,6369.0472,3421.8913,1577.7896120984658,1333.2102334022497,0.0,244.57937869621605,833.3333333333334,0.0,833.3333333333333,0.0,0.0,8.684250068916526,9553.558500000001,10303.558500000001
2025-02-06,91,0.7217,6248.8631,3274.3927,1593.5712563907778,1366.971611117987,0.0,226.59964527279067,833.3333333333334,0.0,551.6016666666656,0.0,0.0,319.62487778465515,10303.558500000001,10800.0
2025-02-06,92,0.7308,6081.83,3149.8125,1627.4343787613388,788.9185868536505,0.0,838.5157919076884,225.61656065482464,0.0,0.0,0.0,0.0,300.2490035203173,10800.0,10800.0
2025-02-06,93,0.7534,6072.5868,2839.1895,1678.965732599554,610.7790688630145,0.0,1068.1866637365397,0.0,0.0,0.0,0.0,0.0,71.87951886301448,10800.0,10800.0
2025-02-06,94,0.7823,6153.6375,2539.608,853.1684029446682,655.4141497342858,0.0,197.75425321038233,0.0,0.0,0.0,0.0,0.0,53.07589973428571,10800.0,10800.0
2025-02-06,95,0.8055,6234.95,2287.4625,869.778207353132,682.0549769313783,0.0,187.72323042175367,0.0,0.0,0.0,0.0,0.0,24.140393598044966,10800.0,10800.0
2025-02-06,96,0.8271,6274.8648,1926.0909,921.9206308327844,736.2439920198282,0.0,185.67663881295618,0.0,0.0,0.0,0.0,0.0,11.44834201982826,10800.0,10800.0
2025-02-06,97,0.8519,6237.8934,1578.2,918.6197763593999,785.7277336387515,0.0,132.89204272064842,0.0,0.0,0.0,0.0,0.0,9.112166972084879,10800.0,10800.0
2025-02-06,98,0.8791,6166.52,1290.3375,916.943874866769,826.937862366769,0.0,90.0060125,0.0,0.0,0.0,0.0,0.0,14.240779033435729,10800.0,10800.0
2025-02-06,99,0.9024,6149.214,988.9297,936.2099890643776,872.0919909907861,0.0,64.11799807359148,0.0,0.0,0.0,0.0,0.0,12.044607657452843,10800.0,10800.0
2025-02-06,100,0.9163,6152.7943,712.3699,971.6632058633172,924.9531223372252,0.0,46.710083526092035,0.0,0.0,0.0,0.0,0.0,18.215722337225316,10800.0,10800.0
2025-02-06,101,0.9264,6163.46,456.2625,1009.7793228053223,991.7573788923083,0.0,18.021943913013956,0.0,0.0,0.0,0.0,0.0,40.55779555897493,10800.0,10800.0
2025-02-06,102,0.9462,6194.6798,185.6699,1024.1915968825308,1007.9931891829655,0.0,16.198407699565337,0.0,0.0,0.0,0.0,0.0,6.491539182965653,10800.0,10800.0
2025-02-06,103,0.9742,6174.664,26.7105,1045.372354668821,1024.6644796688208,0.0,20.707875000000058,0.0,0.0,0.0,0.0,0.0,0.005563002154076457,10800.0,10800.0
2025-02-06,104,0.9862,6196.74,0.0,1043.6027793998257,1036.9056071776033,0.0,6.697172222222434,0.0,0.0,0.0,0.0,0.0,4.115607177603351,10800.0,10800.0
2025-02-06,105,0.976,6287.1803,0.0,1070.698648449494,1068.4170204835477,0.0,2.2816279659461998,0.0,0.0,0.0,0.0,0.0,20.5536371502144,10800.0,10800.0
2025-02-06,106,1.0742,5525.683,0.1372,944.2516932399285,938.6957182399286,0.0,5.555974999999876,0.0,0.0,0.0,0.0,0.0,17.771418239928607,10800.0,10800.0
2025-02-06,107,1.2313,4336.56,0.0,739.5089996339912,739.5089996339912,0.0,0.0,0.0,0.0,0.0,0.0,0.0,16.748999633991048,10800.0,10800.0
2025-02-06,108,1.2561,4179.4467,0.0,716.1904577880165,716.1904577880165,0.0,0.0,0.0,1.6370904631912707e-12,0.0,0.0,0.0,19.616007788016418,10800.0,10800.0
2025-02-06,109,1.2447,4352.2859,0.0098,758.9711248968609,758.9711248968609,0.0,0.0,0.0,0.0,0.0,0.0,0.0,33.5917748968609,10800.0,10800.0
2025-02-06,110,1.2545,4283.71,0.0,751.736523596357,751.736523596357,0.0,0.0,0.0,0.0,0.0,0.0,0.0,37.78485692969025,10800.0,10800.0
2025-02-06,111,1.2522,4132.7538,0.0,745.7097434683739,745.7097434683739,0.0,0.0,0.0,0.0,0.0,0.0,0.0,56.91744346837379,10800.0,10800.0
2025-02-06,112,1.2881,4207.6564,0.0,258.2536066433702,258.2536066433702,0.0,0.0,0.0,458.8331187565916,0.0,443.0224600232965,0.0,0.0,10800.0,10307.752822196337
2025-02-06,113,1.3466,4428.7,0.0,0.0,0.0,0.0,0.0,0.0,735.5989342606086,0.0,735.5989342606086,2.5177324060580304,0.0,10307.752822196337,9490.420673017883
2025-02-06,114,1.3523,4420.9672,0.0,0.0,0.0,0.0,0.0,0.0,735.5122356350638,0.0,735.5122356350638,1.315631031602834,0.0,9490.420673017883,8673.18485564559
2025-02-06,115,1.3445,4294.9882,0.0,0.0,0.0,0.0,0.0,0.0,758.0312867323883,0.0,715.8313666666667,0.0,0.0,8673.18485564559,7877.816670460405
2025-02-06,116,1.3483,4184.43,0.0,0.0,0.0,0.0,0.0,0.0,770.5625270565846,0.0,697.4050000000001,0.0,0.0,7877.816670460405,7102.92222601596
2025-02-06,117,1.349,4115.8736,0.0,0.0,0.0,0.0,0.0,0.0,763.1695002421393,0.0,685.9789333333333,0.0,0.0,7102.92222601596,6340.723411201146
2025-02-06,118,1.3473,4099.3943,0.0,0.0,0.0,0.0,0.0,0.0,744.9992665379564,0.0,683.2323833333334,0.0,0.0,6340.723411201146,5581.576318608553
2025-02-06,119,1.3482,4155.24,0.0,0.0,0.0,0.0,0.0,0.0,745.8299082621575,0.0,692.54,0.0,0.0,5581.576318608553,4812.087429719664
2025-02-06,120,1.3513,4284.5026,0.0,0.0,0.0,0.0,0.0,0.0,725.8535231402133,0.0,714.0837666666666,0.0,0.0,4812.087429719664,4018.661022312257
2025-02-06,121,1.34,4365.2546,0.0,0.0,0.0,0.0,0.0,0.0,728.9479753691048,0.0,727.5424333333334,0.0,0.0,4018.661022312257,3210.2805408307754
2025-02-06,122,1.3489,4387.52,0.0,0.0,0.0,0.0,0.0,0.0,743.6901499719369,0.0,731.2533333333334,0.0,0.0,3210.2805408307754,2397.7768371270718
2025-02-06,123,1.3952,4417.887,0.0,0.0,0.0,0.0,0.0,0.0,728.9715740352535,0.0,728.9715740352535,7.342925964746428,0.0,2397.7768371270718,1587.8084215323456
2025-02-06,124,1.2226,4276.9982,0.0,730.2264818373161,730.2264818373161,0.0,0.0,0.0,0.0,0.0,0.0,0.0,17.393448503982768,1587.8084215323456,1587.8084215323456
2025-02-06,125,0.9332,4159.27,0.0,732.0620989941408,732.0620989941408,0.0,0.0,0.0,0.0,0.0,0.0,0.0,38.850432327474095,1587.8084215323456,1587.8084215323456
2025-02-06,126,0.9068,4434.6906,0.0,718.7125827721119,718.7125827721119,0.0,0.0,0.0,0.0,0.0,0.0,20.402517227888097,0.0,1587.8084215323456,1587.8084215323456
2025-02-06,127,0.9371,4468.5287,0.0,705.1964162471081,705.1964162471081,0.0,0.0,0.0,0.0,0.0,0.0,39.55836708622519,0.0,1587.8084215323456,1587.8084215323456
2025-02-06,128,0.9371,4287.12,0.0,736.9680566474061,736.9680566474061,0.0,0.0,0.0,0.0,0.0,0.0,0.0,22.448056647406133,1587.8084215323456,1587.8084215323456
2025-02-06,129,0.9871,4463.2525,0.0,781.6251138561225,781.6251138561225,0.0,0.0,0.0,0.0,0.0,0.0,0.0,37.7496971894559,1587.8084215323456,1587.8084215323456
2025-02-06,130,0.7764,4144.5334,0.0,728.4650367943415,728.4650367943415,0.0,0.0,0.0,0.0,0.0,0.0,0.0,37.70947012767476,1587.8084215323456,1587.8084215323456
2025-02-06,131,0.4209,3413.57,0.0,619.5462109420499,619.5462109420499,0.0,0.0,0.0,0.0,0.0,0.0,0.0,50.617877608716526,1587.8084215323456,1587.8084215323456
2025-02-06,132,0.3859,3286.6188,0.0,576.4208369592886,576.4208369592886,0.0,0.0,0.0,0.0,0.0,0.0,0.0,28.651036959288604,1587.8084215323456,1587.8084215323456
2025-02-06,133,0.4368,3334.1493,0.0,575.1620161312915,575.1620161312915,0.0,0.0,0.0,0.0,0.0,0.0,0.0,19.47046613129146,1587.8084215323456,1587.8084215323456
2025-02-06,134,0.4198,3322.07,0.0,582.8881453106933,582.8881453106933,0.0,0.0,0.0,0.0,0.0,0.0,0.0,29.20981197735989,1587.8084215323456,1587.8084215323456
2025-02-06,135,0.4186,3459.2504,0.0,576.7310485793017,576.7310485793017,0.0,0.0,0.0,0.0,0.0,0.0,0.0,0.18931524596837335,1587.8084215323456,1587.8084215323456
2025-02-06,136,0.4241,3460.9125,0.0,560.0584543824729,560.0584543824729,0.0,0.0,0.0,0.0,0.0,0.0,16.760295617527163,0.0,1587.8084215323456,1587.8084215323456
2025-02-06,137,0.4237,3350.57,0.0,530.882800817248,530.882800817248,0.0,0.0,0.0,0.0,0.0,0.0,27.54553251608536,0.0,1587.8084215323456,1587.8084215323456
2025-02-06,138,0.4248,3427.9108,0.0,566.7440574609867,566.7440574609867,0.0,0.0,0.0,0.0,0.0,0.0,4.574409205680013,0.0,1587.8084215323456,1587.8084215323456
2025-02-06,139,0.424,3371.0317,0.0,597.8366341531623,597.8366341531623,0.0,0.0,0.0,0.0,0.0,0.0,0.0,35.998017486495655,1587.8084215323456,1587.8084215323456
2025-02-06,140,0.422,3281.05,0.0,593.8712186598403,593.8712186598403,0.0,0.0,0.0,0.0,0.0,0.0,0.0,47.02955199317364,1587.8084215323456,1587.8084215323456
2025-02-06,141,0.424,3518.3223,0.0,585.4790671379974,585.4790671379974,0.0,0.0,0.0,0.0,0.0,0.0,0.907982862002541,0.0,1587.8084215323456,1587.8084215323456
2025-02-06,142,0.4271,3204.4529,0.0,557.0930015871103,557.0930015871103,0.0,0.0,0.0,0.0,0.0,0.0,0.0,23.01751825377687,1587.8084215323456,1587.8084215323456
2025-02-06,143,0.4276,2446.62,0.0,478.100423625206,478.100423625206,0.0,0.0,0.0,0.0,0.0,0.0,0.0,70.33042362520604,1587.8084215323456,1587.8084215323456
2025-02-07,0,0.4248,2317.5067,0.0,1314.4500066534197,1314.4500066534197,0.0,0.0,833.3333333333334,0.0,833.3333333333333,0.0,0.0,94.86555665341984,1587.8084215323456,2337.8084215323456
2025-02-07,1,0.4245,2551.5967,0.0,1359.3865948118764,1359.3865948118764,0.0,0.0,833.3333333333334,0.0,833.3333333333333,0.0,0.0,100.78714481187649,2337.8084215323456,3087.8084215323456
2025-02-07,2,0.4269,2681.61,0.0,1369.4205495994638,1369.4205495994638,0.0,0.0,833.3333333333334,0.0,833.3333333333333,0.0,0.0,89.15221626613061,3087.8084215323456,3837.8084215323456
2025-02-07,3,0.4272,2515.519,0.0,1329.479689796069,1329.479689796069,0.0,0.0,833.3333333333334,0.0,833.3333333333333,0.0,0.0,76.89318979606901,3837.8084215323456,4587.808421532345
2025-02-07,4,0.4271,2360.9112,0.0,1316.180215827321,1316.180215827321,0.0,0.0,833.3333333333334,0.0,833.3333333333333,0.0,0.0,89.3616824939877,4587.808421532345,5337.808421532345
2025-02-07,5,0.4285,2352.1,0.0,1343.641116945449,1343.641116945449,0.0,0.0,833.3333333333334,0.0,833.3333333333333,0.0,0.0,118.29111694544918,5337.808421532345,6087.808421532345
2025-02-07,6,0.4311,2377.9897,0.0,501.7491477173962,501.7491477173962,0.0,0.0,0.0,0.0,0.0,0.0,0.0,105.41753105072956,6087.808421532345,6087.808421532345
2025-02-07,7,0.4302,2522.902,0.0,472.0434465003711,472.0434465003711,0.0,0.0,0.0,0.0,0.0,0.0,0.0,51.5597798337044,6087.808421532345,6087.808421532345
2025-02-07,8,0.4279,2714.13,0.0,1319.3802628465714,1319.3802628465714,0.0,0.0,833.3333333333334,0.0,833.3333333333333,0.0,0.0,33.691929513238165,6087.808421532345,6837.808421532345
2025-02-07,9,0.4312,2740.8987,0.0,1367.5781213174332,1367.5781213174332,0.0,0.0,833.3333333333334,0.0,833.3333333333333,0.0,0.0,77.42833798409993,6837.808421532345,7587.808421532345
2025-02-07,10,0.4333,2676.2771,0.0,1368.208152702936,1368.208152702936,0.0,0.0,833.3333333333334,0.0,833.3333333333333,0.0,0.0,88.82863603626947,7587.808421532345,8337.808421532345
2025-02-07,11,0.4311,2656.34,0.0,502.4334148565686,502.4334148565686,0.0,0.0,0.0,0.0,0.0,0.0,0.0,59.71008152323526,8337.808421532345,8337.808421532345
2025-02-07,12,0.4293,2761.4582,0.0,1343.3963169715623,1343.3963169715623,0.0,0.0,833.3333333333334,0.0,833.3333333333333,0.0,0.0,49.819950304895656,8337.808421532345,9087.808421532345
2025-02-07,13,0.4324,2891.9185,0.0,519.2337716582907,519.2337716582907,0.0,0.0,0.0,0.0,0.0,0.0,0.0,37.247354991624036,9087.808421532345,9087.808421532345
2025-02-07,14,0.4367,2942.14,0.0,527.8435990558124,527.8435990558124,0.0,0.0,0.0,0.0,0.0,0.0,0.0,37.48693238914581,9087.808421532345,9087.808421532345
2025-02-07,15,0.4348,2881.5252,0.0,522.1019595178392,522.1019595178392,0.0,0.0,0.0,0.0,0.0,0.0,0.0,41.847759517839165,9087.808421532345,9087.808421532345
2025-02-07,16,0.4335,2818.7568,0.0,548.2349873328533,548.2349873328533,0.0,0.0,0.0,0.0,0.0,0.0,0.0,78.44218733285328,9087.808421532345,9087.808421532345
2025-02-07,17,0.4357,2794.84,0.0,569.9832899312842,569.9832899312842,0.0,0.0,0.0,0.0,0.0,0.0,0.0,104.17662326461749,9087.808421532345,9087.808421532345
2025-02-07,18,0.4374,2789.3528,0.0,579.6139374106104,579.6139374106104,0.0,0.0,0.0,0.0,0.0,0.0,0.0,114.72180407727711,9087.808421532345,9087.808421532345
2025-02-07,19,0.4371,2932.7084,0.0,564.0004510859193,564.0004510859193,0.0,0.0,0.0,0.0,0.0,0.0,0.0,75.21571775258593,9087.808421532345,9087.808421532345
2025-02-07,20,0.4356,3127.28,0.0,554.3239038084276,554.3239038084276,0.0,0.0,0.0,0.0,0.0,0.0,0.0,33.11057047509428,9087.808421532345,9087.808421532345
2025-02-07,21,0.4353,3096.29,0.0,517.6019209413219,517.6019209413219,0.0,0.0,0.0,0.0,0.0,0.0,0.0,1.553587607988561,9087.808421532345,9087.808421532345
2025-02-07,22,0.436,2919.171,0.0,552.7923674656752,552.7923674656752,0.0,0.0,0.0,0.0,0.0,0.0,0.0,66.26386746567522,9087.808421532345,9087.808421532345
2025-02-07,23,0.4378,2888.65,0.0,591.5780853544725,591.5780853544725,0.0,0.0,0.0,0.0,0.0,0.0,0.0,110.13641868780581,9087.808421532345,9087.808421532345
2025-02-07,24,0.4401,3198.0765,0.0,599.5590437430005,599.5590437430005,0.0,0.0,0.0,0.0,0.0,0.0,0.0,66.54629374300055,9087.808421532345,9087.808421532345
2025-02-07,25,0.4389,3197.1951,0.0,581.7685463893362,581.7685463893362,0.0,0.0,0.0,0.0,0.0,0.0,0.0,48.90269638933614,9087.808421532345,9087.808421532345
2025-02-07,26,0.4364,2913.97,0.0,810.086149932614,810.086149932614,0.0,0.0,235.76842051961648,0.0,235.76842051961648,0.0,0.0,88.65606274633092,9087.808421532345,9300.0
2025-02-07,27,0.4393,3005.0418,0.0,559.33891376302,559.33891376302,0.0,0.0,0.0,0.0,0.0,0.0,0.0,58.49861376301993,9300.0,9300.0
2025-02-07,28,0.4422,3101.0153,0.0,549.7235453921046,549.7235453921046,0.0,0.0,0.0,0.0,0.0,0.0,0.0,32.8876620587713,9300.0,9300.0
2025-02-07,29,0.4395,3045.64,0.0,553.1798726406381,553.1798726406381,0.0,0.0,0.0,0.0,0.0,0.0,0.0,45.57320597397148,9300.0,9300.0
2025-02-07,30,0.4333,3066.5776,0.0027,544.2463780199708,544.2463780199708,0.0,0.0,0.0,0.0,0.0,0.0,0.0,33.15056135330417,9300.0,9300.0
2025-02-07,31,0.4439,3021.8955,0.0,601.0078641114093,601.0078641114093,0.0,0.0,0.0,0.0,0.0,0.0,0.0,97.35861411140928,9300.0,9300.0
2025-02-07,32,0.4301,2956.6,0.0,1454.1646804545458,1454.1646804545458,0.0,0.0,833.3333333333334,0.0,833.3333333333333,0.0,0.0,128.06468045454585,9300.0,10050.0
2025-02-07,33,0.3713,3070.6652,0.0373,1406.1680489325915,1406.1680489325915,0.0,0.0,833.3333333333334,0.0,833.3333333333333,0.0,0.0,61.063398932591554,10050.0,10800.0
2025-02-07,34,0.5708,3065.3656,0.0,592.540617524428,592.540617524428,0.0,0.0,0.0,0.0,0.0,0.0,0.0,81.64635085776126,10800.0,10800.0
2025-02-07,35,0.9099,2965.84,0.0,0.0,0.0,0.0,0.0,0.0,615.1088933502765,0.0,494.3066666666667,0.0,0.0,10800.0,10250.77037037037
2025-02-07,36,0.9368,3091.0776,0.5196,0.0,0.0,0.0,0.0,0.0,643.1312967341032,0.0,515.0930000000001,0.0,0.0,10250.77037037037,9678.444814814815
2025-02-07,37,0.8758,3146.1675,0.0,0.0,0.0,0.0,0.0,0.0,657.1836522206607,0.0,524.36125,0.0,0.0,9678.444814814815,9095.821203703705
2025-02-07,38,0.8759,3072.82,0.0,0.0,0.0,0.0,0.0,0.0,643.472427991653,0.0,512.1366666666667,0.0,0.0,9095.821203703705,8526.780462962965
2025-02-07,39,0.8601,3148.9148,35.1032,0.0,0.0,0.0,0.0,0.0,629.8562855083547,0.0,518.9685999999999,0.0,0.0,8526.780462962965,7950.148685185187
2025-02-07,40,0.8442,3409.6004,193.3757,0.0,0.0,0.0,0.0,0.0,639.7416654759975,0.0,536.0374499999999,0.0,0.0,7950.148685185187,7354.55151851852
2025-02-07,41,0.8334,3661.85,448.1625,0.0,0.0,0.0,0.0,0.0,606.2903497302124,0.0,535.6145833333333,0.0,0.0,7354.55151851852,6759.424203703706
2025-02-07,42,0.8092,3661.7567,684.7955,0.0,0.0,0.0,0.0,0.0,600.1462676289148,0.0,496.1602,0.0,0.0,6759.424203703706,6208.135092592594
2025-02-07,43,0.7972,3602.3877,954.3876,468.3508331870085,468.3508331870085,0.0,0.0,0.0,94.30668788573502,0.0,0.0,0.0,27.01748318700845,6208.135092592594,6208.135092592594
2025-02-07,44,0.7644,3512.37,1245.3375,483.6873556475794,480.58412284985553,0.0,3.1032327977238765,0.0,0.0,0.0,0.0,0.0,102.74537284985558,6208.135092592594,6208.135092592594
2025-02-07,45,0.6899,3283.0895,1481.5212,470.0001654527155,464.9261404527155,0.0,5.074025000000006,0.0,0.0,0.0,0.0,0.0,164.6647571193821,6208.135092592594,6208.135092592594
2025-02-07,46,0.86,3332.6611,1746.1616,0.0,0.0,0.0,0.0,0.0,427.854589499287,0.0,264.4165833333333,0.0,0.0,6208.135092592594,5914.338888888891
2025-02-07,47,1.1617,3617.51,2051.0625,0.0,0.0,0.0,0.0,0.0,444.95163360856503,0.0,261.0745833333334,0.0,0.0,5914.338888888891,5624.256018518521
2025-02-07,48,1.1683,3666.7599,2313.9453,0.0,0.0,0.0,0.0,0.0,417.0511923262491,0.0,225.46910000000008,0.0,0.0,5624.256018518521,5373.734796296299
2025-02-07,49,1.0956,3671.7789,2526.3179,0.0,0.0,0.0,0.0,0.0,357.7148989028654,0.0,190.9101666666666,0.0,0.0,5373.734796296299,5161.6123888888915
2025-02-07,50,1.0849,3674.24,2709.6,0.0,0.0,0.0,0.0,0.0,310.9008301600591,0.0,160.77333333333337,0.0,0.0,5161.6123888888915,4982.975351851855
2025-02-07,51,1.061,3554.5827,2890.7837,0.0,0.0,0.0,0.0,0.0,282.7119154299418,0.0,110.63316666666663,0.0,0.0,4982.975351851855,4860.049611111114
2025-02-07,52,1.043,3801.4018,3080.6264,0.0,0.0,0.0,0.0,0.0,274.0776749300998,0.0,120.12923333333333,0.0,0.0,4860.049611111114,4726.572685185189
2025-02-07,53,1.036,4281.98,3340.2,0.0,0.0,0.0,0.0,0.0,314.4433649056184,0.0,156.96333333333337,0.0,0.0,4726.572685185189,4552.168981481485
2025-02-07,54,1.0147,4321.5445,3707.4358,0.0,0.0,0.0,0.0,0.0,293.44186573036563,0.0,102.35145,0.0,0.0,4552.168981481485,4438.445148148152
2025-02-07,55,0.9922,4174.4885,3927.0715,0.0,0.0,0.0,0.0,0.0,231.90246353554053,0.0,41.23616666666669,0.0,0.0,4438.445148148152,4392.627185185189
2025-02-07,56,0.97,4104.81,4063.725,0.0,0.0,0.0,0.0,0.0,129.32362925678035,0.0,6.847500000000082,0.0,0.0,4392.627185185189,4385.018851851855
2025-02-07,57,0.9422,4125.0966,4431.4919,0.0,0.0,0.0,0.0,0.0,98.91982507993589,0.0,0.0,0.0,51.06588333333343,4385.018851851855,4385.018851851855
2025-02-07,58,0.9569,4171.508,4781.5797,0.0,0.0,0.0,0.0,0.0,48.27081679239245,0.0,0.0,0.0,101.67861666666681,4385.018851851855,4385.018851851855
2025-02-07,59,0.9977,4261.89,5045.7,0.0,0.0,0.0,0.0,7.064687468655696,0.0,7.064687468655696,0.0,0.0,123.57031253134419,4385.018851851855,4391.377070573645
2025-02-07,60,0.9919,4434.4978,5396.0228,0.0,0.0,0.0,0.0,37.36219413377163,0.0,37.36219413377163,0.0,0.0,122.89197253289498,4391.377070573645,4425.00304529404
2025-02-07,61,0.9588,4428.4811,5672.5073,0.0,0.0,0.0,0.0,59.023236788214945,0.0,59.023236788214945,0.0,0.0,148.3144632117851,4425.00304529404,4478.123958403434
2025-02-07,62,0.9549,4186.2,5814.2625,0.0,0.0,0.0,0.0,79.50498090453296,0.0,79.50498090453296,0.0,0.0,191.83876909546706,4478.123958403434,4549.678441217514
2025-02-07,63,0.9839,3928.6528,5929.507,0.0,0.0,0.0,0.0,46.521986723509904,0.0,46.521986723509904,0.0,0.0,286.9537132764901,4549.678441217514,4591.548229268673
2025-02-07,64,0.799,3863.6249,6057.9439,0.0,0.0,0.0,0.0,97.56688090857249,0.0,97.56688090857249,0.0,0.0,268.15295242476094,4591.548229268673,4679.358422086389
2025-02-07,65,0.5025,3930.87,6178.3875,661.3761190063706,0.0,0.0,661.3761190063706,180.5390156157573,0.0,180.5390156157573,0.0,0.0,194.04723438424276,4679.358422086389,4841.84353614057
2025-02-07,66,0.4662,3906.4129,6283.8127,651.1022402260068,647.0213962699571,0.0,4.080843956049648,833.3333333333334,0.0,833.3333333333333,0.0,0.0,209.92136293662406,4841.84353614057,5591.84353614057
2025-02-07,67,0.5007,3947.7974,6574.2024,614.5696354080076,185.97749523150623,0.0,428.59214017650135,370.1871014901655,0.0,370.1871014901655,0.0,0.0,253.5245604080074,5591.84353614057,5925.011927481719
2025-02-07,68,0.4827,4078.44,6926.25,629.3861453084412,629.3861453084412,0.0,0.0,827.5407250000004,0.0,827.5407250000004,0.0,0.0,276.4804203084408,5925.011927481719,6669.79857998172
2025-02-07,69,0.4785,4123.2356,6977.6058,658.7118707491012,584.9576692447463,0.0,73.75420150435491,833.3333333333334,0.0,833.3333333333333,0.0,0.0,227.35270257807974,6669.79857998172,7419.79857998172
2025-02-07,70,0.4662,4044.6803,6907.6196,638.3956503900595,524.1647171695337,0.0,114.2309332205258,833.3333333333334,0.0,833.3333333333333,0.0,0.0,167.98793383620045,7419.79857998172,8169.79857998172
2025-02-07,71,0.4432,3891.36,6941.25,610.8828349777491,464.0735738065283,0.0,146.80926117122078,833.3333333333334,0.0,833.3333333333333,0.0,0.0,139.05524047319489,8169.79857998172,8919.79857998172
2025-02-07,72,0.4411,3793.2051,7134.8249,691.9361220408241,0.0,0.0,691.9361220408241,0.0,0.0,0.0,0.0,0.0,556.9366333333331,8919.79857998172,8919.79857998172
2025-02-07,73,0.4551,3982.75,7256.5787,668.6298632246783,0.0,0.0,668.6298632246783,0.0,0.0,0.0,0.0,0.0,545.6381166666666,8919.79857998172,8919.79857998172
2025-02-07,74,0.4463,4120.85,7246.2375,583.2044253066409,0.0,0.0,583.2044253066409,0.0,0.0,0.0,0.0,0.0,520.8979166666666,8919.79857998172,8919.79857998172
2025-02-07,75,0.4113,3654.1618,7244.9559,616.8688450539637,0.0,0.0,616.8688450539637,0.0,0.0,0.0,0.0,0.0,598.4656833333332,8919.79857998172,8919.79857998172
2025-02-07,76,0.5682,3509.9755,7230.5602,80.46713175793664,0.0,0.0,80.46713175793664,4.625929269271486e-14,0.0,4.625929269271486e-14,0.0,0.0,620.0974500000001,8919.79857998172,8919.79857998172
2025-02-07,77,0.8279,3860.87,7157.625,0.0,0.0,0.0,0.0,343.4381241848944,0.0,343.4381241848944,0.0,0.0,206.02104248177227,8919.79857998172,9228.892891748124
2025-02-07,78,0.8636,3953.5463,7016.6794,0.0,0.0,0.0,0.0,337.46425375377095,0.0,337.46425375377095,0.0,0.0,173.05792957956243,9228.892891748124,9532.610720126519
2025-02-07,79,0.8416,3854.169,6860.6822,0.0,0.0,0.0,0.0,64.66949580604346,0.0,64.66949580604346,0.0,0.0,436.4160375272899,9532.610720126519,9590.813266351957
2025-02-07,80,0.8618,3783.97,6748.65,0.0,0.0,0.0,0.0,276.2360260573578,0.0,276.2360260573578,0.0,0.0,217.87730727597545,9590.813266351957,9839.42568980358
2025-02-07,81,0.8623,3831.0188,6677.5354,0.0,0.0,0.0,0.0,269.69158689980077,0.0,269.69158689980077,0.0,0.0,204.7278464335326,9839.42568980358,10082.148118013401
2025-02-07,82,0.9026,3809.2441,6445.8818,0.0,0.0,0.0,0.0,253.6969315525084,0.0,253.6969315525084,0.0,0.0,185.74268511415838,10082.148118013401,10310.47535641066
2025-02-07,83,0.9754,3682.71,6088.05,0.0,0.0,0.0,0.0,229.57715669987738,0.0,229.57715669987738,0.0,0.0,171.31284330012272,10310.47535641066,10517.09479744055
2025-02-07,84,1.0002,3596.7205,5845.1187,0.0,0.0,0.0,0.0,183.76343925657648,0.0,183.76343925657648,0.0,0.0,190.96959407675695,10517.09479744055,10682.48189277147
2025-02-07,85,0.9978,3551.9824,5641.0214,0.0,0.0,0.0,0.0,130.57567469836826,0.0,130.57567469836712,0.0,0.0,217.59749196829947,10682.48189277147,10800.0
2025-02-07,86,1.0271,3565.06,5254.725,0.0,0.0,0.0,0.0,0.0,0.0,0.0,0.0,0.0,281.6108333333334,10800.0,10800.0
2025-02-07,87,1.0906,3659.5606,4581.7963,0.0,0.0,0.0,0.0,0.0,0.0,0.0,0.0,0.0,153.70595000000003,10800.0,10800.0
2025-02-07,88,0.9376,3677.6437,4202.6088,0.0,0.0,0.0,0.0,0.0,41.53279920169174,0.0,0.0,0.0,87.49418333333335,10800.0,10800.0
2025-02-07,89,0.6694,3597.27,4146.675,286.1756651275054,47.59066620787712,0.0,238.58499891962828,0.0,0.0,0.0,0.0,0.0,139.15816620787723,10800.0,10800.0
2025-02-07,90,0.66,3530.6448,3887.7772,896.9143214592159,171.78507662306563,0.0,725.1292448361503,51.275060742829936,0.0,0.0,0.0,0.0,231.30714328973227,10800.0,10800.0
2025-02-07,91,0.7217,3410.6488,3559.0417,349.64894620144287,170.98352292209879,0.0,178.66542327934408,0.0,0.0,0.0,0.0,0.0,195.71567292209886,10800.0,10800.0
2025-02-07,92,0.7308,3367.78,3267.7125,385.7957849440122,160.91738693526887,0.0,224.87839800874335,0.0,0.0,0.0,0.0,0.0,144.23947026860208,10800.0,10800.0
2025-02-07,93,0.7534,3604.4523,2941.9408,400.7184420432116,234.40588302476317,0.0,166.31255901844844,0.0,0.0,0.0,0.0,0.0,123.98729969142994,10800.0,10800.0
2025-02-07,94,0.7823,3657.2982,2588.9419,442.31699133534795,286.31404229163235,0.0,156.0029490437156,0.0,0.0,0.0,0.0,0.0,108.25465895829893,10800.0,10800.0
2025-02-07,95,0.8055,3447.46,2255.85,469.17164930175085,308.9993881920484,0.0,160.17226110970245,0.0,0.0,0.0,0.0,0.0,110.3977215253816,10800.0,10800.0
2025-02-07,96,0.8271,3370.2341,1980.2832,513.8621656615984,372.7287000711055,0.0,141.1334655904929,0.0,0.0,0.0,0.0,0.0,141.07021673777217,10800.0,10800.0
2025-02-07,97,0.8519,3496.4442,1693.0977,543.5685826066813,451.8339237175707,0.0,91.73465888911056,0.0,0.0,0.0,0.0,0.0,151.2761737175707,10800.0,10800.0
2025-02-07,98,0.8791,3661.3,1370.6625,577.3310057188432,503.06702260177946,0.0,74.26398311706379,0.0,0.0,0.0,0.0,0.0,121.29410593511273,10800.0,10800.0
2025-02-07,99,0.9024,3587.1481,1054.9659,574.0171789543305,530.5377588330995,0.0,43.47942012123099,0.0,0.0,0.0,0.0,0.0,108.50739216643274,10800.0,10800.0
2025-02-07,100,0.9163,3154.6085,760.144,551.1250885830951,515.2305591454029,0.0,35.8945294376922,0.0,0.0,0.0,0.0,0.0,116.1531424787363,10800.0,10800.0
2025-02-07,101,0.9264,2651.27,476.0625,514.7695029706941,514.7695029706941,0.0,0.0,0.0,0.0,0.0,0.0,0.0,152.2349196373608,10800.0,10800.0
2025-02-07,102,0.9462,2549.0755,202.4186,567.213365425713,567.213365425713,0.0,0.0,0.0,0.0,0.0,0.0,0.0,176.10388209237976,10800.0,10800.0
2025-02-07,103,0.9742,2602.1399,39.3477,596.6751396560506,596.6751396560506,0.0,0.0,0.0,0.0,0.0,0.0,0.0,169.54310632271728,10800.0,10800.0
2025-02-07,104,0.9862,2559.3,0.0,586.5703969220622,577.8256274776178,0.0,8.744769444444387,0.0,0.0,0.0,0.0,0.0,151.27562747761777,10800.0,10800.0
2025-02-07,105,0.976,2428.6276,0.0,587.0944974353575,587.0944974353575,0.0,0.0,0.0,0.0,0.0,0.0,0.0,182.3232307686909,10800.0,10800.0
2025-02-07,106,1.0742,2521.5602,0.6831,555.7706154409663,553.3597237742997,0.0,2.4108916666665436,0.0,0.0,0.0,0.0,0.0,133.21354044096637,10800.0,10800.0
2025-02-07,107,1.2313,2750.66,0.0,230.09587545763128,230.09587545763128,0.0,0.0,0.0,303.1200774414173,0.0,228.34745787570205,0.0,0.0,10800.0,10546.280602360332
2025-02-07,108,1.2561,2702.5994,0.0,0.0,0.0,0.0,0.0,0.0,510.00567089121176,0.0,450.43323333333336,0.0,0.0,10546.280602360332,10045.79923198996
2025-02-07,109,1.2447,2548.591,0.049,0.0,0.0,0.0,0.0,0.0,522.4670427599784,0.0,424.75699999999995,0.0,0.0,10045.79923198996,9573.847009767738
2025-02-07,110,1.2545,2544.49,0.0,0.0,0.0,0.0,0.0,0.0,512.5107618209976,0.0,424.08166666666665,0.0,0.0,9573.847009767738,9102.645157915886
2025-02-07,111,1.2522,2766.331,0.0,0.0,0.0,0.0,0.0,0.0,494.1725421956617,0.0,461.0551666666667,0.0,0.0,9102.645157915886,8590.361639397368
2025-02-07,112,1.2881,2856.1812,0.0035,0.0,0.0,0.0,0.0,0.0,486.76726752007215,0.0,476.02961666666664,0.0,0.0,8590.361639397368,8061.439843101071
2025-02-07,113,1.3466,2770.64,0.0,0.0,0.0,0.0,0.0,0.0,548.9465312205944,0.0,461.7733333333333,0.0,0.0,8061.439843101071,7548.35836161959
2025-02-07,114,1.3523,2771.0269,0.0,0.0,0.0,0.0,0.0,0.0,564.3197115061342,0.0,461.83781666666664,0.0,0.0,7548.35836161959,7035.20523198996
2025-02-07,115,1.3445,2665.6767,0.0,0.0,0.0,0.0,0.0,0.0,512.1038424561272,0.0,444.27945,0.0,0.0,7035.20523198996,6541.561398656627
2025-02-07,116,1.3483,2538.61,0.0,0.0,0.0,0.0,0.0,0.0,526.0120800082132,0.0,423.1016666666667,0.0,0.0,6541.561398656627,6071.448435693664
2025-02-07,117,1.349,2700.751,0.0,0.0,0.0,0.0,0.0,0.0,533.7217717138551,0.0,450.1251666666667,0.0,0.0,6071.448435693664,5571.309361619589
2025-02-07,118,1.3473,2813.0736,0.0,0.0,0.0,0.0,0.0,0.0,517.9826579907361,0.0,468.84560000000005,0.0,0.0,5571.309361619589,5050.369806064034
2025-02-07,119,1.3482,2750.18,0.0,0.0,0.0,0.0,0.0,0.0,535.193281882977,0.0,458.3633333333333,0.0,0.0,5050.369806064034,4541.077213471441
2025-02-07,120,1.3513,2711.7362,0.0,0.0,0.0,0.0,0.0,0.0,525.6751633955952,0.0,451.9560333333333,0.0,0.0,4541.077213471441,4038.9038431010704
2025-02-07,121,1.34,2682.1524,0.0,0.0,0.0,0.0,0.0,0.0,517.5751161465138,0.0,447.0254,0.0,0.0,4038.9038431010704,3542.2089542121817
2025-02-07,122,1.3489,2730.06,0.0,0.0,0.0,0.0,0.0,0.0,546.004304072011,0.0,455.01,0.0,0.0,3542.2089542121817,3036.642287545515
2025-02-07,123,1.3952,2946.4209,0.0,0.0,0.0,0.0,0.0,0.0,558.1947965436206,0.0,491.07015,0.0,0.0,3036.642287545515,2491.008787545515
2025-02-07,124,1.2226,2964.3955,0.0,519.1721466473119,519.1721466473119,0.0,0.0,0.0,0.0,0.0,0.0,0.0,25.106229980645253,2491.008787545515,2491.008787545515
2025-02-07,125,0.9332,2795.77,0.0,491.9604263461859,491.9604263461859,0.0,0.0,0.0,0.0,0.0,0.0,0.0,25.998759679519253,2491.008787545515,2491.008787545515
2025-02-07,126,0.9068,2813.9795,0.0,516.4217328334553,516.4217328334553,0.0,0.0,0.0,0.0,0.0,0.0,0.0,47.42514950012196,2491.008787545515,2491.008787545515
2025-02-07,127,0.9371,2869.6311,0.0,544.3396051166733,544.3396051166733,0.0,0.0,0.0,0.0,0.0,0.0,0.0,66.06775511667325,2491.008787545515,2491.008787545515
2025-02-07,128,0.9371,2884.94,0.0,563.2148416099923,563.2148416099923,0.0,0.0,0.0,0.0,0.0,0.0,0.0,82.39150827665895,2491.008787545515,2491.008787545515
2025-02-07,129,0.9871,2903.8178,0.0,553.274275770384,553.274275770384,0.0,0.0,0.0,0.0,0.0,0.0,0.0,69.30464243705063,2491.008787545515,2491.008787545515
2025-02-07,130,0.7764,2646.8815,0.0,521.5867766559319,521.5867766559319,0.0,0.0,0.0,0.0,0.0,0.0,0.0,80.43985998926524,2491.008787545515,2491.008787545515
2025-02-07,131,0.4209,2227.68,0.0,458.0167532474541,458.0167532474541,0.0,0.0,0.0,0.0,0.0,0.0,0.0,86.73675324745415,2491.008787545515,2491.008787545515
2025-02-07,132,0.3859,2118.6366,0.0,452.26217180930286,452.26217180930286,0.0,0.0,0.0,0.0,0.0,0.0,0.0,99.15607180930289,2491.008787545515,2491.008787545515
2025-02-07,133,0.4368,2315.3029,0.0,448.85786284940355,448.85786284940355,0.0,0.0,0.0,0.0,0.0,0.0,0.0,62.974046182736856,2491.008787545515,2491.008787545515
2025-02-07,134,0.4198,2501.96,0.0,447.9214264864258,447.9214264864258,0.0,0.0,0.0,0.0,0.0,0.0,0.0,30.928093153092448,2491.008787545515,2491.008787545515
2025-02-07,135,0.4186,2359.0354,0.0,449.7340453636569,449.7340453636569,0.0,0.0,0.0,0.0,0.0,0.0,0.0,56.56147869699021,2491.008787545515,2491.008787545515
2025-02-07,136,0.4241,2278.792,0.0,453.94825643723834,453.94825643723834,0.0,0.0,0.0,0.0,0.0,0.0,0.0,74.14958977057171,2491.008787545515,2491.008787545515
2025-02-07,137,0.4237,2377.65,0.0,454.0798748495708,454.0798748495708,0.0,0.0,0.0,0.0,0.0,0.0,0.0,57.80487484957075,2491.008787545515,2491.008787545515
2025-02-07,138,0.4248,2400.8248,0.0,444.6907939203561,444.6907939203561,0.0,0.0,0.0,0.0,0.0,0.0,0.0,44.553327253689474,2491.008787545515,2491.008787545515
2025-02-07,139,0.424,2425.9028,0.0,461.5039160413615,461.5039160413615,0.0,0.0,0.0,0.0,0.0,0.0,0.0,57.186782708028204,2491.008787545515,2491.008787545515
2025-02-07,140,0.422,2476.83,0.0,456.2146776975849,456.2146776975849,0.0,0.0,0.0,0.0,0.0,0.0,0.0,43.40967769758487,2491.008787545515,2491.008787545515
2025-02-07,141,0.424,2466.7072,0.0,459.053718937447,459.053718937447,0.0,0.0,0.0,0.0,0.0,0.0,0.0,47.935852270780344,2491.008787545515,2491.008787545515
2025-02-07,142,0.4271,2430.0806,0.0,452.2785275780005,452.2785275780005,0.0,0.0,0.0,0.0,0.0,0.0,0.0,47.26509424466718,2491.008787545515,2491.008787545515
2025-02-07,143,0.4276,2384.59,0.0,444.5944235057794,444.5944235057794,0.0,0.0,0.0,0.0,0.0,0.0,0.0,47.16275683911272,2491.008787545515,2491.008787545515
2025-02-08,0,0.4248,2341.7515,0.0,1392.073740613644,1392.073740613644,0.0,0.0,833.3333333333333,0.0,833.3333333333333,0.0,0.0,168.44849061364425,2491.008787545515,3241.008787545515
2025-02-08,1,0.4245,2470.4076,0.0,1389.353879722275,1389.353879722275,0.0,0.0,833.3333333333334,0.0,833.3333333333333,0.0,0.0,144.28594638894174,3241.008787545515,3991.008787545515
2025-02-08,2,0.4269,2672.61,0.0,487.23772074615346,487.23772074615346,0.0,0.0,0.0,0.0,0.0,0.0,0.0,41.802720746153454,3991.008787545515,3991.008787545515
2025-02-08,3,0.4272,2658.4702,0.0,512.2508402444009,512.2508402444009,0.0,0.0,0.0,0.0,0.0,0.0,0.0,69.17247357773425,3991.008787545515,3991.008787545515
2025-02-08,4,0.4271,2590.3963,0.0,516.8098986127932,516.8098986127932,0.0,0.0,0.0,0.0,0.0,0.0,0.0,85.07718194612653,3991.008787545515,3991.008787545515
2025-02-08,5,0.4285,2597.56,0.0,488.24784638422506,488.24784638422506,0.0,0.0,0.0,0.0,0.0,0.0,0.0,55.32117971755838,3991.008787545515,3991.008787545515
2025-02-08,6,0.4311,2635.6004,0.0,1378.1888168986686,1378.1888168986686,0.0,0.0,833.3333333333334,0.0,833.3333333333333,0.0,0.0,105.58875023200198,3991.008787545515,4741.008787545516
2025-02-08,7,0.4302,2574.3796,0.0,1398.4000166327446,1398.4000166327446,0.0,0.0,833.3333333333334,0.0,833.3333333333333,0.0,0.0,136.00341663274457,4741.008787545516,5491.008787545516
2025-02-08,8,0.4279,2483.03,0.0,1413.436308821293,1413.436308821293,0.0,0.0,833.3333333333334,0.0,833.3333333333333,0.0,0.0,166.26464215462647,5491.008787545516,6241.008787545516
2025-02-08,9,0.4312,2564.6464,0.0,1411.2670254792965,1411.2670254792965,0.0,0.0,833.3333333333334,0.0,833.3333333333333,0.0,0.0,150.49262547929652,6241.008787545516,6991.008787545516
2025-02-08,10,0.4333,2685.7726,0.0,1383.5552464031002,1383.5552464031002,0.0,0.0,833.3333333333333,0.0,833.3333333333333,0.0,0.0,102.59314640310026,6991.008787545516,7741.008787545516
2025-02-08,11,0.4311,2714.6,0.0,1383.6313622178307,1383.6313622178307,0.0,0.0,833.3333333333334,0.0,833.3333333333333,0.0,0.0,97.864695551164,7741.008787545516,8491.008787545516
2025-02-08,12,0.4293,2650.4279,0.0,542.5630412398665,542.5630412398665,0.0,0.0,0.0,0.0,0.0,0.0,0.0,100.82505790653312,8491.008787545516,8491.008787545516
2025-02-08,13,0.4324,2653.2525,0.0,589.5032697775915,589.5032697775915,0.0,0.0,0.0,0.0,0.0,0.0,0.0,147.29451977759152,8491.008787545516,8491.008787545516
2025-02-08,14,0.4367,2672.88,0.0,589.8599896275229,589.8599896275229,0.0,0.0,0.0,0.0,0.0,0.0,0.0,144.37998962752283,8491.008787545516,8491.008787545516
2025-02-08,15,0.4348,2543.3971,0.0,571.509281109852,571.509281109852,0.0,0.0,0.0,0.0,0.0,0.0,0.0,147.60976444318538,8491.008787545516,8491.008787545516
2025-02-08,16,0.4335,2613.0524,0.0,585.3467254243645,585.3467254243645,0.0,0.0,0.0,0.0,0.0,0.0,0.0,149.8379920910312,8491.008787545516,8491.008787545516
2025-02-08,17,0.4357,2894.07,0.0,571.1814948101434,571.1814948101434,0.0,0.0,0.0,0.0,0.0,0.0,0.0,88.83649481014334,8491.008787545516,8491.008787545516
2025-02-08,18,0.4374,3012.954,0.0,650.0834046923278,650.0834046923278,0.0,0.0,65.5457916160938,0.0,65.5457916160938,0.0,0.0,82.37861307623396,8491.008787545516,8550.0
2025-02-08,19,0.4371,2926.4899,0.0,577.7538680210649,577.7538680210649,0.0,0.0,0.0,0.0,0.0,0.0,0.0,90.00555135439828,8550.0,8550.0
2025-02-08,20,0.4356,2768.81,0.0,573.0573704121539,573.0573704121539,0.0,0.0,0.0,0.0,0.0,0.0,0.0,111.58903707882058,8550.0,8550.0
2025-02-08,21,0.4353,2726.08,0.0,579.6038899383483,579.6038899383483,0.0,0.0,0.0,0.0,0.0,0.0,0.0,125.25722327168165,8550.0,8550.0
2025-02-08,22,0.436,2829.4415,0.0,559.5432731569614,559.5432731569614,0.0,0.0,0.0,0.0,0.0,0.0,0.0,87.96968982362807,8550.0,8550.0
2025-02-08,23,0.4378,2965.83,0.0,543.4403990750749,543.4403990750749,0.0,0.0,0.0,0.0,0.0,0.0,0.0,49.13539907507487,8550.0,8550.0
2025-02-08,24,0.4401,2993.6622,0.0,569.2591268956047,569.2591268956047,0.0,0.0,0.0,0.0,0.0,0.0,0.0,70.31542689560467,8550.0,8550.0
2025-02-08,25,0.4389,3063.8276,0.0,599.8604106614968,599.8604106614968,0.0,0.0,0.0,0.0,0.0,0.0,0.0,89.2224773281634,8550.0,8550.0
2025-02-08,26,0.4364,3144.08,0.0,584.3099339817229,584.3099339817229,0.0,0.0,0.0,0.0,0.0,0.0,0.0,60.296600648389585,8550.0,8550.0
2025-02-08,27,0.4393,3048.1729,0.0,566.9272118652433,566.9272118652433,0.0,0.0,0.0,0.0,0.0,0.0,0.0,58.89839519857662,8550.0,8550.0
2025-02-08,28,0.4422,2992.0363,0.0,569.2622831995293,569.2622831995293,0.0,0.0,0.0,0.0,0.0,0.0,0.0,70.58956653286259,8550.0,8550.0
2025-02-08,29,0.4395,3034.95,0.0,562.016524351781,562.016524351781,0.0,0.0,0.0,0.0,0.0,0.0,0.0,56.19152435178097,8550.0,8550.0
2025-02-08,30,0.4333,3032.4921,0.0057,1413.0335835892658,1413.0335835892658,0.0,0.0,833.3333333333334,0.0,833.3333333333333,0.0,0.0,74.2858502559327,8550.0,9300.0
2025-02-08,31,0.4439,3059.7317,0.0,573.9526557035718,573.9526557035718,0.0,0.0,0.0,0.0,0.0,0.0,0.0,63.997372370238566,9300.0,9300.0
2025-02-08,32,0.4301,3117.64,0.0,1453.3155957918923,1453.3155957918923,0.0,0.0,833.3333333333334,0.0,833.3333333333333,0.0,0.0,100.37559579189235,9300.0,10050.0
2025-02-08,33,0.3713,3110.9314,0.0792,1462.4470651266993,1462.4470651266993,0.0,0.0,833.3333333333334,0.0,833.3333333333333,0.0,0.0,110.63836512669945,10050.0,10800.0
2025-02-08,34,0.5708,3082.969,0.0,632.1238484061699,632.1238484061699,0.0,0.0,0.0,0.0,0.0,0.0,0.0,118.29568173950327,10800.0,10800.0
2025-02-08,35,0.9099,3030.45,0.0,0.0,0.0,0.0,0.0,0.0,669.4937383331509,0.0,505.075,0.0,0.0,10800.0,10238.805555555555
2025-02-08,36,0.9368,2930.0234,1.1031,0.0,0.0,0.0,0.0,0.0,696.2630781506047,0.0,488.15338333333335,0.0,0.0,10238.805555555555,9696.412907407406
2025-02-08,37,0.8758,2991.4215,0.0,0.0,0.0,0.0,0.0,0.0,653.5079420551759,0.0,498.57025,0.0,0.0,9696.412907407406,9142.445962962962
2025-02-08,38,0.8759,3077.97,0.0,0.0,0.0,0.0,0.0,0.0,648.2094556878909,0.0,512.995,0.0,0.0,9142.445962962962,8572.451518518517
2025-02-08,39,0.8601,2876.6178,50.8302,0.0,0.0,0.0,0.0,0.0,637.5887252602535,0.0,470.9646,0.0,0.0,8572.451518518517,8049.1575185185175
2025-02-08,40,0.8442,2961.1378,227.6463,0.0,0.0,0.0,0.0,0.0,644.9314692071431,0.0,455.58191666666664,0.0,0.0,8049.1575185185175,7542.955388888888
2025-02-08,41,0.8334,3448.51,491.6625,0.0,0.0,0.0,0.0,0.0,642.1391992703418,0.0,492.80791666666664,0.0,0.0,7542.955388888888,6995.391037037036
2025-02-08,42,0.8092,3840.8402,725.8689,144.87502981543776,144.87502981543776,0.0,0.0,0.0,439.751937825808,0.0,374.28685351789557,0.0,0.0,6995.391037037036,6579.516755350485
2025-02-08,43,0.7972,3922.8412,997.7729,559.50558349067,545.3322501573367,0.0,14.17333333333329,0.0,0.0,0.0,0.0,0.0,57.82086682400336,6579.516755350485,6579.516755350485
2025-02-08,44,0.7644,3791.3,1303.2375,545.4844760731728,545.4844760731728,0.0,0.0,0.0,0.0,0.0,0.0,0.0,130.80739273983943,6579.516755350485,6579.516755350485
2025-02-08,45,0.6899,3711.2136,1561.9106,489.18242494971963,489.18242494971963,0.0,0.0,0.0,0.0,0.0,0.0,0.0,130.9652582830529,6579.516755350485,6579.516755350485
2025-02-08,46,0.86,3683.7115,1858.7887,0.0,0.0,0.0,0.0,0.0,452.73586486909403,0.0,304.1538,0.0,0.0,6579.516755350485,6241.568088683818
2025-02-08,47,1.1617,3617.82,2175.6375,0.0,0.0,0.0,0.0,0.0,533.4486766264503,0.0,240.36375000000004,0.0,0.0,6241.568088683818,5974.497255350485
2025-02-08,48,1.1683,3470.8274,2415.2271,0.0,0.0,0.0,0.0,0.0,422.3933502921866,0.0,175.93338333333332,0.0,0.0,5974.497255350485,5779.015718313448
2025-02-08,49,1.0956,3472.0038,2737.9973,0.0,0.0,0.0,0.0,0.0,322.58360328534053,0.0,122.33441666666664,0.0,0.0,5779.015718313448,5643.088588683819
2025-02-08,50,1.0849,3570.14,3146.1375,0.0,0.0,0.0,0.0,0.0,286.86547770908874,0.0,70.66708333333338,0.0,0.0,5643.088588683819,5564.5696072023375
2025-02-08,51,1.061,3524.3658,3476.8192,0.0,0.0,0.0,0.0,0.0,243.89956373857248,0.0,7.924433333333354,0.0,0.0,5564.5696072023375,5555.7646812764115
2025-02-08,52,1.043,3705.6773,3799.8443,0.0,0.0,0.0,0.0,0.0,242.80214896833937,0.0,0.0,0.0,15.694500000000062,5555.7646812764115,5555.7646812764115
2025-02-08,53,1.036,4086.19,4146.0,0.0,0.0,0.0,0.0,0.0,236.36458363409278,0.0,0.0,0.0,9.968333333333362,5555.7646812764115,5555.7646812764115
2025-02-08,54,1.0147,4208.25,4460.44,0.0,0.0,0.0,0.0,0.0,182.56476066455548,0.0,0.0,0.0,42.03166666666664,5555.7646812764115,5555.7646812764115
2025-02-08,55,0.9922,4121.5693,4741.86,0.0,0.0,0.0,0.0,0.0,136.9102296928808,0.0,0.0,0.0,103.38178333333326,5555.7646812764115,5555.7646812764115
2025-02-08,56,0.97,4093.56,4947.225,0.0,0.0,0.0,0.0,0.0,91.6784123036977,0.0,0.0,0.0,142.27750000000003,5555.7646812764115,5555.7646812764115
2025-02-08,57,0.9422,4314.4298,5039.1949,0.0,0.0,0.0,0.0,0.0,35.62527760036346,0.0,0.0,0.0,120.79418333333342,5555.7646812764115,5555.7646812764115
2025-02-08,58,0.9569,4351.2177,5215.7897,0.0,0.0,0.0,0.0,0.0,0.0,0.0,0.0,0.0,144.09533333333343,5555.7646812764115,5555.7646812764115
2025-02-08,59,0.9977,4175.13,5455.5,0.0,0.0,0.0,0.0,0.0,0.0,0.0,0.0,0.0,213.39499999999998,5555.7646812764115,5555.7646812764115
2025-02-08,60,0.9919,4170.7722,5577.3837,0.0,0.0,0.0,0.0,0.0,0.0,0.0,0.0,0.0,234.43525,5555.7646812764115,5555.7646812764115
2025-02-08,61,0.9588,4146.4341,5863.1348,0.0,0.0,0.0,0.0,0.0,0.0,0.0,0.0,0.0,286.1167833333333,5555.7646812764115,5555.7646812764115
2025-02-08,62,0.9549,4070.73,6358.725,0.0,0.0,0.0,0.0,41.14181559063521,0.0,41.14181559063521,0.0,0.0,340.1906844093649,5555.7646812764115,5592.792315307983
2025-02-08,63,0.9839,4117.5036,6794.527,0.0,0.0,0.0,0.0,105.24566004514129,0.0,105.24566004514129,0.0,0.0,340.9249066215255,5592.792315307983,5687.51340934861
2025-02-08,64,0.799,4055.864,7056.8808,0.0,0.0,0.0,0.0,154.05307192123078,0.0,154.05307192123078,0.0,0.0,346.11639474543585,5687.51340934861,5826.161174077718
2025-02-08,65,0.5025,3928.38,7088.1,278.4548971811346,371.90272154077786,93.44782435964328,0.0,540.0651732683843,0.0,540.0651732683843,0.0,0.0,358.45754827239375,5826.161174077718,6312.219830019264
2025-02-08,66,0.4662,4002.932,6912.6336,653.6840141150432,714.636401615043,60.95238749999987,0.0,833.3333333333334,0.0,833.3333333333333,0.0,0.0,366.25333494837673,6312.219830019264,7062.219830019264
2025-02-08,67,0.5007,3958.4875,6818.7714,690.0910632807094,742.313792447376,52.22272916666668,0.0,833.3333333333334,0.0,833.3333333333333,0.0,0.0,385.6944424473761,7062.219830019264,7812.219830019264
2025-02-08,68,0.4827,3824.59,6879.6,670.1848508993752,713.6779217327085,43.49307083333326,0.0,833.3333333333334,0.0,833.3333333333333,0.0,0.0,389.5129217327087,7812.219830019264,8562.219830019265
2025-02-08,69,0.4785,3958.2897,6894.3187,673.0768483999068,707.8402608999068,34.76341249999996,0.0,833.3333333333334,0.0,833.3333333333333,0.0,0.0,363.8450942332404,8562.219830019265,9312.219830019265
2025-02-08,70,0.4662,4034.9636,6706.2435,653.9422556558516,679.9760098225182,26.033754166666654,0.0,833.3333333333334,0.0,833.3333333333333,0.0,0.0,291.8559931558518,9312.219830019265,10062.219830019265
2025-02-08,71,0.4432,3921.1,6527.475,657.6304043446144,674.9345001779475,17.304095833333122,0.0,833.3333333333334,0.0,819.755744423039,0.0,0.0,289.57458908824196,10062.219830019265,10800.0
2025-02-08,72,0.4411,3812.6111,6705.7637,712.438811732974,0.0,22.591126388888938,735.029938121863,0.0,1.6370904631912707e-12,0.0,0.0,0.0,482.1921000000001,10800.0,10800.0
2025-02-08,73,0.4551,3754.9529,6739.0931,655.336848311483,0.0,41.89484583333342,697.2316941448164,0.0,0.0,0.0,0.0,0.0,497.35669999999993,10800.0,10800.0
2025-02-08,74,0.4463,3752.71,6507.45,518.8389442654428,0.0,61.198565277777675,580.0375095432205,0.0,0.0,0.0,0.0,0.0,459.12333333333333,10800.0,10800.0
2025-02-08,75,0.4113,3815.9017,6399.2621,504.1905471458479,0.0,71.60287059147134,575.7934177373193,0.0,0.0,0.0,0.0,0.0,430.56006666666667,10800.0,10800.0
2025-02-08,76,0.5682,3964.0912,6442.7054,0.0,0.0,0.0,0.0,0.0,0.0,0.0,0.0,0.0,413.1023666666666,10800.0,10800.0
2025-02-08,77,0.8279,4012.35,6554.6625,0.0,0.0,0.0,0.0,0.0,0.0,0.0,0.0,0.0,423.7187500000001,10800.0,10800.0
2025-02-08,78,0.8636,3753.6393,6617.0131,0.0,0.0,0.0,0.0,3.469446951953614e-14,0.0,0.0,0.0,0.0,477.2289666666668,10800.0,10800.0
2025-02-08,79,0.8416,3691.0133,6440.2353,0.0,0.0,0.0,0.0,2.021099337273174e-12,0.0,0.0,0.0,0.0,458.20366666666666,10800.0,10800.0
2025-02-08,80,0.8618,3848.87,6044.4,0.0,0.0,0.0,0.0,0.0,0.0,0.0,0.0,0.0,365.9216666666666,10800.0,10800.0
2025-02-08,81,0.8623,3761.1833,5634.1511,0.0,0.0,0.0,0.0,0.0,0.0,0.0,0.0,0.0,312.1613,10800.0,10800.0
2025-02-08,82,0.9026,3623.5697,5246.5207,0.0,0.0,0.0,0.0,0.0,0.0,0.0,0.0,0.0,270.4918333333334,10800.0,10800.0
2025-02-08,83,0.9754,3566.04,4947.45,0.0,0.0,0.0,0.0,0.0,0.0,0.0,0.0,0.0,230.2349999999999,10800.0,10800.0
2025-02-08,84,1.0002,3526.9069,4816.1625,0.0,0.0,0.0,0.0,0.0,1.3259731104715684,0.0,0.0,0.0,214.87593333333336,10800.0,10800.0
2025-02-08,85,0.9978,3617.8063,4696.0408,0.0,0.0,0.0,0.0,0.0,48.931144400023186,0.0,0.0,0.0,179.70574999999997,10800.0,10800.0
2025-02-08,86,1.0271,3703.09,4467.825,0.0,0.0,0.0,0.0,0.0,173.17806330384929,0.0,0.0,0.0,127.4558333333332,10800.0,10800.0
2025-02-08,87,1.0906,3527.6316,4156.1329,0.0,0.0,0.0,0.0,0.0,217.71889752404363,0.0,0.0,0.0,104.75021666666657,10800.0,10800.0
2025-02-08,88,0.9376,3504.4535,3962.4137,0.0,0.0,0.0,0.0,0.0,87.88069089005982,0.0,0.0,0.0,76.32669999999996,10800.0,10800.0
2025-02-08,89,0.6694,3605.5,3899.625,918.6446314842123,918.6446314842123,0.0,0.0,653.1293447264753,0.0,0.0,0.0,0.0,967.6654648175457,10800.0,10800.0
2025-02-08,90,0.66,3427.6007,3785.173,177.55650412136484,165.6557583179405,0.9900333632423042,12.890779166666647,0.0,0.0,0.0,0.0,0.0,225.25114165127377,10800.0,10800.0
2025-02-08,91,0.7217,3477.7658,3581.325,173.1011184065128,227.6923420509423,54.591223644429505,0.0,0.0,0.0,0.0,0.0,0.0,244.95220871760887,10800.0,10800.0
2025-02-08,92,0.7308,3707.63,3301.3125,219.1222689687958,279.2704175799069,60.14814861111111,0.0,0.0,0.0,0.0,0.0,0.0,211.55083424657357,10800.0,10800.0
2025-02-08,93,0.7534,3525.5076,2973.368,258.81595423222444,321.8940889544467,63.07813472222227,0.0,0.0,0.0,0.0,0.0,0.0,229.87082228778002,10800.0,10800.0
2025-02-08,94,0.7823,3309.516,2635.7659,297.62614559027446,352.30788602577053,61.57395293549598,6.892212499999914,0.0,0.0,0.0,0.0,0.0,240.01620269243722,10800.0,10800.0
2025-02-08,95,0.8055,3336.98,2302.9875,338.5224150070807,360.65284022333026,22.130425216249535,0.0,0.0,0.0,0.0,0.0,0.0,188.32075688999691,10800.0,10800.0
2025-02-08,96,0.8271,3495.7825,1972.3027,394.5870586837573,424.54992185081977,29.962863167062494,0.0,0.0,0.0,0.0,0.0,0.0,170.63662185081978,10800.0,10800.0
2025-02-08,97,0.8519,3536.9177,1674.501,487.3385583105815,487.3385583105815,0.0,0.0,0.0,0.0,0.0,0.0,0.0,176.93577497724823,10800.0,10800.0
2025-02-08,98,0.8791,3481.31,1396.3875,528.2427950587438,528.2427950587438,0.0,0.0,0.0,0.0,0.0,0.0,0.0,180.7557117254105,10800.0,10800.0
2025-02-08,99,0.9024,3512.4924,1091.8395,599.5610460071343,599.5610460071343,0.0,0.0,0.0,5.827674686824935,0.0,0.0,0.0,196.11889600713437,10800.0,10800.0
2025-02-08,100,0.9163,3284.0124,791.7716,615.1756392327793,615.1756392327793,0.0,0.0,0.0,0.0,0.0,0.0,0.0,199.80217256611263,10800.0,10800.0
2025-02-08,101,0.9264,2784.96,504.675,651.5141912069435,651.5141912069435,0.0,0.0,0.0,0.0,0.0,0.0,0.0,271.4666912069434,10800.0,10800.0
2025-02-08,102,0.9462,2438.5491,224.2796,672.6595033472698,672.6595033472698,0.0,0.0,0.0,0.0,0.0,0.0,0.0,303.61458668060317,10800.0,10800.0
2025-02-08,103,0.9742,2500.385,49.6305,673.8112696554166,673.8112696554166,0.0,0.0,0.0,0.0,0.0,0.0,0.0,265.35218632208324,10800.0,10800.0
2025-02-08,104,0.9862,2752.42,0.0,640.5134264984105,640.5134264984105,0.0,0.0,0.0,0.7501180555557312,0.0,0.0,0.0,181.7767598317438,10800.0,10800.0
2025-02-08,105,0.976,2725.5465,0.0,684.7955936907679,684.7955936907679,0.0,0.0,0.0,0.5357986111112041,0.0,0.0,0.0,230.5378436907679,10800.0,10800.0
2025-02-08,106,1.0742,2642.8433,1.0688,653.8659650474484,653.8659650474484,0.0,0.0,0.0,0.0,0.0,0.0,0.0,213.57021504744841,10800.0,10800.0
2025-02-08,107,1.2313,2680.81,0.0,555.4723368525536,555.4723368525536,0.0,0.0,0.0,0.10715972222226355,0.0,0.0,0.0,108.67067018588688,10800.0,10800.0
2025-02-08,108,1.2561,2763.1768,0.0,0.0,0.0,0.0,0.0,0.0,568.3377676539264,0.0,460.5294666666667,0.0,0.0,10800.0,10288.300592592592
2025-02-08,109,1.2447,2710.9051,0.0767,608.388635266328,608.388635266328,0.0,0.0,0.0,0.0,0.0,0.0,0.0,156.5839019329947,10288.300592592592,10288.300592592592
2025-02-08,110,1.2545,2573.26,0.0,0.0,0.0,0.0,0.0,0.0,594.7689251334003,0.0,428.8766666666667,0.0,0.0,10288.300592592592,9811.770962962963
2025-02-08,111,1.2522,2579.0636,0.0,301.29307350222575,301.29307350222575,0.0,0.0,0.0,296.09315676860695,0.0,128.55085983110757,0.0,0.0,9811.770962962963,9668.936674261731
2025-02-08,112,1.2881,2671.5519,0.0055,0.0,0.0,0.0,0.0,0.0,601.9157908653799,0.0,445.2577333333333,0.0,0.0,9668.936674261731,9174.205859446916
2025-02-08,113,1.3466,2772.29,0.0,0.0,0.0,0.0,0.0,0.0,589.2574369018919,0.0,462.04833333333335,0.0,0.0,9174.205859446916,8660.81882240988
2025-02-08,114,1.3523,2836.7741,0.0,0.0,0.0,0.0,0.0,0.0,571.6842597871242,0.0,472.79568333333333,0.0,0.0,8660.81882240988,8135.490285372843
2025-02-08,115,1.3445,2756.719,0.0,0.0,0.0,0.0,0.0,0.0,586.0522869875705,0.0,459.4531666666667,0.0,0.0,8135.490285372843,7624.986766854324
2025-02-08,116,1.3483,2645.21,0.0,0.0,0.0,0.0,0.0,0.0,600.6692963735917,0.0,440.86833333333334,0.0,0.0,7624.986766854324,7135.13306315062
2025-02-08,117,1.349,2726.221,0.0,0.0,0.0,0.0,0.0,0.0,624.5615800464876,0.0,454.37016666666665,0.0,0.0,7135.13306315062,6630.277322409879
2025-02-08,118,1.3473,2731.8889,0.0,0.0,0.0,0.0,0.0,0.0,606.9115132891492,0.0,455.3148166666667,0.0,0.0,6630.277322409879,6124.371970558027
2025-02-08,119,1.3482,2636.81,0.0,0.0,0.0,0.0,0.0,0.0,570.365288279699,0.0,439.4683333333333,0.0,0.0,6124.371970558027,5636.073822409879
2025-02-08,120,1.3513,2686.3673,0.0,0.0,0.0,0.0,0.0,0.0,597.4397392673553,0.0,447.7278833333333,0.0,0.0,5636.073822409879,5138.5983964839525
2025-02-08,121,1.34,2747.333,0.0,0.0,0.0,0.0,0.0,0.0,602.3660688039428,0.0,457.88883333333337,0.0,0.0,5138.5983964839525,4629.833026113582
2025-02-08,122,1.3489,2823.76,0.0,0.0,0.0,0.0,0.0,0.0,624.5189657518791,0.0,470.6266666666667,0.0,0.0,4629.833026113582,4106.914507595063
2025-02-08,123,1.3952,3011.7561,0.0,0.0,0.0,0.0,0.0,0.0,605.0579240899943,0.0,501.95935000000003,0.0,0.0,4106.914507595063,3549.1818964839517
2025-02-08,124,1.2226,2862.6392,0.0,606.6105367919071,606.6105367919071,0.0,0.0,0.0,0.0,0.0,0.0,0.0,129.50400345857372,3549.1818964839517,3549.1818964839517
2025-02-08,125,0.9332,2491.94,0.0,598.5400732846238,598.5400732846238,0.0,0.0,0.0,0.0,0.0,0.0,0.0,183.21673995129044,3549.1818964839517,3549.1818964839517
2025-02-08,126,0.9068,2505.9998,0.0,603.6417007542378,603.6417007542378,0.0,0.0,0.0,0.0,0.0,0.0,0.0,185.9750674209045,3549.1818964839517,3549.1818964839517
2025-02-08,127,0.9371,2673.0217,0.0,623.6144102175623,623.6144102175623,0.0,0.0,0.0,0.0,0.0,0.0,0.0,178.11079355089566,3549.1818964839517,3549.1818964839517
2025-02-08,128,0.9371,2785.84,0.0,595.9413774350186,595.9413774350186,0.0,0.0,0.0,0.0,0.0,0.0,0.0,131.6347107683519,3549.1818964839517,3549.1818964839517
2025-02-08,129,0.9871,2825.3895,0.0,588.1624787389113,588.1624787389113,0.0,0.0,0.0,0.0,0.0,0.0,0.0,117.2642287389113,3549.1818964839517,3549.1818964839517
2025-02-08,130,0.7764,2579.1988,0.0,568.4139230935915,568.4139230935915,0.0,0.0,0.0,0.0,0.0,0.0,0.0,138.54745642692484,3549.1818964839517,3549.1818964839517
2025-02-08,131,0.4209,2278.77,0.0,498.0826850755845,498.0826850755845,0.0,0.0,0.0,0.0,0.0,0.0,0.0,118.28768507558448,3549.1818964839517,3549.1818964839517
2025-02-08,132,0.3859,2401.0457,0.0,483.17446255821204,483.17446255821204,0.0,0.0,0.0,0.0,0.0,0.0,0.0,83.0001792248787,3549.1818964839517,3549.1818964839517
2025-02-08,133,0.4368,2450.6884,0.0,477.9761270468253,477.9761270468253,0.0,0.0,0.0,0.0,0.0,0.0,0.0,69.52806038015865,3549.1818964839517,3549.1818964839517
2025-02-08,134,0.4198,2272.89,0.0,484.862533056704,484.862533056704,0.0,0.0,0.0,0.0,0.0,0.0,0.0,106.04753305670403,3549.1818964839517,3549.1818964839517
2025-02-08,135,0.4186,2222.3953,0.0,484.9537559180956,484.9537559180956,0.0,0.0,0.0,0.0,0.0,0.0,0.0,114.55453925142893,3549.1818964839517,3549.1818964839517
2025-02-08,136,0.4241,2330.2868,0.0,502.06344433264786,502.06344433264786,0.0,0.0,0.0,0.0,0.0,0.0,0.0,113.68231099931455,3549.1818964839517,3549.1818964839517
2025-02-08,137,0.4237,2410.13,0.0,521.1663107201136,521.1663107201136,0.0,0.0,0.0,0.0,0.0,0.0,0.0,119.47797738678031,3549.1818964839517,3549.1818964839517
2025-02-08,138,0.4248,2288.1399,0.0,527.643409522019,527.643409522019,0.0,0.0,4.04768811061255e-14,0.0,4.04768811061255e-14,0.0,0.0,146.28675952201903,3549.1818964839517,3549.1818964839517
2025-02-08,139,0.424,2335.5518,0.0,504.1740311414812,504.1740311414812,0.0,0.0,0.0,0.0,0.0,0.0,0.0,114.91539780814782,3549.1818964839517,3549.1818964839517
2025-02-08,140,0.422,2467.63,0.0,486.3140365039908,486.3140365039908,0.0,0.0,1.4456028966473394e-14,0.0,1.4456028966473394e-14,0.0,0.0,75.04236983732407,3549.1818964839517,3549.1818964839517
2025-02-08,141,0.424,2297.8503,0.0,488.8162222633091,488.8162222633091,0.0,0.0,0.0,0.0,0.0,0.0,0.0,105.84117226330909,3549.1818964839517,3549.1818964839517
2025-02-08,142,0.4271,2560.3434,0.0,496.18990499995067,496.18990499995067,0.0,0.0,0.0,0.0,0.0,0.0,0.0,69.46600499995066,3549.1818964839517,3549.1818964839517
2025-02-08,143,0.4276,3210.87,0.0,647.9686255584105,647.9686255584105,0.0,0.0,0.0,0.0,0.0,0.0,0.0,112.82362555841053,3549.1818964839517,3549.1818964839517
2025-02-09,0,0.4248,3413.1243,0.0,1530.4571291663547,1530.4571291663547,0.0,0.0,833.3333333333328,0.0,833.3333333333328,0.0,0.0,128.26974583302183,3549.1818964839517,4299.181896483951
2025-02-09,1,0.4245,3410.7391,0.0,1513.2094050504115,1513.2094050504115,0.0,0.0,833.3333333333334,0.0,833.3333333333333,0.0,0.0,111.41955505041165,4299.181896483951,5049.181896483951
2025-02-09,2,0.4269,3455.39,0.0,618.3156497980384,618.3156497980384,0.0,0.0,0.0,0.0,0.0,0.0,0.0,42.417316464705095,5049.181896483951,5049.181896483951
2025-02-09,3,0.4272,3530.9259,0.0,641.389570201485,641.389570201485,0.0,0.0,0.0,0.0,0.0,0.0,0.0,52.90192020148493,5049.181896483951,5049.181896483951
2025-02-09,4,0.4271,3640.1986,0.0,650.026005484845,650.026005484845,0.0,0.0,0.0,0.0,0.0,0.0,0.0,43.32623881817824,5049.181896483951,5049.181896483951
2025-02-09,5,0.4285,3696.65,0.0,628.7793257718344,628.7793257718344,0.0,0.0,0.0,0.0,0.0,0.0,0.0,12.670992438501003,5049.181896483951,5049.181896483951
2025-02-09,6,0.4311,3594.5691,0.0,1519.7300653793195,1519.7300653793195,0.0,0.0,833.3333333333334,0.0,833.3333333333333,0.0,0.0,87.30188204598619,5049.181896483951,5799.181896483951
2025-02-09,7,0.4302,3532.2407,0.0,1517.6544438647343,1517.6544438647343,0.0,0.0,833.3333333333334,0.0,833.3333333333333,0.0,0.0,95.61432719806771,5799.181896483951,6549.181896483951
2025-02-09,8,0.4279,3601.59,0.0,1516.5634892107073,1516.5634892107073,0.0,0.0,833.3333333333334,0.0,833.3333333333333,0.0,0.0,82.96515587737406,6549.181896483951,7299.181896483951
2025-02-09,9,0.4312,3691.0079,0.0,1508.581190896929,1508.581190896929,0.0,0.0,833.3333333333334,0.0,833.3333333333333,0.0,0.0,60.07987423026236,7299.181896483951,8049.181896483951
2025-02-09,10,0.4333,3622.8511,0.0,660.8874034187729,660.8874034187729,0.0,0.0,0.0,0.0,0.0,0.0,0.0,57.078886752106314,8049.181896483951,8049.181896483951
2025-02-09,11,0.4311,3532.57,0.0,679.113737585707,679.113737585707,0.0,0.0,0.0,0.0,0.0,0.0,0.0,90.35207091904033,8049.181896483951,8049.181896483951
2025-02-09,12,0.4293,3718.2938,0.0,664.3370750645739,664.3370750645739,0.0,0.0,0.0,0.0,0.0,0.0,0.0,44.621441731240566,8049.181896483951,8049.181896483951
2025-02-09,13,0.4324,3835.1652,0.0,685.7936667936123,685.7936667936123,0.0,0.0,0.0,0.0,0.0,0.0,0.0,46.59946679361224,8049.181896483951,8049.181896483951
2025-02-09,14,0.4367,3752.64,0.0,698.8433052280521,698.8433052280521,0.0,0.0,0.0,0.0,0.0,0.0,0.0,73.4033052280522,8049.181896483951,8049.181896483951
2025-02-09,15,0.4348,3687.6941,0.0,678.8923198238409,678.8923198238409,0.0,0.0,0.0,0.0,0.0,0.0,0.0,64.2766364905076,8049.181896483951,8049.181896483951
2025-02-09,16,0.4335,3726.8646,0.0,707.7165707366036,707.7165707366036,0.0,0.0,0.0,0.0,0.0,0.0,0.0,86.57247073660358,8049.181896483951,8049.181896483951
2025-02-09,17,0.4357,3786.15,0.0,727.5081943442009,727.5081943442009,0.0,0.0,0.0,0.0,0.0,0.0,0.0,96.48319434420091,8049.181896483951,8049.181896483951
2025-02-09,18,0.4374,3740.9419,0.0,1274.7853171609108,1274.7853171609108,0.0,0.0,556.4645593275413,0.0,556.4645593275413,0.0,0.0,94.83044116670283,8049.181896483951,8549.999999878739
2025-02-09,19,0.4371,3822.0144,0.0,692.626715981687,692.626715981687,0.0,0.0,0.0,0.0,0.0,0.0,0.0,55.624315981687005,8549.999999878739,8549.999999878739
2025-02-09,20,0.4356,3957.72,0.0,686.3257671007021,686.3257671007021,0.0,0.0,0.0,0.0,0.0,0.0,0.0,26.705767100702133,8549.999999878739,8549.999999878739
2025-02-09,21,0.4353,3835.9485,0.0,687.3232404362398,687.3232404362398,0.0,0.0,0.0,0.0,0.0,0.0,0.0,47.99849043623976,8549.999999878739,8549.999999878739
2025-02-09,22,0.436,3743.7079,0.0,673.2046283147812,673.2046283147812,0.0,0.0,0.0,0.0,0.0,0.0,0.0,49.253311648114504,8549.999999878739,8549.999999878739
2025-02-09,23,0.4378,3895.11,0.0,667.9494011002945,667.9494011002945,0.0,0.0,0.0,0.0,0.0,0.0,0.0,18.764401100294435,8549.999999878739,8549.999999878739
2025-02-09,24,0.4401,4147.7392,0.0,675.4257984550945,675.4257984550945,0.0,0.0,1.347350083354589e-07,0.0,0.0,0.0,15.86406821157209,0.0,8549.999999878739,8549.999999878739
2025-02-09,25,0.4389,3888.3989,0.0,714.9220098016804,714.9220098016804,0.0,0.0,0.0,0.0,0.0,0.0,0.0,66.85552646834697,8549.999999878739,8549.999999878739
2025-02-09,26,0.4364,3466.14,0.0,708.7594299212718,708.7594299212718,0.0,0.0,0.0,0.0,0.0,0.0,0.0,131.06942992127188,8549.999999878739,8549.999999878739
2025-02-09,27,0.4393,3836.9859,0.0,688.0994608481111,688.0994608481111,0.0,0.0,0.0,0.0,0.0,0.0,0.0,48.601810848111086,8549.999999878739,8549.999999878739
2025-02-09,28,0.4422,4121.0497,0.0,673.0840866401749,673.0840866401749,0.0,0.0,0.0,0.0,0.0,0.0,13.757530026491736,0.0,8549.999999878739,8549.999999878739
2025-02-09,29,0.4395,4014.0,0.0,702.0515430935562,702.0515430935562,0.0,0.0,0.0,0.0,0.0,0.0,0.0,33.05154309355623,8549.999999878739,8549.999999878739
2025-02-09,30,0.4333,4054.4316,0.0089,1570.7026644830325,1570.7026644830325,0.0,0.0,833.3333333333334,0.0,833.3333333333333,0.0,0.0,61.6322144830325,8549.999999878739,9299.999999878739
2025-02-09,31,0.4439,3986.365,0.0,715.5183630043275,715.5183630043275,0.0,0.0,0.0,0.0,0.0,0.0,0.0,51.12419633766092,9299.999999878739,9299.999999878739
2025-02-09,32,0.4301,3780.72,0.0,1551.4515391693408,1551.4515391693408,0.0,0.0,833.3333333333334,0.0,833.3333333333333,0.0,0.0,87.99820583600751,9299.999999878739,10049.999999878739
2025-02-09,33,0.3713,3826.3176,0.1235,1534.451944301364,1534.451944301364,0.0,0.0,833.3333333333334,0.0,833.3333333333333,0.0,0.0,63.4195943013641,10049.999999878739,10799.999999878739
2025-02-09,34,0.5708,4406.5888,0.0,788.542235784772,788.542235784772,0.0,0.0,0.0,0.0,0.0,0.0,0.0,54.11076911810517,10799.999999878739,10799.999999878739
2025-02-09,35,0.9099,5117.96,0.0,936.6998757003952,936.6998757003952,0.0,0.0,0.0,0.0,0.0,0.0,0.0,83.70654236706184,10799.999999878739,10799.999999878739
2025-02-09,36,0.9368,5213.7558,1.7196,250.45059048354108,250.45059048354108,0.0,0.0,0.0,716.2172726899313,0.0,618.2221095164589,0.0,0.0,10799.999999878739,10113.08654486045
2025-02-09,37,0.8758,5173.0183,0.0,932.8929564879568,932.8929564879568,0.0,0.0,0.0,0.0,0.0,0.0,0.0,70.72323982129012,10113.08654486045,10113.08654486045
2025-02-09,38,0.8759,5213.02,0.0,957.6168863277372,953.6475113277373,0.0,3.9693749999999,0.0,0.0,0.0,0.0,0.0,84.81084466107063,10113.08654486045,10113.08654486045
2025-02-09,39,0.8601,5087.7112,65.9066,931.0050953857467,931.0050953857467,0.0,0.0,0.0,0.0,0.0,0.0,0.0,94.03766205241334,10113.08654486045,10113.08654486045
2025-02-09,40,0.8442,4992.6928,252.7824,869.5316797216427,862.3868047216425,0.0,7.144875000000184,0.0,0.0,0.0,0.0,0.0,72.40173805497591,10113.08654486045,10113.08654486045
2025-02-09,41,0.8334,5088.16,529.95,833.2345580845707,833.2345580845707,0.0,0.0,0.0,0.0,0.0,0.0,0.0,73.53289141790412,10113.08654486045,10113.08654486045
2025-02-09,42,0.8092,5330.3755,804.7782,780.1178115710817,780.1178115710817,0.0,0.0,0.0,0.0,0.0,0.0,0.0,25.851594904414924,10113.08654486045,10113.08654486045
2025-02-09,43,0.7972,5474.3428,1102.092,786.573894626382,786.573894626382,0.0,0.0,0.0,0.0,0.0,0.0,0.0,57.86542795971525,10113.08654486045,10113.08654486045
2025-02-09,44,0.7644,5360.73,1431.075,766.8626020841684,732.8755465286131,0.0,33.987055555555344,4.6259292692714864e-14,0.0,4.6259292692714864e-14,0.0,0.0,77.93304652861316,10113.08654486045,10113.08654486045
2025-02-09,45,0.6899,5182.8537,1763.169,1601.02950656938,1558.2397899027133,0.0,42.78971666666666,833.3333333333334,0.0,763.2371723772768,0.0,0.0,225.05516752543645,10113.08654486045,10800.0
2025-02-09,46,0.86,5931.5321,2101.7276,771.5697855360295,771.5697855360295,0.0,0.0,0.0,0.0,0.0,0.0,0.0,133.26903553602938,10800.0,10800.0
2025-02-09,47,1.1617,7069.64,2431.8,149.8451654631632,149.8451654631632,0.0,0.0,0.0,833.3333333333334,0.0,623.12816787017,0.0,0.0,10800.0,10107.635369033145
2025-02-09,48,1.1683,7013.0112,2714.6217,104.89303046090811,104.89303046090811,0.0,0.0,0.0,833.3333333333334,0.0,611.505219539092,0.0,0.0,10107.635369033145,9428.185125100821
2025-02-09,49,1.0956,6835.2684,2925.433,20.176998200587832,0.0,0.0,20.176998200587832,0.0,833.3333333333334,0.0,651.6392333333333,0.0,0.0,9428.185125100821,8704.141532508229
2025-02-09,50,1.0849,6987.21,3091.275,27.874297989971865,0.0,0.0,27.874297989971865,0.0,833.3333333333334,0.0,649.3225000000001,0.0,0.0,8704.141532508229,7982.672088063784
2025-02-09,51,1.061,6855.133,3293.1519,7.653051466159468,0.0,0.0,7.653051466159468,0.0,833.3333333333334,0.0,593.6635166666666,0.0,0.0,7982.672088063784,7323.045958434154
2025-02-09,52,1.043,6774.3172,3627.9666,0.0,0.0,0.0,0.0,0.0,829.943316146646,0.0,524.3917666666666,0.0,0.0,7323.045958434154,6740.388439915636
2025-02-09,53,1.036,6923.0,4015.6125,0.0,0.0,0.0,0.0,0.0,767.9725544845675,0.0,484.5645833333332,0.0,0.0,6740.388439915636,6201.983347323044
2025-02-09,54,1.0147,7076.4168,4243.8311,0.0,0.0,0.0,0.0,0.0,661.43925415307,0.0,472.0976166666667,0.0,0.0,6201.983347323044,5677.430439915636
2025-02-09,55,0.9922,7043.0052,4300.3383,0.0,0.0,0.0,0.0,0.0,583.3794746366923,0.0,457.11114999999995,0.0,0.0,5677.430439915636,5169.529162137858
2025-02-09,56,0.97,6885.98,4378.5,657.9858752313032,657.9858752313032,0.0,0.0,0.0,0.0,0.0,0.0,0.0,240.07254189797004,5169.529162137858,5169.529162137858
2025-02-09,57,0.9422,6845.5852,4704.9337,665.6301116209572,665.6301116209572,0.0,0.0,0.0,0.0,0.0,0.0,0.0,308.8548616209571,5169.529162137858,5169.529162137858
2025-02-09,58,0.9569,6901.5097,5032.7278,656.0950154582296,589.109709688148,0.0,66.9853057700816,0.0,0.0,0.0,0.0,0.0,277.64605968814794,5169.529162137858,5169.529162137858
2025-02-09,59,0.9977,6949.12,5180.5125,0.0,0.0,0.0,0.0,0.0,442.1279350479529,0.0,294.7679166666668,0.0,0.0,5169.529162137858,4842.009254730451
2025-02-09,60,0.9919,6908.9049,5205.2108,32.33577386842239,32.33577386842239,0.0,0.0,0.0,370.8584018624875,0.0,251.6132427982443,0.0,0.0,4842.009254730451,4562.438984954624
2025-02-09,61,0.9588,6863.2487,5359.334,558.0746006668169,543.0782470763546,0.0,14.996353590462263,0.0,0.0,0.0,0.0,0.0,292.42579707635446,4562.438984954624,4562.438984954624
2025-02-09,62,0.9549,6828.44,5598.075,524.3050056589054,524.3050056589054,0.0,0.0,0.0,0.0,0.0,0.0,0.0,319.244172325572,4562.438984954624,4562.438984954624
2025-02-09,63,0.9839,6772.0265,5625.4114,483.6980639404599,480.93922343280855,0.0,2.758840507651371,0.0,0.0,0.0,0.0,0.0,289.8367067661418,4562.438984954624,4562.438984954624
2025-02-09,64,0.799,6878.177,5518.3269,495.1191578619716,495.1191578619716,0.0,0.0,25.488892408936206,0.0,25.488892408936206,0.0,0.0,242.98858211970193,4562.438984954624,4585.378988122667
2025-02-09,65,0.5025,7035.62,5477.325,1419.2403378325885,1340.2901294992553,0.0,78.9502083333332,833.3333333333334,0.0,833.3333333333333,0.0,0.0,247.2409628325886,4585.378988122667,5335.378988122667
2025-02-09,66,0.4662,6918.5128,5661.833,1450.3731074201144,1380.4370713090032,0.0,69.9360361111112,833.3333333333334,0.0,833.3333333333333,0.0,0.0,337.65710464233644,5335.378988122667,6085.378988122667
2025-02-09,67,0.5007,6739.5027,5957.866,1426.4873229299556,1370.4341812632888,0.0,56.05314166666676,833.3333333333334,0.0,833.3333333333333,0.0,0.0,406.8280645966222,6085.378988122667,6835.378988122667
2025-02-09,68,0.4827,6706.44,6110.8125,1363.9474025131994,1321.7771552909771,0.0,42.170247222222315,833.3333333333334,0.0,833.3333333333333,0.0,0.0,389.17257195764387,6835.378988122667,7585.378988122667
2025-02-09,69,0.4785,6801.1068,5958.2572,1303.6616478877322,1275.3742951099543,0.0,28.28735277777787,833.3333333333334,0.0,833.3333333333333,0.0,0.0,301.5660284432879,7585.378988122667,8335.378988122666
2025-02-09,70,0.4662,6692.1289,5969.071,1207.81357456629,1193.4091162329564,0.0,14.40445833333365,833.3333333333334,0.0,833.3333333333333,0.0,0.0,239.56613289962297,8335.378988122666,9085.378988122666
2025-02-09,71,0.4432,6381.32,6192.1875,1130.0255605989132,1129.5039967100238,0.0,0.5215638888894318,833.3333333333334,0.0,833.3333333333333,0.0,0.0,264.64858004335724,9085.378988122666,9835.378988122666
2025-02-09,72,0.4411,6200.6084,6233.6025,1157.1824708088975,571.3811143196285,0.0,585.801356489269,293.1288268440646,0.0,293.1288268440646,0.0,0.0,283.7513041422306,9835.378988122666,10099.194932282324
2025-02-09,73,0.4551,6160.81,6232.3599,1127.195565662467,284.6511489958002,0.0,842.5444166666668,0.0,0.0,0.0,0.0,0.0,296.57613232913354,10099.194932282324,10099.194932282324
2025-02-09,74,0.4463,6143.36,6253.275,1036.1507691184418,229.99211911844168,0.0,806.1586500000001,0.0,0.0,0.0,0.0,0.0,248.31128578510823,10099.194932282324,10099.194932282324
2025-02-09,75,0.4113,6082.9418,6183.0593,1004.3817793070036,1004.3817793070036,0.0,0.0,778.6722974640842,0.0,778.6722974640842,0.0,0.0,242.39573184291953,10099.194932282324,10800.0
2025-02-09,76,0.5682,6281.0463,6047.7052,1033.0948894442254,159.83570309850722,0.0,873.2591863457181,0.0,0.0,0.0,0.0,0.0,120.94551976517391,10800.0,10800.0
2025-02-09,77,0.8279,6572.22,5826.225,248.7785374847784,248.00457868490093,0.0,0.7739587998774766,0.0,0.0,0.0,0.0,0.0,123.67207868490073,10800.0,10800.0
2025-02-09,78,0.8636,6455.9764,5539.9927,242.861172318722,242.861172318722,0.0,0.0,0.0,5.394742682737615,0.0,0.0,0.0,90.19722231872197,10800.0,10800.0
2025-02-09,79,0.8416,6310.3522,5680.5288,219.62864414199552,219.62864414199552,0.0,0.0,0.0,22.21558605999627,0.0,0.0,0.0,114.65807747532881,10800.0,10800.0
2025-02-09,80,0.8618,6332.14,6040.9875,230.55580512368851,230.55580512368851,0.0,0.0,0.0,74.82438064019289,0.0,0.0,0.0,182.0303884570219,10800.0,10800.0
2025-02-09,81,0.8623,6342.1121,5861.9931,334.5825042825248,334.5825042825248,0.0,0.0,0.0,0.0,0.0,0.0,0.0,254.56267094919122,10800.0,10800.0
2025-02-09,82,0.9026,6289.9034,5433.9154,371.3483562667848,315.3645536480215,0.0,55.983802618763264,0.0,0.0,0.0,0.0,0.0,172.69988698135467,10800.0,10800.0
2025-02-09,83,0.9754,6272.58,5149.2375,383.5302130476624,383.5302130476624,0.0,0.0,0.0,0.0,0.0,0.0,0.0,196.30646304766242,10800.0,10800.0
2025-02-09,84,1.0002,6393.2239,5101.5119,0.0,0.0,0.0,0.0,0.0,360.72745264749153,0.0,215.28533333333314,0.0,0.0,10800.0,10560.794074074074
2025-02-09,85,0.9978,6357.3874,4890.8862,0.0,0.0,0.0,0.0,0.0,402.0718941927615,0.0,244.4168666666667,0.0,0.0,10560.794074074074,10289.219777777778
2025-02-09,86,1.0271,6256.34,4567.5375,0.0,0.0,0.0,0.0,0.0,520.8613429427927,0.0,281.46708333333333,0.0,0.0,10289.219777777778,9976.478574074075
2025-02-09,87,1.0906,6439.8152,4547.274,0.0,0.0,0.0,0.0,0.0,595.9031007729299,0.0,315.42353333333324,0.0,0.0,9976.478574074075,9626.007981481484
2025-02-09,88,0.9376,6380.14,4442.6882,540.1379204418507,540.1379204418507,0.0,0.0,0.0,0.0,0.0,0.0,0.0,217.22928710851716,9626.007981481484,9626.007981481484
2025-02-09,89,0.6694,6098.5,4122.1125,1450.491955942156,1450.491955942156,0.0,0.0,819.6464083333334,0.0,819.6464083333334,0.0,0.0,301.44763094215625,9626.007981481484,10363.689748981484
2025-02-09,90,0.66,6162.7816,3842.2212,1486.886903203851,1486.886903203851,0.0,0.0,826.5052222222224,0.0,484.7891677983514,0.0,0.0,615.3376687388327,10363.689748981484,10800.0
2025-02-09,91,0.7217,6250.6368,3566.7105,524.7184931243146,524.7184931243146,0.0,0.0,0.0,21.049102811096304,0.0,0.0,0.0,77.3974431243148,10800.0,10800.0
2025-02-09,92,0.7308,6199.51,3293.625,1569.0488083557786,1569.0488083557786,0.0,0.0,826.7466444444445,0.0,0.0,0.0,0.0,1084.7346416891116,10800.0,10800.0
2025-02-09,93,0.7534,6196.2174,3084.9574,644.3527737133498,669.7578042689054,25.405030555555527,0.0,0.0,0.0,0.0,0.0,0.0,151.21447093557185,10800.0,10800.0
2025-02-09,94,0.7823,6259.4301,2814.5933,711.851744600098,729.0531017022607,17.96055710216274,0.7591999999999643,0.0,0.0,0.0,0.0,0.0,154.9136350355941,10800.0,10800.0
2025-02-09,95,0.8055,6310.86,2463.225,779.9031827146109,779.9031827146109,0.0,0.0,0.0,0.0,0.0,0.0,0.0,138.63068271461088,10800.0,10800.0
2025-02-09,96,0.8271,6253.8715,2135.1776,830.3662002206985,830.3662002206985,0.0,0.0,0.0,0.0,0.0,0.0,0.0,143.91721688736493,10800.0,10800.0
2025-02-09,97,0.8519,6121.6041,1810.195,913.1449541957818,913.1449541957818,0.0,0.0,0.0,0.0,0.0,0.0,0.0,194.5767708624486,10800.0,10800.0
2025-02-09,98,0.8791,5995.06,1461.7875,948.6874577908848,948.6874577908848,0.0,0.0,0.0,0.0,0.0,0.0,0.0,193.14204112421794,10800.0,10800.0
2025-02-09,99,0.9024,5936.7561,1101.6449,987.40549376138,987.40549376138,0.0,0.0,0.0,0.0,0.0,0.0,0.0,181.5536270947133,10800.0,10800.0
2025-02-09,100,0.9163,5882.9593,784.7708,1023.8734597359999,1023.8734597359999,0.0,0.0,0.0,0.0,0.0,0.0,0.0,174.17537640266642,10800.0,10800.0
2025-02-09,101,0.9264,5900.71,509.8875,1112.5143329419407,1112.5143329419407,0.0,0.0,0.0,0.0,0.0,0.0,0.0,214.043916275274,10800.0,10800.0
2025-02-09,102,0.9462,6099.0482,240.358,1102.3258231281934,1102.3258231281934,0.0,0.0,0.0,0.0,0.0,0.0,0.0,125.87745646152678,10800.0,10800.0
2025-02-09,103,0.9742,6128.3256,61.4395,1099.5052802505727,1099.5052802505727,0.0,0.0,0.0,0.0,0.0,0.0,0.0,88.35759691723933,10800.0,10800.0
2025-02-09,104,0.9862,6052.81,0.0,1155.8906989021796,1155.8906989021796,0.0,0.0,0.0,0.0,0.0,0.0,0.0,147.08903223551283,10800.0,10800.0
2025-02-09,105,0.976,6138.8163,0.0,1172.147397648961,1172.147397648961,0.0,0.0,0.0,0.0,0.0,0.0,0.0,149.01134764896096,10800.0,10800.0
2025-02-09,106,1.0742,5413.7623,1.572,1024.8727461468234,1024.8727461468234,0.0,0.0,0.0,0.0,0.0,0.0,0.0,122.84102948015664,10800.0,10800.0
2025-02-09,107,1.2313,4282.32,0.0,789.2822476028974,789.2822476028974,0.0,0.0,0.0,0.0,0.0,0.0,0.0,75.56224760289751,10800.0,10800.0
2025-02-09,108,1.2561,4245.8923,0.0,748.7486426861823,748.7486426861823,0.0,0.0,0.0,0.0,0.0,0.0,0.0,41.09992601951558,10800.0,10800.0
2025-02-09,109,1.2447,4461.6363,0.1129,824.812699783169,824.812699783169,0.0,0.0,0.0,0.0,0.0,0.0,0.0,81.22546644983572,10800.0,10800.0
2025-02-09,110,1.2545,4393.35,0.0,820.7561364284305,820.7561364284305,0.0,0.0,0.0,0.0,0.0,0.0,0.0,88.5311364284305,10800.0,10800.0
2025-02-09,111,1.2522,4336.8806,0.0,835.7680408208383,835.7680408208383,0.0,0.0,0.0,0.0,0.0,0.0,0.0,112.95460748750497,10800.0,10800.0
2025-02-09,112,1.2881,4277.4231,0.0081,770.6192973014277,770.6192973014277,0.0,0.0,0.0,0.0,0.0,0.0,0.0,57.71679730142762,10800.0,10800.0
2025-02-09,113,1.3466,4257.37,0.0,0.0,0.0,0.0,0.0,0.0,810.4586230470655,0.0,709.5616666666666,0.0,0.0,10800.0,10011.598148148149
2025-02-09,114,1.3523,4369.9413,0.0,0.0,0.0,0.0,0.0,0.0,804.1473172903701,0.0,728.3235500000001,0.0,0.0,10011.598148148149,9202.34975925926
2025-02-09,115,1.3445,4350.6509,0.0,0.0,0.0,0.0,0.0,0.0,803.7553675004625,0.0,725.1084833333333,0.0,0.0,9202.34975925926,8396.673666666667
2025-02-09,116,1.3483,4264.54,0.0,0.0,0.0,0.0,0.0,0.0,779.0584179183687,0.0,710.7566666666667,0.0,0.0,8396.673666666667,7606.944037037038
2025-02-09,117,1.349,4417.7273,0.0,0.0,0.0,0.0,0.0,0.0,821.3206038504195,0.0,736.2878833333333,0.0,0.0,7606.944037037038,6788.846388888889
2025-02-09,118,1.3473,4422.2484,0.0,0.0,0.0,0.0,0.0,0.0,824.7106083659115,0.0,737.0414000000001,0.0,0.0,6788.846388888889,5969.9115
2025-02-09,119,1.3482,4253.23,0.0,0.0,0.0,0.0,0.0,0.0,784.6262116757771,0.0,708.8716666666666,0.0,0.0,5969.9115,5182.276314814815
2025-02-09,120,1.3513,4271.9255,0.0,0.0,0.0,0.0,0.0,0.0,813.6973232681097,0.0,711.9875833333334,0.0,0.0,5182.276314814815,4391.179
2025-02-09,121,1.34,4235.6357,0.0,237.65500618661258,237.65500618661258,0.0,0.0,0.0,569.1329546774913,0.0,468.2842771467207,0.0,0.0,4391.179,3870.8631365036435
2025-02-09,122,1.3489,4119.53,0.0,0.0,0.0,0.0,0.0,0.0,817.139089836763,0.0,686.5883333333333,0.0,0.0,3870.8631365036435,3107.9872105777176
2025-02-09,123,1.3952,4183.0157,0.0,0.0,0.0,0.0,0.0,0.0,811.9534825692622,0.0,697.1692833333333,0.0,0.0,3107.9872105777176,2333.354673540681
2025-02-09,124,1.2226,4323.7969,0.0,812.6079035252856,812.6079035252856,0.0,0.0,0.0,0.0,0.0,0.0,0.0,91.97508685861885,2333.354673540681,2333.354673540681
2025-02-09,125,0.9332,4357.82,0.0,783.590528992434,783.590528992434,0.0,0.0,0.0,0.0,0.0,0.0,0.0,57.28719565910069,2333.354673540681,2333.354673540681
2025-02-09,126,0.9068,4213.92,0.0,773.8758190335972,773.8758190335972,0.0,0.0,0.0,0.0,0.0,0.0,0.0,71.55581903359712,2333.354673540681,2333.354673540681
2025-02-09,127,0.9371,4205.2685,0.0,795.4762421382416,795.4762421382416,0.0,0.0,0.0,0.0,0.0,0.0,0.0,94.59815880490817,2333.354673540681,2333.354673540681
2025-02-09,128,0.9371,4375.33,0.0,784.5522189423012,784.5522189423012,0.0,0.0,0.0,0.0,0.0,0.0,0.0,55.330552275634545,2333.354673540681,2333.354673540681
2025-02-09,129,0.9871,4393.087,0.0,778.5470652109979,778.5470652109979,0.0,0.0,0.0,0.0,0.0,0.0,0.0,46.36589854433112,2333.354673540681,2333.354673540681
2025-02-09,130,0.7764,3922.3547,0.0,725.342636646412,725.342636646412,0.0,0.0,0.0,0.0,0.0,0.0,0.0,71.61685331307865,2333.354673540681,2333.354673540681
2025-02-09,131,0.4209,3315.77,0.0,629.7039307582207,629.7039307582207,0.0,0.0,0.0,0.0,0.0,0.0,0.0,77.0755974248874,2333.354673540681,2333.354673540681
2025-02-09,132,0.3859,3294.611,0.0,601.8484498766271,601.8484498766271,0.0,0.0,3.469446951953614e-14,0.0,3.469446951953614e-14,0.0,0.0,52.746616543293804,2333.354673540681,2333.354673540681
2025-02-09,133,0.4368,3336.7503,0.0,598.7158654757302,598.7158654757302,0.0,0.0,0.0,0.0,0.0,0.0,0.0,42.59081547573021,2333.354673540681,2333.354673540681
2025-02-09,134,0.4198,3202.52,0.0,608.1053297235673,608.1053297235673,0.0,0.0,0.0,0.0,0.0,0.0,0.0,74.35199639023392,2333.354673540681,2333.354673540681
2025-02-09,135,0.4186,3171.3778,0.0,604.6342671936903,604.6342671936903,0.0,0.0,0.0,0.0,0.0,0.0,0.0,76.0713005270236,2333.354673540681,2333.354673540681
2025-02-09,136,0.4241,3200.1094,0.0,610.8663242872761,610.8663242872761,0.0,0.0,0.0,0.0,0.0,0.0,0.0,77.51475762060954,2333.354673540681,2333.354673540681
2025-02-09,137,0.4237,3254.38,0.0,620.522306240181,620.522306240181,0.0,0.0,0.0,0.0,0.0,0.0,0.0,78.12563957351438,2333.354673540681,2333.354673540681
2025-02-09,138,0.4248,3353.795,0.0,644.4677223547433,644.4677223547433,0.0,0.0,0.0,0.0,0.0,0.0,0.0,85.50188902140997,2333.354673540681,2333.354673540681
2025-02-09,139,0.424,3358.6249,0.0,625.9270632381039,625.9270632381039,0.0,0.0,0.0,0.0,0.0,0.0,0.0,66.15624657143724,2333.354673540681,2333.354673540681
2025-02-09,140,0.422,3304.49,0.0,599.1293536913753,599.1293536913753,0.0,0.0,0.0,0.0,0.0,0.0,0.0,48.38102035804195,2333.354673540681,2333.354673540681
2025-02-09,141,0.424,3371.5493,0.0,595.2926562385736,595.2926562385736,0.0,0.0,0.0,0.0,0.0,0.0,0.0,33.36777290524026,2333.354673540681,2333.354673540681
2025-02-09,142,0.4271,3456.3921,0.0,599.048774808287,599.048774808287,0.0,0.0,0.0,0.0,0.0,0.0,0.0,22.983424808287054,2333.354673540681,2333.354673540681
2025-02-09,143,0.4276,3455.92,0.0,663.9121629596868,663.9121629596868,0.0,0.0,0.0,0.0,0.0,0.0,0.0,87.92549629302016,2333.354673540681,2333.354673540681
2025-02-10,0,0.4248,3379.5939,0.0,1414.0540210341662,1414.0540210341662,0.0,0.0,833.3333333333336,0.0,833.3333333333333,0.0,0.0,17.45503770083303,2333.354673540681,3083.354673540681
2025-02-10,1,0.4245,3383.4974,0.0,1437.1439735313515,1437.1439735313515,0.0,0.0,833.3333333333334,0.0,833.3333333333333,0.0,0.0,39.894406864684925,3083.354673540681,3833.354673540681
2025-02-10,2,0.4269,3448.16,0.0,1466.9458574654855,1466.9458574654855,0.0,0.0,833.333333333333,0.0,833.333333333333,0.0,0.0,58.91919079881916,3833.354673540681,4583.354673540681
2025-02-10,3,0.4272,3401.8151,0.0,1447.4018682818144,1447.4018682818144,0.0,0.0,833.3333333333334,0.0,833.3333333333333,0.0,0.0,47.09935161514784,4583.354673540681,5333.354673540681
2025-02-10,4,0.4271,3310.8169,0.0,1434.2009835996787,1434.2009835996787,0.0,0.0,833.3333333333334,0.0,833.3333333333333,0.0,0.0,49.064833599678764,5333.354673540681,6083.354673540681
2025-02-10,5,0.4285,3342.05,0.0,1445.8517603149148,1445.8517603149148,0.0,0.0,833.3333333333334,0.0,833.3333333333333,0.0,0.0,55.510093648248244,6083.354673540681,6833.354673540681
2025-02-10,6,0.4311,3590.7072,0.0,600.5671433692722,600.5671433692722,0.0,0.0,9.119226804981493e-13,0.0,9.119226804981493e-13,0.0,0.0,2.115943369271347,6833.354673540681,6833.354673540682
2025-02-10,7,0.4302,3724.373,0.0,593.2038112545669,593.2038112545669,0.0,0.0,0.0,0.0,0.0,0.0,27.525022078766483,0.0,6833.354673540682,6833.354673540682
2025-02-10,8,0.4279,3618.87,0.0,1451.095384090999,1451.095384090999,0.0,0.0,833.3333333333334,0.0,833.3333333333333,0.0,0.0,14.617050757665766,6833.354673540682,7583.354673540682
2025-02-10,9,0.4312,3472.4035,0.0,604.2779726322037,604.2779726322037,0.0,0.0,0.0,0.0,0.0,0.0,0.0,25.54405596553704,7583.354673540682,7583.354673540682
2025-02-10,10,0.4333,3498.5763,0.0,1455.73941606144,1455.73941606144,0.0,0.0,833.3333333333229,0.0,833.3333333333229,0.0,0.0,39.310032728116994,7583.354673540682,8333.354673540673
2025-02-10,11,0.4311,3641.32,0.0,635.8411356584764,635.8411356584764,0.0,0.0,0.0,0.0,0.0,0.0,0.0,28.95446899180979,8333.354673540673,8333.354673540673
2025-02-10,12,0.4293,3673.3313,0.0,1489.5103498038698,1489.5103498038698,0.0,0.0,833.3333333333334,0.0,833.3333333333333,0.0,0.0,43.955133137203234,8333.354673540673,9083.354673540673
2025-02-10,13,0.4324,3749.9849,0.0,644.3637333768663,644.3637333768663,0.0,0.0,0.0,0.0,0.0,0.0,0.0,19.366250043533,9083.354673540673,9083.354673540673
2025-02-10,14,0.4367,3838.85,0.0,641.7322877155893,641.7322877155893,0.0,0.0,0.0,0.0,0.0,0.0,0.0,1.9239543822560563,9083.354673540673,9083.354673540673
2025-02-10,15,0.4348,3747.9383,0.0,611.2428141213524,611.2428141213524,0.0,0.0,0.0,0.0,0.0,0.0,13.413569211980985,0.0,9083.354673540673,9083.354673540673
2025-02-10,16,0.4335,3772.7648,0.0,613.7337969348457,613.7337969348457,0.0,0.0,0.0,0.0,0.0,0.0,15.060336398487607,0.0,9083.354673540673,9083.354673540673
2025-02-10,17,0.4357,3877.96,0.0,646.1586118107713,646.1586118107713,0.0,0.0,0.0,0.0,0.0,0.0,0.16805485589543423,0.0,9083.354673540673,9083.354673540673
2025-02-10,18,0.4374,3733.1851,0.0,655.4730270073089,655.4730270073089,0.0,0.0,0.0,0.0,0.0,0.0,0.0,33.2755103406422,9083.354673540673,9083.354673540673
2025-02-10,19,0.4371,3637.5125,0.0,664.1072715670384,664.1072715670384,0.0,0.0,0.0,0.0,0.0,0.0,0.0,57.85518823370512,9083.354673540673,9083.354673540673
2025-02-10,20,0.4356,3726.03,0.0,673.8071752286754,673.8071752286754,0.0,0.0,0.0,0.0,0.0,0.0,0.0,52.802175228675424,9083.354673540673,9083.354673540673
2025-02-10,21,0.4353,3836.5689,0.0,635.4159053561523,635.4159053561523,0.0,0.0,0.0,0.0,0.0,0.0,4.012244643847794,0.0,9083.354673540673,9083.354673540673
2025-02-10,22,0.436,3923.6135,0.0,658.0763006129121,658.0763006129121,0.0,0.0,0.0,0.0,0.0,0.0,0.0,4.14071727957878,9083.354673540673,9083.354673540673
2025-02-10,23,0.4378,3980.98,0.0,689.1263638209608,689.1263638209608,0.0,0.0,0.0,0.0,0.0,0.0,0.0,25.62969715429415,9083.354673540673,9083.354673540673
2025-02-10,24,0.4401,4017.3722,0.0,695.1979084934652,695.1979084934652,0.0,0.0,0.0,0.0,0.0,0.0,0.0,25.635875160131945,9083.354673540673,9083.354673540673
2025-02-10,25,0.4389,4072.9699,0.0,693.5338127164233,693.5338127164233,0.0,0.0,0.0,0.0,0.0,0.0,0.0,14.705496049756675,9083.354673540673,9083.354673540673
2025-02-10,26,0.4364,4156.04,0.0,956.5474974392223,956.5474974392223,0.0,0.0,240.71702939925711,0.0,240.71702939925711,0.0,0.0,23.157134706631894,9083.354673540673,9300.000000000004
2025-02-10,27,0.4393,4214.4236,0.0,675.3286921998372,675.3286921998372,0.0,0.0,0.0,0.0,0.0,0.0,27.075241133496206,0.0,9300.000000000004,9300.000000000004
2025-02-10,28,0.4422,4124.2018,0.0,657.4204217735784,657.4204217735784,0.0,0.0,0.0,0.0,0.0,0.0,29.94654489308823,0.0,9300.000000000004,9300.000000000004
2025-02-10,29,0.4395,3996.63,0.0,671.7112424977043,671.7112424977043,0.0,0.0,0.0,0.0,0.0,0.0,0.0,5.606242497704329,9300.000000000004,9300.000000000004
2025-02-10,30,0.4333,4070.2555,0.0107,641.4677067790692,641.4677067790692,0.0,0.0,0.0,0.0,0.0,0.0,36.9064265542642,0.0,9300.000000000004,9300.000000000004
2025-02-10,31,0.4439,4094.0932,0.0,634.3803960613576,634.3803960613576,0.0,0.0,0.0,0.0,0.0,0.0,47.968470605308994,0.0,9300.000000000004,9300.000000000004
2025-02-10,32,0.4301,3965.33,0.0,1506.1678191019575,1506.1678191019575,0.0,0.0,833.3333333333334,0.0,833.3333333333333,0.0,0.0,11.94615243529097,9300.000000000004,10050.000000000004
2025-02-10,33,0.3713,3935.6531,0.1492,1492.9454488590738,1492.9454488590738,0.0,0.0,833.3333333333334,0.0,833.3333333333293,0.0,0.0,3.6947988590778778,10050.000000000004,10800.0
2025-02-10,34,0.5708,4534.128,0.0,761.0599661163427,761.0599661163427,0.0,0.0,0.0,0.0,0.0,0.0,0.0,5.371966116342719,10800.0,10800.0
2025-02-10,35,0.9099,5280.15,0.0,54.66717805937719,54.66717805937719,0.0,0.0,0.0,833.3333333333334,0.0,825.3578219406228,0.0,0.0,10800.0,9882.935753399308
2025-02-10,36,0.9368,5131.1066,2.0779,49.01666233320566,49.01666233320566,0.0,0.0,0.0,833.3333333333334,0.0,805.821454333461,0.0,0.0,9882.935753399308,8987.578581917685
2025-02-10,37,0.8758,5047.1349,0.0,886.6671291763923,566.9790553946038,0.0,319.6880737817885,0.0,319.9117862817886,0.0,274.2100946053962,0.0,0.0,8987.578581917685,8682.9006990228
2025-02-10,38,0.8759,5289.05,0.0,887.067906766786,75.02901666350226,0.0,812.0388901032837,0.0,833.3333333333334,0.0,806.4793166698311,0.0,0.0,8682.9006990228,7786.812569389655
2025-02-10,39,0.8601,5175.9768,74.4306,875.0608123277839,875.0608123277839,0.0,0.0,0.0,4.368563888888843,0.0,0.0,0.0,24.803112327783765,7786.812569389655,7786.812569389655
2025-02-10,40,0.8442,5084.0444,265.6871,829.9623659428348,829.9623659428348,0.0,0.0,0.0,5.616724999999974,0.0,0.0,0.0,26.902815942834764,7786.812569389655,7786.812569389655
2025-02-10,41,0.8334,5130.68,551.1375,787.0683221117448,787.0683221117448,0.0,0.0,0.0,1.0823665399702804,0.0,0.0,0.0,23.811238778411507,7786.812569389655,7786.812569389655
2025-02-10,42,0.8092,5042.6345,855.0568,775.0908062265817,775.0908062265817,0.0,0.0,0.0,2.05772222222231,0.0,0.0,0.0,77.16118955991499,7786.812569389655,7786.812569389655
2025-02-10,43,0.7972,5104.9789,1160.103,754.8220811355628,749.8938432801555,0.0,4.92823785540736,0.0,0.0,0.0,0.0,0.0,92.41452661348876,7786.812569389655,7786.812569389655
2025-02-10,44,0.7644,5201.03,1468.2375,646.6723373601361,646.6723373601361,0.0,0.0,0.0,0.0,0.0,0.0,0.0,24.540254026802813,7786.812569389655,7786.812569389655
2025-02-10,45,0.6899,5037.151,1784.1021,1456.9535632720608,1456.6303188276163,0.0,0.3232444444445264,833.3333333333334,0.0,833.3333333333333,0.0,0.0,81.12216882761629,7786.812569389655,8536.812569389655
2025-02-10,46,0.86,5722.9662,2107.4625,645.6824619317227,641.633505877675,0.0,4.048956054047721,0.0,0.0,0.0,0.0,0.0,39.04955587767506,8536.812569389655,8536.812569389655
2025-02-10,47,1.1617,6954.24,2442.675,0.0,0.0,0.0,0.0,0.0,800.2786849365815,0.0,751.9275,0.0,0.0,8536.812569389655,7701.337569389654
2025-02-10,48,1.1683,7204.3318,2790.8181,0.0,0.0,0.0,0.0,0.0,745.9850094648605,0.0,735.5856166666667,0.0,0.0,7701.337569389654,6884.020217537803
2025-02-10,49,1.0956,7106.1213,3117.8031,0.0,0.0,0.0,0.0,0.0,653.9940044404058,0.0,653.9940044404058,10.725695559594215,0.0,6884.020217537803,6157.360212604019
2025-02-10,50,1.0849,7087.1,3411.4875,0.0,0.0,0.0,0.0,0.0,628.3269772301174,0.0,612.6020833333333,0.0,0.0,6157.360212604019,5476.691231122537
2025-02-10,51,1.061,6917.6326,3695.3489,0.0,0.0,0.0,0.0,0.0,572.5386848184961,0.0,537.0472833333333,0.0,0.0,5476.691231122537,4879.972027418833
2025-02-10,52,1.043,6788.5475,4010.6924,0.0,0.0,0.0,0.0,0.0,494.4152537778391,0.0,462.9758499999999,0.0,0.0,4879.972027418833,4365.554416307722
2025-02-10,53,1.036,6778.17,4370.1,0.0,0.0,0.0,0.0,0.0,465.76795695012567,0.0,401.3449999999999,0.0,0.0,4365.554416307722,3919.615527418833
2025-02-10,54,1.0147,6781.9739,4742.1554,0.0,0.0,0.0,0.0,0.0,457.2755576620998,0.0,339.9697500000001,0.0,0.0,3919.615527418833,3541.8713607521663
2025-02-10,55,0.9922,6860.9025,5057.6062,0.0,0.0,0.0,0.0,0.0,401.71774772254,0.0,300.54938333333337,0.0,0.0,3541.8713607521663,3207.927601492907
2025-02-10,56,0.97,6955.6,5392.575,0.0,0.0,0.0,0.0,0.0,280.0752215613916,0.0,260.5041666666667,0.0,0.0,3207.927601492907,2918.4785274188325
2025-02-10,57,0.9422,6901.7422,5854.8254,0.0,0.0,0.0,0.0,0.0,275.84031676969806,0.0,174.48613333333333,0.0,0.0,2918.4785274188325,2724.605045937351
2025-02-10,58,0.9569,6773.4372,6082.3332,0.0,0.0,0.0,0.0,0.0,224.31154850595613,0.0,115.18400000000008,0.0,0.0,2724.605045937351,2596.6228237151286
2025-02-10,59,0.9977,6744.95,6084.0,0.0,0.0,0.0,0.0,0.0,130.3579471649723,0.0,110.1583333333333,0.0,0.0,2596.6228237151286,2474.2246755669803
2025-02-10,60,0.9919,6911.8197,6241.8834,0.0,0.0,0.0,0.0,0.0,88.69452060796539,0.0,88.69452060796539,22.961529392034663,0.0,2474.2246755669803,2375.6752082247967
2025-02-10,61,0.9588,6921.1422,6471.7707,0.0,0.0,0.0,0.0,0.0,80.55890234272572,0.0,74.89525000000003,0.0,0.0,2375.6752082247967,2292.4582637803524
2025-02-10,62,0.9549,6795.19,6599.0625,0.0,0.0,0.0,0.0,0.0,85.23867696920372,0.0,32.687916666666524,0.0,0.0,2292.4582637803524,2256.138356372945
2025-02-10,63,0.9839,6884.2005,6556.0939,0.0,0.0,0.0,0.0,0.0,104.56133653486101,0.0,54.684433333333345,0.0,0.0,2256.138356372945,2195.3778748914638
2025-02-10,64,0.799,6916.6855,6568.8256,115.25822945293719,5.7670544529372165,0.0,109.49117499999997,0.0,0.0,0.0,0.0,52.20959554706269,0.0,2195.3778748914638,2195.3778748914638
2025-02-10,65,0.5025,6853.19,6757.8,966.7294832718737,789.0759805941902,0.0,177.6535026776835,833.3333333333334,0.0,773.1776472608569,0.0,0.0,0.0,2195.3778748914638,2891.237757426235
2025-02-10,66,0.4662,6922.3371,7050.5121,939.3818194396249,769.629590761353,0.0,169.75222867827188,833.3333333333334,0.0,790.9920907613532,0.0,0.0,0.0,2891.237757426235,3603.130639111453
2025-02-10,67,0.5007,6868.1077,7314.4332,907.2922788333203,782.9371496666536,0.0,124.35512916666676,833.3333333333334,0.0,833.3333333333333,0.0,0.0,23.991399666653706,3603.130639111453,4353.130639111453
2025-02-10,68,0.4827,6635.3,7364.325,942.9661621284008,796.6117135172897,0.0,146.35444861111114,833.3333333333334,0.0,833.3333333333333,0.0,0.0,84.78254685062302,4353.130639111453,5103.130639111453
2025-02-10,69,0.4785,6446.8012,7121.1275,971.2843717801939,752.1452772202834,0.0,219.1390945599104,833.3333333333334,0.0,833.3333333333333,0.0,0.0,31.199660553616695,5103.130639111453,5853.130639111453
2025-02-10,70,0.4662,6333.0288,7064.2822,911.1642665820661,658.3106041948737,0.0,252.85366238719246,833.3333333333334,0.0,780.1861708615404,0.0,2.2737367544323206e-13,0.0,5853.130639111453,6555.298192886839
2025-02-10,71,0.4432,6280.71,7247.5125,835.2633880641445,556.5935616151459,0.0,278.6698264489986,833.3333333333334,0.0,717.7273116151457,0.0,0.0,0.0,6555.298192886839,7201.25277334047
2025-02-10,72,0.4411,6267.5904,7278.2438,878.0465169325919,691.3644070885184,144.81436172985843,331.4964715739319,833.3333333333334,0.0,833.3333333333333,0.0,0.0,26.473307088518368,7201.25277334047,7951.25277334047
2025-02-10,73,0.4551,6211.1174,7236.9447,871.8802734592639,690.4133223873602,115.71858480992591,297.18553588182965,798.2091014765923,0.0,798.2091014765923,0.0,0.0,63.175437577434536,7951.25277334047,8669.640964669403
2025-02-10,74,0.4463,6188.32,7217.55,822.3623745579082,710.5026198933923,140.04029116881748,251.90004583333337,833.3333333333334,0.0,833.3333333333333,0.0,0.0,48.70761989339235,8669.640964669403,9419.640964669403
2025-02-10,75,0.4113,6369.7152,7179.2354,854.0733350040114,727.7780630319461,137.0239655279347,263.3192375,833.3333333333334,0.0,833.3333333333333,0.0,0.0,29.36476303194604,9419.640964669403,10169.640964669403
2025-02-10,76,0.5682,6602.4027,6997.6492,930.8734704654188,656.135041298752,0.0,274.73842916666683,696.5743574173999,0.0,696.5743574173999,0.0,0.0,25.435100548018795,10169.640964669403,10796.557886345063
2025-02-10,77,0.8279,6687.27,6789.4875,69.65441260562572,0.0,0.0,69.65441260562572,3.82457072770736,0.0,3.82457072770736,0.0,0.0,13.211679272292521,10796.557886345063,10800.0
2025-02-10,78,0.8636,6542.9747,6792.7467,111.62968851194228,0.0,0.0,111.62968851194228,0.0,0.0,0.0,0.0,0.0,41.62866666666673,10800.0,10800.0
2025-02-10,79,0.8416,6402.6821,6704.1116,132.76696715664957,0.0,0.0,132.76696715664957,0.0,0.0,0.0,0.0,0.0,50.23825000000011,10800.0,10800.0
2025-02-10,80,0.8618,6343.0,6453.5625,186.64666379547967,76.68100637069544,76.68100637069544,186.64666379547967,0.0,0.0,0.0,0.0,0.0,95.10808970402877,10800.0,10800.0
2025-02-10,81,0.8623,6254.9764,6240.126,206.8223870723206,97.95390344373209,97.95390344373209,206.8223870723206,0.0,0.0,0.0,0.0,0.0,95.47883677706545,10800.0,10800.0
2025-02-10,82,0.9026,6222.0466,5869.91,152.2249827761898,92.04055253678204,92.04055253678204,152.2249827761898,0.0,0.0,0.0,0.0,0.0,33.35111920344866,10800.0,10800.0
2025-02-10,83,0.9754,6275.85,5430.1125,0.0,0.0,0.0,0.0,0.0,166.25662259715227,0.0,140.95625000000007,0.0,0.0,10800.0,10643.381944444445
2025-02-10,84,1.0002,6335.7219,5259.6143,0.0,0.0,0.0,0.0,0.0,203.89492329990628,0.0,179.35126666666656,0.0,0.0,10643.381944444445,10444.10275925926
2025-02-10,85,0.9978,6288.7541,5174.6621,0.0,0.0,0.0,0.0,0.0,233.02957965659516,0.0,185.68200000000013,0.0,0.0,10444.10275925926,10237.789425925926
2025-02-10,86,1.0271,6176.27,4953.1125,0.0,0.0,0.0,0.0,0.0,282.66747919031786,0.0,203.85958333333326,0.0,0.0,10237.789425925926,10011.278777777778
2025-02-10,87,1.0906,6157.4738,4556.3411,0.0,0.0,0.0,0.0,0.0,296.7096076052878,0.0,266.8554499999999,0.0,0.0,10011.278777777778,9714.772722222222
2025-02-10,88,0.9376,6217.2728,4279.2678,0.0,95.47689575736823,95.47689575736823,0.0,0.0,243.2402834465345,0.0,227.52393757596508,0.0,0.0,9714.772722222222,9461.968347137816
2025-02-10,89,0.6694,6268.89,4166.8875,1364.9749876409883,1255.3122612520992,971.9472392946177,1081.6099656835067,833.3333333333334,0.0,833.3333333333333,0.0,0.0,71.64517791876574,9461.968347137816,10211.968347137816
2025-02-10,90,0.66,6242.633,3986.0579,1351.3347712580403,1288.0482439507132,141.09124045999943,204.37776776732653,833.3333333333334,0.0,653.3685031802047,0.0,0.0,258.58389077050856,10211.968347137816,10800.0
2025-02-10,91,0.7217,6235.3382,3718.0845,1373.1680615406485,457.0616561529844,92.65509821845973,1008.7615036061238,0.0,0.0,0.0,0.0,0.0,37.519372819650926,10800.0,10800.0
2025-02-10,92,0.7308,6222.76,3355.8375,1412.9429207519634,479.0551751156925,107.29160493498495,1041.1793505712558,0.0,0.0,0.0,0.0,0.0,1.234758449025776,10800.0,10800.0
2025-02-10,93,0.7534,6082.0383,2900.2116,607.1086756333345,543.426110409126,67.6638173517818,131.3463825759904,0.0,0.0,0.0,0.0,0.0,13.121660409125866,10800.0,10800.0
2025-02-10,94,0.7823,5945.0647,2555.3039,684.0320133395013,607.9275483119258,50.8409090161399,126.94537404371545,0.0,0.0,0.0,0.0,0.0,42.96741497859239,10800.0,10800.0
2025-02-10,95,0.8055,5945.4,2310.6375,708.5505699142504,647.8906329170026,40.83245175783884,101.49238875508672,0.0,0.0,0.0,0.0,0.0,42.09688291700252,10800.0,10800.0
2025-02-10,96,0.8271,6080.6489,1969.5483,776.3926118096133,723.8277059768288,62.309647257708434,114.8745530904929,0.0,0.0,0.0,0.0,0.0,38.644272643495356,10800.0,10800.0
2025-02-10,97,0.8519,6076.3087,1647.1915,798.1834838246813,777.4168991319481,21.785521151956004,42.55210584468921,0.0,0.0,0.0,0.0,0.0,39.2306991319482,10800.0,10800.0
2025-02-10,98,0.8791,5965.41,1381.65,823.2502090315966,813.7347853735332,32.34282777777764,41.858251435841,0.0,0.0,0.0,0.0,0.0,49.77478537353329,10800.0,10800.0
2025-02-10,99,0.9024,6031.9221,1087.6242,858.9659166345915,858.3570127467323,20.493137500000103,21.102041387859344,0.0,0.0,0.0,0.0,0.0,34.307362746732224,10800.0,10800.0
2025-02-10,100,0.9163,6074.4768,814.324,895.9268244854251,892.939620697938,5.599338684589611,8.586542472076644,0.0,0.0,0.0,0.0,0.0,16.247487364604694,10800.0,10800.0
2025-02-10,101,0.9264,6001.55,560.8875,932.0923590575536,924.5707979018174,0.0,7.521561155736208,0.0,0.0,0.0,0.0,0.0,17.79371456848412,10800.0,10800.0
2025-02-10,102,0.9462,5947.3338,280.2049,970.7476836306201,969.2630808375469,0.0,1.4846027930732362,0.0,0.0,0.0,0.0,0.0,24.741597504213587,10800.0,10800.0
2025-02-10,103,0.9742,6003.9012,77.6251,1010.033586720641,1001.5350987184867,0.0,8.498488002154318,0.0,0.0,0.0,0.0,0.0,13.82241538515325,10800.0,10800.0
2025-02-10,104,0.9862,6163.98,0.0,1016.6780767988312,1016.6780767988312,0.0,0.0,0.0,0.0,0.0,0.0,10.651923201168756,0.0,10800.0,10800.0
2025-02-10,105,0.976,6203.4616,0.0,1044.2995937415092,1043.0944588311188,0.0,1.2051349103903704,0.0,0.0,0.0,0.0,0.0,9.18419216445227,10800.0,10800.0
2025-02-10,106,1.0742,5432.3006,2.1397,923.7815012646485,919.7186887646485,0.0,4.06281249999995,0.0,0.0,0.0,0.0,0.0,14.6918720979819,10800.0,10800.0
2025-02-10,107,1.2313,4330.05,0.0,735.9178391471759,735.9178391471759,0.0,0.0,0.0,0.0,0.0,0.0,0.0,14.2428391471758,10800.0,10800.0
2025-02-10,108,1.2561,4160.3165,0.0,711.4516750644326,711.4516750644326,0.0,0.0,0.0,0.0,0.0,0.0,0.0,18.06559173109929,10800.0,10800.0
2025-02-10,109,1.2447,4219.1371,0.1536,751.4795729352967,751.4795729352967,0.0,0.0,0.0,0.0,0.0,0.0,0.0,48.31565626863005,10800.0,10800.0
2025-02-10,110,1.2545,4132.67,0.0,745.4165390889125,745.4165390889125,0.0,0.0,0.0,0.0,0.0,0.0,0.0,56.63820575557918,10800.0,10800.0
2025-02-10,111,1.2522,4245.7049,0.0,732.6307089283855,732.6307089283855,0.0,0.0,0.0,0.0,0.0,0.0,0.0,25.013225595052177,10800.0,10800.0
2025-02-10,112,1.2881,4433.708,0.011,151.75309315408776,151.75309315408776,0.0,0.0,0.0,547.3177622422421,0.0,547.3177622422421,39.87864460367007,0.0,10800.0,10191.869153064175
2025-02-10,113,1.3466,4461.43,0.0,0.0,0.0,0.0,0.0,0.0,725.885296621882,0.0,725.885296621882,17.686370044784667,0.0,10191.869153064175,9385.329934595418
2025-02-10,114,1.3523,4234.5337,0.0,0.0,0.0,0.0,0.0,0.0,728.0513896874819,0.0,705.7556166666667,0.0,0.0,9385.329934595418,8601.157027188012
2025-02-10,115,1.3445,4140.9324,0.0,0.0,0.0,0.0,0.0,0.0,748.6479012869678,0.0,690.1554,0.0,0.0,8601.157027188012,7834.3176938546785
2025-02-10,116,1.3483,4275.29,0.0,0.0,0.0,0.0,0.0,0.0,757.6944560814483,0.0,712.5483333333333,0.0,0.0,7834.3176938546785,7042.597323484308
2025-02-10,117,1.349,4366.2027,0.0,0.0,0.0,0.0,0.0,0.0,749.358361456019,0.0,727.7004499999999,0.0,0.0,7042.597323484308,6234.041267928752
2025-02-10,118,1.3473,4336.4434,0.0,0.0,0.0,0.0,0.0,0.0,733.0796112159779,0.0,722.7405666666667,0.0,0.0,6234.041267928752,5430.996193854678
2025-02-10,119,1.3482,4250.43,0.0,0.0,0.0,0.0,0.0,0.0,739.3642322344572,0.0,708.4050000000001,0.0,0.0,5430.996193854678,4643.879527188011
2025-02-10,120,1.3513,4224.2607,0.0,0.0,0.0,0.0,0.0,0.0,721.4090370605572,0.0,704.04345,0.0,0.0,4643.879527188011,3861.6090271880107
2025-02-10,121,1.34,4229.0967,0.0,0.0,0.0,0.0,0.0,0.0,721.7953801359987,0.0,704.84945,0.0,0.0,3861.6090271880107,3078.4429716324553
2025-02-10,122,1.3489,4257.2,0.0,0.0,0.0,0.0,0.0,0.0,738.7205304011121,0.0,709.5333333333333,0.0,0.0,3078.4429716324553,2290.072601262085
2025-02-10,123,1.3952,4328.1796,0.0,0.0,0.0,0.0,0.0,0.0,728.6760415758562,0.0,721.3632666666667,0.0,0.0,2290.072601262085,1488.557860521344
2025-02-10,124,1.2226,4343.5835,0.0,712.5381796420398,712.5381796420398,0.0,0.0,0.0,0.0,0.0,0.0,11.392403691293453,0.0,1488.557860521344,1488.557860521344
2025-02-10,125,0.9332,4306.34,0.0,705.8100307956615,705.8100307956615,0.0,0.0,0.0,0.0,0.0,0.0,11.913302537671825,0.0,1488.557860521344,1488.557860521344
2025-02-10,126,0.9068,4319.8492,0.0,729.8332500658843,729.8332500658843,0.0,0.0,0.0,0.0,0.0,0.0,0.0,9.8583833992177,1488.557860521344,1488.557860521344
2025-02-10,127,0.9371,4366.208,0.0,732.9680817229474,732.9680817229474,0.0,0.0,0.0,0.0,0.0,0.0,0.0,5.266748389614122,1488.557860521344,1488.557860521344
2025-02-10,128,0.9371,4462.95,0.0,721.9138284466981,721.9138284466981,0.0,0.0,0.0,0.0,0.0,0.0,21.91117155330187,0.0,1488.557860521344,1488.557860521344
2025-02-10,129,0.9871,4568.2065,0.0,756.9545221014658,756.9545221014658,0.0,0.0,0.0,0.0,0.0,0.0,4.41322789853416,0.0,1488.557860521344,1488.557860521344
2025-02-10,130,0.7764,4169.6641,0.0,691.5155847978936,691.5155847978936,0.0,0.0,0.0,0.0,0.0,0.0,3.4284318687731457,0.0,1488.557860521344,1488.557860521344
2025-02-10,131,0.4209,3455.59,0.0,566.2217863900136,566.2217863900136,0.0,0.0,0.0,0.0,0.0,0.0,9.709880276653166,0.0,1488.557860521344,1488.557860521344
2025-02-10,132,0.3859,3188.9582,0.0,539.2387536909592,539.2387536909592,0.0,0.0,0.0,0.0,0.0,0.0,0.0,7.745720357625942,1488.557860521344,1488.557860521344
2025-02-10,133,0.4368,3167.0284,0.0,564.4293521559124,564.4293521559124,0.0,0.0,0.0,0.0,0.0,0.0,0.0,36.591285489245706,1488.557860521344,1488.557860521344
2025-02-10,134,0.4198,3190.94,0.0,568.2817450591864,568.2817450591864,0.0,0.0,0.0,0.0,0.0,0.0,0.0,36.45841172585301,1488.557860521344,1488.557860521344
2025-02-10,135,0.4186,3279.7622,0.0,582.1788801009886,582.1788801009886,0.0,0.0,0.0,0.0,0.0,0.0,0.0,35.55184676765532,1488.557860521344,1488.557860521344
2025-02-10,136,0.4241,3314.121,0.0,581.9413149677843,581.9413149677843,0.0,0.0,0.0,0.0,0.0,0.0,0.0,29.587814967784198,1488.557860521344,1488.557860521344
2025-02-10,137,0.4237,3298.03,0.0,567.0563539523165,567.0563539523165,0.0,0.0,0.0,0.0,0.0,0.0,0.0,17.38468728564976,1488.557860521344,1488.557860521344
2025-02-10,138,0.4248,3353.5211,0.0,571.8090545428327,571.8090545428327,0.0,0.0,0.0,0.0,0.0,0.0,0.0,12.88887120949937,1488.557860521344,1488.557860521344
2025-02-10,139,0.424,3433.5833,0.0,587.3658333229063,587.3658333229063,0.0,0.0,0.0,0.0,0.0,0.0,0.0,15.101949989572972,1488.557860521344,1488.557860521344
2025-02-10,140,0.422,3493.98,0.0,537.2577977428153,537.2577977428153,0.0,0.0,0.0,0.0,0.0,0.0,45.0722022571847,0.0,1488.557860521344,1488.557860521344
2025-02-10,141,0.424,3540.5163,0.0,548.9336086188982,548.9336086188982,0.0,0.0,0.0,0.0,0.0,0.0,41.15244138110177,0.0,1488.557860521344,1488.557860521344
2025-02-10,142,0.4271,3588.2487,0.0,575.5568550936287,575.5568550936287,0.0,0.0,0.0,0.0,0.0,0.0,22.4845949063714,0.0,1488.557860521344,1488.557860521344
2025-02-10,143,0.4276,3569.7,0.0,590.856375473626,590.856375473626,0.0,0.0,0.0,0.0,0.0,0.0,4.093624526373901,0.0,1488.557860521344,1488.557860521344
2025-02-11,0,0.4248,3413.1735,0.0,1416.8143896935544,1416.8143896935544,0.0,0.0,833.3333333333334,0.0,833.3333333333333,0.0,0.0,14.618806360221129,1488.557860521344,2238.557860521344
2025-02-11,1,0.4245,3355.82,0.0,1445.2879128789525,1445.2879128789525,0.0,0.0,833.3333333333334,0.0,833.3333333333333,0.0,0.0,52.651246212285855,2238.557860521344,2988.557860521344
2025-02-11,2,0.4269,3448.9,0.0,1467.7251267446577,1467.7251267446577,0.0,0.0,833.3333333333334,0.0,833.3333333333333,0.0,0.0,59.57512674465772,2988.557860521344,3738.557860521344
2025-02-11,3,0.4272,3499.9739,0.0,1434.1379882595297,1434.1379882595297,0.0,0.0,833.3333333333334,0.0,833.3333333333333,0.0,0.0,17.475671592863137,3738.557860521344,4488.557860521344
2025-02-11,4,0.4271,3406.6361,0.0,1419.1831442259927,1419.1831442259927,0.0,0.0,833.3333333333334,0.0,833.3333333333333,0.0,0.0,18.077127559326073,4488.557860521344,5238.557860521344
2025-02-11,5,0.4285,3290.27,0.0,1449.0447589572211,1449.0447589572211,0.0,0.0,833.3333333333333,0.0,833.3333333333333,0.0,0.0,67.33309229055453,5238.557860521344,5988.557860521344
2025-02-11,6,0.4311,3368.9998,0.0,625.1477305351258,625.1477305351258,0.0,0.0,0.0,0.0,0.0,0.0,0.0,63.64776386845915,5988.557860521344,5988.557860521344
2025-02-11,7,0.4302,3464.6653,0.0,1467.724646503429,1467.724646503429,0.0,0.0,833.3333333333334,0.0,833.3333333333333,0.0,0.0,56.94709650342918,5988.557860521344,6738.557860521344
2025-02-11,8,0.4279,3531.49,0.0,1426.100235825491,1426.100235825491,0.0,0.0,833.3333333333334,0.0,833.3333333333333,0.0,0.0,4.185235825491077,6738.557860521344,7488.557860521344
2025-02-11,9,0.4312,3680.6743,0.0,1449.3847705996943,1449.3847705996943,0.0,0.0,833.3333333333334,0.0,833.3333333333333,0.0,0.0,2.6057205996943367,7488.557860521344,8238.557860521345
2025-02-11,10,0.4333,3728.3424,0.0,983.7876922773919,983.7876922773919,0.0,0.0,346.04682164295,0.0,346.04682164295,0.0,0.0,16.350470634441876,8238.557860521345,8550.0
2025-02-11,11,0.4311,3677.22,0.0,624.7569649049029,624.7569649049029,0.0,0.0,0.0,0.0,0.0,0.0,0.0,11.886964904902925,8550.0,8550.0
2025-02-11,12,0.4293,3722.5369,0.0,1472.196535647123,1472.196535647123,0.0,0.0,833.3333333333335,0.0,833.3333333333333,0.0,0.0,18.440385647123094,8550.0,9300.0
2025-02-11,13,0.4324,3782.3375,0.0,645.2353432940519,645.2353432940519,0.0,0.0,0.0,0.0,0.0,0.0,0.0,14.84575996071851,9300.0,9300.0
2025-02-11,14,0.4367,3805.98,0.0,647.4971006109805,647.4971006109805,0.0,0.0,0.0,0.0,0.0,0.0,0.0,13.16710061098047,9300.0,9300.0
2025-02-11,15,0.4348,3828.9341,0.0,625.2978546560345,625.2978546560345,0.0,0.0,0.0,0.0,0.0,0.0,12.857828677298812,0.0,9300.0,9300.0
2025-02-11,16,0.4335,3820.2622,0.0,630.6467870645748,630.6467870645748,0.0,0.0,0.0,0.0,0.0,0.0,6.063579602091863,0.0,9300.0,9300.0
2025-02-11,17,0.4357,3802.84,0.0,658.5472702654483,658.5472702654483,0.0,0.0,0.0,0.0,0.0,0.0,0.0,24.740603598781604,9300.0,9300.0
2025-02-11,18,0.4374,3831.9758,0.0,629.0061147124837,629.0061147124837,0.0,0.0,0.0,0.0,0.0,0.0,9.656518620849624,0.0,9300.0,9300.0
2025-02-11,19,0.4371,3814.2393,0.0,617.7552964775066,617.7552964775066,0.0,0.0,0.0,0.0,0.0,0.0,17.951253522493403,0.0,9300.0,9300.0
2025-02-11,20,0.4356,3794.42,0.0,665.5184772214269,665.5184772214269,0.0,0.0,0.0,0.0,0.0,0.0,0.0,33.1151438880936,9300.0,9300.0
2025-02-11,21,0.4353,3893.8921,0.0,652.0378662865995,652.0378662865995,0.0,0.0,0.0,0.0,0.0,0.0,0.0,3.0558496199328147,9300.0,9300.0
2025-02-11,22,0.436,3852.6459,0.0,655.0119847139715,655.0119847139715,0.0,0.0,0.0,0.0,0.0,0.0,0.0,12.90433471397148,9300.0,9300.0
2025-02-11,23,0.4378,3701.11,0.0,646.147125546435,646.147125546435,0.0,0.0,0.0,0.0,0.0,0.0,0.0,29.295458879768262,9300.0,9300.0
2025-02-11,24,0.4401,3749.3532,0.0,656.6126462548674,656.6126462548674,0.0,0.0,0.0,0.0,0.0,0.0,0.0,31.720446254867397,9300.0,9300.0
2025-02-11,25,0.4389,3880.4067,0.0,659.8361436955978,659.8361436955978,0.0,0.0,0.0,0.0,0.0,0.0,0.0,13.10169369559776,9300.0,9300.0
2025-02-11,26,0.4364,3986.44,0.0,684.6229248589898,684.6229248589898,0.0,0.0,0.0,0.0,0.0,0.0,0.0,20.216258192323153,9300.0,9300.0
2025-02-11,27,0.4393,4066.3956,0.001,701.0541697466633,701.0541697466633,0.0,0.0,0.0,0.0,0.0,0.0,0.0,23.321736413330086,9300.0,9300.0
2025-02-11,28,0.4422,4068.6519,0.0,670.6135982213408,670.6135982213408,0.0,0.0,0.0,0.0,0.0,0.0,7.495051778659217,0.0,9300.0,9300.0
2025-02-11,29,0.4395,3995.45,0.0,657.4551969083424,657.4551969083424,0.0,0.0,0.0,0.0,0.0,0.0,8.45313642499093,0.0,9300.0,9300.0
2025-02-11,30,0.4333,3915.7712,0.014,656.8798432065065,656.8798432065065,0.0,0.0,0.0,0.0,0.0,0.0,0.0,4.253643206506467,9300.0,9300.0
2025-02-11,31,0.4439,3889.9944,0.0,694.659567847399,694.659567847399,0.0,0.0,0.0,0.0,0.0,0.0,0.0,46.32716784739898,9300.0,9300.0
2025-02-11,32,0.4301,3878.46,0.0,1525.229975255849,1525.229975255849,0.0,0.0,833.3333333333333,0.0,833.3333333333333,0.0,0.0,45.48664192251579,9300.0,10050.0
2025-02-11,33,0.3713,3862.5048,0.195,1492.3328204199743,1492.3328204199743,0.0,0.0,833.3333333333334,0.0,833.3333333333333,0.0,0.0,15.281187086641012,10050.0,10800.0
2025-02-11,34,0.5708,4266.8742,0.0,742.1754349510569,742.1754349510569,0.0,0.0,0.0,0.0,0.0,0.0,0.0,31.029734951056867,10800.0,10800.0
2025-02-11,35,0.9099,4965.17,0.0,41.81646401102307,41.81646401102307,0.0,0.0,0.0,833.3333333333334,0.0,785.7118693223102,0.0,0.0,10800.0,9926.986811864099
2025-02-11,36,0.9368,5311.3728,2.7159,50.093280847018946,50.093280847018946,0.0,0.0,0.0,833.3333333333334,0.0,833.3333333333333,1.3495358196478264,0.0,9926.986811864099,9001.060885938174
2025-02-11,37,0.8758,5244.8342,0.0,860.0471715131665,860.0471715131665,0.0,0.0,0.0,0.2492499999999609,0.0,0.2492499999999609,13.842611820166894,0.0,9001.060885938174,9000.78394149373
2025-02-11,38,0.8759,5122.52,0.0,427.9837138240624,427.9837138240624,0.0,0.0,0.0,432.5143952691885,0.0,425.769619509271,0.0,0.0,9000.78394149373,8527.70658648343
2025-02-11,39,0.8601,5326.6014,89.1271,856.101431398058,856.101431398058,0.0,0.0,0.0,2.989894444444417,0.0,2.989894444444417,13.821057490830853,0.0,8527.70658648343,8524.384481545158
2025-02-11,40,0.8442,5317.5364,284.2868,816.9207070366396,816.9207070366396,0.0,0.0,0.0,3.8441500000000133,0.0,3.8441500000000133,18.11007629669379,0.0,8524.384481545158,8520.11320376738
2025-02-11,41,0.8334,5082.38,561.375,759.9069326935406,759.9069326935406,0.0,0.0,0.0,0.913916666666637,0.0,0.0,0.0,6.406099360207236,8520.11320376738,8520.11320376738
2025-02-11,42,0.8092,5178.5319,861.8887,743.6591956566504,743.293126212206,0.0,0.36606944444440614,0.0,0.0,0.0,0.0,0.0,23.852592878872542,8520.11320376738,8520.11320376738
2025-02-11,43,0.7972,5405.3337,1138.5282,721.5702311540103,717.4038811540104,0.0,4.166349999999966,0.0,0.0,0.0,0.0,0.0,6.2696311540103125,8520.11320376738,8520.11320376738
2025-02-11,44,0.7644,5370.34,1379.6625,612.829252126744,612.829252126744,0.0,0.0,0.0,4.043986111111167,0.0,4.043986111111167,48.23967842881157,0.0,8520.11320376738,8515.619885866145
2025-02-11,45,0.6899,5034.1354,1617.7246,1414.2308947663064,1414.2308947663064,0.0,0.0,809.8243291666668,0.0,809.8243291666668,0.0,0.0,35.004765599639654,8515.619885866145,9244.461782116145
2025-02-11,46,0.86,5660.9293,1927.2472,627.2245776762056,627.2245776762056,0.0,0.0,0.0,22.691554947703935,0.0,0.0,0.0,4.944227676205628,9244.461782116145,9244.461782116145
2025-02-11,47,1.1617,6925.71,2295.0,0.0,0.0,0.0,0.0,0.0,823.0364202018914,0.0,771.7850000000001,0.0,0.0,9244.461782116145,8386.922893227256
2025-02-11,48,1.1683,7166.8905,2635.4393,0.0,0.0,0.0,0.0,0.0,779.3344793317542,0.0,755.2418666666667,0.0,0.0,8386.922893227256,7547.7652635976265
2025-02-11,49,1.0956,7005.0033,2962.3562,0.0,0.0,0.0,0.0,0.0,707.3027805916814,0.0,673.7745166666666,0.0,0.0,7547.7652635976265,6799.126911745775
2025-02-11,50,1.0849,6928.27,3244.125,0.0,0.0,0.0,0.0,0.0,660.0319880351561,0.0,614.0241666666668,0.0,0.0,6799.126911745775,6116.877837671701
2025-02-11,51,1.061,6791.6544,3431.5991,0.0,0.0,0.0,0.0,0.0,595.449916048936,0.0,560.0092166666668,0.0,0.0,6116.877837671701,5494.645374708738
2025-02-11,52,1.043,6800.103,3682.656,0.0,0.0,0.0,0.0,0.0,525.6312927045047,0.0,519.5745000000001,0.0,0.0,5494.645374708738,4917.340374708738
2025-02-11,53,1.036,6969.01,4021.2,0.0,0.0,0.0,0.0,0.0,498.7752071604737,0.0,491.30166666666685,0.0,0.0,4917.340374708738,4371.449633967997
2025-02-11,54,1.0147,7064.9932,4313.8646,0.0,0.0,0.0,0.0,0.0,460.6606092078302,0.0,458.5214333333332,0.0,0.0,4371.449633967997,3861.9813747087383
2025-02-11,55,0.9922,7006.3532,4547.8489,0.0,0.0,0.0,0.0,0.0,419.2406407480401,0.0,409.75071666666656,0.0,0.0,3861.9813747087383,3406.7028006346645
2025-02-11,56,0.97,6906.59,4824.3375,0.0,0.0,0.0,0.0,0.0,335.70890385475286,0.0,335.70890385475286,11.333179478580519,0.0,3406.7028006346645,3033.692907462717
2025-02-11,57,0.9422,6935.7884,5228.1644,0.0,0.0,0.0,0.0,0.0,311.18848204125925,0.0,284.60400000000016,0.0,0.0,3033.692907462717,2717.46624079605
2025-02-11,58,0.9569,6887.2513,5469.9859,0.0,0.0,0.0,0.0,0.0,251.02529735980534,0.0,236.21089999999992,0.0,0.0,2717.46624079605,2455.0096852404945
2025-02-11,59,0.9977,6764.8,5584.6125,0.0,0.0,0.0,0.0,0.0,187.54710776317748,0.0,187.54710776317748,9.15080890348915,0.0,2455.0096852404945,2246.624009948075
2025-02-11,60,0.9919,6788.6782,5871.3545,0.0,0.0,0.0,0.0,0.0,161.73677270711673,0.0,152.88728333333336,0.0,0.0,2246.624009948075,2076.7492506888157
2025-02-11,61,0.9588,6825.9334,6036.1146,0.0,0.0,0.0,0.0,0.0,98.94623915310649,0.0,98.94623915310649,32.6902275135601,0.0,2076.7492506888157,1966.8089849631417
2025-02-11,62,0.9549,6805.39,6154.6875,0.0,0.0,0.0,0.0,0.0,78.04596689678131,0.0,78.04596689678131,30.40444976988549,0.0,1966.8089849631417,1880.0912439667181
2025-02-11,63,0.9839,6791.7637,6599.4037,0.0,0.0,0.0,0.0,0.0,98.68640728440914,0.0,32.06000000000017,0.0,0.0,1880.0912439667181,1844.4690217444956
2025-02-11,64,0.799,6780.3684,6864.4824,18.58074173785417,18.58074173785417,0.0,0.0,0.0,22.01173836465523,0.0,0.0,0.0,32.599741737854174,1844.4690217444956,1844.4690217444956
2025-02-11,65,0.5025,6765.86,6835.8375,872.5900749392765,848.9880166674027,0.0,23.60205827187383,833.3333333333334,0.0,833.3333333333333,0.0,0.0,27.317600000736093,1844.4690217444956,2594.469021744496
2025-02-11,66,0.4662,6745.9792,6896.794,862.253659146638,839.4931758181244,0.0,22.7604833285136,833.3333333333334,0.0,833.3333333333333,0.0,0.0,31.295642484791188,2594.469021744496,3344.469021744496
2025-02-11,67,0.5007,6663.6085,6957.867,822.800122250132,801.3235854321118,0.0,21.476536818020122,833.3333333333334,0.0,833.3333333333333,0.0,0.0,17.033335432111926,3344.469021744496,4094.469021744496
2025-02-11,68,0.4827,6591.38,6927.7875,798.2920701439086,798.2920701439086,0.0,0.0,823.712838644334,0.0,823.712838644334,0.0,0.0,30.647148166241436,4094.469021744496,4835.810576524396
2025-02-11,69,0.4785,6658.1091,6864.5851,847.2950219558896,782.0086328572164,0.0,65.28638909867323,833.3333333333334,0.0,816.4212995238834,0.0,0.0,0.0,4835.810576524396,5570.589746095891
2025-02-11,70,0.4662,6651.4306,6919.2066,807.7662371602378,797.8550622448383,0.0,9.911174915399442,833.3333333333334,0.0,833.3333333333333,0.0,0.0,9.151062244838386,5570.589746095891,6320.589746095891
2025-02-11,71,0.4432,6471.21,7003.275,756.6753571952083,756.6753571952083,0.0,0.0,785.3156075085888,0.0,785.3156075085888,0.0,0.0,60.03724968661936,6320.589746095891,7027.373792853621
2025-02-11,72,0.4411,6252.8643,6895.5989,804.1454499000963,731.4054761671341,0.0,72.7399737329622,833.3333333333334,0.0,833.3333333333333,0.0,0.0,5.194576167134073,7027.373792853621,7777.373792853621
2025-02-11,73,0.4551,6259.7822,6872.194,815.6913281242557,754.9735172424262,0.0,60.717810881829564,833.3333333333334,0.0,833.3333333333333,0.0,0.0,23.70881724242645,7777.373792853621,8527.373792853621
2025-02-11,74,0.4463,6379.83,6964.65,799.7903131364483,748.6030386755609,0.0,51.18727446088735,833.3333333333334,0.0,833.3333333333333,0.0,0.0,12.739705342227353,8527.373792853621,9277.373792853621
2025-02-11,75,0.4113,6279.7377,6931.1737,788.6862356322208,766.9627753614467,0.0,21.723460270774126,833.3333333333334,0.0,833.3333333333333,0.0,0.0,42.20210869478001,9277.373792853621,10027.373792853621
2025-02-11,76,0.5682,6338.8052,6911.3216,882.3753498255435,822.622858158877,0.0,59.752491666666515,833.3333333333334,0.0,833.3333333333333,0.0,0.0,84.70892482554382,10027.373792853621,10777.373792853621
2025-02-11,77,0.8279,6568.56,6882.2625,122.39931928746621,0.0,0.0,122.39931928746621,0.0,9.586720344775435,0.0,0.0,0.0,52.283750000000055,10777.373792853621,10777.373792853621
2025-02-11,78,0.8636,6538.1586,6659.2508,175.67495281417405,0.0,0.0,175.67495281417405,0.0,17.3648616647979,0.0,0.0,0.0,20.182033333333266,10777.373792853621,10777.373792853621
2025-02-11,79,0.8416,6257.3134,6446.6535,221.68928306404254,0.0,0.0,221.68928306404254,0.0,22.836501251069876,0.0,0.0,0.0,31.556683333333467,10777.373792853621,10777.373792853621
2025-02-11,80,0.8618,6046.78,6310.875,254.02375977817005,21.663365184240917,0.0,232.36039459392913,0.0,30.984550283795528,0.0,0.0,0.0,65.67919851757438,10777.373792853621,10777.373792853621
2025-02-11,81,0.8623,6227.0981,6142.8484,252.558984727899,52.255321592573495,0.0,200.3036631353255,0.0,9.033185357547602,0.0,0.0,0.0,38.21370492590677,10777.373792853621,10777.373792853621
2025-02-11,82,0.9026,6361.8733,6072.2935,135.25533933424896,0.0,0.0,135.25533933424896,0.0,71.71845332865526,0.0,48.26330000000007,0.0,0.0,10777.373792853621,10723.747903964731
2025-02-11,83,0.9754,6354.71,6022.8375,0.0,0.0,0.0,0.0,0.0,84.60695690235677,0.0,55.31208333333336,0.0,0.0,10723.747903964731,10662.290033594361
2025-02-11,84,1.0002,6500.3727,5752.7273,0.0,0.0,0.0,0.0,0.0,116.60117010534093,0.0,116.60117010534093,8.006396561325758,0.0,10662.290033594361,10532.73317792176
2025-02-11,85,0.9978,6546.6959,5424.4031,0.0,0.0,0.0,0.0,0.0,171.2793622566519,0.0,171.2793622566519,15.769437743348021,0.0,10532.73317792176,10342.422775414369
2025-02-11,86,1.0271,6415.65,5124.375,0.0,0.0,0.0,0.0,0.0,239.3273439791902,0.0,215.21249999999986,0.0,0.0,10342.422775414369,10103.297775414369
2025-02-11,87,1.0906,6309.5813,4798.4139,0.0,0.0,0.0,0.0,0.0,286.00744243421394,0.0,251.86123333333342,0.0,0.0,10103.297775414369,9823.451960599554
2025-02-11,88,0.9376,6283.9183,4542.851,0.0,0.0,0.0,0.0,0.0,337.3251114222447,0.0,290.1778833333334,0.0,0.0,9823.451960599554,9501.032090229184
2025-02-11,89,0.6694,6317.7,4352.7,1440.3817988573119,1195.0332596599055,0.0,245.34853919740635,833.3333333333334,0.0,833.3333333333333,0.0,0.0,34.19992632657204,9501.032090229184,10251.032090229184
2025-02-11,90,0.66,6333.2549,4111.4073,1462.6679172090119,1249.6517843461293,0.0,213.0161328628826,833.3333333333334,0.0,609.9643441897954,0.0,0.0,269.3795068230006,10251.032090229184,10800.0
2025-02-11,91,0.7217,6186.076,3821.0528,1497.6741732907522,544.2907948542326,0.0,953.3833784365196,82.75956266960445,0.0,0.0,0.0,0.0,150.12026152089925,10800.0,10800.0
2025-02-11,92,0.7308,6063.12,3541.35,1541.139895126469,452.53817094410164,0.0,1088.6017241823672,0.0,0.0,0.0,0.0,0.0,32.24317094410162,10800.0,10800.0
2025-02-11,93,0.7534,6277.7738,3306.5966,721.9821783963862,515.1001117297196,0.0,206.88206666666656,0.0,0.0,0.0,0.0,0.0,19.90391172971954,10800.0,10800.0
2025-02-11,94,0.7823,6287.8513,2953.1555,770.7124675315209,603.2409085153812,0.0,167.47155901613974,0.0,0.0,0.0,0.0,0.0,47.45827518204783,10800.0,10800.0
2025-02-11,95,0.8055,6011.52,2482.2,842.3973824735871,624.1995098412689,0.0,218.1978726323182,0.0,0.0,0.0,0.0,0.0,35.97950984126874,10800.0,10800.0
2025-02-11,96,0.8271,5914.0565,2067.734,861.8913572306989,693.4558561615862,0.0,168.43550106911266,0.0,0.0,0.0,0.0,0.0,52.40210616158629,10800.0,10800.0
2025-02-11,97,0.8519,5941.444,1716.6392,894.808862286432,743.5532019713477,0.0,151.25566031508436,0.0,0.0,0.0,0.0,0.0,39.41906863801421,10800.0,10800.0
2025-02-11,98,0.8791,6005.81,1389.2625,909.9928245148072,788.7242413977436,0.0,121.2685831170636,0.0,0.0,0.0,0.0,0.0,19.299658064410323,10800.0,10800.0
2025-02-11,99,0.9024,6093.4407,1063.4444,930.1265153081822,846.3877696494316,0.0,83.73874565875064,0.0,0.0,0.0,0.0,0.0,8.055052982764892,10800.0,10800.0
2025-02-11,100,0.9163,6082.0952,792.5652,955.1940097433322,885.0049805766657,0.0,70.1890291666665,0.0,0.0,0.0,0.0,0.0,3.416647243332477,10800.0,10800.0
2025-02-11,101,0.9264,6014.9,557.475,978.1547361397096,928.5762374839733,0.0,49.578498655736325,0.0,0.0,0.0,0.0,0.0,19.00540415064006,10800.0,10800.0
2025-02-11,102,0.9462,6056.5613,289.7605,1019.8040422716798,987.9800475974279,0.0,31.823994674251935,0.0,0.0,0.0,0.0,0.0,26.846580930761206,10800.0,10800.0
2025-02-11,103,0.9742,6091.5349,85.9828,1025.8765541623757,993.0706916623755,0.0,32.80586250000022,0.0,0.0,0.0,0.0,7.854658337624528,0.0,10800.0,10800.0
2025-02-11,104,0.9862,6113.51,0.0,1026.3649213621181,1002.7431685843404,0.0,23.621752777777715,0.0,0.0,0.0,0.0,16.175164748992984,0.0,10800.0,10800.0
2025-02-11,105,0.976,6107.794,0.0,1056.0282385480298,1039.155557992474,0.0,16.87268055555569,0.0,0.0,0.0,0.0,0.0,21.18989132580748,10800.0,10800.0
2025-02-11,106,1.0742,5358.0607,2.5077,928.4903224481845,913.4375891148512,0.0,15.052733333333322,0.0,0.0,0.0,0.0,0.0,20.845422448184536,10800.0,10800.0
2025-02-11,107,1.2313,4280.79,0.0,743.797574954439,739.6053205565095,0.0,4.19225439792956,0.0,0.0,0.0,0.0,0.0,26.140320556509437,10800.0,10800.0
2025-02-11,108,1.2561,4127.3359,0.0,689.3809953270734,689.3809953270734,0.0,0.0,0.0,1.6370904631912707e-12,0.0,0.0,0.0,1.4916786604067056,10800.0,10800.0
2025-02-11,109,1.2447,4276.6873,0.18,730.7798954800031,730.7798954800031,0.0,0.0,0.0,0.0,0.0,0.0,0.0,18.028678813336455,10800.0,10800.0
2025-02-11,110,1.2545,4284.35,0.0,737.9441021016602,737.9441021016602,0.0,0.0,0.0,0.0,0.0,0.0,0.0,23.885768768326784,10800.0,10800.0
2025-02-11,111,1.2522,4312.938,0.0,737.9327772821251,737.9327772821251,0.0,0.0,0.0,0.0,0.0,0.0,0.0,19.10977728212515,10800.0,10800.0
2025-02-11,112,1.2881,4321.1219,0.0129,65.87136511397955,65.87136511397955,0.0,0.0,0.0,670.6417175050208,0.0,654.3134682193538,0.0,0.0,10800.0,10072.985035311829
2025-02-11,113,1.3466,4292.32,0.0,0.0,0.0,0.0,0.0,0.0,732.8986622490205,0.0,715.3866666666667,0.0,0.0,10072.985035311829,9278.110961237755
2025-02-11,114,1.3523,4282.8958,0.0,0.0,0.0,0.0,0.0,0.0,719.9426816857131,0.0,713.8159666666667,0.0,0.0,9278.110961237755,8484.982109385903
2025-02-11,115,1.3445,4308.7451,0.0,0.0,0.0,0.0,0.0,0.0,735.7210998179936,0.0,718.1241833333333,0.0,0.0,8484.982109385903,7687.066350126644
2025-02-11,116,1.3483,4366.85,0.0,0.0,0.0,0.0,0.0,0.0,737.6327429130491,0.0,727.8083333333334,0.0,0.0,7687.066350126644,6878.3904242007175
2025-02-11,117,1.349,4428.8408,0.0,0.0,0.0,0.0,0.0,0.0,712.6788070898143,0.0,712.6788070898143,25.46132624351901,0.0,6878.3904242007175,6086.525082989812
2025-02-11,118,1.3473,4402.4261,0.0,0.0,0.0,0.0,0.0,0.0,733.3156889766192,0.0,733.3156889766192,0.42199435671409447,0.0,6086.525082989812,5271.729873015791
2025-02-11,119,1.3482,4314.73,0.0,0.0,0.0,0.0,0.0,0.0,757.8594203933354,0.0,719.1216666666666,0.0,0.0,5271.729873015791,4472.705798941717
2025-02-11,120,1.3513,4299.5401,0.0,0.0,0.0,0.0,0.0,0.0,713.5231107456847,0.0,713.5231107456847,3.0669059209819807,0.0,4472.705798941717,3679.9023425576233
2025-02-11,121,1.34,4371.7866,0.0,0.0,0.0,0.0,0.0,0.0,682.3204905418307,0.0,682.3204905418307,46.310609458169324,0.0,3679.9023425576233,2921.7684641778114
2025-02-11,122,1.3489,4417.93,0.0,0.0,0.0,0.0,0.0,0.0,720.2919550099665,0.0,720.2919550099665,16.029711656700215,0.0,2921.7684641778114,2121.444069722293
2025-02-11,123,1.3952,4325.9289,0.0,0.0,0.0,0.0,0.0,0.0,723.1736230719494,0.0,720.98815,0.0,0.0,2121.444069722293,1320.3461252778486
2025-02-11,124,1.2226,4360.0927,0.0,726.1575368373014,726.1575368373014,0.0,0.0,0.0,0.0,0.0,0.0,0.5245798293652797,0.0,1320.3461252778486,1320.3461252778486
2025-02-11,125,0.9332,4454.09,0.0,723.3801464877503,723.3801464877503,0.0,0.0,0.0,0.0,0.0,0.0,18.96818684558309,0.0,1320.3461252778486,1320.3461252778486
2025-02-11,126,0.9068,4298.7698,0.0,721.7207204369861,721.7207204369861,0.0,0.0,0.0,0.0,0.0,0.0,0.0,5.259087103652746,1320.3461252778486,1320.3461252778486
2025-02-11,127,0.9371,4294.4142,0.0,712.4548960280716,712.4548960280716,0.0,0.0,0.0,0.0,0.0,0.0,3.280803971928435,0.0,1320.3461252778486,1320.3461252778486
2025-02-11,128,0.9371,4511.94,0.0,723.8699032399218,723.8699032399218,0.0,0.0,0.0,0.0,0.0,0.0,28.120096760078127,0.0,1320.3461252778486,1320.3461252778486
2025-02-11,129,0.9871,4512.0046,0.0,757.8346041741212,757.8346041741212,0.0,0.0,0.0,0.0,0.0,0.0,0.0,5.833837507454518,1320.3461252778486,1320.3461252778486
2025-02-11,130,0.7764,3896.5149,0.0,685.0311180825993,685.0311180825993,0.0,0.0,0.0,0.0,0.0,0.0,0.0,35.61196808259922,1320.3461252778486,1320.3461252778486
2025-02-11,131,0.4209,3117.76,0.0,580.7705181442025,580.7705181442025,0.0,0.0,0.0,0.0,0.0,0.0,0.0,61.143851477535804,1320.3461252778486,1320.3461252778486
2025-02-11,132,0.3859,3098.6629,0.0,578.915830443242,578.915830443242,0.0,0.0,0.0,0.0,0.0,0.0,0.0,62.47201377657541,1320.3461252778486,1320.3461252778486
2025-02-11,133,0.4368,3325.6005,0.0,583.0296782589453,583.0296782589453,0.0,0.0,0.0,0.0,0.0,0.0,0.0,28.762928258945294,1320.3461252778486,1320.3461252778486
2025-02-11,134,0.4198,3342.56,0.0,595.1695602739179,595.1695602739179,0.0,0.0,0.0,0.0,0.0,0.0,0.0,38.07622694058455,1320.3461252778486,1320.3461252778486
2025-02-11,135,0.4186,3197.0669,0.0,577.9201874771712,577.9201874771712,0.0,0.0,0.0,0.0,0.0,0.0,0.0,45.075704143837925,1320.3461252778486,1320.3461252778486
2025-02-11,136,0.4241,3227.6168,0.0,574.3896984135075,574.3896984135075,0.0,0.0,0.0,0.0,0.0,0.0,0.0,36.45356508017426,1320.3461252778486,1320.3461252778486
2025-02-11,137,0.4237,3396.81,0.0,575.6878216285756,575.6878216285756,0.0,0.0,0.0,0.0,0.0,0.0,0.0,9.552821628575657,1320.3461252778486,1320.3461252778486
2025-02-11,138,0.4248,3360.9713,0.0,557.2262257975334,557.2262257975334,0.0,0.0,0.0,0.0,0.0,0.0,2.935657535799919,0.0,1320.3461252778486,1320.3461252778486
2025-02-11,139,0.424,3318.1995,0.0,560.4565013210017,560.4565013210017,0.0,0.0,0.0,0.0,0.0,0.0,0.0,7.423251321001658,1320.3461252778486,1320.3461252778486
2025-02-11,140,0.422,3403.13,0.0,576.5234925306688,576.5234925306688,0.0,0.0,0.0,0.0,0.0,0.0,0.0,9.335159197335429,1320.3461252778486,1320.3461252778486
2025-02-11,141,0.424,3511.4656,0.0,571.838145920051,571.838145920051,0.0,0.0,0.0,0.0,0.0,0.0,13.40612074661567,0.0,1320.3461252778486,1320.3461252778486
2025-02-11,142,0.4271,3414.4946,0.0,576.6209055664862,576.6209055664862,0.0,0.0,0.0,0.0,0.0,0.0,0.0,7.538472233152788,1320.3461252778486,1320.3461252778486
2025-02-11,143,0.4276,3222.62,0.0,574.8885861647933,574.8885861647933,0.0,0.0,0.0,0.0,0.0,0.0,0.0,37.78525283145996,1320.3461252778486,1320.3461252778486
2025-02-12,0,0.4248,3272.9536,0.0,1436.9471209645842,1436.9471209645842,0.0,0.0,833.3333333333334,0.0,833.3333333333333,0.0,0.0,58.121520964584306,1320.3461252778486,2070.346125277849
2025-02-12,1,0.4245,3349.6031,0.0,1473.4334212753702,1473.4334212753702,0.0,0.0,833.3333333333334,0.0,833.3333333333333,0.0,0.0,81.83290460870364,2070.346125277849,2820.346125277849
2025-02-12,2,0.4269,3369.15,0.0,1463.3468401050889,1463.3468401050889,0.0,0.0,833.3333333333334,0.0,833.3333333333333,0.0,0.0,68.48850677175562,2820.346125277849,3570.346125277849
2025-02-12,3,0.4272,3450.7993,0.0,1437.665314302684,1437.665314302684,0.0,0.0,833.3333333333334,0.0,833.3333333333333,0.0,0.0,29.198764302684026,3570.346125277849,4320.346125277849
2025-02-12,4,0.4271,3438.761,0.0,1420.983964057136,1420.983964057136,0.0,0.0,833.3333333333334,0.0,833.3333333333333,0.0,0.0,14.52379739046944,4320.346125277849,5070.346125277849
2025-02-12,5,0.4285,3414.57,0.0,1439.0143926930564,1439.0143926930564,0.0,0.0,833.3333333333334,0.0,833.3333333333333,0.0,0.0,36.586059359723095,5070.346125277849,5820.346125277849
2025-02-12,6,0.4311,3606.609,0.0,1458.7053807410668,1458.7053807410668,0.0,0.0,833.3333333333334,0.0,833.3333333333333,0.0,0.0,24.270547407733602,5820.346125277849,6570.346125277849
2025-02-12,7,0.4302,3619.2095,0.0,605.5991070933092,605.5991070933092,0.0,0.0,0.0,0.0,0.0,0.0,0.0,2.3975237599757975,6570.346125277849,6570.346125277849
2025-02-12,8,0.4279,3464.48,0.0,1415.4121546335832,1415.4121546335832,0.0,0.0,833.3333333333334,0.0,833.3333333333333,0.0,0.0,4.665487966916658,6570.346125277849,7320.346125277849
2025-02-12,9,0.4312,3533.5142,0.0,1448.092467467296,1448.092467467296,0.0,0.0,833.3333333333334,0.0,833.3333333333333,0.0,0.0,25.840100800629443,7320.346125277849,8070.346125277849
2025-02-12,10,0.4333,3490.2982,0.0,624.713152869565,624.713152869565,0.0,0.0,0.0,0.0,0.0,0.0,0.0,42.996786202898306,8070.346125277849,8070.346125277849
2025-02-12,11,0.4311,3395.43,0.0,608.0751997956239,608.0751997956239,0.0,0.0,0.0,0.0,0.0,0.0,0.0,42.170199795623944,8070.346125277849,8070.346125277849
2025-02-12,12,0.4293,3648.3843,0.0,1471.9005871743173,1471.9005871743173,0.0,0.0,833.3333333333334,0.0,833.3333333333333,0.0,0.0,30.50320384098393,8070.346125277849,8820.346125277849
2025-02-12,13,0.4324,3700.1997,0.0,656.6280710122825,656.6280710122825,0.0,0.0,0.0,0.0,0.0,0.0,0.0,39.92812101228242,8820.346125277849,8820.346125277849
2025-02-12,14,0.4367,3544.26,0.0,661.6564743157876,661.6564743157876,0.0,0.0,0.0,0.0,0.0,0.0,0.0,70.94647431578755,8820.346125277849,8820.346125277849
2025-02-12,15,0.4348,3717.0732,0.0,1176.310854180968,1176.310854180968,0.0,0.0,532.9487496912791,0.0,532.9487496912791,0.0,0.0,23.84990448968881,8820.346125277849,9300.0
2025-02-12,16,0.4335,3807.6443,0.0,635.8742804946736,635.8742804946736,0.0,0.0,0.0,0.0,0.0,0.0,0.0,1.266897161340239,9300.0,9300.0
2025-02-12,17,0.4357,3694.41,0.0,656.3412249741409,656.3412249741409,0.0,0.0,0.0,0.0,0.0,0.0,0.0,40.6062249741409,9300.0,9300.0
2025-02-12,18,0.4374,3701.5862,0.0,638.849250530653,638.849250530653,0.0,0.0,0.0,0.0,0.0,0.0,0.0,21.918217197319564,9300.0,9300.0
2025-02-12,19,0.4371,3797.3879,0.0,641.9543954309128,641.9543954309128,0.0,0.0,0.0,0.0,0.0,0.0,0.0,9.056412097579368,9300.0,9300.0
2025-02-12,20,0.4356,3870.12,0.0,659.5158028363397,659.5158028363397,0.0,0.0,0.0,0.0,0.0,0.0,0.0,14.495802836339749,9300.0,9300.0
2025-02-12,21,0.4353,3858.2282,0.0,638.5882848158077,638.5882848158077,0.0,0.0,0.0,0.0,0.0,0.0,4.449748517525677,0.0,9300.0,9300.0
2025-02-12,22,0.436,3840.1305,0.0,658.5527866748815,658.5527866748815,0.0,0.0,0.0,0.0,0.0,0.0,0.0,18.531036674881534,9300.0,9300.0
2025-02-12,23,0.4378,3912.76,0.0,684.732611827876,684.732611827876,0.0,0.0,0.0,0.0,0.0,0.0,0.0,32.60594516120932,9300.0,9300.0
2025-02-12,24,0.4401,4089.0705,0.0,700.3548053007643,700.3548053007643,0.0,0.0,0.0,0.0,0.0,0.0,0.0,18.843055300764263,9300.0,9300.0
2025-02-12,25,0.4389,4126.8486,0.0,687.9067133581447,687.9067133581447,0.0,0.0,0.0,0.0,0.0,0.0,0.0,0.09861335814457561,9300.0,9300.0
2025-02-12,26,0.4364,4072.79,0.0,667.1887876871779,667.1887876871779,0.0,0.0,0.0,0.0,0.0,0.0,11.609545646155425,0.0,9300.0,9300.0
2025-02-12,27,0.4393,4185.7572,0.0012,677.9656127360128,677.9656127360128,0.0,0.0,0.0,0.0,0.0,0.0,19.660387263987282,0.0,9300.0,9300.0
2025-02-12,28,0.4422,4179.5333,0.0,684.8816632672401,684.8816632672401,0.0,0.0,0.0,0.0,0.0,0.0,11.707220066093214,0.0,9300.0,9300.0
2025-02-12,29,0.4395,3999.55,0.0,691.6744659857877,691.6744659857877,0.0,0.0,0.0,0.0,0.0,0.0,0.0,25.082799319121023,9300.0,9300.0
2025-02-12,30,0.4333,3910.187,0.0163,661.5305181937193,661.5305181937193,0.0,0.0,0.0,0.0,0.0,0.0,0.0,9.835401527052682,9300.0,9300.0
2025-02-12,31,0.4439,3958.6663,0.0,672.7522238796913,672.7522238796913,0.0,0.0,0.0,0.0,0.0,0.0,0.0,12.974507213024708,9300.0,9300.0
2025-02-12,32,0.4301,4002.29,0.0,1524.2430666484343,1524.2430666484343,0.0,0.0,833.3333333333334,0.0,833.3333333333333,0.0,0.0,23.861399981767704,9300.0,10050.0
2025-02-12,33,0.3713,3933.7326,0.2267,1508.3940872741368,1508.3940872741368,0.0,0.0,833.3333333333334,0.0,833.3333333333333,0.0,0.0,19.476437274137083,10050.0,10800.0
2025-02-12,34,0.5708,4279.4535,0.0,755.6472163318017,755.6472163318017,0.0,0.0,0.0,0.0,0.0,0.0,0.0,42.4049663318018,10800.0,10800.0
2025-02-12,35,0.9099,4954.99,0.0,129.13947017606438,129.13947017606438,0.0,0.0,0.0,743.0814198565016,0.0,696.6921964906022,0.0,0.0,10800.0,10025.897559454887
2025-02-12,36,0.9368,5282.4251,3.158,61.444090617913616,61.444090617913616,0.0,0.0,0.0,833.3333333333334,0.0,818.4337593820865,0.0,0.0,10025.897559454887,9116.526715697013
2025-02-12,37,0.8758,5292.9099,0.0,884.0772189982919,881.6828898316252,0.0,2.3943291666666937,0.0,0.0,0.0,0.0,0.4687601683747289,0.0,9116.526715697013,9116.526715697013
2025-02-12,38,0.8759,5194.96,0.0,856.4084128675653,269.607113894985,0.0,586.8012989725803,0.0,584.9463892503582,0.0,584.9463892503582,11.273163521323568,0.0,9116.526715697013,8466.586283196615
2025-02-12,39,0.8601,5164.4701,100.5746,895.4325461601494,890.9322645230618,0.0,4.500281637087596,0.0,0.0,0.0,0.0,0.0,46.949681189728494,8466.586283196615,8466.586283196615
2025-02-12,40,0.8442,5270.1089,306.1755,855.6634586236152,855.0926252302587,0.0,0.5708333933564518,0.0,0.0,0.0,0.0,0.0,27.77039189692539,8466.586283196615,8466.586283196615
2025-02-12,41,0.8334,5320.97,573.0375,752.3454384244634,744.4801481466858,0.0,7.8652902777776035,0.0,0.0,0.0,0.0,46.841935186647575,0.0,8466.586283196615,8466.586283196615
2025-02-12,42,0.8092,5099.3445,835.4161,747.6356901665937,744.6579559265507,0.0,2.9777342400429916,0.0,0.0,0.0,0.0,0.0,34.00322259321729,8466.586283196615,8466.586283196615
2025-02-12,43,0.7972,5170.8846,1100.7406,760.6591512959241,747.9951904278604,0.0,12.663960868063668,0.0,0.0,0.0,0.0,0.0,69.63785709452702,8466.586283196615,8466.586283196615
2025-02-12,44,0.7644,5369.77,1389.4125,662.113147147194,640.406540738359,0.0,21.706606408835,0.0,0.0,0.0,0.0,22.986375928307694,0.0,8466.586283196615,8466.586283196615
2025-02-12,45,0.6899,5103.5516,1707.5581,1397.694189982256,1368.6468885933673,0.0,29.047301388888627,833.3333333333334,0.0,802.6479719267007,0.0,5.684341886080802e-14,0.0,8466.586283196615,9188.969457930645
2025-02-12,46,0.86,5701.5902,2028.5461,664.0936012740982,634.355260396256,0.0,29.738340877842234,0.0,0.0,0.0,0.0,0.0,22.181243729589482,9188.969457930645,9188.969457930645
2025-02-12,47,1.1617,6910.02,2346.8625,19.58417550655531,0.0,0.0,19.58417550655531,0.0,827.053201264002,0.0,760.5262500000001,0.0,0.0,9188.969457930645,8343.940291263978
2025-02-12,48,1.1683,7038.6535,2692.3608,0.0,0.0,0.0,0.0,0.0,774.576861585786,0.0,724.3821166666669,0.0,0.0,8343.940291263978,7539.071272745459
2025-02-12,49,1.0956,6906.9702,3113.667,0.0,0.0,0.0,0.0,0.0,676.6117403800532,0.0,632.2171999999999,0.0,0.0,7539.071272745459,6836.607717189904
2025-02-12,50,1.0849,7060.18,3533.55,0.0,0.0,0.0,0.0,0.0,613.9644025814938,0.0,587.7716666666666,0.0,0.0,6836.607717189904,6183.528087560275
2025-02-12,51,1.061,7161.6182,3819.684,0.0,0.0,0.0,0.0,0.0,558.723997267628,0.0,556.9890333333333,0.0,0.0,6183.528087560275,5564.651383856572
2025-02-12,52,1.043,7053.7235,4127.7167,0.0,0.0,0.0,0.0,0.0,475.6314141189273,0.0,475.6314141189273,12.03638588107276,0.0,5564.651383856572,5036.172034835541
2025-02-12,53,1.036,6831.7,4400.9625,0.0,0.0,0.0,0.0,0.0,434.40885097706763,0.0,405.1229166666666,0.0,0.0,5036.172034835541,4586.035460761467
2025-02-12,54,1.0147,6754.952,4453.7739,0.0,0.0,0.0,0.0,0.0,413.60508761120565,0.0,383.5296833333334,0.0,0.0,4586.035460761467,4159.891368168875
2025-02-12,55,0.9922,6933.4812,4703.108,0.0,0.0,0.0,0.0,0.0,373.7476235035194,0.0,371.7288666666667,0.0,0.0,4159.891368168875,3746.8592940948006
2025-02-12,56,0.97,7099.22,5160.6,0.0,0.0,0.0,0.0,0.0,284.77928714515355,0.0,284.77928714515355,38.32404618817981,0.0,3746.8592940948006,3430.437863933519
2025-02-12,57,0.9422,6871.9593,5416.3151,0.0,0.0,0.0,0.0,0.0,266.08206831841153,0.0,242.60736666666674,0.0,0.0,3430.437863933519,3160.8741231927784
2025-02-12,58,0.9569,6750.0182,5601.6123,0.0,0.0,0.0,0.0,0.0,215.4862360831086,0.0,191.40098333333344,0.0,0.0,3160.8741231927784,2948.206363933519
2025-02-12,59,0.9977,6838.9,5787.3375,0.0,0.0,0.0,0.0,0.0,152.9170597037461,0.0,152.9170597037461,22.343356962920524,0.0,2948.206363933519,2778.2985198182455
2025-02-12,60,0.9919,6766.7449,5891.1871,0.0,0.0,0.0,0.0,0.0,141.64511100090704,0.0,141.64511100090704,4.281188999092933,0.0,2778.2985198182455,2620.915063150571
2025-02-12,61,0.9588,6706.7741,6021.0534,0.0,0.0,0.0,0.0,0.0,143.72596026778896,0.0,114.28678333333335,0.0,0.0,2620.915063150571,2493.929748335756
2025-02-12,62,0.9549,6744.59,6217.875,0.0,0.0,0.0,0.0,0.0,134.93572771551604,0.0,87.78583333333336,0.0,0.0,2493.929748335756,2396.389933520941
2025-02-12,63,0.9839,6751.6825,6399.8151,0.0,0.0,0.0,0.0,0.0,119.47801897048839,0.0,58.64456666666683,0.0,0.0,2396.389933520941,2331.2293038913112
2025-02-12,64,0.799,6671.5113,6470.8991,164.079932503505,66.57257503482712,0.0,97.50735746867788,0.0,0.0,0.0,0.0,0.0,33.13720836816037,2331.2293038913112,2331.2293038913112
2025-02-12,65,0.5025,6599.54,6562.0875,1036.9521216271946,884.2309980775433,0.0,152.72112354965134,833.3333333333334,0.0,833.3333333333333,0.0,0.0,44.65558141087649,2331.2293038913112,3081.2293038913112
2025-02-12,66,0.4662,6685.2513,6899.9103,1012.4825167776169,853.5728653935478,0.0,158.9096513840691,833.3333333333334,0.0,833.3333333333333,0.0,0.0,56.01603206021446,3081.2293038913112,3831.2293038913112
2025-02-12,67,0.5007,6772.7219,7188.6941,937.0778906229067,774.9919496382198,0.0,162.08594098468689,833.3333333333334,0.0,833.3333333333333,0.0,0.0,10.987316304886463,3831.2293038913112,4581.229303891311
2025-02-12,68,0.4827,6728.94,7278.7125,900.4952278375698,765.0460822487914,0.0,135.44914558877838,833.3333333333334,0.0,833.3333333333333,0.0,0.0,23.341498915458033,4581.229303891311,5331.229303891311
2025-02-12,69,0.4785,6564.0332,7287.1836,965.6212308245176,767.7169991464056,0.0,197.90423167811207,833.3333333333334,0.0,833.3333333333333,0.0,0.0,54.90873247973923,5331.229303891311,6081.229303891311
2025-02-12,70,0.4662,6448.7866,7282.3302,913.5822765044758,749.6809890890767,0.0,163.9012874153991,833.3333333333334,0.0,833.3333333333333,0.0,0.0,55.27158908907677,6081.229303891311,6831.229303891311
2025-02-12,71,0.4432,6386.69,7301.025,824.7577519058145,714.3251291194479,0.0,110.43262278636666,833.3333333333334,0.0,833.3333333333333,0.0,0.0,33.380962452781205,6831.229303891311,7581.229303891311
2025-02-12,72,0.4411,6240.5349,7315.923,854.7854523422178,676.1305843865662,0.0,178.65486795565164,833.3333333333334,0.0,833.3333333333333,0.0,0.0,22.028601053232933,7581.229303891311,8331.229303891312
2025-02-12,73,0.4551,6131.269,7125.0039,842.1996174680971,713.6133277599631,0.0,128.58628970813402,833.3333333333334,0.0,833.3333333333333,0.0,0.0,45.90247775996306,8331.229303891312,9081.229303891312
2025-02-12,74,0.4463,6145.2,6893.5125,792.4357985194574,712.0161337807924,0.0,80.419664738665,833.3333333333334,0.0,833.3333333333333,0.0,0.0,3.401550447459158,9081.229303891312,9831.229303891312
2025-02-12,75,0.4113,6262.023,7001.8801,769.530246807587,754.318360147924,0.0,15.211886659663037,833.3333333333334,0.0,833.3333333333333,0.0,0.0,44.29454348125728,9831.229303891312,10581.229303891312
2025-02-12,76,0.5682,6437.0938,7063.6429,827.428478757557,204.98663335633762,0.0,622.4418454012193,228.38844209878067,0.0,228.38844209878067,0.0,0.0,81.02304125755671,10581.229303891312,10786.778901780215
2025-02-12,77,0.8279,6537.14,6846.1875,6.911309148413693,0.0,0.0,6.911309148413693,14.690109133095724,0.0,14.69010913309426,0.0,0.0,36.81780753357243,10786.778901780215,10800.0
2025-02-12,78,0.8636,6426.3021,6471.0112,29.692956662831268,3.0391511072757567,0.0,26.65380555555551,0.0,0.0,0.0,0.0,0.0,10.490667773942505,10800.0,10800.0
2025-02-12,79,0.8416,6289.4757,6076.9896,92.91063712393209,11.391584695658821,0.0,81.51905242827327,0.0,6.156120615300704,0.0,6.156120615300704,17.866644689040488,0.0,10800.0,10793.159865983
2025-02-12,80,0.8618,6312.37,5832.825,145.5891923186458,49.43719437318941,0.0,96.15199794545637,0.0,22.961515277777835,0.0,22.961515277777835,7.525457015699544,0.0,10793.159865983,10767.647071229912
2025-02-12,81,0.8623,6493.7517,5838.6304,138.48582999491433,100.90391332257104,0.0,37.58191667234328,0.0,5.75263475852762,0.0,5.75263475852762,2.5303352522347495,0.0,10767.647071229912,10761.255254831549
2025-02-12,82,0.9026,6432.8869,5812.512,0.0,0.0,0.0,0.0,0.0,122.00663186060547,0.0,103.39581666666686,0.0,0.0,10761.255254831549,10646.371014090808
2025-02-12,83,0.9754,6246.4,5596.6125,0.0,0.0,0.0,0.0,0.0,161.21185181562305,0.0,108.29791666666654,0.0,0.0,10646.371014090808,10526.03999557229
2025-02-12,84,1.0002,6418.785,5271.8256,0.0,0.0,0.0,0.0,0.0,205.89004498425342,0.0,191.15989999999988,0.0,0.0,10526.03999557229,10313.6401066834
2025-02-12,85,0.9978,6469.586,4987.7497,0.0,0.0,0.0,0.0,0.0,251.513334100664,0.0,246.97271666666654,0.0,0.0,10313.6401066834,10039.225977053771
2025-02-12,86,1.0271,6329.57,4752.7125,0.0,0.0,0.0,0.0,0.0,263.3198411967749,0.0,262.8095833333333,0.0,0.0,10039.225977053771,9747.215328905622
2025-02-12,87,1.0906,6397.107,4485.4493,0.0,0.0,0.0,0.0,0.0,325.7020138642503,0.0,318.60961666666674,0.0,0.0,9747.215328905622,9393.204643720437
2025-02-12,88,0.9376,6327.2119,4356.5637,0.0,0.0,0.0,0.0,0.0,365.2554054005388,0.0,328.4413666666667,0.0,0.0,9393.204643720437,9028.269791868584
2025-02-12,89,0.6694,6108.87,4285.5375,1382.5157391219784,1196.7134832579054,0.0,185.802255864073,833.3333333333334,0.0,833.3333333333333,0.0,0.0,59.49139992457208,9028.269791868584,9778.269791868584
2025-02-12,90,0.66,6089.973,3982.067,1410.3991184342422,1247.4142814046927,0.0,162.98483702954945,833.3333333333334,0.0,833.3333333333333,0.0,0.0,62.763281404692634,9778.269791868584,10528.269791868584
2025-02-12,91,0.7217,5972.507,3574.7475,1442.0347597769946,932.4349097194063,0.0,509.59985005758836,468.8511035485357,0.0,301.9224534793506,0.0,0.0,230.88587290672234,10528.269791868584,10800.0
2025-02-12,92,0.7308,5898.21,3182.6625,1429.1806932171407,462.88890833145484,0.0,966.291784885686,0.0,0.0,0.0,0.0,0.0,10.297658331454954,10800.0,10800.0
2025-02-12,93,0.7534,6284.3968,2817.55,665.6888154629729,523.0736349585964,0.0,142.61518050437655,0.0,0.0,0.0,0.0,54.734165041403685,0.0,10800.0,10800.0
2025-02-12,94,0.7823,6276.2774,2528.6835,715.6870271828162,581.4312554846287,0.0,134.25577169818757,0.0,0.0,0.0,0.0,43.1677278487046,0.0,10800.0,10800.0
2025-02-12,95,0.8055,5915.36,2287.05,784.8906371708512,655.0275187051994,0.0,129.86311846565172,0.0,0.0,0.0,0.0,0.0,50.30918537186619,10800.0,10800.0
2025-02-12,96,0.8271,6092.9383,2005.2873,790.3866744736365,702.7264865189777,0.0,87.6601879546588,0.0,0.0,0.0,0.0,0.0,21.45131985231103,10800.0,10800.0
2025-02-12,97,0.8519,6245.0482,1716.482,827.0446826536895,758.8075237645791,0.0,68.23715888911045,0.0,0.0,0.0,0.0,0.0,4.046490431245502,10800.0,10800.0
2025-02-12,98,0.8791,6103.44,1439.1375,859.8786209601402,812.0410308986321,0.0,47.83759006150808,0.0,0.0,0.0,0.0,0.0,34.657280898632166,10800.0,10800.0
2025-02-12,99,0.9024,6010.1431,1154.0339,875.7295087881524,847.0294907325969,0.0,28.700018055555574,0.0,0.0,0.0,0.0,0.0,37.67795739926339,10800.0,10800.0
2025-02-12,100,0.9163,6051.9184,872.7719,905.6829492197907,884.0450798909595,0.0,21.63786932883113,0.0,0.0,0.0,0.0,0.0,20.853996557626147,10800.0,10800.0
2025-02-12,101,0.9264,6139.71,592.9125,945.7516045609187,916.6080779527234,0.0,29.143526608195316,0.0,0.0,0.0,0.0,7.85817204727654,0.0,10800.0,10800.0
2025-02-12,102,0.9462,6130.8014,310.0102,994.0701441890615,968.6810272925871,0.0,25.38911689647432,0.0,0.0,0.0,0.0,1.450839374079571,0.0,10800.0,10800.0
2025-02-12,103,0.9742,6086.8829,98.3015,1011.8393041703663,992.1530000079906,0.0,19.686304162375677,0.0,0.026059499999792023,0.0,0.026059499999792023,5.917840492009529,0.0,10800.0,10799.971045
2025-02-12,104,0.9862,6136.23,0.0,1018.6007410126776,1012.9686363606835,0.0,5.632104651994155,0.0,0.0,0.0,0.0,9.736363639316437,0.0,10799.971045,10799.971045
2025-02-12,105,0.976,6203.4816,0.0,1042.357923903179,1033.1004589270292,0.0,9.257464976149777,0.0,0.0,0.0,0.0,0.8131410729708932,0.0,10799.971045,10799.971045
2025-02-12,106,1.0742,5410.929,3.0148,904.8316103562194,904.8316103562194,0.0,0.0,0.0,0.0,0.0,0.0,0.0,3.5125770228860347,10799.971045,10799.971045
2025-02-12,107,1.2313,4262.11,0.0,725.2187865173975,725.1517865173975,0.0,0.06700000000000728,0.032172222222129676,0.0,0.03217222222196546,0.0,0.0,14.767947628508914,10799.971045,10800.0
2025-02-12,108,1.2561,4237.3936,0.0,716.0964589536633,716.0964589536633,0.0,0.0,0.0,1.6370904631912707e-12,0.0,0.0,0.0,9.864192286996513,10800.0,10800.0
2025-02-12,109,1.2447,4440.5489,0.2165,746.2224706798888,746.2224706798888,0.0,0.0,0.0,0.0,0.0,0.0,0.0,6.167070679888866,10800.0,10800.0
2025-02-12,110,1.2545,4365.59,0.0,723.7899243178368,723.7899243178368,0.0,0.0,0.0,0.0,0.0,0.0,3.8084090154965224,0.0,10800.0,10800.0
2025-02-12,111,1.2522,4370.1907,0.0,736.624522476197,736.624522476197,0.0,0.0,0.0,0.0,0.0,0.0,0.0,8.259405809530222,10800.0,10800.0
2025-02-12,112,1.2881,4275.7047,0.0155,167.75648890265927,167.75648890265927,0.0,0.0,0.0,578.2146047600314,0.0,544.8583777640075,0.0,0.0,10800.0,10194.601802484436
2025-02-12,113,1.3466,4126.0,0.0,0.0,0.0,0.0,0.0,0.0,734.3194249607624,0.0,687.6666666666666,0.0,0.0,10194.601802484436,9430.527728410361
2025-02-12,114,1.3523,4219.314,0.0,0.0,0.0,0.0,0.0,0.0,729.8850407640826,0.0,703.219,0.0,0.0,9430.527728410361,8649.173283965916
2025-02-12,115,1.3445,4402.3792,0.0011,0.0,0.0,0.0,0.0,0.0,745.132145734925,0.0,733.7296833333334,0.0,0.0,8649.173283965916,7833.918080262212
2025-02-12,116,1.3483,4437.52,0.0,0.0,0.0,0.0,0.0,0.0,743.1763682580464,0.0,739.5866666666667,0.0,0.0,7833.918080262212,7012.1551172992495
2025-02-12,117,1.349,4249.9092,0.0,0.0,0.0,0.0,0.0,0.0,745.8866361430051,0.0,708.3182,0.0,0.0,7012.1551172992495,6225.134895077027
2025-02-12,118,1.3473,4260.775,0.0,0.0,0.0,0.0,0.0,0.0,729.5740400917043,0.0,710.1291666666666,0.0,0.0,6225.134895077027,5436.10248766962
2025-02-12,119,1.3482,4439.29,0.0,0.0,0.0,0.0,0.0,0.0,732.2378246674422,0.0,732.2378246674422,7.643841999224492,0.0,5436.10248766962,4622.5049047057955
2025-02-12,120,1.3513,4351.5358,0.0,0.0,0.0,0.0,0.0,0.0,723.3183110462534,0.0,723.3183110462534,1.9376556204132385,0.0,4622.5049047057955,3818.8178924321805
2025-02-12,121,1.34,4242.1787,0.0,0.0,0.0,0.0,0.0,0.0,726.2323146204462,0.0,707.0297833333334,0.0,0.0,3818.8178924321805,3033.2292442840326
2025-02-12,122,1.3489,4261.17,0.0,0.0,0.0,0.0,0.0,0.0,734.5963435532985,0.0,710.195,0.0,0.0,3033.2292442840326,2244.1236887284767
2025-02-12,123,1.3952,4308.898,0.0,0.0,0.0,0.0,0.0,0.0,717.4269454000007,0.0,717.4269454000007,0.7227212666659852,0.0,2244.1236887284767,1446.9826382840315
2025-02-12,124,1.2226,4367.5178,0.0,719.3754318269342,719.3754318269342,0.0,0.0,0.0,0.0,0.0,0.0,8.544201506399077,0.0,1446.9826382840315,1446.9826382840315
2025-02-12,125,0.9332,4380.39,0.0,737.0047366709491,737.0047366709491,0.0,0.0,0.0,0.0,0.0,0.0,0.0,6.93973667094906,1446.9826382840315,1446.9826382840315
2025-02-12,126,0.9068,4297.6644,0.0,722.7197806003873,722.7197806003873,0.0,0.0,0.0,0.0,0.0,0.0,0.0,6.44238060038731,1446.9826382840315,1446.9826382840315
2025-02-12,127,0.9371,4335.303,0.0,723.2311671218523,723.2311671218523,0.0,0.0,0.0,0.0,0.0,0.0,0.0,0.6806671218523661,1446.9826382840315,1446.9826382840315
2025-02-12,128,0.9371,4544.56,0.0,759.6083116109767,759.6083116109767,0.0,0.0,0.0,0.0,0.0,0.0,0.0,2.1816449443099373,1446.9826382840315,1446.9826382840315
2025-02-12,129,0.9871,4655.1476,0.0,766.664937083248,766.664937083248,0.0,0.0,0.0,0.0,0.0,0.0,9.192996250085343,0.0,1446.9826382840315,1446.9826382840315
2025-02-12,130,0.7764,4083.4038,0.0,680.351782501696,680.351782501696,0.0,0.0,0.0,0.0,0.0,0.0,0.21551749830405242,0.0,1446.9826382840315,1446.9826382840315
2025-02-12,131,0.4209,3203.11,0.0,562.2685108859,562.2685108859,0.0,0.0,0.0,0.0,0.0,0.0,0.0,28.416844219233326,1446.9826382840315,1446.9826382840315
2025-02-12,132,0.3859,3045.8569,0.0,559.1725915047194,559.1725915047194,0.0,0.0,0.0,0.0,0.0,0.0,0.0,51.52977483805273,1446.9826382840315,1446.9826382840315
2025-02-12,133,0.4368,3163.4074,0.0,558.6527574059577,558.6527574059577,0.0,0.0,0.0,0.0,0.0,0.0,0.0,31.41819073929105,1446.9826382840315,1446.9826382840315
2025-02-12,134,0.4198,3224.2,0.0,569.5703495912475,569.5703495912475,0.0,0.0,0.0,0.0,0.0,0.0,0.0,32.20368292458079,1446.9826382840315,1446.9826382840315
2025-02-12,135,0.4186,3334.4123,0.0,567.7850489447468,567.7850489447468,0.0,0.0,0.0,0.0,0.0,0.0,0.0,12.049665611413502,1446.9826382840315,1446.9826382840315
2025-02-12,136,0.4241,3368.5906,0.0,558.79361837186,558.79361837186,0.0,0.0,0.0,0.0,0.0,0.0,2.6381482948066832,0.0,1446.9826382840315,1446.9826382840315
2025-02-12,137,0.4237,3350.77,0.0,568.1608313115925,568.1608313115925,0.0,0.0,0.0,0.0,0.0,0.0,0.0,9.699164644925759,1446.9826382840315,1446.9826382840315
2025-02-12,138,0.4248,3437.1037,0.0,559.7652171344015,559.7652171344015,0.0,0.0,9.973046703934873e-15,0.0,0.0,0.0,13.085399532265228,0.0,1446.9826382840315,1446.9826382840315
2025-02-12,139,0.424,3470.2312,0.0,559.120214210462,559.120214210462,0.0,0.0,0.0,0.0,0.0,0.0,19.251652456204738,0.0,1446.9826382840315,1446.9826382840315
2025-02-12,140,0.422,3428.03,0.0,569.6405500179682,569.6405500179682,0.0,0.0,0.0,0.0,0.0,0.0,1.6977833153652,0.0,1446.9826382840315,1446.9826382840315
2025-02-12,141,0.424,3429.5613,0.0,593.0407595888796,593.0407595888796,0.0,0.0,0.0,0.0,0.0,0.0,0.0,21.447209588879673,1446.9826382840315,1446.9826382840315
2025-02-12,142,0.4271,3312.5874,0.0,578.0756201372492,578.0756201372492,0.0,0.0,3.1803263726241474e-14,0.0,3.1803263726241474e-14,0.0,0.0,25.977720137249175,1446.9826382840315,1446.9826382840315
2025-02-12,143,0.4276,3246.86,0.0,568.7036984507421,568.7036984507421,0.0,0.0,0.0,0.0,0.0,0.0,0.0,27.560365117408764,1446.9826382840315,1446.9826382840315
2025-02-13,0,0.4248,3551.1175,0.0,1427.620376362975,1427.620376362975,0.0,0.0,833.3333333333334,0.0,833.3333333333333,0.0,0.0,2.4341263629752348,1446.9826382840315,2196.9826382840315
2025-02-13,1,0.4245,3564.4899,0.0,1465.4156432788739,1465.4156432788739,0.0,0.0,833.3333333333334,0.0,833.3333333333333,0.0,0.0,38.00065994554063,2196.9826382840315,2946.9826382840315
2025-02-13,2,0.4269,3359.41,0.0,1443.313613029344,1443.313613029344,0.0,0.0,833.3333333333334,0.0,833.3333333333333,0.0,0.0,50.07861302934407,2946.9826382840315,3696.9826382840315
2025-02-13,3,0.4272,3637.4322,0.0,1422.9454313565905,1422.9454313565905,0.0,0.0,833.3333333333328,0.0,816.7067313565905,0.0,0.0,0.0,3696.9826382840315,4432.018696504963
2025-02-13,4,0.4271,3727.2317,0.0,1441.0617706735147,1441.0617706735147,0.0,0.0,833.3333333333334,0.0,819.8564873401814,0.0,0.0,0.0,4432.018696504963,5169.889535111127
2025-02-13,5,0.4285,3541.72,0.0,1468.116584958225,1468.116584958225,0.0,0.0,833.3333333333394,0.0,833.3333333333333,0.0,0.0,44.496584958225185,5169.889535111127,5919.889535111127
2025-02-13,6,0.4311,3670.4203,0.0,1453.8553410708093,1453.8553410708093,0.0,0.0,833.3333333333334,0.0,833.3333333333333,0.0,0.0,8.785291070809421,5919.889535111127,6669.889535111127
2025-02-13,7,0.4302,3686.134,0.0,587.4768045579787,587.4768045579787,0.0,0.0,0.0,0.0,0.0,0.0,26.878862108688054,0.0,6669.889535111127,6669.889535111127
2025-02-13,8,0.4279,3576.21,0.0,1419.243010394612,1419.243010394612,0.0,0.0,833.3333333333334,0.0,823.208010394612,0.0,0.0,0.0,6669.889535111127,7410.776744466278
2025-02-13,9,0.4312,3776.6289,0.0,1454.2318572047295,1454.2318572047295,0.0,0.0,833.3333333333334,0.0,824.7937072047295,0.0,0.0,0.0,7410.776744466278,8153.091080950534
2025-02-13,10,0.4333,3829.2363,0.0,610.1546180956153,610.1546180956153,0.0,0.0,0.0,0.0,0.0,0.0,28.051431904384685,0.0,8153.091080950534,8153.091080950534
2025-02-13,11,0.4311,3670.27,0.0,584.9968543778784,584.9968543778784,0.0,0.0,0.0,0.0,0.0,0.0,26.714812288788266,0.0,8153.091080950534,8153.091080950534
2025-02-13,12,0.4293,3705.0845,0.0,1454.7740417135997,1454.7740417135997,0.0,0.0,833.3333333333334,0.0,833.3333333333333,0.0,0.0,3.9266250469330544,8153.091080950534,8903.091080950533
2025-02-13,13,0.4324,3727.1376,0.0,617.8631326126857,617.8631326126857,0.0,0.0,0.0,0.0,0.0,0.0,3.326467387314324,0.0,8903.091080950533,8903.091080950533
2025-02-13,14,0.4367,3670.09,0.0,607.3714420541484,607.3714420541484,0.0,0.0,0.0,0.0,0.0,0.0,4.310224612518368,0.0,8903.091080950533,8903.091080950533
2025-02-13,15,0.4348,3687.8113,0.0,1010.3375402799331,1010.3375402799331,0.0,0.0,392.2415130177371,0.0,392.2415130177371,0.0,0.0,3.460810595529381,8903.091080950533,9256.108442666497
2025-02-13,16,0.4335,3628.897,0.0,641.7329168071332,641.7329168071332,0.0,0.0,0.0,0.0,0.0,0.0,0.0,36.91675014046655,9256.108442666497,9256.108442666497
2025-02-13,17,0.4357,3582.83,0.0,646.0991504995517,646.0991504995517,0.0,0.0,0.0,0.0,0.0,0.0,0.0,48.96081716621836,9256.108442666497,9256.108442666497
2025-02-13,18,0.4374,3801.871,0.0,647.7640841528014,647.7640841528014,0.0,0.0,0.0,0.0,0.0,0.0,0.0,14.118917486134706,9256.108442666497,9256.108442666497
2025-02-13,19,0.4371,3927.8411,0.0,640.568389493802,640.568389493802,0.0,0.0,0.0,0.0,0.0,0.0,14.071793839531324,0.0,9256.108442666497,9256.108442666497
2025-02-13,20,0.4356,3911.92,0.0,657.9747852898842,657.9747852898842,0.0,0.0,0.0,0.0,0.0,0.0,0.0,5.988118623217474,9256.108442666497,9256.108442666497
2025-02-13,21,0.4353,4036.9681,0.0,649.737714446741,649.737714446741,0.0,0.0,0.0,0.0,0.0,0.0,23.09030221992566,0.0,9256.108442666497,9256.108442666497
2025-02-13,22,0.436,4064.1527,0.0,660.7708397736262,660.7708397736262,0.0,0.0,0.0,0.0,0.0,0.0,16.587943559707128,0.0,9256.108442666497,9256.108442666497
2025-02-13,23,0.4378,3927.28,0.0,686.3551660119598,686.3551660119598,0.0,0.0,0.0,0.0,0.0,0.0,0.0,31.808499345293058,9256.108442666497,9256.108442666497
2025-02-13,24,0.4401,3839.7693,0.0,675.7458091507984,675.7458091507984,0.0,0.0,0.0,0.0,0.0,0.0,0.0,35.78425915079845,9256.108442666497,9256.108442666497
2025-02-13,25,0.4389,3892.7028,0.0,648.4771388112002,648.4771388112002,0.0,0.0,0.0,0.0,0.0,0.0,0.30666118879980786,0.0,9256.108442666497,9256.108442666497
2025-02-13,26,0.4364,3959.36,0.0,658.6987135610484,658.6987135610484,0.0,0.0,0.0,0.0,0.0,0.0,1.1946197722849092,0.0,9256.108442666497,9256.108442666497
2025-02-13,27,0.4393,3852.1611,0.0014,689.3464388049555,689.3464388049555,0.0,0.0,0.0,0.0,0.0,0.0,0.0,47.31982213828883,9256.108442666497,9256.108442666497
2025-02-13,28,0.4422,3859.7716,0.0,701.6448151504254,701.6448151504254,0.0,0.0,0.0,0.0,0.0,0.0,0.0,58.34954848375878,9256.108442666497,9256.108442666497
2025-02-13,29,0.4395,4036.06,0.0,653.077191360134,653.077191360134,0.0,0.0,0.0,0.0,0.0,0.0,19.599475306532668,0.0,9256.108442666497,9256.108442666497
2025-02-13,30,0.4333,4121.7531,0.0191,663.7048817063461,663.7048817063461,0.0,0.0,0.0,0.0,0.0,0.0,23.25078496032055,0.0,9256.108442666497,9256.108442666497
2025-02-13,31,0.4439,4035.5976,0.0,671.2364268504863,671.2364268504863,0.0,0.0,0.0,0.0,0.0,0.0,1.3631731495137274,0.0,9256.108442666497,9256.108442666497
2025-02-13,32,0.4301,3905.59,0.0,1504.90461749254,1504.90461749254,0.0,0.0,833.3333333333334,0.0,833.3333333333333,0.0,0.0,20.63961749253997,9256.108442666497,10006.108442666497
2025-02-13,33,0.3713,4003.4932,0.2659,1477.1765115755393,1477.1765115755393,0.0,0.0,833.3333333333334,0.0,809.9719615755392,0.0,0.0,0.0,10006.108442666497,10735.083208084481
2025-02-13,34,0.5708,4510.4632,0.0,734.7886805019035,734.7886805019035,0.0,0.0,0.0,0.0,0.0,0.0,16.955186164763177,0.0,10735.083208084481,10735.083208084481
2025-02-13,35,0.9099,5075.08,0.0,46.71834253692464,46.71834253692464,0.0,0.0,0.0,833.3333333333334,0.0,799.128324129742,0.0,0.0,10735.083208084481,9847.162847940323
2025-02-13,36,0.9368,5112.9521,3.7035,62.817808376426,62.2698000430928,0.0,0.5480083333332004,0.0,833.3333333333334,0.0,789.2716332902406,0.0,0.0,9847.162847940323,8970.194366506721
2025-02-13,37,0.8758,5115.1071,0.0,882.9283006998786,171.49152950350117,0.0,711.4367711963774,0.0,710.6286521980855,0.0,681.0263204964989,0.0,0.0,8970.194366506721,8213.498454843944
2025-02-13,38,0.8759,5270.94,0.0,129.41729511772587,41.65602115202228,0.0,87.7612739657036,0.0,833.3333333333334,0.0,833.3333333333333,3.5006455146443614,0.0,8213.498454843944,7287.572528918018
2025-02-13,39,0.8601,5288.7626,115.8838,846.3069137297589,846.3069137297589,0.0,0.0,0.0,0.010509722222082019,0.0,0.010509722222082019,15.829043214685662,0.0,7287.572528918018,7287.560851448882
2025-02-13,40,0.8442,5253.123,342.6,808.4076084038485,808.4076084038485,0.0,0.0,0.0,0.013512499999933425,0.0,0.013512499999933425,9.99937909615155,0.0,7287.560851448882,7287.545837559994
2025-02-13,41,0.8334,5264.43,617.5875,755.3412856109071,753.8344213074906,0.0,1.506864303416478,0.0,0.0,0.0,0.0,20.639328692509466,0.0,7287.545837559994,7287.545837559994
2025-02-13,42,0.8092,5313.8866,866.0038,718.0902444300891,718.0902444300891,0.0,0.0,0.0,2.246951388888988,0.0,2.246951388888988,20.976604181021827,0.0,7287.545837559994,7285.049224905672
2025-02-13,43,0.7972,5297.0686,1145.6813,718.6086062721503,715.0872537374202,0.0,3.521352534730113,0.0,0.0,0.0,0.0,0.0,23.189370404086844,7285.049224905672,7285.049224905672
2025-02-13,44,0.7644,5156.66,1478.4375,632.1963097879593,632.1963097879593,0.0,0.0,0.0,12.25781388888879,0.0,0.0,0.0,19.159226454626037,7285.049224905672,7285.049224905672
2025-02-13,45,0.6899,5071.5977,1811.5177,1380.7980428575795,1380.7980428575795,0.0,0.0,817.9603138888891,0.0,817.9603138888891,0.0,0.0,19.491062302023806,7285.049224905672,8021.213507405672
2025-02-13,46,0.86,5821.4827,2077.8104,615.9053558895754,608.1797196732342,0.0,7.725636216341172,0.0,0.0,0.0,0.0,15.765663660099051,0.0,8021.213507405672,8021.213507405672
2025-02-13,47,1.1617,6879.27,2324.8875,0.0,0.0,0.0,0.0,0.0,801.0841494113105,0.0,759.06375,0.0,0.0,8021.213507405672,7177.809340739006
2025-02-13,48,1.1683,6860.8934,2682.7382,0.0,0.0,0.0,0.0,0.0,776.0766474033754,0.0,696.3592000000001,0.0,0.0,7177.809340739006,6404.076896294561
2025-02-13,49,1.0956,6728.0422,3138.292,0.0,0.0,0.0,0.0,0.0,680.5220217732377,0.0,598.2916999999999,0.0,0.0,6404.076896294561,5739.308340739006
2025-02-13,50,1.0849,6899.9,3579.9375,0.0,0.0,0.0,0.0,0.0,610.6446683975581,0.0,553.3270833333333,0.0,0.0,5739.308340739006,5124.500470368635
2025-02-13,51,1.061,6849.2515,3902.6789,0.0,0.0,0.0,0.0,0.0,561.122641461091,0.0,491.0954333333335,0.0,0.0,5124.500470368635,4578.838877776043
2025-02-13,52,1.043,6826.2502,4263.9186,0.0,0.0,0.0,0.0,0.0,480.9057245666429,0.0,427.05526666666674,0.0,0.0,4578.838877776043,4104.333025924191
2025-02-13,53,1.036,6905.4,4659.8625,0.0,0.0,0.0,0.0,0.0,398.5294822145199,0.0,374.2562499999998,0.0,0.0,4104.333025924191,3688.4927481464138
2025-02-13,54,1.0147,6877.6233,4941.1191,0.0,0.0,0.0,0.0,0.0,360.2010916108873,0.0,322.75069999999994,0.0,0.0,3688.4927481464138,3329.880859257525
2025-02-13,55,0.9922,6917.3204,5275.4455,0.0,0.0,0.0,0.0,0.0,302.59279442923327,0.0,273.64581666666663,0.0,0.0,3329.880859257525,3025.8299518501176
2025-02-13,56,0.97,7014.89,5676.9,0.0,0.0,0.0,0.0,0.0,244.52278484302192,0.0,222.99833333333333,0.0,0.0,3025.8299518501176,2778.0540259241916
2025-02-13,57,0.9422,6970.6903,5988.9476,0.0,0.0,0.0,0.0,0.0,163.9874184742645,0.0,163.62378333333322,0.0,0.0,2778.0540259241916,2596.249822220488
2025-02-13,58,0.9569,6949.2561,6307.0462,0.0,0.0,0.0,0.0,0.0,102.26901180909529,0.0,102.26901180909529,4.765971524237941,0.0,2596.249822220488,2482.617586877049
2025-02-13,59,0.9977,6937.15,6619.8375,0.0,0.0,0.0,0.0,0.0,52.80515896757439,0.0,52.80515896757439,0.08025769909234981,0.0,2482.617586877049,2423.945188024188
2025-02-13,60,0.9919,6780.3822,6796.0967,0.0,0.0,0.0,0.0,0.0,15.083496716005508,0.0,0.0,0.0,2.619083333333492,2423.945188024188,2423.945188024188
2025-02-13,61,0.9588,6826.3424,6909.5584,0.0,0.0,0.0,0.0,0.0,7.278001735305982,0.0,0.0,0.0,13.869333333333088,2423.945188024188,2423.945188024188
2025-02-13,62,0.9549,6982.8,6969.1125,0.0,0.0,0.0,0.0,6.904819480674026,0.0,0.0,0.0,2.28125,0.0,2423.945188024188,2423.945188024188
2025-02-13,63,0.9839,6803.8085,6955.3909,0.0,0.0,0.0,0.0,10.214529802697447,0.0,10.214529802697447,0.0,0.0,15.049203530635774,2423.945188024188,2433.138264846616
2025-02-13,64,0.799,6680.334,7186.3566,42.18545365921182,0.0,0.0,42.18545365921182,40.01694246039219,0.0,40.01694246039219,0.0,0.0,44.320157539608005,2433.138264846616,2469.153513060969
2025-02-13,65,0.5025,6762.81,7575.225,922.2727450332618,772.846600650277,0.0,149.42614438298483,833.3333333333334,0.0,833.3333333333333,0.0,0.0,74.91576731694386,2469.153513060969,3219.153513060969
2025-02-13,66,0.4662,6803.3488,7680.8224,918.6846601370825,763.3941406974576,0.0,155.29051943962486,833.3333333333334,0.0,833.3333333333333,0.0,0.0,76.30640736412442,3219.153513060969,3969.153513060969
2025-02-13,67,0.5007,6783.0979,7604.9972,873.3976987285206,713.2100202438337,0.0,160.1876784846869,833.3333333333334,0.0,833.3333333333333,0.0,0.0,16.859903577167188,3969.153513060969,4719.153513060969
2025-02-13,68,0.4827,6707.04,7569.7125,844.7816260771358,709.5098735439127,0.0,135.2717525332231,833.3333333333334,0.0,833.3333333333333,0.0,0.0,19.955290210579278,4719.153513060969,5469.153513060969
2025-02-13,69,0.4785,6558.2792,7673.7532,912.5692456998092,713.1215376328083,0.0,199.44770806700092,833.3333333333334,0.0,833.3333333333333,0.0,0.0,65.70053763280839,5469.153513060969,6219.153513060969
2025-02-13,70,0.4662,6387.2029,7625.2973,879.8159175317091,712.6502842829764,0.0,167.16563324873277,833.3333333333334,0.0,833.3333333333333,0.0,0.0,85.66601761630977,6219.153513060969,6969.153513060969
2025-02-13,71,0.4432,6285.47,7444.3125,820.8134091610248,705.3955710968802,0.0,115.41783806414458,833.3333333333334,0.0,833.3333333333333,0.0,0.0,65.20265443021367,6969.153513060969,7719.153513060969
2025-02-13,72,0.4411,6310.4857,7425.0541,871.1618778639835,676.2610057416649,0.0,194.90087212231856,833.3333333333334,0.0,833.3333333333333,0.0,0.0,28.689072408331413,7719.153513060969,8469.15351306097
2025-02-13,73,0.4551,6294.5457,7336.4038,864.7538945127596,711.4624210534954,0.0,153.29147345926424,824.7590954155368,0.0,824.7590954155368,0.0,0.0,60.34634230462518,8469.15351306097,9211.436698934953
2025-02-13,74,0.4463,6195.83,7137.1125,809.942511143144,709.6520640110865,0.0,100.29044713205747,829.4784384399412,0.0,829.4784384399412,0.0,0.0,37.054042237811814,9211.436698934953,9957.967293530899
2025-02-13,75,0.4113,6136.7719,7039.0762,774.3746200622031,737.7054453189344,0.0,36.66917474326874,833.3333333333334,0.0,833.3333333333333,0.0,0.0,54.75616198560124,9957.967293530899,10707.967293530899
2025-02-13,76,0.5682,6165.0738,6964.6892,815.9403483961021,62.691179655219116,0.0,753.249168740883,102.25856274344525,0.0,102.25856274344525,0.0,0.0,93.70185024510695,10707.967293530899,10800.0
2025-02-13,77,0.8279,6261.34,6777.5625,63.3184723139528,7.139480893025542,0.0,56.17899142092726,0.0,0.0,0.0,0.0,0.0,93.176564226359,10800.0,10800.0
2025-02-13,78,0.8636,6365.1747,6446.7798,49.43058687547394,25.167227986486825,0.0,24.263358888987117,0.0,0.0,0.0,0.0,0.0,38.768077986487015,10800.0,10800.0
2025-02-13,79,0.8416,6438.0924,6281.6974,38.47541371563981,0.0,0.0,38.47541371563981,0.0,6.8139505380186165,0.0,6.8139505380186165,19.251882795314714,0.0,10800.0,10792.428943846646
2025-02-13,80,0.8618,6453.67,6382.3875,42.61945235551624,2.0416181357883616,0.0,40.577834219727876,0.0,37.901643137656265,0.0,9.838798530878194,0.0,0.0,10792.428943846646,10781.496945479003
2025-02-13,81,0.8623,6402.6416,6513.4385,61.87196816504623,18.71313205393517,0.0,43.158836111111064,0.0,47.93988937489,0.0,0.0,0.0,37.17928205393537,10781.496945479003,10781.496945479003
2025-02-13,82,0.9026,6319.5446,6298.4128,0.0,0.0,0.0,0.0,0.0,88.59330912999849,0.0,3.5219666666666853,0.0,0.0,10781.496945479003,10777.583649182707
2025-02-13,83,0.9754,6237.76,5880.7125,0.0,0.0,0.0,0.0,0.0,85.55418506742201,0.0,59.5079166666668,0.0,0.0,10777.583649182707,10711.463741775298
2025-02-13,84,1.0002,6185.8141,5762.2085,0.0,0.0,0.0,0.0,0.0,156.53900013125062,0.0,70.60093333333339,0.0,0.0,10711.463741775298,10633.018260293817
2025-02-13,85,0.9978,6218.1278,5683.2492,0.0,0.0,0.0,0.0,0.0,176.0391368289646,0.0,89.14643333333333,0.0,0.0,10633.018260293817,10533.966667701225
2025-02-13,86,1.0271,6330.92,5462.025,0.0,0.0,0.0,0.0,0.0,177.6359648483129,0.0,144.81583333333344,0.0,0.0,10533.966667701225,10373.060186219744
2025-02-13,87,1.0906,6413.6039,5193.4207,0.0,0.0,0.0,0.0,0.0,181.66805669119336,0.0,181.66805669119336,21.69580997547334,0.0,10373.060186219744,10171.206789896196
2025-02-13,88,0.9376,6210.878,4976.7194,0.0,0.0,0.0,0.0,0.0,250.89524488498168,0.0,205.69310000000007,0.0,0.0,10171.206789896196,9942.658901007308
2025-02-13,89,0.6694,5961.51,4790.25,203.37193194632587,964.3020743680878,760.930142421762,0.0,659.9757785588736,0.0,659.9757785588736,0.0,0.0,109.11629580921408,9942.658901007308,10536.637101710294
2025-02-13,90,0.66,6152.2354,4518.9072,1210.0530413997465,1192.8901682590863,2.2737367544323206e-13,17.162873140660395,833.3333333333334,0.0,292.625442544118,0.0,0.0,628.0433590483015,10536.637101710294,10800.0
2025-02-13,91,0.7217,6180.1099,4153.5886,287.6380724645649,362.8027109477694,75.1646384832045,0.0,0.0,0.0,0.0,0.0,0.0,25.049160947769224,10800.0,10800.0
2025-02-13,92,0.7308,5996.4,3794.475,350.89078982762686,382.41067667687753,31.519886849250668,0.0,0.0,0.0,0.0,0.0,0.0,15.423176676877574,10800.0,10800.0
2025-02-13,93,0.7534,6152.6901,3543.1574,408.87940142870593,453.9161667212098,45.036765292503844,0.0,0.0,0.0,0.0,0.0,0.0,18.994050054543322,10800.0,10800.0
2025-02-13,94,0.7823,6288.5033,3193.5312,458.6165177387555,522.0689281335887,63.45241039483318,0.0,0.0,0.0,0.0,0.0,0.0,6.240244800255141,10800.0,10800.0
2025-02-13,95,0.8055,6180.84,2747.3625,522.9232805956931,584.0030020325972,61.07972143690415,0.0,0.0,0.0,0.0,0.0,0.0,11.756752032597205,10800.0,10800.0
2025-02-13,96,0.8271,6015.4129,2411.9445,602.6761644743838,666.684089895657,64.00792542127328,0.0,0.0,0.0,0.0,0.0,0.0,66.10602322899024,10800.0,10800.0
2025-02-13,97,0.8519,6092.1913,2080.0336,689.1993233935132,728.8518647564514,39.65254136293822,0.0,0.0,0.0,0.0,0.0,0.0,60.15891475645128,10800.0,10800.0
2025-02-13,98,0.8791,6234.45,1701.6375,736.6812821347021,762.0433804825913,25.45988194444419,0.09778359655501845,0.0,0.0,0.0,0.0,0.0,6.574630482591147,10800.0,10800.0
2025-02-13,99,0.9024,6014.4743,1347.8999,787.9535286381706,814.3096619715038,26.35613333333322,0.0,0.0,0.0,0.0,0.0,0.0,36.54726197150376,10800.0,10800.0
2025-02-13,100,0.9163,5972.8414,1018.4997,839.6056208341097,841.4335887545955,1.8279679204857757,0.0,0.0,21.376043703899267,0.0,0.0,0.0,15.709972087928804,10800.0,10800.0
2025-02-13,101,0.9264,6162.44,695.8125,883.4234523681921,883.4234523681921,0.0,0.0,0.0,15.99506666666673,0.0,15.99506666666673,11.686064298474435,0.0,10800.0,10782.227703703704
2025-02-13,102,0.9462,6077.866,379.7259,964.1246432992972,955.9766824435693,0.0,8.147960855727888,0.0,8.300584237031558,0.0,0.0,0.0,6.286665776902623,10782.227703703704,10782.227703703704
2025-02-13,103,0.9742,5917.8715,130.7387,997.4651810763222,997.4651810763222,0.0,0.0,0.0,7.444933329633841,0.0,0.0,0.0,32.943047742988824,10782.227703703704,10782.227703703704
2025-02-13,104,0.9862,5980.03,0.0,1000.8570716877897,1000.8570716877897,0.0,0.0,0.0,10.846935625783544,0.0,0.0,0.0,4.185405021123074,10782.227703703704,10782.227703703704
2025-02-13,105,0.976,6195.9096,0.0,1021.1161661723892,1021.1161661723892,0.0,0.0,0.0,2.5132780794058363,0.0,2.5132780794058363,9.02215574820491,0.0,10782.227703703704,10779.435172504363
2025-02-13,106,1.0742,5454.3484,4.2292,897.720748813967,897.720748813967,0.0,0.0,0.0,2.2428858511575527,0.0,2.2428858511575527,8.389565334875366,0.0,10779.435172504363,10776.943077114189
2025-02-13,107,1.2313,4206.8,0.0,729.3984960003213,729.3984960003213,0.0,0.0,0.0,0.0,0.0,0.0,0.0,28.265162666987976,10776.943077114189,10776.943077114189
2025-02-13,108,1.2561,4096.7818,0.0,704.7507264327323,704.7507264327323,0.0,0.0,0.0,0.0,0.0,0.0,0.0,21.953759766065673,10776.943077114189,10776.943077114189
2025-02-13,109,1.2447,4288.6917,0.3036,745.5059349847742,745.5059349847742,0.0,0.0,0.0,0.0,0.0,0.0,0.0,30.77458498477415,10776.943077114189,10776.943077114189
2025-02-13,110,1.2545,4264.15,0.0,742.4782750611281,742.4782750611281,0.0,0.0,0.0,0.0,0.0,0.0,0.0,31.786608394461496,10776.943077114189,10776.943077114189
2025-02-13,111,1.2522,4327.2801,0.0,719.0398778991945,719.0398778991945,0.0,0.0,0.0,0.0,0.0,0.0,2.1734721008054976,0.0,10776.943077114189,10776.943077114189
2025-02-13,112,1.2881,4263.2524,0.0218,133.04156643588544,133.04156643588544,0.0,0.0,0.0,579.5747912689019,0.0,577.496866897448,0.0,0.0,10776.943077114189,10135.27989167258
2025-02-13,113,1.3466,4152.54,0.0,0.0,0.0,0.0,0.0,0.0,749.644282246706,0.0,692.09,0.0,0.0,10135.27989167258,9366.291002783692
2025-02-13,114,1.3523,4335.2677,0.0,0.0,0.0,0.0,0.0,0.0,738.9138235098247,0.0,722.5446166666667,0.0,0.0,9366.291002783692,8563.463650931839
2025-02-13,115,1.3445,4466.5791,0.0016,0.0,0.0,0.0,0.0,0.0,729.1839862187381,0.0,729.1839862187381,15.24559711459517,0.0,8563.463650931839,7753.259221799908
2025-02-13,116,1.3483,4449.81,0.0,0.0,0.0,0.0,0.0,0.0,731.0711065440532,0.0,731.0711065440532,10.563893455946868,0.0,7753.259221799908,6940.957992306516
2025-02-13,117,1.349,4504.7293,0.0,0.0,0.0,0.0,0.0,0.0,718.9888366228876,0.0,718.9888366228876,31.799380043779138,0.0,6940.957992306516,6142.081507169974
2025-02-13,118,1.3473,4434.0364,0.0,0.0,0.0,0.0,0.0,0.0,701.7122133742438,0.0,701.7122133742438,37.29385329242291,0.0,6142.081507169974,5362.401270087481
2025-02-13,119,1.3482,4252.11,0.0,0.0,0.0,0.0,0.0,0.0,730.492493798105,0.0,708.685,0.0,0.0,5362.401270087481,4574.973492309703
2025-02-13,120,1.3513,4220.6924,0.0,0.0,0.0,0.0,0.0,0.0,727.605786992404,0.0,703.4487333333333,0.0,0.0,4574.973492309703,3793.3637886059996
2025-02-13,121,1.34,4306.8174,0.0,0.0,0.0,0.0,0.0,0.0,729.2592853261514,0.0,717.8029,0.0,0.0,3793.3637886059996,2995.805010828222
2025-02-13,122,1.3489,4361.04,0.0,0.0,0.0,0.0,0.0,0.0,743.8641272274846,0.0,726.84,0.0,0.0,2995.805010828222,2188.205010828222
2025-02-13,123,1.3952,4279.0138,0.0,0.0,0.0,0.0,0.0,0.0,738.9380362732682,0.0,713.1689666666666,0.0,0.0,2188.205010828222,1395.795047865259
2025-02-13,124,1.2226,4281.6382,0.0,734.5597642672723,734.5597642672723,0.0,0.0,0.0,0.0,0.0,0.0,0.0,20.953397600605513,1395.795047865259,1395.795047865259
2025-02-13,125,0.9332,4392.58,0.0,719.411482044155,719.411482044155,0.0,0.0,0.0,0.0,0.0,0.0,12.685184622511656,0.0,1395.795047865259,1395.795047865259
2025-02-13,126,0.9068,4404.7974,0.0,735.9545471722514,735.9545471722514,0.0,0.0,0.0,0.0,0.0,0.0,0.0,1.821647172251346,1395.795047865259,1395.795047865259
2025-02-13,127,0.9371,4311.866,0.0,740.5984633356106,740.5984633356106,0.0,0.0,0.0,0.0,0.0,0.0,0.0,21.95413000227734,1395.795047865259,1395.795047865259
2025-02-13,128,0.9371,4332.28,0.0,750.8771129802522,750.8771129802522,0.0,0.0,0.0,0.0,0.0,0.0,0.0,28.830446313585526,1395.795047865259,1395.795047865259
2025-02-13,129,0.9871,4576.2919,0.0,774.529575346402,774.529575346402,0.0,0.0,0.0,0.0,0.0,0.0,0.0,11.814258679735303,1395.795047865259,1395.795047865259
2025-02-13,130,0.7764,4099.573,0.0,709.9822907273455,709.9822907273455,0.0,0.0,0.0,0.0,0.0,0.0,0.0,26.7201240606787,1395.795047865259,1395.795047865259
2025-02-13,131,0.4209,3175.09,0.0,572.9325866828854,572.9325866828854,0.0,0.0,0.0,0.0,0.0,0.0,0.0,43.75092001621863,1395.795047865259,1395.795047865259
2025-02-13,132,0.3859,3086.9552,0.0,560.084707523339,560.084707523339,0.0,0.0,0.0,0.0,0.0,0.0,0.0,45.59217419000572,1395.795047865259,1395.795047865259
2025-02-13,133,0.4368,3262.1302,0.0,551.8872211973365,551.8872211973365,0.0,0.0,0.0,0.0,0.0,0.0,0.0,8.198854530669905,1395.795047865259,1395.795047865259
2025-02-13,134,0.4198,3319.84,0.0,564.287888912167,564.287888912167,0.0,0.0,0.0,0.0,0.0,0.0,0.0,10.981222245500248,1395.795047865259,1395.795047865259
2025-02-13,135,0.4186,3450.3645,0.0,578.1451993389901,578.1451993389901,0.0,0.0,0.0,0.0,0.0,0.0,0.0,3.0844493389901118,1395.795047865259,1395.795047865259
2025-02-13,136,0.4241,3449.67,0.0,572.3982142882186,572.3982142882186,0.0,0.0,0.0,0.0,0.0,0.0,2.5467857117814674,0.0,1395.795047865259,1395.795047865259
2025-02-13,137,0.4237,3300.1,0.0,567.1817874458405,567.1817874458405,0.0,0.0,0.0,0.0,0.0,0.0,0.0,17.16512077917389,1395.795047865259,1395.795047865259
2025-02-13,138,0.4248,3235.3239,0.0,573.181611242404,573.181611242404,0.0,0.0,0.0,0.0,0.0,0.0,0.0,33.96096124240398,1395.795047865259,1395.795047865259
2025-02-13,139,0.424,3320.559,0.0,585.3213398547216,585.3213398547216,0.0,0.0,0.0,0.0,0.0,0.0,0.0,31.894839854721567,1395.795047865259,1395.795047865259
2025-02-13,140,0.422,3476.6,0.0,567.4575045545265,567.4575045545265,0.0,0.0,0.0,0.0,0.0,0.0,11.975828778806772,0.0,1395.795047865259,1395.795047865259
2025-02-13,141,0.424,3485.2873,0.0,597.7925563433934,597.7925563433934,0.0,0.0,0.0,0.0,0.0,0.0,0.0,16.911339676726698,1395.795047865259,1395.795047865259
2025-02-13,142,0.4271,3002.7256,0.0,546.4877068728528,546.4877068728528,0.0,0.0,0.0,0.0,0.0,0.0,0.0,46.03344020618607,1395.795047865259,1395.795047865259
2025-02-13,143,0.4276,2421.19,0.0,452.415624317026,452.415624317026,0.0,0.0,0.0,0.0,0.0,0.0,0.0,48.88395765035932,1395.795047865259,1395.795047865259
2025-02-14,0,0.4248,2507.4053,0.0,1290.7427336503645,1290.7427336503645,0.0,0.0,833.3333333333334,0.0,833.3333333333333,0.0,0.0,39.50851698369797,1395.795047865259,2145.795047865259
2025-02-14,1,0.4245,2504.407,0.0,1326.1482644239134,1326.1482644239134,0.0,0.0,833.3333333333334,0.0,833.3333333333333,0.0,0.0,75.41376442391334,2145.795047865259,2895.795047865259
2025-02-14,2,0.4269,2279.89,0.0,1315.4560769510026,1315.4560769510026,0.0,0.0,833.3333333333334,0.0,833.3333333333333,0.0,0.0,102.14107695100279,2895.795047865259,3645.795047865259
2025-02-14,3,0.4272,2453.1982,0.0,1318.5667456055057,1318.5667456055057,0.0,0.0,833.3333333333336,0.0,833.3333333333333,0.0,0.0,76.36704560550584,3645.795047865259,4395.795047865259
2025-02-14,4,0.4271,2614.2955,0.0,451.60024668700385,451.60024668700385,0.0,0.0,0.0,0.0,0.0,0.0,0.0,15.884330020337131,4395.795047865259,4395.795047865259
2025-02-14,5,0.4285,2540.69,0.0,426.9230589781419,426.9230589781419,0.0,0.0,0.0,0.0,0.0,0.0,0.0,3.4747256448085864,4395.795047865259,4395.795047865259
2025-02-14,6,0.4311,2446.8116,0.0,1302.9798580833756,1302.9798580833756,0.0,0.0,833.3333333333334,0.0,833.3333333333333,0.0,0.0,61.84459141670891,4395.795047865259,5145.795047865259
2025-02-14,7,0.4302,2463.2495,0.0,1326.2013211821295,1326.2013211821295,0.0,0.0,833.3333333333334,0.0,833.3333333333333,0.0,0.0,82.32640451546285,5145.795047865259,5895.795047865259
2025-02-14,8,0.4279,2526.22,0.0,1315.685882293106,1315.685882293106,0.0,0.0,833.3333333333334,0.0,833.3333333333333,0.0,0.0,61.31588229310614,5895.795047865259,6645.795047865259
2025-02-14,9,0.4312,2484.4435,0.0,1328.5428904904356,1328.5428904904356,0.0,0.0,833.3333333333334,0.0,833.3333333333333,0.0,0.0,81.13564049043566,6645.795047865259,7395.795047865259
2025-02-14,10,0.4333,2502.227,0.0,496.81931813445954,496.81931813445954,0.0,0.0,0.0,0.0,0.0,0.0,0.0,79.78148480112623,7395.795047865259,7395.795047865259
2025-02-14,11,0.4311,2641.81,0.0,487.38636085393637,487.38636085393637,0.0,0.0,0.0,0.0,0.0,0.0,0.0,47.08469418726969,7395.795047865259,7395.795047865259
2025-02-14,12,0.4293,2788.2162,0.0,1348.404264231282,1348.404264231282,0.0,0.0,833.3333333333334,0.0,833.3333333333333,0.0,0.0,50.368230897948706,7395.795047865259,8145.795047865259
2025-02-14,13,0.4324,2853.8397,0.0,1349.2394989679547,1349.2394989679547,0.0,0.0,833.3333333333334,0.0,833.3333333333333,0.0,0.0,40.2662156346214,8145.795047865259,8895.79504786526
2025-02-14,14,0.4367,2873.18,0.0,518.4941404110881,518.4941404110881,0.0,0.0,0.0,0.0,0.0,0.0,0.0,39.63080707775481,8895.79504786526,8895.79504786526
2025-02-14,15,0.4348,2941.2771,0.0,511.0908142857908,511.0908142857908,0.0,0.0,0.0,0.0,0.0,0.0,0.0,20.87796428579088,8895.79504786526,8895.79504786526
2025-02-14,16,0.4335,2950.6945,0.0,501.04464693411927,501.04464693411927,0.0,0.0,0.0,0.0,0.0,0.0,0.0,9.262230267452594,8895.79504786526,8895.79504786526
2025-02-14,17,0.4357,2932.72,0.0,482.57361269138704,482.57361269138704,0.0,0.0,0.0,0.0,0.0,0.0,6.213053975279593,0.0,8895.79504786526,8895.79504786526
2025-02-14,18,0.4374,3031.4389,0.0,516.5233880533987,516.5233880533987,0.0,0.0,0.0,0.0,0.0,0.0,0.0,11.283571386731978,8895.79504786526,8895.79504786526
2025-02-14,19,0.4371,3088.6809,0.0,549.338457401383,549.338457401383,0.0,0.0,0.0,0.0,0.0,0.0,0.0,34.558307401383104,8895.79504786526,8895.79504786526
2025-02-14,20,0.4356,3071.22,0.0,553.3590983535806,553.3590983535806,0.0,0.0,0.0,0.0,0.0,0.0,0.0,41.48909835358069,8895.79504786526,8895.79504786526
2025-02-14,21,0.4353,3077.6325,0.0,542.8601081196387,542.8601081196387,0.0,0.0,0.0,0.0,0.0,0.0,0.0,29.921358119638626,8895.79504786526,8895.79504786526
2025-02-14,22,0.436,2938.1001,0.0,532.5902537752702,532.5902537752702,0.0,0.0,0.0,0.0,0.0,0.0,0.0,42.906903775270166,8895.79504786526,8895.79504786526
2025-02-14,23,0.4378,2750.34,0.0,518.7642094491599,518.7642094491599,0.0,0.0,0.0,0.0,0.0,0.0,0.0,60.37420944915988,8895.79504786526,8895.79504786526
2025-02-14,24,0.4401,2813.4681,0.0,566.2107632318705,566.2107632318705,0.0,0.0,0.0,0.0,0.0,0.0,0.0,97.29941323187046,8895.79504786526,8895.79504786526
2025-02-14,25,0.4389,2897.2229,0.0,565.0540764171486,565.0540764171486,0.0,0.0,0.0,0.0,0.0,0.0,0.0,82.18359308381525,8895.79504786526,8895.79504786526
2025-02-14,26,0.4364,2918.94,0.0,534.2627853204709,534.2627853204709,0.0,0.0,0.0,0.0,0.0,0.0,0.0,47.772785320470916,8895.79504786526,8895.79504786526
2025-02-14,27,0.4393,3017.7785,0.0015,563.0613427613398,563.0613427613398,0.0,0.0,0.0,0.0,0.0,0.0,0.0,60.09850942800654,8895.79504786526,8895.79504786526
2025-02-14,28,0.4422,3088.177,0.0,568.8179316750927,568.8179316750927,0.0,0.0,0.0,0.0,0.0,0.0,0.0,54.121765008425996,8895.79504786526,8895.79504786526
2025-02-14,29,0.4395,3018.43,0.0,560.8101610148409,560.8101610148409,0.0,0.0,0.0,0.0,0.0,0.0,0.0,57.73849434817424,8895.79504786526,8895.79504786526
2025-02-14,30,0.4333,2822.8368,0.0202,1017.933856734477,1017.933856734477,0.0,0.0,449.11661348304426,0.0,449.11661348304426,0.0,0.0,98.34780991809941,8895.79504786526,9300.0
2025-02-14,31,0.4439,2777.4037,0.0,531.6333013828672,531.6333013828672,0.0,0.0,0.0,0.0,0.0,0.0,0.0,68.7326847162006,9300.0,9300.0
2025-02-14,32,0.4301,3002.27,0.0,1362.4014942508347,1362.4014942508347,0.0,0.0,833.3333333333334,0.0,833.3333333333333,0.0,0.0,28.689827584168142,9300.0,10050.0
2025-02-14,33,0.3713,3331.1391,0.2819,1400.9876846754416,1400.9876846754416,0.0,0.0,833.3333333333334,0.0,833.3333333333333,0.0,0.0,12.511484675441807,10050.0,10800.0
2025-02-14,34,0.5708,3358.6035,0.0,312.1693711340357,312.1693711340357,0.0,0.0,0.0,266.2037002248526,0.0,247.59787886596428,0.0,0.0,10800.0,10524.891245704484
2025-02-14,35,0.9099,3168.24,0.0,0.0,0.0,0.0,0.0,0.0,535.7323180172231,0.0,528.04,0.0,0.0,10524.891245704484,9938.180134593373
2025-02-14,36,0.9368,3208.2589,3.927,0.0,0.0,0.0,0.0,0.0,585.995652530388,0.0,534.0553166666666,0.0,0.0,9938.180134593373,9344.785338297077
2025-02-14,37,0.8758,3214.0725,0.0,0.0,0.0,0.0,0.0,0.0,592.82117123813,0.0,535.67875,0.0,0.0,9344.785338297077,8749.586727185966
2025-02-14,38,0.8759,3055.74,0.0,0.0,0.0,0.0,0.0,0.0,581.7915305404391,0.0,509.28999999999996,0.0,0.0,8749.586727185966,8183.708949408188
2025-02-14,39,0.8601,2966.104,119.8076,0.0,0.0,0.0,0.0,0.0,577.3684962098096,0.0,474.3827333333333,0.0,0.0,8183.708949408188,7656.617023482262
2025-02-14,40,0.8442,3321.3615,340.2814,0.0,0.0,0.0,0.0,0.0,571.147337746548,0.0,496.8466833333333,0.0,0.0,7656.617023482262,7104.565153111892
2025-02-14,41,0.8334,3793.45,614.1,0.0,0.0,0.0,0.0,0.0,562.0311260376162,0.0,529.8916666666667,0.0,0.0,7104.565153111892,6515.796634593374
2025-02-14,42,0.8092,3662.1843,894.6351,0.0,0.0,0.0,0.0,0.0,528.3722098890167,0.0,461.2582,0.0,0.0,6515.796634593374,6003.287523482262
2025-02-14,43,0.7972,3551.7063,1191.4429,0.0,0.0,0.0,0.0,0.0,469.57801497692316,0.0,393.3772333333334,0.0,0.0,6003.287523482262,5566.201708667448
2025-02-14,44,0.7644,3666.85,1512.6,0.0,0.0,0.0,0.0,0.0,383.31817839064723,0.0,359.04166666666663,0.0,0.0,5566.201708667448,5167.2665234822625
2025-02-14,45,0.6899,3627.5892,1852.8059,0.0,0.0,0.0,0.0,0.0,320.5902691992312,0.0,295.79721666666666,0.0,0.0,5167.2665234822625,4838.602949408189
2025-02-14,46,0.86,3741.3119,2215.0922,0.0,0.0,0.0,0.0,0.0,255.9067041479036,0.0,254.36995000000007,0.0,0.0,4838.602949408189,4555.969671630411
2025-02-14,47,1.1617,3879.58,2585.2875,0.0,0.0,0.0,0.0,0.0,283.3731331081358,0.0,215.71541666666673,0.0,0.0,4555.969671630411,4316.285875334114
2025-02-14,48,1.1683,3592.3123,2927.0825,0.0,0.0,0.0,0.0,0.0,272.38680518719076,0.0,110.8716333333333,0.0,0.0,4316.285875334114,4193.095171630411
2025-02-14,49,1.0956,3560.3716,3197.3423,0.0,0.0,0.0,0.0,0.0,208.15058123810718,0.0,60.504883333333396,0.0,0.0,4193.095171630411,4125.867523482262
2025-02-14,50,1.0849,3690.33,3440.025,0.0,0.0,0.0,0.0,0.0,155.26766231106225,0.0,41.71749999999997,0.0,0.0,4125.867523482262,4079.5147457044845
2025-02-14,51,1.061,3302.5634,3757.4319,0.0,0.0,0.0,0.0,0.0,76.69820431882083,0.0,0.0,0.0,75.81141666666667,4079.5147457044845,4079.5147457044845
2025-02-14,52,1.043,3551.5395,4128.7698,0.0,0.0,0.0,0.0,0.0,65.56771365217271,0.0,0.0,0.0,96.20505000000003,4079.5147457044845,4079.5147457044845
2025-02-14,53,1.036,4325.93,4453.0875,0.0,0.0,0.0,0.0,0.0,59.538861098785524,0.0,0.0,0.0,21.192916666666633,4079.5147457044845,4079.5147457044845
2025-02-14,54,1.0147,4284.9499,4630.7341,0.0,0.0,0.0,0.0,0.0,68.5030187811896,0.0,0.0,0.0,57.63070000000005,4079.5147457044845,4079.5147457044845
2025-02-14,55,0.9922,4083.3399,4759.5662,0.0,0.0,0.0,0.0,0.0,26.02017448329146,0.0,0.0,0.0,112.70438333333334,4079.5147457044845,4079.5147457044845
2025-02-14,56,0.97,4195.68,4957.0125,0.0,0.0,0.0,0.0,17.727278020180904,0.0,17.727278020180904,0.0,0.0,109.16147197981894,4079.5147457044845,4095.4692959226472
2025-02-14,57,0.9422,4372.7346,5253.5386,0.0,0.0,0.0,0.0,80.78382176765945,0.0,80.78382176765945,0.0,0.0,66.0168448990072,4095.4692959226472,4168.17473551354
2025-02-14,58,0.9569,4284.1428,5461.771,0.0,0.0,0.0,0.0,99.38177963242158,0.0,99.38177963242158,0.0,0.0,96.88958703424514,4168.17473551354,4257.61833718272
2025-02-14,59,0.9977,4079.69,5537.3625,0.0,0.0,0.0,0.0,102.4075784257764,0.0,102.4075784257764,0.0,0.0,140.53783824089027,4257.61833718272,4349.7851577659185
2025-02-14,60,0.9919,4185.3818,5615.4979,0.0,0.0,0.0,0.0,115.93094091700166,0.0,115.93094091700166,0.0,0.0,122.42174241633174,4349.7851577659185,4454.12300459122
2025-02-14,61,0.9588,4186.6034,5755.4355,0.0,0.0,0.0,0.0,120.74814582509421,0.0,120.74814582509421,0.0,0.0,140.7238708415724,4454.12300459122,4562.796335833805
2025-02-14,62,0.9549,4033.88,5871.4875,0.0,0.0,0.0,0.0,132.88168802088612,0.0,132.88168802088612,0.0,0.0,173.38622864578056,4562.796335833805,4682.389855052602
2025-02-14,63,0.9839,4093.8859,5852.0734,0.0,0.0,0.0,0.0,176.85828253351661,0.0,176.85828253351661,0.0,0.0,116.17296746648339,4682.389855052602,4841.562309332767
2025-02-14,64,0.799,4092.9204,5961.5353,0.0,0.0,0.0,0.0,217.5860727628603,0.0,217.5860727628603,0.0,0.0,93.84974390380629,4841.562309332767,5037.389774819341
2025-02-14,65,0.5025,3997.38,6202.425,0.0,0.0,0.0,0.0,233.61201881927528,0.0,233.61201881927528,0.0,0.0,133.89548118072466,5037.389774819341,5247.640591756689
2025-02-14,66,0.4662,4056.0614,6288.567,0.0,0.0,0.0,0.0,256.82737271575996,0.0,256.82737271575996,0.0,0.0,115.25689395090666,5247.640591756689,5478.785227200873
2025-02-14,67,0.5007,4037.6559,6211.1031,0.0,0.0,0.0,0.0,291.54327995682934,0.0,291.54327995682934,0.0,0.0,70.69792004317071,5478.785227200873,5741.17417916202
2025-02-14,68,0.4827,3963.56,6118.6125,0.0,0.0,0.0,0.0,247.44339088721765,0.0,247.44339088721765,0.0,0.0,111.73202577944906,5741.17417916202,5963.873230960516
2025-02-14,69,0.4785,4077.1002,6190.1756,0.0,0.0,0.0,0.0,248.4206756534431,0.0,248.4206756534431,0.0,0.0,103.75855767989006,5963.873230960516,6187.451839048615
2025-02-14,70,0.4662,4020.4602,6389.3941,0.0,59.05569313299201,59.05569313299201,0.0,301.5790159011946,0.0,301.5790159011946,0.0,0.0,152.29899389846418,6187.451839048615,6458.87295335969
2025-02-14,71,0.4432,3734.91,6608.025,613.6654595013242,600.3523147434992,0.0,13.313144757825057,833.3333333333334,0.0,833.3333333333333,0.0,0.0,245.87148141016564,6458.87295335969,7208.87295335969
2025-02-14,72,0.4411,3595.7207,6751.7334,635.5874078782174,0.0,0.0,635.5874078782174,369.9870864663438,0.0,369.9870864663438,0.0,0.0,156.01503020032288,7208.87295335969,7541.861331179399
2025-02-14,73,0.4551,3874.9701,6848.4238,595.7698061834298,0.0,0.0,595.7698061834298,0.0,0.0,0.0,0.0,0.0,495.5756166666665,7541.861331179399,7541.861331179399
2025-02-14,74,0.4463,4242.25,6920.55,467.9020286611875,0.0,105.36245119878333,573.2644798599708,345.82047663552555,0.0,345.82047663552555,0.0,0.0,100.56285669780777,7541.861331179399,7853.099760151372
2025-02-14,75,0.4113,4067.0054,6957.8408,375.2064758409157,0.0,172.5994314473727,547.8059072882884,391.28492887448243,0.0,391.28492887448243,0.0,0.0,90.52097112551752,7853.099760151372,8205.256196138405
2025-02-14,76,0.5682,3788.4046,6962.8019,0.0,0.0,0.0,0.0,404.3355924035789,0.0,404.3355924035789,0.0,0.0,124.73062426308792,8205.256196138405,8569.158229301627
2025-02-14,77,0.8279,3743.79,6916.1625,0.0,0.0,0.0,0.0,355.3253009495931,0.0,355.3253009495931,0.0,0.0,173.403449050407,8569.158229301627,8888.951000156261
2025-02-14,78,0.8636,3833.8068,6808.606,0.0,0.0,0.0,0.0,328.85570242564984,0.0,328.85570242564984,0.0,0.0,166.94416424101678,8888.951000156261,9184.921132339347
2025-02-14,79,0.8416,3736.149,6760.3051,0.0,0.0,0.0,0.0,315.83112439056504,0.0,315.83112439056504,0.0,0.0,188.19489227610154,9184.921132339347,9469.169144290856
2025-02-14,80,0.8618,3570.18,6655.65,0.0,0.0,0.0,0.0,304.54123356924265,0.0,304.54123356924265,0.0,0.0,209.70376643075724,9469.169144290856,9743.256254503174
2025-02-14,81,0.8623,3723.1806,6284.4678,0.0,0.0,0.0,0.0,274.2406090719833,0.0,274.2406090719833,0.0,0.0,152.64059092801665,9743.256254503174,9990.072802667959
2025-02-14,82,0.9026,3710.2281,6103.4072,0.0,0.0,0.0,0.0,270.48233832264697,0.0,270.48233832264697,0.0,0.0,128.3808450106863,9990.072802667959,10233.506907158342
2025-02-14,83,0.9754,3488.33,6086.7,0.0,0.0,0.0,0.0,254.4900657237225,0.0,254.4900657237225,0.0,0.0,178.57160094294412,10233.506907158342,10462.547966309692
2025-02-14,84,1.0002,3509.0192,5765.0865,0.0,0.0,0.0,0.0,10.388878854284465,0.0,10.388878854284465,0.0,0.0,365.62233781238217,10462.547966309692,10471.897957278548
2025-02-14,85,0.9978,3554.8056,5483.4316,0.0,0.0,0.0,0.0,164.28952909628103,0.0,164.28952909628103,0.0,0.0,157.14813757038556,10471.897957278548,10619.758533465201
2025-02-14,86,1.0271,3563.06,5337.825,0.0,0.0,0.0,0.0,140.32997873229579,0.0,140.32997873229579,0.0,0.0,155.46418793437078,10619.758533465201,10746.055514324267
2025-02-14,87,1.0906,3684.7153,5066.0462,0.0,0.0,0.0,0.0,0.0,0.0,0.0,0.0,0.0,230.22181666666665,10746.055514324267,10746.055514324267
2025-02-14,88,0.9376,3626.6321,4801.1175,0.0,0.0,0.0,0.0,37.2359973268996,0.0,37.2359973268996,0.0,0.0,158.5115693397672,10746.055514324267,10779.567911918477
2025-02-14,89,0.6694,3422.21,4565.9625,0.0,0.0,0.0,0.0,22.70232009058198,0.0,22.70232009058115,0.0,0.0,167.9230965760855,10779.567911918477,10800.0
2025-02-14,90,0.66,3406.8108,4220.1701,0.0,27.638996903732505,27.638996903732505,0.0,0.0,0.0,0.0,0.0,0.0,163.19888023706585,10800.0,10800.0
2025-02-14,91,0.7217,3371.4365,3823.8146,0.0,29.209618182557172,29.209618182557172,0.0,0.0,1.1380982506918371,0.0,0.0,0.0,104.60596818255726,10800.0,10800.0
2025-02-14,92,0.7308,3250.57,3443.7375,0.0,58.66103129239317,58.66103129239317,0.0,0.0,0.0,0.0,0.0,0.0,90.85561462572662,10800.0,10800.0
2025-02-14,93,0.7534,3219.0463,3094.9532,77.49710680702879,177.81521860265366,107.58783957340248,7.269727777777604,0.0,0.0,0.0,0.0,0.0,157.13303526932032,10800.0,10800.0
2025-02-14,94,0.7823,3276.5868,2767.9167,133.85228735801874,248.92848063842348,136.4852947612446,21.409101480839865,0.0,0.0,0.0,0.0,0.0,164.15013063842343,10800.0,10800.0
2025-02-14,95,0.8055,3402.25,2445.75,165.9679037938838,281.99304311233146,116.02513931844766,0.0,0.0,0.0,0.0,0.0,0.0,122.57637644566478,10800.0,10800.0
2025-02-14,96,0.8271,3551.8878,2119.4205,220.6767577895624,324.9088315783018,104.23207378873937,0.0,0.0,0.0,0.0,0.0,0.0,86.16428157830171,10800.0,10800.0
2025-02-14,97,0.8519,3500.5255,1816.0269,314.1923505116603,422.71352209617334,108.52117158451301,0.0,1.4050595687543819,0.0,0.0,0.0,0.0,141.9637554295066,10800.0,10800.0
2025-02-14,98,0.8791,3363.61,1525.5375,419.30213025825566,480.4667494394783,61.16461918122263,0.0,0.0,0.0,0.0,0.0,0.0,174.12133277281157,10800.0,10800.0
2025-02-14,99,0.9024,3423.0939,1209.6873,448.9256012913224,510.38452585802725,61.458924566704866,0.0,0.0,0.0,0.0,0.0,0.0,141.48342585802732,10800.0,10800.0
2025-02-14,100,0.9163,3125.4527,900.4954,437.8030611913043,476.87647448834315,39.073413297038826,0.0,0.0,3.397374202961146,0.0,0.0,0.0,106.0502578216765,10800.0,10800.0
2025-02-14,101,0.9264,2663.37,613.8,432.7848890865678,432.7848890865678,0.0,0.0,0.0,36.44551757820915,0.0,0.0,0.0,91.18988908656775,10800.0,10800.0
2025-02-14,102,0.9462,2811.0042,342.2484,488.43125699021994,488.43125699021994,0.0,0.0,0.0,26.2735277917119,0.0,0.0,0.0,76.9719569902199,10800.0,10800.0
2025-02-14,103,0.9742,2870.2823,122.627,522.8608782056962,522.8608782056962,0.0,0.0,0.0,30.748837500000036,0.0,0.0,0.0,64.91832820569613,10800.0,10800.0
2025-02-14,104,0.9862,2654.98,0.0,535.6573526167609,535.6573526167609,0.0,0.0,0.0,14.179398860683705,0.0,0.0,0.0,93.16068595009426,10800.0,10800.0
2025-02-14,105,0.976,2689.923,0.0,544.8813297485433,544.8813297485433,0.0,0.0,0.0,0.0,0.0,0.0,0.0,96.56082974854331,10800.0,10800.0
2025-02-14,106,1.0742,2791.968,4.0609,510.12649246963923,510.12649246963923,0.0,0.0,0.0,5.430052517824208,0.0,0.0,0.0,45.475309136305896,10800.0,10800.0
2025-02-14,107,1.2313,2810.19,0.0,216.32550191633544,216.32550191633544,0.0,0.0,0.0,287.6210831280582,0.0,252.03949808366457,0.0,0.0,10800.0,10519.956113240372
2025-02-14,108,1.2561,2790.7901,0.0,0.0,0.0,0.0,0.0,0.0,501.25689599857225,0.0,465.13168333333334,0.0,0.0,10519.956113240372,10003.14313175889
2025-02-14,109,1.2447,2699.1235,0.2916,0.0,0.0,0.0,0.0,0.0,505.4854377810554,0.0,449.80531666666667,0.0,0.0,10003.14313175889,9503.359446573706
2025-02-14,110,1.2545,2628.82,0.0,0.0,0.0,0.0,0.0,0.0,511.3291413567329,0.0,438.1366666666667,0.0,0.0,9503.359446573706,9016.540928055187
2025-02-14,111,1.2522,2722.1363,0.0,0.0,0.0,0.0,0.0,0.0,527.4199045810445,0.0,453.68938333333335,0.0,0.0,9016.540928055187,8512.441613240371
2025-02-14,112,1.2881,2728.5724,0.0209,0.0,0.0,0.0,0.0,0.0,535.9108034486806,0.0,454.7585833333333,0.0,0.0,8512.441613240371,8007.154298425557
2025-02-14,113,1.3466,2668.76,0.0,0.0,0.0,0.0,0.0,0.0,530.3454278307979,0.0,444.79333333333335,0.0,0.0,8007.154298425557,7512.939483610742
2025-02-14,114,1.3523,2777.1605,0.0,0.0,0.0,0.0,0.0,0.0,521.4897898533715,0.0,462.8600833333333,0.0,0.0,7512.939483610742,6998.6505021292605
2025-02-14,115,1.3445,2686.6964,0.0015,0.0,0.0,0.0,0.0,0.0,513.4455115009624,0.0,447.7824833333333,0.0,0.0,6998.6505021292605,6501.114409536668
2025-02-14,116,1.3483,2491.39,0.0,0.0,0.0,0.0,0.0,0.0,515.7361742855538,0.0,415.2316666666666,0.0,0.0,6501.114409536668,6039.745891018149
2025-02-14,117,1.349,2668.8166,0.0,0.0,0.0,0.0,0.0,0.0,567.6304319007653,0.0,444.8027666666667,0.0,0.0,6039.745891018149,5545.520594721853
2025-02-14,118,1.3473,2790.5219,0.0,0.0,0.0,0.0,0.0,0.0,528.1545322078094,0.0,465.08698333333336,0.0,0.0,5545.520594721853,5028.757279907038
2025-02-14,119,1.3482,2695.36,0.0,0.0,0.0,0.0,0.0,0.0,530.3437996264848,0.0,449.2266666666667,0.0,0.0,5028.757279907038,4529.616539166297
2025-02-14,120,1.3513,2660.0487,0.0,0.0,0.0,0.0,0.0,0.0,513.9749896669651,0.0,443.34144999999995,0.0,0.0,4529.616539166297,4037.014928055186
2025-02-14,121,1.34,2709.7889,0.0,0.0,0.0,0.0,0.0,0.0,510.3272321297718,0.0,451.63148333333334,0.0,0.0,4037.014928055186,3535.202168795927
2025-02-14,122,1.3489,2786.54,0.0,0.0,0.0,0.0,0.0,0.0,533.8877644178325,0.0,464.42333333333335,0.0,0.0,3535.202168795927,3019.176242870001
2025-02-14,123,1.3952,2823.4388,0.0,0.0,0.0,0.0,0.0,0.0,541.2226653299358,0.0,470.5731333333333,0.0,0.0,3019.176242870001,2496.3172058329637
2025-02-14,124,1.2226,2781.4662,0.0,541.949656998766,541.949656998766,0.0,0.0,0.0,0.0,0.0,0.0,0.0,78.37195699876605,2496.3172058329637,2496.3172058329637
2025-02-14,125,0.9332,2712.63,0.0,533.5639975959425,533.5639975959425,0.0,0.0,0.0,0.0,0.0,0.0,0.0,81.45899759594249,2496.3172058329637,2496.3172058329637
2025-02-14,126,0.9068,2724.4115,0.0,521.9819486669486,521.9819486669486,0.0,0.0,0.0,0.0,0.0,0.0,0.0,67.91336533361522,2496.3172058329637,2496.3172058329637
2025-02-14,127,0.9371,2809.5529,0.0,525.3079097480872,525.3079097480872,0.0,0.0,0.0,0.0,0.0,0.0,0.0,57.04909308142055,2496.3172058329637,2496.3172058329637
2025-02-14,128,0.9371,2907.91,0.0,547.7563729190766,547.7563729190766,0.0,0.0,0.0,0.0,0.0,0.0,0.0,63.10470625240998,2496.3172058329637,2496.3172058329637
2025-02-14,129,0.9871,2900.0471,0.0,552.5687922549141,552.5687922549141,0.0,0.0,0.0,0.0,0.0,0.0,0.0,69.22760892158084,2496.3172058329637,2496.3172058329637
2025-02-14,130,0.7764,2546.6841,0.0,516.279746282344,516.279746282344,0.0,0.0,0.0,0.0,0.0,0.0,0.0,91.83239628234406,2496.3172058329637,2496.3172058329637
2025-02-14,131,0.4209,2129.41,0.0,417.36694199224866,417.36694199224866,0.0,0.0,0.0,0.0,0.0,0.0,0.0,62.46527532558201,2496.3172058329637,2496.3172058329637
2025-02-14,132,0.3859,2205.0428,0.0,425.66307978339483,425.66307978339483,0.0,0.0,0.0,0.0,0.0,0.0,0.0,58.15594645006149,2496.3172058329637,2496.3172058329637
2025-02-14,133,0.4368,2258.8212,0.0,427.82144306966967,427.82144306966967,0.0,0.0,0.0,0.0,0.0,0.0,0.0,51.35124306966969,2496.3172058329637,2496.3172058329637
2025-02-14,134,0.4198,2180.07,0.0,453.34867030262967,453.34867030262967,0.0,0.0,0.0,0.0,0.0,0.0,0.0,90.00367030262964,2496.3172058329637,2496.3172058329637
2025-02-14,135,0.4186,2348.1134,0.0,445.7488882213533,445.7488882213533,0.0,0.0,0.0,0.0,0.0,0.0,0.0,54.39665488801995,2496.3172058329637,2496.3172058329637
2025-02-14,136,0.4241,2411.5928,0.0,435.3716974957628,435.3716974957628,0.0,0.0,0.0,0.0,0.0,0.0,0.0,33.43956416242952,2496.3172058329637,2496.3172058329637
2025-02-14,137,0.4237,2316.87,0.0,442.57246622883235,442.57246622883235,0.0,0.0,0.0,0.0,0.0,0.0,0.0,56.42746622883237,2496.3172058329637,2496.3172058329637
2025-02-14,138,0.4248,2380.9303,0.0,440.3291705978358,440.3291705978358,0.0,0.0,0.0,0.0,0.0,0.0,0.0,43.50745393116915,2496.3172058329637,2496.3172058329637
2025-02-14,139,0.424,2459.6931,0.0,443.2816562457826,443.2816562457826,0.0,0.0,0.0,0.0,0.0,0.0,0.0,33.33280624578259,2496.3172058329637,2496.3172058329637
2025-02-14,140,0.422,2466.09,0.0,468.48166141772975,468.48166141772975,0.0,0.0,0.0,0.0,0.0,0.0,0.0,57.46666141772971,2496.3172058329637,2496.3172058329637
2025-02-14,141,0.424,2475.0873,0.0,465.712132685775,465.712132685775,0.0,0.0,0.0,0.0,0.0,0.0,0.0,53.19758268577493,2496.3172058329637,2496.3172058329637
2025-02-14,142,0.4271,2498.3467,0.0,439.2175476093823,439.2175476093823,0.0,0.0,0.0,0.0,0.0,0.0,0.0,22.826430942715604,2496.3172058329637,2496.3172058329637
2025-02-14,143,0.4276,2509.56,0.0,433.6291411041213,433.6291411041213,0.0,0.0,0.0,0.0,0.0,0.0,0.0,15.369141104121297,2496.3172058329637,2496.3172058329637
2025-02-15,0,0.4248,2470.6272,0.0,440.1943445492811,440.1943445492811,0.0,0.0,2.3059745605543753e-09,0.0,2.3059745605543753e-09,0.0,0.0,28.423144546975145,2496.3172058329637,2496.317205835039
2025-02-15,1,0.4245,2382.0519,0.0,1346.668544019859,1346.668544019859,0.0,0.0,833.3333333333334,0.0,833.3333333333333,0.0,0.0,116.32656068652568,2496.317205835039,3246.317205835039
2025-02-15,2,0.4269,2368.11,0.0,1318.657808505319,1318.657808505319,0.0,0.0,833.3333333333334,0.0,833.3333333333333,0.0,0.0,90.63947517198585,3246.317205835039,3996.317205835039
2025-02-15,3,0.4272,2562.6447,0.0,1350.84255436548,1350.84255436548,0.0,0.0,833.3333333333334,0.0,833.3333333333333,0.0,0.0,90.40177103214683,3996.317205835039,4746.317205835039
2025-02-15,4,0.4271,2694.4828,0.0,1360.7192802274285,1360.7192802274285,0.0,0.0,833.3333333333334,0.0,833.3333333333333,0.0,0.0,78.30548022742846,4746.317205835039,5496.317205835039
2025-02-15,5,0.4285,2670.09,0.0,1328.2443192730939,1328.2443192730939,0.0,0.0,833.3333333333334,0.0,833.3333333333333,0.0,0.0,49.89598593976052,5496.317205835039,6246.317205835039
2025-02-15,6,0.4311,2638.8085,0.0,475.89214674651424,475.89214674651424,0.0,0.0,0.0,0.0,0.0,0.0,0.0,36.09073007984756,6246.317205835039,6246.317205835039
2025-02-15,7,0.4302,2603.2797,0.0,1354.4341575369526,1354.4341575369526,0.0,0.0,833.3333333333334,0.0,833.3333333333333,0.0,0.0,87.22087420361936,6246.317205835039,6996.317205835039
2025-02-15,8,0.4279,2580.38,0.0,497.01952068877875,497.01952068877875,0.0,0.0,0.0,0.0,0.0,0.0,0.0,66.95618735544542,6996.317205835039,6996.317205835039
2025-02-15,9,0.4312,2604.0104,0.0,485.1254493784107,485.1254493784107,0.0,0.0,0.0,0.0,0.0,0.0,0.0,51.123716045077344,6996.317205835039,6996.317205835039
2025-02-15,10,0.4333,2569.8976,0.0,1350.9851755515438,1350.9851755515438,0.0,0.0,833.3333333333334,0.0,833.3333333333333,0.0,0.0,89.3355755515438,6996.317205835039,7746.317205835039
2025-02-15,11,0.4311,2558.95,0.0,478.4878916316382,478.4878916316382,0.0,0.0,0.0,0.0,0.0,0.0,0.0,51.99622496497159,7746.317205835039,7746.317205835039
2025-02-15,12,0.4293,2755.3699,0.0,503.3659429781141,503.3659429781141,0.0,0.0,0.0,0.0,0.0,0.0,0.0,44.137626311447434,7746.317205835039,7746.317205835039
2025-02-15,13,0.4324,2887.7801,0.0,515.1359025660869,515.1359025660869,0.0,0.0,0.0,0.0,0.0,0.0,0.0,33.83921923275358,7746.317205835039,7746.317205835039
2025-02-15,14,0.4367,2853.33,0.0,515.8303321402856,515.8303321402856,0.0,0.0,0.0,0.0,0.0,0.0,0.0,40.27533214028557,7746.317205835039,7746.317205835039
2025-02-15,15,0.4348,2808.6563,0.0,485.423858686526,485.423858686526,0.0,0.0,0.0,0.0,0.0,0.0,0.0,17.31447535319262,7746.317205835039,7746.317205835039
2025-02-15,16,0.4335,2807.16,0.0,486.1805348002502,486.1805348002502,0.0,0.0,0.0,0.0,0.0,0.0,0.0,18.320534800250243,7746.317205835039,7746.317205835039
2025-02-15,17,0.4357,2832.08,0.0,1407.3961271340975,1407.3961271340975,0.0,0.0,833.3333333333351,0.0,833.3333333333333,0.0,0.0,102.04946046743089,7746.317205835039,8496.31720583504
2025-02-15,18,0.4374,2826.685,0.0,562.3780724083975,562.3780724083975,0.0,0.0,0.0,0.0,0.0,0.0,0.0,91.26390574173087,8496.31720583504,8496.31720583504
2025-02-15,19,0.4371,2746.0871,0.0,529.134887713294,529.134887713294,0.0,0.0,0.0,0.0,0.0,0.0,0.0,71.45370437996064,8496.31720583504,8496.31720583504
2025-02-15,20,0.4356,2704.26,0.0,1383.9627743908482,1383.9627743908482,0.0,0.0,833.3333333333334,0.0,833.3333333333333,0.0,0.0,99.91944105751486,8496.31720583504,9246.31720583504
2025-02-15,21,0.4353,2863.7716,0.0,1374.1090049008953,1374.1090049008953,0.0,0.0,833.3333333333334,0.0,833.3333333333333,0.0,0.0,63.48040490089534,9246.31720583504,9996.31720583504
2025-02-15,22,0.436,2971.2828,0.0,530.1909178899538,530.1909178899538,0.0,0.0,0.0,0.0,0.0,0.0,0.0,34.977117889953774,9996.31720583504,9996.31720583504
2025-02-15,23,0.4378,2929.56,0.0,609.1262171086734,609.1262171086734,0.0,0.0,59.647549072253355,0.0,59.647549072253355,0.0,0.0,61.21866803642001,9996.31720583504,10050.000000000067
2025-02-15,24,0.4401,2873.7259,0.0,568.5159604724525,568.5159604724525,0.0,0.0,0.0,0.0,0.0,0.0,0.0,89.56164380578588,10050.000000000067,10050.000000000067
2025-02-15,25,0.4389,2823.2854,0.0,565.606738751262,565.606738751262,0.0,0.0,0.0,0.0,0.0,0.0,0.0,95.05917208459533,10050.000000000067,10050.000000000067
2025-02-15,26,0.4364,2814.14,0.0,582.5544014559279,582.5544014559279,0.0,0.0,0.0,0.0,0.0,0.0,0.0,113.53106812259455,10050.000000000067,10050.000000000067
2025-02-15,27,0.4393,2906.9504,0.0017,564.3394813753208,564.3394813753208,0.0,0.0,0.0,0.0,0.0,0.0,0.0,79.84803137532077,10050.000000000067,10050.000000000067
2025-02-15,28,0.4422,3064.1049,0.0,561.2593581283396,561.2593581283396,0.0,0.0,0.0,0.0,0.0,0.0,0.0,50.575208128339625,10050.000000000067,10050.000000000067
2025-02-15,29,0.4395,3118.21,0.0,550.6132432033513,550.6132432033513,0.0,0.0,0.0,0.0,0.0,0.0,0.0,30.911576536684606,10050.000000000067,10050.000000000067
2025-02-15,30,0.4333,2950.9929,0.0237,553.5572719859451,553.5572719859451,0.0,0.0,0.0,0.0,0.0,0.0,0.0,61.729071985945154,10050.000000000067,10050.000000000067
2025-02-15,31,0.4439,3028.4188,0.0,543.9331416243487,543.9331416243487,0.0,0.0,0.0,0.0,0.0,0.0,0.0,39.19667495768198,10050.000000000067,10050.000000000067
2025-02-15,32,0.4301,3258.81,0.0,577.7930274808963,577.7930274808963,0.0,0.0,0.0,0.0,0.0,0.0,0.0,34.658027480896294,10050.000000000067,10050.000000000067
2025-02-15,33,0.3713,3111.6413,0.3296,1427.7080967565166,1427.7080967565166,0.0,0.0,833.3333333333334,0.0,833.3333333332586,0.0,0.0,75.82281342325814,10050.000000000067,10800.0
2025-02-15,34,0.5708,3090.4657,0.0,599.2291451252905,599.2291451252905,0.0,0.0,0.0,0.0,0.0,0.0,0.0,84.15152845862383,10800.0,10800.0
2025-02-15,35,0.9099,3283.9,0.0,0.0,0.0,0.0,0.0,0.0,643.4931576696703,0.0,547.3166666666667,0.0,0.0,10800.0,10191.87037037037
2025-02-15,36,0.9368,3249.9468,4.5912,0.0,0.0,0.0,0.0,0.0,663.5062090756495,0.0,540.8926,0.0,0.0,10191.87037037037,9590.878592592593
2025-02-15,37,0.8758,3140.3558,0.0,0.0,0.0,0.0,0.0,0.0,652.6360345899209,0.0,523.3926333333333,0.0,0.0,9590.878592592593,9009.331222222223
2025-02-15,38,0.8759,3067.12,0.0,0.0,0.0,0.0,0.0,0.0,658.138397721312,0.0,511.18666666666667,0.0,0.0,9009.331222222223,8441.346037037038
2025-02-15,39,0.8601,3022.6376,134.6919,0.0,0.0,0.0,0.0,0.0,601.4597272370996,0.0,481.32428333333337,0.0,0.0,8441.346037037038,7906.541277777778
2025-02-15,40,0.8442,3277.5637,356.6032,0.0,0.0,0.0,0.0,0.0,577.2077144128306,0.0,486.82675,0.0,0.0,7906.541277777778,7365.622666666667
2025-02-15,41,0.8334,3580.87,621.375,0.0,0.0,0.0,0.0,0.0,609.5896182257721,0.0,493.2491666666666,0.0,0.0,7365.622666666667,6817.568037037037
2025-02-15,42,0.8092,3403.4837,911.6535,0.0,0.0,0.0,0.0,0.0,587.9185519025242,0.0,415.30503333333337,0.0,0.0,6817.568037037037,6356.118
2025-02-15,43,0.7972,3434.6423,1217.7491,0.0,0.0,0.0,0.0,0.0,558.2152596481666,0.0,369.48220000000003,0.0,0.0,6356.118,5945.582222222222
2025-02-15,44,0.7644,3694.1,1539.45,0.0,0.0,0.0,0.0,0.0,534.6431387752626,0.0,359.1083333333333,0.0,0.0,5945.582222222222,5546.572962962963
2025-02-15,45,0.6899,3515.8993,1881.701,277.0092116624246,190.49609809632457,0.0,86.51311356610003,0.0,175.51940453053774,0.0,81.87028523700877,0.0,1.1368683772161603e-13,5546.572962962963,5455.605979366287
2025-02-15,46,0.86,3389.5491,2239.7529,0.0,0.0,0.0,0.0,0.0,398.6556573208474,0.0,191.6327,0.0,0.0,5455.605979366287,5242.680757144065
2025-02-15,47,1.1617,3557.89,2629.7625,0.0,0.0,0.0,0.0,0.0,453.0827129410354,0.0,154.6879166666667,0.0,0.0,5242.680757144065,5070.805294181102
2025-02-15,48,1.1683,3712.3789,3039.6237,0.0,0.0,0.0,0.0,0.0,340.4074308712441,0.0,112.1258666666667,0.0,0.0,5070.805294181102,4946.220997884806
2025-02-15,49,1.0956,3546.7399,3265.4526,0.0,0.0,0.0,0.0,0.0,268.79521504773385,0.0,46.88121666666666,0.0,0.0,4946.220997884806,4894.130757144065
2025-02-15,50,1.0849,3274.47,3395.025,0.0,0.0,0.0,0.0,0.0,252.74669012371442,0.0,0.0,0.0,20.092499999999973,4894.130757144065,4894.130757144065
2025-02-15,51,1.061,3438.1919,3736.4912,0.0,0.0,0.0,0.0,0.0,202.68508404364675,0.0,0.0,0.0,49.716549999999984,4894.130757144065,4894.130757144065
2025-02-15,52,1.043,3847.0411,4125.8921,0.0,0.0,0.0,0.0,0.0,173.4839118204809,0.0,0.0,0.0,46.47516666666672,4894.130757144065,4894.130757144065
2025-02-15,53,1.036,4185.35,4410.2625,0.0,0.0,0.0,0.0,0.0,151.74507100308142,0.0,0.0,0.0,37.48541666666654,4894.130757144065,4894.130757144065
2025-02-15,54,1.0147,4277.918,4583.584,0.0,0.0,0.0,0.0,0.0,130.90632285042898,0.0,0.0,0.0,50.94433333333336,4894.130757144065,4894.130757144065
2025-02-15,55,0.9922,4251.6422,4699.1321,0.0,0.0,0.0,0.0,0.0,86.8214555904893,0.0,0.0,0.0,74.58164999999997,4894.130757144065,4894.130757144065
2025-02-15,56,0.97,4241.44,4881.1875,0.0,0.0,0.0,0.0,0.0,14.519725601552409,0.0,0.0,0.0,106.62458333333336,4894.130757144065,4894.130757144065
2025-02-15,57,0.9422,4260.5477,5244.0412,0.0,0.0,0.0,0.0,10.925183734333737,0.0,10.925183734333737,0.0,0.0,152.99039959899957,4894.130757144065,4903.963422504965
2025-02-15,58,0.9569,4119.6383,5632.0197,0.0,0.0,0.0,0.0,25.545625536412444,0.0,25.545625536412444,0.0,0.0,226.51794113025426,4903.963422504965,4926.954485487736
2025-02-15,59,0.9977,3965.49,5833.95,0.0,0.0,0.0,0.0,73.35125773422412,0.0,73.35125773422412,0.0,0.0,238.05874226577583,4926.954485487736,4992.970617448537
2025-02-15,60,0.9919,4139.1512,5784.7058,0.0,0.0,0.0,0.0,122.86417781520215,0.0,122.86417781520215,0.0,0.0,151.39492218479774,4992.970617448537,5103.54837748222
2025-02-15,61,0.9588,4233.1074,5928.1586,0.0,0.0,0.0,0.0,159.62443934256544,0.0,159.62443934256544,0.0,0.0,122.88409399076795,5103.54837748222,5247.210372890529
2025-02-15,62,0.9549,4067.14,6273.675,0.0,0.0,0.0,0.0,189.20911485392708,0.0,189.20911485392708,0.0,0.0,178.5467184794062,5247.210372890529,5417.498576259063
2025-02-15,63,0.9839,3863.3264,6421.0723,0.0,0.0,0.0,0.0,195.97206786844754,0.0,195.97206786844754,0.0,0.0,230.31891546488566,5417.498576259063,5593.873437340666
2025-02-15,64,0.799,3775.1077,6562.1137,0.0,0.0,0.0,0.0,214.53841505829982,0.0,214.53841505829982,0.0,0.0,249.96258494170016,5593.873437340666,5786.958010893136
2025-02-15,65,0.5025,3863.48,6671.4375,754.3708254667753,0.0,0.0,754.3708254667753,238.02195925544686,0.0,238.02195925544686,0.0,0.0,229.97095741121984,5786.958010893136,6001.177774223038
2025-02-15,66,0.4662,4066.7828,6503.6584,725.5997322050945,553.1603599828721,0.0,172.43937222222235,833.3333333333334,0.0,833.3333333333333,0.0,0.0,125.97295998287234,6001.177774223038,6751.177774223038
2025-02-15,67,0.5007,4127.1437,6400.7446,718.4650204198249,0.0,0.0,718.4650204198249,292.39412958017533,0.0,292.39412958017533,0.0,0.0,86.53935375315814,6751.177774223038,7014.332490845196
2025-02-15,68,0.4827,4003.96,6453.3,734.0883683881342,0.0,0.0,734.0883683881342,281.8572260563104,0.0,281.8572260563104,0.0,0.0,126.36610727702282,7014.332490845196,7268.003994295876
2025-02-15,69,0.4785,3902.399,6452.0008,737.1090688509303,24.76505510672746,0.0,712.3440137442028,308.68802514468626,0.0,308.68802514468626,0.0,0.0,141.01066329537463,7268.003994295876,7545.823216926094
2025-02-15,70,0.4662,3940.7108,6580.9733,741.3453068327358,548.560156832736,0.0,192.78514999999982,833.3333333333334,0.0,833.3333333333333,0.0,0.0,155.27057349940264,7545.823216926094,8295.823216926094
2025-02-15,71,0.4432,4034.76,6763.8,734.102674888519,536.2310804440746,0.0,197.87159444444444,833.3333333333334,0.0,833.3333333333333,0.0,0.0,157.73774711074134,8295.823216926094,9045.823216926094
2025-02-15,72,0.4411,4002.3289,6717.0104,657.9893409598047,0.0,0.0,657.9893409598047,0.0,7.046309632012645,0.0,0.0,0.0,452.44691666666665,9045.823216926094,9045.823216926094
2025-02-15,73,0.4551,3972.1955,6763.1175,654.8811252575429,0.0,0.0,654.8811252575429,0.0,0.0,0.0,0.0,0.0,465.1536666666667,9045.823216926094,9045.823216926094
2025-02-15,74,0.4463,3979.27,6945.375,666.6343408094012,0.0,0.0,666.6343408094012,0.0,0.0,0.0,0.0,0.0,494.3508333333333,9045.823216926094,9045.823216926094
2025-02-15,75,0.4113,3909.4115,6985.4035,676.4169200134362,0.0,0.0,676.4169200134362,0.0,0.0,0.0,0.0,0.0,512.6653333333335,9045.823216926094,9045.823216926094
2025-02-15,76,0.5682,3752.4605,7045.4476,0.0,0.0,0.0,0.0,0.0,0.0,0.0,0.0,0.0,548.8311833333333,9045.823216926094,9045.823216926094
2025-02-15,77,0.8279,3660.54,7133.5125,0.0,0.0,0.0,0.0,0.0,0.0,0.0,0.0,0.0,578.82875,9045.823216926094,9045.823216926094
2025-02-15,78,0.8636,3796.4761,7044.1646,0.0,0.0,0.0,0.0,357.2543985297772,0.0,357.2543985297772,0.0,0.0,184.02701813688964,9045.823216926094,9367.352175602893
2025-02-15,79,0.8416,3845.4978,6798.882,0.0,0.0,0.0,0.0,354.66304649086584,0.0,354.66304649086584,0.0,0.0,137.56765350913412,9367.352175602893,9686.548917444672
2025-02-15,80,0.8618,3761.18,6569.25,0.0,0.0,0.0,0.0,273.4969477342756,0.0,273.4969477342756,0.0,0.0,194.51471893239108,9686.548917444672,9932.69617040552
2025-02-15,81,0.8623,3793.2892,6500.3238,0.0,0.0,0.0,0.0,257.48828935829886,0.0,257.48828935829886,0.0,0.0,193.68414397503454,9932.69617040552,10164.435630827988
2025-02-15,82,0.9026,3823.925,6288.7608,0.0,0.0,0.0,0.0,253.8258417484038,0.0,253.8258417484038,0.0,0.0,156.98012491826287,10164.435630827988,10392.87888840155
2025-02-15,83,0.9754,3740.31,5959.65,0.0,0.0,0.0,0.0,253.81071351026785,0.0,253.81071351026785,0.0,0.0,116.07928648973214,10392.87888840155,10621.308530560791
2025-02-15,84,1.0002,3565.5059,5835.3786,0.0,0.0,0.0,0.0,207.24522484851573,0.0,198.54607715467662,0.0,0.0,179.76603951199,10621.308530560791,10800.0
2025-02-15,85,0.9978,3454.6804,5672.8011,0.0,0.0,0.0,0.0,0.0,0.0,0.0,0.0,0.0,369.6867833333332,10800.0,10800.0
2025-02-15,86,1.0271,3458.76,5341.3125,9.273159994871548,0.0,0.0,9.273159994871548,0.0,0.0,0.0,0.0,0.0,313.75874999999996,10800.0,10800.0
2025-02-15,87,1.0906,3512.2008,4967.9914,13.506496174031781,0.0,0.0,13.506496174031781,0.0,0.0,0.0,0.0,0.0,242.63176666666664,10800.0,10800.0
2025-02-15,88,0.9376,3623.7294,4668.9245,23.04495905138151,0.0,0.0,23.04495905138151,0.0,0.0,0.0,0.0,0.0,174.19918333333328,10800.0,10800.0
2025-02-15,89,0.6694,3720.58,4403.85,43.283720317483734,31.441233033821618,0.0,11.842487283662116,0.0,0.0,0.0,0.0,0.0,145.31956636715495,10800.0,10800.0
2025-02-15,90,0.66,3686.103,4041.0365,95.8034694423909,37.04031499559392,0.0,58.76315444679699,0.0,0.0,0.0,0.0,0.0,96.19589832892723,10800.0,10800.0
2025-02-15,91,0.7217,3627.54,3680.1798,166.91330297395257,64.18944609826713,0.0,102.72385687568544,0.0,0.0,0.0,0.0,0.0,72.96274609826708,10800.0,10800.0
2025-02-15,92,0.7308,3554.55,3350.25,252.6054140399424,160.4643531777261,0.0,92.14106086221628,0.0,0.0,0.0,0.0,0.0,126.41435317772607,10800.0,10800.0
2025-02-15,93,0.7534,3393.9213,2980.0289,326.3917150843747,209.7897792985606,0.0,116.6019357858141,0.0,0.0,0.0,0.0,0.0,140.80771263189388,10800.0,10800.0
2025-02-15,94,0.7823,3348.3604,2617.3443,352.68842779370925,267.58584569154664,0.0,85.10258210216261,0.0,0.0,0.0,0.0,0.0,145.74982902488,10800.0,10800.0
2025-02-15,95,0.8055,3434.6,2314.8375,403.7765567403317,320.0817997958872,0.0,83.69475694444452,0.0,0.0,0.0,0.0,0.0,133.45471646255396,10800.0,10800.0
2025-02-15,96,0.8271,3451.6225,2079.0252,491.774416247746,418.852178747746,0.0,72.9222375,0.0,0.0,0.0,0.0,0.0,190.0859620810794,10800.0,10800.0
2025-02-15,97,0.8519,3360.7732,1839.6014,523.9654802069575,460.7873343736242,0.0,63.1781458333333,0.0,0.0,0.0,0.0,0.0,207.25870104029082,10800.0,10800.0
2025-02-15,98,0.8791,3320.42,1556.475,580.3759415056544,526.9418873389877,0.0,53.43405416666667,0.0,0.0,0.0,0.0,0.0,232.95105400565433,10800.0,10800.0
2025-02-15,99,0.9024,3468.5596,1245.1078,625.1637637525045,578.8528234747267,0.0,46.31094027777772,0.0,0.0,0.0,0.0,0.0,208.27752347472676,10800.0,10800.0
2025-02-15,100,0.9163,3279.2582,944.9013,634.1384290184991,598.6151540184991,0.0,35.52327500000001,0.0,0.0,0.0,0.0,0.0,209.55567068516575,10800.0,10800.0
2025-02-15,101,0.9264,2786.86,660.975,559.2626840097015,535.0609048430348,0.0,24.20177916666671,0.0,0.0,0.0,0.0,0.0,180.74673817636813,10800.0,10800.0
2025-02-15,102,0.9462,2590.3181,375.2832,582.567078136845,582.567078136845,0.0,0.0,0.0,0.0,0.0,0.0,0.0,213.39459480351167,10800.0,10800.0
2025-02-15,103,0.9742,2636.4918,135.7137,620.6718232814449,606.537498281445,0.0,14.134324999999876,0.0,0.0,0.0,0.0,0.0,189.74114828144508,10800.0,10800.0
2025-02-15,104,0.9862,2730.01,0.0,651.7484532032859,640.4727754255083,0.0,11.27567777777756,0.0,0.0,0.0,0.0,0.0,185.47110875884158,10800.0,10800.0
2025-02-15,105,0.976,2735.6491,0.0,691.8989777961427,685.124422240587,0.0,6.7745555555557075,0.0,0.0,0.0,0.0,0.0,229.18290557392032,10800.0,10800.0
2025-02-15,106,1.0742,2649.6432,4.5154,649.894478042976,645.0620447096426,0.0,4.83243333333337,0.0,0.0,0.0,0.0,0.0,204.20741137630927,10800.0,10800.0
2025-02-15,107,1.2313,2638.17,0.0,563.2937416438148,563.2937416438148,0.0,0.0,0.0,0.0,0.0,0.0,0.0,123.59874164381478,10800.0,10800.0
2025-02-15,108,1.2561,2844.6785,0.0,0.0,0.0,0.0,0.0,0.0,569.5261131479908,0.0,474.11308333333335,0.0,0.0,10800.0,10273.207685185185
2025-02-15,109,1.2447,2801.1139,0.3242,325.05013803368576,325.05013803368576,0.0,0.0,0.0,230.61527910993078,0.0,141.74814529964755,0.0,0.0,10273.207685185185,10115.709745963355
2025-02-15,110,1.2545,2544.67,0.0,0.0,0.0,0.0,0.0,0.0,569.2762032297888,0.0,424.1116666666667,0.0,0.0,10115.709745963355,9644.47456077817
2025-02-15,111,1.2522,2592.4295,0.0,0.0,0.0,0.0,0.0,0.0,539.2541016942491,0.0,432.07158333333336,0.0,0.0,9644.47456077817,9164.395023741132
2025-02-15,112,1.2881,2748.6131,0.0233,0.0,0.0,0.0,0.0,0.0,547.4347014599158,0.0,458.09830000000005,0.0,0.0,9164.395023741132,8655.39691263002
2025-02-15,113,1.3466,2771.14,0.0,0.0,0.0,0.0,0.0,0.0,599.3296137726312,0.0,461.8566666666666,0.0,0.0,8655.39691263002,8142.222838555946
2025-02-15,114,1.3523,2624.1035,0.0,0.0,0.0,0.0,0.0,0.0,589.174350739479,0.0,437.35058333333336,0.0,0.0,8142.222838555946,7656.277745963353
2025-02-15,115,1.3445,2534.5975,0.0017,0.0,0.0,0.0,0.0,0.0,551.5450123545492,0.0,422.4326333333333,0.0,0.0,7656.277745963353,7186.90815337076
2025-02-15,116,1.3483,2679.14,0.0,0.0,0.0,0.0,0.0,0.0,555.6430299077557,0.0,446.5233333333333,0.0,0.0,7186.90815337076,6690.7711163337235
2025-02-15,117,1.349,3002.1837,0.0,0.0,0.0,0.0,0.0,0.0,534.919037693106,0.0,500.36395,0.0,0.0,6690.7711163337235,6134.811171889279
2025-02-15,118,1.3473,3007.2386,0.0,0.0,0.0,0.0,0.0,0.0,528.3775654042221,0.0,501.20643333333334,0.0,0.0,6134.811171889279,5577.915134852242
2025-02-15,119,1.3482,2728.81,0.0,0.0,0.0,0.0,0.0,0.0,546.1883391409237,0.0,454.8016666666667,0.0,0.0,5577.915134852242,5072.579949667057
2025-02-15,120,1.3513,2678.5967,0.0,0.0,0.0,0.0,0.0,0.0,520.7367267350703,0.0,446.43278333333336,0.0,0.0,5072.579949667057,4576.543523741131
2025-02-15,121,1.34,2724.744,0.0,0.0,0.0,0.0,0.0,0.0,570.131582981806,0.0,454.124,0.0,0.0,4576.543523741131,4071.961301518909
2025-02-15,122,1.3489,2739.23,0.0,0.0,0.0,0.0,0.0,0.0,578.5674419636631,0.0,456.53833333333336,0.0,0.0,4071.961301518909,3564.6964867040942
2025-02-15,123,1.3952,2750.2798,0.0,0.0,0.0,0.0,0.0,0.0,609.280900664919,0.0,458.37996666666663,0.0,0.0,3564.6964867040942,3055.3854126300203
2025-02-15,124,1.2226,2729.8125,0.0,547.8975469401117,547.8975469401117,0.0,0.0,0.0,0.0,0.0,0.0,0.0,92.92879694011174,3055.3854126300203,3055.3854126300203
2025-02-15,125,0.9332,2763.95,0.0,521.3404287938304,521.3404287938304,0.0,0.0,0.0,0.0,0.0,0.0,0.0,60.68209546049707,3055.3854126300203,3055.3854126300203
2025-02-15,126,0.9068,2954.8205,0.0,552.940965302526,552.940965302526,0.0,0.0,0.0,0.0,0.0,0.0,0.0,60.4708819691927,3055.3854126300203,3055.3854126300203
2025-02-15,127,0.9371,2969.259,0.0,564.2863236170739,564.2863236170739,0.0,0.0,0.0,0.0,0.0,0.0,0.0,69.40982361707387,3055.3854126300203,3055.3854126300203
2025-02-15,128,0.9371,2849.49,0.0,536.4005109302891,536.4005109302891,0.0,0.0,0.0,0.0,0.0,0.0,0.0,61.48551093028914,3055.3854126300203,3055.3854126300203
2025-02-15,129,0.9871,2912.6371,0.0,579.958119179663,579.958119179663,0.0,0.0,0.0,0.0,0.0,0.0,0.0,94.51860251299632,3055.3854126300203,3055.3854126300203
2025-02-15,130,0.7764,2666.057,0.0,534.2523745028626,534.2523745028626,0.0,0.0,0.0,0.0,0.0,0.0,0.0,89.90954116952929,3055.3854126300203,3055.3854126300203
2025-02-15,131,0.4209,2164.86,0.0,461.4099400335105,461.4099400335105,0.0,0.0,0.0,0.0,0.0,0.0,0.0,100.5999400335105,3055.3854126300203,3055.3854126300203
2025-02-15,132,0.3859,2055.4315,0.0,449.70827389652254,449.70827389652254,0.0,0.0,0.0,0.0,0.0,0.0,0.0,107.13635722985583,3055.3854126300203,3055.3854126300203
2025-02-15,133,0.4368,2319.8601,0.0,474.39555400922046,474.39555400922046,0.0,0.0,0.0,0.0,0.0,0.0,0.0,87.75220400922046,3055.3854126300203,3055.3854126300203
2025-02-15,134,0.4198,2600.46,0.0,462.5347351303249,462.5347351303249,0.0,0.0,0.0,0.0,0.0,0.0,0.0,29.124735130324893,3055.3854126300203,3055.3854126300203
2025-02-15,135,0.4186,2536.9145,0.0,466.92076943714557,466.92076943714557,0.0,0.0,0.0,0.0,0.0,0.0,0.0,44.101686103812256,3055.3854126300203,3055.3854126300203
2025-02-15,136,0.4241,2409.0558,0.0,479.7166737868258,479.7166737868258,0.0,0.0,0.0,0.0,0.0,0.0,0.0,78.20737378682583,3055.3854126300203,3055.3854126300203
2025-02-15,137,0.4237,2410.2,0.0,492.7729817094972,492.7729817094972,0.0,0.0,0.0,0.0,0.0,0.0,0.0,91.07298170949718,3055.3854126300203,3055.3854126300203
2025-02-15,138,0.4248,2477.0663,0.0,477.39364124317234,477.39364124317234,0.0,0.0,0.0,0.0,0.0,0.0,0.0,64.54925790983901,3055.3854126300203,3055.3854126300203
2025-02-15,139,0.424,2514.3034,0.0,470.53341772248797,470.53341772248797,0.0,0.0,0.0,0.0,0.0,0.0,0.0,51.48285105582136,3055.3854126300203,3055.3854126300203
2025-02-15,140,0.422,2440.31,0.0,481.29280728965404,481.29280728965404,0.0,0.0,4.017494708053994e-14,0.0,4.017494708053994e-14,0.0,0.0,74.57447395632069,3055.3854126300203,3055.3854126300203
2025-02-15,141,0.424,2312.0104,0.0,454.38413510799404,454.38413510799404,0.0,0.0,0.0,0.0,0.0,0.0,0.0,69.04906844132734,3055.3854126300203,3055.3854126300203
2025-02-15,142,0.4271,2632.229,0.0,465.1943308603286,465.1943308603286,0.0,0.0,0.0,0.0,0.0,0.0,0.0,26.489497526995308,3055.3854126300203,3055.3854126300203
2025-02-15,143,0.4276,3285.85,0.0,614.6826067880487,614.6826067880487,0.0,0.0,0.0,0.0,0.0,0.0,0.0,67.04094012138205,3055.3854126300203,3055.3854126300203
2025-02-16,0,0.4248,3581.8623,0.0,619.4950584660361,619.4950584660361,0.0,0.0,0.0,0.0,0.0,0.0,0.0,22.51800846603612,3055.3854126300203,3055.3854126300203
2025-02-16,1,0.4245,3455.4123,0.0,578.091640825735,578.091640825735,0.0,0.0,3.911016695686461e-08,0.0,3.911016695686461e-08,0.0,0.0,2.1895907866248003,3055.3854126300203,3055.3854126652195
2025-02-16,2,0.4269,3300.0,0.0,1436.160043016658,1436.160043016658,0.0,0.0,833.3333333333334,0.0,833.3333333333333,0.0,0.0,52.82670968332468,3055.3854126652195,3805.3854126652195
2025-02-16,3,0.4272,3560.6628,0.0,1477.2094124463797,1477.2094124463797,0.0,0.0,833.3333333333334,0.0,833.3333333333333,0.0,0.0,50.432279113046434,3805.3854126652195,4555.3854126652195
2025-02-16,4,0.4271,3736.6145,0.0,1499.5060747905327,1499.5060747905327,0.0,0.0,833.3333333333334,0.0,833.3333333333333,0.0,0.0,43.40365812386608,4555.3854126652195,5305.3854126652195
2025-02-16,5,0.4285,3615.91,0.0,1476.244701880652,1476.244701880652,0.0,0.0,833.3333333333334,0.0,833.3333333333333,0.0,0.0,40.259701880652074,5305.3854126652195,6055.3854126652195
2025-02-16,6,0.4311,3478.3666,0.0,605.6554977413446,605.6554977413446,0.0,0.0,0.0,0.0,0.0,0.0,0.0,25.927731074677922,6055.3854126652195,6055.3854126652195
2025-02-16,7,0.4302,3453.9842,0.0,1485.2104537326154,1485.2104537326154,0.0,0.0,833.3333333333334,0.0,833.3333333333333,0.0,0.0,76.2130870659488,6055.3854126652195,6805.3854126652195
2025-02-16,8,0.4279,3566.6,0.0,635.7261776160341,635.7261776160341,0.0,0.0,0.0,0.0,0.0,0.0,0.0,41.2928442827008,6805.3854126652195,6805.3854126652195
2025-02-16,9,0.4312,3730.1577,0.0,630.8183353225144,630.8183353225144,0.0,0.0,0.0,0.0,0.0,0.0,0.0,9.125385322514376,6805.3854126652195,6805.3854126652195
2025-02-16,10,0.4333,3686.3889,0.0,1476.567430415591,1476.567430415591,0.0,0.0,833.3333333333334,0.0,833.3333333333333,0.0,0.0,28.83594708225769,6805.3854126652195,7555.3854126652195
2025-02-16,11,0.4311,3493.18,0.0,610.2616310768906,610.2616310768906,0.0,0.0,0.0,0.0,0.0,0.0,0.0,28.06496441022398,7555.3854126652195,7555.3854126652195
2025-02-16,12,0.4293,3477.6261,0.0,638.5052495320912,638.5052495320912,0.0,0.0,0.0,0.0,0.0,0.0,0.0,58.900899532091216,7555.3854126652195,7555.3854126652195
2025-02-16,13,0.4324,3609.1312,0.0,664.3241910872313,664.3241910872313,0.0,0.0,0.0,0.0,0.0,0.0,0.0,62.80232442056467,7555.3854126652195,7555.3854126652195
2025-02-16,14,0.4367,3753.29,0.0,654.1575986150824,654.1575986150824,0.0,0.0,0.0,0.0,0.0,0.0,0.0,28.609265281749117,7555.3854126652195,7555.3854126652195
2025-02-16,15,0.4348,3803.0421,0.0,623.6017262157463,623.6017262157463,0.0,0.0,0.0,0.0,0.0,0.0,10.238623784253718,0.0,7555.3854126652195,7555.3854126652195
2025-02-16,16,0.4335,3798.8088,0.0,632.1326192197351,632.1326192197351,0.0,0.0,0.0,0.0,0.0,0.0,1.00218078026478,0.0,7555.3854126652195,7555.3854126652195
2025-02-16,17,0.4357,3734.14,0.0,1527.4258387829495,1527.4258387829495,0.0,0.0,833.3333333333334,0.0,833.3333333333333,0.0,0.0,71.7358387829496,7555.3854126652195,8305.385412665219
2025-02-16,18,0.4374,3598.3508,0.0,663.7427890186897,663.7427890186897,0.0,0.0,0.0,0.0,0.0,0.0,0.0,64.01765568535632,8305.385412665219,8305.385412665219
2025-02-16,19,0.4371,3681.0276,0.0,669.7770995680936,669.7770995680936,0.0,0.0,0.0,0.0,0.0,0.0,0.0,56.27249956809362,8305.385412665219,8305.385412665219
2025-02-16,20,0.4356,3933.36,0.0,1530.5187306775315,1530.5187306775315,0.0,0.0,833.3333333333334,0.0,833.3333333333333,0.0,0.0,41.62539734419818,8305.385412665219,9055.385412665219
2025-02-16,21,0.4353,3982.6389,0.0,1513.2567212490217,1513.2567212490217,0.0,0.0,833.3333333333334,0.0,833.3333333333333,0.0,0.0,16.15023791568842,9055.385412665219,9805.385412665219
2025-02-16,22,0.436,3824.5209,0.0,650.7713484967926,650.7713484967926,0.0,0.0,7.579122514774401e-10,0.0,7.579122514774401e-10,0.0,0.0,13.35119849603465,9805.385412665219,9805.3854126659
2025-02-16,23,0.4378,3697.34,0.0,951.3346794754694,951.3346794754694,0.0,0.0,271.79398592653524,0.0,271.79398592653524,0.0,0.0,63.31736021560084,9805.3854126659,10049.999999999782
2025-02-16,24,0.4401,3854.6305,0.0,723.0385543075755,723.0385543075755,0.0,0.0,2.405613486189395e-10,0.0,2.405613486189395e-10,0.0,0.0,80.60013764066821,10049.999999999782,10049.999999999998
2025-02-16,25,0.4389,4033.8598,0.0,677.5264607268741,677.5264607268741,0.0,0.0,0.0,0.0,0.0,0.0,0.0,5.216494060207424,10049.999999999998,10049.999999999998
2025-02-16,26,0.4364,4007.01,0.0,624.8252856398598,624.8252856398598,0.0,0.0,0.0,0.0,0.0,0.0,43.009714360140265,0.0,10049.999999999998,10049.999999999998
2025-02-16,27,0.4393,3823.8139,0.0018,671.5897724042426,671.5897724042426,0.0,0.0,0.0,0.0,0.0,0.0,0.0,34.287755737575935,10049.999999999998,10049.999999999998
2025-02-16,28,0.4422,3949.707,0.0,713.6941220545174,713.6941220545174,0.0,0.0,0.0,0.0,0.0,0.0,0.0,55.4096220545174,10049.999999999998,10049.999999999998
2025-02-16,29,0.4395,4161.6,0.0,680.6039590474446,680.6039590474446,0.0,0.0,0.0,0.0,0.0,0.0,12.996040952555404,0.0,10049.999999999998,10049.999999999998
2025-02-16,30,0.4333,3829.8469,0.0257,696.2915666000569,696.2915666000569,0.0,0.0,0.0,0.0,0.0,0.0,0.0,57.988033266723505,10049.999999999998,10049.999999999998
2025-02-16,31,0.4439,3806.3444,0.0,672.1691104655778,672.1691104655778,0.0,0.0,0.0,0.0,0.0,0.0,0.0,37.778377132244486,10049.999999999998,10049.999999999998
2025-02-16,32,0.4301,4075.93,0.0,679.9477505541707,679.9477505541707,0.0,0.0,0.0,0.0,0.0,0.0,0.0,0.6260838875041372,10049.999999999998,10049.999999999998
2025-02-16,33,0.3713,3878.233,0.3579,1525.5731274622594,1525.5731274622594,0.0,0.0,833.3333333333334,0.0,833.3333333333333,0.0,0.0,45.92727746225944,10049.999999999998,10799.999999999998
2025-02-16,34,0.5708,4373.401,0.0,767.1328250455202,767.1328250455202,0.0,0.0,0.0,0.0,0.0,0.0,0.0,38.23265837885356,10799.999999999998,10799.999999999998
2025-02-16,35,0.9099,5323.04,0.0,929.0890264199112,929.0890264199112,0.0,0.0,0.0,0.0,0.0,0.0,0.0,41.9156930865779,10799.999999999998,10799.999999999998
2025-02-16,36,0.9368,5228.614,4.9852,258.81565835286153,99.99613613063946,0.0,158.81952222222208,0.0,833.3333333333326,0.0,770.6086638693605,0.0,0.0,10799.999999999998,9943.768151256265
2025-02-16,37,0.8758,5067.7645,0.0,925.010570091611,925.010570091611,0.0,0.0,0.0,0.0,0.0,0.0,0.0,80.38315342494434,9943.768151256265,9943.768151256265
2025-02-16,38,0.8759,5258.66,0.0,943.8236335061079,941.3926890616634,0.0,2.4309444444444352,0.0,0.0,0.0,0.0,0.0,64.94935572833015,9943.768151256265,9943.768151256265
2025-02-16,39,0.8601,5220.56,145.6688,900.0321362902159,900.0321362902159,0.0,0.0,0.0,0.0,0.0,0.0,0.0,54.216936290215926,9943.768151256265,9943.768151256265
2025-02-16,40,0.8442,5162.0763,382.0008,829.0820977698227,824.7063977698227,0.0,4.375699999999938,0.0,0.0,0.0,0.0,0.0,28.027147769822705,9943.768151256265,9943.768151256265
2025-02-16,41,0.8334,5223.44,644.2125,825.3321567070462,819.8811525403797,0.0,5.4510041666665074,0.0,0.0,0.0,0.0,0.0,56.67656920704644,9943.768151256265,9943.768151256265
2025-02-16,42,0.8092,5273.2069,905.5321,779.7638648682199,777.3316621877925,0.0,2.4322026804273946,0.0,0.0,0.0,0.0,0.0,49.38586218779244,9943.768151256265,9943.768151256265
2025-02-16,43,0.7972,5214.3079,1227.5077,759.3753838321758,743.3814129988426,0.0,15.993970833333151,0.0,0.0,0.0,0.0,0.0,78.91471299884267,9943.768151256265,9943.768151256265
2025-02-16,44,0.7644,5086.15,1599.45,710.5103589622944,687.3007297956277,0.0,23.209629166666673,0.0,0.0,0.0,0.0,0.0,106.18406312896104,9943.768151256265,9943.768151256265
2025-02-16,45,0.6899,5135.6243,1941.6442,1501.8711982845643,1462.88506634012,0.0,38.98613194444442,833.3333333333334,0.0,833.3333333333333,0.0,0.0,97.22171634011988,9943.768151256265,10693.768151256265
2025-02-16,46,0.86,5893.3461,2272.3289,731.019420475116,694.1408526162774,0.0,36.878567858838665,0.0,0.0,0.0,0.0,0.0,90.63798594961077,10693.768151256265,10693.768151256265
2025-02-16,47,1.1617,6891.5,2577.0375,85.8262159628614,27.96032290730591,0.0,57.86589305555549,0.0,833.3333333333334,0.0,691.1167604260274,0.0,0.0,10693.768151256265,9925.86063967179
2025-02-16,48,1.1683,7041.8646,2813.2203,41.624220656736725,0.0,0.0,41.624220656736725,0.0,815.7026081567368,0.0,704.77405,0.0,0.0,9925.86063967179,9142.778361894012
2025-02-16,49,1.0956,7010.3161,3056.4554,0.0,0.0,0.0,0.0,0.0,724.3328394811048,0.0,658.9767833333333,0.0,0.0,9142.778361894012,8410.581935968086
2025-02-16,50,1.0849,7088.51,3356.7,0.0,0.0,0.0,0.0,0.0,690.6222507343455,0.0,621.9683333333334,0.0,0.0,8410.581935968086,7719.506010042161
2025-02-16,51,1.061,6917.7643,3705.7314,0.0,0.0,0.0,0.0,0.0,626.8550240238611,0.0,535.3388166666667,0.0,0.0,7719.506010042161,7124.685102634753
2025-02-16,52,1.043,6816.9516,4081.9943,0.0,0.0,0.0,0.0,0.0,576.4821404337839,0.0,455.8262166666667,0.0,0.0,7124.685102634753,6618.211528560679
2025-02-16,53,1.036,6850.71,4375.0875,0.0,0.0,0.0,0.0,0.0,520.9805649912315,0.0,412.6037500000001,0.0,0.0,6618.211528560679,6159.762917449568
2025-02-16,54,1.0147,6775.8882,4488.4997,0.0,0.0,0.0,0.0,0.0,502.5852919409427,0.0,381.23141666666675,0.0,0.0,6159.762917449568,5736.172454486605
2025-02-16,55,0.9922,6829.858,4707.5103,0.0,0.0,0.0,0.0,0.0,481.3497447504358,0.0,353.72461666666675,0.0,0.0,5736.172454486605,5343.145102634753
2025-02-16,56,0.97,6941.38,4998.1125,0.0,0.0,0.0,0.0,0.0,416.3475968128598,0.0,323.8779166666667,0.0,0.0,5343.145102634753,4983.280750782901
2025-02-16,57,0.9422,6776.0395,5048.916,316.73509526008155,0.0,0.0,316.73509526008155,0.0,362.2884117493339,0.0,287.8539166666666,0.0,0.0,4983.280750782901,4663.443065597716
2025-02-16,58,0.9569,6663.6439,5091.0076,0.0,0.0,0.0,0.0,0.0,352.0334505144536,0.0,262.1060500000001,0.0,0.0,4663.443065597716,4372.214121153271
2025-02-16,59,0.9977,6716.64,5252.0625,0.0,0.0,0.0,0.0,0.0,343.1646684995687,0.0,244.09625000000005,0.0,0.0,4372.214121153271,4100.996065597715
2025-02-16,60,0.9919,6734.3081,5429.5159,0.0,0.0,0.0,0.0,0.0,293.1758831174886,0.0,217.46536666666668,0.0,0.0,4100.996065597715,3859.3678804125293
2025-02-16,61,0.9588,6805.7117,5575.5579,0.0,0.0,0.0,0.0,0.0,251.97941947432855,0.0,205.02563333333342,0.0,0.0,3859.3678804125293,3631.56162115327
2025-02-16,62,0.9549,6863.05,5688.7125,184.06291433380366,0.0,0.0,184.06291433380366,0.0,230.97533684501937,0.0,195.72291666666672,0.0,0.0,3631.56162115327,3414.0917137458628
2025-02-16,63,0.9839,6726.3025,5793.3004,0.0,0.0,0.0,0.0,0.0,201.77221778923345,0.0,155.50035000000003,0.0,0.0,3414.0917137458628,3241.3135470791963
2025-02-16,64,0.799,6684.3033,5897.9189,343.4403320488489,196.3452853142024,0.0,147.0950467346465,0.0,0.0,0.0,0.0,0.0,65.28121864753575,3241.3135470791963,3241.3135470791963
2025-02-16,65,0.5025,6768.71,6028.725,1205.4694097009397,1026.0425027564957,0.0,179.426906944444,833.3333333333334,0.0,833.3333333333333,0.0,0.0,69.37833608982896,3241.3135470791963,3991.3135470791963
2025-02-16,66,0.4662,6698.8956,6188.0991,1156.178886229627,963.481861229627,0.0,192.69702500000005,833.3333333333334,0.0,833.3333333333333,0.0,0.0,45.01577789629391,3991.3135470791963,4741.313547079197
2025-02-16,67,0.5007,6462.223,6205.7748,1128.080520974285,931.5070459742848,0.0,196.57347500000026,833.3333333333334,0.0,833.3333333333333,0.0,0.0,55.432345974285,4741.313547079197,5491.313547079197
2025-02-16,68,0.4827,6328.71,6089.625,1134.1785058357918,933.7285808357916,0.0,200.44992500000023,833.3333333333334,0.0,833.3333333333333,0.0,0.0,60.54774750245815,5491.313547079197,6241.313547079197
2025-02-16,69,0.4785,6571.4232,6063.2049,1101.211402136768,896.8850271367679,0.0,204.32637499999998,833.3333333333334,0.0,812.1819771367677,0.0,0.0,0.0,6241.313547079197,6972.277326502288
2025-02-16,70,0.4662,6655.4958,6314.5951,1074.9873216366761,866.7844966366764,0.0,208.20282499999973,833.3333333333334,0.0,809.9677133033429,0.0,0.0,0.0,6972.277326502288,7701.248268475297
2025-02-16,71,0.4432,6431.66,6746.625,1038.9930048689675,826.9137298689676,0.0,212.07927499999994,833.3333333333334,0.0,833.3333333333333,0.0,0.0,46.07456320230085,7701.248268475297,8451.248268475298
2025-02-16,72,0.4411,6266.7438,7028.0698,961.7616301952639,746.4400796815058,0.0,215.3215505137581,704.2288855973529,0.0,704.2288855973529,0.0,0.0,169.09886075081977,8451.248268475298,9085.054265512916
2025-02-16,73,0.4551,6230.4488,6999.2948,970.6571056538437,407.2344653171387,0.0,563.422640336705,343.885534663295,0.0,343.885534663295,0.0,0.0,191.4899306538436,9085.054265512916,9394.551246709882
2025-02-16,74,0.4463,6268.8,6819.975,995.923679611974,794.2196171119741,0.0,201.70406249999985,749.8652308082453,0.0,749.8652308082453,0.0,0.0,136.2168863037291,9394.551246709882,10069.429954437303
2025-02-16,75,0.4113,6311.1209,6797.7561,1009.7906323513598,813.0119448513598,0.0,196.77868750000005,811.744495069665,0.0,811.7444950696638,0.0,0.0,82.37331644836263,10069.429954437303,10800.0
2025-02-16,76,0.5682,6389.2587,6749.3647,1054.8641318858581,32.05792489742964,0.0,1022.8062069884285,0.0,0.0,0.0,0.0,0.0,92.07559156409638,10800.0,10800.0
2025-02-16,77,0.8279,6508.35,6611.5875,148.1621570543824,85.680257039161,0.0,62.481900015221385,0.0,0.0,0.0,0.0,0.0,102.88650703916073,10800.0,10800.0
2025-02-16,78,0.8636,6593.1934,6524.4091,174.21798623283198,52.44044049599855,0.0,121.77754573683342,0.0,0.0,0.0,0.0,0.0,40.97639049599843,10800.0,10800.0
2025-02-16,79,0.8416,6473.2112,6458.7071,118.0955856174951,63.784186652820004,0.0,54.3113989646751,0.0,0.0,0.0,0.0,0.0,61.366836652819984,10800.0,10800.0
2025-02-16,80,0.8618,6289.49,6369.4875,114.96608155600643,77.03036627822864,0.0,37.93571527777779,0.0,0.0,0.0,0.0,0.0,90.36328294489545,10800.0,10800.0
2025-02-16,81,0.8623,6379.1322,6244.2726,163.82888254045838,120.5653438180387,0.0,43.26353872241968,0.0,0.0,0.0,0.0,0.0,98.08874381803867,10800.0,10800.0
2025-02-16,82,0.9026,6529.1886,6084.9002,175.046394932301,0.0,0.0,175.046394932301,0.0,121.54424840469477,0.0,74.04806666666673,0.0,0.0,10800.0,10717.72437037037
2025-02-16,83,0.9754,6512.92,5911.8,0.0,0.0,0.0,0.0,0.0,113.53108499827734,0.0,100.18666666666661,0.0,0.0,10717.72437037037,10606.40585185185
2025-02-16,84,1.0002,6301.4327,5767.0787,0.0,0.0,0.0,0.0,0.0,155.4894206745859,0.0,89.05900000000008,0.0,0.0,10606.40585185185,10507.451407407407
2025-02-16,85,0.9978,6139.4936,5710.7725,0.0,0.0,0.0,0.0,0.0,214.01492565641124,0.0,71.45351666666659,0.0,0.0,10507.451407407407,10428.05861111111
2025-02-16,86,1.0271,6154.45,5637.825,0.0,0.0,0.0,0.0,0.0,256.9487434451914,0.0,86.10416666666663,0.0,0.0,10428.05861111111,10332.387314814814
2025-02-16,87,1.0906,6267.5733,5348.6225,0.0,0.0,0.0,0.0,0.0,260.74513491657996,0.0,153.15846666666664,0.0,0.0,10332.387314814814,10162.21124074074
2025-02-16,88,0.9376,6319.0474,4942.9128,450.8536243775077,0.0,0.0,450.8536243775077,0.0,317.87710276756735,0.0,229.3557666666668,0.0,0.0,10162.21124074074,9907.3715
2025-02-16,89,0.6694,6255.36,4596.4125,458.41342656185844,458.41342656185844,0.0,0.0,111.29711217692545,0.0,111.29711217692545,0.0,0.0,70.62506438493313,9907.3715,10007.538900959233
2025-02-16,90,0.66,6158.4546,4396.185,1522.0569779158404,1193.082158501305,0.0,328.97481941453543,833.3333333333334,0.0,833.3333333333333,0.0,0.0,66.03722516797188,10007.538900959233,10757.538900959233
2025-02-16,91,0.7217,6145.2689,4090.4023,1507.2494051125914,1257.9711370903542,0.0,249.27826802223717,833.3333333333334,0.0,47.178998934185884,0.0,0.0,868.3143714895017,10757.538900959233,10800.0
2025-02-16,92,0.7308,6143.71,3633.4875,1534.487841693512,494.9441928335061,0.0,1039.543648860006,0.0,0.0,0.0,0.0,0.0,76.57377616683937,10800.0,10800.0
2025-02-16,93,0.7534,6002.0963,3232.413,713.6864131717657,482.64205099706265,0.0,231.04436217470305,0.0,0.0,0.0,0.0,0.0,21.028167663729278,10800.0,10800.0
2025-02-16,94,0.7823,6017.5848,2936.7193,759.4862174526734,572.4291728505108,0.0,187.0570446021626,0.0,0.0,0.0,0.0,0.0,58.95158951717747,10800.0,10800.0
2025-02-16,95,0.8055,6181.95,2667.7125,795.7011637410013,659.0999190803074,0.0,136.60124466069396,0.0,0.0,0.0,0.0,0.0,73.39366908030729,10800.0,10800.0
2025-02-16,96,0.8271,6183.3564,2310.0744,848.4752165482572,747.4336082149238,0.0,101.04160833333344,0.0,0.0,0.0,0.0,0.0,101.88660821492385,10800.0,10800.0
2025-02-16,97,0.8519,6165.0782,1940.8672,867.4121856732735,731.6562065066067,0.0,135.75597916666675,0.0,0.0,0.0,0.0,0.0,27.621039839940067,10800.0,10800.0
2025-02-16,98,0.8791,6173.74,1598.8875,925.221653287878,868.8432689922829,0.0,56.37838429559508,0.0,0.0,0.0,0.0,0.0,106.36785232561624,10800.0,10800.0
2025-02-16,99,0.9024,6107.9785,1249.384,969.6420095820796,899.5691123598575,0.0,70.07289722222208,0.0,0.0,0.0,0.0,0.0,89.80336235985749,10800.0,10800.0
2025-02-16,100,0.9163,6123.7568,912.2525,992.7448722196942,962.4236763963477,0.0,30.321195823346557,0.0,0.0,0.0,0.0,0.0,93.83962639634763,10800.0,10800.0
2025-02-16,101,0.9264,6196.14,613.5375,984.2974085800506,943.9342169133838,0.0,40.36319166666681,0.0,0.0,0.0,0.0,0.0,13.500466913383661,10800.0,10800.0
2025-02-16,102,0.9462,6120.294,363.4768,1063.2405012030065,1029.6089484252286,0.0,33.63155277777787,0.0,0.0,0.0,0.0,0.0,70.13941509189522,10800.0,10800.0
2025-02-16,103,0.9742,5968.5837,145.7213,1096.3303023371504,1070.6087898371504,0.0,25.721512500000017,0.0,0.0,0.0,0.0,0.0,100.13172317048384,10800.0,10800.0
2025-02-16,104,0.9862,6031.59,0.0,1103.716056648227,1083.710435814894,0.0,20.00562083333307,0.0,0.0,0.0,0.0,0.0,78.44543581489404,10800.0,10800.0
2025-02-16,105,0.976,6372.5389,0.0,1158.434230445281,1144.231293464245,0.0,14.202936981035919,0.0,0.0,0.0,0.0,0.0,82.14147679757843,10800.0,10800.0
2025-02-16,106,1.0742,5651.9178,5.119,1022.9096066923025,1014.3357691923025,0.0,8.573837500000081,0.0,0.0,0.0,0.0,0.0,73.20263585896907,10800.0,10800.0
2025-02-16,107,1.2313,4258.65,0.0,776.4694856459461,773.4120717570573,0.0,3.057413888888732,0.0,0.0,0.0,0.0,0.0,63.637071757057356,10800.0,10800.0
2025-02-16,108,1.2561,4030.5357,0.0,771.222046297421,771.222046297421,0.0,0.0,0.0,0.0,0.0,0.0,0.0,99.46609629742102,10800.0,10800.0
2025-02-16,109,1.2447,4305.204,0.3675,782.8273632692659,782.8273632692659,0.0,0.0,0.0,0.0,0.0,0.0,0.0,65.35461326926588,10800.0,10800.0
2025-02-16,110,1.2545,4391.9,0.0,763.4987661184164,763.4987661184164,0.0,0.0,0.0,0.0,0.0,0.0,0.0,31.515432785083135,10800.0,10800.0
2025-02-16,111,1.2522,4297.1692,0.0,764.7257202920941,764.7257202920941,0.0,0.0,0.0,0.0,0.0,0.0,0.0,48.530853625427426,10800.0,10800.0
2025-02-16,112,1.2881,4323.0664,0.0264,590.5601196582909,590.5601196582909,0.0,0.0,0.0,172.8014505848398,0.0,129.9465470083757,0.0,0.0,10800.0,10655.614947768472
2025-02-16,113,1.3466,4483.84,0.0,0.0,0.0,0.0,0.0,0.0,804.625506770647,0.0,747.3066666666667,0.0,0.0,10655.614947768472,9825.27420702773
2025-02-16,114,1.3523,4510.4814,0.0,0.0,0.0,0.0,0.0,0.0,795.1798682665408,0.0,751.7469,0.0,0.0,9825.27420702773,8989.999873694398
2025-02-16,115,1.3445,4420.1037,0.0019,0.0,0.0,0.0,0.0,0.0,763.5167979751724,0.0,736.6836333333333,0.0,0.0,8989.999873694398,8171.462503324028
2025-02-16,116,1.3483,4297.28,0.0,0.0,0.0,0.0,0.0,0.0,774.1888226340305,0.0,716.2133333333333,0.0,0.0,8171.462503324028,7375.669910731436
2025-02-16,117,1.349,4225.3091,0.0,0.0,0.0,0.0,0.0,0.0,762.2953677101433,0.0,704.2181833333334,0.0,0.0,7375.669910731436,6593.205262583288
2025-02-16,118,1.3473,4304.7427,0.0,0.0,0.0,0.0,0.0,0.0,753.8474350627465,0.0,717.4571166666666,0.0,0.0,6593.205262583288,5796.030688509214
2025-02-16,119,1.3482,4423.73,0.0,0.0,0.0,0.0,0.0,0.0,761.1380451660717,0.0,737.2883333333333,0.0,0.0,5796.030688509214,4976.821429249955
2025-02-16,120,1.3513,4350.5904,0.0,0.0,0.0,0.0,0.0,0.0,734.3248528240498,0.0,725.0984,0.0,0.0,4976.821429249955,4171.156540361067
2025-02-16,121,1.34,4237.037,0.0,0.0,0.0,0.0,0.0,0.0,772.8118229278243,0.0,706.1728333333334,0.0,0.0,4171.156540361067,3386.520058879585
2025-02-16,122,1.3489,4230.63,0.0,0.0,0.0,0.0,0.0,0.0,762.7522207222734,0.0,705.105,0.0,0.0,3386.520058879585,2603.0700588795853
2025-02-16,123,1.3952,4312.0562,0.0,0.0,0.0,0.0,0.0,0.0,782.51780935566,0.0,718.6760333333333,0.0,0.0,2603.0700588795853,1804.5411329536596
2025-02-16,124,1.2226,4223.6602,0.0,748.3380024238571,748.3380024238571,0.0,0.0,0.0,0.0,0.0,0.0,0.0,44.39463575719037,1804.5411329536596,1804.5411329536596
2025-02-16,125,0.9332,4095.57,0.0,756.7017557003801,756.7017557003801,0.0,0.0,0.0,0.0,0.0,0.0,0.0,74.10675570038006,1804.5411329536596,1804.5411329536596
2025-02-16,126,0.9068,4288.8453,0.0,775.0108086500048,775.0108086500048,0.0,0.0,0.0,0.0,0.0,0.0,0.0,60.20325865000484,1804.5411329536596,1804.5411329536596
2025-02-16,127,0.9371,4334.7216,0.0,773.3884265780652,773.3884265780652,0.0,0.0,0.0,0.0,0.0,0.0,0.0,50.93482657806521,1804.5411329536596,1804.5411329536596
2025-02-16,128,0.9371,4266.94,0.0,775.9288889926471,775.9288889926471,0.0,0.0,0.0,0.0,0.0,0.0,0.0,64.77222232598047,1804.5411329536596,1804.5411329536596
2025-02-16,129,0.9871,4488.6503,0.0,792.1511607113865,792.1511607113865,0.0,0.0,0.0,0.0,0.0,0.0,0.0,44.04277737805319,1804.5411329536596,1804.5411329536596
2025-02-16,130,0.7764,4084.4293,0.0,707.1877089339391,707.1877089339391,0.0,0.0,0.0,0.0,0.0,0.0,0.0,26.44949226727249,1804.5411329536596,1804.5411329536596
2025-02-16,131,0.4209,3240.41,0.0,591.3839578670311,591.3839578670311,0.0,0.0,0.0,0.0,0.0,0.0,0.0,51.315624533697815,1804.5411329536596,1804.5411329536596
2025-02-16,132,0.3859,3144.2762,0.0,565.125720905616,565.125720905616,0.0,0.0,0.0,0.0,0.0,0.0,0.0,41.07968757228275,1804.5411329536596,1804.5411329536596
2025-02-16,133,0.4368,3261.0615,0.0,594.7976045019958,594.7976045019958,0.0,0.0,0.0,0.0,0.0,0.0,0.0,51.28735450199588,1804.5411329536596,1804.5411329536596
2025-02-16,134,0.4198,3231.89,0.0,582.273184862797,582.273184862797,0.0,0.0,0.0,0.0,0.0,0.0,0.0,43.62485152946374,1804.5411329536596,1804.5411329536596
2025-02-16,135,0.4186,3269.7873,0.0,584.2780522434549,584.2780522434549,0.0,0.0,0.0,0.0,0.0,0.0,0.0,39.31350224345488,1804.5411329536596,1804.5411329536596
2025-02-16,136,0.4241,3380.8962,0.0,588.4111353785538,588.4111353785538,0.0,0.0,0.0,0.0,0.0,0.0,0.0,24.928435378553786,1804.5411329536596,1804.5411329536596
2025-02-16,137,0.4237,3416.74,0.0,606.743817644678,606.743817644678,0.0,0.0,0.0,0.0,0.0,0.0,0.0,37.28715097801137,1804.5411329536596,1804.5411329536596
2025-02-16,138,0.4248,3253.3506,0.0,610.7807223468644,610.7807223468644,0.0,0.0,0.0,0.0,0.0,0.0,0.0,68.55562234686442,1804.5411329536596,1804.5411329536596
2025-02-16,139,0.424,3231.4509,0.0,600.4455227090024,600.4455227090024,0.0,0.0,0.0,0.0,0.0,0.0,0.0,61.87037270900237,1804.5411329536596,1804.5411329536596
2025-02-16,140,0.422,3409.17,0.0,594.8207600509342,594.8207600509342,0.0,0.0,0.0,0.0,0.0,0.0,0.0,26.625760050934105,1804.5411329536596,1804.5411329536596
2025-02-16,141,0.424,3495.3228,0.0,583.2010181095383,583.2010181095383,0.0,0.0,0.0,0.0,0.0,0.0,0.0,0.6472181095382439,1804.5411329536596,1804.5411329536596
2025-02-16,142,0.4271,3409.0306,0.0,587.1954113934246,587.1954113934246,0.0,0.0,0.0,0.0,0.0,0.0,0.0,19.02364472675788,1804.5411329536596,1804.5411329536596
2025-02-16,143,0.4276,3314.64,0.0,592.9021505021459,592.9021505021459,0.0,0.0,0.0,0.0,0.0,0.0,0.0,40.46215050214596,1804.5411329536596,1804.5411329536596
2025-02-17,0,0.4248,3431.708,0.0,1423.2006482291854,1423.2006482291854,0.0,0.0,833.3333333333334,0.0,833.3333333333333,0.0,0.0,17.915981562518823,1804.5411329536596,2554.5411329536596
2025-02-17,1,0.4245,3464.7519,0.0,1441.4507179168702,1441.4507179168702,0.0,0.0,833.3333333333333,0.0,833.3333333333333,0.0,0.0,30.658734583536898,2554.5411329536596,3304.5411329536596
2025-02-17,2,0.4269,3377.32,0.0,1426.2034075356887,1426.2034075356887,0.0,0.0,833.3333333333334,0.0,833.3333333333333,0.0,0.0,29.983407535688798,3304.5411329536596,4054.5411329536596
2025-02-17,3,0.4272,3431.3453,0.0,1436.569264952138,1436.569264952138,0.0,0.0,833.3333333333334,0.0,833.3333333333333,0.0,0.0,31.345048285471307,4054.5411329536596,4804.54113295366
2025-02-17,4,0.4271,3527.468,0.0,575.0945576402393,575.0945576402393,0.0,0.0,0.0,0.0,0.0,0.0,12.816775693094087,0.0,4804.54113295366,4804.54113295366
2025-02-17,5,0.4285,3576.51,0.0,554.7393174791495,554.7393174791495,0.0,0.0,0.0,0.0,0.0,0.0,41.34568252085057,0.0,4804.54113295366,4804.54113295366
2025-02-17,6,0.4311,3575.2625,0.0,1443.7154805821106,1443.7154805821106,0.0,0.0,833.3333333333334,0.0,833.3333333333333,0.0,0.0,14.505063915443998,4804.54113295366,5554.54113295366
2025-02-17,7,0.4302,3456.5529,0.0,1472.809772252699,1472.809772252699,0.0,0.0,833.3333333333334,0.0,833.3333333333333,0.0,0.0,63.38428891936576,5554.54113295366,6304.54113295366
2025-02-17,8,0.4279,3393.56,0.0,1439.1171963380066,1439.1171963380066,0.0,0.0,833.3333333333334,0.0,833.3333333333333,0.0,0.0,40.19052967133996,6304.54113295366,7054.54113295366
2025-02-17,9,0.4312,3632.8254,0.0,1431.8315161960982,1431.8315161960982,0.0,0.0,833.3333333333334,0.0,826.3606161960981,0.0,0.0,0.0,7054.54113295366,7798.265687530148
2025-02-17,10,0.4333,3712.76,0.0,604.7027228987978,604.7027228987978,0.0,0.0,0.0,0.0,0.0,0.0,14.09061043453562,0.0,7798.265687530148,7798.265687530148
2025-02-17,11,0.4311,3637.9,0.0,615.6227342500624,615.6227342500624,0.0,0.0,0.0,0.0,0.0,0.0,0.0,9.306067583395702,7798.265687530148,7798.265687530148
2025-02-17,12,0.4293,3845.8645,0.0,1469.513137915048,1469.513137915048,0.0,0.0,833.3333333333336,0.0,828.5357212483813,0.0,0.0,0.0,7798.265687530148,8543.947836653691
2025-02-17,13,0.4324,3942.9591,0.0,1471.243394412321,1471.243394412321,0.0,0.0,833.3333333333334,0.0,814.0835444123211,0.0,0.0,0.0,8543.947836653691,9276.62302662478
2025-02-17,14,0.4367,3782.6,0.0,643.1315516617406,643.1315516617406,0.0,0.0,0.0,0.0,0.0,0.0,0.0,12.698218328407279,9276.62302662478,9276.62302662478
2025-02-17,15,0.4348,3648.763,0.0,640.621458419046,640.621458419046,0.0,0.0,0.0,0.0,0.0,0.0,0.0,32.494291752379354,9276.62302662478,9276.62302662478
2025-02-17,16,0.4335,3690.8685,0.0,637.1070017792837,637.1070017792837,0.0,0.0,0.0,0.0,0.0,0.0,0.0,21.962251779283633,9276.62302662478,9276.62302662478
2025-02-17,17,0.4357,3822.98,0.0,634.4508855321121,634.4508855321121,0.0,0.0,0.0,0.0,0.0,0.0,2.712447801221174,0.0,9276.62302662478,9276.62302662478
2025-02-17,18,0.4374,3840.7382,0.0,640.5210791105409,640.5210791105409,0.0,0.0,0.0,0.0,0.0,0.0,0.0,0.39804577720758516,9276.62302662478,9276.62302662478
2025-02-17,19,0.4371,3845.1775,0.0,646.0206759564867,646.0206759564867,0.0,0.0,0.0,0.0,0.0,0.0,0.0,5.157759289820092,9276.62302662478,9276.62302662478
2025-02-17,20,0.4356,3845.81,0.0,640.3150001024919,640.3150001024919,0.0,0.0,0.0,0.0,0.0,0.0,0.6533332308414401,0.0,9276.62302662478,9276.62302662478
2025-02-17,21,0.4353,3760.4248,0.0,647.4303823444744,647.4303823444744,0.0,0.0,0.0,0.0,0.0,0.0,0.0,20.692915677807832,9276.62302662478,9276.62302662478
2025-02-17,22,0.436,3805.4805,0.0,669.7266303958785,669.7266303958785,0.0,0.0,0.0,0.0,0.0,0.0,0.0,35.47988039587847,9276.62302662478,9276.62302662478
2025-02-17,23,0.4378,3942.57,0.0,659.5308974352139,659.5308974352139,0.0,0.0,0.0,0.0,0.0,0.0,0.0,2.4358974352138603,9276.62302662478,9276.62302662478
2025-02-17,24,0.4401,3933.4157,0.0,673.4799485891335,673.4799485891335,0.0,0.0,0.0,0.0,0.0,0.0,0.0,17.910665255800154,9276.62302662478,9276.62302662478
2025-02-17,25,0.4389,4044.5704,0.0,684.0619844317557,684.0619844317557,0.0,0.0,0.0,0.0,0.0,0.0,0.0,9.966917765089079,9276.62302662478,9276.62302662478
2025-02-17,26,0.4364,4188.07,0.0,703.976888604279,703.976888604279,0.0,0.0,0.0,0.0,0.0,0.0,0.0,5.965221937612341,9276.62302662478,9276.62302662478
2025-02-17,27,0.4393,3976.5794,0.0022,721.8780945642762,721.8780945642762,0.0,0.0,0.0,0.0,0.0,0.0,0.0,59.11522789760954,9276.62302662478,9276.62302662478
2025-02-17,28,0.4422,3749.2786,0.0,706.1508042426314,706.1508042426314,0.0,0.0,0.0,0.0,0.0,0.0,0.0,81.27103757596467,9276.62302662478,9276.62302662478
2025-02-17,29,0.4395,3725.93,0.0,692.3282295294408,692.3282295294408,0.0,0.0,0.0,0.0,0.0,0.0,0.0,71.33989619610747,9276.62302662478,9276.62302662478
2025-02-17,30,0.4333,3819.8482,0.0306,1523.7001472680536,1523.7001472680536,0.0,0.0,828.2876300514888,0.0,828.2876300514888,0.0,0.0,58.776250549898236,9276.62302662478,10022.08189367112
2025-02-17,31,0.4439,3941.5587,0.0,669.1074924862787,669.1074924862787,0.0,0.0,0.0,0.0,0.0,0.0,0.0,12.18104248627867,10022.08189367112,10022.08189367112
2025-02-17,32,0.4301,3947.91,0.0,652.7341309618453,652.7341309618453,0.0,0.0,0.0,0.0,0.0,0.0,5.250869038154747,0.0,10022.08189367112,10022.08189367112
2025-02-17,33,0.3713,3847.4726,0.4258,1518.0723045121113,1518.0723045121113,0.0,0.0,833.3333333333334,0.0,833.3333333333333,0.0,0.0,43.564504512111284,10022.08189367112,10772.08189367112
2025-02-17,34,0.5708,4420.6849,0.0,766.3629834727908,766.3629834727908,0.0,0.0,0.0,0.0,0.0,0.0,0.0,29.582166806124064,10772.08189367112,10772.08189367112
2025-02-17,35,0.9099,5267.26,0.0,25.860900167365116,25.860900167365116,0.0,0.0,0.0,833.3333333333334,0.0,833.3333333333333,18.68243316596829,0.0,10772.08189367112,9846.155967745195
2025-02-17,36,0.9368,5148.4723,5.9313,35.176659306677834,35.176659306677834,0.0,0.0,0.0,833.3333333333334,0.0,821.9135073599889,0.0,0.0,9846.155967745195,8932.918737345208
2025-02-17,37,0.8758,4927.7716,0.0,854.5063350789856,614.791066299682,0.0,239.71526877930353,0.0,237.57301228101167,0.0,206.5042003669846,0.0,0.0,8932.918737345208,8703.469625826336
2025-02-17,38,0.8759,5069.37,0.0,801.8985749259914,38.148960863016896,0.0,763.7496140629745,0.0,833.3333333333334,0.0,806.7460391369831,0.0,0.0,8703.469625826336,7807.085137896354
2025-02-17,39,0.8601,5198.3629,172.6121,859.7714242682509,856.6584367682511,0.0,3.1129874999998037,0.0,0.0,0.0,0.0,0.0,19.033303434917798,7807.085137896354,7807.085137896354
2025-02-17,40,0.8442,5334.1552,449.6577,803.01079118412,803.01079118412,0.0,0.0,0.0,0.0,0.0,0.0,11.072125482546767,0.0,7807.085137896354,7807.085137896354
2025-02-17,41,0.8334,5405.79,768.225,737.6596889476605,737.6596889476605,0.0,0.0,0.0,15.7640064702872,0.0,15.7640064702872,19.503804582052368,0.0,7807.085137896354,7789.5695751515905
2025-02-17,42,0.8092,5247.483,1099.035,705.4656553369538,689.5335414480647,0.0,15.932113888889035,0.0,0.0,0.0,0.0,1.8744585519352768,0.0,7789.5695751515905,7789.5695751515905
2025-02-17,43,0.7972,5098.6741,1409.5724,674.7316663469697,664.2545888122395,0.0,10.477077534730256,0.0,0.0,0.0,0.0,0.0,49.40430547890605,7789.5695751515905,7789.5695751515905
2025-02-17,44,0.7644,5017.06,1728.9375,602.2991703913043,602.2991703913043,0.0,0.0,0.0,4.222638888888923,0.0,0.0,0.0,54.27875372463757,7789.5695751515905,7789.5695751515905
2025-02-17,45,0.6899,4982.7563,2114.5342,1395.6714841328562,1395.6714841328562,0.0,0.0,827.0749388888889,0.0,827.0749388888889,0.0,0.0,90.55952857730063,7789.5695751515905,8533.93702015159
2025-02-17,46,0.86,5745.3417,2489.6632,586.1803174426524,575.9862424426525,0.0,10.194074999999884,0.0,0.0,0.0,0.0,0.0,33.37315910931909,8533.93702015159,8533.93702015159
2025-02-17,47,1.1617,6858.3,2832.6375,0.0,0.0,0.0,0.0,0.0,713.0176749335661,0.0,670.9437499999999,0.0,0.0,8533.93702015159,7788.443964596035
2025-02-17,48,1.1683,6988.6956,3193.6675,0.0,0.0,0.0,0.0,0.0,697.3055840367479,0.0,632.5046833333333,0.0,0.0,7788.443964596035,7085.660983114553
2025-02-17,49,1.0956,6794.161,3554.407,0.0,0.0,0.0,0.0,0.0,629.7489999688327,0.0,539.959,0.0,0.0,7085.660983114553,6485.706538670109
2025-02-17,50,1.0849,6759.73,3895.8375,0.0,0.0,0.0,0.0,0.0,561.4166661881723,0.0,477.3154166666667,0.0,0.0,6485.706538670109,5955.3560757071455
2025-02-17,51,1.061,6736.0929,4211.9943,0.0,0.0,0.0,0.0,0.0,505.57994176748065,0.0,420.68309999999985,0.0,0.0,5955.3560757071455,5487.930409040479
2025-02-17,52,1.043,6773.4448,4482.3119,0.0,0.0,0.0,0.0,0.0,441.02266706981806,0.0,381.8554833333335,0.0,0.0,5487.930409040479,5063.646538670109
2025-02-17,53,1.036,6859.84,4750.0875,0.0,0.0,0.0,0.0,0.0,390.67557596441037,0.0,351.62541666666664,0.0,0.0,5063.646538670109,4672.951631262702
2025-02-17,54,1.0147,6876.1621,5065.1643,0.0,0.0,0.0,0.0,0.0,371.60031214529727,0.0,301.8329666666666,0.0,0.0,4672.951631262702,4337.581668299739
2025-02-17,55,0.9922,6759.9085,5247.7949,0.0,0.0,0.0,0.0,0.0,341.861090482321,0.0,252.01893333333328,0.0,0.0,4337.581668299739,4057.5606312627024
2025-02-17,56,0.97,6625.5,5402.325,0.0,0.0,0.0,0.0,0.0,315.0591926359393,0.0,203.86250000000007,0.0,0.0,4057.5606312627024,3831.0467423738132
2025-02-17,57,0.9422,6670.5591,5806.5243,0.0,0.0,0.0,0.0,0.0,225.7756222062917,0.0,144.00580000000014,0.0,0.0,3831.0467423738132,3671.0402979293685
2025-02-17,58,0.9569,6782.9626,6081.2794,0.0,0.0,0.0,0.0,0.0,181.1233865978646,0.0,116.94719999999995,0.0,0.0,3671.0402979293685,3541.0989645960353
2025-02-17,59,0.9977,6845.8,6097.2,0.0,0.0,0.0,0.0,0.0,156.65833298058774,0.0,124.76666666666677,0.0,0.0,3541.0989645960353,3402.4693349664058
2025-02-17,60,0.9919,6823.9207,6126.955,0.0,0.0,0.0,0.0,0.0,129.10934876171692,0.0,116.16094999999984,0.0,0.0,3402.4693349664058,3273.4016127441837
2025-02-17,61,0.9588,6718.0077,6366.8794,0.0,0.0,0.0,0.0,0.0,118.47627874377379,0.0,58.52138333333346,0.0,0.0,3273.4016127441837,3208.3778534849243
2025-02-17,62,0.9549,6684.55,6676.7625,0.0,0.0,0.0,0.0,0.0,112.43428232442618,0.0,1.2979166666666515,0.0,0.0,3208.3778534849243,3206.935723855295
2025-02-17,63,0.9839,6867.6441,6748.6806,0.0,0.0,0.0,0.0,0.0,96.37979035657311,0.0,19.82725000000005,0.0,0.0,3206.935723855295,3184.905446077517
2025-02-17,64,0.799,6801.752,6843.6678,206.45541499932537,51.31583561757543,0.0,155.13957938174994,0.0,0.0,0.0,0.0,0.0,58.30180228424206,3184.905446077517,3184.905446077517
2025-02-17,65,0.5025,6563.46,7102.8,1133.3960871344516,847.793912195911,0.0,285.60217493854054,833.3333333333334,0.0,833.3333333333333,0.0,0.0,104.35057886257755,3184.905446077517,3934.905446077517
2025-02-17,66,0.4662,6697.3076,7388.1766,1142.723684642951,835.7210360366595,0.0,307.0026486062915,833.3333333333334,0.0,833.3333333333333,0.0,0.0,117.5325360366594,3934.905446077517,4684.905446077517
2025-02-17,67,0.5007,6850.6426,7513.7044,1101.0484173844072,788.7155180663871,0.0,312.33289931802017,833.3333333333334,0.0,833.3333333333333,0.0,0.0,65.89248473305383,4684.905446077517,5434.905446077517
2025-02-17,68,0.4827,6794.18,7401.825,1078.558287725852,790.7082226926287,0.0,287.85006503322336,833.3333333333334,0.0,833.3333333333333,0.0,0.0,58.64905602596218,5434.905446077517,6184.905446077517
2025-02-17,69,0.4785,6626.895,7160.5537,1131.4613794592037,779.002267225536,0.0,352.4591122336677,833.3333333333334,0.0,833.3333333333333,0.0,0.0,34.61205055886944,6184.905446077517,6934.905446077517
2025-02-17,70,0.4662,6348.5401,7145.6824,1108.2357014263403,787.6255723442742,0.0,320.610129082066,833.3333333333334,0.0,833.3333333333333,0.0,0.0,87.14928901094072,6934.905446077517,7684.905446077517
2025-02-17,71,0.4432,6134.85,7230.75,1066.9862477183406,809.7103460160707,0.0,257.27590170226983,833.3333333333334,0.0,833.3333333333333,0.0,0.0,159.02701268273734,7684.905446077517,8434.905446077517
2025-02-17,72,0.4411,6221.7316,6954.9536,1044.9761796779285,694.8096390739655,0.0,350.16654060396297,833.3333333333334,0.0,817.0133057406322,0.0,0.0,0.0,8434.905446077517,9170.217421244086
2025-02-17,73,0.4551,6281.2467,6679.2507,1043.0957212576893,0.0,0.0,1043.0957212576893,124.12556371290566,0.0,66.33399999999983,0.0,0.0,0.0,9170.217421244086,9229.918021244086
2025-02-17,74,0.4463,6166.15,6691.9125,1004.6683637886598,409.278532155403,0.0,595.3898316332568,538.8077333856805,0.0,496.90561548873666,0.0,2.2737367544323206e-13,0.0,9229.918021244086,9677.133075183949
2025-02-17,75,0.4113,6041.9441,6928.6371,1023.9167030999919,736.666808106816,0.0,287.2498949931759,833.3333333333334,0.0,833.3333333333333,0.0,0.0,51.11564144014949,9677.133075183949,10427.133075183949
2025-02-17,76,0.5682,6029.4626,7063.0859,1040.181357667972,0.0,0.0,1040.181357667972,60.8811048320282,0.0,60.8811048320282,0.0,0.0,111.38944516797187,10427.133075183949,10481.926069532774
2025-02-17,77,0.8279,6233.75,6976.95,235.83366376445323,0.0,0.0,235.83366376445323,40.42624595776897,0.0,40.42624595776897,0.0,0.0,83.44042070889782,10481.926069532774,10518.309690894766
2025-02-17,78,0.8636,6600.9744,6835.6902,226.82310416503188,0.0,0.0,226.82310416503188,29.999827427284643,0.0,29.999827427284643,0.0,0.0,9.119472572715424,10518.309690894766,10545.309535579323
2025-02-17,79,0.8416,6490.9986,6844.2083,229.89283670377563,0.0,0.0,229.89283670377563,36.638670413918135,0.0,36.638670413918135,0.0,0.0,22.229612919415104,10545.309535579323,10578.28433895185
2025-02-17,80,0.8618,6139.8,6896.475,166.659429485591,0.0,0.0,166.659429485591,44.44056954778156,0.0,44.44056954778156,0.0,0.0,81.6719304522185,10578.28433895185,10618.280851544852
2025-02-17,81,0.8623,6387.4033,6712.0443,154.09939667182903,0.0,0.0,154.09939667182903,30.827283233487677,0.0,30.827283233487677,0.0,0.0,23.279550099845594,10618.280851544852,10646.025406454992
2025-02-17,82,0.9026,6447.2715,6568.0409,0.0,0.0,0.0,0.0,35.886511873533586,0.0,20.128233333333355,0.0,0.0,0.0,10646.025406454992,10664.140816454992
2025-02-17,83,0.9754,6206.24,6519.6,0.0,0.0,0.0,0.0,19.182660640590864,0.0,19.182660640590864,0.0,0.0,33.04400602607605,10664.140816454992,10681.405211031524
2025-02-17,84,1.0002,6339.3585,6299.608,0.0,0.0,0.0,0.0,0.0,29.30062522395201,0.0,6.62508333333335,0.0,0.0,10681.405211031524,10674.04400732782
2025-02-17,85,0.9978,6341.2551,5822.3034,0.0,0.0,0.0,0.0,0.0,94.1229295074063,0.0,86.4919500000002,0.0,0.0,10674.04400732782,10577.941840661153
2025-02-17,86,1.0271,6121.24,5298.075,0.0,0.0,0.0,0.0,0.0,117.19430909885084,0.0,117.19430909885084,19.999857567815823,0.0,10577.941840661153,10447.72594166243
2025-02-17,87,1.0906,6154.6937,5039.4065,0.0,0.0,0.0,0.0,0.0,201.49084484590867,0.0,185.88119999999992,0.0,0.0,10447.72594166243,10241.191274995763
2025-02-17,88,0.9376,6298.2876,4794.9651,0.0,0.0,0.0,0.0,0.0,241.99424780476497,0.0,241.99424780476497,8.559502195234955,0.0,10241.191274995763,9972.308777434913
2025-02-17,89,0.6694,6339.9,4511.325,1148.2320401333432,293.5448843738644,0.0,854.6871557594787,11.238217877633158,0.0,0.0,0.0,11.217615626135512,0.0,9972.308777434913,9972.308777434913
2025-02-17,90,0.66,6220.7502,4363.3967,1213.4861845836167,1182.26454312048,0.0,31.22164146313662,833.3333333333334,0.0,833.3333333333333,0.0,0.0,39.37229312048021,9972.308777434913,10722.308777434913
2025-02-17,91,0.7217,6114.2726,4087.8679,398.69326845272593,395.54804183729544,31.65275910302927,34.797985718459756,0.0,0.0,0.0,0.0,0.0,57.81392517062875,10722.308777434913,10722.308777434913
2025-02-17,92,0.7308,6117.11,3643.0875,427.7646127635541,395.25070128650185,26.193102125726455,58.707013602778716,0.0,0.0,0.0,0.0,17.086382046831545,0.0,10722.308777434913,10722.308777434913
2025-02-17,93,0.7534,6175.004,3265.3342,458.59245695632717,498.73444629335546,47.599202073402466,7.457212736374174,0.0,0.0,0.0,0.0,0.0,13.789479626688717,10722.308777434913,10722.308777434913
2025-02-17,94,0.7823,6170.7143,2962.6679,469.3814137121635,526.7563890079394,81.1705322612446,23.795556965468677,0.0,0.0,0.0,0.0,7.918010992060488,0.0,10722.308777434913,10722.308777434913
2025-02-17,95,0.8055,6094.71,2681.0625,517.514938523619,556.6281552514042,65.38425181844764,26.271035090662394,0.0,0.0,0.0,0.0,12.313094748595745,0.0,10722.308777434913,10722.308777434913
2025-02-17,96,0.8271,6048.916,2372.8469,597.9145674506857,630.8744067608477,55.38966486991103,22.42982555974902,0.0,0.0,0.0,0.0,0.0,18.196223427514383,10722.308777434913,10722.308777434913
2025-02-17,97,0.8519,6088.2711,2022.841,661.4864703053729,693.1212918898858,64.89613825117954,33.26131666666663,0.0,0.0,0.0,0.0,0.0,15.54960855655247,10722.308777434913,10722.308777434913
2025-02-17,98,0.8791,6143.83,1661.9625,733.968180462447,742.7102924055843,20.658863625667095,11.91675168252982,0.0,0.0,0.0,0.0,4.267624261082403,0.0,10722.308777434913,10722.308777434913
2025-02-17,99,0.9024,6100.3069,1336.4135,786.7813257183717,786.7813257183717,0.0,0.0,0.0,2.993953733372109,0.0,2.993953733372109,4.20695388158947,0.0,10722.308777434913,10718.982162175611
2025-02-17,100,0.9163,6092.8792,1004.8479,851.8195836691924,844.2893857756549,0.0,7.530197893537547,2.7466455036299447e-14,0.0,0.0,0.0,3.7158308910118194,0.0,10718.982162175611,10718.982162175611
2025-02-17,101,0.9264,6152.96,675.3375,896.8334538152295,896.8334538152295,0.0,0.0,3.048597874514291,0.0,0.0,0.0,16.10362951810383,0.0,10718.982162175611,10718.982162175611
2025-02-17,102,0.9462,6154.7556,405.3282,955.4893592219556,942.7080138877462,0.0,12.78134533420939,0.0,0.0,0.0,0.0,15.529886112253763,0.0,10718.982162175611,10718.982162175611
2025-02-17,103,0.9742,6026.6843,166.8427,986.9111506224691,986.9111506224691,0.0,0.0,0.0,4.65221616998715,0.0,0.0,0.0,10.270883955802447,10718.982162175611,10718.982162175611
2025-02-17,104,0.9862,6000.31,0.0,1015.0750460152736,1012.9892404597181,0.0,2.0858055555555666,0.0,0.0,0.0,0.0,0.0,12.937573793051342,10718.982162175611,10718.982162175611
2025-02-17,105,0.976,6214.3521,0.0,1043.0023990810485,1043.0023990810485,0.0,0.0,6.391118055555614,0.0,6.391118055555614,0.0,0.0,0.8859310254929031,10718.982162175611,10724.734168425612
2025-02-17,106,1.0742,5380.927,5.9351,902.4485043237829,898.0420106342303,0.0,4.406493689552576,0.0,0.0,0.0,0.0,0.0,2.2100273008970817,10724.734168425612,10724.734168425612
2025-02-17,107,1.2313,4031.28,0.0,727.5382692084777,726.3567122640333,0.0,1.1815569444444236,0.0,0.0,0.0,0.0,0.0,54.47671226403327,10724.734168425612,10724.734168425612
2025-02-17,108,1.2561,4080.0175,0.0,698.2535092105066,698.2535092105066,0.0,0.0,0.0,0.0,0.0,0.0,0.0,18.250592543839957,10724.734168425612,10724.734168425612
2025-02-17,109,1.2447,4323.1557,0.4261,723.916144182765,723.916144182765,0.0,0.0,0.0,0.0,0.0,0.0,0.0,3.461210849431609,10724.734168425612,10724.734168425612
2025-02-17,110,1.2545,4202.99,0.0,724.2242961461194,724.2242961461194,0.0,0.0,0.0,0.0,0.0,0.0,0.0,23.725962812786065,10724.734168425612,10724.734168425612
2025-02-17,111,1.2522,4364.1505,0.0,730.0907504145756,730.0907504145756,0.0,0.0,0.0,0.0,0.0,0.0,0.0,2.732333747909024,10724.734168425612,10724.734168425612
2025-02-17,112,1.2881,4481.6681,0.0306,176.30468130664178,176.30468130664178,0.0,0.0,0.0,556.5205331032846,0.0,556.5205331032846,14.114368923406914,0.0,10724.734168425612,10106.378020533073
2025-02-17,113,1.3466,4439.77,0.0,0.0,0.0,0.0,0.0,0.0,757.2263174206096,0.0,739.9616666666667,0.0,0.0,10106.378020533073,9284.198390903444
2025-02-17,114,1.3523,4493.2595,0.0,0.0,0.0,0.0,0.0,0.0,725.0199065184762,0.0,725.0199065184762,23.85667681485711,0.0,9284.198390903444,8478.620716994026
2025-02-17,115,1.3445,4514.7449,0.0022,0.0,0.0,0.0,0.0,0.0,715.393416739686,0.0,715.393416739686,37.063699926980576,0.0,8478.620716994026,7683.73914283882
2025-02-17,116,1.3483,4403.94,0.0,0.0,0.0,0.0,0.0,0.0,732.6928944525503,0.0,732.6928944525503,1.2971055474496325,0.0,7683.73914283882,6869.635926780431
2025-02-17,117,1.349,4225.8516,0.0,0.0,0.0,0.0,0.0,0.0,730.9609148608969,0.0,704.3086,0.0,0.0,6869.635926780431,6087.07081566932
2025-02-17,118,1.3473,4185.5425,0.0,0.0,0.0,0.0,0.0,0.0,734.1627779906265,0.0,697.5904166666666,0.0,0.0,6087.07081566932,5311.9703527063575
2025-02-17,119,1.3482,4295.44,0.0,0.0,0.0,0.0,0.0,0.0,735.0016238681161,0.0,715.9066666666666,0.0,0.0,5311.9703527063575,4516.518500854506
2025-02-17,120,1.3513,4375.169,0.0,0.0,0.0,0.0,0.0,0.0,720.3598035650424,0.0,720.3598035650424,8.835029768290951,0.0,4516.518500854506,3716.11871911557
2025-02-17,121,1.34,4379.6866,0.0,0.0,0.0,0.0,0.0,0.0,715.4467257756592,0.0,715.4467257756592,14.501040891007506,0.0,3716.11871911557,2921.177912698171
2025-02-17,122,1.3489,4335.86,0.0,0.0,0.0,0.0,0.0,0.0,719.4045445709224,0.0,719.4045445709224,3.238788762410877,0.0,2921.177912698171,2121.839529841591
2025-02-17,123,1.3952,4285.2296,0.0,0.0,0.0,0.0,0.0,0.0,730.071292717179,0.0,714.2049333333333,0.0,0.0,2121.839529841591,1328.278492804554
2025-02-17,124,1.2226,4192.7692,0.0,736.7159587465914,736.7159587465914,0.0,0.0,0.0,0.0,0.0,0.0,0.0,37.92109207992473,1328.278492804554,1328.278492804554
2025-02-17,125,0.9332,4165.47,0.0,736.7869449928636,736.7869449928636,0.0,0.0,0.0,0.0,0.0,0.0,0.0,42.54194499286359,1328.278492804554,1328.278492804554
2025-02-17,126,0.9068,4346.7078,0.0,727.2752164775457,727.2752164775457,0.0,0.0,0.0,0.0,0.0,0.0,0.0,2.8239164775455947,1328.278492804554,1328.278492804554
2025-02-17,127,0.9371,4402.3228,0.0,733.334292783061,733.334292783061,0.0,0.0,0.0,0.0,0.0,0.0,0.38617388360569294,0.0,1328.278492804554,1328.278492804554
2025-02-17,128,0.9371,4403.12,0.0,759.1867544251942,759.1867544251942,0.0,0.0,0.0,0.0,0.0,0.0,0.0,25.333421091860828,1328.278492804554,1328.278492804554
2025-02-17,129,0.9871,4621.1289,0.0,773.6001905814277,773.6001905814277,0.0,0.0,0.0,0.0,0.0,0.0,0.0,3.412040581427732,1328.278492804554,1328.278492804554
2025-02-17,130,0.7764,4098.0991,0.0,710.9419238961844,710.9419238961844,0.0,0.0,0.0,0.0,0.0,0.0,0.0,27.92540722951776,1328.278492804554,1328.278492804554
2025-02-17,131,0.4209,3139.43,0.0,561.896692693279,561.896692693279,0.0,0.0,0.0,0.0,0.0,0.0,0.0,38.65835935994562,1328.278492804554,1328.278492804554
2025-02-17,132,0.3859,3105.689,0.0,550.9068871177071,550.9068871177071,0.0,0.0,0.0,0.0,0.0,0.0,0.0,33.29205378437382,1328.278492804554,1328.278492804554
2025-02-17,133,0.4368,3304.3399,0.0,538.0679036617977,538.0679036617977,0.0,0.0,0.0,0.0,0.0,0.0,12.655413004868933,0.0,1328.278492804554,1328.278492804554
2025-02-17,134,0.4198,3290.96,0.0,552.1194712021627,552.1194712021627,0.0,0.0,0.0,0.0,0.0,0.0,0.0,3.626137868829346,1328.278492804554,1328.278492804554
2025-02-17,135,0.4186,3321.7955,0.0,562.8412471586906,562.8412471586906,0.0,0.0,0.0,0.0,0.0,0.0,0.0,9.208663825357235,1328.278492804554,1328.278492804554
2025-02-17,136,0.4241,3347.1378,0.0,562.6562133942647,562.6562133942647,0.0,0.0,0.0,0.0,0.0,0.0,0.0,4.7999133942646495,1328.278492804554,1328.278492804554
2025-02-17,137,0.4237,3374.42,0.0,564.6677447106903,564.6677447106903,0.0,0.0,0.0,0.0,0.0,0.0,0.0,2.2644113773569643,1328.278492804554,1328.278492804554
2025-02-17,138,0.4248,3492.2515,0.0,562.8739169168127,562.8739169168127,0.0,0.0,0.0,0.0,0.0,0.0,19.167999749853948,0.0,1328.278492804554,1328.278492804554
2025-02-17,139,0.424,3552.3526,0.0,572.1196336815999,572.1196336815999,0.0,0.0,0.0,0.0,0.0,0.0,19.93913298506675,0.0,1328.278492804554,1328.278492804554
2025-02-17,140,0.422,3508.49,0.0,601.1463146297873,601.1463146297873,0.0,0.0,0.0,0.0,0.0,0.0,0.0,16.397981296453963,1328.278492804554,1328.278492804554
2025-02-17,141,0.424,3456.4279,0.0,606.7423961469195,606.7423961469195,0.0,0.0,0.0,0.0,0.0,0.0,0.0,30.671079480252843,1328.278492804554,1328.278492804554
2025-02-17,142,0.4271,3410.2663,0.0,592.4894456005933,592.4894456005933,0.0,0.0,0.0,0.0,0.0,0.0,0.0,24.111728933926656,1328.278492804554,1328.278492804554
2025-02-17,143,0.4276,3399.92,0.0,595.3007703319946,595.3007703319946,0.0,0.0,0.0,0.0,0.0,0.0,0.0,28.647436998661306,1328.278492804554,1328.278492804554
2025-02-18,0,0.4248,3450.3468,0.0,1426.8244046269128,1426.8244046269128,0.0,0.0,833.3333333333334,0.0,833.3333333333333,0.0,0.0,18.43327129357965,1328.278492804554,2078.278492804554
2025-02-18,1,0.4245,3422.9814,0.0,1439.4591837882938,1439.4591837882938,0.0,0.0,833.3333333333334,0.0,833.3333333333333,0.0,0.0,35.628950454960545,2078.278492804554,2828.278492804554
2025-02-18,2,0.4269,3328.74,0.0,1426.6359027419771,1426.6359027419771,0.0,0.0,833.3333333333334,0.0,833.3333333333333,0.0,0.0,38.51256940864391,2828.278492804554,3578.278492804554
2025-02-18,3,0.4272,3337.8974,0.0,1445.2027319155786,1445.2027319155786,0.0,0.0,833.3333333333334,0.0,833.3333333333333,0.0,0.0,55.55316524891202,3578.278492804554,4328.278492804554
2025-02-18,4,0.4271,3487.4247,0.0,1447.2885413287918,1447.2885413287918,0.0,0.0,833.3333333333334,0.0,833.3333333333333,0.0,0.0,32.717757995458555,4328.278492804554,5078.278492804554
2025-02-18,5,0.4285,3605.53,0.0,1427.2090555830678,1427.2090555830678,0.0,0.0,833.3333333333334,0.0,826.287388916401,0.0,0.0,0.0,5078.278492804554,5821.937142829315
2025-02-18,6,0.4311,3494.605,0.0,1422.5543487342222,1422.5543487342222,0.0,0.0,833.3333333333334,0.0,833.3333333333333,0.0,0.0,6.786848734222303,5821.937142829315,6571.937142829315
2025-02-18,7,0.4302,3523.4594,0.0,1442.8521105580803,1442.8521105580803,0.0,0.0,833.3333333333334,0.0,833.3333333333333,0.0,0.0,22.27554389141369,6571.937142829315,7321.937142829315
2025-02-18,8,0.4279,3665.68,0.0,1424.4870815172144,1424.4870815172144,0.0,0.0,833.3333333333334,0.0,813.5404148505478,0.0,0.0,0.0,7321.937142829315,8054.123516194808
2025-02-18,9,0.4312,3553.1238,0.0,1461.998406402678,1461.998406402678,0.0,0.0,833.3333333333467,0.0,833.3333333333333,0.0,0.0,36.477773069344835,8054.123516194808,8804.123516194808
2025-02-18,10,0.4333,3579.3909,0.0,1169.3709015947297,1169.3709015947297,0.0,0.0,524.1350079956993,0.0,524.1350079956993,0.0,0.0,48.6707435990304,8804.123516194808,9275.845023390937
2025-02-18,11,0.4311,3736.88,0.0,612.9517653719294,612.9517653719294,0.0,0.0,0.0,0.0,0.0,0.0,9.861567961404035,0.0,9275.845023390937,9275.845023390937
2025-02-18,12,0.4293,3617.0876,0.0,1484.4069655514413,1484.4069655514413,0.0,0.0,833.3333333333334,0.0,833.3333333333333,0.0,0.0,48.225698884774715,9275.845023390937,10025.845023390937
2025-02-18,13,0.4324,3578.6485,0.0,648.5560527406848,648.5560527406848,0.0,0.0,0.0,0.0,0.0,0.0,0.0,52.11463607401811,10025.845023390937,10025.845023390937
2025-02-18,14,0.4367,3735.41,0.0,642.1475477788877,642.1475477788877,0.0,0.0,0.0,0.0,0.0,0.0,0.0,19.579214445554385,10025.845023390937,10025.845023390937
2025-02-18,15,0.4348,3798.4413,0.0,643.8584445718199,643.8584445718199,0.0,0.0,0.0,0.0,0.0,0.0,0.0,10.784894571819905,10025.845023390937,10025.845023390937
2025-02-18,16,0.4335,3652.2794,0.0,638.8909654148003,638.8909654148003,0.0,0.0,0.0,0.0,0.0,0.0,0.0,30.17773208146707,10025.845023390937,10025.845023390937
2025-02-18,17,0.4357,3503.36,0.0,631.7415373429011,631.7415373429011,0.0,0.0,0.0,0.0,0.0,0.0,0.0,47.84820400956778,10025.845023390937,10025.845023390937
2025-02-18,18,0.4374,3671.4332,0.0,652.058833322209,652.058833322209,0.0,0.0,0.0,0.0,0.0,0.0,0.0,40.15329998887569,10025.845023390937,10025.845023390937
2025-02-18,19,0.4371,3847.5044,0.0,664.5530945966008,664.5530945966008,0.0,0.0,0.0,0.0,0.0,0.0,0.0,23.30236126326747,10025.845023390937,10025.845023390937
2025-02-18,20,0.4356,3850.01,0.0,645.3520290761738,645.3520290761738,0.0,0.0,0.0,0.0,0.0,0.0,0.0,3.6836957428404276,10025.845023390937,10025.845023390937
2025-02-18,21,0.4353,3805.6633,0.0,649.4043090042582,649.4043090042582,0.0,0.0,0.0,0.0,0.0,0.0,0.0,15.12709233759142,10025.845023390937,10025.845023390937
2025-02-18,22,0.436,3909.2533,0.0,660.3902758692099,660.3902758692099,0.0,0.0,0.0,0.0,0.0,0.0,0.0,8.848059202543254,10025.845023390937,10025.845023390937
2025-02-18,23,0.4378,4038.82,0.0,632.3847247908406,632.3847247908406,0.0,0.0,0.0,0.0,0.0,0.0,40.751941875826105,0.0,10025.845023390937,10025.845023390937
2025-02-18,24,0.4401,3909.0472,0.0,632.0341307272006,632.0341307272006,0.0,0.0,0.0,0.0,0.0,0.0,19.47373593946611,0.0,10025.845023390937,10025.845023390937
2025-02-18,25,0.4389,3882.4283,0.0,663.190952417045,663.190952417045,0.0,0.0,0.0,0.0,0.0,0.0,0.0,16.119569083711667,10025.845023390937,10025.845023390937
2025-02-18,26,0.4364,4004.92,0.0,688.6023994795747,688.6023994795747,0.0,0.0,0.0,0.0,0.0,0.0,0.0,21.11573281290805,10025.845023390937,10025.845023390937
2025-02-18,27,0.4393,3974.5829,0.0025,707.9390361966365,707.9390361966365,0.0,0.0,0.0,0.0,0.0,0.0,0.0,45.50896952996982,10025.845023390937,10025.845023390937
2025-02-18,28,0.4422,4009.1854,0.0,684.2108148857305,684.2108148857305,0.0,0.0,0.0,0.0,0.0,0.0,0.0,16.01324821906394,10025.845023390937,10025.845023390937
2025-02-18,29,0.4395,4070.49,0.0,681.2799243193581,681.2799243193581,0.0,0.0,0.0,0.0,0.0,0.0,0.0,2.864924319358124,10025.845023390937,10025.845023390937
2025-02-18,30,0.4333,3905.9491,0.0346,676.4117971410813,676.4117971410813,0.0,0.0,0.0,0.0,0.0,0.0,0.0,25.426047141081312,10025.845023390937,10025.845023390937
2025-02-18,31,0.4439,3939.8387,0.0,649.3658409288215,649.3658409288215,0.0,0.0,0.0,0.0,0.0,0.0,7.273942404511786,0.0,10025.845023390937,10025.845023390937
2025-02-18,32,0.4301,4067.9,0.0,640.3394830612631,640.3394830612631,0.0,0.0,0.0,0.0,0.0,0.0,37.64385027207027,0.0,10025.845023390937,10025.845023390937
2025-02-18,33,0.3713,3857.848,0.4818,1509.7388377045459,1509.7388377045459,0.0,0.0,833.3333333333334,0.0,833.3333333333333,0.0,0.0,33.51113770454606,10025.845023390937,10775.845023390937
2025-02-18,34,0.5708,4304.751,0.0,739.0040273462713,739.0040273462713,0.0,0.0,0.0,0.0,0.0,0.0,0.0,21.54552734627123,10775.845023390937,10775.845023390937
2025-02-18,35,0.9099,5205.24,0.0,0.0,0.0,0.0,0.0,0.0,807.7086481806097,0.0,807.7086481806097,59.831351819390306,0.0,10775.845023390937,9878.390969856926
2025-02-18,36,0.9368,5265.5357,6.7101,50.793876669469,50.793876669469,0.0,0.0,0.0,823.173154582211,0.0,823.173154582211,2.5039020816533366,0.0,9878.390969856926,8963.754131432248
2025-02-18,37,0.8758,5057.1148,0.0,32.136623196708115,428.37351009517585,396.23688689846773,0.0,0.0,438.2643714348656,0.0,414.47895657149087,0.0,0.0,8963.754131432248,8503.221957463924
2025-02-18,38,0.8759,5064.76,0.0,8.641457022618056,8.641457022618056,0.0,0.0,0.0,821.2524843298701,0.0,821.2524843298701,14.232725314178538,0.0,8503.221957463924,7590.719197097402
2025-02-18,39,0.8601,5165.6198,191.237,788.8071889117052,848.6358281637818,59.82863925207653,0.0,0.0,0.0,0.0,0.0,0.0,19.572028163781738,7590.719197097402,7590.719197097402
2025-02-18,40,0.8442,5102.8008,477.3299,826.9584510838586,826.9584510838586,0.0,0.0,0.0,0.0,0.0,0.0,0.0,56.046634417191854,7590.719197097402,7590.719197097402
2025-02-18,41,0.8334,4950.71,785.5875,758.3806044884797,758.3806044884797,0.0,0.0,0.0,0.0,0.0,0.0,0.0,64.1935211551463,7590.719197097402,7590.719197097402
2025-02-18,42,0.8092,5024.7181,1113.8538,702.7762061078171,705.4330838855949,2.6568777777778223,0.0,0.0,0.0,0.0,0.0,0.0,53.62236721892816,7590.719197097402,7590.719197097402
2025-02-18,43,0.7972,5170.7299,1492.6783,684.5453222447612,684.5453222447612,0.0,0.0,0.0,0.0,0.0,0.0,0.0,71.53672224476122,7590.719197097402,7590.719197097402
2025-02-18,44,0.7644,5132.97,1861.875,598.4461136482838,603.7336038603245,5.287490212040666,0.0,0.0,0.0,0.0,0.0,0.0,58.551103860324474,7590.719197097402,7590.719197097402
2025-02-18,45,0.6899,4941.1125,2116.7388,1375.6635661624778,1421.350302273589,45.68673611111126,0.0,833.3333333333334,0.0,833.3333333333333,0.0,0.0,117.28801894025571,7590.719197097402,8340.719197097402
2025-02-18,46,0.86,5614.0172,2363.3753,561.9384423952009,567.6341448370941,5.695702441893218,0.0,0.0,0.0,0.0,0.0,0.0,25.860494837094166,8340.719197097402,8340.719197097402
2025-02-18,47,1.1617,6731.6,2669.1375,0.0,0.0,0.0,0.0,0.0,723.3057475169306,0.0,677.0770833333333,0.0,0.0,8340.719197097402,7588.411326727031
2025-02-18,48,1.1683,6811.1876,3002.8977,0.0,0.0,0.0,0.0,0.0,715.1329227623904,0.0,634.7149833333333,0.0,0.0,7588.411326727031,6883.172456356661
2025-02-18,49,1.0956,6812.2937,3312.6131,0.0,0.0,0.0,0.0,0.0,625.8622509321362,0.0,583.2801000000001,0.0,0.0,6883.172456356661,6235.083456356661
2025-02-18,50,1.0849,7150.59,3607.3125,0.0,0.0,0.0,0.0,0.0,577.7570455122843,0.0,577.7570455122843,12.789204487715779,0.0,6235.083456356661,5593.131183565234
2025-02-18,51,1.061,7206.1836,3937.2167,0.0,0.0,0.0,0.0,0.0,509.8591154288512,0.0,509.8591154288512,34.96870123781554,0.0,5593.131183565234,5026.621055310955
2025-02-18,52,1.043,6922.3072,4260.0158,0.0,0.0,0.0,0.0,0.0,460.95056159821956,0.0,443.71523333333323,0.0,0.0,5026.621055310955,4533.604129385029
2025-02-18,53,1.036,6707.96,4596.8625,0.0,0.0,0.0,0.0,0.0,444.5355006172619,0.0,351.84958333333327,0.0,0.0,4533.604129385029,4142.660147903548
2025-02-18,54,1.0147,7006.8545,5003.0557,0.0,0.0,0.0,0.0,0.0,415.91329976885953,0.0,333.96646666666663,0.0,0.0,4142.660147903548,3771.586296051696
2025-02-18,55,0.9922,7182.2754,5330.8287,0.0,0.0,0.0,0.0,0.0,370.0016867768889,0.0,308.57445000000007,0.0,0.0,3771.586296051696,3428.725796051696
2025-02-18,56,0.97,6986.06,5599.125,0.0,0.0,0.0,0.0,0.0,297.0454291035268,0.0,231.15583333333348,0.0,0.0,3428.725796051696,3171.885981236881
2025-02-18,57,0.9422,6776.4141,5961.3669,0.0,0.0,0.0,0.0,0.0,238.75616565261453,0.0,135.84120000000007,0.0,0.0,3171.885981236881,3020.9513145702144
2025-02-18,58,0.9569,6684.3375,6248.1492,0.0,0.0,0.0,0.0,0.0,173.95450190273127,0.0,72.69804999999997,0.0,0.0,3020.9513145702144,2940.1757034591033
2025-02-18,59,0.9977,6678.43,6502.7625,0.0,0.0,0.0,0.0,0.0,138.73575019377617,0.0,29.27791666666667,0.0,0.0,2940.1757034591033,2907.6446849405847
2025-02-18,60,0.9919,6675.6948,6883.6897,0.0,0.0,0.0,0.0,0.0,114.50754280348838,0.0,0.0,0.0,34.665816666666615,2907.6446849405847,2907.6446849405847
2025-02-18,61,0.9588,6770.154,6860.9274,0.0,0.0,0.0,0.0,0.0,105.38088573743032,0.0,0.0,0.0,15.128899999999703,2907.6446849405847,2907.6446849405847
2025-02-18,62,0.9549,6876.27,6501.6,0.0,0.0,0.0,0.0,0.0,100.45947948883395,0.0,62.444999999999936,0.0,0.0,2907.6446849405847,2838.2613516072515
2025-02-18,63,0.9839,6792.1746,6446.1441,0.0,0.0,0.0,0.0,0.0,100.94323870319234,0.0,57.671749999999975,0.0,0.0,2838.2613516072515,2774.1816293850293
2025-02-18,64,0.799,6738.0382,6548.1888,8.210259685243727,85.18256891959254,76.97230923434881,0.0,0.0,0.0,0.0,0.0,0.0,53.541002252925864,2774.1816293850293,2774.1816293850293
2025-02-18,65,0.5025,6764.0,6682.35,901.8532564625029,945.8420773572957,43.98882089479275,0.0,833.3333333333334,0.0,833.3333333333333,0.0,0.0,98.90041069062909,2774.1816293850293,3524.1816293850293
2025-02-18,66,0.4662,6705.0778,6878.6762,876.1530011651354,927.543123392177,51.390122227041616,0.0,833.3333333333334,0.0,833.3333333333333,0.0,0.0,123.14285672551046,3524.1816293850293,4274.18162938503
2025-02-18,67,0.5007,6646.1414,6903.804,799.5758455919836,853.2765254406302,53.70067984864659,0.0,833.3333333333334,0.0,833.3333333333333,0.0,0.0,62.88695877396344,4274.18162938503,5024.18162938503
2025-02-18,68,0.4827,6698.66,6901.1625,756.7491972952066,822.6182295514044,65.86903225619778,0.0,833.3333333333334,0.0,833.3333333333333,0.0,0.0,23.035312884737777,5024.18162938503,5774.18162938503
2025-02-18,69,0.4785,6834.9757,7238.004,783.1249967634033,811.9810803630688,28.856083599665567,0.0,833.3333333333334,0.0,833.3333333333333,0.0,0.0,45.81913036306878,5774.18162938503,6524.18162938503
2025-02-18,70,0.4662,6654.3917,7419.9499,727.3969587938749,795.7428338784755,68.3458750846006,0.0,833.3333333333334,0.0,833.3333333333333,0.0,0.0,90.00253387847556,6524.18162938503,7274.18162938503
2025-02-18,71,0.4432,6295.72,7269.225,634.42624044632,773.7471512440505,139.32091079773056,0.0,833.3333333333334,0.0,833.3333333333333,0.0,0.0,102.66465124405067,7274.18162938503,8024.18162938503
2025-02-18,72,0.4411,6308.1878,7109.419,590.879499592995,708.0037907483998,158.06810208576383,40.943810930359064,833.3333333333334,0.0,833.3333333333333,0.0,0.0,8.208990748399856,8024.18162938503,8774.18162938503
2025-02-18,73,0.4551,6367.6692,7111.4322,611.6828268567206,510.8902466559906,132.64442294494188,233.43700314567184,559.2488618902928,0.0,559.2488618902928,0.0,0.0,75.60188476569783,8774.18162938503,9277.505605086293
2025-02-18,74,0.4463,6251.21,7162.35,593.3116601034399,767.8578099133342,174.54614980989436,0.0,819.0358427652212,0.0,819.0358427652212,0.0,0.0,100.6786338147798,9277.505605086293,10014.637863574992
2025-02-18,75,0.4113,6125.4396,6999.1501,600.7704172897743,739.0309380337602,210.36211616959497,72.10159542560905,833.3333333333334,0.0,833.3333333333333,0.0,0.0,51.31602136709364,10014.637863574992,10764.637863574992
2025-02-18,76,0.5682,6377.4949,6719.1716,617.1304956388806,0.0,250.99350000000004,868.1239956388806,39.29126269445294,0.0,39.29126269445294,0.0,0.0,17.6548539722138,10764.637863574992,10800.0
2025-02-18,77,0.8279,6718.19,6553.9875,0.0,0.0,0.0,0.0,0.0,0.0,0.0,0.0,27.367083333333312,0.0,10800.0,10800.0
2025-02-18,78,0.8636,6477.1201,6642.2589,0.0,18.444688703193453,18.444688703193453,0.0,0.0,8.570423846788344,0.0,0.0,0.0,45.96782203652674,10800.0,10800.0
2025-02-18,79,0.8416,6334.7357,6605.6572,0.0,0.0,0.0,0.0,0.0,5.413867353398114,0.0,0.0,0.0,45.153583333333245,10800.0,10800.0
2025-02-18,80,0.8618,6504.68,6406.9875,0.0,0.0,0.0,0.0,0.0,0.0,0.0,0.0,16.282083333333503,0.0,10800.0,10800.0
2025-02-18,81,0.8623,6552.5619,6358.6561,0.0,0.0,0.0,0.0,0.0,23.009655327003504,0.0,23.009655327003504,9.30797800632983,0.0,10800.0,10774.433716303329
2025-02-18,82,0.9026,6680.12,6295.5388,0.0,0.0,0.0,0.0,0.0,37.954329268935304,0.0,37.954329268935304,26.142537397731225,0.0,10774.433716303329,10732.262239337844
2025-02-18,83,0.9754,6760.88,6096.6,0.0,0.0,0.0,0.0,0.0,30.89427587823123,0.0,30.89427587823123,79.81905745510203,0.0,10732.262239337844,10697.93526613981
2025-02-18,84,1.0002,6412.5198,5807.3418,0.0,0.0,0.0,0.0,0.0,101.08049718714346,0.0,100.86300000000006,0.0,0.0,10697.93526613981,10585.86526613981
2025-02-18,85,0.9978,6185.1355,5467.2981,0.0,0.0,0.0,0.0,0.0,174.3474426335471,0.0,119.63956666666661,0.0,0.0,10585.86526613981,10452.932414287958
2025-02-18,86,1.0271,6210.25,5168.7,0.0,0.0,0.0,0.0,0.0,185.59366689373687,0.0,173.5916666666668,0.0,0.0,10452.932414287958,10260.052784658328
2025-02-18,87,1.0906,6128.9079,4995.6692,0.0,0.0,0.0,0.0,0.0,223.59134598761406,0.0,188.87311666666665,0.0,0.0,10260.052784658328,10050.19376613981
2025-02-18,88,0.9376,6224.9939,4784.7953,0.0,0.0,0.0,0.0,0.0,263.9935009012188,0.0,240.0331000000001,0.0,0.0,10050.19376613981,9783.490321695364
2025-02-18,89,0.6694,6409.6,4516.65,808.3310175461932,1157.7963143560075,349.4652968098144,0.0,831.4742054111211,0.0,831.4742054111211,0.0,0.0,10.830442278219607,9783.490321695364,10531.817106565373
2025-02-18,90,0.66,6257.4489,4310.699,236.13204455465817,646.3756217194166,410.24357716475845,0.0,284.325624880712,0.0,284.325624880712,0.0,0.0,37.59168017203797,10531.817106565373,10787.710168958014
2025-02-18,91,0.7217,6140.5228,4024.7798,305.04464024684097,332.03839679411493,26.99375654727396,0.0,0.0,0.0,0.0,0.0,20.58543653921845,0.0,10787.710168958014,10787.710168958014
2025-02-18,92,0.7308,6177.44,3647.3625,361.89791409926124,370.49910576592794,8.601191666666693,0.0,0.0,0.0,0.0,0.0,51.18047756740532,0.0,10787.710168958014,10787.710168958014
2025-02-18,93,0.7534,6124.8136,3326.7871,461.13635975142665,461.13635975142665,0.0,0.0,0.0,0.0,0.0,0.0,5.201390248573375,0.0,10787.710168958014,10787.710168958014
2025-02-18,94,0.7823,6117.0376,3058.0224,542.573991993546,535.3513933614107,0.0,7.222598632135259,0.0,0.0,0.0,0.0,0.0,25.515526694744153,10787.710168958014,10787.710168958014
2025-02-18,95,0.8055,6190.42,2804.175,579.8113749434793,579.8113749434794,1.1368683772161603e-13,0.0,37.06150515014822,0.0,13.655367824428847,0.0,0.0,1.7818404523838787,10787.710168958014,10800.0
2025-02-18,96,0.8271,6220.8957,2530.7205,608.8736113669213,608.8736113669213,0.0,0.0,21.888809552657193,0.0,0.0,0.0,6.155588633078651,0.0,10800.0,10800.0
2025-02-18,97,0.8519,6231.2638,2181.7244,662.2709721779908,672.1194175915117,9.848445413521063,1.1368683772161603e-13,16.800979231095702,0.0,0.0,0.0,2.803815741821552,0.0,10800.0,10800.0
2025-02-18,98,0.8791,6239.36,1781.175,761.7714652794608,761.7714652794608,0.0,0.0,37.44860833333337,0.0,0.0,0.0,0.0,18.740631946127678,10800.0,10800.0
2025-02-18,99,0.9024,6229.2444,1417.6292,804.1531129143764,804.1531129143764,0.0,0.0,15.205415277777831,0.0,0.0,0.0,0.0,2.2172462477096815,10800.0,10800.0
2025-02-18,100,0.9163,6222.198,1096.1369,855.6061509906953,855.6061509906858,0.0,9.43600753089413e-12,15.685230015387802,0.0,0.0,0.0,0.0,1.262634324019018,10800.0,10800.0
2025-02-18,101,0.9264,6179.23,793.1625,915.8325229394841,915.8325229394843,2.2737367544323206e-13,0.0,16.32145833333368,0.0,0.0,0.0,0.0,18.154606272817546,10800.0,10800.0
2025-02-18,102,0.9462,6051.3142,487.345,967.0430537273728,967.0430537273728,0.0,0.0,8.985036999733325,0.0,0.0,0.0,0.0,39.71485372737277,10800.0,10800.0
2025-02-18,103,0.9742,6022.8445,195.553,991.6379964059979,991.637996405998,1.1368683772161603e-13,0.0,0.0,0.0,0.0,0.0,0.0,20.422746405998055,10800.0,10800.0
2025-02-18,104,0.9862,6185.51,0.0,1009.4673440169653,1009.4673440169652,0.0,1.1368683772161603e-13,4.343481738329422,0.0,0.0,0.0,21.450989316368123,0.0,10800.0,10800.0
2025-02-18,105,0.976,6302.4577,0.0,1032.851642394405,1032.8516423944056,6.821210263296962e-13,0.0,11.724562500000557,0.0,0.0,0.0,17.557974272260935,0.0,10800.0,10800.0
2025-02-18,106,1.0742,5498.3451,6.8644,893.2116421445871,893.2116421445872,1.1368683772161603e-13,0.0,0.5239779806338011,0.0,0.0,0.0,22.035141188745975,0.0,10800.0,10800.0
2025-02-18,107,1.2313,4295.11,0.0,705.3717047943619,702.5574395998475,0.0,2.8142651945144053,0.0,0.0,0.0,0.0,13.294227066819076,0.0,10800.0,10800.0
2025-02-18,108,1.2561,4175.5436,0.0,694.4819530099749,694.4819530099749,0.0,0.0,0.0,0.0,0.0,0.0,1.4419803233585071,0.0,10800.0,10800.0
2025-02-18,109,1.2447,4290.7817,0.4928,730.9869920660217,730.9869920660217,0.0,0.0,0.0,0.0,0.0,0.0,0.0,15.93884206602172,10800.0,10800.0
2025-02-18,110,1.2545,4235.4,0.0,719.8991480370382,719.8991480370382,0.0,0.0,0.0,0.0,0.0,0.0,0.0,13.999148037038253,10800.0,10800.0
2025-02-18,111,1.2522,4419.9192,0.0,738.5881015773799,738.5881015773799,0.0,0.0,0.0,0.0,0.0,0.0,0.0,1.9349015773798328,10800.0,10800.0
2025-02-18,112,1.2881,4377.9304,0.0354,256.4028252261033,256.4028252261033,0.0,0.0,0.0,486.56972389035724,0.0,473.2463414405634,0.0,0.0,10800.0,10274.170731732707
2025-02-18,113,1.3466,4164.66,0.0,0.0,0.0,0.0,0.0,0.0,743.8903006453999,0.0,694.11,0.0,0.0,10274.170731732707,9502.937398399374
2025-02-18,114,1.3523,4323.2756,0.0,0.0,0.0,0.0,0.0,0.0,732.5265052195568,0.0,720.5459333333333,0.0,0.0,9502.937398399374,8702.330805806781
2025-02-18,115,1.3445,4367.4836,0.0025,0.0,0.0,0.0,0.0,0.0,747.4717836066148,0.0,727.9135166666666,0.0,0.0,8702.330805806781,7893.538009510485
2025-02-18,116,1.3483,4184.92,0.0,0.0,0.0,0.0,0.0,0.0,747.6775248134983,0.0,697.4866666666667,0.0,0.0,7893.538009510485,7118.552824325299
2025-02-18,117,1.349,4189.6386,0.0,0.0,0.0,0.0,0.0,0.0,758.732440917223,0.0,698.2731,0.0,0.0,7118.552824325299,6342.693824325299
2025-02-18,118,1.3473,4341.9424,0.0,0.0,0.0,0.0,0.0,0.0,737.1895214035993,0.0,723.6570666666667,0.0,0.0,6342.693824325299,5538.630416917891
2025-02-18,119,1.3482,4455.04,0.0,0.0,0.0,0.0,0.0,0.0,743.1792837204079,0.0,742.5066666666667,0.0,0.0,5538.630416917891,4713.623009510484
2025-02-18,120,1.3513,4398.2522,0.0,0.0,0.0,0.0,0.0,0.0,729.9151796928187,0.0,729.9151796928187,3.1268536405145824,0.0,4713.623009510484,3902.60614318513
2025-02-18,121,1.34,4362.5691,0.0,0.0,0.0,0.0,0.0,0.0,745.9478248412552,0.0,727.09485,0.0,0.0,3902.60614318513,3094.7229765184634
2025-02-18,122,1.3489,4408.29,0.0,0.0,0.0,0.0,0.0,0.0,737.5087458907373,0.0,734.715,0.0,0.0,3094.7229765184634,2278.3729765184635
2025-02-18,123,1.3952,4401.2157,0.0,0.0,0.0,0.0,0.0,0.0,729.3911653585321,0.0,729.3911653585321,4.144784641467822,0.0,2278.3729765184635,1467.9383483423167
2025-02-18,124,1.2226,4282.8665,0.0,737.0184489198142,737.0184489198142,0.0,0.0,0.0,0.0,0.0,0.0,0.0,23.20736558648082,1467.9383483423167,1467.9383483423167
2025-02-18,125,0.9332,4200.48,0.0,749.010139459689,749.010139459689,0.0,0.0,0.0,0.0,0.0,0.0,0.0,48.93013945968903,1467.9383483423167,1467.9383483423167
2025-02-18,126,0.9068,4341.517,0.0,724.984339056898,724.984339056898,0.0,0.0,0.0,0.0,0.0,0.0,0.0,1.398172390231366,1467.9383483423167,1467.9383483423167
2025-02-18,127,0.9371,4341.3832,0.0,728.7878784554277,728.7878784554277,0.0,0.0,0.0,0.0,0.0,0.0,0.0,5.224011788761004,1467.9383483423167,1467.9383483423167
2025-02-18,128,0.9371,4262.22,0.0,766.4472976500512,766.4472976500512,0.0,0.0,0.0,0.0,0.0,0.0,0.0,56.07729765005115,1467.9383483423167,1467.9383483423167
2025-02-18,129,0.9871,4419.0865,0.0,773.2511506851628,773.2511506851628,0.0,0.0,0.0,0.0,0.0,0.0,0.0,36.73673401849601,1467.9383483423167,1467.9383483423167
2025-02-18,130,0.7764,3937.326,0.0,679.6519846992438,679.6519846992438,0.0,0.0,0.0,0.0,0.0,0.0,0.0,23.430984699243822,1467.9383483423167,1467.9383483423167
2025-02-18,131,0.4209,3133.65,0.0,518.5071815888906,518.5071815888906,0.0,0.0,0.0,0.0,0.0,0.0,3.767818411109374,0.0,1467.9383483423167,1467.9383483423167
2025-02-18,132,0.3859,3254.1403,0.0,533.7712988947816,533.7712988947816,0.0,0.0,0.0,0.0,0.0,0.0,8.58541777188509,0.0,1467.9383483423167,1467.9383483423167
2025-02-18,133,0.4368,3335.4149,0.0,567.654655939997,567.654655939997,0.0,0.0,0.0,0.0,0.0,0.0,0.0,11.752172606663635,1467.9383483423167,1467.9383483423167
2025-02-18,134,0.4198,3054.59,0.0,568.7666000616043,568.7666000616043,0.0,0.0,0.0,0.0,0.0,0.0,0.0,59.668266728270964,1467.9383483423167,1467.9383483423167
2025-02-18,135,0.4186,3088.2449,0.0,550.8319148269621,550.8319148269621,0.0,0.0,3.758567531283083e-14,0.0,3.758567531283083e-14,0.0,0.0,36.12443149362874,1467.9383483423167,1467.9383483423167
2025-02-18,136,0.4241,3279.0448,0.0,551.6346347240798,551.6346347240798,0.0,0.0,0.0,0.0,0.0,0.0,0.0,5.127168057413087,1467.9383483423167,1467.9383483423167
2025-02-18,137,0.4237,3370.93,0.0,575.0413806556875,575.0413806556875,0.0,0.0,0.0,0.0,0.0,0.0,0.0,13.219713989020875,1467.9383483423167,1467.9383483423167
2025-02-18,138,0.4248,3309.7181,0.0,581.316059819226,581.316059819226,0.0,0.0,2.746645503629945e-14,0.0,2.746645503629945e-14,0.0,0.0,29.696376485892614,1467.9383483423167,1467.9383483423167
2025-02-18,139,0.424,3341.3286,0.0,587.310199208958,587.310199208958,0.0,0.0,0.0,0.0,0.0,0.0,0.0,30.422099208958002,1467.9383483423167,1467.9383483423167
2025-02-18,140,0.422,3438.67,0.0,595.0980570601671,595.0980570601671,0.0,0.0,0.0,0.0,0.0,0.0,0.0,21.986390393500415,1467.9383483423167,1467.9383483423167
2025-02-18,141,0.424,3343.488,0.0,601.8791114478068,601.8791114478068,0.0,0.0,0.0,0.0,0.0,0.0,0.0,44.631111447806916,1467.9383483423167,1467.9383483423167
2025-02-18,142,0.4271,3250.6023,0.0,574.5618250464406,574.5618250464406,0.0,0.0,0.0,0.0,0.0,0.0,0.0,32.79477504644058,1467.9383483423167,1467.9383483423167
2025-02-18,143,0.4276,3266.88,0.0,543.1781393531165,543.1781393531165,0.0,0.0,3.7585675312830816e-14,0.0,0.0,0.0,1.3018606468834832,0.0,1467.9383483423167,1467.9383483423167
2025-02-19,0,0.4248,3303.9013,0.0,1415.2869103876653,1415.2869103876653,0.0,0.0,833.3333333333334,0.0,833.3333333333333,0.0,0.0,31.303360387665407,1467.9383483423167,2217.9383483423167
2025-02-19,1,0.4245,3313.3661,0.0,1438.8158891792898,1438.8158891792898,0.0,0.0,833.3333333333334,0.0,833.3333333333333,0.0,0.0,53.25487251262314,2217.9383483423167,2967.9383483423167
2025-02-19,2,0.4269,3285.26,0.0,1406.7613071469546,1406.7613071469546,0.0,0.0,833.3333333333334,0.0,833.3333333333333,0.0,0.0,25.884640480287885,2967.9383483423167,3717.9383483423167
2025-02-19,3,0.4272,3271.8472,0.0,1437.5272437822239,1437.5272437822239,0.0,0.0,833.3333333333334,0.0,833.3333333333333,0.0,0.0,58.886043782223965,3717.9383483423167,4467.938348342317
2025-02-19,4,0.4271,3454.8323,0.0,1448.997076789101,1448.997076789101,0.0,0.0,833.3333333333334,0.0,833.3333333333333,0.0,0.0,39.858360122434306,4467.938348342317,5217.938348342317
2025-02-19,5,0.4285,3691.57,0.0,1446.7177847505245,1446.7177847505245,0.0,0.0,833.3333333333334,0.0,831.4561180838579,0.0,0.0,0.0,5217.938348342317,5966.248854617789
2025-02-19,6,0.4311,3651.5768,0.0,1447.3098393765813,1447.3098393765813,0.0,0.0,833.3333333333334,0.0,833.3333333333333,0.0,0.0,5.380372709914695,5966.248854617789,6716.248854617789
2025-02-19,7,0.4302,3657.5614,0.0,1461.3362866707212,1461.3362866707212,0.0,0.0,833.3333333333334,0.0,833.3333333333333,0.0,0.0,18.409386670721233,6716.248854617789,7466.248854617789
2025-02-19,8,0.4279,3718.33,0.0,1442.9104981442933,1442.9104981442933,0.0,0.0,833.3333333333334,0.0,823.1888314776266,0.0,0.0,0.0,7466.248854617789,8207.118802947653
2025-02-19,9,0.4312,3555.1354,0.0,1444.6121694351266,1444.6121694351266,0.0,0.0,833.3333333333334,0.0,833.3333333333333,0.0,0.0,18.756269435126683,8207.118802947653,8957.118802947653
2025-02-19,10,0.4333,3631.5557,0.0,986.3341907043553,986.3341907043553,0.0,0.0,368.9573907307426,0.0,368.9573907307426,0.0,0.0,12.117516640279348,8957.118802947653,9289.18045460532
2025-02-19,11,0.4311,3875.63,0.0,592.4955131618325,592.4955131618325,0.0,0.0,0.0,0.0,0.0,0.0,53.4428201715009,0.0,9289.18045460532,9289.18045460532
2025-02-19,12,0.4293,3743.5048,0.0,1473.7854798861563,1473.7854798861563,0.0,0.0,833.3333333333334,0.0,833.3333333333333,0.0,0.0,16.53467988615637,9289.18045460532,10039.18045460532
2025-02-19,13,0.4324,3683.3509,0.0,632.2912484802201,632.2912484802201,0.0,0.0,0.0,0.0,0.0,0.0,0.0,18.39943181355352,10039.18045460532,10039.18045460532
2025-02-19,14,0.4367,3807.08,0.0,614.33525662539,614.33525662539,0.0,0.0,0.0,0.0,0.0,0.0,20.17807670794332,0.0,10039.18045460532,10039.18045460532
2025-02-19,15,0.4348,3789.5583,0.0,632.5009374238526,632.5009374238526,0.0,0.0,0.0,0.0,0.0,0.0,0.0,0.9078874238525714,10039.18045460532,10039.18045460532
2025-02-19,16,0.4335,3902.7111,0.0,635.825366722359,635.825366722359,0.0,0.0,0.0,0.0,0.0,0.0,14.626483277641,0.0,10039.18045460532,10039.18045460532
2025-02-19,17,0.4357,4033.93,0.0,614.2678577395121,614.2678577395121,0.0,0.0,0.0,0.0,0.0,0.0,58.05380892715448,0.0,10039.18045460532,10039.18045460532
2025-02-19,18,0.4374,3786.9047,0.0,635.7313701281709,635.7313701281709,0.0,0.0,0.0,0.0,0.0,0.0,0.0,4.5805867948374726,10039.18045460532,10039.18045460532
2025-02-19,19,0.4371,3756.2325,0.0,666.2288121355228,666.2288121355228,0.0,0.0,0.0,0.0,0.0,0.0,0.0,40.190062135522794,10039.18045460532,10039.18045460532
2025-02-19,20,0.4356,3982.33,0.0,653.8178093059496,653.8178093059496,0.0,0.0,0.0,0.0,0.0,0.0,9.903857360717097,0.0,10039.18045460532,10039.18045460532
2025-02-19,21,0.4353,3897.3406,0.0,647.9008101724033,647.9008101724033,0.0,0.0,0.0,0.0,0.0,0.0,1.6559564942633642,0.0,10039.18045460532,10039.18045460532
2025-02-19,22,0.436,3725.0525,0.0,660.9020670181025,660.9020670181025,0.0,0.0,0.0,0.0,0.0,0.0,0.0,40.05998368476912,10039.18045460532,10039.18045460532
2025-02-19,23,0.4378,3744.91,0.0,662.0959381479906,662.0959381479906,0.0,0.0,0.0,0.0,0.0,0.0,0.0,37.944271481323995,10039.18045460532,10039.18045460532
2025-02-19,24,0.4401,3960.6979,0.0,683.3299167860647,683.3299167860647,0.0,0.0,0.0,0.0,0.0,0.0,0.0,23.213600119398052,10039.18045460532,10039.18045460532
2025-02-19,25,0.4389,3909.0814,0.0,686.4650027347216,686.4650027347216,0.0,0.0,0.0,0.0,0.0,0.0,0.0,34.95143606805493,10039.18045460532,10039.18045460532
2025-02-19,26,0.4364,3716.51,0.0,691.3318536996256,691.3318536996256,0.0,0.0,0.0,0.0,0.0,0.0,0.0,71.91352036629223,10039.18045460532,10039.18045460532
2025-02-19,27,0.4393,3959.2283,0.0024,721.8039267588136,721.8039267588136,0.0,0.0,0.0,0.0,0.0,0.0,0.0,61.93294342548029,10039.18045460532,10039.18045460532
2025-02-19,28,0.4422,4210.7575,0.0,714.8510887786724,714.8510887786724,0.0,0.0,0.0,0.0,0.0,0.0,0.0,13.058172112005764,10039.18045460532,10039.18045460532
2025-02-19,29,0.4395,4189.13,0.0,685.7420695474392,685.7420695474392,0.0,0.0,0.0,0.0,0.0,0.0,12.446263785894189,0.0,10039.18045460532,10039.18045460532
2025-02-19,30,0.4333,4045.3873,0.0329,656.1204671148741,656.1204671148741,0.0,0.0,1.611695855368506e-11,0.0,0.0,0.0,18.105266218459203,0.0,10039.18045460532,10039.18045460532
2025-02-19,31,0.4439,4031.2276,0.0,663.5934281260871,663.5934281260871,0.0,0.0,0.0,0.0,0.0,0.0,8.277838540579523,0.0,10039.18045460532,10039.18045460532
2025-02-19,32,0.4301,3972.51,0.0,677.1804564377231,677.1804564377231,0.0,0.0,0.0,0.0,0.0,0.0,0.0,15.0954564377231,10039.18045460532,10039.18045460532
2025-02-19,33,0.3713,3619.095,0.4582,1518.2363443351346,1518.2363443351346,0.0,0.0,833.3333333333334,0.0,833.3333333333333,0.0,0.0,81.79687766846803,10039.18045460532,10789.18045460532
2025-02-19,34,0.5708,4122.7661,0.0,738.5611662068058,738.5611662068058,0.0,0.0,0.0,0.0,0.0,0.0,0.0,51.433482873472485,10789.18045460532,10789.18045460532
2025-02-19,35,0.9099,5162.0,0.0,25.911616515063315,25.911616515063315,0.0,0.0,0.0,833.3333333333334,0.0,833.3333333333333,1.0883834849367986,0.0,10789.18045460532,9863.254528679396
2025-02-19,36,0.9368,5218.7818,6.3815,52.225235975787314,52.225235975787314,0.0,0.0,0.0,825.1259302749754,0.0,816.508147357546,0.0,0.0,9863.254528679396,8956.023253837679
2025-02-19,37,0.8758,5244.438,0.0,249.79306549545754,304.8223123898407,55.029246894383164,0.0,0.0,570.8547881329954,0.0,569.2506876101593,0.0,0.0,8956.023253837679,8323.522489826391
2025-02-19,38,0.8759,5474.66,6.8625,25.324140533880495,25.324140533880495,0.0,0.0,0.0,830.5777013888891,0.0,830.5777013888891,55.397741410563754,0.0,8323.522489826391,7400.658377172071
2025-02-19,39,0.8601,5172.7585,203.0536,854.2834025845667,854.2834025845667,0.0,0.0,0.0,0.0,0.0,0.0,0.0,25.99925258456676,7400.658377172071,7400.658377172071
2025-02-19,40,0.8442,5080.7037,459.3382,826.6602461459571,826.0730928639528,0.0,0.5871532820043512,0.0,0.0,0.0,0.0,0.0,55.84550953061944,7400.658377172071,7400.658377172071
2025-02-19,41,0.8334,5322.18,725.3625,786.1156306004385,786.1156306004385,0.0,0.0,0.0,0.0,0.0,0.0,0.0,19.97938060043839,7400.658377172071,7400.658377172071
2025-02-19,42,0.8092,5260.0676,1048.9761,698.3727798831959,698.3727798831959,0.0,0.0,0.0,0.0,0.0,0.0,3.4758034501374766,0.0,7400.658377172071,7400.658377172071
2025-02-19,43,0.7972,5201.2262,1374.3702,672.5513736090774,660.0792194424106,0.0,12.472154166666769,0.0,0.0,0.0,0.0,0.0,22.26988610907722,7400.658377172071,7400.658377172071
2025-02-19,44,0.7644,5151.68,1675.4625,603.6752360213324,603.6752360213324,0.0,0.0,0.0,0.0,0.0,0.0,0.0,24.305652687998986,7400.658377172071,7400.658377172071
2025-02-19,45,0.6899,4921.6567,1984.1838,1379.2540544258734,1405.2977558147622,26.04370138888885,0.0,833.3333333333334,0.0,833.3333333333333,0.0,0.0,82.38560581476247,7400.658377172071,8150.658377172071
2025-02-19,46,0.86,5646.7527,2334.3729,561.8202286088937,561.8202286088937,0.0,0.0,0.0,0.0,0.0,0.0,0.0,9.756928608893645,8150.658377172071,8150.658377172071
2025-02-19,47,1.1617,6915.16,2711.9625,0.0,0.0,0.0,0.0,0.0,686.8854243469864,0.0,686.8854243469864,13.647492319680168,0.0,8150.658377172071,7387.452350119864
2025-02-19,48,1.1683,7058.5681,3056.4249,0.0,0.0,0.0,0.0,0.0,665.2414864011548,0.0,665.2414864011548,1.782380265511847,0.0,7387.452350119864,6648.29514300747
2025-02-19,49,1.0956,6883.7625,3316.6852,0.0,0.0,0.0,0.0,0.0,581.8712662251784,0.0,581.8712662251784,12.64161710815506,0.0,6648.29514300747,6001.7715138683825
2025-02-19,50,1.0849,6973.38,3541.65,0.0,0.0,0.0,0.0,0.0,578.4101321627444,0.0,571.955,0.0,0.0,6001.7715138683825,5366.265958312827
2025-02-19,51,1.061,7070.555,3822.3608,0.0,0.0,0.0,0.0,0.0,524.7737239741023,0.0,524.7737239741023,16.591976025897907,0.0,5366.265958312827,4783.184042786047
2025-02-19,52,1.043,7024.0708,4039.9842,0.0,0.0,0.0,0.0,0.0,456.21244848262194,0.0,456.21244848262194,41.13531818404482,0.0,4783.184042786047,4276.281322249801
2025-02-19,53,1.036,6926.09,4248.7125,0.0,0.0,0.0,0.0,0.0,403.6410085012033,0.0,403.6410085012033,42.588574832130064,0.0,4276.281322249801,3827.791312804019
2025-02-19,54,1.0147,6977.5716,4624.0905,0.0,0.0,0.0,0.0,0.0,374.46470239721566,0.0,374.46470239721566,17.78214760278422,0.0,3827.791312804019,3411.7194212515574
2025-02-19,55,0.9922,6993.7677,4933.268,0.0,0.0,0.0,0.0,0.0,358.3467191600095,0.0,343.41661666666676,0.0,0.0,3411.7194212515574,3030.1454027330387
2025-02-19,56,0.97,6896.31,5121.9,0.0,0.0,0.0,0.0,0.0,309.1085163464815,0.0,295.735,0.0,0.0,3030.1454027330387,2701.5509582885943
2025-02-19,57,0.9422,6819.4961,5354.1142,0.0,0.0,0.0,0.0,0.0,234.02498793951008,0.0,234.02498793951008,10.205328727156598,0.0,2701.5509582885943,2441.523193911361
2025-02-19,58,0.9569,6912.8547,5543.3391,0.0,0.0,0.0,0.0,0.0,167.69213184566252,0.0,167.69213184566252,60.560468154337514,0.0,2441.523193911361,2255.198602971736
2025-02-19,59,0.9977,6984.25,5714.25,0.0,0.0,0.0,0.0,0.0,154.5684059744402,0.0,154.5684059744402,57.098260692226546,0.0,2255.198602971736,2083.455929666802
2025-02-19,60,0.9919,6725.6262,6010.8518,0.0,0.0,0.0,0.0,0.0,111.78251683204356,0.0,111.78251683204356,7.346549834622962,0.0,2083.455929666802,1959.2531331867538
2025-02-19,61,0.9588,6703.7161,6347.6532,0.0,0.0,0.0,0.0,0.0,66.16519468616661,0.0,59.343816666666726,0.0,0.0,1959.2531331867538,1893.3155591126797
2025-02-19,62,0.9549,6925.07,6609.7875,0.0,0.0,0.0,0.0,0.0,34.90587137441813,0.0,34.90587137441813,17.641211958915015,0.0,1893.3155591126797,1854.5312575855485
2025-02-19,63,0.9839,6823.936,6747.8572,0.0,0.0,0.0,0.0,0.0,0.5908868726032779,0.0,0.5908868726032779,12.088913127396609,0.0,1854.5312575855485,1853.8747166159892
2025-02-19,64,0.799,6664.8517,6852.7169,0.0,0.0,0.0,0.0,4.092305565367289,0.0,4.092305565367289,0.0,0.0,27.218561101299407,1853.8747166159892,1857.5577916248199
2025-02-19,65,0.5025,6675.89,7007.925,769.8322051048046,775.6407343329308,5.80852922812619,0.0,833.3333333333334,0.0,830.9799009995975,0.0,0.0,0.0,1857.5577916248199,2605.4397025244575
2025-02-19,66,0.4662,6794.353,7245.8159,752.1106673699569,750.3770215414432,0.0,1.7336458285136587,833.3333333333334,0.0,825.6208382081097,0.0,0.0,0.0,2605.4397025244575,3348.4984569117564
2025-02-19,67,0.5007,6814.9721,7556.1431,715.6052409320203,695.0049499473333,0.0,20.60029098468692,833.3333333333334,0.0,818.5334499473331,0.0,0.0,0.0,3348.4984569117564,4085.178561864356
2025-02-19,68,0.4827,6726.17,7786.425,740.9313231485447,668.4884624221713,0.0,72.4428607263734,833.3333333333334,0.0,833.3333333333333,0.0,0.0,11.8642957555046,4085.178561864356,4835.178561864356
2025-02-19,69,0.4785,6667.0876,7765.986,740.8042912698487,653.0049984806255,0.0,87.79929278922316,833.3333333333334,0.0,833.3333333333333,0.0,0.0,2.8213984806254757,4835.178561864356,5585.178561864356
2025-02-19,70,0.4662,6487.8745,7765.004,707.5175511458349,638.030847063769,0.0,69.4867040820659,833.3333333333334,0.0,833.3333333333333,0.0,0.0,17.5524303971024,5585.178561864356,6335.178561864356
2025-02-19,71,0.4432,6290.71,7833.7125,681.2355992839501,624.890468583556,0.0,56.34513070039418,833.3333333333334,0.0,833.3333333333333,0.0,0.0,48.72421858355597,6335.178561864356,7085.178561864356
2025-02-19,72,0.4411,6347.4803,7753.9333,720.3029033920757,619.915152473809,7.153229347419256,107.5409802656859,833.3333333333335,0.0,833.3333333333333,0.0,0.0,20.990652473809178,7085.178561864356,7835.178561864356
2025-02-19,73,0.4551,6318.7947,7560.5147,705.1118827711547,632.5249789486368,23.34325887581963,95.93016269833754,771.6725697451174,0.0,771.6725697451174,0.0,0.0,67.80574253685256,7835.178561864356,8529.683874634962
2025-02-19,74,0.4463,6094.85,7360.5375,656.0984155190422,692.3177410004889,54.913558623667996,18.694233142221265,833.3333333333334,0.0,833.3333333333333,0.0,0.0,69.93232433382241,8529.683874634962,9279.683874634962
2025-02-19,75,0.4113,5958.1898,7235.7535,662.4910266344496,671.4164563348766,44.1514431815915,35.2260134811645,833.3333333333334,0.0,833.3333333333333,0.0,0.0,51.01040633487662,9279.683874634962,10029.683874634962
2025-02-19,76,0.5682,6193.8951,7145.2345,750.7783229663407,748.1113019385547,38.279808138880526,40.94682916666659,833.3333333333334,0.0,833.3333333333333,0.0,0.0,73.33453527188817,10029.683874634962,10779.683874634962
2025-02-19,77,0.8279,6563.47,7016.5125,0.0,0.0,0.0,0.0,17.6133909030212,0.0,17.6133909030212,0.0,0.0,57.893692430312214,10779.683874634962,10795.535926447681
2025-02-19,78,0.8636,6558.023,6825.2712,0.0,0.0,0.0,0.0,4.960081724798783,0.0,4.960081724798783,0.0,0.0,39.58128494186781,10795.535926447681,10800.0
2025-02-19,79,0.8416,6633.5205,6728.8239,0.0,0.0,0.0,0.0,0.0,0.0,0.0,0.0,0.0,15.88390000000004,10800.0,10800.0
2025-02-19,80,0.8618,6732.12,6606.3375,0.0,4.620241207404585,4.620241207404585,0.0,0.0,0.0,0.0,0.0,16.343508792595458,0.0,10800.0,10800.0
2025-02-19,81,0.8623,6333.0761,6194.6208,0.0,75.69374444779002,75.69374444779002,0.0,0.0,0.0,0.0,0.0,0.0,52.61786111445667,10800.0,10800.0
2025-02-19,82,0.9026,6076.2506,5931.8267,0.0,107.45714761793911,107.45714761793911,0.0,0.0,0.0,0.0,0.0,0.0,83.38649761793897,10800.0,10800.0
2025-02-19,83,0.9754,6200.96,5900.925,0.0,0.0,0.0,0.0,0.0,98.39448092488283,0.0,50.00583333333327,0.0,0.0,10800.0,10744.437962962964
2025-02-19,84,1.0002,6320.7886,5735.7185,0.0,0.0,0.0,0.0,0.0,168.90858042107462,0.0,97.5116833333334,0.0,0.0,10744.437962962964,10636.091648148149
2025-02-19,85,0.9978,6343.2525,5412.3077,0.0,0.0,0.0,0.0,0.0,240.27599267213176,0.0,155.15746666666666,0.0,0.0,10636.091648148149,10463.694462962963
2025-02-19,86,1.0271,6271.48,5058.9375,0.0,0.0,0.0,0.0,0.0,261.905437643446,0.0,202.09041666666667,0.0,0.0,10463.694462962963,10239.149555555556
2025-02-19,87,1.0906,6139.1195,4796.6959,0.0,0.0,0.0,0.0,0.0,314.9799024191272,0.0,223.73726666666664,0.0,0.0,10239.149555555556,9990.552592592592
2025-02-19,88,0.9376,6043.5897,4485.4109,0.0,51.078601173574185,51.078601173574185,0.0,0.0,305.4414953314813,0.0,208.6178654930926,0.0,0.0,9990.552592592592,9758.754964266935
2025-02-19,89,0.6694,6086.26,4150.2375,1277.3475999156676,1240.9875533049985,13.49208208887876,49.85212869954785,833.3333333333334,0.0,833.3333333333333,0.0,0.0,84.98380330499879,9758.754964266935,10508.754964266935
2025-02-19,90,0.66,6265.4952,3952.7701,1272.9052171520757,1263.0819528107522,18.66576610401853,28.489030445341996,833.3333333333334,0.0,323.6055952589615,0.0,0.0,554.0221742184574,10508.754964266935,10800.0
2025-02-19,91,0.7217,6237.1406,3688.2432,425.90633356287026,399.5412096246646,8.43824679411506,34.80337073232073,0.0,0.0,0.0,0.0,25.275023708668755,0.0,10800.0,10800.0
2025-02-19,92,0.7308,6075.78,3356.25,410.71324099871225,424.41922710982345,13.705986111111201,0.0,0.0,0.0,0.0,0.0,28.835772890176486,0.0,10800.0,10800.0
2025-02-19,93,0.7534,6164.3768,3170.3226,499.84061658286583,531.7547512479493,31.91413466508351,0.0,0.0,0.0,0.0,0.0,0.0,32.74571791461608,10800.0,10800.0
2025-02-19,94,0.7823,6129.981,3009.8799,548.6310987687376,564.8332567751916,16.747415267698557,0.5452572612446147,0.0,0.0,0.0,0.0,0.0,44.81640677519147,10800.0,10800.0
2025-02-19,95,0.8055,6031.19,2760.6375,543.6803333462373,565.1637612252712,21.48342787903391,0.0,0.0,0.0,0.0,0.0,0.0,20.071677891937952,10800.0,10800.0
2025-02-19,96,0.8271,6282.0829,2431.3096,595.1606693530265,622.6403967646615,27.479727411635054,0.0,0.0,0.0,0.0,0.0,19.15515323533856,0.0,10800.0,10800.0
2025-02-19,97,0.8519,6254.3312,2142.9409,667.5536177625145,702.9029594859745,35.34934172346004,0.0,0.0,0.0,0.0,0.0,0.0,17.671242819307963,10800.0,10800.0
2025-02-19,98,0.8791,5960.65,1878.7875,732.0035407075503,753.6676178353567,21.664077127806422,0.0,0.0,0.0,0.0,0.0,0.0,73.35720116869015,10800.0,10800.0
2025-02-19,99,0.9024,6060.9857,1513.3378,754.1993459364235,786.9997021624962,32.80035622607272,0.0,0.0,0.0,0.0,0.0,0.0,29.058385495829384,10800.0,10800.0
2025-02-19,100,0.9163,6187.4235,1141.421,809.6294350812681,834.8966309146011,25.267195833333062,0.0,0.0,0.0,0.0,0.0,6.10378575206542,0.0,10800.0,10800.0
2025-02-19,101,0.9264,6099.05,824.1375,882.7957966598213,888.5785123227587,5.782715662937335,0.0,0.0,0.0,0.0,0.0,0.0,9.42642898942529,10800.0,10800.0
2025-02-19,102,0.9462,5964.1354,530.8693,927.2767784511308,927.2767784511308,0.0,0.0,0.0,7.840979750099791,0.0,0.0,0.0,21.732428451130772,10800.0,10800.0
2025-02-19,103,0.9742,6000.9056,231.4846,954.7130773758681,954.7130773758681,0.0,0.0,0.0,13.809638135605724,0.0,6.857089290798548,0.0,0.0,10800.0,10792.381011899113
2025-02-19,104,0.9862,6185.99,7.5,988.0211587185504,988.0211587185504,0.0,0.0,0.0,10.478946972649737,0.0,10.478946972649737,31.248227642133088,0.0,10792.381011899113,10780.737737485058
2025-02-19,105,0.976,6164.8189,0.0,1024.5722158711787,1024.5722158711787,0.0,0.0,0.0,0.3818623351987753,0.0,0.3818623351987753,2.5157384602891852,0.0,10780.737737485058,10780.313446001504
2025-02-19,106,1.0742,5313.9388,7.2703,898.2801993362499,898.2801993362499,0.0,0.0,0.0,0.0,0.0,0.0,0.0,13.835449336249894,10780.313446001504,10780.313446001504
2025-02-19,107,1.2313,4239.58,0.0,706.8788031984876,706.8788031984876,0.0,0.0,0.0,0.10608333333334485,0.0,0.0,0.0,0.2821365318209246,10780.313446001504,10780.313446001504
2025-02-19,108,1.2561,4256.7247,0.0,708.3070701843403,708.3070701843403,0.0,0.0,0.0,0.0,0.0,0.0,1.1470464823263455,0.0,10780.313446001504,10780.313446001504
2025-02-19,109,1.2447,4389.5624,0.522,742.7049104066806,742.7049104066806,0.0,0.0,0.0,0.0,0.0,0.0,0.0,11.198177073347324,10780.313446001504,10780.313446001504
2025-02-19,110,1.2545,4231.93,0.0,718.1781258090015,718.1781258090015,0.0,0.0,0.0,0.0,0.0,0.0,0.0,12.856459142334757,10780.313446001504,10780.313446001504
2025-02-19,111,1.2522,4312.5475,0.0,742.8907447456444,742.8907447456444,0.0,0.0,0.0,0.0,0.0,0.0,0.0,24.13282807897781,10780.313446001504,10780.313446001504
2025-02-19,112,1.2881,4297.3611,0.0375,208.46980680024797,208.46980680024797,0.0,0.0,0.0,528.2243448931423,0.0,507.750793199752,0.0,0.0,10780.313446001504,10216.14589800178
2025-02-19,113,1.3466,4169.02,0.0,0.0,0.0,0.0,0.0,0.0,722.6260060715732,0.0,694.8366666666667,0.0,0.0,10216.14589800178,9444.10515726104
2025-02-19,114,1.3523,4301.8449,0.0,0.0,0.0,0.0,0.0,0.0,723.4964726895524,0.0,716.97415,0.0,0.0,9444.10515726104,8647.467212816595
2025-02-19,115,1.3445,4463.7413,0.0027,0.0,0.0,0.0,0.0,0.0,750.4465299941977,0.0,743.9564333333333,0.0,0.0,8647.467212816595,7820.848953557335
2025-02-19,116,1.3483,4431.67,0.0,0.0,0.0,0.0,0.0,0.0,748.5386549780991,0.0,738.6116666666667,0.0,0.0,7820.848953557335,7000.169323927706
2025-02-19,117,1.349,4249.5478,0.0,0.0,0.0,0.0,0.0,0.0,742.4455389543751,0.0,708.2579666666667,0.0,0.0,7000.169323927706,6213.21602763141
2025-02-19,118,1.3473,4335.682,0.0,0.0,0.0,0.0,0.0,0.0,729.8183837246511,0.0,722.6136666666666,0.0,0.0,6213.21602763141,5410.311953557336
2025-02-19,119,1.3482,4589.64,0.0,0.0,0.0,0.0,0.0,0.0,755.5283515327801,0.0,755.5283515327801,9.411648467219948,0.0,5410.311953557336,4570.836007409803
2025-02-19,120,1.3513,4499.0642,0.0,0.0,0.0,0.0,0.0,0.0,738.4086633023686,0.0,738.4086633023686,11.435370030964691,0.0,4570.836007409803,3750.3819370738374
2025-02-19,121,1.34,4334.1051,0.0,0.0,0.0,0.0,0.0,0.0,720.7956455776156,0.0,720.7956455776156,1.5552044223843495,0.0,3750.3819370738374,2949.4978864320424
2025-02-19,122,1.3489,4298.44,0.0,0.0,0.0,0.0,0.0,0.0,727.5431557795905,0.0,716.4066666666666,0.0,0.0,2949.4978864320424,2153.490479024635
2025-02-19,123,1.3952,4332.0993,0.0,0.0,0.0,0.0,0.0,0.0,734.4103539034077,0.0,722.0165499999999,0.0,0.0,2153.490479024635,1351.2498679135242
2025-02-19,124,1.2226,4395.011,0.0,738.9815714001453,738.9815714001453,0.0,0.0,0.0,0.0,0.0,0.0,0.0,6.479738066811933,1351.2498679135242,1351.2498679135242
2025-02-19,125,0.9332,4437.99,0.0,743.8528849665408,743.8528849665408,0.0,0.0,0.0,0.0,0.0,0.0,0.0,4.187884966540878,1351.2498679135242,1351.2498679135242
2025-02-19,126,0.9068,4426.3736,0.0,724.9586853964497,724.9586853964497,0.0,0.0,0.0,0.0,0.0,0.0,12.770247936883607,0.0,1351.2498679135242,1351.2498679135242
2025-02-19,127,0.9371,4448.2955,0.0,730.6679017696821,730.6679017696821,0.0,0.0,0.0,0.0,0.0,0.0,10.714681563651311,0.0,1351.2498679135242,1351.2498679135242
2025-02-19,128,0.9371,4544.11,0.0,765.5420460659772,765.5420460659772,0.0,0.0,0.0,0.0,0.0,0.0,0.0,8.190379399310586,1351.2498679135242,1351.2498679135242
2025-02-19,129,0.9871,4589.0789,0.0,783.2014935034636,783.2014935034636,0.0,0.0,0.0,0.0,0.0,0.0,0.0,18.355010170130186,1351.2498679135242,1351.2498679135242
2025-02-19,130,0.7764,4144.8396,0.0,696.5006547810995,696.5006547810995,0.0,0.0,0.0,0.0,0.0,0.0,0.0,5.694054781099453,1351.2498679135242,1351.2498679135242
2025-02-19,131,0.4209,3425.35,0.0,535.7890231785467,535.7890231785467,0.0,0.0,0.0,0.0,0.0,0.0,35.10264348811995,0.0,1351.2498679135242,1351.2498679135242
2025-02-19,132,0.3859,3170.8188,0.0,526.0579944493609,526.0579944493609,0.0,0.0,4.336808689942018e-14,0.0,0.0,0.0,2.4118055506390874,0.0,1351.2498679135242,1351.2498679135242
2025-02-19,133,0.4368,3304.7677,0.0,537.6536436553816,537.6536436553816,0.0,0.0,0.0,0.0,0.0,0.0,13.140973011285041,0.0,1351.2498679135242,1351.2498679135242
2025-02-19,134,0.4198,3487.58,0.0,549.114724070611,549.114724070611,0.0,0.0,0.0,0.0,0.0,0.0,32.14860926272229,0.0,1351.2498679135242,1351.2498679135242
2025-02-19,135,0.4186,3451.5445,0.0,561.8528032306762,561.8528032306762,0.0,0.0,0.0,0.0,0.0,0.0,13.404613435990541,0.0,1351.2498679135242,1351.2498679135242
2025-02-19,136,0.4241,3408.4731,0.0,565.9260888052911,565.9260888052911,0.0,0.0,0.0,0.0,0.0,0.0,2.152761194708887,0.0,1351.2498679135242,1351.2498679135242
2025-02-19,137,0.4237,3420.3,0.0,569.5346759262889,569.5346759262889,0.0,0.0,0.0,0.0,0.0,0.0,0.5153240737112128,0.0,1351.2498679135242,1351.2498679135242
2025-02-19,138,0.4248,3333.2903,0.0,585.2633601704982,585.2633601704982,0.0,0.0,0.0,0.0,0.0,0.0,0.0,29.71497683716484,1351.2498679135242,1351.2498679135242
2025-02-19,139,0.424,3216.223,0.0,599.1516809681217,599.1516809681217,0.0,0.0,0.0,0.0,0.0,0.0,0.0,63.114514301455074,1351.2498679135242,1351.2498679135242
2025-02-19,140,0.422,3285.58,0.0,595.0620539454733,595.0620539454733,0.0,0.0,0.0,0.0,0.0,0.0,0.0,47.46538727880659,1351.2498679135242,1351.2498679135242
2025-02-19,141,0.424,3654.8641,0.0,591.0256847664771,591.0256847664771,0.0,0.0,0.0,0.0,0.0,0.0,18.11833190018956,0.0,1351.2498679135242,1351.2498679135242
2025-02-19,142,0.4271,3704.5067,0.0,562.5012588801719,562.5012588801719,0.0,0.0,0.0,0.0,0.0,0.0,54.9165244531614,0.0,1351.2498679135242,1351.2498679135242
2025-02-19,143,0.4276,3432.95,0.0,546.7540185193733,546.7540185193733,0.0,0.0,0.0,0.0,0.0,0.0,25.404314813960013,0.0,1351.2498679135242,1351.2498679135242
2025-02-20,0,0.4248,3438.0854,0.0,1434.0951630077768,1434.0951630077768,0.0,0.0,833.3333333333334,0.0,833.3333333333333,0.0,0.0,27.74759634111024,1351.2498679135242,2101.249867913524
2025-02-20,1,0.4245,3517.8944,0.0,1454.2106385051159,1454.2106385051159,0.0,0.0,833.3333333333334,0.0,833.3333333333333,0.0,0.0,34.561571838449254,2101.249867913524,2851.249867913524
2025-02-20,2,0.4269,3519.16,0.0,1404.144148507447,1404.144148507447,0.0,0.0,833.3333333333334,0.0,817.6174818407803,0.0,0.0,0.0,2851.249867913524,3587.1056015702266
2025-02-20,3,0.4272,3539.0179,0.0,1453.7420381678628,1453.7420381678628,0.0,0.0,833.3333333333334,0.0,833.3333333333333,0.0,0.0,30.57238816786287,3587.1056015702266,4337.105601570227
2025-02-20,4,0.4271,3640.5283,0.0,1479.0942149161606,1479.0942149161606,0.0,0.0,833.3333333333334,0.0,833.3333333333333,0.0,0.0,39.00616491616063,4337.105601570227,5087.105601570227
2025-02-20,5,0.4285,3759.28,0.0,1465.796898790331,1465.796898790331,0.0,0.0,833.3333333333334,0.0,833.3333333333333,0.0,0.0,5.916898790330947,5087.105601570227,5837.105601570227
2025-02-20,6,0.4311,3748.198,0.0,1456.7588833775033,1456.7588833775033,0.0,0.0,833.3333333333334,0.0,832.0592167108366,0.0,0.0,0.0,5837.105601570227,6585.95889660998
2025-02-20,7,0.4302,3599.825,0.0,1471.4747996425676,1471.4747996425676,0.0,0.0,833.3333333333334,0.0,833.3333333333333,0.0,0.0,38.17063297590107,6585.95889660998,7335.95889660998
2025-02-20,8,0.4279,3474.51,0.0,1468.318347110236,1468.318347110236,0.0,0.0,833.3333333333334,0.0,833.3333333333333,0.0,0.0,55.9000137769026,7335.95889660998,8085.95889660998
2025-02-20,9,0.4312,3547.5503,0.0,1470.1230434243118,1470.1230434243118,0.0,0.0,833.3333333333334,0.0,833.3333333333333,0.0,0.0,45.531326757645274,8085.95889660998,8835.95889660998
2025-02-20,10,0.4333,3543.3658,0.0,1151.6579090808625,1151.6579090808625,0.0,0.0,498.611257873862,0.0,498.611257873862,0.0,0.0,62.485684540333864,8835.95889660998,9284.709028696456
2025-02-20,11,0.4311,3432.4,0.0,644.810607867791,644.810607867791,0.0,0.0,0.0,0.0,0.0,0.0,0.0,72.74394120112424,9284.709028696456,9284.709028696456
2025-02-20,12,0.4293,3468.9858,0.0,1481.5657378679562,1481.5657378679562,0.0,0.0,833.3333333333334,0.0,833.3333333333333,0.0,0.0,70.06810453462288,9284.709028696456,10034.709028696456
2025-02-20,13,0.4324,3601.1578,0.0,636.9602418264282,636.9602418264282,0.0,0.0,0.0,0.0,0.0,0.0,0.0,36.76727515976154,10034.709028696456,10034.709028696456
2025-02-20,14,0.4367,3671.49,0.0,631.3686574774699,631.3686574774699,0.0,0.0,0.0,0.0,0.0,0.0,0.0,19.45365747746996,10034.709028696456,10034.709028696456
2025-02-20,15,0.4348,3598.3153,0.0,632.1557620554967,632.1557620554967,0.0,0.0,0.0,0.0,0.0,0.0,0.0,32.43654538882993,10034.709028696456,10034.709028696456
2025-02-20,16,0.4335,3682.0156,0.0,631.4725961283015,631.4725961283015,0.0,0.0,0.0,0.0,0.0,0.0,0.0,17.803329461634803,10034.709028696456,10034.709028696456
2025-02-20,17,0.4357,3847.9,0.0,623.4804179274137,623.4804179274137,0.0,0.0,0.0,0.0,0.0,0.0,17.83624873925305,0.0,10034.709028696456,10034.709028696456
2025-02-20,18,0.4374,3704.4248,0.0,648.6626729064359,648.6626729064359,0.0,0.0,0.0,0.0,0.0,0.0,0.0,31.258539573102553,10034.709028696456,10034.709028696456
2025-02-20,19,0.4371,3473.5153,0.0,677.3008954668306,677.3008954668306,0.0,0.0,0.0,0.0,0.0,0.0,0.0,98.38167880016397,10034.709028696456,10034.709028696456
2025-02-20,20,0.4356,3477.41,0.0,661.5911718411429,661.5911718411429,0.0,0.0,0.0,0.0,0.0,0.0,0.0,82.02283850780964,10034.709028696456,10034.709028696456
2025-02-20,21,0.4353,3827.7004,0.0,666.228502176648,666.228502176648,0.0,0.0,0.0,0.0,0.0,0.0,0.0,28.278435509981364,10034.709028696456,10034.709028696456
2025-02-20,22,0.436,4048.6143,0.0,678.2847680015662,678.2847680015662,0.0,0.0,0.0,0.0,0.0,0.0,0.0,3.515718001566256,10034.709028696456,10034.709028696456
2025-02-20,23,0.4378,4025.69,0.0,657.4871656984695,657.4871656984695,0.0,0.0,0.0,0.0,0.0,0.0,13.461167634863841,0.0,10034.709028696456,10034.709028696456
2025-02-20,24,0.4401,4037.5473,0.0,640.6061710752269,640.6061710752269,0.0,0.0,0.0,0.0,0.0,0.0,32.31837892477313,0.0,10034.709028696456,10034.709028696456
2025-02-20,25,0.4389,3922.4063,0.0,660.9763323970919,660.9763323970919,0.0,0.0,0.0,0.0,0.0,0.0,0.0,7.241949063758625,10034.709028696456,10034.709028696456
2025-02-20,26,0.4364,3796.9,0.0,674.1139528940572,674.1139528940572,0.0,0.0,0.0,0.0,0.0,0.0,0.0,41.29728622739049,10034.709028696456,10034.709028696456
2025-02-20,27,0.4393,3985.6115,0.002,684.3248500269734,684.3248500269734,0.0,0.0,0.0,0.0,0.0,0.0,0.0,20.056600026973342,10034.709028696456,10034.709028696456
2025-02-20,28,0.4422,4088.1201,0.0,682.6237749070498,682.6237749070498,0.0,0.0,0.0,0.0,0.0,0.0,0.0,1.2704249070498008,10034.709028696456,10034.709028696456
2025-02-20,29,0.4395,3963.37,0.0,696.5944192999954,696.5944192999954,0.0,0.0,0.0,0.0,0.0,0.0,0.0,36.032752633328755,10034.709028696456,10034.709028696456
2025-02-20,30,0.4333,3882.1701,0.0275,700.7546758612744,700.7546758612744,0.0,0.0,0.0,0.0,0.0,0.0,0.0,53.730909194607875,10034.709028696456,10034.709028696456
2025-02-20,31,0.4439,3972.5419,0.0,680.3621363580792,680.3621363580792,0.0,0.0,0.0,0.0,0.0,0.0,0.0,18.271819691412475,10034.709028696456,10034.709028696456
2025-02-20,32,0.4301,4083.97,0.0,665.7977451413336,665.7977451413336,0.0,0.0,0.0,0.0,0.0,0.0,14.863921525333012,0.0,10034.709028696456,10034.709028696456
2025-02-20,33,0.3713,4028.024,0.3831,1517.9372751929996,1517.9372751929996,0.0,0.0,833.3333333333334,0.0,833.3333333333333,0.0,0.0,13.330458526333018,10034.709028696456,10784.709028696456
2025-02-20,34,0.5708,4379.6647,0.0,758.3974502528,758.3974502528,0.0,0.0,0.0,0.0,0.0,0.0,0.0,28.45333358613334,10784.709028696456,10784.709028696456
2025-02-20,35,0.9099,5071.23,0.0,32.0528171153876,32.0528171153876,0.0,0.0,0.0,833.3333333333334,0.0,813.1521828846123,0.0,0.0,10784.709028696456,9881.20660326911
2025-02-20,36,0.9368,5360.1711,5.3359,24.022295738229104,23.112559627118117,0.0,0.9097361111109876,0.0,833.3333333333334,0.0,833.3333333333333,36.02664037288184,0.0,9881.20660326911,8955.280677343184
2025-02-20,37,0.8758,5163.6398,0.0,853.1912255661333,792.9181074075077,0.0,60.27311815862561,0.0,60.637403823584094,0.0,60.637403823584094,7.051122102241521,0.0,8955.280677343184,8887.905784205868
2025-02-20,38,0.8759,4912.03,23.7375,149.0900931284765,83.59955928388501,0.0,65.49053384459148,0.0,833.3333333333334,0.0,731.1158573827817,0.0,0.0,8887.905784205868,8075.554831558333
2025-02-20,39,0.8601,5111.6447,247.1705,853.8892794525888,851.2176840065118,0.0,2.6715954460769353,0.0,0.0,0.0,0.0,0.0,40.471984006511775,8075.554831558333,8075.554831558333
2025-02-20,40,0.8442,5244.1495,563.4787,809.1352972754495,809.1352972754495,0.0,0.0,0.0,0.0,0.0,0.0,0.0,29.023497275449472,8075.554831558333,8075.554831558333
2025-02-20,41,0.8334,5173.85,885.825,766.9145135009904,766.9145135009904,0.0,0.0,0.0,3.849022222222061,0.0,0.0,0.0,52.24368016765709,8075.554831558333,8075.554831558333
2025-02-20,42,0.8092,5279.386,1194.3894,711.8516194253285,711.8516194253285,0.0,0.0,0.0,0.0,0.0,0.0,0.0,31.01885275866175,8075.554831558333,8075.554831558333
2025-02-20,43,0.7972,5425.6575,1476.7377,649.0229059615964,649.0229059615964,0.0,0.0,0.0,3.0280749999998307,0.0,3.0280749999998307,6.102319038403806,0.0,8075.554831558333,8072.190303780555
2025-02-20,44,0.7644,5320.0,1739.55,581.2489911982094,581.2489911982094,0.0,0.0,0.0,18.0630166666665,0.0,15.492675468457207,0.0,1.1368683772161603e-13,8072.190303780555,8054.976219926713
2025-02-20,45,0.6899,4991.238,2007.3052,1380.4618721973857,1380.4618721973857,0.0,0.0,809.3779833333336,0.0,809.3779833333336,0.0,0.0,73.76175553071869,8054.976219926713,8783.416404926713
2025-02-20,46,0.86,5747.2128,2302.1821,587.8809730944926,587.8809730944926,0.0,0.0,0.0,0.0,0.0,0.0,0.0,13.70918976115911,8783.416404926713,8783.416404926713
2025-02-20,47,1.1617,7049.65,2610.375,0.0,0.0,0.0,0.0,0.0,734.9008039031097,0.0,734.9008039031097,4.978362763556902,0.0,8783.416404926713,7966.859956145479
2025-02-20,48,1.1683,7003.5173,2909.7162,0.0,0.0,0.0,0.0,0.0,697.9117845481995,0.0,682.3001833333333,0.0,0.0,7966.859956145479,7208.748641330665
2025-02-20,49,1.0956,6881.8762,3277.9639,0.0,0.0,0.0,0.0,0.0,616.0190588792408,0.0,600.65205,0.0,0.0,7208.748641330665,6541.357474663999
2025-02-20,50,1.0849,7196.52,3648.225,0.0,0.0,0.0,0.0,0.0,563.5210866194631,0.0,563.5210866194631,27.861413380536987,0.0,6541.357474663999,5915.222933975707
2025-02-20,51,1.061,7130.334,3884.1635,0.0,0.0,0.0,0.0,0.0,518.8696149783478,0.0,518.8696149783478,22.158801688318704,0.0,5915.222933975707,5338.70113955532
2025-02-20,52,1.043,6853.534,4236.8765,0.0,0.0,0.0,0.0,0.0,459.10924626766126,0.0,436.10958333333326,0.0,0.0,5338.70113955532,4854.134935851616
2025-02-20,53,1.036,6677.28,4717.8,0.0,0.0,0.0,0.0,0.0,416.8811311448724,0.0,326.5799999999998,0.0,0.0,4854.134935851616,4491.2682691849495
2025-02-20,54,1.0147,6737.1697,5074.7478,0.0,0.0,0.0,0.0,0.0,376.0347071047099,0.0,277.0703166666668,0.0,0.0,4491.2682691849495,4183.412361777542
2025-02-20,55,0.9922,6953.7632,5350.9606,0.0,0.0,0.0,0.0,0.0,342.08228820772666,0.0,267.1337666666667,0.0,0.0,4183.412361777542,3886.597065481246
2025-02-20,56,0.97,7066.38,5584.5,0.0,0.0,0.0,0.0,0.0,303.7454512460936,0.0,246.98000000000002,0.0,0.0,3886.597065481246,3612.174843259024
2025-02-20,57,0.9422,6849.6688,5746.9701,0.0,0.0,0.0,0.0,0.0,222.26418294359868,0.0,183.78311666666684,0.0,0.0,3612.174843259024,3407.9713802960605
2025-02-20,58,0.9569,6714.8932,5872.7756,0.0,0.0,0.0,0.0,0.0,218.84960304680726,0.0,140.35293333333334,0.0,0.0,3407.9713802960605,3252.023676592357
2025-02-20,59,0.9977,6777.89,5958.7125,0.0,0.0,0.0,0.0,0.0,201.29194153128932,0.0,136.52958333333333,0.0,0.0,3252.023676592357,3100.32413955532
2025-02-20,60,0.9919,6787.5292,5962.4871,0.0,0.0,0.0,0.0,0.0,117.27148435434128,0.0,117.27148435434128,20.23553231232529,0.0,3100.32413955532,2970.0224902727186
2025-02-20,61,0.9588,6838.7204,5906.7573,0.0,0.0,0.0,0.0,0.0,119.56304625429993,0.0,119.56304625429993,35.76413707903339,0.0,2970.0224902727186,2837.174661101274
2025-02-20,62,0.9549,6888.68,5931.9375,0.0,0.0,0.0,0.0,0.0,151.52859210253868,0.0,151.52859210253868,7.928491230794776,0.0,2837.174661101274,2668.80955876512
2025-02-20,63,0.9839,6767.7308,6182.0363,0.0,0.0,0.0,0.0,0.0,116.59390193075903,0.0,97.61575000000016,0.0,0.0,2668.80955876512,2560.3476143206753
2025-02-20,64,0.799,6702.2679,6421.792,172.1719289934264,85.32340513025368,0.0,86.84852386317273,0.0,0.0,0.0,0.0,0.0,38.57742179692036,2560.3476143206753,2560.3476143206753
2025-02-20,65,0.5025,6719.66,6548.475,1083.7072458859068,907.1522069970179,0.0,176.55503888888893,833.3333333333334,0.0,833.3333333333333,0.0,0.0,45.28804033035135,2560.3476143206753,3310.3476143206753
2025-02-20,66,0.4662,6638.9938,6697.6248,1075.4686322215794,898.9426599993569,0.0,176.52597222222244,833.3333333333334,0.0,833.3333333333333,0.0,0.0,75.3811599993569,3310.3476143206753,4060.3476143206753
2025-02-20,67,0.5007,6638.7162,7031.3147,1006.1610032171646,847.8128532171648,0.0,158.3481499999998,833.3333333333334,0.0,833.3333333333333,0.0,0.0,79.91260321716481,4060.3476143206753,4810.347614320675
2025-02-20,68,0.4827,6768.34,7426.65,1021.4987839179882,808.885595413837,0.0,212.61318850415125,833.3333333333334,0.0,833.3333333333333,0.0,0.0,85.27059541383687,4810.347614320675,5560.347614320675
2025-02-20,69,0.4785,6858.0729,7539.824,989.5960370840469,796.7672855026714,0.0,192.8287515813755,833.3333333333334,0.0,833.3333333333333,0.0,0.0,77.05913550267155,5560.347614320675,6310.347614320675
2025-02-20,70,0.4662,6756.4387,7312.9423,929.8090053794881,775.5698551243268,0.0,154.23915025516135,833.3333333333334,0.0,833.3333333333333,0.0,0.0,34.98712179099334,6310.347614320675,7060.347614320675
2025-02-20,71,0.4432,6483.37,7062.975,908.4878127328818,766.5058209213765,0.0,141.98199181150528,833.3333333333334,0.0,833.3333333333333,0.0,0.0,29.77332092137658,7060.347614320675,7810.347614320675
2025-02-20,72,0.4411,6218.4527,7198.1054,952.8984022747594,743.9593041342704,0.0,208.93909814048902,833.3333333333334,0.0,833.3333333333333,0.0,0.0,73.90142080093733,7810.347614320675,8560.347614320675
2025-02-20,73,0.4551,6112.0372,7309.89,941.9533557061186,689.1175204768728,0.0,252.83583522924584,717.763346671723,0.0,717.763346671723,0.0,0.0,170.9963071384833,8560.347614320675,9206.334626325226
2025-02-20,74,0.4463,6071.25,7222.8375,872.8544021019869,733.7057120153212,0.0,139.14869008666574,802.0933872096655,0.0,802.0933872096655,0.0,0.0,123.54357480565545,9206.334626325226,9928.218674813925
2025-02-20,75,0.4113,5920.4723,7141.1468,860.0849421438146,707.0939412886859,0.0,152.99100085512873,833.3333333333334,0.0,833.3333333333333,0.0,0.0,77.20635795535259,9928.218674813925,10678.218674813925
2025-02-20,76,0.5682,6062.7716,7033.4481,935.840515747843,0.0,0.0,935.840515747843,79.8646302799433,0.0,79.8646302799433,0.0,0.0,81.91478638672334,10678.218674813925,10750.096842065874
2025-02-20,77,0.8279,6439.46,6970.725,108.1406341838677,0.0,0.0,108.1406341838677,31.458826163598133,0.0,31.458826163598133,0.0,0.0,57.085340503068664,10750.096842065874,10778.409785613112
2025-02-20,78,0.8636,6534.765,7044.5809,93.483090918119,0.0,0.0,93.483090918119,20.364363434242932,0.0,20.364363434242932,0.0,0.0,64.60495323242367,10778.409785613112,10796.73771270393
2025-02-20,79,0.8416,6438.9817,6801.1622,89.78704356488788,0.0,0.0,89.78704356488788,3.624763662298541,0.0,3.624763662298541,0.0,0.0,56.73865300436804,10796.73771270393,10800.0
2025-02-20,80,0.8618,6364.43,6476.7,137.469007040729,0.0,0.0,137.469007040729,0.0,15.351696740826506,0.0,0.0,0.0,18.711666666666588,10800.0,10800.0
2025-02-20,81,0.8623,6416.4859,6746.259,69.89301082684703,0.0,0.0,69.89301082684703,0.0,12.969792645930738,0.0,0.0,0.0,54.96218333333354,10800.0,10800.0
2025-02-20,82,0.9026,6425.1601,6773.8168,17.507559767945114,0.0,0.0,17.507559767945114,0.0,16.818165092751922,0.0,0.0,0.0,58.109449999999924,10800.0,10800.0
2025-02-20,83,0.9754,6326.57,6398.325,0.0,0.0,0.0,0.0,0.0,62.217434093298834,0.0,0.0,0.0,11.95916666666676,10800.0,10800.0
2025-02-20,84,1.0002,6211.7777,6277.7501,0.0,0.0,0.0,0.0,0.0,53.56126521242019,0.0,0.0,0.0,10.995400000000018,10800.0,10800.0
2025-02-20,85,0.9978,6098.9379,6118.1362,0.0,0.0,0.0,0.0,0.0,107.53862917129482,0.0,0.0,0.0,3.1997166666666317,10800.0,10800.0
2025-02-20,86,1.0271,6111.59,5817.3375,0.0,0.0,0.0,0.0,0.0,152.85128855451225,0.0,49.04208333333338,0.0,0.0,10800.0,10745.508796296297
2025-02-20,87,1.0906,6348.0356,5611.7099,0.0,0.0,0.0,0.0,0.0,201.96154205221046,0.0,122.72095000000002,0.0,0.0,10745.508796296297,10609.152185185187
2025-02-20,88,0.9376,6333.0961,5334.6187,8.419576507677265,0.0,0.0,8.419576507677265,0.0,214.75444045253803,0.0,166.41290000000004,0.0,0.0,10609.152185185187,10424.248962962964
2025-02-20,89,0.6694,6120.01,4914.9375,188.59792532981086,437.37710782096076,837.2572590564836,588.4780765653337,201.26451113059576,0.0,201.26451113059576,0.0,0.0,35.26718002369822,10424.248962962964,10605.3870229805
2025-02-20,90,0.66,6217.3778,4499.0898,1161.1327326506062,1117.9968696981714,132.72868066576893,175.8645436182037,833.3333333333334,0.0,216.23664113277806,0.0,0.0,615.3788952320601,10605.3870229805,10800.0
2025-02-20,91,0.7217,6280.7408,4285.7646,340.8740052745705,305.21345537558324,112.28789593434612,147.94844583333338,0.0,0.0,0.0,0.0,27.282577957749936,0.0,10800.0,10800.0
2025-02-20,92,0.7308,6158.02,4177.2375,353.1350545600628,353.1309770000864,146.14162572836352,146.14570328833997,0.0,0.0,0.0,0.0,0.0,23.00056033341957,10800.0,10800.0
2025-02-20,93,0.7534,6067.8847,3869.5308,413.7624801133789,442.47145375242434,118.3165890006241,89.60761536157867,0.0,0.0,0.0,0.0,0.0,76.07913708575768,10800.0,10800.0
2025-02-20,94,0.7823,6056.8973,3458.5726,457.98043406192556,516.644724357255,118.51149460207097,59.84720430674156,0.0,0.0,0.0,0.0,0.0,83.5906076905884,10800.0,10800.0
2025-02-20,95,0.8055,6057.4,3049.05,523.4634443687365,539.6942989537147,90.5854888888889,74.35463430391076,0.0,0.0,0.0,0.0,0.0,38.30263228704803,10800.0,10800.0
2025-02-20,96,0.8271,5990.0898,2648.4571,556.4978118907194,622.6046646684971,103.38859166666657,37.28173888888887,0.0,0.0,0.0,0.0,0.0,65.66588133516382,10800.0,10800.0
2025-02-20,97,0.8519,5987.9868,2253.9786,628.5167067051786,663.1381819283978,90.60144071889397,55.97996549567483,0.0,0.0,0.0,0.0,0.0,40.80348192839767,10800.0,10800.0
2025-02-20,98,0.8791,6062.46,1863.225,713.0357957140385,755.3140276567998,52.61880555555558,10.340573612794287,0.0,0.0,0.0,0.0,0.0,55.44152765679985,10800.0,10800.0
2025-02-20,99,0.9024,6086.6729,1476.0336,739.5848383882975,771.1124197174604,57.794174999999996,26.266593670837096,0.0,0.0,0.0,0.0,0.0,2.6725363841270564,10800.0,10800.0
2025-02-20,100,0.9163,6083.6779,1094.4963,795.5401119848057,834.2109310702043,63.53711713792097,24.866298052522325,0.0,0.0,0.0,0.0,0.0,2.680664403537776,10800.0,10800.0
2025-02-20,101,0.9264,6135.32,748.5375,881.9341097007845,917.1663839835225,50.17977222222203,14.947497939484037,0.0,0.0,0.0,0.0,0.0,19.36930065018919,10800.0,10800.0
2025-02-20,102,0.9462,6264.6713,472.6098,923.3703001189319,928.495022841291,5.124722722359024,0.0,0.0,16.0499070277408,0.0,16.0499070277408,20.798653464301495,0.0,10800.0,10782.166769969177
2025-02-20,103,0.9742,6203.5837,215.2257,941.6144857564121,941.6144857564121,0.0,0.0,0.0,26.18611237598543,0.0,26.18611237598543,30.259068534269197,0.0,10782.166769969177,10753.071089551415
2025-02-20,104,0.9862,6098.67,19.35,997.7839891466041,997.7839891466041,0.0,0.0,0.0,4.6058775564135885,0.0,4.6058775564135885,10.830133296982376,0.0,10753.071089551415,10747.953447822067
2025-02-20,105,0.976,6222.6382,0.0,1024.606973280951,1024.606973280951,0.0,0.0,0.0,3.5450115397106856,0.0,3.5450115397106856,8.954381846004935,0.0,10747.953447822067,10744.014546111277
2025-02-20,106,1.0742,5480.5945,4.9818,897.0038058609539,897.0038058609539,0.0,0.0,0.0,0.0,0.0,0.0,15.598310805712766,0.0,10744.014546111277,10744.014546111277
2025-02-20,107,1.2313,4230.65,0.0,700.1082299667556,700.1082299667556,0.0,0.0,0.0,1.31823333333341,0.0,1.31823333333341,3.681870033244195,0.0,10744.014546111277,10742.549842407574
2025-02-20,108,1.2561,4070.8836,0.0,690.0273488727198,690.0273488727198,0.0,0.0,0.0,0.0,0.0,0.0,0.0,11.546748872719832,10742.549842407574,10742.549842407574
2025-02-20,109,1.2447,4382.4779,0.3577,730.2093207411375,730.2093207411375,0.0,0.0,0.0,0.0,0.0,0.0,0.14404592552910264,0.0,10742.549842407574,10742.549842407574
2025-02-20,110,1.2545,4525.29,0.0,710.5518124900123,710.5518124900123,0.0,0.0,0.0,0.0,0.0,0.0,43.66318750998778,0.0,10742.549842407574,10742.549842407574
2025-02-20,111,1.2522,4448.0842,0.0,737.4533488990804,737.4533488990804,0.0,0.0,0.0,0.0,0.0,0.0,3.8940177675863197,0.0,10742.549842407574,10742.549842407574
2025-02-20,112,1.2881,4247.7695,0.0257,256.1246285524333,256.1246285524333,0.0,0.0,0.0,467.55241521502757,0.0,451.8326714475667,0.0,0.0,10742.549842407574,10240.513540799166
2025-02-20,113,1.3466,4126.05,0.0,0.0,0.0,0.0,0.0,0.0,710.8558066382994,0.0,687.6750000000001,0.0,0.0,10240.513540799166,9476.430207465832
2025-02-20,114,1.3523,4239.7053,0.0,0.0,0.0,0.0,0.0,0.0,735.1108420121865,0.0,706.6175499999999,0.0,0.0,9476.430207465832,8691.29959635472
2025-02-20,115,1.3445,4287.0288,0.0018,0.0,0.0,0.0,0.0,0.0,751.025647765342,0.0,714.5045,0.0,0.0,8691.29959635472,7897.405707465831
2025-02-20,116,1.3483,4227.12,0.0,0.0,0.0,0.0,0.0,0.0,750.7321441684553,0.0,704.52,0.0,0.0,7897.405707465831,7114.605707465831
2025-02-20,117,1.349,4281.2262,0.0,0.0,0.0,0.0,0.0,0.0,765.6241874924057,0.0,713.5377,0.0,0.0,7114.605707465831,6321.786040799165
2025-02-20,118,1.3473,4232.6842,0.0,0.0,0.0,0.0,0.0,0.0,735.9576002859603,0.0,705.4473666666667,0.0,0.0,6321.786040799165,5537.955633391757
2025-02-20,119,1.3482,4171.04,0.0,0.0,0.0,0.0,0.0,0.0,742.2863274867321,0.0,695.1733333333333,0.0,0.0,5537.955633391757,4765.540818576943
2025-02-20,120,1.3513,4411.179,0.0,0.0,0.0,0.0,0.0,0.0,733.6031351983671,0.0,733.6031351983671,1.5933648016329016,0.0,4765.540818576943,3950.426223912091
2025-02-20,121,1.34,4512.2923,0.0,0.0,0.0,0.0,0.0,0.0,729.3181025532987,0.0,729.3181025532987,22.730614113368006,0.0,3950.426223912091,3140.0727766306477
2025-02-20,122,1.3489,4345.84,0.0,0.0,0.0,0.0,0.0,0.0,733.9365785430932,0.0,724.3066666666667,0.0,0.0,3140.0727766306477,2335.2875914454626
2025-02-20,123,1.3952,4237.3777,0.0,0.0,0.0,0.0,0.0,0.0,732.2920708076484,0.0,706.2296166666666,0.0,0.0,2335.2875914454626,1550.5880173713886
2025-02-20,124,1.2226,4300.238,0.0,734.6487910597807,734.6487910597807,0.0,0.0,0.0,0.0,0.0,0.0,0.0,17.942457726447287,1550.5880173713886,1550.5880173713886
2025-02-20,125,0.9332,4466.73,0.0,749.5775112409956,749.5775112409956,0.0,0.0,0.0,0.0,0.0,0.0,0.0,5.122511240995664,1550.5880173713886,1550.5880173713886
2025-02-20,126,0.9068,4549.2809,0.0,748.55063653872,748.55063653872,0.0,0.0,0.0,0.0,0.0,0.0,9.662846794613301,0.0,1550.5880173713886,1550.5880173713886
2025-02-20,127,0.9371,4388.5822,0.0,742.5862467348225,742.5862467348225,0.0,0.0,0.0,0.0,0.0,0.0,0.0,11.155880068155852,1550.5880173713886,1550.5880173713886
2025-02-20,128,0.9371,4246.69,0.0,753.7666505130809,753.7666505130809,0.0,0.0,0.0,0.0,0.0,0.0,0.0,45.98498384641425,1550.5880173713886,1550.5880173713886
2025-02-20,129,0.9871,4458.3054,0.0,776.6253073337797,776.6253073337797,0.0,0.0,0.0,0.0,0.0,0.0,0.0,33.57440733377962,1550.5880173713886,1550.5880173713886
2025-02-20,130,0.7764,4061.7401,0.0,703.6335394492515,703.6335394492515,0.0,0.0,0.0,0.0,0.0,0.0,0.0,26.676856115918213,1550.5880173713886,1550.5880173713886
2025-02-20,131,0.4209,3241.87,0.0,559.688586509979,559.688586509979,0.0,0.0,0.0,0.0,0.0,0.0,0.0,19.376919843312407,1550.5880173713886,1550.5880173713886
2025-02-20,132,0.3859,3206.9612,0.0,535.5176213662021,535.5176213662021,0.0,0.0,0.0,0.0,0.0,0.0,0.0,1.0240880328686899,1550.5880173713886,1550.5880173713886
2025-02-20,133,0.4368,3384.5908,0.0,561.2526709008948,561.2526709008948,0.0,0.0,0.0,0.0,0.0,0.0,2.845795765771868,0.0,1550.5880173713886,1550.5880173713886
2025-02-20,134,0.4198,3344.93,0.0,567.0579710448641,567.0579710448641,0.0,0.0,0.0,0.0,0.0,0.0,0.0,9.569637711530731,1550.5880173713886,1550.5880173713886
2025-02-20,135,0.4186,3269.3408,0.0,579.7459056601297,579.7459056601297,0.0,0.0,0.0,0.0,0.0,0.0,0.0,34.85577232679634,1550.5880173713886,1550.5880173713886
2025-02-20,136,0.4241,3355.9122,0.0,576.1992789612699,576.1992789612699,0.0,0.0,0.0,0.0,0.0,0.0,0.0,16.880578961269862,1550.5880173713886,1550.5880173713886
2025-02-20,137,0.4237,3524.35,0.0,566.3542601942423,566.3542601942423,0.0,0.0,0.0,0.0,0.0,0.0,21.037406472424323,0.0,1550.5880173713886,1550.5880173713886
2025-02-20,138,0.4248,3506.7905,0.0,564.465691329318,564.465691329318,0.0,0.0,0.0,0.0,0.0,0.0,19.999392004015363,0.0,1550.5880173713886,1550.5880173713886
2025-02-20,139,0.424,3387.508,0.0,579.6939700125527,579.6939700125527,0.0,0.0,0.0,0.0,0.0,0.0,0.0,15.109303345886019,1550.5880173713886,1550.5880173713886
2025-02-20,140,0.422,3312.4,0.0,597.1320593917543,597.1320593917543,0.0,0.0,0.0,0.0,0.0,0.0,0.0,45.06539272508758,1550.5880173713886,1550.5880173713886
2025-02-20,141,0.424,3296.5461,0.0,621.6624690949436,621.6624690949436,0.0,0.0,0.0,0.0,0.0,0.0,0.0,72.23811909494361,1550.5880173713886,1550.5880173713886
2025-02-20,142,0.4271,2976.1418,0.0,525.7803394505819,525.7803394505819,0.0,0.0,0.0,0.0,0.0,0.0,0.0,29.756706117248598,1550.5880173713886,1550.5880173713886
2025-02-20,143,0.4276,2498.4,0.0,452.1892693870177,452.1892693870177,0.0,0.0,0.0,0.0,0.0,0.0,0.0,35.78926938701767,1550.5880173713886,1550.5880173713886
2025-02-21,0,0.4248,2404.3697,0.0,1301.074259008031,1301.074259008031,0.0,0.0,833.3333333333333,0.0,833.3333333333333,0.0,0.0,67.01264234136443,1550.5880173713886,2300.5880173713886
2025-02-21,1,0.4245,2406.5763,0.0,1291.270646787683,1291.270646787683,0.0,0.0,833.3333333333334,0.0,833.3333333333333,0.0,0.0,56.8412634543497,2300.5880173713886,3050.5880173713886
2025-02-21,2,0.4269,2408.53,0.0,422.45140096531185,422.45140096531185,0.0,0.0,0.0,0.0,0.0,0.0,0.0,21.029734298645167,3050.5880173713886,3050.5880173713886
2025-02-21,3,0.4272,2606.2237,0.0,1310.308679178646,1310.308679178646,0.0,0.0,833.3333333333334,0.0,833.3333333333333,0.0,0.0,42.60472917864604,3050.5880173713886,3800.5880173713886
2025-02-21,4,0.4271,2754.444,0.0,1335.953033346786,1335.953033346786,0.0,0.0,833.3333333333334,0.0,833.3333333333333,0.0,0.0,43.54570001345269,3800.5880173713886,4550.588017371389
2025-02-21,5,0.4285,2673.75,0.0,1336.3879226315976,1336.3879226315976,0.0,0.0,833.3333333333334,0.0,833.3333333333333,0.0,0.0,57.42958929826432,4550.588017371389,5300.588017371389
2025-02-21,6,0.4311,2455.302,0.0,1308.1292076420623,1308.1292076420623,0.0,0.0,833.3333333333334,0.0,833.3333333333333,0.0,0.0,65.57887430872893,5300.588017371389,6050.588017371389
2025-02-21,7,0.4302,2521.5309,0.0,1318.8308791190298,1318.8308791190298,0.0,0.0,833.3333333333334,0.0,833.3333333333333,0.0,0.0,65.24239578569654,6050.588017371389,6800.588017371389
2025-02-21,8,0.4279,2714.97,0.0,1329.3679200970216,1329.3679200970216,0.0,0.0,833.3333333333334,0.0,833.3333333333333,0.0,0.0,43.539586763688476,6800.588017371389,7550.588017371389
2025-02-21,9,0.4312,2517.6478,0.0,1308.9926260894745,1308.9926260894745,0.0,0.0,833.3333333333334,0.0,833.3333333333333,0.0,0.0,56.051326089474514,7550.588017371389,8300.588017371389
2025-02-21,10,0.4333,2572.2155,0.0,765.9491855050397,765.9491855050397,0.0,0.0,277.1244251429016,0.0,277.1244251429016,0.0,0.0,60.122177028804856,8300.588017371389,8550.0
2025-02-21,11,0.4311,2902.32,0.0,497.5652882124094,497.5652882124094,0.0,0.0,0.0,0.0,0.0,0.0,0.0,13.8452882124094,8550.0,8550.0
2025-02-21,12,0.4293,2866.8569,0.0,1352.5568723646134,1352.5568723646134,0.0,0.0,833.3333333333334,0.0,833.3333333333333,0.0,0.0,41.41405569794665,8550.0,9300.0
2025-02-21,13,0.4324,2810.9403,0.0,517.5006769041055,517.5006769041055,0.0,0.0,0.0,0.0,0.0,0.0,0.0,49.010626904105436,9300.0,9300.0
2025-02-21,14,0.4367,2870.89,0.0,517.7253962755888,517.7253962755888,0.0,0.0,0.0,0.0,0.0,0.0,0.0,39.24372960892214,9300.0,9300.0
2025-02-21,15,0.4348,2816.0837,0.0,522.2383777968472,522.2383777968472,0.0,0.0,0.0,0.0,0.0,0.0,0.0,52.891094463513866,9300.0,9300.0
2025-02-21,16,0.4335,2797.8571,0.0,521.0437199029174,521.0437199029174,0.0,0.0,0.0,0.0,0.0,0.0,0.0,54.734203236250664,9300.0,9300.0
2025-02-21,17,0.4357,2796.24,0.0,529.4067493392555,529.4067493392555,0.0,0.0,0.0,0.0,0.0,0.0,0.0,63.366749339255534,9300.0,9300.0
2025-02-21,18,0.4374,2650.1249,0.0,546.6555721790438,546.6555721790438,0.0,0.0,0.0,0.0,0.0,0.0,0.0,104.9680888457105,9300.0,9300.0
2025-02-21,19,0.4371,2698.7717,0.0,560.702773907882,560.702773907882,0.0,0.0,0.0,0.0,0.0,0.0,0.0,110.90749057454872,9300.0,9300.0
2025-02-21,20,0.4356,2892.59,0.0,538.2620941428574,538.2620941428574,0.0,0.0,0.0,0.0,0.0,0.0,0.0,56.16376080952409,9300.0,9300.0
2025-02-21,21,0.4353,2848.5039,0.0,542.9016938123372,542.9016938123372,0.0,0.0,0.0,0.0,0.0,0.0,0.0,68.15104381233715,9300.0,9300.0
2025-02-21,22,0.436,2894.0586,0.0,535.5769658732205,535.5769658732205,0.0,0.0,0.0,0.0,0.0,0.0,0.0,53.23386587322051,9300.0,9300.0
2025-02-21,23,0.4378,3013.38,0.0,524.4720450401807,524.4720450401807,0.0,0.0,0.0,0.0,0.0,0.0,0.0,22.242045040180642,9300.0,9300.0
2025-02-21,24,0.4401,2870.754,0.0,505.57584561192783,505.57584561192783,0.0,0.0,0.0,0.0,0.0,0.0,0.0,27.11684561192783,9300.0,9300.0
2025-02-21,25,0.4389,2925.2862,0.0,525.192057809234,525.192057809234,0.0,0.0,0.0,0.0,0.0,0.0,0.0,37.64435780923401,9300.0,9300.0
2025-02-21,26,0.4364,3093.45,0.0,527.734959502268,527.734959502268,0.0,0.0,0.0,0.0,0.0,0.0,0.0,12.159959502268066,9300.0,9300.0
2025-02-21,27,0.4393,2847.3578,0.0015,566.7689386274768,566.7689386274768,0.0,0.0,0.0,0.0,0.0,0.0,0.0,92.20955529414351,9300.0,9300.0
2025-02-21,28,0.4422,2829.5625,0.0,572.6879608862913,572.6879608862913,0.0,0.0,0.0,0.0,0.0,0.0,0.0,101.09421088629131,9300.0,9300.0
2025-02-21,29,0.4395,3059.43,0.0,554.253011180154,554.253011180154,0.0,0.0,0.0,0.0,0.0,0.0,0.0,44.348011180154,9300.0,9300.0
2025-02-21,30,0.4333,2923.1631,0.021,530.273003394658,530.273003394658,0.0,0.0,6.315935428978669e-14,0.0,6.315935428978669e-14,0.0,0.0,43.082653394657875,9300.0,9300.0
2025-02-21,31,0.4439,2939.9741,0.0,520.5991813054928,520.5991813054928,0.0,0.0,0.0,0.0,0.0,0.0,0.0,30.603497972159516,9300.0,9300.0
2025-02-21,32,0.4301,3231.66,0.0,1391.5484332885426,1391.5484332885426,0.0,0.0,833.3333333333334,0.0,833.3333333333333,0.0,0.0,19.60509995520931,9300.0,10050.0
2025-02-21,33,0.3713,3334.4986,0.2921,1436.8497013666074,1436.8497013666074,0.0,0.0,833.3333333333334,0.0,833.3333333333333,0.0,0.0,47.81528469994089,10050.0,10800.0
2025-02-21,34,0.5708,3210.228,0.0,0.0,0.0,0.0,0.0,0.0,612.8519959812896,0.0,535.038,0.0,0.0,10800.0,10205.513333333332
2025-02-21,35,0.9099,3031.18,0.0,0.0,0.0,0.0,0.0,0.0,605.7169776102954,0.0,505.19666666666666,0.0,0.0,10205.513333333332,9644.183703703702
2025-02-21,36,0.9368,2982.9885,4.0682,0.0,0.0,0.0,0.0,0.0,605.6133333491252,0.0,496.4867166666666,0.0,0.0,9644.183703703702,9092.531796296294
2025-02-21,37,0.8758,2929.0392,0.0,0.0,0.0,0.0,0.0,0.0,594.7489197709103,0.0,488.1732,0.0,0.0,9092.531796296294,8550.117129629627
2025-02-21,38,0.8759,2903.48,39.0,0.0,0.0,0.0,0.0,0.0,564.2977969016971,0.0,477.41333333333336,0.0,0.0,8550.117129629627,8019.657870370368
2025-02-21,39,0.8601,3109.1773,267.5189,0.0,0.0,0.0,0.0,0.0,525.4458112697514,0.0,473.6097333333333,0.0,0.0,8019.657870370368,7493.424833333331
2025-02-21,40,0.8442,3416.706,556.7771,0.0,0.0,0.0,0.0,0.0,547.6943907597762,0.0,476.6548166666667,0.0,0.0,7493.424833333331,6963.808370370368
2025-02-21,41,0.8334,3664.99,849.0,0.0,0.0,0.0,0.0,0.0,561.5088829482305,0.0,469.3316666666666,0.0,0.0,6963.808370370368,6442.328740740738
2025-02-21,42,0.8092,3774.7493,1182.9292,0.0,0.0,0.0,0.0,0.0,495.32056959961227,0.0,431.97001666666665,0.0,0.0,6442.328740740738,5962.362055555553
2025-02-21,43,0.7972,3778.6648,1493.6038,0.0,0.0,0.0,0.0,0.0,437.29031053924285,0.0,380.84349999999995,0.0,0.0,5962.362055555553,5539.202611111108
2025-02-21,44,0.7644,3772.28,1764.525,0.0,0.0,0.0,0.0,0.0,409.34969838015263,0.0,334.62583333333333,0.0,0.0,5539.202611111108,5167.396129629627
2025-02-21,45,0.6899,3814.3541,2045.7535,0.0,0.0,0.0,0.0,0.0,333.10663456255054,0.0,294.7667666666667,0.0,0.0,5167.396129629627,4839.877499999997
2025-02-21,46,0.86,3689.8247,2350.0612,0.0,0.0,0.0,0.0,0.0,319.2293852021177,0.0,223.29391666666663,0.0,0.0,4839.877499999997,4591.773148148145
2025-02-21,47,1.1617,3460.32,2667.3375,0.0,0.0,0.0,0.0,0.0,330.74133785380263,0.0,132.16375,0.0,0.0,4591.773148148145,4444.924537037034
2025-02-21,48,1.1683,3429.984,2969.2216,0.0,0.0,0.0,0.0,0.0,257.8650331146387,0.0,76.79373333333336,0.0,0.0,4444.924537037034,4359.598166666663
2025-02-21,49,1.0956,3492.9685,3210.959,0.0,0.0,0.0,0.0,0.0,202.86111489350301,0.0,47.00158333333343,0.0,0.0,4359.598166666663,4307.374185185181
2025-02-21,50,1.0849,3484.65,3473.4,0.0,0.0,0.0,0.0,0.0,181.7397003578676,0.0,1.875,0.0,0.0,4307.374185185181,4305.290851851848
2025-02-21,51,1.061,3408.8824,3876.6658,0.0,0.0,0.0,0.0,0.0,101.09864091397769,0.0,0.0,0.0,77.96390000000008,4305.290851851848,4305.290851851848
2025-02-21,52,1.043,3721.4574,4193.0497,0.0,0.0,0.0,0.0,0.0,79.46133833817998,0.0,0.0,0.0,78.59871666666663,4305.290851851848,4305.290851851848
2025-02-21,53,1.036,4265.02,4410.0,0.0,0.0,0.0,0.0,0.0,122.68752755072842,0.0,0.0,0.0,24.1633333333333,4305.290851851848,4305.290851851848
2025-02-21,54,1.0147,4384.8008,4759.29,0.0,0.0,0.0,0.0,0.0,86.82550045091057,0.0,0.0,0.0,62.41486666666674,4305.290851851848,4305.290851851848
2025-02-21,55,0.9922,4326.9616,5230.1095,0.0,0.0,0.0,0.0,0.0,35.49536140077771,0.0,0.0,0.0,150.52464999999995,4305.290851851848,4305.290851851848
2025-02-21,56,0.97,4301.37,5617.05,0.0,0.0,0.0,0.0,0.0,0.0,0.0,0.0,0.0,219.2800000000001,4305.290851851848,4305.290851851848
2025-02-21,57,0.9422,4264.7827,5706.4996,0.0,0.0,0.0,0.0,40.56273870127325,0.0,40.56273870127325,0.0,0.0,199.72341129872677,4305.290851851848,4341.797316682994
2025-02-21,58,0.9569,4238.1086,5763.2829,0.0,0.0,0.0,0.0,58.027699092147635,0.0,58.027699092147635,0.0,0.0,196.1680175745191,4341.797316682994,4394.022245865927
2025-02-21,59,0.9977,4229.24,5918.1,0.0,0.0,0.0,0.0,104.15561478416869,0.0,104.15561478416869,0.0,0.0,177.321051882498,4394.022245865927,4487.762299171679
2025-02-21,60,0.9919,4189.0811,6084.5039,0.0,0.0,0.0,0.0,144.81594055287118,0.0,144.81594055287118,0.0,0.0,171.08785944712875,4487.762299171679,4618.096645669263
2025-02-21,61,0.9588,3984.7821,6321.4568,0.0,0.0,0.0,0.0,145.02104751287197,0.0,145.02104751287197,0.0,0.0,244.42473582046125,4618.096645669263,4748.615588430848
2025-02-21,62,0.9549,3829.89,6575.1,0.0,0.0,0.0,0.0,193.17476976775924,0.0,193.17476976775924,0.0,0.0,264.36023023224095,4748.615588430848,4922.472881221832
2025-02-21,63,0.9839,4084.2945,6696.4825,0.0,0.0,0.0,0.0,229.8391081776987,0.0,229.8391081776987,0.0,0.0,205.52555848896802,4922.472881221832,5129.328078581761
2025-02-21,64,0.799,4247.4185,6763.902,0.0,0.0,0.0,0.0,259.4509067222095,0.0,259.4509067222095,0.0,0.0,159.96300994445727,5129.328078581761,5362.833894631749
2025-02-21,65,0.5025,4102.2,6907.5375,0.0,0.0,0.0,0.0,305.34391641041776,0.0,305.34391641041776,0.0,0.0,162.21233358958244,5362.833894631749,5637.643419401125
2025-02-21,66,0.4662,3915.7971,7181.469,0.0,0.0,0.0,0.0,325.4924012708696,0.0,325.4924012708696,0.0,0.0,218.78624872913036,5637.643419401125,5930.586580544908
2025-02-21,67,0.5007,3873.6406,7369.7212,0.0,0.0,0.0,0.0,367.0083405409446,0.0,367.0083405409446,0.0,0.0,215.67175945905535,5930.586580544908,6260.894087031758
2025-02-21,68,0.4827,3954.42,7369.425,0.0,0.0,0.0,0.0,384.33008609680564,0.0,384.33008609680564,0.0,0.0,184.83741390319426,6260.894087031758,6606.791164518883
2025-02-21,69,0.4785,3996.7253,7276.7334,0.0,0.0,0.0,0.0,359.6328299079939,0.0,359.6328299079939,0.0,0.0,187.03518675867275,6606.791164518883,6930.460711436078
2025-02-21,70,0.4662,4000.773,7255.2616,0.0,113.55517619835484,113.55517619835484,0.0,469.19411119323615,0.0,469.19411119323615,0.0,0.0,186.77583167178545,6930.460711436078,7352.735411509991
2025-02-21,71,0.4432,3983.75,7337.0625,530.9144078554576,461.9987757661746,0.0,68.91563208928301,833.3333333333334,0.0,833.3333333333333,0.0,0.0,187.5508590995081,7352.735411509991,8102.735411509991
2025-02-21,72,0.4411,3927.8339,7428.7878,542.099830373967,0.0,0.0,542.099830373967,0.0,0.0,0.0,0.0,0.0,583.4923166666666,8102.735411509991,8102.735411509991
2025-02-21,73,0.4551,3784.6519,7515.7143,31.84310652842413,0.0,436.96365921994754,468.8067657483717,0.0,0.0,0.0,0.0,0.0,621.8437333333334,8102.735411509991,8102.735411509991
2025-02-21,74,0.4463,3675.82,7478.2875,493.560300023778,0.0,3.4498307466677716,497.01013077044576,0.0,0.0,0.0,0.0,0.0,633.7445833333335,8102.735411509991,8102.735411509991
2025-02-21,75,0.4113,3773.0324,7215.4083,444.5586776471863,0.0,75.67637929270256,520.2350569398889,0.0,0.0,0.0,0.0,0.0,573.7293166666667,8102.735411509991,8102.735411509991
2025-02-21,76,0.5682,3756.7304,7175.4916,0.0,0.0,0.0,0.0,0.0,0.0,0.0,0.0,0.0,569.7935333333334,8102.735411509991,8102.735411509991
2025-02-21,77,0.8279,3588.03,7292.8875,0.0,0.0,0.0,0.0,419.0880672541432,0.0,419.0880672541432,0.0,0.0,198.38818274585685,8102.735411509991,8479.91467203872
2025-02-21,78,0.8636,3574.7625,7074.1368,0.0,0.0,0.0,0.0,405.445710756607,0.0,405.445710756607,0.0,0.0,177.78333924339302,8479.91467203872,8844.815811719665
2025-02-21,79,0.8416,3780.1759,6902.4912,0.0,0.0,0.0,0.0,283.1453322477262,0.0,283.1453322477262,0.0,0.0,237.2405510856073,8844.815811719665,9099.646610742619
2025-02-21,80,0.8618,3981.31,6855.975,0.0,0.0,0.0,0.0,385.48882331382833,0.0,385.48882331382833,0.0,0.0,93.62201001950518,9099.646610742619,9446.586551725064
2025-02-21,81,0.8623,3880.3715,6610.9253,0.0,0.0,0.0,0.0,344.01437203348297,0.0,344.01437203348297,0.0,0.0,111.07792796651694,9446.586551725064,9756.199486555199
2025-02-21,82,0.9026,3749.654,6355.7803,0.0,0.0,0.0,0.0,0.0,0.0,0.0,0.0,0.0,434.35438333333343,9756.199486555199,9756.199486555199
2025-02-21,83,0.9754,3710.42,6242.9625,0.0,0.0,0.0,0.0,287.6198224450315,0.0,287.6198224450315,0.0,0.0,134.47059422163505,9756.199486555199,10015.057326755727
2025-02-21,84,1.0002,3622.1565,6198.4891,0.0,0.0,0.0,0.0,285.11361332811447,0.0,285.11361332811447,0.0,0.0,144.27515333855212,10015.057326755727,10271.65957875103
2025-02-21,85,0.9978,3485.2824,5938.2944,0.0,0.0,0.0,0.0,217.4192426779958,0.0,217.4192426779958,0.0,0.0,191.4160906553375,10271.65957875103,10467.336897161227
2025-02-21,86,1.0271,3432.52,5491.8,0.0,0.0,0.0,0.0,171.89124409150054,0.0,171.89124409150054,0.0,0.0,171.32208924183283,10467.336897161227,10622.039016843577
2025-02-21,87,1.0906,3580.6593,5161.1716,0.0,0.0,0.0,0.0,98.57359103356049,0.0,98.57359103356049,0.0,0.0,164.8451256331062,10622.039016843577,10710.755248773781
2025-02-21,88,0.9376,3625.7442,4886.8922,0.0,0.0,0.0,0.0,72.7700792585979,0.0,72.7700792585979,0.0,0.0,137.42125407473543,10710.755248773781,10776.248320106519
2025-02-21,89,0.6694,3572.9,4603.875,0.0,0.0,0.0,0.0,0.0,0.0,0.0,0.0,0.0,171.82916666666665,10776.248320106519,10776.248320106519
2025-02-21,90,0.66,3678.3404,4344.359,0.0,0.0,23.878459157846617,23.878459157846617,26.390755437203712,0.0,26.390755437201328,0.0,0.0,84.61234456279868,10776.248320106519,10800.0
2025-02-21,91,0.7217,3567.7885,4167.808,0.0,0.9146437062092154,29.64432408179285,28.729680375583634,0.0,0.0,0.0,0.0,0.0,100.91789370620916,10800.0,10800.0
2025-02-21,92,0.7308,3304.23,3987.75,0.0,38.96614044113054,70.09621544113058,31.13007500000004,0.0,0.0,0.0,0.0,0.0,152.88614044113046,10800.0,10800.0
2025-02-21,93,0.7534,3361.7347,3647.4879,0.0,69.70528359788462,69.70528359788462,0.0,0.0,0.0,0.0,0.0,0.0,117.33081693121801,10800.0,10800.0
2025-02-21,94,0.7823,3473.2312,3307.2199,81.21103310882147,104.27733278194175,23.066299673120284,0.0,0.0,0.0,0.0,0.0,0.0,76.60878278194161,10800.0,10800.0
2025-02-21,95,0.8055,3460.09,2997.225,155.4467711566343,155.4467711566343,0.0,0.0,0.0,0.0,0.0,0.0,0.0,78.30260448996751,10800.0,10800.0
2025-02-21,96,0.8271,3399.5129,2594.5382,221.41487235944055,227.08214675015992,5.667274390719371,0.0,0.0,0.0,0.0,0.0,0.0,92.9196967501598,10800.0,10800.0
2025-02-21,97,0.8519,3279.9769,2201.539,274.7556776044628,286.5111734377963,11.755495833333498,0.0,0.0,0.0,0.0,0.0,0.0,106.7715234377963,10800.0,10800.0
2025-02-21,98,0.8791,3274.19,1867.2375,328.43341187415916,325.9978090946983,0.0,2.435602779460851,0.0,0.0,0.0,0.0,0.0,91.50572576136494,10800.0,10800.0
2025-02-21,99,0.9024,3529.2927,1538.2765,379.43619551032583,379.43619551032583,0.0,0.0,0.0,21.42493940227348,0.0,0.0,0.0,47.60016217699251,10800.0,10800.0
2025-02-21,100,0.9163,3300.1235,1200.397,414.8926367459749,414.8926367459749,0.0,0.0,0.0,0.0,0.0,0.0,0.0,64.93822007930828,10800.0,10800.0
2025-02-21,101,0.9264,2706.67,861.2625,417.4095562733655,417.4095562733655,0.0,0.0,0.0,0.47495588256674637,0.0,0.0,0.0,109.84163960669889,10800.0,10800.0
2025-02-21,102,0.9462,2624.7694,537.6432,476.72064579278594,476.72064579278594,0.0,0.0,0.0,15.302961109969203,0.0,0.0,0.0,128.8662791261193,10800.0,10800.0
2025-02-21,103,0.9742,2619.9382,241.4042,518.7989380814818,518.7989380814818,0.0,0.0,0.0,21.191945300609746,0.0,0.0,0.0,122.3766047481484,10800.0,10800.0
2025-02-21,104,0.9862,2563.99,36.225,555.7521174494648,555.7521174494648,0.0,0.0,0.0,0.0,0.0,0.0,0.0,134.45795078279815,10800.0,10800.0
2025-02-21,105,0.976,2788.4988,0.0,564.6301607981329,564.6301607981329,0.0,0.0,0.0,0.0,0.0,0.0,0.0,99.88036079813293,10800.0,10800.0
2025-02-21,106,1.0742,2900.9766,3.2712,544.6818525376838,540.5744525073503,0.0,4.1074000303334515,0.0,0.0,0.0,0.0,0.0,57.623552507350325,10800.0,10800.0
2025-02-21,107,1.2313,2783.61,0.0,231.09341902492423,231.09341902492423,0.0,0.0,0.0,274.9156143060678,0.0,232.84158097507577,0.0,0.0,10800.0,10541.287132249916
2025-02-21,108,1.2561,2727.2217,0.0,0.0,0.0,0.0,0.0,0.0,510.51388113419694,0.0,454.53695,0.0,0.0,10541.287132249916,10036.24607669436
2025-02-21,109,1.2447,2795.7426,0.2349,0.0,0.0,0.0,0.0,0.0,516.2097923146448,0.0,465.91795,0.0,0.0,10036.24607669436,9518.55946558325
2025-02-21,110,1.2545,2757.25,0.0,0.0,0.0,0.0,0.0,0.0,525.6389828997388,0.0,459.5416666666667,0.0,0.0,9518.55946558325,9007.957613731398
2025-02-21,111,1.2522,2395.0547,0.0,0.0,0.0,0.0,0.0,0.0,528.9965489618207,0.0,399.17578333333336,0.0,0.0,9007.957613731398,8564.428965583249
2025-02-21,112,1.2881,2441.8696,0.0169,0.0,0.0,0.0,0.0,0.0,524.786140600352,0.0,406.97545,0.0,0.0,8564.428965583249,8112.234021138805
2025-02-21,113,1.3466,2784.93,0.0,0.0,0.0,0.0,0.0,0.0,504.8377105855017,0.0,464.155,0.0,0.0,8112.234021138805,7596.5062433610265
2025-02-21,114,1.3523,2609.754,0.0,0.0,0.0,0.0,0.0,0.0,544.4464483973329,0.0,434.959,0.0,0.0,7596.5062433610265,7113.218465583249
2025-02-21,115,1.3445,2594.7869,0.0012,0.0,0.0,0.0,0.0,0.0,528.4043981678742,0.0,432.46428333333336,0.0,0.0,7113.218465583249,6632.702595212879
2025-02-21,116,1.3483,2852.56,0.0,0.0,0.0,0.0,0.0,0.0,509.15426055051216,0.0,475.4266666666667,0.0,0.0,6632.702595212879,6104.450743361027
2025-02-21,117,1.349,2768.6161,0.0,0.0,0.0,0.0,0.0,0.0,539.7953440229879,0.0,461.4360166666667,0.0,0.0,6104.450743361027,5591.744058175842
2025-02-21,118,1.3473,2611.7796,0.0,0.0,0.0,0.0,0.0,0.0,524.1047696095158,0.0,435.29659999999996,0.0,0.0,5591.744058175842,5108.081169286953
2025-02-21,119,1.3482,2585.08,0.0,0.0,0.0,0.0,0.0,0.0,529.0501428795609,0.0,430.84666666666664,0.0,0.0,5108.081169286953,4629.362650768435
2025-02-21,120,1.3513,2608.5672,0.0,0.0,0.0,0.0,0.0,0.0,528.0728189027617,0.0,434.7612,0.0,0.0,4629.362650768435,4146.294650768435
2025-02-21,121,1.34,2656.6597,0.0,0.0,0.0,0.0,0.0,0.0,541.4965431939478,0.0,442.7766166666667,0.0,0.0,4146.294650768435,3654.320632249916
2025-02-21,122,1.3489,2675.66,0.0,0.0,0.0,0.0,0.0,0.0,522.9233186846174,0.0,445.9433333333333,0.0,0.0,3654.320632249916,3158.828039657323
2025-02-21,123,1.3952,2627.04,0.0,0.0,0.0,0.0,0.0,0.0,528.7273181195596,0.0,437.84,0.0,0.0,3158.828039657323,2672.3391507684346
2025-02-21,124,1.2226,2701.1707,0.0,527.9128905844213,527.9128905844213,0.0,0.0,0.0,0.0,0.0,0.0,0.0,77.71777391775464,2672.3391507684346,2672.3391507684346
2025-02-21,125,0.9332,2880.68,0.0,530.2423212854501,530.2423212854501,0.0,0.0,0.0,0.0,0.0,0.0,0.0,50.1289879521168,2672.3391507684346,2672.3391507684346
2025-02-21,126,0.9068,2934.2368,0.0,530.773545536112,530.773545536112,0.0,0.0,0.0,0.0,0.0,0.0,0.0,41.73407886944534,2672.3391507684346,2672.3391507684346
2025-02-21,127,0.9371,2840.602,0.0,525.9786304484593,525.9786304484593,0.0,0.0,0.0,0.0,0.0,0.0,0.0,52.54496378179266,2672.3391507684346,2672.3391507684346
2025-02-21,128,0.9371,2726.76,0.0,549.2543639786016,549.2543639786016,0.0,0.0,0.0,0.0,0.0,0.0,0.0,94.79436397860161,2672.3391507684346,2672.3391507684346
2025-02-21,129,0.9871,2728.4331,0.0,552.4336611003542,552.4336611003542,0.0,0.0,0.0,0.0,0.0,0.0,0.0,97.69481110035423,2672.3391507684346,2672.3391507684346
2025-02-21,130,0.7764,2654.6855,0.0,510.5276407520858,510.5276407520858,0.0,0.0,0.0,0.0,0.0,0.0,0.0,68.08005741875246,2672.3391507684346,2672.3391507684346
2025-02-21,131,0.4209,2448.62,0.0,438.0438903116162,438.0438903116162,0.0,0.0,0.0,0.0,0.0,0.0,0.0,29.940556978282928,2672.3391507684346,2672.3391507684346
2025-02-21,132,0.3859,2259.8063,0.0,433.72257344453146,433.72257344453146,0.0,0.0,0.0,0.0,0.0,0.0,0.0,57.08819011119812,2672.3391507684346,2672.3391507684346
2025-02-21,133,0.4368,2193.9544,0.0,438.5859439610452,438.5859439610452,0.0,0.0,0.0,0.0,0.0,0.0,0.0,72.92687729437853,2672.3391507684346,2672.3391507684346
2025-02-21,134,0.4198,2278.86,0.0,427.4518075045955,427.4518075045955,0.0,0.0,0.0,0.0,0.0,0.0,0.0,47.64180750459548,2672.3391507684346,2672.3391507684346
2025-02-21,135,0.4186,2443.6162,0.0,437.9091204153946,437.9091204153946,0.0,0.0,0.0,0.0,0.0,0.0,0.0,30.63975374872797,2672.3391507684346,2672.3391507684346
2025-02-21,136,0.4241,2492.2416,0.0,441.7004643487521,441.7004643487521,0.0,0.0,0.0,0.0,0.0,0.0,0.0,26.326864348752167,2672.3391507684346,2672.3391507684346
2025-02-21,137,0.4237,2459.05,0.0,443.0289999094528,443.0289999094528,0.0,0.0,0.0,0.0,0.0,0.0,0.0,33.18733324278611,2672.3391507684346,2672.3391507684346
2025-02-21,138,0.4248,2525.0152,0.0,462.664312152061,462.664312152061,0.0,0.0,0.0,0.0,0.0,0.0,0.0,41.828445485394354,2672.3391507684346,2672.3391507684346
2025-02-21,139,0.424,2434.5253,0.0,464.84203746991267,464.84203746991267,0.0,0.0,0.0,0.0,0.0,0.0,0.0,59.08782080324602,2672.3391507684346,2672.3391507684346
2025-02-21,140,0.422,2279.26,0.0,464.53256439519396,464.53256439519396,0.0,0.0,0.0,0.0,0.0,0.0,0.0,84.65589772852724,2672.3391507684346,2672.3391507684346
2025-02-21,141,0.424,2444.3866,0.0,480.9802455147592,480.9802455147592,0.0,0.0,0.0,0.0,0.0,0.0,0.0,73.58247884809253,2672.3391507684346,2672.3391507684346
2025-02-21,142,0.4271,2657.9443,0.0,461.18019863834917,461.18019863834917,0.0,0.0,0.0,0.0,0.0,0.0,0.0,18.189481971682483,2672.3391507684346,2672.3391507684346
2025-02-21,143,0.4276,2618.28,0.0,444.0941341878386,444.0941341878386,0.0,0.0,0.0,0.0,0.0,0.0,0.0,7.714134187838567,2672.3391507684346,2672.3391507684346
2025-02-22,0,0.4248,2306.8268,0.0,1326.1608927214515,1326.1608927214515,0.0,0.0,833.3333333333334,0.0,833.3333333333333,0.0,0.0,108.35642605478506,2672.3391507684346,3422.3391507684346
2025-02-22,1,0.4245,2251.2662,0.0,1289.1136142751952,1289.1136142751952,0.0,0.0,833.3333333333334,0.0,833.3333333333333,0.0,0.0,80.56924760852871,3422.3391507684346,4172.339150768435
2025-02-22,2,0.4269,2487.51,0.0,1298.8271031558231,1298.8271031558231,0.0,0.0,833.3333333333334,0.0,833.3333333333333,0.0,0.0,50.90876982248983,4172.339150768435,4922.339150768435
2025-02-22,3,0.4272,2568.431,0.0,462.86069377285094,462.86069377285094,0.0,0.0,0.0,0.0,0.0,0.0,0.0,34.78886043951758,4922.339150768435,4922.339150768435
2025-02-22,4,0.4271,2612.9758,0.0,1351.2480444965743,1351.2480444965743,0.0,0.0,833.3333333333334,0.0,833.3333333333333,0.0,0.0,82.41874449657439,4922.339150768435,5672.339150768435
2025-02-22,5,0.4285,2684.72,0.0,1349.8457409434632,1349.8457409434632,0.0,0.0,833.3333333333334,0.0,833.3333333333333,0.0,0.0,69.05907427679654,5672.339150768435,6422.339150768435
2025-02-22,6,0.4311,2681.1259,0.0,467.1485333982676,467.1485333982676,0.0,0.0,0.0,0.0,0.0,0.0,0.0,20.294216731600955,6422.339150768435,6422.339150768435
2025-02-22,7,0.4302,2646.8473,0.0,460.20174413623255,460.20174413623255,0.0,0.0,0.0,0.0,0.0,0.0,0.0,19.060527469565898,6422.339150768435,6422.339150768435
2025-02-22,8,0.4279,2586.76,0.0,1343.4938955513667,1343.4938955513667,0.0,0.0,833.3333333333334,0.0,833.3333333333333,0.0,0.0,79.03389555136664,6422.339150768435,7172.339150768435
2025-02-22,9,0.4312,2495.8782,0.0,1335.014588262086,1335.014588262086,0.0,0.0,833.3333333333334,0.0,833.3333333333333,0.0,0.0,85.70155492875256,7172.339150768435,7922.339150768435
2025-02-22,10,0.4333,2626.5445,0.0,485.44659746716775,485.44659746716775,0.0,0.0,0.0,0.0,0.0,0.0,0.0,47.689180800501106,7922.339150768435,7922.339150768435
2025-02-22,11,0.4311,2875.71,0.0,493.4981501626143,493.4981501626143,0.0,0.0,0.0,0.0,0.0,0.0,0.0,14.213150162614284,7922.339150768435,7922.339150768435
2025-02-22,12,0.4293,2857.4855,0.0,511.54932101066004,511.54932101066004,0.0,0.0,0.0,0.0,0.0,0.0,0.0,35.30173767732674,7922.339150768435,7922.339150768435
2025-02-22,13,0.4324,2731.6974,0.0,535.5492164944027,535.5492164944027,0.0,0.0,0.0,0.0,0.0,0.0,0.0,80.2663164944027,7922.339150768435,7922.339150768435
2025-02-22,14,0.4367,2679.07,0.0,519.2301766998916,519.2301766998916,0.0,0.0,0.0,0.0,0.0,0.0,0.0,72.71851003322485,7922.339150768435,7922.339150768435
2025-02-22,15,0.4348,2731.3889,0.0,505.49717262474695,505.49717262474695,0.0,0.0,0.0,0.0,0.0,0.0,0.0,50.26568929141365,7922.339150768435,7922.339150768435
2025-02-22,16,0.4335,2808.1772,0.0,1207.4680851148264,1207.4680851148264,0.0,0.0,697.4009435906223,0.0,697.4009435906223,0.0,0.0,42.03760819087074,7922.339150768435,8549.999999999995
2025-02-22,17,0.4357,2867.79,0.0,526.0527967481753,526.0527967481753,0.0,0.0,0.0,0.0,0.0,0.0,0.0,48.08779674817532,8549.999999999995,8549.999999999995
2025-02-22,18,0.4374,2928.7544,0.0,519.8419862699174,519.8419862699174,0.0,0.0,0.0,0.0,0.0,0.0,0.0,31.716252936584056,8549.999999999995,8549.999999999995
2025-02-22,19,0.4371,2987.0089,0.0,502.8364011398856,502.8364011398856,0.0,0.0,0.0,0.0,0.0,0.0,0.0,5.001584473218941,8549.999999999995,8549.999999999995
2025-02-22,20,0.4356,3010.07,0.0,518.5756594713212,518.5756594713212,0.0,0.0,0.0,0.0,0.0,0.0,0.0,16.897326137987818,8549.999999999995,8549.999999999995
2025-02-22,21,0.4353,2973.9131,0.0,529.935598374165,529.935598374165,0.0,0.0,0.0,0.0,0.0,0.0,0.0,34.28341504083164,8549.999999999995,8549.999999999995
2025-02-22,22,0.436,2971.4204,0.0,538.2451407030983,538.2451407030983,0.0,0.0,0.0,0.0,0.0,0.0,0.0,43.00840736976494,8549.999999999995,8549.999999999995
2025-02-22,23,0.4378,3007.83,0.0,531.55009817396,531.55009817396,0.0,0.0,0.0,0.0,0.0,0.0,0.0,30.245098173960002,8549.999999999995,8549.999999999995
2025-02-22,24,0.4401,2991.3709,0.0,547.8488928391062,547.8488928391062,0.0,0.0,0.0,0.0,0.0,0.0,0.0,49.28707617243953,8549.999999999995,8549.999999999995
2025-02-22,25,0.4389,2913.2318,0.0,532.6918051946291,532.6918051946291,0.0,0.0,0.0,0.0,0.0,0.0,0.0,47.15317186129573,8549.999999999995,8549.999999999995
2025-02-22,26,0.4364,2844.51,0.0,545.8630452914576,545.8630452914576,0.0,0.0,0.0,0.0,0.0,0.0,0.0,71.7780452914576,8549.999999999995,8549.999999999995
2025-02-22,27,0.4393,2868.0256,0.0,540.1630695536237,540.1630695536237,0.0,0.0,0.0,0.0,0.0,0.0,0.0,62.15880288695706,8549.999999999995,8549.999999999995
2025-02-22,28,0.4422,2888.5193,0.0,567.6783135199925,567.6783135199925,0.0,0.0,0.0,0.0,0.0,0.0,0.0,86.25843018665915,8549.999999999995,8549.999999999995
2025-02-22,29,0.4395,2914.71,0.0,563.2263024828077,563.2263024828077,0.0,0.0,0.0,0.0,0.0,0.0,0.0,77.44130248280766,8549.999999999995,8549.999999999995
2025-02-22,30,0.4333,3040.3813,0.0116,1384.0203572487812,1384.0203572487812,0.0,0.0,833.3333333333326,0.0,833.3333333333326,0.0,0.0,43.9587405821153,8549.999999999995,9299.999999999995
2025-02-22,31,0.4439,3109.5499,0.0,543.9694757401077,543.9694757401077,0.0,0.0,0.0,0.0,0.0,0.0,0.0,25.711159073440967,9299.999999999995,9299.999999999995
2025-02-22,32,0.4301,3050.24,0.0,1442.6327870014306,1442.6327870014306,0.0,0.0,833.3333333333334,0.0,833.3333333333333,0.0,0.0,100.92612033476416,9299.999999999995,10049.999999999995
2025-02-22,33,0.3713,2965.2171,0.1612,1428.5108062804889,1428.5108062804889,0.0,0.0,833.3333333333334,0.0,833.3333333333333,0.0,0.0,101.00148961382229,10049.999999999995,10799.999999999995
2025-02-22,34,0.5708,3049.0916,0.0,585.1628721698856,585.1628721698856,0.0,0.0,0.0,0.0,0.0,0.0,0.0,76.9809388365523,10799.999999999995,10799.999999999995
2025-02-22,35,0.9099,3181.83,0.0,0.0,0.0,0.0,0.0,0.0,636.1358113542577,0.0,530.305,0.0,0.0,10799.999999999995,10210.772222222216
2025-02-22,36,0.9368,3073.3225,2.2448,0.0,0.0,0.0,0.0,0.0,609.4780037546859,0.0,511.8462833333333,0.0,0.0,10210.772222222216,9642.054129629623
2025-02-22,37,0.8758,3073.0293,0.0,0.0,0.0,0.0,0.0,0.0,589.9429442887775,0.0,512.17155,0.0,0.0,9642.054129629623,9072.974629629623
2025-02-22,38,0.8759,3147.14,60.7125,0.0,0.0,0.0,0.0,0.0,561.5978687918413,0.0,514.4045833333333,0.0,0.0,9072.974629629623,8501.413981481475
2025-02-22,39,0.8601,2964.6211,303.7986,0.0,0.0,0.0,0.0,0.0,533.5294519248329,0.0,443.4704166666666,0.0,0.0,8501.413981481475,8008.669074074068
2025-02-22,40,0.8442,3151.7632,604.9859,0.0,0.0,0.0,0.0,0.0,560.8952456447231,0.0,424.4628833333333,0.0,0.0,8008.669074074068,7537.043648148142
2025-02-22,41,0.8334,3642.81,898.0125,0.0,0.0,0.0,0.0,0.0,547.6777758928318,0.0,457.46624999999995,0.0,0.0,7537.043648148142,7028.747814814808
2025-02-22,42,0.8092,3691.0592,1212.8148,0.0,0.0,0.0,0.0,0.0,478.8522757047253,0.0,413.0407333333334,0.0,0.0,7028.747814814808,6569.8136666666605
2025-02-22,43,0.7972,3562.5983,1514.6147,0.0,0.0,0.0,0.0,0.0,420.5980084427145,0.0,341.3306,0.0,0.0,6569.8136666666605,6190.557444444438
2025-02-22,44,0.7644,3491.86,1814.625,0.0,0.0,0.0,0.0,0.0,411.0739282920636,0.0,279.5391666666667,0.0,0.0,6190.557444444438,5879.958370370364
2025-02-22,45,0.6899,3437.8085,2157.8016,0.0,0.0,0.0,0.0,0.0,308.40412883019064,0.0,213.33448333333337,0.0,0.0,5879.958370370364,5642.920055555549
2025-02-22,46,0.86,3436.6766,2473.685,0.0,0.0,0.0,0.0,0.0,246.37590071473974,0.0,160.49859999999995,0.0,0.0,5642.920055555549,5464.5882777777715
2025-02-22,47,1.1617,3513.77,2736.45,0.0,0.0,0.0,0.0,0.0,413.17114679337664,0.0,129.55333333333334,0.0,0.0,5464.5882777777715,5320.6401296296235
2025-02-22,48,1.1683,3630.6631,3007.6336,0.0,0.0,0.0,0.0,0.0,352.67017176599074,0.0,103.83825000000007,0.0,0.0,5320.6401296296235,5205.26429629629
2025-02-22,49,1.0956,3633.8989,3392.3578,0.0,0.0,0.0,0.0,0.0,256.30162439035706,0.0,40.256849999999986,0.0,0.0,5205.26429629629,5160.534462962956
2025-02-22,50,1.0849,3476.78,3798.1875,0.0,0.0,0.0,0.0,0.0,191.864455800145,0.0,0.0,0.0,53.56791666666663,5160.534462962956,5160.534462962956
2025-02-22,51,1.061,3312.6478,4017.1783,0.0,0.0,0.0,0.0,0.0,121.14246555482737,0.0,0.0,0.0,117.42174999999997,5160.534462962956,5160.534462962956
2025-02-22,52,1.043,3530.4636,4203.1024,0.0,0.0,0.0,0.0,0.0,94.75715331019,0.0,0.0,0.0,112.10646666666662,5160.534462962956,5160.534462962956
2025-02-22,53,1.036,4032.02,4447.725,0.0,0.0,0.0,0.0,0.0,117.76488967025382,0.0,0.0,0.0,69.28416666666669,5160.534462962956,5160.534462962956
2025-02-22,54,1.0147,4290.5426,4684.7518,0.0,0.0,0.0,0.0,0.0,138.72800090834252,0.0,0.0,0.0,65.70153333333337,5160.534462962956,5160.534462962956
2025-02-22,55,0.9922,4251.108,4839.9424,0.0,0.0,0.0,0.0,0.0,0.0,0.0,0.0,0.0,98.13906666666662,5160.534462962956,5160.534462962956
2025-02-22,56,0.97,4159.45,4962.1125,0.0,0.0,0.0,0.0,0.0,0.0,0.0,0.0,0.0,133.7770833333334,5160.534462962956,5160.534462962956
2025-02-22,57,0.9422,4273.2092,5190.4247,0.0,0.0,0.0,0.0,14.468695514521187,0.0,14.468695514521187,0.0,0.0,138.40055448547866,5160.534462962956,5173.556288926025
2025-02-22,58,0.9569,4216.9433,5526.1121,0.0,0.0,0.0,0.0,52.800531916393844,0.0,52.800531916393844,0.0,0.0,165.39426808360614,5173.556288926025,5221.07676765078
2025-02-22,59,0.9977,4049.49,5799.2625,0.0,0.0,0.0,0.0,86.17732725861303,0.0,86.17732725861303,0.0,0.0,205.45142274138692,5221.07676765078,5298.636362183532
2025-02-22,60,0.9919,4213.9211,5839.2651,0.0,0.0,0.0,0.0,119.43097291362135,0.0,119.43097291362135,0.0,0.0,151.45969375304531,5298.636362183532,5406.1242378057905
2025-02-22,61,0.9588,4331.9968,5994.9118,0.0,0.0,0.0,0.0,161.02406837371336,0.0,161.02406837371336,0.0,0.0,116.12843162628667,5406.1242378057905,5551.0458993421325
2025-02-22,62,0.9549,4262.27,6313.35,0.0,0.0,0.0,0.0,201.63414880851192,0.0,201.63414880851192,0.0,0.0,140.21251785815477,5551.0458993421325,5732.516633269794
2025-02-22,63,0.9839,4212.9008,6488.4878,0.0,0.0,0.0,0.0,246.1773343309384,0.0,246.1773343309384,0.0,0.0,133.08716566906148,5732.516633269794,5954.076234167638
2025-02-22,64,0.799,4010.3922,6537.6626,0.0,0.0,0.0,0.0,268.39266731646813,0.0,268.39266731646813,0.0,0.0,152.81906601686518,5954.076234167638,6195.629634752459
2025-02-22,65,0.5025,3711.49,6665.25,0.0,0.0,0.0,0.0,282.8293874421776,0.0,282.8293874421776,0.0,0.0,209.4639458911558,6195.629634752459,6450.176083450419
2025-02-22,66,0.4662,3654.7787,7026.8904,661.7152440021652,514.4973051132763,0.0,147.21793888888885,833.3333333333334,0.0,833.3333333333333,0.0,0.0,243.18258844660977,6450.176083450419,7200.176083450419
2025-02-22,67,0.5007,3966.4034,7196.6991,0.0,0.0,0.0,0.0,309.3201090277818,0.0,309.3201090277818,0.0,0.0,229.06250763888482,7200.176083450419,7478.564181575423
2025-02-22,68,0.4827,4318.92,7036.9875,0.0,0.0,0.0,0.0,286.6724103967581,0.0,286.6724103967581,0.0,0.0,166.3388396032418,7478.564181575423,7736.569350932506
2025-02-22,69,0.4785,4196.4501,6838.4627,0.0,0.0,0.0,0.0,287.0066455776146,0.0,287.0066455776146,0.0,0.0,153.32878775571868,7736.569350932506,7994.8753319523585
2025-02-22,70,0.4662,3908.9368,6850.6826,618.7421115418097,555.1064149051336,0.0,63.635696636676016,833.3333333333334,0.0,833.3333333333333,0.0,0.0,212.06404823846697,7994.8753319523585,8744.875331952358
2025-02-22,71,0.4432,3799.08,6945.0,619.0931891737022,547.1460280625911,0.0,71.94716111111109,833.3333333333334,0.0,833.3333333333333,0.0,0.0,238.132694729258,8744.875331952358,9494.875331952358
2025-02-22,72,0.4411,3918.0004,6816.8238,548.8050305464917,0.0,0.0,548.8050305464917,0.0,0.0,0.0,0.0,0.0,483.1372333333335,9494.875331952358,9494.875331952358
2025-02-22,73,0.4551,3883.866,6881.5181,519.4248091426707,0.0,0.0,519.4248091426707,0.0,383.29457286611324,0.0,0.0,0.0,499.60868333333326,9494.875331952358,9494.875331952358
2025-02-22,74,0.4463,3689.21,7082.5125,560.2415840642219,0.0,0.0,560.2415840642219,0.0,0.0,0.0,0.0,0.0,565.5504166666667,9494.875331952358,9494.875331952358
2025-02-22,75,0.4113,3674.0128,6920.2875,567.3424241164926,0.0,0.0,567.3424241164926,0.0,0.0,0.0,0.0,0.0,541.0457833333335,9494.875331952358,9494.875331952358
2025-02-22,76,0.5682,3656.6362,6728.7622,0.0,0.0,0.0,0.0,0.0,0.0,0.0,0.0,0.0,512.0210000000001,9494.875331952358,9494.875331952358
2025-02-22,77,0.8279,3574.15,6638.4,0.0,0.0,0.0,0.0,0.0,0.0,0.0,0.0,0.0,510.70833333333314,9494.875331952358,9494.875331952358
2025-02-22,78,0.8636,3584.0084,6452.1264,0.0,0.0,0.0,0.0,297.0333612003542,0.0,297.0333612003542,0.0,0.0,180.9863054663124,9494.875331952358,9762.205357032677
2025-02-22,79,0.8416,3702.6515,6327.6482,0.0,0.0,0.0,0.0,262.9178680587667,0.0,262.9178680587667,0.0,0.0,174.5815819412332,9762.205357032677,9998.831438285568
2025-02-22,80,0.8618,3795.24,6262.125,0.0,0.0,0.0,0.0,211.03291211589382,0.0,211.03291211589382,0.0,0.0,200.11458788410621,9998.831438285568,10188.761059189872
2025-02-22,81,0.8623,3712.5159,6084.4275,0.0,0.0,0.0,0.0,202.1351833987695,0.0,202.1351833987695,0.0,0.0,193.18341660123045,10188.761059189872,10370.682724248765
2025-02-22,82,0.9026,3686.5594,5954.7493,0.0,0.0,0.0,0.0,207.54240110174166,0.0,207.54240110174166,0.0,0.0,170.48924889825847,10370.682724248765,10557.470885240333
2025-02-22,83,0.9754,3729.58,5870.625,0.0,0.0,0.0,0.0,200.97834313149508,0.0,200.97834313149508,0.0,0.0,155.86249020183823,10557.470885240333,10738.351394058678
2025-02-22,84,1.0002,3645.3316,5658.1833,0.0,0.0,0.0,0.0,183.53753568441093,0.0,68.4984510459132,0.0,0.0,266.9768322874201,10738.351394058678,10800.0
2025-02-22,85,0.9978,3653.4195,5443.5458,0.0,0.0,0.0,0.0,162.14911575416048,0.0,0.0,0.0,0.0,298.3543833333333,10800.0,10800.0
2025-02-22,86,1.0271,3714.07,5259.9375,0.0,0.0,0.0,0.0,129.7458153538581,0.0,0.0,0.0,0.0,257.64458333333334,10800.0,10800.0
2025-02-22,87,1.0906,3555.7874,4997.4813,8.697818640152933,0.0,0.0,8.697818640152933,66.26916063140159,0.0,0.0,0.0,0.0,240.2823166666667,10800.0,10800.0
2025-02-22,88,0.9376,3434.097,4659.4398,67.798656740325,0.0,0.0,67.798656740325,0.0,24.61977679704796,0.0,0.0,0.0,204.22379999999998,10800.0,10800.0
2025-02-22,89,0.6694,3436.18,4348.7625,122.27994792326058,63.812122750290804,0.0,58.467825172969775,0.0,0.0,0.0,0.0,0.0,215.9092060836241,10800.0,10800.0
2025-02-22,90,0.66,3416.1112,4172.6309,139.44265636214996,114.97879849307407,0.0,24.463857869075895,30.394786169195463,0.0,0.0,0.0,0.0,241.06541515974072,10800.0,10800.0
2025-02-22,91,0.7217,3497.9179,3982.4801,215.02425016119994,68.10959650625637,0.0,146.91465365494358,0.0,0.0,0.0,0.0,0.0,148.86996317292312,10800.0,10800.0
2025-02-22,92,0.7308,3554.72,3688.575,180.01912162330942,122.34878983268004,0.0,57.670331790629376,0.0,0.0,0.0,0.0,0.0,144.6579564993467,10800.0,10800.0
2025-02-22,93,0.7534,3331.9894,3326.5139,160.27269137434268,140.61159047951847,7.304101882953546,26.965202777777762,0.0,0.0,0.0,0.0,0.0,139.69900714618518,10800.0,10800.0
2025-02-22,94,0.7823,3320.4866,2940.3343,179.46354024076268,177.76739115701653,24.630659249587183,26.326808333333332,0.0,0.0,0.0,0.0,0.0,114.40867449034988,10800.0,10800.0
2025-02-22,95,0.8055,3493.97,2602.7625,219.7496229408558,274.20374907515935,54.45412613430355,0.0,0.0,0.0,0.0,0.0,0.0,125.66916574182608,10800.0,10800.0
2025-02-22,96,0.8271,3339.0244,2371.0611,277.1334414192436,327.40228171908007,50.268840299836484,0.0,0.0,0.0,0.0,0.0,0.0,166.0750650524135,10800.0,10800.0
2025-02-22,97,0.8519,3205.6037,2132.3804,309.85488021698984,371.17251537595985,61.317635158970006,0.0,0.0,0.0,0.0,0.0,0.0,192.30196537595975,10800.0,10800.0
2025-02-22,98,0.8791,3317.5,1810.425,354.92754864353606,371.81610339402584,16.88855475048979,0.0,0.0,0.0,0.0,0.0,0.0,120.63693672735928,10800.0,10800.0
2025-02-22,99,0.9024,3464.9134,1430.8447,439.1933510656451,439.1933510656451,0.0,0.0,0.0,0.0,0.0,0.0,0.0,100.1819010656452,10800.0,10800.0
2025-02-22,100,0.9163,3141.0025,1104.1204,491.38019406469266,491.38019406469266,0.0,0.0,0.0,0.0,0.0,0.0,0.0,151.89984406469273,10800.0,10800.0
2025-02-22,101,0.9264,2638.44,838.425,498.93592232181095,498.93592232181095,0.0,0.0,0.0,0.0,0.0,0.0,0.0,198.9334223218109,10800.0,10800.0
2025-02-22,102,0.9462,2751.8271,547.1112,515.5340749284411,515.5340749284411,0.0,0.0,0.0,0.0,0.0,0.0,0.0,148.0814249284411,10800.0,10800.0
2025-02-22,103,0.9742,2840.2896,256.0801,559.1740536318213,548.3649036318214,0.0,10.809149999999818,0.0,0.0,0.0,0.0,0.0,117.66332029848814,10800.0,10800.0
2025-02-22,104,0.9862,2725.62,49.35,552.2865823696537,552.2865823696537,0.0,0.0,0.0,0.0,0.0,0.0,0.0,106.24158236965377,10800.0,10800.0
2025-02-22,105,0.976,2868.6897,0.0,585.5939268039828,585.5939268039828,0.0,0.0,0.0,0.0,0.0,0.0,0.0,107.47897680398279,10800.0,10800.0
2025-02-22,106,1.0742,2976.121,1.9199,562.8785645005469,562.8785645005469,0.0,0.0,0.0,1.2010166666665099,0.0,0.0,0.0,67.1783811672135,10800.0,10800.0
2025-02-22,107,1.2313,2871.2,0.0,382.1601545238599,382.1601545238599,0.0,0.0,0.0,140.70602696856565,0.0,96.37317880947342,0.0,0.0,10800.0,10692.918690211696
2025-02-22,108,1.2561,2686.4511,0.0,0.0,0.0,0.0,0.0,0.0,537.9865175342633,0.0,447.74185000000006,0.0,0.0,10692.918690211696,10195.427745767252
2025-02-22,109,1.2447,2532.9818,0.1378,0.0,0.0,0.0,0.0,0.0,535.7297059762637,0.0,422.1406666666667,0.0,0.0,10195.427745767252,9726.382560582068
2025-02-22,110,1.2545,2491.85,0.0,0.0,0.0,0.0,0.0,0.0,535.7897806425367,0.0,415.30833333333334,0.0,0.0,9726.382560582068,9264.928856878363
2025-02-22,111,1.2522,2575.0029,0.0,0.0,0.0,0.0,0.0,0.0,526.8084480430801,0.0,429.16715,0.0,0.0,9264.928856878363,8788.076467989475
2025-02-22,112,1.2881,2612.0393,0.0099,0.0,0.0,0.0,0.0,0.0,541.9269263321906,0.0,435.33823333333333,0.0,0.0,8788.076467989475,8304.367319841327
2025-02-22,113,1.3466,2594.9,0.0,0.0,0.0,0.0,0.0,0.0,545.2313615462584,0.0,432.48333333333335,0.0,0.0,8304.367319841327,7823.83028280429
2025-02-22,114,1.3523,2663.0409,0.0,0.0,0.0,0.0,0.0,0.0,525.9212507328207,0.0,443.84015,0.0,0.0,7823.83028280429,7330.674560582068
2025-02-22,115,1.3445,2722.5464,0.0,0.0,0.0,0.0,0.0,0.0,509.3857705728317,0.0,453.75773333333336,0.0,0.0,7330.674560582068,6826.499301322809
2025-02-22,116,1.3483,2786.08,0.0,0.0,0.0,0.0,0.0,0.0,521.3676303519829,0.0,464.34666666666664,0.0,0.0,6826.499301322809,6310.558560582068
2025-02-22,117,1.349,2933.673,0.0,0.0,0.0,0.0,0.0,0.0,562.5697016099685,0.0,488.9455,0.0,0.0,6310.558560582068,5767.285782804291
2025-02-22,118,1.3473,2867.4709,0.0,0.0,0.0,0.0,0.0,0.0,551.7685072418175,0.0,477.91181666666665,0.0,0.0,5767.285782804291,5236.272653174661
2025-02-22,119,1.3482,2681.57,0.0,0.0,0.0,0.0,0.0,0.0,530.4522628702539,0.0,446.92833333333334,0.0,0.0,5236.272653174661,4739.6856161376245
2025-02-22,120,1.3513,2762.0736,0.0,0.0,0.0,0.0,0.0,0.0,519.323121595548,0.0,460.34560000000005,0.0,0.0,4739.6856161376245,4228.190505026513
2025-02-22,121,1.34,2736.2164,0.0,0.0,0.0,0.0,0.0,0.0,521.8089608314987,0.0,456.0360666666666,0.0,0.0,4228.190505026513,3721.4837642857724
2025-02-22,122,1.3489,2630.86,0.0,0.0,0.0,0.0,0.0,0.0,512.7573822526418,0.0,438.4766666666667,0.0,0.0,3721.4837642857724,3234.287467989476
2025-02-22,123,1.3952,2835.8186,0.0,0.0,0.0,0.0,0.0,0.0,564.7994930565684,0.0,472.63643333333334,0.0,0.0,3234.287467989476,2709.1358753968834
2025-02-22,124,1.2226,2843.6919,0.0,527.2327205630867,527.2327205630867,0.0,0.0,0.0,0.0,0.0,0.0,0.0,53.284070563086686,2709.1358753968834,2709.1358753968834
2025-02-22,125,0.9332,2594.5,0.0,521.8373779964699,521.8373779964699,0.0,0.0,0.0,0.0,0.0,0.0,0.0,89.42071132980317,2709.1358753968834,2709.1358753968834
2025-02-22,126,0.9068,2574.8078,0.0,535.7416394061067,535.7416394061067,0.0,0.0,0.0,0.0,0.0,0.0,0.0,106.6070060727734,2709.1358753968834,2709.1358753968834
2025-02-22,127,0.9371,2743.7729,0.0,544.7214213094536,544.7214213094536,0.0,0.0,0.0,0.0,0.0,0.0,0.0,87.42593797612028,2709.1358753968834,2709.1358753968834
2025-02-22,128,0.9371,2908.79,0.0,538.7420727963921,538.7420727963921,0.0,0.0,0.0,0.0,0.0,0.0,0.0,53.94373946305876,2709.1358753968834,2709.1358753968834
2025-02-22,129,0.9871,2904.7817,0.0,544.3926593910356,544.3926593910356,0.0,0.0,0.0,0.0,0.0,0.0,0.0,60.262376057702284,2709.1358753968834,2709.1358753968834
2025-02-22,130,0.7764,2728.8044,0.0,516.3849009069066,516.3849009069066,0.0,0.0,0.0,0.0,0.0,0.0,0.0,61.584167573573325,2709.1358753968834,2709.1358753968834
2025-02-22,131,0.4209,2468.49,0.0,431.49664560708703,431.49664560708703,0.0,0.0,0.0,0.0,0.0,0.0,0.0,20.08164560708707,2709.1358753968834,2709.1358753968834
2025-02-22,132,0.3859,2268.5689,0.0,419.0258544522749,419.0258544522749,0.0,0.0,0.0,0.0,0.0,0.0,0.0,40.931037785608225,2709.1358753968834,2709.1358753968834
2025-02-22,133,0.4368,2287.6979,0.0,440.69369867264186,440.69369867264186,0.0,0.0,0.0,0.0,0.0,0.0,0.0,59.410715339308524,2709.1358753968834,2709.1358753968834
2025-02-22,134,0.4198,2349.73,0.0,458.3163719882598,458.3163719882598,0.0,0.0,0.0,0.0,0.0,0.0,0.0,66.69470532159312,2709.1358753968834,2709.1358753968834
2025-02-22,135,0.4186,2154.921,0.0,450.3149366319724,450.3149366319724,0.0,0.0,0.0,0.0,0.0,0.0,0.0,91.16143663197244,2709.1358753968834,2709.1358753968834
2025-02-22,136,0.4241,2225.7868,0.0,462.336232739194,462.336232739194,0.0,0.0,0.0,0.0,0.0,0.0,0.0,91.37176607252735,2709.1358753968834,2709.1358753968834
2025-02-22,137,0.4237,2513.82,0.0,460.07376241715565,460.07376241715565,0.0,0.0,0.0,0.0,0.0,0.0,0.0,41.10376241715562,2709.1358753968834,2709.1358753968834
2025-02-22,138,0.4248,2431.3847,0.0,446.76558172047936,446.76558172047936,0.0,0.0,0.0,0.0,0.0,0.0,0.0,41.534798387146,2709.1358753968834,2709.1358753968834
2025-02-22,139,0.424,2335.0965,0.0,456.38636526422493,456.38636526422493,0.0,0.0,0.0,0.0,0.0,0.0,0.0,67.20361526422494,2709.1358753968834,2709.1358753968834
2025-02-22,140,0.422,2361.35,0.0,475.624244130406,475.624244130406,0.0,0.0,0.0,0.0,0.0,0.0,0.0,82.06591079707266,2709.1358753968834,2709.1358753968834
2025-02-22,141,0.424,2353.2333,0.0,454.40248798904423,454.40248798904423,0.0,0.0,0.0,0.0,0.0,0.0,0.0,62.19693798904427,2709.1358753968834,2709.1358753968834
2025-02-22,142,0.4271,2802.0442,0.0,466.4430595685638,466.4430595685638,0.0,0.0,0.0,0.0,0.0,0.0,0.5643070981028586,0.0,2709.1358753968834,2709.1358753968834
2025-02-22,143,0.4276,3501.77,0.0,565.9240192773149,565.9240192773149,0.0,0.0,0.0,0.0,0.0,0.0,17.70431405601846,0.0,2709.1358753968834,2709.1358753968834
2025-02-23,0,0.4248,3653.2341,0.0,1466.5473016245433,1466.5473016245433,0.0,0.0,833.3333333333334,0.0,833.3333333333333,0.0,0.0,24.34161829121001,2709.1358753968834,3459.1358753968834
2025-02-23,1,0.4245,3532.2424,0.0,1420.5473554279856,1420.5473554279856,0.0,0.0,833.3333333333334,0.0,831.8402887613189,0.0,0.0,0.0,3459.1358753968834,4207.79213528207
2025-02-23,2,0.4269,3459.66,0.0,1423.5926522036632,1423.5926522036632,0.0,0.0,833.3333333333404,0.0,833.3333333333333,0.0,0.0,13.649318870329921,4207.79213528207,4957.79213528207
2025-02-23,3,0.4272,3473.299,0.0,593.9321319639554,593.9321319639554,0.0,0.0,0.0,0.0,0.0,0.0,0.0,15.04896529728876,4957.79213528207,4957.79213528207
2025-02-23,4,0.4271,3422.0792,0.0,1486.4062802074448,1486.4062802074448,0.0,0.0,833.3333333333334,0.0,833.3333333333333,0.0,0.0,82.72641354077814,4957.79213528207,5707.79213528207
2025-02-23,5,0.4285,3350.9,0.0,1474.486925381921,1474.486925381921,0.0,0.0,833.3333333333334,0.0,833.3333333333333,0.0,0.0,82.67025871525448,5707.79213528207,6457.79213528207
2025-02-23,6,0.4311,3457.2413,0.0,583.5595636359379,583.5595636359379,0.0,0.0,0.0,0.0,0.0,0.0,0.0,7.35268030260454,6457.79213528207,6457.79213528207
2025-02-23,7,0.4302,3592.289,0.0,575.6127649398801,575.6127649398801,0.0,0.0,0.0,0.0,0.0,0.0,23.102068393453237,0.0,6457.79213528207,6457.79213528207
2025-02-23,8,0.4279,3653.18,0.0,1470.905360905581,1470.905360905581,0.0,0.0,833.3333333333334,0.0,833.3333333333333,0.0,0.0,28.70869423891429,6457.79213528207,7207.79213528207
2025-02-23,9,0.4312,3659.552,0.0,1478.1042220625004,1478.1042220625004,0.0,0.0,833.3333333333334,0.0,833.3333333333333,0.0,0.0,34.8455553958338,7207.79213528207,7957.79213528207
2025-02-23,10,0.4333,3585.2763,0.0,628.3883970688466,628.3883970688466,0.0,0.0,0.0,0.0,0.0,0.0,0.0,30.842347068846607,7957.79213528207,7957.79213528207
2025-02-23,11,0.4311,3502.88,0.0,612.9985932877887,612.9985932877887,0.0,0.0,0.0,0.0,0.0,0.0,0.0,29.18525995445532,7957.79213528207,7957.79213528207
2025-02-23,12,0.4293,3549.4666,0.0,612.9911171191391,612.9911171191391,0.0,0.0,0.0,0.0,0.0,0.0,0.0,21.4133504524724,7957.79213528207,7957.79213528207
2025-02-23,13,0.4324,3673.132,0.0,633.809438536712,633.809438536712,0.0,0.0,0.0,0.0,0.0,0.0,0.0,21.62077187004536,7957.79213528207,7957.79213528207
2025-02-23,14,0.4367,3751.14,0.0,638.2564553630315,638.2564553630315,0.0,0.0,0.0,0.0,0.0,0.0,0.0,13.066455363031537,7957.79213528207,7957.79213528207
2025-02-23,15,0.4348,3684.8701,0.0,631.7492567802632,631.7492567802632,0.0,0.0,0.0,0.0,0.0,0.0,0.0,17.60424011359646,7957.79213528207,7957.79213528207
2025-02-23,16,0.4335,3564.2261,0.0,1295.7090330039518,1295.7090330039518,0.0,0.0,656.5156940034503,0.0,656.5156940034503,0.0,0.0,45.15565566716816,7957.79213528207,8548.656259885176
2025-02-23,17,0.4357,3586.63,0.0,646.8589348942761,646.8589348942761,0.0,0.0,0.0,0.0,0.0,0.0,0.0,49.08726822760946,8548.656259885176,8548.656259885176
2025-02-23,18,0.4374,3864.6728,0.0,628.9125347801935,628.9125347801935,0.0,0.0,0.0,0.0,0.0,0.0,15.199598553139822,0.0,8548.656259885176,8548.656259885176
2025-02-23,19,0.4371,3953.4737,0.0,630.5672497134473,630.5672497134473,0.0,0.0,0.0,0.0,0.0,0.0,28.345033619886067,0.0,8548.656259885176,8548.656259885176
2025-02-23,20,0.4356,3778.13,0.0,676.2661200794972,676.2661200794972,0.0,0.0,0.0,0.0,0.0,0.0,0.0,46.57778674616384,8548.656259885176,8548.656259885176
2025-02-23,21,0.4353,3693.1107,0.0,680.6618639096081,680.6618639096081,0.0,0.0,0.0,0.0,0.0,0.0,0.0,65.14341390960806,8548.656259885176,8548.656259885176
2025-02-23,22,0.436,3728.627,0.0,656.7535527248596,656.7535527248596,0.0,0.0,0.0,0.0,0.0,0.0,0.0,35.31571939152627,8548.656259885176,8548.656259885176
2025-02-23,23,0.4378,3789.18,0.0,641.3210691137159,641.3210691137159,0.0,0.0,0.0,0.0,0.0,0.0,0.0,9.791069113715935,8548.656259885176,8548.656259885176
2025-02-23,24,0.4401,3784.28,0.0,655.3529357269329,655.3529357269329,0.0,0.0,0.0,0.0,0.0,0.0,0.0,24.63960239359949,8548.656259885176,8548.656259885176
2025-02-23,25,0.4389,3798.6426,0.0,686.6739343878286,686.6739343878286,0.0,0.0,0.0,0.0,0.0,0.0,0.0,53.56683438782852,8548.656259885176,8548.656259885176
2025-02-23,26,0.4364,3938.56,0.0,694.9022000857235,694.9022000857235,0.0,0.0,0.0,0.0,0.0,0.0,0.0,38.47553341905689,8548.656259885176,8548.656259885176
2025-02-23,27,0.4393,4172.0991,0.0,632.7914660993898,632.7914660993898,0.0,0.0,0.0,0.0,0.0,0.0,62.55838390061024,0.0,8548.656259885176,8548.656259885176
2025-02-23,28,0.4422,4039.2024,0.0,688.4178436934993,688.4178436934993,0.0,0.0,0.0,0.0,0.0,0.0,0.0,15.217443693499263,8548.656259885176,8548.656259885176
2025-02-23,29,0.4395,3750.28,0.0,696.1553333457318,696.1553333457318,0.0,0.0,0.0,0.0,0.0,0.0,0.0,71.1086666790651,8548.656259885176,8548.656259885176
2025-02-23,30,0.4333,3998.8203,0.0045,1507.604984173261,1507.604984173261,0.0,0.0,833.3333333333334,0.0,833.3333333333333,0.0,0.0,7.802350839927726,8548.656259885176,9298.656259885176
2025-02-23,31,0.4439,4314.3401,0.0,653.6150537619993,653.6150537619993,0.0,0.0,0.0,0.0,0.0,0.0,65.44162957133403,0.0,9298.656259885176,9298.656259885176
2025-02-23,32,0.4301,4216.02,0.0,1542.5715628507594,1542.5715628507594,0.0,0.0,833.3333333333334,0.0,833.3333333333333,0.0,0.0,6.568229517426062,9298.656259885176,10048.656259885176
2025-02-23,33,0.3713,3799.5495,0.0627,1528.2819838568219,1528.2819838568219,0.0,0.0,833.3333333333334,0.0,833.3333333333333,0.0,0.0,61.70085052348861,10048.656259885176,10798.656259885176
2025-02-23,34,0.5708,4233.84,0.0,747.827237066885,747.827237066885,0.0,0.0,0.0,0.0,0.0,0.0,0.0,42.18723706688502,10798.656259885176,10798.656259885176
2025-02-23,35,0.9099,5223.52,0.0,74.72717230968078,74.72717230968078,0.0,0.0,0.0,833.3333333333334,0.0,795.8594943569859,0.0,0.0,10798.656259885176,9914.367932821859
2025-02-23,36,0.9368,5283.915,0.8736,39.90065734060249,39.90065734060249,0.0,0.0,0.0,830.7380646448253,0.0,830.7380646448253,9.868178014572322,0.0,9914.367932821859,8991.325638772052
2025-02-23,37,0.8758,5060.7204,0.3058,10.595425577825722,10.595425577825722,0.0,0.0,0.0,812.5418698956341,0.0,812.5418698956341,20.265137859873448,0.0,8991.325638772052,8088.501338888014
2025-02-23,38,0.8759,5067.34,67.875,28.83208936970709,28.83208936970709,0.0,0.0,0.0,822.2967587715169,0.0,804.4120772969596,0.0,0.0,8088.501338888014,7194.710141891393
2025-02-23,39,0.8601,5138.9405,295.0933,747.062537599289,747.062537599289,0.0,0.0,0.0,66.21524468956386,0.0,60.24532906737753,0.0,0.0,7194.710141891393,7127.770887372084
2025-02-23,40,0.8442,5138.5733,575.6469,815.3070868488852,815.3070868488852,0.0,0.0,0.0,0.0,0.0,0.0,0.0,54.819353515551825,7127.770887372084,7127.770887372084
2025-02-23,41,0.8334,5063.84,842.1375,773.8528794517059,773.8528794517059,0.0,0.0,0.0,0.0,0.0,0.0,0.0,70.2357961183726,7127.770887372084,7127.770887372084
2025-02-23,42,0.8092,5021.3723,1117.2789,741.9821210514984,741.9821210514984,0.0,0.0,0.0,0.0,0.0,0.0,0.0,91.29988771816511,7127.770887372084,7127.770887372084
2025-02-23,43,0.7972,5068.1241,1425.1708,655.7294902652087,655.7294902652087,0.0,0.0,0.0,7.482025165235314,0.0,0.0,0.0,48.57060693187532,7127.770887372084,7127.770887372084
2025-02-23,44,0.7644,5121.24,1734.825,587.644767252258,587.644767252258,0.0,0.0,4.553649124439119e-14,0.0,4.553649124439119e-14,0.0,0.0,23.242267252257943,7127.770887372084,7127.770887372084
2025-02-23,45,0.6899,5147.2537,1991.8862,1372.8433811164284,1372.8433811164284,0.0,0.0,830.1905596186072,0.0,830.1905596186072,0.0,0.0,16.758238164487807,7127.770887372084,7874.942391028831
2025-02-23,46,0.86,5770.3191,2264.018,590.4996510123739,590.4996510123739,0.0,0.0,0.0,0.0,0.0,0.0,0.0,6.1161343457072235,7874.942391028831,7874.942391028831
2025-02-23,47,1.1617,6774.47,2596.95,0.0,0.0,0.0,0.0,0.0,737.8355043546995,0.0,696.2533333333333,0.0,0.0,7874.942391028831,7101.327576214016
2025-02-23,48,1.1683,7208.9983,2994.6632,0.0,0.0,0.0,0.0,0.0,701.2781614353722,0.0,701.2781614353722,1.1110218979612227,0.0,7101.327576214016,6322.129619063602
2025-02-23,49,1.0956,7204.4884,3498.6174,0.0,0.0,0.0,0.0,0.0,651.0222136704666,0.0,617.6451666666668,0.0,0.0,6322.129619063602,5635.8572116561945
2025-02-23,50,1.0849,7095.93,3985.65,0.0,0.0,0.0,0.0,0.0,603.2078779203947,0.0,518.38,0.0,0.0,5635.8572116561945,5059.879433878416
2025-02-23,51,1.061,7053.5686,4281.0789,0.0,0.0,0.0,0.0,0.0,497.46870471547686,0.0,462.0816166666665,0.0,0.0,5059.879433878416,4546.455415359898
2025-02-23,52,1.043,6909.1248,4677.9868,0.0,0.0,0.0,0.0,0.0,371.67320704567715,0.0,371.67320704567715,0.1831262876562505,0.0,4546.455415359898,4133.485185309146
2025-02-23,53,1.036,6696.45,5031.9,0.0,0.0,0.0,0.0,0.0,296.81207427813774,0.0,277.42500000000007,0.0,0.0,4133.485185309146,3825.235185309146
2025-02-23,54,1.0147,6662.0902,4914.1915,0.0,0.0,0.0,0.0,0.0,277.09673464496115,0.0,277.09673464496115,14.219715355038772,0.0,3825.235185309146,3517.3499245925223
2025-02-23,55,0.9922,6759.9485,4952.1155,0.0,0.0,0.0,0.0,0.0,279.5521636555882,0.0,279.5521636555882,21.75333634441199,0.0,3517.3499245925223,3206.7364094196464
2025-02-23,56,0.97,6873.15,5288.4375,0.0,0.0,0.0,0.0,0.0,250.5943613158764,0.0,250.5943613158764,13.524388684123466,0.0,3206.7364094196464,2928.298230179784
2025-02-23,57,0.9422,6914.4582,5456.7368,0.0,0.0,0.0,0.0,0.0,192.70132009959343,0.0,192.70132009959343,50.25224656707326,0.0,2928.298230179784,2714.1856522913467
2025-02-23,58,0.9569,6895.6271,5563.6268,0.0,0.0,0.0,0.0,0.0,166.69587953610667,0.0,166.69587953610667,55.304170463893314,0.0,2714.1856522913467,2528.9680083623393
2025-02-23,59,0.9977,6910.76,5673.6,0.0,0.0,0.0,0.0,0.0,156.57010381968317,0.0,156.57010381968317,49.6232295136501,0.0,2528.9680083623393,2355.001226340469
2025-02-23,60,0.9919,7026.4821,5731.5094,0.0,0.0,0.0,0.0,0.0,148.12718606311924,0.0,148.12718606311924,67.70159727021402,0.0,2355.001226340469,2190.4154640481147
2025-02-23,61,0.9588,6984.5031,5965.3004,0.0,0.0,0.0,0.0,0.0,116.22463669951821,0.0,116.22463669951821,53.64247996714846,0.0,2190.4154640481147,2061.2769788264277
2025-02-23,62,0.9549,6800.61,6379.2,0.0,0.0,0.0,0.0,0.0,89.8467953351322,0.0,70.2349999999999,0.0,0.0,2061.2769788264277,1983.238089937539
2025-02-23,63,0.9839,6756.6519,6740.096,0.0,0.0,0.0,0.0,0.0,21.841015151661242,0.0,2.759316666666564,0.0,0.0,1983.238089937539,1980.1721825301315
2025-02-23,64,0.799,6777.3404,7044.518,0.0,0.0,0.0,0.0,0.0,0.0,0.0,0.0,0.0,44.52960000000007,1980.1721825301315,1980.1721825301315
2025-02-23,65,0.5025,6748.26,7179.45,922.0199372593136,886.1520122593137,0.0,35.8679249999999,833.3333333333334,0.0,833.3333333333333,0.0,0.0,124.6836789259803,1980.1721825301315,2730.1721825301315
2025-02-23,66,0.4662,6647.4546,7020.6292,866.8496792044073,820.4307125377408,0.0,46.418966666666506,833.3333333333334,0.0,833.3333333333333,0.0,0.0,49.2931458710741,2730.1721825301315,3480.1721825301315
2025-02-23,67,0.5007,6602.7927,7052.2472,874.1603486950381,817.9197486950378,0.0,56.24060000000031,833.3333333333334,0.0,833.3333333333333,0.0,0.0,59.495498695037895,3480.1721825301315,4230.172182530132
2025-02-23,68,0.4827,6693.95,7288.6875,931.3693340116909,865.3071006783571,0.0,66.06223333333378,833.3333333333334,0.0,833.3333333333333,0.0,0.0,131.0966840116905,4230.172182530132,4980.172182530132
2025-02-23,69,0.4785,6825.6181,7273.436,958.3759373175634,903.6434268474623,0.0,54.73251047010115,833.3333333333334,0.0,833.3333333333333,0.0,0.0,144.94641018079528,4980.172182530132,5730.172182530132
2025-02-23,70,0.4662,6573.0284,7151.1114,960.1064714381295,897.7665914681199,0.0,62.33987997000952,833.3333333333334,0.0,833.3333333333333,0.0,0.0,160.78042480145314,5730.172182530132,6480.172182530132
2025-02-23,71,0.4432,6118.36,6985.7625,962.1986608742629,866.6715275409294,0.0,95.5271333333335,833.3333333333334,0.0,833.3333333333333,0.0,0.0,177.90527754092966,6480.172182530132,7230.172182530132
2025-02-23,72,0.4411,6082.6393,6672.6042,907.5315214180441,771.4798786636865,0.0,136.05164275435766,833.3333333333334,0.0,833.3333333333333,0.0,0.0,36.47402866368668,7230.172182530132,7980.172182530132
2025-02-23,73,0.4551,6109.2877,6378.4867,893.4824500100711,769.2403970395652,0.0,124.24205297050594,833.3333333333334,0.0,814.1068970395654,0.0,0.0,0.0,7980.172182530132,8712.86838986574
2025-02-23,74,0.4463,6056.55,6253.0125,942.9755447650963,755.5307072650965,0.0,187.44483749999984,833.3333333333334,0.0,788.2744572650964,0.0,0.0,0.0,8712.86838986574,9422.315401404327
2025-02-23,75,0.4113,6159.5885,6355.8648,977.4231830238022,771.1369038571355,0.0,206.28627916666665,833.3333333333334,0.0,803.8496205238021,0.0,0.0,0.0,9422.315401404327,10145.78005987575
2025-02-23,76,0.5682,6299.7833,6723.9525,1019.2538856189706,577.5473079328742,0.0,441.70657768609635,616.7544764805704,0.0,616.7544764805704,0.0,0.0,31.48769811897057,10145.78005987575,10700.859088708263
2025-02-23,77,0.8279,6394.72,7067.0625,110.80768977696152,0.0,0.0,110.80768977696152,8.715435238260099,0.0,8.715435238260099,0.0,0.0,103.34164809507327,10700.859088708263,10708.702980422697
2025-02-23,78,0.8636,6462.8024,6987.5636,153.15532971136645,0.0,5.684341886080802e-14,153.1553297113665,7.672107692133664,0.0,7.672107692133664,0.0,0.0,79.78809230786632,10708.702980422697,10715.607877345617
2025-02-23,79,0.8416,6414.1273,6920.58,99.50268283772084,24.156142206379325,0.0,75.34654063134151,0.0,0.0,0.0,0.0,0.0,108.5649255397127,10715.607877345617,10715.607877345617
2025-02-23,80,0.8618,6301.94,6895.425,75.95205940700998,75.95205940700998,0.0,0.0,0.0,0.0,0.0,0.0,0.0,174.86622607367667,10715.607877345617,10715.607877345617
2025-02-23,81,0.8623,6297.8948,6506.5964,98.13639867191318,8.417892368138837,0.0,89.71850630377435,0.0,0.0,0.0,0.0,0.0,43.201492368138815,10715.607877345617,10715.607877345617
2025-02-23,82,0.9026,6360.4377,6070.0792,126.81981834778662,0.0,0.0,126.81981834778662,0.0,123.40063711457151,0.0,48.393083333333266,0.0,0.0,10715.607877345617,10661.837784753025
2025-02-23,83,0.9754,6387.4,5874.6375,0.0,0.0,0.0,0.0,0.0,150.0384411134337,0.0,85.46041666666667,0.0,0.0,10661.837784753025,10566.881766234506
2025-02-23,84,1.0002,6302.6409,5923.2863,0.0,0.0,0.0,0.0,0.0,169.34661407427862,0.0,63.2257666666668,0.0,0.0,10566.881766234506,10496.630914382655
2025-02-23,85,0.9978,6157.6904,5942.4513,0.0,0.0,0.0,0.0,0.0,181.9271741050693,0.0,35.873183333333486,0.0,0.0,10496.630914382655,10456.771821790062
2025-02-23,86,1.0271,6078.23,5794.05,0.0,0.0,0.0,0.0,0.0,203.18955787461323,0.0,47.36333333333323,0.0,0.0,10456.771821790062,10404.145895864136
2025-02-23,87,1.0906,6170.6557,5529.0012,0.0,0.0,0.0,0.0,0.0,242.82366756286356,0.0,106.94241666666676,0.0,0.0,10404.145895864136,10285.320988456728
2025-02-23,88,0.9376,6298.4012,5150.5796,138.4240648475132,0.0,0.0,138.4240648475132,0.0,311.21009032472676,0.0,191.30359999999996,0.0,0.0,10285.320988456728,10072.761432901172
2025-02-23,89,0.6694,6329.15,4772.7,357.59524096577485,397.79264325623325,40.1974022904584,0.0,44.01652280071742,0.0,44.01652280071742,0.0,0.0,94.36778712218236,10072.761432901172,10112.376303421817
2025-02-23,90,0.66,6241.1276,4530.1324,1406.5402870322364,1158.4692703655696,0.0,248.07101666666676,833.3333333333334,0.0,764.0263295313141,0.0,0.0,109.27707416758903,10112.376303421817,10800.0
2025-02-23,91,0.7217,6187.7879,4160.6463,1394.227547432015,1161.429560025819,0.0,232.79798740619594,828.7441959271321,0.0,0.0,0.0,0.0,823.5726266924858,10800.0,10800.0
2025-02-23,92,0.7308,6249.08,3726.3,491.0536760599179,393.4645706581773,3.504416793636267,101.09352219537686,0.0,0.0,0.0,0.0,26.998762675155945,0.0,10800.0,10800.0
2025-02-23,93,0.7534,6335.1972,3548.0906,505.7821676241199,422.0789236737403,5.280393549620555,88.98363750000016,0.0,0.0,0.0,0.0,42.43884299292631,0.0,10800.0,10800.0
2025-02-23,94,0.7823,6168.1656,3303.0016,555.5579019901519,524.6478299235832,0.0,30.91007206656866,0.0,0.0,0.0,0.0,0.0,47.120496590249786,10800.0,10800.0
2025-02-23,95,0.8055,5981.24,2954.4,626.4915001714088,616.3619995526865,0.0,10.129500618722318,0.0,0.0,0.0,0.0,0.0,111.88866621935324,10800.0,10800.0
2025-02-23,96,0.8271,6256.3378,2778.7688,686.5858661769277,644.1797230250213,0.0,42.40614315190635,0.0,0.0,0.0,0.0,0.0,64.58488969168798,10800.0,10800.0
2025-02-23,97,0.8519,6281.8394,2511.4884,713.5951908557405,660.8554051813775,3.5184143256371954,56.258200000000215,0.0,0.0,0.0,0.0,0.0,32.46357184804424,10800.0,10800.0
2025-02-23,98,0.8791,5946.33,2081.1375,748.572714584412,752.820840973301,4.248126388888977,0.0,0.0,0.0,0.0,0.0,0.0,108.62209097330094,10800.0,10800.0
2025-02-23,99,0.9024,5875.5449,1697.2468,791.6760221597939,773.8247791406102,0.0,17.8512430191837,0.0,0.0,0.0,0.0,0.0,77.44176247394353,10800.0,10800.0
2025-02-23,100,0.9163,6024.1489,1360.0797,853.5551441733437,853.5551441733437,0.0,0.0,0.0,0.0,0.0,0.0,0.0,76.21027750667702,10800.0,10800.0
2025-02-23,101,0.9264,6150.21,1029.6375,915.9912186256726,915.9912186256726,0.0,0.0,0.0,0.0,0.0,0.0,0.0,62.56246862567241,10800.0,10800.0
2025-02-23,102,0.9462,6086.4439,687.9566,939.1938528457596,938.9025361790929,0.0,0.29131666666671663,0.0,0.0,0.0,0.0,0.0,39.15465284575953,10800.0,10800.0
2025-02-23,103,0.9742,6033.1703,345.2263,977.6997479636863,977.6997479636863,0.0,0.0,0.0,0.0,0.0,0.0,0.0,29.709081297019566,10800.0,10800.0
2025-02-23,104,0.9862,6134.06,84.15,972.3900185648976,972.3900185648976,0.0,0.0,0.0,0.0,0.0,0.0,35.928314768435804,0.0,10800.0,10800.0
2025-02-23,105,0.976,6204.4026,2.6492,1045.7633381793669,1045.7633381793669,0.0,0.0,0.0,0.0,0.0,0.0,0.0,12.137771512700283,10800.0,10800.0
2025-02-23,106,1.0742,5407.301,0.185,947.6307162196737,947.6307162196737,0.0,0.0,0.0,0.0,0.0,0.0,0.0,46.44471621967364,10800.0,10800.0
2025-02-23,107,1.2313,4253.06,0.0,735.8458027127522,735.819319379419,0.0,0.026483333333203518,0.0,0.0,0.0,0.0,0.0,26.97598604608561,10800.0,10800.0
2025-02-23,108,1.2561,4185.6462,0.0,696.1988330280718,696.1988330280718,0.0,0.0,0.0,0.0,0.0,0.0,1.4088669719282052,0.0,10800.0,10800.0
2025-02-23,109,1.2447,4386.8744,0.0133,735.1907393293286,735.1907393293286,0.0,0.0,0.0,0.0,0.0,0.0,0.0,4.047222662661966,10800.0,10800.0
2025-02-23,110,1.2545,4313.1,0.0,764.3681037972123,764.3681037972123,0.0,0.0,0.0,0.0,0.0,0.0,0.0,45.518103797212234,10800.0,10800.0
2025-02-23,111,1.2522,4238.6829,0.0,750.839757567291,750.839757567291,0.0,0.0,0.0,0.0,0.0,0.0,0.0,44.392607567291066,10800.0,10800.0
2025-02-23,112,1.2881,4275.9401,0.0,271.95510215518334,271.95510215518334,0.0,0.0,0.0,482.6322496105562,0.0,440.7015811781499,0.0,0.0,10800.0,10310.331576468723
2025-02-23,113,1.3466,4318.11,0.0,0.0,0.0,0.0,0.0,0.0,763.5860787960563,0.0,719.685,0.0,0.0,10310.331576468723,9510.681576468724
2025-02-23,114,1.3523,4208.4311,0.0,0.0,0.0,0.0,0.0,0.0,763.999008562906,0.0,701.4051833333333,0.0,0.0,9510.681576468724,8731.342483876131
2025-02-23,115,1.3445,4248.6928,0.0,0.0,0.0,0.0,0.0,0.0,747.9189634144755,0.0,708.1154666666666,0.0,0.0,8731.342483876131,7944.547520913168
2025-02-23,116,1.3483,4446.17,0.0,0.0,0.0,0.0,0.0,0.0,736.1029224470136,0.0,736.1029224470136,4.925410886319696,0.0,7944.547520913168,7126.655384860931
2025-02-23,117,1.349,4486.9072,0.0,0.0,0.0,0.0,0.0,0.0,741.1352403800494,0.0,741.1352403800494,6.682626286617278,0.0,7126.655384860931,6303.171784438654
2025-02-23,118,1.3473,4415.725,0.0,0.0,0.0,0.0,0.0,0.0,739.8846912000987,0.0,735.9541666666668,0.0,0.0,6303.171784438654,5485.444932586802
2025-02-23,119,1.3482,4363.73,0.0,0.0,0.0,0.0,0.0,0.0,752.1824092148636,0.0,727.2883333333333,0.0,0.0,5485.444932586802,4677.346784438654
2025-02-23,120,1.3513,4399.782,0.0,0.0,0.0,0.0,0.0,0.0,743.0539413870634,0.0,733.297,0.0,0.0,4677.346784438654,3862.57233999421
2025-02-23,121,1.34,4384.8817,0.0,0.0,0.0,0.0,0.0,0.0,725.8691480972707,0.0,725.8691480972707,4.944468569396008,0.0,3862.57233999421,3056.051064330576
2025-02-23,122,1.3489,4342.77,0.0,0.0,0.0,0.0,0.0,0.0,711.9042011402593,0.0,711.9042011402593,11.890798859740812,0.0,3056.051064330576,2265.0463963969546
2025-02-23,123,1.3952,4395.6994,0.0,0.0,0.0,0.0,0.0,0.0,731.7311457493876,0.0,731.7311457493876,0.8854209172791343,0.0,2265.0463963969546,1452.0117900087462
2025-02-23,124,1.2226,4229.7441,0.0,729.8477081673504,729.8477081673504,0.0,0.0,0.0,0.0,0.0,0.0,0.0,24.890358167350428,1452.0117900087462,1452.0117900087462
2025-02-23,125,0.9332,4062.16,0.0,697.6171017295179,697.6171017295179,0.0,0.0,0.0,0.0,0.0,0.0,0.0,20.59043506285127,1452.0117900087462,1452.0117900087462
2025-02-23,126,0.9068,4415.282,0.0,718.5538000696155,718.5538000696155,0.0,0.0,0.0,0.0,0.0,0.0,17.32653326371792,0.0,1452.0117900087462,1452.0117900087462
2025-02-23,127,0.9371,4508.4584,0.0,716.508124224727,716.508124224727,0.0,0.0,0.0,8.185452315956353e-13,0.0,8.185452315956353e-13,34.90160910860559,0.0,1452.0117900087462,1452.0117900087453
2025-02-23,128,0.9371,4298.36,0.0,739.4973130244771,739.4973130244771,0.0,0.0,0.0,0.0,0.0,0.0,0.0,23.103979691143763,1452.0117900087453,1452.0117900087453
2025-02-23,129,0.9871,4437.4575,0.0,760.1963183726176,760.1963183726176,0.0,0.0,0.0,0.0,0.0,0.0,0.0,20.62006837261754,1452.0117900087453,1452.0117900087453
2025-02-23,130,0.7764,4133.2173,0.0,684.1367740080592,684.1367740080592,0.0,0.0,0.0,0.0,0.0,0.0,4.732775991940798,0.0,1452.0117900087453,1452.0117900087453
2025-02-23,131,0.4209,3410.27,0.0,563.0931362266926,563.0931362266926,0.0,0.0,0.0,0.0,0.0,0.0,5.28519710664068,0.0,1452.0117900087453,1452.0117900087453
2025-02-23,132,0.3859,3204.6159,0.0,543.6831716773303,543.6831716773303,0.0,0.0,0.0,0.0,0.0,0.0,0.0,9.580521677330353,1452.0117900087453,1452.0117900087453
2025-02-23,133,0.4368,3337.9124,0.0,563.938666174999,563.938666174999,0.0,0.0,0.0,0.0,0.0,0.0,0.0,7.619932841665559,1452.0117900087453,1452.0117900087453
2025-02-23,134,0.4198,3360.14,0.0,559.4422201847767,559.4422201847767,0.0,0.0,0.0,0.0,0.0,0.0,0.5811131485565966,0.0,1452.0117900087453,1452.0117900087453
2025-02-23,135,0.4186,3058.3791,0.0,554.7725797963184,554.7725797963184,0.0,0.0,0.0,0.0,0.0,0.0,0.0,45.04272979631838,1452.0117900087453,1452.0117900087453
2025-02-23,136,0.4241,3051.9814,0.0,583.6005270035611,583.6005270035611,0.0,0.0,0.0,0.0,0.0,0.0,0.0,74.9369603368944,1452.0117900087453,1452.0117900087453
2025-02-23,137,0.4237,3345.11,0.0,589.9999880267424,589.9999880267424,0.0,0.0,0.0,0.0,0.0,0.0,0.0,32.48165469340904,1452.0117900087453,1452.0117900087453
2025-02-23,138,0.4248,3353.7879,0.0,555.3486871128349,555.3486871128349,0.0,0.0,0.0,0.0,0.0,0.0,3.6159628871650966,0.0,1452.0117900087453,1452.0117900087453
2025-02-23,139,0.424,3410.0531,0.0,561.4633207387906,561.4633207387906,0.0,0.0,0.0,0.0,0.0,0.0,6.878862594542738,0.0,1452.0117900087453,1452.0117900087453
2025-02-23,140,0.422,3547.7,0.0,603.8830649310606,603.8830649310606,0.0,0.0,0.0,0.0,0.0,0.0,0.0,12.599731597727327,1452.0117900087453,1452.0117900087453
2025-02-23,141,0.424,3428.7737,0.0,596.6683611174394,596.6683611174394,0.0,0.0,0.0,0.0,0.0,0.0,0.0,25.206077784106014,1452.0117900087453,1452.0117900087453
2025-02-23,142,0.4271,3355.6136,0.0,583.1377129068258,583.1377129068258,0.0,0.0,0.0,0.0,0.0,0.0,0.0,23.86877957349236,1452.0117900087453,1452.0117900087453
2025-02-23,143,0.4276,3389.9,0.0,583.9096442461431,583.9096442461431,0.0,0.0,0.0,0.0,0.0,0.0,0.0,18.926310912809754,1452.0117900087453,1452.0117900087453
2025-02-24,0,0.4248,3298.8996,0.0,1428.6165364979177,1428.6165364979177,0.0,0.0,833.3333333333334,0.0,833.3333333333333,0.0,0.0,45.4666031645844,1452.0117900087453,2202.0117900087453
2025-02-24,1,0.4245,3288.6824,0.0,1420.6071417301564,1420.6071417301564,0.0,0.0,833.3333333333334,0.0,833.3333333333333,0.0,0.0,39.160075063489785,2202.0117900087453,2952.0117900087453
2025-02-24,2,0.4269,3450.98,0.0,552.308736758851,552.308736758851,0.0,0.0,0.0,0.0,0.0,0.0,22.854596574482343,0.0,2952.0117900087453,2952.0117900087453
2025-02-24,3,0.4272,3622.7712,0.0,1437.558328147692,1437.558328147692,0.0,0.0,833.3333333333334,0.0,833.3333333333333,0.0,0.0,0.4297948143587291,2952.0117900087453,3702.0117900087453
2025-02-24,4,0.4271,3554.1812,0.0,1454.8826303760175,1454.8826303760175,0.0,0.0,833.3333333333334,0.0,833.3333333333333,0.0,0.0,29.18576370935091,3702.0117900087453,4452.011790008745
2025-02-24,5,0.4285,3388.5,0.0,1463.164827669027,1463.164827669027,0.0,0.0,833.3333333333334,0.0,833.3333333333333,0.0,0.0,65.08149433569383,4452.011790008745,5202.011790008745
2025-02-24,6,0.4311,3512.7373,0.0,1444.0637931351525,1444.0637931351525,0.0,0.0,833.3333333333334,0.0,833.3333333333333,0.0,0.0,25.274243135152688,5202.011790008745,5952.011790008745
2025-02-24,7,0.4302,3650.4318,0.0,1446.274172871427,1446.274172871427,0.0,0.0,833.3333333333334,0.0,833.3333333333333,0.0,0.0,4.535539538093758,5952.011790008745,6702.011790008745
2025-02-24,8,0.4279,3607.7,0.0,1449.2207942367695,1449.2207942367695,0.0,0.0,833.3333333333334,0.0,833.3333333333333,0.0,0.0,14.604127570102946,6702.011790008745,7452.011790008745
2025-02-24,9,0.4312,3470.6979,0.0,1454.0606219680494,1454.0606219680494,0.0,0.0,833.3333333333334,0.0,833.3333333333333,0.0,0.0,42.27763863471614,7452.011790008745,8202.011790008746
2025-02-24,10,0.4333,3427.5689,0.0,1025.5699755589662,1025.5699755589662,0.0,0.0,386.65356665694867,0.0,386.65356665694867,0.0,0.0,67.65492556868423,8202.011790008746,8550.0
2025-02-24,11,0.4311,3546.68,0.0,621.2022853208124,621.2022853208124,0.0,0.0,0.0,0.0,0.0,0.0,0.0,30.08895198747905,8550.0,8550.0
2025-02-24,12,0.4293,3715.574,0.0,1489.8968248255785,1489.8968248255785,0.0,0.0,833.3333333333334,0.0,833.3333333333333,0.0,0.0,37.3011581589119,8550.0,9300.0
2025-02-24,13,0.4324,3683.6027,0.0,641.9663324706207,641.9663324706207,0.0,0.0,0.0,0.0,0.0,0.0,0.0,28.032549137287447,9300.0,9300.0
2025-02-24,14,0.4367,3511.47,0.0,641.1096408953725,641.1096408953725,0.0,0.0,0.0,0.0,0.0,0.0,0.0,55.86464089537253,9300.0,9300.0
2025-02-24,15,0.4348,3505.3853,0.0,625.3530383344151,625.3530383344151,0.0,0.0,0.0,0.0,0.0,0.0,0.0,41.122155001081865,9300.0,9300.0
2025-02-24,16,0.4335,3582.4448,0.0,632.0948283449783,632.0948283449783,0.0,0.0,0.0,0.0,0.0,0.0,0.0,35.020695011644875,9300.0,9300.0
2025-02-24,17,0.4357,3699.68,0.0,660.165085396207,660.165085396207,0.0,0.0,0.0,0.0,0.0,0.0,0.0,43.551752062873675,9300.0,9300.0
2025-02-24,18,0.4374,3875.7489,0.0,651.8364673377126,651.8364673377126,0.0,0.0,0.0,0.0,0.0,0.0,0.0,5.878317337712588,9300.0,9300.0
2025-02-24,19,0.4371,3830.9702,0.0,665.700113758096,665.700113758096,0.0,0.0,0.0,0.0,0.0,0.0,0.0,27.205080424762627,9300.0,9300.0
2025-02-24,20,0.4356,3645.1,0.0,646.7066162533985,646.7066162533985,0.0,0.0,0.0,0.0,0.0,0.0,0.0,39.189949586731814,9300.0,9300.0
2025-02-24,21,0.4353,3693.8762,0.0,635.8088232385542,635.8088232385542,0.0,0.0,0.0,0.0,0.0,0.0,0.0,20.162789905220848,9300.0,9300.0
2025-02-24,22,0.436,3803.0873,0.0,652.2300676906268,652.2300676906268,0.0,0.0,0.0,0.0,0.0,0.0,0.0,18.382184357293454,9300.0,9300.0
2025-02-24,23,0.4378,3847.65,0.0,674.2152026807349,674.2152026807349,0.0,0.0,0.0,0.0,0.0,0.0,0.0,32.940202680734956,9300.0,9300.0
2025-02-24,24,0.4401,3874.8125,0.0,666.7085647274365,666.7085647274365,0.0,0.0,0.0,0.0,0.0,0.0,0.0,20.90648139410314,9300.0,9300.0
2025-02-24,25,0.4389,3858.2428,0.0,671.8275196374856,671.8275196374856,0.0,0.0,0.0,0.0,0.0,0.0,0.0,28.787052970818877,9300.0,9300.0
2025-02-24,26,0.4364,3812.5,0.0,702.6091238515837,702.6091238515837,0.0,0.0,0.0,0.0,0.0,0.0,0.0,67.19245718491709,9300.0,9300.0
2025-02-24,27,0.4393,3802.669,0.0,683.2712827553314,683.2712827553314,0.0,0.0,0.0,0.0,0.0,0.0,0.0,49.493116088664806,9300.0,9300.0
2025-02-24,28,0.4422,3848.6174,0.0017,670.6177907035079,670.6177907035079,0.0,0.0,0.0,0.0,0.0,0.0,0.0,29.181840703507874,9300.0,9300.0
2025-02-24,29,0.4395,3918.21,0.0,653.5839347526954,653.5839347526954,0.0,0.0,0.0,0.0,0.0,0.0,0.0,0.5489347526954589,9300.0,9300.0
2025-02-24,30,0.4333,3942.7078,0.0,667.8249019654701,667.8249019654701,0.0,0.0,0.0,0.0,0.0,0.0,0.0,10.706935298803387,9300.0,9300.0
2025-02-24,31,0.4439,3870.9135,0.024,682.1035382787503,682.1035382787503,0.0,0.0,0.0,0.0,0.0,0.0,0.0,36.955288278750345,9300.0,9300.0
2025-02-24,32,0.4301,3744.23,0.0,1528.3828185405218,1528.3828185405218,0.0,0.0,833.3333333333334,0.0,833.3333333333333,0.0,0.0,71.01115187385528,9300.0,10050.0
2025-02-24,33,0.3713,3749.6415,0.0,1504.7495834132842,1504.7495834132842,0.0,0.0,833.3333333333334,0.0,833.3333333333333,0.0,0.0,46.47600007995095,10050.0,10800.0
2025-02-24,34,0.5708,4274.2955,0.3346,748.2424476043226,748.2424476043226,0.0,0.0,0.0,0.0,0.0,0.0,0.0,35.915630937655806,10800.0,10800.0
2025-02-24,35,0.9099,5047.81,0.0,54.07480873566567,54.07480873566567,0.0,0.0,0.0,833.3333333333334,0.0,787.2268579310011,0.0,0.0,10800.0,9925.303491187777
2025-02-24,36,0.9368,5309.1383,0.0,39.493202083000824,39.493202083000824,0.0,0.0,0.0,832.1192750000001,0.0,832.1192750000001,13.243906250332316,0.0,9925.303491187777,9000.726518965554
2025-02-24,37,0.8758,5165.6899,8.5274,0.0,0.0,0.0,0.0,0.0,809.9205270422295,0.0,809.9205270422295,49.60655629110386,0.0,9000.726518965554,8100.814822251965
2025-02-24,38,0.8759,5056.51,104.4,0.7721719002935288,0.7721719002935288,0.0,0.0,0.0,829.1017139670626,0.0,824.5794947663732,0.0,0.0,8100.814822251965,7184.615383622661
2025-02-24,39,0.8601,5312.1267,363.6268,440.88037362030855,440.88037362030855,0.0,0.0,0.0,378.3126303641026,0.0,378.3126303641026,5.556979348922141,0.0,7184.615383622661,6764.268016551437
2025-02-24,40,0.8442,5425.4876,663.7178,818.3335242576364,818.3335242576364,0.0,0.0,3.0934749999998985,0.0,3.0934749999998985,0.0,0.0,21.61174925763646,6764.268016551437,6767.052144051437
2025-02-24,41,0.8334,5213.89,947.475,773.5185591173389,773.5185591173389,0.0,0.0,0.0,0.0,0.0,0.0,0.0,62.449392450672235,6767.052144051437,6767.052144051437
2025-02-24,42,0.8092,4994.7242,1264.6881,700.7854767591526,700.7854767591526,0.0,0.0,4.7821011401838405,0.0,4.7821011401838405,0.0,0.0,74.33069228563545,6767.052144051437,6771.356035077602
2025-02-24,43,0.7972,4936.6066,1627.275,639.1647734151851,639.1647734151851,0.0,0.0,16.62461693292005,0.0,16.62461693292005,0.0,0.0,70.98488981559831,6771.356035077602,6786.318190317231
2025-02-24,44,0.7644,4949.58,1994.175,568.8847859747249,568.8847859747249,0.0,0.0,11.784556836896172,0.0,11.784556836896172,0.0,0.0,64.53272913782882,6786.318190317231,6796.924291470437
2025-02-24,45,0.6899,4942.4414,2304.8699,1367.6289137237436,1359.7986123348546,0.0,7.830301388888984,833.3333333333334,0.0,833.3333333333333,0.0,0.0,86.8700290015214,6796.924291470437,7546.924291470437
2025-02-24,46,0.86,5627.7657,2589.2146,589.8054984442955,589.8054984442955,0.0,0.0,27.12964583333337,0.0,27.12964583333337,0.0,0.0,56.25066927762873,7546.924291470437,7571.340972720437
2025-02-24,47,1.1617,6710.1,2883.1875,0.0,0.0,0.0,0.0,0.0,680.3117056311545,0.0,637.8187500000001,0.0,0.0,7571.340972720437,6862.653472720437
2025-02-24,48,1.1683,7050.7951,3211.9116,0.0,0.0,0.0,0.0,0.0,657.6239768217857,0.0,639.8139166666668,0.0,0.0,6862.653472720437,6151.749120868585
2025-02-24,49,1.0956,6971.7733,3620.0417,0.0,0.0,0.0,0.0,0.0,577.3507771457176,0.0,558.6219333333332,0.0,0.0,6151.749120868585,5531.058083831548
2025-02-24,50,1.0849,6900.24,4048.5375,0.0,0.0,0.0,0.0,0.0,508.84383747837666,0.0,475.28374999999994,0.0,0.0,5531.058083831548,5002.965028275993
2025-02-24,51,1.061,6940.4953,4397.7999,0.0,0.0,0.0,0.0,0.0,464.44412656679725,0.0,423.78256666666664,0.0,0.0,5002.965028275993,4532.095509757474
2025-02-24,52,1.043,7000.4169,4827.6289,0.0,0.0,0.0,0.0,0.0,390.43563995954906,0.0,362.1313333333334,0.0,0.0,4532.095509757474,4129.727361609326
2025-02-24,53,1.036,6999.02,5258.55,0.0,0.0,0.0,0.0,0.0,323.7499033720974,0.0,290.07833333333326,0.0,0.0,4129.727361609326,3807.418102350067
2025-02-24,54,1.0147,6941.4551,5421.6074,0.0,0.0,0.0,0.0,0.0,290.9786649203099,0.0,253.30795000000012,0.0,0.0,3807.418102350067,3525.964824572289
2025-02-24,55,0.9922,6937.8548,5508.9897,0.0,0.0,0.0,0.0,0.0,273.56904028876926,0.0,238.14418333333344,0.0,0.0,3525.964824572289,3261.360176424141
2025-02-24,56,0.97,6882.97,5781.225,0.0,0.0,0.0,0.0,0.0,225.04046564019623,0.0,183.6241666666666,0.0,0.0,3261.360176424141,3057.3333245722893
2025-02-24,57,0.9422,6607.3052,6283.1247,0.0,0.0,0.0,0.0,0.0,186.275106158461,0.0,54.030083333333096,0.0,0.0,3057.3333245722893,2997.2998986463635
2025-02-24,58,0.9569,6617.3478,6434.5813,0.0,0.0,0.0,0.0,0.0,175.74050838126823,0.0,30.461083333333363,0.0,0.0,2997.2998986463635,2963.4542504982155
2025-02-24,59,0.9977,6885.44,6335.6625,0.0,0.0,0.0,0.0,0.0,173.65602373394236,0.0,91.62958333333313,0.0,0.0,2963.4542504982155,2861.643602350068
2025-02-24,60,0.9919,6882.8661,6653.72,0.0,0.0,0.0,0.0,0.0,145.7526472522859,0.0,38.191016666666656,0.0,0.0,2861.643602350068,2819.2091393871046
2025-02-24,61,0.9588,6881.666,6999.9686,0.0,0.0,0.0,0.0,0.0,129.7430699451555,0.0,0.0,0.0,19.717100000000073,2819.2091393871046,2819.2091393871046
2025-02-24,62,0.9549,6948.42,7124.925,0.0,0.0,0.0,0.0,0.0,134.03042057086668,0.0,0.0,0.0,29.417500000000018,2819.2091393871046,2819.2091393871046
2025-02-24,63,0.9839,6837.583,7176.6409,0.0,0.0,0.0,0.0,0.0,100.77798164309645,0.0,0.0,0.0,56.509649999999965,2819.2091393871046,2819.2091393871046
2025-02-24,64,0.799,6704.4106,7239.3486,0.0,0.0,0.0,0.0,0.0,58.33651609543964,0.0,0.0,0.0,89.15633333333335,2819.2091393871046,2819.2091393871046
2025-02-24,65,0.5025,6710.72,7288.6125,722.4260041333696,829.985684446935,107.55968031356542,0.0,780.84858725801,0.0,780.84858725801,0.0,0.0,145.45251385559163,2819.2091393871046,3521.9728679193136
2025-02-24,66,0.4662,6857.4483,7280.2892,687.1039109509452,869.557924839834,182.45401388888877,0.0,833.3333333333334,0.0,833.3333333333333,0.0,0.0,106.69807483983436,3521.9728679193136,4271.972867919314
2025-02-24,67,0.5007,6902.526,7426.1164,659.7409151303575,857.4205901303575,197.67967499999997,0.0,833.3333333333334,0.0,833.3333333333333,0.0,0.0,111.35232346369094,4271.972867919314,5021.972867919314
2025-02-24,68,0.4827,6721.41,7593.1125,717.8480642551552,858.310539639893,140.4624753847378,0.0,833.3333333333334,0.0,833.3333333333333,0.0,0.0,170.26095630655982,5021.972867919314,5771.972867919314
2025-02-24,69,0.4785,6402.4009,7431.829,710.1017084429961,867.3964596393984,157.29475119640222,0.0,833.3333333333334,0.0,833.3333333333333,0.0,0.0,205.63447630606515,5771.972867919314,6521.972867919314
2025-02-24,70,0.4662,6169.6518,7346.7359,656.5632927893748,849.4954842008799,192.93219141150507,0.0,833.3333333333334,0.0,833.3333333333333,0.0,0.0,212.34283420088013,6521.972867919314,7271.972867919314
2025-02-24,71,0.4432,6126.32,7506.5625,639.0370814037891,841.2742701478396,202.2371887440505,0.0,833.3333333333334,0.0,833.3333333333333,0.0,0.0,237.98135348117307,7271.972867919314,8021.972867919314
2025-02-24,72,0.4411,6196.4274,7662.6274,697.0719832631065,659.5769990115064,150.61369612320334,188.1086803748035,833.3333333333334,0.0,833.3333333333333,0.0,0.0,70.61033234483989,8021.972867919314,8771.972867919314
2025-02-24,73,0.4551,6205.0654,7623.2908,679.642751440234,44.74454151756515,163.34184639551222,798.240056318181,152.06753031163316,0.0,152.06753031163316,0.0,0.0,129.047911205932,8771.972867919314,8908.833645199784
2025-02-24,74,0.4463,6080.91,7484.175,600.1026108890327,688.0166363704793,207.2985488022232,119.38452332077657,833.3333333333334,0.0,833.3333333333333,0.0,0.0,88.560803037146,8908.833645199784,9658.833645199784
2025-02-24,75,0.4113,5947.2221,7488.331,583.1861236216126,635.1117293032039,254.06327790381374,202.13767222222248,833.3333333333334,0.0,833.3333333333333,0.0,0.0,58.62987930320412,9658.833645199784,10408.833645199784
2025-02-24,76,0.5682,6170.6529,7412.0712,649.7895053750781,0.0,0.0,649.7895053750781,145.71421565270805,0.0,145.71421565270805,0.0,0.0,61.188834347291845,10408.833645199784,10539.97643928722
2025-02-24,77,0.8279,6531.0,7292.2125,0.0,0.0,0.0,0.0,88.25342378821749,0.0,88.25342378821749,0.0,0.0,38.615326211782374,10539.97643928722,10619.404520696617
2025-02-24,78,0.8636,6438.8301,7354.8203,0.0,0.0,0.0,0.0,60.46085907284153,0.0,60.46085907284153,0.0,0.0,92.20417426049191,10619.404520696617,10673.819293862174
2025-02-24,79,0.8416,6383.0937,7100.2459,0.0,0.0,0.0,0.0,50.55237754570999,0.0,50.55237754570999,0.0,0.0,68.97298912095653,10673.819293862174,10719.316433653314
2025-02-24,80,0.8618,6448.54,6704.1375,0.0,0.0,0.0,0.0,55.30443586053601,0.0,42.599583333333385,0.0,0.0,0.0,10719.316433653314,10757.656058653314
2025-02-24,81,0.8623,6236.731,6867.1772,0.0,0.0,0.0,0.0,27.621625538249344,0.0,27.621625538249344,0.0,0.0,77.45274112841737,10757.656058653314,10782.515521637739
2025-02-24,82,0.9026,6121.4329,6973.5924,0.0,0.0,0.0,0.0,6.722345653088269,0.0,6.722345653088269,0.0,0.0,135.30423768024514,10782.515521637739,10788.565632725518
2025-02-24,83,0.9754,6252.74,6683.775,0.0,0.0,0.0,0.0,0.0,32.6596214836674,0.0,0.0,0.0,71.83916666666664,10788.565632725518,10788.565632725518
2025-02-24,84,1.0002,6371.9082,6254.1863,0.0,0.0,0.0,0.0,0.0,41.76059678825368,0.0,19.620316666666668,0.0,0.0,10788.565632725518,10766.765280873666
2025-02-24,85,0.9978,6294.9268,5863.3035,0.0,0.0,0.0,0.0,0.0,106.25816390477742,0.0,71.93721666666659,0.0,0.0,10766.765280873666,10686.835040132924
2025-02-24,86,1.0271,6162.89,5588.0625,0.0,0.0,0.0,0.0,0.0,143.40048554545305,0.0,95.80458333333331,0.0,0.0,10686.835040132924,10580.385503095888
2025-02-24,87,1.0906,6273.1923,5383.0528,0.0,0.0,0.0,0.0,0.0,208.51955532970183,0.0,148.35658333333333,0.0,0.0,10580.385503095888,10415.544854947739
2025-02-24,88,0.9376,6353.3279,5027.9214,0.0,0.0,0.0,0.0,0.0,266.98206706739757,0.0,220.9010833333333,0.0,0.0,10415.544854947739,10170.09920679959
2025-02-24,89,0.6694,6256.62,4561.6125,416.68699577637136,416.68699577637153,1.7053025658242404e-13,0.0,86.15224910713461,0.0,86.15224910713461,0.0,0.0,48.033496669237124,10170.09920679959,10247.636230996011
2025-02-24,90,0.66,6101.8349,4249.9457,1323.9631006373006,1191.9174013200281,0.0,132.04569931727247,833.3333333333334,0.0,613.7375211155429,0.0,0.0,269.53168020448527,10247.636230996011,10800.0
2025-02-24,91,0.7217,5984.857,4055.4377,717.6886236425868,456.6263330466426,0.0,261.06229059594415,67.65082511416443,0.0,0.0,0.0,0.0,135.05644971330923,10800.0,10800.0
2025-02-24,92,0.7308,6034.35,3816.3375,566.489427726014,421.778401337125,0.0,144.71102638888902,0.0,0.0,0.0,0.0,0.0,52.109651337125,10800.0,10800.0
2025-02-24,93,0.7534,6285.1378,3413.1616,601.7076919307179,498.0278377640512,0.0,103.67985416666676,0.0,0.0,0.0,0.0,0.0,19.36513776405127,10800.0,10800.0
2025-02-24,94,0.7823,6259.1507,3063.8175,640.1608663065258,545.0109789431282,0.0,95.14988736339762,0.0,0.0,0.0,0.0,0.0,12.455445609794651,10800.0,10800.0
2025-02-24,95,0.8055,5995.87,2794.3125,715.5366520555314,572.0542066405095,0.0,143.48244541502186,0.0,0.0,0.0,0.0,0.0,38.46128997384301,10800.0,10800.0
2025-02-24,96,0.8271,5993.0009,2429.6837,745.8023192617417,654.1621061524612,0.0,91.64021310928047,0.0,0.0,0.0,0.0,0.0,60.275906152461175,10800.0,10800.0
2025-02-24,97,0.8519,6012.0165,2090.7487,787.7724660638509,683.7193912870702,0.0,104.0530747767807,0.0,0.0,0.0,0.0,0.0,30.174757953736957,10800.0,10800.0
2025-02-24,98,0.8791,5982.52,1808.9625,834.5977060781594,738.1249560781594,0.0,96.47275000000002,0.0,0.0,0.0,0.0,0.0,42.53203941149275,10800.0,10800.0
2025-02-24,99,0.9024,6098.7719,1486.8074,847.8795230525556,795.5247775232175,0.0,52.35474552933806,0.0,0.0,0.0,0.0,0.0,26.864027523217487,10800.0,10800.0
2025-02-24,100,0.9163,6184.952,1173.3022,905.1354044513691,829.6553252847026,0.0,75.48007916666654,0.0,0.0,0.0,0.0,5.619641381964158,0.0,10800.0,10800.0
2025-02-24,101,0.9264,6161.04,888.375,934.7076841370667,894.2140847505452,0.0,40.49359938652151,0.0,0.0,0.0,0.0,0.0,15.436584750545308,10800.0,10800.0
2025-02-24,102,0.9462,6132.3556,596.3514,960.5080623922435,946.283244336688,0.0,14.224818055555488,0.0,0.0,0.0,0.0,0.0,23.61587767002129,10800.0,10800.0
2025-02-24,103,0.9742,6175.1194,310.8971,981.6327677610503,981.6327677610503,0.0,0.0,0.0,0.0,0.0,0.0,0.0,4.262384427717052,10800.0,10800.0
2025-02-24,104,0.9862,6324.7,93.75,1031.4560849705676,1014.6793499429367,0.0,16.776735027630934,0.0,0.0,0.0,0.0,23.81231672372985,0.0,10800.0,10800.0
2025-02-24,105,0.976,6392.6513,9.722,1050.4726428626527,1049.3402609182083,0.0,1.1323819444444325,0.0,0.0,0.0,0.0,14.481289081791788,0.0,10800.0,10800.0
2025-02-24,106,1.0742,5493.6392,0.0,906.8881239797848,906.2086948131182,0.0,0.6794291666666368,0.0,0.0,0.0,0.0,9.397838520215032,0.0,10800.0,10800.0
2025-02-24,107,1.2313,4218.05,0.0,680.6512301221948,673.7237592888615,0.0,6.9274708333332455,0.0,0.0,0.0,0.0,29.28457404447181,0.0,10800.0,10800.0
2025-02-24,108,1.2561,4143.5352,0.4487,687.0286464928591,687.0286464928591,0.0,0.0,0.0,0.0,0.0,0.0,3.4857701738075333,0.0,10800.0,10800.0
2025-02-24,109,1.2447,4254.0339,0.0,732.691985178362,732.691985178362,0.0,0.0,0.0,0.0,0.0,0.0,0.0,23.6863351783619,10800.0,10800.0
2025-02-24,110,1.2545,4132.22,0.0,734.960537070542,734.960537070542,0.0,0.0,0.0,0.0,0.0,0.0,0.0,46.25720373720867,10800.0,10800.0
2025-02-24,111,1.2522,4352.1513,0.0322,742.7372591709081,742.7372591709081,0.0,0.0,0.0,0.0,0.0,0.0,0.0,17.384075837574755,10800.0,10800.0
2025-02-24,112,1.2881,4422.0864,0.0,279.0003276741901,279.0003276741901,0.0,0.0,0.0,470.63021052266413,0.0,458.01407232580993,0.0,0.0,10800.0,10291.095475193544
2025-02-24,113,1.3466,4248.45,0.0,0.0,0.0,0.0,0.0,0.0,734.9711975110257,0.0,708.0749999999999,0.0,0.0,10291.095475193544,9504.345475193544
2025-02-24,114,1.3523,4257.3685,0.0023,0.0,0.0,0.0,0.0,0.0,737.4945943814074,0.0,709.5610333333332,0.0,0.0,9504.345475193544,8715.944327045396
2025-02-24,115,1.3445,4252.9867,0.0,0.0,0.0,0.0,0.0,0.0,759.0699476028184,0.0,708.8311166666667,0.0,0.0,8715.944327045396,7928.354197415766
2025-02-24,116,1.3483,4178.85,0.0,0.0,0.0,0.0,0.0,0.0,751.9767550755541,0.0,696.475,0.0,0.0,7928.354197415766,7154.493086304655
2025-02-24,117,1.349,4209.1662,0.0,0.0,0.0,0.0,0.0,0.0,746.8569558537989,0.0,701.5277,0.0,0.0,7154.493086304655,6375.017864082432
2025-02-24,118,1.3473,4237.9269,0.0,0.0,0.0,0.0,0.0,0.0,723.1984706033116,0.0,706.3211500000001,0.0,0.0,6375.017864082432,5590.216586304655
2025-02-24,119,1.3482,4234.61,0.0,0.0,0.0,0.0,0.0,0.0,746.6233619571464,0.0,705.7683333333333,0.0,0.0,5590.216586304655,4806.029549267618
2025-02-24,120,1.3513,4298.6079,0.0,0.0,0.0,0.0,0.0,0.0,747.5402190220055,0.0,716.43465,0.0,0.0,4806.029549267618,4009.9910492676177
2025-02-24,121,1.34,4447.8999,0.0,0.0,0.0,0.0,0.0,0.0,759.2867463497572,0.0,741.3166500000001,0.0,0.0,4009.9910492676177,3186.305882600951
2025-02-24,122,1.3489,4550.71,0.0,0.0,0.0,0.0,0.0,0.0,732.8458824274157,0.0,732.8458824274157,25.605784239250966,0.0,3186.305882600951,2372.0326799038226
2025-02-24,123,1.3952,4453.536,0.0,0.0,0.0,0.0,0.0,0.0,729.5056586930941,0.0,729.5056586930941,12.750341306905852,0.0,2372.0326799038226,1561.4708369114958
2025-02-24,124,1.2226,4411.1487,0.0,724.0564431053643,724.0564431053643,0.0,0.0,0.0,0.0,0.0,0.0,11.13500689463558,0.0,1561.4708369114958,1561.4708369114958
2025-02-24,125,0.9332,4420.38,0.0,724.1983146994462,724.1983146994462,0.0,0.0,0.0,0.0,0.0,0.0,12.531685300553818,0.0,1561.4708369114958,1561.4708369114958
2025-02-24,126,0.9068,4249.8636,0.0,744.4695339444849,744.4695339444849,0.0,0.0,0.0,0.0,0.0,0.0,0.0,36.15893394448494,1561.4708369114958,1561.4708369114958
2025-02-24,127,0.9371,4190.2073,0.0,739.9393085254911,739.9393085254911,0.0,0.0,0.0,0.0,0.0,0.0,0.0,41.57142519215779,1561.4708369114958,1561.4708369114958
2025-02-24,128,0.9371,4419.03,0.0,755.3811201697426,755.3811201697426,0.0,0.0,0.0,0.0,0.0,0.0,0.0,18.87612016974265,1561.4708369114958,1561.4708369114958
2025-02-24,129,0.9871,4704.4169,0.0,777.6002492094399,777.6002492094399,0.0,0.0,0.0,0.0,0.0,0.0,6.469234123893443,0.0,1561.4708369114958,1561.4708369114958
2025-02-24,130,0.7764,4224.6955,0.0,702.4419847082786,702.4419847082786,0.0,0.0,0.0,0.0,0.0,0.0,1.6739319583880388,0.0,1561.4708369114958,1561.4708369114958
2025-02-24,131,0.4209,3345.66,0.0,562.3227057065345,562.3227057065345,0.0,0.0,8.673617379884037e-15,0.0,8.673617379884037e-15,0.0,0.0,4.712705706534498,1561.4708369114958,1561.4708369114958
2025-02-24,132,0.3859,3277.3239,0.0,541.7419426090576,541.7419426090576,0.0,0.0,0.0,0.0,0.0,0.0,4.478707390942418,0.0,1561.4708369114958,1561.4708369114958
2025-02-24,133,0.4368,3317.7071,0.0,568.6705718244166,568.6705718244166,0.0,0.0,0.0,0.0,0.0,0.0,0.0,15.719388491083237,1561.4708369114958,1561.4708369114958
2025-02-24,134,0.4198,3179.45,0.0,562.0801543048034,562.0801543048034,0.0,0.0,0.0,0.0,0.0,0.0,0.0,32.17182097147008,1561.4708369114958,1561.4708369114958
2025-02-24,135,0.4186,3292.6424,0.0,559.8342608473915,559.8342608473915,0.0,0.0,0.0,0.0,0.0,0.0,0.0,11.060527514058208,1561.4708369114958,1561.4708369114958
2025-02-24,136,0.4241,3347.2867,0.0,560.256611772856,560.256611772856,0.0,0.0,0.0,0.0,0.0,0.0,0.0,2.3754951061893053,1561.4708369114958,1561.4708369114958
2025-02-24,137,0.4237,3274.04,0.0,571.8791479541297,571.8791479541297,0.0,0.0,0.0,0.0,0.0,0.0,0.0,26.205814620796446,1561.4708369114958,1561.4708369114958
2025-02-24,138,0.4248,3347.1724,0.0,599.5641035287389,599.5641035287389,0.0,0.0,4.192248400277284e-14,0.0,4.192248400277284e-14,0.0,0.0,41.70203686207215,1561.4708369114958,1561.4708369114958
2025-02-24,139,0.424,3474.8255,0.0,604.9370039191376,604.9370039191376,0.0,0.0,0.0,0.0,0.0,0.0,0.0,25.79942058580434,1561.4708369114958,1561.4708369114958
2025-02-24,140,0.422,3514.42,0.0,603.3463640699645,603.3463640699645,0.0,0.0,0.0,0.0,0.0,0.0,0.0,17.609697403297787,1561.4708369114958,1561.4708369114958
2025-02-24,141,0.424,3414.7832,0.0,611.0262584660047,611.0262584660047,0.0,0.0,0.0,0.0,0.0,0.0,0.0,41.89572513267137,1561.4708369114958,1561.4708369114958
2025-02-24,142,0.4271,3307.125,0.0,591.3197354922892,591.3197354922892,0.0,0.0,0.0,0.0,0.0,0.0,0.0,40.13223549228917,1561.4708369114958,1561.4708369114958
2025-02-24,143,0.4276,3348.42,0.0,582.2679675989242,582.2679675989242,0.0,0.0,7.228014483236697e-15,0.0,7.228014483236697e-15,0.0,0.0,24.197967598924144,1561.4708369114958,1561.4708369114958
2025-02-25,0,0.4248,3552.7178,0.0,1423.369849093092,1423.369849093092,0.0,0.0,833.3333333333334,0.0,831.2502157597586,0.0,0.0,0.0,1561.4708369114958,2309.5960310952787
2025-02-25,1,0.4245,3469.8025,0.0,1412.0325150913102,1412.0325150913102,0.0,0.0,833.3333333333336,0.0,833.3333333333333,0.0,0.0,0.398765091310338,2309.5960310952787,3059.5960310952787
2025-02-25,2,0.4269,3218.78,0.0,1422.8088924328802,1422.8088924328802,0.0,0.0,833.3333333333334,0.0,833.3333333333333,0.0,0.0,53.01222576621353,3059.5960310952787,3809.5960310952787
2025-02-25,3,0.4272,3364.1626,0.0,1431.3377535447346,1431.3377535447346,0.0,0.0,833.3333333333333,0.0,833.3333333333333,0.0,0.0,37.31065354473469,3809.5960310952787,4559.596031095279
2025-02-25,4,0.4271,3532.237,0.0,1455.3752046352047,1455.3752046352047,0.0,0.0,833.3333333333334,0.0,833.3333333333333,0.0,0.0,33.335704635204706,4559.596031095279,5309.596031095279
2025-02-25,5,0.4285,3581.61,0.0,1465.2840109996546,1465.2840109996546,0.0,0.0,833.3333333333333,0.0,833.3333333333333,0.0,0.0,35.01567766632127,5309.596031095279,6059.596031095279
2025-02-25,6,0.4311,3714.8213,0.0,1437.1477581463141,1437.1477581463141,0.0,0.0,833.3333333333334,0.0,818.0108748129808,0.0,0.0,0.0,6059.596031095279,6795.805818426961
2025-02-25,7,0.4302,3634.7961,0.0,1457.0408999481197,1457.0408999481197,0.0,0.0,833.3333333333334,0.0,833.3333333333333,0.0,0.0,17.908216614786397,6795.805818426961,7545.805818426961
2025-02-25,8,0.4279,3421.09,0.0,1476.2096324918966,1476.2096324918966,0.0,0.0,833.3333333333334,0.0,833.3333333333333,0.0,0.0,72.69463249189664,7545.805818426961,8295.805818426961
2025-02-25,9,0.4312,3470.2626,0.0,602.6985917251659,602.6985917251659,0.0,0.0,0.0,0.0,0.0,0.0,0.0,24.321491725165856,8295.805818426961,8295.805818426961
2025-02-25,10,0.4333,3445.2782,0.0,885.8056373104382,885.8056373104382,0.0,0.0,265.03240343167107,0.0,265.03240343167107,0.0,0.0,46.560200545433815,8295.805818426961,8534.334981515465
2025-02-25,11,0.4311,3397.57,0.0,646.9213540546062,646.9213540546062,0.0,0.0,0.0,0.0,0.0,0.0,0.0,80.65968738793958,8534.334981515465,8534.334981515465
2025-02-25,12,0.4293,3716.491,0.0,1471.0944722638683,1471.0944722638683,0.0,0.0,833.3333333333334,0.0,833.3333333333333,0.0,0.0,18.34597226386836,8534.334981515465,9284.334981515465
2025-02-25,13,0.4324,3862.224,0.0,615.7855281436833,615.7855281436833,0.0,0.0,0.0,0.0,0.0,0.0,27.918471856316728,0.0,9284.334981515465,9284.334981515465
2025-02-25,14,0.4367,3713.77,0.0,618.3708097567844,618.3708097567844,0.0,0.0,0.0,0.0,0.0,0.0,0.5908569098822909,0.0,9284.334981515465,9284.334981515465
2025-02-25,15,0.4348,3693.7996,0.0,632.706393139576,632.706393139576,0.0,0.0,0.0,0.0,0.0,0.0,0.0,17.073126472909394,9284.334981515465,9284.334981515465
2025-02-25,16,0.4335,3771.4767,0.0,615.1497163431745,615.1497163431745,0.0,0.0,0.0,0.0,0.0,0.0,13.429733656825533,0.0,9284.334981515465,9284.334981515465
2025-02-25,17,0.4357,3832.69,0.0,624.3908402350477,624.3908402350477,0.0,0.0,0.0,0.0,0.0,0.0,14.390826431618962,0.0,9284.334981515465,9284.334981515465
2025-02-25,18,0.4374,3834.3408,0.0,637.4850024997025,637.4850024997025,0.0,0.0,0.0,0.0,0.0,0.0,1.5717975002974072,0.0,9284.334981515465,9284.334981515465
2025-02-25,19,0.4371,3862.2807,0.0,664.0003874898198,664.0003874898198,0.0,0.0,0.0,0.0,0.0,0.0,0.0,20.28693748981982,9284.334981515465,9284.334981515465
2025-02-25,20,0.4356,3902.36,0.0,641.2872958491096,641.2872958491096,0.0,0.0,0.0,0.0,0.0,0.0,9.106037484223748,0.0,9284.334981515465,9284.334981515465
2025-02-25,21,0.4353,3842.0634,0.0,635.473008207981,635.473008207981,0.0,0.0,0.0,0.0,0.0,0.0,4.870891792018938,0.0,9284.334981515465,9284.334981515465
2025-02-25,22,0.436,3707.156,0.0,662.3360928309727,662.3360928309727,0.0,0.0,0.0,0.0,0.0,0.0,0.0,44.476759497639364,9284.334981515465,9284.334981515465
2025-02-25,23,0.4378,3660.16,0.0,682.3583165896177,682.3583165896177,0.0,0.0,0.0,0.0,0.0,0.0,0.0,72.3316499229511,9284.334981515465,9284.334981515465
2025-02-25,24,0.4401,3837.9236,0.0,665.1761590736279,665.1761590736279,0.0,0.0,0.0,0.0,0.0,0.0,0.0,25.522225740294516,9284.334981515465,9284.334981515465
2025-02-25,25,0.4389,3890.2595,0.0,651.2575707652665,651.2575707652665,0.0,0.0,0.0,0.0,0.0,0.0,0.0,2.8809874319331357,9284.334981515465,9284.334981515465
2025-02-25,26,0.4364,3767.57,0.0,678.1555261925126,678.1555261925126,0.0,0.0,0.0,0.0,0.0,0.0,0.0,50.22719285917924,9284.334981515465,9284.334981515465
2025-02-25,27,0.4393,3759.5924,0.0,673.5225537852727,673.5225537852727,0.0,0.0,0.0,0.0,0.0,0.0,0.0,46.92382045193938,9284.334981515465,9284.334981515465
2025-02-25,28,0.4422,3822.526,0.0038,688.5043730491907,688.5043730491907,0.0,0.0,0.0,0.0,0.0,0.0,0.0,51.41733971585734,9284.334981515465,9284.334981515465
2025-02-25,29,0.4395,3891.6,0.0,692.778435192482,692.778435192482,0.0,0.0,0.0,0.0,0.0,0.0,0.0,44.17843519248197,9284.334981515465,9284.334981515465
2025-02-25,30,0.4333,3951.7081,0.0,674.4817629820533,674.4817629820533,0.0,0.0,0.0,0.0,0.0,0.0,0.0,15.863746315386607,9284.334981515465,9284.334981515465
2025-02-25,31,0.4439,3923.1463,0.0535,655.5199142895965,655.5199142895965,0.0,0.0,0.0,0.0,0.0,0.0,0.0,1.6711142895965168,9284.334981515465,9284.334981515465
2025-02-25,32,0.4301,3823.34,0.0,1526.1029069132665,1526.1029069132665,0.0,0.0,833.3333333333334,0.0,833.3333333333333,0.0,0.0,55.54624024659984,9284.334981515465,10034.334981515465
2025-02-25,33,0.3713,3862.8377,0.0,1505.76220058542,1505.76220058542,0.0,0.0,833.3333333333334,0.0,833.3333333333333,0.0,0.0,28.622583918753435,10034.334981515465,10784.334981515465
2025-02-25,34,0.5708,4522.5683,0.7448,720.5795536441188,720.5795536441188,0.0,0.0,0.0,0.0,0.0,0.0,33.05769635588118,0.0,10784.334981515465,10784.334981515465
2025-02-25,35,0.9099,5302.21,0.0,47.01936715107877,47.01936715107877,0.0,0.0,0.0,833.3333333333334,0.0,833.3333333333333,3.348966182254685,0.0,10784.334981515465,9858.40905558954
2025-02-25,36,0.9368,5167.631,0.0,58.97558774891354,58.371978026691295,0.0,0.6036097222222452,0.0,833.3333333333334,0.0,802.899855306642,0.0,0.0,9858.40905558954,8966.298105248827
2025-02-25,37,0.8758,5085.7384,14.7462,409.3215097851863,53.270541682536305,0.0,356.05096810265,0.0,833.3333333333334,0.0,791.8948249841303,0.0,0.0,8966.298105248827,8086.414966377571
2025-02-25,38,0.8759,5304.62,118.05,0.0,0.0,0.0,0.0,0.0,833.3333333333334,0.0,833.3333333333333,31.09500000000014,0.0,8086.414966377571,7160.4890404516445
2025-02-25,39,0.8601,5146.7314,366.6805,835.3491113563555,0.0,0.0,835.3491113563555,0.0,825.604819689689,0.0,796.6751499999999,0.0,0.0,7160.4890404516445,6275.2944293405335
2025-02-25,40,0.8442,5123.2639,706.1967,792.2102388548604,783.6842763548602,0.0,8.525962500000219,0.0,0.0,0.0,0.0,0.0,47.50640968819357,6275.2944293405335,6275.2944293405335
2025-02-25,41,0.8334,5348.53,1048.35,690.635577481837,684.6526492528947,0.0,5.982928228942342,0.0,0.0,0.0,0.0,32.04401741377197,0.0,6275.2944293405335,6275.2944293405335
2025-02-25,42,0.8092,5377.7209,1334.459,665.7880602049278,640.5245490938165,0.0,25.263511111111256,0.0,0.0,0.0,0.0,33.35243423951684,0.0,6275.2944293405335,6275.2944293405335
2025-02-25,43,0.7972,5347.1147,1639.3258,636.571112770227,603.8750252702271,0.0,32.696087499999976,0.0,0.0,0.0,0.0,14.08979139643958,0.0,6275.2944293405335,6275.2944293405335
2025-02-25,44,0.7644,5255.57,1992.3375,594.8622950787816,553.3170793325465,0.0,41.545215746235044,0.0,0.0,0.0,0.0,0.0,9.444995999213234,6275.2944293405335,6275.2944293405335
2025-02-25,45,0.6899,5081.6946,2339.5698,1350.5867215078263,1319.0070451189372,0.0,31.579676388889084,833.3333333333334,0.0,833.3333333333333,0.0,0.0,28.652911785604033,6275.2944293405335,7025.2944293405335
2025-02-25,46,0.86,5809.3898,2616.1971,575.7239171828104,258.2472834546209,0.0,317.4766337281895,0.0,261.8815962281895,0.0,261.8815962281895,12.069903650522974,0.0,7025.2944293405335,6734.3148779758785
2025-02-25,47,1.1617,6957.83,2914.6875,0.0,0.0,0.0,0.0,0.0,655.5352792984579,0.0,655.5352792984579,18.321804034875413,0.0,6734.3148779758785,6005.942345422036
2025-02-25,48,1.1683,6976.2637,3385.5444,0.0,0.0,0.0,0.0,0.0,614.867819082449,0.0,598.4532166666667,0.0,0.0,6005.942345422036,5340.9943269035175
2025-02-25,49,1.0956,6858.478,3789.3988,0.0,0.0,0.0,0.0,0.0,546.1174686011046,0.0,511.5132000000001,0.0,0.0,5340.9943269035175,4772.646326903518
2025-02-25,50,1.0849,7053.8,4119.75,0.0,0.0,0.0,0.0,0.0,529.5523437726657,0.0,489.00833333333344,0.0,0.0,4772.646326903518,4229.3037343109245
2025-02-25,51,1.061,7001.518,4597.0449,0.0,0.0,0.0,0.0,0.0,485.1097606263359,0.0,400.74551666666673,0.0,0.0,4229.3037343109245,3784.030938014628
2025-02-25,52,1.043,6886.5341,5031.0745,0.0,0.0,0.0,0.0,0.0,372.51257252553086,0.0,309.2432666666667,0.0,0.0,3784.030938014628,3440.4273083849985
2025-02-25,53,1.036,6816.19,5350.4625,0.0,0.0,0.0,0.0,0.0,300.1460384833487,0.0,244.28791666666655,0.0,0.0,3440.4273083849985,3168.99628986648
2025-02-25,54,1.0147,6703.3109,5676.707,0.0,0.0,0.0,0.0,0.0,274.0452403231819,0.0,171.10064999999997,0.0,0.0,3168.99628986648,2978.8844565331465
2025-02-25,55,0.9922,6774.4982,6001.7453,0.0,0.0,0.0,0.0,0.0,247.33223911614627,0.0,128.7921500000001,0.0,0.0,2978.8844565331465,2835.7820676442575
2025-02-25,56,0.97,6957.03,6271.9125,0.0,0.0,0.0,0.0,0.0,179.73618524483481,0.0,114.18624999999975,0.0,0.0,2835.7820676442575,2708.908456533147
2025-02-25,57,0.9422,6923.1019,6463.3049,0.0,0.0,0.0,0.0,0.0,74.41272826899133,0.0,74.41272826899133,2.2201050643420075,0.0,2708.908456533147,2626.2276473453785
2025-02-25,58,0.9569,6839.2383,6705.4369,0.0,0.0,0.0,0.0,0.0,58.19483578029273,0.0,22.30023333333338,0.0,0.0,2626.2276473453785,2601.4496103083416
2025-02-25,59,0.9977,6804.23,6971.2125,0.0,0.0,0.0,0.0,0.0,36.83947219226199,0.0,0.0,0.0,27.83041666666668,2601.4496103083416,2601.4496103083416
2025-02-25,60,0.9919,6769.1053,7101.884,0.0,0.0,0.0,0.0,11.874541108865136,0.0,11.874541108865136,0.0,0.0,43.58857555780143,2601.4496103083416,2612.13669730632
2025-02-25,61,0.9588,6862.6734,7191.5406,0.0,0.0,0.0,0.0,0.0,14.611530517894002,0.0,0.0,0.0,54.8112000000001,2612.13669730632,2612.13669730632
2025-02-25,62,0.9549,6960.71,7379.4375,0.0,0.0,0.0,0.0,0.0,17.00593400355486,0.0,0.0,0.0,69.78791666666666,2612.13669730632,2612.13669730632
2025-02-25,63,0.9839,6798.1124,7686.2299,0.0,0.0,0.0,0.0,14.462720227451731,0.0,14.462720227451731,0.0,0.0,133.55686310588172,2612.13669730632,2625.1531455110267
2025-02-25,64,0.799,6725.3678,7761.9182,38.824803867054776,0.0,0.0,38.824803867054776,55.067323508551446,0.0,55.067323508551446,0.0,0.0,117.69107649144848,2625.1531455110267,2674.713736668723
2025-02-25,65,0.5025,6808.65,7687.2375,919.2134927553838,788.4495941109756,0.0,130.7638986444082,833.3333333333334,0.0,833.3333333333333,0.0,0.0,101.5475107776424,2674.713736668723,3424.713736668723
2025-02-25,66,0.4662,6750.4494,7902.4877,955.2131811909852,774.1267629752638,0.0,181.08641821572144,833.3333333333334,0.0,833.3333333333333,0.0,0.0,132.79981297526342,3424.713736668723,4174.713736668723
2025-02-25,67,0.5007,6571.822,8201.5802,931.1468149272562,755.0510592242804,0.0,176.0957557029758,833.3333333333334,0.0,833.3333333333333,0.0,0.0,193.34409255761398,4174.713736668723,4924.713736668723
2025-02-25,68,0.4827,6544.01,8394.4875,912.5481940624034,765.8990041693633,0.0,146.6491898930401,833.3333333333334,0.0,833.3333333333333,0.0,0.0,240.97858750269688,4924.713736668723,5674.713736668723
2025-02-25,69,0.4785,6835.442,8445.2427,924.5533643951344,795.0728642026479,0.0,129.4805001924865,833.3333333333334,0.0,833.3333333333333,0.0,0.0,230.03964753598166,5674.713736668723,6424.713736668723
2025-02-25,70,0.4662,6598.9266,8217.2893,884.276312632593,781.6186042992598,0.0,102.65770833333318,833.3333333333334,0.0,833.3333333333333,0.0,0.0,218.01238763259335,6424.713736668723,7174.713736668723
2025-02-25,71,0.4432,6060.34,7929.075,871.6317652491111,757.9932094606738,0.0,113.63855578843732,833.3333333333334,0.0,833.3333333333333,0.0,0.0,236.11570946067354,7174.713736668723,7924.713736668723
2025-02-25,72,0.4411,6265.0066,7974.4231,922.538421189597,594.6532174935526,0.0,327.8852036960444,833.3333333333334,0.0,833.3333333333333,0.0,0.0,46.222634160219286,7924.713736668723,8674.713736668724
2025-02-25,73,0.4551,6275.5762,7946.2173,892.3273010903399,0.0,0.0,892.3273010903399,177.43946414396214,0.0,177.43946414396214,0.0,0.0,101.00071918937124,8674.713736668724,8834.40925439829
2025-02-25,74,0.4463,5888.91,7829.5875,799.1465596972703,267.9528026768484,0.0,531.1937570204218,489.43738138702025,0.0,489.43738138702025,0.0,0.0,101.96167128982808,8834.40925439829,9274.902897646607
2025-02-25,75,0.4113,5906.3877,7993.6279,765.3532033902324,536.8188272978784,0.0,228.5343760923539,833.3333333333334,0.0,833.3333333333333,0.0,0.0,51.35886063121188,9274.902897646607,10024.902897646607
2025-02-25,76,0.5682,6176.5943,7980.8316,839.6371660692259,0.0,0.0,839.6371660692259,233.5548505974407,0.0,233.5548505974407,0.0,0.0,67.15136606922601,10024.902897646607,10235.102263184304
2025-02-25,77,0.8279,6456.82,7672.5375,65.98521991393743,0.0,0.0,65.98521991393743,147.84370109650231,0.0,147.84370109650231,0.0,0.0,54.77588223683128,10235.102263184304,10368.161594171157
2025-02-25,78,0.8636,6651.3036,7433.0415,0.0,0.0,19.71178880291821,19.71178880291821,162.2295028637483,0.0,130.28964999999994,0.0,0.0,0.0,10368.161594171157,10485.422279171156
2025-02-25,79,0.8416,6620.0953,7344.2583,13.412449433253792,0.0,30.05033078762351,43.4627802208773,140.3441614457894,0.0,120.69383333333326,0.0,0.0,0.0,10485.422279171156,10594.046729171156
2025-02-25,80,0.8618,6445.58,7275.0375,124.83846518203654,0.0,0.0,124.83846518203654,72.35425034631619,0.0,72.35425034631619,0.0,0.0,65.88866632035062,10594.046729171156,10659.16555448284
2025-02-25,81,0.8623,6360.0069,7042.4979,69.99733599386173,0.0,39.66279236387693,109.66012835773866,69.59514329816572,0.0,69.59514329816572,0.0,0.0,44.1533567018342,10659.16555448284,10721.80118345119
2025-02-25,82,0.9026,6263.7959,6796.0635,0.0,0.0,136.58120000227734,136.58120000227734,35.297392966918636,0.0,35.297392966918636,0.0,0.0,53.41387369974805,10721.80118345119,10753.568837121418
2025-02-25,83,0.9754,6183.42,6624.525,0.0,0.0,0.0,0.0,0.0,46.64297746208649,0.0,0.0,0.0,73.51749999999993,10753.568837121418,10753.568837121418
2025-02-25,84,1.0002,6263.9704,6440.5918,0.0,0.0,0.0,0.0,0.0,28.07193917975307,0.0,0.0,0.0,29.43690000000015,10753.568837121418,10753.568837121418
2025-02-25,85,0.9978,6288.1517,6049.5876,0.0,0.0,0.0,0.0,0.0,67.79258492222668,0.0,39.76068333333342,0.0,0.0,10753.568837121418,10709.390300084382
2025-02-25,86,1.0271,6162.29,5598.0,0.0,0.0,0.0,0.0,0.0,113.0021351831427,0.0,94.0483333333334,0.0,0.0,10709.390300084382,10604.892151936234
2025-02-25,87,1.0906,6029.2245,5429.2274,0.0,0.0,0.0,0.0,0.0,162.09802953843123,0.0,99.99951666666675,0.0,0.0,10604.892151936234,10493.781577862159
2025-02-25,88,0.9376,6097.6206,5225.5326,0.0,0.0,83.70669073693342,83.70669073693342,0.0,209.8988084105093,0.0,145.34800000000018,0.0,0.0,10493.781577862159,10332.28380008438
2025-02-25,89,0.6694,6270.55,4883.85,1264.999492394148,268.1818110612569,0.8385499999999411,997.6562313328911,0.0,0.0,0.0,0.0,0.0,37.065144394590334,10332.28380008438,10332.28380008438
2025-02-25,90,0.66,6233.1014,4600.7279,1248.8611756668474,1065.5990319929729,1.8837036812578845,185.14584735513245,774.6993514767302,0.0,519.6846665729107,0.0,0.0,273.852115420062,10332.28380008438,10800.0
2025-02-25,91,0.7217,6077.7451,4245.7508,409.7226755996184,300.28569203674806,0.0,109.43698356287035,0.0,0.0,0.0,0.0,5.046691296585323,0.0,10800.0,10800.0
2025-02-25,92,0.7308,6016.67,3841.6125,462.57730764303943,384.7509400980459,0.0,77.82636754499356,0.0,0.0,0.0,0.0,0.0,22.241356764712577,10800.0,10800.0
2025-02-25,93,0.7534,6172.1374,3571.9175,479.21217898178344,452.4229669418055,13.069647165083495,39.858859205061435,0.0,0.0,0.0,0.0,0.0,19.052983608472232,10800.0,10800.0
2025-02-25,94,0.7823,6262.1916,3314.0186,533.7368228399627,499.55306853322105,0.0,34.183754306741605,0.0,0.0,0.0,0.0,0.0,8.19090186655444,10800.0,10800.0
2025-02-25,95,0.8055,6197.86,3011.3625,574.5972422742318,552.9626728992121,0.22359868053570153,21.85816805555544,0.0,0.0,0.0,0.0,0.0,21.879756232545333,10800.0,10800.0
2025-02-25,96,0.8271,6156.6538,2726.7521,611.1408182638362,617.4712127309625,6.330394467126325,0.0,0.0,0.0,0.0,0.0,0.0,45.82092939762924,10800.0,10800.0
2025-02-25,97,0.8519,6198.7328,2419.908,666.2776045203077,653.5195339101936,15.644522031534166,28.40259264164831,0.0,0.0,0.0,0.0,0.0,23.715400576860247,10800.0,10800.0
2025-02-25,98,0.8791,6203.66,2037.525,732.9638005685965,715.6466019574854,0.0,17.317198611111166,0.0,0.0,0.0,0.0,0.0,21.29076862415195,10800.0,10800.0
2025-02-25,99,0.9024,6026.6918,1583.4603,769.29048562549,762.9637675699346,4.933382559726283,11.260100615281658,0.0,0.0,0.0,0.0,0.0,22.42518423660124,10800.0,10800.0
2025-02-25,100,0.9163,5997.9472,1224.282,843.4332722054295,838.827260462669,5.998942423906215,10.604954166666744,0.0,0.0,0.0,0.0,0.0,43.21639379600231,10800.0,10800.0
2025-02-25,101,0.9264,6112.52,972.0375,879.3319889689969,883.4087305775151,13.19742283570065,9.120681227182445,0.0,0.0,0.0,0.0,0.0,26.66164724418161,10800.0,10800.0
2025-02-25,102,0.9462,6036.0747,682.8254,908.9139331896799,908.9139331896799,0.0,0.0,0.0,3.8571402766360734,0.0,0.0,0.0,16.705716523013166,10800.0,10800.0
2025-02-25,103,0.9742,5934.8661,370.451,948.121646512379,948.121646512379,0.0,0.0,0.0,22.16694530860036,0.0,0.0,0.0,20.71912984571236,10800.0,10800.0
2025-02-25,104,0.9862,6033.3,120.75,1032.4698404579322,1032.4698404579322,0.0,0.0,0.0,0.0,0.0,0.0,0.0,47.04484045793208,10800.0,10800.0
2025-02-25,105,0.976,6235.6641,15.0169,1041.5294716036537,1041.5294716036537,0.0,0.0,0.0,0.0,0.0,0.0,0.0,4.754938270320281,10800.0,10800.0
2025-02-25,106,1.0742,5527.3095,0.0,915.4356322642485,915.4356322642485,0.0,0.0,0.0,0.0,0.0,0.0,5.782617735751501,0.0,10800.0,10800.0
2025-02-25,107,1.2313,4337.6,0.0,719.1563027764427,719.1563027764427,0.0,0.0,0.0,0.0,0.0,0.0,3.777030556890736,0.0,10800.0,10800.0
2025-02-25,108,1.2561,4190.7311,0.7571,703.1957620588663,703.1957620588663,0.0,0.0,0.0,1.6370904631912707e-12,0.0,0.0,0.0,4.866762058866243,10800.0,10800.0
2025-02-25,109,1.2447,4334.2637,0.0,728.0719379280895,728.0719379280895,0.0,0.0,0.0,0.0,0.0,0.0,0.0,5.694654594756116,10800.0,10800.0
2025-02-25,110,1.2545,4244.04,0.0,731.697635941237,731.697635941237,0.0,0.0,0.0,0.0,0.0,0.0,0.0,24.357635941236936,10800.0,10800.0
2025-02-25,111,1.2522,4194.0162,0.0544,748.3564540525155,748.3564540525155,0.0,0.0,0.0,0.0,0.0,0.0,0.0,49.36282071918208,10800.0,10800.0
2025-02-25,112,1.2881,4371.4449,0.0,248.60350040347925,248.60350040347925,0.0,0.0,0.0,484.1709853755976,0.0,479.9706495965208,0.0,0.0,10800.0,10266.699278226088
2025-02-25,113,1.3466,4572.06,0.0,0.0,0.0,0.0,0.0,0.0,709.86067203138,0.0,709.86067203138,52.14932796862013,0.0,10266.699278226088,9477.965198191221
2025-02-25,114,1.3523,4415.3701,0.0039,0.0,0.0,0.0,0.0,0.0,723.9551555142411,0.0,723.9551555142411,11.939211152425628,0.0,9477.965198191221,8673.570580953176
2025-02-25,115,1.3445,4244.7362,0.0,0.0,0.0,0.0,0.0,0.0,748.1313111429577,0.0,707.4560333333334,0.0,0.0,8673.570580953176,7887.5083216939165
2025-02-25,116,1.3483,4252.65,0.0,0.0,0.0,0.0,0.0,0.0,727.8396215538643,0.0,708.775,0.0,0.0,7887.5083216939165,7099.980543916139
2025-02-25,117,1.349,4308.4231,0.0,0.0,0.0,0.0,0.0,0.0,738.0561413035025,0.0,718.0705166666667,0.0,0.0,7099.980543916139,6302.12441428651
2025-02-25,118,1.3473,4334.3862,0.0,0.0,0.0,0.0,0.0,0.0,733.7859965803397,0.0,722.3977,0.0,0.0,6302.12441428651,5499.460303175399
2025-02-25,119,1.3482,4327.76,0.0,0.0,0.0,0.0,0.0,0.0,755.9287348561749,0.0,721.2933333333334,0.0,0.0,5499.460303175399,4698.023266138362
2025-02-25,120,1.3513,4319.5261,0.0,0.0,0.0,0.0,0.0,0.0,747.7918645407385,0.0,719.9210166666667,0.0,0.0,4698.023266138362,3898.111025397621
2025-02-25,121,1.34,4251.3137,0.0,0.0,0.0,0.0,0.0,0.0,759.6658687355886,0.0,708.5522833333333,0.0,0.0,3898.111025397621,3110.830710582806
2025-02-25,122,1.3489,4209.7,0.0,0.0,0.0,0.0,0.0,0.0,766.9017021723675,0.0,701.6166666666667,0.0,0.0,3110.830710582806,2331.2566365087323
2025-02-25,123,1.3952,4341.9449,0.0,0.0,0.0,0.0,0.0,0.0,743.9119461932461,0.0,723.6574833333334,0.0,0.0,2331.2566365087323,1527.192766138362
2025-02-25,124,1.2226,4382.9286,0.0,735.8749367186796,735.8749367186796,0.0,0.0,0.0,0.0,0.0,0.0,0.0,5.386836718679547,1527.192766138362,1527.192766138362
2025-02-25,125,0.9332,4339.86,0.0,736.739488849269,736.739488849269,0.0,0.0,0.0,0.0,0.0,0.0,0.0,13.429488849269092,1527.192766138362,1527.192766138362
2025-02-25,126,0.9068,4461.8945,0.0,741.2048815910734,741.2048815910734,0.0,0.0,0.0,0.0,0.0,0.0,2.4442017422599065,0.0,1527.192766138362,1527.192766138362
2025-02-25,127,0.9371,4475.6237,0.0,730.411408119005,730.411408119005,0.0,0.0,0.0,0.0,0.0,0.0,15.525875214328266,0.0,1527.192766138362,1527.192766138362
2025-02-25,128,0.9371,4398.88,0.0,744.889330502653,744.889330502653,0.0,0.0,0.0,0.0,0.0,0.0,0.0,11.742663835986377,1527.192766138362,1527.192766138362
2025-02-25,129,0.9871,4449.0864,0.0,772.7174459112565,772.7174459112565,0.0,0.0,0.0,0.0,0.0,0.0,0.0,31.20304591125648,1527.192766138362,1527.192766138362
2025-02-25,130,0.7764,3988.7473,0.0,686.9916100995193,686.9916100995193,0.0,0.0,0.0,0.0,0.0,0.0,0.0,22.200393432852707,1527.192766138362,1527.192766138362
2025-02-25,131,0.4209,3318.27,0.0,556.8945130122734,556.8945130122734,0.0,0.0,0.0,0.0,0.0,0.0,0.0,3.8495130122734054,1527.192766138362,1527.192766138362
2025-02-25,132,0.3859,3416.7412,0.0,569.6264493652013,569.6264493652013,0.0,0.0,0.0,0.0,0.0,0.0,0.0,0.16958269853466845,1527.192766138362,1527.192766138362
2025-02-25,133,0.4368,3404.9395,0.0,570.2115653218251,570.2115653218251,0.0,0.0,0.0,0.0,0.0,0.0,0.0,2.7216486551584467,1527.192766138362,1527.192766138362
2025-02-25,134,0.4198,3114.61,0.0,522.8062314099673,522.8062314099673,0.0,0.0,0.0,0.0,0.0,0.0,0.0,3.7045647433005797,1527.192766138362,1527.192766138362
2025-02-25,135,0.4186,3250.2301,0.0,530.5190269200376,530.5190269200376,0.0,0.0,0.0,0.0,0.0,0.0,11.185989746629048,0.0,1527.192766138362,1527.192766138362
2025-02-25,136,0.4241,3287.5654,0.0,558.7365784315172,558.7365784315172,0.0,0.0,0.0,0.0,0.0,0.0,0.0,10.809011764850538,1527.192766138362,1527.192766138362
2025-02-25,137,0.4237,3141.01,0.0,569.865389338384,569.865389338384,0.0,0.0,0.0,0.0,0.0,0.0,0.0,46.36372267171737,1527.192766138362,1527.192766138362
2025-02-25,138,0.4248,3300.2175,0.0,582.5628305829597,582.5628305829597,0.0,0.0,0.0,0.0,0.0,0.0,0.0,32.526580582959696,1527.192766138362,1527.192766138362
2025-02-25,139,0.424,3528.9673,0.0,587.2435926819693,587.2435926819693,0.0,0.0,1.1061518778161694e-14,0.0,0.0,0.0,0.9176239846973431,0.0,1527.192766138362,1527.192766138362
2025-02-25,140,0.422,3595.6,0.0,584.4578788182347,584.4578788182347,0.0,0.0,0.0,0.0,0.0,0.0,14.808787848431962,0.0,1527.192766138362,1527.192766138362
2025-02-25,141,0.424,3487.1925,0.0,583.1615367874981,583.1615367874981,0.0,0.0,0.0,0.0,0.0,0.0,0.0,1.9627867874980893,1527.192766138362,1527.192766138362
2025-02-25,142,0.4271,3291.949,0.0,557.8713178670472,557.8713178670472,0.0,0.0,0.0,0.0,0.0,0.0,0.0,9.21315120038048,1527.192766138362,1527.192766138362
2025-02-25,143,0.4276,3204.43,0.0,560.1897762383185,560.1897762383185,0.0,0.0,0.0,0.0,0.0,0.0,0.0,26.11810957165187,1527.192766138362,1527.192766138362
2025-02-26,0,0.4248,3373.4506,0.0,1417.6260817865348,1417.6260817865348,0.0,0.0,833.3333333333334,0.0,833.3333333333333,0.0,0.0,22.050981786534862,1527.192766138362,2277.192766138362
2025-02-26,1,0.4245,3448.9758,0.0,1405.438176493487,1405.438176493487,0.0,0.0,833.3333333333334,0.0,830.608876493487,0.0,0.0,0.0,2277.192766138362,3024.7407549825
2025-02-26,2,0.4269,3341.49,0.0,1415.3946045765533,1415.3946045765533,0.0,0.0,833.3333333333334,0.0,833.3333333333333,0.0,0.0,25.1462712432201,3024.7407549825,3774.7407549825
2025-02-26,3,0.4272,3300.5603,0.0,1421.2378971166522,1421.2378971166522,0.0,0.0,833.3333333333334,0.0,833.3333333333333,0.0,0.0,37.81118044998561,3774.7407549825,4524.7407549825
2025-02-26,4,0.4271,3384.2961,0.0,1451.2742931993907,1451.2742931993907,0.0,0.0,833.3333333333334,0.0,833.3333333333333,0.0,0.0,53.89160986605748,4524.7407549825,5274.7407549825
2025-02-26,5,0.4285,3525.89,0.0,1479.1707130079612,1479.1707130079612,0.0,0.0,833.3333333333328,0.0,833.3333333333328,0.0,0.0,58.189046341295125,5274.7407549825,6024.7407549825
2025-02-26,6,0.4311,3613.7807,0.0,624.0720259975261,624.0720259975261,0.0,0.0,0.0,0.0,0.0,0.0,0.0,21.775242664192774,6024.7407549825,6024.7407549825
2025-02-26,7,0.4302,3649.9517,0.0,1469.8640419262333,1469.8640419262333,0.0,0.0,833.3333333333334,0.0,833.3333333333333,0.0,0.0,28.20542525956671,6024.7407549825,6774.7407549825
2025-02-26,8,0.4279,3695.69,0.0,1479.2502593997187,1479.2502593997187,0.0,0.0,833.3333333333334,0.0,833.3333333333333,0.0,0.0,29.968592733052105,6774.7407549825,7524.7407549825
2025-02-26,9,0.4312,3767.6638,0.0,1442.3857201132312,1442.3857201132312,0.0,0.0,833.3333333333334,0.0,814.4417534465646,0.0,0.0,0.0,7524.7407549825,8257.738333084408
2025-02-26,10,0.4333,3605.8005,0.0,624.2075337413634,624.2075337413634,0.0,0.0,0.0,0.0,0.0,0.0,0.0,23.24078374136343,8257.738333084408,8257.738333084408
2025-02-26,11,0.4311,3385.6,0.0,653.8018490134459,653.8018490134459,0.0,0.0,0.0,0.0,0.0,0.0,0.0,89.53518234677927,8257.738333084408,8257.738333084408
2025-02-26,12,0.4293,3571.5617,0.0,1486.4701599167968,1486.4701599167968,0.0,0.0,833.3333333333334,0.0,833.3333333333333,0.0,0.0,57.87654325013011,8257.738333084408,9007.738333084408
2025-02-26,13,0.4324,3780.8844,0.0,652.208103132927,652.208103132927,0.0,0.0,0.0,0.0,0.0,0.0,0.0,22.060703132927074,9007.738333084408,9007.738333084408
2025-02-26,14,0.4367,3801.45,0.0,635.0707888140574,635.0707888140574,0.0,0.0,0.0,0.0,0.0,0.0,0.0,1.495788814057505,9007.738333084408,9007.738333084408
2025-02-26,15,0.4348,3776.5842,0.0,633.6129873622314,633.6129873622314,0.0,0.0,0.0,0.0,0.0,0.0,0.0,4.182287362231364,9007.738333084408,9007.738333084408
2025-02-26,16,0.4335,3723.2581,0.0,962.6378977221439,962.6378977221439,0.0,0.0,303.11914873515383,0.0,303.11914873515383,0.0,0.0,38.9757323203234,9007.738333084408,9280.545566946046
2025-02-26,17,0.4357,3715.99,0.0,697.8151629182045,697.8151629182045,0.0,0.0,0.0,0.0,0.0,0.0,0.0,78.48349625153787,9280.545566946046,9280.545566946046
2025-02-26,18,0.4374,3857.5361,0.0,647.2865846263354,647.2865846263354,0.0,0.0,0.0,0.0,0.0,0.0,0.0,4.363901293002073,9280.545566946046,9280.545566946046
2025-02-26,19,0.4371,3992.2417,0.0,657.4410004747054,657.4410004747054,0.0,0.0,0.0,0.0,0.0,0.0,7.932616191961188,0.0,9280.545566946046,9280.545566946046
2025-02-26,20,0.4356,3949.72,0.0,668.1713571018003,668.1713571018003,0.0,0.0,0.0,0.0,0.0,0.0,0.0,9.88469043513362,9280.545566946046,9280.545566946046
2025-02-26,21,0.4353,3705.9928,0.0,652.9592677286918,652.9592677286918,0.0,0.0,0.0,0.0,0.0,0.0,0.0,35.29380106202507,9280.545566946046,9280.545566946046
2025-02-26,22,0.436,3604.6715,0.0,638.7531637718781,638.7531637718781,0.0,0.0,0.0,0.0,0.0,0.0,0.0,37.97458043854476,9280.545566946046,9280.545566946046
2025-02-26,23,0.4378,3751.73,0.0,653.0167335807474,653.0167335807474,0.0,0.0,0.0,0.0,0.0,0.0,0.0,27.72840024741413,9280.545566946046,9280.545566946046
2025-02-26,24,0.4401,3942.5673,0.0,669.5436525039175,669.5436525039175,0.0,0.0,0.0,0.0,0.0,0.0,0.0,12.449102503917516,9280.545566946046,9280.545566946046
2025-02-26,25,0.4389,4049.0568,0.0,661.2369567996374,661.2369567996374,0.0,0.0,0.0,0.0,0.0,0.0,13.605843200362642,0.0,9280.545566946046,9280.545566946046
2025-02-26,26,0.4364,4031.14,0.0,646.7332454289459,646.7332454289459,0.0,0.0,0.0,0.0,0.0,0.0,25.123421237720777,0.0,9280.545566946046,9280.545566946046
2025-02-26,27,0.4393,3932.7062,0.0,671.1011480856098,671.1011480856098,0.0,0.0,0.0,0.0,0.0,0.0,0.0,15.650114752276409,9280.545566946046,9280.545566946046
2025-02-26,28,0.4422,3868.741,0.0055,710.0585158736245,710.0585158736245,0.0,0.0,0.0,0.0,0.0,0.0,0.0,65.26926587362448,9280.545566946046,9280.545566946046
2025-02-26,29,0.4395,3894.84,0.0,706.6789716583804,706.6789716583804,0.0,0.0,0.0,0.0,0.0,0.0,0.0,57.53897165838043,9280.545566946046,9280.545566946046
2025-02-26,30,0.4333,3982.1181,0.0,687.1713174386465,687.1713174386465,0.0,0.0,0.0,0.0,0.0,0.0,0.0,23.484967438646436,9280.545566946046,9280.545566946046
2025-02-26,31,0.4439,4066.0245,0.0762,671.9085916146535,671.9085916146535,0.0,0.0,0.0,0.0,0.0,0.0,5.749458385346538,0.0,9280.545566946046,9280.545566946046
2025-02-26,32,0.4301,3993.62,0.0,1518.9387966297045,1518.9387966297045,0.0,0.0,833.3333333333334,0.0,833.3333333333333,0.0,0.0,20.002129963037873,9280.545566946046,10030.545566946046
2025-02-26,33,0.3713,3760.632,0.0,1478.2000751110747,1478.2000751110747,0.0,0.0,833.3333333333334,0.0,833.3333333333333,0.0,0.0,18.094741777741433,10030.545566946046,10780.545566946046
2025-02-26,34,0.5708,4218.8696,1.0612,738.5523197270901,738.5523197270901,0.0,0.0,0.0,0.0,0.0,0.0,0.0,35.58425306042341,10780.545566946046,10780.545566946046
2025-02-26,35,0.9099,5073.92,0.0,50.6010292726379,50.6010292726379,0.0,0.0,0.0,833.3333333333334,0.0,795.0523040606954,0.0,0.0,10780.545566946046,9897.154117989718
2025-02-26,36,0.9368,5146.3117,0.0,51.214321488254996,51.214321488254996,0.0,0.0,0.0,811.891093760551,0.0,806.5042951784117,0.0,0.0,9897.154117989718,9001.038234458149
2025-02-26,37,0.8758,5122.8044,19.9751,28.195160793016157,29.704631626349624,1.5094708333334665,0.0,0.0,833.3333333333334,0.0,820.7669183736504,0.0,0.0,9001.038234458149,8089.074991820759
2025-02-26,38,0.8759,5306.37,140.25,66.9939126073134,66.9939126073134,0.0,0.0,0.0,801.5424617998217,0.0,794.0260873926866,0.0,0.0,8089.074991820759,7206.823783606663
2025-02-26,39,0.8601,5287.9469,401.3183,0.0,0.0,0.0,0.0,0.0,808.0493338081689,0.0,808.0493338081689,6.38876619183111,0.0,7206.823783606663,6308.991190486475
2025-02-26,40,0.8442,5256.9567,719.9083,435.34662353850473,757.8779855118615,322.5313619733568,0.0,0.0,0.0,0.0,0.0,0.0,1.7032521785282597,6308.991190486475,6308.991190486475
2025-02-26,41,0.8334,5230.0,1034.8875,748.960294176793,753.1118293501795,4.151535173386492,0.0,0.0,0.0,0.0,0.0,0.0,53.92641268351292,6308.991190486475,6308.991190486475
2025-02-26,42,0.8092,5041.3647,1344.9832,678.0306747304859,678.0306747304859,0.0,0.0,0.0,0.0,0.0,0.0,0.0,61.96709139715256,6308.991190486475,6308.991190486475
2025-02-26,43,0.7972,5094.354,1670.267,598.2817564315184,600.9733355981849,2.6915791666665427,0.0,0.0,0.0,0.0,0.0,0.0,30.292168931518177,6308.991190486475,6308.991190486475
2025-02-26,44,0.7644,5266.19,2053.8375,532.8755710443862,536.9075097673951,4.0319387230089205,0.0,0.0,0.0,0.0,0.0,0.0,1.5154264340619648,6308.991190486475,6308.991190486475
2025-02-26,45,0.6899,5160.106,2510.8566,435.4238156164127,435.17047811641254,0.0,0.253337500000157,0.0,0.0,0.0,0.0,6.371088550254058,0.0,6308.991190486475,6308.991190486475
2025-02-26,46,0.86,5889.2816,2881.2877,0.0,433.55349087092634,433.55349087092634,0.0,0.0,48.89405661945642,0.0,48.89405661945642,18.88476917628401,0.0,6308.991190486475,6254.664460909301
2025-02-26,47,1.1617,7085.65,3182.2125,0.0,0.0,0.0,0.0,0.0,626.7233181529429,0.0,626.7233181529429,23.849598513723777,0.0,6254.664460909301,5558.305218517142
2025-02-26,48,1.1683,7131.9133,3577.2123,0.0,0.0,0.0,0.0,0.0,581.286416896788,0.0,581.286416896788,11.163749769878677,0.0,5558.305218517142,4912.431421965155
2025-02-26,49,1.0956,6842.15,3936.9671,0.0,0.0,0.0,0.0,0.0,507.45527241634323,0.0,484.1971500000001,0.0,0.0,4912.431421965155,4374.4345886318215
2025-02-26,50,1.0849,6836.01,4183.425,0.0,0.0,0.0,0.0,0.0,472.4767660491411,0.0,442.09749999999997,0.0,0.0,4374.4345886318215,3883.215144187377
2025-02-26,51,1.061,6943.243,4380.9728,0.0,0.0,0.0,0.0,0.0,455.1612139398815,0.0,427.04503333333355,0.0,0.0,3883.215144187377,3408.7206627058954
2025-02-26,52,1.043,7119.2447,4653.3195,0.0,0.0,0.0,0.0,0.0,367.06250655991454,0.0,367.06250655991454,43.92502677341889,0.0,3408.7206627058954,3000.873433194879
2025-02-26,53,1.036,7226.31,5075.325,0.0,0.0,0.0,0.0,0.0,294.2753359841604,0.0,294.2753359841604,64.22216401583967,0.0,3000.873433194879,2673.900837656923
2025-02-26,54,1.0147,7080.326,5595.68,0.0,0.0,0.0,0.0,0.0,259.5086566332716,0.0,247.44099999999992,0.0,0.0,2673.900837656923,2398.9663932124786
2025-02-26,55,0.9922,6844.5428,5924.1717,0.0,0.0,0.0,0.0,0.0,209.68639251518502,0.0,153.3951833333333,0.0,0.0,2398.9663932124786,2228.527300619886
2025-02-26,56,0.97,6742.69,6089.8875,0.0,0.0,0.0,0.0,0.0,144.7915677473567,0.0,108.80041666666659,0.0,0.0,2228.527300619886,2107.637948768034
2025-02-26,57,0.9422,6865.224,6379.6177,0.0,0.0,0.0,0.0,0.0,99.07886630838387,0.0,80.93438333333324,0.0,0.0,2107.637948768034,2017.7108561754417
2025-02-26,58,0.9569,6896.9058,6608.9849,0.0,0.0,0.0,0.0,0.0,56.70800991079856,0.0,47.986816666666755,0.0,0.0,2017.7108561754417,1964.3921709902563
2025-02-26,59,0.9977,6787.2,6730.65,0.0,0.0,0.0,0.0,0.0,33.6168236238932,0.0,9.425000000000182,0.0,0.0,1964.3921709902563,1953.919948768034
2025-02-26,60,0.9919,6790.8007,6896.1015,0.0,0.0,0.0,0.0,3.907985046680551e-14,0.0,3.907985046680551e-14,0.0,0.0,17.550133333333367,1953.919948768034,1953.919948768034
2025-02-26,61,0.9588,6911.7802,7021.5881,0.0,0.0,0.0,0.0,0.0,0.0,0.0,0.0,0.0,18.301316666666708,1953.919948768034,1953.919948768034
2025-02-26,62,0.9549,6899.85,7084.575,0.0,0.0,0.0,0.0,0.0,0.0,0.0,0.0,0.0,30.78749999999991,1953.919948768034,1953.919948768034
2025-02-26,63,0.9839,6546.467,7141.158,0.0,0.0,0.0,0.0,1.5202892881678043,0.0,1.5202892881678043,0.0,0.0,97.59487737849891,1953.919948768034,1955.288209127385
2025-02-26,64,0.799,6520.8775,7082.1433,0.0,0.0,0.0,0.0,48.87776837974119,0.0,48.87776837974119,0.0,0.0,44.66653162025883,1955.288209127385,1999.278200669152
2025-02-26,65,0.5025,6805.43,7021.35,785.3783880559517,794.4412880226546,9.062899966702844,0.0,833.3333333333334,0.0,830.4279546893213,0.0,0.0,0.0,1999.278200669152,2746.6633598895414
2025-02-26,66,0.4662,6721.192,7222.8052,838.4066255798197,787.6373448640979,0.0,50.76928071572172,833.3333333333334,0.0,833.3333333333333,0.0,0.0,37.90621153076472,2746.6633598895414,3496.6633598895414
2025-02-26,67,0.5007,6567.2515,7496.8575,800.2775613068146,742.9044847705054,0.0,57.37307653630921,833.3333333333334,0.0,833.3333333333333,0.0,0.0,64.50548477050529,3496.6633598895414,4246.663359889541
2025-02-26,68,0.4827,6658.56,7724.775,766.7056239959605,727.1846549362538,0.0,39.52096905970677,833.3333333333334,0.0,833.3333333333333,0.0,0.0,71.55382160292038,4246.663359889541,4996.663359889541
2025-02-26,69,0.4785,6909.3097,7896.2644,765.1817866672422,728.4136504941301,0.0,36.76813617311211,833.3333333333334,0.0,833.3333333333333,0.0,0.0,59.57276716079673,4996.663359889541,5746.663359889541
2025-02-26,70,0.4662,6630.5179,7709.9761,712.7308567179297,688.2055060326361,0.0,24.525350685293574,833.3333333333334,0.0,833.3333333333333,0.0,0.0,34.781872699302994,5746.663359889541,6496.663359889541
2025-02-26,71,0.4432,6017.15,7340.775,696.3792718455683,655.0855618904643,0.0,41.293709955103964,833.3333333333334,0.0,833.3333333333333,0.0,0.0,42.356395223797676,6496.663359889541,7246.663359889541
2025-02-26,72,0.4411,5979.2402,7324.9662,749.2747303152644,681.3114519231888,0.0,67.96327839207561,815.9492683595246,0.0,815.9492683595246,0.0,0.0,89.64985023033091,7246.663359889541,7981.017701413113
2025-02-26,73,0.4551,6170.9266,7446.3446,715.2465588097879,703.1429510386333,1.1368683772161603e-13,12.103607771154657,774.1837532964807,0.0,774.1837532964807,0.0,0.0,141.52886440881935,7981.017701413113,8677.783079379946
2025-02-26,74,0.4463,6200.93,7428.15,604.6821343672336,650.8105605148584,46.12842614762474,0.0,777.1067464995115,0.0,777.1067464995115,0.0,0.0,78.24048068201319,8677.783079379946,9377.179151229506
2025-02-26,75,0.4113,6098.1585,7208.5544,575.0819116537104,640.2813327193237,68.26178531099731,3.0623642453840603,833.3333333333334,0.0,825.347316052657,0.0,0.0,0.0,9377.179151229506,10119.991735676896
2025-02-26,76,0.5682,6409.5557,7041.5882,651.4762201214289,599.472442492131,52.8107541666667,104.81453179596463,719.1885932040361,0.0,704.8111924921311,0.0,0.0,0.0,10119.991735676896,10754.321808919814
2025-02-26,77,0.8279,6827.61,7045.9125,0.0,0.0,0.0,0.0,28.39012765206765,0.0,28.39012765206765,0.0,0.0,7.99362234793254,10754.321808919814,10779.872923806675
2025-02-26,78,0.8636,6479.422,7119.1637,0.0,0.0,0.0,0.0,0.0,0.0,0.0,0.0,0.0,106.62361666666675,10779.872923806675,10779.872923806675
2025-02-26,79,0.8416,6120.8387,7128.0345,0.0,0.0,0.0,0.0,0.0,0.0,0.0,0.0,0.0,167.86596666666662,10779.872923806675,10779.872923806675
2025-02-26,80,0.8618,6169.05,6972.375,2.042443319830637,2.0424433198286134,0.0,2.0237145292867353e-12,0.0,48.44922179103486,0.0,0.0,0.0,135.92994331982868,10779.872923806675,10779.872923806675
2025-02-26,81,0.8623,6304.8961,6635.6592,0.0,0.0,0.0,0.0,0.0,20.999760763253864,0.0,0.0,0.0,55.12718333333328,10779.872923806675,10779.872923806675
2025-02-26,82,0.9026,6301.4252,6276.7525,0.0,0.0,0.0,0.0,0.0,12.154458679961863,0.0,4.1121166666666795,0.0,0.0,10779.872923806675,10775.303905288158
2025-02-26,83,0.9754,6215.89,5986.7625,0.0,0.0,0.0,0.0,0.0,43.58070182712087,0.0,38.187916666666865,0.0,0.0,10775.303905288158,10732.872886769639
2025-02-26,84,1.0002,6252.1608,5769.0571,0.0,0.0,0.0,0.0,0.0,113.95655253840505,0.0,80.51728333333324,0.0,0.0,10732.872886769639,10643.40923862149
2025-02-26,85,0.9978,6206.398,5708.3077,0.0,0.0,0.0,0.0,0.0,164.20545932330273,0.0,83.01504999999997,0.0,0.0,10643.40923862149,10551.170294177045
2025-02-26,86,1.0271,6160.7,5627.1375,0.0,0.0,0.0,0.0,0.0,198.46274162893937,0.0,88.92708333333337,0.0,0.0,10551.170294177045,10452.362423806675
2025-02-26,87,1.0906,6394.1863,5223.942,0.0,0.0,0.0,0.0,0.0,191.29013237061477,0.0,191.29013237061477,3.750584296051983,0.0,10452.362423806675,10239.81783228377
2025-02-26,88,0.9376,6437.0525,4819.1411,0.0,0.0,0.0,0.0,0.0,230.20079721441138,0.0,230.20079721441138,39.451102785588574,0.0,10239.81783228377,9984.039168712203
2025-02-26,89,0.6694,6209.6,4540.3875,215.81402025796342,751.8454537274263,536.0314334694629,0.0,429.999785354375,0.0,429.999785354375,0.0,0.0,43.64358503971795,9984.039168712203,10371.03897553114
2025-02-26,90,0.66,6099.8171,4207.3833,1125.5191001642918,1198.166043902575,72.6469437382832,0.0,833.3333333333334,0.0,476.6233605209547,0.0,0.0,406.1370500482871,10371.03897553114,10800.0
2025-02-26,91,0.7217,6043.9082,3815.1944,313.4898317407871,378.14076484458354,64.65093310379643,0.0,1.0530614044534926e-13,0.0,0.0,0.0,0.0,6.688464844583564,10800.0,10800.0
2025-02-26,92,0.7308,5949.49,3443.1,369.256178165403,419.98583372095845,50.72965555555544,0.0,0.0,0.0,0.0,0.0,0.0,2.2541670542918837,10800.0,10800.0
2025-02-26,93,0.7534,5858.3077,3172.7232,413.0571548000544,494.9284980404933,81.87134324043893,0.0,0.0,0.0,0.0,0.0,0.0,47.33108137382658,10800.0,10800.0
2025-02-26,94,0.7823,5971.9469,2950.3027,488.4823366275168,550.634030454221,62.15169382670422,0.0,0.0,0.0,0.0,0.0,0.0,47.0266637875543,10800.0,10800.0
2025-02-26,95,0.8055,6219.86,2717.0625,540.4892991673222,578.314134670868,37.82483550354584,0.0,0.0,0.0,0.0,0.0,5.48544866246516,0.0,10800.0,10800.0
2025-02-26,96,0.8271,6296.6451,2448.1305,600.8646294750655,626.8341848223406,25.969555347275104,0.0,0.0,0.0,0.0,0.0,14.584915177659298,0.0,10800.0,10800.0
2025-02-26,97,0.8519,6201.5054,2137.6494,654.4185586048424,683.0000169381759,28.581458333333558,0.0,0.0,0.0,0.0,0.0,0.0,5.690683604842661,10800.0,10800.0
2025-02-26,98,0.8791,6004.98,1791.675,700.2809376819478,709.9911551689069,9.710217486959095,0.0,0.0,0.0,0.0,0.0,0.0,7.773655168906998,10800.0,10800.0
2025-02-26,99,0.9024,5817.7001,1438.8313,739.6855697582338,770.4335472629958,30.747977504762048,0.0,0.0,0.0,0.0,0.0,0.0,40.62208059632917,10800.0,10800.0
2025-02-26,100,0.9163,5923.8315,1162.8191,823.0612237421351,833.6340695754684,10.572845833333304,0.0,0.0,0.0,0.0,0.0,0.0,40.13200290880184,10800.0,10800.0
2025-02-26,101,0.9264,6201.33,941.0625,857.5796330812241,858.7902398072114,1.2106067259873043,0.0,0.0,8.201728581390489,0.0,8.201728581390489,9.719281611398197,0.0,10800.0,10790.8869682429
2025-02-26,102,0.9462,6205.9376,666.7717,889.4899945296503,889.4899945296503,0.0,0.0,0.0,20.650336109969203,0.0,20.650336109969203,13.053986027047202,0.0,10790.8869682429,10767.942150342933
2025-02-26,103,0.9742,6010.2906,376.1934,932.6212092106771,932.6212092106771,0.0,0.0,0.0,25.56707030060977,0.0,6.394990789322925,0.0,0.0,10767.942150342933,10760.836605021463
2025-02-26,104,0.9862,5980.65,143.475,1015.6382670527678,1015.6382670527678,0.0,0.0,0.0,8.330690840901752,0.0,0.0,0.0,42.77576705276772,10760.836605021463,10760.836605021463
2025-02-26,105,0.976,6263.5709,23.7701,1021.256454501648,1021.256454501648,0.0,0.0,0.0,2.8783325630131458,0.0,2.8783325630131458,15.83201293533886,0.0,10760.836605021463,10757.638457729227
2025-02-26,106,1.0742,5576.4603,0.0,904.2205285434521,904.2205285434521,0.0,0.0,0.0,4.348990646451739,0.0,4.348990646451739,20.840530810096084,0.0,10757.638457729227,10752.806245899836
2025-02-26,107,1.2313,4268.69,0.0,717.0838882816225,716.5768716149558,0.0,0.5070166666666864,0.0,1.0857861097758814,0.0,0.0,0.0,5.128538281622582,10752.806245899836,10752.806245899836
2025-02-26,108,1.2561,4080.4412,1.3251,710.7724117638685,710.7724117638685,0.0,0.0,0.0,0.0,0.0,0.0,0.0,30.9197284305352,10752.806245899836,10752.806245899836
2025-02-26,109,1.2447,4374.4308,0.0,737.0360493751294,737.0360493751294,0.0,0.0,0.0,0.0,0.0,0.0,0.0,7.964249375129384,10752.806245899836,10752.806245899836
2025-02-26,110,1.2545,4427.55,0.0,710.8471662641695,710.8471662641695,0.0,0.0,0.0,0.0,0.0,0.0,27.07783373583061,0.0,10752.806245899836,10752.806245899836
2025-02-26,111,1.2522,4183.6357,0.0951,735.9363830287051,735.9363830287051,0.0,0.0,0.0,0.0,0.0,0.0,0.0,38.67961636203847,10752.806245899836,10752.806245899836
2025-02-26,112,1.2881,4110.4134,0.0,230.50073426658776,230.50073426658776,0.0,0.0,0.0,493.90682219394637,0.0,454.56816573341234,0.0,0.0,10752.806245899836,10247.730506196043
2025-02-26,113,1.3466,4295.27,0.0,0.0,0.0,0.0,0.0,0.0,706.7180360271394,0.0,706.7180360271394,9.160297306194025,0.0,10247.730506196043,9462.488243943666
2025-02-26,114,1.3523,4384.9244,0.0068,0.0,0.0,0.0,0.0,0.0,737.7744562266898,0.0,730.8196,0.0,0.0,9462.488243943666,8650.466466165888
2025-02-26,115,1.3445,4293.4598,0.0,0.0,0.0,0.0,0.0,0.0,745.6727806186968,0.0,715.5766333333332,0.0,0.0,8650.466466165888,7855.38131801774
2025-02-26,116,1.3483,4191.81,0.0,0.0,0.0,0.0,0.0,0.0,745.471752259873,0.0,698.6350000000001,0.0,0.0,7855.38131801774,7079.120206906629
2025-02-26,117,1.349,4315.8918,0.0,0.0,0.0,0.0,0.0,0.0,725.0797518537252,0.0,719.3153000000001,0.0,0.0,7079.120206906629,6279.880984684407
2025-02-26,118,1.3473,4433.9686,0.0,0.0,0.0,0.0,0.0,0.0,723.7150708192894,0.0,723.7150708192894,15.279695847377297,0.0,6279.880984684407,5475.75312821853
2025-02-26,119,1.3482,4428.18,0.0,0.0,0.0,0.0,0.0,0.0,765.6806045245008,0.0,738.0300000000001,0.0,0.0,5475.75312821853,4655.719794885196
2025-02-26,120,1.3513,4389.2135,0.0,0.0,0.0,0.0,0.0,0.0,756.150032923418,0.0,731.5355833333333,0.0,0.0,4655.719794885196,3842.9024800703814
2025-02-26,121,1.34,4314.0704,0.0,0.0,0.0,0.0,0.0,0.0,735.9917297252719,0.0,719.0117333333333,0.0,0.0,3842.9024800703814,3044.0005541444557
2025-02-26,122,1.3489,4250.8,0.0,0.0,0.0,0.0,0.0,0.0,724.4581035766214,0.0,708.4666666666667,0.0,0.0,3044.0005541444557,2256.8153689592705
2025-02-26,123,1.3952,4289.7254,0.0,0.0,0.0,0.0,0.0,0.0,736.9064805606785,0.0,714.9542333333334,0.0,0.0,2256.8153689592705,1462.421776366678
2025-02-26,124,1.2226,4380.1959,0.0,743.5569372186715,743.5569372186715,0.0,0.0,0.0,0.0,0.0,0.0,0.0,13.524287218671475,1462.421776366678,1462.421776366678
2025-02-26,125,0.9332,4390.93,0.0,755.9541709112899,755.9541709112899,0.0,0.0,0.0,0.0,0.0,0.0,0.0,24.132504244623192,1462.421776366678,1462.421776366678
2025-02-26,126,0.9068,4248.8657,0.0,752.8038939941797,752.8038939941797,0.0,0.0,0.0,0.0,0.0,0.0,0.0,44.65961066084628,1462.421776366678,1462.421776366678
2025-02-26,127,0.9371,4275.2628,0.0,753.0169559045875,753.0169559045875,0.0,0.0,0.0,0.0,0.0,0.0,0.0,40.47315590458743,1462.421776366678,1462.421776366678
2025-02-26,128,0.9371,4510.05,0.0,760.302465720327,760.302465720327,0.0,0.0,0.0,0.0,0.0,0.0,0.0,8.627465720326882,1462.421776366678,1462.421776366678
2025-02-26,129,0.9871,4588.4091,0.0,782.123586795442,782.123586795442,0.0,0.0,0.0,0.0,0.0,0.0,0.0,17.388736795442014,1462.421776366678,1462.421776366678
2025-02-26,130,0.7764,4080.4444,0.0,710.4603789321735,710.4603789321735,0.0,0.0,0.0,0.0,0.0,0.0,0.0,30.38631226550683,1462.421776366678,1462.421776366678
2025-02-26,131,0.4209,3279.17,0.0,587.0781779891855,587.0781779891855,0.0,0.0,0.0,0.0,0.0,0.0,0.0,40.54984465585221,1462.421776366678,1462.421776366678
2025-02-26,132,0.3859,3002.1912,0.0,562.3407639901884,562.3407639901884,0.0,0.0,0.0,0.0,0.0,0.0,0.0,61.97556399018839,1462.421776366678,1462.421776366678
2025-02-26,133,0.4368,3216.5195,0.0,570.4874802965331,570.4874802965331,0.0,0.0,0.0,0.0,0.0,0.0,0.0,34.400896963199784,1462.421776366678,1462.421776366678
2025-02-26,134,0.4198,3464.53,0.0,576.9276131927801,576.9276131927801,0.0,0.0,0.0,0.0,0.0,0.0,0.4940534738866518,0.0,1462.421776366678,1462.421776366678
2025-02-26,135,0.4186,3307.8187,0.0,585.6345516607009,585.6345516607009,0.0,0.0,2.4575249243004772e-14,0.0,2.4575249243004772e-14,0.0,0.0,34.33143499403432,1462.421776366678,1462.421776366678
2025-02-26,136,0.4241,3179.6188,0.0,570.4882372783577,570.4882372783577,0.0,0.0,0.0,0.0,0.0,0.0,0.0,40.55177061169104,1462.421776366678,1462.421776366678
2025-02-26,137,0.4237,3258.07,0.0,573.1194437088539,573.1194437088539,0.0,0.0,0.0,0.0,0.0,0.0,0.0,30.107777042187195,1462.421776366678,1462.421776366678
2025-02-26,138,0.4248,3313.5479,0.0,583.0094152107323,583.0094152107323,0.0,0.0,0.0,0.0,0.0,0.0,0.0,30.751431877399,1462.421776366678,1462.421776366678
2025-02-26,139,0.424,3380.7788,0.0,573.0593863204114,573.0593863204114,0.0,0.0,0.0,0.0,0.0,0.0,0.0,9.59625298707806,1462.421776366678,1462.421776366678
2025-02-26,140,0.422,3439.12,0.0,585.0750522979628,585.0750522979628,0.0,0.0,0.0,0.0,0.0,0.0,0.0,11.88838563129616,1462.421776366678,1462.421776366678
2025-02-26,141,0.424,3394.6125,0.0,615.3088538066421,615.3088538066421,0.0,0.0,4.336808689942018e-14,0.0,4.336808689942018e-14,0.0,0.0,49.540103806641994,1462.421776366678,1462.421776366678
2025-02-26,142,0.4271,3361.0248,0.0,601.9339202642685,601.9339202642685,0.0,0.0,0.0,0.0,0.0,0.0,0.0,41.76312026426854,1462.421776366678,1462.421776366678
2025-02-26,143,0.4276,3375.21,0.0,574.2449572479239,574.2449572479239,0.0,0.0,0.0,0.0,0.0,0.0,0.0,11.709957247923967,1462.421776366678,1462.421776366678
2025-02-27,0,0.4248,3349.53,0.0,1425.9777827760674,1425.9777827760674,0.0,0.0,833.3333333333334,0.0,833.3333333333333,0.0,0.0,34.38944944273419,1462.421776366678,2212.421776366678
2025-02-27,1,0.4245,3229.2378,0.0,1427.147873410911,1427.147873410911,0.0,0.0,833.3333333333335,0.0,833.3333333333333,0.0,0.0,55.60824007757776,2212.421776366678,2962.421776366678
2025-02-27,2,0.4269,3194.44,0.0,1439.063467434869,1439.063467434869,0.0,0.0,833.3333333333334,0.0,833.3333333333333,0.0,0.0,73.32346743486903,2962.421776366678,3712.421776366678
2025-02-27,3,0.4272,3477.9668,0.0,1445.5984566051598,1445.5984566051598,0.0,0.0,833.3333333333334,0.0,833.3333333333333,0.0,0.0,32.6039899384931,3712.421776366678,4462.421776366678
2025-02-27,4,0.4271,3645.7771,0.0,1465.5397816652267,1465.5397816652267,0.0,0.0,833.3333333333334,0.0,833.3333333333333,0.0,0.0,24.576931665226766,4462.421776366678,5212.421776366678
2025-02-27,5,0.4285,3618.69,0.0,1483.9492605116388,1483.9492605116388,0.0,0.0,833.3333333333333,0.0,833.3333333333333,0.0,0.0,47.500927178305574,5212.421776366678,5962.421776366678
2025-02-27,6,0.4311,3704.5804,0.0,631.8997406018175,631.8997406018175,0.0,0.0,0.0,0.0,0.0,0.0,0.0,14.469673935150809,5962.421776366678,5962.421776366678
2025-02-27,7,0.4302,3679.2491,0.0,1462.3922795115593,1462.3922795115593,0.0,0.0,833.3333333333334,0.0,833.3333333333333,0.0,0.0,15.850762844892756,5962.421776366678,6712.421776366678
2025-02-27,8,0.4279,3541.69,0.0,1458.7100976942743,1458.7100976942743,0.0,0.0,833.3333333333334,0.0,833.3333333333333,0.0,0.0,35.095097694274386,6712.421776366678,7462.421776366678
2025-02-27,9,0.4312,3551.9602,0.0,613.0635458877003,613.0635458877003,0.0,0.0,0.0,0.0,0.0,0.0,0.0,21.07017922103364,7462.421776366678,7462.421776366678
2025-02-27,10,0.4333,3572.1043,0.0,1453.8715214640094,1453.8715214640094,0.0,0.0,833.3333333335665,0.0,833.3333333333333,0.0,0.0,25.18747146400949,7462.421776366678,8212.421776366678
2025-02-27,11,0.4311,3488.49,0.0,604.8519091091731,604.8519091091731,0.0,0.0,0.0,0.0,0.0,0.0,0.0,23.436909109173143,8212.421776366678,8212.421776366678
2025-02-27,12,0.4293,3375.0932,0.0,1450.2972774321017,1450.2972774321017,0.0,0.0,833.3333333333334,0.0,833.3333333333333,0.0,0.0,54.44841076543514,8212.421776366678,8962.421776366678
2025-02-27,13,0.4324,3520.9927,0.0,642.1025113313912,642.1025113313912,0.0,0.0,0.0,0.0,0.0,0.0,0.0,55.27039466472456,8962.421776366678,8962.421776366678
2025-02-27,14,0.4367,3718.98,0.0,621.9530558124437,621.9530558124437,0.0,0.0,0.0,0.0,0.0,0.0,0.0,2.123055812443681,8962.421776366678,8962.421776366678
2025-02-27,15,0.4348,3495.7485,0.0,614.5271122583996,614.5271122583996,0.0,0.0,0.0,0.0,0.0,0.0,0.0,31.902362258399535,8962.421776366678,8962.421776366678
2025-02-27,16,0.4335,3470.6344,0.0,1010.8665050255611,1010.8665050255611,0.0,0.0,375.0869151479025,0.0,375.0869151479025,0.0,0.0,57.340523210991876,8962.421776366678,9299.99999999979
2025-02-27,17,0.4357,3686.87,0.0,679.0645852334028,679.0645852334028,0.0,0.0,0.0,0.0,0.0,0.0,0.0,64.58625190006944,9299.99999999979,9299.99999999979
2025-02-27,18,0.4374,3586.8496,0.0,640.9834163814777,640.9834163814777,0.0,0.0,0.0,0.0,0.0,0.0,0.0,43.17514971481103,9299.99999999979,9299.99999999979
2025-02-27,19,0.4371,3604.9829,0.0,631.6028119166081,631.6028119166081,0.0,0.0,0.0,0.0,0.0,0.0,0.0,30.77232858327477,9299.99999999979,9299.99999999979
2025-02-27,20,0.4356,3845.99,0.0,605.613672932433,605.613672932433,0.0,0.0,0.0,0.0,0.0,0.0,35.384660400900316,0.0,9299.99999999979,9299.99999999979
2025-02-27,21,0.4353,3926.4329,0.0,641.8888508502199,641.8888508502199,0.0,0.0,0.0,0.0,0.0,0.0,12.516632483113426,0.0,9299.99999999979,9299.99999999979
2025-02-27,22,0.436,3860.3522,0.0,668.2876999380113,668.2876999380113,0.0,0.0,0.0,0.0,0.0,0.0,0.0,24.895666604678013,9299.99999999979,9299.99999999979
2025-02-27,23,0.4378,3807.2,0.0,679.3954197466234,679.3954197466234,0.0,0.0,0.0,0.0,0.0,0.0,0.0,44.86208641329006,9299.99999999979,9299.99999999979
2025-02-27,24,0.4401,3891.8216,0.0,678.0124118914183,678.0124118914183,0.0,0.0,0.0,0.0,0.0,0.0,0.0,29.37547855808498,9299.99999999979,9299.99999999979
2025-02-27,25,0.4389,3949.0319,0.0,666.6142796207201,666.6142796207201,0.0,0.0,0.0,0.0,0.0,0.0,0.0,8.442296287386853,9299.99999999979,9299.99999999979
2025-02-27,26,0.4364,3894.44,0.0,665.2328388447814,665.2328388447814,0.0,0.0,0.0,0.0,0.0,0.0,0.0,16.15950551144806,9299.99999999979,9299.99999999979
2025-02-27,27,0.4393,3806.7541,0.0,651.7922476694519,651.7922476694519,0.0,0.0,0.0,0.0,0.0,0.0,0.0,17.33323100278517,9299.99999999979,9299.99999999979
2025-02-27,28,0.4422,3796.0086,0.0068,685.6697432209781,685.6697432209781,0.0,0.0,0.0,0.0,0.0,0.0,0.0,53.00277655431148,9299.99999999979,9299.99999999979
2025-02-27,29,0.4395,3839.12,0.0,680.0519064823185,680.0519064823185,0.0,0.0,0.0,0.0,0.0,0.0,0.0,40.19857314898513,9299.99999999979,9299.99999999979
2025-02-27,30,0.4333,3835.8466,0.0,673.3908195787271,673.3908195787271,0.0,0.0,0.0,0.0,0.0,0.0,0.0,34.08305291206045,9299.99999999979,9299.99999999979
2025-02-27,31,0.4439,3920.9406,0.094,678.3867699314306,678.3867699314306,0.0,0.0,0.0,0.0,0.0,0.0,0.0,24.91233659809734,9299.99999999979,9299.99999999979
2025-02-27,32,0.4301,3984.3,0.0,1535.7051703928344,1535.7051703928344,0.0,0.0,833.3333333333334,0.0,833.3333333333333,0.0,0.0,38.321837059501036,9299.99999999979,10049.99999999979
2025-02-27,33,0.3713,3852.7932,0.0,1521.8222790747063,1521.8222790747063,0.0,0.0,833.3333333333334,0.0,833.3333333333333,0.0,0.0,46.35674574137306,10049.99999999979,10799.99999999979
2025-02-27,34,0.5708,4271.4413,1.3099,761.5057058396293,761.5057058396293,0.0,0.0,0.0,0.0,0.0,0.0,0.0,49.81713917296247,10799.99999999979,10799.99999999979
2025-02-27,35,0.9099,5074.69,0.0,37.97717787373915,37.97717787373915,0.0,0.0,0.0,833.3333333333334,0.0,807.8044887929275,0.0,0.0,10799.99999999979,9902.439456896538
2025-02-27,36,0.9368,5274.5613,0.0,67.41631655035167,67.41631655035167,0.0,0.0,0.0,810.2333868161066,0.0,810.2333868161066,1.4438466335417388,0.0,9902.439456896538,9002.180138211976
2025-02-27,37,0.8758,5157.9455,23.8845,29.57606922129935,29.57606922129935,0.0,0.0,0.0,829.8696833333335,0.0,826.100764112034,0.0,1.1368683772161603e-13,9002.180138211976,8084.290400309716
2025-02-27,38,0.8759,5131.4,152.2875,19.818759743512715,19.818759743512715,0.0,0.0,0.0,793.2539270775995,0.0,793.2539270775995,16.779396512220956,0.0,8084.290400309716,7202.8971480012715
2025-02-27,39,0.8601,5275.3886,409.9271,0.0,33.402446730147744,33.402446730147744,0.0,0.0,777.3387684720117,0.0,777.3387684720117,0.16903479784059527,0.0,7202.8971480012715,6339.187405254592
2025-02-27,40,0.8442,5234.9162,712.256,794.5074070432197,783.2632445432199,0.0,11.244162499999788,0.0,0.0,0.0,0.0,0.0,29.48654454322002,6339.187405254592,6339.187405254592
2025-02-27,41,0.8334,5059.27,1020.225,749.6973712800744,740.8463435022965,0.0,8.851027777777972,0.0,0.0,0.0,0.0,0.0,67.67217683562978,6339.187405254592,6339.187405254592
2025-02-27,42,0.8092,5142.9444,1351.6368,699.2467256684016,699.2467256684016,0.0,0.0,0.0,0.0,0.0,0.0,0.0,67.36212566840152,6339.187405254592,6339.187405254592
2025-02-27,43,0.7972,5227.5943,1655.8361,643.1714587499291,643.1714587499291,0.0,0.0,0.0,0.0,0.0,0.0,0.0,47.87842541659586,6339.187405254592,6339.187405254592
2025-02-27,44,0.7644,5104.87,1926.4875,584.8748486545143,582.4047361996871,0.0,2.470112454827131,0.0,0.0,0.0,0.0,0.0,52.674319533020594,6339.187405254592,6339.187405254592
2025-02-27,45,0.6899,4973.315,2210.8461,1350.630472599088,1353.0077114879768,2.377238888888769,0.0,833.3333333333334,0.0,833.3333333333333,0.0,0.0,59.26289482131028,6339.187405254592,7089.187405254592
2025-02-27,46,0.86,5717.7078,2520.7345,491.0593995788706,559.3444028854209,68.28500330655027,0.0,0.0,0.0,0.0,0.0,0.0,26.51551955208754,7089.187405254592,7089.187405254592
2025-02-27,47,1.1617,6889.02,2840.7375,0.0,0.0,0.0,0.0,0.0,716.1876373541605,0.0,674.7137500000001,0.0,0.0,7089.187405254592,6339.505460810147
2025-02-27,48,1.1683,7071.6761,3148.4768,0.0,0.0,0.0,0.0,0.0,658.7113692272566,0.0,653.86655,0.0,0.0,6339.505460810147,5612.987071921259
2025-02-27,49,1.0956,6959.1786,3463.1725,0.0,0.0,0.0,0.0,0.0,580.3120151356575,0.0,580.3120151356575,2.355668197675868,0.0,5612.987071921259,4968.1959439927505
2025-02-27,50,1.0849,6956.68,3784.3125,0.0,0.0,0.0,0.0,0.0,564.1028539220966,0.0,528.7279166666667,0.0,0.0,4968.1959439927505,4380.720481029787
2025-02-27,51,1.061,6800.7551,4079.4992,0.0,0.0,0.0,0.0,0.0,530.3602828872683,0.0,453.54265,0.0,0.0,4380.720481029787,3876.7842032520093
2025-02-27,52,1.043,6855.8202,4311.2067,0.0,0.0,0.0,0.0,0.0,453.36149392416064,0.0,424.10225,0.0,0.0,3876.7842032520093,3405.559481029787
2025-02-27,53,1.036,7052.09,4466.25,0.0,0.0,0.0,0.0,0.0,385.96582865962773,0.0,385.96582865962773,45.007504673705625,0.0,3405.559481029787,2976.7085602968673
2025-02-27,54,1.0147,6925.3468,4606.133,0.0,0.0,0.0,0.0,0.0,341.39034951066407,0.0,341.39034951066407,45.145283822669455,0.0,2976.7085602968673,2597.385949729463
2025-02-27,55,0.9922,6817.3173,4972.6541,0.0,0.0,0.0,0.0,0.0,308.61465047645015,0.0,307.44386666666674,0.0,0.0,2597.385949729463,2255.7816534331664
2025-02-27,56,0.97,6878.54,5458.8375,0.0,0.0,0.0,0.0,0.0,247.4163874309229,0.0,236.61708333333343,0.0,0.0,2255.7816534331664,1992.873783062796
2025-02-27,57,0.9422,6906.9564,5689.9849,0.0,0.0,0.0,0.0,0.0,199.6241851943223,0.0,199.6241851943223,3.204398139011005,0.0,1992.873783062796,1771.0691328468824
2025-02-27,58,0.9569,6888.0639,5793.6877,0.0,0.0,0.0,0.0,0.0,140.7328531810267,0.0,140.7328531810267,41.663180152306495,0.0,1771.0691328468824,1614.699295979075
2025-02-27,59,0.9977,6878.21,6002.4375,0.0,0.0,0.0,0.0,0.0,91.03906157511422,0.0,91.03906157511422,54.92302175821912,0.0,1614.699295979075,1513.544783117837
2025-02-27,60,0.9919,6919.1745,6420.8095,0.0,0.0,0.0,0.0,0.0,58.67631095422818,0.0,58.67631095422818,24.38452237910527,0.0,1513.544783117837,1448.3488820575833
2025-02-27,61,0.9588,6918.1459,6758.7749,0.0,0.0,0.0,0.0,0.0,20.004466074876746,0.0,20.004466074876746,6.557367258456452,0.0,1448.3488820575833,1426.1216975299424
2025-02-27,62,0.9549,6793.39,7016.325,0.0,0.0,0.0,0.0,0.0,0.0,0.0,0.0,0.0,37.15583333333325,1426.1216975299424,1426.1216975299424
2025-02-27,63,0.9839,6578.4028,7445.7553,0.0,0.0,0.0,0.0,30.755030316503206,0.0,30.755030316503206,0.0,0.0,113.80371968349671,1426.1216975299424,1453.8012248147952
2025-02-27,64,0.799,6569.3173,7770.6026,0.0,0.0,0.0,0.0,103.86756954557298,0.0,103.86756954557298,0.0,0.0,96.34664712109377,1453.8012248147952,1547.2820374058108
2025-02-27,65,0.5025,6706.05,7933.0875,812.6182320653891,715.1433181765001,0.0,97.47491388888898,833.3333333333334,0.0,833.3333333333333,0.0,0.0,86.31623484316674,1547.2820374058108,2297.282037405811
2025-02-27,66,0.4662,6648.7939,8153.7398,818.3198328017547,668.4120173638111,0.0,149.90781543794367,833.3333333333334,0.0,833.3333333333333,0.0,0.0,85.90300069714453,2297.282037405811,3047.282037405811
2025-02-27,67,0.5007,6610.0224,8346.9883,774.0409277870563,624.4111470840805,0.0,149.62978070297572,833.3333333333334,0.0,833.3333333333333,0.0,0.0,80.5721304174142,3047.282037405811,3797.282037405811
2025-02-27,68,0.4827,6618.4,8374.7625,757.2244436354176,632.3286009646001,0.0,124.8958426708175,833.3333333333334,0.0,833.3333333333333,0.0,0.0,91.72235096460031,3797.282037405811,4547.282037405811
2025-02-27,69,0.4785,6481.0179,8219.1223,766.551405318496,651.2902260898281,0.0,115.26117922866786,833.3333333333334,0.0,833.3333333333333,0.0,0.0,107.64095942316158,4547.282037405811,5297.282037405811
2025-02-27,70,0.4662,6408.1491,8212.113,716.0552376192009,619.918674433907,0.0,96.13656318529388,833.3333333333334,0.0,833.3333333333333,0.0,0.0,87.24599110057352,5297.282037405811,6047.282037405811
2025-02-27,71,0.4432,6337.68,8344.725,687.3643777138058,581.3412858142573,0.0,106.02309189954849,833.3333333333334,0.0,833.3333333333333,0.0,0.0,82.51545248092407,6047.282037405811,6797.282037405811
2025-02-27,72,0.4411,6037.9332,8283.4463,716.6536330300208,519.1920446117539,0.0,197.46158841826696,833.3333333333334,0.0,833.3333333333333,0.0,0.0,60.11089461175402,6797.282037405811,7547.282037405811
2025-02-27,73,0.4551,6067.4187,8106.5289,687.5989561320298,577.0458650275422,0.0,110.55309110448763,827.0462949631476,0.0,827.0462949631476,0.0,0.0,89.85127006439473,7547.282037405811,8291.623702872645
2025-02-27,74,0.4463,6307.34,7926.975,638.1826488185047,536.9730482222516,0.0,101.20960059625315,809.6249270550668,0.0,806.9122148889182,0.0,0.0,0.0,8291.623702872645,9017.84469627267
2025-02-27,75,0.4113,6101.1518,7799.0215,662.4144273548758,502.2431023548762,0.0,160.17132499999957,833.3333333333334,0.0,785.2213856882095,0.0,0.0,0.0,9017.84469627267,9724.543943392058
2025-02-27,76,0.5682,6117.8793,7821.3582,748.8329117676702,414.41212690045484,0.0,334.4207848672154,663.5135234661179,0.0,663.5135234661179,0.0,0.0,34.81175343433688,9724.543943392058,10321.706114511564
2025-02-27,77,0.8279,6471.11,7829.925,0.0,0.0,0.0,0.0,162.37226773679126,0.0,162.37226773679126,0.0,0.0,64.0968989298755,10321.706114511564,10467.841155474676
2025-02-27,78,0.8636,6577.5165,7551.2653,0.0,0.0,0.0,0.0,112.39265046074979,0.0,112.39265046074979,0.0,0.0,49.898816205917,10467.841155474676,10568.99454088935
2025-02-27,79,0.8416,6633.4874,7350.6372,0.0,0.0,0.0,0.0,97.08806197175772,0.0,97.08806197175772,0.0,0.0,22.43690469490889,10568.99454088935,10656.373796663933
2025-02-27,80,0.8618,6617.44,7247.3625,0.0,0.0,0.0,0.0,59.67659159447203,0.0,59.67659159447203,0.0,0.0,45.3104917388614,10656.373796663933,10710.082729098958
2025-02-27,81,0.8623,6277.9813,6895.1608,0.0,0.0,0.0,0.0,49.083418967662055,0.0,49.083418967662055,0.0,0.0,53.779831032337825,10710.082729098958,10754.257806169853
2025-02-27,82,0.9026,6110.4573,6511.9405,0.0,0.0,0.0,0.0,0.0,0.0,0.0,0.0,0.0,66.91386666666665,10754.257806169853,10754.257806169853
2025-02-27,83,0.9754,6232.19,6281.7,0.0,0.0,0.0,0.0,0.0,72.75989771994688,0.0,0.0,0.0,8.251666666666779,10754.257806169853,10754.257806169853
2025-02-27,84,1.0002,6291.3386,6174.2531,0.0,0.0,0.0,0.0,0.0,58.74302518373528,0.0,19.514250000000175,0.0,0.0,10754.257806169853,10732.575306169852
2025-02-27,85,0.9978,6332.1038,6029.9762,0.0,0.0,0.0,0.0,0.0,114.02809588378295,0.0,50.35459999999989,0.0,0.0,10732.575306169852,10676.625750614297
2025-02-27,86,1.0271,6396.47,5775.225,0.0,0.0,0.0,0.0,0.0,160.80537197243606,0.0,103.54083333333335,0.0,0.0,10676.625750614297,10561.580380243928
2025-02-27,87,1.0906,6411.3239,5442.7123,0.0,0.0,0.0,0.0,0.0,218.53926132735128,0.0,161.43526666666673,0.0,0.0,10561.580380243928,10382.207861725408
2025-02-27,88,0.9376,6281.6741,5030.9494,0.0,0.0,0.0,0.0,0.0,262.4591329593941,0.0,208.45411666666666,0.0,0.0,10382.207861725408,10150.592176540224
2025-02-27,89,0.6694,6103.42,4660.3875,504.95588544663985,504.95588544663985,0.0,0.0,219.3891790146186,0.0,219.3891790146186,0.0,0.0,45.0612897653545,10150.592176540224,10348.042437653381
2025-02-27,90,0.66,6109.233,4486.2822,1144.5926622631005,1144.5926622631,0.0,4.547473508864641e-13,823.199208875202,0.0,502.17506927402104,0.0,0.0,371.92579298907873,10348.042437653381,10800.0
2025-02-27,91,0.7217,6292.6732,4287.4498,323.3828206957009,388.2825915290345,64.8997708333336,0.0,24.842601208916903,0.0,0.0,0.0,0.0,54.07869152903436,10800.0,10800.0
2025-02-27,92,0.7308,6460.65,4006.9875,383.1334459910522,433.9979196021156,50.86447361111095,4.757794158649631e-11,28.044054168727712,0.0,0.0,0.0,0.0,25.054169602115735,10800.0,10800.0
2025-02-27,93,0.7534,6388.7826,3774.9791,393.9779649908712,426.98150922840335,33.00354423753214,0.0,0.0,0.0,0.0,0.0,8.652407438263253,0.0,10800.0,10800.0
2025-02-27,94,0.7823,6221.4726,3441.1908,469.6909448691681,484.84415493397955,15.153210064811447,0.0,0.0,0.0,0.0,0.0,0.0,21.46385493397952,10800.0,10800.0
2025-02-27,95,0.8055,6083.65,3034.8,521.7731615805541,535.5662171361096,13.793055555555497,0.0,0.0,0.0,0.0,0.0,0.0,27.42455046944292,10800.0,10800.0
2025-02-27,96,0.8271,6010.4923,2751.974,601.1207089711423,580.5158889264505,1.1368683772161603e-13,20.604820044691905,0.0,0.0,0.0,0.0,0.0,37.42950559311737,10800.0,10800.0
2025-02-27,97,0.8519,6116.8133,2454.003,630.9671220582399,630.9671220582399,0.0,0.0,0.0,0.0,0.0,0.0,0.0,20.498738724906502,10800.0,10800.0
2025-02-27,98,0.8791,6231.3,2064.675,692.4479534833158,692.4479534833158,0.0,0.0,0.0,0.0,0.0,0.0,1.989546516684129,0.0,10800.0,10800.0
2025-02-27,99,0.9024,6043.047,1656.3333,724.7129720613511,724.7129720613511,0.0,0.0,0.0,20.339108833924797,0.0,6.405977938648846,0.0,1.1368683772161603e-13,10800.0,10792.882246734835
2025-02-27,100,0.9163,5895.9676,1297.0173,807.3660521914363,807.3660521914363,0.0,0.0,0.0,0.0,0.0,0.0,0.0,40.87433552476966,10792.882246734835,10792.882246734835
2025-02-27,101,0.9264,5938.85,993.75,868.030205895564,868.030205895564,0.0,0.0,0.0,5.640116955486633,0.0,0.0,0.0,43.8468725622306,10792.882246734835,10792.882246734835
2025-02-27,102,0.9462,5991.7808,701.9364,952.0331281319499,941.1987532171557,0.0,10.834374914794125,0.0,3.463840192571979,0.0,0.0,0.0,59.55801988382234,10792.882246734835,10792.882246734835
2025-02-27,103,0.9742,6014.8474,406.1682,956.3874104807979,956.3874104807979,0.0,0.0,0.0,5.552508055484168,0.0,0.0,0.0,21.60754381413119,10792.882246734835,10792.882246734835
2025-02-27,104,0.9862,6143.17,154.6125,1007.6547703568954,1007.6547703568954,0.0,0.0,0.0,3.640350563124116,0.0,0.0,0.0,9.561853690228645,10792.882246734835,10792.882246734835
2025-02-27,105,0.976,6356.6466,25.2107,1040.2507788564028,1040.2507788564028,0.0,0.0,0.0,2.511644075921822,0.0,2.511644075921822,12.476893734342047,0.0,10792.882246734835,10790.091531094922
2025-02-27,106,1.0742,5552.9721,0.0,917.657683741087,917.657683741087,0.0,0.0,0.0,2.569816666666725,0.0,2.569816666666725,5.267849592246307,0.0,10790.091531094922,10787.236179243071
2025-02-27,107,1.2313,4243.71,0.0,716.2585580267582,716.2585580267582,0.0,0.0,0.0,0.0,0.0,0.0,0.0,8.973558026758269,10787.236179243071,10787.236179243071
2025-02-27,108,1.2561,4170.807,1.3989,682.4477642695343,682.4477642695343,0.0,0.0,0.0,0.0,0.0,0.0,12.45358573046567,0.0,10787.236179243071,10787.236179243071
2025-02-27,109,1.2447,4490.9541,0.0,737.5074473543224,737.5074473543224,0.0,0.0,0.0,0.0,0.0,0.0,10.984902645677607,0.0,10787.236179243071,10787.236179243071
2025-02-27,110,1.2545,4532.61,0.0,766.293516979461,766.293516979461,0.0,0.0,0.0,0.0,0.0,0.0,0.0,10.858516979461001,10787.236179243071,10787.236179243071
2025-02-27,111,1.2522,4444.5623,0.1004,744.4211967890961,744.4211967890961,0.0,0.0,0.0,0.0,0.0,0.0,0.0,3.6775467890962545,10787.236179243071,10787.236179243071
2025-02-27,112,1.2881,4303.9541,0.0,134.75542553426328,134.75542553426328,0.0,0.0,0.0,578.2646877689787,0.0,578.2646877689787,4.305570030091417,0.0,10787.236179243071,10144.71985949976
2025-02-27,113,1.3466,4212.32,0.0,0.0,0.0,0.0,0.0,0.0,703.7408029101815,0.0,702.0533333333333,0.0,0.0,10144.71985949976,9364.660600240502
2025-02-27,114,1.3523,4267.9034,0.0072,0.0,0.0,0.0,0.0,0.0,731.4053441765087,0.0,711.3160333333333,0.0,0.0,9364.660600240502,8574.309452092355
2025-02-27,115,1.3445,4353.0442,0.0,0.0,0.0,0.0,0.0,0.0,737.448637019813,0.0,725.5073666666667,0.0,0.0,8574.309452092355,7768.190155796059
2025-02-27,116,1.3483,4371.54,0.0,0.0,0.0,0.0,0.0,0.0,726.875643022216,0.0,726.875643022216,1.714356977784064,0.0,7768.190155796059,6960.550552438041
2025-02-27,117,1.349,4322.0496,0.0,0.0,0.0,0.0,0.0,0.0,730.3395644273459,0.0,720.3416000000001,0.0,0.0,6960.550552438041,6160.170996882486
2025-02-27,118,1.3473,4276.8679,0.0,0.0,0.0,0.0,0.0,0.0,730.5499170730473,0.0,712.8113166666667,0.0,0.0,6160.170996882486,5368.158422808412
2025-02-27,119,1.3482,4284.74,0.0,0.0,0.0,0.0,0.0,0.0,731.935017601622,0.0,714.1233333333333,0.0,0.0,5368.158422808412,4574.688052438041
2025-02-27,120,1.3513,4335.7146,0.0,0.0,0.0,0.0,0.0,0.0,749.6253846416821,0.0,722.6191,0.0,0.0,4574.688052438041,3771.77794132693
2025-02-27,121,1.34,4353.9167,0.0,0.0,0.0,0.0,0.0,0.0,749.8979712915217,0.0,725.6527833333333,0.0,0.0,3771.77794132693,2965.4970709565596
2025-02-27,122,1.3489,4346.77,0.0,0.0,0.0,0.0,0.0,0.0,732.3710357131844,0.0,724.4616666666667,0.0,0.0,2965.4970709565596,2160.539663549152
2025-02-27,123,1.3952,4382.7569,0.0,0.0,0.0,0.0,0.0,0.0,726.0585556726628,0.0,726.0585556726628,4.400927660670618,0.0,2160.539663549152,1353.8079350239711
2025-02-27,124,1.2226,4382.633,0.0,730.8453778066491,730.8453778066491,0.0,0.0,0.0,0.0,0.0,0.0,0.0,0.4065444733158756,1353.8079350239711,1353.8079350239711
2025-02-27,125,0.9332,4350.82,0.0,759.2106743955891,759.2106743955891,0.0,0.0,0.0,0.0,0.0,0.0,0.0,34.074007728922425,1353.8079350239711,1353.8079350239711
2025-02-27,126,0.9068,4379.5757,0.0,760.156447522701,760.156447522701,0.0,0.0,0.0,0.0,0.0,0.0,0.0,30.227164189367613,1353.8079350239711,1353.8079350239711
2025-02-27,127,0.9371,4428.9821,0.0,746.0294455746711,746.0294455746711,0.0,0.0,0.0,0.0,0.0,0.0,0.0,7.865762241337734,1353.8079350239711,1353.8079350239711
2025-02-27,128,0.9371,4498.4,0.0,731.1125339417371,731.1125339417371,0.0,0.0,0.0,0.0,0.0,0.0,18.620799391596165,0.0,1353.8079350239711,1353.8079350239711
2025-02-27,129,0.9871,4531.2941,0.0,763.9203490818445,763.9203490818445,0.0,0.0,0.0,0.0,0.0,0.0,0.0,8.704665748511161,1353.8079350239711,1353.8079350239711
2025-02-27,130,0.7764,3996.5658,0.0,692.162127658431,692.162127658431,0.0,0.0,0.0,0.0,0.0,0.0,0.0,26.067827658431042,1353.8079350239711,1353.8079350239711
2025-02-27,131,0.4209,3236.97,0.0,568.8106298334433,568.8106298334433,0.0,0.0,0.0,0.0,0.0,0.0,0.0,29.315629833443268,1353.8079350239711,1353.8079350239711
2025-02-27,132,0.3859,3195.4129,0.0,554.938145168922,554.938145168922,0.0,0.0,0.0,0.0,0.0,0.0,0.0,22.36932850225537,1353.8079350239711,1353.8079350239711
2025-02-27,133,0.4368,3273.6166,0.0,571.8290958734752,571.8290958734752,0.0,0.0,0.0,0.0,0.0,0.0,0.0,26.2263292068086,1353.8079350239711,1353.8079350239711
2025-02-27,134,0.4198,3192.08,0.0,569.6443411557597,569.6443411557597,0.0,0.0,0.0,0.0,0.0,0.0,0.0,37.63100782242634,1353.8079350239711,1353.8079350239711
2025-02-27,135,0.4186,3262.9858,0.0,569.726236001088,569.726236001088,0.0,0.0,0.0,0.0,0.0,0.0,0.0,25.8952693344213,1353.8079350239711,1353.8079350239711
2025-02-27,136,0.4241,3316.6853,0.0,561.9242685935733,561.9242685935733,0.0,0.0,9.479428664952522e-16,0.0,9.479428664952522e-16,0.0,0.0,9.143385260239937,1353.8079350239711,1353.8079350239711
2025-02-27,137,0.4237,3314.16,0.0,585.0297636266288,585.0297636266288,0.0,0.0,0.0,0.0,0.0,0.0,0.0,32.669763626628765,1353.8079350239711,1353.8079350239711
2025-02-27,138,0.4248,3385.029,0.0,599.0496657984332,599.0496657984332,0.0,0.0,0.0,0.0,0.0,0.0,0.0,34.8781657984332,1353.8079350239711,1353.8079350239711
2025-02-27,139,0.424,3315.2527,0.0,590.7687372334879,590.7687372334879,0.0,0.0,0.0,0.0,0.0,0.0,0.0,38.226620566821225,1353.8079350239711,1353.8079350239711
2025-02-27,140,0.422,3201.78,0.0,583.1893430986689,583.1893430986689,0.0,0.0,0.0,0.0,0.0,0.0,0.0,49.55934309866893,1353.8079350239711,1353.8079350239711
2025-02-27,141,0.424,3301.187,0.0,576.7261407685802,576.7261407685802,0.0,0.0,4.336808689942018e-14,0.0,4.336808689942018e-14,0.0,0.0,26.528307435246873,1353.8079350239711,1353.8079350239711
2025-02-27,142,0.4271,2955.6871,0.0,498.9780341487561,498.9780341487561,0.0,0.0,0.0,0.0,0.0,0.0,0.0,6.363517482089378,1353.8079350239711,1353.8079350239711
2025-02-27,143,0.4276,2323.87,0.0,450.37606861942487,450.37606861942487,0.0,0.0,3.0357660829594124e-14,0.0,3.0357660829594124e-14,0.0,0.0,63.064401952758175,1353.8079350239711,1353.8079350239711
2025-02-28,0,0.4248,2298.0528,0.0,1291.213725320516,1291.213725320516,0.0,0.0,833.3333333333334,0.0,833.3333333333333,0.0,0.0,74.87159198718268,1353.8079350239711,2103.8079350239714
2025-02-28,1,0.4245,2521.2007,0.0,1280.4534190078605,1280.4534190078605,0.0,0.0,833.3333333333334,0.0,833.3333333333333,0.0,0.0,26.919969007860573,2103.8079350239714,2853.8079350239714
2025-02-28,2,0.4269,2612.24,0.0,1294.2712753008134,1294.2712753008134,0.0,0.0,833.3333333333336,0.0,833.3333333333333,0.0,0.0,25.564608634146907,2853.8079350239714,3603.8079350239714
2025-02-28,3,0.4272,2546.2529,0.0,455.71702607201746,455.71702607201746,0.0,0.0,0.0,0.0,0.0,0.0,0.0,31.341542738684154,3603.8079350239714,3603.8079350239714
2025-02-28,4,0.4271,2515.4946,0.0,1332.8471230615564,1332.8471230615564,0.0,0.0,833.3333333333334,0.0,833.3333333333333,0.0,0.0,80.26468972822317,3603.8079350239714,4353.807935023971
2025-02-28,5,0.4285,2578.29,0.0,1340.7139542552954,1340.7139542552954,0.0,0.0,833.3333333333334,0.0,833.3333333333333,0.0,0.0,77.66562092196227,4353.807935023971,5103.807935023971
2025-02-28,6,0.4311,2623.4325,0.0,473.89438135867505,473.89438135867505,0.0,0.0,0.0,0.0,0.0,0.0,0.0,36.655631358675066,5103.807935023971,5103.807935023971
2025-02-28,7,0.4302,2605.5697,0.0,1324.3642910827175,1324.3642910827175,0.0,0.0,833.3333333333334,0.0,833.3333333333333,0.0,0.0,56.769341082717574,5103.807935023971,5853.807935023971
2025-02-28,8,0.4279,2594.81,0.0,1346.6119959543676,1346.6119959543676,0.0,0.0,833.3333333333334,0.0,833.3333333333333,0.0,0.0,80.81032928770105,5853.807935023971,6603.807935023971
2025-02-28,9,0.4312,2679.3176,0.0,476.67342516924714,476.67342516924714,0.0,0.0,0.0,0.0,0.0,0.0,0.0,30.12049183591381,6603.807935023971,6603.807935023971
2025-02-28,10,0.4333,2644.4747,0.0,478.8449535874203,478.8449535874203,0.0,0.0,0.0,0.0,0.0,0.0,0.0,38.09917025408697,6603.807935023971,6603.807935023971
2025-02-28,11,0.4311,2491.34,0.0,506.4824748044961,506.4824748044961,0.0,0.0,0.0,0.0,0.0,0.0,0.0,91.25914147116276,6603.807935023971,6603.807935023971
2025-02-28,12,0.4293,2473.1831,0.0,508.0634297466867,508.0634297466867,0.0,0.0,1.0408661586956845e-10,0.0,1.0408661586956845e-10,0.0,0.0,95.86624641324926,6603.807935023971,6603.807935024065
2025-02-28,13,0.4324,2672.6694,0.0,530.6891848900125,530.6891848900125,0.0,0.0,0.0,0.0,0.0,0.0,0.0,85.24428489001247,6603.807935024065,6603.807935024065
2025-02-28,14,0.4367,2905.96,0.0,511.17077319059905,511.17077319059905,0.0,0.0,0.0,0.0,0.0,0.0,0.0,26.844106523932396,6603.807935024065,6603.807935024065
2025-02-28,15,0.4348,2861.3881,0.0,498.8693762163313,498.8693762163313,0.0,0.0,0.0,0.0,0.0,0.0,0.0,21.971359549664612,6603.807935024065,6603.807935024065
2025-02-28,16,0.4335,2605.6504,0.0,860.6476789011177,860.6476789011177,0.0,0.0,349.0528557786847,0.0,349.0528557786847,0.0,0.0,77.31975645576637,6603.807935024065,6917.955505224882
2025-02-28,17,0.4357,2464.38,0.0,541.9932287971676,541.9932287971676,0.0,0.0,0.0,0.0,0.0,0.0,0.0,131.26322879716759,6917.955505224882,6917.955505224882
2025-02-28,18,0.4374,2724.9008,0.0,498.3346100161282,498.3346100161282,0.0,0.0,0.0,0.0,0.0,0.0,0.0,44.184476682794866,6917.955505224882,6917.955505224882
2025-02-28,19,0.4371,2896.6859,0.0,520.142283434989,520.142283434989,0.0,0.0,0.0,0.0,0.0,0.0,0.0,37.36130010165573,6917.955505224882,6917.955505224882
2025-02-28,20,0.4356,2817.77,0.0,528.603357790236,528.603357790236,0.0,0.0,0.0,0.0,0.0,0.0,0.0,58.9750244569027,6917.955505224882,6917.955505224882
2025-02-28,21,0.4353,2785.3559,0.0,517.5939555007266,517.5939555007266,0.0,0.0,0.0,0.0,0.0,0.0,0.0,53.36797216739325,6917.955505224882,6917.955505224882
2025-02-28,22,0.436,2834.2144,0.0,506.5575847406528,506.5575847406528,0.0,0.0,0.0,0.0,0.0,0.0,0.0,34.18851807398619,6917.955505224882,6917.955505224882
2025-02-28,23,0.4378,2930.33,0.0,544.5931139966164,544.5931139966164,0.0,0.0,0.0,0.0,0.0,0.0,0.0,56.20478066328303,6917.955505224882,6917.955505224882
2025-02-28,24,0.4401,3014.8577,0.0,526.118931785618,526.118931785618,0.0,0.0,0.0,0.0,0.0,0.0,0.0,23.642648452284618,6917.955505224882,6917.955505224882
2025-02-28,25,0.4389,2933.6649,0.0,521.0075040832352,521.0075040832352,0.0,0.0,0.0,0.0,0.0,0.0,0.0,32.06335408323514,6917.955505224882,6917.955505224882
2025-02-28,26,0.4364,2836.01,0.0,554.3451232781323,554.3451232781323,0.0,0.0,0.0,0.0,0.0,0.0,0.0,81.67678994479894,6917.955505224882,6917.955505224882
2025-02-28,27,0.4393,3028.6659,0.0,509.7496892314246,509.7496892314246,0.0,0.0,0.0,0.0,0.0,0.0,0.0,4.972039231424617,6917.955505224882,6917.955505224882
2025-02-28,28,0.4422,3156.8607,0.01,521.7416049732523,521.7416049732523,0.0,0.0,0.0,0.0,0.0,0.0,4.400178360081098,0.0,6917.955505224882,6917.955505224882
2025-02-28,29,0.4395,3091.92,0.0,553.9903737563557,553.9903737563557,0.0,0.0,0.0,0.0,0.0,0.0,0.0,38.670373756355616,6917.955505224882,6917.955505224882
2025-02-28,30,0.4333,3042.7074,0.0,528.2946319982923,528.2946319982923,0.0,0.0,0.0,0.0,0.0,0.0,0.0,21.176731998292325,6917.955505224882,6917.955505224882
2025-02-28,31,0.4439,2993.6964,0.14,533.0023814464927,533.0023814464927,0.0,0.0,0.0,0.0,0.0,0.0,0.0,34.07631477982602,6917.955505224882,6917.955505224882
2025-02-28,32,0.4301,3000.31,0.0,1423.1959166535141,1423.1959166535141,0.0,0.0,833.3333333333334,0.0,833.3333333333333,0.0,0.0,89.81091665351414,6917.955505224882,7667.955505224882
2025-02-28,33,0.3713,3146.9015,0.0,1422.2387517869581,1422.2387517869581,0.0,0.0,833.3333333333334,0.0,833.3333333333333,0.0,0.0,64.42183512029158,7667.955505224882,8417.955505224882
2025-02-28,34,0.5708,3127.7924,1.9496,0.0,0.0,0.0,0.0,0.0,572.6733045905775,0.0,520.9738,0.0,0.0,8417.955505224882,7839.095727447104
2025-02-28,35,0.9099,2988.86,0.0,0.0,0.0,0.0,0.0,0.0,589.8240310355806,0.0,498.1433333333334,0.0,0.0,7839.095727447104,7285.603134854511
2025-02-28,36,0.9368,3077.2879,0.0,0.0,0.0,0.0,0.0,0.0,562.0430777071957,0.0,512.8813166666666,0.0,0.0,7285.603134854511,6715.735005224881
2025-02-28,37,0.8758,3153.3232,34.3002,0.0,0.0,0.0,0.0,0.0,552.8707137867879,0.0,519.8371666666667,0.0,0.0,6715.735005224881,6138.138153373029
2025-02-28,38,0.8759,3050.02,192.9375,0.0,0.0,0.0,0.0,0.0,548.6930062588702,0.0,476.18041666666664,0.0,0.0,6138.138153373029,5609.048801521178
2025-02-28,39,0.8601,2902.7461,468.5633,0.0,0.0,0.0,0.0,0.0,536.4640003706627,0.0,405.6971333333333,0.0,0.0,5609.048801521178,5158.274208928585
2025-02-28,40,0.8442,3129.0115,748.5048,0.0,0.0,0.0,0.0,0.0,530.0009868718334,0.0,396.7511166666667,0.0,0.0,5158.274208928585,4717.439634854511
2025-02-28,41,0.8334,3551.36,1008.8625,0.0,0.0,0.0,0.0,0.0,510.3984294000059,0.0,423.74958333333336,0.0,0.0,4717.439634854511,4246.6067644841405
2025-02-28,42,0.8092,3576.1038,1311.598,0.0,0.0,0.0,0.0,0.0,472.17574318440666,0.0,377.41763333333336,0.0,0.0,4246.6067644841405,3827.2538385582147
2025-02-28,43,0.7972,3576.6763,1595.8657,0.0,0.0,0.0,0.0,0.0,406.82831649925623,0.0,330.13509999999997,0.0,0.0,3827.2538385582147,3460.437060780437
2025-02-28,44,0.7644,3718.49,1856.4,0.0,0.0,0.0,0.0,0.0,364.3858559847192,0.0,310.3483333333333,0.0,0.0,3460.437060780437,3115.6055792989555
2025-02-28,45,0.6899,3745.051,2169.7578,0.0,217.86747688036877,217.86747688036877,0.0,0.0,84.56510068897482,0.0,44.68138978629793,0.0,0.0,3115.6055792989555,3065.9595906475133
2025-02-28,46,0.86,3554.1943,2584.0398,0.0,0.0,0.0,0.0,0.0,252.12009227375992,0.0,161.6924166666667,0.0,0.0,3065.9595906475133,2886.3013499067724
2025-02-28,47,1.1617,3396.94,3015.2625,0.0,0.0,0.0,0.0,0.0,228.76771260206888,0.0,63.61291666666665,0.0,0.0,2886.3013499067724,2815.620331388254
2025-02-28,48,1.1683,3602.7566,3328.8363,0.0,0.0,0.0,0.0,0.0,159.41987972410666,0.0,45.653383333333295,0.0,0.0,2815.620331388254,2764.8943499067723
2025-02-28,49,1.0956,3608.8884,3674.0832,0.0,0.0,0.0,0.0,0.0,112.69594893549454,0.0,0.0,0.0,10.865800000000036,2764.8943499067723,2764.8943499067723
2025-02-28,50,1.0849,3360.94,4052.1,0.0,0.0,0.0,0.0,0.0,66.53663513501048,0.0,0.0,0.0,115.19333333333338,2764.8943499067723,2764.8943499067723
2025-02-28,51,1.061,3400.7755,4310.8872,0.0,0.0,0.0,0.0,0.0,24.332524091870937,0.0,0.0,0.0,151.68528333333336,2764.8943499067723,2764.8943499067723
2025-02-28,52,1.043,3714.08,4561.9443,0.0,0.0,0.0,0.0,0.0,14.909057947395317,0.0,0.0,0.0,141.31071666666674,2764.8943499067723,2764.8943499067723
2025-02-28,53,1.036,4095.26,4840.0125,0.0,0.0,0.0,0.0,0.0,49.835739906639446,0.0,0.0,0.0,124.12541666666652,2764.8943499067723,2764.8943499067723
2025-02-28,54,1.0147,4342.7814,5098.8143,0.0,0.0,0.0,0.0,0.0,0.0,0.0,0.0,0.0,126.00548333333336,2764.8943499067723,2764.8943499067723
2025-02-28,55,0.9922,4445.4841,5533.4744,0.0,0.0,0.0,0.0,89.15707397199093,0.0,89.15707397199093,0.0,0.0,92.17464269467577,2764.8943499067723,2845.135716481564
2025-02-28,56,0.97,4383.4,6065.4375,0.0,0.0,0.0,0.0,155.8592275826701,0.0,155.8592275826701,0.0,0.0,124.4803557506633,2845.135716481564,2985.409021305967
2025-02-28,57,0.9422,4160.6017,6394.5233,0.0,0.0,0.0,0.0,196.3412726334033,0.0,196.3412726334033,0.0,0.0,175.97899403326332,2985.409021305967,3162.11616667603
2025-02-28,58,0.9569,4086.8289,6667.5229,0.0,0.0,0.0,0.0,214.36625956072487,0.0,214.36625956072487,0.0,0.0,215.7494071059417,3162.11616667603,3355.045800280682
2025-02-28,59,0.9977,4138.37,6941.2875,0.0,0.0,0.0,0.0,254.6657801822263,0.0,254.6657801822263,0.0,0.0,212.48713648444047,3355.045800280682,3584.2450024446857
2025-02-28,60,0.9919,4039.3875,7104.8375,0.0,0.0,0.0,0.0,304.7784795863798,0.0,304.7784795863798,0.0,0.0,206.12985374695364,3584.2450024446857,3858.5456340724277
2025-02-28,61,0.9588,4121.818,7196.0428,0.0,0.0,0.0,0.0,300.06294143547296,0.0,300.06294143547296,0.0,0.0,212.30785856452707,3858.5456340724277,4128.602281364353
2025-02-28,62,0.9549,4289.48,7262.5125,0.0,0.0,0.0,0.0,316.8000553695321,0.0,316.8000553695321,0.0,0.0,178.70536129713463,4128.602281364353,4413.722331196932
2025-02-28,63,0.9839,4091.7315,7296.0655,0.0,0.0,0.0,0.0,321.31144108765875,0.0,321.31144108765875,0.0,0.0,212.7442255790079,4413.722331196932,4702.902628175825
2025-02-28,64,0.799,3973.5362,7197.0543,0.0,0.0,0.0,0.0,307.97196291865777,0.0,307.97196291865777,0.0,0.0,229.2810537480088,4702.902628175825,4980.077394802617
2025-02-28,65,0.5025,4044.96,7133.8875,0.0,0.0,0.0,0.0,296.27298259086075,0.0,296.27298259086075,0.0,0.0,218.54826740913933,4980.077394802617,5246.723079134392
2025-02-28,66,0.4662,3990.894,7354.5793,0.0,0.0,0.0,0.0,329.95588588154914,0.0,329.95588588154914,0.0,0.0,230.65833078511758,5246.723079134392,5543.683376427786
2025-02-28,67,0.5007,4040.5833,7296.7782,0.0,0.0,0.0,0.0,374.16965284043084,0.0,374.16965284043084,0.0,0.0,168.5294971595692,5543.683376427786,5880.436063984174
2025-02-28,68,0.4827,4205.23,6956.6625,0.0,0.0,0.0,0.0,385.38655311168714,0.0,385.38655311168714,0.0,0.0,73.18553022164645,5880.436063984174,6227.283961784693
2025-02-28,69,0.4785,4207.3342,6928.1727,0.0,0.0,0.0,0.0,363.5680919241821,0.0,363.5680919241821,0.0,0.0,89.90499140915108,6227.283961784693,6554.495244516457
2025-02-28,70,0.4662,4058.8111,7140.5833,0.0,0.0,0.0,0.0,364.87303863620053,0.0,364.87303863620053,0.0,0.0,148.75566136379956,6554.495244516457,6882.880979289038
2025-02-28,71,0.4432,3912.78,7383.75,0.0,0.0,0.0,0.0,360.29187728709684,0.0,360.29187728709684,0.0,0.0,218.20312271290317,6882.880979289038,7207.143668847425
2025-02-28,72,0.4411,3894.5881,7498.554,0.0,0.0,242.19843098607163,242.19843098607163,0.0,0.0,0.0,0.0,0.0,600.6609833333333,7207.143668847425,7207.143668847425
2025-02-28,73,0.4551,3775.294,7398.2557,0.0,0.0,0.0,0.0,416.47924856090344,0.0,416.47924856090344,0.0,0.0,187.34770143909657,7207.143668847425,7581.974992552238
2025-02-28,74,0.4463,3608.95,7215.525,0.0,0.0,0.0,0.0,0.0,0.0,0.0,0.0,0.0,601.0958333333332,7581.974992552238,7581.974992552238
2025-02-28,75,0.4113,3703.1021,7177.1128,420.8308886562066,0.0,55.59189903401386,476.42278769022045,0.0,0.0,0.0,0.0,0.0,579.0017833333333,7581.974992552238,7581.974992552238
2025-02-28,76,0.5682,3891.8077,7087.7253,0.0,0.0,0.0,0.0,0.0,0.0,0.0,0.0,0.0,532.6529333333334,7581.974992552238,7581.974992552238
2025-02-28,77,0.8279,3924.29,6836.2875,0.0,0.0,0.0,0.0,412.72424250940617,0.0,412.72424250940617,0.0,0.0,72.60867415726068,7581.974992552238,7953.4268108107035
2025-02-28,78,0.8636,3716.7107,6525.0818,0.0,0.0,0.0,0.0,376.3592640085739,0.0,376.3592640085739,0.0,0.0,91.70258599142602,7953.4268108107035,8292.15014841842
2025-02-28,79,0.8416,3678.1642,6336.6907,0.0,0.0,0.0,0.0,340.77351910055677,0.0,340.77351910055677,0.0,0.0,102.31423089944315,8292.15014841842,8598.84631560892
2025-02-28,80,0.8618,3787.57,6350.025,0.0,0.0,0.0,0.0,282.2040522291003,0.0,282.2040522291003,0.0,0.0,144.87178110423292,8598.84631560892,8852.829962615111
2025-02-28,81,0.8623,3658.4086,6458.88,0.0,0.0,0.0,0.0,332.239780781326,0.0,332.239780781326,0.0,0.0,134.50545255200734,8852.829962615111,9151.845765318305
2025-02-28,82,0.9026,3631.8299,6325.3768,0.0,0.0,0.0,0.0,313.065820413239,0.0,313.065820413239,0.0,0.0,135.85866292009433,9151.845765318305,9433.60500369022
2025-02-28,83,0.9754,3723.92,6060.975,0.0,0.0,0.0,0.0,256.21413819917615,0.0,256.21413819917615,0.0,0.0,133.29502846749057,9433.60500369022,9664.19772806948
2025-02-28,84,1.0002,3596.8827,6089.676,0.0,0.0,0.0,0.0,294.17149964721784,0.0,294.17149964721784,0.0,0.0,121.29405035278216,9664.19772806948,9928.952077751976
2025-02-28,85,0.9978,3532.6393,6075.1645,0.0,0.0,0.0,0.0,252.1435793660315,0.0,252.1435793660315,0.0,0.0,171.61062063396858,9928.952077751976,10155.881299181405
2025-02-28,86,1.0271,3587.17,5785.8,0.0,0.0,0.0,0.0,224.93086819667099,0.0,224.93086819667099,0.0,0.0,141.5074651366624,10155.881299181405,10358.319080558409
2025-02-28,87,1.0906,3520.7373,5350.9754,0.0,0.0,0.0,0.0,184.02035079513587,0.0,184.02035079513587,0.0,0.0,121.01933253819755,10358.319080558409,10523.937396274032
2025-02-28,88,0.9376,3450.2717,5121.0959,0.0,0.0,0.0,0.0,146.22345962911095,0.0,146.22345962911095,0.0,0.0,132.24724037088913,10523.937396274032,10655.538509940232
2025-02-28,89,0.6694,3438.38,5001.0,0.0,0.0,0.0,0.0,122.31029133384156,0.0,122.31029133384156,0.0,0.0,138.12637533282503,10655.538509940232,10765.61777214069
2025-02-28,90,0.66,3410.2502,4576.905,0.0,0.0,0.0,0.0,0.0,0.0,0.0,0.0,0.0,194.44246666666663,10765.61777214069,10765.61777214069
2025-02-28,91,0.7217,3336.6207,4137.6873,2.8529176139822994,0.0,0.0,2.8529176139822994,38.20247539923352,0.0,38.20247539923352,0.0,0.0,95.30862460076642,10765.61777214069,10800.0
2025-02-28,92,0.7308,3298.45,3859.1625,51.0766809418883,0.0,0.0,51.0766809418883,0.0,0.0,0.0,0.0,0.0,93.45208333333335,10800.0,10800.0
2025-02-28,93,0.7534,3390.5107,3630.6764,70.23736886135809,57.83350143919021,0.0,12.403867422167885,0.0,0.0,0.0,0.0,0.0,97.8611181058568,10800.0,10800.0
2025-02-28,94,0.7823,3387.3664,3374.2275,128.0061329899717,128.0061329899717,0.0,0.0,0.0,9.795681466779058,0.0,0.0,0.0,125.81631632330505,10800.0,10800.0
2025-02-28,95,0.8055,3286.61,3063.2625,164.3146113610945,164.3146113610945,0.0,0.0,0.0,19.066761525477347,0.0,0.0,0.0,127.09002802776115,10800.0,10800.0
2025-02-28,96,0.8271,3297.5504,2714.1939,238.42054037575113,238.42054037575116,2.842170943040401e-14,0.0,0.0,0.0,0.0,0.0,0.0,141.19445704241787,10800.0,10800.0
2025-02-28,97,0.8519,3274.6939,2354.8636,266.2133645686781,255.18354253714406,5.684341886080802e-14,11.02982203153411,0.0,0.0,0.0,0.0,0.0,101.8784925371441,10800.0,10800.0
2025-02-28,98,0.8791,3320.2,2010.375,334.28851259321135,329.8695808307147,0.0,4.418931762496641,0.0,0.0,0.0,0.0,0.0,111.5654141640481,10800.0,10800.0
2025-02-28,99,0.9024,3621.1804,1689.6307,415.8271694956752,415.8271694956752,0.0,0.0,0.0,0.0,0.0,0.0,0.0,93.90221949567513,10800.0,10800.0
2025-02-28,100,0.9163,3394.8841,1359.3205,464.88457817656445,464.88457817656445,0.0,0.0,23.14753257609366,0.0,0.0,0.0,0.0,125.62397817656438,10800.0,10800.0
2025-02-28,101,0.9264,2729.74,1020.4125,449.8329648117654,426.87965149479794,2.2737367544323206e-13,22.953313316967694,12.485113093359056,0.0,0.0,0.0,0.0,141.9917348281313,10800.0,10800.0
2025-02-28,102,0.9462,2553.2782,709.2169,516.5877256550863,462.32779518473666,0.0,54.259930470349616,0.0,0.0,0.0,0.0,0.0,154.98424518473666,10800.0,10800.0
2025-02-28,103,0.9742,2683.3975,425.5556,523.0382723023953,518.4600613921485,0.0,4.578210910246753,0.0,0.0,0.0,0.0,0.0,142.1530780588152,10800.0,10800.0
2025-02-28,104,0.9862,2727.39,187.9125,573.5805118585753,546.0511938030198,0.0,27.52931805555545,0.0,0.0,0.0,0.0,0.0,122.80494380301985,10800.0,10800.0
2025-02-28,105,0.976,2539.908,37.1101,605.657032727347,592.3449125728001,0.0,13.312120154546847,0.0,0.0,0.0,0.0,0.0,175.21192923946683,10800.0,10800.0
2025-02-28,106,1.0742,2614.5778,0.0,579.8894481813659,569.7906235705833,0.0,10.098824610782572,0.0,0.0,0.0,0.0,0.0,134.02765690391664,10800.0,10800.0
2025-02-28,107,1.2313,2827.06,0.0,111.77099372534872,111.77099372534872,0.0,0.0,0.0,402.9008269750815,0.0,359.40567294131796,0.0,0.0,10800.0,10400.660363398536
2025-02-28,108,1.2561,2588.0245,2.1647,0.0,0.0,0.0,0.0,0.0,508.72410024734717,0.0,430.9766333333333,0.0,0.0,10400.660363398536,9921.79743747261
2025-02-28,109,1.2447,2518.6813,0.0,0.0,0.0,0.0,0.0,0.0,524.1253060586723,0.0,419.7802166666667,0.0,0.0,9921.79743747261,9455.374974509648
2025-02-28,110,1.2545,2712.87,0.0,0.0,0.0,0.0,0.0,0.0,538.7791863882821,0.0,452.145,0.0,0.0,9455.374974509648,8952.991641176315
2025-02-28,111,1.2522,2640.3319,0.1554,0.0,0.0,0.0,0.0,0.0,497.5286470060864,0.0,440.0294166666667,0.0,0.0,8952.991641176315,8464.07006710224
2025-02-28,112,1.2881,2608.7645,0.0,0.0,0.0,0.0,0.0,0.0,491.9084323694972,0.0,434.7940833333334,0.0,0.0,8464.07006710224,7980.965530065203
2025-02-28,113,1.3466,2693.73,0.0,0.0,0.0,0.0,0.0,0.0,515.3548192287088,0.0,448.955,0.0,0.0,7980.965530065203,7482.1266411763145
2025-02-28,114,1.3523,2645.9575,0.0112,0.0,0.0,0.0,0.0,0.0,529.3562501999619,0.0,440.99105,0.0,0.0,7482.1266411763145,6992.136585620759
2025-02-28,115,1.3445,2701.7281,0.0,0.0,0.0,0.0,0.0,0.0,510.78873679942257,0.0,450.28801666666664,0.0,0.0,6992.136585620759,6491.816567102241
2025-02-28,116,1.3483,2803.41,0.0,0.0,0.0,0.0,0.0,0.0,534.7442259256017,0.0,467.23499999999996,0.0,0.0,6491.816567102241,5972.666567102241
2025-02-28,117,1.349,2654.5294,0.0,0.0,0.0,0.0,0.0,0.0,521.1222208749115,0.0,442.42156666666665,0.0,0.0,5972.666567102241,5481.087048583722
2025-02-28,118,1.3473,2657.7315,0.0,0.0,0.0,0.0,0.0,0.0,500.6914341788948,0.0,442.95525,0.0,0.0,5481.087048583722,4988.9145485837225
2025-02-28,119,1.3482,2791.39,0.0,0.0,0.0,0.0,0.0,0.0,516.7512327576118,0.0,465.2316666666666,0.0,0.0,4988.9145485837225,4471.990474509648
2025-02-28,120,1.3513,2658.9162,0.0,0.0,0.0,0.0,0.0,0.0,521.6009051172485,0.0,443.15270000000004,0.0,0.0,4471.990474509648,3979.5985856207594
2025-02-28,121,1.34,2744.0628,0.0,0.0,0.0,0.0,0.0,0.0,521.5751063636404,0.0,457.34380000000004,0.0,0.0,3979.5985856207594,3471.4388078429815
2025-02-28,122,1.3489,2972.78,0.0,0.0,0.0,0.0,0.0,0.0,518.6864467853053,0.0,495.46333333333337,0.0,0.0,3471.4388078429815,2920.9239930281665
2025-02-28,123,1.3952,2769.9845,0.0,0.0,0.0,0.0,0.0,0.0,520.9915145161498,0.0,461.66408333333334,0.0,0.0,2920.9239930281665,2407.963900435574
2025-02-28,124,1.2226,2667.5175,0.0,516.1488349002707,516.1488349002707,0.0,0.0,0.0,0.0,0.0,0.0,0.0,71.56258490027068,2407.963900435574,2407.963900435574
2025-02-28,125,0.9332,2867.63,0.0,536.8845585094313,536.8845585094313,0.0,0.0,0.0,0.0,0.0,0.0,0.0,58.946225176097926,2407.963900435574,2407.963900435574
2025-02-28,126,0.9068,2995.4761,0.0,547.0832178252934,547.0832178252934,0.0,0.0,0.0,0.0,0.0,0.0,0.0,47.83720115862678,2407.963900435574,2407.963900435574
2025-02-28,127,0.9371,2846.4583,0.0,529.7938653349937,529.7938653349937,0.0,0.0,0.0,7.86576224133762,0.0,0.0,0.0,55.3841486683271,2407.963900435574,2407.963900435574
2025-02-28,128,0.9371,2694.44,0.0,529.8163109785309,529.8163109785309,0.0,0.0,0.0,0.0,0.0,0.0,0.0,80.74297764519753,2407.963900435574,2407.963900435574
2025-02-28,129,0.9871,2941.2304,0.0,535.0232538723404,535.0232538723404,0.0,0.0,0.0,0.0,0.0,0.0,0.0,44.81818720567378,2407.963900435574,2407.963900435574
2025-02-28,130,0.7764,2830.0269,0.0,511.1070543974823,511.1070543974823,0.0,0.0,0.0,0.0,0.0,0.0,0.0,39.43590439748232,2407.963900435574,2407.963900435574
2025-02-28,131,0.4209,2359.98,0.0,455.82457243674986,455.82457243674986,0.0,0.0,0.0,0.0,0.0,0.0,0.0,62.49457243674988,2407.963900435574,2407.963900435574
2025-02-28,132,0.3859,2292.3636,0.0,442.0416018069466,442.0416018069466,0.0,0.0,0.0,0.0,0.0,0.0,0.0,59.98100180694655,2407.963900435574,2407.963900435574
2025-02-28,133,0.4368,2258.3044,0.0,431.79233498135517,431.79233498135517,0.0,0.0,0.0,0.0,0.0,0.0,0.0,55.408268314688485,2407.963900435574,2407.963900435574
2025-02-28,134,0.4198,2110.11,0.0,431.1564078771357,431.1564078771357,0.0,0.0,0.0,0.0,0.0,0.0,0.0,79.47140787713568,2407.963900435574,2407.963900435574
2025-02-28,135,0.4186,2128.9587,0.0,453.93965148605184,453.93965148605184,0.0,0.0,0.0,0.0,0.0,0.0,0.0,99.11320148605182,2407.963900435574,2407.963900435574
2025-02-28,136,0.4241,2253.2448,0.0,442.3681982930901,442.3681982930901,0.0,0.0,0.0,0.0,0.0,0.0,0.0,66.82739829309008,2407.963900435574,2407.963900435574
2025-02-28,137,0.4237,2393.02,0.0,446.3970075763973,446.3970075763973,0.0,0.0,0.0,0.0,0.0,0.0,0.0,47.560340909730655,2407.963900435574,2407.963900435574
2025-02-28,138,0.4248,2511.8456,0.0,468.3378558424293,468.3378558424293,0.0,0.0,0.0,0.0,0.0,0.0,0.0,49.69692250909594,2407.963900435574,2407.963900435574
2025-02-28,139,0.424,2538.6448,0.0,461.9628514126734,461.9628514126734,0.0,0.0,0.0,0.0,0.0,0.0,0.0,38.855384746006735,2407.963900435574,2407.963900435574
2025-02-28,140,0.422,2470.03,0.0,436.86242074210327,436.86242074210327,0.0,0.0,0.0,0.0,0.0,0.0,0.0,25.190754075436587,2407.963900435574,2407.963900435574
2025-02-28,141,0.424,2391.7744,0.0,456.7471811714845,456.7471811714845,0.0,0.0,0.0,0.0,0.0,0.0,0.0,58.11811450481787,2407.963900435574,2407.963900435574
2025-02-28,142,0.4271,2430.8585,0.0,453.9102415340571,453.9102415340571,0.0,0.0,0.0,0.0,0.0,0.0,0.0,48.76715820072377,2407.963900435574,2407.963900435574
2025-02-28,143,0.4276,2558.33,0.0,441.6574808178256,441.6574808178256,0.0,0.0,0.0,0.0,0.0,0.0,0.0,15.269147484492294,2407.963900435574,2407.963900435574
