date,E_start_kwh,E_end_kwh,plan_grid_kwh,plan_cost_yuan,emergency_kwh,emergency_cost_yuan,total_cost_yuan,surplus_kwh,charge_exec_kwh,discharge_exec_kwh,solver_objective_48h_yuan,solver_elapsed_s,solver_mip_gap,scenario_count_used,fallback,sampled_residual_days,sampled_residual_dates,training_cutoff
2025-02-01,6000.0,10228.935168901504,59555.31903261438,32114.793990621238,0.0,0.0,32114.793990621238,17407.497117293595,20861.075420926856,13091.429438939398,88736.79572772323,3.885810000007041,0.0,10,10_scenario,"[19, 25, 29, 24, 29, 9, 25, 12, 12, 27, 28, 7, 7, 26, 24, 26, 24, 22, 10, 12, 17, 25, 12, 15, 12, 26, 5, 23, 28, 10]","[""2025-01-20"", ""2025-01-26"", ""2025-01-30"", ""2025-01-25"", ""2025-01-30"", ""2025-01-10"", ""2025-01-26"", ""2025-01-13"", ""2025-01-13"", ""2025-01-28"", ""2025-01-29"", ""2025-01-08"", ""2025-01-08"", ""2025-01-27"", ""2025-01-25"", ""2025-01-27"", ""2025-01-25"", ""2025-01-23"", ""2025-01-11"", ""2025-01-13"", ""2025-01-18"", ""2025-01-26"", ""2025-01-13"", ""2025-01-16"", ""2025-01-13"", ""2025-01-27"", ""2025-01-06"", ""2025-01-24"", ""2025-01-29"", ""2025-01-11""]",2025-01-31
2025-02-02,10228.935168901504,6596.41162962963,94670.47522147163,61748.15254350362,45.24672964934496,151.93652931079498,61900.089072814415,16773.853243876612,15025.589171521382,15439.998414277004,136198.53973401812,1.4653293000010308,7.83854776733184e-07,10,10_scenario,"[11, 8, 4, 5, 22, 2, 12, 24, 25, 2, 9, 24, 30, 9, 19, 27, 18, 3, 22, 18, 25, 11, 3, 11, 18, 4, 14, 4, 15, 26]","[""2025-01-12"", ""2025-01-09"", ""2025-01-05"", ""2025-01-06"", ""2025-01-23"", ""2025-01-03"", ""2025-01-13"", ""2025-01-25"", ""2025-01-26"", ""2025-01-03"", ""2025-01-10"", ""2025-01-25"", ""2025-01-31"", ""2025-01-10"", ""2025-01-20"", ""2025-01-28"", ""2025-01-19"", ""2025-01-04"", ""2025-01-23"", ""2025-01-19"", ""2025-01-26"", ""2025-01-12"", ""2025-01-04"", ""2025-01-12"", ""2025-01-19"", ""2025-01-05"", ""2025-01-15"", ""2025-01-05"", ""2025-01-16"", ""2025-01-27""]",2025-02-01
2025-02-03,6596.41162962963,6328.029813239637,92971.09737788174,58993.99794134205,134.7149189845356,504.5828549083324,59498.58079625038,9161.579071529399,20888.738737304615,17161.422011967734,128751.64372229777,24.568054100003792,8.512979053497032e-07,10,10_scenario,"[12, 30, 7, 2, 14, 16, 31, 17, 5, 6, 1, 25, 30, 21, 6, 10, 21, 22, 13, 29, 19, 30, 26, 28, 3, 28, 5, 5, 28, 28]","[""2025-01-13"", ""2025-01-31"", ""2025-01-08"", ""2025-01-03"", ""2025-01-15"", ""2025-01-17"", ""2025-02-01"", ""2025-01-18"", ""2025-01-06"", ""2025-01-07"", ""2025-01-02"", ""2025-01-26"", ""2025-01-31"", ""2025-01-22"", ""2025-01-07"", ""2025-01-11"", ""2025-01-22"", ""2025-01-23"", ""2025-01-14"", ""2025-01-30"", ""2025-01-20"", ""2025-01-31"", ""2025-01-27"", ""2025-01-29"", ""2025-01-04"", ""2025-01-29"", ""2025-01-06"", ""2025-01-06"", ""2025-01-29"", ""2025-01-29""]",2025-02-02
2025-02-04,6328.029813239637,9948.731745657735,108515.9152996015,70596.24918963664,9.451186032301848,20.64139029454724,70616.89057993119,19605.863431681977,23505.3019198713,15780.662815919473,128842.69214690587,5.3951913000200875,0.0,10,10_scenario,"[27, 20, 23, 24, 19, 11, 11, 19, 2, 13, 12, 26, 28, 26, 17, 29, 13, 28, 9, 28, 29, 28, 29, 13, 32, 26, 32, 1, 21, 12]","[""2025-01-28"", ""2025-01-21"", ""2025-01-24"", ""2025-01-25"", ""2025-01-20"", ""2025-01-12"", ""2025-01-12"", ""2025-01-20"", ""2025-01-03"", ""2025-01-14"", ""2025-01-13"", ""2025-01-27"", ""2025-01-29"", ""2025-01-27"", ""2025-01-18"", ""2025-01-30"", ""2025-01-14"", ""2025-01-29"", ""2025-01-10"", ""2025-01-29"", ""2025-01-30"", ""2025-01-29"", ""2025-01-30"", ""2025-01-14"", ""2025-02-02"", ""2025-01-27"", ""2025-02-02"", ""2025-01-02"", ""2025-01-22"", ""2025-01-13""]",2025-02-03
2025-02-05,9948.731745657735,6844.537253168291,86943.70695162643,55679.96914209974,323.8751679383518,1156.1102433399735,56836.07938543971,5725.883820155365,18879.191364824183,18085.92004874809,119630.82789051,4.158403200010071,3.362091203364801e-07,10,10_scenario,"[32, 29, 29, 19, 16, 33, 22, 31, 18, 23, 3, 27, 30, 22, 9, 5, 2, 33, 20, 27, 28, 24, 28, 20, 27, 14, 33, 20, 22, 29]","[""2025-02-02"", ""2025-01-30"", ""2025-01-30"", ""2025-01-20"", ""2025-01-17"", ""2025-02-03"", ""2025-01-23"", ""2025-02-01"", ""2025-01-19"", ""2025-01-24"", ""2025-01-04"", ""2025-01-28"", ""2025-01-31"", ""2025-01-23"", ""2025-01-10"", ""2025-01-06"", ""2025-01-03"", ""2025-02-03"", ""2025-01-21"", ""2025-01-28"", ""2025-01-29"", ""2025-01-25"", ""2025-01-29"", ""2025-01-21"", ""2025-01-28"", ""2025-01-15"", ""2025-02-03"", ""2025-01-21"", ""2025-01-23"", ""2025-01-30""]",2025-02-04
2025-02-06,6844.537253168291,8568.666730418456,93499.34086111456,58770.30737994719,355.0316996992757,1085.2473838466426,59855.55476379383,7501.881118279127,23840.619454436317,17759.185228568276,97644.25990357417,2.823436800012132,0.0,10,10_scenario,"[14, 23, 29, 8, 33, 10, 33, 2, 6, 33, 20, 30, 27, 8, 34, 27, 14, 33, 29, 15, 5, 16, 8, 12, 11, 4, 31, 23, 11, 26]","[""2025-01-15"", ""2025-01-24"", ""2025-01-30"", ""2025-01-09"", ""2025-02-03"", ""2025-01-11"", ""2025-02-03"", ""2025-01-03"", ""2025-01-07"", ""2025-02-03"", ""2025-01-21"", ""2025-01-31"", ""2025-01-28"", ""2025-01-09"", ""2025-02-04"", ""2025-01-28"", ""2025-01-15"", ""2025-02-03"", ""2025-01-30"", ""2025-01-16"", ""2025-01-06"", ""2025-01-17"", ""2025-01-09"", ""2025-01-13"", ""2025-01-12"", ""2025-01-05"", ""2025-02-01"", ""2025-01-24"", ""2025-01-12"", ""2025-01-27""]",2025-02-05
2025-02-07,8568.666730418456,10364.621168275713,59742.48168648455,32726.6825584029,0.0,0.0,32726.6825584029,23000.710017296762,17472.278991839983,12536.186989318858,78147.71018565165,11.168227299989667,0.0,10,10_scenario,"[11, 19, 35, 3, 17, 7, 16, 26, 27, 25, 26, 27, 30, 33, 32, 30, 16, 16, 15, 34, 15, 23, 33, 33, 23, 26, 2, 32, 26, 22]","[""2025-01-12"", ""2025-01-20"", ""2025-02-05"", ""2025-01-04"", ""2025-01-18"", ""2025-01-08"", ""2025-01-17"", ""2025-01-27"", ""2025-01-28"", ""2025-01-26"", ""2025-01-27"", ""2025-01-28"", ""2025-01-31"", ""2025-02-03"", ""2025-02-02"", ""2025-01-31"", ""2025-01-17"", ""2025-01-17"", ""2025-01-16"", ""2025-02-04"", ""2025-01-16"", ""2025-01-24"", ""2025-02-03"", ""2025-02-03"", ""2025-01-24"", ""2025-01-27"", ""2025-01-03"", ""2025-02-02"", ""2025-01-27"", ""2025-01-23""]",2025-02-06
2025-02-08,10364.621168275713,8464.411814814814,51743.33056262567,29026.264981392604,81.27291456412539,234.46627342469833,29260.731254817303,19814.344663093365,11280.444818655647,10847.34872122588,94587.54300161338,5.516900899994653,9.578116638086548e-07,10,10_scenario,"[30, 4, 28, 28, 35, 31, 32, 11, 30, 35, 32, 27, 16, 12, 9, 17, 12, 25, 29, 31, 21, 1, 6, 27, 32, 34, 22, 32, 32, 5]","[""2025-01-31"", ""2025-01-05"", ""2025-01-29"", ""2025-01-29"", ""2025-02-05"", ""2025-02-01"", ""2025-02-02"", ""2025-01-12"", ""2025-01-31"", ""2025-02-05"", ""2025-02-02"", ""2025-01-28"", ""2025-01-17"", ""2025-01-13"", ""2025-01-10"", ""2025-01-18"", ""2025-01-13"", ""2025-01-26"", ""2025-01-30"", ""2025-02-01"", ""2025-01-22"", ""2025-01-02"", ""2025-01-07"", ""2025-01-28"", ""2025-02-02"", ""2025-02-04"", ""2025-01-23"", ""2025-02-02"", ""2025-02-02"", ""2025-01-06""]",2025-02-07
2025-02-09,8464.411814814814,9227.081845122075,76687.06076215283,46229.36437426109,8020.662248509882,39519.750490160644,85749.11486442173,201.4640512583968,22444.420870847942,17493.577878110293,113770.43053060213,1.7990766000002623,6.14832366425157e-07,10,10_scenario,"[17, 33, 23, 20, 2, 9, 28, 10, 17, 31, 13, 30, 32, 31, 34, 24, 17, 33, 20, 11, 25, 11, 17, 22, 4, 29, 35, 32, 37, 18]","[""2025-01-18"", ""2025-02-03"", ""2025-01-24"", ""2025-01-21"", ""2025-01-03"", ""2025-01-10"", ""2025-01-29"", ""2025-01-11"", ""2025-01-18"", ""2025-02-01"", ""2025-01-14"", ""2025-01-31"", ""2025-02-02"", ""2025-02-01"", ""2025-02-04"", ""2025-01-25"", ""2025-01-18"", ""2025-02-03"", ""2025-01-21"", ""2025-01-12"", ""2025-01-26"", ""2025-01-12"", ""2025-01-18"", ""2025-01-23"", ""2025-01-05"", ""2025-01-30"", ""2025-02-05"", ""2025-02-02"", ""2025-02-07"", ""2025-01-19""]",2025-02-08
2025-02-10,9227.081845122075,7487.025050027045,85041.32994152835,53606.824383449995,525.9599129989533,1727.4384492164315,55334.26283266643,9321.63041391312,18342.48933087576,16423.467473594887,113324.41264302134,4.616556199995102,7.14561366617808e-07,10,10_scenario,"[38, 23, 27, 12, 28, 36, 37, 31, 34, 8, 9, 33, 36, 23, 38, 36, 36, 26, 20, 8, 27, 35, 8, 20, 6, 8, 22, 6, 27, 23]","[""2025-02-08"", ""2025-01-24"", ""2025-01-28"", ""2025-01-13"", ""2025-01-29"", ""2025-02-06"", ""2025-02-07"", ""2025-02-01"", ""2025-02-04"", ""2025-01-09"", ""2025-01-10"", ""2025-02-03"", ""2025-02-06"", ""2025-01-24"", ""2025-02-08"", ""2025-02-06"", ""2025-02-06"", ""2025-01-27"", ""2025-01-21"", ""2025-01-09"", ""2025-01-28"", ""2025-02-05"", ""2025-01-09"", ""2025-01-21"", ""2025-01-07"", ""2025-01-09"", ""2025-01-23"", ""2025-01-07"", ""2025-01-28"", ""2025-01-24""]",2025-02-09
2025-02-11,7487.025050027045,9676.113257496685,91344.71398223663,57048.795904435116,200.35457435861045,718.6864855835065,57767.482390018624,9810.519181245818,23914.593975228556,17400.641733212455,117638.98888488997,11.18541649999679,0.0,10,10_scenario,"[16, 21, 36, 39, 39, 34, 39, 34, 31, 10, 29, 28, 18, 5, 29, 20, 26, 29, 31, 34, 27, 34, 33, 34, 27, 33, 6, 31, 4, 39]","[""2025-01-17"", ""2025-01-22"", ""2025-02-06"", ""2025-02-09"", ""2025-02-09"", ""2025-02-04"", ""2025-02-09"", ""2025-02-04"", ""2025-02-01"", ""2025-01-11"", ""2025-01-30"", ""2025-01-29"", ""2025-01-19"", ""2025-01-06"", ""2025-01-30"", ""2025-01-21"", ""2025-01-27"", ""2025-01-30"", ""2025-02-01"", ""2025-02-04"", ""2025-01-28"", ""2025-02-04"", ""2025-02-03"", ""2025-02-04"", ""2025-01-28"", ""2025-02-03"", ""2025-01-07"", ""2025-02-01"", ""2025-01-05"", ""2025-02-09""]",2025-02-10
2025-02-12,9676.113257496685,6035.418745371681,83551.28273858126,52933.761314826756,413.73758885654206,1650.5944876925917,54584.35580251935,8908.300275455611,16140.047260849253,16350.063342200398,116926.02340643974,4.971754300000612,9.474811658505321e-07,10,10_scenario,"[23, 38, 28, 33, 36, 27, 11, 7, 30, 40, 25, 40, 27, 34, 26, 1, 38, 34, 35, 20, 20, 33, 21, 36, 40, 2, 36, 12, 30, 12]","[""2025-01-24"", ""2025-02-08"", ""2025-01-29"", ""2025-02-03"", ""2025-02-06"", ""2025-01-28"", ""2025-01-12"", ""2025-01-08"", ""2025-01-31"", ""2025-02-10"", ""2025-01-26"", ""2025-02-10"", ""2025-01-28"", ""2025-02-04"", ""2025-01-27"", ""2025-01-02"", ""2025-02-08"", ""2025-02-04"", ""2025-02-05"", ""2025-01-21"", ""2025-01-21"", ""2025-02-03"", ""2025-01-22"", ""2025-02-06"", ""2025-02-10"", ""2025-01-03"", ""2025-02-06"", ""2025-01-13"", ""2025-01-31"", ""2025-01-13""]",2025-02-11
2025-02-13,6035.418745371681,7470.569143394325,84342.04788167041,52238.52309323326,480.19217258746306,1860.9813191618073,54099.50441239507,8099.964828388376,21585.05711043403,16192.260901231191,79653.93284530868,3.6810924999881536,0.0,10,10_scenario,"[13, 26, 36, 37, 9, 40, 20, 41, 20, 40, 41, 19, 36, 14, 36, 40, 15, 35, 36, 37, 39, 39, 16, 34, 20, 41, 8, 15, 40, 28]","[""2025-01-14"", ""2025-01-27"", ""2025-02-06"", ""2025-02-07"", ""2025-01-10"", ""2025-02-10"", ""2025-01-21"", ""2025-02-11"", ""2025-01-21"", ""2025-02-10"", ""2025-02-11"", ""2025-01-20"", ""2025-02-06"", ""2025-01-15"", ""2025-02-06"", ""2025-02-10"", ""2025-01-16"", ""2025-02-05"", ""2025-02-06"", ""2025-02-07"", ""2025-02-09"", ""2025-02-09"", ""2025-01-17"", ""2025-02-04"", ""2025-01-21"", ""2025-02-11"", ""2025-01-09"", ""2025-01-16"", ""2025-02-10"", ""2025-01-29""]",2025-02-12
2025-02-14,7470.569143394325,7288.340203974028,48226.677521493904,26251.497735745852,11.212185835350738,24.511726328949855,26276.009462074802,15586.523494190764,15860.897062895194,13011.332666423372,55814.803010753276,11.79515029999311,9.00706234113167e-07,10,10_scenario,"[42, 41, 18, 21, 24, 1, 9, 40, 36, 39, 30, 39, 35, 34, 8, 5, 3, 4, 27, 21, 29, 2, 12, 24, 35, 34, 31, 20, 29, 40]","[""2025-02-12"", ""2025-02-11"", ""2025-01-19"", ""2025-01-22"", ""2025-01-25"", ""2025-01-02"", ""2025-01-10"", ""2025-02-10"", ""2025-02-06"", ""2025-02-09"", ""2025-01-31"", ""2025-02-09"", ""2025-02-05"", ""2025-02-04"", ""2025-01-09"", ""2025-01-06"", ""2025-01-04"", ""2025-01-05"", ""2025-01-28"", ""2025-01-22"", ""2025-01-30"", ""2025-01-03"", ""2025-01-13"", ""2025-01-25"", ""2025-02-05"", ""2025-02-04"", ""2025-02-01"", ""2025-01-21"", ""2025-01-30"", ""2025-02-10""]",2025-02-13
2025-02-15,7288.340203974028,9465.814348306643,43034.568634557785,22703.213571091947,92.81588772920622,241.23844665158435,22944.45201774353,8187.746919303141,19472.735647813166,13813.189144829312,75625.264506023,4.673812799999723,4.1176501751292913e-07,10,10_scenario,"[36, 43, 36, 24, 32, 36, 26, 15, 38, 42, 5, 7, 18, 32, 32, 33, 42, 25, 39, 43, 22, 40, 4, 42, 41, 39, 34, 42, 13, 18]","[""2025-02-06"", ""2025-02-13"", ""2025-02-06"", ""2025-01-25"", ""2025-02-02"", ""2025-02-06"", ""2025-01-27"", ""2025-01-16"", ""2025-02-08"", ""2025-02-12"", ""2025-01-06"", ""2025-01-08"", ""2025-01-19"", ""2025-02-02"", ""2025-02-02"", ""2025-02-03"", ""2025-02-12"", ""2025-01-26"", ""2025-02-09"", ""2025-02-13"", ""2025-01-23"", ""2025-02-10"", ""2025-01-05"", ""2025-02-12"", ""2025-02-11"", ""2025-02-09"", ""2025-02-04"", ""2025-02-12"", ""2025-01-14"", ""2025-01-19""]",2025-02-14
2025-02-16,9465.814348306643,9333.224843230051,91735.06468690844,58585.17134665339,273.8791308653231,1237.7205233004938,59822.891869953884,13092.086412497636,19256.888736026696,15717.410430750559,113668.6459431007,4.07064060002449,0.0,10,10_scenario,"[16, 11, 22, 32, 11, 37, 1, 38, 7, 21, 8, 28, 30, 24, 7, 38, 14, 39, 31, 34, 1, 39, 41, 39, 4, 10, 38, 36, 32, 9]","[""2025-01-17"", ""2025-01-12"", ""2025-01-23"", ""2025-02-02"", ""2025-01-12"", ""2025-02-07"", ""2025-01-02"", ""2025-02-08"", ""2025-01-08"", ""2025-01-22"", ""2025-01-09"", ""2025-01-29"", ""2025-01-31"", ""2025-01-25"", ""2025-01-08"", ""2025-02-08"", ""2025-01-15"", ""2025-02-09"", ""2025-02-01"", ""2025-02-04"", ""2025-01-02"", ""2025-02-09"", ""2025-02-11"", ""2025-02-09"", ""2025-01-05"", ""2025-01-11"", ""2025-02-08"", ""2025-02-06"", ""2025-02-02"", ""2025-01-10""]",2025-02-15
2025-02-17,9333.224843230051,8775.27606375955,81477.55419600566,50469.71152772237,439.1142048952598,1621.581044347042,52091.29257206941,7574.435437614429,19265.91420075409,16107.54440413427,103898.08474993789,2.1834770000132266,1.9455710429751632e-07,10,10_scenario,"[37, 31, 33, 44, 42, 33, 2, 43, 35, 39, 35, 43, 2, 13, 43, 14, 43, 14, 12, 17, 26, 34, 17, 24, 40, 11, 9, 26, 43, 37]","[""2025-02-07"", ""2025-02-01"", ""2025-02-03"", ""2025-02-14"", ""2025-02-12"", ""2025-02-03"", ""2025-01-03"", ""2025-02-13"", ""2025-02-05"", ""2025-02-09"", ""2025-02-05"", ""2025-02-13"", ""2025-01-03"", ""2025-01-14"", ""2025-02-13"", ""2025-01-15"", ""2025-02-13"", ""2025-01-15"", ""2025-01-13"", ""2025-01-18"", ""2025-01-27"", ""2025-02-04"", ""2025-01-18"", ""2025-01-25"", ""2025-02-10"", ""2025-01-12"", ""2025-01-10"", ""2025-01-27"", ""2025-02-13"", ""2025-02-07""]",2025-02-16
2025-02-18,8775.27606375955,7383.812422951139,78044.81110050189,48545.15022891171,826.9764018333922,3247.0777044159504,51792.22793332766,4462.29654970171,18791.686558041103,16473.583388740863,103244.04141306797,4.860801699978765,3.455095259661633e-07,10,10_scenario,"[38, 34, 41, 40, 44, 1, 42, 21, 37, 30, 44, 16, 38, 6, 24, 37, 32, 40, 9, 27, 7, 40, 45, 40, 2, 11, 4, 12, 42, 29]","[""2025-02-08"", ""2025-02-04"", ""2025-02-11"", ""2025-02-10"", ""2025-02-14"", ""2025-01-02"", ""2025-02-12"", ""2025-01-22"", ""2025-02-07"", ""2025-01-31"", ""2025-02-14"", ""2025-01-17"", ""2025-02-08"", ""2025-01-07"", ""2025-01-25"", ""2025-02-07"", ""2025-02-02"", ""2025-02-10"", ""2025-01-10"", ""2025-01-28"", ""2025-01-08"", ""2025-02-10"", ""2025-02-15"", ""2025-02-10"", ""2025-01-03"", ""2025-01-12"", ""2025-01-05"", ""2025-01-13"", ""2025-02-12"", ""2025-01-30""]",2025-02-17
2025-02-19,7383.812422951139,7347.60129856428,80689.3661337235,49960.45825018072,810.2458264460321,2929.18305431192,52889.641304492645,4439.217127462497,22177.144533273015,17996.077083899316,103447.69455856603,15.952344999997877,1.6402990824995663e-08,10,10_scenario,"[37, 26, 30, 14, 33, 20, 15, 12, 42, 28, 30, 27, 22, 46, 29, 28, 36, 47, 33, 45, 13, 24, 38, 43, 44, 43, 43, 47, 3, 38]","[""2025-02-07"", ""2025-01-27"", ""2025-01-31"", ""2025-01-15"", ""2025-02-03"", ""2025-01-21"", ""2025-01-16"", ""2025-01-13"", ""2025-02-12"", ""2025-01-29"", ""2025-01-31"", ""2025-01-28"", ""2025-01-23"", ""2025-02-16"", ""2025-01-30"", ""2025-01-29"", ""2025-02-06"", ""2025-02-17"", ""2025-02-03"", ""2025-02-15"", ""2025-01-14"", ""2025-01-25"", ""2025-02-08"", ""2025-02-13"", ""2025-02-14"", ""2025-02-13"", ""2025-02-13"", ""2025-02-17"", ""2025-01-04"", ""2025-02-08""]",2025-02-18
2025-02-20,7347.60129856428,8138.411325376911,81123.13827356466,50037.23592922909,560.5679826877596,2371.5953847316805,52408.83131396077,5892.709720183331,21505.967255812568,16708.104453076816,76732.19286953998,5.703792799991788,6.598401949810719e-07,10,10_scenario,"[7, 9, 27, 42, 27, 40, 30, 28, 2, 38, 38, 16, 28, 48, 43, 30, 47, 40, 34, 11, 35, 37, 18, 17, 25, 22, 48, 22, 44, 34]","[""2025-01-08"", ""2025-01-10"", ""2025-01-28"", ""2025-02-12"", ""2025-01-28"", ""2025-02-10"", ""2025-01-31"", ""2025-01-29"", ""2025-01-03"", ""2025-02-08"", ""2025-02-08"", ""2025-01-17"", ""2025-01-29"", ""2025-02-18"", ""2025-02-13"", ""2025-01-31"", ""2025-02-17"", ""2025-02-10"", ""2025-02-04"", ""2025-01-12"", ""2025-02-05"", ""2025-02-07"", ""2025-01-19"", ""2025-01-18"", ""2025-01-26"", ""2025-01-23"", ""2025-02-18"", ""2025-01-23"", ""2025-02-14"", ""2025-02-04""]",2025-02-19
2025-02-21,8138.411325376911,8122.6299748408255,46395.981702888166,24978.952312995043,16.785875330837143,36.68899794985266,25015.641310944895,17950.881960746072,15346.456840116192,12444.833255976591,56665.389673533806,13.33968430000823,8.786444052319319e-07,10,10_scenario,"[30, 31, 41, 19, 42, 34, 17, 49, 27, 18, 42, 47, 49, 29, 23, 16, 27, 44, 32, 49, 4, 48, 42, 21, 33, 36, 39, 17, 42, 36]","[""2025-01-31"", ""2025-02-01"", ""2025-02-11"", ""2025-01-20"", ""2025-02-12"", ""2025-02-04"", ""2025-01-18"", ""2025-02-19"", ""2025-01-28"", ""2025-01-19"", ""2025-02-12"", ""2025-02-17"", ""2025-02-19"", ""2025-01-30"", ""2025-01-24"", ""2025-01-17"", ""2025-01-28"", ""2025-02-14"", ""2025-02-02"", ""2025-02-19"", ""2025-01-05"", ""2025-02-18"", ""2025-02-12"", ""2025-01-22"", ""2025-02-03"", ""2025-02-06"", ""2025-02-09"", ""2025-01-18"", ""2025-02-12"", ""2025-02-06""]",2025-02-20
2025-02-22,8122.6299748408255,9260.485868717942,44716.13105746882,23766.51469517748,49.82491613453118,115.67655889864102,23882.191254076122,12597.143219769645,17368.31350532089,13044.26363482052,75047.61996504446,8.12312699999893,9.547817951216454e-07,10,10_scenario,"[22, 2, 6, 46, 39, 19, 24, 49, 32, 41, 45, 28, 36, 48, 33, 1, 24, 47, 46, 21, 44, 30, 46, 23, 32, 49, 40, 35, 44, 46]","[""2025-01-23"", ""2025-01-03"", ""2025-01-07"", ""2025-02-16"", ""2025-02-09"", ""2025-01-20"", ""2025-01-25"", ""2025-02-19"", ""2025-02-02"", ""2025-02-11"", ""2025-02-15"", ""2025-01-29"", ""2025-02-06"", ""2025-02-18"", ""2025-02-03"", ""2025-01-02"", ""2025-01-25"", ""2025-02-17"", ""2025-02-16"", ""2025-01-22"", ""2025-02-14"", ""2025-01-31"", ""2025-02-16"", ""2025-01-24"", ""2025-02-02"", ""2025-02-19"", ""2025-02-10"", ""2025-02-05"", ""2025-02-14"", ""2025-02-16""]",2025-02-21
2025-02-23,9260.485868717942,5710.609023507792,82406.55651393307,52611.293058241674,288.8992166325119,877.2674340880834,53488.56049232976,11734.259185944786,13811.747484087391,14382.40462279992,117494.25150790402,5.235791800019797,8.414132485025202e-07,10,10_scenario,"[15, 31, 38, 4, 32, 46, 33, 25, 18, 43, 46, 9, 29, 17, 35, 50, 17, 20, 45, 50, 17, 25, 17, 23, 39, 31, 1, 5, 31, 19]","[""2025-01-16"", ""2025-02-01"", ""2025-02-08"", ""2025-01-05"", ""2025-02-02"", ""2025-02-16"", ""2025-02-03"", ""2025-01-26"", ""2025-01-19"", ""2025-02-13"", ""2025-02-16"", ""2025-01-10"", ""2025-01-30"", ""2025-01-18"", ""2025-02-05"", ""2025-02-20"", ""2025-01-18"", ""2025-01-21"", ""2025-02-15"", ""2025-02-20"", ""2025-01-18"", ""2025-01-26"", ""2025-01-18"", ""2025-01-24"", ""2025-02-09"", ""2025-02-01"", ""2025-01-02"", ""2025-01-06"", ""2025-02-01"", ""2025-01-20""]",2025-02-22
2025-02-24,5710.609023507792,7589.776532851339,81721.04142031222,49781.557845341275,670.9204686914247,2859.674202389174,52641.232047730446,8303.099492375954,22076.7264292202,16190.897649259172,98520.10102779763,29.395230800000718,9.716156361210348e-07,10,10_scenario,"[36, 33, 36, 1, 51, 23, 39, 44, 44, 46, 46, 27, 49, 48, 43, 27, 27, 49, 19, 24, 16, 25, 38, 38, 41, 45, 42, 6, 40, 22]","[""2025-02-06"", ""2025-02-03"", ""2025-02-06"", ""2025-01-02"", ""2025-02-21"", ""2025-01-24"", ""2025-02-09"", ""2025-02-14"", ""2025-02-14"", ""2025-02-16"", ""2025-02-16"", ""2025-01-28"", ""2025-02-19"", ""2025-02-18"", ""2025-02-13"", ""2025-01-28"", ""2025-01-28"", ""2025-02-19"", ""2025-01-20"", ""2025-01-25"", ""2025-01-17"", ""2025-01-26"", ""2025-02-08"", ""2025-02-08"", ""2025-02-11"", ""2025-02-15"", ""2025-02-12"", ""2025-01-07"", ""2025-02-10"", ""2025-01-23""]",2025-02-23
2025-02-25,7589.776532851339,9033.561322068937,77112.41536030035,47103.33805045637,763.8864993767222,2936.7352680570266,50040.073318513394,6773.0620248443065,20960.580480018933,15678.663878519501,101707.24429269439,7.88118540000869,0.0,10,10_scenario,"[37, 41, 17, 44, 41, 34, 35, 41, 47, 47, 25, 51, 12, 34, 43, 11, 11, 24, 41, 48, 29, 32, 25, 19, 51, 10, 28, 34, 40, 37]","[""2025-02-07"", ""2025-02-11"", ""2025-01-18"", ""2025-02-14"", ""2025-02-11"", ""2025-02-04"", ""2025-02-05"", ""2025-02-11"", ""2025-02-17"", ""2025-02-17"", ""2025-01-26"", ""2025-02-21"", ""2025-01-13"", ""2025-02-04"", ""2025-02-13"", ""2025-01-12"", ""2025-01-12"", ""2025-01-25"", ""2025-02-11"", ""2025-02-18"", ""2025-01-30"", ""2025-02-02"", ""2025-01-26"", ""2025-01-20"", ""2025-02-21"", ""2025-01-11"", ""2025-01-29"", ""2025-02-04"", ""2025-02-10"", ""2025-02-07""]",2025-02-24
2025-02-26,9033.561322068937,8106.017814915392,75576.00117629097,46581.105026697354,668.2006838714944,2682.0336372066395,49263.13866390399,4501.8515983212965,19801.533604979122,16874.03137647128,98331.06016302702,4.688544200005708,0.0,10,10_scenario,"[43, 45, 49, 35, 40, 38, 49, 48, 42, 54, 50, 54, 26, 19, 33, 44, 49, 52, 35, 26, 4, 51, 9, 33, 44, 44, 28, 44, 3, 52]","[""2025-02-13"", ""2025-02-15"", ""2025-02-19"", ""2025-02-05"", ""2025-02-10"", ""2025-02-08"", ""2025-02-19"", ""2025-02-18"", ""2025-02-12"", ""2025-02-24"", ""2025-02-20"", ""2025-02-24"", ""2025-01-27"", ""2025-01-20"", ""2025-02-03"", ""2025-02-14"", ""2025-02-19"", ""2025-02-22"", ""2025-02-05"", ""2025-01-27"", ""2025-01-05"", ""2025-02-21"", ""2025-01-10"", ""2025-02-03"", ""2025-02-14"", ""2025-02-14"", ""2025-01-29"", ""2025-02-14"", ""2025-01-04"", ""2025-02-22""]",2025-02-25
2025-02-27,8106.017814915392,7077.802059132247,75750.51470202944,46672.893807270695,771.5296864570109,3778.910955811807,50451.8047630825,6608.366566304025,20434.146328354003,17477.052706171577,71608.03982923663,4.739772700006142,0.0,10,10_scenario,"[52, 53, 54, 22, 43, 40, 33, 35, 55, 44, 50, 48, 52, 41, 17, 41, 44, 21, 1, 40, 14, 41, 21, 25, 40, 47, 49, 29, 47, 17]","[""2025-02-22"", ""2025-02-23"", ""2025-02-24"", ""2025-01-23"", ""2025-02-13"", ""2025-02-10"", ""2025-02-03"", ""2025-02-05"", ""2025-02-25"", ""2025-02-14"", ""2025-02-20"", ""2025-02-18"", ""2025-02-22"", ""2025-02-11"", ""2025-01-18"", ""2025-02-11"", ""2025-02-14"", ""2025-01-22"", ""2025-01-02"", ""2025-02-10"", ""2025-01-15"", ""2025-02-11"", ""2025-01-22"", ""2025-01-26"", ""2025-02-10"", ""2025-02-17"", ""2025-02-19"", ""2025-01-30"", ""2025-02-17"", ""2025-01-18""]",2025-02-26
2025-02-28,7077.802059132247,8642.381358260476,43000.35203234544,23252.30978297958,4.49622396648749,9.94115118990384,23262.250934169486,15022.04870742294,17274.12962986098,12583.923630971989,48786.40807675537,4.002904900000431,8.388015264190146e-07,10,10_scenario,"[45, 55, 49, 23, 50, 54, 29, 5, 54, 12, 55, 7, 56, 4, 28, 37, 35, 35, 48, 21, 54, 55, 35, 32, 31, 44, 23, 48, 37, 56]","[""2025-02-15"", ""2025-02-25"", ""2025-02-19"", ""2025-01-24"", ""2025-02-20"", ""2025-02-24"", ""2025-01-30"", ""2025-01-06"", ""2025-02-24"", ""2025-01-13"", ""2025-02-25"", ""2025-01-08"", ""2025-02-26"", ""2025-01-05"", ""2025-01-29"", ""2025-02-07"", ""2025-02-05"", ""2025-02-05"", ""2025-02-18"", ""2025-01-22"", ""2025-02-24"", ""2025-02-25"", ""2025-02-05"", ""2025-02-02"", ""2025-02-01"", ""2025-02-14"", ""2025-01-24"", ""2025-02-18"", ""2025-02-07"", ""2025-02-26""]",2025-02-27
2025-03-01,8642.381358260476,6277.595040472981,41622.90573221397,22509.64549602392,0.0,0.0,22509.64549602392,17770.973867753728,12218.2821954508,12025.116264323891,75372.31797817037,24.89207699999679,3.223919501456393e-07,30,main,"[38, 18, 18, 57, 39, 55, 48, 46, 57, 45, 34, 32, 31, 54, 11, 48, 42, 14, 38, 39, 32, 46, 15, 51, 12, 39, 42, 5, 50, 19]","[""2025-02-08"", ""2025-01-19"", ""2025-01-19"", ""2025-02-27"", ""2025-02-09"", ""2025-02-25"", ""2025-02-18"", ""2025-02-16"", ""2025-02-27"", ""2025-02-15"", ""2025-02-04"", ""2025-02-02"", ""2025-02-01"", ""2025-02-24"", ""2025-01-12"", ""2025-02-18"", ""2025-02-12"", ""2025-01-15"", ""2025-02-08"", ""2025-02-09"", ""2025-02-02"", ""2025-02-16"", ""2025-01-16"", ""2025-02-21"", ""2025-01-13"", ""2025-02-09"", ""2025-02-12"", ""2025-01-06"", ""2025-02-20"", ""2025-01-20""]",2025-02-28
2025-03-02,6277.595040472981,7545.967961232034,82223.58909488612,50657.21145737782,1198.2487683075178,5725.25592498206,56382.467382359886,5723.3774177711675,22097.988158277167,16757.83477952136,98091.20318304317,1.6843744000070728,4.346588889121296e-07,10,10_scenario,"[32, 6, 30, 27, 49, 15, 31, 6, 39, 31, 9, 54, 46, 27, 17, 36, 36, 58, 22, 28, 54, 45, 54, 4, 48, 3, 57, 58, 27, 22]","[""2025-02-02"", ""2025-01-07"", ""2025-01-31"", ""2025-01-28"", ""2025-02-19"", ""2025-01-16"", ""2025-02-01"", ""2025-01-07"", ""2025-02-09"", ""2025-02-01"", ""2025-01-10"", ""2025-02-24"", ""2025-02-16"", ""2025-01-28"", ""2025-01-18"", ""2025-02-06"", ""2025-02-06"", ""2025-02-28"", ""2025-01-23"", ""2025-01-29"", ""2025-02-24"", ""2025-02-15"", ""2025-02-24"", ""2025-01-05"", ""2025-02-18"", ""2025-01-04"", ""2025-02-27"", ""2025-02-28"", ""2025-01-28"", ""2025-01-23""]",2025-03-01
2025-03-03,7545.967961232034,7364.335215419133,79573.79065837088,49109.21400436211,1266.8824041310406,5505.3485425299905,54614.5625468921,4857.159832840478,21735.97930294591,17769.6127066178,100769.20037834521,16.74574250000296,6.646246043190039e-07,10,10_scenario,"[48, 57, 19, 57, 13, 24, 27, 34, 51, 39, 5, 1, 48, 56, 43, 16, 30, 42, 45, 56, 21, 52, 55, 13, 38, 3, 21, 55, 52, 55]","[""2025-02-18"", ""2025-02-27"", ""2025-01-20"", ""2025-02-27"", ""2025-01-14"", ""2025-01-25"", ""2025-01-28"", ""2025-02-04"", ""2025-02-21"", ""2025-02-09"", ""2025-01-06"", ""2025-01-02"", ""2025-02-18"", ""2025-02-26"", ""2025-02-13"", ""2025-01-17"", ""2025-01-31"", ""2025-02-12"", ""2025-02-15"", ""2025-02-26"", ""2025-01-22"", ""2025-02-22"", ""2025-02-25"", ""2025-01-14"", ""2025-02-08"", ""2025-01-04"", ""2025-01-22"", ""2025-02-25"", ""2025-02-22"", ""2025-02-25""]",2025-03-02
2025-03-04,7364.335215419133,10233.324442427322,79062.26786496284,48013.59954307133,560.0870610508123,2210.3251776165434,50223.92472068787,3223.033815434895,24304.06775230551,17104.204575060092,113400.9013721141,9.654168000008212,0.0,10,10_scenario,"[32, 3, 23, 55, 42, 52, 38, 17, 35, 57, 34, 44, 40, 26, 7, 57, 16, 5, 57, 34, 24, 58, 54, 51, 40, 58, 39, 56, 19, 27]","[""2025-02-02"", ""2025-01-04"", ""2025-01-24"", ""2025-02-25"", ""2025-02-12"", ""2025-02-22"", ""2025-02-08"", ""2025-01-18"", ""2025-02-05"", ""2025-02-27"", ""2025-02-04"", ""2025-02-14"", ""2025-02-10"", ""2025-01-27"", ""2025-01-08"", ""2025-02-27"", ""2025-01-17"", ""2025-01-06"", ""2025-02-27"", ""2025-02-04"", ""2025-01-25"", ""2025-02-28"", ""2025-02-24"", ""2025-02-21"", ""2025-02-10"", ""2025-02-28"", ""2025-02-09"", ""2025-02-26"", ""2025-01-20"", ""2025-01-28""]",2025-03-03
2025-03-05,10233.324442427322,9449.532933084254,78631.78274002267,48377.93775688702,178.76631798214493,869.8578484510547,49247.79560533808,9789.82324579877,18924.558704990202,16034.304909450822,104034.00075171447,7.28730899997754,0.0,10,10_scenario,"[20, 50, 17, 47, 39, 58, 58, 22, 33, 61, 35, 46, 56, 29, 54, 61, 18, 52, 48, 55, 60, 59, 61, 25, 43, 50, 44, 54, 48, 56]","[""2025-01-21"", ""2025-02-20"", ""2025-01-18"", ""2025-02-17"", ""2025-02-09"", ""2025-02-28"", ""2025-02-28"", ""2025-01-23"", ""2025-02-03"", ""2025-03-03"", ""2025-02-05"", ""2025-02-16"", ""2025-02-26"", ""2025-01-30"", ""2025-02-24"", ""2025-03-03"", ""2025-01-19"", ""2025-02-22"", ""2025-02-18"", ""2025-02-25"", ""2025-03-02"", ""2025-03-01"", ""2025-03-03"", ""2025-01-26"", ""2025-02-13"", ""2025-02-20"", ""2025-02-14"", ""2025-02-24"", ""2025-02-18"", ""2025-02-26""]",2025-03-04
2025-03-06,9449.532933084254,8523.275922697661,77207.88407686632,48287.19993457249,253.85548604207338,802.3420483195548,49089.54198289204,9030.473275733315,17496.018227314195,15005.406073472433,80754.20480145645,7.038428400002886,0.0,10,10_scenario,"[61, 18, 14, 26, 17, 56, 44, 19, 50, 56, 55, 56, 61, 61, 56, 33, 40, 62, 29, 35, 10, 52, 52, 26, 31, 54, 30, 56, 62, 62]","[""2025-03-03"", ""2025-01-19"", ""2025-01-15"", ""2025-01-27"", ""2025-01-18"", ""2025-02-26"", ""2025-02-14"", ""2025-01-20"", ""2025-02-20"", ""2025-02-26"", ""2025-02-25"", ""2025-02-26"", ""2025-03-03"", ""2025-03-03"", ""2025-02-26"", ""2025-02-03"", ""2025-02-10"", ""2025-03-04"", ""2025-01-30"", ""2025-02-05"", ""2025-01-11"", ""2025-02-22"", ""2025-02-22"", ""2025-01-27"", ""2025-02-01"", ""2025-02-24"", ""2025-01-31"", ""2025-02-26"", ""2025-03-04"", ""2025-03-04""]",2025-03-05
2025-03-07,8523.275922697661,9284.172974190697,39358.0592770998,21200.26960432802,0.0,0.0,21200.26960432802,14874.7573393338,15137.942410994368,11576.926006561705,45047.98212253865,4.681769299990265,5.933190716170167e-07,10,10_scenario,"[44, 38, 48, 61, 59, 57, 54, 50, 36, 9, 27, 61, 57, 1, 62, 58, 27, 60, 63, 32, 58, 9, 55, 27, 26, 62, 41, 54, 45, 27]","[""2025-02-14"", ""2025-02-08"", ""2025-02-18"", ""2025-03-03"", ""2025-03-01"", ""2025-02-27"", ""2025-02-24"", ""2025-02-20"", ""2025-02-06"", ""2025-01-10"", ""2025-01-28"", ""2025-03-03"", ""2025-02-27"", ""2025-01-02"", ""2025-03-04"", ""2025-02-28"", ""2025-01-28"", ""2025-03-02"", ""2025-03-05"", ""2025-02-02"", ""2025-02-28"", ""2025-01-10"", ""2025-02-25"", ""2025-01-28"", ""2025-01-27"", ""2025-03-04"", ""2025-02-11"", ""2025-02-24"", ""2025-02-15"", ""2025-01-28""]",2025-03-06
2025-03-08,9284.172974190697,8133.726841722362,33924.50625407251,18302.997566062055,31.4683283731689,79.13858149825242,18382.136147560308,12947.88523487811,15686.059737486346,13741.109906585441,67955.92030155858,1.7762113999924622,0.0,10,10_scenario,"[27, 64, 59, 62, 57, 8, 40, 59, 62, 49, 59, 64, 60, 62, 54, 60, 64, 24, 49, 61, 22, 20, 60, 64, 52, 50, 62, 17, 8, 14]","[""2025-01-28"", ""2025-03-06"", ""2025-03-01"", ""2025-03-04"", ""2025-02-27"", ""2025-01-09"", ""2025-02-10"", ""2025-03-01"", ""2025-03-04"", ""2025-02-19"", ""2025-03-01"", ""2025-03-06"", ""2025-03-02"", ""2025-03-04"", ""2025-02-24"", ""2025-03-02"", ""2025-03-06"", ""2025-01-25"", ""2025-02-19"", ""2025-03-03"", ""2025-01-23"", ""2025-01-21"", ""2025-03-02"", ""2025-03-06"", ""2025-02-22"", ""2025-02-20"", ""2025-03-04"", ""2025-01-18"", ""2025-01-09"", ""2025-01-15""]",2025-03-07
2025-03-09,8133.726841722362,9365.889893455791,75804.23420923267,45713.75309424497,1751.8367224001986,6904.863861557695,52618.61695580266,8852.744075386794,22425.55294571579,17055.751139469707,96017.57218181106,6.078226600016933,7.657929413443396e-07,10,10_scenario,"[55, 38, 60, 63, 64, 46, 37, 60, 52, 65, 50, 61, 15, 52, 59, 47, 45, 31, 19, 49, 52, 54, 58, 56, 26, 28, 24, 46, 56, 50]","[""2025-02-25"", ""2025-02-08"", ""2025-03-02"", ""2025-03-05"", ""2025-03-06"", ""2025-02-16"", ""2025-02-07"", ""2025-03-02"", ""2025-02-22"", ""2025-03-07"", ""2025-02-20"", ""2025-03-03"", ""2025-01-16"", ""2025-02-22"", ""2025-03-01"", ""2025-02-17"", ""2025-02-15"", ""2025-02-01"", ""2025-01-20"", ""2025-02-19"", ""2025-02-22"", ""2025-02-24"", ""2025-02-28"", ""2025-02-26"", ""2025-01-27"", ""2025-01-29"", ""2025-01-25"", ""2025-02-16"", ""2025-02-26"", ""2025-02-20""]",2025-03-08
2025-03-10,9365.889893455791,8325.956953039129,77480.30527211362,47988.73869776221,270.4477273032886,829.0733108320889,48817.812008594294,7051.0998756649915,18913.27010593113,16255.68843217921,98974.93622634794,2.3025473000016063,8.226576115564124e-07,10,10_scenario,"[34, 39, 39, 60, 32, 64, 55, 59, 41, 46, 17, 56, 48, 17, 47, 64, 64, 52, 50, 52, 25, 57, 22, 61, 57, 43, 64, 58, 60, 62]","[""2025-02-04"", ""2025-02-09"", ""2025-02-09"", ""2025-03-02"", ""2025-02-02"", ""2025-03-06"", ""2025-02-25"", ""2025-03-01"", ""2025-02-11"", ""2025-02-16"", ""2025-01-18"", ""2025-02-26"", ""2025-02-18"", ""2025-01-18"", ""2025-02-17"", ""2025-03-06"", ""2025-03-06"", ""2025-02-22"", ""2025-02-20"", ""2025-02-22"", ""2025-01-26"", ""2025-02-27"", ""2025-01-23"", ""2025-03-03"", ""2025-02-27"", ""2025-02-13"", ""2025-03-06"", ""2025-02-28"", ""2025-03-02"", ""2025-03-04""]",2025-03-09
2025-03-11,8325.956953039129,8921.544359689564,73667.68613911592,44410.61331352966,1454.1113141975816,6108.678034430264,50519.29134795992,6941.1541750540055,19503.66216986377,15261.937691604264,94381.81396861294,3.5025425999774598,3.73850440836175e-07,10,10_scenario,"[61, 49, 52, 59, 40, 51, 40, 28, 30, 58, 61, 49, 65, 64, 56, 28, 23, 24, 59, 66, 47, 55, 67, 29, 60, 65, 14, 50, 59, 64]","[""2025-03-03"", ""2025-02-19"", ""2025-02-22"", ""2025-03-01"", ""2025-02-10"", ""2025-02-21"", ""2025-02-10"", ""2025-01-29"", ""2025-01-31"", ""2025-02-28"", ""2025-03-03"", ""2025-02-19"", ""2025-03-07"", ""2025-03-06"", ""2025-02-26"", ""2025-01-29"", ""2025-01-24"", ""2025-01-25"", ""2025-03-01"", ""2025-03-08"", ""2025-02-17"", ""2025-02-25"", ""2025-03-09"", ""2025-01-30"", ""2025-03-02"", ""2025-03-07"", ""2025-01-15"", ""2025-02-20"", ""2025-03-01"", ""2025-03-06""]",2025-03-10
2025-03-12,8921.544359689564,7510.13958518403,72156.25150480821,44220.77996368637,480.37999129122875,1430.4815350592314,45651.2614987456,8024.508003313858,18141.33213951177,15964.743330059513,93299.24850476447,2.824300000007497,0.0,10,10_scenario,"[39, 50, 24, 46, 54, 41, 9, 41, 56, 51, 65, 56, 8, 43, 66, 65, 50, 7, 12, 41, 65, 14, 60, 25, 66, 30, 56, 57, 31, 40]","[""2025-02-09"", ""2025-02-20"", ""2025-01-25"", ""2025-02-16"", ""2025-02-24"", ""2025-02-11"", ""2025-01-10"", ""2025-02-11"", ""2025-02-26"", ""2025-02-21"", ""2025-03-07"", ""2025-02-26"", ""2025-01-09"", ""2025-02-13"", ""2025-03-08"", ""2025-03-07"", ""2025-02-20"", ""2025-01-08"", ""2025-01-13"", ""2025-02-11"", ""2025-03-07"", ""2025-01-15"", ""2025-03-02"", ""2025-01-26"", ""2025-03-08"", ""2025-01-31"", ""2025-02-26"", ""2025-02-27"", ""2025-02-01"", ""2025-02-10""]",2025-03-11
2025-03-13,7510.13958518403,6381.8131978511165,73706.6289283022,45219.46216287547,1320.6461541156298,6231.092396390157,51450.55455926563,4937.166377890573,18736.760191895923,16192.269504035317,68704.32141790894,6.564317099982873,0.0,10,10_scenario,"[41, 21, 69, 6, 49, 57, 64, 53, 57, 56, 15, 55, 36, 65, 59, 48, 54, 69, 62, 25, 64, 47, 49, 68, 22, 65, 63, 16, 68, 53]","[""2025-02-11"", ""2025-01-22"", ""2025-03-11"", ""2025-01-07"", ""2025-02-19"", ""2025-02-27"", ""2025-03-06"", ""2025-02-23"", ""2025-02-27"", ""2025-02-26"", ""2025-01-16"", ""2025-02-25"", ""2025-02-06"", ""2025-03-07"", ""2025-03-01"", ""2025-02-18"", ""2025-02-24"", ""2025-03-11"", ""2025-03-04"", ""2025-01-26"", ""2025-03-06"", ""2025-02-17"", ""2025-02-19"", ""2025-03-10"", ""2025-01-23"", ""2025-03-07"", ""2025-03-05"", ""2025-01-17"", ""2025-03-10"", ""2025-02-23""]",2025-03-12
2025-03-14,6381.8131978511165,6393.491547362265,37331.849700877254,20510.30668696209,3.815664453098634,8.38062543558748,20518.687312397677,18687.403435954522,13728.028586749788,11109.192640707293,41350.98907069008,5.269408199994359,7.730993762191873e-07,10,10_scenario,"[69, 42, 68, 65, 61, 50, 62, 43, 54, 67, 62, 68, 58, 26, 70, 16, 48, 16, 57, 67, 47, 31, 57, 36, 70, 69, 28, 46, 27, 48]","[""2025-03-11"", ""2025-02-12"", ""2025-03-10"", ""2025-03-07"", ""2025-03-03"", ""2025-02-20"", ""2025-03-04"", ""2025-02-13"", ""2025-02-24"", ""2025-03-09"", ""2025-03-04"", ""2025-03-10"", ""2025-02-28"", ""2025-01-27"", ""2025-03-12"", ""2025-01-17"", ""2025-02-18"", ""2025-01-17"", ""2025-02-27"", ""2025-03-09"", ""2025-02-17"", ""2025-02-01"", ""2025-02-27"", ""2025-02-06"", ""2025-03-12"", ""2025-03-11"", ""2025-01-29"", ""2025-02-16"", ""2025-01-28"", ""2025-02-18""]",2025-03-13
2025-03-15,6393.491547362265,7935.394043374945,35275.48913741419,18753.365349195694,195.89616736098031,617.3670270972555,19370.732376292948,10020.667464123348,16520.423390739037,11993.830700087212,60761.24541786036,8.42092699999921,0.0,10,10_scenario,"[23, 20, 39, 64, 47, 62, 66, 56, 50, 58, 17, 66, 53, 58, 56, 71, 17, 61, 45, 3, 26, 41, 66, 28, 57, 16, 59, 67, 53, 58]","[""2025-01-24"", ""2025-01-21"", ""2025-02-09"", ""2025-03-06"", ""2025-02-17"", ""2025-03-04"", ""2025-03-08"", ""2025-02-26"", ""2025-02-20"", ""2025-02-28"", ""2025-01-18"", ""2025-03-08"", ""2025-02-23"", ""2025-02-28"", ""2025-02-26"", ""2025-03-13"", ""2025-01-18"", ""2025-03-03"", ""2025-02-15"", ""2025-01-04"", ""2025-01-27"", ""2025-02-11"", ""2025-03-08"", ""2025-01-29"", ""2025-02-27"", ""2025-01-17"", ""2025-03-01"", ""2025-03-09"", ""2025-02-23"", ""2025-02-28""]",2025-03-14
2025-03-16,7935.394043374945,6649.453676652962,68460.56699662545,41071.815988248156,2719.8058383528587,10868.713935451044,51940.5299236992,5407.218562981547,18839.22983533275,16417.12249666931,93534.86712438606,1.599646799993934,7.764326539733782e-07,10,10_scenario,"[27, 38, 72, 61, 58, 67, 59, 66, 60, 38, 51, 20, 32, 10, 20, 38, 59, 56, 62, 30, 69, 39, 57, 18, 45, 30, 48, 52, 62, 41]","[""2025-01-28"", ""2025-02-08"", ""2025-03-14"", ""2025-03-03"", ""2025-02-28"", ""2025-03-09"", ""2025-03-01"", ""2025-03-08"", ""2025-03-02"", ""2025-02-08"", ""2025-02-21"", ""2025-01-21"", ""2025-02-02"", ""2025-01-11"", ""2025-01-21"", ""2025-02-08"", ""2025-03-01"", ""2025-02-26"", ""2025-03-04"", ""2025-01-31"", ""2025-03-11"", ""2025-02-09"", ""2025-02-27"", ""2025-01-19"", ""2025-02-15"", ""2025-01-31"", ""2025-02-18"", ""2025-02-22"", ""2025-03-04"", ""2025-02-11""]",2025-03-15
2025-03-17,6649.453676652962,7472.390347234581,72414.02566757191,43566.32989205519,312.3781736784392,1114.2063322680156,44680.53622432321,10409.511705346526,19569.040521300245,15110.279818729745,91257.52999510412,18.677154200006044,6.00394926373341e-07,10,10_scenario,"[38, 19, 70, 53, 72, 72, 44, 54, 28, 69, 65, 30, 71, 57, 73, 71, 22, 43, 63, 64, 37, 29, 54, 35, 46, 23, 45, 26, 55, 59]","[""2025-02-08"", ""2025-01-20"", ""2025-03-12"", ""2025-02-23"", ""2025-03-14"", ""2025-03-14"", ""2025-02-14"", ""2025-02-24"", ""2025-01-29"", ""2025-03-11"", ""2025-03-07"", ""2025-01-31"", ""2025-03-13"", ""2025-02-27"", ""2025-03-15"", ""2025-03-13"", ""2025-01-23"", ""2025-02-13"", ""2025-03-05"", ""2025-03-06"", ""2025-02-07"", ""2025-01-30"", ""2025-02-24"", ""2025-02-05"", ""2025-02-16"", ""2025-01-24"", ""2025-02-15"", ""2025-01-27"", ""2025-02-25"", ""2025-03-01""]",2025-03-16
2025-03-18,7472.390347234581,7620.891050531527,70262.10515380578,42261.463834493654,1441.5203607626595,6664.168379291161,48925.63221378482,6572.109331691108,20378.4588591759,16372.901042965228,87443.73428454708,3.1893541000026744,0.0,10,10_scenario,"[13, 65, 68, 65, 50, 50, 52, 26, 71, 54, 67, 32, 12, 61, 69, 68, 33, 15, 63, 71, 27, 54, 39, 72, 49, 25, 37, 63, 64, 39]","[""2025-01-14"", ""2025-03-07"", ""2025-03-10"", ""2025-03-07"", ""2025-02-20"", ""2025-02-20"", ""2025-02-22"", ""2025-01-27"", ""2025-03-13"", ""2025-02-24"", ""2025-03-09"", ""2025-02-02"", ""2025-01-13"", ""2025-03-03"", ""2025-03-11"", ""2025-03-10"", ""2025-02-03"", ""2025-01-16"", ""2025-03-05"", ""2025-03-13"", ""2025-01-28"", ""2025-02-24"", ""2025-02-09"", ""2025-03-14"", ""2025-02-19"", ""2025-01-26"", ""2025-02-07"", ""2025-03-05"", ""2025-03-06"", ""2025-02-09""]",2025-03-17
2025-03-19,7620.891050531527,8110.222217026236,69894.90556373225,42120.41291822468,321.16232301910935,1115.4999140520274,43235.912832276714,6246.563358537516,21387.558044045352,16883.5239658315,87183.67858774259,10.00850879997597,9.803823221671152e-07,10,10_scenario,"[58, 50, 57, 61, 20, 62, 63, 40, 65, 64, 54, 21, 71, 72, 43, 71, 75, 40, 53, 75, 54, 36, 63, 41, 75, 59, 49, 45, 23, 72]","[""2025-02-28"", ""2025-02-20"", ""2025-02-27"", ""2025-03-03"", ""2025-01-21"", ""2025-03-04"", ""2025-03-05"", ""2025-02-10"", ""2025-03-07"", ""2025-03-06"", ""2025-02-24"", ""2025-01-22"", ""2025-03-13"", ""2025-03-14"", ""2025-02-13"", ""2025-03-13"", ""2025-03-17"", ""2025-02-10"", ""2025-02-23"", ""2025-03-17"", ""2025-02-24"", ""2025-02-06"", ""2025-03-05"", ""2025-02-11"", ""2025-03-17"", ""2025-03-01"", ""2025-02-19"", ""2025-02-15"", ""2025-01-24"", ""2025-03-14""]",2025-03-18
2025-03-20,8110.222217026236,6178.214281125497,68379.16670094593,41912.796176857846,724.4753200370453,2433.6025837810594,44346.398760638906,5247.623853059462,17820.33417667116,16173.277825414305,64725.69798612621,18.793428500008304,0.0,10,10_scenario,"[65, 69, 19, 67, 21, 50, 70, 72, 75, 63, 71, 73, 49, 72, 33, 69, 75, 58, 71, 29, 15, 64, 44, 46, 66, 66, 76, 75, 15, 39]","[""2025-03-07"", ""2025-03-11"", ""2025-01-20"", ""2025-03-09"", ""2025-01-22"", ""2025-02-20"", ""2025-03-12"", ""2025-03-14"", ""2025-03-17"", ""2025-03-05"", ""2025-03-13"", ""2025-03-15"", ""2025-02-19"", ""2025-03-14"", ""2025-02-03"", ""2025-03-11"", ""2025-03-17"", ""2025-02-28"", ""2025-03-13"", ""2025-01-30"", ""2025-01-16"", ""2025-03-06"", ""2025-02-14"", ""2025-02-16"", ""2025-03-08"", ""2025-03-08"", ""2025-03-18"", ""2025-03-17"", ""2025-01-16"", ""2025-02-09""]",2025-03-19
2025-03-21,6178.214281125497,6610.086189601148,34843.117969325984,19097.698089381003,0.0,0.0,19097.698089381003,19719.6025025563,14217.717013025947,11127.666062922932,39785.39892233836,15.328607900009956,8.775273498261181e-07,10,10_scenario,"[77, 66, 61, 43, 49, 77, 26, 48, 41, 54, 35, 71, 62, 53, 76, 34, 40, 40, 54, 51, 30, 38, 72, 64, 69, 73, 63, 42, 77, 51]","[""2025-03-19"", ""2025-03-08"", ""2025-03-03"", ""2025-02-13"", ""2025-02-19"", ""2025-03-19"", ""2025-01-27"", ""2025-02-18"", ""2025-02-11"", ""2025-02-24"", ""2025-02-05"", ""2025-03-13"", ""2025-03-04"", ""2025-02-23"", ""2025-03-18"", ""2025-02-04"", ""2025-02-10"", ""2025-02-10"", ""2025-02-24"", ""2025-02-21"", ""2025-01-31"", ""2025-02-08"", ""2025-03-14"", ""2025-03-06"", ""2025-03-11"", ""2025-03-15"", ""2025-03-05"", ""2025-02-12"", ""2025-03-19"", ""2025-02-21""]",2025-03-20
2025-03-22,6610.086189601148,7860.359184550534,35776.69892659411,19344.783474992568,17.410138830576898,37.82481085215888,19382.608285844726,16015.503466993032,14590.316682336173,10692.910817237851,64012.18186102053,5.685119600006146,1.1366520250755638e-16,10,10_scenario,"[74, 18, 29, 50, 28, 52, 52, 51, 70, 60, 56, 74, 72, 49, 25, 51, 33, 71, 66, 72, 32, 32, 66, 70, 75, 10, 76, 74, 49, 28]","[""2025-03-16"", ""2025-01-19"", ""2025-01-30"", ""2025-02-20"", ""2025-01-29"", ""2025-02-22"", ""2025-02-22"", ""2025-02-21"", ""2025-03-12"", ""2025-03-02"", ""2025-02-26"", ""2025-03-16"", ""2025-03-14"", ""2025-02-19"", ""2025-01-26"", ""2025-02-21"", ""2025-02-03"", ""2025-03-13"", ""2025-03-08"", ""2025-03-14"", ""2025-02-02"", ""2025-02-02"", ""2025-03-08"", ""2025-03-12"", ""2025-03-17"", ""2025-01-11"", ""2025-03-18"", ""2025-03-16"", ""2025-02-19"", ""2025-01-29""]",2025-03-21
2025-03-23,7860.359184550534,9305.454183342355,66985.6016709728,39467.144472599604,1714.2490480598358,7701.603101675217,47168.74757427482,4379.108769813783,22370.717545471318,16819.69571291913,88034.34797777295,9.302619199996116,8.719797007476895e-07,10,10_scenario,"[69, 65, 74, 67, 77, 51, 28, 10, 64, 33, 72, 42, 74, 59, 11, 46, 73, 67, 73, 37, 33, 56, 59, 71, 67, 68, 59, 46, 66, 60]","[""2025-03-11"", ""2025-03-07"", ""2025-03-16"", ""2025-03-09"", ""2025-03-19"", ""2025-02-21"", ""2025-01-29"", ""2025-01-11"", ""2025-03-06"", ""2025-02-03"", ""2025-03-14"", ""2025-02-12"", ""2025-03-16"", ""2025-03-01"", ""2025-01-12"", ""2025-02-16"", ""2025-03-15"", ""2025-03-09"", ""2025-03-15"", ""2025-02-07"", ""2025-02-03"", ""2025-02-26"", ""2025-03-01"", ""2025-03-13"", ""2025-03-09"", ""2025-03-10"", ""2025-03-01"", ""2025-02-16"", ""2025-03-08"", ""2025-03-02""]",2025-03-22
2025-03-24,9305.454183342355,8366.592130299956,64506.38760772855,38988.89821446478,945.2831301579565,3469.272674853947,42458.17088931873,4619.4165893076015,19361.752173598587,16527.995108353014,81756.14906593839,10.807214600004954,0.0,10,10_scenario,"[49, 72, 43, 29, 77, 61, 72, 42, 50, 72, 54, 78, 78, 58, 41, 80, 71, 79, 64, 39, 69, 63, 76, 62, 44, 39, 70, 78, 46, 75]","[""2025-02-19"", ""2025-03-14"", ""2025-02-13"", ""2025-01-30"", ""2025-03-19"", ""2025-03-03"", ""2025-03-14"", ""2025-02-12"", ""2025-02-20"", ""2025-03-14"", ""2025-02-24"", ""2025-03-20"", ""2025-03-20"", ""2025-02-28"", ""2025-02-11"", ""2025-03-22"", ""2025-03-13"", ""2025-03-21"", ""2025-03-06"", ""2025-02-09"", ""2025-03-11"", ""2025-03-05"", ""2025-03-18"", ""2025-03-04"", ""2025-02-14"", ""2025-02-09"", ""2025-03-12"", ""2025-03-20"", ""2025-02-16"", ""2025-03-17""]",2025-03-23
2025-03-25,8366.592130299956,8112.692899620499,67879.46298358584,41277.07294940861,824.6959602907248,3306.7742944518195,44583.84724386043,4279.310505055074,19490.70015666489,16015.976434510076,84316.8767553975,11.719400799978757,9.32626808583825e-07,10,10_scenario,"[77, 57, 58, 57, 74, 67, 63, 67, 79, 75, 48, 76, 78, 55, 61, 75, 70, 41, 72, 70, 28, 78, 44, 78, 76, 72, 56, 46, 78, 39]","[""2025-03-19"", ""2025-02-27"", ""2025-02-28"", ""2025-02-27"", ""2025-03-16"", ""2025-03-09"", ""2025-03-05"", ""2025-03-09"", ""2025-03-21"", ""2025-03-17"", ""2025-02-18"", ""2025-03-18"", ""2025-03-20"", ""2025-02-25"", ""2025-03-03"", ""2025-03-17"", ""2025-03-12"", ""2025-02-11"", ""2025-03-14"", ""2025-03-12"", ""2025-01-29"", ""2025-03-20"", ""2025-02-14"", ""2025-03-20"", ""2025-03-18"", ""2025-03-14"", ""2025-02-26"", ""2025-02-16"", ""2025-03-20"", ""2025-02-09""]",2025-03-24
2025-03-26,8112.692899620499,8783.022888189389,71689.54585937227,43022.77928320524,279.13572060290505,847.1177433903058,43869.89702659554,12094.053750960542,19361.978803347207,15079.90584099924,88116.068755037,19.96603530002176,2.2373203403563854e-07,10,10_scenario,"[76, 82, 27, 29, 60, 71, 26, 72, 50, 54, 79, 52, 26, 65, 62, 75, 76, 72, 65, 58, 80, 59, 72, 78, 56, 57, 71, 70, 22, 36]","[""2025-03-18"", ""2025-03-24"", ""2025-01-28"", ""2025-01-30"", ""2025-03-02"", ""2025-03-13"", ""2025-01-27"", ""2025-03-14"", ""2025-02-20"", ""2025-02-24"", ""2025-03-21"", ""2025-02-22"", ""2025-01-27"", ""2025-03-07"", ""2025-03-04"", ""2025-03-17"", ""2025-03-18"", ""2025-03-14"", ""2025-03-07"", ""2025-02-28"", ""2025-03-22"", ""2025-03-01"", ""2025-03-14"", ""2025-03-20"", ""2025-02-26"", ""2025-02-27"", ""2025-03-13"", ""2025-03-12"", ""2025-01-23"", ""2025-02-06""]",2025-03-25
2025-03-27,8783.022888189389,5343.829773706397,62543.72576865404,38282.53646076485,620.081900134322,2043.1450523196222,40325.68151308448,4440.796647355326,16322.607497198655,16316.585875765606,61334.166288944485,6.782881100021768,4.3758885048573057e-07,10,10_scenario,"[80, 63, 78, 53, 79, 83, 47, 75, 54, 55, 79, 69, 75, 70, 76, 40, 49, 40, 65, 76, 78, 36, 77, 79, 78, 83, 72, 55, 74, 70]","[""2025-03-22"", ""2025-03-05"", ""2025-03-20"", ""2025-02-23"", ""2025-03-21"", ""2025-03-25"", ""2025-02-17"", ""2025-03-17"", ""2025-02-24"", ""2025-02-25"", ""2025-03-21"", ""2025-03-11"", ""2025-03-17"", ""2025-03-12"", ""2025-03-18"", ""2025-02-10"", ""2025-02-19"", ""2025-02-10"", ""2025-03-07"", ""2025-03-18"", ""2025-03-20"", ""2025-02-06"", ""2025-03-19"", ""2025-03-21"", ""2025-03-20"", ""2025-03-25"", ""2025-03-14"", ""2025-02-25"", ""2025-03-16"", ""2025-03-12""]",2025-03-26
2025-03-28,5343.829773706397,6243.810239802021,34704.736999931236,18814.66110923473,53.377249280027804,206.35656772315286,19021.017676957883,20435.067254135298,14164.125310122283,10662.959081712987,37949.49456720217,24.55384479998611,0.0,10,10_scenario,"[50, 23, 70, 83, 79, 82, 78, 77, 42, 67, 35, 49, 83, 74, 57, 47, 68, 69, 74, 57, 41, 83, 71, 66, 48, 79, 72, 51, 60, 70]","[""2025-02-20"", ""2025-01-24"", ""2025-03-12"", ""2025-03-25"", ""2025-03-21"", ""2025-03-24"", ""2025-03-20"", ""2025-03-19"", ""2025-02-12"", ""2025-03-09"", ""2025-02-05"", ""2025-02-19"", ""2025-03-25"", ""2025-03-16"", ""2025-02-27"", ""2025-02-17"", ""2025-03-10"", ""2025-03-11"", ""2025-03-16"", ""2025-02-27"", ""2025-02-11"", ""2025-03-25"", ""2025-03-13"", ""2025-03-08"", ""2025-02-18"", ""2025-03-21"", ""2025-03-14"", ""2025-02-21"", ""2025-03-02"", ""2025-03-12""]",2025-03-27
2025-03-29,6243.810239802021,9180.258714243288,36395.2543483889,19145.35391503737,40.71120769768771,171.67455850733887,19317.02847354471,22982.456277129124,16334.191940142096,10587.891844517966,58267.934492064844,6.784993000008399,0.0,10,10_scenario,"[81, 67, 76, 67, 82, 68, 74, 41, 68, 82, 31, 42, 76, 81, 66, 83, 85, 49, 66, 71, 36, 74, 47, 35, 80, 66, 61, 65, 73, 68]","[""2025-03-23"", ""2025-03-09"", ""2025-03-18"", ""2025-03-09"", ""2025-03-24"", ""2025-03-10"", ""2025-03-16"", ""2025-02-11"", ""2025-03-10"", ""2025-03-24"", ""2025-02-01"", ""2025-02-12"", ""2025-03-18"", ""2025-03-23"", ""2025-03-08"", ""2025-03-25"", ""2025-03-27"", ""2025-02-19"", ""2025-03-08"", ""2025-03-13"", ""2025-02-06"", ""2025-03-16"", ""2025-02-17"", ""2025-02-05"", ""2025-03-22"", ""2025-03-08"", ""2025-03-03"", ""2025-03-07"", ""2025-03-15"", ""2025-03-10""]",2025-03-28
2025-03-30,9180.258714243288,6647.435537650874,58478.47451099641,35294.982905310746,1446.4896097101164,5618.183986207543,40913.16689151829,3528.491351605675,17528.38909491599,16477.536025815127,79570.33606810703,6.2129402999999,8.437009597869381e-07,10,10_scenario,"[72, 67, 59, 69, 74, 72, 55, 46, 55, 54, 85, 85, 78, 64, 79, 38, 86, 78, 50, 79, 42, 75, 25, 76, 74, 85, 86, 74, 75, 67]","[""2025-03-14"", ""2025-03-09"", ""2025-03-01"", ""2025-03-11"", ""2025-03-16"", ""2025-03-14"", ""2025-02-25"", ""2025-02-16"", ""2025-02-25"", ""2025-02-24"", ""2025-03-27"", ""2025-03-27"", ""2025-03-20"", ""2025-03-06"", ""2025-03-21"", ""2025-02-08"", ""2025-03-28"", ""2025-03-20"", ""2025-02-20"", ""2025-03-21"", ""2025-02-12"", ""2025-03-17"", ""2025-01-26"", ""2025-03-18"", ""2025-03-16"", ""2025-03-27"", ""2025-03-28"", ""2025-03-16"", ""2025-03-17"", ""2025-03-09""]",2025-03-29
2025-03-31,6647.435537650874,8166.119850834034,64678.91022668488,38380.20096026854,685.6426642320946,2938.9530073220417,41319.15396759059,3042.848808573783,21071.045879710655,15700.731280700784,81006.71082169632,15.321748199989088,9.198567862762624e-07,10,10_scenario,"[70, 56, 78, 72, 84, 64, 38, 40, 76, 28, 62, 34, 79, 49, 79, 73, 26, 40, 58, 62, 59, 68, 81, 87, 78, 85, 68, 84, 74, 48]","[""2025-03-12"", ""2025-02-26"", ""2025-03-20"", ""2025-03-14"", ""2025-03-26"", ""2025-03-06"", ""2025-02-08"", ""2025-02-10"", ""2025-03-18"", ""2025-01-29"", ""2025-03-04"", ""2025-02-04"", ""2025-03-21"", ""2025-02-19"", ""2025-03-21"", ""2025-03-15"", ""2025-01-27"", ""2025-02-10"", ""2025-02-28"", ""2025-03-04"", ""2025-03-01"", ""2025-03-10"", ""2025-03-23"", ""2025-03-29"", ""2025-03-20"", ""2025-03-27"", ""2025-03-10"", ""2025-03-26"", ""2025-03-16"", ""2025-02-18""]",2025-03-30
2025-04-01,8166.119850834034,8720.467501085208,65549.48955140765,38907.66343713987,1122.3444174894246,4267.779644740334,43175.44308188021,2136.8239636223334,20143.39791253697,15817.239423928888,80008.85595417817,12.742682400014019,0.0,10,10_scenario,"[86, 74, 79, 76, 84, 55, 63, 86, 66, 85, 52, 29, 53, 56, 67, 72, 41, 37, 42, 85, 52, 61, 71, 28, 85, 73, 85, 60, 75, 79]","[""2025-03-28"", ""2025-03-16"", ""2025-03-21"", ""2025-03-18"", ""2025-03-26"", ""2025-02-25"", ""2025-03-05"", ""2025-03-28"", ""2025-03-08"", ""2025-03-27"", ""2025-02-22"", ""2025-01-30"", ""2025-02-23"", ""2025-02-26"", ""2025-03-09"", ""2025-03-14"", ""2025-02-11"", ""2025-02-07"", ""2025-02-12"", ""2025-03-27"", ""2025-02-22"", ""2025-03-03"", ""2025-03-13"", ""2025-01-29"", ""2025-03-27"", ""2025-03-15"", ""2025-03-27"", ""2025-03-02"", ""2025-03-17"", ""2025-03-21""]",2025-03-31
2025-04-02,8720.467501085208,7531.59559068614,66174.28003959806,39890.26491499517,1356.728646362147,6220.678957193571,46110.94387218874,4505.849379188719,19262.15066384556,16672.326757074065,82508.80340332673,10.150293099984992,6.98708388264934e-07,10,10_scenario,"[61, 48, 89, 61, 77, 81, 85, 75, 41, 41, 88, 72, 84, 81, 84, 75, 75, 35, 57, 34, 26, 70, 61, 69, 82, 30, 43, 87, 40, 33]","[""2025-03-03"", ""2025-02-18"", ""2025-03-31"", ""2025-03-03"", ""2025-03-19"", ""2025-03-23"", ""2025-03-27"", ""2025-03-17"", ""2025-02-11"", ""2025-02-11"", ""2025-03-30"", ""2025-03-14"", ""2025-03-26"", ""2025-03-23"", ""2025-03-26"", ""2025-03-17"", ""2025-03-17"", ""2025-02-05"", ""2025-02-27"", ""2025-02-04"", ""2025-01-27"", ""2025-03-12"", ""2025-03-03"", ""2025-03-11"", ""2025-03-24"", ""2025-01-31"", ""2025-02-13"", ""2025-03-29"", ""2025-02-10"", ""2025-02-03""]",2025-04-01
2025-04-03,7531.59559068614,5118.159341936149,64113.718173338944,38357.52760256224,1377.814003526334,5595.3566061527035,43952.88420871494,8616.811150599508,16754.123070916306,15742.9323113172,60589.84660986249,20.08125889999792,9.330089886608664e-07,10,10_scenario,"[86, 89, 84, 51, 37, 73, 68, 65, 28, 83, 81, 58, 41, 57, 69, 58, 81, 83, 82, 36, 85, 42, 86, 85, 44, 51, 86, 46, 68, 54]","[""2025-03-28"", ""2025-03-31"", ""2025-03-26"", ""2025-02-21"", ""2025-02-07"", ""2025-03-15"", ""2025-03-10"", ""2025-03-07"", ""2025-01-29"", ""2025-03-25"", ""2025-03-23"", ""2025-02-28"", ""2025-02-11"", ""2025-02-27"", ""2025-03-11"", ""2025-02-28"", ""2025-03-23"", ""2025-03-25"", ""2025-03-24"", ""2025-02-06"", ""2025-03-27"", ""2025-02-12"", ""2025-03-28"", ""2025-03-27"", ""2025-02-14"", ""2025-02-21"", ""2025-03-28"", ""2025-02-16"", ""2025-03-10"", ""2025-02-24""]",2025-04-02
2025-04-04,5118.159341936149,5538.53682499608,32478.23160848383,17412.0439805866,54.70662944575056,119.7606324312487,17531.804613017848,23207.702775458194,13242.597251144518,10348.164038673123,36022.55470228604,7.485706000006758,0.0,10,10_scenario,"[64, 69, 79, 63, 30, 76, 82, 63, 87, 56, 90, 82, 90, 28, 47, 91, 83, 60, 33, 86, 58, 33, 86, 81, 60, 72, 85, 89, 91, 61]","[""2025-03-06"", ""2025-03-11"", ""2025-03-21"", ""2025-03-05"", ""2025-01-31"", ""2025-03-18"", ""2025-03-24"", ""2025-03-05"", ""2025-03-29"", ""2025-02-26"", ""2025-04-01"", ""2025-03-24"", ""2025-04-01"", ""2025-01-29"", ""2025-02-17"", ""2025-04-02"", ""2025-03-25"", ""2025-03-02"", ""2025-02-03"", ""2025-03-28"", ""2025-02-28"", ""2025-02-03"", ""2025-03-28"", ""2025-03-23"", ""2025-03-02"", ""2025-03-14"", ""2025-03-27"", ""2025-03-31"", ""2025-04-02"", ""2025-03-03""]",2025-04-03
2025-04-05,5538.53682499608,8775.022618228635,34825.66943253139,18034.804817053904,46.946287075701605,100.9116386178653,18135.71645567177,16769.42737166219,16559.137635275103,10500.064270663535,56803.371607432804,4.5841877999773715,5.37508031164526e-07,10,10_scenario,"[88, 83, 70, 44, 87, 42, 89, 41, 25, 31, 88, 87, 66, 90, 88, 39, 49, 81, 87, 48, 63, 46, 60, 82, 80, 68, 46, 57, 62, 50]","[""2025-03-30"", ""2025-03-25"", ""2025-03-12"", ""2025-02-14"", ""2025-03-29"", ""2025-02-12"", ""2025-03-31"", ""2025-02-11"", ""2025-01-26"", ""2025-02-01"", ""2025-03-30"", ""2025-03-29"", ""2025-03-08"", ""2025-04-01"", ""2025-03-30"", ""2025-02-09"", ""2025-02-19"", ""2025-03-23"", ""2025-03-29"", ""2025-02-18"", ""2025-03-05"", ""2025-02-16"", ""2025-03-02"", ""2025-03-24"", ""2025-03-22"", ""2025-03-10"", ""2025-02-16"", ""2025-02-27"", ""2025-03-04"", ""2025-02-20""]",2025-04-04
2025-04-06,8775.022618228635,7135.12735070879,62505.57667608315,36955.81425209901,1163.9283743305355,4847.520884628342,41803.33513672735,7310.987027242105,18022.881564593583,16074.439808088668,78809.67323174968,24.71218589998898,0.0,10,10_scenario,"[86, 84, 92, 67, 71, 61, 77, 79, 89, 91, 72, 88, 91, 54, 87, 42, 88, 51, 71, 91, 39, 86, 67, 65, 73, 38, 88, 46, 80, 64]","[""2025-03-28"", ""2025-03-26"", ""2025-04-03"", ""2025-03-09"", ""2025-03-13"", ""2025-03-03"", ""2025-03-19"", ""2025-03-21"", ""2025-03-31"", ""2025-04-02"", ""2025-03-14"", ""2025-03-30"", ""2025-04-02"", ""2025-02-24"", ""2025-03-29"", ""2025-02-12"", ""2025-03-30"", ""2025-02-21"", ""2025-03-13"", ""2025-04-02"", ""2025-02-09"", ""2025-03-28"", ""2025-03-09"", ""2025-03-07"", ""2025-03-15"", ""2025-02-08"", ""2025-03-30"", ""2025-02-16"", ""2025-03-22"", ""2025-03-06""]",2025-04-05
2025-04-07,7135.12735070879,8230.088521567122,65497.80813725489,38593.33458872954,751.8526987732434,2584.253262028605,41177.58785075815,8091.616264481847,20683.47491810764,15768.149629894693,80010.36495415171,4.772657199995592,1.8187537623038623e-16,10,10_scenario,"[66, 83, 45, 89, 72, 89, 69, 85, 44, 42, 90, 84, 43, 51, 71, 45, 93, 43, 69, 83, 72, 84, 86, 68, 81, 54, 50, 47, 47, 47]","[""2025-03-08"", ""2025-03-25"", ""2025-02-15"", ""2025-03-31"", ""2025-03-14"", ""2025-03-31"", ""2025-03-11"", ""2025-03-27"", ""2025-02-14"", ""2025-02-12"", ""2025-04-01"", ""2025-03-26"", ""2025-02-13"", ""2025-02-21"", ""2025-03-13"", ""2025-02-15"", ""2025-04-04"", ""2025-02-13"", ""2025-03-11"", ""2025-03-25"", ""2025-03-14"", ""2025-03-26"", ""2025-03-28"", ""2025-03-10"", ""2025-03-23"", ""2025-02-24"", ""2025-02-20"", ""2025-02-17"", ""2025-02-17"", ""2025-02-17""]",2025-04-06
2025-04-08,8230.088521567122,8812.50587170252,66144.03700212063,39131.55041648222,720.632936750269,3332.5550754267606,42464.10549190898,7953.560207671383,21230.213154794743,16672.29704026189,78389.47962093064,0.21994789998279884,0.0,1,deterministic_q80,"[89, 35, 75, 43, 82, 78, 85, 59, 86, 91, 90, 92, 68, 46, 90, 50, 75, 35, 94, 80, 93, 72, 95, 63, 93, 40, 42, 86, 85, 83]","[""2025-03-31"", ""2025-02-05"", ""2025-03-17"", ""2025-02-13"", ""2025-03-24"", ""2025-03-20"", ""2025-03-27"", ""2025-03-01"", ""2025-03-28"", ""2025-04-02"", ""2025-04-01"", ""2025-04-03"", ""2025-03-10"", ""2025-02-16"", ""2025-04-01"", ""2025-02-20"", ""2025-03-17"", ""2025-02-05"", ""2025-04-05"", ""2025-03-22"", ""2025-04-04"", ""2025-03-14"", ""2025-04-06"", ""2025-03-05"", ""2025-04-04"", ""2025-02-10"", ""2025-02-12"", ""2025-03-28"", ""2025-03-27"", ""2025-03-25""]",2025-04-07
2025-04-09,8812.50587170252,8046.265539688668,64112.86267243316,38239.55392570776,758.2280347679443,2925.9030368991694,41165.45696260693,2814.829998116993,19008.242059104825,16086.292366687378,78736.50802415815,20.17155769999954,0.0,10,10_scenario,"[92, 36, 34, 95, 58, 92, 84, 91, 40, 56, 53, 75, 82, 93, 85, 89, 76, 93, 80, 70, 78, 50, 93, 90, 87, 96, 90, 57, 34, 63]","[""2025-04-03"", ""2025-02-06"", ""2025-02-04"", ""2025-04-06"", ""2025-02-28"", ""2025-04-03"", ""2025-03-26"", ""2025-04-02"", ""2025-02-10"", ""2025-02-26"", ""2025-02-23"", ""2025-03-17"", ""2025-03-24"", ""2025-04-04"", ""2025-03-27"", ""2025-03-31"", ""2025-03-18"", ""2025-04-04"", ""2025-03-22"", ""2025-03-12"", ""2025-03-20"", ""2025-02-20"", ""2025-04-04"", ""2025-04-01"", ""2025-03-29"", ""2025-04-07"", ""2025-04-01"", ""2025-02-27"", ""2025-02-04"", ""2025-03-05""]",2025-04-08
2025-04-10,8046.265539688668,4936.7952784613535,62586.1159272016,37741.514234629656,818.9822075730866,3590.508469609449,41332.022704239105,8653.737146453743,16259.191175923865,15968.468087602916,59027.70873767098,13.937986700009787,0.0,10,10_scenario,"[79, 82, 70, 91, 40, 82, 42, 84, 92, 53, 65, 42, 80, 87, 85, 75, 66, 91, 71, 85, 65, 36, 53, 96, 83, 92, 85, 35, 61, 83]","[""2025-03-21"", ""2025-03-24"", ""2025-03-12"", ""2025-04-02"", ""2025-02-10"", ""2025-03-24"", ""2025-02-12"", ""2025-03-26"", ""2025-04-03"", ""2025-02-23"", ""2025-03-07"", ""2025-02-12"", ""2025-03-22"", ""2025-03-29"", ""2025-03-27"", ""2025-03-17"", ""2025-03-08"", ""2025-04-02"", ""2025-03-13"", ""2025-03-27"", ""2025-03-07"", ""2025-02-06"", ""2025-02-23"", ""2025-04-07"", ""2025-03-25"", ""2025-04-03"", ""2025-03-27"", ""2025-02-05"", ""2025-03-03"", ""2025-03-25""]",2025-04-09
2025-04-11,4936.7952784613535,5170.48710800514,32282.971938878913,17331.531837419694,6.466050636095986,13.908474918242467,17345.440312337938,24377.033140685355,12554.905450387258,9959.15076822427,35562.268708049465,1.7356582999927923,4.830941844423236e-08,10,10_scenario,"[50, 98, 98, 90, 63, 97, 86, 91, 86, 95, 85, 83, 98, 75, 68, 70, 96, 85, 35, 96, 44, 90, 83, 53, 70, 37, 88, 97, 83, 56]","[""2025-02-20"", ""2025-04-09"", ""2025-04-09"", ""2025-04-01"", ""2025-03-05"", ""2025-04-08"", ""2025-03-28"", ""2025-04-02"", ""2025-03-28"", ""2025-04-06"", ""2025-03-27"", ""2025-03-25"", ""2025-04-09"", ""2025-03-17"", ""2025-03-10"", ""2025-03-12"", ""2025-04-07"", ""2025-03-27"", ""2025-02-05"", ""2025-04-07"", ""2025-02-14"", ""2025-04-01"", ""2025-03-25"", ""2025-02-23"", ""2025-03-12"", ""2025-02-07"", ""2025-03-30"", ""2025-04-08"", ""2025-03-25"", ""2025-02-26""]",2025-04-10
2025-04-12,5170.48710800514,9807.241237453934,35579.105924609015,18177.423118687904,14.576214840135208,31.144261818158462,18208.56738050606,19096.22523878193,17364.303337701607,9892.006987034385,56624.970567122626,2.112046599999303,0.0,10,10_scenario,"[89, 95, 80, 70, 74, 88, 51, 62, 59, 76, 94, 60, 57, 52, 74, 70, 75, 65, 96, 98, 71, 60, 87, 38, 88, 86, 74, 48, 71, 91]","[""2025-03-31"", ""2025-04-06"", ""2025-03-22"", ""2025-03-12"", ""2025-03-16"", ""2025-03-30"", ""2025-02-21"", ""2025-03-04"", ""2025-03-01"", ""2025-03-18"", ""2025-04-05"", ""2025-03-02"", ""2025-02-27"", ""2025-02-22"", ""2025-03-16"", ""2025-03-12"", ""2025-03-17"", ""2025-03-07"", ""2025-04-07"", ""2025-04-09"", ""2025-03-13"", ""2025-03-02"", ""2025-03-29"", ""2025-02-08"", ""2025-03-30"", ""2025-03-28"", ""2025-03-16"", ""2025-02-18"", ""2025-03-13"", ""2025-04-02""]",2025-04-11
2025-04-13,9807.241237453934,7349.819807909679,57684.28213515488,34163.112149346845,2189.835840130572,9852.692151997293,44015.804301344135,4670.888579852803,16518.685256258686,15591.814344159366,76341.27498651348,3.396832899976289,0.0,10,10_scenario,"[79, 90, 56, 76, 79, 68, 90, 31, 87, 88, 51, 87, 73, 46, 72, 99, 48, 73, 79, 92, 82, 72, 97, 79, 64, 96, 69, 74, 32, 61]","[""2025-03-21"", ""2025-04-01"", ""2025-02-26"", ""2025-03-18"", ""2025-03-21"", ""2025-03-10"", ""2025-04-01"", ""2025-02-01"", ""2025-03-29"", ""2025-03-30"", ""2025-02-21"", ""2025-03-29"", ""2025-03-15"", ""2025-02-16"", ""2025-03-14"", ""2025-04-10"", ""2025-02-18"", ""2025-03-15"", ""2025-03-21"", ""2025-04-03"", ""2025-03-24"", ""2025-03-14"", ""2025-04-08"", ""2025-03-21"", ""2025-03-06"", ""2025-04-07"", ""2025-03-11"", ""2025-03-16"", ""2025-02-02"", ""2025-03-03""]",2025-04-12
2025-04-14,7349.819807909679,6667.811006729211,65158.132968927384,38441.1983968654,246.22435859199192,1189.83484831757,39631.033245182974,9935.09204073863,18710.744251806187,15769.510765025434,80861.11341327039,29.244526599999517,8.770964743785793e-07,30,main,"[89, 93, 70, 98, 63, 101, 92, 99, 99, 83, 97, 97, 58, 99, 87, 67, 90, 86, 68, 40, 98, 74, 91, 82, 92, 79, 95, 89, 83, 95]","[""2025-03-31"", ""2025-04-04"", ""2025-03-12"", ""2025-04-09"", ""2025-03-05"", ""2025-04-12"", ""2025-04-03"", ""2025-04-10"", ""2025-04-10"", ""2025-03-25"", ""2025-04-08"", ""2025-04-08"", ""2025-02-28"", ""2025-04-10"", ""2025-03-29"", ""2025-03-09"", ""2025-04-01"", ""2025-03-28"", ""2025-03-10"", ""2025-02-10"", ""2025-04-09"", ""2025-03-16"", ""2025-04-02"", ""2025-03-24"", ""2025-04-03"", ""2025-03-21"", ""2025-04-06"", ""2025-03-31"", ""2025-03-25"", ""2025-04-06""]",2025-04-13
2025-04-15,6667.811006729211,8129.400041776867,66047.35149396415,38840.29991396195,153.35562052542764,600.6089238949161,39440.90883785686,10964.06223909985,19904.136371123735,14806.920329067332,79447.59212307421,10.396071199997095,9.624067567280255e-07,10,10_scenario,"[62, 83, 98, 54, 76, 86, 78, 81, 94, 89, 82, 40, 102, 74, 83, 64, 87, 96, 66, 81, 59, 57, 80, 92, 51, 76, 72, 96, 74, 61]","[""2025-03-04"", ""2025-03-25"", ""2025-04-09"", ""2025-02-24"", ""2025-03-18"", ""2025-03-28"", ""2025-03-20"", ""2025-03-23"", ""2025-04-05"", ""2025-03-31"", ""2025-03-24"", ""2025-02-10"", ""2025-04-13"", ""2025-03-16"", ""2025-03-25"", ""2025-03-06"", ""2025-03-29"", ""2025-04-07"", ""2025-03-08"", ""2025-03-23"", ""2025-03-01"", ""2025-02-27"", ""2025-03-22"", ""2025-04-03"", ""2025-02-21"", ""2025-03-18"", ""2025-03-14"", ""2025-04-07"", ""2025-03-16"", ""2025-03-03""]",2025-04-14
2025-04-16,8129.400041776867,7590.620931104551,60852.74389771234,36230.988041958546,606.6617490380062,2356.655197504666,38587.643239463214,2643.57000900837,18532.341512352927,15496.09782461095,76520.97956812126,4.616076200007228,4.859947902889184e-07,10,10_scenario,"[93, 78, 84, 101, 103, 65, 103, 67, 62, 54, 50, 78, 51, 86, 87, 96, 90, 83, 62, 103, 83, 103, 55, 57, 101, 93, 79, 67, 72, 54]","[""2025-04-04"", ""2025-03-20"", ""2025-03-26"", ""2025-04-12"", ""2025-04-14"", ""2025-03-07"", ""2025-04-14"", ""2025-03-09"", ""2025-03-04"", ""2025-02-24"", ""2025-02-20"", ""2025-03-20"", ""2025-02-21"", ""2025-03-28"", ""2025-03-29"", ""2025-04-07"", ""2025-04-01"", ""2025-03-25"", ""2025-03-04"", ""2025-04-14"", ""2025-03-25"", ""2025-04-14"", ""2025-02-25"", ""2025-02-27"", ""2025-04-12"", ""2025-04-04"", ""2025-03-21"", ""2025-03-09"", ""2025-03-14"", ""2025-02-24""]",2025-04-15
2025-04-17,7590.620931104551,4040.3734081780267,59975.39434174589,36246.40218489811,153.48140410696084,492.4209573803886,36738.823142278496,7515.388803781971,15475.61769844604,15730.473106375164,57257.03381465706,7.239644799992675,0.0,10,10_scenario,"[92, 95, 77, 85, 70, 97, 98, 82, 72, 61, 100, 68, 104, 100, 84, 48, 42, 89, 102, 85, 97, 70, 63, 103, 72, 83, 83, 95, 99, 87]","[""2025-04-03"", ""2025-04-06"", ""2025-03-19"", ""2025-03-27"", ""2025-03-12"", ""2025-04-08"", ""2025-04-09"", ""2025-03-24"", ""2025-03-14"", ""2025-03-03"", ""2025-04-11"", ""2025-03-10"", ""2025-04-15"", ""2025-04-11"", ""2025-03-26"", ""2025-02-18"", ""2025-02-12"", ""2025-03-31"", ""2025-04-13"", ""2025-03-27"", ""2025-04-08"", ""2025-03-12"", ""2025-03-05"", ""2025-04-14"", ""2025-03-14"", ""2025-03-25"", ""2025-03-25"", ""2025-04-06"", ""2025-04-10"", ""2025-03-29""]",2025-04-16
2025-04-18,4040.3734081780267,4752.64873000042,32326.343810860875,17338.334717348553,0.9743024278681673,2.1118005124042525,17340.446517860957,22990.780616939344,12323.01328092586,9340.59296790979,34281.988610595195,6.847529799997574,7.047710393432121e-07,10,10_scenario,"[62, 85, 47, 81, 83, 88, 92, 91, 97, 85, 97, 82, 58, 72, 104, 85, 49, 103, 61, 93, 77, 98, 59, 100, 90, 87, 98, 104, 100, 103]","[""2025-03-04"", ""2025-03-27"", ""2025-02-17"", ""2025-03-23"", ""2025-03-25"", ""2025-03-30"", ""2025-04-03"", ""2025-04-02"", ""2025-04-08"", ""2025-03-27"", ""2025-04-08"", ""2025-03-24"", ""2025-02-28"", ""2025-03-14"", ""2025-04-15"", ""2025-03-27"", ""2025-02-19"", ""2025-04-14"", ""2025-03-03"", ""2025-04-04"", ""2025-03-19"", ""2025-04-09"", ""2025-03-01"", ""2025-04-11"", ""2025-04-01"", ""2025-03-29"", ""2025-04-09"", ""2025-04-15"", ""2025-04-11"", ""2025-04-14""]",2025-04-17
2025-04-19,4752.64873000042,9060.52170356947,34420.35714918104,17620.214091976515,133.44909097635392,294.197752529143,17914.41184450566,20651.174823004454,17057.19205758312,9939.23989043018,54942.9354761544,21.53380639999523,3.6720698175373007e-07,30,main,"[64, 98, 102, 76, 65, 59, 67, 102, 102, 54, 65, 77, 94, 104, 95, 72, 60, 106, 102, 69, 94, 101, 95, 94, 97, 52, 93, 53, 103, 102]","[""2025-03-06"", ""2025-04-09"", ""2025-04-13"", ""2025-03-18"", ""2025-03-07"", ""2025-03-01"", ""2025-03-09"", ""2025-04-13"", ""2025-04-13"", ""2025-02-24"", ""2025-03-07"", ""2025-03-19"", ""2025-04-05"", ""2025-04-15"", ""2025-04-06"", ""2025-03-14"", ""2025-03-02"", ""2025-04-17"", ""2025-04-13"", ""2025-03-11"", ""2025-04-05"", ""2025-04-12"", ""2025-04-06"", ""2025-04-05"", ""2025-04-08"", ""2025-02-22"", ""2025-04-04"", ""2025-02-23"", ""2025-04-14"", ""2025-04-13""]",2025-04-18
2025-04-20,9060.52170356947,8610.431254075644,58784.53164853981,34365.34184292416,1933.4412223058437,8240.63155977963,42605.973402703785,5619.476721486606,18662.277213527155,15521.525947501443,75109.39351827484,7.694214900024235,9.047238964260777e-07,10,10_scenario,"[104, 77, 94, 91, 98, 56, 58, 103, 59, 98, 93, 94, 99, 100, 91, 74, 45, 96, 106, 103, 105, 81, 89, 102, 90, 38, 86, 67, 99, 39]","[""2025-04-15"", ""2025-03-19"", ""2025-04-05"", ""2025-04-02"", ""2025-04-09"", ""2025-02-26"", ""2025-02-28"", ""2025-04-14"", ""2025-03-01"", ""2025-04-09"", ""2025-04-04"", ""2025-04-05"", ""2025-04-10"", ""2025-04-11"", ""2025-04-02"", ""2025-03-16"", ""2025-02-15"", ""2025-04-07"", ""2025-04-17"", ""2025-04-14"", ""2025-04-16"", ""2025-03-23"", ""2025-03-31"", ""2025-04-13"", ""2025-04-01"", ""2025-02-08"", ""2025-03-28"", ""2025-03-09"", ""2025-04-10"", ""2025-02-09""]",2025-04-19
2025-04-21,8610.431254075644,8942.625187266884,63041.88510432212,36985.16382277324,349.9489404404475,1187.835287062277,38172.99910983552,11041.266302239092,18603.593785884397,14769.93642669425,76376.32286373763,5.691130899998825,7.460024700401738e-07,10,10_scenario,"[74, 105, 61, 108, 88, 57, 106, 55, 100, 87, 59, 108, 99, 102, 86, 84, 70, 78, 101, 84, 96, 72, 77, 107, 106, 93, 108, 96, 75, 95]","[""2025-03-16"", ""2025-04-16"", ""2025-03-03"", ""2025-04-19"", ""2025-03-30"", ""2025-02-27"", ""2025-04-17"", ""2025-02-25"", ""2025-04-11"", ""2025-03-29"", ""2025-03-01"", ""2025-04-19"", ""2025-04-10"", ""2025-04-13"", ""2025-03-28"", ""2025-03-26"", ""2025-03-12"", ""2025-03-20"", ""2025-04-12"", ""2025-03-26"", ""2025-04-07"", ""2025-03-14"", ""2025-03-19"", ""2025-04-18"", ""2025-04-17"", ""2025-04-04"", ""2025-04-19"", ""2025-04-07"", ""2025-03-17"", ""2025-04-06""]",2025-04-20
2025-04-22,8942.625187266884,8017.3229092835,57876.78653952593,34339.756747058906,1044.1919468602114,3472.47205626696,37812.22880332587,4286.598203106418,17443.27903577954,14961.828069166473,73221.35108023656,2.5842064000025857,9.505655084457805e-07,10,10_scenario,"[100, 107, 104, 105, 106, 98, 80, 57, 100, 76, 98, 76, 103, 72, 85, 85, 74, 100, 92, 109, 107, 102, 85, 58, 85, 103, 76, 96, 107, 78]","[""2025-04-11"", ""2025-04-18"", ""2025-04-15"", ""2025-04-16"", ""2025-04-17"", ""2025-04-09"", ""2025-03-22"", ""2025-02-27"", ""2025-04-11"", ""2025-03-18"", ""2025-04-09"", ""2025-03-18"", ""2025-04-14"", ""2025-03-14"", ""2025-03-27"", ""2025-03-27"", ""2025-03-16"", ""2025-04-11"", ""2025-04-03"", ""2025-04-20"", ""2025-04-18"", ""2025-04-13"", ""2025-03-27"", ""2025-02-28"", ""2025-03-27"", ""2025-04-14"", ""2025-03-18"", ""2025-04-07"", ""2025-04-18"", ""2025-03-20""]",2025-04-21
2025-04-23,8017.3229092835,7436.939306507359,60907.683132403625,35920.272568093715,263.1194415628323,876.3112651736037,36796.583833267316,6946.52899423102,17614.221608248932,14789.864745180163,74365.5145132001,4.4438255999994,0.0,10,10_scenario,"[106, 110, 105, 100, 106, 100, 88, 92, 105, 97, 70, 107, 100, 88, 48, 82, 109, 55, 107, 106, 110, 62, 72, 84, 99, 79, 104, 93, 77, 79]","[""2025-04-17"", ""2025-04-21"", ""2025-04-16"", ""2025-04-11"", ""2025-04-17"", ""2025-04-11"", ""2025-03-30"", ""2025-04-03"", ""2025-04-16"", ""2025-04-08"", ""2025-03-12"", ""2025-04-18"", ""2025-04-11"", ""2025-03-30"", ""2025-02-18"", ""2025-03-24"", ""2025-04-20"", ""2025-02-25"", ""2025-04-18"", ""2025-04-17"", ""2025-04-21"", ""2025-03-04"", ""2025-03-14"", ""2025-03-26"", ""2025-04-10"", ""2025-03-21"", ""2025-04-15"", ""2025-04-04"", ""2025-03-19"", ""2025-03-21""]",2025-04-22
2025-04-24,7436.939306507359,3497.4835875750773,52458.93755640273,31950.424208945187,413.2179957994696,1699.2075005303864,33649.63170947557,6658.198355023045,14049.266548516905,14925.416051337748,50335.699814792686,1.7667266000062227,0.0,10,10_scenario,"[100, 86, 54, 100, 55, 104, 106, 65, 55, 106, 88, 104, 57, 54, 90, 81, 57, 98, 105, 70, 105, 70, 57, 109, 51, 63, 93, 49, 111, 106]","[""2025-04-11"", ""2025-03-28"", ""2025-02-24"", ""2025-04-11"", ""2025-02-25"", ""2025-04-15"", ""2025-04-17"", ""2025-03-07"", ""2025-02-25"", ""2025-04-17"", ""2025-03-30"", ""2025-04-15"", ""2025-02-27"", ""2025-02-24"", ""2025-04-01"", ""2025-03-23"", ""2025-02-27"", ""2025-04-09"", ""2025-04-16"", ""2025-03-12"", ""2025-04-16"", ""2025-03-12"", ""2025-02-27"", ""2025-04-20"", ""2025-02-21"", ""2025-03-05"", ""2025-04-04"", ""2025-02-19"", ""2025-04-22"", ""2025-04-17""]",2025-04-23
2025-04-25,3497.4835875750773,3939.2143728292135,29884.119274867953,15588.569110287917,0.9229678861616435,1.9571534026057649,15590.526263690523,25240.877351221283,11822.365972653204,9178.558731120376,32620.6231218916,12.199259499990148,0.0,30,main,"[75, 93, 100, 95, 84, 112, 88, 98, 103, 93, 50, 93, 111, 98, 90, 78, 72, 86, 95, 104, 65, 111, 83, 55, 74, 101, 104, 87, 86, 70]","[""2025-03-17"", ""2025-04-04"", ""2025-04-11"", ""2025-04-06"", ""2025-03-26"", ""2025-04-23"", ""2025-03-30"", ""2025-04-09"", ""2025-04-14"", ""2025-04-04"", ""2025-02-20"", ""2025-04-04"", ""2025-04-22"", ""2025-04-09"", ""2025-04-01"", ""2025-03-20"", ""2025-03-14"", ""2025-03-28"", ""2025-04-06"", ""2025-04-15"", ""2025-03-07"", ""2025-04-22"", ""2025-03-25"", ""2025-02-25"", ""2025-03-16"", ""2025-04-12"", ""2025-04-15"", ""2025-03-29"", ""2025-03-28"", ""2025-03-12""]",2025-04-24
2025-04-26,3939.2143728292135,8556.413378389814,32791.48797969791,15961.839870524951,153.1619113710617,591.157711658541,16552.997582183492,25456.411935530778,17171.395880001666,9753.35155779681,50455.4493879993,2.621699899988016,0.0,10,10_scenario,"[101, 101, 94, 74, 108, 96, 94, 96, 79, 90, 71, 109, 53, 102, 103, 64, 107, 69, 60, 89, 112, 61, 102, 98, 89, 100, 89, 94, 93, 65]","[""2025-04-12"", ""2025-04-12"", ""2025-04-05"", ""2025-03-16"", ""2025-04-19"", ""2025-04-07"", ""2025-04-05"", ""2025-04-07"", ""2025-03-21"", ""2025-04-01"", ""2025-03-13"", ""2025-04-20"", ""2025-02-23"", ""2025-04-13"", ""2025-04-14"", ""2025-03-06"", ""2025-04-18"", ""2025-03-11"", ""2025-03-02"", ""2025-03-31"", ""2025-04-23"", ""2025-03-03"", ""2025-04-13"", ""2025-04-09"", ""2025-03-31"", ""2025-04-11"", ""2025-03-31"", ""2025-04-05"", ""2025-04-04"", ""2025-03-07""]",2025-04-25
2025-04-27,8556.413378389814,7252.447672976957,53446.95002529126,31471.88855014811,2029.2817642141158,9028.560626943798,40500.449177091905,4680.311642011828,17873.77946858838,15651.330504428155,69470.2134121693,11.366659399995115,4.3615525518058023e-07,10,10_scenario,"[66, 92, 68, 87, 109, 98, 67, 62, 82, 107, 110, 73, 102, 74, 45, 89, 62, 62, 80, 91, 90, 105, 87, 90, 104, 97, 114, 108, 105, 84]","[""2025-03-08"", ""2025-04-03"", ""2025-03-10"", ""2025-03-29"", ""2025-04-20"", ""2025-04-09"", ""2025-03-09"", ""2025-03-04"", ""2025-03-24"", ""2025-04-18"", ""2025-04-21"", ""2025-03-15"", ""2025-04-13"", ""2025-03-16"", ""2025-02-15"", ""2025-03-31"", ""2025-03-04"", ""2025-03-04"", ""2025-03-22"", ""2025-04-02"", ""2025-04-01"", ""2025-04-16"", ""2025-03-29"", ""2025-04-01"", ""2025-04-15"", ""2025-04-08"", ""2025-04-25"", ""2025-04-19"", ""2025-04-16"", ""2025-03-26""]",2025-04-26
2025-04-28,7252.447672976957,7948.731580628815,58433.22680374288,34417.01364625203,3670.8790772851776,20144.821276500497,54561.83492275253,1630.7912520756113,16972.062081047967,13120.71476876218,71647.46202126211,10.941594000003533,4.3674384157291895e-08,10,10_scenario,"[67, 56, 114, 98, 115, 112, 107, 103, 106, 110, 96, 107, 111, 70, 81, 72, 112, 114, 94, 91, 104, 103, 112, 58, 103, 114, 63, 115, 101, 109]","[""2025-03-09"", ""2025-02-26"", ""2025-04-25"", ""2025-04-09"", ""2025-04-26"", ""2025-04-23"", ""2025-04-18"", ""2025-04-14"", ""2025-04-17"", ""2025-04-21"", ""2025-04-07"", ""2025-04-18"", ""2025-04-22"", ""2025-03-12"", ""2025-03-23"", ""2025-03-14"", ""2025-04-23"", ""2025-04-25"", ""2025-04-05"", ""2025-04-02"", ""2025-04-15"", ""2025-04-14"", ""2025-04-23"", ""2025-02-28"", ""2025-04-14"", ""2025-04-25"", ""2025-03-05"", ""2025-04-26"", ""2025-04-12"", ""2025-04-20""]",2025-04-27
2025-04-29,7948.731580628815,7324.441089736841,60386.90744829961,35329.68118893462,1011.0009167096676,4181.925042621841,39511.60623155646,11418.71623967731,16357.051844568807,13811.073435903509,73003.92933869688,2.6278893999988213,0.0,10,10_scenario,"[114, 111, 86, 114, 92, 113, 84, 102, 110, 110, 92, 87, 92, 104, 84, 110, 64, 54, 106, 80, 78, 115, 105, 90, 87, 113, 114, 89, 113, 54]","[""2025-04-25"", ""2025-04-22"", ""2025-03-28"", ""2025-04-25"", ""2025-04-03"", ""2025-04-24"", ""2025-03-26"", ""2025-04-13"", ""2025-04-21"", ""2025-04-21"", ""2025-04-03"", ""2025-03-29"", ""2025-04-03"", ""2025-04-15"", ""2025-03-26"", ""2025-04-21"", ""2025-03-06"", ""2025-02-24"", ""2025-04-17"", ""2025-03-22"", ""2025-03-20"", ""2025-04-26"", ""2025-04-16"", ""2025-04-01"", ""2025-03-29"", ""2025-04-24"", ""2025-04-25"", ""2025-03-31"", ""2025-04-24"", ""2025-02-24""]",2025-04-28
2025-04-30,7324.441089736841,7423.004868558481,58719.243621122965,34609.994730416765,479.1269043559374,1802.5413340103994,36412.536064427164,7525.80149794401,17510.564175063602,14094.84958086204,73267.15503911009,4.258336700004293,9.656985278410285e-07,10,10_scenario,"[115, 73, 56, 70, 75, 97, 111, 78, 104, 100, 109, 117, 75, 96, 56, 92, 114, 91, 107, 112, 98, 108, 95, 98, 79, 100, 113, 117, 68, 112]","[""2025-04-26"", ""2025-03-15"", ""2025-02-26"", ""2025-03-12"", ""2025-03-17"", ""2025-04-08"", ""2025-04-22"", ""2025-03-20"", ""2025-04-15"", ""2025-04-11"", ""2025-04-20"", ""2025-04-28"", ""2025-03-17"", ""2025-04-07"", ""2025-02-26"", ""2025-04-03"", ""2025-04-25"", ""2025-04-02"", ""2025-04-18"", ""2025-04-23"", ""2025-04-09"", ""2025-04-19"", ""2025-04-06"", ""2025-04-09"", ""2025-03-21"", ""2025-04-11"", ""2025-04-24"", ""2025-04-28"", ""2025-03-10"", ""2025-04-23""]",2025-04-29
2025-05-01,7423.004868558481,2585.8502777754175,51628.62276513605,31267.237840126265,3988.082210483325,18354.944108110074,49622.181948236335,6352.782821702462,13715.697292745668,15463.153938828746,50567.609952924206,4.394297699996969,4.835535448027619e-09,10,10_scenario,"[100, 92, 112, 100, 57, 111, 80, 89, 113, 106, 117, 117, 118, 94, 112, 104, 95, 117, 118, 105, 104, 85, 68, 56, 97, 107, 110, 63, 118, 97]","[""2025-04-11"", ""2025-04-03"", ""2025-04-23"", ""2025-04-11"", ""2025-02-27"", ""2025-04-22"", ""2025-03-22"", ""2025-03-31"", ""2025-04-24"", ""2025-04-17"", ""2025-04-28"", ""2025-04-28"", ""2025-04-29"", ""2025-04-05"", ""2025-04-23"", ""2025-04-15"", ""2025-04-06"", ""2025-04-28"", ""2025-04-29"", ""2025-04-16"", ""2025-04-15"", ""2025-03-27"", ""2025-03-10"", ""2025-02-26"", ""2025-04-08"", ""2025-04-18"", ""2025-04-21"", ""2025-03-05"", ""2025-04-29"", ""2025-04-08""]",2025-04-30
2025-05-02,2585.8502777754175,3344.3173473307793,31645.49333774567,16702.150785113663,408.7352894347242,1915.3595453237897,18617.510330437453,14499.036620707035,13590.797687053691,10325.925763913665,33966.20269130645,11.000534000020707,0.0,30,main,"[106, 96, 117, 102, 70, 102, 116, 102, 77, 86, 75, 71, 117, 99, 117, 107, 57, 58, 114, 119, 79, 109, 78, 119, 99, 64, 104, 96, 77, 108]","[""2025-04-17"", ""2025-04-07"", ""2025-04-28"", ""2025-04-13"", ""2025-03-12"", ""2025-04-13"", ""2025-04-27"", ""2025-04-13"", ""2025-03-19"", ""2025-03-28"", ""2025-03-17"", ""2025-03-13"", ""2025-04-28"", ""2025-04-10"", ""2025-04-28"", ""2025-04-18"", ""2025-02-27"", ""2025-02-28"", ""2025-04-25"", ""2025-04-30"", ""2025-03-21"", ""2025-04-20"", ""2025-03-20"", ""2025-04-30"", ""2025-04-10"", ""2025-03-06"", ""2025-04-15"", ""2025-04-07"", ""2025-03-19"", ""2025-04-19""]",2025-05-01
2025-05-03,3344.3173473307793,9033.756619606156,36385.48131790974,18383.27409522093,569.8479786216114,2849.425211130692,21232.699306351624,19404.39323158825,18754.047736290864,10070.283321347764,53000.38250754825,2.1378704000089783,5.545235348109863e-08,10,10_scenario,"[75, 99, 75, 95, 107, 111, 74, 105, 59, 91, 83, 106, 105, 84, 119, 78, 116, 74, 118, 90, 108, 98, 116, 110, 105, 116, 116, 59, 52, 98]","[""2025-03-17"", ""2025-04-10"", ""2025-03-17"", ""2025-04-06"", ""2025-04-18"", ""2025-04-22"", ""2025-03-16"", ""2025-04-16"", ""2025-03-01"", ""2025-04-02"", ""2025-03-25"", ""2025-04-17"", ""2025-04-16"", ""2025-03-26"", ""2025-04-30"", ""2025-03-20"", ""2025-04-27"", ""2025-03-16"", ""2025-04-29"", ""2025-04-01"", ""2025-04-19"", ""2025-04-09"", ""2025-04-27"", ""2025-04-21"", ""2025-04-16"", ""2025-04-27"", ""2025-04-27"", ""2025-03-01"", ""2025-02-22"", ""2025-04-09""]",2025-05-02
2025-05-04,9033.756619606156,7759.626686611532,58265.85541766482,34673.8320488404,1994.706806148436,9567.107891479558,44240.93994031996,6692.283179838205,15685.940264930901,13852.328554289197,73576.51514650689,3.7796579000132624,0.0,10,10_scenario,"[74, 114, 102, 75, 109, 121, 109, 77, 94, 78, 119, 121, 116, 107, 115, 110, 114, 117, 53, 68, 74, 92, 75, 111, 60, 68, 71, 100, 90, 95]","[""2025-03-16"", ""2025-04-25"", ""2025-04-13"", ""2025-03-17"", ""2025-04-20"", ""2025-05-02"", ""2025-04-20"", ""2025-03-19"", ""2025-04-05"", ""2025-03-20"", ""2025-04-30"", ""2025-05-02"", ""2025-04-27"", ""2025-04-18"", ""2025-04-26"", ""2025-04-21"", ""2025-04-25"", ""2025-04-28"", ""2025-02-23"", ""2025-03-10"", ""2025-03-16"", ""2025-04-03"", ""2025-03-17"", ""2025-04-22"", ""2025-03-02"", ""2025-03-10"", ""2025-03-13"", ""2025-04-11"", ""2025-04-01"", ""2025-04-06""]",2025-05-03
2025-05-05,7759.626686611532,7767.472966489686,66510.06901518283,39207.390964938866,1834.759664526581,8062.682127981091,47270.073092919956,9648.964192603353,19014.71597481962,15394.858287713554,80465.57493502271,17.702793900010874,6.593498232709792e-07,10,10_scenario,"[102, 119, 115, 117, 97, 111, 110, 97, 121, 90, 107, 61, 93, 111, 118, 105, 121, 117, 99, 97, 73, 95, 64, 115, 120, 74, 108, 74, 97, 120]","[""2025-04-13"", ""2025-04-30"", ""2025-04-26"", ""2025-04-28"", ""2025-04-08"", ""2025-04-22"", ""2025-04-21"", ""2025-04-08"", ""2025-05-02"", ""2025-04-01"", ""2025-04-18"", ""2025-03-03"", ""2025-04-04"", ""2025-04-22"", ""2025-04-29"", ""2025-04-16"", ""2025-05-02"", ""2025-04-28"", ""2025-04-10"", ""2025-04-08"", ""2025-03-15"", ""2025-04-06"", ""2025-03-06"", ""2025-04-26"", ""2025-05-01"", ""2025-03-16"", ""2025-04-19"", ""2025-03-16"", ""2025-04-08"", ""2025-05-01""]",2025-05-04
2025-05-06,7767.472966489686,7745.483960896951,60698.30615967385,36030.48291974379,2095.287045858181,9656.844330454478,45687.327250198265,6383.436360877033,18736.129384325257,15196.054906336925,76145.72362487443,5.573369899997488,0.0,10,10_scenario,"[77, 113, 122, 115, 91, 72, 112, 121, 100, 113, 112, 62, 104, 68, 76, 104, 104, 118, 120, 114, 113, 116, 118, 118, 78, 104, 119, 83, 117, 119]","[""2025-03-19"", ""2025-04-24"", ""2025-05-03"", ""2025-04-26"", ""2025-04-02"", ""2025-03-14"", ""2025-04-23"", ""2025-05-02"", ""2025-04-11"", ""2025-04-24"", ""2025-04-23"", ""2025-03-04"", ""2025-04-15"", ""2025-03-10"", ""2025-03-18"", ""2025-04-15"", ""2025-04-15"", ""2025-04-29"", ""2025-05-01"", ""2025-04-25"", ""2025-04-24"", ""2025-04-27"", ""2025-04-29"", ""2025-04-29"", ""2025-03-20"", ""2025-04-15"", ""2025-04-30"", ""2025-03-25"", ""2025-04-28"", ""2025-04-30""]",2025-05-05
2025-05-07,7745.483960896951,5784.147647977242,60958.554145188435,36793.680845793875,1894.597753280442,7651.144269839868,44444.82511563374,6359.652570754999,16793.97925969274,15368.325881978855,79274.91913223665,6.45267359999707,9.734905785384042e-07,10,10_scenario,"[100, 97, 120, 124, 68, 107, 93, 105, 103, 124, 92, 63, 123, 70, 91, 106, 124, 124, 92, 120, 82, 118, 107, 105, 95, 121, 123, 121, 109, 61]","[""2025-04-11"", ""2025-04-08"", ""2025-05-01"", ""2025-05-05"", ""2025-03-10"", ""2025-04-18"", ""2025-04-04"", ""2025-04-16"", ""2025-04-14"", ""2025-05-05"", ""2025-04-03"", ""2025-03-05"", ""2025-05-04"", ""2025-03-12"", ""2025-04-02"", ""2025-04-17"", ""2025-05-05"", ""2025-05-05"", ""2025-04-03"", ""2025-05-01"", ""2025-03-24"", ""2025-04-29"", ""2025-04-18"", ""2025-04-16"", ""2025-04-06"", ""2025-05-02"", ""2025-05-04"", ""2025-05-02"", ""2025-04-20"", ""2025-03-03""]",2025-05-06
2025-05-08,5784.147647977242,4372.324547750275,62691.41438938798,39480.11843223395,616.8087881217057,2848.2019321295356,42328.320364363484,5693.040096777232,16101.639320719602,14312.968639987148,62127.26444614178,11.98822649999056,6.680027095852794e-07,10,10_scenario,"[81, 112, 97, 77, 122, 120, 78, 120, 64, 93, 103, 113, 123, 97, 122, 122, 120, 70, 103, 111, 116, 92, 86, 87, 98, 82, 119, 125, 107, 83]","[""2025-03-23"", ""2025-04-23"", ""2025-04-08"", ""2025-03-19"", ""2025-05-03"", ""2025-05-01"", ""2025-03-20"", ""2025-05-01"", ""2025-03-06"", ""2025-04-04"", ""2025-04-14"", ""2025-04-24"", ""2025-05-04"", ""2025-04-08"", ""2025-05-03"", ""2025-05-03"", ""2025-05-01"", ""2025-03-12"", ""2025-04-14"", ""2025-04-22"", ""2025-04-27"", ""2025-04-03"", ""2025-03-28"", ""2025-03-29"", ""2025-04-09"", ""2025-03-24"", ""2025-04-30"", ""2025-05-06"", ""2025-04-18"", ""2025-03-25""]",2025-05-07
2025-05-09,4372.324547750275,5014.221335066593,34688.94451073496,19996.862331179174,8.995211810686897,19.232609151327665,20016.094940330502,23386.223846749035,11761.173248483838,8948.843222687225,42376.211480740814,14.844201999978395,0.0,30,main,"[87, 110, 103, 109, 114, 120, 120, 117, 119, 104, 107, 99, 119, 120, 113, 119, 116, 91, 123, 103, 94, 121, 76, 98, 89, 120, 117, 113, 75, 126]","[""2025-03-29"", ""2025-04-21"", ""2025-04-14"", ""2025-04-20"", ""2025-04-25"", ""2025-05-01"", ""2025-05-01"", ""2025-04-28"", ""2025-04-30"", ""2025-04-15"", ""2025-04-18"", ""2025-04-10"", ""2025-04-30"", ""2025-05-01"", ""2025-04-24"", ""2025-04-30"", ""2025-04-27"", ""2025-04-02"", ""2025-05-04"", ""2025-04-14"", ""2025-04-05"", ""2025-05-02"", ""2025-03-18"", ""2025-04-09"", ""2025-03-31"", ""2025-05-01"", ""2025-04-28"", ""2025-04-24"", ""2025-03-17"", ""2025-05-07""]",2025-05-08
2025-05-10,5014.221335066593,9163.37315338307,36392.64420476197,19671.248563078214,72.33371477518205,340.14812047930985,20011.396683557523,17416.581406576224,16805.8662796988,9878.5150500712,59572.97723723525,1.337528400006704,0.0,10,10_scenario,"[97, 116, 97, 78, 113, 78, 118, 115, 108, 123, 88, 91, 116, 76, 125, 124, 115, 116, 103, 127, 123, 82, 122, 117, 108, 115, 118, 75, 80, 103]","[""2025-04-08"", ""2025-04-27"", ""2025-04-08"", ""2025-03-20"", ""2025-04-24"", ""2025-03-20"", ""2025-04-29"", ""2025-04-26"", ""2025-04-19"", ""2025-05-04"", ""2025-03-30"", ""2025-04-02"", ""2025-04-27"", ""2025-03-18"", ""2025-05-06"", ""2025-05-05"", ""2025-04-26"", ""2025-04-27"", ""2025-04-14"", ""2025-05-08"", ""2025-05-04"", ""2025-03-24"", ""2025-05-03"", ""2025-04-28"", ""2025-04-19"", ""2025-04-26"", ""2025-04-29"", ""2025-03-17"", ""2025-03-22"", ""2025-04-14""]",2025-05-09
2025-05-11,9163.37315338307,6771.2765223971655,58860.09167505169,36062.493958596286,1276.0300390773775,4856.534707733577,40919.02866632986,3928.209057798335,15140.63442570903,14416.800852711633,80112.64289817814,7.703552400023909,3.383753732306083e-07,10,10_scenario,"[120, 107, 75, 74, 66, 109, 95, 123, 107, 93, 117, 119, 113, 118, 117, 88, 66, 76, 92, 121, 83, 95, 117, 116, 100, 115, 101, 100, 122, 111]","[""2025-05-01"", ""2025-04-18"", ""2025-03-17"", ""2025-03-16"", ""2025-03-08"", ""2025-04-20"", ""2025-04-06"", ""2025-05-04"", ""2025-04-18"", ""2025-04-04"", ""2025-04-28"", ""2025-04-30"", ""2025-04-24"", ""2025-04-29"", ""2025-04-28"", ""2025-03-30"", ""2025-03-08"", ""2025-03-18"", ""2025-04-03"", ""2025-05-02"", ""2025-03-25"", ""2025-04-06"", ""2025-04-28"", ""2025-04-27"", ""2025-04-11"", ""2025-04-26"", ""2025-04-12"", ""2025-04-11"", ""2025-05-03"", ""2025-04-22""]",2025-05-10
2025-05-12,6771.2765223971655,7902.589538328932,68421.81561976713,41486.400154687224,331.18764187776674,1167.356887758464,42653.757042445686,12601.835218647919,16851.53208065821,12631.55927099456,85389.96971764065,6.484102500020526,0.0,10,10_scenario,"[127, 128, 119, 108, 75, 105, 83, 116, 126, 126, 123, 104, 112, 94, 127, 118, 127, 96, 120, 106, 92, 121, 121, 125, 99, 118, 127, 70, 119, 129]","[""2025-05-08"", ""2025-05-09"", ""2025-04-30"", ""2025-04-19"", ""2025-03-17"", ""2025-04-16"", ""2025-03-25"", ""2025-04-27"", ""2025-05-07"", ""2025-05-07"", ""2025-05-04"", ""2025-04-15"", ""2025-04-23"", ""2025-04-05"", ""2025-05-08"", ""2025-04-29"", ""2025-05-08"", ""2025-04-07"", ""2025-05-01"", ""2025-04-17"", ""2025-04-03"", ""2025-05-02"", ""2025-05-02"", ""2025-05-06"", ""2025-04-10"", ""2025-04-29"", ""2025-05-08"", ""2025-03-12"", ""2025-04-30"", ""2025-05-10""]",2025-05-11
2025-05-13,7902.589538328932,5908.409334371187,65655.24440111313,39458.99512592096,239.7107991482195,1314.7777533394246,40773.77287926039,11547.780141728152,15856.444607518419,14638.48231565189,82110.88559551607,0.891546600003494,6.980730465067462e-07,10,10_scenario,"[111, 128, 117, 118, 117, 112, 110, 120, 110, 127, 78, 99, 101, 117, 105, 121, 91, 112, 93, 103, 118, 86, 92, 92, 128, 122, 118, 117, 130, 128]","[""2025-04-22"", ""2025-05-09"", ""2025-04-28"", ""2025-04-29"", ""2025-04-28"", ""2025-04-23"", ""2025-04-21"", ""2025-05-01"", ""2025-04-21"", ""2025-05-08"", ""2025-03-20"", ""2025-04-10"", ""2025-04-12"", ""2025-04-28"", ""2025-04-16"", ""2025-05-02"", ""2025-04-02"", ""2025-04-23"", ""2025-04-04"", ""2025-04-14"", ""2025-04-29"", ""2025-03-28"", ""2025-04-03"", ""2025-04-03"", ""2025-05-09"", ""2025-05-03"", ""2025-04-29"", ""2025-04-28"", ""2025-05-11"", ""2025-05-09""]",2025-05-12
2025-05-14,5908.409334371187,3824.176663963112,64258.433990918624,38765.28021639038,704.1664277278396,2680.1791379031615,41445.45935429355,10971.593905063224,15014.037545353593,14037.179815103676,83589.8189751847,16.115365999983624,0.0,10,10_scenario,"[108, 90, 128, 120, 131, 117, 89, 105, 105, 107, 110, 122, 107, 103, 119, 77, 112, 106, 95, 114, 120, 101, 96, 120, 114, 115, 115, 117, 75, 107]","[""2025-04-19"", ""2025-04-01"", ""2025-05-09"", ""2025-05-01"", ""2025-05-12"", ""2025-04-28"", ""2025-03-31"", ""2025-04-16"", ""2025-04-16"", ""2025-04-18"", ""2025-04-21"", ""2025-05-03"", ""2025-04-18"", ""2025-04-14"", ""2025-04-30"", ""2025-03-19"", ""2025-04-23"", ""2025-04-17"", ""2025-04-06"", ""2025-04-25"", ""2025-05-01"", ""2025-04-12"", ""2025-04-07"", ""2025-05-01"", ""2025-04-25"", ""2025-04-26"", ""2025-04-26"", ""2025-04-28"", ""2025-03-17"", ""2025-04-18""]",2025-05-13
2025-05-15,3824.176663963112,4019.335349372039,61867.77972281809,37363.662606173,1341.8426399742198,5206.835448670022,42570.49805484302,6938.0023462268655,17531.15219138989,14024.590458157774,58569.1818789158,5.886011399998097,1.0444207140035934e-07,10,10_scenario,"[78, 92, 132, 87, 125, 110, 103, 110, 104, 132, 115, 112, 83, 119, 114, 112, 88, 72, 99, 85, 123, 93, 119, 90, 124, 116, 131, 106, 96, 92]","[""2025-03-20"", ""2025-04-03"", ""2025-05-13"", ""2025-03-29"", ""2025-05-06"", ""2025-04-21"", ""2025-04-14"", ""2025-04-21"", ""2025-04-15"", ""2025-05-13"", ""2025-04-26"", ""2025-04-23"", ""2025-03-25"", ""2025-04-30"", ""2025-04-25"", ""2025-04-23"", ""2025-03-30"", ""2025-03-14"", ""2025-04-10"", ""2025-03-27"", ""2025-05-04"", ""2025-04-04"", ""2025-04-30"", ""2025-04-01"", ""2025-05-05"", ""2025-04-27"", ""2025-05-12"", ""2025-04-17"", ""2025-04-07"", ""2025-04-03""]",2025-05-14
2025-05-16,4019.335349372039,4526.746413717998,32664.691013676485,18411.9852176681,91.01199470520868,193.48527267415105,18605.470490342253,27476.502866765433,11089.598159850326,8525.904551567399,38861.629179867596,15.080466500017792,0.0,30,main,"[83, 70, 109, 133, 121, 124, 132, 107, 123, 130, 121, 93, 100, 93, 126, 132, 133, 113, 107, 121, 128, 127, 133, 71, 114, 118, 91, 132, 83, 103]","[""2025-03-25"", ""2025-03-12"", ""2025-04-20"", ""2025-05-14"", ""2025-05-02"", ""2025-05-05"", ""2025-05-13"", ""2025-04-18"", ""2025-05-04"", ""2025-05-11"", ""2025-05-02"", ""2025-04-04"", ""2025-04-11"", ""2025-04-04"", ""2025-05-07"", ""2025-05-13"", ""2025-05-14"", ""2025-04-24"", ""2025-04-18"", ""2025-05-02"", ""2025-05-09"", ""2025-05-08"", ""2025-05-14"", ""2025-03-13"", ""2025-04-25"", ""2025-04-29"", ""2025-04-02"", ""2025-05-13"", ""2025-03-25"", ""2025-04-14""]",2025-05-15
2025-05-17,4526.746413717998,9813.169047709183,36091.77405471943,18817.213492533367,149.96760861277266,548.150507580084,19365.36400011345,17537.308706715554,18409.755277322376,10154.121404039062,57608.24427455048,1.2172760000103153,0.0,10,10_scenario,"[100, 97, 93, 112, 96, 116, 111, 122, 129, 87, 73, 122, 123, 133, 130, 93, 133, 123, 130, 92, 115, 99, 117, 130, 92, 123, 101, 129, 81, 103]","[""2025-04-11"", ""2025-04-08"", ""2025-04-04"", ""2025-04-23"", ""2025-04-07"", ""2025-04-27"", ""2025-04-22"", ""2025-05-03"", ""2025-05-10"", ""2025-03-29"", ""2025-03-15"", ""2025-05-03"", ""2025-05-04"", ""2025-05-14"", ""2025-05-11"", ""2025-04-04"", ""2025-05-14"", ""2025-05-04"", ""2025-05-11"", ""2025-04-03"", ""2025-04-26"", ""2025-04-10"", ""2025-04-28"", ""2025-05-11"", ""2025-04-03"", ""2025-05-04"", ""2025-04-12"", ""2025-05-10"", ""2025-03-23"", ""2025-04-14""]",2025-05-16
2025-05-18,9813.169047709183,7619.017453486195,58536.2669008922,35614.06264214789,1712.2025122289037,6776.277350452354,42390.339992600246,5787.459900061169,14524.093936108553,13739.252523048612,78617.05474665014,26.446931000013137,0.0,10,10_scenario,"[125, 86, 135, 111, 120, 126, 94, 113, 107, 98, 109, 105, 97, 95, 74, 133, 106, 132, 118, 95, 113, 115, 121, 120, 101, 83, 122, 123, 114, 121]","[""2025-05-06"", ""2025-03-28"", ""2025-05-16"", ""2025-04-22"", ""2025-05-01"", ""2025-05-07"", ""2025-04-05"", ""2025-04-24"", ""2025-04-18"", ""2025-04-09"", ""2025-04-20"", ""2025-04-16"", ""2025-04-08"", ""2025-04-06"", ""2025-03-16"", ""2025-05-14"", ""2025-04-17"", ""2025-05-13"", ""2025-04-29"", ""2025-04-06"", ""2025-04-24"", ""2025-04-26"", ""2025-05-02"", ""2025-05-01"", ""2025-04-12"", ""2025-03-25"", ""2025-05-03"", ""2025-05-04"", ""2025-04-25"", ""2025-05-02""]",2025-05-17
2025-05-19,7619.017453486195,8828.714930324813,64684.324239892405,38411.37787189678,490.506779521639,2444.981923811605,40856.359795708384,13071.88916301118,18415.7767223585,13828.051415955631,79176.79685775172,6.114796000008937,0.0,10,10_scenario,"[133, 130, 131, 76, 124, 88, 131, 114, 135, 128, 78, 136, 104, 102, 135, 135, 133, 125, 126, 113, 122, 126, 84, 109, 96, 121, 134, 132, 86, 110]","[""2025-05-14"", ""2025-05-11"", ""2025-05-12"", ""2025-03-18"", ""2025-05-05"", ""2025-03-30"", ""2025-05-12"", ""2025-04-25"", ""2025-05-16"", ""2025-05-09"", ""2025-03-20"", ""2025-05-17"", ""2025-04-15"", ""2025-04-13"", ""2025-05-16"", ""2025-05-16"", ""2025-05-14"", ""2025-05-06"", ""2025-05-07"", ""2025-04-24"", ""2025-05-03"", ""2025-05-07"", ""2025-03-26"", ""2025-04-20"", ""2025-04-07"", ""2025-05-02"", ""2025-05-15"", ""2025-05-13"", ""2025-03-28"", ""2025-04-21""]",2025-05-18
2025-05-20,8828.714930324813,8353.01832233335,66196.3266226295,39811.36415341422,595.7975136141517,2207.773876102897,42019.13802951712,9519.204157526683,16703.432153908514,13957.906991858215,81161.57842973516,2.4258678999904078,0.0,10,10_scenario,"[117, 133, 130, 100, 125, 124, 125, 101, 135, 124, 93, 125, 137, 134, 133, 135, 130, 111, 84, 123, 134, 91, 102, 78, 129, 117, 108, 86, 102, 115]","[""2025-04-28"", ""2025-05-14"", ""2025-05-11"", ""2025-04-11"", ""2025-05-06"", ""2025-05-05"", ""2025-05-06"", ""2025-04-12"", ""2025-05-16"", ""2025-05-05"", ""2025-04-04"", ""2025-05-06"", ""2025-05-18"", ""2025-05-15"", ""2025-05-14"", ""2025-05-16"", ""2025-05-11"", ""2025-04-22"", ""2025-03-26"", ""2025-05-04"", ""2025-05-15"", ""2025-04-02"", ""2025-04-13"", ""2025-03-20"", ""2025-05-10"", ""2025-04-28"", ""2025-04-19"", ""2025-03-28"", ""2025-04-13"", ""2025-04-26""]",2025-05-19
2025-05-21,8353.01832233335,9100.743254781104,65814.58708008219,39400.30998966731,672.9288995215944,2400.330720512524,41800.64071017983,11227.930533757604,16968.514333209852,13071.544170697007,81830.85519156086,2.2495478999917395,9.936545553467917e-07,10,10_scenario,"[137, 133, 119, 120, 93, 105, 136, 120, 121, 105, 113, 129, 112, 134, 135, 122, 95, 119, 129, 96, 85, 137, 133, 132, 79, 121, 89, 122, 127, 131]","[""2025-05-18"", ""2025-05-14"", ""2025-04-30"", ""2025-05-01"", ""2025-04-04"", ""2025-04-16"", ""2025-05-17"", ""2025-05-01"", ""2025-05-02"", ""2025-04-16"", ""2025-04-24"", ""2025-05-10"", ""2025-04-23"", ""2025-05-15"", ""2025-05-16"", ""2025-05-03"", ""2025-04-06"", ""2025-04-30"", ""2025-05-10"", ""2025-04-07"", ""2025-03-27"", ""2025-05-18"", ""2025-05-14"", ""2025-05-13"", ""2025-03-21"", ""2025-05-02"", ""2025-03-31"", ""2025-05-03"", ""2025-05-08"", ""2025-05-12""]",2025-05-20
2025-05-22,9100.743254781104,3181.010471286218,57713.32005212615,36010.44114341326,162.82497781471687,779.9570557882715,36790.39819920153,10422.691199096646,10339.907996436643,13703.084982259079,59870.96196353039,1.727433399995789,0.0,10,10_scenario,"[109, 132, 129, 134, 124, 106, 124, 131, 90, 125, 97, 132, 137, 85, 137, 128, 135, 77, 128, 98, 132, 113, 103, 132, 139, 118, 120, 109, 108, 139]","[""2025-04-20"", ""2025-05-13"", ""2025-05-10"", ""2025-05-15"", ""2025-05-05"", ""2025-04-17"", ""2025-05-05"", ""2025-05-12"", ""2025-04-01"", ""2025-05-06"", ""2025-04-08"", ""2025-05-13"", ""2025-05-18"", ""2025-03-27"", ""2025-05-18"", ""2025-05-09"", ""2025-05-16"", ""2025-03-19"", ""2025-05-09"", ""2025-04-09"", ""2025-05-13"", ""2025-04-24"", ""2025-04-14"", ""2025-05-13"", ""2025-05-20"", ""2025-04-29"", ""2025-05-01"", ""2025-04-20"", ""2025-04-19"", ""2025-05-20""]",2025-05-21
2025-05-23,3181.010471286218,3540.6609871543956,31810.646338207433,17778.29202739532,2.2714302344847397,4.947175050707763,17783.239202446028,22949.425654104944,11151.882982748864,8709.339751745225,37514.57131244946,29.18403330000001,0.0,30,main,"[116, 99, 127, 116, 92, 111, 127, 131, 134, 139, 139, 140, 139, 130, 79, 110, 86, 139, 119, 140, 98, 77, 132, 124, 135, 127, 112, 126, 140, 139]","[""2025-04-27"", ""2025-04-10"", ""2025-05-08"", ""2025-04-27"", ""2025-04-03"", ""2025-04-22"", ""2025-05-08"", ""2025-05-12"", ""2025-05-15"", ""2025-05-20"", ""2025-05-20"", ""2025-05-21"", ""2025-05-20"", ""2025-05-11"", ""2025-03-21"", ""2025-04-21"", ""2025-03-28"", ""2025-05-20"", ""2025-04-30"", ""2025-05-21"", ""2025-04-09"", ""2025-03-19"", ""2025-05-13"", ""2025-05-05"", ""2025-05-16"", ""2025-05-08"", ""2025-04-23"", ""2025-05-07"", ""2025-05-21"", ""2025-05-20""]",2025-05-22
2025-05-24,3540.6609871543956,7597.271918959184,35008.500433748595,18854.603539874595,58.16799233609078,124.63148811855123,18979.235027993145,24758.1628097019,15279.233654869167,8725.229421819713,55256.27910778832,4.051040499994997,0.0,10,10_scenario,"[137, 122, 81, 117, 135, 137, 141, 122, 134, 137, 126, 128, 138, 129, 137, 106, 98, 140, 98, 132, 80, 134, 101, 111, 137, 128, 128, 138, 136, 109]","[""2025-05-18"", ""2025-05-03"", ""2025-03-23"", ""2025-04-28"", ""2025-05-16"", ""2025-05-18"", ""2025-05-22"", ""2025-05-03"", ""2025-05-15"", ""2025-05-18"", ""2025-05-07"", ""2025-05-09"", ""2025-05-19"", ""2025-05-10"", ""2025-05-18"", ""2025-04-17"", ""2025-04-09"", ""2025-05-21"", ""2025-04-09"", ""2025-05-13"", ""2025-03-22"", ""2025-05-15"", ""2025-04-12"", ""2025-04-22"", ""2025-05-18"", ""2025-05-09"", ""2025-05-09"", ""2025-05-19"", ""2025-05-17"", ""2025-04-20""]",2025-05-23
2025-05-25,7597.271918959184,8175.758994745728,58810.930504779746,34724.37778007186,1754.1149786434667,7891.740246662839,42616.1180267347,8170.976539224983,17518.00206661584,13668.943305750941,73745.200687805,2.285872599983122,8.580891098053797e-07,10,10_scenario,"[112, 137, 115, 123, 131, 92, 142, 139, 127, 111, 140, 128, 111, 124, 119, 134, 123, 141, 142, 116, 129, 106, 96, 111, 137, 115, 117, 98, 137, 113]","[""2025-04-23"", ""2025-05-18"", ""2025-04-26"", ""2025-05-04"", ""2025-05-12"", ""2025-04-03"", ""2025-05-23"", ""2025-05-20"", ""2025-05-08"", ""2025-04-22"", ""2025-05-21"", ""2025-05-09"", ""2025-04-22"", ""2025-05-05"", ""2025-04-30"", ""2025-05-15"", ""2025-05-04"", ""2025-05-22"", ""2025-05-23"", ""2025-04-27"", ""2025-05-10"", ""2025-04-17"", ""2025-04-07"", ""2025-04-22"", ""2025-05-18"", ""2025-04-26"", ""2025-04-28"", ""2025-04-09"", ""2025-05-18"", ""2025-04-24""]",2025-05-24
2025-05-26,8175.758994745728,7088.549025560396,63388.16112653495,38427.70998153429,343.0854249156034,1195.396126812943,39623.10610834723,7005.331897185676,16445.108823850947,14299.02711958607,79822.08987213203,1.5994528000010177,9.983251977142771e-07,10,10_scenario,"[133, 124, 139, 83, 120, 124, 109, 140, 117, 100, 142, 101, 127, 141, 122, 141, 141, 141, 124, 137, 128, 126, 134, 134, 105, 126, 131, 134, 109, 118]","[""2025-05-14"", ""2025-05-05"", ""2025-05-20"", ""2025-03-25"", ""2025-05-01"", ""2025-05-05"", ""2025-04-20"", ""2025-05-21"", ""2025-04-28"", ""2025-04-11"", ""2025-05-23"", ""2025-04-12"", ""2025-05-08"", ""2025-05-22"", ""2025-05-03"", ""2025-05-22"", ""2025-05-22"", ""2025-05-22"", ""2025-05-05"", ""2025-05-18"", ""2025-05-09"", ""2025-05-07"", ""2025-05-15"", ""2025-05-15"", ""2025-04-16"", ""2025-05-07"", ""2025-05-12"", ""2025-05-15"", ""2025-04-20"", ""2025-04-29""]",2025-05-25
2025-05-27,7088.549025560396,7386.316809026846,65042.021530531354,38788.03576668473,270.5653345383021,848.787921130732,39636.82368781546,12393.377272341833,17162.375197936963,13633.532905209135,80441.7376614475,26.79466169999796,4.0815418367420105e-07,30,main,"[139, 139, 139, 141, 100, 116, 125, 131, 143, 142, 142, 127, 98, 132, 141, 108, 110, 141, 118, 134, 140, 82, 116, 103, 98, 85, 99, 140, 128, 93]","[""2025-05-20"", ""2025-05-20"", ""2025-05-20"", ""2025-05-22"", ""2025-04-11"", ""2025-04-27"", ""2025-05-06"", ""2025-05-12"", ""2025-05-24"", ""2025-05-23"", ""2025-05-23"", ""2025-05-08"", ""2025-04-09"", ""2025-05-13"", ""2025-05-22"", ""2025-04-19"", ""2025-04-21"", ""2025-05-22"", ""2025-04-29"", ""2025-05-15"", ""2025-05-21"", ""2025-03-24"", ""2025-04-27"", ""2025-04-14"", ""2025-04-09"", ""2025-03-27"", ""2025-04-10"", ""2025-05-21"", ""2025-05-09"", ""2025-04-04""]",2025-05-26
2025-05-28,7386.316809026846,6857.581858760806,62887.54407253911,38047.680722374025,347.3348043376897,1285.3159664316518,39332.99668880568,8212.878769110363,16968.61822634671,14220.442218580274,79964.8830597446,19.34757109999191,7.406881682693872e-07,30,main,"[144, 125, 121, 141, 118, 93, 143, 143, 144, 138, 137, 140, 113, 120, 138, 145, 143, 127, 120, 102, 144, 111, 107, 103, 114, 120, 100, 91, 112, 111]","[""2025-05-25"", ""2025-05-06"", ""2025-05-02"", ""2025-05-22"", ""2025-04-29"", ""2025-04-04"", ""2025-05-24"", ""2025-05-24"", ""2025-05-25"", ""2025-05-19"", ""2025-05-18"", ""2025-05-21"", ""2025-04-24"", ""2025-05-01"", ""2025-05-19"", ""2025-05-26"", ""2025-05-24"", ""2025-05-08"", ""2025-05-01"", ""2025-04-13"", ""2025-05-25"", ""2025-04-22"", ""2025-04-18"", ""2025-04-14"", ""2025-04-25"", ""2025-05-01"", ""2025-04-11"", ""2025-04-02"", ""2025-04-23"", ""2025-04-22""]",2025-05-27
2025-05-29,6857.581858760806,3408.9765399957587,59671.63362437574,36730.569038318485,934.8867432946337,4324.619607804852,41055.18864612334,6984.686785698802,13765.551941369049,14253.841859397478,58685.667468908585,3.128576500021154,0.0,10,10_scenario,"[140, 84, 130, 143, 143, 140, 131, 145, 130, 115, 140, 125, 128, 115, 140, 145, 111, 105, 144, 143, 113, 84, 102, 141, 102, 137, 146, 145, 116, 126]","[""2025-05-21"", ""2025-03-26"", ""2025-05-11"", ""2025-05-24"", ""2025-05-24"", ""2025-05-21"", ""2025-05-12"", ""2025-05-26"", ""2025-05-11"", ""2025-04-26"", ""2025-05-21"", ""2025-05-06"", ""2025-05-09"", ""2025-04-26"", ""2025-05-21"", ""2025-05-26"", ""2025-04-22"", ""2025-04-16"", ""2025-05-25"", ""2025-05-24"", ""2025-04-24"", ""2025-03-26"", ""2025-04-13"", ""2025-05-22"", ""2025-04-13"", ""2025-05-18"", ""2025-05-27"", ""2025-05-26"", ""2025-04-27"", ""2025-05-07""]",2025-05-28
2025-05-30,3408.9765399957587,3360.1187222222225,30951.557809130645,17224.151111780804,18.697937318764918,40.54273763522953,17264.693849416035,22376.54378944881,10744.4775070006,8746.998816666666,36880.8570058071,10.702776599995559,0.0,30,main,"[129, 120, 147, 135, 104, 133, 117, 118, 141, 84, 142, 115, 127, 132, 141, 99, 119, 97, 110, 109, 145, 90, 147, 86, 132, 147, 84, 128, 141, 138]","[""2025-05-10"", ""2025-05-01"", ""2025-05-28"", ""2025-05-16"", ""2025-04-15"", ""2025-05-14"", ""2025-04-28"", ""2025-04-29"", ""2025-05-22"", ""2025-03-26"", ""2025-05-23"", ""2025-04-26"", ""2025-05-08"", ""2025-05-13"", ""2025-05-22"", ""2025-04-10"", ""2025-04-30"", ""2025-04-08"", ""2025-04-21"", ""2025-04-20"", ""2025-05-26"", ""2025-04-01"", ""2025-05-28"", ""2025-03-28"", ""2025-05-13"", ""2025-05-28"", ""2025-03-26"", ""2025-05-09"", ""2025-05-22"", ""2025-05-19""]",2025-05-29
2025-05-31,3360.1187222222225,6528.329053775989,32709.592385492368,17198.884716328845,277.8929183434827,796.6561394181567,17995.540855747,18852.84091379053,15231.966008668067,9486.503168622745,55397.5482434303,28.813758100004634,7.474198855370815e-07,30,main,"[108, 130, 132, 143, 143, 101, 107, 147, 105, 144, 133, 118, 129, 119, 142, 143, 126, 111, 139, 146, 94, 109, 146, 80, 146, 106, 136, 131, 139, 115]","[""2025-04-19"", ""2025-05-11"", ""2025-05-13"", ""2025-05-24"", ""2025-05-24"", ""2025-04-12"", ""2025-04-18"", ""2025-05-28"", ""2025-04-16"", ""2025-05-25"", ""2025-05-14"", ""2025-04-29"", ""2025-05-10"", ""2025-04-30"", ""2025-05-23"", ""2025-05-24"", ""2025-05-07"", ""2025-04-22"", ""2025-05-20"", ""2025-05-27"", ""2025-04-05"", ""2025-04-20"", ""2025-05-27"", ""2025-03-22"", ""2025-05-27"", ""2025-04-17"", ""2025-05-17"", ""2025-05-12"", ""2025-05-20"", ""2025-04-26""]",2025-05-30
2025-06-01,6528.329053775989,7436.537208274393,62022.91000056435,37335.35458100515,13038.661871935401,65590.10715808143,102925.46173908658,223.9073024822566,14712.899636678601,11100.061366661106,79480.21922347679,1.6547054999973625,0.0,10,10_scenario,"[106, 126, 123, 136, 149, 123, 108, 129, 116, 136, 143, 140, 129, 139, 141, 126, 119, 133, 148, 88, 118, 146, 98, 80, 135, 121, 107, 107, 140, 102]","[""2025-04-17"", ""2025-05-07"", ""2025-05-04"", ""2025-05-17"", ""2025-05-30"", ""2025-05-04"", ""2025-04-19"", ""2025-05-10"", ""2025-04-27"", ""2025-05-17"", ""2025-05-24"", ""2025-05-21"", ""2025-05-10"", ""2025-05-20"", ""2025-05-22"", ""2025-05-07"", ""2025-04-30"", ""2025-05-14"", ""2025-05-29"", ""2025-03-30"", ""2025-04-29"", ""2025-05-27"", ""2025-04-09"", ""2025-03-22"", ""2025-05-16"", ""2025-05-02"", ""2025-04-18"", ""2025-04-18"", ""2025-05-21"", ""2025-04-13""]",2025-05-31
2025-06-02,7436.537208274393,6246.437747091633,70524.3028364606,42311.59895175908,6604.084606627453,28766.049631703278,71077.64858346236,6130.206731091693,18044.540931899224,15687.167669902858,88674.63941937455,9.894291300006444,7.490955858899798e-07,10,10_scenario,"[142, 149, 137, 116, 105, 149, 125, 130, 131, 147, 135, 148, 146, 138, 102, 148, 139, 139, 146, 143, 146, 147, 114, 126, 147, 108, 117, 144, 123, 113]","[""2025-05-23"", ""2025-05-30"", ""2025-05-18"", ""2025-04-27"", ""2025-04-16"", ""2025-05-30"", ""2025-05-06"", ""2025-05-11"", ""2025-05-12"", ""2025-05-28"", ""2025-05-16"", ""2025-05-29"", ""2025-05-27"", ""2025-05-19"", ""2025-04-13"", ""2025-05-29"", ""2025-05-20"", ""2025-05-20"", ""2025-05-27"", ""2025-05-24"", ""2025-05-27"", ""2025-05-28"", ""2025-04-25"", ""2025-05-07"", ""2025-05-28"", ""2025-04-19"", ""2025-04-28"", ""2025-05-25"", ""2025-05-04"", ""2025-04-24""]",2025-06-01
2025-06-03,6246.437747091633,6754.3190870627295,71500.55622418216,42549.90960824517,4811.056395353178,22495.719804839577,65045.62941308475,3675.3166304101724,20983.347104304474,16539.417948512637,87428.1508424118,4.850873299990781,7.493884823310606e-07,10,10_scenario,"[147, 117, 128, 131, 128, 127, 146, 134, 107, 110, 140, 128, 105, 112, 139, 129, 146, 136, 119, 147, 135, 130, 140, 117, 149, 146, 127, 110, 148, 145]","[""2025-05-28"", ""2025-04-28"", ""2025-05-09"", ""2025-05-12"", ""2025-05-09"", ""2025-05-08"", ""2025-05-27"", ""2025-05-15"", ""2025-04-18"", ""2025-04-21"", ""2025-05-21"", ""2025-05-09"", ""2025-04-16"", ""2025-04-23"", ""2025-05-20"", ""2025-05-10"", ""2025-05-27"", ""2025-05-17"", ""2025-04-30"", ""2025-05-28"", ""2025-05-16"", ""2025-05-11"", ""2025-05-21"", ""2025-04-28"", ""2025-05-30"", ""2025-05-27"", ""2025-05-08"", ""2025-04-21"", ""2025-05-29"", ""2025-05-26""]",2025-06-02
2025-06-04,6754.3190870627295,7880.449135774448,75886.90137560664,45684.18312183983,3719.542240721069,15073.451636509593,60757.63475834942,5194.891189996986,19751.445083281666,14985.153473617602,93884.43194286342,3.4396581999899354,0.0,10,10_scenario,"[125, 145, 99, 143, 135, 148, 145, 145, 98, 152, 89, 121, 103, 146, 141, 150, 151, 126, 142, 127, 127, 110, 134, 131, 150, 145, 141, 112, 114, 125]","[""2025-05-06"", ""2025-05-26"", ""2025-04-10"", ""2025-05-24"", ""2025-05-16"", ""2025-05-29"", ""2025-05-26"", ""2025-05-26"", ""2025-04-09"", ""2025-06-02"", ""2025-03-31"", ""2025-05-02"", ""2025-04-14"", ""2025-05-27"", ""2025-05-22"", ""2025-05-31"", ""2025-06-01"", ""2025-05-07"", ""2025-05-23"", ""2025-05-08"", ""2025-05-08"", ""2025-04-21"", ""2025-05-15"", ""2025-05-12"", ""2025-05-31"", ""2025-05-26"", ""2025-05-22"", ""2025-04-23"", ""2025-04-25"", ""2025-05-06""]",2025-06-03
2025-06-05,7880.449135774448,3450.0,69650.55904817834,43137.36744378782,4285.220125107294,17177.307167777428,60314.67461156525,3850.2018801597947,15387.702624506172,16451.443348047003,71520.40437499118,2.848578799981624,0.0,10,10_scenario,"[142, 122, 153, 115, 120, 149, 142, 90, 147, 145, 96, 113, 128, 147, 146, 145, 122, 130, 112, 153, 152, 145, 126, 147, 138, 140, 145, 149, 144, 148]","[""2025-05-23"", ""2025-05-03"", ""2025-06-03"", ""2025-04-26"", ""2025-05-01"", ""2025-05-30"", ""2025-05-23"", ""2025-04-01"", ""2025-05-28"", ""2025-05-26"", ""2025-04-07"", ""2025-04-24"", ""2025-05-09"", ""2025-05-28"", ""2025-05-27"", ""2025-05-26"", ""2025-05-03"", ""2025-05-11"", ""2025-04-23"", ""2025-06-03"", ""2025-06-02"", ""2025-05-26"", ""2025-05-07"", ""2025-05-28"", ""2025-05-19"", ""2025-05-21"", ""2025-05-26"", ""2025-05-30"", ""2025-05-25"", ""2025-05-29""]",2025-06-04
2025-06-06,3450.0,5399.86295195894,45121.187365238984,25193.940702780194,629.361235360061,2644.7090690486407,27838.649771828834,10323.251443082296,14828.553161861613,10256.251404344861,49685.95085391528,11.202572200010763,0.0,30,main,"[125, 153, 154, 108, 105, 145, 112, 140, 152, 154, 126, 116, 139, 130, 135, 144, 149, 134, 147, 104, 127, 144, 153, 128, 131, 128, 152, 153, 135, 99]","[""2025-05-06"", ""2025-06-03"", ""2025-06-04"", ""2025-04-19"", ""2025-04-16"", ""2025-05-26"", ""2025-04-23"", ""2025-05-21"", ""2025-06-02"", ""2025-06-04"", ""2025-05-07"", ""2025-04-27"", ""2025-05-20"", ""2025-05-11"", ""2025-05-16"", ""2025-05-25"", ""2025-05-30"", ""2025-05-15"", ""2025-05-28"", ""2025-04-15"", ""2025-05-08"", ""2025-05-25"", ""2025-06-03"", ""2025-05-09"", ""2025-05-12"", ""2025-05-09"", ""2025-06-02"", ""2025-06-03"", ""2025-05-16"", ""2025-04-10""]",2025-06-05
2025-06-07,5399.86295195894,8066.556679968422,51249.403074626054,28451.662281856195,147.35511499767716,528.3313800270616,28979.993661883258,15003.654466981548,15087.19053035256,9820.59997437704,85387.589430425,20.174342399986926,7.02949617631541e-07,30,main,"[126, 117, 102, 119, 139, 146, 124, 151, 126, 121, 152, 147, 141, 103, 152, 124, 143, 117, 151, 130, 117, 124, 100, 153, 129, 134, 132, 151, 151, 144]","[""2025-05-07"", ""2025-04-28"", ""2025-04-13"", ""2025-04-30"", ""2025-05-20"", ""2025-05-27"", ""2025-05-05"", ""2025-06-01"", ""2025-05-07"", ""2025-05-02"", ""2025-06-02"", ""2025-05-28"", ""2025-05-22"", ""2025-04-14"", ""2025-06-02"", ""2025-05-05"", ""2025-05-24"", ""2025-04-28"", ""2025-06-01"", ""2025-05-11"", ""2025-04-28"", ""2025-05-05"", ""2025-04-11"", ""2025-06-03"", ""2025-05-10"", ""2025-05-15"", ""2025-05-13"", ""2025-06-01"", ""2025-06-01"", ""2025-05-25""]",2025-06-06
2025-06-08,8066.556679968422,7416.272548442465,80650.12273626993,49915.786371030874,980.8859038508007,4129.749966482454,54045.53633751333,14108.523110711376,15383.252532189823,13045.69026944712,108744.05467324653,6.449497599998722,5.891876124385938e-07,10,10_scenario,"[115, 109, 94, 156, 153, 146, 130, 146, 140, 132, 130, 155, 154, 101, 106, 130, 137, 126, 150, 109, 135, 114, 112, 148, 126, 150, 127, 151, 135, 140]","[""2025-04-26"", ""2025-04-20"", ""2025-04-05"", ""2025-06-06"", ""2025-06-03"", ""2025-05-27"", ""2025-05-11"", ""2025-05-27"", ""2025-05-21"", ""2025-05-13"", ""2025-05-11"", ""2025-06-05"", ""2025-06-04"", ""2025-04-12"", ""2025-04-17"", ""2025-05-11"", ""2025-05-18"", ""2025-05-07"", ""2025-05-31"", ""2025-04-20"", ""2025-05-16"", ""2025-04-25"", ""2025-04-23"", ""2025-05-29"", ""2025-05-07"", ""2025-05-31"", ""2025-05-08"", ""2025-06-01"", ""2025-05-16"", ""2025-05-21""]",2025-06-07
2025-06-09,7416.272548442465,6061.048952153075,80104.88393470565,50053.35784225352,899.7168362777045,3692.8886875477147,53746.24652980124,7703.437678241376,18885.008400363695,16516.558040955046,109426.15182457496,9.347047399991425,8.239737013500084e-07,10,10_scenario,"[141, 139, 123, 116, 145, 154, 122, 111, 146, 141, 150, 154, 152, 148, 153, 135, 139, 142, 140, 133, 153, 112, 154, 149, 112, 149, 120, 141, 130, 107]","[""2025-05-22"", ""2025-05-20"", ""2025-05-04"", ""2025-04-27"", ""2025-05-26"", ""2025-06-04"", ""2025-05-03"", ""2025-04-22"", ""2025-05-27"", ""2025-05-22"", ""2025-05-31"", ""2025-06-04"", ""2025-06-02"", ""2025-05-29"", ""2025-06-03"", ""2025-05-16"", ""2025-05-20"", ""2025-05-23"", ""2025-05-21"", ""2025-05-14"", ""2025-06-03"", ""2025-04-23"", ""2025-06-04"", ""2025-05-30"", ""2025-04-23"", ""2025-05-30"", ""2025-05-01"", ""2025-05-22"", ""2025-05-11"", ""2025-04-18""]",2025-06-08
2025-06-10,6061.048952153075,7768.372832867714,85953.16482332213,53466.24854278416,354.30732510948724,1469.3852207428718,54935.63376352703,9183.19781832266,20890.729495433978,15384.89939865835,112263.19983281598,3.6319090999895707,7.978154400664809e-07,10,10_scenario,"[128, 154, 147, 144, 111, 138, 128, 152, 148, 147, 149, 156, 147, 151, 153, 149, 149, 141, 115, 156, 97, 107, 156, 158, 140, 155, 118, 124, 139, 112]","[""2025-05-09"", ""2025-06-04"", ""2025-05-28"", ""2025-05-25"", ""2025-04-22"", ""2025-05-19"", ""2025-05-09"", ""2025-06-02"", ""2025-05-29"", ""2025-05-28"", ""2025-05-30"", ""2025-06-06"", ""2025-05-28"", ""2025-06-01"", ""2025-06-03"", ""2025-05-30"", ""2025-05-30"", ""2025-05-22"", ""2025-04-26"", ""2025-06-06"", ""2025-04-08"", ""2025-04-18"", ""2025-06-06"", ""2025-06-08"", ""2025-05-21"", ""2025-06-05"", ""2025-04-29"", ""2025-05-05"", ""2025-05-20"", ""2025-04-23""]",2025-06-09
2025-06-11,7768.372832867714,7250.562988488413,86756.40940823473,55116.285839495176,846.7735084760329,4032.997000966258,59149.282840461434,8170.510556767906,20075.025806408215,16726.79976313203,114036.34260622268,3.9093695000046864,4.653327951805989e-07,10,10_scenario,"[152, 121, 158, 100, 146, 153, 139, 132, 153, 139, 127, 124, 142, 120, 153, 143, 127, 151, 159, 150, 147, 142, 141, 142, 156, 146, 159, 140, 130, 131]","[""2025-06-02"", ""2025-05-02"", ""2025-06-08"", ""2025-04-11"", ""2025-05-27"", ""2025-06-03"", ""2025-05-20"", ""2025-05-13"", ""2025-06-03"", ""2025-05-20"", ""2025-05-08"", ""2025-05-05"", ""2025-05-23"", ""2025-05-01"", ""2025-06-03"", ""2025-05-24"", ""2025-05-08"", ""2025-06-01"", ""2025-06-09"", ""2025-05-31"", ""2025-05-28"", ""2025-05-23"", ""2025-05-22"", ""2025-05-23"", ""2025-06-06"", ""2025-05-27"", ""2025-06-09"", ""2025-05-21"", ""2025-05-11"", ""2025-05-12""]",2025-06-10
2025-06-12,7250.562988488413,7067.95373188984,86285.20847169291,54131.89707611941,498.14357609567696,2082.7333633951307,56214.630439514534,10834.849718462878,19265.574878584725,15769.463982592344,91882.2651375291,15.065967300004559,9.049745466035942e-07,10,10_scenario,"[113, 152, 154, 135, 146, 99, 159, 125, 146, 110, 159, 153, 156, 138, 159, 106, 127, 114, 156, 156, 156, 134, 160, 160, 146, 143, 160, 153, 146, 144]","[""2025-04-24"", ""2025-06-02"", ""2025-06-04"", ""2025-05-16"", ""2025-05-27"", ""2025-04-10"", ""2025-06-09"", ""2025-05-06"", ""2025-05-27"", ""2025-04-21"", ""2025-06-09"", ""2025-06-03"", ""2025-06-06"", ""2025-05-19"", ""2025-06-09"", ""2025-04-17"", ""2025-05-08"", ""2025-04-25"", ""2025-06-06"", ""2025-06-06"", ""2025-06-06"", ""2025-05-15"", ""2025-06-10"", ""2025-06-10"", ""2025-05-27"", ""2025-05-24"", ""2025-06-10"", ""2025-06-03"", ""2025-05-27"", ""2025-05-25""]",2025-06-11
2025-06-13,7067.95373188984,7787.198768326651,51084.42658121823,29614.76702036383,0.7140000658973804,1.5265321408885992,29616.293552504718,19710.55951658133,12536.562273208818,9507.294908506014,59541.50386288364,1.796980299986899,7.653192158420379e-08,10,10_scenario,"[160, 134, 149, 159, 161, 103, 132, 160, 149, 147, 144, 159, 154, 136, 160, 104, 153, 159, 161, 104, 157, 116, 136, 153, 156, 155, 128, 159, 152, 156]","[""2025-06-10"", ""2025-05-15"", ""2025-05-30"", ""2025-06-09"", ""2025-06-11"", ""2025-04-14"", ""2025-05-13"", ""2025-06-10"", ""2025-05-30"", ""2025-05-28"", ""2025-05-25"", ""2025-06-09"", ""2025-06-04"", ""2025-05-17"", ""2025-06-10"", ""2025-04-15"", ""2025-06-03"", ""2025-06-09"", ""2025-06-11"", ""2025-04-15"", ""2025-06-07"", ""2025-04-27"", ""2025-05-17"", ""2025-06-03"", ""2025-06-06"", ""2025-06-05"", ""2025-05-09"", ""2025-06-09"", ""2025-06-02"", ""2025-06-06""]",2025-06-12
2025-06-14,7787.198768326651,9161.416888888889,49324.485271515216,28544.64514693893,3.386353036749483,7.321295265452382,28551.966442204382,19461.234482157703,12823.67412572759,9150.379733333333,82296.2210116116,4.47961330000544,6.671842483326767e-07,10,10_scenario,"[154, 158, 120, 112, 125, 146, 94, 141, 153, 159, 110, 124, 137, 161, 157, 134, 108, 95, 152, 101, 149, 147, 94, 161, 156, 127, 138, 155, 162, 120]","[""2025-06-04"", ""2025-06-08"", ""2025-05-01"", ""2025-04-23"", ""2025-05-06"", ""2025-05-27"", ""2025-04-05"", ""2025-05-22"", ""2025-06-03"", ""2025-06-09"", ""2025-04-21"", ""2025-05-05"", ""2025-05-18"", ""2025-06-11"", ""2025-06-07"", ""2025-05-15"", ""2025-04-19"", ""2025-04-06"", ""2025-06-02"", ""2025-04-12"", ""2025-05-30"", ""2025-05-28"", ""2025-04-05"", ""2025-06-11"", ""2025-06-06"", ""2025-05-08"", ""2025-05-19"", ""2025-06-05"", ""2025-06-12"", ""2025-05-01""]",2025-06-13
2025-06-15,9161.416888888889,6704.745428228545,70945.94201498604,43864.16793024677,3049.5981942590706,14550.659836592324,58414.827766839095,2215.9490430948863,17703.26919690101,16550.652364084126,100959.43512089245,3.3867122999799903,0.0,10,10_scenario,"[141, 143, 160, 115, 133, 124, 158, 146, 141, 162, 132, 112, 121, 161, 135, 138, 151, 157, 141, 138, 150, 142, 154, 155, 154, 163, 128, 136, 158, 161]","[""2025-05-22"", ""2025-05-24"", ""2025-06-10"", ""2025-04-26"", ""2025-05-14"", ""2025-05-05"", ""2025-06-08"", ""2025-05-27"", ""2025-05-22"", ""2025-06-12"", ""2025-05-13"", ""2025-04-23"", ""2025-05-02"", ""2025-06-11"", ""2025-05-16"", ""2025-05-19"", ""2025-06-01"", ""2025-06-07"", ""2025-05-22"", ""2025-05-19"", ""2025-05-31"", ""2025-05-23"", ""2025-06-04"", ""2025-06-05"", ""2025-06-04"", ""2025-06-13"", ""2025-05-09"", ""2025-05-17"", ""2025-06-08"", ""2025-06-11""]",2025-06-14
2025-06-16,6704.745428228545,8626.27600268669,88897.8966040255,55699.217916661604,282.22505309516237,975.9593488108696,56675.17726547248,10677.628794338309,21468.75015317563,15660.310107059937,115401.75611277383,20.591352100018412,9.895322784822665e-07,10,10_scenario,"[146, 152, 156, 163, 153, 148, 158, 147, 120, 145, 144, 153, 121, 149, 160, 122, 148, 159, 128, 158, 141, 118, 148, 122, 143, 142, 146, 161, 111, 161]","[""2025-05-27"", ""2025-06-02"", ""2025-06-06"", ""2025-06-13"", ""2025-06-03"", ""2025-05-29"", ""2025-06-08"", ""2025-05-28"", ""2025-05-01"", ""2025-05-26"", ""2025-05-25"", ""2025-06-03"", ""2025-05-02"", ""2025-05-30"", ""2025-06-10"", ""2025-05-03"", ""2025-05-29"", ""2025-06-09"", ""2025-05-09"", ""2025-06-08"", ""2025-05-22"", ""2025-04-29"", ""2025-05-29"", ""2025-05-03"", ""2025-05-24"", ""2025-05-23"", ""2025-05-27"", ""2025-06-11"", ""2025-04-22"", ""2025-06-11""]",2025-06-15
2025-06-17,8626.27600268669,6769.839390606694,84820.5347746726,53203.055361900646,1482.7363320880986,6423.626723077127,59626.68208497777,9963.400520329265,17756.06484545671,16053.20547569193,113101.36037287774,11.241541700001108,9.43312044803911e-07,10,10_scenario,"[139, 132, 138, 160, 105, 155, 117, 157, 135, 148, 150, 122, 142, 157, 107, 127, 153, 160, 134, 112, 110, 152, 140, 165, 131, 110, 147, 162, 158, 120]","[""2025-05-20"", ""2025-05-13"", ""2025-05-19"", ""2025-06-10"", ""2025-04-16"", ""2025-06-05"", ""2025-04-28"", ""2025-06-07"", ""2025-05-16"", ""2025-05-29"", ""2025-05-31"", ""2025-05-03"", ""2025-05-23"", ""2025-06-07"", ""2025-04-18"", ""2025-05-08"", ""2025-06-03"", ""2025-06-10"", ""2025-05-15"", ""2025-04-23"", ""2025-04-21"", ""2025-06-02"", ""2025-05-21"", ""2025-06-15"", ""2025-05-12"", ""2025-04-21"", ""2025-05-28"", ""2025-06-12"", ""2025-06-08"", ""2025-05-01""]",2025-06-16
2025-06-18,6769.839390606694,7087.142380147721,93088.16743571823,58513.277815931775,69.68628223737318,272.21760068517733,58785.495416616955,18575.631329085787,17727.677885699468,14073.846396829646,123465.74450956525,16.6539150000026,9.966537639253448e-07,10,10_scenario,"[144, 157, 132, 151, 164, 152, 140, 162, 141, 157, 137, 166, 153, 154, 150, 158, 164, 143, 154, 159, 162, 138, 149, 160, 159, 119, 162, 133, 160, 163]","[""2025-05-25"", ""2025-06-07"", ""2025-05-13"", ""2025-06-01"", ""2025-06-14"", ""2025-06-02"", ""2025-05-21"", ""2025-06-12"", ""2025-05-22"", ""2025-06-07"", ""2025-05-18"", ""2025-06-16"", ""2025-06-03"", ""2025-06-04"", ""2025-05-31"", ""2025-06-08"", ""2025-06-14"", ""2025-05-24"", ""2025-06-04"", ""2025-06-09"", ""2025-06-12"", ""2025-05-19"", ""2025-05-30"", ""2025-06-10"", ""2025-06-09"", ""2025-04-30"", ""2025-06-12"", ""2025-05-14"", ""2025-06-10"", ""2025-06-13""]",2025-06-17
2025-06-19,7087.142380147721,6739.183970513605,82966.21229152713,52367.13074785231,571.2961860627693,1983.016442668612,54350.14719052092,12028.478049568796,18750.993666799055,15501.467438777945,84774.3753917737,6.041179799998645,9.754046082590525e-07,10,10_scenario,"[165, 167, 120, 163, 104, 144, 167, 163, 104, 161, 142, 163, 124, 148, 167, 167, 166, 143, 142, 164, 130, 154, 134, 161, 151, 129, 164, 167, 166, 158]","[""2025-06-15"", ""2025-06-17"", ""2025-05-01"", ""2025-06-13"", ""2025-04-15"", ""2025-05-25"", ""2025-06-17"", ""2025-06-13"", ""2025-04-15"", ""2025-06-11"", ""2025-05-23"", ""2025-06-13"", ""2025-05-05"", ""2025-05-29"", ""2025-06-17"", ""2025-06-17"", ""2025-06-16"", ""2025-05-24"", ""2025-05-23"", ""2025-06-14"", ""2025-05-11"", ""2025-06-04"", ""2025-05-15"", ""2025-06-11"", ""2025-06-01"", ""2025-05-10"", ""2025-06-14"", ""2025-06-17"", ""2025-06-16"", ""2025-06-08""]",2025-06-18
2025-06-20,6739.183970513605,8837.113811414798,53060.32908466124,31460.84424095879,0.0,0.0,31460.84424095879,26420.19067377402,12375.89844250609,8136.34088161886,62255.41082222738,9.624236000003293,0.0,10,10_scenario,"[153, 165, 125, 167, 155, 162, 166, 155, 152, 155, 160, 168, 154, 130, 165, 161, 160, 166, 156, 154, 121, 166, 138, 166, 138, 163, 130, 154, 123, 145]","[""2025-06-03"", ""2025-06-15"", ""2025-05-06"", ""2025-06-17"", ""2025-06-05"", ""2025-06-12"", ""2025-06-16"", ""2025-06-05"", ""2025-06-02"", ""2025-06-05"", ""2025-06-10"", ""2025-06-18"", ""2025-06-04"", ""2025-05-11"", ""2025-06-15"", ""2025-06-11"", ""2025-06-10"", ""2025-06-16"", ""2025-06-06"", ""2025-06-04"", ""2025-05-02"", ""2025-06-16"", ""2025-05-19"", ""2025-06-16"", ""2025-05-19"", ""2025-06-13"", ""2025-05-11"", ""2025-06-04"", ""2025-05-04"", ""2025-05-26""]",2025-06-19
2025-06-21,8837.113811414798,7301.928378292797,50682.581787842944,30051.688160423557,3.4169820463852716,7.443895388050313,30059.132055811606,30965.092183261193,9304.38461283129,8918.21842620315,91142.64994391701,13.896496300003491,3.9494638956175866e-07,10,10_scenario,"[109, 152, 150, 136, 154, 151, 162, 108, 133, 152, 164, 168, 135, 150, 167, 166, 139, 165, 164, 168, 162, 169, 123, 162, 158, 144, 141, 124, 165, 115]","[""2025-04-20"", ""2025-06-02"", ""2025-05-31"", ""2025-05-17"", ""2025-06-04"", ""2025-06-01"", ""2025-06-12"", ""2025-04-19"", ""2025-05-14"", ""2025-06-02"", ""2025-06-14"", ""2025-06-18"", ""2025-05-16"", ""2025-05-31"", ""2025-06-17"", ""2025-06-16"", ""2025-05-20"", ""2025-06-15"", ""2025-06-14"", ""2025-06-18"", ""2025-06-12"", ""2025-06-19"", ""2025-05-04"", ""2025-06-12"", ""2025-06-08"", ""2025-05-25"", ""2025-05-22"", ""2025-05-05"", ""2025-06-15"", ""2025-04-26""]",2025-06-20
2025-06-22,7301.928378292797,5786.622488556059,74714.32636284985,45849.26753474485,1192.987612629749,4890.597308406966,50739.864843151816,6248.716429537613,18763.324982658265,16562.06853671626,103281.52153484906,13.493639899999835,9.065692915570328e-07,10,10_scenario,"[154, 122, 162, 164, 156, 161, 136, 130, 148, 131, 142, 156, 156, 139, 125, 165, 156, 132, 168, 163, 161, 158, 169, 164, 163, 138, 168, 119, 159, 167]","[""2025-06-04"", ""2025-05-03"", ""2025-06-12"", ""2025-06-14"", ""2025-06-06"", ""2025-06-11"", ""2025-05-17"", ""2025-05-11"", ""2025-05-29"", ""2025-05-12"", ""2025-05-23"", ""2025-06-06"", ""2025-06-06"", ""2025-05-20"", ""2025-05-06"", ""2025-06-15"", ""2025-06-06"", ""2025-05-13"", ""2025-06-18"", ""2025-06-13"", ""2025-06-11"", ""2025-06-08"", ""2025-06-19"", ""2025-06-14"", ""2025-06-13"", ""2025-05-19"", ""2025-06-18"", ""2025-04-30"", ""2025-06-09"", ""2025-06-17""]",2025-06-21
2025-06-23,5786.622488556059,8283.490136090302,82799.60793121974,50578.15776276256,518.6735784619709,1909.392641900983,52487.55040466354,9566.311653000406,23386.85775737106,16696.173900689744,105478.04018232295,6.844584399979794,0.0,10,10_scenario,"[156, 110, 161, 159, 162, 135, 168, 164, 158, 146, 143, 167, 155, 135, 171, 163, 166, 171, 163, 165, 168, 128, 111, 133, 154, 121, 120, 163, 167, 162]","[""2025-06-06"", ""2025-04-21"", ""2025-06-11"", ""2025-06-09"", ""2025-06-12"", ""2025-05-16"", ""2025-06-18"", ""2025-06-14"", ""2025-06-08"", ""2025-05-27"", ""2025-05-24"", ""2025-06-17"", ""2025-06-05"", ""2025-05-16"", ""2025-06-21"", ""2025-06-13"", ""2025-06-16"", ""2025-06-21"", ""2025-06-13"", ""2025-06-15"", ""2025-06-18"", ""2025-05-09"", ""2025-04-22"", ""2025-05-14"", ""2025-06-04"", ""2025-05-02"", ""2025-05-01"", ""2025-06-13"", ""2025-06-17"", ""2025-06-12""]",2025-06-22
2025-06-24,8283.490136090302,9348.108714629328,84031.51141964816,52319.17267534171,2567.3225040936886,11652.81683601959,63971.9895113613,5051.310218073795,22739.867026226017,17461.13557055795,105825.97827010676,6.464457499998389,6.927425189020498e-07,10,10_scenario,"[158, 160, 127, 130, 172, 161, 172, 168, 157, 171, 170, 169, 151, 119, 151, 170, 120, 118, 159, 161, 167, 117, 165, 162, 142, 167, 161, 156, 132, 169]","[""2025-06-08"", ""2025-06-10"", ""2025-05-08"", ""2025-05-11"", ""2025-06-22"", ""2025-06-11"", ""2025-06-22"", ""2025-06-18"", ""2025-06-07"", ""2025-06-21"", ""2025-06-20"", ""2025-06-19"", ""2025-06-01"", ""2025-04-30"", ""2025-06-01"", ""2025-06-20"", ""2025-05-01"", ""2025-04-29"", ""2025-06-09"", ""2025-06-11"", ""2025-06-17"", ""2025-04-28"", ""2025-06-15"", ""2025-06-12"", ""2025-05-23"", ""2025-06-17"", ""2025-06-11"", ""2025-06-06"", ""2025-05-13"", ""2025-06-19""]",2025-06-23
2025-06-25,9348.108714629328,5983.93748974784,77117.59384372192,48281.50655900327,1007.3431950248762,4018.1430321821,52299.64959118537,7629.280735105762,16242.047575619534,16183.812638645166,106235.1285474716,3.1704713000217453,9.221955818226201e-07,10,10_scenario,"[170, 173, 169, 168, 168, 120, 147, 135, 166, 142, 159, 155, 170, 114, 155, 167, 165, 161, 173, 132, 162, 157, 162, 145, 156, 164, 129, 173, 162, 170]","[""2025-06-20"", ""2025-06-23"", ""2025-06-19"", ""2025-06-18"", ""2025-06-18"", ""2025-05-01"", ""2025-05-28"", ""2025-05-16"", ""2025-06-16"", ""2025-05-23"", ""2025-06-09"", ""2025-06-05"", ""2025-06-20"", ""2025-04-25"", ""2025-06-05"", ""2025-06-17"", ""2025-06-15"", ""2025-06-11"", ""2025-06-23"", ""2025-05-13"", ""2025-06-12"", ""2025-06-07"", ""2025-06-12"", ""2025-05-26"", ""2025-06-06"", ""2025-06-14"", ""2025-05-10"", ""2025-06-23"", ""2025-06-12"", ""2025-06-20""]",2025-06-24
2025-06-26,5983.93748974784,8102.576175966483,81391.85393616621,49533.93059158187,1129.9099019191863,4968.578138848001,54502.50873042987,8696.055020821037,23008.158770180336,16729.8337862493,80706.183157535,5.953596100007417,8.171016121430097e-07,10,10_scenario,"[173, 142, 149, 171, 139, 142, 174, 114, 127, 144, 164, 161, 135, 142, 148, 156, 166, 145, 173, 166, 145, 167, 139, 174, 154, 169, 167, 168, 150, 174]","[""2025-06-23"", ""2025-05-23"", ""2025-05-30"", ""2025-06-21"", ""2025-05-20"", ""2025-05-23"", ""2025-06-24"", ""2025-04-25"", ""2025-05-08"", ""2025-05-25"", ""2025-06-14"", ""2025-06-11"", ""2025-05-16"", ""2025-05-23"", ""2025-05-29"", ""2025-06-06"", ""2025-06-16"", ""2025-05-26"", ""2025-06-23"", ""2025-06-16"", ""2025-05-26"", ""2025-06-17"", ""2025-05-20"", ""2025-06-24"", ""2025-06-04"", ""2025-06-19"", ""2025-06-17"", ""2025-06-18"", ""2025-05-31"", ""2025-06-24""]",2025-06-25
2025-06-27,8102.576175966483,6503.848717124245,44568.20679028914,26246.282231160927,0.0,0.0,26246.282231160927,24494.63104599863,9162.02416095718,8860.094283333334,54339.642109552165,6.325603200006299,9.673948767950995e-07,10,10_scenario,"[132, 168, 166, 168, 174, 153, 120, 148, 145, 161, 174, 174, 129, 161, 150, 171, 165, 169, 113, 169, 139, 149, 156, 170, 163, 135, 167, 137, 160, 143]","[""2025-05-13"", ""2025-06-18"", ""2025-06-16"", ""2025-06-18"", ""2025-06-24"", ""2025-06-03"", ""2025-05-01"", ""2025-05-29"", ""2025-05-26"", ""2025-06-11"", ""2025-06-24"", ""2025-06-24"", ""2025-05-10"", ""2025-06-11"", ""2025-05-31"", ""2025-06-21"", ""2025-06-15"", ""2025-06-19"", ""2025-04-24"", ""2025-06-19"", ""2025-05-20"", ""2025-05-30"", ""2025-06-06"", ""2025-06-20"", ""2025-06-13"", ""2025-05-16"", ""2025-06-17"", ""2025-05-18"", ""2025-06-10"", ""2025-05-24""]",2025-06-26
2025-06-28,6503.848717124245,8376.925900553815,38708.61565947011,22086.158563024866,457.64834510941387,1578.700599180618,23664.859162205485,12635.700396962973,16146.673820333026,11393.036329383143,70317.2877415776,5.586473300005309,2.8693381812631055e-08,10,10_scenario,"[171, 171, 157, 163, 146, 157, 136, 157, 158, 148, 175, 143, 143, 130, 142, 151, 126, 155, 165, 173, 116, 147, 109, 158, 146, 173, 172, 163, 172, 176]","[""2025-06-21"", ""2025-06-21"", ""2025-06-07"", ""2025-06-13"", ""2025-05-27"", ""2025-06-07"", ""2025-05-17"", ""2025-06-07"", ""2025-06-08"", ""2025-05-29"", ""2025-06-25"", ""2025-05-24"", ""2025-05-24"", ""2025-05-11"", ""2025-05-23"", ""2025-06-01"", ""2025-05-07"", ""2025-06-05"", ""2025-06-15"", ""2025-06-23"", ""2025-04-27"", ""2025-05-28"", ""2025-04-20"", ""2025-06-08"", ""2025-05-27"", ""2025-06-23"", ""2025-06-22"", ""2025-06-13"", ""2025-06-22"", ""2025-06-26""]",2025-06-27
2025-06-29,8376.925900553815,5789.107450062714,72403.30607145379,44392.581375964495,2563.9453888191465,11059.165984724665,55451.74736068916,4668.26182063019,17685.56690395472,16654.345797645314,101295.63217986695,8.470664600026794,7.113550477709443e-08,10,10_scenario,"[154, 175, 147, 159, 173, 164, 172, 175, 176, 145, 151, 157, 160, 169, 175, 165, 171, 171, 127, 177, 143, 136, 166, 171, 129, 165, 151, 174, 128, 122]","[""2025-06-04"", ""2025-06-25"", ""2025-05-28"", ""2025-06-09"", ""2025-06-23"", ""2025-06-14"", ""2025-06-22"", ""2025-06-25"", ""2025-06-26"", ""2025-05-26"", ""2025-06-01"", ""2025-06-07"", ""2025-06-10"", ""2025-06-19"", ""2025-06-25"", ""2025-06-15"", ""2025-06-21"", ""2025-06-21"", ""2025-05-08"", ""2025-06-27"", ""2025-05-24"", ""2025-05-17"", ""2025-06-16"", ""2025-06-21"", ""2025-05-10"", ""2025-06-15"", ""2025-06-01"", ""2025-06-24"", ""2025-05-09"", ""2025-05-03""]",2025-06-28
2025-06-30,5789.107450062714,8122.500732701569,81323.48459900309,49400.587869756426,1727.5724876942013,7148.039398489276,56548.627268245706,6759.903335862108,22702.188490141514,16288.718722639656,104718.15294123121,6.647463900008006,9.77718791779878e-07,10,10_scenario,"[139, 133, 136, 171, 128, 159, 160, 118, 176, 169, 150, 170, 177, 166, 128, 138, 137, 175, 135, 160, 177, 175, 171, 177, 178, 174, 171, 117, 157, 176]","[""2025-05-20"", ""2025-05-14"", ""2025-05-17"", ""2025-06-21"", ""2025-05-09"", ""2025-06-09"", ""2025-06-10"", ""2025-04-29"", ""2025-06-26"", ""2025-06-19"", ""2025-05-31"", ""2025-06-20"", ""2025-06-27"", ""2025-06-16"", ""2025-05-09"", ""2025-05-19"", ""2025-05-18"", ""2025-06-25"", ""2025-05-16"", ""2025-06-10"", ""2025-06-27"", ""2025-06-25"", ""2025-06-21"", ""2025-06-27"", ""2025-06-28"", ""2025-06-24"", ""2025-06-21"", ""2025-04-28"", ""2025-06-07"", ""2025-06-26""]",2025-06-29
2025-07-01,8122.500732701569,7508.258763178418,84398.58993174297,52669.326960991246,5783.365203417865,21836.21876209873,74505.54572308998,8544.969385163036,17490.839417027986,14720.397700363508,108591.80850857386,24.133653199998662,6.217836597067679e-07,10,10_scenario,"[160, 174, 124, 162, 175, 147, 161, 169, 128, 173, 170, 140, 152, 163, 143, 125, 152, 154, 119, 159, 178, 149, 156, 119, 177, 144, 134, 132, 155, 167]","[""2025-06-10"", ""2025-06-24"", ""2025-05-05"", ""2025-06-12"", ""2025-06-25"", ""2025-05-28"", ""2025-06-11"", ""2025-06-19"", ""2025-05-09"", ""2025-06-23"", ""2025-06-20"", ""2025-05-21"", ""2025-06-02"", ""2025-06-13"", ""2025-05-24"", ""2025-05-06"", ""2025-06-02"", ""2025-06-04"", ""2025-04-30"", ""2025-06-09"", ""2025-06-28"", ""2025-05-30"", ""2025-06-06"", ""2025-04-30"", ""2025-06-27"", ""2025-05-25"", ""2025-05-15"", ""2025-05-13"", ""2025-06-05"", ""2025-06-17""]",2025-06-30
2025-07-02,7508.258763178418,7971.37197852449,87245.64100795094,54662.90701386499,2497.9198938988266,8003.883041453268,62666.790055318255,13095.618046938638,17507.234707542102,13764.058219297638,112737.14463953755,6.858972400019411,9.80592273100535e-07,10,10_scenario,"[136, 169, 176, 152, 179, 142, 139, 120, 120, 132, 168, 165, 137, 177, 165, 134, 170, 131, 180, 172, 141, 152, 160, 160, 141, 146, 117, 180, 166, 177]","[""2025-05-17"", ""2025-06-19"", ""2025-06-26"", ""2025-06-02"", ""2025-06-29"", ""2025-05-23"", ""2025-05-20"", ""2025-05-01"", ""2025-05-01"", ""2025-05-13"", ""2025-06-18"", ""2025-06-15"", ""2025-05-18"", ""2025-06-27"", ""2025-06-15"", ""2025-05-15"", ""2025-06-20"", ""2025-05-12"", ""2025-06-30"", ""2025-06-22"", ""2025-05-22"", ""2025-06-02"", ""2025-06-10"", ""2025-06-10"", ""2025-05-22"", ""2025-05-27"", ""2025-04-28"", ""2025-06-30"", ""2025-06-16"", ""2025-06-27""]",2025-07-01
2025-07-03,7971.37197852449,5242.313635466227,84088.4025186437,53394.158082146474,1999.4612726704872,9990.485461507884,63384.643543654354,5662.588934644871,16426.360168886473,15761.50424555048,86548.79975648138,1.2512868999911007,0.0,10,10_scenario,"[128, 180, 180, 157, 181, 176, 181, 177, 158, 166, 162, 127, 175, 147, 164, 169, 161, 179, 134, 147, 168, 180, 148, 172, 167, 163, 154, 133, 153, 141]","[""2025-05-09"", ""2025-06-30"", ""2025-06-30"", ""2025-06-07"", ""2025-07-01"", ""2025-06-26"", ""2025-07-01"", ""2025-06-27"", ""2025-06-08"", ""2025-06-16"", ""2025-06-12"", ""2025-05-08"", ""2025-06-25"", ""2025-05-28"", ""2025-06-14"", ""2025-06-19"", ""2025-06-11"", ""2025-06-29"", ""2025-05-15"", ""2025-05-28"", ""2025-06-18"", ""2025-06-30"", ""2025-05-29"", ""2025-06-22"", ""2025-06-17"", ""2025-06-13"", ""2025-06-04"", ""2025-05-14"", ""2025-06-03"", ""2025-05-22""]",2025-07-02
2025-07-04,5242.313635466227,4825.367622970973,48696.089714489484,28628.976035807635,1540.0050256380277,4226.426333516576,32855.40236932421,19388.232736535818,12327.610253530302,10360.615716605274,59826.86144966799,12.92485279997345,0.0,10,10_scenario,"[162, 125, 135, 174, 174, 169, 140, 180, 152, 143, 171, 174, 182, 126, 166, 141, 172, 162, 180, 177, 163, 152, 119, 182, 157, 177, 128, 170, 175, 167]","[""2025-06-12"", ""2025-05-06"", ""2025-05-16"", ""2025-06-24"", ""2025-06-24"", ""2025-06-19"", ""2025-05-21"", ""2025-06-30"", ""2025-06-02"", ""2025-05-24"", ""2025-06-21"", ""2025-06-24"", ""2025-07-02"", ""2025-05-07"", ""2025-06-16"", ""2025-05-22"", ""2025-06-22"", ""2025-06-12"", ""2025-06-30"", ""2025-06-27"", ""2025-06-13"", ""2025-06-02"", ""2025-04-30"", ""2025-07-02"", ""2025-06-07"", ""2025-06-27"", ""2025-05-09"", ""2025-06-20"", ""2025-06-25"", ""2025-06-17""]",2025-07-03
2025-07-05,4825.367622970973,9492.638639207313,50845.61041265241,28492.82344125284,1626.5010996571536,5665.968669962178,34158.79211121502,16015.977591635741,18239.52652312866,10573.472569121512,80320.26300602469,5.935473499994259,2.741139056946867e-07,10,10_scenario,"[178, 168, 170, 179, 134, 180, 130, 174, 139, 129, 171, 153, 144, 172, 145, 175, 139, 162, 181, 175, 160, 171, 160, 160, 149, 169, 178, 162, 143, 165]","[""2025-06-28"", ""2025-06-18"", ""2025-06-20"", ""2025-06-29"", ""2025-05-15"", ""2025-06-30"", ""2025-05-11"", ""2025-06-24"", ""2025-05-20"", ""2025-05-10"", ""2025-06-21"", ""2025-06-03"", ""2025-05-25"", ""2025-06-22"", ""2025-05-26"", ""2025-06-25"", ""2025-05-20"", ""2025-06-12"", ""2025-07-01"", ""2025-06-25"", ""2025-06-10"", ""2025-06-21"", ""2025-06-10"", ""2025-06-10"", ""2025-05-30"", ""2025-06-19"", ""2025-06-28"", ""2025-06-12"", ""2025-05-24"", ""2025-06-15""]",2025-07-04
2025-07-06,9492.638639207313,7580.583229613142,77863.87737812752,47767.71291507488,7658.524728747531,33647.288930033836,81415.00184510872,3886.2547732702524,18752.713959155593,16910.548175550786,111231.88456149503,13.381623499997659,5.902470314168535e-07,10,10_scenario,"[172, 173, 168, 148, 178, 149, 179, 183, 150, 145, 178, 168, 115, 178, 168, 132, 167, 156, 137, 150, 156, 122, 139, 165, 171, 133, 178, 167, 135, 178]","[""2025-06-22"", ""2025-06-23"", ""2025-06-18"", ""2025-05-29"", ""2025-06-28"", ""2025-05-30"", ""2025-06-29"", ""2025-07-03"", ""2025-05-31"", ""2025-05-26"", ""2025-06-28"", ""2025-06-18"", ""2025-04-26"", ""2025-06-28"", ""2025-06-18"", ""2025-05-13"", ""2025-06-17"", ""2025-06-06"", ""2025-05-18"", ""2025-05-31"", ""2025-06-06"", ""2025-05-03"", ""2025-05-20"", ""2025-06-15"", ""2025-06-21"", ""2025-05-14"", ""2025-06-28"", ""2025-06-17"", ""2025-05-16"", ""2025-06-28""]",2025-07-05
2025-07-07,7580.583229613142,8806.74954205317,89122.29853348556,55137.222678998456,1003.9523342258881,4380.829146523378,59518.051825521834,11942.373511548867,19320.23635947312,14545.841769977204,119639.7577423816,13.389093700010562,8.84707035836968e-07,10,10_scenario,"[184, 133, 126, 128, 173, 183, 179, 184, 133, 180, 162, 180, 174, 183, 183, 134, 145, 153, 157, 155, 137, 179, 180, 177, 155, 173, 162, 169, 181, 159]","[""2025-07-04"", ""2025-05-14"", ""2025-05-07"", ""2025-05-09"", ""2025-06-23"", ""2025-07-03"", ""2025-06-29"", ""2025-07-04"", ""2025-05-14"", ""2025-06-30"", ""2025-06-12"", ""2025-06-30"", ""2025-06-24"", ""2025-07-03"", ""2025-07-03"", ""2025-05-15"", ""2025-05-26"", ""2025-06-03"", ""2025-06-07"", ""2025-06-05"", ""2025-05-18"", ""2025-06-29"", ""2025-06-30"", ""2025-06-27"", ""2025-06-05"", ""2025-06-23"", ""2025-06-12"", ""2025-06-19"", ""2025-07-01"", ""2025-06-09""]",2025-07-06
2025-07-08,8806.74954205317,7952.196582963176,92627.68530965506,58894.27341559416,514.8786049845455,2162.7524297060704,61057.02584530023,14970.038173171397,17738.086252539717,15136.94752773816,120759.12997977831,14.39380279998295,0.0,10,10_scenario,"[140, 183, 154, 184, 155, 165, 148, 145, 161, 170, 184, 127, 170, 175, 180, 165, 180, 175, 168, 182, 179, 185, 182, 172, 142, 168, 177, 160, 161, 174]","[""2025-05-21"", ""2025-07-03"", ""2025-06-04"", ""2025-07-04"", ""2025-06-05"", ""2025-06-15"", ""2025-05-29"", ""2025-05-26"", ""2025-06-11"", ""2025-06-20"", ""2025-07-04"", ""2025-05-08"", ""2025-06-20"", ""2025-06-25"", ""2025-06-30"", ""2025-06-15"", ""2025-06-30"", ""2025-06-25"", ""2025-06-18"", ""2025-07-02"", ""2025-06-29"", ""2025-07-05"", ""2025-07-02"", ""2025-06-22"", ""2025-05-23"", ""2025-06-18"", ""2025-06-27"", ""2025-06-10"", ""2025-06-11"", ""2025-06-24""]",2025-07-07
2025-07-09,7952.196582963176,10379.83268580056,94000.59031274353,59444.53282934634,80.89723653109434,382.81638627657526,59827.34921562291,13903.992073480766,20704.726139860817,14585.955680733618,125176.30672117451,1.6891675000078976,0.0,10,10_scenario,"[185, 173, 169, 158, 182, 180, 181, 161, 181, 127, 139, 127, 170, 173, 168, 161, 181, 164, 185, 132, 146, 153, 176, 168, 156, 152, 187, 163, 152, 148]","[""2025-07-05"", ""2025-06-23"", ""2025-06-19"", ""2025-06-08"", ""2025-07-02"", ""2025-06-30"", ""2025-07-01"", ""2025-06-11"", ""2025-07-01"", ""2025-05-08"", ""2025-05-20"", ""2025-05-08"", ""2025-06-20"", ""2025-06-23"", ""2025-06-18"", ""2025-06-11"", ""2025-07-01"", ""2025-06-14"", ""2025-07-05"", ""2025-05-13"", ""2025-05-27"", ""2025-06-03"", ""2025-06-26"", ""2025-06-18"", ""2025-06-06"", ""2025-06-02"", ""2025-07-07"", ""2025-06-13"", ""2025-06-02"", ""2025-05-29""]",2025-07-08
2025-07-10,10379.83268580056,6726.841355699368,86060.06497176664,55358.59867958149,393.325575835508,1140.7615442749575,56499.36022385645,14078.791328156474,14782.463332649582,15261.487496537236,100162.69805810227,3.7656919000146445,0.0,10,10_scenario,"[180, 163, 186, 139, 156, 188, 165, 160, 163, 178, 167, 179, 183, 184, 139, 169, 185, 188, 177, 180, 134, 185, 187, 161, 152, 166, 175, 181, 188, 179]","[""2025-06-30"", ""2025-06-13"", ""2025-07-06"", ""2025-05-20"", ""2025-06-06"", ""2025-07-08"", ""2025-06-15"", ""2025-06-10"", ""2025-06-13"", ""2025-06-28"", ""2025-06-17"", ""2025-06-29"", ""2025-07-03"", ""2025-07-04"", ""2025-05-20"", ""2025-06-19"", ""2025-07-05"", ""2025-07-08"", ""2025-06-27"", ""2025-06-30"", ""2025-05-15"", ""2025-07-05"", ""2025-07-07"", ""2025-06-11"", ""2025-06-02"", ""2025-06-16"", ""2025-06-25"", ""2025-07-01"", ""2025-07-08"", ""2025-06-29""]",2025-07-09
2025-07-11,6726.841355699368,7318.493621114567,53956.85599303103,33098.209951252604,0.0,0.0,33098.209951252604,18343.75267016126,13483.36386313738,10389.0376902676,73411.8610183581,8.86067580000963,0.0,10,10_scenario,"[178, 176, 185, 127, 187, 189, 169, 182, 173, 173, 182, 180, 180, 162, 138, 163, 147, 188, 159, 149, 163, 155, 169, 184, 154, 186, 146, 175, 157, 180]","[""2025-06-28"", ""2025-06-26"", ""2025-07-05"", ""2025-05-08"", ""2025-07-07"", ""2025-07-09"", ""2025-06-19"", ""2025-07-02"", ""2025-06-23"", ""2025-06-23"", ""2025-07-02"", ""2025-06-30"", ""2025-06-30"", ""2025-06-12"", ""2025-05-19"", ""2025-06-13"", ""2025-05-28"", ""2025-07-08"", ""2025-06-09"", ""2025-05-30"", ""2025-06-13"", ""2025-06-05"", ""2025-06-19"", ""2025-07-04"", ""2025-06-04"", ""2025-07-06"", ""2025-05-27"", ""2025-06-25"", ""2025-06-07"", ""2025-06-30""]",2025-07-10
2025-07-12,7318.493621114567,8447.802937691558,53385.99644316557,32294.55917781864,11.815518810054186,25.6869378930578,32320.246115711696,18755.210789981145,13378.83923022026,9820.481391559117,97402.3117288113,3.61766419999185,0.0,10,10_scenario,"[150, 180, 153, 152, 181, 190, 174, 141, 177, 174, 151, 176, 189, 188, 180, 123, 179, 174, 152, 147, 151, 146, 170, 156, 141, 177, 177, 167, 136, 171]","[""2025-05-31"", ""2025-06-30"", ""2025-06-03"", ""2025-06-02"", ""2025-07-01"", ""2025-07-10"", ""2025-06-24"", ""2025-05-22"", ""2025-06-27"", ""2025-06-24"", ""2025-06-01"", ""2025-06-26"", ""2025-07-09"", ""2025-07-08"", ""2025-06-30"", ""2025-05-04"", ""2025-06-29"", ""2025-06-24"", ""2025-06-02"", ""2025-05-28"", ""2025-06-01"", ""2025-05-27"", ""2025-06-20"", ""2025-06-06"", ""2025-05-22"", ""2025-06-27"", ""2025-06-27"", ""2025-06-17"", ""2025-05-17"", ""2025-06-21""]",2025-07-11
2025-07-13,8447.802937691558,7991.416661955334,82860.74252802174,51590.13383896045,1254.6463774705499,5928.298303942618,57518.43214290307,11645.705669468152,19014.265706246093,15812.302870221938,111688.08656833482,1.7620214000053238,4.738478344716175e-07,10,10_scenario,"[136, 136, 183, 139, 129, 165, 140, 166, 146, 156, 188, 180, 182, 182, 186, 180, 162, 144, 166, 161, 141, 188, 138, 159, 179, 175, 165, 191, 184, 148]","[""2025-05-17"", ""2025-05-17"", ""2025-07-03"", ""2025-05-20"", ""2025-05-10"", ""2025-06-15"", ""2025-05-21"", ""2025-06-16"", ""2025-05-27"", ""2025-06-06"", ""2025-07-08"", ""2025-06-30"", ""2025-07-02"", ""2025-07-02"", ""2025-07-06"", ""2025-06-30"", ""2025-06-12"", ""2025-05-25"", ""2025-06-16"", ""2025-06-11"", ""2025-05-22"", ""2025-07-08"", ""2025-05-19"", ""2025-06-09"", ""2025-06-29"", ""2025-06-25"", ""2025-06-15"", ""2025-07-11"", ""2025-07-04"", ""2025-05-29""]",2025-07-12
2025-07-14,7991.416661955334,9336.974932006762,88210.48398052971,55376.089674785675,227.8009343041095,1116.3982557221557,56492.48793050783,11700.472096855432,19574.374517186472,14644.240915874758,116059.88214121367,11.03692830001819,0.0,10,10_scenario,"[159, 133, 168, 146, 172, 190, 182, 152, 172, 155, 176, 157, 189, 191, 192, 142, 156, 170, 154, 190, 184, 132, 169, 167, 155, 181, 188, 176, 165, 185]","[""2025-06-09"", ""2025-05-14"", ""2025-06-18"", ""2025-05-27"", ""2025-06-22"", ""2025-07-10"", ""2025-07-02"", ""2025-06-02"", ""2025-06-22"", ""2025-06-05"", ""2025-06-26"", ""2025-06-07"", ""2025-07-09"", ""2025-07-11"", ""2025-07-12"", ""2025-05-23"", ""2025-06-06"", ""2025-06-20"", ""2025-06-04"", ""2025-07-10"", ""2025-07-04"", ""2025-05-13"", ""2025-06-19"", ""2025-06-17"", ""2025-06-05"", ""2025-07-01"", ""2025-07-08"", ""2025-06-26"", ""2025-06-15"", ""2025-07-05""]",2025-07-13
2025-07-15,9336.974932006762,5714.580686506814,86498.23184638767,55040.68649975603,290.9635001561244,1121.3950725039144,56162.08157225995,14689.207945911958,13742.587569728812,14391.650752430289,121241.1207763086,6.5282852000091225,8.2210245691825e-07,10,10_scenario,"[155, 135, 151, 170, 167, 187, 190, 184, 171, 146, 177, 147, 185, 167, 193, 180, 192, 183, 179, 149, 145, 146, 191, 173, 160, 191, 141, 189, 192, 182]","[""2025-06-05"", ""2025-05-16"", ""2025-06-01"", ""2025-06-20"", ""2025-06-17"", ""2025-07-07"", ""2025-07-10"", ""2025-07-04"", ""2025-06-21"", ""2025-05-27"", ""2025-06-27"", ""2025-05-28"", ""2025-07-05"", ""2025-06-17"", ""2025-07-13"", ""2025-06-30"", ""2025-07-12"", ""2025-07-03"", ""2025-06-29"", ""2025-05-30"", ""2025-05-26"", ""2025-05-27"", ""2025-07-11"", ""2025-06-23"", ""2025-06-10"", ""2025-07-11"", ""2025-05-22"", ""2025-07-09"", ""2025-07-12"", ""2025-07-02""]",2025-07-14
2025-07-16,5714.580686506814,7653.78463685914,87984.05366734957,54726.375499522364,1232.24667940272,4764.924301290439,59491.299800812805,11397.221226885344,20732.800953771184,15048.285217237568,114922.09521481708,29.69658889999846,7.733590792913572e-07,10,10_scenario,"[191, 167, 187, 168, 155, 185, 191, 161, 168, 167, 173, 180, 194, 185, 153, 162, 182, 169, 138, 166, 147, 149, 182, 156, 183, 194, 190, 180, 159, 163]","[""2025-07-11"", ""2025-06-17"", ""2025-07-07"", ""2025-06-18"", ""2025-06-05"", ""2025-07-05"", ""2025-07-11"", ""2025-06-11"", ""2025-06-18"", ""2025-06-17"", ""2025-06-23"", ""2025-06-30"", ""2025-07-14"", ""2025-07-05"", ""2025-06-03"", ""2025-06-12"", ""2025-07-02"", ""2025-06-19"", ""2025-05-19"", ""2025-06-16"", ""2025-05-28"", ""2025-05-30"", ""2025-07-02"", ""2025-06-06"", ""2025-07-03"", ""2025-07-14"", ""2025-07-10"", ""2025-06-30"", ""2025-06-09"", ""2025-06-13""]",2025-07-15
2025-07-17,7653.78463685914,3871.442959426725,80583.77942902496,51339.70607182082,1525.2217147491383,5755.379425828378,57095.0854976492,9870.894051888685,15377.88702583115,15860.196000612408,89348.89690166285,4.842683599999873,4.472322112742724e-11,10,10_scenario,"[155, 163, 191, 157, 191, 195, 141, 139, 195, 174, 157, 146, 145, 195, 190, 147, 149, 189, 147, 153, 190, 177, 184, 187, 163, 182, 190, 194, 188, 134]","[""2025-06-05"", ""2025-06-13"", ""2025-07-11"", ""2025-06-07"", ""2025-07-11"", ""2025-07-15"", ""2025-05-22"", ""2025-05-20"", ""2025-07-15"", ""2025-06-24"", ""2025-06-07"", ""2025-05-27"", ""2025-05-26"", ""2025-07-15"", ""2025-07-10"", ""2025-05-28"", ""2025-05-30"", ""2025-07-09"", ""2025-05-28"", ""2025-06-03"", ""2025-07-10"", ""2025-06-27"", ""2025-07-04"", ""2025-07-07"", ""2025-06-13"", ""2025-07-02"", ""2025-07-10"", ""2025-07-14"", ""2025-07-08"", ""2025-05-15""]",2025-07-16
2025-07-18,3871.442959426725,6422.676835274973,61307.52890108571,37540.80502550119,0.0,0.0,37540.80502550119,25200.2021229841,13352.464157043069,8519.38547894146,71538.8055045398,5.288042999978643,0.0,10,10_scenario,"[154, 194, 181, 181, 194, 153, 194, 191, 195, 190, 188, 170, 160, 187, 175, 189, 175, 160, 140, 155, 187, 189, 166, 145, 196, 174, 164, 179, 190, 189]","[""2025-06-04"", ""2025-07-14"", ""2025-07-01"", ""2025-07-01"", ""2025-07-14"", ""2025-06-03"", ""2025-07-14"", ""2025-07-11"", ""2025-07-15"", ""2025-07-10"", ""2025-07-08"", ""2025-06-20"", ""2025-06-10"", ""2025-07-07"", ""2025-06-25"", ""2025-07-09"", ""2025-06-25"", ""2025-06-10"", ""2025-05-21"", ""2025-06-05"", ""2025-07-07"", ""2025-07-09"", ""2025-06-16"", ""2025-05-26"", ""2025-07-16"", ""2025-06-24"", ""2025-06-14"", ""2025-06-29"", ""2025-07-10"", ""2025-07-09""]",2025-07-17
2025-07-19,6422.676835274973,6790.178716716613,54657.07633368153,31993.61827932626,146.34322623152121,317.9199390177785,32311.538218344038,25061.342308177744,11728.98162335702,9169.723421621713,89907.32092278954,2.6776392000028864,1.6185461961283132e-16,10,10_scenario,"[178, 151, 142, 189, 162, 162, 154, 157, 178, 171, 192, 184, 154, 157, 159, 189, 164, 161, 130, 183, 196, 165, 194, 181, 186, 176, 172, 191, 173, 158]","[""2025-06-28"", ""2025-06-01"", ""2025-05-23"", ""2025-07-09"", ""2025-06-12"", ""2025-06-12"", ""2025-06-04"", ""2025-06-07"", ""2025-06-28"", ""2025-06-21"", ""2025-07-12"", ""2025-07-04"", ""2025-06-04"", ""2025-06-07"", ""2025-06-09"", ""2025-07-09"", ""2025-06-14"", ""2025-06-11"", ""2025-05-11"", ""2025-07-03"", ""2025-07-16"", ""2025-06-15"", ""2025-07-14"", ""2025-07-01"", ""2025-07-06"", ""2025-06-26"", ""2025-06-22"", ""2025-07-11"", ""2025-06-23"", ""2025-06-08""]",2025-07-18
2025-07-20,6790.178716716613,8893.679345485027,79359.57857857723,49031.787246666325,2232.3266408379654,9584.250154501304,58616.03740116763,3617.310778055454,21007.713993692185,15123.0977689991,108869.04381043719,11.164389999990817,6.443538926850103e-07,10,10_scenario,"[176, 185, 175, 182, 170, 177, 155, 195, 158, 198, 196, 193, 194, 178, 176, 172, 153, 193, 161, 161, 185, 187, 192, 161, 161, 172, 160, 171, 186, 146]","[""2025-06-26"", ""2025-07-05"", ""2025-06-25"", ""2025-07-02"", ""2025-06-20"", ""2025-06-27"", ""2025-06-05"", ""2025-07-15"", ""2025-06-08"", ""2025-07-18"", ""2025-07-16"", ""2025-07-13"", ""2025-07-14"", ""2025-06-28"", ""2025-06-26"", ""2025-06-22"", ""2025-06-03"", ""2025-07-13"", ""2025-06-11"", ""2025-06-11"", ""2025-07-05"", ""2025-07-07"", ""2025-07-12"", ""2025-06-11"", ""2025-06-11"", ""2025-06-22"", ""2025-06-10"", ""2025-06-21"", ""2025-07-06"", ""2025-05-27""]",2025-07-19
2025-07-21,8893.679345485027,6422.805269470141,87974.42337770094,55836.47487436353,334.7615103329018,1313.2615962009763,57149.7364705645,13551.68037694052,15744.956997403773,14977.201836310454,121652.90284224061,10.527136099990457,0.0,10,10_scenario,"[180, 151, 154, 167, 197, 148, 199, 196, 190, 190, 198, 163, 168, 149, 162, 197, 156, 141, 183, 176, 182, 155, 188, 198, 173, 187, 195, 159, 172, 192]","[""2025-06-30"", ""2025-06-01"", ""2025-06-04"", ""2025-06-17"", ""2025-07-17"", ""2025-05-29"", ""2025-07-19"", ""2025-07-16"", ""2025-07-10"", ""2025-07-10"", ""2025-07-18"", ""2025-06-13"", ""2025-06-18"", ""2025-05-30"", ""2025-06-12"", ""2025-07-17"", ""2025-06-06"", ""2025-05-22"", ""2025-07-03"", ""2025-06-26"", ""2025-07-02"", ""2025-06-05"", ""2025-07-08"", ""2025-07-18"", ""2025-06-23"", ""2025-07-07"", ""2025-07-15"", ""2025-06-09"", ""2025-06-22"", ""2025-07-12""]",2025-07-20
2025-07-22,6422.805269470141,9142.320944716408,88555.4909631004,55277.66237874141,950.8387523513582,4432.662663829027,59710.32504257043,9067.35811567534,22085.594080990042,15441.76709788029,109707.02686163891,8.226006999990204,0.0,10,10_scenario,"[165, 196, 187, 164, 196, 187, 188, 170, 196, 188, 197, 199, 197, 184, 149, 196, 172, 195, 196, 197, 164, 199, 193, 152, 189, 187, 191, 188, 187, 164]","[""2025-06-15"", ""2025-07-16"", ""2025-07-07"", ""2025-06-14"", ""2025-07-16"", ""2025-07-07"", ""2025-07-08"", ""2025-06-20"", ""2025-07-16"", ""2025-07-08"", ""2025-07-17"", ""2025-07-19"", ""2025-07-17"", ""2025-07-04"", ""2025-05-30"", ""2025-07-16"", ""2025-06-22"", ""2025-07-15"", ""2025-07-16"", ""2025-07-17"", ""2025-06-14"", ""2025-07-19"", ""2025-07-13"", ""2025-06-02"", ""2025-07-09"", ""2025-07-07"", ""2025-07-11"", ""2025-07-08"", ""2025-07-07"", ""2025-06-14""]",2025-07-21
2025-07-23,9142.320944716408,5404.724394778281,80420.94083031782,51184.731348564565,1400.5168100307565,6314.959242579086,57499.69059114365,7964.852388902642,15809.973840650371,16169.915705871115,112647.64130633044,2.995473899994977,0.0,10,10_scenario,"[196, 156, 195, 196, 192, 167, 181, 201, 190, 196, 159, 190, 201, 161, 163, 183, 162, 139, 176, 149, 196, 190, 148, 196, 196, 193, 169, 171, 161, 186]","[""2025-07-16"", ""2025-06-06"", ""2025-07-15"", ""2025-07-16"", ""2025-07-12"", ""2025-06-17"", ""2025-07-01"", ""2025-07-21"", ""2025-07-10"", ""2025-07-16"", ""2025-06-09"", ""2025-07-10"", ""2025-07-21"", ""2025-06-11"", ""2025-06-13"", ""2025-07-03"", ""2025-06-12"", ""2025-05-20"", ""2025-06-26"", ""2025-05-30"", ""2025-07-16"", ""2025-07-10"", ""2025-05-29"", ""2025-07-16"", ""2025-07-16"", ""2025-07-13"", ""2025-06-19"", ""2025-06-21"", ""2025-06-11"", ""2025-07-06""]",2025-07-22
2025-07-24,5404.724394778281,5410.028604562659,86240.24929034428,54260.851783380494,819.2210487325954,3271.2605094399596,57532.11229282046,10000.364029119177,18094.002742904042,14651.368432946336,91474.08377913325,11.755869200016605,5.304537616147429e-08,10,10_scenario,"[145, 197, 188, 196, 167, 146, 149, 202, 153, 191, 198, 153, 184, 190, 202, 170, 198, 166, 196, 171, 200, 187, 161, 167, 184, 148, 188, 186, 177, 158]","[""2025-05-26"", ""2025-07-17"", ""2025-07-08"", ""2025-07-16"", ""2025-06-17"", ""2025-05-27"", ""2025-05-30"", ""2025-07-22"", ""2025-06-03"", ""2025-07-11"", ""2025-07-18"", ""2025-06-03"", ""2025-07-04"", ""2025-07-10"", ""2025-07-22"", ""2025-06-20"", ""2025-07-18"", ""2025-06-16"", ""2025-07-16"", ""2025-06-21"", ""2025-07-20"", ""2025-07-07"", ""2025-06-11"", ""2025-06-17"", ""2025-07-04"", ""2025-05-29"", ""2025-07-08"", ""2025-07-06"", ""2025-06-27"", ""2025-06-08""]",2025-07-23
2025-07-25,5410.028604562659,5013.631639844849,50169.96240623396,31340.078340778196,0.0,0.0,31340.078340778196,21953.742581739505,10882.408031967416,9171.507774139636,69374.29748080393,13.093162000004668,0.0,10,10_scenario,"[184, 194, 193, 194, 185, 189, 188, 181, 158, 194, 192, 178, 167, 177, 196, 183, 167, 186, 165, 140, 188, 197, 188, 202, 180, 173, 201, 190, 203, 186]","[""2025-07-04"", ""2025-07-14"", ""2025-07-13"", ""2025-07-14"", ""2025-07-05"", ""2025-07-09"", ""2025-07-08"", ""2025-07-01"", ""2025-06-08"", ""2025-07-14"", ""2025-07-12"", ""2025-06-28"", ""2025-06-17"", ""2025-06-27"", ""2025-07-16"", ""2025-07-03"", ""2025-06-17"", ""2025-07-06"", ""2025-06-15"", ""2025-05-21"", ""2025-07-08"", ""2025-07-17"", ""2025-07-08"", ""2025-07-22"", ""2025-06-30"", ""2025-06-23"", ""2025-07-21"", ""2025-07-10"", ""2025-07-23"", ""2025-07-06""]",2025-07-24
2025-07-26,5013.631639844849,6703.59427777778,54865.858994390874,32141.71183012879,62.04526184147096,134.72581070563683,32276.437640834425,22281.397253385054,13981.310852847288,9803.895416666666,88953.57871894402,15.971828999987338,0.0,10,10_scenario,"[203, 194, 202, 195, 196, 193, 151, 201, 192, 178, 192, 193, 203, 168, 161, 153, 152, 194, 199, 175, 186, 193, 160, 159, 159, 182, 184, 151, 186, 158]","[""2025-07-23"", ""2025-07-14"", ""2025-07-22"", ""2025-07-15"", ""2025-07-16"", ""2025-07-13"", ""2025-06-01"", ""2025-07-21"", ""2025-07-12"", ""2025-06-28"", ""2025-07-12"", ""2025-07-13"", ""2025-07-23"", ""2025-06-18"", ""2025-06-11"", ""2025-06-03"", ""2025-06-02"", ""2025-07-14"", ""2025-07-19"", ""2025-06-25"", ""2025-07-06"", ""2025-07-13"", ""2025-06-10"", ""2025-06-09"", ""2025-06-09"", ""2025-07-02"", ""2025-07-04"", ""2025-06-01"", ""2025-07-06"", ""2025-06-08""]",2025-07-25
2025-07-27,6703.59427777778,7133.059720920543,74028.65669469922,45499.40273396732,6656.916856559993,30196.415349285126,75695.81808325244,2926.8276168871694,19405.459134439876,15331.903000067818,100835.77947717874,11.037682700000005,3.6392714534926204e-07,10,10_scenario,"[203, 170, 170, 177, 176, 204, 199, 178, 176, 176, 196, 201, 175, 181, 189, 204, 197, 180, 183, 192, 197, 150, 161, 189, 186, 204, 168, 151, 190, 185]","[""2025-07-23"", ""2025-06-20"", ""2025-06-20"", ""2025-06-27"", ""2025-06-26"", ""2025-07-24"", ""2025-07-19"", ""2025-06-28"", ""2025-06-26"", ""2025-06-26"", ""2025-07-16"", ""2025-07-21"", ""2025-06-25"", ""2025-07-01"", ""2025-07-09"", ""2025-07-24"", ""2025-07-17"", ""2025-06-30"", ""2025-07-03"", ""2025-07-12"", ""2025-07-17"", ""2025-05-31"", ""2025-06-11"", ""2025-07-09"", ""2025-07-06"", ""2025-07-24"", ""2025-06-18"", ""2025-06-01"", ""2025-07-10"", ""2025-07-05""]",2025-07-26
2025-07-28,7133.059720920543,7332.6489931796195,83654.75420085287,51902.62035054216,1833.982761674291,8107.618201208785,60010.23855175094,3323.3825075026025,21214.983561358196,17004.50633966697,110865.5255555759,9.200566699990304,0.0,10,10_scenario,"[194, 184, 206, 205, 197, 192, 203, 205, 170, 145, 199, 174, 203, 193, 174, 174, 204, 157, 197, 204, 173, 158, 204, 181, 206, 147, 201, 192, 188, 186]","[""2025-07-14"", ""2025-07-04"", ""2025-07-26"", ""2025-07-25"", ""2025-07-17"", ""2025-07-12"", ""2025-07-23"", ""2025-07-25"", ""2025-06-20"", ""2025-05-26"", ""2025-07-19"", ""2025-06-24"", ""2025-07-23"", ""2025-07-13"", ""2025-06-24"", ""2025-06-24"", ""2025-07-24"", ""2025-06-07"", ""2025-07-17"", ""2025-07-24"", ""2025-06-23"", ""2025-06-08"", ""2025-07-24"", ""2025-07-01"", ""2025-07-26"", ""2025-05-28"", ""2025-07-21"", ""2025-07-12"", ""2025-07-08"", ""2025-07-06""]",2025-07-27
2025-07-29,7332.6489931796195,7639.032078821963,91720.94822683971,57966.34453207832,417.4845908300638,1827.4569423329708,59793.801474411295,12232.821837447374,18740.106595496298,14903.741565273896,118566.98897747872,6.896412000001874,6.185726370881725e-07,10,10_scenario,"[204, 196, 183, 198, 195, 200, 145, 175, 207, 152, 205, 207, 145, 203, 186, 179, 204, 201, 199, 202, 198, 186, 195, 146, 161, 205, 205, 195, 167, 188]","[""2025-07-24"", ""2025-07-16"", ""2025-07-03"", ""2025-07-18"", ""2025-07-15"", ""2025-07-20"", ""2025-05-26"", ""2025-06-25"", ""2025-07-27"", ""2025-06-02"", ""2025-07-25"", ""2025-07-27"", ""2025-05-26"", ""2025-07-23"", ""2025-07-06"", ""2025-06-29"", ""2025-07-24"", ""2025-07-21"", ""2025-07-19"", ""2025-07-22"", ""2025-07-18"", ""2025-07-06"", ""2025-07-15"", ""2025-05-27"", ""2025-06-11"", ""2025-07-25"", ""2025-07-25"", ""2025-07-15"", ""2025-06-17"", ""2025-07-08""]",2025-07-28
2025-07-30,7639.032078821963,8901.620036515491,92040.83698936983,58210.5620567701,252.77892594701999,965.7759699082125,59176.338026678306,13359.764368741731,19443.517550794488,14612.920054219358,121810.74510957445,4.327651900006458,0.0,10,10_scenario,"[186, 203, 178, 183, 193, 206, 154, 207, 208, 190, 194, 207, 161, 202, 185, 203, 160, 166, 175, 208, 168, 164, 192, 159, 192, 186, 161, 185, 202, 172]","[""2025-07-06"", ""2025-07-23"", ""2025-06-28"", ""2025-07-03"", ""2025-07-13"", ""2025-07-26"", ""2025-06-04"", ""2025-07-27"", ""2025-07-28"", ""2025-07-10"", ""2025-07-14"", ""2025-07-27"", ""2025-06-11"", ""2025-07-22"", ""2025-07-05"", ""2025-07-23"", ""2025-06-10"", ""2025-06-16"", ""2025-06-25"", ""2025-07-28"", ""2025-06-18"", ""2025-06-14"", ""2025-07-12"", ""2025-06-09"", ""2025-07-12"", ""2025-07-06"", ""2025-06-11"", ""2025-07-05"", ""2025-07-22"", ""2025-06-22""]",2025-07-29
2025-07-31,8901.620036515491,5016.28099232843,80416.97605621384,50900.15420279467,1211.4078829064722,5763.569711179343,56663.72391397401,7386.1845137416785,16021.096307791144,16473.89314907918,91557.4210361434,7.568106599996099,0.0,10,10_scenario,"[181, 164, 170, 164, 187, 208, 188, 199, 201, 189, 189, 208, 167, 206, 205, 208, 207, 202, 152, 209, 195, 172, 199, 193, 195, 205, 180, 203, 163, 178]","[""2025-07-01"", ""2025-06-14"", ""2025-06-20"", ""2025-06-14"", ""2025-07-07"", ""2025-07-28"", ""2025-07-08"", ""2025-07-19"", ""2025-07-21"", ""2025-07-09"", ""2025-07-09"", ""2025-07-28"", ""2025-06-17"", ""2025-07-26"", ""2025-07-25"", ""2025-07-28"", ""2025-07-27"", ""2025-07-22"", ""2025-06-02"", ""2025-07-29"", ""2025-07-15"", ""2025-06-22"", ""2025-07-19"", ""2025-07-13"", ""2025-07-15"", ""2025-07-25"", ""2025-06-30"", ""2025-07-23"", ""2025-06-13"", ""2025-06-28""]",2025-07-30
2025-08-01,5016.28099232843,6029.528013440776,50419.97440879714,30224.8085772854,69.87795326837681,149.35706667504772,30374.16564396045,25959.001392062142,12460.889391240016,9181.3980879033,63420.80065889661,4.89013949999935,7.395348635530597e-07,10,10_scenario,"[210, 184, 149, 189, 209, 199, 175, 189, 204, 178, 204, 177, 155, 205, 210, 209, 186, 153, 201, 210, 194, 210, 181, 183, 195, 198, 200, 161, 204, 208]","[""2025-07-30"", ""2025-07-04"", ""2025-05-30"", ""2025-07-09"", ""2025-07-29"", ""2025-07-19"", ""2025-06-25"", ""2025-07-09"", ""2025-07-24"", ""2025-06-28"", ""2025-07-24"", ""2025-06-27"", ""2025-06-05"", ""2025-07-25"", ""2025-07-30"", ""2025-07-29"", ""2025-07-06"", ""2025-06-03"", ""2025-07-21"", ""2025-07-30"", ""2025-07-14"", ""2025-07-30"", ""2025-07-01"", ""2025-07-03"", ""2025-07-15"", ""2025-07-18"", ""2025-07-20"", ""2025-06-11"", ""2025-07-24"", ""2025-07-28""]",2025-07-31
2025-08-02,6029.528013440776,7926.190185803088,51180.37507611808,30948.52108107235,13.521953820465228,28.876132383603494,30977.397213455955,26029.00401859646,13320.379594119302,9082.511516110557,87373.70812241957,4.470639700011816,1.4034935599259872e-09,10,10_scenario,"[207, 209, 206, 186, 181, 196, 195, 206, 158, 207, 160, 196, 188, 163, 176, 198, 143, 206, 150, 199, 206, 202, 172, 159, 151, 200, 156, 201, 208, 210]","[""2025-07-27"", ""2025-07-29"", ""2025-07-26"", ""2025-07-06"", ""2025-07-01"", ""2025-07-16"", ""2025-07-15"", ""2025-07-26"", ""2025-06-08"", ""2025-07-27"", ""2025-06-10"", ""2025-07-16"", ""2025-07-08"", ""2025-06-13"", ""2025-06-26"", ""2025-07-18"", ""2025-05-24"", ""2025-07-26"", ""2025-05-31"", ""2025-07-19"", ""2025-07-26"", ""2025-07-22"", ""2025-06-22"", ""2025-06-09"", ""2025-06-01"", ""2025-07-20"", ""2025-06-06"", ""2025-07-21"", ""2025-07-28"", ""2025-07-30""]",2025-08-01
2025-08-03,7926.190185803088,6557.79962800602,79877.52344600651,49717.62350356546,603.0247719440245,3134.7980695221795,52852.42157308764,15762.415355138175,16369.496744717837,14490.84386523881,109715.78455852755,7.733403400023235,0.0,10,10_scenario,"[161, 161, 199, 205, 179, 181, 177, 202, 182, 187, 166, 186, 207, 158, 204, 174, 173, 200, 202, 200, 186, 199, 170, 208, 189, 210, 188, 206, 181, 212]","[""2025-06-11"", ""2025-06-11"", ""2025-07-19"", ""2025-07-25"", ""2025-06-29"", ""2025-07-01"", ""2025-06-27"", ""2025-07-22"", ""2025-07-02"", ""2025-07-07"", ""2025-06-16"", ""2025-07-06"", ""2025-07-27"", ""2025-06-08"", ""2025-07-24"", ""2025-06-24"", ""2025-06-23"", ""2025-07-20"", ""2025-07-22"", ""2025-07-20"", ""2025-07-06"", ""2025-07-19"", ""2025-06-20"", ""2025-07-28"", ""2025-07-09"", ""2025-07-30"", ""2025-07-08"", ""2025-07-26"", ""2025-07-01"", ""2025-08-01""]",2025-08-02
2025-08-04,6557.79962800602,7706.21295385471,84332.973191917,52501.06279750202,262.91952825191805,861.3812142122679,53362.44401171429,14637.326814088832,18470.204365699712,13927.293542952946,111017.05569836569,18.56023410000489,2.0296911532935485e-07,10,10_scenario,"[201, 212, 203, 182, 205, 212, 207, 173, 174, 209, 212, 173, 173, 211, 190, 212, 176, 210, 212, 202, 165, 185, 202, 196, 213, 199, 201, 185, 204, 168]","[""2025-07-21"", ""2025-08-01"", ""2025-07-23"", ""2025-07-02"", ""2025-07-25"", ""2025-08-01"", ""2025-07-27"", ""2025-06-23"", ""2025-06-24"", ""2025-07-29"", ""2025-08-01"", ""2025-06-23"", ""2025-06-23"", ""2025-07-31"", ""2025-07-10"", ""2025-08-01"", ""2025-06-26"", ""2025-07-30"", ""2025-08-01"", ""2025-07-22"", ""2025-06-15"", ""2025-07-05"", ""2025-07-22"", ""2025-07-16"", ""2025-08-02"", ""2025-07-19"", ""2025-07-21"", ""2025-07-05"", ""2025-07-24"", ""2025-06-18""]",2025-08-03
2025-08-05,7706.21295385471,7672.855380111766,78436.07680724614,48984.149684235315,644.2099834532846,2516.267239921014,51500.41692415633,10537.874640774802,18000.653857683865,14610.55144109258,103462.7474694859,5.942420500010485,1.4064883819810242e-16,10,10_scenario,"[163, 212, 195, 202, 194, 213, 214, 197, 168, 190, 154, 180, 185, 184, 191, 196, 195, 212, 207, 208, 176, 191, 209, 184, 195, 176, 208, 201, 194, 186]","[""2025-06-13"", ""2025-08-01"", ""2025-07-15"", ""2025-07-22"", ""2025-07-14"", ""2025-08-02"", ""2025-08-03"", ""2025-07-17"", ""2025-06-18"", ""2025-07-10"", ""2025-06-04"", ""2025-06-30"", ""2025-07-05"", ""2025-07-04"", ""2025-07-11"", ""2025-07-16"", ""2025-07-15"", ""2025-08-01"", ""2025-07-27"", ""2025-07-28"", ""2025-06-26"", ""2025-07-11"", ""2025-07-29"", ""2025-07-04"", ""2025-07-15"", ""2025-06-26"", ""2025-07-28"", ""2025-07-21"", ""2025-07-14"", ""2025-07-06""]",2025-08-04
2025-08-06,7672.855380111766,7708.679794421631,81766.3778233157,51048.87989268897,807.0060339523706,3361.3360092340135,54410.21590192299,11022.55019275692,17916.802236661195,14480.36783881669,106491.18721878935,18.526268099987647,9.057904010019269e-07,10,10_scenario,"[201, 210, 196, 203, 159, 209, 200, 192, 213, 207, 211, 203, 163, 211, 201, 210, 180, 166, 206, 206, 172, 210, 201, 188, 187, 212, 191, 212, 211, 163]","[""2025-07-21"", ""2025-07-30"", ""2025-07-16"", ""2025-07-23"", ""2025-06-09"", ""2025-07-29"", ""2025-07-20"", ""2025-07-12"", ""2025-08-02"", ""2025-07-27"", ""2025-07-31"", ""2025-07-23"", ""2025-06-13"", ""2025-07-31"", ""2025-07-21"", ""2025-07-30"", ""2025-06-30"", ""2025-06-16"", ""2025-07-26"", ""2025-07-26"", ""2025-06-22"", ""2025-07-30"", ""2025-07-21"", ""2025-07-08"", ""2025-07-07"", ""2025-08-01"", ""2025-07-11"", ""2025-08-01"", ""2025-07-31"", ""2025-06-13""]",2025-08-05
2025-08-07,7708.679794421631,4449.248418271107,77490.92599901203,49376.13132809741,435.03424003051686,1213.047847524862,50589.17917562227,14669.149991027694,14749.017034475395,14880.192036460543,84769.39970950228,6.683433500002138,0.0,10,10_scenario,"[178, 199, 200, 201, 214, 161, 190, 196, 203, 169, 192, 209, 198, 215, 194, 154, 159, 216, 161, 214, 176, 159, 173, 216, 175, 215, 212, 216, 191, 216]","[""2025-06-28"", ""2025-07-19"", ""2025-07-20"", ""2025-07-21"", ""2025-08-03"", ""2025-06-11"", ""2025-07-10"", ""2025-07-16"", ""2025-07-23"", ""2025-06-19"", ""2025-07-12"", ""2025-07-29"", ""2025-07-18"", ""2025-08-04"", ""2025-07-14"", ""2025-06-04"", ""2025-06-09"", ""2025-08-05"", ""2025-06-11"", ""2025-08-03"", ""2025-06-26"", ""2025-06-09"", ""2025-06-23"", ""2025-08-05"", ""2025-06-25"", ""2025-08-04"", ""2025-08-01"", ""2025-08-05"", ""2025-07-11"", ""2025-08-05""]",2025-08-06
2025-08-08,4449.248418271107,4476.037307329314,46670.948938691094,29159.07577837448,17.864768438201736,37.59640517819555,29196.672183552677,28726.330780052245,11385.271983813998,9197.960306736952,63893.91810682753,16.681899400020484,0.0,10,10_scenario,"[211, 215, 209, 185, 199, 191, 214, 197, 181, 217, 195, 183, 215, 171, 216, 180, 216, 204, 182, 198, 214, 215, 212, 210, 212, 170, 216, 207, 166, 189]","[""2025-07-31"", ""2025-08-04"", ""2025-07-29"", ""2025-07-05"", ""2025-07-19"", ""2025-07-11"", ""2025-08-03"", ""2025-07-17"", ""2025-07-01"", ""2025-08-06"", ""2025-07-15"", ""2025-07-03"", ""2025-08-04"", ""2025-06-21"", ""2025-08-05"", ""2025-06-30"", ""2025-08-05"", ""2025-07-24"", ""2025-07-02"", ""2025-07-18"", ""2025-08-03"", ""2025-08-04"", ""2025-08-01"", ""2025-07-30"", ""2025-08-01"", ""2025-06-20"", ""2025-08-05"", ""2025-07-27"", ""2025-06-16"", ""2025-07-09""]",2025-08-07
2025-08-09,4476.037307329314,10800.0,50669.49288018972,29617.587690159286,58.3533138372504,165.3172643593777,29782.904954518664,22551.999406065697,18749.217708198164,9495.299920236897,77539.00450583901,2.482293400011258,0.0,10,10_scenario,"[194, 212, 205, 214, 193, 192, 203, 178, 182, 158, 173, 198, 188, 210, 179, 189, 211, 191, 207, 208, 213, 164, 185, 216, 213, 206, 209, 190, 164, 202]","[""2025-07-14"", ""2025-08-01"", ""2025-07-25"", ""2025-08-03"", ""2025-07-13"", ""2025-07-12"", ""2025-07-23"", ""2025-06-28"", ""2025-07-02"", ""2025-06-08"", ""2025-06-23"", ""2025-07-18"", ""2025-07-08"", ""2025-07-30"", ""2025-06-29"", ""2025-07-09"", ""2025-07-31"", ""2025-07-11"", ""2025-07-27"", ""2025-07-28"", ""2025-08-02"", ""2025-06-14"", ""2025-07-05"", ""2025-08-05"", ""2025-08-02"", ""2025-07-26"", ""2025-07-29"", ""2025-07-10"", ""2025-06-14"", ""2025-07-22""]",2025-08-08
2025-08-10,10800.0,7315.133821219111,69018.38091202558,44430.45196631143,1018.4028997982775,3815.029452606392,48245.48141891783,5129.6393094920895,14415.289543339848,14812.764091008077,100180.39246032263,3.324594200006686,4.256634837744713e-07,10,10_scenario,"[213, 179, 185, 195, 179, 217, 193, 170, 214, 184, 158, 151, 217, 199, 207, 172, 200, 208, 195, 200, 195, 178, 219, 181, 187, 197, 150, 204, 187, 210]","[""2025-08-02"", ""2025-06-29"", ""2025-07-05"", ""2025-07-15"", ""2025-06-29"", ""2025-08-06"", ""2025-07-13"", ""2025-06-20"", ""2025-08-03"", ""2025-07-04"", ""2025-06-08"", ""2025-06-01"", ""2025-08-06"", ""2025-07-19"", ""2025-07-27"", ""2025-06-22"", ""2025-07-20"", ""2025-07-28"", ""2025-07-15"", ""2025-07-20"", ""2025-07-15"", ""2025-06-28"", ""2025-08-08"", ""2025-07-01"", ""2025-07-07"", ""2025-07-17"", ""2025-05-31"", ""2025-07-24"", ""2025-07-07"", ""2025-07-30""]",2025-08-09
2025-08-11,7315.133821219111,6155.502077168677,76812.81548299777,48706.294040531,583.3360137808359,2356.563306499933,51062.857347030935,10617.736634460982,17162.263676998344,14945.102148014052,101573.45309243967,6.022051000007195,9.035564546955251e-07,10,10_scenario,"[219, 169, 205, 181, 210, 214, 179, 218, 211, 187, 213, 210, 218, 210, 184, 207, 195, 160, 194, 218, 199, 202, 159, 219, 206, 192, 196, 211, 219, 198]","[""2025-08-08"", ""2025-06-19"", ""2025-07-25"", ""2025-07-01"", ""2025-07-30"", ""2025-08-03"", ""2025-06-29"", ""2025-08-07"", ""2025-07-31"", ""2025-07-07"", ""2025-08-02"", ""2025-07-30"", ""2025-08-07"", ""2025-07-30"", ""2025-07-04"", ""2025-07-27"", ""2025-07-15"", ""2025-06-10"", ""2025-07-14"", ""2025-08-07"", ""2025-07-19"", ""2025-07-22"", ""2025-06-09"", ""2025-08-08"", ""2025-07-26"", ""2025-07-12"", ""2025-07-16"", ""2025-07-31"", ""2025-08-08"", ""2025-07-18""]",2025-08-10
2025-08-12,6155.502077168677,9736.340548742057,85683.26115806235,53819.82976657905,415.1167016914478,1930.99589420907,55750.82566078812,11182.996856891026,20695.172254982812,13540.334902120037,104520.17422711899,5.320474400010426,2.0180058958341332e-09,10,10_scenario,"[181, 181, 181, 221, 221, 215, 202, 198, 199, 219, 195, 218, 185, 193, 173, 200, 220, 206, 217, 216, 169, 204, 188, 176, 210, 175, 220, 182, 203, 220]","[""2025-07-01"", ""2025-07-01"", ""2025-07-01"", ""2025-08-10"", ""2025-08-10"", ""2025-08-04"", ""2025-07-22"", ""2025-07-18"", ""2025-07-19"", ""2025-08-08"", ""2025-07-15"", ""2025-08-07"", ""2025-07-05"", ""2025-07-13"", ""2025-06-23"", ""2025-07-20"", ""2025-08-09"", ""2025-07-26"", ""2025-08-06"", ""2025-08-05"", ""2025-06-19"", ""2025-07-24"", ""2025-07-08"", ""2025-06-26"", ""2025-07-30"", ""2025-06-25"", ""2025-08-09"", ""2025-07-02"", ""2025-07-23"", ""2025-08-09""]",2025-08-11
2025-08-13,9736.340548742057,4592.206024967464,71076.81514917525,45681.79070459977,693.3806620643396,2753.5048753277756,48435.295579927544,7969.85628591995,12153.058666930396,14473.698591610751,103447.00063589608,3.9354788000055123,0.0,10,10_scenario,"[215, 180, 212, 216, 181, 176, 209, 219, 198, 195, 220, 217, 220, 215, 221, 218, 204, 220, 196, 213, 160, 195, 161, 168, 210, 210, 187, 220, 219, 217]","[""2025-08-04"", ""2025-06-30"", ""2025-08-01"", ""2025-08-05"", ""2025-07-01"", ""2025-06-26"", ""2025-07-29"", ""2025-08-08"", ""2025-07-18"", ""2025-07-15"", ""2025-08-09"", ""2025-08-06"", ""2025-08-09"", ""2025-08-04"", ""2025-08-10"", ""2025-08-07"", ""2025-07-24"", ""2025-08-09"", ""2025-07-16"", ""2025-08-02"", ""2025-06-10"", ""2025-07-15"", ""2025-06-11"", ""2025-06-18"", ""2025-07-30"", ""2025-07-30"", ""2025-07-07"", ""2025-08-09"", ""2025-08-08"", ""2025-08-06""]",2025-08-12
2025-08-14,4592.206024967464,3450.0,68085.74104987654,42983.4206679161,3026.336851298104,14459.791573208628,57443.212241124726,2719.6819963594376,18389.949178697887,15923.844257216007,72640.95055239995,5.176141399977496,9.933895747969345e-07,10,10_scenario,"[210, 219, 205, 190, 219, 212, 198, 219, 215, 176, 218, 212, 215, 188, 201, 222, 222, 182, 213, 168, 183, 215, 211, 188, 175, 189, 217, 218, 223, 208]","[""2025-07-30"", ""2025-08-08"", ""2025-07-25"", ""2025-07-10"", ""2025-08-08"", ""2025-08-01"", ""2025-07-18"", ""2025-08-08"", ""2025-08-04"", ""2025-06-26"", ""2025-08-07"", ""2025-08-01"", ""2025-08-04"", ""2025-07-08"", ""2025-07-21"", ""2025-08-11"", ""2025-08-11"", ""2025-07-02"", ""2025-08-02"", ""2025-06-18"", ""2025-07-03"", ""2025-08-04"", ""2025-07-31"", ""2025-07-08"", ""2025-06-25"", ""2025-07-09"", ""2025-08-06"", ""2025-08-07"", ""2025-08-12"", ""2025-07-28""]",2025-08-13
2025-08-15,3450.0,4803.762827874067,47850.32466330598,28876.637796941635,8.8172906520481,19.49502963167835,28896.132826573314,26916.84930990018,13495.680082304527,9713.114321580008,62457.05412729379,4.8974434999981895,6.624155753998983e-08,10,10_scenario,"[222, 210, 184, 181, 211, 191, 218, 185, 192, 195, 191, 202, 163, 215, 199, 202, 170, 183, 214, 167, 213, 213, 179, 198, 221, 216, 210, 216, 216, 221]","[""2025-08-11"", ""2025-07-30"", ""2025-07-04"", ""2025-07-01"", ""2025-07-31"", ""2025-07-11"", ""2025-08-07"", ""2025-07-05"", ""2025-07-12"", ""2025-07-15"", ""2025-07-11"", ""2025-07-22"", ""2025-06-13"", ""2025-08-04"", ""2025-07-19"", ""2025-07-22"", ""2025-06-20"", ""2025-07-03"", ""2025-08-03"", ""2025-06-17"", ""2025-08-02"", ""2025-08-02"", ""2025-06-29"", ""2025-07-18"", ""2025-08-10"", ""2025-08-05"", ""2025-07-30"", ""2025-08-05"", ""2025-08-05"", ""2025-08-10""]",2025-08-14
2025-08-16,4803.762827874067,8702.354387976235,48403.52582794448,28335.6592161853,165.97617521921035,476.3202861603281,28811.979502345628,24963.14935265174,16675.47305133334,9998.400767488054,75019.55287187727,1.940485599974636,0.0,10,10_scenario,"[184, 209, 225, 198, 212, 179, 192, 207, 198, 157, 220, 191, 199, 218, 191, 203, 205, 224, 214, 183, 215, 196, 221, 198, 224, 199, 212, 217, 221, 174]","[""2025-07-04"", ""2025-07-29"", ""2025-08-14"", ""2025-07-18"", ""2025-08-01"", ""2025-06-29"", ""2025-07-12"", ""2025-07-27"", ""2025-07-18"", ""2025-06-07"", ""2025-08-09"", ""2025-07-11"", ""2025-07-19"", ""2025-08-07"", ""2025-07-11"", ""2025-07-23"", ""2025-07-25"", ""2025-08-13"", ""2025-08-03"", ""2025-07-03"", ""2025-08-04"", ""2025-07-16"", ""2025-08-10"", ""2025-07-18"", ""2025-08-13"", ""2025-07-19"", ""2025-08-01"", ""2025-08-06"", ""2025-08-10"", ""2025-06-24""]",2025-08-15
2025-08-17,8702.354387976235,7919.101746860934,73012.34359169209,45800.53270582968,1850.955705569593,8023.853008168246,53824.38571399793,9110.92157878926,17325.849888471213,14738.865786665454,99371.42283111003,11.633848100027535,9.195734221960507e-07,10,10_scenario,"[221, 178, 174, 206, 220, 176, 194, 221, 207, 190, 158, 220, 217, 226, 207, 193, 214, 213, 211, 199, 220, 225, 226, 207, 186, 218, 174, 176, 181, 178]","[""2025-08-10"", ""2025-06-28"", ""2025-06-24"", ""2025-07-26"", ""2025-08-09"", ""2025-06-26"", ""2025-07-14"", ""2025-08-10"", ""2025-07-27"", ""2025-07-10"", ""2025-06-08"", ""2025-08-09"", ""2025-08-06"", ""2025-08-15"", ""2025-07-27"", ""2025-07-13"", ""2025-08-03"", ""2025-08-02"", ""2025-07-31"", ""2025-07-19"", ""2025-08-09"", ""2025-08-14"", ""2025-08-15"", ""2025-07-27"", ""2025-07-06"", ""2025-08-07"", ""2025-06-24"", ""2025-06-26"", ""2025-07-01"", ""2025-06-28""]",2025-08-16
2025-08-18,7919.101746860934,8248.26603974036,78389.8588056713,48916.081337603435,684.6933542520632,2640.3456017505778,51556.426939354016,10702.924799612068,19375.073052911386,15397.56130926674,99417.72078883485,6.484719700005371,6.740834715203504e-07,10,10_scenario,"[174, 191, 226, 179, 217, 225, 209, 195, 211, 219, 209, 181, 196, 179, 184, 220, 223, 217, 224, 180, 188, 185, 219, 212, 202, 203, 187, 173, 200, 223]","[""2025-06-24"", ""2025-07-11"", ""2025-08-15"", ""2025-06-29"", ""2025-08-06"", ""2025-08-14"", ""2025-07-29"", ""2025-07-15"", ""2025-07-31"", ""2025-08-08"", ""2025-07-29"", ""2025-07-01"", ""2025-07-16"", ""2025-06-29"", ""2025-07-04"", ""2025-08-09"", ""2025-08-12"", ""2025-08-06"", ""2025-08-13"", ""2025-06-30"", ""2025-07-08"", ""2025-07-05"", ""2025-08-08"", ""2025-08-01"", ""2025-07-22"", ""2025-07-23"", ""2025-07-07"", ""2025-06-23"", ""2025-07-20"", ""2025-08-12""]",2025-08-17
2025-08-19,8248.26603974036,6736.946670420172,70970.9906683425,44987.21094659172,1124.4556141817886,5107.481153826048,50094.692100417764,6081.569299471586,16086.338765478367,14390.121832425648,99509.10814035688,16.107285800011596,0.0,10,10_scenario,"[187, 216, 226, 184, 218, 227, 212, 205, 225, 206, 183, 192, 226, 227, 224, 211, 219, 222, 192, 174, 204, 201, 212, 182, 199, 226, 222, 203, 211, 224]","[""2025-07-07"", ""2025-08-05"", ""2025-08-15"", ""2025-07-04"", ""2025-08-07"", ""2025-08-16"", ""2025-08-01"", ""2025-07-25"", ""2025-08-14"", ""2025-07-26"", ""2025-07-03"", ""2025-07-12"", ""2025-08-15"", ""2025-08-16"", ""2025-08-13"", ""2025-07-31"", ""2025-08-08"", ""2025-08-11"", ""2025-07-12"", ""2025-06-24"", ""2025-07-24"", ""2025-07-21"", ""2025-08-01"", ""2025-07-02"", ""2025-07-19"", ""2025-08-15"", ""2025-08-11"", ""2025-07-23"", ""2025-07-31"", ""2025-08-13""]",2025-08-18
2025-08-20,6736.946670420172,7199.999999999976,76249.02948057398,47760.611238763915,2459.921809100045,11760.24961927318,59520.86085803709,3799.7722292784174,20219.68419530065,15961.196201571707,100543.2800730587,19.70488859998295,7.848700719023011e-07,10,10_scenario,"[173, 192, 193, 199, 210, 229, 225, 208, 219, 169, 206, 198, 201, 229, 229, 217, 197, 225, 225, 221, 167, 221, 197, 180, 229, 199, 188, 199, 167, 206]","[""2025-06-23"", ""2025-07-12"", ""2025-07-13"", ""2025-07-19"", ""2025-07-30"", ""2025-08-18"", ""2025-08-14"", ""2025-07-28"", ""2025-08-08"", ""2025-06-19"", ""2025-07-26"", ""2025-07-18"", ""2025-07-21"", ""2025-08-18"", ""2025-08-18"", ""2025-08-06"", ""2025-07-17"", ""2025-08-14"", ""2025-08-14"", ""2025-08-10"", ""2025-06-17"", ""2025-08-10"", ""2025-07-17"", ""2025-06-30"", ""2025-08-18"", ""2025-07-19"", ""2025-07-08"", ""2025-07-19"", ""2025-06-17"", ""2025-07-26""]",2025-08-19
2025-08-21,7199.999999999976,5404.0660358523155,73946.66049766683,46931.15220797171,754.5651458090748,3115.305774047088,50046.4579820188,7456.340445086631,15877.933067309707,14477.466352253758,81810.5963722084,3.2051323000050616,0.0,10,10_scenario,"[226, 217, 218, 182, 212, 213, 204, 214, 218, 230, 217, 227, 188, 204, 229, 230, 211, 219, 177, 218, 210, 201, 209, 214, 205, 181, 230, 167, 229, 203]","[""2025-08-15"", ""2025-08-06"", ""2025-08-07"", ""2025-07-02"", ""2025-08-01"", ""2025-08-02"", ""2025-07-24"", ""2025-08-03"", ""2025-08-07"", ""2025-08-19"", ""2025-08-06"", ""2025-08-16"", ""2025-07-08"", ""2025-07-24"", ""2025-08-18"", ""2025-08-19"", ""2025-07-31"", ""2025-08-08"", ""2025-06-27"", ""2025-08-07"", ""2025-07-30"", ""2025-07-21"", ""2025-07-29"", ""2025-08-03"", ""2025-07-25"", ""2025-07-01"", ""2025-08-19"", ""2025-06-17"", ""2025-08-18"", ""2025-07-23""]",2025-08-20
2025-08-22,5404.0660358523155,5202.314483167653,46143.96924031439,28150.553293808578,57.44017895030993,123.35231477543513,28273.905608584013,22879.885753028182,11960.687703435338,9869.733437198818,60152.528309383524,27.363340499985497,8.021483622478512e-07,30,main,"[197, 208, 218, 231, 216, 194, 221, 170, 223, 222, 193, 196, 202, 170, 188, 170, 185, 227, 224, 221, 210, 176, 229, 230, 185, 231, 217, 230, 222, 168]","[""2025-07-17"", ""2025-07-28"", ""2025-08-07"", ""2025-08-20"", ""2025-08-05"", ""2025-07-14"", ""2025-08-10"", ""2025-06-20"", ""2025-08-12"", ""2025-08-11"", ""2025-07-13"", ""2025-07-16"", ""2025-07-22"", ""2025-06-20"", ""2025-07-08"", ""2025-06-20"", ""2025-07-05"", ""2025-08-16"", ""2025-08-13"", ""2025-08-10"", ""2025-07-30"", ""2025-06-26"", ""2025-08-18"", ""2025-08-19"", ""2025-07-05"", ""2025-08-20"", ""2025-08-06"", ""2025-08-19"", ""2025-08-11"", ""2025-06-18""]",2025-08-21
2025-08-23,5202.314483167653,7760.324319694432,48907.315955817474,29395.91298489451,35.3032811325935,113.6618380086218,29509.57482290313,21336.036084020423,14601.937631871297,9525.360628941646,80248.42111086311,4.75722329999553,2.9660404923618166e-07,10,10_scenario,"[183, 230, 186, 231, 222, 207, 227, 223, 217, 177, 219, 225, 216, 228, 177, 183, 227, 182, 211, 227, 195, 227, 197, 199, 179, 203, 201, 225, 198, 230]","[""2025-07-03"", ""2025-08-19"", ""2025-07-06"", ""2025-08-20"", ""2025-08-11"", ""2025-07-27"", ""2025-08-16"", ""2025-08-12"", ""2025-08-06"", ""2025-06-27"", ""2025-08-08"", ""2025-08-14"", ""2025-08-05"", ""2025-08-17"", ""2025-06-27"", ""2025-07-03"", ""2025-08-16"", ""2025-07-02"", ""2025-07-31"", ""2025-08-16"", ""2025-07-15"", ""2025-08-16"", ""2025-07-17"", ""2025-07-19"", ""2025-06-29"", ""2025-07-23"", ""2025-07-21"", ""2025-08-14"", ""2025-07-18"", ""2025-08-19""]",2025-08-22
2025-08-24,7760.324319694432,8283.418037957405,75089.55394755855,46972.57955288433,1617.2503164298041,6800.7958413604265,53773.37539424476,8804.55875039444,19462.482546441628,15293.826516181045,101251.03312456922,6.035852400003932,0.0,10,10_scenario,"[194, 172, 232, 190, 224, 227, 231, 182, 208, 225, 220, 223, 222, 184, 233, 165, 223, 210, 201, 231, 193, 209, 229, 219, 211, 208, 227, 216, 219, 232]","[""2025-07-14"", ""2025-06-22"", ""2025-08-21"", ""2025-07-10"", ""2025-08-13"", ""2025-08-16"", ""2025-08-20"", ""2025-07-02"", ""2025-07-28"", ""2025-08-14"", ""2025-08-09"", ""2025-08-12"", ""2025-08-11"", ""2025-07-04"", ""2025-08-22"", ""2025-06-15"", ""2025-08-12"", ""2025-07-30"", ""2025-07-21"", ""2025-08-20"", ""2025-07-13"", ""2025-07-29"", ""2025-08-18"", ""2025-08-08"", ""2025-07-31"", ""2025-07-28"", ""2025-08-16"", ""2025-08-05"", ""2025-08-08"", ""2025-08-21""]",2025-08-23
2025-08-25,8283.418037957405,4591.52257980388,73110.88597684288,47185.61303375532,1561.0011654724324,6086.175315316727,53271.78834907205,4298.986889759319,15381.679727513198,15781.86649162386,103387.3515201322,11.221203299995977,0.0,10,10_scenario,"[225, 223, 181, 220, 191, 232, 232, 227, 225, 233, 230, 208, 207, 231, 210, 173, 194, 202, 218, 187, 189, 217, 231, 216, 233, 212, 214, 198, 212, 208]","[""2025-08-14"", ""2025-08-12"", ""2025-07-01"", ""2025-08-09"", ""2025-07-11"", ""2025-08-21"", ""2025-08-21"", ""2025-08-16"", ""2025-08-14"", ""2025-08-22"", ""2025-08-19"", ""2025-07-28"", ""2025-07-27"", ""2025-08-20"", ""2025-07-30"", ""2025-06-23"", ""2025-07-14"", ""2025-07-22"", ""2025-08-07"", ""2025-07-07"", ""2025-07-09"", ""2025-08-06"", ""2025-08-20"", ""2025-08-05"", ""2025-08-22"", ""2025-08-01"", ""2025-08-03"", ""2025-07-18"", ""2025-08-01"", ""2025-07-28""]",2025-08-24
2025-08-26,4591.52257980388,7444.856392001668,80954.27298799358,50258.20097564314,396.4478082540427,1726.5612231548291,51984.76219879797,8966.075218077973,22567.50928346477,15711.682088628462,105268.94120816437,6.796357499988517,8.383307962359208e-07,10,10_scenario,"[220, 212, 235, 234, 188, 233, 225, 224, 220, 202, 232, 195, 180, 232, 227, 210, 187, 183, 201, 232, 209, 226, 176, 216, 189, 231, 233, 234, 181, 235]","[""2025-08-09"", ""2025-08-01"", ""2025-08-24"", ""2025-08-23"", ""2025-07-08"", ""2025-08-22"", ""2025-08-14"", ""2025-08-13"", ""2025-08-09"", ""2025-07-22"", ""2025-08-21"", ""2025-07-15"", ""2025-06-30"", ""2025-08-21"", ""2025-08-16"", ""2025-07-30"", ""2025-07-07"", ""2025-07-03"", ""2025-07-21"", ""2025-08-21"", ""2025-07-29"", ""2025-08-15"", ""2025-06-26"", ""2025-08-05"", ""2025-07-09"", ""2025-08-20"", ""2025-08-22"", ""2025-08-23"", ""2025-07-01"", ""2025-08-24""]",2025-08-25
2025-08-27,7444.856392001668,7501.589364441246,79483.27380296617,49892.0638387043,930.8840873362695,4169.7842340857505,54061.84807279005,8604.622830125212,20233.297464815463,16337.911271304907,102246.9435396815,9.374843099998543,4.19641887180928e-07,10,10_scenario,"[227, 221, 193, 212, 236, 232, 218, 202, 205, 204, 233, 203, 223, 233, 226, 176, 227, 201, 223, 234, 175, 234, 204, 216, 227, 231, 224, 216, 196, 182]","[""2025-08-16"", ""2025-08-10"", ""2025-07-13"", ""2025-08-01"", ""2025-08-25"", ""2025-08-21"", ""2025-08-07"", ""2025-07-22"", ""2025-07-25"", ""2025-07-24"", ""2025-08-22"", ""2025-07-23"", ""2025-08-12"", ""2025-08-22"", ""2025-08-15"", ""2025-06-26"", ""2025-08-16"", ""2025-07-21"", ""2025-08-12"", ""2025-08-23"", ""2025-06-25"", ""2025-08-23"", ""2025-07-24"", ""2025-08-05"", ""2025-08-16"", ""2025-08-20"", ""2025-08-13"", ""2025-08-05"", ""2025-07-16"", ""2025-07-02""]",2025-08-26
2025-08-28,7501.589364441246,4522.156335308737,77087.44485533643,49173.00629010415,828.194100647059,3706.570307615963,52879.576597720115,6724.66355339838,16340.369186689706,15917.188767437923,83588.34614897156,11.779064200003631,7.597855599035057e-07,10,10_scenario,"[237, 174, 193, 233, 231, 184, 237, 210, 202, 222, 219, 221, 223, 212, 236, 215, 224, 212, 234, 207, 233, 209, 228, 177, 216, 209, 208, 193, 200, 221]","[""2025-08-26"", ""2025-06-24"", ""2025-07-13"", ""2025-08-22"", ""2025-08-20"", ""2025-07-04"", ""2025-08-26"", ""2025-07-30"", ""2025-07-22"", ""2025-08-11"", ""2025-08-08"", ""2025-08-10"", ""2025-08-12"", ""2025-08-01"", ""2025-08-25"", ""2025-08-04"", ""2025-08-13"", ""2025-08-01"", ""2025-08-23"", ""2025-07-27"", ""2025-08-22"", ""2025-07-29"", ""2025-08-17"", ""2025-06-27"", ""2025-08-05"", ""2025-07-29"", ""2025-07-28"", ""2025-07-13"", ""2025-07-20"", ""2025-08-10""]",2025-08-27
2025-08-29,4522.156335308737,4936.203252597354,48890.5198241163,30335.15046513892,39.041604580537864,150.84814327625827,30485.998608415175,23471.916467751653,13314.644133607577,10412.219522662384,60428.61227818385,5.141799000004539,0.0,10,10_scenario,"[228, 229, 201, 214, 211, 238, 225, 234, 233, 228, 183, 223, 230, 236, 220, 203, 184, 222, 217, 200, 231, 226, 219, 211, 225, 229, 235, 202, 229, 205]","[""2025-08-17"", ""2025-08-18"", ""2025-07-21"", ""2025-08-03"", ""2025-07-31"", ""2025-08-27"", ""2025-08-14"", ""2025-08-23"", ""2025-08-22"", ""2025-08-17"", ""2025-07-03"", ""2025-08-12"", ""2025-08-19"", ""2025-08-25"", ""2025-08-09"", ""2025-07-23"", ""2025-07-04"", ""2025-08-11"", ""2025-08-06"", ""2025-07-20"", ""2025-08-20"", ""2025-08-15"", ""2025-08-08"", ""2025-07-31"", ""2025-08-14"", ""2025-08-18"", ""2025-08-24"", ""2025-07-22"", ""2025-08-18"", ""2025-07-25""]",2025-08-28
2025-08-30,4936.203252597354,10148.128302374429,52557.009192304555,30951.794609899007,29.897280068515993,64.25020292898287,31016.04481282799,25968.41973516391,17973.865047770916,9868.098143895077,78654.03260831928,5.537556399998721,2.8051161283063676e-08,10,10_scenario,"[232, 226, 235, 201, 200, 220, 172, 231, 235, 211, 233, 231, 212, 227, 204, 234, 210, 217, 233, 235, 190, 193, 179, 195, 227, 220, 195, 224, 239, 214]","[""2025-08-21"", ""2025-08-15"", ""2025-08-24"", ""2025-07-21"", ""2025-07-20"", ""2025-08-09"", ""2025-06-22"", ""2025-08-20"", ""2025-08-24"", ""2025-07-31"", ""2025-08-22"", ""2025-08-20"", ""2025-08-01"", ""2025-08-16"", ""2025-07-24"", ""2025-08-23"", ""2025-07-30"", ""2025-08-06"", ""2025-08-22"", ""2025-08-24"", ""2025-07-10"", ""2025-07-13"", ""2025-06-29"", ""2025-07-15"", ""2025-08-16"", ""2025-08-09"", ""2025-07-15"", ""2025-08-13"", ""2025-08-28"", ""2025-08-03""]",2025-08-29
2025-08-31,10148.128302374429,4229.345502648268,69189.16261404744,44767.97375144651,978.8426935705804,4240.265508895094,49008.2392603416,6379.762461412104,12992.233066453253,15850.61330358068,103690.11221549493,29.670402099989587,4.940062313189792e-07,30,main,"[214, 228, 179, 188, 234, 237, 218, 220, 227, 227, 232, 201, 230, 186, 237, 228, 233, 188, 229, 233, 237, 200, 232, 219, 195, 221, 189, 235, 205, 213]","[""2025-08-03"", ""2025-08-17"", ""2025-06-29"", ""2025-07-08"", ""2025-08-23"", ""2025-08-26"", ""2025-08-07"", ""2025-08-09"", ""2025-08-16"", ""2025-08-16"", ""2025-08-21"", ""2025-07-21"", ""2025-08-19"", ""2025-07-06"", ""2025-08-26"", ""2025-08-17"", ""2025-08-22"", ""2025-07-08"", ""2025-08-18"", ""2025-08-22"", ""2025-08-26"", ""2025-07-20"", ""2025-08-21"", ""2025-08-08"", ""2025-07-15"", ""2025-08-10"", ""2025-07-09"", ""2025-08-24"", ""2025-07-25"", ""2025-08-02""]",2025-08-30
2025-09-01,4229.345502648268,10376.742180058072,81864.78898246282,50266.67343391362,0.0,0.0,50266.67343391362,18384.72782541069,23017.20849499986,13111.281871281066,104123.81886172798,2.040048000024399,8.128531608982025e-07,10,10_scenario,"[190, 228, 234, 230, 241, 237, 234, 213, 233, 205, 229, 180, 235, 205, 214, 223, 218, 202, 194, 222, 222, 192, 241, 240, 218, 239, 193, 221, 201, 230]","[""2025-07-10"", ""2025-08-17"", ""2025-08-23"", ""2025-08-19"", ""2025-08-30"", ""2025-08-26"", ""2025-08-23"", ""2025-08-02"", ""2025-08-22"", ""2025-07-25"", ""2025-08-18"", ""2025-06-30"", ""2025-08-24"", ""2025-07-25"", ""2025-08-03"", ""2025-08-12"", ""2025-08-07"", ""2025-07-22"", ""2025-07-14"", ""2025-08-11"", ""2025-08-11"", ""2025-07-12"", ""2025-08-30"", ""2025-08-29"", ""2025-08-07"", ""2025-08-28"", ""2025-07-13"", ""2025-08-10"", ""2025-07-21"", ""2025-08-19""]",2025-08-31
2025-09-02,10376.742180058072,9703.644399285902,74718.86076242794,46754.267271906356,97.59505043348298,423.53603591107776,47177.803307817434,18018.371233285492,17611.14069616255,14870.811966586618,99208.52835113365,2.0626533000031486,0.0,10,10_scenario,"[230, 234, 242, 237, 236, 204, 232, 231, 239, 233, 223, 230, 236, 228, 194, 197, 203, 237, 237, 231, 237, 222, 189, 242, 209, 237, 227, 223, 237, 199]","[""2025-08-19"", ""2025-08-23"", ""2025-08-31"", ""2025-08-26"", ""2025-08-25"", ""2025-07-24"", ""2025-08-21"", ""2025-08-20"", ""2025-08-28"", ""2025-08-22"", ""2025-08-12"", ""2025-08-19"", ""2025-08-25"", ""2025-08-17"", ""2025-07-14"", ""2025-07-17"", ""2025-07-23"", ""2025-08-26"", ""2025-08-26"", ""2025-08-20"", ""2025-08-26"", ""2025-08-11"", ""2025-07-09"", ""2025-08-31"", ""2025-07-29"", ""2025-08-26"", ""2025-08-16"", ""2025-08-12"", ""2025-08-26"", ""2025-07-19""]",2025-09-01
2025-09-03,9703.644399285902,8965.142705256156,70386.56391776784,43884.66400496811,66.69891930916,225.75269528580012,44110.41670025391,12524.09878931148,16032.096433643701,13650.649635878168,96336.0978082119,4.84247730000061,7.845589398891472e-07,10,10_scenario,"[243, 217, 232, 201, 180, 224, 233, 195, 190, 243, 233, 224, 196, 210, 227, 218, 222, 239, 223, 227, 232, 242, 235, 238, 235, 237, 236, 229, 231, 210]","[""2025-09-01"", ""2025-08-06"", ""2025-08-21"", ""2025-07-21"", ""2025-06-30"", ""2025-08-13"", ""2025-08-22"", ""2025-07-15"", ""2025-07-10"", ""2025-09-01"", ""2025-08-22"", ""2025-08-13"", ""2025-07-16"", ""2025-07-30"", ""2025-08-16"", ""2025-08-07"", ""2025-08-11"", ""2025-08-28"", ""2025-08-12"", ""2025-08-16"", ""2025-08-21"", ""2025-08-31"", ""2025-08-24"", ""2025-08-27"", ""2025-08-24"", ""2025-08-26"", ""2025-08-25"", ""2025-08-18"", ""2025-08-20"", ""2025-07-30""]",2025-09-02
2025-09-04,8965.142705256156,4109.719878326512,66260.81083360541,42108.51794047706,247.67934884932623,1049.327311615028,43157.84525209209,14451.505901500444,13164.733027320985,15033.314296366678,75990.90979948522,4.098234200006118,0.0,10,10_scenario,"[188, 184, 198, 233, 240, 226, 244, 200, 203, 215, 244, 224, 242, 190, 236, 240, 231, 215, 225, 184, 212, 244, 234, 236, 230, 243, 191, 220, 239, 202]","[""2025-07-08"", ""2025-07-04"", ""2025-07-18"", ""2025-08-22"", ""2025-08-29"", ""2025-08-15"", ""2025-09-02"", ""2025-07-20"", ""2025-07-23"", ""2025-08-04"", ""2025-09-02"", ""2025-08-13"", ""2025-08-31"", ""2025-07-10"", ""2025-08-25"", ""2025-08-29"", ""2025-08-20"", ""2025-08-04"", ""2025-08-14"", ""2025-07-04"", ""2025-08-01"", ""2025-09-02"", ""2025-08-23"", ""2025-08-25"", ""2025-08-19"", ""2025-09-01"", ""2025-07-11"", ""2025-08-09"", ""2025-08-28"", ""2025-07-22""]",2025-09-03
2025-09-05,4109.719878326512,6251.268927695539,46396.42299993716,27870.750935850025,0.0,0.0,27870.750935850025,35072.96732862177,13535.78873798205,9036.594733333333,57744.78463536084,3.8025314999977127,2.598983921392778e-07,10,10_scenario,"[229, 233, 191, 187, 215, 237, 236, 245, 184, 217, 217, 190, 242, 194, 239, 236, 216, 189, 223, 212, 240, 214, 236, 245, 197, 243, 240, 236, 240, 220]","[""2025-08-18"", ""2025-08-22"", ""2025-07-11"", ""2025-07-07"", ""2025-08-04"", ""2025-08-26"", ""2025-08-25"", ""2025-09-03"", ""2025-07-04"", ""2025-08-06"", ""2025-08-06"", ""2025-07-10"", ""2025-08-31"", ""2025-07-14"", ""2025-08-28"", ""2025-08-25"", ""2025-08-05"", ""2025-07-09"", ""2025-08-12"", ""2025-08-01"", ""2025-08-29"", ""2025-08-03"", ""2025-08-25"", ""2025-09-03"", ""2025-07-17"", ""2025-09-01"", ""2025-08-29"", ""2025-08-25"", ""2025-08-29"", ""2025-08-09""]",2025-09-04
2025-09-06,6251.268927695539,9482.077567674907,44535.45647662884,26232.054672286093,0.0,0.0,26232.054672286093,30927.748661758847,15678.401783624066,9791.777668754065,70304.58969248654,6.330069099989487,5.309309953087214e-07,10,10_scenario,"[242, 245, 229, 217, 207, 228, 195, 219, 235, 244, 198, 235, 203, 200, 205, 228, 244, 242, 220, 210, 199, 218, 234, 202, 233, 206, 213, 185, 226, 244]","[""2025-08-31"", ""2025-09-03"", ""2025-08-18"", ""2025-08-06"", ""2025-07-27"", ""2025-08-17"", ""2025-07-15"", ""2025-08-08"", ""2025-08-24"", ""2025-09-02"", ""2025-07-18"", ""2025-08-24"", ""2025-07-23"", ""2025-07-20"", ""2025-07-25"", ""2025-08-17"", ""2025-09-02"", ""2025-08-31"", ""2025-08-09"", ""2025-07-30"", ""2025-07-19"", ""2025-08-07"", ""2025-08-23"", ""2025-07-22"", ""2025-08-22"", ""2025-07-26"", ""2025-08-02"", ""2025-07-05"", ""2025-08-15"", ""2025-09-02""]",2025-09-05
2025-09-07,9482.077567674907,7546.862144724533,62336.9320712589,38815.0138517633,1036.208627636911,4614.989862848464,43430.00371461177,7028.822509610311,16447.51817512729,15064.183602508443,82941.75836488504,4.695502699993085,0.0,10,10_scenario,"[234, 234, 213, 208, 222, 238, 195, 239, 237, 238, 247, 200, 193, 244, 201, 235, 229, 209, 245, 230, 242, 195, 237, 242, 226, 227, 233, 225, 234, 244]","[""2025-08-23"", ""2025-08-23"", ""2025-08-02"", ""2025-07-28"", ""2025-08-11"", ""2025-08-27"", ""2025-07-15"", ""2025-08-28"", ""2025-08-26"", ""2025-08-27"", ""2025-09-05"", ""2025-07-20"", ""2025-07-13"", ""2025-09-02"", ""2025-07-21"", ""2025-08-24"", ""2025-08-18"", ""2025-07-29"", ""2025-09-03"", ""2025-08-19"", ""2025-08-31"", ""2025-07-15"", ""2025-08-26"", ""2025-08-31"", ""2025-08-15"", ""2025-08-16"", ""2025-08-22"", ""2025-08-14"", ""2025-08-23"", ""2025-09-02""]",2025-09-06
2025-09-08,7546.862144724533,6366.963224300645,56659.694593408494,34812.83281186732,5597.875113308735,23391.981913986223,58204.81472585355,583.2301880074801,17582.521125041647,15303.751139665233,73798.67454212466,3.0274311999964993,0.0,10,10_scenario,"[237, 219, 245, 245, 240, 216, 246, 246, 240, 232, 227, 248, 194, 204, 236, 188, 196, 243, 209, 219, 218, 205, 189, 232, 202, 229, 220, 239, 224, 214]","[""2025-08-26"", ""2025-08-08"", ""2025-09-03"", ""2025-09-03"", ""2025-08-29"", ""2025-08-05"", ""2025-09-04"", ""2025-09-04"", ""2025-08-29"", ""2025-08-21"", ""2025-08-16"", ""2025-09-06"", ""2025-07-14"", ""2025-07-24"", ""2025-08-25"", ""2025-07-08"", ""2025-07-16"", ""2025-09-01"", ""2025-07-29"", ""2025-08-08"", ""2025-08-07"", ""2025-07-25"", ""2025-07-09"", ""2025-08-21"", ""2025-07-22"", ""2025-08-18"", ""2025-08-09"", ""2025-08-28"", ""2025-08-13"", ""2025-08-03""]",2025-09-07
2025-09-09,6366.963224300645,7603.586220738851,71347.46576522927,43391.68402486037,639.5999691101532,2720.0301586467863,46111.71418350715,13976.836344362415,19970.707507978706,15063.312384668367,86422.99869724714,2.447617800004082,2.390348478873048e-07,10,10_scenario,"[236, 195, 242, 232, 207, 240, 239, 189, 214, 223, 226, 231, 210, 206, 218, 222, 238, 200, 242, 208, 237, 238, 196, 206, 239, 227, 194, 235, 247, 231]","[""2025-08-25"", ""2025-07-15"", ""2025-08-31"", ""2025-08-21"", ""2025-07-27"", ""2025-08-29"", ""2025-08-28"", ""2025-07-09"", ""2025-08-03"", ""2025-08-12"", ""2025-08-15"", ""2025-08-20"", ""2025-07-30"", ""2025-07-26"", ""2025-08-07"", ""2025-08-11"", ""2025-08-27"", ""2025-07-20"", ""2025-08-31"", ""2025-07-28"", ""2025-08-26"", ""2025-08-27"", ""2025-07-16"", ""2025-07-26"", ""2025-08-28"", ""2025-08-16"", ""2025-07-14"", ""2025-08-24"", ""2025-09-05"", ""2025-08-20""]",2025-09-08
2025-09-10,7603.586220738851,7195.69227871533,64249.890464173965,39326.52176759827,2905.4664803588084,14844.60487880933,54171.1266464076,2565.759455412898,19161.596773373964,15887.99793425408,86710.4241521168,3.99950129998615,7.323335572798914e-07,10,10_scenario,"[238, 195, 234, 244, 246, 246, 249, 235, 220, 227, 239, 242, 247, 243, 225, 247, 250, 214, 201, 227, 232, 238, 205, 212, 220, 237, 229, 224, 233, 235]","[""2025-08-27"", ""2025-07-15"", ""2025-08-23"", ""2025-09-02"", ""2025-09-04"", ""2025-09-04"", ""2025-09-07"", ""2025-08-24"", ""2025-08-09"", ""2025-08-16"", ""2025-08-28"", ""2025-08-31"", ""2025-09-05"", ""2025-09-01"", ""2025-08-14"", ""2025-09-05"", ""2025-09-08"", ""2025-08-03"", ""2025-07-21"", ""2025-08-16"", ""2025-08-21"", ""2025-08-27"", ""2025-07-25"", ""2025-08-01"", ""2025-08-09"", ""2025-08-26"", ""2025-08-18"", ""2025-08-13"", ""2025-08-22"", ""2025-08-24""]",2025-09-09
2025-09-11,7195.69227871533,5311.492856051615,67766.92102040906,41986.4122088962,700.5233484955102,3087.0449187046715,45073.45712760087,13494.24288715062,16699.448309568274,15222.332611147645,69439.46700146735,1.7850973999884445,5.288725289673334e-07,10,10_scenario,"[241, 235, 239, 244, 248, 236, 231, 230, 215, 197, 214, 188, 231, 244, 244, 245, 216, 195, 239, 246, 245, 230, 215, 247, 196, 238, 247, 250, 212, 250]","[""2025-08-30"", ""2025-08-24"", ""2025-08-28"", ""2025-09-02"", ""2025-09-06"", ""2025-08-25"", ""2025-08-20"", ""2025-08-19"", ""2025-08-04"", ""2025-07-17"", ""2025-08-03"", ""2025-07-08"", ""2025-08-20"", ""2025-09-02"", ""2025-09-02"", ""2025-09-03"", ""2025-08-05"", ""2025-07-15"", ""2025-08-28"", ""2025-09-04"", ""2025-09-03"", ""2025-08-19"", ""2025-08-04"", ""2025-09-05"", ""2025-07-16"", ""2025-08-27"", ""2025-09-05"", ""2025-09-08"", ""2025-08-01"", ""2025-09-08""]",2025-09-10
2025-09-12,5311.492856051615,5863.141356020119,38441.60398734667,22645.27079864814,43.47893582357813,133.6906987007097,22778.96149734885,23949.05757728605,13094.134189013406,10109.765043129206,47736.65377000091,5.982615300017642,0.0,30,main,"[229, 250, 249, 252, 240, 219, 217, 198, 229, 234, 226, 222, 214, 249, 229, 233, 243, 250, 252, 198, 250, 238, 232, 251, 236, 194, 210, 220, 245, 209]","[""2025-08-18"", ""2025-09-08"", ""2025-09-07"", ""2025-09-10"", ""2025-08-29"", ""2025-08-08"", ""2025-08-06"", ""2025-07-18"", ""2025-08-18"", ""2025-08-23"", ""2025-08-15"", ""2025-08-11"", ""2025-08-03"", ""2025-09-07"", ""2025-08-18"", ""2025-08-22"", ""2025-09-01"", ""2025-09-08"", ""2025-09-10"", ""2025-07-18"", ""2025-09-08"", ""2025-08-27"", ""2025-08-21"", ""2025-09-09"", ""2025-08-25"", ""2025-07-14"", ""2025-07-30"", ""2025-08-09"", ""2025-09-03"", ""2025-07-29""]",2025-09-11
2025-09-13,5863.141356020119,7427.087351900303,37512.719826415356,21052.077822430783,61.54988833266492,208.22454673041807,21260.3023691612,25324.013064016413,14924.230374242703,10681.075206844424,63653.60366123774,25.27983869999298,9.655783135920126e-07,30,main,"[242, 204, 244, 249, 241, 202, 220, 248, 244, 220, 250, 240, 239, 222, 203, 252, 234, 216, 230, 241, 248, 236, 243, 229, 224, 200, 235, 199, 217, 198]","[""2025-08-31"", ""2025-07-24"", ""2025-09-02"", ""2025-09-07"", ""2025-08-30"", ""2025-07-22"", ""2025-08-09"", ""2025-09-06"", ""2025-09-02"", ""2025-08-09"", ""2025-09-08"", ""2025-08-29"", ""2025-08-28"", ""2025-08-11"", ""2025-07-23"", ""2025-09-10"", ""2025-08-23"", ""2025-08-05"", ""2025-08-19"", ""2025-08-30"", ""2025-09-06"", ""2025-08-25"", ""2025-09-01"", ""2025-08-18"", ""2025-08-13"", ""2025-07-20"", ""2025-08-24"", ""2025-07-19"", ""2025-08-06"", ""2025-07-18""]",2025-09-12
2025-09-14,7427.087351900303,7050.361705807273,59249.88753664395,36289.69441524309,4852.223589109638,25115.824030169417,61405.518445412505,886.6403570387943,18185.25842209749,15069.112403382693,80930.6351843274,2.335659200005466,0.0,10,10_scenario,"[248, 243, 229, 214, 232, 228, 253, 254, 224, 238, 244, 235, 213, 241, 240, 213, 236, 248, 233, 203, 238, 230, 222, 213, 238, 249, 235, 236, 234, 250]","[""2025-09-06"", ""2025-09-01"", ""2025-08-18"", ""2025-08-03"", ""2025-08-21"", ""2025-08-17"", ""2025-09-11"", ""2025-09-12"", ""2025-08-13"", ""2025-08-27"", ""2025-09-02"", ""2025-08-24"", ""2025-08-02"", ""2025-08-30"", ""2025-08-29"", ""2025-08-02"", ""2025-08-25"", ""2025-09-06"", ""2025-08-22"", ""2025-07-23"", ""2025-08-27"", ""2025-08-19"", ""2025-08-11"", ""2025-08-02"", ""2025-08-27"", ""2025-09-07"", ""2025-08-24"", ""2025-08-25"", ""2025-08-23"", ""2025-09-08""]",2025-09-13
2025-09-15,7050.361705807273,7270.133223374141,71679.86972425178,43709.69001856737,888.8539109600829,4123.019616247806,47832.70963481518,13400.331089923533,20545.092348130656,16443.730436175654,91588.29790180024,26.921557900001062,2.203689112481537e-08,30,main,"[206, 213, 209, 226, 245, 241, 244, 237, 255, 217, 250, 245, 250, 194, 217, 198, 253, 196, 250, 251, 232, 233, 247, 208, 239, 244, 244, 232, 204, 230]","[""2025-07-26"", ""2025-08-02"", ""2025-07-29"", ""2025-08-15"", ""2025-09-03"", ""2025-08-30"", ""2025-09-02"", ""2025-08-26"", ""2025-09-13"", ""2025-08-06"", ""2025-09-08"", ""2025-09-03"", ""2025-09-08"", ""2025-07-14"", ""2025-08-06"", ""2025-07-18"", ""2025-09-11"", ""2025-07-16"", ""2025-09-08"", ""2025-09-09"", ""2025-08-21"", ""2025-08-22"", ""2025-09-05"", ""2025-07-28"", ""2025-08-28"", ""2025-09-02"", ""2025-09-02"", ""2025-08-21"", ""2025-07-24"", ""2025-08-19""]",2025-09-14
2025-09-16,7270.133223374141,8741.221765537284,71259.50698541074,44158.25204898873,417.61158559802027,1917.7925322296355,46076.04458121837,6790.411561317067,21426.091254797604,16031.154228439234,90133.27866647861,3.2870521000004373,0.0,10,10_scenario,"[241, 250, 254, 249, 216, 248, 245, 250, 240, 228, 205, 245, 251, 223, 255, 222, 202, 231, 252, 240, 197, 229, 232, 244, 250, 209, 245, 205, 234, 254]","[""2025-08-30"", ""2025-09-08"", ""2025-09-12"", ""2025-09-07"", ""2025-08-05"", ""2025-09-06"", ""2025-09-03"", ""2025-09-08"", ""2025-08-29"", ""2025-08-17"", ""2025-07-25"", ""2025-09-03"", ""2025-09-09"", ""2025-08-12"", ""2025-09-13"", ""2025-08-11"", ""2025-07-22"", ""2025-08-20"", ""2025-09-10"", ""2025-08-29"", ""2025-07-17"", ""2025-08-18"", ""2025-08-21"", ""2025-09-02"", ""2025-09-08"", ""2025-07-29"", ""2025-09-03"", ""2025-07-25"", ""2025-08-23"", ""2025-09-12""]",2025-09-15
2025-09-17,8741.221765537284,8815.668765009588,71443.70992816126,43970.376681832015,415.12696211636,1863.399591301587,45833.776273133604,8063.098609695582,19834.829373984016,15999.209493401979,90405.81449237806,2.2304827000189107,1.6950033398771492e-09,10,10_scenario,"[257, 238, 210, 249, 231, 232, 225, 244, 194, 236, 250, 224, 248, 232, 250, 257, 230, 230, 255, 251, 242, 238, 234, 251, 256, 247, 196, 239, 252, 198]","[""2025-09-15"", ""2025-08-27"", ""2025-07-30"", ""2025-09-07"", ""2025-08-20"", ""2025-08-21"", ""2025-08-14"", ""2025-09-02"", ""2025-07-14"", ""2025-08-25"", ""2025-09-08"", ""2025-08-13"", ""2025-09-06"", ""2025-08-21"", ""2025-09-08"", ""2025-09-15"", ""2025-08-19"", ""2025-08-19"", ""2025-09-13"", ""2025-09-09"", ""2025-08-31"", ""2025-08-27"", ""2025-08-23"", ""2025-09-09"", ""2025-09-14"", ""2025-09-05"", ""2025-07-16"", ""2025-08-28"", ""2025-09-10"", ""2025-07-18""]",2025-09-16
2025-09-18,8815.668765009588,5121.43624648588,66138.05910646977,41681.21218206892,424.5119904661808,1923.6047664219157,43604.816948490836,7879.013584702822,16064.81927493578,16337.312879369325,70684.65152257888,30.004283100017346,9.585029003378498e-07,30,main,"[222, 251, 230, 223, 258, 215, 253, 249, 246, 246, 244, 235, 257, 215, 226, 211, 214, 250, 242, 253, 253, 223, 216, 245, 253, 253, 258, 221, 236, 225]","[""2025-08-11"", ""2025-09-09"", ""2025-08-19"", ""2025-08-12"", ""2025-09-16"", ""2025-08-04"", ""2025-09-11"", ""2025-09-07"", ""2025-09-04"", ""2025-09-04"", ""2025-09-02"", ""2025-08-24"", ""2025-09-15"", ""2025-08-04"", ""2025-08-15"", ""2025-07-31"", ""2025-08-03"", ""2025-09-08"", ""2025-08-31"", ""2025-09-11"", ""2025-09-11"", ""2025-08-12"", ""2025-08-05"", ""2025-09-03"", ""2025-09-11"", ""2025-09-11"", ""2025-09-16"", ""2025-08-10"", ""2025-08-25"", ""2025-08-14""]",2025-09-17
2025-09-19,5121.43624648588,6624.798377435803,41091.52910039505,23975.549726794827,9.23434652254059,19.33008777441012,23994.879814569238,20922.221619370175,14337.703121188526,10260.513610307778,49053.209118753795,13.832245800003875,3.118097558081061e-07,30,main,"[239, 249, 232, 258, 254, 227, 251, 250, 247, 259, 204, 257, 238, 254, 214, 254, 196, 250, 259, 213, 257, 254, 229, 242, 237, 212, 258, 205, 239, 242]","[""2025-08-28"", ""2025-09-07"", ""2025-08-21"", ""2025-09-16"", ""2025-09-12"", ""2025-08-16"", ""2025-09-09"", ""2025-09-08"", ""2025-09-05"", ""2025-09-17"", ""2025-07-24"", ""2025-09-15"", ""2025-08-27"", ""2025-09-12"", ""2025-08-03"", ""2025-09-12"", ""2025-07-16"", ""2025-09-08"", ""2025-09-17"", ""2025-08-02"", ""2025-09-15"", ""2025-09-12"", ""2025-08-18"", ""2025-08-31"", ""2025-08-26"", ""2025-08-01"", ""2025-09-16"", ""2025-07-25"", ""2025-08-28"", ""2025-08-31""]",2025-09-18
2025-09-20,6624.798377435803,8434.549631288835,40453.20771139149,23297.6813119111,81.15446969561003,247.43705031125157,23545.11836222235,20268.76039821426,15744.168005640964,11123.999956101456,68470.81544090035,23.96400010000798,0.0,30,main,"[227, 249, 250, 242, 257, 192, 256, 252, 223, 240, 256, 238, 256, 227, 234, 255, 253, 226, 250, 219, 254, 223, 256, 207, 216, 227, 216, 193, 223, 193]","[""2025-08-16"", ""2025-09-07"", ""2025-09-08"", ""2025-08-31"", ""2025-09-15"", ""2025-07-12"", ""2025-09-14"", ""2025-09-10"", ""2025-08-12"", ""2025-08-29"", ""2025-09-14"", ""2025-08-27"", ""2025-09-14"", ""2025-08-16"", ""2025-08-23"", ""2025-09-13"", ""2025-09-11"", ""2025-08-15"", ""2025-09-08"", ""2025-08-08"", ""2025-09-12"", ""2025-08-12"", ""2025-09-14"", ""2025-07-27"", ""2025-08-05"", ""2025-08-16"", ""2025-08-05"", ""2025-07-13"", ""2025-08-12"", ""2025-07-13""]",2025-09-19
2025-09-21,8434.549631288835,4963.717877125684,63586.628900139374,39085.70551752483,2202.3320265880684,10164.524076426274,49250.22959395111,7745.404429162369,15156.934699887282,15400.865685655535,90890.99143934537,26.840797399985604,0.0,30,main,"[249, 237, 206, 218, 206, 259, 230, 209, 249, 255, 246, 243, 246, 235, 248, 259, 252, 252, 255, 192, 258, 249, 244, 229, 253, 243, 239, 235, 232, 249]","[""2025-09-07"", ""2025-08-26"", ""2025-07-26"", ""2025-08-07"", ""2025-07-26"", ""2025-09-17"", ""2025-08-19"", ""2025-07-29"", ""2025-09-07"", ""2025-09-13"", ""2025-09-04"", ""2025-09-01"", ""2025-09-04"", ""2025-08-24"", ""2025-09-06"", ""2025-09-17"", ""2025-09-10"", ""2025-09-10"", ""2025-09-13"", ""2025-07-12"", ""2025-09-16"", ""2025-09-07"", ""2025-09-02"", ""2025-08-18"", ""2025-09-11"", ""2025-09-01"", ""2025-08-28"", ""2025-08-24"", ""2025-08-21"", ""2025-09-07""]",2025-09-20
2025-09-22,4963.717877125684,7440.977698589501,72027.46130180605,43886.19448436334,1249.4438538798072,4559.0623139068575,48445.256798270195,6120.8579546641395,22697.334096689203,16155.306779000817,91061.41743648675,3.4343442999816034,0.0,10,10_scenario,"[221, 240, 240, 252, 220, 201, 254, 230, 233, 253, 244, 231, 237, 260, 229, 246, 255, 255, 257, 247, 258, 248, 212, 225, 258, 233, 237, 256, 230, 216]","[""2025-08-10"", ""2025-08-29"", ""2025-08-29"", ""2025-09-10"", ""2025-08-09"", ""2025-07-21"", ""2025-09-12"", ""2025-08-19"", ""2025-08-22"", ""2025-09-11"", ""2025-09-02"", ""2025-08-20"", ""2025-08-26"", ""2025-09-18"", ""2025-08-18"", ""2025-09-04"", ""2025-09-13"", ""2025-09-13"", ""2025-09-15"", ""2025-09-05"", ""2025-09-16"", ""2025-09-06"", ""2025-08-01"", ""2025-08-14"", ""2025-09-16"", ""2025-08-22"", ""2025-08-26"", ""2025-09-14"", ""2025-08-19"", ""2025-08-05""]",2025-09-21
2025-09-23,7440.977698589501,6757.410962441611,73533.41091969702,45852.300886083685,710.0960735670296,2854.253621075143,48706.55450715883,9213.317221618297,18572.548688660652,15658.974500348231,94850.06549806995,6.627864300011424,0.0,10,10_scenario,"[246, 231, 243, 256, 259, 221, 233, 221, 234, 262, 229, 225, 220, 231, 254, 259, 261, 261, 244, 238, 202, 232, 240, 222, 223, 253, 205, 210, 254, 205]","[""2025-09-04"", ""2025-08-20"", ""2025-09-01"", ""2025-09-14"", ""2025-09-17"", ""2025-08-10"", ""2025-08-22"", ""2025-08-10"", ""2025-08-23"", ""2025-09-20"", ""2025-08-18"", ""2025-08-14"", ""2025-08-09"", ""2025-08-20"", ""2025-09-12"", ""2025-09-17"", ""2025-09-19"", ""2025-09-19"", ""2025-09-02"", ""2025-08-27"", ""2025-07-22"", ""2025-08-21"", ""2025-08-29"", ""2025-08-11"", ""2025-08-12"", ""2025-09-11"", ""2025-07-25"", ""2025-07-30"", ""2025-09-12"", ""2025-07-25""]",2025-09-22
2025-09-24,6757.410962441611,8920.213466394165,74878.32512688225,45968.278937724564,518.5505806293447,1867.6512566394724,47835.93019436404,8115.721683380318,22481.087739863087,16263.158815731807,93214.94893672712,4.162902699987171,0.0,10,10_scenario,"[247, 204, 221, 205, 231, 238, 253, 264, 264, 257, 203, 234, 240, 237, 264, 257, 264, 242, 254, 262, 247, 255, 230, 249, 247, 203, 256, 257, 203, 254]","[""2025-09-05"", ""2025-07-24"", ""2025-08-10"", ""2025-07-25"", ""2025-08-20"", ""2025-08-27"", ""2025-09-11"", ""2025-09-22"", ""2025-09-22"", ""2025-09-15"", ""2025-07-23"", ""2025-08-23"", ""2025-08-29"", ""2025-08-26"", ""2025-09-22"", ""2025-09-15"", ""2025-09-22"", ""2025-08-31"", ""2025-09-12"", ""2025-09-20"", ""2025-09-05"", ""2025-09-13"", ""2025-08-19"", ""2025-09-07"", ""2025-09-05"", ""2025-07-23"", ""2025-09-14"", ""2025-09-15"", ""2025-07-23"", ""2025-09-12""]",2025-09-23
2025-09-25,8920.213466394165,6055.930950030266,69526.03914047488,43630.00281367815,763.0342209034852,3236.203813077622,46866.20662675577,9522.27804884709,15837.89830136203,15406.551888830756,73529.34060475467,20.71323150000535,9.628834866421013e-07,30,main,"[258, 203, 261, 248, 253, 264, 264, 253, 265, 240, 250, 261, 250, 245, 259, 218, 220, 249, 205, 219, 248, 257, 230, 264, 215, 235, 264, 239, 233, 239]","[""2025-09-16"", ""2025-07-23"", ""2025-09-19"", ""2025-09-06"", ""2025-09-11"", ""2025-09-22"", ""2025-09-22"", ""2025-09-11"", ""2025-09-23"", ""2025-08-29"", ""2025-09-08"", ""2025-09-19"", ""2025-09-08"", ""2025-09-03"", ""2025-09-17"", ""2025-08-07"", ""2025-08-09"", ""2025-09-07"", ""2025-07-25"", ""2025-08-08"", ""2025-09-06"", ""2025-09-15"", ""2025-08-19"", ""2025-09-22"", ""2025-08-04"", ""2025-08-24"", ""2025-09-22"", ""2025-08-28"", ""2025-08-22"", ""2025-08-28""]",2025-09-24
2025-09-26,6055.930950030266,7309.911083068685,42003.34131160706,24584.965917008536,0.0,0.0,24584.965917008536,20431.913989965295,14466.324746879949,10589.140925238185,50702.36944242775,11.859296500013443,0.0,30,main,"[222, 264, 225, 246, 241, 251, 254, 258, 224, 231, 223, 226, 233, 229, 256, 239, 258, 224, 262, 251, 234, 229, 265, 227, 245, 258, 261, 251, 204, 264]","[""2025-08-11"", ""2025-09-22"", ""2025-08-14"", ""2025-09-04"", ""2025-08-30"", ""2025-09-09"", ""2025-09-12"", ""2025-09-16"", ""2025-08-13"", ""2025-08-20"", ""2025-08-12"", ""2025-08-15"", ""2025-08-22"", ""2025-08-18"", ""2025-09-14"", ""2025-08-28"", ""2025-09-16"", ""2025-08-13"", ""2025-09-20"", ""2025-09-09"", ""2025-08-23"", ""2025-08-18"", ""2025-09-23"", ""2025-08-16"", ""2025-09-03"", ""2025-09-16"", ""2025-09-19"", ""2025-09-09"", ""2025-07-24"", ""2025-09-22""]",2025-09-25
2025-09-27,7309.911083068685,7194.961011965684,37049.41610868134,21035.233916445715,321.7087547189038,1211.773565923005,22247.00748236872,16809.549620393245,15072.252931577383,12311.979938570379,67904.18460762082,20.759722600021632,1.0777570114700431e-07,30,main,"[249, 258, 229, 214, 224, 200, 260, 238, 238, 265, 241, 266, 257, 216, 240, 254, 241, 234, 232, 226, 240, 241, 223, 244, 230, 243, 218, 262, 245, 233]","[""2025-09-07"", ""2025-09-16"", ""2025-08-18"", ""2025-08-03"", ""2025-08-13"", ""2025-07-20"", ""2025-09-18"", ""2025-08-27"", ""2025-08-27"", ""2025-09-23"", ""2025-08-30"", ""2025-09-24"", ""2025-09-15"", ""2025-08-05"", ""2025-08-29"", ""2025-09-12"", ""2025-08-30"", ""2025-08-23"", ""2025-08-21"", ""2025-08-15"", ""2025-08-29"", ""2025-08-30"", ""2025-08-12"", ""2025-09-02"", ""2025-08-19"", ""2025-09-01"", ""2025-08-07"", ""2025-09-20"", ""2025-09-03"", ""2025-08-22""]",2025-09-26
2025-09-28,7194.961011965684,7876.138546533544,68144.49908247175,41580.81378572009,2386.012370400569,10363.684459251986,51944.49824497208,2250.551386563836,21996.163781740805,17203.832882098977,90935.39566917467,2.2143918000219855,0.0,10,10_scenario,"[229, 259, 222, 235, 257, 233, 254, 263, 260, 255, 222, 248, 246, 255, 223, 239, 262, 258, 232, 264, 233, 253, 220, 255, 227, 267, 200, 262, 265, 262]","[""2025-08-18"", ""2025-09-17"", ""2025-08-11"", ""2025-08-24"", ""2025-09-15"", ""2025-08-22"", ""2025-09-12"", ""2025-09-21"", ""2025-09-18"", ""2025-09-13"", ""2025-08-11"", ""2025-09-06"", ""2025-09-04"", ""2025-09-13"", ""2025-08-12"", ""2025-08-28"", ""2025-09-20"", ""2025-09-16"", ""2025-08-21"", ""2025-09-22"", ""2025-08-22"", ""2025-09-11"", ""2025-08-09"", ""2025-09-13"", ""2025-08-16"", ""2025-09-25"", ""2025-07-20"", ""2025-09-20"", ""2025-09-23"", ""2025-09-20""]",2025-09-27
2025-09-29,7876.138546533544,8210.891348965375,74400.44687771227,45842.91299011517,614.5635257056281,2745.4447491045657,48588.35773921973,7951.446410300825,21065.236162781213,16761.563769664135,96890.02670039597,21.8319557000068,7.795661500015745e-07,30,main,"[261, 255, 226, 258, 215, 219, 269, 267, 265, 253, 253, 268, 257, 259, 264, 264, 266, 219, 262, 240, 242, 263, 267, 266, 243, 221, 248, 264, 268, 267]","[""2025-09-19"", ""2025-09-13"", ""2025-08-15"", ""2025-09-16"", ""2025-08-04"", ""2025-08-08"", ""2025-09-27"", ""2025-09-25"", ""2025-09-23"", ""2025-09-11"", ""2025-09-11"", ""2025-09-26"", ""2025-09-15"", ""2025-09-17"", ""2025-09-22"", ""2025-09-22"", ""2025-09-24"", ""2025-08-08"", ""2025-09-20"", ""2025-08-29"", ""2025-08-31"", ""2025-09-21"", ""2025-09-25"", ""2025-09-24"", ""2025-09-01"", ""2025-08-10"", ""2025-09-06"", ""2025-09-22"", ""2025-09-26"", ""2025-09-25""]",2025-09-28
2025-09-30,8210.891348965375,8931.436697577466,76148.445498808,47698.22867972011,612.1189983493924,2667.4595053720877,50365.68818509219,6716.801906539197,20911.03689579286,16289.449071841336,98678.81742834076,4.981933200004278,9.221100574608934e-07,10,10_scenario,"[249, 264, 243, 250, 241, 228, 254, 270, 265, 266, 253, 236, 238, 254, 210, 237, 261, 265, 217, 265, 263, 227, 221, 228, 257, 260, 210, 268, 243, 253]","[""2025-09-07"", ""2025-09-22"", ""2025-09-01"", ""2025-09-08"", ""2025-08-30"", ""2025-08-17"", ""2025-09-12"", ""2025-09-28"", ""2025-09-23"", ""2025-09-24"", ""2025-09-11"", ""2025-08-25"", ""2025-08-27"", ""2025-09-12"", ""2025-07-30"", ""2025-08-26"", ""2025-09-19"", ""2025-09-23"", ""2025-08-06"", ""2025-09-23"", ""2025-09-21"", ""2025-08-16"", ""2025-08-10"", ""2025-08-17"", ""2025-09-15"", ""2025-09-18"", ""2025-07-30"", ""2025-09-26"", ""2025-09-01"", ""2025-09-11""]",2025-09-29
2025-10-01,8931.436697577466,8288.234870463824,73545.97945140445,45877.49384182093,80.76863433543343,186.55581381217365,46064.0496556331,21561.725883169842,15696.749019152609,13293.248349915892,99365.88374362988,15.385613299993565,8.830358402395247e-07,30,main,"[263, 245, 267, 241, 243, 234, 255, 264, 268, 268, 264, 230, 217, 258, 248, 224, 209, 265, 252, 216, 216, 255, 254, 246, 244, 271, 248, 268, 265, 252]","[""2025-09-21"", ""2025-09-03"", ""2025-09-25"", ""2025-08-30"", ""2025-09-01"", ""2025-08-23"", ""2025-09-13"", ""2025-09-22"", ""2025-09-26"", ""2025-09-26"", ""2025-09-22"", ""2025-08-19"", ""2025-08-06"", ""2025-09-16"", ""2025-09-06"", ""2025-08-13"", ""2025-07-29"", ""2025-09-23"", ""2025-09-10"", ""2025-08-05"", ""2025-08-05"", ""2025-09-13"", ""2025-09-12"", ""2025-09-04"", ""2025-09-02"", ""2025-09-29"", ""2025-09-06"", ""2025-09-26"", ""2025-09-23"", ""2025-09-10""]",2025-09-30
2025-10-02,8288.234870463824,6046.889761575064,67857.65806762062,42557.48495867547,121.72482555495846,272.5987153790952,42830.083674054564,15194.838527538206,16163.00972089788,15109.248471927167,71966.56749354517,27.488199599989457,0.0,30,main,"[240, 224, 240, 256, 246, 268, 229, 270, 237, 215, 248, 227, 209, 237, 271, 248, 234, 251, 257, 225, 250, 243, 268, 222, 269, 271, 271, 239, 260, 233]","[""2025-08-29"", ""2025-08-13"", ""2025-08-29"", ""2025-09-14"", ""2025-09-04"", ""2025-09-26"", ""2025-08-18"", ""2025-09-28"", ""2025-08-26"", ""2025-08-04"", ""2025-09-06"", ""2025-08-16"", ""2025-07-29"", ""2025-08-26"", ""2025-09-29"", ""2025-09-06"", ""2025-08-23"", ""2025-09-09"", ""2025-09-15"", ""2025-08-14"", ""2025-09-08"", ""2025-09-01"", ""2025-09-26"", ""2025-08-11"", ""2025-09-27"", ""2025-09-29"", ""2025-09-29"", ""2025-08-28"", ""2025-09-18"", ""2025-08-22""]",2025-10-01
2025-10-03,6046.889761575064,7196.260941065861,38688.6892010006,22094.599117382048,2.2341562320143,4.779977258394594,22099.37909464044,27231.72331099461,13724.275182612066,10082.228836374059,46313.03440573742,1.7217866000137292,1.9258305802559932e-07,10,10_scenario,"[233, 225, 253, 273, 259, 222, 273, 244, 244, 270, 255, 273, 216, 259, 219, 217, 234, 265, 272, 273, 240, 273, 270, 237, 271, 227, 259, 267, 224, 266]","[""2025-08-22"", ""2025-08-14"", ""2025-09-11"", ""2025-10-01"", ""2025-09-17"", ""2025-08-11"", ""2025-10-01"", ""2025-09-02"", ""2025-09-02"", ""2025-09-28"", ""2025-09-13"", ""2025-10-01"", ""2025-08-05"", ""2025-09-17"", ""2025-08-08"", ""2025-08-06"", ""2025-08-23"", ""2025-09-23"", ""2025-09-30"", ""2025-10-01"", ""2025-08-29"", ""2025-10-01"", ""2025-09-28"", ""2025-08-26"", ""2025-09-29"", ""2025-08-16"", ""2025-09-17"", ""2025-09-25"", ""2025-08-13"", ""2025-09-24""]",2025-10-02
2025-10-04,7196.260941065861,9376.221455187853,38942.075823587795,22039.42881642141,18.091301046328,39.755634049305776,22079.184450470715,20910.704927546198,15744.817373920001,10791.337610165407,66530.7034368019,2.4665397999924608,1.1005632514248087e-08,10,10_scenario,"[250, 249, 252, 267, 254, 257, 258, 246, 214, 261, 260, 235, 251, 231, 266, 248, 263, 269, 262, 269, 222, 233, 224, 235, 252, 274, 247, 259, 234, 244]","[""2025-09-08"", ""2025-09-07"", ""2025-09-10"", ""2025-09-25"", ""2025-09-12"", ""2025-09-15"", ""2025-09-16"", ""2025-09-04"", ""2025-08-03"", ""2025-09-19"", ""2025-09-18"", ""2025-08-24"", ""2025-09-09"", ""2025-08-20"", ""2025-09-24"", ""2025-09-06"", ""2025-09-21"", ""2025-09-27"", ""2025-09-20"", ""2025-09-27"", ""2025-08-11"", ""2025-08-22"", ""2025-08-13"", ""2025-08-24"", ""2025-09-10"", ""2025-10-02"", ""2025-09-05"", ""2025-09-17"", ""2025-08-23"", ""2025-09-02""]",2025-10-03
2025-10-05,9376.221455187853,7801.987749299819,64831.21621253538,39543.51390571437,728.6942198223313,2452.326529921965,41995.84043563633,8822.406704129793,17991.33156242357,15989.788900862324,91557.63744227642,25.112280200002715,0.0,30,main,"[223, 243, 241, 222, 206, 249, 268, 251, 260, 232, 268, 273, 269, 237, 273, 258, 241, 268, 269, 269, 266, 222, 241, 268, 262, 267, 250, 264, 223, 246]","[""2025-08-12"", ""2025-09-01"", ""2025-08-30"", ""2025-08-11"", ""2025-07-26"", ""2025-09-07"", ""2025-09-26"", ""2025-09-09"", ""2025-09-18"", ""2025-08-21"", ""2025-09-26"", ""2025-10-01"", ""2025-09-27"", ""2025-08-26"", ""2025-10-01"", ""2025-09-16"", ""2025-08-30"", ""2025-09-26"", ""2025-09-27"", ""2025-09-27"", ""2025-09-24"", ""2025-08-11"", ""2025-08-30"", ""2025-09-26"", ""2025-09-20"", ""2025-09-25"", ""2025-09-08"", ""2025-09-22"", ""2025-08-12"", ""2025-09-04""]",2025-10-04
2025-10-06,7801.987749299819,7861.999132072486,68859.13958199832,42318.46936345566,333.20653480347187,981.6964461281268,43300.165809583785,7723.211776717077,19379.025503101715,15643.000413016993,92331.0181479102,26.676806299976306,9.719043578668433e-07,30,main,"[247, 248, 271, 242, 247, 240, 254, 275, 266, 257, 276, 243, 229, 255, 252, 241, 259, 275, 232, 247, 219, 269, 268, 275, 246, 261, 261, 275, 271, 272]","[""2025-09-05"", ""2025-09-06"", ""2025-09-29"", ""2025-08-31"", ""2025-09-05"", ""2025-08-29"", ""2025-09-12"", ""2025-10-03"", ""2025-09-24"", ""2025-09-15"", ""2025-10-04"", ""2025-09-01"", ""2025-08-18"", ""2025-09-13"", ""2025-09-10"", ""2025-08-30"", ""2025-09-17"", ""2025-10-03"", ""2025-08-21"", ""2025-09-05"", ""2025-08-08"", ""2025-09-27"", ""2025-09-26"", ""2025-10-03"", ""2025-09-04"", ""2025-09-19"", ""2025-09-19"", ""2025-10-03"", ""2025-09-29"", ""2025-09-30""]",2025-10-05
2025-10-07,7861.999132072486,7670.796130104575,70235.39830094358,43839.69581086288,54.04071301239027,186.1796497915158,44025.875460654395,9124.407376645639,18766.05967937602,15372.591042065695,88148.70917116317,1.592433300014818,0.0,10,10_scenario,"[232, 274, 266, 241, 232, 271, 275, 270, 266, 228, 254, 268, 269, 257, 266, 266, 240, 222, 215, 272, 254, 232, 217, 275, 277, 253, 260, 264, 267, 276]","[""2025-08-21"", ""2025-10-02"", ""2025-09-24"", ""2025-08-30"", ""2025-08-21"", ""2025-09-29"", ""2025-10-03"", ""2025-09-28"", ""2025-09-24"", ""2025-08-17"", ""2025-09-12"", ""2025-09-26"", ""2025-09-27"", ""2025-09-15"", ""2025-09-24"", ""2025-09-24"", ""2025-08-29"", ""2025-08-11"", ""2025-08-04"", ""2025-09-30"", ""2025-09-12"", ""2025-08-21"", ""2025-08-06"", ""2025-10-03"", ""2025-10-05"", ""2025-09-11"", ""2025-09-18"", ""2025-09-22"", ""2025-09-25"", ""2025-10-04""]",2025-10-06
2025-10-08,7670.796130104575,6504.799456472525,62443.557470006475,37524.226717454345,1479.319573284166,7180.737230414505,44704.96394786885,4786.558668596768,19511.682706821288,16853.85999879409,82507.6477586773,6.754143800004385,7.393841631131848e-07,10,10_scenario,"[274, 255, 274, 278, 275, 242, 269, 278, 265, 276, 217, 250, 251, 253, 233, 218, 271, 258, 273, 256, 247, 265, 271, 268, 269, 275, 257, 265, 262, 240]","[""2025-10-02"", ""2025-09-13"", ""2025-10-02"", ""2025-10-06"", ""2025-10-03"", ""2025-08-31"", ""2025-09-27"", ""2025-10-06"", ""2025-09-23"", ""2025-10-04"", ""2025-08-06"", ""2025-09-08"", ""2025-09-09"", ""2025-09-11"", ""2025-08-22"", ""2025-08-07"", ""2025-09-29"", ""2025-09-16"", ""2025-10-01"", ""2025-09-14"", ""2025-09-05"", ""2025-09-23"", ""2025-09-29"", ""2025-09-26"", ""2025-09-27"", ""2025-10-03"", ""2025-09-15"", ""2025-09-23"", ""2025-09-20"", ""2025-08-29""]",2025-10-07
2025-10-09,6504.799456472525,5816.590467845439,63421.060283986866,38324.353900262126,1149.1059375637424,5388.723964556407,43713.07786481853,5724.812506265442,19498.73748271692,16413.365450765083,62179.73739171587,1.9337561000138521,0.0,10,10_scenario,"[279, 274, 219, 241, 231, 240, 271, 257, 277, 219, 233, 250, 270, 250, 273, 263, 274, 225, 279, 271, 271, 278, 251, 264, 268, 279, 264, 266, 271, 258]","[""2025-10-07"", ""2025-10-02"", ""2025-08-08"", ""2025-08-30"", ""2025-08-20"", ""2025-08-29"", ""2025-09-29"", ""2025-09-15"", ""2025-10-05"", ""2025-08-08"", ""2025-08-22"", ""2025-09-08"", ""2025-09-28"", ""2025-09-08"", ""2025-10-01"", ""2025-09-21"", ""2025-10-02"", ""2025-08-14"", ""2025-10-07"", ""2025-09-29"", ""2025-09-29"", ""2025-10-06"", ""2025-09-09"", ""2025-09-22"", ""2025-09-26"", ""2025-10-07"", ""2025-09-22"", ""2025-09-24"", ""2025-09-29"", ""2025-09-16""]",2025-10-08
2025-10-10,5816.590467845439,7375.678476492089,37883.97237807812,20896.18789376766,27.08950178825404,80.53596293995837,20976.723856707617,24221.761644500337,15486.895320617841,11141.206001918468,42814.21086236632,2.5552678999956697,1.699425837270071e-16,10,10_scenario,"[238, 271, 278, 259, 264, 260, 274, 256, 278, 273, 277, 271, 272, 232, 278, 229, 279, 261, 270, 245, 249, 260, 263, 219, 257, 272, 240, 253, 278, 280]","[""2025-08-27"", ""2025-09-29"", ""2025-10-06"", ""2025-09-17"", ""2025-09-22"", ""2025-09-18"", ""2025-10-02"", ""2025-09-14"", ""2025-10-06"", ""2025-10-01"", ""2025-10-05"", ""2025-09-29"", ""2025-09-30"", ""2025-08-21"", ""2025-10-06"", ""2025-08-18"", ""2025-10-07"", ""2025-09-19"", ""2025-09-28"", ""2025-09-03"", ""2025-09-07"", ""2025-09-18"", ""2025-09-21"", ""2025-08-08"", ""2025-09-15"", ""2025-09-30"", ""2025-08-29"", ""2025-09-11"", ""2025-10-06"", ""2025-10-08""]",2025-10-09
2025-10-11,7375.678476492089,9775.247615895401,38569.83616084332,20773.680751809246,70.76880794797074,151.19044717984343,20924.87119898909,19087.818949682398,17299.264264803027,11852.791829027474,59150.83903729074,0.799360400007572,1.2300683697143182e-16,10,10_scenario,"[229, 275, 242, 273, 267, 257, 267, 274, 271, 280, 261, 276, 241, 263, 265, 268, 213, 251, 254, 280, 246, 250, 239, 246, 274, 256, 271, 258, 213, 271]","[""2025-08-18"", ""2025-10-03"", ""2025-08-31"", ""2025-10-01"", ""2025-09-25"", ""2025-09-15"", ""2025-09-25"", ""2025-10-02"", ""2025-09-29"", ""2025-10-08"", ""2025-09-19"", ""2025-10-04"", ""2025-08-30"", ""2025-09-21"", ""2025-09-23"", ""2025-09-26"", ""2025-08-02"", ""2025-09-09"", ""2025-09-12"", ""2025-10-08"", ""2025-09-04"", ""2025-09-08"", ""2025-08-28"", ""2025-09-04"", ""2025-10-02"", ""2025-09-14"", ""2025-09-29"", ""2025-09-16"", ""2025-08-02"", ""2025-09-29""]",2025-10-10
2025-10-12,9775.247615895401,7216.757853779707,63687.82876377378,38414.676700391894,1270.1631076453682,6335.420346508514,44750.09704690041,5380.192858373799,17713.07271376923,16650.22968405721,88150.41038301354,28.364988500019535,9.647843437764481e-07,30,main,"[238, 270, 268, 267, 251, 277, 262, 257, 274, 282, 241, 253, 241, 255, 256, 275, 248, 277, 239, 266, 228, 277, 260, 273, 255, 266, 276, 270, 230, 272]","[""2025-08-27"", ""2025-09-28"", ""2025-09-26"", ""2025-09-25"", ""2025-09-09"", ""2025-10-05"", ""2025-09-20"", ""2025-09-15"", ""2025-10-02"", ""2025-10-10"", ""2025-08-30"", ""2025-09-11"", ""2025-08-30"", ""2025-09-13"", ""2025-09-14"", ""2025-10-03"", ""2025-09-06"", ""2025-10-05"", ""2025-08-28"", ""2025-09-24"", ""2025-08-17"", ""2025-10-05"", ""2025-09-18"", ""2025-10-01"", ""2025-09-13"", ""2025-09-24"", ""2025-10-04"", ""2025-09-28"", ""2025-08-19"", ""2025-09-30""]",2025-10-11
2025-10-13,7216.757853779707,8077.169285966498,68120.64646831469,41344.51118618222,422.8072518105618,1769.0780386768415,43113.58922485906,6726.371821897905,21133.243732943403,16343.557134716048,87775.23444868343,3.8692021000024397,9.752863188977382e-07,10,10_scenario,"[238, 274, 274, 243, 257, 279, 251, 272, 248, 259, 268, 279, 264, 273, 275, 280, 257, 273, 263, 274, 257, 225, 251, 255, 271, 272, 234, 268, 279, 282]","[""2025-08-27"", ""2025-10-02"", ""2025-10-02"", ""2025-09-01"", ""2025-09-15"", ""2025-10-07"", ""2025-09-09"", ""2025-09-30"", ""2025-09-06"", ""2025-09-17"", ""2025-09-26"", ""2025-10-07"", ""2025-09-22"", ""2025-10-01"", ""2025-10-03"", ""2025-10-08"", ""2025-09-15"", ""2025-10-01"", ""2025-09-21"", ""2025-10-02"", ""2025-09-15"", ""2025-08-14"", ""2025-09-09"", ""2025-09-13"", ""2025-09-29"", ""2025-09-30"", ""2025-08-23"", ""2025-09-26"", ""2025-10-07"", ""2025-10-10""]",2025-10-12
2025-10-14,8077.169285966498,8132.184471312725,68463.04818714371,41735.916238679536,786.5847702631513,3108.5594211954394,44844.475659874974,4487.799538716256,20728.89720287193,16740.89306751466,89914.21207463412,14.569845899997745,5.868198123105168e-08,10,10_scenario,"[243, 233, 249, 271, 273, 259, 251, 257, 276, 250, 279, 231, 260, 274, 280, 226, 225, 275, 247, 258, 262, 257, 278, 280, 275, 232, 269, 282, 232, 283]","[""2025-09-01"", ""2025-08-22"", ""2025-09-07"", ""2025-09-29"", ""2025-10-01"", ""2025-09-17"", ""2025-09-09"", ""2025-09-15"", ""2025-10-04"", ""2025-09-08"", ""2025-10-07"", ""2025-08-20"", ""2025-09-18"", ""2025-10-02"", ""2025-10-08"", ""2025-08-15"", ""2025-08-14"", ""2025-10-03"", ""2025-09-05"", ""2025-09-16"", ""2025-09-20"", ""2025-09-15"", ""2025-10-06"", ""2025-10-08"", ""2025-10-03"", ""2025-08-21"", ""2025-09-27"", ""2025-10-10"", ""2025-08-21"", ""2025-10-11""]",2025-10-13
2025-10-15,8132.184471312725,7487.846874493515,70324.7437987976,42980.0947713309,394.26046424204515,1694.3045417011383,44674.39931303204,5696.064910620929,19383.26073450539,16280.345032086656,89885.72416684021,27.642600899998797,9.87944410526938e-07,30,main,"[274, 265, 275, 268, 267, 277, 237, 282, 261, 265, 278, 270, 243, 283, 285, 264, 285, 250, 240, 277, 237, 243, 274, 231, 270, 265, 267, 230, 284, 258]","[""2025-10-02"", ""2025-09-23"", ""2025-10-03"", ""2025-09-26"", ""2025-09-25"", ""2025-10-05"", ""2025-08-26"", ""2025-10-10"", ""2025-09-19"", ""2025-09-23"", ""2025-10-06"", ""2025-09-28"", ""2025-09-01"", ""2025-10-11"", ""2025-10-13"", ""2025-09-22"", ""2025-10-13"", ""2025-09-08"", ""2025-08-29"", ""2025-10-05"", ""2025-08-26"", ""2025-09-01"", ""2025-10-02"", ""2025-08-20"", ""2025-09-28"", ""2025-09-23"", ""2025-09-25"", ""2025-08-19"", ""2025-10-12"", ""2025-09-16""]",2025-10-14
2025-10-16,7487.846874493515,5080.338105930918,67444.54241297804,41713.74197400728,1593.3443603569497,6528.61914672361,48242.36112073089,4790.481821578123,18145.736281385274,16864.804279628413,67929.42489341946,29.474565300013637,9.312808316704075e-07,30,main,"[265, 246, 275, 271, 273, 273, 243, 267, 257, 266, 274, 262, 265, 280, 273, 245, 249, 274, 274, 262, 231, 281, 275, 271, 284, 276, 233, 257, 253, 264]","[""2025-09-23"", ""2025-09-04"", ""2025-10-03"", ""2025-09-29"", ""2025-10-01"", ""2025-10-01"", ""2025-09-01"", ""2025-09-25"", ""2025-09-15"", ""2025-09-24"", ""2025-10-02"", ""2025-09-20"", ""2025-09-23"", ""2025-10-08"", ""2025-10-01"", ""2025-09-03"", ""2025-09-07"", ""2025-10-02"", ""2025-10-02"", ""2025-09-20"", ""2025-08-20"", ""2025-10-09"", ""2025-10-03"", ""2025-09-29"", ""2025-10-12"", ""2025-10-04"", ""2025-08-22"", ""2025-09-15"", ""2025-09-11"", ""2025-09-22""]",2025-10-15
2025-10-17,5080.338105930918,8407.317262153483,41615.20834529378,22692.06059440881,0.0,0.0,22692.06059440881,19240.131770991105,17771.55798439846,11400.680726762446,44581.19445232083,12.898357100028079,6.084005433483881e-07,30,main,"[287, 278, 269, 287, 229, 268, 242, 279, 280, 279, 258, 272, 280, 285, 255, 274, 265, 280, 285, 272, 261, 280, 287, 260, 271, 277, 272, 248, 285, 276]","[""2025-10-15"", ""2025-10-06"", ""2025-09-27"", ""2025-10-15"", ""2025-08-18"", ""2025-09-26"", ""2025-08-31"", ""2025-10-07"", ""2025-10-08"", ""2025-10-07"", ""2025-09-16"", ""2025-09-30"", ""2025-10-08"", ""2025-10-13"", ""2025-09-13"", ""2025-10-02"", ""2025-09-23"", ""2025-10-08"", ""2025-10-13"", ""2025-09-30"", ""2025-09-19"", ""2025-10-08"", ""2025-10-15"", ""2025-09-18"", ""2025-09-29"", ""2025-10-05"", ""2025-09-30"", ""2025-09-06"", ""2025-10-13"", ""2025-10-04""]",2025-10-16
2025-10-18,8407.317262153483,10658.649995424945,38516.563014633444,20726.747348985285,15.765516383536124,34.345038807090575,20761.092387792378,17044.68864442956,17814.98505250755,12403.938432586798,66953.95039232326,29.319308599981014,9.56070619425357e-08,30,main,"[267, 255, 221, 233, 274, 267, 284, 276, 238, 266, 263, 282, 228, 277, 283, 240, 220, 283, 254, 251, 242, 277, 249, 239, 268, 281, 239, 272, 288, 278]","[""2025-09-25"", ""2025-09-13"", ""2025-08-10"", ""2025-08-22"", ""2025-10-02"", ""2025-09-25"", ""2025-10-12"", ""2025-10-04"", ""2025-08-27"", ""2025-09-24"", ""2025-09-21"", ""2025-10-10"", ""2025-08-17"", ""2025-10-05"", ""2025-10-11"", ""2025-08-29"", ""2025-08-09"", ""2025-10-11"", ""2025-09-12"", ""2025-09-09"", ""2025-08-31"", ""2025-10-05"", ""2025-09-07"", ""2025-08-28"", ""2025-09-26"", ""2025-10-09"", ""2025-08-28"", ""2025-09-30"", ""2025-10-16"", ""2025-10-06""]",2025-10-17
2025-10-19,10658.649995424945,8537.939703075626,62845.94786768773,38138.96376002414,4721.736367374151,21568.395566348954,59707.359326373095,2028.7974271594778,18746.334408860333,17093.170134291257,85609.76083099518,0.7806215999880806,5.47707127421847e-07,10,10_scenario,"[264, 283, 280, 282, 267, 276, 282, 275, 288, 274, 283, 286, 285, 227, 274, 288, 273, 272, 264, 279, 260, 273, 270, 282, 279, 254, 252, 264, 262, 285]","[""2025-09-22"", ""2025-10-11"", ""2025-10-08"", ""2025-10-10"", ""2025-09-25"", ""2025-10-04"", ""2025-10-10"", ""2025-10-03"", ""2025-10-16"", ""2025-10-02"", ""2025-10-11"", ""2025-10-14"", ""2025-10-13"", ""2025-08-16"", ""2025-10-02"", ""2025-10-16"", ""2025-10-01"", ""2025-09-30"", ""2025-09-22"", ""2025-10-07"", ""2025-09-18"", ""2025-10-01"", ""2025-09-28"", ""2025-10-10"", ""2025-10-07"", ""2025-09-12"", ""2025-09-10"", ""2025-09-22"", ""2025-09-20"", ""2025-10-13""]",2025-10-18
2025-10-20,8537.939703075626,6552.664045127069,68966.58480480155,42799.0679046681,1072.5743162163408,4975.094897136247,47774.16280180435,3768.57846097797,19034.45466066819,17204.656367294938,94095.50040847824,3.753931199986255,9.372139789718847e-07,10,10_scenario,"[290, 286, 288, 262, 278, 273, 289, 269, 268, 272, 273, 252, 236, 278, 256, 265, 229, 286, 252, 245, 277, 255, 287, 289, 259, 288, 281, 269, 280, 287]","[""2025-10-18"", ""2025-10-14"", ""2025-10-16"", ""2025-09-20"", ""2025-10-06"", ""2025-10-01"", ""2025-10-17"", ""2025-09-27"", ""2025-09-26"", ""2025-09-30"", ""2025-10-01"", ""2025-09-10"", ""2025-08-25"", ""2025-10-06"", ""2025-09-14"", ""2025-09-23"", ""2025-08-18"", ""2025-10-14"", ""2025-09-10"", ""2025-09-03"", ""2025-10-05"", ""2025-09-13"", ""2025-10-15"", ""2025-10-17"", ""2025-09-17"", ""2025-10-16"", ""2025-10-09"", ""2025-09-27"", ""2025-10-08"", ""2025-10-15""]",2025-10-19
2025-10-21,6552.664045127069,8601.706370435786,75934.82881769864,46904.10611599788,419.1705692541208,1410.8170813675129,48314.92319736539,3828.346945849813,22204.910517500546,16141.839426397597,95062.5692591184,3.9683347000100184,8.160055830941722e-07,10,10_scenario,"[246, 265, 285, 291, 283, 289, 289, 237, 284, 260, 284, 281, 275, 282, 254, 271, 289, 260, 288, 249, 289, 291, 250, 268, 233, 287, 244, 288, 285, 240]","[""2025-09-04"", ""2025-09-23"", ""2025-10-13"", ""2025-10-19"", ""2025-10-11"", ""2025-10-17"", ""2025-10-17"", ""2025-08-26"", ""2025-10-12"", ""2025-09-18"", ""2025-10-12"", ""2025-10-09"", ""2025-10-03"", ""2025-10-10"", ""2025-09-12"", ""2025-09-29"", ""2025-10-17"", ""2025-09-18"", ""2025-10-16"", ""2025-09-07"", ""2025-10-17"", ""2025-10-19"", ""2025-09-08"", ""2025-09-26"", ""2025-08-22"", ""2025-10-15"", ""2025-09-02"", ""2025-10-16"", ""2025-10-13"", ""2025-08-29""]",2025-10-20
2025-10-22,8601.706370435786,8232.415071501035,75365.28580800707,46281.870155137396,862.8398969056982,4189.261220398722,50471.13137553612,7255.356202442563,19738.078797428974,16320.205994958747,98217.10082481697,25.285082300018985,0.0,30,main,"[279, 245, 286, 286, 279, 262, 244, 272, 229, 292, 273, 260, 281, 273, 239, 282, 232, 292, 236, 259, 266, 249, 264, 259, 248, 289, 271, 289, 251, 275]","[""2025-10-07"", ""2025-09-03"", ""2025-10-14"", ""2025-10-14"", ""2025-10-07"", ""2025-09-20"", ""2025-09-02"", ""2025-09-30"", ""2025-08-18"", ""2025-10-20"", ""2025-10-01"", ""2025-09-18"", ""2025-10-09"", ""2025-10-01"", ""2025-08-28"", ""2025-10-10"", ""2025-08-21"", ""2025-10-20"", ""2025-08-25"", ""2025-09-17"", ""2025-09-24"", ""2025-09-07"", ""2025-09-22"", ""2025-09-17"", ""2025-09-06"", ""2025-10-17"", ""2025-09-29"", ""2025-10-17"", ""2025-09-09"", ""2025-10-03""]",2025-10-21
2025-10-23,8232.415071501035,6748.602398561817,73432.51711228535,45838.59500129956,275.0054180410584,948.7934809104235,46787.388482209986,8239.57867342062,18020.41173272502,15931.964909152564,73086.41587583956,26.73586559999967,4.4567702403417636e-07,30,main,"[282, 278, 290, 285, 248, 288, 287, 293, 283, 259, 266, 289, 285, 268, 265, 280, 257, 275, 285, 273, 278, 266, 293, 271, 284, 274, 289, 292, 270, 269]","[""2025-10-10"", ""2025-10-06"", ""2025-10-18"", ""2025-10-13"", ""2025-09-06"", ""2025-10-16"", ""2025-10-15"", ""2025-10-21"", ""2025-10-11"", ""2025-09-17"", ""2025-09-24"", ""2025-10-17"", ""2025-10-13"", ""2025-09-26"", ""2025-09-23"", ""2025-10-08"", ""2025-09-15"", ""2025-10-03"", ""2025-10-13"", ""2025-10-01"", ""2025-10-06"", ""2025-09-24"", ""2025-10-21"", ""2025-09-29"", ""2025-10-12"", ""2025-10-02"", ""2025-10-17"", ""2025-10-20"", ""2025-09-28"", ""2025-09-27""]",2025-10-22
2025-10-24,6748.602398561817,7638.356191640286,40101.26168077511,21925.506096495184,0.0,0.0,21925.506096495184,17772.19697665972,16359.1345983058,12450.120610857075,46181.32128110135,3.6355872999993153,2.3337650557499735e-07,10,10_scenario,"[262, 287, 252, 292, 286, 258, 254, 287, 269, 287, 293, 260, 286, 255, 260, 258, 284, 293, 278, 246, 278, 259, 280, 287, 259, 268, 281, 289, 280, 246]","[""2025-09-20"", ""2025-10-15"", ""2025-09-10"", ""2025-10-20"", ""2025-10-14"", ""2025-09-16"", ""2025-09-12"", ""2025-10-15"", ""2025-09-27"", ""2025-10-15"", ""2025-10-21"", ""2025-09-18"", ""2025-10-14"", ""2025-09-13"", ""2025-09-18"", ""2025-09-16"", ""2025-10-12"", ""2025-10-21"", ""2025-10-06"", ""2025-09-04"", ""2025-10-06"", ""2025-09-17"", ""2025-10-08"", ""2025-10-15"", ""2025-09-17"", ""2025-09-26"", ""2025-10-09"", ""2025-10-17"", ""2025-10-08"", ""2025-09-04""]",2025-10-23
2025-10-25,7638.356191640286,8792.885014511492,38189.61730475446,20509.220842628572,51.884028600124054,135.48350291694777,20644.70434554552,14664.607163680561,16523.081556613677,12344.620120272992,68028.44374385593,19.028926700004376,5.504185963942239e-07,30,main,"[253, 278, 288, 292, 269, 286, 285, 280, 247, 283, 266, 276, 279, 271, 257, 274, 245, 277, 291, 295, 283, 278, 295, 276, 293, 250, 257, 275, 277, 284]","[""2025-09-11"", ""2025-10-06"", ""2025-10-16"", ""2025-10-20"", ""2025-09-27"", ""2025-10-14"", ""2025-10-13"", ""2025-10-08"", ""2025-09-05"", ""2025-10-11"", ""2025-09-24"", ""2025-10-04"", ""2025-10-07"", ""2025-09-29"", ""2025-09-15"", ""2025-10-02"", ""2025-09-03"", ""2025-10-05"", ""2025-10-19"", ""2025-10-23"", ""2025-10-11"", ""2025-10-06"", ""2025-10-23"", ""2025-10-04"", ""2025-10-21"", ""2025-09-08"", ""2025-09-15"", ""2025-10-03"", ""2025-10-05"", ""2025-10-12""]",2025-10-24
2025-10-26,8792.885014511492,5823.225472617154,69535.06320420658,43079.99155054576,844.0239954850999,3627.703307900285,46707.69485844605,5267.738876930273,17051.209967366616,16484.173661271863,97751.2231961438,28.64271670000744,1.2434981910410124e-08,30,main,"[250, 270, 277, 256, 283, 290, 268, 281, 287, 288, 262, 264, 278, 284, 255, 273, 294, 253, 285, 241, 276, 294, 289, 267, 274, 290, 295, 277, 265, 295]","[""2025-09-08"", ""2025-09-28"", ""2025-10-05"", ""2025-09-14"", ""2025-10-11"", ""2025-10-18"", ""2025-09-26"", ""2025-10-09"", ""2025-10-15"", ""2025-10-16"", ""2025-09-20"", ""2025-09-22"", ""2025-10-06"", ""2025-10-12"", ""2025-09-13"", ""2025-10-01"", ""2025-10-22"", ""2025-09-11"", ""2025-10-13"", ""2025-08-30"", ""2025-10-04"", ""2025-10-22"", ""2025-10-17"", ""2025-09-25"", ""2025-10-02"", ""2025-10-18"", ""2025-10-23"", ""2025-10-05"", ""2025-09-23"", ""2025-10-23""]",2025-10-25
2025-10-27,5823.225472617154,8196.773051935521,78365.35523071438,47876.626392159174,947.4333400878082,3513.115641945689,51389.742034104864,9453.478034989152,21950.18972505179,15643.460855905418,99101.05212426343,25.91225259998464,9.009722543272925e-07,30,main,"[261, 288, 285, 292, 285, 296, 289, 259, 265, 296, 251, 253, 285, 295, 296, 295, 292, 291, 277, 262, 276, 295, 240, 279, 258, 297, 287, 293, 248, 261]","[""2025-09-19"", ""2025-10-16"", ""2025-10-13"", ""2025-10-20"", ""2025-10-13"", ""2025-10-24"", ""2025-10-17"", ""2025-09-17"", ""2025-09-23"", ""2025-10-24"", ""2025-09-09"", ""2025-09-11"", ""2025-10-13"", ""2025-10-23"", ""2025-10-24"", ""2025-10-23"", ""2025-10-20"", ""2025-10-19"", ""2025-10-05"", ""2025-09-20"", ""2025-10-04"", ""2025-10-23"", ""2025-08-29"", ""2025-10-07"", ""2025-09-16"", ""2025-10-25"", ""2025-10-15"", ""2025-10-21"", ""2025-09-06"", ""2025-09-19""]",2025-10-26
2025-10-28,8196.773051935521,7360.904679217499,74305.1267032389,45984.947235783955,469.97374338470036,1884.1264768403062,47869.07371262426,5923.100402898417,19115.05199563903,16235.47365191384,99304.95859660777,19.971982999995816,8.598531415557013e-07,30,main,"[296, 293, 246, 276, 292, 295, 271, 293, 243, 294, 295, 293, 295, 283, 289, 249, 291, 243, 273, 296, 275, 255, 237, 297, 285, 264, 277, 236, 274, 274]","[""2025-10-24"", ""2025-10-21"", ""2025-09-04"", ""2025-10-04"", ""2025-10-20"", ""2025-10-23"", ""2025-09-29"", ""2025-10-21"", ""2025-09-01"", ""2025-10-22"", ""2025-10-23"", ""2025-10-21"", ""2025-10-23"", ""2025-10-11"", ""2025-10-17"", ""2025-09-07"", ""2025-10-19"", ""2025-09-01"", ""2025-10-01"", ""2025-10-24"", ""2025-10-03"", ""2025-09-13"", ""2025-08-26"", ""2025-10-25"", ""2025-10-13"", ""2025-09-22"", ""2025-10-05"", ""2025-08-25"", ""2025-10-02"", ""2025-10-02""]",2025-10-27
2025-10-29,7360.904679217499,8130.231679599716,78282.93241312925,48549.578418024976,523.3411923559778,2224.357579830268,50773.935997855246,4512.995476395768,22571.721203923564,17590.699874834092,98815.09146673416,4.386250699986704,0.0,10,10_scenario,"[288, 289, 252, 250, 299, 279, 295, 296, 262, 245, 299, 284, 286, 243, 297, 257, 277, 274, 280, 264, 292, 297, 299, 295, 290, 270, 274, 286, 247, 257]","[""2025-10-16"", ""2025-10-17"", ""2025-09-10"", ""2025-09-08"", ""2025-10-27"", ""2025-10-07"", ""2025-10-23"", ""2025-10-24"", ""2025-09-20"", ""2025-09-03"", ""2025-10-27"", ""2025-10-12"", ""2025-10-14"", ""2025-09-01"", ""2025-10-25"", ""2025-09-15"", ""2025-10-05"", ""2025-10-02"", ""2025-10-08"", ""2025-09-22"", ""2025-10-20"", ""2025-10-25"", ""2025-10-27"", ""2025-10-23"", ""2025-10-18"", ""2025-09-28"", ""2025-10-02"", ""2025-10-14"", ""2025-09-05"", ""2025-09-15""]",2025-10-28
2025-10-30,8130.231679599716,6779.092028759625,75424.40584551176,46980.97789511098,596.6457519175558,2245.8102192801807,49226.78811439116,9049.660797524111,17892.625450848882,15709.052300943682,74450.05132359419,20.60788969998248,0.0,30,main,"[288, 272, 297, 261, 276, 255, 300, 297, 258, 273, 260, 300, 288, 285, 276, 294, 299, 281, 244, 274, 269, 285, 273, 292, 300, 265, 300, 292, 271, 292]","[""2025-10-16"", ""2025-09-30"", ""2025-10-25"", ""2025-09-19"", ""2025-10-04"", ""2025-09-13"", ""2025-10-28"", ""2025-10-25"", ""2025-09-16"", ""2025-10-01"", ""2025-09-18"", ""2025-10-28"", ""2025-10-16"", ""2025-10-13"", ""2025-10-04"", ""2025-10-22"", ""2025-10-27"", ""2025-10-09"", ""2025-09-02"", ""2025-10-02"", ""2025-09-27"", ""2025-10-13"", ""2025-10-01"", ""2025-10-20"", ""2025-10-28"", ""2025-09-23"", ""2025-10-28"", ""2025-10-20"", ""2025-09-29"", ""2025-10-20""]",2025-10-29
2025-10-31,6779.092028759625,8516.546192033207,41401.006224182405,22836.33108397014,0.0,0.0,22836.33108397014,12636.025811291202,17352.52420672799,12491.835860503448,45816.87728374386,2.811027399991872,1.0097073900332776e-07,10,10_scenario,"[261, 301, 292, 269, 286, 301, 295, 293, 253, 295, 285, 239, 283, 295, 286, 295, 260, 286, 272, 295, 272, 277, 266, 301, 277, 296, 295, 245, 254, 278]","[""2025-09-19"", ""2025-10-29"", ""2025-10-20"", ""2025-09-27"", ""2025-10-14"", ""2025-10-29"", ""2025-10-23"", ""2025-10-21"", ""2025-09-11"", ""2025-10-23"", ""2025-10-13"", ""2025-08-28"", ""2025-10-11"", ""2025-10-23"", ""2025-10-14"", ""2025-10-23"", ""2025-09-18"", ""2025-10-14"", ""2025-09-30"", ""2025-10-23"", ""2025-09-30"", ""2025-10-05"", ""2025-09-24"", ""2025-10-29"", ""2025-10-05"", ""2025-10-24"", ""2025-10-23"", ""2025-09-03"", ""2025-09-12"", ""2025-10-06""]",2025-10-30
2025-11-01,8516.546192033207,7743.209435366922,37598.44773979842,20783.693534862352,70.84730697182817,153.84074558968254,20937.534280452033,13070.62911337199,14477.003058234706,12422.375558169773,71876.60095147377,11.826484599994728,9.74509821474609e-07,30,main,"[269, 257, 276, 302, 270, 277, 273, 299, 297, 278, 290, 299, 291, 264, 283, 277, 254, 248, 277, 260, 301, 281, 286, 271, 291, 272, 250, 298, 297, 295]","[""2025-09-27"", ""2025-09-15"", ""2025-10-04"", ""2025-10-30"", ""2025-09-28"", ""2025-10-05"", ""2025-10-01"", ""2025-10-27"", ""2025-10-25"", ""2025-10-06"", ""2025-10-18"", ""2025-10-27"", ""2025-10-19"", ""2025-09-22"", ""2025-10-11"", ""2025-10-05"", ""2025-09-12"", ""2025-09-06"", ""2025-10-05"", ""2025-09-18"", ""2025-10-29"", ""2025-10-09"", ""2025-10-14"", ""2025-09-29"", ""2025-10-19"", ""2025-09-30"", ""2025-09-08"", ""2025-10-26"", ""2025-10-25"", ""2025-10-23""]",2025-10-31
2025-11-02,7743.209435366922,7234.618613652952,74427.43881596156,45927.82295021599,1248.2574463871101,5571.921969384788,51499.74491960078,3404.768172884935,20696.188924594684,17221.64476846427,99079.77754766274,25.792436099989573,8.778940395426878e-07,30,main,"[296, 291, 263, 297, 294, 277, 299, 268, 262, 271, 265, 289, 298, 297, 242, 280, 255, 262, 260, 299, 280, 298, 267, 302, 279, 303, 272, 283, 284, 301]","[""2025-10-24"", ""2025-10-19"", ""2025-09-21"", ""2025-10-25"", ""2025-10-22"", ""2025-10-05"", ""2025-10-27"", ""2025-09-26"", ""2025-09-20"", ""2025-09-29"", ""2025-09-23"", ""2025-10-17"", ""2025-10-26"", ""2025-10-25"", ""2025-08-31"", ""2025-10-08"", ""2025-09-13"", ""2025-09-20"", ""2025-09-18"", ""2025-10-27"", ""2025-10-08"", ""2025-10-26"", ""2025-09-25"", ""2025-10-30"", ""2025-10-07"", ""2025-10-31"", ""2025-09-30"", ""2025-10-11"", ""2025-10-12"", ""2025-10-29""]",2025-11-01
2025-11-03,7234.618613652952,7750.420367762877,81383.47566853461,51006.427534581715,220.29643078631705,576.6153831251557,51583.04291770687,7886.660630277034,19726.103194798045,15513.922009087486,104021.30567372138,29.33140870000352,7.765404796974972e-07,30,main,"[282, 303, 256, 281, 299, 290, 288, 256, 301, 294, 252, 303, 303, 300, 303, 261, 280, 244, 296, 281, 256, 301, 301, 259, 286, 304, 256, 299, 274, 303]","[""2025-10-10"", ""2025-10-31"", ""2025-09-14"", ""2025-10-09"", ""2025-10-27"", ""2025-10-18"", ""2025-10-16"", ""2025-09-14"", ""2025-10-29"", ""2025-10-22"", ""2025-09-10"", ""2025-10-31"", ""2025-10-31"", ""2025-10-28"", ""2025-10-31"", ""2025-09-19"", ""2025-10-08"", ""2025-09-02"", ""2025-10-24"", ""2025-10-09"", ""2025-09-14"", ""2025-10-29"", ""2025-10-29"", ""2025-09-17"", ""2025-10-14"", ""2025-11-01"", ""2025-09-14"", ""2025-10-27"", ""2025-10-02"", ""2025-10-31""]",2025-11-02
2025-11-04,7750.420367762877,8028.75564415002,80134.87022518243,49653.66994746611,351.56704607665347,1574.4574634223056,51228.12741088841,8722.675671640358,20700.988513352488,16517.298947067087,103832.12644209409,3.5964785999967717,9.13295500711605e-07,10,10_scenario,"[301, 289, 252, 300, 287, 303, 295, 304, 277, 286, 279, 272, 268, 283, 246, 265, 303, 295, 305, 280, 257, 279, 294, 263, 305, 292, 262, 292, 300, 288]","[""2025-10-29"", ""2025-10-17"", ""2025-09-10"", ""2025-10-28"", ""2025-10-15"", ""2025-10-31"", ""2025-10-23"", ""2025-11-01"", ""2025-10-05"", ""2025-10-14"", ""2025-10-07"", ""2025-09-30"", ""2025-09-26"", ""2025-10-11"", ""2025-09-04"", ""2025-09-23"", ""2025-10-31"", ""2025-10-23"", ""2025-11-02"", ""2025-10-08"", ""2025-09-15"", ""2025-10-07"", ""2025-10-22"", ""2025-09-21"", ""2025-11-02"", ""2025-10-20"", ""2025-09-20"", ""2025-10-20"", ""2025-10-28"", ""2025-10-16""]",2025-11-03
2025-11-05,8028.75564415002,8338.25181748579,78505.26945652577,48855.755059510804,380.37316819282086,1291.2117270214646,50146.96678653227,5023.230907130424,20557.07944694374,16372.687796022237,102121.16160304037,19.271301700006006,9.661032462877135e-07,30,main,"[284, 300, 264, 303, 296, 287, 277, 300, 246, 275, 306, 261, 300, 285, 306, 277, 306, 295, 246, 285, 303, 288, 306, 282, 266, 271, 262, 302, 281, 251]","[""2025-10-12"", ""2025-10-28"", ""2025-09-22"", ""2025-10-31"", ""2025-10-24"", ""2025-10-15"", ""2025-10-05"", ""2025-10-28"", ""2025-09-04"", ""2025-10-03"", ""2025-11-03"", ""2025-09-19"", ""2025-10-28"", ""2025-10-13"", ""2025-11-03"", ""2025-10-05"", ""2025-11-03"", ""2025-10-23"", ""2025-09-04"", ""2025-10-13"", ""2025-10-31"", ""2025-10-16"", ""2025-11-03"", ""2025-10-10"", ""2025-09-24"", ""2025-09-29"", ""2025-09-20"", ""2025-10-30"", ""2025-10-09"", ""2025-09-09""]",2025-11-04
2025-11-06,8338.25181748579,7596.541060425009,78625.31951593125,49234.144641899366,1085.0137717874197,5135.921241698651,54370.065883598014,5140.923516706731,20354.552117719177,17154.726896707238,77882.17365854143,25.159103900019545,9.752634474571465e-07,30,main,"[301, 274, 307, 306, 304, 262, 305, 263, 296, 250, 258, 296, 260, 268, 257, 307, 267, 299, 305, 298, 302, 281, 285, 289, 262, 293, 299, 306, 290, 297]","[""2025-10-29"", ""2025-10-02"", ""2025-11-04"", ""2025-11-03"", ""2025-11-01"", ""2025-09-20"", ""2025-11-02"", ""2025-09-21"", ""2025-10-24"", ""2025-09-08"", ""2025-09-16"", ""2025-10-24"", ""2025-09-18"", ""2025-09-26"", ""2025-09-15"", ""2025-11-04"", ""2025-09-25"", ""2025-10-27"", ""2025-11-02"", ""2025-10-26"", ""2025-10-30"", ""2025-10-09"", ""2025-10-13"", ""2025-10-17"", ""2025-09-20"", ""2025-10-21"", ""2025-10-27"", ""2025-11-03"", ""2025-10-18"", ""2025-10-25""]",2025-11-05
2025-11-07,7596.541060425009,7635.0157190527625,43782.79946784467,23813.88518714154,0.0,0.0,23813.88518714154,17262.94532322703,16667.185097470156,13465.792736185847,48849.56484656599,27.882455099985236,7.368201144365079e-07,30,main,"[308, 300, 246, 306, 286, 275, 260, 274, 304, 303, 287, 297, 292, 283, 282, 270, 306, 286, 258, 300, 301, 286, 306, 283, 303, 308, 301, 281, 303, 301]","[""2025-11-05"", ""2025-10-28"", ""2025-09-04"", ""2025-11-03"", ""2025-10-14"", ""2025-10-03"", ""2025-09-18"", ""2025-10-02"", ""2025-11-01"", ""2025-10-31"", ""2025-10-15"", ""2025-10-25"", ""2025-10-20"", ""2025-10-11"", ""2025-10-10"", ""2025-09-28"", ""2025-11-03"", ""2025-10-14"", ""2025-09-16"", ""2025-10-28"", ""2025-10-29"", ""2025-10-14"", ""2025-11-03"", ""2025-10-11"", ""2025-10-31"", ""2025-11-05"", ""2025-10-29"", ""2025-10-09"", ""2025-10-31"", ""2025-10-29""]",2025-11-06
2025-11-08,7635.0157190527625,7318.874221699132,38988.4965626379,20902.982485018394,41.864405009944306,101.05434649022612,21004.03683150862,12511.074460687545,15855.825024097749,13127.745617137447,73387.50110041571,2.079823799984297,0.0,10,10_scenario,"[256, 309, 262, 308, 304, 278, 273, 303, 264, 308, 283, 302, 303, 295, 304, 304, 267, 256, 308, 283, 293, 306, 273, 256, 307, 302, 306, 284, 289, 292]","[""2025-09-14"", ""2025-11-06"", ""2025-09-20"", ""2025-11-05"", ""2025-11-01"", ""2025-10-06"", ""2025-10-01"", ""2025-10-31"", ""2025-09-22"", ""2025-11-05"", ""2025-10-11"", ""2025-10-30"", ""2025-10-31"", ""2025-10-23"", ""2025-11-01"", ""2025-11-01"", ""2025-09-25"", ""2025-09-14"", ""2025-11-05"", ""2025-10-11"", ""2025-10-21"", ""2025-11-03"", ""2025-10-01"", ""2025-09-14"", ""2025-11-04"", ""2025-10-30"", ""2025-11-03"", ""2025-10-12"", ""2025-10-17"", ""2025-10-20""]",2025-11-07
2025-11-09,7318.874221699132,9807.626493622914,79944.05999200509,49031.42467080132,1660.4908853695924,7316.827657635899,56348.25232843722,3391.3738291222717,24349.909579935127,17483.54971501605,100421.92671216484,1.34803940000711,6.910654053830501e-07,10,10_scenario,"[296, 277, 305, 272, 283, 309, 302, 267, 289, 263, 256, 296, 265, 266, 259, 283, 309, 306, 297, 285, 242, 301, 291, 262, 304, 304, 279, 305, 256, 300]","[""2025-10-24"", ""2025-10-05"", ""2025-11-02"", ""2025-09-30"", ""2025-10-11"", ""2025-11-06"", ""2025-10-30"", ""2025-09-25"", ""2025-10-17"", ""2025-09-21"", ""2025-09-14"", ""2025-10-24"", ""2025-09-23"", ""2025-09-24"", ""2025-09-17"", ""2025-10-11"", ""2025-11-06"", ""2025-11-03"", ""2025-10-25"", ""2025-10-13"", ""2025-08-31"", ""2025-10-29"", ""2025-10-19"", ""2025-09-20"", ""2025-11-01"", ""2025-11-01"", ""2025-10-07"", ""2025-11-02"", ""2025-09-14"", ""2025-10-28""]",2025-11-08
2025-11-10,9807.626493622914,6709.842044940626,79721.8647044423,50599.2356193656,277.672084862026,1212.8515581272393,51812.08717749284,5529.583861307754,17892.188588477085,17280.678760480503,107307.81009611362,23.194049899990205,6.013193970883121e-07,30,main,"[289, 267, 251, 297, 268, 273, 309, 305, 291, 309, 259, 307, 310, 291, 308, 273, 299, 298, 298, 309, 287, 310, 284, 295, 298, 304, 309, 308, 294, 258]","[""2025-10-17"", ""2025-09-25"", ""2025-09-09"", ""2025-10-25"", ""2025-09-26"", ""2025-10-01"", ""2025-11-06"", ""2025-11-02"", ""2025-10-19"", ""2025-11-06"", ""2025-09-17"", ""2025-11-04"", ""2025-11-07"", ""2025-10-19"", ""2025-11-05"", ""2025-10-01"", ""2025-10-27"", ""2025-10-26"", ""2025-10-26"", ""2025-11-06"", ""2025-10-15"", ""2025-11-07"", ""2025-10-12"", ""2025-10-23"", ""2025-10-26"", ""2025-11-01"", ""2025-11-06"", ""2025-11-05"", ""2025-10-22"", ""2025-09-16""]",2025-11-09
2025-11-11,6709.842044940626,8391.471745917532,82290.04563766351,51170.98809612991,432.3473642171441,1534.1415494117375,52705.12964554165,5270.581381058095,23049.080122508836,17156.28816835294,104688.07594265326,2.4769235999847297,7.050767065730958e-07,10,10_scenario,"[279, 285, 304, 309, 299, 280, 300, 310, 260, 295, 309, 305, 309, 272, 302, 293, 294, 295, 306, 312, 264, 307, 296, 303, 290, 310, 291, 295, 309, 291]","[""2025-10-07"", ""2025-10-13"", ""2025-11-01"", ""2025-11-06"", ""2025-10-27"", ""2025-10-08"", ""2025-10-28"", ""2025-11-07"", ""2025-09-18"", ""2025-10-23"", ""2025-11-06"", ""2025-11-02"", ""2025-11-06"", ""2025-09-30"", ""2025-10-30"", ""2025-10-21"", ""2025-10-22"", ""2025-10-23"", ""2025-11-03"", ""2025-11-09"", ""2025-09-22"", ""2025-11-04"", ""2025-10-24"", ""2025-10-31"", ""2025-10-18"", ""2025-11-07"", ""2025-10-19"", ""2025-10-23"", ""2025-11-06"", ""2025-10-19""]",2025-11-10
2025-11-12,8391.471745917532,8901.504414645486,84237.58694398316,52764.44364837494,108.46055688610998,471.11712799724745,53235.560776372186,8838.771111913557,21538.206511055527,16986.917872099817,109686.65278764734,28.835564900015015,7.535354888098875e-07,30,main,"[291, 250, 283, 287, 310, 257, 284, 303, 310, 298, 295, 309, 303, 313, 272, 300, 267, 307, 266, 290, 296, 308, 301, 306, 313, 309, 251, 274, 312, 291]","[""2025-10-19"", ""2025-09-08"", ""2025-10-11"", ""2025-10-15"", ""2025-11-07"", ""2025-09-15"", ""2025-10-12"", ""2025-10-31"", ""2025-11-07"", ""2025-10-26"", ""2025-10-23"", ""2025-11-06"", ""2025-10-31"", ""2025-11-10"", ""2025-09-30"", ""2025-10-28"", ""2025-09-25"", ""2025-11-04"", ""2025-09-24"", ""2025-10-18"", ""2025-10-24"", ""2025-11-05"", ""2025-10-29"", ""2025-11-03"", ""2025-11-10"", ""2025-11-06"", ""2025-09-09"", ""2025-10-02"", ""2025-11-09"", ""2025-10-19""]",2025-11-11
2025-11-13,8901.504414645486,8008.837069101456,81104.10046844675,51010.79282164782,436.2408854711116,1848.0237545756547,52858.81657622347,6227.5081905063125,19580.855040707975,16663.893193963093,78999.61737004068,17.083491299999878,8.916005707840006e-07,30,main,"[300, 254, 314, 279, 302, 307, 285, 308, 284, 314, 293, 268, 300, 312, 306, 305, 314, 304, 314, 303, 261, 275, 302, 307, 312, 306, 285, 289, 265, 312]","[""2025-10-28"", ""2025-09-12"", ""2025-11-11"", ""2025-10-07"", ""2025-10-30"", ""2025-11-04"", ""2025-10-13"", ""2025-11-05"", ""2025-10-12"", ""2025-11-11"", ""2025-10-21"", ""2025-09-26"", ""2025-10-28"", ""2025-11-09"", ""2025-11-03"", ""2025-11-02"", ""2025-11-11"", ""2025-11-01"", ""2025-11-11"", ""2025-10-31"", ""2025-09-19"", ""2025-10-03"", ""2025-10-30"", ""2025-11-04"", ""2025-11-09"", ""2025-11-03"", ""2025-10-13"", ""2025-10-17"", ""2025-09-23"", ""2025-11-09""]",2025-11-12
2025-11-14,8008.837069101456,6283.991271914936,43161.749924897566,23938.27791103031,0.0,0.0,23938.27791103031,14522.462712473945,13648.384894165763,12607.552981742141,50792.55457958023,18.979763400013326,9.273405417021654e-07,30,main,"[280, 308, 270, 314, 292, 274, 313, 314, 312, 264, 287, 314, 275, 286, 287, 274, 261, 313, 313, 313, 315, 284, 297, 299, 308, 315, 271, 289, 304, 307]","[""2025-10-08"", ""2025-11-05"", ""2025-09-28"", ""2025-11-11"", ""2025-10-20"", ""2025-10-02"", ""2025-11-10"", ""2025-11-11"", ""2025-11-09"", ""2025-09-22"", ""2025-10-15"", ""2025-11-11"", ""2025-10-03"", ""2025-10-14"", ""2025-10-15"", ""2025-10-02"", ""2025-09-19"", ""2025-11-10"", ""2025-11-10"", ""2025-11-10"", ""2025-11-12"", ""2025-10-12"", ""2025-10-25"", ""2025-10-27"", ""2025-11-05"", ""2025-11-12"", ""2025-09-29"", ""2025-10-17"", ""2025-11-01"", ""2025-11-04""]",2025-11-13
2025-11-15,6283.991271914936,9590.834047473578,44542.49514076977,23758.100952772864,113.47176501681562,247.64720325813855,24005.748156031,9578.997060455567,20468.023319271473,13602.940390607113,75929.77424213743,2.7430013999983203,3.7082733025948556e-08,10,10_scenario,"[275, 285, 271, 261, 305, 296, 276, 283, 292, 291, 256, 306, 313, 277, 310, 290, 316, 303, 266, 308, 269, 313, 307, 283, 316, 267, 273, 282, 312, 314]","[""2025-10-03"", ""2025-10-13"", ""2025-09-29"", ""2025-09-19"", ""2025-11-02"", ""2025-10-24"", ""2025-10-04"", ""2025-10-11"", ""2025-10-20"", ""2025-10-19"", ""2025-09-14"", ""2025-11-03"", ""2025-11-10"", ""2025-10-05"", ""2025-11-07"", ""2025-10-18"", ""2025-11-13"", ""2025-10-31"", ""2025-09-24"", ""2025-11-05"", ""2025-09-27"", ""2025-11-10"", ""2025-11-04"", ""2025-10-11"", ""2025-11-13"", ""2025-09-25"", ""2025-10-01"", ""2025-10-10"", ""2025-11-09"", ""2025-11-11""]",2025-11-14
2025-11-16,9590.834047473578,8837.970569286,78919.6840889074,49183.559371680516,2043.929165797744,8908.70790309842,58092.26727477893,3109.542473330687,21563.702781104937,18144.176383063816,106635.0479862444,3.535776700009592,0.0,10,10_scenario,"[303, 271, 271, 308, 312, 278, 300, 272, 306, 269, 312, 311, 306, 271, 262, 312, 268, 303, 296, 298, 312, 269, 262, 294, 309, 281, 269, 309, 311, 299]","[""2025-10-31"", ""2025-09-29"", ""2025-09-29"", ""2025-11-05"", ""2025-11-09"", ""2025-10-06"", ""2025-10-28"", ""2025-09-30"", ""2025-11-03"", ""2025-09-27"", ""2025-11-09"", ""2025-11-08"", ""2025-11-03"", ""2025-09-29"", ""2025-09-20"", ""2025-11-09"", ""2025-09-26"", ""2025-10-31"", ""2025-10-24"", ""2025-10-26"", ""2025-11-09"", ""2025-09-27"", ""2025-09-20"", ""2025-10-22"", ""2025-11-06"", ""2025-10-09"", ""2025-09-27"", ""2025-11-06"", ""2025-11-08"", ""2025-10-27""]",2025-11-15
2025-11-17,8837.970569286,8206.389629954427,82410.91656601657,51747.84709753709,509.9479319661141,1800.1071174678639,53547.95421500495,6866.755456584183,20667.250281387296,17308.895573322123,109324.91427965919,27.732357000000775,9.096985865470909e-07,30,main,"[267, 268, 309, 273, 304, 315, 315, 289, 311, 268, 259, 317, 306, 288, 311, 296, 315, 295, 295, 267, 284, 269, 276, 279, 317, 301, 278, 310, 273, 306]","[""2025-09-25"", ""2025-09-26"", ""2025-11-06"", ""2025-10-01"", ""2025-11-01"", ""2025-11-12"", ""2025-11-12"", ""2025-10-17"", ""2025-11-08"", ""2025-09-26"", ""2025-09-17"", ""2025-11-14"", ""2025-11-03"", ""2025-10-16"", ""2025-11-08"", ""2025-10-24"", ""2025-11-12"", ""2025-10-23"", ""2025-10-23"", ""2025-09-25"", ""2025-10-12"", ""2025-09-27"", ""2025-10-04"", ""2025-10-07"", ""2025-11-14"", ""2025-10-29"", ""2025-10-06"", ""2025-11-07"", ""2025-10-01"", ""2025-11-03""]",2025-11-16
2025-11-18,8206.389629954427,7529.82290014552,82542.04142162105,52149.323103723116,670.0904272486729,2793.940679424325,54943.26378314744,5121.684065596619,20046.347404040964,16846.451454101196,108171.4898903099,18.72458330000518,0.0,30,main,"[292, 310, 289, 313, 295, 300, 308, 315, 274, 302, 310, 295, 310, 313, 295, 267, 309, 301, 305, 279, 315, 259, 313, 305, 311, 308, 266, 268, 307, 313]","[""2025-10-20"", ""2025-11-07"", ""2025-10-17"", ""2025-11-10"", ""2025-10-23"", ""2025-10-28"", ""2025-11-05"", ""2025-11-12"", ""2025-10-02"", ""2025-10-30"", ""2025-11-07"", ""2025-10-23"", ""2025-11-07"", ""2025-11-10"", ""2025-10-23"", ""2025-09-25"", ""2025-11-06"", ""2025-10-29"", ""2025-11-02"", ""2025-10-07"", ""2025-11-12"", ""2025-09-17"", ""2025-11-10"", ""2025-11-02"", ""2025-11-08"", ""2025-11-05"", ""2025-09-24"", ""2025-09-26"", ""2025-11-04"", ""2025-11-10""]",2025-11-17
2025-11-19,7529.82290014552,8273.714884326295,82883.86109383169,52101.42009894614,1052.469002296261,4354.486959081982,56455.90705802812,3456.010717376007,23381.605226259133,18269.5974475072,105789.18382089105,1.858273099991493,9.597884918389188e-07,10,10_scenario,"[296, 317, 320, 299, 299, 286, 320, 315, 281, 307, 319, 282, 302, 296, 294, 300, 279, 298, 313, 294, 299, 308, 274, 314, 295, 301, 303, 295, 300, 316]","[""2025-10-24"", ""2025-11-14"", ""2025-11-17"", ""2025-10-27"", ""2025-10-27"", ""2025-10-14"", ""2025-11-17"", ""2025-11-12"", ""2025-10-09"", ""2025-11-04"", ""2025-11-16"", ""2025-10-10"", ""2025-10-30"", ""2025-10-24"", ""2025-10-22"", ""2025-10-28"", ""2025-10-07"", ""2025-10-26"", ""2025-11-10"", ""2025-10-22"", ""2025-10-27"", ""2025-11-05"", ""2025-10-02"", ""2025-11-11"", ""2025-10-23"", ""2025-10-29"", ""2025-10-31"", ""2025-10-23"", ""2025-10-28"", ""2025-11-13""]",2025-11-18
2025-11-20,8273.714884326295,7491.338378085587,83579.22219819283,52716.7079026728,658.5239965137624,2664.589551236584,55381.297453909385,6332.4954304767825,20085.860981647995,16973.686250751518,83383.89917382316,23.748492600017926,9.6580013340297e-07,30,main,"[306, 308, 303, 258, 276, 296, 317, 303, 315, 273, 305, 291, 259, 306, 283, 304, 313, 316, 309, 312, 303, 297, 310, 320, 310, 314, 311, 299, 279, 299]","[""2025-11-03"", ""2025-11-05"", ""2025-10-31"", ""2025-09-16"", ""2025-10-04"", ""2025-10-24"", ""2025-11-14"", ""2025-10-31"", ""2025-11-12"", ""2025-10-01"", ""2025-11-02"", ""2025-10-19"", ""2025-09-17"", ""2025-11-03"", ""2025-10-11"", ""2025-11-01"", ""2025-11-10"", ""2025-11-13"", ""2025-11-06"", ""2025-11-09"", ""2025-10-31"", ""2025-10-25"", ""2025-11-07"", ""2025-11-17"", ""2025-11-07"", ""2025-11-11"", ""2025-11-08"", ""2025-10-27"", ""2025-10-07"", ""2025-10-27""]",2025-11-19
2025-11-21,7491.338378085587,8708.464341427316,47917.56632395619,26147.621813359063,26.320665879111743,57.247088691969395,26204.868902051032,14713.46566169931,17213.809970851402,12847.772709382081,53606.0922351337,17.849439899990102,0.0,30,main,"[320, 261, 261, 315, 318, 267, 284, 312, 315, 322, 320, 321, 292, 283, 315, 318, 279, 284, 301, 301, 285, 283, 322, 302, 316, 317, 301, 310, 280, 321]","[""2025-11-17"", ""2025-09-19"", ""2025-09-19"", ""2025-11-12"", ""2025-11-15"", ""2025-09-25"", ""2025-10-12"", ""2025-11-09"", ""2025-11-12"", ""2025-11-19"", ""2025-11-17"", ""2025-11-18"", ""2025-10-20"", ""2025-10-11"", ""2025-11-12"", ""2025-11-15"", ""2025-10-07"", ""2025-10-12"", ""2025-10-29"", ""2025-10-29"", ""2025-10-13"", ""2025-10-11"", ""2025-11-19"", ""2025-10-30"", ""2025-11-13"", ""2025-11-14"", ""2025-10-29"", ""2025-11-07"", ""2025-10-08"", ""2025-11-18""]",2025-11-20
2025-11-22,8708.464341427316,7211.335984624464,43032.40909931317,23107.415839169982,102.5365133356148,282.29299515336686,23389.708834323348,11348.63689227021,15336.288200883226,13769.808963837982,80388.32901826539,20.835181600006763,9.038668654261564e-07,30,main,"[256, 272, 310, 316, 316, 277, 321, 303, 318, 269, 311, 314, 297, 311, 292, 311, 310, 269, 303, 311, 295, 295, 294, 291, 268, 306, 311, 317, 312, 310]","[""2025-09-14"", ""2025-09-30"", ""2025-11-07"", ""2025-11-13"", ""2025-11-13"", ""2025-10-05"", ""2025-11-18"", ""2025-10-31"", ""2025-11-15"", ""2025-09-27"", ""2025-11-08"", ""2025-11-11"", ""2025-10-25"", ""2025-11-08"", ""2025-10-20"", ""2025-11-08"", ""2025-11-07"", ""2025-09-27"", ""2025-10-31"", ""2025-11-08"", ""2025-10-23"", ""2025-10-23"", ""2025-10-22"", ""2025-10-19"", ""2025-09-26"", ""2025-11-03"", ""2025-11-08"", ""2025-11-14"", ""2025-11-09"", ""2025-11-07""]",2025-11-21
2025-11-23,7211.335984624464,8043.404302403443,83016.50277638057,51531.32998058553,1611.2923528708382,7108.553389447209,58639.88337003274,4172.482935357398,23549.233813471623,18326.017902910935,109569.13794743945,24.014322800008813,9.660273152271626e-07,30,main,"[295, 318, 297, 306, 285, 323, 287, 318, 321, 319, 295, 310, 319, 323, 289, 255, 319, 319, 269, 297, 297, 274, 315, 315, 324, 314, 306, 310, 304, 298]","[""2025-10-23"", ""2025-11-15"", ""2025-10-25"", ""2025-11-03"", ""2025-10-13"", ""2025-11-20"", ""2025-10-15"", ""2025-11-15"", ""2025-11-18"", ""2025-11-16"", ""2025-10-23"", ""2025-11-07"", ""2025-11-16"", ""2025-11-20"", ""2025-10-17"", ""2025-09-13"", ""2025-11-16"", ""2025-11-16"", ""2025-09-27"", ""2025-10-25"", ""2025-10-25"", ""2025-10-02"", ""2025-11-12"", ""2025-11-12"", ""2025-11-21"", ""2025-11-11"", ""2025-11-03"", ""2025-11-07"", ""2025-11-01"", ""2025-10-26""]",2025-11-22
2025-11-24,8043.404302403443,7278.779802679604,79840.11037513126,49976.644828779186,1623.593201643626,7030.1133591990665,57006.75818797825,4093.27858362761,20508.64917315122,17300.167880003944,107289.43636623968,4.5069082000118215,9.202835056917532e-07,10,10_scenario,"[324, 302, 285, 273, 289, 266, 324, 315, 304, 324, 317, 324, 306, 320, 290, 321, 277, 320, 303, 320, 301, 285, 320, 294, 294, 314, 277, 265, 317, 306]","[""2025-11-21"", ""2025-10-30"", ""2025-10-13"", ""2025-10-01"", ""2025-10-17"", ""2025-09-24"", ""2025-11-21"", ""2025-11-12"", ""2025-11-01"", ""2025-11-21"", ""2025-11-14"", ""2025-11-21"", ""2025-11-03"", ""2025-11-17"", ""2025-10-18"", ""2025-11-18"", ""2025-10-05"", ""2025-11-17"", ""2025-10-31"", ""2025-11-17"", ""2025-10-29"", ""2025-10-13"", ""2025-11-17"", ""2025-10-22"", ""2025-10-22"", ""2025-11-11"", ""2025-10-05"", ""2025-09-23"", ""2025-11-14"", ""2025-11-03""]",2025-11-23
2025-11-25,7278.779802679604,6762.325262249411,85246.55130835678,53966.36762075419,431.14542165723725,1534.5481075950063,55500.915728349195,5919.9207767495445,21336.445120973534,17747.329634375736,113432.38514043107,1.7923110999981873,7.737540602967214e-08,10,10_scenario,"[291, 311, 286, 324, 302, 267, 293, 311, 322, 300, 307, 324, 323, 294, 301, 303, 310, 317, 322, 296, 315, 322, 295, 301, 326, 300, 324, 313, 319, 312]","[""2025-10-19"", ""2025-11-08"", ""2025-10-14"", ""2025-11-21"", ""2025-10-30"", ""2025-09-25"", ""2025-10-21"", ""2025-11-08"", ""2025-11-19"", ""2025-10-28"", ""2025-11-04"", ""2025-11-21"", ""2025-11-20"", ""2025-10-22"", ""2025-10-29"", ""2025-10-31"", ""2025-11-07"", ""2025-11-14"", ""2025-11-19"", ""2025-10-24"", ""2025-11-12"", ""2025-11-19"", ""2025-10-23"", ""2025-10-29"", ""2025-11-23"", ""2025-10-28"", ""2025-11-21"", ""2025-11-10"", ""2025-11-16"", ""2025-11-09""]",2025-11-24
2025-11-26,6762.325262249411,9671.808984503527,89364.9105956455,55879.40209132307,194.585659089489,727.5131198894383,56606.91521121251,5489.3491885928015,24704.972804106124,17392.492621297257,112677.72001025562,20.9450309999811,1.1769455713215003e-07,30,main,"[292, 298, 321, 324, 290, 324, 307, 265, 302, 327, 321, 327, 317, 325, 297, 281, 315, 324, 296, 327, 281, 292, 278, 327, 293, 279, 327, 288, 312, 322]","[""2025-10-20"", ""2025-10-26"", ""2025-11-18"", ""2025-11-21"", ""2025-10-18"", ""2025-11-21"", ""2025-11-04"", ""2025-09-23"", ""2025-10-30"", ""2025-11-24"", ""2025-11-18"", ""2025-11-24"", ""2025-11-14"", ""2025-11-22"", ""2025-10-25"", ""2025-10-09"", ""2025-11-12"", ""2025-11-21"", ""2025-10-24"", ""2025-11-24"", ""2025-10-09"", ""2025-10-20"", ""2025-10-06"", ""2025-11-24"", ""2025-10-21"", ""2025-10-07"", ""2025-11-24"", ""2025-10-16"", ""2025-11-09"", ""2025-11-19""]",2025-11-25
2025-11-27,9671.808984503527,8251.883759754259,84963.32191799657,54503.98352804491,282.35486129177997,1123.6557694868443,55627.63929753176,7141.363313396656,18954.491762277416,16631.07102971905,83842.76689170809,0.8293148000084329,0.0,10,10_scenario,"[296, 322, 327, 323, 317, 327, 272, 274, 305, 291, 283, 297, 287, 319, 306, 327, 267, 284, 272, 306, 325, 300, 327, 288, 292, 289, 306, 302, 300, 282]","[""2025-10-24"", ""2025-11-19"", ""2025-11-24"", ""2025-11-20"", ""2025-11-14"", ""2025-11-24"", ""2025-09-30"", ""2025-10-02"", ""2025-11-02"", ""2025-10-19"", ""2025-10-11"", ""2025-10-25"", ""2025-10-15"", ""2025-11-16"", ""2025-11-03"", ""2025-11-24"", ""2025-09-25"", ""2025-10-12"", ""2025-09-30"", ""2025-11-03"", ""2025-11-22"", ""2025-10-28"", ""2025-11-24"", ""2025-10-16"", ""2025-10-20"", ""2025-10-17"", ""2025-11-03"", ""2025-10-30"", ""2025-10-28"", ""2025-10-10""]",2025-11-26
2025-11-28,8251.883759754259,9050.063914275368,48833.47601480408,26645.729346423246,28.573372639280876,61.606139076437245,26707.335485499683,13845.009136338944,17775.997694923255,13680.195993818837,53667.7994768591,5.577902499993797,1.1239113449892135e-07,10,10_scenario,"[329, 311, 301, 278, 278, 284, 296, 289, 298, 288, 300, 327, 321, 295, 296, 296, 313, 318, 274, 294, 329, 274, 274, 294, 278, 310, 306, 294, 286, 323]","[""2025-11-26"", ""2025-11-08"", ""2025-10-29"", ""2025-10-06"", ""2025-10-06"", ""2025-10-12"", ""2025-10-24"", ""2025-10-17"", ""2025-10-26"", ""2025-10-16"", ""2025-10-28"", ""2025-11-24"", ""2025-11-18"", ""2025-10-23"", ""2025-10-24"", ""2025-10-24"", ""2025-11-10"", ""2025-11-15"", ""2025-10-02"", ""2025-10-22"", ""2025-11-26"", ""2025-10-02"", ""2025-10-02"", ""2025-10-22"", ""2025-10-06"", ""2025-11-07"", ""2025-11-03"", ""2025-10-22"", ""2025-10-14"", ""2025-11-20""]",2025-11-27
2025-11-29,9050.063914275368,9834.912925925928,47715.19856237541,25694.432173669276,108.31191565192597,263.643982417655,25958.076156086932,8801.419239979386,17822.51067138128,13729.869533333333,81666.90717626599,26.115786900016246,9.289281844203132e-07,30,main,"[284, 282, 294, 323, 319, 292, 325, 305, 308, 262, 295, 320, 326, 316, 312, 326, 319, 312, 314, 281, 315, 311, 295, 304, 322, 325, 294, 285, 329, 322]","[""2025-10-12"", ""2025-10-10"", ""2025-10-22"", ""2025-11-20"", ""2025-11-16"", ""2025-10-20"", ""2025-11-22"", ""2025-11-02"", ""2025-11-05"", ""2025-09-20"", ""2025-10-23"", ""2025-11-17"", ""2025-11-23"", ""2025-11-13"", ""2025-11-09"", ""2025-11-23"", ""2025-11-16"", ""2025-11-09"", ""2025-11-11"", ""2025-10-09"", ""2025-11-12"", ""2025-11-08"", ""2025-10-23"", ""2025-11-01"", ""2025-11-19"", ""2025-11-22"", ""2025-10-22"", ""2025-10-13"", ""2025-11-26"", ""2025-11-19""]",2025-11-28
2025-11-30,9834.912925925928,7829.59296369608,82197.93957478054,51920.28186607743,2782.5993464206263,11930.824416094267,63851.10628217169,2567.247546265842,20911.84854881857,18743.385290549908,109783.4966857024,0.4940008000121452,7.581107529523406e-10,10,10_scenario,"[326, 326, 279, 301, 331, 276, 331, 302, 280, 297, 277, 321, 281, 306, 317, 323, 303, 286, 309, 317, 308, 314, 312, 284, 301, 279, 307, 291, 321, 306]","[""2025-11-23"", ""2025-11-23"", ""2025-10-07"", ""2025-10-29"", ""2025-11-28"", ""2025-10-04"", ""2025-11-28"", ""2025-10-30"", ""2025-10-08"", ""2025-10-25"", ""2025-10-05"", ""2025-11-18"", ""2025-10-09"", ""2025-11-03"", ""2025-11-14"", ""2025-11-20"", ""2025-10-31"", ""2025-10-14"", ""2025-11-06"", ""2025-11-14"", ""2025-11-05"", ""2025-11-11"", ""2025-11-09"", ""2025-10-12"", ""2025-10-29"", ""2025-10-07"", ""2025-11-04"", ""2025-10-19"", ""2025-11-18"", ""2025-11-03""]",2025-11-29
2025-12-01,7829.59296369608,9557.02310421832,90847.83457688076,56946.36200404288,4552.964833279703,17252.301402937363,74198.66340698024,2691.0008383448676,25558.861642169795,19147.99080368752,116339.28112978511,24.996930900000734,9.224863746573312e-07,30,main,"[329, 316, 309, 314, 320, 311, 320, 319, 327, 320, 329, 319, 299, 326, 315, 308, 318, 301, 314, 318, 332, 325, 322, 332, 321, 306, 321, 327, 327, 327]","[""2025-11-26"", ""2025-11-13"", ""2025-11-06"", ""2025-11-11"", ""2025-11-17"", ""2025-11-08"", ""2025-11-17"", ""2025-11-16"", ""2025-11-24"", ""2025-11-17"", ""2025-11-26"", ""2025-11-16"", ""2025-10-27"", ""2025-11-23"", ""2025-11-12"", ""2025-11-05"", ""2025-11-15"", ""2025-10-29"", ""2025-11-11"", ""2025-11-15"", ""2025-11-29"", ""2025-11-22"", ""2025-11-19"", ""2025-11-29"", ""2025-11-18"", ""2025-11-03"", ""2025-11-18"", ""2025-11-24"", ""2025-11-24"", ""2025-11-24""]",2025-11-30
2025-12-02,9557.02310421832,7339.0904765972,87671.0745897221,56384.41714264977,4293.593727427131,17136.152457872686,73520.56960052246,1210.2360876948615,21646.113917438895,19529.491637984516,116571.8565153817,1.2806093999824952,6.419327492559209e-07,10,10_scenario,"[310, 305, 281, 287, 316, 271, 329, 330, 317, 287, 326, 333, 316, 316, 328, 314, 327, 294, 293, 325, 299, 303, 307, 332, 329, 328, 291, 323, 330, 308]","[""2025-11-07"", ""2025-11-02"", ""2025-10-09"", ""2025-10-15"", ""2025-11-13"", ""2025-09-29"", ""2025-11-26"", ""2025-11-27"", ""2025-11-14"", ""2025-10-15"", ""2025-11-23"", ""2025-11-30"", ""2025-11-13"", ""2025-11-13"", ""2025-11-25"", ""2025-11-11"", ""2025-11-24"", ""2025-10-22"", ""2025-10-21"", ""2025-11-22"", ""2025-10-27"", ""2025-10-31"", ""2025-11-04"", ""2025-11-29"", ""2025-11-26"", ""2025-11-25"", ""2025-10-19"", ""2025-11-20"", ""2025-11-27"", ""2025-11-05""]",2025-12-01
2025-12-03,7339.0904765972,9801.86741823937,94559.78780743202,60118.64257141307,2381.6527809065547,7897.096341387892,68015.73891280095,2691.5318158338528,25635.057675579497,18547.89746974144,118767.62319442493,2.548491699999431,6.405778790319456e-07,10,10_scenario,"[327, 309, 331, 331, 327, 326, 278, 327, 333, 309, 307, 330, 324, 330, 319, 309, 320, 333, 323, 293, 329, 313, 296, 319, 296, 331, 289, 327, 329, 298]","[""2025-11-24"", ""2025-11-06"", ""2025-11-28"", ""2025-11-28"", ""2025-11-24"", ""2025-11-23"", ""2025-10-06"", ""2025-11-24"", ""2025-11-30"", ""2025-11-06"", ""2025-11-04"", ""2025-11-27"", ""2025-11-21"", ""2025-11-27"", ""2025-11-16"", ""2025-11-06"", ""2025-11-17"", ""2025-11-30"", ""2025-11-20"", ""2025-10-21"", ""2025-11-26"", ""2025-11-10"", ""2025-10-24"", ""2025-11-16"", ""2025-10-24"", ""2025-11-28"", ""2025-10-17"", ""2025-11-24"", ""2025-11-26"", ""2025-10-26""]",2025-12-02
2025-12-04,9801.86741823937,7302.082437096105,88110.12890889635,56683.17429509472,3375.739166193885,12140.99948057729,68824.17377567201,2872.998820785012,21534.036775443,19692.37627113777,92336.66530904891,1.1973137000168208,5.156444679911977e-07,10,10_scenario,"[279, 329, 334, 289, 307, 318, 293, 326, 323, 307, 310, 289, 333, 330, 323, 333, 329, 299, 331, 317, 329, 312, 312, 280, 314, 281, 318, 299, 280, 331]","[""2025-10-07"", ""2025-11-26"", ""2025-12-01"", ""2025-10-17"", ""2025-11-04"", ""2025-11-15"", ""2025-10-21"", ""2025-11-23"", ""2025-11-20"", ""2025-11-04"", ""2025-11-07"", ""2025-10-17"", ""2025-11-30"", ""2025-11-27"", ""2025-11-20"", ""2025-11-30"", ""2025-11-26"", ""2025-10-27"", ""2025-11-28"", ""2025-11-14"", ""2025-11-26"", ""2025-11-09"", ""2025-11-09"", ""2025-10-08"", ""2025-11-11"", ""2025-10-09"", ""2025-11-15"", ""2025-10-27"", ""2025-10-08"", ""2025-11-28""]",2025-12-03
2025-12-05,7302.082437096105,10120.451491763524,57969.82105503355,31831.885739372185,250.99939225454864,603.9970961904314,32435.882835562617,10455.828785735474,20614.904363255904,14161.540385036613,62146.20442031495,5.203859699977329,0.0,10,10_scenario,"[329, 336, 329, 302, 316, 331, 309, 333, 309, 322, 325, 303, 335, 330, 309, 334, 273, 323, 323, 328, 331, 335, 331, 328, 299, 308, 296, 299, 331, 321]","[""2025-11-26"", ""2025-12-03"", ""2025-11-26"", ""2025-10-30"", ""2025-11-13"", ""2025-11-28"", ""2025-11-06"", ""2025-11-30"", ""2025-11-06"", ""2025-11-19"", ""2025-11-22"", ""2025-10-31"", ""2025-12-02"", ""2025-11-27"", ""2025-11-06"", ""2025-12-01"", ""2025-10-01"", ""2025-11-20"", ""2025-11-20"", ""2025-11-25"", ""2025-11-28"", ""2025-12-02"", ""2025-11-28"", ""2025-11-25"", ""2025-10-27"", ""2025-11-05"", ""2025-10-24"", ""2025-10-27"", ""2025-11-28"", ""2025-11-18""]",2025-12-04
2025-12-06,10120.451491763524,7855.088335290071,49695.94949525685,26850.474432001873,897.9983915599453,2362.5034580635192,29212.97789006539,5820.896939973971,16564.457742117207,15456.037611941047,89054.1431074175,1.8885313000064343,5.812131636110534e-08,10,10_scenario,"[314, 318, 309, 289, 335, 325, 297, 337, 332, 289, 303, 287, 325, 327, 319, 298, 337, 282, 310, 284, 276, 305, 302, 297, 304, 296, 303, 311, 327, 325]","[""2025-11-11"", ""2025-11-15"", ""2025-11-06"", ""2025-10-17"", ""2025-12-02"", ""2025-11-22"", ""2025-10-25"", ""2025-12-04"", ""2025-11-29"", ""2025-10-17"", ""2025-10-31"", ""2025-10-15"", ""2025-11-22"", ""2025-11-24"", ""2025-11-16"", ""2025-10-26"", ""2025-12-04"", ""2025-10-10"", ""2025-11-07"", ""2025-10-12"", ""2025-10-04"", ""2025-11-02"", ""2025-10-30"", ""2025-10-25"", ""2025-11-01"", ""2025-10-24"", ""2025-10-31"", ""2025-11-08"", ""2025-11-24"", ""2025-11-22""]",2025-12-05
2025-12-07,7855.088335290071,7964.9875409470205,91094.96434395731,57575.89647252651,3923.944760952668,15137.361428286506,72713.25790081301,2768.177504786791,23679.689815957543,19081.639465834356,125545.66042399843,4.346725899988087,0.0,10,10_scenario,"[325, 334, 321, 319, 329, 320, 333, 300, 293, 292, 313, 332, 313, 298, 276, 322, 338, 291, 337, 309, 325, 325, 311, 308, 328, 310, 283, 309, 325, 311]","[""2025-11-22"", ""2025-12-01"", ""2025-11-18"", ""2025-11-16"", ""2025-11-26"", ""2025-11-17"", ""2025-11-30"", ""2025-10-28"", ""2025-10-21"", ""2025-10-20"", ""2025-11-10"", ""2025-11-29"", ""2025-11-10"", ""2025-10-26"", ""2025-10-04"", ""2025-11-19"", ""2025-12-05"", ""2025-10-19"", ""2025-12-04"", ""2025-11-06"", ""2025-11-22"", ""2025-11-22"", ""2025-11-08"", ""2025-11-05"", ""2025-11-25"", ""2025-11-07"", ""2025-10-11"", ""2025-11-06"", ""2025-11-22"", ""2025-11-08""]",2025-12-06
2025-12-08,7964.9875409470205,8163.146343693159,97754.6023012243,62298.415069652714,413.64096959725,1980.654158641116,64279.06922829383,5683.963440063986,23466.977850628242,18829.909136537357,130432.69016068864,5.8935130999889225,3.6089502572450684e-07,10,10_scenario,"[336, 278, 332, 324, 308, 307, 330, 318, 301, 308, 322, 337, 331, 334, 321, 333, 332, 300, 308, 301, 300, 279, 337, 314, 329, 325, 282, 308, 278, 292]","[""2025-12-03"", ""2025-10-06"", ""2025-11-29"", ""2025-11-21"", ""2025-11-05"", ""2025-11-04"", ""2025-11-27"", ""2025-11-15"", ""2025-10-29"", ""2025-11-05"", ""2025-11-19"", ""2025-12-04"", ""2025-11-28"", ""2025-12-01"", ""2025-11-18"", ""2025-11-30"", ""2025-11-29"", ""2025-10-28"", ""2025-11-05"", ""2025-10-29"", ""2025-10-28"", ""2025-10-07"", ""2025-12-04"", ""2025-11-11"", ""2025-11-26"", ""2025-11-22"", ""2025-10-10"", ""2025-11-05"", ""2025-10-06"", ""2025-10-20""]",2025-12-07
2025-12-09,8163.146343693159,8142.3942592816475,99530.05067024566,63597.19024922222,381.17053257262023,1850.30633298675,65447.49658220897,7962.530985181753,24099.541194422316,19539.30524345244,131484.18092342382,11.164959599991562,0.0,10,10_scenario,"[302, 315, 336, 330, 323, 338, 338, 279, 302, 335, 297, 323, 308, 318, 336, 294, 303, 321, 279, 324, 288, 282, 335, 315, 340, 315, 327, 335, 310, 319]","[""2025-10-30"", ""2025-11-12"", ""2025-12-03"", ""2025-11-27"", ""2025-11-20"", ""2025-12-05"", ""2025-12-05"", ""2025-10-07"", ""2025-10-30"", ""2025-12-02"", ""2025-10-25"", ""2025-11-20"", ""2025-11-05"", ""2025-11-15"", ""2025-12-03"", ""2025-10-22"", ""2025-10-31"", ""2025-11-18"", ""2025-10-07"", ""2025-11-21"", ""2025-10-16"", ""2025-10-10"", ""2025-12-02"", ""2025-11-12"", ""2025-12-07"", ""2025-11-12"", ""2025-11-24"", ""2025-12-02"", ""2025-11-07"", ""2025-11-16""]",2025-12-08
2025-12-10,8142.3942592816475,8265.772866455061,98849.45574530262,63274.06153928008,371.98542559077947,1590.9597135320603,64865.02125281214,6406.084031440801,22719.462770157144,18291.72409737122,131372.74782634355,8.885881099995458,8.545563344625667e-07,10,10_scenario,"[286, 314, 332, 336, 299, 329, 341, 324, 320, 340, 327, 330, 338, 339, 333, 341, 323, 287, 338, 322, 341, 328, 316, 315, 303, 298, 341, 328, 328, 316]","[""2025-10-14"", ""2025-11-11"", ""2025-11-29"", ""2025-12-03"", ""2025-10-27"", ""2025-11-26"", ""2025-12-08"", ""2025-11-21"", ""2025-11-17"", ""2025-12-07"", ""2025-11-24"", ""2025-11-27"", ""2025-12-05"", ""2025-12-06"", ""2025-11-30"", ""2025-12-08"", ""2025-11-20"", ""2025-10-15"", ""2025-12-05"", ""2025-11-19"", ""2025-12-08"", ""2025-11-25"", ""2025-11-13"", ""2025-11-12"", ""2025-10-31"", ""2025-10-26"", ""2025-12-08"", ""2025-11-25"", ""2025-11-25"", ""2025-11-13""]",2025-12-09
2025-12-11,8265.772866455061,10480.933872186983,98667.94579642873,63037.07223153778,391.91651073636115,1426.0792923502956,64463.151523888075,6455.512019030522,24470.793068293922,17827.697480159346,98140.32899075391,1.8215278999996372,0.0,10,10_scenario,"[307, 342, 327, 327, 297, 303, 310, 342, 288, 342, 340, 316, 313, 303, 335, 341, 342, 335, 321, 336, 302, 281, 329, 340, 331, 342, 338, 328, 337, 315]","[""2025-11-04"", ""2025-12-09"", ""2025-11-24"", ""2025-11-24"", ""2025-10-25"", ""2025-10-31"", ""2025-11-07"", ""2025-12-09"", ""2025-10-16"", ""2025-12-09"", ""2025-12-07"", ""2025-11-13"", ""2025-11-10"", ""2025-10-31"", ""2025-12-02"", ""2025-12-08"", ""2025-12-09"", ""2025-12-02"", ""2025-11-18"", ""2025-12-03"", ""2025-10-30"", ""2025-10-09"", ""2025-11-26"", ""2025-12-07"", ""2025-11-28"", ""2025-12-09"", ""2025-12-05"", ""2025-11-25"", ""2025-12-04"", ""2025-11-12""]",2025-12-10
2025-12-12,10480.933872186983,9258.759129629638,58796.793206228635,33297.7148888414,13.1722731193438,28.78800290232587,33326.50289174373,13407.69618651046,14672.700409504183,12984.844599999999,70725.89038393824,2.442232499975944,2.057508947483194e-16,10,10_scenario,"[313, 323, 342, 297, 341, 333, 308, 328, 338, 338, 327, 305, 337, 331, 304, 327, 340, 334, 293, 292, 285, 301, 328, 310, 325, 332, 301, 321, 324, 285]","[""2025-11-10"", ""2025-11-20"", ""2025-12-09"", ""2025-10-25"", ""2025-12-08"", ""2025-11-30"", ""2025-11-05"", ""2025-11-25"", ""2025-12-05"", ""2025-12-05"", ""2025-11-24"", ""2025-11-02"", ""2025-12-04"", ""2025-11-28"", ""2025-11-01"", ""2025-11-24"", ""2025-12-07"", ""2025-12-01"", ""2025-10-21"", ""2025-10-20"", ""2025-10-13"", ""2025-10-29"", ""2025-11-25"", ""2025-11-07"", ""2025-11-22"", ""2025-11-29"", ""2025-10-29"", ""2025-11-18"", ""2025-11-21"", ""2025-10-13""]",2025-12-11
2025-12-13,9258.759129629638,9609.701021493802,59869.41456154738,32862.91788803629,21.80712873697064,46.91647468977468,32909.83436272606,12488.048589867907,17309.43165476512,13704.791937682005,99533.13461541774,5.829253900010372,3.218373358184923e-07,10,10_scenario,"[311, 299, 331, 293, 333, 339, 324, 326, 336, 309, 333, 296, 337, 301, 339, 331, 326, 331, 313, 329, 334, 318, 335, 306, 309, 312, 332, 333, 336, 292]","[""2025-11-08"", ""2025-10-27"", ""2025-11-28"", ""2025-10-21"", ""2025-11-30"", ""2025-12-06"", ""2025-11-21"", ""2025-11-23"", ""2025-12-03"", ""2025-11-06"", ""2025-11-30"", ""2025-10-24"", ""2025-12-04"", ""2025-10-29"", ""2025-12-06"", ""2025-11-28"", ""2025-11-23"", ""2025-11-28"", ""2025-11-10"", ""2025-11-26"", ""2025-12-01"", ""2025-11-15"", ""2025-12-02"", ""2025-11-03"", ""2025-11-06"", ""2025-11-09"", ""2025-11-29"", ""2025-11-30"", ""2025-12-03"", ""2025-10-20""]",2025-12-12
2025-12-14,9609.701021493802,9450.130788828796,94652.7852323302,60043.81833138564,1550.0260745692665,7257.54645570872,67301.36478709437,3025.3694958343985,23907.016949808305,19508.29693874323,127653.8894883301,3.791632500011474,7.897761441842233e-07,10,10_scenario,"[300, 343, 296, 298, 339, 295, 301, 328, 340, 341, 338, 328, 341, 337, 319, 317, 327, 292, 325, 314, 330, 329, 326, 331, 344, 334, 344, 326, 331, 320]","[""2025-10-28"", ""2025-12-10"", ""2025-10-24"", ""2025-10-26"", ""2025-12-06"", ""2025-10-23"", ""2025-10-29"", ""2025-11-25"", ""2025-12-07"", ""2025-12-08"", ""2025-12-05"", ""2025-11-25"", ""2025-12-08"", ""2025-12-04"", ""2025-11-16"", ""2025-11-14"", ""2025-11-24"", ""2025-10-20"", ""2025-11-22"", ""2025-11-11"", ""2025-11-27"", ""2025-11-26"", ""2025-11-23"", ""2025-11-28"", ""2025-12-11"", ""2025-12-01"", ""2025-12-11"", ""2025-11-23"", ""2025-11-28"", ""2025-11-17""]",2025-12-13
2025-12-15,9450.130788828796,8036.203631127649,98196.50977932155,63009.58899867319,324.96395609681736,1458.9922485351997,64468.58124720839,6065.60386338494,22414.980775251635,19428.668869884856,133954.72843777045,6.519599299994297,0.0,10,10_scenario,"[346, 306, 335, 328, 317, 308, 334, 344, 338, 345, 341, 339, 342, 327, 303, 304, 343, 331, 345, 304, 345, 318, 341, 326, 345, 320, 339, 341, 336, 335]","[""2025-12-13"", ""2025-11-03"", ""2025-12-02"", ""2025-11-25"", ""2025-11-14"", ""2025-11-05"", ""2025-12-01"", ""2025-12-11"", ""2025-12-05"", ""2025-12-12"", ""2025-12-08"", ""2025-12-06"", ""2025-12-09"", ""2025-11-24"", ""2025-10-31"", ""2025-11-01"", ""2025-12-10"", ""2025-11-28"", ""2025-12-12"", ""2025-11-01"", ""2025-12-12"", ""2025-11-15"", ""2025-12-08"", ""2025-11-23"", ""2025-12-12"", ""2025-11-17"", ""2025-12-06"", ""2025-12-08"", ""2025-12-03"", ""2025-12-02""]",2025-12-14
2025-12-16,8036.203631127649,8172.601161913196,99077.70282079988,63578.85274030334,201.1562475812836,743.7958751678341,64322.64861547117,5200.047109239173,23884.014990008764,19223.29436420011,133985.97631938642,10.787875500012888,0.0,10,10_scenario,"[344, 345, 310, 326, 334, 339, 342, 343, 318, 331, 300, 336, 345, 337, 333, 343, 321, 342, 285, 324, 302, 338, 329, 339, 327, 336, 309, 340, 310, 339]","[""2025-12-11"", ""2025-12-12"", ""2025-11-07"", ""2025-11-23"", ""2025-12-01"", ""2025-12-06"", ""2025-12-09"", ""2025-12-10"", ""2025-11-15"", ""2025-11-28"", ""2025-10-28"", ""2025-12-03"", ""2025-12-12"", ""2025-12-04"", ""2025-11-30"", ""2025-12-10"", ""2025-11-18"", ""2025-12-09"", ""2025-10-13"", ""2025-11-21"", ""2025-10-30"", ""2025-12-05"", ""2025-11-26"", ""2025-12-06"", ""2025-11-24"", ""2025-12-03"", ""2025-11-06"", ""2025-12-07"", ""2025-11-07"", ""2025-12-06""]",2025-12-15
2025-12-17,8172.601161913196,9011.089320898487,101595.54586541736,65305.96466734522,287.2358167477397,1115.106613503362,66421.07128084858,8592.856553656915,22860.203782919823,17762.125721078297,131071.48362281155,9.137751899979776,0.0,10,10_scenario,"[330, 323, 337, 345, 335, 309, 343, 347, 331, 341, 325, 295, 293, 326, 344, 330, 331, 334, 336, 296, 344, 344, 347, 299, 336, 304, 314, 324, 329, 338]","[""2025-11-27"", ""2025-11-20"", ""2025-12-04"", ""2025-12-12"", ""2025-12-02"", ""2025-11-06"", ""2025-12-10"", ""2025-12-14"", ""2025-11-28"", ""2025-12-08"", ""2025-11-22"", ""2025-10-23"", ""2025-10-21"", ""2025-11-23"", ""2025-12-11"", ""2025-11-27"", ""2025-11-28"", ""2025-12-01"", ""2025-12-03"", ""2025-10-24"", ""2025-12-11"", ""2025-12-11"", ""2025-12-14"", ""2025-10-27"", ""2025-12-03"", ""2025-11-01"", ""2025-11-11"", ""2025-11-21"", ""2025-11-26"", ""2025-12-05""]",2025-12-16
2025-12-18,9011.089320898487,6840.728562794643,96694.67589239092,62874.57657843859,360.08045019188165,893.8128451180253,63768.38942355661,7738.224840356947,20545.206409750797,18594.94187419161,101122.57575750459,11.173609399993438,0.0,10,10_scenario,"[319, 323, 301, 309, 347, 337, 348, 344, 330, 338, 335, 328, 339, 318, 332, 299, 349, 346, 300, 330, 286, 308, 348, 336, 314, 342, 333, 323, 333, 295]","[""2025-11-16"", ""2025-11-20"", ""2025-10-29"", ""2025-11-06"", ""2025-12-14"", ""2025-12-04"", ""2025-12-15"", ""2025-12-11"", ""2025-11-27"", ""2025-12-05"", ""2025-12-02"", ""2025-11-25"", ""2025-12-06"", ""2025-11-15"", ""2025-11-29"", ""2025-10-27"", ""2025-12-16"", ""2025-12-13"", ""2025-10-28"", ""2025-11-27"", ""2025-10-14"", ""2025-11-05"", ""2025-12-15"", ""2025-12-03"", ""2025-11-11"", ""2025-12-09"", ""2025-11-30"", ""2025-11-20"", ""2025-11-30"", ""2025-10-23""]",2025-12-17
2025-12-19,6840.728562794643,8740.490309164867,66446.62352365389,37744.05921649574,10.691263824057614,22.831193896275035,37766.890410392014,18512.005487849132,17511.223304713767,12474.305305084952,71326.73687697045,4.478912499995204,1.0471999313794637e-08,10,10_scenario,"[310, 342, 347, 288, 306, 342, 330, 288, 305, 337, 337, 317, 348, 343, 341, 344, 305, 304, 322, 350, 324, 320, 303, 331, 307, 341, 350, 310, 347, 317]","[""2025-11-07"", ""2025-12-09"", ""2025-12-14"", ""2025-10-16"", ""2025-11-03"", ""2025-12-09"", ""2025-11-27"", ""2025-10-16"", ""2025-11-02"", ""2025-12-04"", ""2025-12-04"", ""2025-11-14"", ""2025-12-15"", ""2025-12-10"", ""2025-12-08"", ""2025-12-11"", ""2025-11-02"", ""2025-11-01"", ""2025-11-19"", ""2025-12-17"", ""2025-11-21"", ""2025-11-17"", ""2025-10-31"", ""2025-11-28"", ""2025-11-04"", ""2025-12-08"", ""2025-12-17"", ""2025-11-07"", ""2025-12-14"", ""2025-11-14""]",2025-12-18
2025-12-20,8740.490309164867,8684.114442267037,54731.46185472993,29600.268223902523,132.94647521214256,384.5889851485754,29984.8572090511,8499.710642487218,18732.019566646843,15223.674129191986,92907.3354204539,12.05871599999955,6.283035146818204e-07,10,10_scenario,"[325, 349, 331, 330, 345, 342, 344, 315, 348, 346, 348, 347, 351, 344, 316, 346, 332, 329, 346, 347, 347, 340, 334, 340, 314, 300, 284, 338, 343, 349]","[""2025-11-22"", ""2025-12-16"", ""2025-11-28"", ""2025-11-27"", ""2025-12-12"", ""2025-12-09"", ""2025-12-11"", ""2025-11-12"", ""2025-12-15"", ""2025-12-13"", ""2025-12-15"", ""2025-12-14"", ""2025-12-18"", ""2025-12-11"", ""2025-11-13"", ""2025-12-13"", ""2025-11-29"", ""2025-11-26"", ""2025-12-13"", ""2025-12-14"", ""2025-12-14"", ""2025-12-07"", ""2025-12-01"", ""2025-12-07"", ""2025-11-11"", ""2025-10-28"", ""2025-10-12"", ""2025-12-05"", ""2025-12-10"", ""2025-12-16""]",2025-12-19
2025-12-21,8684.114442267037,8766.885392243086,99205.69667672734,63461.49475823465,411.358232664243,1823.770264507954,65285.265022742606,5932.783591688471,24063.134716094763,19416.645265058316,131093.8548639113,4.5216116000083275,0.0,10,10_scenario,"[340, 347, 338, 339, 348, 312, 340, 311, 339, 344, 320, 345, 339, 314, 349, 331, 305, 347, 349, 331, 351, 297, 347, 308, 311, 305, 301, 319, 302, 325]","[""2025-12-07"", ""2025-12-14"", ""2025-12-05"", ""2025-12-06"", ""2025-12-15"", ""2025-11-09"", ""2025-12-07"", ""2025-11-08"", ""2025-12-06"", ""2025-12-11"", ""2025-11-17"", ""2025-12-12"", ""2025-12-06"", ""2025-11-11"", ""2025-12-16"", ""2025-11-28"", ""2025-11-02"", ""2025-12-14"", ""2025-12-16"", ""2025-11-28"", ""2025-12-18"", ""2025-10-25"", ""2025-12-14"", ""2025-11-05"", ""2025-11-08"", ""2025-11-02"", ""2025-10-29"", ""2025-11-16"", ""2025-10-30"", ""2025-11-22""]",2025-12-20
2025-12-22,8766.885392243086,8919.229233900885,100171.15751181365,64562.1019939234,489.5703160407754,1643.5960859600707,66205.69807988347,7097.709961014952,23623.585926390206,18997.995142884054,128912.33639287572,3.6597112999879755,0.0,10,10_scenario,"[319, 319, 344, 331, 324, 341, 338, 328, 307, 352, 344, 352, 344, 352, 349, 351, 347, 351, 311, 348, 323, 343, 350, 351, 340, 350, 352, 352, 317, 333]","[""2025-11-16"", ""2025-11-16"", ""2025-12-11"", ""2025-11-28"", ""2025-11-21"", ""2025-12-08"", ""2025-12-05"", ""2025-11-25"", ""2025-11-04"", ""2025-12-19"", ""2025-12-11"", ""2025-12-19"", ""2025-12-11"", ""2025-12-19"", ""2025-12-16"", ""2025-12-18"", ""2025-12-14"", ""2025-12-18"", ""2025-11-08"", ""2025-12-15"", ""2025-11-20"", ""2025-12-10"", ""2025-12-17"", ""2025-12-18"", ""2025-12-07"", ""2025-12-17"", ""2025-12-19"", ""2025-12-19"", ""2025-11-14"", ""2025-11-30""]",2025-12-21
2025-12-23,8919.229233900885,8889.662982573373,100201.41369795878,64573.64550915231,94.5542028949165,258.6831420712281,64832.328651223535,8860.118461143582,22128.24490827128,17950.488001894504,133065.08065171496,14.884522399981506,6.679797924529128e-07,10,10_scenario,"[342, 351, 335, 338, 346, 354, 309, 350, 314, 299, 344, 299, 320, 348, 352, 293, 299, 352, 343, 349, 328, 299, 322, 308, 347, 352, 352, 327, 321, 314]","[""2025-12-09"", ""2025-12-18"", ""2025-12-02"", ""2025-12-05"", ""2025-12-13"", ""2025-12-21"", ""2025-11-06"", ""2025-12-17"", ""2025-11-11"", ""2025-10-27"", ""2025-12-11"", ""2025-10-27"", ""2025-11-17"", ""2025-12-15"", ""2025-12-19"", ""2025-10-21"", ""2025-10-27"", ""2025-12-19"", ""2025-12-10"", ""2025-12-16"", ""2025-11-25"", ""2025-10-27"", ""2025-11-19"", ""2025-11-05"", ""2025-12-14"", ""2025-12-19"", ""2025-12-19"", ""2025-11-24"", ""2025-11-18"", ""2025-11-11""]",2025-12-22
2025-12-24,8889.662982573373,8616.035701842698,96310.23301774997,61183.545880335834,1005.9750379030588,4147.3180218794705,65330.86390221531,5191.505572670936,23770.566941963334,19500.423775647905,127147.41791838546,15.487076199991861,9.68701669284676e-07,10,10_scenario,"[307, 324, 336, 343, 352, 310, 344, 352, 320, 316, 353, 321, 303, 355, 326, 323, 341, 349, 313, 332, 330, 355, 349, 353, 302, 320, 318, 319, 352, 307]","[""2025-11-04"", ""2025-11-21"", ""2025-12-03"", ""2025-12-10"", ""2025-12-19"", ""2025-11-07"", ""2025-12-11"", ""2025-12-19"", ""2025-11-17"", ""2025-11-13"", ""2025-12-20"", ""2025-11-18"", ""2025-10-31"", ""2025-12-22"", ""2025-11-23"", ""2025-11-20"", ""2025-12-08"", ""2025-12-16"", ""2025-11-10"", ""2025-11-29"", ""2025-11-27"", ""2025-12-22"", ""2025-12-16"", ""2025-12-20"", ""2025-10-30"", ""2025-11-17"", ""2025-11-15"", ""2025-11-16"", ""2025-12-19"", ""2025-11-04""]",2025-12-23
2025-12-25,8616.035701842698,7348.572433548094,96050.90412478497,61804.32639523305,622.5390299477737,2336.9193659640605,64141.24576119711,5939.79439630032,21378.511402969667,18457.31117787057,101963.74195924084,4.050460500002373,6.694292175581762e-07,10,10_scenario,"[343, 323, 336, 331, 346, 355, 356, 321, 313, 317, 319, 356, 355, 354, 322, 356, 322, 343, 355, 348, 330, 356, 318, 341, 309, 322, 336, 303, 352, 326]","[""2025-12-10"", ""2025-11-20"", ""2025-12-03"", ""2025-11-28"", ""2025-12-13"", ""2025-12-22"", ""2025-12-23"", ""2025-11-18"", ""2025-11-10"", ""2025-11-14"", ""2025-11-16"", ""2025-12-23"", ""2025-12-22"", ""2025-12-21"", ""2025-11-19"", ""2025-12-23"", ""2025-11-19"", ""2025-12-10"", ""2025-12-22"", ""2025-12-15"", ""2025-11-27"", ""2025-12-23"", ""2025-11-15"", ""2025-12-08"", ""2025-11-06"", ""2025-11-19"", ""2025-12-03"", ""2025-10-31"", ""2025-12-19"", ""2025-11-23""]",2025-12-24
2025-12-26,7348.572433548094,9617.509555555556,63304.26766602218,35175.19152827373,8.403781143195843e-14,1.5601619692343084e-13,35175.19152827373,14632.900950626166,19061.583538189254,13397.839256126583,68181.75617614585,3.7171282999916,0.0,10,10_scenario,"[356, 349, 355, 349, 332, 356, 306, 355, 345, 330, 344, 296, 327, 347, 326, 356, 299, 353, 355, 340, 338, 352, 324, 356, 316, 355, 343, 349, 346, 337]","[""2025-12-23"", ""2025-12-16"", ""2025-12-22"", ""2025-12-16"", ""2025-11-29"", ""2025-12-23"", ""2025-11-03"", ""2025-12-22"", ""2025-12-12"", ""2025-11-27"", ""2025-12-11"", ""2025-10-24"", ""2025-11-24"", ""2025-12-14"", ""2025-11-23"", ""2025-12-23"", ""2025-10-27"", ""2025-12-20"", ""2025-12-22"", ""2025-12-07"", ""2025-12-05"", ""2025-12-19"", ""2025-11-21"", ""2025-12-23"", ""2025-11-13"", ""2025-12-22"", ""2025-12-10"", ""2025-12-16"", ""2025-12-13"", ""2025-12-04""]",2025-12-25
2025-12-27,9617.509555555556,8985.189696248684,60745.230175334465,33810.91417512708,0.0,0.0,33810.91417512708,15104.662213319703,15109.719835390948,12807.960940042849,97742.9626059413,1.0821996000013314,0.0,10,10_scenario,"[345, 325, 340, 336, 336, 345, 326, 337, 343, 337, 341, 321, 335, 344, 327, 341, 321, 340, 339, 324, 337, 356, 354, 325, 322, 335, 337, 350, 307, 332]","[""2025-12-12"", ""2025-11-22"", ""2025-12-07"", ""2025-12-03"", ""2025-12-03"", ""2025-12-12"", ""2025-11-23"", ""2025-12-04"", ""2025-12-10"", ""2025-12-04"", ""2025-12-08"", ""2025-11-18"", ""2025-12-02"", ""2025-12-11"", ""2025-11-24"", ""2025-12-08"", ""2025-11-18"", ""2025-12-07"", ""2025-12-06"", ""2025-11-21"", ""2025-12-04"", ""2025-12-23"", ""2025-12-21"", ""2025-11-22"", ""2025-11-19"", ""2025-12-02"", ""2025-12-04"", ""2025-12-17"", ""2025-11-04"", ""2025-11-29""]",2025-12-26
2025-12-28,8985.189696248684,7975.460882497092,93920.97043866228,59944.30123997531,1396.5480048225434,5837.125431918608,65781.42667189392,5208.612560724163,22149.510869142676,18849.859736382008,124820.40238523197,6.5958047999884,9.03698462362146e-07,10,10_scenario,"[328, 320, 304, 306, 358, 319, 319, 319, 313, 348, 333, 358, 306, 322, 297, 332, 350, 339, 359, 348, 358, 354, 349, 344, 347, 314, 355, 314, 347, 354]","[""2025-11-25"", ""2025-11-17"", ""2025-11-01"", ""2025-11-03"", ""2025-12-25"", ""2025-11-16"", ""2025-11-16"", ""2025-11-16"", ""2025-11-10"", ""2025-12-15"", ""2025-11-30"", ""2025-12-25"", ""2025-11-03"", ""2025-11-19"", ""2025-10-25"", ""2025-11-29"", ""2025-12-17"", ""2025-12-06"", ""2025-12-26"", ""2025-12-15"", ""2025-12-25"", ""2025-12-21"", ""2025-12-16"", ""2025-12-11"", ""2025-12-14"", ""2025-11-11"", ""2025-12-22"", ""2025-11-11"", ""2025-12-14"", ""2025-12-21""]",2025-12-27
2025-12-29,7975.460882497092,9531.47512705469,99404.75293035037,63307.2537376962,342.6339569768414,1293.973501190523,64601.22723888672,6250.686386550696,24065.902178989527,18092.96794487968,126490.66015073797,4.2168442999827676,1.9595523573993504e-08,10,10_scenario,"[358, 309, 355, 359, 313, 342, 322, 341, 356, 355, 353, 301, 344, 306, 355, 359, 341, 335, 310, 319, 353, 355, 349, 333, 351, 355, 345, 358, 300, 359]","[""2025-12-25"", ""2025-11-06"", ""2025-12-22"", ""2025-12-26"", ""2025-11-10"", ""2025-12-09"", ""2025-11-19"", ""2025-12-08"", ""2025-12-23"", ""2025-12-22"", ""2025-12-20"", ""2025-10-29"", ""2025-12-11"", ""2025-11-03"", ""2025-12-22"", ""2025-12-26"", ""2025-12-08"", ""2025-12-02"", ""2025-11-07"", ""2025-11-16"", ""2025-12-20"", ""2025-12-22"", ""2025-12-16"", ""2025-11-30"", ""2025-12-18"", ""2025-12-22"", ""2025-12-12"", ""2025-12-25"", ""2025-10-28"", ""2025-12-26""]",2025-12-28
2025-12-30,9531.47512705469,8944.641147011656,98626.56648400793,63403.107138423155,115.58580768330465,449.89195450723014,63852.99909293038,8916.318914630934,21734.638732100233,18133.20795503992,133183.20634865787,13.319451099989237,8.973419560364283e-07,10,10_scenario,"[351, 344, 351, 335, 333, 357, 306, 352, 339, 342, 356, 352, 360, 341, 338, 346, 354, 329, 349, 315, 360, 360, 349, 342, 355, 333, 353, 352, 302, 342]","[""2025-12-18"", ""2025-12-11"", ""2025-12-18"", ""2025-12-02"", ""2025-11-30"", ""2025-12-24"", ""2025-11-03"", ""2025-12-19"", ""2025-12-06"", ""2025-12-09"", ""2025-12-23"", ""2025-12-19"", ""2025-12-27"", ""2025-12-08"", ""2025-12-05"", ""2025-12-13"", ""2025-12-21"", ""2025-11-26"", ""2025-12-16"", ""2025-11-12"", ""2025-12-27"", ""2025-12-27"", ""2025-12-16"", ""2025-12-09"", ""2025-12-22"", ""2025-11-30"", ""2025-12-20"", ""2025-12-19"", ""2025-10-30"", ""2025-12-09""]",2025-12-29
2025-12-31,8944.641147011656,8704.965571906,95705.21188055692,61004.66386569373,1330.9280663000836,5138.8818391597615,66143.54570485349,4025.15594149351,24106.679419080356,19742.11834705018,128126.94190273035,5.050198299984913,6.788492984059249e-07,10,10_scenario,"[316, 359, 359, 336, 315, 357, 356, 346, 359, 345, 352, 348, 362, 345, 347, 358, 352, 352, 307, 355, 339, 358, 359, 358, 338, 337, 357, 359, 360, 356]","[""2025-11-13"", ""2025-12-26"", ""2025-12-26"", ""2025-12-03"", ""2025-11-12"", ""2025-12-24"", ""2025-12-23"", ""2025-12-13"", ""2025-12-26"", ""2025-12-12"", ""2025-12-19"", ""2025-12-15"", ""2025-12-29"", ""2025-12-12"", ""2025-12-14"", ""2025-12-25"", ""2025-12-19"", ""2025-12-19"", ""2025-11-04"", ""2025-12-22"", ""2025-12-06"", ""2025-12-25"", ""2025-12-26"", ""2025-12-25"", ""2025-12-05"", ""2025-12-04"", ""2025-12-24"", ""2025-12-26"", ""2025-12-27"", ""2025-12-23""]",2025-12-30
