date,interval,emergency_kwh
2025-02-01,无,0.0
2025-02-02,2:50-3:00,32.2114270675919
2025-02-02,18:20-18:30,13.035302581753058
2025-02-03,1:20-1:30,3.5864599739097685
2025-02-03,3:00-3:30,45.551135296130724
2025-02-03,4:10-4:20,1.6728263735701605
2025-02-03,9:30-9:40,17.586083830091113
2025-02-03,10:30-10:50,35.45041064418274
2025-02-03,17:50-18:00,8.887357213134692
2025-02-03,18:20-18:30,12.092277961467405
2025-02-03,23:00-23:10,9.888367692048972
2025-02-04,22:10-22:20,9.451186032301848
2025-02-05,0:00-0:20,61.0788154979449
2025-02-05,1:00-1:10,5.666889709056363
2025-02-05,1:40-1:50,4.840270539933158
2025-02-05,2:20-2:40,11.301630916031968
2025-02-05,3:50-4:10,36.92105055637762
2025-02-05,4:40-5:00,13.719975374316618
2025-02-05,6:10-6:20,10.19209773898711
2025-02-05,7:00-7:20,53.60026966820091
2025-02-05,9:20-9:40,28.178812893676508
2025-02-05,10:00-10:20,42.340558484107135
2025-02-05,14:20-14:30,10.49444419271731
2025-02-05,15:50-16:00,1.7021551991640536
2025-02-05,16:40-16:50,3.839335961897888
2025-02-05,17:20-17:30,4.172790699863526
2025-02-05,18:00-18:20,22.714168811896133
2025-02-05,21:00-21:10,0.1826714530950539
2025-02-05,22:40-23:00,12.929230241085406
2025-02-06,0:00-0:20,85.71139610264333
2025-02-06,2:40-2:50,14.428705100966567
2025-02-06,3:30-4:00,60.952627795250805
2025-02-06,4:40-4:50,22.581226210398995
2025-02-06,7:20-7:30,12.10859000333241
2025-02-06,8:00-8:10,21.052866666666773
2025-02-06,14:40-14:50,5.908185029163178
2025-02-06,15:50-16:00,20.21515762159322
2025-02-06,18:50-19:00,0.8610515836533068
2025-02-06,20:30-20:40,7.484044692355724
2025-02-06,21:00-21:20,52.571801223512125
2025-02-06,22:10-22:20,8.986307161030709
2025-02-06,22:40-23:00,42.169740508708514
2025-02-07,无,0.0
2025-02-08,4:20-4:40,34.90236735530618
2025-02-08,5:10-5:20,10.185460228163665
2025-02-08,7:20-7:40,36.18508698065554
2025-02-09,0:30-0:40,25.76971877867186
2025-02-09,1:00-1:50,239.92345950855918
2025-02-09,2:00-2:50,164.1291541332755
2025-02-09,3:00-4:20,218.11489766174952
2025-02-09,4:30-5:30,199.06715759884798
2025-02-09,5:40-7:30,565.7146875096453
2025-02-09,7:40-10:50,2157.624614289748
2025-02-09,12:50-14:50,1175.9373061415158
2025-02-09,15:10-16:20,351.25997277302093
2025-02-09,16:30-22:00,2894.6325127343202
2025-02-09,22:10-22:20,28.488767380527747
2025-02-10,1:20-1:30,1.9730269993970069
2025-02-10,2:20-2:50,38.03686495276963
2025-02-10,3:30-3:50,31.884450585316017
2025-02-10,4:10-4:50,108.76276111409038
2025-02-10,5:00-5:10,16.83493661753737
2025-02-10,5:20-5:30,5.006089423781646
2025-02-10,5:40-6:00,50.70889374393403
2025-02-10,6:20-6:30,3.6547612007649377
2025-02-10,18:30-19:00,67.87146243915913
2025-02-10,20:40-21:00,35.46861236147322
2025-02-10,21:20-22:00,74.99673886552682
2025-02-10,23:20-23:40,90.76131469520305
2025-02-11,0:00-0:10,7.827507646545087
2025-02-11,1:50-2:00,17.276085670984457
2025-02-11,2:50-3:10,29.971302076241727
2025-02-11,3:40-3:50,8.252911289322014
2025-02-11,4:20-4:40,65.21504756301333
2025-02-11,4:50-5:00,5.047847456820023
2025-02-11,6:30-6:40,5.330963505283638
2025-02-11,8:00-8:10,9.415534343576496
2025-02-11,20:10-20:40,52.01737480682368
2025-02-12,0:40-0:50,9.722823755737068
2025-02-12,4:20-4:50,16.658060760458916
2025-02-12,6:10-6:30,6.7251208668850495
2025-02-12,6:50-7:00,51.68181435248144
2025-02-12,13:10-13:40,19.12375440118899
2025-02-12,14:00-14:20,13.523545332126815
2025-02-12,14:40-14:50,2.2411155776974283
2025-02-12,15:20-15:50,120.45177934881355
2025-02-12,16:00-16:20,46.74337210494872
2025-02-12,18:10-18:40,31.91022655624791
2025-02-12,21:20-21:50,50.708631550267455
2025-02-12,23:00-23:20,44.247344249688695
2025-02-13,0:10-0:20,1.765599631677901
2025-02-13,1:40-2:20,127.68776591791766
2025-02-13,3:00-3:20,48.33612004824511
2025-02-13,3:30-3:40,23.210127406445054
2025-02-13,4:50-5:10,13.65518165389043
2025-02-13,5:40-5:50,12.93405896168474
2025-02-13,6:20-6:40,20.37468092805971
2025-02-13,7:00-7:20,64.832619317329
2025-02-13,7:40-7:50,9.68186877600175
2025-02-13,13:10-13:20,19.0127881917183
2025-02-13,18:20-18:40,30.556447662802615
2025-02-13,19:10-20:00,100.30842920306202
2025-02-13,20:50-21:00,1.6681801827228355
2025-02-13,22:40-22:50,6.168304705905939
2025-02-14,2:50-3:10,11.212185835350736
2025-02-15,2:00-2:20,9.508435551069624
2025-02-15,5:20-5:30,23.56315744574613
2025-02-15,5:50-6:10,12.943348246509798
2025-02-15,6:40-6:50,0.9537494400768196
2025-02-15,21:00-21:10,3.752509037702623
2025-02-15,23:50-0:00+1,42.09468800810123
2025-02-16,4:20-4:30,5.52073086203734
2025-02-16,9:30-9:40,55.30628651357313
2025-02-16,10:40-10:50,44.27792238644486
2025-02-16,16:40-17:00,131.76892972958828
2025-02-16,17:20-17:40,37.005261373679446
2025-02-17,0:10-0:20,7.558443420810249
2025-02-17,0:40-1:00,58.105700648910215
2025-02-17,1:30-1:50,50.7270042273326
2025-02-17,2:00-2:20,28.621779935318727
2025-02-17,2:50-3:10,25.401212227410042
2025-02-17,3:50-4:00,19.02803366792773
2025-02-17,4:20-4:30,6.26827947956258
2025-02-17,5:20-5:30,8.766371675945038
2025-02-17,5:50-6:10,22.629665608361393
2025-02-17,6:40-7:00,33.68411306270437
2025-02-17,15:40-16:00,38.34143950157568
2025-02-17,16:50-17:00,19.452428561592555
2025-02-17,17:30-17:40,2.0464845606718427
2025-02-17,18:30-18:50,23.26571187381188
2025-02-17,19:00-19:20,46.39359052925738
2025-02-17,20:00-20:20,22.726575792391145
2025-02-17,21:10-21:20,5.026584527331124
2025-02-17,22:10-22:20,21.07078559434524
2025-02-18,0:10-0:20,6.091853630779042
2025-02-18,0:50-1:30,122.07721154136573
2025-02-18,1:50-2:00,29.895616192961825
2025-02-18,3:10-3:30,25.82780328437968
2025-02-18,3:40-4:10,78.78699871533559
2025-02-18,4:50-5:00,23.98744776008857
2025-02-18,5:10-5:30,29.695455682291595
2025-02-18,5:50-6:00,64.6498768948303
2025-02-18,6:20-6:30,0.5997180748663595
2025-02-18,7:40-7:50,2.0702403566472185
2025-02-18,8:20-8:40,104.93351591768658
2025-02-18,10:40-10:50,0.6298909008712599
2025-02-18,12:50-13:00,27.367083333333312
2025-02-18,13:20-13:30,14.551375059509157
2025-02-18,13:50-14:00,62.97801868117779
2025-02-18,15:20-15:30,9.124880642063772
2025-02-18,15:50-17:00,66.96889912048624
2025-02-18,17:20-18:20,123.61126769644642
2025-02-18,18:30-18:50,11.100687673992411
2025-02-18,19:10-19:20,0.8315556810839553
2025-02-18,20:20-20:40,17.24040188059689
2025-02-18,21:00-21:10,2.430642246302341
2025-02-18,23:50-0:00+1,1.5259608662961457
2025-02-19,0:50-1:30,83.82180770810282
2025-02-19,1:40-2:10,99.40684782858818
2025-02-19,2:20-2:40,32.92038776266497
2025-02-19,2:50-3:10,53.671327360914006
2025-02-19,3:20-3:40,6.406976394755816
2025-02-19,4:50-5:10,20.085194644583027
2025-02-19,5:50-6:00,3.845957309191931
2025-02-19,6:20-6:30,25.461867644978724
2025-02-19,7:00-7:10,11.934427410014877
2025-02-19,8:20-8:40,30.115884198158255
2025-02-19,8:50-9:10,40.12161630539822
2025-02-19,9:30-10:10,213.07528651227955
2025-02-19,15:10-15:30,100.19493115654757
2025-02-19,18:40-18:50,4.445799224610823
2025-02-19,19:50-20:00,7.072809947288874
2025-02-19,20:40-21:20,36.28517562916419
2025-02-19,22:40-23:00,15.516441085372549
2025-02-19,23:50-0:00+1,25.863088323417628
2025-02-20,0:30-0:40,1.591366921951476
2025-02-20,3:40-4:10,77.41683373275282
2025-02-20,4:40-4:50,4.520654169751083
2025-02-20,5:20-5:30,3.736137806484294
2025-02-20,6:00-6:10,17.37668129530209
2025-02-20,7:20-7:30,4.160308490692273
2025-02-20,7:40-7:50,7.303003604664241
2025-02-20,8:10-8:30,79.43052946179705
2025-02-20,10:00-10:50,85.32223127080582
2025-02-20,16:40-17:20,78.30316239457242
2025-02-20,17:50-18:00,1.2267500135827731
2025-02-20,18:20-18:50,59.227415949702845
2025-02-20,20:00-20:20,17.939515553695742
2025-02-20,20:50-21:20,44.85344540213612
2025-02-20,22:10-22:20,35.035784532216894
2025-02-20,23:00-23:10,43.12416208765171
2025-02-21,3:50-4:00,15.349949373698225
2025-02-21,5:20-5:30,1.4359259571389202
2025-02-22,3:10-3:30,26.734649433889274
2025-02-22,3:50-4:00,4.273842042834815
2025-02-22,17:50-18:00,1.9134970733006755
2025-02-22,23:50-0:00+1,16.902927584506415
2025-02-23,0:10-0:30,25.552108115259784
2025-02-23,1:10-1:30,17.87684329895751
2025-02-23,3:10-3:20,13.696194112751527
2025-02-23,4:30-4:50,44.022837094899046
2025-02-23,5:00-5:20,69.9029207708317
2025-02-23,6:00-6:10,0.2197824743505521
2025-02-23,7:30-7:50,32.911429883948074
2025-02-23,18:00-18:10,13.922694497527118
2025-02-23,20:10-20:20,5.952443722558769
2025-02-23,21:00-21:30,42.06254184233421
2025-02-23,23:00-23:20,22.779420819093616
2025-02-24,1:00-1:30,70.66556068397688
2025-02-24,3:00-3:20,7.651589734565278
2025-02-24,4:50-5:10,51.04392405823194
2025-02-24,6:10-6:20,32.94904714025563
2025-02-24,6:40-6:50,8.957908248076052
2025-02-24,14:20-14:30,2.7720881285367085
2025-02-24,15:30-16:20,112.08276579172434
2025-02-24,16:30-17:00,47.85339905581998
2025-02-24,17:20-18:10,111.26208071341703
2025-02-24,18:30-18:50,32.265345740913496
2025-02-24,20:20-21:00,112.80583040715953
2025-02-24,21:20-22:00,65.7301323316342
2025-02-24,23:10-23:20,14.880796657113706
2025-02-25,0:00-0:10,14.671336457327698
2025-02-25,1:00-1:20,63.96801728283663
2025-02-25,2:10-2:30,39.03285216666643
2025-02-25,2:40-3:00,62.64557647004369
2025-02-25,3:20-3:40,32.82260303936778
2025-02-25,5:00-5:20,17.99463354615341
2025-02-25,5:40-6:00,85.01364932000868
2025-02-25,6:20-6:30,37.34627335363518
2025-02-25,6:50-7:20,130.2727505295719
2025-02-25,7:30-8:00,103.45390021214092
2025-02-25,15:10-15:20,3.413120554911302
2025-02-25,15:30-16:10,23.943530783989786
2025-02-25,17:40-18:00,43.57056093885683
2025-02-25,18:20-18:30,3.2382036462379347
2025-02-25,18:50-19:00,51.96795065203799
2025-02-25,20:40-20:50,3.560903674226552
2025-02-25,21:00-21:20,32.94000571415188
2025-02-25,21:40-21:50,14.030631034557588
2025-02-26,0:10-0:30,16.869054801359766
2025-02-26,1:30-1:40,37.67735134242264
2025-02-26,2:10-2:20,15.618019622165887
2025-02-26,3:00-3:20,31.481164977591334
2025-02-26,4:00-4:40,61.28838000434553
2025-02-26,5:40-5:50,0.4436191726600947
2025-02-26,6:30-6:40,10.710422418812756
2025-02-26,13:40-14:10,49.56402148593604
2025-02-26,14:30-14:50,97.43694457145804
2025-02-26,15:30-16:30,200.71943921882308
2025-02-26,16:50-17:10,51.70460304018613
2025-02-26,17:40-18:00,32.66569134101633
2025-02-26,18:20-18:30,36.63263502748259
2025-02-26,19:00-19:10,5.409692675788733
2025-02-26,23:00-23:30,19.979644171445443
2025-02-27,0:40-0:50,4.626010769056052
2025-02-27,3:20-3:40,44.48071347204939
2025-02-27,6:20-6:40,6.552723095727629
2025-02-27,7:40-7:50,1.646596603169712
2025-02-27,8:00-8:30,51.84430825214838
2025-02-27,8:40-10:00,512.8337334279554
2025-02-27,14:20-14:40,30.62330470796661
2025-02-27,15:20-15:30,37.09421190198702
2025-02-27,16:20-16:30,0.4311157721661516
2025-02-27,17:40-17:50,4.613753758912935
2025-02-27,18:00-18:40,50.443782051152716
2025-02-27,19:10-19:20,0.794182646514173
2025-02-27,21:10-21:30,25.54524999820478
2025-02-28,4:40-4:50,4.49622396648749
2025-03-01,无,0.0
2025-03-02,0:20-0:30,11.99541338072163
2025-03-02,2:30-2:50,16.20995520981171
2025-03-02,3:50-4:10,9.82757642735396
2025-03-02,13:00-14:50,857.7469279511138
2025-03-02,15:10-15:20,29.35663291851074
2025-03-02,17:40-18:30,107.2002225825749
2025-03-02,19:30-19:40,15.579651945398156
2025-03-02,20:40-21:30,130.429217064593
2025-03-02,22:40-22:50,19.90317082744002
2025-03-03,1:30-1:50,60.081434848975164
2025-03-03,2:30-2:50,9.352793762710917
2025-03-03,7:10-7:30,12.401699488843917
2025-03-03,9:20-10:20,448.75060184013256
2025-03-03,14:20-14:50,99.00238520928187
2025-03-03,15:10-16:40,475.848756021541
2025-03-03,18:20-18:30,3.0996780079357222
2025-03-03,18:50-19:10,15.954655433076482
2025-03-03,20:30-21:40,109.02027734379635
2025-03-03,22:20-22:30,19.689762267026595
2025-03-03,23:30-23:40,13.680359907720003
2025-03-04,0:50-1:00,10.914734042915711
2025-03-04,1:20-2:10,120.17886181325002
2025-03-04,3:50-4:20,22.422572903791796
2025-03-04,4:30-4:50,45.359031154380986
2025-03-04,7:50-8:40,80.0802589471379
2025-03-04,8:50-9:10,58.30233137239594
2025-03-04,15:30-16:20,144.53947354166058
2025-03-04,17:00-17:20,20.91136590854569
2025-03-04,19:30-19:50,6.912964125898043
2025-03-04,20:10-20:30,34.0498445235263
2025-03-04,20:50-21:10,14.877928772886207
2025-03-04,21:40-21:50,1.5376939444230402
2025-03-05,0:00-0:10,3.0320233886792494
2025-03-05,2:40-2:50,0.0992635533539214
2025-03-05,5:50-6:00,3.286666666666747
2025-03-05,13:20-13:50,89.45821031042894
2025-03-05,17:30-17:40,4.734401162738525
2025-03-05,18:30-18:50,37.78611528379973
2025-03-05,19:50-20:10,14.919269070249243
2025-03-05,20:30-20:40,8.30657332797034
2025-03-05,21:10-21:20,0.9539884334726594
2025-03-05,23:50-0:00+1,16.18980678478556
2025-03-06,0:00-0:10,5.989294193552496
2025-03-06,0:20-0:30,17.223164920732074
2025-03-06,2:00-2:10,12.690914296274968
2025-03-06,2:30-2:50,39.69847302088931
2025-03-06,3:30-3:40,2.2633827343883013
2025-03-06,14:50-15:00,8.171385148950662
2025-03-06,15:40-15:50,29.53058979199568
2025-03-06,16:00-16:20,12.309328673132939
2025-03-06,16:40-16:50,22.88959759334122
2025-03-06,17:20-18:00,23.048903515624687
2025-03-06,18:40-18:50,10.337245617269671
2025-03-06,20:50-21:00,0.2704974182048545
2025-03-06,22:40-23:00,69.43270911771651
2025-03-07,无,0.0
2025-03-08,2:00-2:10,10.21654635972186
2025-03-08,3:40-3:50,3.001399953179657
2025-03-08,4:20-4:40,9.766036519294971
2025-03-08,17:50-18:00,2.022932737637348
2025-03-08,21:30-21:40,1.006251202974056
2025-03-08,22:10-22:20,5.455161600361009
2025-03-09,0:30-0:50,19.50755994281576
2025-03-09,1:10-1:20,0.3849624225308616
2025-03-09,1:30-2:20,216.2488792702801
2025-03-09,2:50-4:00,235.82762793075608
2025-03-09,4:20-5:30,239.94682408326733
2025-03-09,5:40-7:10,219.42582678356354
2025-03-09,7:20-8:30,390.81618965026473
2025-03-09,9:40-10:10,99.55735911946192
2025-03-09,16:50-17:00,21.29035353883586
2025-03-09,18:10-18:50,91.75792358028615
2025-03-09,19:00-19:20,22.865175397305734
2025-03-09,20:00-20:30,97.95026530208395
2025-03-09,20:40-21:10,33.97780047313984
2025-03-09,21:20-21:30,7.431857720504468
2025-03-09,21:40-21:50,47.11608869367285
2025-03-09,22:10-22:20,7.732028491429332
2025-03-10,0:10-0:20,6.303037183705442
2025-03-10,0:50-1:10,44.19176560488188
2025-03-10,2:20-2:30,22.61329022294467
2025-03-10,4:20-4:40,82.1812722189992
2025-03-10,5:00-5:30,19.330934330818145
2025-03-10,6:50-7:00,0.3907780958224691
2025-03-10,7:20-7:30,4.7603892145555164
2025-03-10,8:30-8:50,19.93480240051474
2025-03-10,16:50-17:00,7.196116498607893
2025-03-10,19:40-20:00,30.978777376496964
2025-03-10,21:10-21:20,5.902082129588848
2025-03-10,22:20-22:30,18.23976763328721
2025-03-10,23:50-0:00+1,8.424714393065642
2025-03-11,0:20-0:40,26.249721102148786
2025-03-11,1:20-1:40,19.42137364147652
2025-03-11,2:10-2:30,19.050706792199435
2025-03-11,3:00-3:10,8.300222158576275
2025-03-11,4:00-4:20,24.552334484337848
2025-03-11,4:50-5:00,0.2177759820918936
2025-03-11,5:20-5:30,15.124015375026715
2025-03-11,6:20-7:40,263.43638469082714
2025-03-11,10:10-10:20,46.05238333333341
2025-03-11,14:30-15:00,152.43407957804467
2025-03-11,15:10-17:10,608.3105088996487
2025-03-11,17:30-18:30,146.9698547807235
2025-03-11,19:20-19:30,19.19016686321652
2025-03-11,19:50-20:10,34.426531918970795
2025-03-11,21:00-21:20,36.62164726648939
2025-03-11,22:10-22:20,33.753607330470004
2025-03-12,0:20-0:30,21.13292699720876
2025-03-12,1:30-2:20,90.16654035017564
2025-03-12,2:50-3:10,66.5697220697848
2025-03-12,3:30-3:50,72.52663827576941
2025-03-12,4:30-4:50,25.835630651103763
2025-03-12,5:40-5:50,12.589127944920053
2025-03-12,6:30-6:40,15.097430032894636
2025-03-12,15:50-16:00,15.039162077902349
2025-03-12,16:20-17:00,40.92298005659086
2025-03-12,17:50-18:10,53.634695468318114
2025-03-12,21:40-21:50,6.029738147117769
2025-03-12,22:10-22:20,3.3872821320712774
2025-03-12,22:40-22:50,41.84458665752959
2025-03-12,23:00-23:10,6.126673705797884
2025-03-12,23:50-0:00+1,9.47685672404384
2025-03-13,0:30-0:50,14.838255588464223
2025-03-13,1:40-2:00,12.391519135744488
2025-03-13,2:20-2:30,2.5107675216086136
2025-03-13,2:50-3:10,38.900503165682494
2025-03-13,5:40-6:10,64.74858946618497
2025-03-13,7:20-7:30,25.13347156005517
2025-03-13,9:20-10:50,891.6992024580258
2025-03-13,13:00-13:30,118.86003333333338
2025-03-13,17:00-17:10,32.28887852449947
2025-03-13,19:00-19:20,45.963790485353684
2025-03-13,19:30-20:00,56.41430486331865
2025-03-13,20:40-20:50,9.366518278203444
2025-03-13,22:10-22:20,6.16933085261644
2025-03-13,23:10-23:20,1.3609888825390044
2025-03-14,3:00-3:10,1.166236552301143
2025-03-14,4:00-4:10,2.649427900797491
2025-03-15,0:10-0:20,0.0240229773606301
2025-03-15,0:30-0:50,21.257829249503857
2025-03-15,1:10-1:20,17.47442253766542
2025-03-15,2:20-2:40,22.66112471124541
2025-03-15,5:10-5:20,6.356550555398968
2025-03-15,20:30-20:50,45.86140146665517
2025-03-15,23:30-0:00+1,82.26081586315087
2025-03-16,0:20-0:40,21.984659553595634
2025-03-16,0:50-1:40,124.06751062155502
2025-03-16,2:10-3:20,162.15917441701822
2025-03-16,3:30-4:40,102.43459736233956
2025-03-16,5:20-5:30,32.35891273539801
2025-03-16,5:40-8:40,983.2085125209148
2025-03-16,13:10-13:30,28.464733333333243
2025-03-16,13:40-14:20,34.00913174540306
2025-03-16,15:10-16:20,446.4663906337437
2025-03-16,16:30-18:30,568.7767704410811
2025-03-16,18:50-19:00,0.7026208492815158
2025-03-16,19:30-20:00,42.61837104983033
2025-03-16,21:20-22:00,42.327532700065376
2025-03-16,22:10-22:20,19.03485494715801
2025-03-16,23:00-23:20,85.07233430811107
2025-03-16,23:30-23:50,26.11973113402962
2025-03-17,1:50-2:00,20.09581376995197
2025-03-17,2:30-3:00,45.8476242877565
2025-03-17,3:20-3:30,23.276354893709826
2025-03-17,3:40-4:10,81.32742022390897
2025-03-17,4:30-4:40,7.713976608733903
2025-03-17,5:20-5:30,8.049983124629307
2025-03-17,15:50-16:00,6.188976797058444
2025-03-17,16:20-16:40,36.97718283578109
2025-03-17,18:30-18:50,8.544069654876921
2025-03-17,19:40-20:00,23.05215387977421
2025-03-17,20:20-20:40,36.59831119985654
2025-03-17,20:50-21:10,11.900751461655773
2025-03-17,23:40-23:50,2.8055549407457647
2025-03-18,1:30-1:40,16.49910151758263
2025-03-18,2:10-2:20,25.43448492638697
2025-03-18,3:10-3:30,47.86665208831539
2025-03-18,4:20-4:40,48.541048377177916
2025-03-18,7:00-7:10,11.84078613537214
2025-03-18,7:30-10:00,1101.9320152670923
2025-03-18,14:10-14:40,44.9559751044097
2025-03-18,16:30-16:40,12.536323461067298
2025-03-18,19:00-19:20,18.746957789747967
2025-03-18,21:30-21:50,32.40512269816384
2025-03-18,22:50-23:00,21.209970092229355
2025-03-18,23:40-0:00+1,59.55192330511386
2025-03-19,1:10-1:30,9.520592829515408
2025-03-19,1:50-2:10,54.82901404775464
2025-03-19,2:30-3:20,63.10551438598884
2025-03-19,3:30-3:40,4.174395610419765
2025-03-19,4:10-4:20,14.605987144368328
2025-03-19,4:50-5:00,9.907168615585874
2025-03-19,5:40-6:20,58.59494104948851
2025-03-19,6:50-7:00,8.004807387056587
2025-03-19,8:10-8:30,8.145346309968545
2025-03-19,8:40-8:50,3.678840127809167
2025-03-19,9:00-9:10,30.393729662919213
2025-03-19,9:20-9:30,18.691856393267926
2025-03-19,18:40-18:50,6.325220431048365
2025-03-19,21:20-21:50,31.18490902391818
2025-03-20,1:00-1:40,143.0496004361113
2025-03-20,2:30-2:40,14.895690538247322
2025-03-20,3:00-4:00,96.70145499855255
2025-03-20,4:50-5:20,33.09266282075457
2025-03-20,15:20-16:20,347.60070497356077
2025-03-20,16:30-16:50,29.735469731103194
2025-03-20,18:10-18:20,5.176480104030951
2025-03-20,18:50-19:00,16.74041534915034
2025-03-20,21:10-21:40,24.9852729700184
2025-03-20,23:40-23:50,12.497568115515946
2025-03-21,无,0.0
2025-03-22,1:30-1:50,12.078959480181993
2025-03-22,4:50-5:00,5.331179350394905
2025-03-23,0:00-0:10,3.1822265996448778
2025-03-23,0:30-0:40,17.269303570992975
2025-03-23,1:30-1:50,31.804815077228
2025-03-23,2:10-2:50,70.16429321794703
2025-03-23,3:20-3:40,73.85502974277506
2025-03-23,3:50-5:30,294.51357588246594
2025-03-23,6:00-6:50,119.1960220769198
2025-03-23,7:20-7:30,1.1919974729404998
2025-03-23,8:00-8:10,4.335205096211553
2025-03-23,8:50-10:00,446.1879282329531
2025-03-23,17:10-18:00,184.32706649081294
2025-03-23,18:20-20:00,306.174910427476
2025-03-23,20:10-21:30,143.60015753431549
2025-03-23,21:40-21:50,18.4465166371524
2025-03-24,0:10-0:20,3.1264967775381365
2025-03-24,2:20-2:30,6.605654109739362
2025-03-24,3:00-3:20,10.81896139492892
2025-03-24,3:30-3:50,20.743550394508816
2025-03-24,4:50-5:30,97.94939896861817
2025-03-24,5:40-5:50,19.934083786289307
2025-03-24,6:10-6:20,2.3513873563857715
2025-03-24,7:00-7:20,11.323650199561682
2025-03-24,7:50-8:00,6.487537853064964
2025-03-24,8:20-8:40,10.830825502358607
2025-03-24,14:20-15:00,313.2457007565692
2025-03-24,15:10-16:00,212.25958120699386
2025-03-24,16:20-16:40,34.33634166528344
2025-03-24,16:50-17:00,1.9107362089885669
2025-03-24,17:20-17:40,10.123136449678697
2025-03-24,17:50-18:20,47.287297796035205
2025-03-24,21:20-21:30,1.3181141389500226
2025-03-24,22:10-22:20,6.031649554758133
2025-03-24,23:30-0:00+1,128.59902603770558
2025-03-25,0:00-0:20,30.48459632483434
2025-03-25,0:50-1:00,30.33735072953789
2025-03-25,2:30-2:50,13.213560039886602
2025-03-25,3:00-3:10,2.724088391615624
2025-03-25,3:40-3:50,3.848902614448548
2025-03-25,4:00-4:10,21.50609043860504
2025-03-25,5:20-5:30,17.575298356898884
2025-03-25,5:40-5:50,24.65161081148392
2025-03-25,6:10-7:00,59.13732538995521
2025-03-25,9:30-10:40,218.3375532627196
2025-03-25,15:10-15:20,4.647928896423764
2025-03-25,15:30-16:20,156.32149593671835
2025-03-25,16:30-16:50,127.16501481725851
2025-03-25,19:20-19:30,24.267747717728756
2025-03-25,21:00-21:20,28.149957692574844
2025-03-25,23:00-23:20,62.32743887003438
2025-03-26,0:20-0:40,21.30925731491118
2025-03-26,1:10-1:20,1.2834169722628983
2025-03-26,1:30-1:50,33.56984704200375
2025-03-26,2:10-2:30,13.354342733405701
2025-03-26,3:10-3:20,5.232256217849454
2025-03-26,3:40-3:50,14.166941575453848
2025-03-26,4:10-4:30,12.730453275138416
2025-03-26,5:00-5:30,10.670970375320506
2025-03-26,5:40-5:50,15.951803384842398
2025-03-26,6:30-6:50,12.35848851194407
2025-03-26,7:20-7:50,83.4328132144646
2025-03-26,15:10-15:20,8.840108023693688
2025-03-26,20:00-20:20,7.510326076229035
2025-03-26,21:00-21:10,3.6115172103149007
2025-03-26,22:10-22:20,32.71862315839701
2025-03-26,23:50-0:00+1,2.3945555166734493
2025-03-27,0:30-0:40,3.4628561224373016
2025-03-27,2:00-3:00,132.6677462745912
2025-03-27,4:00-5:00,113.72268211688207
2025-03-27,7:10-7:20,3.871161363472481
2025-03-27,8:00-8:10,10.896401370141689
2025-03-27,9:20-9:30,10.82493541564574
2025-03-27,14:20-14:40,10.929016666666712
2025-03-27,15:40-17:00,207.45627872374791
2025-03-27,19:40-19:50,14.122312521276283
2025-03-27,21:30-21:50,34.134591188618515
2025-03-27,22:40-22:50,23.891335337062287
2025-03-27,23:00-23:20,54.102583033779865
2025-03-28,7:30-7:50,45.080122317496155
2025-03-28,23:50-0:00+1,8.29712696253165
2025-03-29,16:00-16:20,36.74552059140359
2025-03-29,16:30-16:40,3.965687106284122
2025-03-30,0:00-0:10,16.074941922364133
2025-03-30,0:20-0:30,14.936453004443251
2025-03-30,1:30-2:10,154.49205872418315
2025-03-30,3:00-3:10,15.805183140795291
2025-03-30,3:30-4:20,152.92564076978113
2025-03-30,4:40-4:50,1.5539270473544742
2025-03-30,5:00-5:30,77.96755844795467
2025-03-30,7:00-7:20,28.395981180701085
2025-03-30,8:30-9:20,199.34837219371502
2025-03-30,14:10-16:00,455.8725005365534
2025-03-30,16:50-17:10,33.50616107957825
2025-03-30,17:30-17:50,28.76338887848607
2025-03-30,18:00-18:50,139.55732766106314
2025-03-30,19:00-19:20,6.761471056129494
2025-03-30,20:30-20:40,5.388839960523114
2025-03-30,21:10-21:30,22.29173086945775
2025-03-30,22:10-22:20,28.64908674602316
2025-03-30,23:00-23:10,7.878924142926508
2025-03-30,23:30-0:00+1,56.3200623480833
2025-03-31,1:40-2:10,20.409446820874336
2025-03-31,4:40-5:00,34.429652894619004
2025-03-31,5:20-5:30,1.061072932564798
2025-03-31,7:20-7:30,7.993405265535502
2025-03-31,14:00-14:50,172.08810238935826
2025-03-31,15:00-15:20,89.82065451556355
2025-03-31,15:30-15:50,94.61641791158593
2025-03-31,16:20-17:20,169.41080783441598
2025-03-31,17:30-17:40,4.636864149094606
2025-03-31,19:20-19:40,24.65565274476785
2025-03-31,19:50-20:00,7.506328117021553
2025-03-31,20:50-21:00,27.06205955701512
2025-03-31,21:20-21:30,17.050748326731195
2025-03-31,23:20-23:30,14.901450772946871
2025-04-01,0:10-0:20,11.284133620952048
2025-04-01,1:10-1:30,49.60802618410753
2025-04-01,1:50-3:00,110.88695200245672
2025-04-01,3:20-3:40,76.51710745732623
2025-04-01,4:10-5:30,148.54505235027628
2025-04-01,9:10-10:00,149.05436171589955
2025-04-01,14:30-14:50,68.29869279774881
2025-04-01,15:10-15:40,141.53974904941037
2025-04-01,15:50-16:30,139.44418213693353
2025-04-01,16:50-17:20,40.36996526751753
2025-04-01,17:30-18:10,77.41911986966156
2025-04-01,19:00-19:10,2.813423692642914
2025-04-01,20:00-20:20,37.71635544477397
2025-04-01,20:40-20:50,18.47075339455148
2025-04-01,21:30-21:50,50.37654250516573
2025-04-02,2:00-2:20,18.586611801113463
2025-04-02,2:30-2:50,30.959406356872595
2025-04-02,3:10-3:20,1.8023914664460108
2025-04-02,3:40-3:50,6.7133372022510684
2025-04-02,4:00-4:40,32.681308301955134
2025-04-02,5:00-5:30,78.94201013994464
2025-04-02,7:00-9:20,782.5735201043137
2025-04-02,9:40-10:20,263.2189718625116
2025-04-02,17:50-18:20,50.44446047314926
2025-04-02,18:30-18:40,9.70919153736614
2025-04-02,20:30-20:40,5.041510716305311
2025-04-02,21:50-22:00,11.966443708736278
2025-04-02,23:00-23:20,64.08948269118162
2025-04-03,1:20-1:30,7.056929195353973
2025-04-03,2:00-2:10,20.02049721815854
2025-04-03,3:00-4:00,81.22944798403617
2025-04-03,4:10-4:30,33.61487466942678
2025-04-03,5:00-5:30,70.80250190921991
2025-04-03,5:50-6:10,10.707649345696154
2025-04-03,6:20-6:30,5.0695381619932505
2025-04-03,6:50-7:40,201.3424239095271
2025-04-03,7:50-8:50,85.81390960642247
2025-04-03,9:00-9:10,13.82750278886735
2025-04-03,14:30-14:50,77.62433351861364
2025-04-03,15:00-16:40,472.42253110963924
2025-04-03,17:20-17:50,54.89489837078307
2025-04-03,18:00-19:20,109.77142482873549
2025-04-03,20:20-20:40,35.34583329031477
2025-04-03,21:00-21:20,9.723218298721577
2025-04-03,22:10-22:20,11.670126889162477
2025-04-03,22:40-23:20,45.70413667020239
2025-04-03,23:40-23:50,31.17222576145969
2025-04-04,3:40-4:00,33.38975918054117
2025-04-04,4:30-4:40,21.31687026520939
2025-04-05,1:10-1:30,32.38633438967963
2025-04-05,2:20-2:30,5.201251266948702
2025-04-05,3:50-4:00,0.7324176464930474
2025-04-05,23:10-23:20,1.9949528580714289
2025-04-05,23:40-23:50,6.631330914508794
2025-04-06,0:50-1:30,85.55027305988608
2025-04-06,2:30-2:50,63.483469771754585
2025-04-06,3:00-3:20,14.84035445575478
2025-04-06,3:50-4:00,1.929576654726702
2025-04-06,4:10-4:40,73.37788049217542
2025-04-06,4:50-5:00,27.18426364784898
2025-04-06,5:40-5:50,5.94148308803717
2025-04-06,6:20-7:00,86.93805859773198
2025-04-06,7:10-8:00,166.6195633568476
2025-04-06,14:50-15:00,12.518735324778504
2025-04-06,15:10-16:20,141.81760341740846
2025-04-06,16:30-17:00,41.04505752219785
2025-04-06,17:10-17:30,100.727791240839
2025-04-06,17:50-18:10,30.472632955230083
2025-04-06,18:40-19:00,60.22595456174929
2025-04-06,19:20-20:20,104.44291378350658
2025-04-06,20:40-21:10,41.66959270365703
2025-04-06,21:20-21:50,84.3063462840928
2025-04-06,23:00-23:10,12.626793099023873
2025-04-06,23:30-23:40,8.210030313288598
2025-04-07,1:00-1:20,71.15545850364947
2025-04-07,2:20-4:30,222.88489080158007
2025-04-07,5:00-5:20,36.4362113714445
2025-04-07,7:00-7:20,6.993469420653582
2025-04-07,7:30-8:20,118.56338127424635
2025-04-07,17:50-19:00,113.40305326496423
2025-04-07,20:00-20:10,1.5922021017744328
2025-04-07,21:00-21:10,15.750440523715042
2025-04-07,21:40-21:50,27.235260894292537
2025-04-07,22:10-22:20,33.45558277087525
2025-04-07,22:50-23:10,81.85888192887103
2025-04-07,23:50-0:00+1,22.523865917176977
2025-04-08,1:40-1:50,5.719224426796018
2025-04-08,6:10-6:50,123.26046065997969
2025-04-08,7:00-7:50,126.50944525810507
2025-04-08,8:00-8:50,191.7017417458089
2025-04-08,16:30-17:30,140.56358034589462
2025-04-08,18:10-18:40,39.89703206493753
2025-04-08,19:50-20:00,16.58884810886559
2025-04-08,21:00-21:20,35.67383272931613
2025-04-08,22:10-22:20,23.147650560535908
2025-04-08,23:40-0:00+1,17.5711208500295
2025-04-09,0:30-0:40,6.753030505852848
2025-04-09,1:10-1:30,23.800856821884736
2025-04-09,1:50-2:00,3.5363792886353167
2025-04-09,2:50-3:00,35.790963484822214
2025-04-09,3:50-4:10,24.570592393433117
2025-04-09,9:10-9:20,9.658033965067304
2025-04-09,14:10-14:50,144.11077792142464
2025-04-09,15:00-16:00,401.94469286899096
2025-04-09,16:20-16:30,9.042595730511096
2025-04-09,18:10-18:20,25.300895911319685
2025-04-09,20:00-20:10,1.3220174281130994
2025-04-09,20:40-21:00,26.934610717765395
2025-04-09,22:20-22:30,37.11054779507344
2025-04-09,23:20-23:30,8.35203993505047
2025-04-10,0:40-1:00,54.245548087537486
2025-04-10,1:40-1:50,10.19013296153787
2025-04-10,3:30-3:40,7.926933549890009
2025-04-10,4:50-5:00,18.257309373298085
2025-04-10,6:30-6:40,2.664435579917381
2025-04-10,7:10-7:20,24.25606947628802
2025-04-10,9:20-9:50,212.56764694649152
2025-04-10,15:50-17:20,384.5875396315289
2025-04-10,18:00-18:10,16.562438212155264
2025-04-10,19:00-19:20,34.93314313585665
2025-04-10,20:40-20:50,11.140120650069209
2025-04-10,21:30-21:50,41.65088996851625
2025-04-11,1:10-1:20,6.466050636095986
2025-04-12,0:40-0:50,7.874204020243496
2025-04-12,23:50-0:00+1,6.702010819891711
2025-04-13,0:00-0:40,64.74602772575918
2025-04-13,0:50-1:00,41.059754899204336
2025-04-13,1:30-1:50,12.65048240384408
2025-04-13,2:20-2:40,25.458987160606625
2025-04-13,3:00-3:20,28.22327863465034
2025-04-13,3:40-3:50,9.813762956844698
2025-04-13,5:00-5:20,37.56075771015722
2025-04-13,5:40-7:30,571.4772027139926
2025-04-13,7:50-8:20,74.20917227527241
2025-04-13,9:10-9:50,109.94708717175263
2025-04-13,15:30-17:50,779.7275560991204
2025-04-13,18:20-18:50,68.3687962367602
2025-04-13,19:10-19:30,73.34695760817601
2025-04-13,19:50-20:00,17.03875715969366
2025-04-13,20:20-21:30,245.6822173811521
2025-04-13,22:50-23:00,24.78602891465732
2025-04-13,23:40-23:50,5.739013078927655
2025-04-14,1:00-1:20,5.828687020752341
2025-04-14,2:00-2:20,29.964094279651476
2025-04-14,2:50-3:00,13.3889658166878
2025-04-14,4:00-4:10,8.357232785488987
2025-04-14,4:40-5:10,18.281394804542746
2025-04-14,5:40-6:10,21.152237213953946
2025-04-14,6:50-7:00,0.8067887719333271
2025-04-14,9:00-9:20,30.328878472881428
2025-04-14,18:30-18:50,46.00224251772295
2025-04-14,19:00-19:20,12.967448822834058
2025-04-14,19:30-19:50,17.02786352823466
2025-04-14,20:30-20:40,40.99399143306903
2025-04-14,21:20-21:30,0.6580229922624312
2025-04-14,23:40-23:50,0.4665101319767473
2025-04-15,2:20-2:30,19.7776865840666
2025-04-15,2:50-3:10,10.26285767983677
2025-04-15,5:20-5:30,15.60914294339807
2025-04-15,15:10-15:20,13.180095301129429
2025-04-15,16:00-16:20,13.211706156170406
2025-04-15,19:10-19:20,12.579258836524104
2025-04-15,19:30-19:50,18.78216296909045
2025-04-15,21:00-21:10,15.56097585531802
2025-04-15,21:30-21:50,24.979996649810005
2025-04-15,22:50-23:00,9.411737550083783
2025-04-16,0:50-1:10,44.848005420364075
2025-04-16,1:30-2:00,54.256368287090595
2025-04-16,2:20-2:40,20.13837969636529
2025-04-16,3:50-4:00,22.791818864727475
2025-04-16,4:10-4:20,2.687036663522349
2025-04-16,5:00-5:30,22.971771504583398
2025-04-16,7:00-7:20,13.251645911823118
2025-04-16,7:30-7:40,12.087506766042992
2025-04-16,8:30-9:00,124.91171970936361
2025-04-16,9:20-9:50,50.010666666666566
2025-04-16,14:30-14:50,48.22322769311624
2025-04-16,15:00-15:10,26.16087043512516
2025-04-16,15:20-15:30,48.44243455478568
2025-04-16,16:00-16:20,37.5181350757058
2025-04-16,18:40-18:50,6.614186424501668
2025-04-16,21:00-21:20,50.75580909834048
2025-04-16,21:30-21:50,5.358611185794075
2025-04-16,22:10-22:20,12.618995290964222
2025-04-16,23:40-0:00+1,3.014559789123382
2025-04-17,0:50-1:20,29.94316810771852
2025-04-17,2:10-2:30,15.583167633350513
2025-04-17,2:50-3:00,15.75377941285467
2025-04-17,3:50-4:00,20.2475741829021
2025-04-17,8:10-8:20,9.830988260168624
2025-04-17,16:30-16:40,18.353529760626884
2025-04-17,17:00-17:20,20.92788074915586
2025-04-17,21:10-21:30,11.44336352775588
2025-04-17,22:40-23:00,11.397952472427733
2025-04-18,2:40-2:50,0.9743024278681672
2025-04-19,2:00-2:20,55.923382390951076
2025-04-19,4:00-4:10,12.00923296717071
2025-04-19,5:30-5:40,5.591531597437136
2025-04-19,7:20-7:30,4.570547266154033
2025-04-19,22:10-22:20,27.400810305985544
2025-04-19,23:40-0:00+1,27.953586448655415
2025-04-20,0:30-0:50,47.78719768003725
2025-04-20,1:00-1:20,41.089738282806024
2025-04-20,1:40-1:50,0.0614274197398572
2025-04-20,2:10-2:30,29.683786393226224
2025-04-20,2:50-3:10,21.762893323411276
2025-04-20,3:20-4:20,136.4245241761309
2025-04-20,4:40-5:30,146.5900927097028
2025-04-20,5:40-5:50,3.186064053527133
2025-04-20,6:00-6:40,123.01353776578264
2025-04-20,7:30-8:50,534.2168510756993
2025-04-20,9:10-9:20,0.3898429153938139
2025-04-20,14:20-14:30,2.006249999999909
2025-04-20,16:10-18:10,661.262465990033
2025-04-20,18:20-18:40,40.48846197821035
2025-04-20,18:50-19:10,25.53728105137577
2025-04-20,19:40-20:00,7.197517636632824
2025-04-20,21:20-21:40,41.93892181287481
2025-04-20,22:10-22:20,30.88855107450081
2025-04-20,23:00-23:10,31.51852439671984
2025-04-20,23:40-23:50,8.397292570039099
2025-04-21,0:20-0:30,5.688671772155885
2025-04-21,0:50-1:00,9.48297493237976
2025-04-21,1:20-1:30,18.958342262564088
2025-04-21,2:30-2:40,10.19993285489238
2025-04-21,3:00-3:30,53.94748193528528
2025-04-21,4:00-4:50,62.84432283429942
2025-04-21,5:00-5:30,75.32142374931405
2025-04-21,6:10-6:30,19.15921764594293
2025-04-21,17:50-18:10,29.198446596383917
2025-04-21,20:00-20:30,50.28182401235938
2025-04-21,21:00-21:20,14.86630184487035
2025-04-22,0:20-1:10,97.14504318046909
2025-04-22,1:40-1:50,9.71316726976545
2025-04-22,2:00-2:20,42.45235526616352
2025-04-22,2:30-3:00,45.32340985166422
2025-04-22,3:20-3:50,102.11894915072006
2025-04-22,4:10-4:30,60.04984778081575
2025-04-22,4:50-5:20,105.5124099769696
2025-04-22,5:40-5:50,11.03206428657964
2025-04-22,6:10-6:30,3.5396464221663564
2025-04-22,6:50-7:30,119.54348634082032
2025-04-22,7:40-7:50,1.0215119850635972
2025-04-22,14:20-15:30,263.2150488972717
2025-04-22,16:30-16:50,32.15029357216815
2025-04-22,17:50-18:00,3.9032025993627713
2025-04-22,18:20-18:30,33.314770438566256
2025-04-22,19:30-19:40,0.4977401169197719
2025-04-22,21:10-21:40,72.07901554193927
2025-04-22,22:10-22:20,29.538951073479893
2025-04-22,22:30-22:40,12.041033109305886
2025-04-23,0:00-0:10,21.38949566396218
2025-04-23,0:20-0:40,49.98919682762096
2025-04-23,1:00-1:10,10.716668452586193
2025-04-23,2:00-2:10,1.1493229223615344
2025-04-23,3:10-3:40,21.557960678268838
2025-04-23,4:00-4:30,27.79007094723405
2025-04-23,5:40-5:50,22.297996318474617
2025-04-23,7:20-7:30,36.69465581090796
2025-04-23,17:00-17:10,3.880326125600277
2025-04-23,17:30-17:50,9.200437879724547
2025-04-23,18:20-18:30,10.851985479092445
2025-04-23,19:50-20:20,23.394678783846643
2025-04-23,21:40-21:50,24.206645673152025
2025-04-24,0:30-0:40,28.63526595611768
2025-04-24,1:40-2:10,54.27549829663008
2025-04-24,2:30-2:40,17.41889363847929
2025-04-24,3:30-3:50,11.420304028941782
2025-04-24,4:10-4:20,6.116546778031875
2025-04-24,4:50-5:00,13.967179543132602
2025-04-24,5:20-5:30,19.964344368649428
2025-04-24,6:00-6:20,32.46985520737144
2025-04-24,6:30-6:40,15.985221929933232
2025-04-24,8:50-9:00,24.72711763753016
2025-04-24,17:30-17:50,35.831416607848126
2025-04-24,18:10-18:50,74.68809521758209
2025-04-24,19:20-19:40,8.158522508641681
2025-04-24,20:30-20:40,1.6438646544213498
2025-04-24,21:30-21:50,67.91586942615879
2025-04-25,22:40-22:50,0.9229678861616436
2025-04-26,0:50-1:00,18.44712731630284
2025-04-26,1:40-1:50,2.9506518414696643
2025-04-26,2:30-2:40,3.775436222518124
2025-04-26,4:50-5:10,24.123878723275432
2025-04-26,16:30-16:40,11.759381506686168
2025-04-26,17:00-17:20,70.59194636206115
2025-04-26,18:30-18:50,2.0197540447254028
2025-04-26,20:50-21:00,15.38249656548345
2025-04-26,23:30-23:50,4.111238788539481
2025-04-27,0:10-0:20,19.64850399197712
2025-04-27,0:30-0:50,52.27102791877303
2025-04-27,1:00-1:10,16.312204290896034
2025-04-27,2:30-2:50,20.414991320892796
2025-04-27,3:20-4:00,98.07941969280932
2025-04-27,4:20-4:30,5.80386797411586
2025-04-27,5:50-6:00,22.22102828840389
2025-04-27,6:20-6:30,11.403832961025271
2025-04-27,6:50-7:40,204.82397713026393
2025-04-27,8:00-8:20,106.1544587734279
2025-04-27,8:50-9:10,52.03797607279417
2025-04-27,14:50-15:00,13.652083333333394
2025-04-27,15:10-18:10,1070.8653336663704
2025-04-27,18:30-18:50,58.088382640956674
2025-04-27,19:20-20:20,117.86478967071025
2025-04-27,20:30-20:40,8.054934643479214
2025-04-27,21:00-21:50,129.36000916043952
2025-04-27,22:10-22:20,9.41529740356532
2025-04-27,22:50-23:00,7.972300220938678
2025-04-27,23:50-0:00+1,4.837345058943015
2025-04-28,1:00-1:10,23.376310570186547
2025-04-28,1:40-2:00,115.94322516858756
2025-04-28,3:20-3:30,2.194373790199052
2025-04-28,8:20-9:50,1024.0328128967446
2025-04-28,14:20-16:20,708.216587898865
2025-04-28,16:30-17:00,95.22606878479758
2025-04-28,17:20-17:50,42.856907254851336
2025-04-28,18:20-18:30,1.1603929727718434
2025-04-28,20:10-21:10,1618.3827553959675
2025-04-28,21:40-21:50,16.597750086137466
2025-04-28,22:10-22:20,10.701472435545952
2025-04-28,23:50-0:00+1,12.190420030523
2025-04-29,1:10-1:20,14.616900091487764
2025-04-29,2:40-3:00,11.953516885056615
2025-04-29,3:50-4:00,28.501657919867966
2025-04-29,4:30-4:50,14.386754623692937
2025-04-29,14:50-15:00,36.55738561942496
2025-04-29,15:10-17:20,851.4544028891585
2025-04-29,18:40-18:50,3.22974967338962
2025-04-29,19:10-19:30,10.756202665694673
2025-04-29,20:20-20:40,34.707231846369496
2025-04-29,23:30-23:40,4.837114495525157
2025-04-30,1:10-1:30,20.106303533153664
2025-04-30,2:20-2:50,102.18722251663223
2025-04-30,3:50-4:00,4.551579171177309
2025-04-30,4:30-4:40,11.12546274654892
2025-04-30,6:00-6:20,43.579254904969616
2025-04-30,6:40-7:00,39.8835246869686
2025-04-30,7:30-7:50,7.235203455799109
2025-04-30,19:10-19:40,64.60129228948472
2025-04-30,20:40-21:20,96.55357793591543
2025-04-30,22:10-22:20,21.535778072217116
2025-04-30,23:40-0:00+1,67.76770504307069
2025-05-01,0:00-0:10,9.57407844487966
2025-05-01,0:20-0:30,5.685593355463311
2025-05-01,2:10-2:30,10.38746211467253
2025-05-01,3:00-3:30,57.573252864308984
2025-05-01,3:40-4:10,82.30599836066399
2025-05-01,4:20-4:50,87.19751947428252
2025-05-01,5:10-5:20,29.86053399060183
2025-05-01,6:30-8:10,376.43541920873355
2025-05-01,8:20-8:50,213.44233459442552
2025-05-01,9:00-9:10,29.94460680772886
2025-05-01,14:50-15:10,49.14206234404219
2025-05-01,15:20-15:40,58.28739552022898
2025-05-01,15:50-22:00,2420.0416638058136
2025-05-01,22:10-22:20,77.15797342059079
2025-05-01,22:30-23:40,481.04631617688904
2025-05-02,7:10-7:30,6.6080942403346725
2025-05-02,16:30-16:50,152.7530588554481
2025-05-02,17:50-18:20,52.30344102236745
2025-05-02,19:30-19:50,47.207518992659516
2025-05-02,20:30-21:10,64.00641874298128
2025-05-02,21:40-21:50,7.114575238516864
2025-05-02,22:10-22:20,20.822042155295836
2025-05-02,22:30-22:40,1.6790987215299538
2025-05-02,23:00-23:10,18.62974323157067
2025-05-02,23:40-0:00+1,37.6112982340199
2025-05-03,1:10-1:40,77.96607919382359
2025-05-03,16:10-16:20,0.6079841633215892
2025-05-03,18:20-18:30,23.344606570358167
2025-05-03,18:50-19:30,94.14928167998272
2025-05-03,19:40-20:20,113.79909186765133
2025-05-03,21:00-21:50,232.23962999052327
2025-05-03,23:50-0:00+1,27.741305155950727
2025-05-04,0:00-0:10,39.11851028771184
2025-05-04,0:20-0:30,12.282412247064258
2025-05-04,0:50-1:10,59.57853437120423
2025-05-04,1:20-2:00,96.6656484857366
2025-05-04,3:00-3:20,71.46194747146399
2025-05-04,4:10-4:20,17.045324678823075
2025-05-04,4:30-4:40,4.404164960087087
2025-05-04,5:00-5:20,78.3404241662805
2025-05-04,5:40-5:50,11.53437052376556
2025-05-04,6:40-6:50,13.818962377471053
2025-05-04,17:20-22:00,1507.5342900054325
2025-05-04,22:10-22:20,33.88974925567493
2025-05-04,22:50-23:00,29.11324944015803
2025-05-04,23:40-23:50,19.919217877562687
2025-05-05,0:20-0:30,25.142928837763293
2025-05-05,0:50-1:00,6.898485218701921
2025-05-05,2:00-2:20,111.81733103387592
2025-05-05,3:40-4:10,50.25184305437443
2025-05-05,4:40-5:00,59.74600685871525
2025-05-05,5:20-5:30,50.7723545106355
2025-05-05,6:00-6:10,4.421952514850091
2025-05-05,6:30-8:20,721.1274129208448
2025-05-05,16:20-16:50,120.77355173655678
2025-05-05,17:00-17:50,245.87741666036686
2025-05-05,18:00-19:00,186.3221924951859
2025-05-05,19:20-19:50,31.059626425284023
2025-05-05,20:00-20:30,84.42258400568232
2025-05-05,21:00-21:20,34.144772364445885
2025-05-05,22:10-22:30,35.62488166211983
2025-05-05,22:40-22:50,24.06279920924885
2025-05-05,23:10-23:20,42.29352501792948
2025-05-06,0:20-0:30,7.5429822717974275
2025-05-06,0:50-1:10,37.775539827537955
2025-05-06,1:20-1:30,6.625851955950111
2025-05-06,2:20-2:40,32.513217268808944
2025-05-06,3:00-3:30,56.55287039535301
2025-05-06,4:00-5:20,190.71202195353936
2025-05-06,6:00-6:10,7.628224061813171
2025-05-06,6:30-7:00,66.82678248186318
2025-05-06,7:10-8:40,469.1701933329748
2025-05-06,9:00-9:50,181.50549060018892
2025-05-06,15:00-15:10,1.5271807264037989
2025-05-06,15:30-15:50,54.484718413402675
2025-05-06,16:30-18:10,326.0190166400601
2025-05-06,18:20-18:50,135.39463307772394
2025-05-06,19:00-19:30,121.82231242510852
2025-05-06,19:50-20:00,26.58524783198402
2025-05-06,20:30-21:30,225.83212177095777
2025-05-06,21:40-21:50,32.771877968168155
2025-05-06,22:10-22:20,51.65134447940079
2025-05-06,23:00-23:10,17.41350321757136
2025-05-06,23:40-0:00+1,44.93191515757303
2025-05-07,0:30-1:00,107.9834090918522
2025-05-07,1:40-2:00,24.937143656134822
2025-05-07,2:40-3:10,80.15290148594318
2025-05-07,3:30-3:40,6.27821381694298
2025-05-07,4:00-4:20,39.39691400460289
2025-05-07,5:00-5:20,38.33539332674175
2025-05-07,8:50-9:20,107.28704620488628
2025-05-07,14:30-16:40,860.7532249354668
2025-05-07,16:50-17:30,120.02683962286719
2025-05-07,17:40-18:10,167.28968621053184
2025-05-07,18:40-19:10,32.12847754114159
2025-05-07,20:20-20:50,106.59088890678538
2025-05-07,21:10-21:30,38.66792123427865
2025-05-07,21:40-22:00,109.63881960621063
2025-05-07,22:20-22:30,18.01311076789898
2025-05-07,22:50-23:00,34.55544468753283
2025-05-07,23:50-0:00+1,2.5623181806241746
2025-05-08,0:50-1:10,8.104761001556767
2025-05-08,2:30-2:40,3.694789849477957
2025-05-08,4:50-5:10,108.52818676716629
2025-05-08,5:20-5:30,0.0415915607729857
2025-05-08,5:40-5:50,1.5886520305112697
2025-05-08,14:20-14:50,221.54668480275654
2025-05-08,15:00-15:20,62.775498318178165
2025-05-08,15:30-15:50,35.23858367562184
2025-05-08,20:00-20:20,133.90519081341438
2025-05-08,21:30-21:50,41.38484930224945
2025-05-09,0:40-1:00,8.995211810686897
2025-05-10,2:20-2:30,8.30896784383134
2025-05-10,3:00-3:10,2.380329986476226
2025-05-10,4:00-4:10,2.0951781574788697
2025-05-10,5:20-5:40,3.2681722730493945
2025-05-10,7:40-7:50,10.631900000000089
2025-05-10,20:40-21:00,45.64916651434612
2025-05-11,0:50-1:00,18.35865255687236
2025-05-11,1:30-1:50,46.416960179382954
2025-05-11,2:00-2:50,147.66770615266557
2025-05-11,3:20-4:00,50.231417911134976
2025-05-11,4:20-5:20,157.82116772496775
2025-05-11,6:00-6:10,2.240477130919203
2025-05-11,9:20-9:50,49.91971666666677
2025-05-11,14:10-15:50,432.4041096413903
2025-05-11,17:00-17:20,47.16190334530319
2025-05-11,18:10-18:50,130.7723155191522
2025-05-11,19:10-19:30,85.04934434322615
2025-05-11,21:10-21:20,2.824908756650529
2025-05-11,22:50-23:00,15.710774729620423
2025-05-11,23:20-23:30,21.765693147838192
2025-05-11,23:40-0:00+1,67.68489127158705
2025-05-12,1:00-1:20,38.978988423181704
2025-05-12,1:30-1:50,63.23136297481233
2025-05-12,2:20-2:30,18.549982335941426
2025-05-12,2:50-3:20,58.09786513388335
2025-05-12,4:20-4:30,23.9265141354349
2025-05-12,5:50-6:10,12.668261176069677
2025-05-12,16:50-17:00,15.783040339423394
2025-05-12,18:20-18:30,53.22291199748354
2025-05-12,19:00-19:20,21.373264180086608
2025-05-12,20:50-21:00,25.35545118144978
2025-05-13,4:50-5:00,1.615911663718407
2025-05-13,5:40-6:10,36.30486920540119
2025-05-13,7:00-7:20,4.07691068527464
2025-05-13,8:00-8:20,54.6823620273766
2025-05-13,16:10-16:30,38.40056385172272
2025-05-13,18:50-19:10,46.4339160413757
2025-05-13,19:30-19:50,44.821397931670276
2025-05-13,21:00-21:10,13.374867741679964
2025-05-14,1:20-1:30,0.212819487540969
2025-05-14,3:10-4:10,106.07633062418446
2025-05-14,4:30-5:00,32.81003545282378
2025-05-14,5:40-6:50,277.167738021399
2025-05-14,17:00-17:40,137.9389683396381
2025-05-14,18:10-18:20,15.49850544892712
2025-05-14,19:40-20:00,29.504160146511936
2025-05-14,21:20-21:30,1.06460147320945
2025-05-14,22:30-22:50,67.47583079983872
2025-05-14,23:00-23:20,28.208122883266924
2025-05-14,23:30-23:40,8.209315050499185
2025-05-15,2:40-3:00,52.86209066756953
2025-05-15,4:20-4:50,72.13164551814565
2025-05-15,6:50-7:50,188.12464748718367
2025-05-15,14:20-14:30,6.528351381676279
2025-05-15,14:50-15:30,240.51349035531427
2025-05-15,15:50-17:30,697.5748494696766
2025-05-15,20:50-21:20,16.30370067739875
2025-05-15,22:10-22:30,67.80386441725534
2025-05-16,0:20-0:30,13.032193069095
2025-05-16,22:50-23:00,28.15107094909007
2025-05-16,23:30-0:00+1,49.82873068702361
2025-05-17,0:10-0:20,6.430668299792046
2025-05-17,1:30-1:40,9.322428711746
2025-05-17,3:20-3:50,38.93177218502183
2025-05-17,4:50-5:00,0.5144928713305035
2025-05-17,16:40-17:00,74.74291701664521
2025-05-17,18:10-18:20,0.8723181565060258
2025-05-17,19:30-19:40,0.6040842715517556
2025-05-17,20:20-20:30,7.304401704150678
2025-05-17,23:50-0:00+1,11.24452539602862
2025-05-18,0:10-0:50,74.8129195311974
2025-05-18,1:20-1:50,93.03865470757455
2025-05-18,2:00-2:30,91.50698350205164
2025-05-18,2:50-3:20,82.3936275526263
2025-05-18,3:30-5:00,179.66881036100943
2025-05-18,5:20-5:30,20.052317792943768
2025-05-18,5:40-7:10,244.01698898420713
2025-05-18,7:20-8:50,721.9638876785241
2025-05-18,16:50-17:00,18.94381252020133
2025-05-18,17:30-17:40,4.025662270141083
2025-05-18,17:50-18:10,44.05735964478795
2025-05-18,19:40-19:50,13.100963607170913
2025-05-18,20:20-20:30,5.236666666666679
2025-05-18,21:00-21:20,76.94189719451947
2025-05-18,21:30-21:40,4.546522624344561
2025-05-18,22:10-22:20,37.89543759093749
2025-05-19,0:10-0:20,25.34538094952802
2025-05-19,1:50-2:00,12.011820904393971
2025-05-19,5:20-5:30,9.849195996255006
2025-05-19,5:40-5:50,11.726742665668496
2025-05-19,6:50-7:00,6.896263418705701
2025-05-19,15:50-16:30,98.4157192098944
2025-05-19,17:50-18:10,41.505323960569456
2025-05-19,19:40-19:50,3.651082656072731
2025-05-19,20:10-20:40,168.19771161282992
2025-05-19,21:10-21:30,84.6724923340206
2025-05-19,23:10-23:20,15.54319033876368
2025-05-19,23:50-0:00+1,12.691855474936917
2025-05-20,1:10-1:20,0.0058613995195173
2025-05-20,2:40-3:00,40.554410250294495
2025-05-20,14:00-14:10,14.661533333333182
2025-05-20,14:40-14:50,15.92166804177009
2025-05-20,15:10-16:00,518.1244083439398
2025-05-20,21:30-21:40,6.529632245294692
2025-05-21,0:30-0:40,9.40313604046048
2025-05-21,1:10-1:20,13.290433074495011
2025-05-21,2:40-3:10,133.37530720949235
2025-05-21,4:30-4:50,21.47274326622052
2025-05-21,5:40-5:50,4.887161545316559
2025-05-21,14:50-15:20,144.88308139041305
2025-05-21,15:30-16:20,285.2468792630191
2025-05-21,18:20-18:30,46.4186189358954
2025-05-21,19:20-19:30,13.951538796281966
2025-05-22,1:00-1:20,17.683873381762737
2025-05-22,1:30-1:40,3.264125987478224
2025-05-22,3:10-3:20,7.400197303389859
2025-05-22,4:00-4:10,17.646618709773506
2025-05-22,5:40-5:50,17.881873576558945
2025-05-22,8:50-9:00,12.313034004766225
2025-05-22,16:50-17:00,3.914562700274416
2025-05-22,18:00-18:10,19.50682563667226
2025-05-22,18:20-18:30,10.659388091797029
2025-05-22,20:20-20:40,52.55447842224362
2025-05-23,3:20-3:30,2.27143023448474
2025-05-24,0:50-1:10,19.264640152973925
2025-05-24,2:30-2:40,9.421217384336387
2025-05-24,23:30-23:50,29.482134798780464
2025-05-25,1:00-1:30,53.46568174326342
2025-05-25,1:50-2:00,4.612790481507545
2025-05-25,2:30-2:50,30.21408552732919
2025-05-25,3:10-3:20,1.315535319200535
2025-05-25,3:50-4:10,31.257796980415712
2025-05-25,4:30-4:50,55.37188029930769
2025-05-25,5:10-5:30,11.50694167050439
2025-05-25,5:50-6:20,106.09112681558321
2025-05-25,6:30-6:50,69.19919875751702
2025-05-25,8:40-9:00,82.40235804838964
2025-05-25,15:40-17:50,952.2965802572786
2025-05-25,18:10-18:50,53.55919815818088
2025-05-25,19:30-19:50,48.44046025768637
2025-05-25,20:10-20:20,8.923663090105265
2025-05-25,20:40-21:10,206.44603943637537
2025-05-25,21:30-21:50,39.01164180082174
2025-05-26,1:20-1:40,56.53395383569796
2025-05-26,2:40-2:50,5.071172879521214
2025-05-26,4:20-4:40,25.415635554757802
2025-05-26,5:00-5:20,43.05784863327542
2025-05-26,6:50-7:00,13.184030781785737
2025-05-26,8:10-8:30,59.5243286747893
2025-05-26,8:50-9:00,35.607664619664774
2025-05-26,18:20-18:30,18.566631294850737
2025-05-26,21:30-21:50,24.607373341528273
2025-05-26,22:40-23:00,61.51678529973219
2025-05-27,1:30-1:40,15.36629592113593
2025-05-27,2:10-2:30,11.378794919665893
2025-05-27,2:40-3:00,8.437861328872373
2025-05-27,3:10-4:00,55.20852170435042
2025-05-27,4:20-4:50,57.17947336982647
2025-05-27,16:00-16:10,13.238074456198431
2025-05-27,19:10-19:20,4.112437007629069
2025-05-27,19:40-19:50,20.7880982772914
2025-05-27,20:20-20:40,21.388938125006348
2025-05-27,21:10-21:20,9.131842442412337
2025-05-27,22:10-22:30,54.33499698591345
2025-05-28,0:30-0:40,4.731753627067405
2025-05-28,0:50-1:00,19.37134682609133
2025-05-28,1:20-1:30,0.2832274808363308
2025-05-28,3:00-3:10,10.948539080079629
2025-05-28,3:30-3:50,50.686008028202934
2025-05-28,5:20-5:30,0.3213033038792474
2025-05-28,6:20-7:30,167.47254451681198
2025-05-28,7:50-8:10,16.10881401818915
2025-05-28,16:50-17:00,27.03317615496041
2025-05-28,17:20-17:30,12.08894560856777
2025-05-28,18:50-19:00,3.459580078745148
2025-05-28,20:00-20:10,7.815922037735845
2025-05-28,21:50-22:00,18.844613945801484
2025-05-28,23:50-0:00+1,8.16902963072107
2025-05-29,0:20-0:30,31.21377972682956
2025-05-29,4:10-4:30,14.303967039523855
2025-05-29,4:50-5:00,12.534499230430017
2025-05-29,5:20-5:30,13.51891374335328
2025-05-29,6:10-6:30,9.889876595750536
2025-05-29,6:50-8:40,680.8392436766221
2025-05-29,9:00-9:20,42.02352466592242
2025-05-29,15:50-16:00,10.063655420019018
2025-05-29,16:20-16:40,56.38666614976876
2025-05-29,17:20-17:30,3.372455008304428
2025-05-29,19:40-19:50,5.661725637130076
2025-05-29,21:10-21:40,36.337502245537735
2025-05-29,22:10-22:20,18.74093415544189
2025-05-30,3:30-3:50,16.565036467614465
2025-05-30,21:50-22:00,2.1329008511504526
2025-05-31,0:40-0:50,28.92468334122799
2025-05-31,3:10-3:20,0.8492055858238814
2025-05-31,4:00-4:20,22.96287536343956
2025-05-31,5:00-5:10,14.303148256074104
2025-05-31,6:20-6:30,6.053131374157204
2025-05-31,6:50-7:10,25.85543693290542
2025-05-31,18:20-18:30,14.85709951223987
2025-05-31,18:50-19:00,15.82073336630799
2025-05-31,20:00-20:10,0.7964307078671027
2025-05-31,23:00-23:10,12.08863446938335
2025-05-31,23:40-0:00+1,135.3815394340562
2025-06-01,0:20-0:30,70.26683041453452
2025-06-01,0:40-0:50,93.09019363123308
2025-06-01,1:00-1:20,93.40793138580398
2025-06-01,1:30-3:10,609.6453667123961
2025-06-01,3:20-3:30,27.52538179507428
2025-06-01,3:40-4:00,43.65997295003854
2025-06-01,4:20-5:00,104.29800767678691
2025-06-01,5:20-5:30,26.097519770724688
2025-06-01,5:50-6:30,169.5430689180394
2025-06-01,6:50-7:30,47.318799538089195
2025-06-01,7:40-11:40,2746.233998288483
2025-06-01,12:40-13:10,86.55150000000003
2025-06-01,13:20-14:50,717.921819606025
2025-06-01,15:00-20:40,7700.382193106111
2025-06-01,21:00-21:50,255.3902123205903
2025-06-01,22:10-22:20,88.46584140155801
2025-06-01,22:50-23:10,88.01462537158977
2025-06-01,23:50-0:00+1,70.84860904832249
2025-06-02,0:00-0:10,104.14450290708112
2025-06-02,0:40-1:00,88.61925990054885
2025-06-02,1:10-2:50,306.31419760575193
2025-06-02,3:00-3:30,28.735871410681625
2025-06-02,4:10-4:20,0.8967783370895859
2025-06-02,4:30-4:50,42.0361573602718
2025-06-02,5:20-5:30,12.30160533488484
2025-06-02,5:40-6:10,61.49609377851252
2025-06-02,6:30-6:40,3.140418604011984
2025-06-02,7:10-7:20,1.1383642102606828
2025-06-02,7:40-8:10,93.68698277131011
2025-06-02,8:30-9:20,230.20957002499026
2025-06-02,13:00-14:50,966.6581342210761
2025-06-02,15:00-18:40,3350.8315114704023
2025-06-02,18:50-21:30,837.4123722260396
2025-06-02,21:40-22:00,115.53243761474197
2025-06-02,22:10-22:20,67.2161938629082
2025-06-02,22:30-22:50,136.78662980508182
2025-06-02,23:30-23:50,156.9275251818076
2025-06-03,0:30-0:40,47.34300502281076
2025-06-03,1:00-2:40,361.0300618878164
2025-06-03,2:50-3:10,20.979060874247352
2025-06-03,3:30-3:50,15.063156709882735
2025-06-03,4:00-4:20,38.62924053656726
2025-06-03,5:10-5:30,66.7893491862284
2025-06-03,5:40-6:10,127.41206627476572
2025-06-03,6:30-7:00,131.3086906758321
2025-06-03,7:30-7:40,54.750364116533774
2025-06-03,7:50-10:20,1050.3836488846782
2025-06-03,14:00-14:20,59.32300953477488
2025-06-03,14:40-14:50,3.1522624220322086
2025-06-03,15:20-16:00,263.12948439664444
2025-06-03,16:20-20:00,1717.8790275899185
2025-06-03,20:10-21:50,551.0140249115304
2025-06-03,22:10-22:30,63.927178783907266
2025-06-03,22:40-22:50,51.380791587498834
2025-06-03,23:10-23:20,115.06131886769616
2025-06-03,23:40-23:50,72.50065308981266
2025-06-04,0:00-0:20,124.0902387055645
2025-06-04,0:30-0:40,75.5911952872159
2025-06-04,0:50-1:20,197.65995268932863
2025-06-04,1:30-2:30,334.6944047036533
2025-06-04,3:00-4:30,153.20289454192255
2025-06-04,4:40-5:00,48.35203965678238
2025-06-04,12:50-14:00,581.3145034689736
2025-06-04,14:20-14:50,234.02688750629122
2025-06-04,15:00-18:20,993.1822135906815
2025-06-04,18:40-18:50,24.01460275875437
2025-06-04,19:00-19:20,69.11414845009118
2025-06-04,19:30-21:40,622.7253541139289
2025-06-04,22:10-22:20,22.733879309163285
2025-06-04,23:00-23:20,208.06656431344788
2025-06-04,23:40-23:50,30.773361625269786
2025-06-05,0:00-0:20,85.70679281777063
2025-06-05,0:30-0:50,62.20921691026899
2025-06-05,1:10-2:00,215.83658269615034
2025-06-05,2:20-3:20,225.12001331684547
2025-06-05,3:50-4:10,49.81450164871251
2025-06-05,4:50-5:30,52.34757541077038
2025-06-05,5:40-5:50,17.39956531126967
2025-06-05,6:10-7:30,222.9949817360466
2025-06-05,8:00-8:10,13.768515072138657
2025-06-05,8:40-9:20,151.41260697110866
2025-06-05,13:40-15:00,677.527764096178
2025-06-05,15:10-16:50,1074.549605886215
2025-06-05,17:40-19:40,347.4979212319076
2025-06-05,19:50-21:00,416.1419312098861
2025-06-05,21:20-21:50,55.490373925188464
2025-06-05,22:10-22:50,271.9301823953567
2025-06-05,23:00-0:00+1,345.47199447148023
2025-06-06,1:00-1:10,32.02662945949419
2025-06-06,2:00-2:10,0.0710868848084373
2025-06-06,15:20-16:50,465.7236716534163
2025-06-06,17:50-18:30,77.20065260006878
2025-06-06,21:00-21:20,20.418023809688634
2025-06-06,22:10-22:20,9.942649376115128
2025-06-06,22:50-23:00,13.436728122273394
2025-06-06,23:30-23:40,10.541793454196068
2025-06-07,0:20-0:30,24.666475080953887
2025-06-07,3:30-3:40,5.853849185650101
2025-06-07,5:40-5:50,35.447916973549184
2025-06-07,7:30-7:40,29.541463344495547
2025-06-07,18:30-18:50,35.8454079332688
2025-06-07,23:20-23:30,16.000002479759587
2025-06-08,0:10-0:20,11.060244995017683
2025-06-08,1:00-1:10,3.658147622101637
2025-06-08,1:30-1:50,24.922847691156107
2025-06-08,2:20-2:40,49.83880745232318
2025-06-08,3:00-3:10,7.646741124461776
2025-06-08,4:00-4:20,69.82959299623731
2025-06-08,5:20-5:30,12.52034078043448
2025-06-08,5:40-5:50,12.26077138797541
2025-06-08,6:00-7:20,414.58361397366724
2025-06-08,17:20-18:00,195.66159505506397
2025-06-08,19:00-19:20,16.762313841665218
2025-06-08,19:30-19:40,24.380669730213757
2025-06-08,19:50-20:10,30.73192427922129
2025-06-08,20:40-21:00,38.48576773568264
2025-06-08,21:30-22:00,64.36202696907924
2025-06-08,23:00-23:10,4.180498216499814
2025-06-09,0:30-1:20,36.23904871622142
2025-06-09,2:50-3:00,24.550611490367714
2025-06-09,3:20-3:30,17.207274264426133
2025-06-09,3:40-4:10,104.34963393303457
2025-06-09,4:30-4:50,19.712848632712625
2025-06-09,6:00-6:40,66.28035702815885
2025-06-09,7:30-8:10,91.20298161433931
2025-06-09,8:20-8:50,105.83319257786869
2025-06-09,13:20-13:40,50.664796930796
2025-06-09,16:10-17:50,326.33209888062936
2025-06-09,18:50-19:00,3.780343830815923
2025-06-09,20:30-20:40,7.446386133896226
2025-06-09,22:50-23:00,5.371435463571288
2025-06-09,23:30-23:40,40.74582678086631
2025-06-10,0:00-0:10,3.688545770738188
2025-06-10,2:20-2:40,70.90428881343166
2025-06-10,4:50-5:00,4.725635564206073
2025-06-10,8:50-9:30,160.91205431024505
2025-06-10,14:00-14:20,35.32222208356171
2025-06-10,15:10-15:20,0.1491849195645045
2025-06-10,15:30-15:40,20.90188057326236
2025-06-10,15:50-16:10,32.37233529445825
2025-06-10,16:40-16:50,1.6656489571698785
2025-06-10,21:00-21:10,4.414028303383816
2025-06-10,21:40-21:50,19.251500519465708
2025-06-11,2:00-2:10,1.3773186105387367
2025-06-11,4:30-4:40,1.9731225341450649
2025-06-11,6:10-6:40,76.41156756849557
2025-06-11,7:00-7:30,44.87957665038908
2025-06-11,7:40-8:00,47.34510185622639
2025-06-11,9:00-9:40,311.20636241084503
2025-06-11,9:50-10:40,326.5316820594967
2025-06-11,12:50-13:00,5.66809773643422
2025-06-11,15:10-15:20,4.3575280185658585
2025-06-11,16:30-16:40,1.7432353463551635
2025-06-11,17:00-17:20,22.599366858050814
2025-06-11,22:30-22:40,2.680548826490167
2025-06-12,0:20-0:40,18.498243481125996
2025-06-12,3:20-3:50,47.59791919688699
2025-06-12,5:50-6:00,41.05819332088379
2025-06-12,12:50-13:10,149.1851107593343
2025-06-12,14:30-14:50,130.75171344319313
2025-06-12,15:10-15:20,62.33412360041814
2025-06-12,16:00-16:10,14.191568767435683
2025-06-12,18:00-18:20,34.52670352639896
2025-06-13,23:50-0:00+1,0.7140000658973804
2025-06-14,2:10-2:20,3.386353036749483
2025-06-15,1:20-2:20,114.49817883116759
2025-06-15,3:10-3:50,50.84092795249221
2025-06-15,4:10-4:30,42.08802154561022
2025-06-15,5:00-5:20,38.862466211050176
2025-06-15,5:50-6:00,19.33532326449836
2025-06-15,7:20-7:40,41.09755544745628
2025-06-15,7:50-10:50,1493.6593684686275
2025-06-15,12:40-14:40,609.5471033296003
2025-06-15,15:40-15:50,9.007764392596073
2025-06-15,16:20-17:50,200.7748042977061
2025-06-15,18:30-19:00,103.83872512350253
2025-06-15,19:30-19:50,72.60755121847103
2025-06-15,20:10-20:40,40.99646029862254
2025-06-15,21:10-21:50,191.78371699084641
2025-06-15,22:10-22:20,14.853669308626309
2025-06-15,22:50-23:00,0.703094752215975
2025-06-15,23:10-23:30,5.1034628259808414
2025-06-16,2:00-2:20,30.181051671725186
2025-06-16,2:30-2:40,5.351374793447803
2025-06-16,4:10-4:20,14.834957318703571
2025-06-16,5:00-5:10,5.499500322741017
2025-06-16,5:40-5:50,62.47411305144087
2025-06-16,6:00-6:30,18.041017423481094
2025-06-16,9:30-9:40,10.481016693786104
2025-06-16,14:40-14:50,18.653196639118164
2025-06-16,15:10-15:40,99.64109254230107
2025-06-16,20:00-20:10,7.223322812844913
2025-06-16,21:10-21:20,9.844409825572598
2025-06-17,0:50-1:00,46.72623940440644
2025-06-17,1:20-1:30,14.043010491348014
2025-06-17,2:50-3:10,59.18083231132572
2025-06-17,3:20-3:40,18.939381747886063
2025-06-17,4:00-4:20,2.998452376217222
2025-06-17,5:00-5:20,19.674576660323197
2025-06-17,6:00-6:20,35.772506210367396
2025-06-17,6:40-6:50,16.287896311352313
2025-06-17,12:50-13:50,1001.5499748880084
2025-06-17,16:20-16:30,31.759675409676618
2025-06-17,16:50-17:00,21.042063695777586
2025-06-17,17:50-18:30,101.08245137998145
2025-06-17,19:20-19:30,39.70031171556593
2025-06-17,20:30-20:40,22.35463414549997
2025-06-17,21:10-21:30,51.624325340362134
2025-06-18,2:30-2:50,11.272478366878772
2025-06-18,4:20-4:30,10.996280256353884
2025-06-18,5:00-5:10,1.8894021082636168
2025-06-18,5:20-5:30,2.613857198840819
2025-06-18,6:30-6:40,25.884933124164263
2025-06-18,19:50-20:00,13.191512605606931
2025-06-18,21:20-21:30,2.180995089687144
2025-06-18,23:50-0:00+1,1.6568234875777534
2025-06-19,0:50-1:10,36.70016311413076
2025-06-19,2:00-2:20,75.25145845575571
2025-06-19,2:30-2:50,55.09942263927485
2025-06-19,4:20-5:00,120.86620329480724
2025-06-19,5:20-5:30,5.62873858657133
2025-06-19,5:40-5:50,26.598759567535467
2025-06-19,6:00-6:30,75.98839775197405
2025-06-19,8:40-9:00,35.37963200598472
2025-06-19,15:50-16:10,18.9133738350738
2025-06-19,18:20-18:30,2.225647490259334
2025-06-19,19:10-19:30,53.51108169578788
2025-06-19,20:40-21:10,54.18433166032535
2025-06-19,22:50-23:00,10.948975965288696
2025-06-20,无,0.0
2025-06-21,2:50-3:00,3.416982046385272
2025-06-22,0:50-1:20,179.9498669472199
2025-06-22,2:00-2:10,9.006207223833258
2025-06-22,2:30-3:10,191.99978187197678
2025-06-22,3:30-3:40,0.0454774627139841
2025-06-22,4:00-4:20,26.62103168962959
2025-06-22,4:40-4:50,0.7248453349009196
2025-06-22,5:20-5:30,0.3489951154170825
2025-06-22,5:40-5:50,5.368055873456115
2025-06-22,6:20-6:40,32.00800507390278
2025-06-22,13:00-13:30,145.79759731768547
2025-06-22,14:00-14:20,42.38021818868458
2025-06-22,14:40-14:50,17.675837727172393
2025-06-22,15:20-15:50,51.84449597222567
2025-06-22,17:10-17:40,136.00256835749343
2025-06-22,18:50-19:10,25.02072632516615
2025-06-22,19:20-20:10,119.19390091963305
2025-06-22,20:30-21:10,169.27031986655578
2025-06-22,21:40-21:50,23.216074411166005
2025-06-22,22:30-22:40,16.513606950916028
2025-06-23,2:20-2:30,26.447505043284536
2025-06-23,2:50-3:30,55.672557615628584
2025-06-23,3:50-4:00,43.10172339618998
2025-06-23,4:20-4:30,38.42167971469985
2025-06-23,4:50-5:00,25.371469859602463
2025-06-23,5:20-5:30,1.7763523764024
2025-06-23,8:30-9:10,99.16537718295268
2025-06-23,13:40-13:50,5.293240708978196
2025-06-23,16:20-16:40,18.869571859887685
2025-06-23,17:20-17:40,15.381023631979048
2025-06-23,18:10-18:40,48.18551421725489
2025-06-23,19:50-20:00,16.05843932399796
2025-06-23,20:30-20:50,17.69863453366178
2025-06-23,21:20-21:40,14.026692825186954
2025-06-23,22:10-22:20,49.347707145714026
2025-06-23,23:10-23:20,43.85608902654985
2025-06-24,1:20-2:10,186.11031643288572
2025-06-24,3:10-3:30,17.783155039885173
2025-06-24,4:30-4:40,16.399973532508703
2025-06-24,5:10-5:30,8.652487367089343
2025-06-24,5:40-6:00,47.46266115229969
2025-06-24,6:50-10:50,2127.870412086832
2025-06-24,15:40-16:00,21.741112001052784
2025-06-24,16:10-16:30,44.916745527427906
2025-06-24,17:50-18:10,52.05752682176728
2025-06-24,22:10-22:20,15.922394012152722
2025-06-24,23:50-0:00+1,28.40572011978702
2025-06-25,0:00-0:10,14.374594605038284
2025-06-25,0:30-1:00,75.94172932919093
2025-06-25,1:30-1:40,31.66379157043229
2025-06-25,2:50-3:20,45.32074385830598
2025-06-25,3:50-4:30,85.21672824389563
2025-06-25,6:30-6:50,19.57278706730284
2025-06-25,10:10-10:50,314.13476556886906
2025-06-25,12:50-13:00,16.185901631042952
2025-06-25,14:20-14:50,195.153142789407
2025-06-25,18:30-19:00,81.41374248872481
2025-06-25,21:40-22:00,118.13436560673927
2025-06-25,23:40-23:50,10.230902265927057
2025-06-26,1:00-1:20,19.001749152820935
2025-06-26,1:30-1:50,105.92803015965433
2025-06-26,4:00-4:40,50.95585298318322
2025-06-26,6:10-6:30,21.96134287958114
2025-06-26,6:50-8:00,200.970864750852
2025-06-26,8:10-8:30,34.415601228535195
2025-06-26,8:50-9:20,56.041667544574295
2025-06-26,9:30-9:50,99.60146984322111
2025-06-26,13:00-13:10,7.910647613593028
2025-06-26,16:40-17:20,237.01999265138505
2025-06-26,19:00-19:20,71.43465335011444
2025-06-26,19:30-19:50,84.55881727221981
2025-06-26,21:10-21:30,91.80868977363889
2025-06-26,22:10-22:20,19.87323635019084
2025-06-26,23:40-23:50,28.427286365621967
2025-06-27,无,0.0
2025-06-28,0:40-1:00,40.94347107547344
2025-06-28,4:30-5:00,79.35227190028269
2025-06-28,6:40-6:50,7.560931616935861
2025-06-28,7:40-7:50,6.9011833333333925
2025-06-28,15:40-15:50,29.53595140568393
2025-06-28,16:20-16:50,129.79022724441046
2025-06-28,19:50-20:00,2.731961263846756
2025-06-28,20:40-21:10,78.47296920131643
2025-06-28,23:50-0:00+1,82.35937806813092
2025-06-29,0:30-0:40,19.33747550260512
2025-06-29,1:40-2:40,314.67471832440924
2025-06-29,3:50-4:50,171.38470195844994
2025-06-29,5:00-5:20,28.798223579369104
2025-06-29,5:40-6:30,181.56593250558194
2025-06-29,6:50-9:00,493.2290842679975
2025-06-29,9:20-9:40,173.01298884549863
2025-06-29,12:50-13:00,42.39308653981129
2025-06-29,15:10-16:50,535.5312313560178
2025-06-29,17:00-17:10,12.76341479176341
2025-06-29,17:40-18:50,351.7208313420868
2025-06-29,19:00-19:20,10.5755500218296
2025-06-29,19:50-20:30,92.27448305778097
2025-06-29,20:50-21:50,127.27067834043885
2025-06-29,23:10-23:20,9.412988385506424
2025-06-30,1:30-1:50,23.00555509606602
2025-06-30,2:00-2:20,67.55546577236193
2025-06-30,2:50-3:10,37.903305872158974
2025-06-30,4:30-4:50,41.87848575447826
2025-06-30,5:10-5:20,19.056088929325146
2025-06-30,5:40-6:20,56.55364949789987
2025-06-30,6:40-7:40,569.4047079056124
2025-06-30,9:50-10:40,487.7045014912985
2025-06-30,13:00-13:10,6.626075278654298
2025-06-30,15:30-16:00,174.3448144544244
2025-06-30,17:20-17:40,16.117171924593976
2025-06-30,18:00-18:10,5.1818568109374326
2025-06-30,18:50-19:00,58.90587729152253
2025-06-30,19:20-19:40,40.11837614536864
2025-06-30,21:00-21:20,32.2635399363603
2025-06-30,22:10-22:30,57.722559580444454
2025-06-30,23:40-23:50,33.230455952694115
2025-07-01,0:10-0:40,336.30854184474083
2025-07-01,0:50-2:00,534.3635568995516
2025-07-01,2:10-5:30,1908.605101022286
2025-07-01,5:40-5:50,47.164832360438425
2025-07-01,6:00-6:10,13.398249636489028
2025-07-01,15:20-15:30,13.045701423508149
2025-07-01,16:30-17:20,177.93286643441758
2025-07-01,17:30-18:00,209.48493116563864
2025-07-01,18:10-21:50,2091.727408353343
2025-07-01,22:10-22:20,83.5694057730334
2025-07-01,23:00-23:10,121.85129983783634
2025-07-01,23:30-23:50,245.913308666582
2025-07-02,0:00-0:20,107.86555299745271
2025-07-02,0:30-1:20,276.6301379902509
2025-07-02,1:30-2:00,253.17984680683026
2025-07-02,2:10-3:10,215.95771648639064
2025-07-02,3:20-5:20,739.2507728110039
2025-07-02,5:40-5:50,52.60279400517334
2025-07-02,15:50-16:20,112.11949674926086
2025-07-02,16:30-17:20,116.99980842260578
2025-07-02,18:50-19:30,209.47154130640467
2025-07-02,19:50-20:20,164.58724782950327
2025-07-02,20:40-20:50,45.591407137110494
2025-07-02,21:00-21:20,46.123628469141295
2025-07-02,21:30-21:40,14.037593104512553
2025-07-02,22:10-22:20,79.07076165457511
2025-07-02,23:00-23:20,48.27145271088693
2025-07-02,23:40-23:50,16.160135417724177
2025-07-03,0:30-0:50,26.866438806602673
2025-07-03,2:20-2:30,57.62628344171753
2025-07-03,5:40-6:00,54.595604712402775
2025-07-03,7:30-8:20,516.2120214928516
2025-07-03,9:20-9:30,35.497412887459575
2025-07-03,13:30-14:50,704.1750690733342
2025-07-03,15:20-15:30,34.44216603381483
2025-07-03,16:00-16:30,141.7555744231645
2025-07-03,16:50-17:00,36.99894732923218
2025-07-03,17:20-18:10,198.75173136377924
2025-07-03,18:40-19:00,70.97990576924433
2025-07-03,19:50-20:00,32.81602704610293
2025-07-03,20:30-20:50,39.116390843794264
2025-07-03,21:10-21:30,49.62769944698664
2025-07-04,0:40-1:20,321.7484089567653
2025-07-04,1:30-1:50,31.89027231126738
2025-07-04,2:10-5:00,636.8232784450628
2025-07-04,5:10-5:20,1.4853868382145097
2025-07-04,18:30-18:50,114.7254062528541
2025-07-04,20:10-20:30,41.761488726621906
2025-07-04,20:50-21:20,57.51927219523054
2025-07-04,21:40-21:50,50.00164738975173
2025-07-04,22:10-22:30,133.18055778327255
2025-07-04,22:50-23:20,69.27056593247539
2025-07-04,23:30-0:00+1,81.59874080651161
2025-07-05,0:10-0:40,279.2127587235898
2025-07-05,1:00-1:30,100.26141241763344
2025-07-05,2:10-2:30,103.29145781774173
2025-07-05,2:50-3:20,182.3630149060726
2025-07-05,3:50-4:30,169.3413161836692
2025-07-05,4:50-5:30,144.948200867982
2025-07-05,6:20-6:30,24.567843463276347
2025-07-05,16:20-16:40,38.24795500932828
2025-07-05,17:00-17:20,53.48301230924841
2025-07-05,17:40-18:40,238.811089898376
2025-07-05,19:30-19:50,89.38556306111025
2025-07-05,20:20-20:50,52.807715221345084
2025-07-05,21:20-21:50,100.69250073637716
2025-07-05,22:10-22:20,19.44863887335873
2025-07-05,23:50-0:00+1,29.638620168044557
2025-07-06,0:00-0:40,186.8197720529256
2025-07-06,0:50-2:20,505.34086802123124
2025-07-06,2:30-4:50,625.9908471882419
2025-07-06,5:00-5:30,120.23176458309409
2025-07-06,5:40-6:40,390.2070695917135
2025-07-06,8:00-8:10,25.85369347930572
2025-07-06,8:30-8:50,45.66329589725336
2025-07-06,9:00-9:30,111.03104088234667
2025-07-06,9:50-10:10,200.12041666666664
2025-07-06,12:50-14:50,1386.6336046901165
2025-07-06,15:10-21:30,3881.374934188441
2025-07-06,21:40-21:50,6.826072136937682
2025-07-06,22:10-22:20,102.28691029532354
2025-07-06,23:10-23:20,9.734377749867008
2025-07-06,23:50-0:00+1,60.41006132406642
2025-07-07,0:10-0:40,157.57517156103233
2025-07-07,1:50-2:00,10.529712843985976
2025-07-07,2:10-2:20,12.295007897235903
2025-07-07,3:10-3:40,92.41818426841715
2025-07-07,4:00-4:20,57.06955486150188
2025-07-07,4:50-5:10,69.16398568561715
2025-07-07,16:50-17:00,4.5902668636836665
2025-07-07,17:50-18:00,13.83593203171148
2025-07-07,18:20-18:40,159.2014589007046
2025-07-07,19:00-19:20,64.0775922930643
2025-07-07,19:40-20:10,186.46408245631483
2025-07-07,20:30-20:50,42.62858671837808
2025-07-07,21:30-21:50,71.02944313583112
2025-07-07,22:10-22:20,28.12139868499787
2025-07-07,23:10-23:20,34.95195602341175
2025-07-08,2:50-3:00,38.94605074100241
2025-07-08,6:00-6:20,23.205272870190242
2025-07-08,15:40-16:30,321.04132400984315
2025-07-08,16:40-16:50,1.3149339004469311
2025-07-08,17:00-17:20,42.2955759894931
2025-07-08,17:30-17:50,86.20379170590755
2025-07-08,18:50-19:00,1.871655767662105
2025-07-09,6:50-7:00,2.5149952452480875
2025-07-09,7:30-8:00,27.10039510512769
2025-07-09,14:00-14:20,34.59897111704535
2025-07-09,17:30-17:40,11.133979663891523
2025-07-09,18:00-18:10,5.548895399781685
2025-07-10,0:20-0:30,16.738420993846603
2025-07-10,1:50-2:10,29.478969850362656
2025-07-10,2:40-2:50,3.521165742383346
2025-07-10,3:10-3:40,73.07375933869852
2025-07-10,4:10-4:40,107.77512345556946
2025-07-10,15:40-15:50,17.21227873077737
2025-07-10,17:10-17:30,32.94015225940831
2025-07-10,19:00-19:10,15.83605620272158
2025-07-10,20:50-21:00,38.89295775937171
2025-07-10,21:50-22:00,52.55504335263288
2025-07-10,22:40-22:50,5.30164814973557
2025-07-11,无,0.0
2025-07-12,2:30-2:40,11.815518810054186
2025-07-13,0:00-0:10,15.88088559928906
2025-07-13,0:30-0:40,0.0752136957414677
2025-07-13,0:50-1:00,8.558589509387275
2025-07-13,1:10-1:30,24.67619043403772
2025-07-13,1:50-2:00,46.89706857079864
2025-07-13,2:20-2:30,2.9556021634152785
2025-07-13,3:10-3:20,9.89815937161586
2025-07-13,3:30-3:50,17.738796251509434
2025-07-13,4:00-4:10,15.15547411363162
2025-07-13,4:40-5:00,55.741298451298924
2025-07-13,6:00-6:20,44.545193069443826
2025-07-13,6:40-7:10,151.2835414792596
2025-07-13,7:30-7:50,64.43115739939088
2025-07-13,8:10-8:20,23.485559286707712
2025-07-13,16:30-16:50,61.00896234355946
2025-07-13,17:10-17:50,309.93074190606706
2025-07-13,18:00-18:30,109.36361249958819
2025-07-13,19:00-19:30,135.06326439780378
2025-07-13,19:50-20:00,88.77945167767678
2025-07-13,20:30-21:00,41.25943502273203
2025-07-13,23:00-23:20,27.918180227595144
2025-07-14,3:00-3:10,7.283931529498949
2025-07-14,3:30-3:50,20.105328071448902
2025-07-14,5:00-5:20,30.46654836880792
2025-07-14,5:50-6:00,9.229960957692583
2025-07-14,9:20-9:30,15.931791609289728
2025-07-14,13:50-14:00,13.849806891336508
2025-07-14,17:40-18:10,124.112764377768
2025-07-14,18:40-18:50,6.820802498266886
2025-07-15,0:00-0:10,21.874867216173698
2025-07-15,2:20-2:30,36.022908949191105
2025-07-15,3:10-3:30,29.498863432359144
2025-07-15,5:50-6:20,88.52873578490312
2025-07-15,7:00-7:20,41.44511800656926
2025-07-15,13:50-14:00,3.2414362259922527
2025-07-15,17:20-17:40,70.35157054093577
2025-07-16,2:00-2:20,27.067507443296563
2025-07-16,3:30-3:50,20.673127084887255
2025-07-16,4:00-4:30,106.25233710614063
2025-07-16,5:10-5:20,10.605776339930458
2025-07-16,5:40-6:10,208.3207162491105
2025-07-16,7:20-7:40,76.66955816325225
2025-07-16,15:10-15:50,418.81060106239806
2025-07-16,16:00-16:30,98.01220503394131
2025-07-16,17:20-17:40,52.928112317238
2025-07-16,18:20-18:30,8.016194804796996
2025-07-16,18:50-19:10,29.200630560802665
2025-07-16,20:00-20:20,87.08324110436092
2025-07-16,21:50-22:00,43.874433050276366
2025-07-16,22:20-22:30,44.73223908228806
2025-07-17,0:50-1:30,179.14921819360825
2025-07-17,3:30-4:10,134.04510852435465
2025-07-17,4:40-5:00,122.99579677094334
2025-07-17,8:20-8:50,42.447011612408346
2025-07-17,9:10-9:30,102.79163834476748
2025-07-17,14:20-14:30,49.15466927969844
2025-07-17,16:10-17:20,536.5346757380094
2025-07-17,17:30-18:00,46.7096154609805
2025-07-17,18:30-18:40,45.31425877419867
2025-07-17,19:40-19:50,1.0349188324728402
2025-07-17,20:30-20:40,14.46860961894697
2025-07-17,21:00-21:20,86.42197604960586
2025-07-17,22:50-23:20,50.93313687043235
2025-07-17,23:30-23:50,113.22108067871136
2025-07-18,无,0.0
2025-07-19,2:50-3:00,7.077290973857316
2025-07-19,4:20-4:30,27.58703911862665
2025-07-19,5:00-5:30,71.69834594275716
2025-07-19,23:40-23:50,39.98055019628009
2025-07-20,0:50-1:10,52.197332523391196
2025-07-20,1:40-1:50,4.787087574757379
2025-07-20,2:30-3:00,102.92563170903634
2025-07-20,3:30-4:00,57.242692222553224
2025-07-20,4:20-4:50,110.92011525748686
2025-07-20,5:50-6:00,32.4161612117216
2025-07-20,6:10-6:50,212.48460868726454
2025-07-20,7:00-8:50,716.8220355327899
2025-07-20,9:20-9:30,3.4704166666665515
2025-07-20,9:50-10:00,14.13458333333324
2025-07-20,14:10-14:20,65.5471666666665
2025-07-20,15:00-15:50,324.3142766030419
2025-07-20,16:00-16:20,64.73772900016877
2025-07-20,16:40-17:20,136.64569304760226
2025-07-20,17:30-18:00,187.31235228954046
2025-07-20,20:10-20:50,75.36800280554996
2025-07-20,21:10-21:40,71.00075570639467
2025-07-21,1:50-2:10,55.06350610698996
2025-07-21,5:20-5:30,12.091504041765624
2025-07-21,5:40-5:50,35.48929790192207
2025-07-21,6:20-6:30,79.07858886304768
2025-07-21,15:50-16:10,61.568970136868074
2025-07-21,17:20-17:40,78.47441256174014
2025-07-21,18:40-18:50,12.995230720568308
2025-07-22,3:50-4:00,29.319366402220453
2025-07-22,7:20-7:30,10.982821578248092
2025-07-22,8:50-9:50,290.81615775917925
2025-07-22,13:10-14:10,522.5216666666665
2025-07-22,14:40-14:50,38.16913920417821
2025-07-22,16:20-16:30,25.31762372706544
2025-07-22,19:20-19:30,33.71197701380015
2025-07-23,1:00-1:40,77.89718845883431
2025-07-23,2:40-2:50,4.913913492158713
2025-07-23,3:00-3:20,87.49182055053882
2025-07-23,3:50-4:00,7.581544021515583
2025-07-23,4:20-4:30,7.731923902747553
2025-07-23,4:50-5:00,10.04638366609788
2025-07-23,5:20-5:30,13.666853907022208
2025-07-23,6:20-6:30,46.492750564660014
2025-07-23,6:50-7:20,247.0670966745106
2025-07-23,7:40-9:20,495.87254736748343
2025-07-23,14:30-14:50,87.12366190268776
2025-07-23,15:40-16:00,69.3554788458215
2025-07-23,16:50-17:00,33.34245960774018
2025-07-23,18:00-18:10,5.256920865998097
2025-07-23,18:30-18:50,9.813276453752165
2025-07-23,19:00-19:10,0.7165302090508021
2025-07-23,19:30-19:50,54.81776057803472
2025-07-23,20:40-21:10,112.45877638400134
2025-07-23,23:40-0:00+1,28.86992257810084
2025-07-24,0:10-0:20,4.380125521766331
2025-07-24,2:00-2:20,19.422907051016978
2025-07-24,2:30-2:40,9.356375527921957
2025-07-24,3:00-3:30,71.81997681429652
2025-07-24,4:40-4:50,5.619756277076249
2025-07-24,5:00-5:20,23.920275734741725
2025-07-24,5:40-5:50,24.926600120362195
2025-07-24,6:10-6:30,40.2804466728411
2025-07-24,12:50-13:40,233.22297665897443
2025-07-24,13:50-14:10,87.82535415392546
2025-07-24,15:10-15:20,56.47651777975943
2025-07-24,15:50-16:10,79.84855820086182
2025-07-24,16:40-17:00,21.919747769508206
2025-07-24,17:50-18:10,65.07092898311612
2025-07-24,19:50-20:00,17.08036544254753
2025-07-24,21:20-21:30,13.643210816826468
2025-07-24,21:50-22:00,44.40692520705284
2025-07-25,无,0.0
2025-07-26,0:50-1:00,13.700615297785248
2025-07-26,2:40-2:50,21.12506297656273
2025-07-26,3:50-4:00,27.21958356712298
2025-07-27,0:20-0:30,38.04846366413642
2025-07-27,0:40-1:00,110.16686790171946
2025-07-27,1:20-1:30,155.00503757959336
2025-07-27,2:00-2:50,202.88510629151006
2025-07-27,3:00-3:50,121.92794125249385
2025-07-27,4:00-5:30,417.35670844933315
2025-07-27,5:40-9:30,2514.392062195166
2025-07-27,13:50-14:50,545.2655855435443
2025-07-27,15:00-15:20,230.3655508413483
2025-07-27,15:30-17:00,822.2641051220273
2025-07-27,17:10-19:00,760.4062251268157
2025-07-27,19:10-20:00,136.6274131701183
2025-07-27,20:20-21:10,487.45879709109965
2025-07-27,21:40-21:50,7.224526941020031
2025-07-27,22:10-22:20,18.765372553383717
2025-07-27,23:10-23:30,88.75709283668266
2025-07-28,1:30-1:50,40.289302393151274
2025-07-28,2:10-2:40,21.14205601756737
2025-07-28,2:50-3:20,50.09430347746343
2025-07-28,4:00-4:20,3.981496715740392
2025-07-28,4:50-5:10,34.40682162659911
2025-07-28,6:00-6:20,68.1564812032608
2025-07-28,6:30-6:50,31.345406059964887
2025-07-28,7:10-7:30,5.884226460059949
2025-07-28,8:20-8:50,56.10163900603209
2025-07-28,9:00-10:30,370.3494347645216
2025-07-28,13:10-13:20,2.563083333333225
2025-07-28,13:50-14:00,29.238749999999985
2025-07-28,14:40-14:50,21.319733176973894
2025-07-28,15:10-17:20,589.3993085083948
2025-07-28,17:30-17:50,131.84357316745417
2025-07-28,18:10-18:30,76.68611338583568
2025-07-28,19:00-19:20,1.6770418745910547
2025-07-28,19:50-20:00,6.022566936888666
2025-07-28,20:10-20:30,36.078559125666914
2025-07-28,20:50-21:40,170.87519002178908
2025-07-28,22:10-22:20,12.604102107587437
2025-07-28,22:30-22:40,1.7009106874128292
2025-07-28,23:20-23:30,72.22266162400206
2025-07-29,0:20-0:30,5.763732351107592
2025-07-29,1:20-1:30,27.790721787764937
2025-07-29,1:50-2:10,51.37315764727715
2025-07-29,2:40-2:50,10.67626115553594
2025-07-29,3:40-4:00,34.75000135046195
2025-07-29,9:30-10:00,207.3912558741344
2025-07-29,18:40-19:10,79.73946066378176
2025-07-30,0:50-1:00,12.24539611597038
2025-07-30,2:50-3:00,55.44551441837007
2025-07-30,6:30-6:50,43.776251892962534
2025-07-30,7:20-7:30,59.325854726830414
2025-07-30,8:40-9:10,63.90458798341345
2025-07-30,16:00-16:10,18.08132080947314
2025-07-31,1:20-1:30,23.915964253063063
2025-07-31,2:10-2:30,77.84133488154862
2025-07-31,3:20-3:30,12.84878510094586
2025-07-31,4:10-4:40,81.53844033993417
2025-07-31,7:10-7:30,45.83513644291996
2025-07-31,7:50-8:20,193.9047980287786
2025-07-31,8:30-8:40,1.5233390483680296
2025-07-31,9:30-10:00,225.4039283130341
2025-07-31,13:40-13:50,23.68515000000002
2025-07-31,14:00-14:40,184.02116549429982
2025-07-31,15:30-15:50,50.623567835111885
2025-07-31,17:20-17:30,52.60509958976826
2025-07-31,18:30-18:50,72.91154128416726
2025-07-31,19:00-19:30,48.47561086694441
2025-07-31,19:40-20:20,80.31583789030145
2025-07-31,20:40-20:50,14.596467618249449
2025-07-31,23:30-23:50,21.361715919037238
2025-08-01,1:50-2:00,14.270644121049711
2025-08-01,3:50-4:00,1.2009389084690838
2025-08-01,4:20-4:30,9.710098572165975
2025-08-01,5:00-5:10,1.9031539819372936
2025-08-01,22:50-23:00,42.79311768475475
2025-08-02,23:40-23:50,13.521953820465228
2025-08-03,0:40-0:50,7.163822552636361
2025-08-03,2:50-3:00,8.154231223744205
2025-08-03,3:20-3:30,8.594769932255986
2025-08-03,3:40-3:50,7.290377461082506
2025-08-03,5:40-6:00,70.0509900938828
2025-08-03,6:30-6:50,71.52031234819202
2025-08-03,17:20-18:00,124.82968251839588
2025-08-03,18:40-19:50,191.42807977547398
2025-08-03,20:30-21:50,113.99250603836072
2025-08-04,1:40-1:50,2.2145432525096567
2025-08-04,3:30-3:50,94.74221769396303
2025-08-04,4:10-4:30,78.18990696008149
2025-08-04,17:00-17:10,1.9105854352043248
2025-08-04,18:30-18:50,33.300645668315774
2025-08-04,20:00-20:10,28.862748354957372
2025-08-04,21:40-21:50,5.942907999276713
2025-08-04,22:30-22:40,2.9850056141206096
2025-08-04,23:50-0:00+1,14.770967273489076
2025-08-05,0:30-0:40,11.650854398085698
2025-08-05,0:50-1:20,74.05275680206455
2025-08-05,2:10-2:20,59.42323018836135
2025-08-05,4:30-4:50,41.75604747401603
2025-08-05,5:40-6:00,32.29378778277889
2025-08-05,6:20-6:30,22.882496343532125
2025-08-05,8:00-8:30,161.95041515106902
2025-08-05,15:00-15:10,47.24715970238594
2025-08-05,18:20-18:30,10.81197436220944
2025-08-05,19:40-19:50,15.836989465526358
2025-08-05,20:10-20:20,11.650560829787594
2025-08-05,21:00-21:20,84.37417092749558
2025-08-05,21:40-21:50,27.159710595318984
2025-08-05,22:10-22:20,34.66009606680393
2025-08-05,23:30-23:40,8.459733363849068
2025-08-06,0:10-0:20,15.3968599483444
2025-08-06,2:30-2:40,0.3281408155543204
2025-08-06,3:10-3:20,3.1738551543930957
2025-08-06,3:30-3:40,28.8799540173668
2025-08-06,14:10-15:00,342.7457570734648
2025-08-06,15:10-16:10,192.35923596747784
2025-08-06,18:20-18:40,50.43779931743369
2025-08-06,20:00-20:10,19.009416527420967
2025-08-06,21:00-21:30,83.74071646775178
2025-08-06,21:40-21:50,18.480261047460885
2025-08-06,23:40-0:00+1,52.45403761570208
2025-08-07,0:30-1:00,59.00431529434877
2025-08-07,1:30-2:00,69.13239394840696
2025-08-07,2:40-2:50,3.811558787323065
2025-08-07,3:00-3:20,14.414530896205065
2025-08-07,4:00-4:20,30.37826624264554
2025-08-07,5:00-5:20,36.0978998945408
2025-08-07,6:50-7:00,41.34639719321518
2025-08-07,7:20-7:40,71.26912247375
2025-08-07,19:30-19:40,4.100296643014417
2025-08-07,20:00-20:20,13.20072941634129
2025-08-07,22:10-22:20,17.75610440795367
2025-08-07,22:50-23:20,74.52262483277207
2025-08-08,21:50-22:00,17.864768438201736
2025-08-09,0:30-0:50,28.69209947762124
2025-08-09,2:00-2:10,0.3257833807745101
2025-08-09,5:20-5:30,9.407817471487387
2025-08-09,21:10-21:20,7.1584661216732
2025-08-09,21:40-21:50,12.769147385694056
2025-08-10,0:10-0:30,74.08212475732614
2025-08-10,0:50-1:00,26.01960636904585
2025-08-10,1:20-1:40,67.13508484612362
2025-08-10,2:30-2:50,57.541669832581654
2025-08-10,3:00-3:10,20.350891834047843
2025-08-10,3:50-4:00,9.569473551484066
2025-08-10,5:00-5:20,17.894015942245854
2025-08-10,6:20-6:30,4.152023396954178
2025-08-10,14:40-14:50,10.377250000000004
2025-08-10,15:10-16:00,256.1533395209465
2025-08-10,16:30-17:40,299.8760945601063
2025-08-10,20:10-20:50,83.98110273620222
2025-08-10,22:10-22:20,6.766243732588009
2025-08-10,22:50-23:10,84.50397871862526
2025-08-11,0:20-0:30,37.05543869037922
2025-08-11,1:00-1:10,44.96140943016337
2025-08-11,3:00-3:20,50.83149239609725
2025-08-11,5:20-5:30,22.98605956649005
2025-08-11,7:20-7:50,67.53534638139408
2025-08-11,8:40-9:30,276.7964028194118
2025-08-11,14:40-14:50,72.09565401326222
2025-08-11,15:10-15:20,10.31720921308306
2025-08-11,19:20-19:30,0.7570012705548379
2025-08-12,2:50-3:00,6.003802731158089
2025-08-12,14:10-14:50,213.11053734544342
2025-08-12,15:20-15:40,52.649816808076594
2025-08-12,16:10-16:30,143.35254480676974
2025-08-13,0:50-1:00,73.40470776761731
2025-08-13,1:30-1:40,11.16359614247665
2025-08-13,2:20-2:30,3.8196201179025593
2025-08-13,2:40-3:10,105.03685685998518
2025-08-13,4:20-5:00,85.25783350022562
2025-08-13,5:20-5:30,29.93944926255606
2025-08-13,5:50-6:10,16.201135001109265
2025-08-13,6:30-6:40,20.4337209014231
2025-08-13,7:10-7:20,25.14357171886354
2025-08-13,7:30-7:50,17.404808297132035
2025-08-13,14:00-14:20,68.37796666666668
2025-08-13,17:30-17:50,102.66314389385698
2025-08-13,18:10-18:20,15.607315455145796
2025-08-13,18:30-18:40,5.3592377794836255
2025-08-13,19:10-19:30,43.85657639721592
2025-08-13,20:20-20:50,69.71112230267931
2025-08-14,0:40-0:50,17.048642355974607
2025-08-14,1:00-1:10,12.28184855783877
2025-08-14,1:30-1:50,33.39993536420866
2025-08-14,2:00-2:20,17.993961614234877
2025-08-14,2:30-2:40,35.8489196361644
2025-08-14,3:20-4:00,206.66207004950448
2025-08-14,5:20-5:30,42.20827961378832
2025-08-14,5:40-7:10,303.25172470940254
2025-08-14,7:30-7:50,80.21752963560547
2025-08-14,8:00-8:20,292.4380158876327
2025-08-14,8:30-9:00,264.4779114436783
2025-08-14,15:30-15:40,0.0667064929359639
2025-08-14,16:00-17:10,347.8349561856091
2025-08-14,17:20-18:30,309.65902283100246
2025-08-14,18:50-20:00,248.83868172541247
2025-08-14,20:20-21:20,590.3954551823213
2025-08-14,21:30-21:40,30.87179232911365
2025-08-14,22:30-22:50,50.77786550380381
2025-08-14,23:00-23:20,41.760044328330196
2025-08-14,23:30-0:00+1,100.30348785154263
2025-08-15,4:40-4:50,8.8172906520481
2025-08-16,1:00-1:20,49.21184981210649
2025-08-16,3:00-3:10,25.193925060799074
2025-08-16,3:40-3:50,1.8285072286582815
2025-08-16,4:40-5:10,64.5617493377941
2025-08-16,19:20-19:30,8.846246389415
2025-08-16,20:20-20:30,16.333897390437414
2025-08-17,0:30-0:40,37.33991499005526
2025-08-17,1:10-1:20,1.4748829466394682
2025-08-17,2:00-2:40,176.58677284018177
2025-08-17,3:00-3:50,132.65388994956322
2025-08-17,4:10-4:30,3.845372052284006
2025-08-17,4:50-5:30,68.0267833886561
2025-08-17,5:50-6:20,141.82160661407147
2025-08-17,6:30-7:30,342.9676403370233
2025-08-17,7:40-7:50,7.267288604508337
2025-08-17,8:20-8:30,49.63775560409994
2025-08-17,16:00-16:30,140.0821641163999
2025-08-17,17:30-18:00,99.06302060933794
2025-08-17,18:10-18:50,140.61937755297143
2025-08-17,19:00-19:50,279.3373551410074
2025-08-17,20:10-20:20,11.23639823618197
2025-08-17,21:20-22:00,180.13301279177097
2025-08-17,22:40-22:50,29.382588045458306
2025-08-17,23:50-0:00+1,9.479881749382116
2025-08-18,0:50-1:00,2.2428945325452787
2025-08-18,1:20-1:40,73.51731044488895
2025-08-18,2:00-2:20,83.0187971091035
2025-08-18,2:40-3:00,53.812025630638466
2025-08-18,3:50-4:10,57.72301737809949
2025-08-18,4:30-4:50,17.255213867848635
2025-08-18,5:00-5:30,28.161476169983864
2025-08-18,5:40-6:00,54.81674932008178
2025-08-18,8:20-8:30,11.420047878596163
2025-08-18,14:20-14:30,8.03125
2025-08-18,16:20-16:30,11.26964813042025
2025-08-18,16:50-17:00,18.915415654336925
2025-08-18,17:20-17:40,99.610789791586
2025-08-18,19:50-20:00,48.48280506876927
2025-08-18,20:20-20:40,71.71177637783353
2025-08-18,21:30-21:50,44.70413689733107
2025-08-19,2:20-2:40,66.58763045385535
2025-08-19,4:20-4:40,66.11723347389997
2025-08-19,5:20-5:30,1.0850587799671758
2025-08-19,8:20-8:50,128.08724099479912
2025-08-19,9:00-9:10,4.00954999999999
2025-08-19,14:40-15:00,149.04925810273167
2025-08-19,15:10-16:10,306.5158565269214
2025-08-19,16:20-16:30,9.289187584289609
2025-08-19,18:10-18:30,47.48072374247357
2025-08-19,19:20-20:10,184.3856255171121
2025-08-19,21:20-21:40,161.84824900573858
2025-08-20,0:10-0:20,3.463851308704079
2025-08-20,1:10-1:20,6.739218240293781
2025-08-20,1:50-2:10,37.985423583643524
2025-08-20,3:00-3:10,15.98693599945534
2025-08-20,5:40-5:50,8.274605716138268
2025-08-20,6:10-9:30,1611.5655913676148
2025-08-20,14:10-15:00,274.21962047885813
2025-08-20,15:20-15:30,54.58684495328919
2025-08-20,16:20-16:30,12.076717554883658
2025-08-20,17:00-17:20,34.910930223820685
2025-08-20,17:50-18:10,82.16668059219558
2025-08-20,19:30-20:20,162.6357725977573
2025-08-20,20:30-20:40,34.82137960757211
2025-08-20,20:50-21:00,24.73234912984128
2025-08-20,22:10-22:20,24.553016063423456
2025-08-20,23:10-23:40,52.897326257057784
2025-08-20,23:50-0:00+1,18.305545425496007
2025-08-21,1:20-1:30,20.145588640060623
2025-08-21,2:40-3:10,133.19730198091383
2025-08-21,3:50-4:00,13.982151186496935
2025-08-21,4:40-5:00,126.09856632240917
2025-08-21,9:00-9:10,27.622866666666823
2025-08-21,14:00-14:40,80.57420963054902
2025-08-21,15:10-15:30,124.81569339076566
2025-08-21,18:00-18:20,141.42529786538992
2025-08-21,18:40-18:50,17.241957496690667
2025-08-21,19:10-19:20,22.566823287586544
2025-08-21,19:40-19:50,1.1579382669291365
2025-08-21,20:20-20:30,45.73675107461645
2025-08-22,3:40-4:00,32.1904311222205
2025-08-22,22:20-22:30,25.249747828089426
2025-08-23,4:10-4:20,0.8214341940941949
2025-08-23,21:30-21:50,15.793442469287129
2025-08-23,23:40-23:50,18.688404469212173
2025-08-24,0:00-0:10,4.972945125398724
2025-08-24,0:40-0:50,23.273979483279614
2025-08-24,1:00-1:10,12.122607619986866
2025-08-24,1:50-2:30,66.80930170649503
2025-08-24,3:20-3:30,13.134318174087298
2025-08-24,3:50-4:10,38.61751613388765
2025-08-24,5:20-5:30,17.862488119537375
2025-08-24,5:50-7:00,273.0176888030465
2025-08-24,7:20-7:50,67.89332228090757
2025-08-24,14:10-15:00,193.05318584499366
2025-08-24,15:10-18:50,792.2229852576521
2025-08-24,19:40-19:50,3.212623033704631
2025-08-24,21:10-21:40,99.23402337847381
2025-08-24,22:10-22:20,11.82333146835333
2025-08-25,1:00-1:20,54.48086041911654
2025-08-25,3:50-4:20,80.08143804078735
2025-08-25,6:10-6:50,128.80051405144388
2025-08-25,7:00-7:30,162.55144966370634
2025-08-25,14:30-15:00,208.0042115529768
2025-08-25,15:10-16:10,698.2951643070733
2025-08-25,16:20-16:50,139.87575417783682
2025-08-25,19:20-19:40,22.41635490923602
2025-08-25,20:00-20:10,11.024114485623272
2025-08-25,22:30-22:40,10.56599136705256
2025-08-25,23:00-23:20,38.687134688573906
2025-08-25,23:50-0:00+1,6.218177809005397
2025-08-26,0:20-0:30,1.483662778945245
2025-08-26,1:20-1:30,6.391730321752903
2025-08-26,2:20-2:30,2.8225761390518755
2025-08-26,2:40-3:00,29.912536636252298
2025-08-26,3:20-3:40,21.157142934471786
2025-08-26,4:00-4:30,30.225147437006147
2025-08-26,5:10-5:20,8.782793392094277
2025-08-26,7:50-8:00,28.26309407832747
2025-08-26,8:20-8:40,44.284855076541874
2025-08-26,15:30-15:40,3.3785127691521666
2025-08-26,16:00-16:20,51.19087573681463
2025-08-26,16:40-17:20,123.39096552099369
2025-08-26,19:00-19:10,20.25296002285745
2025-08-26,19:40-20:10,24.910955409780854
2025-08-27,1:10-1:20,8.577025810900636
2025-08-27,1:30-1:40,13.62981759850652
2025-08-27,2:10-2:30,49.8892937266794
2025-08-27,3:20-3:40,23.746057537063734
2025-08-27,4:10-4:30,8.38776808978173
2025-08-27,5:10-5:30,37.810688167310786
2025-08-27,8:20-9:00,248.34398435698319
2025-08-27,9:20-9:30,25.182707545714266
2025-08-27,14:20-14:40,50.70952366102122
2025-08-27,15:30-15:50,94.49018101466743
2025-08-27,16:10-16:30,73.89148745351622
2025-08-27,17:10-17:40,129.82439390317862
2025-08-27,18:20-19:00,81.11513328360634
2025-08-27,21:00-21:20,13.702407357490642
2025-08-27,21:30-21:50,59.19356144183757
2025-08-27,23:40-23:50,12.390056388011203
2025-08-28,2:00-2:20,43.98210740582715
2025-08-28,4:20-4:40,18.476452055695013
2025-08-28,5:50-6:10,45.89453288863239
2025-08-28,7:00-7:10,3.523895820376993
2025-08-28,9:30-10:50,297.7716807303756
2025-08-28,14:50-15:00,25.741910116750887
2025-08-28,17:10-17:30,110.68329367332336
2025-08-28,18:20-18:30,35.32643820782266
2025-08-28,18:50-19:00,37.16620389543516
2025-08-28,19:50-20:10,23.165440420524988
2025-08-28,21:20-21:50,112.77599328714552
2025-08-28,22:50-23:00,73.68615214514932
2025-08-29,0:50-1:00,24.47690898832809
2025-08-29,20:00-20:10,14.564695592209771
2025-08-30,1:30-1:40,1.380829162502664
2025-08-30,4:20-4:40,6.895867908451219
2025-08-30,23:50-0:00+1,21.62058299756211
2025-08-31,0:20-0:30,8.630859629760835
2025-08-31,1:30-2:00,30.38990624171322
2025-08-31,4:10-4:30,67.60435286351219
2025-08-31,5:00-5:10,2.149157878243867
2025-08-31,5:40-6:00,86.93574051046396
2025-08-31,6:20-6:30,22.20600001205696
2025-08-31,7:00-7:50,263.3662920832087
2025-08-31,14:40-14:50,26.52535158837972
2025-08-31,15:10-16:00,177.21077129007642
2025-08-31,16:40-16:50,25.282663647457863
2025-08-31,18:00-18:10,15.404617709597382
2025-08-31,19:00-19:40,91.38331360019492
2025-08-31,19:50-20:20,64.26912544156681
2025-08-31,20:30-20:50,68.35331527270671
2025-08-31,21:30-21:40,5.854794885278466
2025-08-31,22:40-22:50,12.065176473750851
2025-08-31,23:20-23:30,11.211254442611676
2025-09-01,无,0.0
2025-09-02,5:40-5:50,24.05590999824346
2025-09-02,6:50-7:00,32.758235708586426
2025-09-02,8:00-8:10,8.099914697728025
2025-09-02,8:30-8:50,32.680990028925066
2025-09-03,4:50-5:00,23.27519624148624
2025-09-03,5:40-5:50,11.005737435044104
2025-09-03,6:20-6:30,26.375862724626582
2025-09-03,16:40-16:50,6.04212290800308
2025-09-04,5:20-5:30,4.614189309422159
2025-09-04,5:40-5:50,4.825238000465632
2025-09-04,6:10-6:20,2.8880516651623798
2025-09-04,7:40-8:00,51.61369480763082
2025-09-04,15:10-15:30,49.536833884478824
2025-09-04,15:50-16:20,123.40593762919679
2025-09-04,16:30-16:40,7.260826667363574
2025-09-04,19:40-19:50,3.534576885606043
2025-09-05,无,0.0
2025-09-06,无,0.0
2025-09-07,0:50-1:00,22.697310735959604
2025-09-07,1:50-2:00,22.99930121157081
2025-09-07,3:20-3:30,6.184644213714137
2025-09-07,3:50-4:00,9.85209554362018
2025-09-07,4:20-5:00,72.05748420136052
2025-09-07,5:10-5:30,135.7763119470675
2025-09-07,5:40-5:50,11.155223552754103
2025-09-07,6:20-7:00,143.34637437943303
2025-09-07,7:50-8:40,447.26427619337545
2025-09-07,15:50-16:00,0.7179792627067627
2025-09-07,16:50-17:00,3.142976156910663
2025-09-07,17:10-17:20,3.1891553523464324
2025-09-07,17:30-18:00,105.58622433014379
2025-09-07,18:40-18:50,30.617985253602
2025-09-07,21:00-21:10,21.621285302346
2025-09-08,0:10-0:40,28.02342780582558
2025-09-08,1:00-5:20,1265.5700195346658
2025-09-08,5:40-6:20,160.3032116878411
2025-09-08,8:40-9:20,125.69241455149749
2025-09-08,14:10-19:00,2621.6377094387803
2025-09-08,19:20-19:40,83.10741526461265
2025-09-08,20:10-21:50,988.9702482876158
2025-09-08,22:10-22:20,32.08073674115383
2025-09-08,22:50-23:00,74.1009212230282
2025-09-08,23:10-23:20,23.187280014702992
2025-09-08,23:30-0:00+1,195.20172875901187
2025-09-09,1:50-2:00,25.470464896060548
2025-09-09,2:20-2:50,27.334775423080487
2025-09-09,3:00-3:20,26.695037567691084
2025-09-09,4:00-4:20,5.453109115242114
2025-09-09,4:40-4:50,6.619897231721008
2025-09-09,5:20-5:30,39.15491818566954
2025-09-09,15:20-15:40,14.082366512731596
2025-09-09,16:00-16:50,127.13593352258067
2025-09-09,17:40-18:00,66.39675148438468
2025-09-09,18:10-18:30,44.95394923533274
2025-09-09,19:30-19:40,0.4446214995067521
2025-09-09,20:10-20:30,96.34938172378008
2025-09-09,21:00-21:30,74.0136142654535
2025-09-09,22:40-22:50,0.0844661281233811
2025-09-09,23:40-0:00+1,85.41068231879501
2025-09-10,0:50-1:10,49.10856240538931
2025-09-10,1:20-1:50,171.71672225309794
2025-09-10,2:20-2:30,1.61441691418122
2025-09-10,2:50-3:00,11.440145769591028
2025-09-10,3:30-3:50,61.272226313753094
2025-09-10,4:10-4:20,0.4645897500572226
2025-09-10,4:30-4:50,17.312475421272357
2025-09-10,5:40-6:00,44.52517356843586
2025-09-10,6:10-6:30,75.53956334243139
2025-09-10,6:50-9:40,1063.563343310223
2025-09-10,13:50-15:10,268.762215866887
2025-09-10,16:20-16:30,10.76937719854982
2025-09-10,17:10-17:30,32.631889843653795
2025-09-10,17:50-18:00,63.801441846870425
2025-09-10,19:20-19:50,95.02136092938906
2025-09-10,20:00-20:40,766.9899882133708
2025-09-10,20:50-21:00,38.78153440946551
2025-09-10,21:20-21:50,121.67856006745956
2025-09-10,23:00-23:10,10.342614310332465
2025-09-10,23:40-23:50,0.1302786243978744
2025-09-11,1:20-1:30,4.513437795350683
2025-09-11,1:50-2:00,23.145707141582875
2025-09-11,2:20-2:50,29.16571528452448
2025-09-11,3:10-3:30,16.477956947122493
2025-09-11,4:10-4:20,25.87210456451783
2025-09-11,4:40-5:20,85.07080853508985
2025-09-11,5:40-5:50,12.162476377024692
2025-09-11,8:20-8:30,47.89578529429838
2025-09-11,15:40-15:50,5.83998615355415
2025-09-11,16:50-17:00,8.156814314938288
2025-09-11,17:20-17:30,26.37612859371154
2025-09-11,18:00-18:30,113.63039006062544
2025-09-11,19:10-19:20,10.42497012496483
2025-09-11,20:20-20:40,67.67712052081686
2025-09-11,20:50-21:30,190.4926994762883
2025-09-11,21:40-21:50,2.92127501098787
2025-09-11,22:20-22:30,30.69997230011154
2025-09-12,0:20-0:30,12.387749370892038
2025-09-12,7:30-7:40,31.091186452686088
2025-09-13,0:00-0:20,13.296974367756834
2025-09-13,4:10-4:20,13.060396703354858
2025-09-13,16:00-16:20,22.914250347589245
2025-09-13,16:40-16:50,10.951523843412248
2025-09-13,20:50-21:00,1.326743070551743
2025-09-14,0:20-0:30,1.0519816955297756
2025-09-14,0:40-0:50,18.22631431691559
2025-09-14,1:30-1:50,27.295728059934504
2025-09-14,2:10-2:30,14.013983130297675
2025-09-14,2:50-3:20,61.10273296172568
2025-09-14,3:30-3:50,46.47134882176579
2025-09-14,4:00-4:20,71.0503809003221
2025-09-14,4:30-4:50,85.30863529090604
2025-09-14,5:20-5:30,30.975824629256067
2025-09-14,5:40-5:50,1.5824646527105417
2025-09-14,6:00-6:30,126.0854965461026
2025-09-14,6:50-7:00,6.461552272491588
2025-09-14,7:30-8:20,251.4137142009057
2025-09-14,8:30-9:20,323.550698110103
2025-09-14,14:40-18:40,1737.8940646941437
2025-09-14,19:00-19:10,10.488532660380317
2025-09-14,19:50-21:00,1780.5576404639987
2025-09-14,21:30-21:50,95.19137191254833
2025-09-14,22:10-22:20,67.19017804167868
2025-09-14,23:00-23:10,82.42585931203234
2025-09-14,23:50-0:00+1,13.885086435889548
2025-09-15,0:00-0:10,12.35732069068058
2025-09-15,0:40-0:50,57.72999869659316
2025-09-15,1:20-1:30,7.611649634097716
2025-09-15,1:40-1:50,26.28235372819813
2025-09-15,2:00-2:10,3.31592180378118
2025-09-15,3:20-3:30,8.829222958806554
2025-09-15,5:40-5:50,10.153205775604365
2025-09-15,6:10-8:00,481.31066648952014
2025-09-15,8:40-8:50,10.853080953350345
2025-09-15,17:20-17:30,15.515875504807184
2025-09-15,17:50-18:10,39.269462876307394
2025-09-15,18:40-19:10,64.93837340398716
2025-09-15,19:30-20:00,113.94579667739174
2025-09-15,20:30-20:50,29.310497407164576
2025-09-15,22:20-22:30,3.0134797989026083
2025-09-15,23:20-23:30,4.417004560890064
2025-09-16,0:20-0:40,57.053245270759824
2025-09-16,2:30-2:50,48.45349377162893
2025-09-16,4:10-4:20,3.794598126018059
2025-09-16,18:30-18:50,27.550364788650672
2025-09-16,19:00-19:40,51.797786481475896
2025-09-16,19:50-20:00,29.72776438766732
2025-09-16,20:30-20:50,116.6400802162633
2025-09-16,21:40-22:00,26.322705726616732
2025-09-16,23:20-23:30,56.27154682893956
2025-09-17,0:20-0:30,17.097513244709717
2025-09-17,2:30-2:50,16.71519693350353
2025-09-17,3:20-3:30,13.85390199452877
2025-09-17,4:50-5:00,11.800821278418312
2025-09-17,5:20-5:30,36.87619935179737
2025-09-17,5:40-6:00,14.391982312001346
2025-09-17,9:10-9:40,36.263396137138216
2025-09-17,9:50-10:00,6.294166666666797
2025-09-17,15:40-16:00,34.04182984039369
2025-09-17,16:30-16:50,9.559768028107499
2025-09-17,17:20-17:40,25.88805611317315
2025-09-17,18:10-18:30,86.13169416815677
2025-09-17,19:10-19:20,0.6297870942779582
2025-09-17,19:50-20:10,38.99220803509775
2025-09-17,21:10-21:30,57.811674436838075
2025-09-17,23:40-23:50,8.778766481551088
2025-09-18,0:40-0:50,12.197698973819795
2025-09-18,1:30-1:40,14.99971425944625
2025-09-18,2:10-2:20,3.643102235208176
2025-09-18,3:40-4:00,10.790998660137802
2025-09-18,5:10-5:30,37.445794672573584
2025-09-18,6:00-6:10,24.465602005786764
2025-09-18,8:50-9:00,7.212568833364344
2025-09-18,9:10-9:30,78.36297112768179
2025-09-18,14:50-15:00,6.2883020034806805
2025-09-18,18:50-19:10,32.74943787332654
2025-09-18,19:30-19:50,56.85298688134969
2025-09-18,20:10-20:20,6.471225749660107
2025-09-18,21:30-21:50,116.15837800851807
2025-09-18,22:10-22:20,16.87320918182718
2025-09-19,1:40-1:50,0.0353809895600534
2025-09-19,22:30-22:40,9.198965532980536
2025-09-20,3:10-3:20,8.443889664600874
2025-09-20,18:50-19:00,16.02518625844891
2025-09-20,23:40-0:00+1,56.685393772560246
2025-09-21,0:20-0:30,13.2866567874687
2025-09-21,1:20-1:50,68.37576351376049
2025-09-21,2:10-2:40,86.3668032035655
2025-09-21,2:50-3:30,133.78138788242507
2025-09-21,3:40-4:00,21.416973103001965
2025-09-21,4:20-5:20,114.16463321218215
2025-09-21,5:40-6:30,192.44853604750995
2025-09-21,7:00-7:20,28.7647650905393
2025-09-21,16:00-17:30,473.48718182248695
2025-09-21,17:40-18:20,165.03462411577874
2025-09-21,18:30-19:50,402.40101080951035
2025-09-21,20:00-20:50,164.18709538769667
2025-09-21,21:00-22:00,273.3449430599061
2025-09-21,22:40-23:00,65.27165255223667
2025-09-22,0:00-0:10,39.99070046653628
2025-09-22,0:20-0:30,3.452416234187467
2025-09-22,1:40-1:50,9.013991946000942
2025-09-22,2:40-3:50,124.24203448005915
2025-09-22,4:00-4:20,35.44113950692841
2025-09-22,4:50-5:20,88.87133528258911
2025-09-22,6:00-6:10,19.50482294741994
2025-09-22,15:10-15:50,188.13787494213818
2025-09-22,16:00-16:40,277.78585373493377
2025-09-22,16:50-17:20,99.3637843263601
2025-09-22,17:30-17:50,28.2406264877957
2025-09-22,19:40-20:10,52.58771059109199
2025-09-22,21:00-21:20,79.51924698435926
2025-09-22,21:30-21:50,70.94993183126905
2025-09-22,22:50-23:10,83.74711991950562
2025-09-22,23:20-23:30,48.595264198632094
2025-09-23,0:30-0:50,27.971986503238895
2025-09-23,1:00-1:10,17.921128976828072
2025-09-23,2:00-2:30,62.61817156982079
2025-09-23,4:20-4:30,6.286903158470409
2025-09-23,4:50-5:10,24.87178877816598
2025-09-23,6:00-6:10,3.169237034486173
2025-09-23,7:00-7:20,28.788781290650434
2025-09-23,14:20-14:50,150.4406036818337
2025-09-23,15:00-15:20,108.18977601311622
2025-09-23,16:00-16:20,83.5953676244219
2025-09-23,18:10-18:50,40.74091266675532
2025-09-23,19:20-19:30,21.02899221306484
2025-09-23,20:50-21:10,61.19230906245491
2025-09-23,21:20-22:00,73.28011499372201
2025-09-24,1:20-1:40,40.587108766539245
2025-09-24,2:10-2:30,49.055606496292626
2025-09-24,3:00-3:20,16.232683123057882
2025-09-24,3:30-3:50,38.11793948954448
2025-09-24,4:10-5:00,83.47298106608832
2025-09-24,6:10-6:20,17.346786479261596
2025-09-24,6:40-7:40,136.01671230095315
2025-09-24,9:00-9:10,25.169074037959263
2025-09-24,17:40-17:50,4.256049562555273
2025-09-24,18:10-18:30,52.20181037573449
2025-09-24,19:00-19:10,9.537915994490843
2025-09-24,19:40-19:50,26.74490721830523
2025-09-24,23:40-23:50,19.811005718562345
2025-09-25,0:20-0:30,70.36900150509268
2025-09-25,1:10-1:20,12.276807046827004
2025-09-25,2:00-2:20,12.98397335817481
2025-09-25,2:50-3:20,58.273381205871374
2025-09-25,4:30-4:50,36.281539182099664
2025-09-25,5:00-5:10,11.220343281784269
2025-09-25,6:20-6:50,43.842051108823284
2025-09-25,7:10-7:30,18.72221937045407
2025-09-25,15:40-15:50,40.05555727902709
2025-09-25,16:00-16:10,11.885905933507049
2025-09-25,16:30-16:40,18.294098576797467
2025-09-25,17:40-18:00,98.17025020253541
2025-09-25,18:30-19:00,180.34113936030428
2025-09-25,20:40-21:10,78.86509622387769
2025-09-25,22:40-23:20,71.452857268309
2025-09-26,无,0.0
2025-09-27,0:30-0:40,7.16735538509613
2025-09-27,1:00-1:20,46.96020704357767
2025-09-27,3:00-3:10,4.4419267357078525
2025-09-27,4:20-4:30,18.68416557764408
2025-09-27,5:30-5:40,21.048244895285507
2025-09-27,15:50-16:30,125.4285702755538
2025-09-27,19:20-19:30,11.920770270580078
2025-09-27,21:00-21:20,75.7954140583376
2025-09-27,21:30-21:40,10.262100477121066
2025-09-28,0:20-0:30,24.082989292917773
2025-09-28,1:00-1:20,23.17815987476979
2025-09-28,1:40-2:50,161.72549633647748
2025-09-28,3:20-3:50,54.46577478014592
2025-09-28,4:00-5:10,156.33812113961855
2025-09-28,6:20-6:30,25.185787108278987
2025-09-28,6:50-7:20,121.50705335207567
2025-09-28,7:40-9:50,1011.199092021814
2025-09-28,14:30-14:40,10.918594242085838
2025-09-28,15:10-15:40,226.86818970181812
2025-09-28,16:40-16:50,5.085010765926825
2025-09-28,17:00-17:50,319.8071202088994
2025-09-28,19:10-19:30,17.26997281846411
2025-09-28,19:40-20:10,14.306327813861344
2025-09-28,20:30-21:10,88.70973886982836
2025-09-28,22:10-22:20,30.80816696601471
2025-09-28,23:00-23:20,94.55677510757221
2025-09-29,0:20-0:30,20.67675704712701
2025-09-29,2:20-2:30,17.82046235366829
2025-09-29,3:00-3:20,48.49860920043602
2025-09-29,3:50-4:10,19.83594718916254
2025-09-29,4:30-4:50,12.337260158697285
2025-09-29,5:40-6:20,104.26345367793692
2025-09-29,8:00-8:10,2.1989108453016684
2025-09-29,9:30-9:50,72.18843623907985
2025-09-29,18:00-18:10,0.1686159131306794
2025-09-29,18:30-19:00,119.00827662697807
2025-09-29,19:10-19:30,49.77622588011832
2025-09-29,20:10-20:50,50.81950543402786
2025-09-29,21:30-21:40,10.05127042817901
2025-09-29,22:10-22:20,18.10917577943724
2025-09-29,22:40-22:50,8.653069505143321
2025-09-29,23:50-0:00+1,60.157549427204
2025-09-30,0:10-0:20,3.546781823124661
2025-09-30,1:00-1:20,3.00656242880234
2025-09-30,2:50-3:00,22.45660560308704
2025-09-30,3:20-3:30,3.406967526196468
2025-09-30,4:00-4:10,0.9054577757317476
2025-09-30,4:30-4:50,74.74142078800756
2025-09-30,7:00-7:20,37.58226258008398
2025-09-30,9:00-9:20,81.16555589173282
2025-09-30,13:50-14:30,99.99582470024295
2025-09-30,15:00-15:20,36.38934214057372
2025-09-30,15:30-15:50,96.53435368795397
2025-09-30,17:50-18:00,21.816492912881472
2025-09-30,18:50-19:00,12.037356366899076
2025-09-30,20:00-20:10,26.369469168413048
2025-09-30,20:30-20:50,68.79160052554448
2025-09-30,23:10-23:20,23.37294443011706
2025-10-01,1:50-2:00,8.321608595614748
2025-10-01,2:50-3:00,1.4014105339039131
2025-10-01,3:50-4:10,13.59434051587391
2025-10-01,4:20-4:30,32.17787035000708
2025-10-01,5:00-5:10,9.56091846592272
2025-10-01,5:40-5:50,15.712485874111051
2025-10-02,1:20-1:40,23.928063665132413
2025-10-02,1:50-2:00,11.347897100586692
2025-10-02,2:10-2:40,48.90472817687407
2025-10-02,5:20-5:30,23.92981165056881
2025-10-02,5:40-5:50,13.614324961796472
2025-10-03,1:20-1:30,2.2341562320143
2025-10-04,4:50-5:00,18.091301046328
2025-10-05,0:10-0:40,15.347296458069195
2025-10-05,0:50-1:30,105.26430019480279
2025-10-05,1:50-2:00,2.9570343767409213
2025-10-05,2:30-3:00,106.27153281769665
2025-10-05,3:20-3:50,40.032467020878585
2025-10-05,4:00-4:20,46.8813712315839
2025-10-05,4:30-5:10,75.15798126358699
2025-10-05,5:40-6:50,159.94463617359202
2025-10-05,7:50-8:10,79.13146241975619
2025-10-05,16:40-16:50,0.4660106803756321
2025-10-05,17:00-17:40,33.09326545522646
2025-10-05,17:50-18:10,10.41091677281274
2025-10-05,20:10-20:20,4.542962729073338
2025-10-05,21:20-21:30,26.351883230288536
2025-10-05,22:40-22:50,22.84109899784744
2025-10-06,1:40-2:50,98.06068129082632
2025-10-06,3:20-3:50,58.89837772126316
2025-10-06,5:00-5:30,53.56779554123093
2025-10-06,6:20-6:40,19.648472748697145
2025-10-06,7:00-7:10,12.744847764270787
2025-10-06,14:50-15:00,5.969345280851826
2025-10-06,15:30-15:40,12.187847157950728
2025-10-06,16:10-17:00,72.12916729838099
2025-10-07,0:30-0:40,0.5062787226760292
2025-10-07,1:50-2:00,6.3249105651362925
2025-10-07,2:40-2:50,9.960395939484556
2025-10-07,5:40-5:50,0.1007619966827737
2025-10-07,15:30-16:00,35.00162825714017
2025-10-07,16:30-16:40,2.146737531270446
2025-10-08,0:20-0:30,11.032078413383374
2025-10-08,0:50-1:10,54.821795853341655
2025-10-08,2:40-3:40,86.63112958809393
2025-10-08,4:00-4:10,9.8031554687459
2025-10-08,4:40-4:50,34.374339695021554
2025-10-08,6:00-6:20,10.775762225191556
2025-10-08,6:30-8:20,465.15826567260814
2025-10-08,8:50-9:00,4.060341535414636
2025-10-08,15:30-15:50,12.150820353345466
2025-10-08,17:10-17:20,14.56961482809986
2025-10-08,17:30-18:40,266.4076953470511
2025-10-08,18:50-19:20,92.78804832856622
2025-10-08,19:30-19:50,68.94216938334648
2025-10-08,20:20-21:30,309.8002816453686
2025-10-08,22:20-22:30,38.00407494658759
2025-10-09,1:00-1:20,14.830575325917039
2025-10-09,3:30-3:50,11.612378776101536
2025-10-09,4:10-4:30,26.12647252338295
2025-10-09,4:40-5:00,47.790452538019544
2025-10-09,6:10-6:20,5.217859213079123
2025-10-09,7:30-7:40,49.97328270965323
2025-10-09,15:10-15:20,27.84355817390133
2025-10-09,15:30-16:50,360.3965305919258
2025-10-09,17:30-19:30,276.1200623999684
2025-10-09,19:50-20:00,2.50346654056807
2025-10-09,20:20-21:50,284.2229978521368
2025-10-09,22:50-23:10,37.94486375855229
2025-10-09,23:30-23:40,4.5234371605362185
2025-10-10,7:00-7:20,11.877502571984792
2025-10-10,23:50-0:00+1,15.211999216269248
2025-10-11,23:40-0:00+1,70.76880794797074
2025-10-12,1:40-2:00,75.90717157493054
2025-10-12,2:20-2:40,6.3897182556456755
2025-10-12,3:00-3:10,4.016953828509827
2025-10-12,3:40-3:50,16.04918715456256
2025-10-12,5:00-5:20,36.82562004651574
2025-10-12,5:40-5:50,14.672721475588828
2025-10-12,6:00-6:20,77.2948416204805
2025-10-12,7:00-7:10,2.774711953208083
2025-10-12,8:00-8:20,14.04072136815904
2025-10-12,14:30-14:50,28.039920380373932
2025-10-12,15:50-16:20,77.90263716599623
2025-10-12,16:30-17:40,240.56490035725028
2025-10-12,17:50-18:20,143.17096337174775
2025-10-12,18:30-20:20,369.04074516841297
2025-10-12,20:40-21:10,51.410130034532585
2025-10-12,21:30-21:50,39.95419440097612
2025-10-12,22:10-22:20,21.67436117750185
2025-10-12,22:50-23:00,27.276148824690267
2025-10-12,23:10-23:20,23.15745948628546
2025-10-13,0:40-0:50,18.485432004159406
2025-10-13,1:50-2:10,25.063251335198515
2025-10-13,3:00-3:10,3.459958359127995
2025-10-13,4:20-5:10,87.34743197107565
2025-10-13,14:40-14:50,12.909545069173577
2025-10-13,15:50-16:00,32.090005658604014
2025-10-13,16:40-16:50,5.61145716029904
2025-10-13,17:00-17:20,13.150247338379486
2025-10-13,17:40-17:50,15.043292104642774
2025-10-13,18:00-18:10,1.9870906587859127
2025-10-13,18:30-18:50,17.565662862595598
2025-10-13,19:20-19:50,47.219311065792
2025-10-13,20:20-20:30,8.110042508769197
2025-10-13,20:40-21:10,70.72155878873195
2025-10-13,21:30-21:50,64.04296492522667
2025-10-14,1:00-1:10,5.811244279249308
2025-10-14,1:30-1:40,6.374890643858976
2025-10-14,2:00-2:20,52.36502073079305
2025-10-14,3:10-3:50,46.81338896077136
2025-10-14,4:30-4:50,39.42533048070172
2025-10-14,6:20-6:30,3.096365347315896
2025-10-14,6:50-7:50,241.99462057650445
2025-10-14,8:00-8:10,1.8336594565121231
2025-10-14,8:30-8:50,27.965843155000016
2025-10-14,15:00-16:00,135.95568832797022
2025-10-14,16:10-16:20,39.57613050412817
2025-10-14,16:40-17:00,22.622517981638964
2025-10-14,17:50-18:20,16.730879100288515
2025-10-14,19:00-19:20,52.83679420012277
2025-10-14,19:40-20:00,25.270902468078248
2025-10-14,21:00-21:20,5.822300055911796
2025-10-14,21:30-21:50,45.934941991128426
2025-10-14,22:10-22:20,16.154252003177362
2025-10-15,0:30-0:50,25.23575944549998
2025-10-15,1:10-1:20,12.703988772237835
2025-10-15,1:50-2:00,10.022664723730031
2025-10-15,2:50-3:00,0.3266613480172964
2025-10-15,4:00-4:20,23.226042990027622
2025-10-15,4:40-4:50,3.819812134853436
2025-10-15,14:00-15:00,285.58753693700135
2025-10-15,16:20-16:30,2.789629496058751
2025-10-15,17:30-17:40,3.5846160049865023
2025-10-15,18:40-19:00,17.331526626152822
2025-10-15,21:00-21:10,9.632225763479482
2025-10-16,0:20-0:30,13.719538507091215
2025-10-16,0:40-1:20,45.62920114028691
2025-10-16,1:40-1:50,1.2046144183451588
2025-10-16,2:20-2:30,7.061686896913898
2025-10-16,2:40-2:50,2.9692819796343883
2025-10-16,4:20-4:30,3.726476663559765
2025-10-16,5:00-5:20,86.47373907253774
2025-10-16,6:50-7:00,12.099466967737785
2025-10-16,7:20-7:30,12.829911773475658
2025-10-16,8:00-8:30,24.700121336917164
2025-10-16,8:40-9:00,26.44721736300926
2025-10-16,14:00-15:00,570.7128203292017
2025-10-16,15:10-17:00,703.8910856086133
2025-10-16,18:00-18:20,8.97794492738645
2025-10-16,18:30-18:50,9.577151793414759
2025-10-16,19:30-19:50,11.432118581924783
2025-10-16,20:00-20:10,2.574053484220713
2025-10-16,21:40-22:00,44.851408505090944
2025-10-16,22:40-22:50,4.466521007588199
2025-10-17,无,0.0
2025-10-18,0:20-0:30,2.1889726483427694
2025-10-18,2:50-3:00,8.514640467603272
2025-10-18,4:50-5:00,5.061903267590083
2025-10-19,0:00-1:30,267.63775963867477
2025-10-19,2:20-2:50,39.11935794861438
2025-10-19,3:00-5:00,310.1789871998038
2025-10-19,5:10-5:30,16.93324874303039
2025-10-19,5:40-6:50,197.62603185457783
2025-10-19,7:00-9:40,536.1584951015113
2025-10-19,14:00-15:30,1282.7681597467667
2025-10-19,15:40-19:20,1281.658322628734
2025-10-19,19:40-21:50,789.5803344396892
2025-10-19,22:10-22:20,0.0756700727499719
2025-10-20,0:00-0:10,9.350031092109475
2025-10-20,1:00-1:20,24.020165498937445
2025-10-20,2:10-2:50,84.9390830697971
2025-10-20,3:10-4:10,8.674277631061727
2025-10-20,5:20-5:30,7.500196233242605
2025-10-20,5:40-5:50,0.5476998802714661
2025-10-20,6:00-6:20,39.261879427844974
2025-10-20,7:10-7:30,51.38138271274619
2025-10-20,7:50-8:00,37.56112338778985
2025-10-20,8:20-9:00,162.27393005437585
2025-10-20,9:10-10:10,423.9077193561395
2025-10-20,17:20-18:00,46.46839195799167
2025-10-20,18:20-18:50,43.2517489754058
2025-10-20,19:00-19:20,25.74609816987845
2025-10-20,19:30-19:40,2.721072391830376
2025-10-20,20:10-20:20,2.610229830271919
2025-10-20,20:30-20:50,38.289085219723006
2025-10-20,21:10-21:30,33.39219011133355
2025-10-20,23:40-0:00+1,30.678011215589777
2025-10-21,0:20-0:30,4.044646338849589
2025-10-21,1:40-2:00,32.443141932408366
2025-10-21,2:20-2:30,3.4758675491834765
2025-10-21,2:40-3:10,39.944590448009876
2025-10-21,4:10-4:20,0.926719034739108
2025-10-21,4:30-4:50,27.49337931181479
2025-10-21,5:10-5:30,60.09705350130128
2025-10-21,5:40-6:00,33.87637264020657
2025-10-21,6:20-6:30,7.592216062368038
2025-10-21,6:50-7:30,44.67226816609342
2025-10-21,14:10-14:30,96.49304657174837
2025-10-21,15:30-15:40,4.156827302195666
2025-10-21,17:20-17:40,15.533652441501953
2025-10-21,20:40-20:50,3.443408486868975
2025-10-21,22:40-22:50,44.97737946683128
2025-10-22,1:20-1:50,68.36451827301732
2025-10-22,2:10-2:20,12.855419745628296
2025-10-22,3:30-3:50,19.28431229242608
2025-10-22,5:00-5:10,3.666422549331731
2025-10-22,6:00-6:10,1.624323034239751
2025-10-22,7:10-7:30,41.26038809853421
2025-10-22,8:00-8:20,29.63276279362674
2025-10-22,8:40-10:20,429.56715833011333
2025-10-22,15:40-16:10,32.489848057875065
2025-10-22,16:40-16:50,3.442546997164385
2025-10-22,17:50-18:50,141.68040108485008
2025-10-22,19:10-19:40,29.246298748911272
2025-10-22,20:30-21:00,46.7971367892884
2025-10-22,21:30-21:40,2.9283601106915285
2025-10-23,0:20-0:30,0.2755658603020947
2025-10-23,2:00-2:20,33.121759949345915
2025-10-23,3:20-3:40,13.544429136438339
2025-10-23,4:10-4:20,4.736931825947295
2025-10-23,6:30-6:50,7.496480577851823
2025-10-23,15:30-15:50,8.604248472901304
2025-10-23,17:00-17:20,52.64619620047801
2025-10-23,17:40-17:50,13.639450764878507
2025-10-23,19:00-19:10,2.6510149707683013
2025-10-23,20:10-20:30,28.23236896980575
2025-10-23,22:10-22:20,79.33452111346827
2025-10-23,23:00-23:20,30.72245019887282
2025-10-24,无,0.0
2025-10-25,1:20-1:40,41.82073615950111
2025-10-25,21:00-21:10,10.063292440622943
2025-10-26,0:00-0:20,47.58852446612286
2025-10-26,1:20-2:00,69.09750994887634
2025-10-26,2:10-2:30,27.271525467463334
2025-10-26,2:40-2:50,6.353700745832498
2025-10-26,3:10-3:30,33.39669548535471
2025-10-26,3:50-4:10,13.091456072574488
2025-10-26,4:30-4:40,5.570420126270304
2025-10-26,5:20-5:30,43.044403618808815
2025-10-26,6:00-6:30,78.16965167686101
2025-10-26,6:50-7:30,37.197405535239284
2025-10-26,7:40-7:50,1.613501562732715
2025-10-26,8:30-8:40,14.761041023093751
2025-10-26,13:50-14:00,15.64183457255141
2025-10-26,16:20-16:30,1.5321512727092
2025-10-26,16:50-18:00,291.2546044278701
2025-10-26,18:20-18:30,7.61568423707979
2025-10-26,18:50-19:00,2.5562296617450784
2025-10-26,19:20-19:40,45.2634901334917
2025-10-26,20:00-20:20,48.71194939269219
2025-10-26,20:30-21:10,22.100465895475395
2025-10-26,21:30-21:50,8.257318118069065
2025-10-26,23:40-23:50,23.934432044185883
2025-10-27,0:10-0:30,74.65443647463746
2025-10-27,1:30-2:00,14.551753106660726
2025-10-27,3:00-3:20,44.14386380147937
2025-10-27,3:40-3:50,9.571773827844254
2025-10-27,4:00-4:20,22.769464517617394
2025-10-27,5:50-6:20,42.5514570915941
2025-10-27,7:00-7:10,2.0539982567496224
2025-10-27,7:40-7:50,22.8639115944024
2025-10-27,14:10-14:30,57.65827721359041
2025-10-27,14:50-15:00,113.54707220817512
2025-10-27,15:10-16:40,452.8012308694073
2025-10-27,16:50-17:10,31.957102559726273
2025-10-27,18:10-18:20,0.3457739059710938
2025-10-27,18:40-18:50,3.609493558887152
2025-10-27,19:30-20:00,23.428694053471418
2025-10-27,22:10-22:20,30.925037047594174
2025-10-28,0:10-0:30,57.685646795543335
2025-10-28,0:50-1:30,69.5256644252205
2025-10-28,2:40-3:20,6.116691903660353
2025-10-28,3:40-4:00,2.6206576451641013
2025-10-28,4:20-4:30,4.692016128278624
2025-10-28,7:00-7:10,5.079875028256311
2025-10-28,7:40-8:20,92.83243895713338
2025-10-28,9:00-9:10,16.56992460412897
2025-10-28,14:50-15:00,16.03530148831601
2025-10-28,15:20-15:40,68.25875221298827
2025-10-28,16:10-16:40,31.027408882457138
2025-10-28,18:10-18:20,3.8124982470834
2025-10-28,18:30-18:50,52.15327642195143
2025-10-28,19:10-19:20,2.526983384615278
2025-10-28,20:30-20:40,11.768940909702906
2025-10-28,21:30-21:40,3.39927239282531
2025-10-28,22:10-22:20,23.309466664934234
2025-10-28,22:50-23:00,1.865584459328261
2025-10-28,23:50-0:00+1,0.6933428331125242
2025-10-29,0:20-0:30,1.5464263013261643
2025-10-29,2:30-2:50,30.354601917746326
2025-10-29,4:00-4:40,97.42038514332037
2025-10-29,5:10-5:30,17.21902286089653
2025-10-29,7:40-7:50,3.166733970333553
2025-10-29,9:30-9:50,94.47608961699456
2025-10-29,10:00-10:30,88.01076470708931
2025-10-29,17:20-17:50,45.12912771452224
2025-10-29,18:40-19:00,28.37428008347661
2025-10-29,20:30-21:30,100.7084314510904
2025-10-29,22:10-22:20,16.935328589181722
2025-10-30,0:40-1:10,70.56794389687695
2025-10-30,2:50-3:20,74.79879550641226
2025-10-30,3:50-4:10,41.567418232219445
2025-10-30,4:40-4:50,13.824100169388773
2025-10-30,6:00-6:10,12.284422891922418
2025-10-30,6:30-6:50,26.07505120160429
2025-10-30,7:30-7:50,30.179810984712674
2025-10-30,8:10-8:20,12.516000827910943
2025-10-30,14:10-14:20,1.0278060754322669
2025-10-30,15:40-15:50,19.400785150774368
2025-10-30,16:00-17:00,46.37897681969889
2025-10-30,17:20-18:00,43.25100428764429
2025-10-30,18:20-18:40,52.81451972356081
2025-10-30,20:00-20:10,3.7376130608544154
2025-10-30,20:40-21:00,46.79975237694737
2025-10-30,21:20-21:30,48.75602771995989
2025-10-30,23:10-23:40,52.665722991635675
2025-10-31,无,0.0
2025-11-01,2:40-2:50,6.199629589112874
2025-11-01,3:10-3:30,49.96495731914098
2025-11-01,5:10-5:20,1.046586242526189
2025-11-01,23:50-0:00+1,13.636133821048134
2025-11-02,0:30-0:40,11.967049980039633
2025-11-02,1:00-1:20,27.544856131295433
2025-11-02,1:40-1:50,5.266650480053727
2025-11-02,2:20-2:30,4.510522520321615
2025-11-02,2:40-3:10,59.571847787261845
2025-11-02,4:20-4:30,1.3528258811916205
2025-11-02,4:40-5:20,143.93465650277153
2025-11-02,5:40-5:50,18.419909658844063
2025-11-02,6:30-6:50,58.338218507899434
2025-11-02,7:00-7:30,80.16177088133571
2025-11-02,7:40-8:20,53.00516606670732
2025-11-02,8:40-9:50,231.03814485227701
2025-11-02,13:20-13:50,121.9629174919055
2025-11-02,14:00-14:20,48.204235972826496
2025-11-02,16:20-17:40,86.9513103252244
2025-11-02,18:30-20:00,218.47146271738075
2025-11-02,20:10-20:30,19.762943708125135
2025-11-02,20:40-21:00,12.60282820054681
2025-11-02,21:40-21:50,22.017089768395635
2025-11-02,22:10-22:20,6.589360807188086
2025-11-02,22:50-23:00,16.58367814551832
2025-11-03,0:40-1:00,21.72622314992236
2025-11-03,2:20-2:30,14.248099362525297
2025-11-03,2:50-3:00,16.84463929031415
2025-11-03,3:20-3:30,1.7720612722687292
2025-11-03,3:50-4:10,14.38026976274125
2025-11-03,5:00-5:20,80.4638277592578
2025-11-03,6:30-6:50,11.499541564952224
2025-11-03,17:40-18:00,19.842635591452325
2025-11-03,22:40-22:50,4.200725786573457
2025-11-03,23:30-23:40,32.40427214483225
2025-11-03,23:50-0:00+1,2.9141351014772
2025-11-04,0:40-0:50,3.64064508192746
2025-11-04,2:00-2:30,20.296660136141213
2025-11-04,3:30-4:10,22.90018201307828
2025-11-04,5:00-5:10,1.5427347808544027
2025-11-04,5:20-5:30,6.94668375498884
2025-11-04,5:40-6:20,53.58349572996519
2025-11-04,15:40-16:00,13.248751387382017
2025-11-04,17:10-18:40,112.18258720289607
2025-11-04,19:00-19:20,21.547601218864088
2025-11-04,19:30-19:40,4.900242306153359
2025-11-04,19:50-20:10,18.49196739147419
2025-11-04,21:00-21:20,32.90238080928975
2025-11-04,23:20-23:40,39.38311426363862
2025-11-05,0:20-0:30,14.209619917890564
2025-11-05,1:10-1:20,18.5652875382184
2025-11-05,2:00-2:20,27.15225754829669
2025-11-05,3:00-3:20,9.274804369061485
2025-11-05,4:40-5:10,51.489192644757054
2025-11-05,6:30-7:10,82.04049639272237
2025-11-05,7:40-7:50,5.582076138238222
2025-11-05,8:20-8:30,2.736978869523
2025-11-05,9:20-9:30,14.266792409648131
2025-11-05,14:20-14:50,26.0695789891477
2025-11-05,15:00-15:10,6.814865945174233
2025-11-05,15:30-15:50,62.04284821986522
2025-11-05,16:40-17:00,8.178060481383127
2025-11-05,18:00-18:10,0.715657587531116
2025-11-05,20:50-21:00,1.052220307102175
2025-11-05,21:40-21:50,15.76291388194943
2025-11-05,22:50-23:00,16.964111048349423
2025-11-05,23:20-23:30,17.455405903962514
2025-11-06,0:10-0:30,7.39825522938736
2025-11-06,1:30-1:50,52.83367256596341
2025-11-06,2:30-2:50,29.435386382915112
2025-11-06,3:40-3:50,14.275916559785742
2025-11-06,5:20-5:30,20.29843802238804
2025-11-06,7:20-7:30,3.8685935963917473
2025-11-06,7:40-10:40,886.2011373880864
2025-11-06,17:40-17:50,1.235912290644137
2025-11-06,18:00-18:20,13.685022327005385
2025-11-06,20:20-20:30,17.00701549161738
2025-11-06,21:00-21:20,9.081647321503738
2025-11-06,21:30-21:40,13.542026218022444
2025-11-06,22:10-22:20,14.55747708582578
2025-11-06,22:50-23:00,1.5932713078830147
2025-11-07,无,0.0
2025-11-08,0:00-0:10,29.08055880048772
2025-11-08,1:00-1:10,2.3209160076373223
2025-11-08,16:20-16:30,3.400051540268322
2025-11-08,21:10-21:20,1.6606198484777224
2025-11-08,22:10-22:20,0.1894555627313821
2025-11-08,23:50-0:00+1,5.212803250341835
2025-11-09,0:20-0:30,26.235396022915552
2025-11-09,1:10-1:40,37.23587383369045
2025-11-09,3:10-4:30,131.85655689557495
2025-11-09,5:10-5:20,15.883778582451995
2025-11-09,5:40-6:00,13.000059995756963
2025-11-09,6:50-7:30,61.320897135750585
2025-11-09,8:00-8:40,73.24630225014567
2025-11-09,13:50-14:50,553.0129083817785
2025-11-09,15:10-16:20,342.0450978381467
2025-11-09,16:40-18:20,255.73495842117794
2025-11-09,19:50-20:10,39.908849076323236
2025-11-09,20:50-21:20,85.09237206874502
2025-11-09,21:30-21:50,7.105384481265446
2025-11-09,22:10-22:20,18.81245038586917
2025-11-10,1:10-1:30,15.763875764276122
2025-11-10,3:50-4:30,23.018756302071097
2025-11-10,7:40-7:50,15.79683798843456
2025-11-10,8:20-8:50,32.17655169986489
2025-11-10,14:20-14:40,30.47944151976435
2025-11-10,15:40-16:30,94.20546538934951
2025-11-10,18:40-18:50,19.37963865086317
2025-11-10,20:50-21:00,8.878941353874097
2025-11-10,21:20-21:50,37.97257619352819
2025-11-11,0:50-1:20,71.66948523456745
2025-11-11,1:30-2:00,46.07651840376991
2025-11-11,4:30-4:50,3.697573816255693
2025-11-11,6:20-6:30,19.537730711206905
2025-11-11,6:50-7:30,71.0585654422556
2025-11-11,15:10-16:10,117.2915323904594
2025-11-11,16:20-16:30,18.60909457537727
2025-11-11,17:20-17:30,10.529699708196064
2025-11-11,17:50-18:00,2.9858739042866773
2025-11-11,18:20-18:30,3.3916096032272662
2025-11-11,21:20-21:50,54.12172407955211
2025-11-11,23:50-0:00+1,13.377956347989766
2025-11-12,4:20-4:40,7.013906910558148
2025-11-12,6:10-6:30,22.983680110741258
2025-11-12,13:30-13:50,30.236437451541974
2025-11-12,16:50-17:00,9.883002619105682
2025-11-12,19:50-20:10,20.038861630606448
2025-11-12,23:50-0:00+1,18.30466816355647
2025-11-13,1:50-2:20,20.245858518197792
2025-11-13,3:20-3:30,14.264955109797256
2025-11-13,4:00-4:10,16.963452788512882
2025-11-13,4:40-5:10,48.485932510858646
2025-11-13,6:00-6:20,5.835604135264967
2025-11-13,6:50-7:00,7.222592992228463
2025-11-13,13:20-14:20,149.97979941082127
2025-11-13,14:40-14:50,30.48113266859434
2025-11-13,15:10-15:20,56.52896957407006
2025-11-13,17:00-17:30,29.60261258356554
2025-11-13,18:50-19:10,30.808408713079757
2025-11-13,19:30-20:00,23.92015563675909
2025-11-13,20:20-20:30,1.9014108293615664
2025-11-14,无,0.0
2025-11-15,3:20-3:40,63.634418855918454
2025-11-15,4:00-4:20,37.386703254683084
2025-11-15,5:10-5:20,4.532263511654355
2025-11-15,23:10-23:20,7.918379394559736
2025-11-16,0:00-0:10,56.92726917393918
2025-11-16,0:40-1:00,69.66643466548805
2025-11-16,1:40-2:00,90.98205887607958
2025-11-16,2:30-2:40,27.380154640721685
2025-11-16,3:20-3:30,2.5425811677753245
2025-11-16,3:50-4:00,2.791222743836556
2025-11-16,4:30-4:40,1.9135245623739363
2025-11-16,4:50-5:00,5.636888827656321
2025-11-16,5:10-5:30,67.30187099068162
2025-11-16,5:50-6:50,138.91737949783274
2025-11-16,7:20-7:30,26.410374964564625
2025-11-16,7:40-7:50,0.8382778996726188
2025-11-16,8:10-8:40,119.74378255262116
2025-11-16,8:50-9:20,68.58320196953764
2025-11-16,9:40-10:50,465.40115113504726
2025-11-16,13:30-13:50,107.13114091950888
2025-11-16,15:30-18:00,543.7582514957926
2025-11-16,18:20-18:30,8.61851561732044
2025-11-16,19:30-20:00,82.58056360457897
2025-11-16,20:20-20:50,41.53630319133515
2025-11-16,21:10-21:30,68.48956459854753
2025-11-16,23:00-23:10,46.77865270283212
2025-11-17,0:50-1:10,110.30275519864392
2025-11-17,1:40-2:10,43.256647764676245
2025-11-17,2:50-3:20,38.33422225629488
2025-11-17,3:30-3:50,19.896172097979047
2025-11-17,4:40-4:50,2.180081021081378
2025-11-17,5:00-5:20,24.97422996542864
2025-11-17,7:40-8:10,41.6213051380804
2025-11-17,9:20-9:40,62.25476009980565
2025-11-17,15:10-15:20,22.12506134883733
2025-11-17,16:30-17:00,55.718758221533704
2025-11-17,19:00-19:20,17.606766337768022
2025-11-17,19:30-19:40,5.060785040904989
2025-11-17,20:30-20:50,26.67569359503159
2025-11-17,22:10-22:20,39.94069388004834
2025-11-18,0:10-0:20,16.92903158019101
2025-11-18,0:40-0:50,7.409339731768568
2025-11-18,1:10-1:20,4.656807325656814
2025-11-18,3:10-3:30,21.535033748409088
2025-11-18,4:00-4:20,43.99735397211737
2025-11-18,4:30-4:50,8.499195959771328
2025-11-18,5:00-5:10,0.1366726339546176
2025-11-18,12:50-13:30,59.743800616783574
2025-11-18,13:50-14:50,315.1529143352622
2025-11-18,15:10-15:30,52.333287659209816
2025-11-18,16:00-16:20,17.26449008782663
2025-11-18,16:50-17:00,3.2461103444319197
2025-11-18,18:50-19:00,9.626260950669462
2025-11-18,20:40-21:10,48.75367028846824
2025-11-18,22:30-23:00,60.8064580141521
2025-11-19,0:00-0:10,17.04294749253154
2025-11-19,0:30-0:50,55.55615009011706
2025-11-19,1:30-1:50,18.976386707559186
2025-11-19,2:10-2:40,20.579979871615592
2025-11-19,3:10-3:30,73.80246273195326
2025-11-19,3:50-4:00,28.70708731323248
2025-11-19,4:20-4:30,3.690342154652626
2025-11-19,4:50-5:00,7.918085531825454
2025-11-19,5:40-6:00,76.05362105633658
2025-11-19,6:30-7:20,73.24155835936403
2025-11-19,8:20-8:40,25.894584791458783
2025-11-19,8:50-9:30,178.69095777055293
2025-11-19,9:40-10:30,262.14012222138837
2025-11-19,10:40-10:50,0.010234201000685
2025-11-19,17:30-17:50,3.506029543025111
2025-11-19,18:00-18:20,26.25283449061141
2025-11-19,20:20-20:30,0.5978268436681446
2025-11-19,20:40-21:10,146.7564838294611
2025-11-19,21:20-21:30,0.79858096710052
2025-11-19,23:20-23:30,0.1493656779140337
2025-11-19,23:50-0:00+1,32.103360650892
2025-11-20,0:00-0:10,8.141097608919722
2025-11-20,1:30-1:50,30.518192156732198
2025-11-20,2:30-2:50,16.981939411446206
2025-11-20,3:30-3:50,44.44147342744179
2025-11-20,4:30-4:50,20.409853669963354
2025-11-20,5:20-5:30,38.08385823493279
2025-11-20,7:10-7:20,4.6045226625820135
2025-11-20,12:50-14:20,256.4328756840129
2025-11-20,14:30-14:50,2.97732092667934
2025-11-20,16:50-17:00,15.167217374467736
2025-11-20,17:50-18:20,69.63951646428139
2025-11-20,20:40-21:30,104.85493871230517
2025-11-20,22:30-22:40,5.438767928594075
2025-11-20,23:20-23:30,40.83242225140373
2025-11-21,2:40-2:50,5.928212398080007
2025-11-21,3:20-3:40,20.392453481031737
2025-11-22,2:20-2:30,20.482722973963064
2025-11-22,2:50-3:10,33.67514323681911
2025-11-22,3:40-3:50,4.644570818295676
2025-11-22,5:10-5:20,2.0135949166665505
2025-11-22,16:10-16:20,24.15286220433231
2025-11-22,20:50-21:00,3.785748721526602
2025-11-22,22:20-22:30,13.78187046401149
2025-11-23,0:20-0:40,80.66300180683709
2025-11-23,1:10-1:20,13.01797286058354
2025-11-23,2:00-2:20,40.18437634546319
2025-11-23,2:40-3:10,72.53908365261009
2025-11-23,3:20-3:50,36.79272717795823
2025-11-23,4:10-4:30,42.36836864214365
2025-11-23,4:40-5:10,84.7338875451934
2025-11-23,5:40-5:50,26.519451535015502
2025-11-23,6:00-6:10,5.923154116904243
2025-11-23,6:50-7:30,140.6105424517498
2025-11-23,7:40-8:30,255.45307736285918
2025-11-23,8:40-9:00,48.26626981731431
2025-11-23,9:20-10:30,179.01024284657672
2025-11-23,10:40-10:50,33.84577326924489
2025-11-23,15:50-16:00,6.26988664586662
2025-11-23,17:00-17:50,137.91821985591795
2025-11-23,18:00-18:30,122.09501398327477
2025-11-23,18:50-19:20,87.08422703833139
2025-11-23,20:00-20:10,12.95688453552168
2025-11-23,20:30-21:20,156.7396836864142
2025-11-23,21:40-21:50,9.154175974476516
2025-11-23,22:10-22:20,9.06784936048939
2025-11-23,23:30-23:40,10.078482360091812
2025-11-24,0:10-0:20,64.29705595417727
2025-11-24,1:10-1:20,11.745333647402049
2025-11-24,1:30-1:40,13.861582527097312
2025-11-24,2:10-2:40,13.227281803029769
2025-11-24,3:10-3:20,0.3885164372023837
2025-11-24,3:50-4:00,5.118269186888711
2025-11-24,4:50-5:00,10.156120006918854
2025-11-24,5:20-5:30,37.34374886080741
2025-11-24,5:40-6:20,78.40447826591736
2025-11-24,6:40-7:20,81.8224298398177
2025-11-24,13:10-13:40,212.76191659489257
2025-11-24,14:10-14:50,259.839219849338
2025-11-24,15:10-16:40,349.60194006134293
2025-11-24,17:30-17:40,10.489696827145853
2025-11-24,18:00-18:20,41.737969046453884
2025-11-24,18:30-19:10,106.79284719483684
2025-11-24,19:40-20:20,85.62295704707572
2025-11-24,20:40-21:10,92.91305965299148
2025-11-24,21:20-21:30,12.151233122594816
2025-11-24,21:40-21:50,0.0950420193753416
2025-11-24,22:50-23:00,53.12122378414233
2025-11-24,23:20-23:50,82.10127991417733
2025-11-25,1:40-1:50,6.87055808570301
2025-11-25,2:10-2:40,71.36247037989494
2025-11-25,3:30-4:20,95.71285173430078
2025-11-25,4:40-5:00,14.742870625101887
2025-11-25,5:20-5:30,0.8924511282513095
2025-11-25,6:10-6:20,3.8527231805950697
2025-11-25,7:40-7:50,19.6421622799283
2025-11-25,8:50-9:10,59.55504901162465
2025-11-25,13:20-13:30,43.17776496755391
2025-11-25,17:20-17:40,20.66413704015718
2025-11-25,18:20-18:30,1.076543715610569
2025-11-25,19:20-19:30,0.753907044751827
2025-11-25,20:20-20:30,7.343722451621488
2025-11-25,21:20-21:50,77.26204957294613
2025-11-25,23:30-23:50,8.236160439196055
2025-11-26,0:50-1:00,5.640969213492895
2025-11-26,2:20-2:50,45.9104341411462
2025-11-26,4:10-4:20,8.708634404841746
2025-11-26,5:10-5:30,11.670339204005666
2025-11-26,6:00-6:20,48.18453658137401
2025-11-26,13:00-13:10,28.273999258788763
2025-11-26,14:00-14:10,32.57775468144746
2025-11-26,16:00-16:10,1.3880319528132077
2025-11-26,16:40-16:50,5.042450291436488
2025-11-26,17:00-17:10,2.502195872631601
2025-11-26,18:10-18:20,0.8709464310849171
2025-11-26,18:40-18:50,3.684709293977164
2025-11-26,22:10-22:20,0.1306577624488909
2025-11-27,0:30-0:40,11.02475065390854
2025-11-27,2:20-2:30,10.630977788914151
2025-11-27,4:00-4:10,18.29244512058267
2025-11-27,4:50-5:00,5.204935327846897
2025-11-27,5:10-5:20,4.667261804612849
2025-11-27,6:20-6:30,33.810257125447265
2025-11-27,15:20-15:40,64.57294869218987
2025-11-27,16:00-16:40,56.65927979493161
2025-11-27,17:30-17:50,18.453991733526365
2025-11-27,18:20-18:30,9.029021186588809
2025-11-27,20:20-20:30,1.7690703383882465
2025-11-27,21:30-21:50,47.50790230413611
2025-11-27,22:10-22:20,0.7320194207065924
2025-11-28,4:00-4:10,3.545131410382737
2025-11-28,4:50-5:00,4.952901857240477
2025-11-28,23:50-0:00+1,20.075339371657662
2025-11-29,1:50-2:00,0.5298014008272958
2025-11-29,4:20-4:30,29.190102708384472
2025-11-29,14:50-15:00,25.7060199598925
2025-11-29,23:30-23:50,52.8859915828217
2025-11-30,0:00-0:10,0.7428615347108689
2025-11-30,0:50-1:20,74.27629599281181
2025-11-30,1:30-1:50,74.46042029675255
2025-11-30,2:20-2:30,13.31974177249822
2025-11-30,3:40-4:10,120.97781405536352
2025-11-30,5:00-5:20,66.42236422024394
2025-11-30,6:00-7:00,210.50619811897198
2025-11-30,8:10-8:40,35.128131149838396
2025-11-30,9:00-9:30,160.69539743456733
2025-11-30,12:50-14:50,1078.7610782628635
2025-11-30,15:10-15:20,106.80576325675317
2025-11-30,15:30-17:00,429.0228645617657
2025-11-30,17:20-17:30,6.595046453306281
2025-11-30,17:50-18:00,3.625785297582979
2025-11-30,18:30-18:50,64.53928919648615
2025-11-30,19:10-19:30,36.55978512627735
2025-11-30,19:40-20:00,49.59623471414114
2025-11-30,20:10-20:40,45.79500719536361
2025-11-30,21:20-21:50,100.72693667879447
2025-11-30,22:40-22:50,42.76289935475381
2025-11-30,23:10-23:30,61.27943174677978
2025-12-01,0:20-0:50,44.69463144729775
2025-12-01,1:10-5:30,1485.4648048498452
2025-12-01,5:40-7:30,934.6968014018682
2025-12-01,7:40-10:50,1346.0169774041894
2025-12-01,12:50-14:20,544.5289634410067
2025-12-01,14:40-14:50,1.86190124296877
2025-12-01,15:20-15:40,35.12397983178374
2025-12-01,16:20-16:40,21.167205420495026
2025-12-01,17:00-17:10,7.7385766626166514
2025-12-01,17:40-18:30,75.38620585031289
2025-12-01,19:20-19:30,19.88093061286736
2025-12-01,20:20-20:30,0.9114625162206949
2025-12-01,21:00-21:20,12.421095403433242
2025-12-01,21:30-21:50,23.071297194797012
2025-12-02,0:10-5:30,1235.4052438509902
2025-12-02,5:40-7:30,844.732737509729
2025-12-02,7:40-10:50,1813.3766034263765
2025-12-02,15:30-16:20,133.11143087388186
2025-12-02,16:50-17:30,71.00589869254134
2025-12-02,17:50-18:20,46.31402151621652
2025-12-02,18:30-18:50,65.7180376477213
2025-12-02,19:50-20:00,13.993722784841452
2025-12-02,21:10-21:30,40.10869071264426
2025-12-02,23:10-23:20,21.66491906121757
2025-12-02,23:40-23:50,8.162421350970021
2025-12-03,0:30-2:30,411.15385587118215
2025-12-03,2:50-5:20,743.6524947613614
2025-12-03,5:40-6:00,76.84385674213036
2025-12-03,6:10-7:30,493.1782828513643
2025-12-03,7:40-7:50,6.87752864873471
2025-12-03,8:50-9:00,11.16909535987395
2025-12-03,12:50-13:00,84.86936896560906
2025-12-03,13:30-14:00,190.92582417777817
2025-12-03,14:20-14:50,172.81148059352552
2025-12-03,15:20-15:30,1.701010303585463
2025-12-03,16:10-16:40,112.19017450638296
2025-12-03,17:30-18:00,31.784995032320637
2025-12-03,18:20-18:30,17.920332697282902
2025-12-03,20:50-21:00,4.970517415696463
2025-12-03,21:40-21:50,21.603962979726816
2025-12-04,0:00-0:20,76.90305942140992
2025-12-04,0:50-1:20,112.60870712887629
2025-12-04,1:30-5:30,1263.379649531195
2025-12-04,5:40-7:30,716.7448173602704
2025-12-04,7:40-9:40,636.6289995382666
2025-12-04,9:50-10:10,81.01795974446247
2025-12-04,10:40-10:50,16.096488794591437
2025-12-04,14:40-14:50,4.406673701095883
2025-12-04,15:30-16:20,157.7818291537207
2025-12-04,16:30-16:50,40.96677311023553
2025-12-04,17:00-17:20,60.958464948505224
2025-12-04,17:40-18:00,42.75403499936351
2025-12-04,18:40-19:00,12.108898180382994
2025-12-04,19:50-20:00,22.65032517390796
2025-12-04,20:30-20:50,66.73615281751847
2025-12-04,23:00-23:10,21.557400579317004
2025-12-04,23:20-23:40,42.43893201076617
2025-12-05,1:50-2:00,15.96473104453355
2025-12-05,2:40-3:00,60.940138650998165
2025-12-05,3:30-3:40,0.1458915092482584
2025-12-05,4:10-5:30,137.158130711988
2025-12-05,6:50-7:00,9.51285001895019
2025-12-05,7:20-7:40,26.860191030290636
2025-12-05,23:50-0:00+1,0.4174592885398169
2025-12-06,0:00-1:00,74.49716085385938
2025-12-06,1:10-1:20,7.801351878359128
2025-12-06,2:00-2:20,100.22111135192972
2025-12-06,2:40-2:50,4.972828972576224
2025-12-06,3:00-4:20,216.54239672946682
2025-12-06,4:30-5:20,271.82603194233883
2025-12-06,5:40-5:50,26.343514268822105
2025-12-06,6:50-7:10,22.27093229573302
2025-12-06,7:30-7:40,28.83503464252161
2025-12-06,15:10-15:20,18.64840673853473
2025-12-06,16:00-16:20,52.76521368945356
2025-12-06,16:30-16:50,39.151750696888165
2025-12-06,17:50-18:00,5.6011642347220345
2025-12-06,18:20-18:30,0.8535759671951269
2025-12-06,19:10-19:30,7.8329554198418805
2025-12-06,20:10-20:20,2.0997858790073565
2025-12-06,21:00-21:20,5.312530982503461
2025-12-06,23:40-23:50,12.422645016192009
2025-12-07,0:30-1:40,300.84770935776805
2025-12-07,1:50-5:30,1139.6383665212247
2025-12-07,5:40-6:10,202.20308113170756
2025-12-07,6:20-7:30,510.60923764204085
2025-12-07,7:40-8:10,167.00506451639757
2025-12-07,10:40-10:50,8.269354976828822
2025-12-07,12:50-13:00,51.76541511797507
2025-12-07,13:30-13:50,50.336487117195134
2025-12-07,14:00-14:20,45.95724061858982
2025-12-07,14:40-14:50,63.47594733544889
2025-12-07,15:30-18:50,993.5380993778308
2025-12-07,19:10-21:00,303.7865479487218
2025-12-07,21:20-21:50,47.28754820931681
2025-12-07,22:10-22:20,23.82098241795109
2025-12-07,23:40-23:50,15.403678663670462
2025-12-08,1:00-1:10,14.365670157255977
2025-12-08,2:00-2:20,13.430772908935865
2025-12-08,3:40-3:50,19.172371761360974
2025-12-08,5:20-5:30,14.14210511793351
2025-12-08,9:30-9:40,14.580364199419364
2025-12-08,13:00-13:50,123.05122110027082
2025-12-08,16:00-16:20,14.72694915795748
2025-12-08,16:50-17:20,42.46845222487171
2025-12-08,18:40-18:50,5.984800626726269
2025-12-08,19:30-19:50,15.518604489670565
2025-12-08,20:30-20:50,115.77356111150971
2025-12-08,21:10-21:20,16.90063479331036
2025-12-08,22:10-22:20,3.525461948027328
2025-12-09,0:10-0:20,17.981757821815222
2025-12-09,3:10-3:30,49.429540746299715
2025-12-09,7:50-8:10,66.02957525894271
2025-12-09,14:40-14:50,40.26718579921021
2025-12-09,17:00-17:20,45.02820734132354
2025-12-09,17:30-17:50,60.80576561758257
2025-12-09,18:10-18:20,6.972648167327963
2025-12-09,19:30-19:50,40.02816762590294
2025-12-09,20:10-20:30,33.06559449469319
2025-12-09,21:00-21:10,7.925853509317562
2025-12-09,22:40-22:50,13.636236190204611
2025-12-10,0:30-0:40,13.38620765891494
2025-12-10,1:20-1:30,5.232264231290287
2025-12-10,2:00-2:10,5.092857736622932
2025-12-10,2:40-2:50,0.8672314952889337
2025-12-10,3:20-3:30,4.010762185213366
2025-12-10,5:00-5:10,16.53671827833742
2025-12-10,6:00-6:20,29.666490748948263
2025-12-10,10:20-10:50,157.3865531053758
2025-12-10,15:30-16:00,43.52927909755081
2025-12-10,17:20-17:40,23.127905544446207
2025-12-10,18:00-18:10,8.139802662748593
2025-12-10,18:40-19:10,39.87411652224978
2025-12-10,21:10-21:20,6.718885134139327
2025-12-10,22:40-22:50,10.835444919458496
2025-12-10,23:50-0:00+1,7.580906270194305
2025-12-11,0:30-0:50,16.646729707778494
2025-12-11,1:30-2:30,111.97608464893142
2025-12-11,2:50-3:00,24.10929386552334
2025-12-11,5:00-5:20,19.28512577059925
2025-12-11,7:40-7:50,10.020603166906769
2025-12-11,10:20-10:40,6.4823165641816445
2025-12-11,16:50-17:00,13.825598119598451
2025-12-11,17:20-17:30,22.06623229880097
2025-12-11,18:00-18:10,11.36938506369836
2025-12-11,18:30-18:40,3.632170201162012
2025-12-11,19:10-19:30,57.412859637765905
2025-12-11,21:20-21:50,52.57977767079376
2025-12-11,22:10-22:20,42.5103340206208
2025-12-12,3:10-3:20,13.1722731193438
2025-12-13,0:30-0:50,9.731604854643479
2025-12-13,2:20-2:30,6.888037070798873
2025-12-13,23:50-0:00+1,5.187486811528288
2025-12-14,0:30-0:50,19.402170416421768
2025-12-14,1:00-1:10,0.0715763401631193
2025-12-14,1:40-1:50,5.01843135638785
2025-12-14,2:30-3:00,35.62586695674747
2025-12-14,3:20-3:30,10.206755660087197
2025-12-14,4:10-4:50,51.558925716327394
2025-12-14,5:40-5:50,14.144995626403444
2025-12-14,6:00-6:20,17.36835556796791
2025-12-14,6:30-7:10,55.463754315464215
2025-12-14,8:00-8:20,25.0531457327902
2025-12-14,8:30-9:00,75.17415322610395
2025-12-14,9:10-9:40,42.85416996277911
2025-12-14,10:10-10:30,127.1996447184174
2025-12-14,14:20-14:30,39.49976199845378
2025-12-14,14:40-14:50,11.386052497771402
2025-12-14,15:30-18:20,677.435988586003
2025-12-14,18:50-19:20,73.55683881649134
2025-12-14,19:40-20:10,104.34932298865886
2025-12-14,20:40-21:50,154.9365945018444
2025-12-14,22:40-22:50,9.719569583982548
2025-12-15,0:50-1:10,11.50509906706361
2025-12-15,1:50-2:00,14.129361303909944
2025-12-15,3:30-3:40,5.238476702945945
2025-12-15,6:10-6:30,62.26584378355426
2025-12-15,7:10-7:20,18.84619406269228
2025-12-15,9:20-9:50,33.5038750767327
2025-12-15,10:10-10:20,13.563075095857016
2025-12-15,15:50-16:00,3.854644167352205
2025-12-15,17:10-17:50,93.42943554023817
2025-12-15,18:40-19:10,25.434341858917946
2025-12-15,19:40-20:00,3.2847340085119185
2025-12-15,20:10-20:30,10.462261067974282
2025-12-15,20:50-21:00,6.5848357053113205
2025-12-15,23:00-23:10,22.86177865575576
2025-12-16,1:50-2:00,8.12102841011449
2025-12-16,2:20-2:30,13.197774969508371
2025-12-16,3:50-4:00,6.100971609157114
2025-12-16,4:20-4:40,42.01747584168913
2025-12-16,13:40-13:50,2.0402798623726994
2025-12-16,17:10-17:40,29.35917383246279
2025-12-16,18:00-18:20,15.238209375486568
2025-12-16,20:40-21:00,30.589857309862396
2025-12-16,21:30-21:50,27.71654373451929
2025-12-16,22:10-22:20,6.871732039911876
2025-12-16,23:40-0:00+1,19.90320059619887
2025-12-17,0:00-0:10,3.3698563922924905
2025-12-17,0:50-1:10,4.712356882332301
2025-12-17,1:40-2:00,28.855260408073036
2025-12-17,3:00-3:10,6.017008278613503
2025-12-17,3:50-4:00,12.268505575746872
2025-12-17,5:10-5:20,28.00393246925364
2025-12-17,5:40-5:50,27.06663973897116
2025-12-17,6:40-7:00,16.71457336128674
2025-12-17,17:30-17:40,4.529848569968635
2025-12-17,18:20-18:40,86.70477514683841
2025-12-17,20:10-20:30,7.296680080848432
2025-12-17,21:20-21:30,15.509740337846551
2025-12-17,23:30-23:50,46.18663950566793
2025-12-18,0:20-0:40,41.48312702557257
2025-12-18,1:20-1:30,24.094030023762343
2025-12-18,1:40-2:10,61.51108109135862
2025-12-18,3:00-3:20,103.63977880409414
2025-12-18,3:50-4:20,47.77858239257557
2025-12-18,5:40-5:50,17.71267787734041
2025-12-18,7:10-7:30,43.58296673626745
2025-12-18,10:00-10:10,0.81322783401788
2025-12-18,20:50-21:10,10.767229363080446
2025-12-18,23:10-23:20,8.697749043812223
2025-12-19,23:40-23:50,10.691263824057614
2025-12-20,0:00-0:10,2.527445450950154
2025-12-20,1:30-1:50,34.689685821143144
2025-12-20,3:50-4:00,17.523192095549803
2025-12-20,4:30-4:40,0.890542279062629
2025-12-20,5:00-5:20,11.882459336549527
2025-12-20,6:30-6:50,45.91819305893375
2025-12-20,9:20-9:30,0.4133341155965979
2025-12-20,22:50-23:00,19.10162305435688
2025-12-21,0:00-0:10,0.038047584313972
2025-12-21,1:10-1:20,1.168778865153854
2025-12-21,1:40-1:50,0.6994932941499883
2025-12-21,3:30-3:50,117.23441592101835
2025-12-21,6:10-6:20,6.3238383062475805
2025-12-21,8:20-8:30,7.048986574775654
2025-12-21,10:20-10:50,125.2531870633473
2025-12-21,15:50-16:00,4.875420873913157
2025-12-21,16:50-17:10,28.287283732529886
2025-12-21,18:20-18:30,2.802693823554705
2025-12-21,18:40-19:10,48.55795175164076
2025-12-21,19:40-20:00,57.07960085448087
2025-12-21,21:10-21:20,5.671195158907949
2025-12-21,21:40-21:50,6.31733886020902
2025-12-22,0:30-0:40,2.3236498744106484
2025-12-22,1:00-1:50,155.6890587044744
2025-12-22,2:20-2:30,43.90166829589862
2025-12-22,3:10-3:30,39.13158158660701
2025-12-22,3:50-4:00,0.5217767444072479
2025-12-22,5:00-5:20,29.28489372081677
2025-12-22,6:50-7:10,8.809379514528082
2025-12-22,8:00-8:10,2.011437541013948
2025-12-22,13:00-13:20,28.672917277638135
2025-12-22,14:10-14:20,23.39696546097298
2025-12-22,14:30-14:40,0.0366549667443791
2025-12-22,18:00-18:20,20.719019760519856
2025-12-22,19:00-19:20,2.632410304729774
2025-12-22,19:40-20:20,22.027633869323154
2025-12-22,20:50-21:20,97.15293507479862
2025-12-22,23:40-23:50,13.258333343891763
2025-12-23,1:10-1:20,2.155877834493936
2025-12-23,3:20-3:40,17.601585241725616
2025-12-23,4:30-4:50,45.30055226730872
2025-12-23,17:30-17:50,16.51260248275008
2025-12-23,21:40-21:50,3.873514014274861
2025-12-23,22:50-23:00,9.110071054363289
2025-12-24,0:10-0:30,39.373511938649024
2025-12-24,0:50-1:00,10.543607463532569
2025-12-24,2:20-2:50,46.566448906007054
2025-12-24,3:50-4:30,108.592357023423
2025-12-24,5:20-5:30,3.236778618736025
2025-12-24,6:40-6:50,8.320685804939785
2025-12-24,7:20-7:30,6.372037789638512
2025-12-24,7:50-8:00,28.761097397065896
2025-12-24,8:50-9:00,13.357654359995877
2025-12-24,9:20-10:10,171.1176808951163
2025-12-24,13:00-13:50,254.118189703157
2025-12-24,15:30-15:50,45.834455570046316
2025-12-24,16:00-16:20,22.451964277256565
2025-12-24,16:50-17:20,77.9986500264805
2025-12-24,17:50-18:10,33.80913442759049
2025-12-24,18:30-19:00,42.99563197477494
2025-12-24,19:40-20:00,9.872273529060521
2025-12-24,20:10-20:30,5.542239857281288
2025-12-24,20:50-21:00,10.638158907446382
2025-12-24,21:30-21:50,18.11585307665223
2025-12-24,22:40-23:00,48.356626356208494
2025-12-25,0:00-0:10,10.297557857287645
2025-12-25,1:00-1:30,81.45202258283189
2025-12-25,2:00-2:20,36.86008712234741
2025-12-25,2:30-2:50,21.034185169096872
2025-12-25,4:00-4:10,4.29980607289599
2025-12-25,4:40-5:00,81.78656787339116
2025-12-25,5:50-6:30,100.62918563873086
2025-12-25,6:40-7:00,34.01250110581282
2025-12-25,15:40-16:00,41.1659470867894
2025-12-25,17:00-17:20,21.896517163378206
2025-12-25,17:40-18:00,38.731985687586246
2025-12-25,18:20-18:50,23.889057094872555
2025-12-25,19:00-19:10,6.374413761325286
2025-12-25,19:40-20:00,41.26956076981298
2025-12-25,20:30-20:50,22.31717620779409
2025-12-25,23:20-23:40,56.522458753820274
2025-12-26,无,0.0
2025-12-27,无,0.0
2025-12-28,0:20-0:50,116.37330574800887
2025-12-28,1:10-1:40,47.74730955942107
2025-12-28,2:10-3:00,132.4041571179347
2025-12-28,3:20-3:40,40.78106451876238
2025-12-28,3:50-4:30,75.28467395817506
2025-12-28,4:40-5:00,52.542049466710864
2025-12-28,6:50-7:30,86.28100269579033
2025-12-28,7:40-8:20,238.23283621490248
2025-12-28,13:20-13:30,52.15114614705351
2025-12-28,17:00-17:20,25.93296825610657
2025-12-28,17:30-17:50,118.22291676983923
2025-12-28,18:10-18:40,96.94527173658435
2025-12-28,19:10-19:20,13.513867793197733
2025-12-28,20:00-20:30,83.46296332302745
2025-12-28,20:50-21:50,188.86835258662575
2025-12-28,22:40-22:50,27.80411893040309
2025-12-29,2:50-3:00,59.33015841893507
2025-12-29,4:00-4:30,55.1213674180799
2025-12-29,4:50-5:00,6.894315096378591
2025-12-29,6:10-6:40,34.75498186176524
2025-12-29,12:50-13:00,31.81510468789884
2025-12-29,13:20-13:30,37.50596753675927
2025-12-29,14:20-14:50,50.887304374797054
2025-12-29,16:10-16:30,31.274166752972363
2025-12-29,16:50-17:00,27.37136458188797
2025-12-29,19:50-20:00,7.665544323159338
2025-12-29,21:20-21:30,0.0136819242077308
2025-12-30,1:10-1:30,27.6126319626984
2025-12-30,4:00-4:10,2.1861960740716317
2025-12-30,5:10-5:20,5.225536071671399
2025-12-30,7:10-7:20,2.4483443348123046
2025-12-30,15:50-16:00,15.634222940645714
2025-12-30,18:00-18:20,15.276980086339664
2025-12-30,18:30-18:50,14.582380400044599
2025-12-30,21:00-21:20,7.396491265451573
2025-12-30,21:30-21:40,8.804198759588076
2025-12-30,22:10-22:20,16.41882578798129
2025-12-31,0:30-0:50,43.237915195579376
2025-12-31,1:10-1:20,0.4974729150916346
2025-12-31,1:30-2:20,166.28595646247106
2025-12-31,2:50-3:10,41.68760270285361
2025-12-31,3:30-3:40,18.80884222634711
2025-12-31,4:50-5:20,144.0655302255437
2025-12-31,5:40-6:00,40.696507996103605
2025-12-31,6:30-6:50,24.609936162329525
2025-12-31,7:40-8:10,23.082270484798954
2025-12-31,9:30-10:50,444.0956074973048
2025-12-31,13:30-13:40,8.941903000235015
2025-12-31,15:40-16:10,35.69205191268267
2025-12-31,17:10-17:30,20.970999101850595
2025-12-31,17:50-18:00,1.827093197395243
2025-12-31,18:10-18:40,33.7184541481791
2025-12-31,19:20-19:30,22.858661536178715
2025-12-31,20:00-20:10,1.69722950325513
2025-12-31,20:30-21:30,195.338641769295
2025-12-31,22:10-22:20,20.1051999267695
2025-12-31,23:30-23:50,42.71019033581911
