date,issue_hour,t,previous,new,up,down,price
2025-02-01,6,36,0.0,0.0,0.0,0.0,0.9368
2025-02-01,6,37,0.0,0.0,0.0,0.0,0.8758
2025-02-01,6,38,0.0,0.0,0.0,0.0,0.8759
2025-02-01,6,39,0.0,0.0,0.0,0.0,0.8601
2025-02-01,6,40,728.8470356001781,728.8470356001781,0.0,0.0,0.8442
2025-02-01,6,41,725.0569081432122,725.0569081432122,0.0,0.0,0.8334
2025-02-01,6,42,643.8109395482849,643.8109395482849,0.0,0.0,0.8092
2025-02-01,6,43,622.6290550568349,617.1407758901682,0.0,5.4882791666666435,0.7972
2025-02-01,6,44,586.6131224326422,586.6131224326422,0.0,0.0,0.7644
2025-02-01,6,45,564.3113433522967,564.3113433522967,0.0,0.0,0.6899
2025-02-01,6,46,209.77534315515788,209.77534315515788,0.0,0.0,0.86
2025-02-01,6,47,0.0,0.0,0.0,0.0,1.1617
2025-02-01,6,48,0.0,0.0,0.0,0.0,1.1683
2025-02-01,6,49,0.0,0.0,0.0,0.0,1.0956
2025-02-01,6,50,0.0,0.0,0.0,0.0,1.0849
2025-02-01,6,51,0.0,0.0,0.0,0.0,1.061
2025-02-01,6,52,0.0,0.0,0.0,0.0,1.043
2025-02-01,6,53,0.0,0.0,0.0,0.0,1.036
2025-02-01,6,54,0.0,0.0,0.0,0.0,1.0147
2025-02-01,6,55,0.0,0.0,0.0,0.0,0.9922
2025-02-01,6,56,0.0,0.0,0.0,0.0,0.97
2025-02-01,6,57,0.0,0.0,0.0,0.0,0.9422
2025-02-01,6,58,0.0,0.0,0.0,0.0,0.9569
2025-02-01,6,59,0.0,0.0,0.0,0.0,0.9977
2025-02-01,6,60,0.0,0.0,0.0,0.0,0.9919
2025-02-01,6,61,0.0,0.0,0.0,0.0,0.9588
2025-02-01,6,62,0.0,0.0,0.0,0.0,0.9549
2025-02-01,6,63,0.0,0.0,0.0,0.0,0.9839
2025-02-01,6,64,0.0,0.0,0.0,0.0,0.799
2025-02-01,6,65,735.7712110821176,0.0,0.0,735.7712110821176,0.5025
2025-02-01,6,66,787.5208612356785,787.5208612356785,0.0,0.0,0.4662
2025-02-01,6,67,799.7319116182587,719.0591780078828,0.0,80.67273361037587,0.5007
2025-02-01,6,68,765.0687681373347,751.5814000817791,0.0,13.487368055555635,0.4827
2025-02-01,6,69,751.6884469756628,713.8013650312184,0.0,37.88708194444439,0.4785
2025-02-01,6,70,730.8178309551836,668.5310351218503,0.0,62.28679583333326,0.4662
2025-02-01,6,71,731.864112906618,645.1776031843954,0.0,86.68650972222258,0.4432
2025-02-01,12,72,784.8190391575054,0.0,0.0,784.8190391575054,0.4411
2025-02-01,12,73,764.6710560566579,0.0,0.0,764.6710560566579,0.4551
2025-02-01,12,74,691.931400558842,0.0,0.0,691.931400558842,0.4463
2025-02-01,12,75,708.1266142283384,0.0,0.0,708.1266142283384,0.4113
2025-02-01,12,76,763.5526022341699,0.0,0.0,763.5526022341699,0.5682
2025-02-01,12,77,0.0,0.0,0.0,0.0,0.8279
2025-02-01,12,78,0.0,0.0,0.0,0.0,0.8636
2025-02-01,12,79,0.0,0.0,0.0,0.0,0.8416
2025-02-01,12,80,0.0,0.0,0.0,0.0,0.8618
2025-02-01,12,81,0.0,0.0,0.0,0.0,0.8623
2025-02-01,12,82,119.22261575475538,0.0,0.0,119.22261575475538,0.9026
2025-02-01,12,83,0.0,0.0,0.0,0.0,0.9754
2025-02-01,12,84,0.0,0.0,0.0,0.0,1.0002
2025-02-01,12,85,0.0,0.0,0.0,0.0,0.9978
2025-02-01,12,86,0.0,0.0,0.0,0.0,1.0271
2025-02-01,12,87,0.0,0.0,0.0,0.0,1.0906
2025-02-01,12,88,63.26096189183403,26.799525731564927,0.0,36.4614361602691,0.9376
2025-02-01,12,89,1293.2799789067944,1179.7437427956834,0.0,113.53623611111107,0.6694
2025-02-01,12,90,1383.9024741144308,1260.320458836653,0.0,123.58201527777783,0.66
2025-02-01,12,91,427.6759524611551,427.6759524611551,0.0,0.0,0.7217
2025-02-01,12,92,455.6670312836422,455.6670312836422,0.0,0.0,0.7308
2025-02-01,12,93,496.8555574178402,427.1506334814321,0.0,69.70492393640808,0.7534
2025-02-01,12,94,563.8205704888965,563.8205704888965,0.0,0.0,0.7823
2025-02-01,12,95,616.2421025564838,471.5107166616222,0.0,144.7313858948616,0.8055
2025-02-01,12,96,640.0666829943392,640.0666829943392,0.0,0.0,0.8271
2025-02-01,12,97,700.5902242714513,700.5902242714513,0.0,0.0,0.8519
2025-02-01,12,98,734.9881001677244,667.7964362788354,0.0,67.19166388888902,0.8791
2025-02-01,12,99,749.1749636627022,749.1749636627022,0.0,0.0,0.9024
2025-02-01,12,100,722.5124251517678,687.7275501517679,0.0,34.78487499999994,0.9163
2025-02-01,12,101,737.4228769017195,737.4228769017195,0.0,0.0,0.9264
2025-02-01,12,102,743.0926036576019,733.4861356020464,0.0,9.606468055555524,0.9462
2025-02-01,12,103,736.0217195820996,736.0217195820996,0.0,0.0,0.9742
2025-02-01,12,104,731.7368757346186,731.7368757346186,0.0,0.0,0.9862
2025-02-01,12,105,727.1652054889349,721.7144966366376,0.0,5.450708852297339,0.976
2025-02-01,12,106,689.0867193549484,689.0867193549484,0.0,0.0,1.0742
2025-02-01,12,107,625.522798078917,624.6494828011392,0.0,0.8733152777778059,1.2313
2025-02-01,18,108,0.0,0.0,0.0,0.0,1.2561
2025-02-01,18,109,613.2265848192253,613.2265848192253,0.0,0.0,1.2447
2025-02-01,18,110,0.0,0.0,0.0,0.0,1.2545
2025-02-01,18,111,585.655046617352,585.655046617352,0.0,0.0,1.2522
2025-02-01,18,112,0.0,0.0,0.0,0.0,1.2881
2025-02-01,18,113,0.0,0.0,0.0,0.0,1.3466
2025-02-01,18,114,0.0,0.0,0.0,0.0,1.3523
2025-02-01,18,115,0.0,0.0,0.0,0.0,1.3445
2025-02-01,18,116,0.0,0.0,0.0,0.0,1.3483
2025-02-01,18,117,0.0,0.0,0.0,0.0,1.349
2025-02-01,18,118,0.0,0.0,0.0,0.0,1.3473
2025-02-01,18,119,0.0,0.0,0.0,0.0,1.3482
2025-02-01,18,120,0.0,0.0,0.0,0.0,1.3513
2025-02-01,18,121,0.0,0.0,0.0,0.0,1.34
2025-02-01,18,122,0.0,0.0,0.0,0.0,1.3489
2025-02-01,18,123,0.0,0.0,0.0,0.0,1.3952
2025-02-01,18,124,623.9316660536668,623.9316660536668,0.0,0.0,1.2226
2025-02-01,18,125,632.094968549286,632.094968549286,0.0,0.0,0.9332
2025-02-01,18,126,611.4862302149257,611.4862302149257,0.0,0.0,0.9068
2025-02-01,18,127,615.7163960360873,615.7163960360873,0.0,0.0,0.9371
2025-02-01,18,128,601.992336335148,601.992336335148,0.0,0.0,0.9371
2025-02-01,18,129,599.384917261102,599.384917261102,0.0,0.0,0.9871
2025-02-01,18,130,587.6754324558129,587.6754324558129,0.0,0.0,0.7764
2025-02-01,18,131,522.5351697113789,522.5351697113789,0.0,0.0,0.4209
2025-02-01,18,132,507.1592946850348,507.1592946850348,0.0,0.0,0.3859
2025-02-01,18,133,505.40407820049677,505.40407820049677,0.0,0.0,0.4368
2025-02-01,18,134,519.217294308817,519.217294308817,0.0,0.0,0.4198
2025-02-01,18,135,512.2119733379124,512.2119733379124,0.0,0.0,0.4186
2025-02-01,18,136,509.9062518398389,509.9062518398389,0.0,0.0,0.4241
2025-02-01,18,137,515.8714446638436,515.8714446638436,0.0,0.0,0.4237
2025-02-01,18,138,533.7665682185708,533.7665682185708,0.0,0.0,0.4248
2025-02-01,18,139,517.5380089675733,517.5380089675733,0.0,0.0,0.424
2025-02-01,18,140,506.9253848944031,506.9253848944031,0.0,0.0,0.422
2025-02-01,18,141,524.6759782379767,524.6759782379767,0.0,0.0,0.424
2025-02-01,18,142,526.1020786598876,526.1020786598876,0.0,0.0,0.4271
2025-02-01,18,143,654.9392739793889,654.9392739793889,0.0,0.0,0.4276
2025-02-02,6,36,327.56277640427277,327.44758057096794,0.0,0.11519583330482419,0.9368
2025-02-02,6,37,991.1276011449319,990.7820136449318,0.0,0.34558750000007876,0.8758
2025-02-02,6,38,991.936599032639,991.3606198659724,0.0,0.5759791666666843,0.8759
2025-02-02,6,39,959.8244886153321,959.0181177819987,0.0,0.8063708333334034,0.8601
2025-02-02,6,40,937.024073913777,937.024073913777,0.0,0.0,0.8442
2025-02-02,6,41,923.1257367520953,923.1257367520953,0.0,0.0,0.8334
2025-02-02,6,42,857.376767129823,857.376767129823,0.0,0.0,0.8092
2025-02-02,6,43,833.7166523749247,833.7166523749247,0.0,0.0,0.7972
2025-02-02,6,44,829.9489802436827,829.9489802436827,0.0,0.0,0.7644
2025-02-02,6,45,1649.8449900806825,1644.304810914016,0.0,5.540179166666576,0.6899
2025-02-02,6,46,803.4796122382376,795.4894747382374,0.0,7.9901375000001735,0.86
2025-02-02,6,47,207.75668509907916,204.31700593241237,0.0,3.4396791666667923,1.1617
2025-02-02,6,48,126.60978087533533,122.00332052072258,0.0,4.60646035461275,1.1683
2025-02-02,6,49,46.03268864150925,32.38323030817594,0.0,13.649458333333314,1.0956
2025-02-02,6,50,23.236602544676316,7.282660878009779,0.0,15.953941666666537,1.0849
2025-02-02,6,51,0.0,0.0,0.0,0.0,1.061
2025-02-02,6,52,0.0,0.0,0.0,0.0,1.043
2025-02-02,6,53,0.0,0.0,0.0,0.0,1.036
2025-02-02,6,54,0.0,0.0,0.0,0.0,1.0147
2025-02-02,6,55,0.0,0.0,0.0,0.0,0.9922
2025-02-02,6,56,567.5482493047518,510.96057257002707,0.0,56.58767673472477,0.97
2025-02-02,6,57,578.861063408672,448.7751817911476,0.0,130.08588161752436,0.9422
2025-02-02,6,58,568.2876907588706,547.0027224887887,0.0,21.28496827008189,0.9569
2025-02-02,6,59,0.0,0.0,0.0,0.0,0.9977
2025-02-02,6,60,0.0,0.0,0.0,0.0,0.9919
2025-02-02,6,61,443.9377345455485,443.9377345455485,0.0,0.0,0.9588
2025-02-02,6,62,403.00283943201504,403.00283943201504,0.0,0.0,0.9549
2025-02-02,6,63,142.77917875925314,142.77917875925314,0.0,0.0,0.9839
2025-02-02,6,64,352.2389732039381,352.23897320394053,2.4442670110147446e-12,0.0,0.799
2025-02-02,6,65,1232.216253579556,1153.7020049684452,0.0,78.51424861111082,0.5025
2025-02-02,6,66,1292.3898317476128,1205.7034761920572,0.0,86.68635555555556,0.4662
2025-02-02,6,67,1312.3412584724074,1209.1493584724076,0.0,103.1918999999998,0.5007
2025-02-02,6,68,1254.845604781672,1135.1481603372276,0.0,119.69744444444427,0.4827
2025-02-02,6,69,1201.4994421139259,1065.2964532250369,0.0,136.20298888888897,0.4785
2025-02-02,6,70,1140.2402717192367,987.5317383859032,0.0,152.70853333333355,0.4662
2025-02-02,6,71,1126.5358959885539,957.3218182107756,0.0,169.21407777777824,0.4432
2025-02-02,12,72,1161.7408836594054,641.3952248747619,0.0,520.3456587846435,0.4411
2025-02-02,12,73,1123.5747919859073,194.5730169859071,0.0,929.0017750000002,0.4551
2025-02-02,12,74,1036.823898552192,75.7074203558908,0.0,961.1164781963013,0.4463
2025-02-02,12,75,1041.0261002429868,987.1219222233469,0.0,53.90417801963986,0.4113
2025-02-02,12,76,1090.086309904343,97.20798189195818,0.0,992.8783280123847,0.5682
2025-02-02,12,77,300.77797372644636,300.77797372644636,0.0,0.0,0.8279
2025-02-02,12,78,293.3203452421196,165.3925573693015,0.0,127.92778787281807,0.8636
2025-02-02,12,79,266.3438973036103,160.99195836360636,0.0,105.35193894000392,0.8416
2025-02-02,12,80,274.40154884667027,227.4134100424188,0.0,46.98813880425146,0.8618
2025-02-02,12,81,368.44009525587416,236.72887847639063,0.0,131.71121677948352,0.8623
2025-02-02,12,82,412.93506589083125,412.93506589083125,0.0,0.0,0.9026
2025-02-02,12,83,439.4582281067639,439.4582281067639,0.0,0.0,0.9754
2025-02-02,12,84,0.0,0.0,0.0,0.0,1.0002
2025-02-02,12,85,0.0,0.0,0.0,0.0,0.9978
2025-02-02,12,86,0.0,0.0,0.0,0.0,1.0271
2025-02-02,12,87,0.0,0.0,0.0,0.0,1.0906
2025-02-02,12,88,575.9590174583549,575.9590174583549,0.0,0.0,0.9376
2025-02-02,12,89,1505.58438169873,1491.8495650320635,0.0,13.734816666666575,0.6694
2025-02-02,12,90,1564.5258400012613,1553.08077889015,0.0,11.445061111111272,0.66
2025-02-02,12,91,608.6460135032823,608.6460135032823,0.0,0.0,0.7217
2025-02-02,12,92,1642.4351852436714,1640.3436130214493,0.0,2.091572222222112,0.7308
2025-02-02,12,93,719.7215764336332,719.7215764336332,0.0,0.0,0.7534
2025-02-02,12,94,779.8024050770094,779.8024050770094,0.0,0.0,0.7823
2025-02-02,12,95,838.8373289102669,818.6991055154052,0.0,20.13822339486171,0.8055
2025-02-02,12,96,892.5193769871161,892.5193769871161,0.0,0.0,0.8271
2025-02-02,12,97,964.5921927577515,964.5921927577515,0.0,0.0,0.8519
2025-02-02,12,98,983.3868513792719,983.3868513792719,0.0,0.0,0.8791
2025-02-02,12,99,1030.4075168935346,1030.4075168935346,0.0,0.0,0.9024
2025-02-02,12,100,1078.4832702021579,1078.4832702021579,0.0,0.0,0.9163
2025-02-02,12,101,1154.7383687509646,1154.7383687509646,0.0,0.0,0.9264
2025-02-02,12,102,1148.5567303491814,1148.5567303491814,0.0,0.0,0.9462
2025-02-02,12,103,1142.988758547226,1142.988758547226,0.0,0.0,0.9742
2025-02-02,12,104,1173.2863706052158,1173.2863706052158,0.0,0.0,0.9862
2025-02-02,12,105,1185.861302962276,1185.861302962276,0.0,0.0,0.976
2025-02-02,12,106,1050.754743828412,1050.754743828412,0.0,0.0,1.0742
2025-02-02,12,107,815.4527258723141,815.4527258723141,0.0,0.0,1.2313
2025-02-02,18,108,773.7973982940745,773.7973982940745,0.0,0.0,1.2561
2025-02-02,18,109,822.0622634202346,822.0622634202346,0.0,0.0,1.2447
2025-02-02,18,110,804.3468108135521,804.3468108135521,0.0,0.0,1.2545
2025-02-02,18,111,824.9755980439255,824.9755980439255,0.0,0.0,1.2522
2025-02-02,18,112,833.5223055140165,833.5223055140165,0.0,0.0,1.2881
2025-02-02,18,113,0.0,0.0,0.0,0.0,1.3466
2025-02-02,18,114,0.0,0.0,0.0,0.0,1.3523
2025-02-02,18,115,0.0,0.0,0.0,0.0,1.3445
2025-02-02,18,116,0.0,0.0,0.0,0.0,1.3483
2025-02-02,18,117,1.4666701994328832,1.4666701994328832,0.0,0.0,1.349
2025-02-02,18,118,0.0,0.0,0.0,0.0,1.3473
2025-02-02,18,119,0.0,0.0,0.0,0.0,1.3482
2025-02-02,18,120,0.0,0.0,0.0,0.0,1.3513
2025-02-02,18,121,253.14094112906378,253.14094112906378,0.0,0.0,1.34
2025-02-02,18,122,3.933102940497747,3.933102940497747,0.0,0.0,1.3489
2025-02-02,18,123,0.0,0.0,0.0,0.0,1.3952
2025-02-02,18,124,819.5139639081407,819.5139639081407,0.0,0.0,1.2226
2025-02-02,18,125,807.1823041688343,807.1823041688343,0.0,0.0,0.9332
2025-02-02,18,126,797.9862711253276,797.9862711253276,0.0,0.0,0.9068
2025-02-02,18,127,811.1467145523156,811.1467145523156,0.0,0.0,0.9371
2025-02-02,18,128,790.3263493928885,790.3263493928885,0.0,0.0,0.9371
2025-02-02,18,129,796.8005257318997,796.8005257318997,0.0,0.0,0.9871
2025-02-02,18,130,727.9300665493791,727.9300665493791,0.0,0.0,0.7764
2025-02-02,18,131,622.1946159442142,622.1946159442142,0.0,0.0,0.4209
2025-02-02,18,132,608.8291723407564,608.8291723407564,0.0,0.0,0.3859
2025-02-02,18,133,605.9829264616226,605.9829264616226,0.0,0.0,0.4368
2025-02-02,18,134,610.7443062037357,610.7443062037357,0.0,0.0,0.4198
2025-02-02,18,135,622.9364654253412,622.9364654253412,0.0,0.0,0.4186
2025-02-02,18,136,639.8858816632704,639.8858816632704,0.0,0.0,0.4241
2025-02-02,18,137,650.0181154692967,650.0181154692967,0.0,0.0,0.4237
2025-02-02,18,138,660.1941419348576,660.1941419348576,0.0,0.0,0.4248
2025-02-02,18,139,650.091913937871,650.091913937871,0.0,0.0,0.424
2025-02-02,18,140,640.7615363480644,640.7615363480644,0.0,0.0,0.422
2025-02-02,18,141,639.3140870193077,639.3140870193077,0.0,0.0,0.424
2025-02-02,18,142,626.5680607405753,626.5680607405753,0.0,0.0,0.4271
2025-02-02,18,143,692.1913518693653,692.1913518693653,0.0,0.0,0.4276
2025-02-03,6,36,235.87668274965063,77.19930497187283,0.0,158.6773777777778,0.9368
2025-02-03,6,37,908.5713516578888,907.524364157889,0.0,1.0469874999998865,0.8758
2025-02-03,6,38,921.4566209798794,555.0840182544407,0.0,366.3726027254387,0.8759
2025-02-03,6,39,915.5952821834741,910.0518266279187,0.0,5.543455555555397,0.8601
2025-02-03,6,40,893.3843970700041,886.2570970700041,0.0,7.127299999999991,0.8442
2025-02-03,6,41,865.4965928021728,864.4471346216493,0.0,1.0494581805235157,0.8334
2025-02-03,6,42,813.8761773810056,796.5199509921168,0.0,17.356226388888786,0.8092
2025-02-03,6,43,765.5519975511306,753.4448517177974,0.0,12.10714583333322,0.7972
2025-02-03,6,44,700.599586011995,683.212976289773,0.0,17.386609722222033,0.7644
2025-02-03,6,45,1578.1256881942304,1535.0998020831194,0.0,43.02588611111105,0.6899
2025-02-03,6,46,680.1674158856293,646.7758548757245,0.0,33.391561009904876,0.86
2025-02-03,6,47,48.91567229822613,0.0,0.0,48.91567229822613,1.1617
2025-02-03,6,48,0.0,0.0,0.0,0.0,1.1683
2025-02-03,6,49,0.0,0.0,0.0,0.0,1.0956
2025-02-03,6,50,0.0,0.0,0.0,0.0,1.0849
2025-02-03,6,51,0.0,0.0,0.0,0.0,1.061
2025-02-03,6,52,0.0,0.0,0.0,0.0,1.043
2025-02-03,6,53,0.0,0.0,0.0,0.0,1.036
2025-02-03,6,54,0.0,0.0,0.0,0.0,1.0147
2025-02-03,6,55,0.0,0.0,0.0,0.0,0.9922
2025-02-03,6,56,0.0,0.0,0.0,0.0,0.97
2025-02-03,6,57,461.68557867456246,0.0,0.0,461.68557867456246,0.9422
2025-02-03,6,58,0.0,0.0,0.0,0.0,0.9569
2025-02-03,6,59,0.0,0.0,0.0,0.0,0.9977
2025-02-03,6,60,0.0,0.0,0.0,0.0,0.9919
2025-02-03,6,61,0.0,0.0,0.0,0.0,0.9588
2025-02-03,6,62,178.1179442016645,0.0,0.0,178.1179442016645,0.9549
2025-02-03,6,63,0.0,0.0,0.0,0.0,0.9839
2025-02-03,6,64,291.03112386911516,131.10476917558162,0.0,159.92635469353354,0.799
2025-02-03,6,65,1159.4760525488246,123.74339689991189,0.0,1035.7326556489127,0.5025
2025-02-03,6,66,1215.173950488027,1013.875772710249,0.0,201.29817777777805,0.4662
2025-02-03,6,67,1231.0960090391973,904.5903359927584,0.0,326.5056730464389,0.5007
2025-02-03,6,68,1154.8494643249046,999.8736020637301,0.0,154.97586226117448,0.4827
2025-02-03,6,69,1156.84026168465,991.2647016207627,0.0,165.57556006388722,0.4785
2025-02-03,6,70,1098.3800314343064,937.3998981009729,0.0,160.98013333333347,0.4662
2025-02-03,6,71,1035.860481121628,907.8185931046794,0.0,128.04188801694863,0.4432
2025-02-03,12,72,1084.4912623781743,897.929620254993,0.0,186.5616421231813,0.4411
2025-02-03,12,73,1097.5717202822516,921.8210119489183,0.0,175.75070833333325,0.4551
2025-02-03,12,74,1077.185827580905,901.174613692016,0.0,176.01121388888896,0.4463
2025-02-03,12,75,1044.8662739633764,885.673708916939,0.0,159.1925650464375,0.4113
2025-02-03,12,76,1110.7179616155981,955.1020166981979,0.0,155.61594491740027,0.5682
2025-02-03,12,77,307.07284484885196,139.32860022185756,0.0,167.7442446269944,0.8279
2025-02-03,12,78,298.5656165380069,174.45222879125336,0.0,124.11338774675355,0.8636
2025-02-03,12,79,290.0933807693559,192.95273076935595,0.0,97.14064999999997,0.8416
2025-02-03,12,80,312.68562204671224,204.7990403451619,0.0,107.88658170155034,0.8618
2025-02-03,12,81,306.6791604803516,203.0268386422869,0.0,103.6523218380647,0.8623
2025-02-03,12,82,415.0773477805571,25.47392342251885,0.0,389.60342435803824,0.9026
2025-02-03,12,83,0.0,0.0,0.0,0.0,0.9754
2025-02-03,12,84,0.0,0.0,0.0,0.0,1.0002
2025-02-03,12,85,0.0,0.0,0.0,0.0,0.9978
2025-02-03,12,86,0.0,0.0,0.0,0.0,1.0271
2025-02-03,12,87,0.0,0.0,0.0,0.0,1.0906
2025-02-03,12,88,562.1526600580763,0.0,0.0,562.1526600580763,0.9376
2025-02-03,12,89,1456.8524691434982,1290.2806552546094,0.0,166.57181388888876,0.6694
2025-02-03,12,90,1411.7503983228817,1276.6147530885492,0.0,135.13564523433251,0.66
2025-02-03,12,91,1433.989517887664,1333.6816242158811,0.0,100.30789367178295,0.7217
2025-02-03,12,92,1501.1504703297417,1437.5192418843449,0.0,63.6312284453968,0.7308
2025-02-03,12,93,703.0406763912789,651.2439789058278,0.0,51.79669748545109,0.7534
2025-02-03,12,94,757.4018107513789,696.0253492076632,0.0,61.37646154371566,0.7823
2025-02-03,12,95,792.2053388604096,742.3717056608784,0.0,49.833633199531164,0.8055
2025-02-03,12,96,829.8917394309111,754.441788557704,0.0,75.44995087320717,0.8271
2025-02-03,12,97,833.725960011356,812.2249912914327,0.0,21.50096871992332,0.8519
2025-02-03,12,98,871.0675284765726,843.2054223045361,0.0,27.862106172036533,0.8791
2025-02-03,12,99,912.7562321840373,895.2484182951484,0.0,17.507813888888904,0.9024
2025-02-03,12,100,944.329315902797,931.9767409027969,0.0,12.352575000000115,0.9163
2025-02-03,12,101,1000.1261016176541,995.7732530065431,0.0,4.352848611110971,0.9264
2025-02-03,12,102,988.8678042102978,982.9465437329545,0.0,5.921260477343253,0.9462
2025-02-03,12,103,1000.9182849355911,1000.9182849355911,0.0,0.0,0.9742
2025-02-03,12,104,1043.083868836464,1043.083868836464,0.0,0.0,0.9862
2025-02-03,12,105,1076.1692346386437,1071.5807068608658,0.0,4.5885277777779265,0.976
2025-02-03,12,106,949.225023923224,949.225023923224,0.0,0.0,1.0742
2025-02-03,12,107,752.0537422697197,751.1360367141642,0.0,0.9177055555554716,1.2313
2025-02-03,18,108,716.5753189895687,716.5753189895687,0.0,0.0,1.2561
2025-02-03,18,109,742.8357701227292,742.8357701227292,0.0,0.0,1.2447
2025-02-03,18,110,720.9565668139531,720.9565668139531,0.0,0.0,1.2545
2025-02-03,18,111,752.4523918429663,752.4523918429663,0.0,0.0,1.2522
2025-02-03,18,112,271.88438684061174,271.88438684061174,0.0,0.0,1.2881
2025-02-03,18,113,0.0,0.0,0.0,0.0,1.3466
2025-02-03,18,114,0.0,0.0,0.0,0.0,1.3523
2025-02-03,18,115,0.0,0.0,0.0,0.0,1.3445
2025-02-03,18,116,0.0,0.0,0.0,0.0,1.3483
2025-02-03,18,117,0.0,0.0,0.0,0.0,1.349
2025-02-03,18,118,0.0,0.0,0.0,0.0,1.3473
2025-02-03,18,119,0.0,0.0,0.0,0.0,1.3482
2025-02-03,18,120,0.0,0.0,0.0,0.0,1.3513
2025-02-03,18,121,0.0,0.0,0.0,0.0,1.34
2025-02-03,18,122,0.0,0.0,0.0,0.0,1.3489
2025-02-03,18,123,0.0,0.0,0.0,0.0,1.3952
2025-02-03,18,124,738.6564738015705,738.6564738015705,0.0,0.0,1.2226
2025-02-03,18,125,734.0505688720497,734.0505688720497,0.0,0.0,0.9332
2025-02-03,18,126,739.9953668001446,739.9953668001446,0.0,0.0,0.9068
2025-02-03,18,127,745.7815495329927,745.7815495329927,0.0,0.0,0.9371
2025-02-03,18,128,754.290762935454,754.290762935454,0.0,0.0,0.9371
2025-02-03,18,129,788.5856378937647,788.5856378937647,0.0,0.0,0.9871
2025-02-03,18,130,722.2403036866657,722.2403036866657,0.0,0.0,0.7764
2025-02-03,18,131,618.6930446999637,618.6930446999637,0.0,0.0,0.4209
2025-02-03,18,132,586.5243855766774,586.5243855766774,0.0,0.0,0.3859
2025-02-03,18,133,584.1167691064346,584.1167691064346,0.0,0.0,0.4368
2025-02-03,18,134,594.2159032985265,594.2159032985265,0.0,0.0,0.4198
2025-02-03,18,135,582.3203925810699,582.3203925810699,0.0,0.0,0.4186
2025-02-03,18,136,573.8712158077167,573.8712158077167,0.0,0.0,0.4241
2025-02-03,18,137,574.725595099382,574.725595099382,0.0,0.0,0.4237
2025-02-03,18,138,588.8812865432666,588.8812865432666,0.0,0.0,0.4248
2025-02-03,18,139,612.2559588180342,612.2559588180342,0.0,0.0,0.424
2025-02-03,18,140,613.6677858858985,613.6677858858985,0.0,0.0,0.422
2025-02-03,18,141,614.3630824741118,614.3630824741118,0.0,0.0,0.424
2025-02-03,18,142,624.4557943511005,624.4557943511005,0.0,0.0,0.4271
2025-02-03,18,143,589.6373884118829,589.6373884118829,0.0,0.0,0.4276
2025-02-04,6,36,240.348576259085,240.348576259085,0.0,0.0,0.9368
2025-02-04,6,37,896.1991482100319,895.5066357100318,0.0,0.6925125000001344,0.8758
2025-02-04,6,38,898.2348313095191,898.2348313095191,0.0,0.0,0.8759
2025-02-04,6,39,907.4370398104771,907.4370398104771,0.0,0.0,0.8601
2025-02-04,6,40,889.9420948299065,889.9420948299065,0.0,0.0,0.8442
2025-02-04,6,41,868.008420556786,868.008420556786,0.0,0.0,0.8334
2025-02-04,6,42,822.9893824419397,822.9893824419397,0.0,0.0,0.8092
2025-02-04,6,43,785.1076875022692,778.8092364275744,0.0,6.2984510746947535,0.7972
2025-02-04,6,44,720.5693999263859,720.5693999263859,0.0,0.0,0.7644
2025-02-04,6,45,1575.829109070824,1562.0980646263795,0.0,13.731044444444478,0.6899
2025-02-04,6,46,730.5537768194905,730.5537768194905,0.0,0.0,0.86
2025-02-04,6,47,81.40471512264412,81.40471512264412,0.0,0.0,1.1617
2025-02-04,6,48,26.012342373656338,26.012342373656338,0.0,0.0,1.1683
2025-02-04,6,49,0.0,0.0,0.0,0.0,1.0956
2025-02-04,6,50,0.0,0.0,0.0,0.0,1.0849
2025-02-04,6,51,0.0,0.0,0.0,0.0,1.061
2025-02-04,6,52,0.0,0.0,0.0,0.0,1.043
2025-02-04,6,53,0.0,0.0,0.0,0.0,1.036
2025-02-04,6,54,0.0,0.0,0.0,0.0,1.0147
2025-02-04,6,55,0.0,0.0,0.0,0.0,0.9922
2025-02-04,6,56,0.0,0.0,0.0,0.0,0.97
2025-02-04,6,57,455.0185768404205,455.0185768404205,0.0,0.0,0.9422
2025-02-04,6,58,0.0,0.0,0.0,0.0,0.9569
2025-02-04,6,59,0.0,0.0,0.0,0.0,0.9977
2025-02-04,6,60,0.0,0.0,0.0,0.0,0.9919
2025-02-04,6,61,0.0,0.0,0.0,0.0,0.9588
2025-02-04,6,62,80.36247201263708,80.36247201263708,0.0,0.0,0.9549
2025-02-04,6,63,0.0,0.0,0.0,0.0,0.9839
2025-02-04,6,64,215.76416921882569,215.76416921882569,0.0,0.0,0.799
2025-02-04,6,65,1132.7447768089664,227.07779296029423,0.0,905.6669838486722,0.5025
2025-02-04,6,66,1182.7147535925403,1154.179188314762,0.0,28.535565277778232,0.4662
2025-02-04,6,67,1176.5309738683327,218.6384851394463,0.0,957.8924887288864,0.5007
2025-02-04,6,68,1102.6651881515506,802.8709085108817,0.0,299.79427964066895,0.4827
2025-02-04,6,69,1131.3427651811453,1080.5226082367008,0.0,50.820156944444534,0.4785
2025-02-04,6,70,1076.312100182112,1018.0637460154452,0.0,58.2483541666669,0.4662
2025-02-04,6,71,981.6224257882725,890.346073365432,0.0,91.27635242284055,0.4432
2025-02-04,12,72,1036.1165399524461,815.6493138979371,0.0,220.46722605450907,0.4411
2025-02-04,12,73,1076.0774567007443,886.1108608674111,0.0,189.96659583333314,0.4551
2025-02-04,12,74,1051.3706279658668,863.8753460214223,0.0,187.4952819444445,0.4463
2025-02-04,12,75,1025.996736606232,861.5496118563885,0.0,164.4471247498434,0.4113
2025-02-04,12,76,1112.444092984242,938.6727147335085,0.0,173.7713782507334,0.5682
2025-02-04,12,77,289.4830775329113,139.96960443420707,0.0,149.51347309870422,0.8279
2025-02-04,12,78,310.31908464812585,143.9454696122431,0.0,166.37361503588275,0.8636
2025-02-04,12,79,315.9701693129726,216.13206514630596,0.0,99.83810416666662,0.8416
2025-02-04,12,80,357.37648242478434,261.3159548899007,0.0,96.06052753488365,0.8618
2025-02-04,12,81,331.2752628422465,253.97250350418184,0.0,77.30275933806465,0.8623
2025-02-04,12,82,420.76909797626405,261.0104461424914,0.0,159.75865183377266,0.9026
2025-02-04,12,83,0.0,0.0,0.0,0.0,0.9754
2025-02-04,12,84,0.0,0.0,0.0,0.0,1.0002
2025-02-04,12,85,0.0,0.0,0.0,0.0,0.9978
2025-02-04,12,86,0.0,0.0,0.0,0.0,1.0271
2025-02-04,12,87,0.0,0.0,0.0,0.0,1.0906
2025-02-04,12,88,452.7542786637352,0.0,0.0,452.7542786637352,0.9376
2025-02-04,12,89,1645.0378143702837,1344.4750727036171,0.0,300.5627416666666,0.6694
2025-02-04,12,90,1633.1026509184385,1356.3002275955564,0.0,276.8024233228821,0.66
2025-02-04,12,91,1632.8603952727904,1380.4753816126777,0.0,252.3850136601127,0.7217
2025-02-04,12,92,1661.0102977934782,1459.4498110147483,0.0,201.5604867787299,0.7308
2025-02-04,12,93,1720.1617046993879,1351.0452319099754,0.0,369.11647278941246,0.7534
2025-02-04,12,94,892.4103984907828,675.7349878361891,0.0,216.67541065459363,0.7823
2025-02-04,12,95,885.8176706995686,697.9594415343105,0.0,187.85822916525808,0.8055
2025-02-04,12,96,901.1191179796228,736.3813704446853,0.0,164.7377475349375,0.8271
2025-02-04,12,97,903.6362547224438,785.3063411684622,0.0,118.32991355398167,0.8519
2025-02-04,12,98,943.625298184239,864.4023898509057,0.0,79.2229083333333,0.8791
2025-02-04,12,99,975.7384865316291,900.9257906982957,0.0,74.81269583333335,0.9024
2025-02-04,12,100,987.2344269231622,935.0369560898289,0.0,52.19747083333334,0.9163
2025-02-04,12,101,1014.8208071191256,976.6009182302365,0.0,38.219888888889045,0.9264
2025-02-04,12,102,1022.4578002298075,1004.0195328080199,0.0,18.4382674217876,0.9462
2025-02-04,12,103,1046.5579800027751,1046.5579800027751,0.0,0.0,0.9742
2025-02-04,12,104,1054.6119373317495,1040.9193671063963,0.0,13.692570225353165,0.9862
2025-02-04,12,105,1092.2339452980493,1092.2339452980493,0.0,0.0,0.976
2025-02-04,12,106,964.4457078967117,958.2788620633786,0.0,6.166845833333127,1.0742
2025-02-04,12,107,760.4141946394006,760.4141946394006,0.0,0.0,1.2313
2025-02-04,18,108,718.0640970842901,718.0640970842901,0.0,0.0,1.2561
2025-02-04,18,109,753.2517717066854,753.2517717066854,0.0,0.0,1.2447
2025-02-04,18,110,741.4198801803542,741.4198801803542,0.0,0.0,1.2545
2025-02-04,18,111,725.2321192318453,725.2321192318453,0.0,0.0,1.2522
2025-02-04,18,112,239.4237759439468,239.4237759439468,0.0,0.0,1.2881
2025-02-04,18,113,0.0,0.0,0.0,0.0,1.3466
2025-02-04,18,114,0.0,0.0,0.0,0.0,1.3523
2025-02-04,18,115,0.0,0.0,0.0,0.0,1.3445
2025-02-04,18,116,0.0,0.0,0.0,0.0,1.3483
2025-02-04,18,117,0.0,0.0,0.0,0.0,1.349
2025-02-04,18,118,0.0,0.0,0.0,0.0,1.3473
2025-02-04,18,119,0.0,0.0,0.0,0.0,1.3482
2025-02-04,18,120,0.0,0.0,0.0,0.0,1.3513
2025-02-04,18,121,0.0,0.0,0.0,0.0,1.34
2025-02-04,18,122,0.0,0.0,0.0,0.0,1.3489
2025-02-04,18,123,0.0,0.0,0.0,0.0,1.3952
2025-02-04,18,124,723.808921605042,723.808921605042,0.0,0.0,1.2226
2025-02-04,18,125,733.0047960546107,733.0047960546107,0.0,0.0,0.9332
2025-02-04,18,126,747.2887464592121,747.2887464592121,0.0,0.0,0.9068
2025-02-04,18,127,736.8641347770525,736.8641347770525,0.0,0.0,0.9371
2025-02-04,18,128,725.3186169127415,725.3186169127415,0.0,0.0,0.9371
2025-02-04,18,129,785.7904238597115,785.7904238597115,0.0,0.0,0.9871
2025-02-04,18,130,731.0894630734628,731.0894630734628,0.0,0.0,0.7764
2025-02-04,18,131,601.4595534678984,601.4595534678984,0.0,0.0,0.4209
2025-02-04,18,132,545.7066379502062,545.7066379502062,0.0,0.0,0.3859
2025-02-04,18,133,536.4262026978585,536.4262026978585,0.0,0.0,0.4368
2025-02-04,18,134,539.0279046935729,539.0279046935729,0.0,0.0,0.4198
2025-02-04,18,135,582.0793000379712,582.0793000379712,0.0,0.0,0.4186
2025-02-04,18,136,592.7567901611757,592.7567901611757,0.0,0.0,0.4241
2025-02-04,18,137,592.4333617319775,592.4333617319775,0.0,0.0,0.4237
2025-02-04,18,138,589.7501204855648,589.7501204855648,0.0,0.0,0.4248
2025-02-04,18,139,601.1662745797265,601.1662745797265,0.0,0.0,0.424
2025-02-04,18,140,598.7687188143595,598.7687188143595,0.0,0.0,0.422
2025-02-04,18,141,595.0330683439735,595.0330683439735,0.0,0.0,0.424
2025-02-04,18,142,605.857581212624,605.857581212624,0.0,0.0,0.4271
2025-02-04,18,143,603.2207245695064,603.2207245695064,0.0,0.0,0.4276
2025-02-05,6,36,216.33703216460026,216.33703216460026,0.0,0.0,0.9368
2025-02-05,6,37,862.0700380575768,862.0700380575768,0.0,0.0,0.8758
2025-02-05,6,38,881.5829638446861,881.5829638446861,0.0,0.0,0.8759
2025-02-05,6,39,890.9323688049317,890.9323688049317,0.0,0.0,0.8601
2025-02-05,6,40,878.4513615413872,878.4513615413872,0.0,0.0,0.8442
2025-02-05,6,41,818.5891735668787,818.5891735668787,0.0,0.0,0.8334
2025-02-05,6,42,778.4660526067095,778.4660526067095,0.0,0.0,0.8092
2025-02-05,6,43,746.9644852464904,746.9644852464904,0.0,0.0,0.7972
2025-02-05,6,44,699.2678384791819,699.2678384791819,0.0,0.0,0.7644
2025-02-05,6,45,1581.662945226543,1581.662945226543,0.0,0.0,0.6899
2025-02-05,6,46,715.6757017250835,715.6757017250835,0.0,0.0,0.86
2025-02-05,6,47,70.30367811192286,70.30367811192286,0.0,0.0,1.1617
2025-02-05,6,48,21.57270039809066,21.57270039809066,0.0,0.0,1.1683
2025-02-05,6,49,0.0,0.0,0.0,0.0,1.0956
2025-02-05,6,50,0.0,0.0,0.0,0.0,1.0849
2025-02-05,6,51,0.0,0.0,0.0,0.0,1.061
2025-02-05,6,52,0.0,0.0,0.0,0.0,1.043
2025-02-05,6,53,0.0,0.0,0.0,0.0,1.036
2025-02-05,6,54,0.0,0.0,0.0,0.0,1.0147
2025-02-05,6,55,0.0,0.0,0.0,0.0,0.9922
2025-02-05,6,56,0.0,0.0,0.0,0.0,0.97
2025-02-05,6,57,245.11837131164827,245.11837131164827,0.0,0.0,0.9422
2025-02-05,6,58,0.0,0.0,0.0,0.0,0.9569
2025-02-05,6,59,0.0,0.0,0.0,0.0,0.9977
2025-02-05,6,60,0.0,0.0,0.0,0.0,0.9919
2025-02-05,6,61,0.0,0.0,0.0,0.0,0.9588
2025-02-05,6,62,0.0,0.0,0.0,0.0,0.9549
2025-02-05,6,63,0.0,0.0,0.0,0.0,0.9839
2025-02-05,6,64,145.98221099285624,145.98221099285624,0.0,0.0,0.799
2025-02-05,6,65,1054.2888033932109,1054.2888033932109,0.0,0.0,0.5025
2025-02-05,6,66,1089.6989935645188,1089.6989935645188,0.0,0.0,0.4662
2025-02-05,6,67,1084.2929307441864,1084.2929307441864,0.0,0.0,0.5007
2025-02-05,6,68,995.1370840139036,995.1370840139036,0.0,0.0,0.4827
2025-02-05,6,69,1010.3637476246026,1010.3637476246026,0.0,0.0,0.4785
2025-02-05,6,70,967.2519755027237,967.2519755027237,0.0,0.0,0.4662
2025-02-05,6,71,891.6079409426379,891.6079409426379,0.0,0.0,0.4432
2025-02-05,12,72,924.288002351689,911.2969137971799,0.0,12.991088554509133,0.4411
2025-02-05,12,73,943.9623946861418,940.0595780194753,0.0,3.9028166666664674,0.4551
2025-02-05,12,74,930.2167085450199,907.3728474339086,0.0,22.84386111111121,0.4463
2025-02-05,12,75,922.4107511736063,901.202688923763,0.0,21.208062249843238,0.4113
2025-02-05,12,76,1005.6819283711861,953.7372542871194,0.0,51.94467408406672,0.5682
2025-02-05,12,77,173.93901912292677,124.83989185755627,0.0,49.0991272653705,0.8279
2025-02-05,12,78,205.23568570268284,125.99689566680036,0.0,79.23879003588249,0.8636
2025-02-05,12,79,195.57792120319104,130.4529435568852,0.0,65.12497764630584,0.8416
2025-02-05,12,80,199.74776724147674,180.5286980399263,0.0,19.21906920155044,0.8618
2025-02-05,12,81,216.8737967233175,151.80538945298895,0.0,65.06840727032855,0.8623
2025-02-05,12,82,243.1839690581687,0.0,0.0,243.1839690581687,0.9026
2025-02-05,12,83,0.0,0.0,0.0,0.0,0.9754
2025-02-05,12,84,0.0,0.0,0.0,0.0,1.0002
2025-02-05,12,85,0.0,0.0,0.0,0.0,0.9978
2025-02-05,12,86,0.0,0.0,0.0,0.0,1.0271
2025-02-05,12,87,0.0,0.0,0.0,0.0,1.0906
2025-02-05,12,88,28.655258852665668,0.0,0.0,28.655258852665668,0.9376
2025-02-05,12,89,1453.157916175568,1310.0397689533456,0.0,143.11814722222243,0.6694
2025-02-05,12,90,1447.314342667894,1342.6915403605667,0.0,104.62280230732722,0.66
2025-02-05,12,91,1477.8471245536807,1382.8846751142237,0.0,94.96244943945703,0.7217
2025-02-05,12,92,1527.7821952996453,825.7542314656835,0.0,702.0279638339618,0.7308
2025-02-05,12,93,708.9900797599322,616.1316414140053,0.0,92.85843834592686,0.7534
2025-02-05,12,94,757.7389372721509,666.6637382284352,0.0,91.07519904371566,0.7823
2025-02-05,12,95,794.7081014291361,688.5225569861004,0.0,106.18554444303572,0.8055
2025-02-05,12,96,827.0073753810822,728.3581768459038,0.0,98.64919853517836,0.8271
2025-02-05,12,97,844.9810351941037,784.771346640122,0.0,60.209688553981664,0.8519
2025-02-05,12,98,887.9633432361805,833.5176105929413,0.0,54.44573264323924,0.8791
2025-02-05,12,99,877.131507621231,857.0056914920839,0.0,20.125816129147097,0.9024
2025-02-05,12,100,918.2853543594252,893.2445713677176,0.0,25.0407829917076,0.9163
2025-02-05,12,101,1004.4872584765909,1001.7673242857992,0.0,2.7199341907917187,0.9264
2025-02-05,12,102,1023.6798464616637,1014.9334498732095,0.0,8.746396588454218,0.9462
2025-02-05,12,103,1026.0299804284411,1011.242605428441,0.0,14.787375000000111,0.9742
2025-02-05,12,104,1018.7570869597251,1017.2863693690593,0.0,1.4707175906657994,0.9862
2025-02-05,12,105,1056.0715696326129,1056.0715696326129,0.0,0.0,0.976
2025-02-05,12,106,938.2363070801576,934.7126987468245,0.0,3.5236083333331862,1.0742
2025-02-05,12,107,742.0069626943031,742.0069626943031,0.0,0.0,1.2313
2025-02-05,18,108,702.1991418281345,702.1991418281345,0.0,0.0,1.2561
2025-02-05,18,109,733.2596194528537,733.2596194528537,0.0,0.0,1.2447
2025-02-05,18,110,717.952391208756,717.952391208756,0.0,0.0,1.2545
2025-02-05,18,111,737.1842837576228,737.1842837576228,0.0,0.0,1.2522
2025-02-05,18,112,43.68420246913297,43.68420246913297,0.0,0.0,1.2881
2025-02-05,18,113,0.0,0.0,0.0,0.0,1.3466
2025-02-05,18,114,0.0,0.0,0.0,0.0,1.3523
2025-02-05,18,115,0.0,0.0,0.0,0.0,1.3445
2025-02-05,18,116,0.0,0.0,0.0,0.0,1.3483
2025-02-05,18,117,0.0,0.0,0.0,0.0,1.349
2025-02-05,18,118,0.0,0.0,0.0,0.0,1.3473
2025-02-05,18,119,0.0,0.0,0.0,0.0,1.3482
2025-02-05,18,120,0.0,0.0,0.0,0.0,1.3513
2025-02-05,18,121,0.0,0.0,0.0,0.0,1.34
2025-02-05,18,122,0.0,0.0,0.0,0.0,1.3489
2025-02-05,18,123,0.0,0.0,0.0,0.0,1.3952
2025-02-05,18,124,732.957347826161,732.957347826161,0.0,0.0,1.2226
2025-02-05,18,125,729.8287430521253,729.8287430521253,0.0,0.0,0.9332
2025-02-05,18,126,717.7743487875782,717.7743487875782,0.0,0.0,0.9068
2025-02-05,18,127,718.7265947077763,718.7265947077763,0.0,0.0,0.9371
2025-02-05,18,128,749.167193584436,749.167193584436,0.0,0.0,0.9371
2025-02-05,18,129,794.8509263830351,794.8509263830351,0.0,0.0,0.9871
2025-02-05,18,130,750.7795229649254,750.7795229649254,0.0,0.0,0.7764
2025-02-05,18,131,642.6582665226346,642.6582665226346,0.0,0.0,0.4209
2025-02-05,18,132,592.8860924999354,592.8860924999354,0.0,0.0,0.3859
2025-02-05,18,133,578.5757435880957,578.5757435880957,0.0,0.0,0.4368
2025-02-05,18,134,573.83588793617,573.83588793617,0.0,0.0,0.4198
2025-02-05,18,135,569.3895991862074,569.3895991862074,0.0,0.0,0.4186
2025-02-05,18,136,572.2710437575566,572.2710437575566,0.0,0.0,0.4241
2025-02-05,18,137,586.6025757227043,586.6025757227043,0.0,0.0,0.4237
2025-02-05,18,138,568.3364566351596,568.3364566351596,0.0,0.0,0.4248
2025-02-05,18,139,586.2769100741368,586.2769100741368,0.0,0.0,0.424
2025-02-05,18,140,583.1863646762561,583.1863646762561,0.0,0.0,0.422
2025-02-05,18,141,580.1578526827046,580.1578526827046,0.0,0.0,0.424
2025-02-05,18,142,585.0453511069642,585.0453511069642,0.0,0.0,0.4271
2025-02-05,18,143,590.9701380148094,590.9701380148094,0.0,0.0,0.4276
2025-02-06,6,36,238.64084731194032,148.79448517882463,0.0,89.84636213311569,0.9368
2025-02-06,6,37,907.2513374047777,907.2513374047777,0.0,0.0,0.8758
2025-02-06,6,38,908.5509120019227,908.5509120019227,0.0,0.0,0.8759
2025-02-06,6,39,900.2420749677839,900.2420749677839,0.0,0.0,0.8601
2025-02-06,6,40,860.4261199353291,860.4261199353291,0.0,0.0,0.8442
2025-02-06,6,41,815.5586421529189,812.4741657640299,0.0,3.0844763888890157,0.8334
2025-02-06,6,42,795.4476121846616,791.3957635735507,0.0,4.051848611110927,0.8092
2025-02-06,6,43,779.6972695755495,768.6788192201421,0.0,11.018450355407367,0.7972
2025-02-06,6,44,691.5062369929869,679.4860303705306,0.0,12.020206622456385,0.7644
2025-02-06,6,45,1523.9328592309173,1514.4388915648688,0.0,9.493967666048547,0.6899
2025-02-06,6,46,747.8064527852536,727.1919944519203,0.0,20.614458333333232,0.86
2025-02-06,6,47,93.03479407875875,57.085667689869865,0.0,35.949126388888885,1.1617
2025-02-06,6,48,57.00502867812429,26.2109640595354,0.0,30.79406461858889,1.1683
2025-02-06,6,49,0.0,0.0,0.0,0.0,1.0956
2025-02-06,6,50,0.0,0.0,0.0,0.0,1.0849
2025-02-06,6,51,0.0,0.0,0.0,0.0,1.061
2025-02-06,6,52,0.0,0.0,0.0,0.0,1.043
2025-02-06,6,53,0.0,0.0,0.0,0.0,1.036
2025-02-06,6,54,0.0,0.0,0.0,0.0,1.0147
2025-02-06,6,55,0.0,0.0,0.0,0.0,0.9922
2025-02-06,6,56,0.0,0.0,0.0,0.0,0.97
2025-02-06,6,57,231.60058709123564,0.0,0.0,231.60058709123564,0.9422
2025-02-06,6,58,0.0,0.0,0.0,0.0,0.9569
2025-02-06,6,59,0.0,0.0,0.0,0.0,0.9977
2025-02-06,6,60,0.0,0.0,0.0,0.0,0.9919
2025-02-06,6,61,0.0,0.0,0.0,0.0,0.9588
2025-02-06,6,62,3.7470027081099023e-13,0.0,0.0,3.7470027081099023e-13,0.9549
2025-02-06,6,63,0.0,0.0,0.0,0.0,0.9839
2025-02-06,6,64,175.16255067848533,175.16255067848533,0.0,0.0,0.799
2025-02-06,6,65,1081.6000150601167,143.807650655889,0.0,937.7923644042277,0.5025
2025-02-06,6,66,1141.4576680761238,1081.7375166872348,0.0,59.72015138888901,0.4662
2025-02-06,6,67,1174.9335310353508,179.41861730646463,0.0,995.5149137288862,0.5007
2025-02-06,6,68,1120.973163162558,210.57681244475089,0.0,910.3963507178071,0.4827
2025-02-06,6,69,1172.5038375758306,838.2886651236435,0.0,334.2151724521872,0.4785
2025-02-06,6,70,1157.4724733864941,1042.288177553161,0.0,115.18429583333318,0.4662
2025-02-06,6,71,1127.4807518563712,972.8306188779752,0.0,154.65013297839596,0.4432
2025-02-06,12,72,1168.972902839913,884.4551684520708,0.0,284.5177343878423,0.4411
2025-02-06,12,73,1183.4429088234033,919.8741546567368,0.0,263.5687541666665,0.4551
2025-02-06,12,74,1167.1327110639554,896.4836207861775,0.0,270.6490902777779,0.4463
2025-02-06,12,75,1118.847288762954,861.6947056797773,0.0,257.15258308317664,0.4113
2025-02-06,12,76,1164.0453531505827,888.0168665665161,0.0,276.0284865840666,0.5682
2025-02-06,12,77,309.37744820449234,48.05521677245514,0.0,261.3222314320372,0.8279
2025-02-06,12,78,352.7438133764569,95.4567467049319,0.0,257.287066671525,0.8636
2025-02-06,12,79,365.14980030155357,96.70923932191425,0.0,268.4405609796393,0.8416
2025-02-06,12,80,387.2604433193522,136.75884647433472,0.0,250.50159684501747,0.8618
2025-02-06,12,81,419.9358947396997,155.5214596915933,0.0,264.4144350481064,0.8623
2025-02-06,12,82,478.0221248146481,155.2870475110135,0.0,322.7350773036346,0.9026
2025-02-06,12,83,0.0,0.0,0.0,0.0,0.9754
2025-02-06,12,84,0.0,0.0,0.0,0.0,1.0002
2025-02-06,12,85,0.0,0.0,0.0,0.0,0.9978
2025-02-06,12,86,0.0,0.0,0.0,0.0,1.0271
2025-02-06,12,87,0.0,0.0,0.0,0.0,1.0906
2025-02-06,12,88,646.2309661086409,396.7715626172499,0.0,249.45940349139101,0.9376
2025-02-06,12,89,1593.3906848892111,1301.9672862781,0.0,291.4233986111112,0.6694
2025-02-06,12,90,1577.7896120984658,1333.2102334022497,0.0,244.57937869621605,0.66
2025-02-06,12,91,1593.5712563907775,1366.9716111179869,0.0,226.59964527279067,0.7217
2025-02-06,12,92,1627.4343787613386,1396.6353595321593,0.0,230.7990192291793,0.7308
2025-02-06,12,93,1678.965732599554,1444.1124021963478,0.0,234.8533304032062,0.7534
2025-02-06,12,94,853.1684029446682,658.2657495145504,0.0,194.90265343011777,0.7823
2025-02-06,12,95,869.778207353132,682.0549769313783,0.0,187.72323042175367,0.8055
2025-02-06,12,96,921.9206308327844,738.8417291311804,0.0,183.07890170160397,0.8271
2025-02-06,12,97,918.6197763593999,792.4163758036226,0.0,126.2034005557773,0.8519
2025-02-06,12,98,916.943874866769,826.937862366769,0.0,90.0060125,0.8791
2025-02-06,12,99,936.2099890643776,872.0919909907861,0.0,64.11799807359148,0.9024
2025-02-06,12,100,971.6632058633172,924.2053433633173,0.0,47.45786249999992,0.9163
2025-02-06,12,101,1009.7793228053223,972.1134047497666,0.0,37.66591805555572,0.9264
2025-02-06,12,102,1024.1915968825308,1007.9931891829655,0.0,16.198407699565337,0.9462
2025-02-06,12,103,1045.372354668821,1045.372354668821,0.0,0.0,0.9742
2025-02-06,12,104,1043.6027793998257,1043.5245308640997,0.0,0.07824853572606116,0.9862
2025-02-06,12,105,1070.698648449494,1066.7534510391033,0.0,3.9451974103906196,0.976
2025-02-06,12,106,944.2516932399285,938.6957182399286,0.0,5.555974999999876,1.0742
2025-02-06,12,107,739.5089996339912,738.8872998652541,0.0,0.6216997687370167,1.2313
2025-02-06,18,108,716.1904577880165,716.1904577880165,0.0,0.0,1.2561
2025-02-06,18,109,758.9711248968609,758.9711248968609,0.0,0.0,1.2447
2025-02-06,18,110,751.736523596357,751.736523596357,0.0,0.0,1.2545
2025-02-06,18,111,731.4951904789059,731.4951904789059,0.0,0.0,1.2522
2025-02-06,18,112,258.2536066433722,258.2536066433722,0.0,0.0,1.2881
2025-02-06,18,113,0.0,0.0,0.0,0.0,1.3466
2025-02-06,18,114,0.0,0.0,0.0,0.0,1.3523
2025-02-06,18,115,0.0,0.0,0.0,0.0,1.3445
2025-02-06,18,116,0.0,0.0,0.0,0.0,1.3483
2025-02-06,18,117,0.0,0.0,0.0,0.0,1.349
2025-02-06,18,118,0.0,0.0,0.0,0.0,1.3473
2025-02-06,18,119,0.0,0.0,0.0,0.0,1.3482
2025-02-06,18,120,0.0,0.0,0.0,0.0,1.3513
2025-02-06,18,121,0.0,0.0,0.0,0.0,1.34
2025-02-06,18,122,0.0,0.0,0.0,0.0,1.3489
2025-02-06,18,123,0.0,0.0,0.0,0.0,1.3952
2025-02-06,18,124,730.2264818373161,730.2264818373161,0.0,0.0,1.2226
2025-02-06,18,125,732.0620989941408,732.0620989941408,0.0,0.0,0.9332
2025-02-06,18,126,718.7125827721119,718.7125827721119,0.0,0.0,0.9068
2025-02-06,18,127,705.1964162471081,705.1964162471081,0.0,0.0,0.9371
2025-02-06,18,128,736.9680566474061,736.9680566474061,0.0,0.0,0.9371
2025-02-06,18,129,781.6251138561225,781.6251138561225,0.0,0.0,0.9871
2025-02-06,18,130,728.4650367943415,728.4650367943415,0.0,0.0,0.7764
2025-02-06,18,131,619.5462109420499,619.5462109420499,0.0,0.0,0.4209
2025-02-06,18,132,576.4208369592886,576.4208369592886,0.0,0.0,0.3859
2025-02-06,18,133,575.1620161312915,575.1620161312915,0.0,0.0,0.4368
2025-02-06,18,134,582.8881453106933,582.8881453106933,0.0,0.0,0.4198
2025-02-06,18,135,576.7310485793017,576.7310485793017,0.0,0.0,0.4186
2025-02-06,18,136,560.0584543824729,560.0584543824729,0.0,0.0,0.4241
2025-02-06,18,137,530.882800817248,530.882800817248,0.0,0.0,0.4237
2025-02-06,18,138,566.7440574609867,566.7440574609867,0.0,0.0,0.4248
2025-02-06,18,139,597.8366341531623,597.8366341531623,0.0,0.0,0.424
2025-02-06,18,140,593.8712186598403,593.8712186598403,0.0,0.0,0.422
2025-02-06,18,141,585.4790671379974,585.4790671379974,0.0,0.0,0.424
2025-02-06,18,142,557.0930015871103,557.0930015871103,0.0,0.0,0.4271
2025-02-06,18,143,478.100423625206,478.100423625206,0.0,0.0,0.4276
2025-02-07,6,36,0.0,0.0,0.0,0.0,0.9368
2025-02-07,6,37,0.0,0.0,0.0,0.0,0.8758
2025-02-07,6,38,0.0,0.0,0.0,0.0,0.8759
2025-02-07,6,39,0.0,0.0,0.0,0.0,0.8601
2025-02-07,6,40,0.0,0.0,0.0,0.0,0.8442
2025-02-07,6,41,0.0,0.0,0.0,0.0,0.8334
2025-02-07,6,42,0.0,0.0,0.0,0.0,0.8092
2025-02-07,6,43,468.3508331870085,468.3508331870085,0.0,0.0,0.7972
2025-02-07,6,44,483.6873556475794,480.58412284985553,0.0,3.1032327977238765,0.7644
2025-02-07,6,45,470.0001654527155,470.0001654527155,0.0,0.0,0.6899
2025-02-07,6,46,0.0,0.0,0.0,0.0,0.86
2025-02-07,6,47,0.0,0.0,0.0,0.0,1.1617
2025-02-07,6,48,0.0,0.0,0.0,0.0,1.1683
2025-02-07,6,49,0.0,0.0,0.0,0.0,1.0956
2025-02-07,6,50,0.0,0.0,0.0,0.0,1.0849
2025-02-07,6,51,0.0,0.0,0.0,0.0,1.061
2025-02-07,6,52,0.0,0.0,0.0,0.0,1.043
2025-02-07,6,53,0.0,0.0,0.0,0.0,1.036
2025-02-07,6,54,0.0,0.0,0.0,0.0,1.0147
2025-02-07,6,55,0.0,0.0,0.0,0.0,0.9922
2025-02-07,6,56,0.0,0.0,0.0,0.0,0.97
2025-02-07,6,57,0.0,0.0,0.0,0.0,0.9422
2025-02-07,6,58,0.0,0.0,0.0,0.0,0.9569
2025-02-07,6,59,0.0,0.0,0.0,0.0,0.9977
2025-02-07,6,60,0.0,0.0,0.0,0.0,0.9919
2025-02-07,6,61,0.0,0.0,0.0,0.0,0.9588
2025-02-07,6,62,0.0,0.0,0.0,0.0,0.9549
2025-02-07,6,63,0.0,0.0,0.0,0.0,0.9839
2025-02-07,6,64,0.0,0.0,0.0,0.0,0.799
2025-02-07,6,65,661.3761190063706,0.0,0.0,661.3761190063706,0.5025
2025-02-07,6,66,651.1022402260068,484.50324898658107,0.0,166.5989912394257,0.4662
2025-02-07,6,67,614.5696354080076,0.0,0.0,614.5696354080076,0.5007
2025-02-07,6,68,629.3861453084412,0.0,0.0,629.3861453084412,0.4827
2025-02-07,6,69,658.7118707491012,0.0,0.0,658.7118707491012,0.4785
2025-02-07,6,70,638.3956503900595,524.1647171695337,0.0,114.2309332205258,0.4662
2025-02-07,6,71,610.8828349777491,464.0735738065283,0.0,146.80926117122078,0.4432
2025-02-07,12,72,691.9361220408241,0.0,0.0,691.9361220408241,0.4411
2025-02-07,12,73,668.6298632246783,0.0,0.0,668.6298632246783,0.4551
2025-02-07,12,74,583.2044253066409,0.0,0.0,583.2044253066409,0.4463
2025-02-07,12,75,616.8688450539637,0.0,0.0,616.8688450539637,0.4113
2025-02-07,12,76,80.46713175793664,0.0,0.0,80.46713175793664,0.5682
2025-02-07,12,77,0.0,0.0,0.0,0.0,0.8279
2025-02-07,12,78,0.0,0.0,0.0,0.0,0.8636
2025-02-07,12,79,0.0,0.0,0.0,0.0,0.8416
2025-02-07,12,80,0.0,0.0,0.0,0.0,0.8618
2025-02-07,12,81,0.0,0.0,0.0,0.0,0.8623
2025-02-07,12,82,0.0,0.0,0.0,0.0,0.9026
2025-02-07,12,83,0.0,0.0,0.0,0.0,0.9754
2025-02-07,12,84,0.0,0.0,0.0,0.0,1.0002
2025-02-07,12,85,0.0,0.0,0.0,0.0,0.9978
2025-02-07,12,86,0.0,0.0,0.0,0.0,1.0271
2025-02-07,12,87,0.0,0.0,0.0,0.0,1.0906
2025-02-07,12,88,0.0,0.0,0.0,0.0,0.9376
2025-02-07,12,89,286.1756651275054,52.14887843414803,0.0,234.02678669335737,0.6694
2025-02-07,12,90,896.9143214592159,171.78507662306572,0.0,725.1292448361502,0.66
2025-02-07,12,91,349.64894620144287,170.98352292209879,0.0,178.66542327934408,0.7217
2025-02-07,12,92,385.7957849440122,201.4035877217901,0.0,184.3921972222221,0.7308
2025-02-07,12,93,400.7184420432116,207.31594337853144,0.0,193.40249866468017,0.7534
2025-02-07,12,94,442.31699133534795,286.31404229163235,0.0,156.0029490437156,0.7823
2025-02-07,12,95,469.17164930175085,308.9993881920484,0.0,160.17226110970245,0.8055
2025-02-07,12,96,513.8621656615984,370.13096295975333,0.0,143.73120270184506,0.8271
2025-02-07,12,97,543.5685826066813,451.8339237175707,0.0,91.73465888911056,0.8519
2025-02-07,12,98,577.3310057188432,511.6032317671388,0.0,65.72777395170442,0.8791
2025-02-07,12,99,574.0171789543305,530.5377588330995,0.0,43.47942012123099,0.9024
2025-02-07,12,100,551.1250885830951,523.2083544443519,0.0,27.91673413874321,0.9163
2025-02-07,12,101,530.3522554904317,502.3534719377921,0.0,27.998783552639622,0.9264
2025-02-07,12,102,567.213365425713,545.5560901959055,0.0,21.65727522980751,0.9462
2025-02-07,12,103,596.6751396560506,596.6751396560506,0.0,0.0,0.9742
2025-02-07,12,104,586.5703969220622,586.5703969220622,0.0,0.0,0.9862
2025-02-07,12,105,587.0944974353575,587.0944974353575,0.0,0.0,0.976
2025-02-07,12,106,555.7706154409663,550.420544607633,0.0,5.350070833333234,1.0742
2025-02-07,12,107,230.09587545763145,230.09587545763145,0.0,0.0,1.2313
2025-02-07,18,108,0.0,0.0,0.0,0.0,1.2561
2025-02-07,18,109,0.0,0.0,0.0,0.0,1.2447
2025-02-07,18,110,0.0,0.0,0.0,0.0,1.2545
2025-02-07,18,111,0.0,0.0,0.0,0.0,1.2522
2025-02-07,18,112,0.0,0.0,0.0,0.0,1.2881
2025-02-07,18,113,0.0,0.0,0.0,0.0,1.3466
2025-02-07,18,114,0.0,0.0,0.0,0.0,1.3523
2025-02-07,18,115,0.0,0.0,0.0,0.0,1.3445
2025-02-07,18,116,0.0,0.0,0.0,0.0,1.3483
2025-02-07,18,117,0.0,0.0,0.0,0.0,1.349
2025-02-07,18,118,0.0,0.0,0.0,0.0,1.3473
2025-02-07,18,119,0.0,0.0,0.0,0.0,1.3482
2025-02-07,18,120,0.0,0.0,0.0,0.0,1.3513
2025-02-07,18,121,0.0,0.0,0.0,0.0,1.34
2025-02-07,18,122,0.0,0.0,0.0,0.0,1.3489
2025-02-07,18,123,0.0,0.0,0.0,0.0,1.3952
2025-02-07,18,124,519.1721466473119,519.1721466473119,0.0,0.0,1.2226
2025-02-07,18,125,491.9604263461859,491.9604263461859,0.0,0.0,0.9332
2025-02-07,18,126,516.4217328334553,516.4217328334553,0.0,0.0,0.9068
2025-02-07,18,127,544.3396051166733,544.3396051166733,0.0,0.0,0.9371
2025-02-07,18,128,563.2148416099923,563.2148416099923,0.0,0.0,0.9371
2025-02-07,18,129,553.274275770384,553.274275770384,0.0,0.0,0.9871
2025-02-07,18,130,521.5867766559319,521.5867766559319,0.0,0.0,0.7764
2025-02-07,18,131,458.0167532474541,458.0167532474541,0.0,0.0,0.4209
2025-02-07,18,132,452.26217180930286,452.26217180930286,0.0,0.0,0.3859
2025-02-07,18,133,448.85786284940355,448.85786284940355,0.0,0.0,0.4368
2025-02-07,18,134,447.9214264864258,447.9214264864258,0.0,0.0,0.4198
2025-02-07,18,135,449.7340453636569,449.7340453636569,0.0,0.0,0.4186
2025-02-07,18,136,453.94825643723834,453.94825643723834,0.0,0.0,0.4241
2025-02-07,18,137,454.0798748495708,454.0798748495708,0.0,0.0,0.4237
2025-02-07,18,138,444.6907939203561,444.6907939203561,0.0,0.0,0.4248
2025-02-07,18,139,461.5039160413615,461.5039160413615,0.0,0.0,0.424
2025-02-07,18,140,456.2146776975849,456.2146776975849,0.0,0.0,0.422
2025-02-07,18,141,459.053718937447,459.053718937447,0.0,0.0,0.424
2025-02-07,18,142,452.2785275780005,452.2785275780005,0.0,0.0,0.4271
2025-02-07,18,143,444.5944235057794,444.5944235057794,0.0,0.0,0.4276
2025-02-08,6,36,0.0,0.0,0.0,0.0,0.9368
2025-02-08,6,37,0.0,0.0,0.0,0.0,0.8758
2025-02-08,6,38,0.0,0.0,0.0,0.0,0.8759
2025-02-08,6,39,0.0,0.0,0.0,0.0,0.8601
2025-02-08,6,40,0.0,0.0,0.0,0.0,0.8442
2025-02-08,6,41,0.0,0.0,0.0,0.0,0.8334
2025-02-08,6,42,144.87502981543878,144.87502981543878,0.0,0.0,0.8092
2025-02-08,6,43,559.50558349067,545.3322501573367,0.0,14.17333333333329,0.7972
2025-02-08,6,44,545.4844760731728,545.4844760731728,0.0,0.0,0.7644
2025-02-08,6,45,489.18242494971963,489.18242494971963,0.0,0.0,0.6899
2025-02-08,6,46,0.0,0.0,0.0,0.0,0.86
2025-02-08,6,47,0.0,0.0,0.0,0.0,1.1617
2025-02-08,6,48,0.0,0.0,0.0,0.0,1.1683
2025-02-08,6,49,0.0,0.0,0.0,0.0,1.0956
2025-02-08,6,50,0.0,0.0,0.0,0.0,1.0849
2025-02-08,6,51,0.0,0.0,0.0,0.0,1.061
2025-02-08,6,52,0.0,0.0,0.0,0.0,1.043
2025-02-08,6,53,0.0,0.0,0.0,0.0,1.036
2025-02-08,6,54,0.0,0.0,0.0,0.0,1.0147
2025-02-08,6,55,0.0,0.0,0.0,0.0,0.9922
2025-02-08,6,56,0.0,0.0,0.0,0.0,0.97
2025-02-08,6,57,0.0,0.0,0.0,0.0,0.9422
2025-02-08,6,58,0.0,0.0,0.0,0.0,0.9569
2025-02-08,6,59,0.0,0.0,0.0,0.0,0.9977
2025-02-08,6,60,0.0,0.0,0.0,0.0,0.9919
2025-02-08,6,61,0.0,0.0,0.0,0.0,0.9588
2025-02-08,6,62,0.0,0.0,0.0,0.0,0.9549
2025-02-08,6,63,0.0,0.0,0.0,0.0,0.9839
2025-02-08,6,64,0.0,0.0,0.0,0.0,0.799
2025-02-08,6,65,278.4548971811346,569.1901296333973,290.7352324522627,0.0,0.5025
2025-02-08,6,66,653.6840141150432,714.636401615043,60.95238749999987,0.0,0.4662
2025-02-08,6,67,690.0910632807094,742.313792447376,52.22272916666668,0.0,0.5007
2025-02-08,6,68,670.1848508993752,713.6779217327085,43.49307083333326,0.0,0.4827
2025-02-08,6,69,673.0768483999068,707.8402608999068,34.76341249999996,0.0,0.4785
2025-02-08,6,70,653.9422556558516,679.9760098225182,26.033754166666654,0.0,0.4662
2025-02-08,6,71,657.6304043446144,674.9345001779475,17.304095833333122,0.0,0.4432
2025-02-08,12,72,712.438811732974,0.0,0.0,712.438811732974,0.4411
2025-02-08,12,73,655.336848311483,0.0,0.0,655.336848311483,0.4551
2025-02-08,12,74,518.8389442654428,0.0,0.0,518.8389442654428,0.4463
2025-02-08,12,75,504.1905471458479,0.0,0.0,504.1905471458479,0.4113
2025-02-08,12,76,0.0,0.0,0.0,0.0,0.5682
2025-02-08,12,77,0.0,0.0,0.0,0.0,0.8279
2025-02-08,12,78,0.0,0.0,0.0,0.0,0.8636
2025-02-08,12,79,0.0,0.0,0.0,0.0,0.8416
2025-02-08,12,80,0.0,0.0,0.0,0.0,0.8618
2025-02-08,12,81,0.0,0.0,0.0,0.0,0.8623
2025-02-08,12,82,0.0,0.0,0.0,0.0,0.9026
2025-02-08,12,83,0.0,0.0,0.0,0.0,0.9754
2025-02-08,12,84,0.0,0.0,0.0,0.0,1.0002
2025-02-08,12,85,0.0,0.0,0.0,0.0,0.9978
2025-02-08,12,86,0.0,0.0,0.0,0.0,1.0271
2025-02-08,12,87,0.0,0.0,0.0,0.0,1.0906
2025-02-08,12,88,0.0,0.0,0.0,0.0,0.9376
2025-02-08,12,89,918.6446314842123,918.6446314842123,0.0,0.0,0.6694
2025-02-08,12,90,177.55650412136484,165.6557583179405,0.0,11.900745803424343,0.66
2025-02-08,12,91,173.1011184065128,173.1011184065128,0.0,0.0,0.7217
2025-02-08,12,92,219.1222689687958,219.1222689687958,0.0,0.0,0.7308
2025-02-08,12,93,258.81595423222444,258.81595423222444,0.0,0.0,0.7534
2025-02-08,12,94,297.62614559027446,297.62614559027446,0.0,0.0,0.7823
2025-02-08,12,95,338.5224150070807,347.0883150070808,8.565900000000056,0.0,0.8055
2025-02-08,12,96,394.5870586837573,394.5870586837573,0.0,0.0,0.8271
2025-02-08,12,97,487.3385583105815,487.3385583105815,0.0,0.0,0.8519
2025-02-08,12,98,528.2427950587405,528.2427950587405,0.0,0.0,0.8791
2025-02-08,12,99,599.5610460071343,599.5610460071343,0.0,0.0,0.9024
2025-02-08,12,100,615.1756392327793,615.1756392327793,0.0,0.0,0.9163
2025-02-08,12,101,651.5141912069435,651.5141912069435,0.0,0.0,0.9264
2025-02-08,12,102,672.6595033472731,672.6595033472731,0.0,0.0,0.9462
2025-02-08,12,103,673.8112696554166,673.8112696554166,0.0,0.0,0.9742
2025-02-08,12,104,677.7944463425072,677.7944463425072,0.0,0.0,0.9862
2025-02-08,12,105,684.7955936907679,684.7955936907679,0.0,0.0,0.976
2025-02-08,12,106,653.8659650474484,653.8659650474484,0.0,0.0,1.0742
2025-02-08,12,107,597.9681577045735,597.9681577045735,0.0,0.0,1.2313
2025-02-08,18,108,0.0,0.0,0.0,0.0,1.2561
2025-02-08,18,109,608.388635266328,608.388635266328,0.0,0.0,1.2447
2025-02-08,18,110,0.0,0.0,0.0,0.0,1.2545
2025-02-08,18,111,301.2930735022238,301.2930735022238,0.0,0.0,1.2522
2025-02-08,18,112,0.0,0.0,0.0,0.0,1.2881
2025-02-08,18,113,0.0,0.0,0.0,0.0,1.3466
2025-02-08,18,114,0.0,0.0,0.0,0.0,1.3523
2025-02-08,18,115,0.0,0.0,0.0,0.0,1.3445
2025-02-08,18,116,0.0,0.0,0.0,0.0,1.3483
2025-02-08,18,117,0.0,0.0,0.0,0.0,1.349
2025-02-08,18,118,0.0,0.0,0.0,0.0,1.3473
2025-02-08,18,119,0.0,0.0,0.0,0.0,1.3482
2025-02-08,18,120,0.0,0.0,0.0,0.0,1.3513
2025-02-08,18,121,0.0,0.0,0.0,0.0,1.34
2025-02-08,18,122,0.0,0.0,0.0,0.0,1.3489
2025-02-08,18,123,0.0,0.0,0.0,0.0,1.3952
2025-02-08,18,124,606.6105367919071,606.6105367919071,0.0,0.0,1.2226
2025-02-08,18,125,598.5400732846238,598.5400732846238,0.0,0.0,0.9332
2025-02-08,18,126,603.6417007542378,603.6417007542378,0.0,0.0,0.9068
2025-02-08,18,127,623.6144102175623,623.6144102175623,0.0,0.0,0.9371
2025-02-08,18,128,595.9413774350186,595.9413774350186,0.0,0.0,0.9371
2025-02-08,18,129,588.1624787389113,588.1624787389113,0.0,0.0,0.9871
2025-02-08,18,130,568.4139230935915,568.4139230935915,0.0,0.0,0.7764
2025-02-08,18,131,498.0826850755845,498.0826850755845,0.0,0.0,0.4209
2025-02-08,18,132,483.17446255821204,483.17446255821204,0.0,0.0,0.3859
2025-02-08,18,133,477.9761270468253,477.9761270468253,0.0,0.0,0.4368
2025-02-08,18,134,484.862533056704,484.862533056704,0.0,0.0,0.4198
2025-02-08,18,135,484.9537559180956,484.9537559180956,0.0,0.0,0.4186
2025-02-08,18,136,502.06344433264786,502.06344433264786,0.0,0.0,0.4241
2025-02-08,18,137,521.1663107201136,521.1663107201136,0.0,0.0,0.4237
2025-02-08,18,138,527.643409522019,527.643409522019,0.0,0.0,0.4248
2025-02-08,18,139,504.1740311414812,504.1740311414812,0.0,0.0,0.424
2025-02-08,18,140,486.3140365039908,486.3140365039908,0.0,0.0,0.422
2025-02-08,18,141,488.8162222633091,488.8162222633091,0.0,0.0,0.424
2025-02-08,18,142,496.18990499995067,496.18990499995067,0.0,0.0,0.4271
2025-02-08,18,143,647.9686255584105,647.9686255584105,0.0,0.0,0.4276
2025-02-09,6,36,292.4617381734728,291.6678631734752,0.0,0.7938749999975698,0.9368
2025-02-09,6,37,932.8929564879568,930.5113314879567,0.0,2.381625000000099,0.8758
2025-02-09,6,38,957.6168863277372,953.6475113277373,0.0,3.9693749999999,0.8759
2025-02-09,6,39,931.0050953857467,931.0050953857467,0.0,0.0,0.8601
2025-02-09,6,40,869.5316797216427,869.5316797216427,0.0,0.0,0.8442
2025-02-09,6,41,833.2345580845707,824.6048594734594,0.0,8.62969861111128,0.8334
2025-02-09,6,42,780.1178115710817,780.1178115710817,0.0,0.0,0.8092
2025-02-09,6,43,786.573894626382,786.573894626382,0.0,0.0,0.7972
2025-02-09,6,44,766.8626020841684,732.8755465286131,0.0,33.987055555555344,0.7644
2025-02-09,6,45,1601.02950656938,1558.2397899027133,0.0,42.78971666666666,0.6899
2025-02-09,6,46,760.0223408948681,718.0142855360294,0.0,42.00805535883865,0.86
2025-02-09,6,47,149.8451654631632,92.52429879649674,0.0,57.32086666666646,1.1617
2025-02-09,6,48,107.02517414885426,39.56991379424153,0.0,67.45526035461273,1.1683
2025-02-09,6,49,42.58854685250958,42.58854685250958,0.0,0.0,1.0956
2025-02-09,6,50,27.874297989971865,27.874297989971865,0.0,0.0,1.0849
2025-02-09,6,51,7.653051466159468,7.653051466159468,0.0,0.0,1.061
2025-02-09,6,52,0.0,0.0,0.0,0.0,1.043
2025-02-09,6,53,0.0,0.0,0.0,0.0,1.036
2025-02-09,6,54,0.0,0.0,0.0,0.0,1.0147
2025-02-09,6,55,0.0,0.0,0.0,0.0,0.9922
2025-02-09,6,56,657.9858752313032,657.9858752313032,0.0,0.0,0.97
2025-02-09,6,57,665.6301116209572,665.6301116209572,0.0,0.0,0.9422
2025-02-09,6,58,656.0950154582296,589.109709688148,0.0,66.9853057700816,0.9569
2025-02-09,6,59,0.0,0.0,0.0,0.0,0.9977
2025-02-09,6,60,32.335773868444846,32.335773868444846,0.0,0.0,0.9919
2025-02-09,6,61,558.0746006668169,378.0086436813376,0.0,180.06595698547926,0.9588
2025-02-09,6,62,524.3050056589054,524.3050056589054,0.0,0.0,0.9549
2025-02-09,6,63,483.6980639404599,480.93922343280855,0.0,2.758840507651371,0.9839
2025-02-09,6,64,495.1191578619716,495.1191578619716,0.0,0.0,0.799
2025-02-09,6,65,1419.2403378325885,1340.2901294992553,0.0,78.9502083333332,0.5025
2025-02-09,6,66,1450.3731074201144,1380.4370713090032,0.0,69.9360361111112,0.4662
2025-02-09,6,67,1426.4873229299556,1370.4341812632888,0.0,56.05314166666676,0.5007
2025-02-09,6,68,1363.9474025131994,1321.7771552909771,0.0,42.170247222222315,0.4827
2025-02-09,6,69,1303.6616478877322,1275.3742951099543,0.0,28.28735277777787,0.4785
2025-02-09,6,70,1207.81357456629,1193.4091162329564,0.0,14.40445833333365,0.4662
2025-02-09,6,71,1130.0255605989132,1129.5039967100238,0.0,0.5215638888894318,0.4432
2025-02-09,12,72,1157.1824708088975,626.3540612636639,0.0,530.8284095452336,0.4411
2025-02-09,12,73,1127.195565662467,284.6511489958002,0.0,842.5444166666668,0.4551
2025-02-09,12,74,1036.1507691184418,229.99211911844168,0.0,806.1586500000001,0.4463
2025-02-09,12,75,1004.3817793070036,1004.3817793070036,0.0,0.0,0.4113
2025-02-09,12,76,1033.0948894442254,299.7077727775584,0.0,733.387116666667,0.5682
2025-02-09,12,77,248.7785374847784,248.7785374847784,0.0,0.0,0.8279
2025-02-09,12,78,242.861172318722,242.861172318722,0.0,0.0,0.8636
2025-02-09,12,79,219.62864414199552,219.62864414199552,0.0,0.0,0.8416
2025-02-09,12,80,230.55580512368851,230.55580512368851,0.0,0.0,0.8618
2025-02-09,12,81,334.5825042825248,318.9288013919302,0.0,15.653702890594559,0.8623
2025-02-09,12,82,371.3483562667848,371.3483562667848,0.0,0.0,0.9026
2025-02-09,12,83,163.67842739871352,163.67842739871352,0.0,0.0,0.9754
2025-02-09,12,84,0.0,0.0,0.0,0.0,1.0002
2025-02-09,12,85,0.0,0.0,0.0,0.0,0.9978
2025-02-09,12,86,0.0,0.0,0.0,0.0,1.0271
2025-02-09,12,87,0.0,0.0,0.0,0.0,1.0906
2025-02-09,12,88,540.1379204418507,540.1379204418507,0.0,0.0,0.9376
2025-02-09,12,89,1450.491955942156,1450.491955942156,0.0,0.0,0.6694
2025-02-09,12,90,1486.886903203851,1486.886903203851,0.0,0.0,0.66
2025-02-09,12,91,524.7184931243089,524.7184931243089,0.0,0.0,0.7217
2025-02-09,12,92,1569.0488083557811,1569.0488083557811,0.0,0.0,0.7308
2025-02-09,12,93,644.3527737133498,644.3527737133498,0.0,0.0,0.7534
2025-02-09,12,94,711.8517446000985,711.8517446000985,0.0,0.0,0.7823
2025-02-09,12,95,779.9031827146109,754.0508537641939,0.0,25.852328950417018,0.8055
2025-02-09,12,96,830.3662002206985,830.3662002206985,0.0,0.0,0.8271
2025-02-09,12,97,913.1449541957818,913.1449541957818,0.0,0.0,0.8519
2025-02-09,12,98,948.6874577908848,948.6874577908848,0.0,0.0,0.8791
2025-02-09,12,99,987.40549376138,987.40549376138,0.0,0.0,0.9024
2025-02-09,12,100,1023.8734597359999,1023.8734597359999,0.0,0.0,0.9163
2025-02-09,12,101,1112.5143329419407,1112.5143329419407,0.0,0.0,0.9264
2025-02-09,12,102,1102.3258231281934,1102.3258231281934,0.0,0.0,0.9462
2025-02-09,12,103,1099.5052802505727,1099.5052802505727,0.0,0.0,0.9742
2025-02-09,12,104,1155.8906989021796,1155.8906989021796,0.0,0.0,0.9862
2025-02-09,12,105,1172.147397648961,1171.092661018886,0.0,1.0547366300750127,0.976
2025-02-09,12,106,1024.8727461468234,1024.8727461468234,0.0,0.0,1.0742
2025-02-09,12,107,789.2822476028974,789.2822476028974,0.0,0.0,1.2313
2025-02-09,18,108,748.7486426861823,748.7486426861823,0.0,0.0,1.2561
2025-02-09,18,109,824.812699783169,824.812699783169,0.0,0.0,1.2447
2025-02-09,18,110,820.7561364284305,820.7561364284305,0.0,0.0,1.2545
2025-02-09,18,111,835.7680408208383,835.7680408208383,0.0,0.0,1.2522
2025-02-09,18,112,835.4121745919192,835.4121745919192,0.0,0.0,1.2881
2025-02-09,18,113,0.0,0.0,0.0,0.0,1.3466
2025-02-09,18,114,0.0,0.0,0.0,0.0,1.3523
2025-02-09,18,115,0.0,0.0,0.0,0.0,1.3445
2025-02-09,18,116,0.0,0.0,0.0,0.0,1.3483
2025-02-09,18,117,0.0,0.0,0.0,0.0,1.349
2025-02-09,18,118,0.0,0.0,0.0,0.0,1.3473
2025-02-09,18,119,0.0,0.0,0.0,0.0,1.3482
2025-02-09,18,120,0.0,0.0,0.0,0.0,1.3513
2025-02-09,18,121,237.65500618661258,237.65500618661258,0.0,0.0,1.34
2025-02-09,18,122,0.0,0.0,0.0,0.0,1.3489
2025-02-09,18,123,0.0,0.0,0.0,0.0,1.3952
2025-02-09,18,124,812.6079035252856,812.6079035252856,0.0,0.0,1.2226
2025-02-09,18,125,703.9967164133885,703.9967164133885,0.0,0.0,0.9332
2025-02-09,18,126,773.8758190335972,773.8758190335972,0.0,0.0,0.9068
2025-02-09,18,127,795.4762421382416,795.4762421382416,0.0,0.0,0.9371
2025-02-09,18,128,784.5522189423012,784.5522189423012,0.0,0.0,0.9371
2025-02-09,18,129,778.5470652109979,778.5470652109979,0.0,0.0,0.9871
2025-02-09,18,130,725.342636646412,725.342636646412,0.0,0.0,0.7764
2025-02-09,18,131,629.7039307582207,629.7039307582207,0.0,0.0,0.4209
2025-02-09,18,132,601.8484498766271,601.8484498766271,0.0,0.0,0.3859
2025-02-09,18,133,598.7158654757302,598.7158654757302,0.0,0.0,0.4368
2025-02-09,18,134,608.1053297235673,608.1053297235673,0.0,0.0,0.4198
2025-02-09,18,135,604.6342671936903,604.6342671936903,0.0,0.0,0.4186
2025-02-09,18,136,610.8663242872761,610.8663242872761,0.0,0.0,0.4241
2025-02-09,18,137,620.522306240181,620.522306240181,0.0,0.0,0.4237
2025-02-09,18,138,644.4677223547433,644.4677223547433,0.0,0.0,0.4248
2025-02-09,18,139,625.9270632381039,625.9270632381039,0.0,0.0,0.424
2025-02-09,18,140,599.1293536913753,599.1293536913753,0.0,0.0,0.422
2025-02-09,18,141,595.2926562385736,595.2926562385736,0.0,0.0,0.424
2025-02-09,18,142,599.048774808287,599.048774808287,0.0,0.0,0.4271
2025-02-09,18,143,663.9121629596868,663.9121629596868,0.0,0.0,0.4276
2025-02-10,6,36,49.01666233320566,49.01666233320566,0.0,0.0,0.9368
2025-02-10,6,37,886.6671291763923,574.0632255780239,0.0,312.60390359836845,0.8758
2025-02-10,6,38,894.7978610799987,75.02901666350226,0.0,819.7688444164964,0.8759
2025-02-10,6,39,875.0608123277839,875.0608123277839,0.0,0.0,0.8601
2025-02-10,6,40,829.9623659428348,829.9623659428348,0.0,0.0,0.8442
2025-02-10,6,41,787.0683221117448,787.0683221117448,0.0,0.0,0.8334
2025-02-10,6,42,775.0908062265817,775.0908062265817,0.0,0.0,0.8092
2025-02-10,6,43,754.8220811355628,749.8938432801555,0.0,4.92823785540736,0.7972
2025-02-10,6,44,646.6723373601361,632.765402637914,0.0,13.906934722222104,0.7644
2025-02-10,6,45,1456.9535632720608,1456.6303188276163,0.0,0.3232444444445264,0.6899
2025-02-10,6,46,645.6824619317227,641.633505877675,0.0,4.048956054047721,0.86
2025-02-10,6,47,0.0,0.0,0.0,0.0,1.1617
2025-02-10,6,48,0.0,0.0,0.0,0.0,1.1683
2025-02-10,6,49,0.0,0.0,0.0,0.0,1.0956
2025-02-10,6,50,0.0,0.0,0.0,0.0,1.0849
2025-02-10,6,51,0.0,0.0,0.0,0.0,1.061
2025-02-10,6,52,0.0,0.0,0.0,0.0,1.043
2025-02-10,6,53,0.0,0.0,0.0,0.0,1.036
2025-02-10,6,54,0.0,0.0,0.0,0.0,1.0147
2025-02-10,6,55,0.0,0.0,0.0,0.0,0.9922
2025-02-10,6,56,0.0,0.0,0.0,0.0,0.97
2025-02-10,6,57,0.0,0.0,0.0,0.0,0.9422
2025-02-10,6,58,0.0,0.0,0.0,0.0,0.9569
2025-02-10,6,59,0.0,0.0,0.0,0.0,0.9977
2025-02-10,6,60,0.0,0.0,0.0,0.0,0.9919
2025-02-10,6,61,0.0,0.0,0.0,0.0,0.9588
2025-02-10,6,62,0.0,0.0,0.0,0.0,0.9549
2025-02-10,6,63,0.0,0.0,0.0,0.0,0.9839
2025-02-10,6,64,115.25822945293719,43.59749281759241,0.0,71.66073663534478,0.799
2025-02-10,6,65,966.7294832718737,0.0,0.0,966.7294832718737,0.5025
2025-02-10,6,66,939.3818194396249,6.09424690500191,0.0,933.287572534623,0.4662
2025-02-10,6,67,907.2922788333203,0.0,0.0,907.2922788333203,0.5007
2025-02-10,6,68,942.9661621284008,0.0,0.0,942.9661621284008,0.4827
2025-02-10,6,69,971.2843717801939,0.0,0.0,971.2843717801939,0.4785
2025-02-10,6,70,911.1642665820661,658.3106041948737,0.0,252.85366238719246,0.4662
2025-02-10,6,71,835.2633880641445,556.5935616151459,0.0,278.6698264489986,0.4432
2025-02-10,12,72,878.0465169325919,691.3644070885184,0.0,186.68210984407347,0.4411
2025-02-10,12,73,871.8802734592639,725.5375542441011,0.0,146.3427192151628,0.4551
2025-02-10,12,74,822.3623745579082,710.5026198933923,0.0,111.85975466451589,0.4463
2025-02-10,12,75,854.0733350040114,727.7780630319461,0.0,126.29527197206528,0.4113
2025-02-10,12,76,930.8734704654188,792.8940172146854,0.0,137.9794532507334,0.5682
2025-02-10,12,77,69.65441260562572,69.65441260562572,0.0,0.0,0.8279
2025-02-10,12,78,111.62968851194228,111.62968851194228,0.0,0.0,0.8636
2025-02-10,12,79,132.76696715664957,132.76696715664957,0.0,0.0,0.8416
2025-02-10,12,80,186.64666379547967,186.64666379547967,0.0,0.0,0.8618
2025-02-10,12,81,206.8223870723206,206.8223870723206,0.0,0.0,0.8623
2025-02-10,12,82,152.22498277618155,152.22498277618155,0.0,0.0,0.9026
2025-02-10,12,83,0.0,0.0,0.0,0.0,0.9754
2025-02-10,12,84,0.0,0.0,0.0,0.0,1.0002
2025-02-10,12,85,0.0,0.0,0.0,0.0,0.9978
2025-02-10,12,86,0.0,0.0,0.0,0.0,1.0271
2025-02-10,12,87,0.0,0.0,0.0,0.0,1.0906
2025-02-10,12,88,0.0,338.71717920390273,338.71717920390273,0.0,0.9376
2025-02-10,12,89,1364.9749876409883,1255.3122612520992,0.0,109.66272638888904,0.6694
2025-02-10,12,90,1351.33477125804,1288.0482439507132,0.0,63.28652730732688,0.66
2025-02-10,12,91,1373.1680615406488,1323.3028037678582,0.0,49.86525777279053,0.7217
2025-02-10,12,92,1412.942920751972,1354.3198251338954,0.0,58.623095618076604,0.7308
2025-02-10,12,93,624.5151381869036,1420.0237208351218,795.5085826482182,0.0,0.7534
2025-02-10,12,94,684.0320133395013,1027.140046652331,343.10803331282966,0.0,0.7823
2025-02-10,12,95,708.5505699142504,708.5505699142504,0.0,0.0,0.8055
2025-02-10,12,96,776.3926118096133,776.3926118096133,0.0,0.0,0.8271
2025-02-10,12,97,798.1834838246813,798.1834838246813,0.0,0.0,0.8519
2025-02-10,12,98,823.2502090315966,819.9093536923107,0.0,3.340855339285895,0.8791
2025-02-10,12,99,858.9659166345915,858.9659166345915,0.0,0.0,0.9024
2025-02-10,12,100,895.9268244854251,897.7321710178508,1.8053465324256877,0.0,0.9163
2025-02-10,12,101,932.0923590575536,927.479436616025,0.0,4.6129224415285535,0.9264
2025-02-10,12,102,976.7459546784654,969.2630808375469,0.0,7.482873840918501,0.9462
2025-02-10,12,103,1010.033586720641,1010.033586720641,0.0,0.0,0.9742
2025-02-10,12,104,1016.6780767988312,1016.6780767988312,0.0,0.0,0.9862
2025-02-10,12,105,1044.2995937415092,1044.2995937415092,0.0,0.0,0.976
2025-02-10,12,106,923.7815012646485,923.7815012646485,0.0,0.0,1.0742
2025-02-10,12,107,735.9178391471759,735.9178391471759,0.0,0.0,1.2313
2025-02-10,18,108,711.4516750644326,711.4516750644326,0.0,0.0,1.2561
2025-02-10,18,109,751.4795729352967,751.4795729352967,0.0,0.0,1.2447
2025-02-10,18,110,745.4165390889125,745.4165390889125,0.0,0.0,1.2545
2025-02-10,18,111,732.6307089283855,732.6307089283855,0.0,0.0,1.2522
2025-02-10,18,112,151.75309315408708,151.75309315408708,0.0,0.0,1.2881
2025-02-10,18,113,0.0,0.0,0.0,0.0,1.3466
2025-02-10,18,114,0.0,0.0,0.0,0.0,1.3523
2025-02-10,18,115,0.0,0.0,0.0,0.0,1.3445
2025-02-10,18,116,0.0,0.0,0.0,0.0,1.3483
2025-02-10,18,117,0.0,0.0,0.0,0.0,1.349
2025-02-10,18,118,0.0,0.0,0.0,0.0,1.3473
2025-02-10,18,119,0.0,0.0,0.0,0.0,1.3482
2025-02-10,18,120,0.0,0.0,0.0,0.0,1.3513
2025-02-10,18,121,0.0,0.0,0.0,0.0,1.34
2025-02-10,18,122,0.0,0.0,0.0,0.0,1.3489
2025-02-10,18,123,0.0,0.0,0.0,0.0,1.3952
2025-02-10,18,124,712.5381796420398,712.5381796420398,0.0,0.0,1.2226
2025-02-10,18,125,705.8100307956615,705.8100307956615,0.0,0.0,0.9332
2025-02-10,18,126,729.8332500658843,729.8332500658843,0.0,0.0,0.9068
2025-02-10,18,127,732.9680817229474,732.9680817229474,0.0,0.0,0.9371
2025-02-10,18,128,721.9138284466981,721.9138284466981,0.0,0.0,0.9371
2025-02-10,18,129,756.9545221014658,756.9545221014658,0.0,0.0,0.9871
2025-02-10,18,130,691.5155847978936,691.5155847978936,0.0,0.0,0.7764
2025-02-10,18,131,566.2217863900136,566.2217863900136,0.0,0.0,0.4209
2025-02-10,18,132,539.2387536909592,539.2387536909592,0.0,0.0,0.3859
2025-02-10,18,133,564.4293521559124,564.4293521559124,0.0,0.0,0.4368
2025-02-10,18,134,568.2817450591864,568.2817450591864,0.0,0.0,0.4198
2025-02-10,18,135,582.1788801009886,582.1788801009886,0.0,0.0,0.4186
2025-02-10,18,136,581.9413149677843,581.9413149677843,0.0,0.0,0.4241
2025-02-10,18,137,567.0563539523165,567.0563539523165,0.0,0.0,0.4237
2025-02-10,18,138,571.8090545428327,571.8090545428327,0.0,0.0,0.4248
2025-02-10,18,139,587.3658333229063,587.3658333229063,0.0,0.0,0.424
2025-02-10,18,140,537.2577977428153,537.2577977428153,0.0,0.0,0.422
2025-02-10,18,141,548.9336086188982,548.9336086188982,0.0,0.0,0.424
2025-02-10,18,142,575.5568550936287,575.5568550936287,0.0,0.0,0.4271
2025-02-10,18,143,590.856375473626,590.856375473626,0.0,0.0,0.4276
2025-02-11,6,36,50.093280847018946,50.093280847018946,0.0,0.0,0.9368
2025-02-11,6,37,860.0471715131665,860.0471715131665,0.0,0.0,0.8758
2025-02-11,6,38,427.9837138240624,232.67860674915516,0.0,195.30510707490726,0.8759
2025-02-11,6,39,856.101431398058,856.101431398058,0.0,0.0,0.8601
2025-02-11,6,40,816.9207070366396,816.9207070366396,0.0,0.0,0.8442
2025-02-11,6,41,759.9069326935406,759.9069326935406,0.0,0.0,0.8334
2025-02-11,6,42,743.6591956566504,743.6591956566504,0.0,0.0,0.8092
2025-02-11,6,43,721.5702311540103,721.5702311540103,0.0,0.0,0.7972
2025-02-11,6,44,612.829252126744,612.829252126744,0.0,0.0,0.7644
2025-02-11,6,45,1414.2308947663064,1414.2308947663064,0.0,0.0,0.6899
2025-02-11,6,46,627.2245776762056,627.2245776762056,0.0,0.0,0.86
2025-02-11,6,47,0.0,0.0,0.0,0.0,1.1617
2025-02-11,6,48,0.0,0.0,0.0,0.0,1.1683
2025-02-11,6,49,0.0,0.0,0.0,0.0,1.0956
2025-02-11,6,50,0.0,0.0,0.0,0.0,1.0849
2025-02-11,6,51,0.0,0.0,0.0,0.0,1.061
2025-02-11,6,52,0.0,0.0,0.0,0.0,1.043
2025-02-11,6,53,0.0,0.0,0.0,0.0,1.036
2025-02-11,6,54,0.0,0.0,0.0,0.0,1.0147
2025-02-11,6,55,0.0,0.0,0.0,0.0,0.9922
2025-02-11,6,56,0.0,0.0,0.0,0.0,0.97
2025-02-11,6,57,0.0,0.0,0.0,0.0,0.9422
2025-02-11,6,58,0.0,0.0,0.0,0.0,0.9569
2025-02-11,6,59,0.0,0.0,0.0,0.0,0.9977
2025-02-11,6,60,0.0,0.0,0.0,0.0,0.9919
2025-02-11,6,61,0.0,0.0,0.0,0.0,0.9588
2025-02-11,6,62,0.0,0.0,0.0,0.0,0.9549
2025-02-11,6,63,0.0,0.0,0.0,0.0,0.9839
2025-02-11,6,64,18.58074173785417,18.58074173785417,0.0,0.0,0.799
2025-02-11,6,65,872.5900749392765,0.0,0.0,872.5900749392765,0.5025
2025-02-11,6,66,862.253659146638,839.4931758181244,0.0,22.7604833285136,0.4662
2025-02-11,6,67,822.800122250132,0.0,0.0,822.800122250132,0.5007
2025-02-11,6,68,798.2920701439086,394.1595847353532,0.0,404.13248540855545,0.4827
2025-02-11,6,69,847.2950219558896,782.0086328572164,0.0,65.28638909867323,0.4785
2025-02-11,6,70,807.7662371602378,797.8550622448383,0.0,9.911174915399442,0.4662
2025-02-11,6,71,756.6753571952083,756.6753571952083,0.0,0.0,0.4432
2025-02-11,12,72,804.1454499000963,731.4054761671341,0.0,72.7399737329622,0.4411
2025-02-11,12,73,815.6913281242557,754.9735172424262,0.0,60.717810881829564,0.4551
2025-02-11,12,74,799.7903131364483,748.6030386755609,0.0,51.18727446088735,0.4463
2025-02-11,12,75,788.6862356322208,766.9627753614467,0.0,21.723460270774126,0.4113
2025-02-11,12,76,882.3753498255435,822.622858158877,0.0,59.752491666666515,0.5682
2025-02-11,12,77,122.39931928746621,9.58672034477543,0.0,112.81259894269078,0.8279
2025-02-11,12,78,175.67495281417405,43.94354170306315,0.0,131.7314111111109,0.8636
2025-02-11,12,79,221.68928306404254,22.836501251069876,0.0,198.85278181297267,0.8416
2025-02-11,12,80,254.02375977817005,52.647915468036445,0.0,201.3758443101336,0.8618
2025-02-11,12,81,252.558984727899,67.26445733427863,0.0,185.29452739362037,0.8623
2025-02-11,12,82,135.25533933424896,64.01945534777981,0.0,71.23588398646915,0.9026
2025-02-11,12,83,0.0,0.0,0.0,0.0,0.9754
2025-02-11,12,84,0.0,0.0,0.0,0.0,1.0002
2025-02-11,12,85,0.0,0.0,0.0,0.0,0.9978
2025-02-11,12,86,0.0,0.0,0.0,0.0,1.0271
2025-02-11,12,87,0.0,0.0,0.0,0.0,1.0906
2025-02-11,12,88,0.0,0.0,0.0,0.0,0.9376
2025-02-11,12,89,1440.3817988573119,1195.0332596599144,0.0,245.34853919739749,0.6694
2025-02-11,12,90,1462.6679172090116,1249.6517843461293,0.0,213.0161328628824,0.66
2025-02-11,12,91,1497.6741732907522,1294.8645655179616,0.0,202.8096077727905,0.7217
2025-02-11,12,92,1541.139895126469,1326.357705063956,0.0,214.78219006251288,0.7308
2025-02-11,12,93,721.9821783963862,721.9821783963862,0.0,0.0,0.7534
2025-02-11,12,94,770.7124675315209,770.7124675315209,0.0,0.0,0.7823
2025-02-11,12,95,842.3973824735871,683.3332962453467,0.0,159.0640862282404,0.8055
2025-02-11,12,96,861.8913572306989,693.4558561615862,0.0,168.43550106911266,0.8271
2025-02-11,12,97,894.808862286432,752.1221700639882,0.0,142.68669222244387,0.8519
2025-02-11,12,98,909.9928245148072,797.260450563103,0.0,112.73237395170429,0.8791
2025-02-11,12,99,930.1265153081822,846.3877696494316,0.0,83.73874565875064,0.9024
2025-02-11,12,100,955.1940097433322,892.9827758756147,0.0,62.21123386771751,0.9163
2025-02-11,12,101,978.1547361397096,914.99365258707,0.0,63.16108355263964,0.9264
2025-02-11,12,102,1019.8040422716798,991.4176380613821,0.0,28.386404210297655,0.9462
2025-02-11,12,103,1006.6302404006011,1003.79967088286,0.0,2.8305695177410826,0.9742
2025-02-11,12,104,1026.3649213621181,1002.7431685843404,0.0,23.621752777777715,0.9862
2025-02-11,12,105,1056.0282385480298,1056.0282385480298,0.0,0.0,0.976
2025-02-11,12,106,928.4903224481845,928.4903224481845,0.0,0.0,1.0742
2025-02-11,12,107,743.797574954439,739.6053205565095,0.0,4.19225439792956,1.2313
2025-02-11,18,108,689.3809953270734,689.3809953270734,0.0,0.0,1.2561
2025-02-11,18,109,726.8397982661901,726.8397982661901,0.0,0.0,1.2447
2025-02-11,18,110,737.9441021016602,737.9441021016602,0.0,0.0,1.2545
2025-02-11,18,111,737.9327772821251,737.9327772821251,0.0,0.0,1.2522
2025-02-11,18,112,65.87136511397955,65.87136511397955,0.0,0.0,1.2881
2025-02-11,18,113,0.0,0.0,0.0,0.0,1.3466
2025-02-11,18,114,0.0,0.0,0.0,0.0,1.3523
2025-02-11,18,115,0.0,0.0,0.0,0.0,1.3445
2025-02-11,18,116,0.0,0.0,0.0,0.0,1.3483
2025-02-11,18,117,0.0,0.0,0.0,0.0,1.349
2025-02-11,18,118,0.0,0.0,0.0,0.0,1.3473
2025-02-11,18,119,0.0,0.0,0.0,0.0,1.3482
2025-02-11,18,120,0.0,0.0,0.0,0.0,1.3513
2025-02-11,18,121,0.0,0.0,0.0,0.0,1.34
2025-02-11,18,122,0.0,0.0,0.0,0.0,1.3489
2025-02-11,18,123,0.0,0.0,0.0,0.0,1.3952
2025-02-11,18,124,724.7326068770966,724.7326068770966,0.0,0.0,1.2226
2025-02-11,18,125,723.3801464877503,723.3801464877503,0.0,0.0,0.9332
2025-02-11,18,126,721.7207204369861,721.7207204369861,0.0,0.0,0.9068
2025-02-11,18,127,712.4548960280716,712.4548960280716,0.0,0.0,0.9371
2025-02-11,18,128,723.8699032399218,723.8699032399218,0.0,0.0,0.9371
2025-02-11,18,129,757.8346041741212,757.8346041741212,0.0,0.0,0.9871
2025-02-11,18,130,685.0311180825993,685.0311180825993,0.0,0.0,0.7764
2025-02-11,18,131,580.7705181442025,580.7705181442025,0.0,0.0,0.4209
2025-02-11,18,132,578.915830443242,578.915830443242,0.0,0.0,0.3859
2025-02-11,18,133,583.0296782589453,583.0296782589453,0.0,0.0,0.4368
2025-02-11,18,134,595.1695602739179,595.1695602739179,0.0,0.0,0.4198
2025-02-11,18,135,577.9201874771712,577.9201874771712,0.0,0.0,0.4186
2025-02-11,18,136,574.3896984135075,574.3896984135075,0.0,0.0,0.4241
2025-02-11,18,137,575.6878216285756,575.6878216285756,0.0,0.0,0.4237
2025-02-11,18,138,557.2262257975334,557.2262257975334,0.0,0.0,0.4248
2025-02-11,18,139,560.4565013210017,560.4565013210017,0.0,0.0,0.424
2025-02-11,18,140,576.5234925306688,576.5234925306688,0.0,0.0,0.422
2025-02-11,18,141,571.838145920051,571.838145920051,0.0,0.0,0.424
2025-02-11,18,142,576.6209055664862,576.6209055664862,0.0,0.0,0.4271
2025-02-11,18,143,574.8885861647933,574.8885861647933,0.0,0.0,0.4276
2025-02-12,6,36,61.444090617913616,61.444090617913616,0.0,0.0,0.9368
2025-02-12,6,37,884.0772189982919,537.5929391068394,0.0,346.4842798914525,0.8758
2025-02-12,6,38,856.4084128675653,21.22016981200977,0.0,835.1882430555555,0.8759
2025-02-12,6,39,895.4325461601494,887.2922169934828,0.0,8.140329166666561,0.8601
2025-02-12,6,40,855.6634586236152,848.4804711236151,0.0,7.182987500000081,0.8442
2025-02-12,6,41,752.3454384244634,746.7412574543804,0.0,5.604180970083007,0.8334
2025-02-12,6,42,747.6356901665937,744.6579559265507,0.0,2.9777342400429916,0.8092
2025-02-12,6,43,760.6591512959241,732.6622679625907,0.0,27.996883333333358,0.7972
2025-02-12,6,44,662.113147147194,662.113147147194,0.0,0.0,0.7644
2025-02-12,6,45,1397.694189982256,1368.6468885933673,0.0,29.047301388888627,0.6899
2025-02-12,6,46,664.0936012740982,634.355260396256,0.0,29.738340877842234,0.86
2025-02-12,6,47,19.58417550655531,0.0,0.0,19.58417550655531,1.1617
2025-02-12,6,48,0.29749892069844464,0.0,0.0,0.29749892069844464,1.1683
2025-02-12,6,49,0.0,0.0,0.0,0.0,1.0956
2025-02-12,6,50,0.0,0.0,0.0,0.0,1.0849
2025-02-12,6,51,0.0,0.0,0.0,0.0,1.061
2025-02-12,6,52,0.0,0.0,0.0,0.0,1.043
2025-02-12,6,53,0.0,0.0,0.0,0.0,1.036
2025-02-12,6,54,0.0,0.0,0.0,0.0,1.0147
2025-02-12,6,55,0.0,0.0,0.0,0.0,0.9922
2025-02-12,6,56,0.0,0.0,0.0,0.0,0.97
2025-02-12,6,57,0.0,0.0,0.0,0.0,0.9422
2025-02-12,6,58,0.0,0.0,0.0,0.0,0.9569
2025-02-12,6,59,0.0,0.0,0.0,0.0,0.9977
2025-02-12,6,60,0.0,0.0,0.0,0.0,0.9919
2025-02-12,6,61,0.0,0.0,0.0,0.0,0.9588
2025-02-12,6,62,0.0,0.0,0.0,0.0,0.9549
2025-02-12,6,63,0.0,0.0,0.0,0.0,0.9839
2025-02-12,6,64,164.079932503505,80.95173221723462,0.0,83.12820028627038,0.799
2025-02-12,6,65,1036.9521216271946,523.2839313081049,0.0,513.6681903190897,0.5025
2025-02-12,6,66,1012.4825167776169,853.5728653935478,0.0,158.9096513840691,0.4662
2025-02-12,6,67,937.0778906229066,774.9919496382198,0.0,162.08594098468677,0.5007
2025-02-12,6,68,900.4952278375698,765.0460822487914,0.0,135.44914558877838,0.4827
2025-02-12,6,69,965.6212308245175,767.7169991464054,0.0,197.90423167811207,0.4785
2025-02-12,6,70,913.5822765044758,749.6809890890767,0.0,163.9012874153991,0.4662
2025-02-12,6,71,824.7577519058145,714.3251291194479,0.0,110.43262278636666,0.4432
2025-02-12,12,72,854.7854523422178,676.1305843865662,0.0,178.65486795565164,0.4411
2025-02-12,12,73,842.1996174680971,713.6133277599631,0.0,128.58628970813402,0.4551
2025-02-12,12,74,792.4357985194574,712.0161337807924,0.0,80.419664738665,0.4463
2025-02-12,12,75,769.530246807587,754.318360147924,0.0,15.211886659663037,0.4113
2025-02-12,12,76,827.428478757557,809.9315245908904,0.0,17.49695416666657,0.5682
2025-02-12,12,77,0.0,0.0,0.0,0.0,0.8279
2025-02-12,12,78,29.692956662831268,0.0,0.0,29.692956662831268,0.8636
2025-02-12,12,79,0.0,0.0,0.0,0.0,0.8416
2025-02-12,12,80,145.5891923186458,116.0671645408679,0.0,29.52202777777788,0.8618
2025-02-12,12,81,138.48582999491433,106.65654808109866,0.0,31.829281913815663,0.8623
2025-02-12,12,82,0.0,0.0,0.0,0.0,0.9026
2025-02-12,12,83,0.0,0.0,0.0,0.0,0.9754
2025-02-12,12,84,0.0,0.0,0.0,0.0,1.0002
2025-02-12,12,85,0.0,0.0,0.0,0.0,0.9978
2025-02-12,12,86,0.0,0.0,0.0,0.0,1.0271
2025-02-12,12,87,0.0,0.0,0.0,0.0,1.0906
2025-02-12,12,88,0.0,0.0,0.0,0.0,0.9376
2025-02-12,12,89,1382.5157391219782,1196.7134832579054,0.0,185.80225586407278,0.6694
2025-02-12,12,90,1410.3991184342422,1247.4142814046927,0.0,162.98483702954945,0.66
2025-02-12,12,91,1442.0347597769942,1296.917139504204,0.0,145.1176202727902,0.7217
2025-02-12,12,92,1429.1806932171407,605.1825451029483,0.0,823.9981481141924,0.7308
2025-02-12,12,93,665.6888154629729,531.8201196296396,0.0,133.86869583333328,0.7534
2025-02-12,12,94,715.6870271828162,581.4312554846287,0.0,134.25577169818757,0.7823
2025-02-12,12,95,784.8906371708512,662.3459246708511,0.0,122.54471250000006,0.8055
2025-02-12,12,96,790.3866744736365,711.4278702380981,0.0,78.95880423553842,0.8271
2025-02-12,12,97,827.0446826536895,760.6646695979124,0.0,66.38001305577711,0.8519
2025-02-12,12,98,859.8786209601402,812.8806456195471,0.0,46.99797534059314,0.8791
2025-02-12,12,99,875.7295087881524,855.2477078325586,0.0,20.481800955593826,0.9024
2025-02-12,12,100,905.6829492197907,884.0450798909595,0.0,21.63786932883113,0.9163
2025-02-12,12,101,945.7516045609187,916.6080779527234,0.0,29.143526608195316,0.9264
2025-02-12,12,102,994.0701441890615,968.3271328481428,0.0,25.743011340918656,0.9462
2025-02-12,12,103,1011.8393041703663,1011.3109833908507,0.0,0.5283207795156386,0.9742
2025-02-12,12,104,1018.6007410126776,1012.9686363606835,0.0,5.632104651994155,0.9862
2025-02-12,12,105,1042.357923903179,1042.357923903179,0.0,0.0,0.976
2025-02-12,12,106,904.8316103562194,900.0120503740435,0.0,4.819559982175861,1.0742
2025-02-12,12,107,725.2187865173975,725.1196142951753,0.0,0.09917222222213695,1.2313
2025-02-12,18,108,716.0964589536633,716.0964589536633,0.0,0.0,1.2561
2025-02-12,18,109,746.2224706798888,746.2224706798888,0.0,0.0,1.2447
2025-02-12,18,110,723.7899243178368,723.7899243178368,0.0,0.0,1.2545
2025-02-12,18,111,722.409969486729,722.409969486729,0.0,0.0,1.2522
2025-02-12,18,112,167.75648890265904,167.75648890265904,0.0,0.0,1.2881
2025-02-12,18,113,0.0,0.0,0.0,0.0,1.3466
2025-02-12,18,114,0.0,0.0,0.0,0.0,1.3523
2025-02-12,18,115,0.0,0.0,0.0,0.0,1.3445
2025-02-12,18,116,0.0,0.0,0.0,0.0,1.3483
2025-02-12,18,117,0.0,0.0,0.0,0.0,1.349
2025-02-12,18,118,0.0,0.0,0.0,0.0,1.3473
2025-02-12,18,119,0.0,0.0,0.0,0.0,1.3482
2025-02-12,18,120,0.0,0.0,0.0,0.0,1.3513
2025-02-12,18,121,0.0,0.0,0.0,0.0,1.34
2025-02-12,18,122,0.0,0.0,0.0,0.0,1.3489
2025-02-12,18,123,0.0,0.0,0.0,0.0,1.3952
2025-02-12,18,124,718.850851997569,718.850851997569,0.0,0.0,1.2226
2025-02-12,18,125,737.0047366709491,737.0047366709491,0.0,0.0,0.9332
2025-02-12,18,126,722.7197806003873,722.7197806003873,0.0,0.0,0.9068
2025-02-12,18,127,723.2311671218523,723.2311671218523,0.0,0.0,0.9371
2025-02-12,18,128,759.6083116109767,759.6083116109767,0.0,0.0,0.9371
2025-02-12,18,129,766.664937083248,766.664937083248,0.0,0.0,0.9871
2025-02-12,18,130,680.351782501696,680.351782501696,0.0,0.0,0.7764
2025-02-12,18,131,562.2685108859,562.2685108859,0.0,0.0,0.4209
2025-02-12,18,132,559.1725915047194,559.1725915047194,0.0,0.0,0.3859
2025-02-12,18,133,558.6527574059577,558.6527574059577,0.0,0.0,0.4368
2025-02-12,18,134,569.5703495912475,569.5703495912475,0.0,0.0,0.4198
2025-02-12,18,135,567.7850489447468,567.7850489447468,0.0,0.0,0.4186
2025-02-12,18,136,558.79361837186,558.79361837186,0.0,0.0,0.4241
2025-02-12,18,137,568.1608313115925,568.1608313115925,0.0,0.0,0.4237
2025-02-12,18,138,559.7652171344015,559.7652171344015,0.0,0.0,0.4248
2025-02-12,18,139,559.120214210462,559.120214210462,0.0,0.0,0.424
2025-02-12,18,140,569.6405500179682,569.6405500179682,0.0,0.0,0.422
2025-02-12,18,141,593.0407595888796,593.0407595888796,0.0,0.0,0.424
2025-02-12,18,142,578.0756201372492,578.0756201372492,0.0,0.0,0.4271
2025-02-12,18,143,568.7036984507421,568.7036984507421,0.0,0.0,0.4276
2025-02-13,6,36,62.817808376426,62.2698000430928,0.0,0.5480083333332004,0.9368
2025-02-13,6,37,882.9283006998786,106.34782955938101,0.0,776.5804711404976,0.8758
2025-02-13,6,38,129.41729511773076,36.39258972168909,0.0,93.02470539604167,0.8759
2025-02-13,6,39,846.3069137297589,846.3069137297589,0.0,0.0,0.8601
2025-02-13,6,40,808.4076084038485,808.4076084038485,0.0,0.0,0.8442
2025-02-13,6,41,755.3412856109071,755.3412856109071,0.0,0.0,0.8334
2025-02-13,6,42,718.0902444300891,718.0902444300891,0.0,0.0,0.8092
2025-02-13,6,43,718.6086062721503,715.0872537374202,0.0,3.521352534730113,0.7972
2025-02-13,6,44,632.1963097879593,632.1963097879593,0.0,0.0,0.7644
2025-02-13,6,45,1380.7980428575795,1380.7980428575795,0.0,0.0,0.6899
2025-02-13,6,46,615.9053558895754,608.1797196732342,0.0,7.725636216341172,0.86
2025-02-13,6,47,0.0,0.0,0.0,0.0,1.1617
2025-02-13,6,48,0.0,0.0,0.0,0.0,1.1683
2025-02-13,6,49,0.0,0.0,0.0,0.0,1.0956
2025-02-13,6,50,0.0,0.0,0.0,0.0,1.0849
2025-02-13,6,51,0.0,0.0,0.0,0.0,1.061
2025-02-13,6,52,0.0,0.0,0.0,0.0,1.043
2025-02-13,6,53,0.0,0.0,0.0,0.0,1.036
2025-02-13,6,54,0.0,0.0,0.0,0.0,1.0147
2025-02-13,6,55,0.0,0.0,0.0,0.0,0.9922
2025-02-13,6,56,0.0,0.0,0.0,0.0,0.97
2025-02-13,6,57,0.0,0.0,0.0,0.0,0.9422
2025-02-13,6,58,0.0,0.0,0.0,0.0,0.9569
2025-02-13,6,59,0.0,0.0,0.0,0.0,0.9977
2025-02-13,6,60,0.0,0.0,0.0,0.0,0.9919
2025-02-13,6,61,0.0,0.0,0.0,0.0,0.9588
2025-02-13,6,62,0.0,0.0,0.0,0.0,0.9549
2025-02-13,6,63,0.0,0.0,0.0,0.0,0.9839
2025-02-13,6,64,42.18545365921182,0.0,0.0,42.18545365921182,0.799
2025-02-13,6,65,922.2727450332618,772.846600650277,0.0,149.42614438298483,0.5025
2025-02-13,6,66,918.6846601370825,763.3941406974576,0.0,155.29051943962486,0.4662
2025-02-13,6,67,873.3976987285205,713.2100202438337,0.0,160.18767848468678,0.5007
2025-02-13,6,68,844.7816260771358,709.5098735439127,0.0,135.2717525332231,0.4827
2025-02-13,6,69,912.5692456998092,713.1215376328083,0.0,199.44770806700092,0.4785
2025-02-13,6,70,879.8159175317091,712.6502842829764,0.0,167.16563324873277,0.4662
2025-02-13,6,71,820.8134091610248,705.3955710968802,0.0,115.41783806414458,0.4432
2025-02-13,12,72,871.1618778639835,676.2610057416648,0.0,194.90087212231867,0.4411
2025-02-13,12,73,864.7538945127596,720.0366589712921,0.0,144.71723554146752,0.4551
2025-02-13,12,74,809.942511143144,713.5069589044787,0.0,96.43555223866531,0.4463
2025-02-13,12,75,774.3746200622031,737.7054453189344,0.0,36.66917474326874,0.4113
2025-02-13,12,76,815.9403483961021,130.68636773745322,0.0,685.2539806586489,0.5682
2025-02-13,12,77,63.3184723139528,7.139480893025542,0.0,56.17899142092726,0.8279
2025-02-13,12,78,49.43058687547394,27.269414888928925,0.0,22.161171986545018,0.8636
2025-02-13,12,79,38.47541371563981,38.47541371563981,0.0,0.0,0.8416
2025-02-13,12,80,0.0,0.0,0.0,0.0,0.8618
2025-02-13,12,81,0.0,0.0,0.0,0.0,0.8623
2025-02-13,12,82,0.0,0.0,0.0,0.0,0.9026
2025-02-13,12,83,0.0,0.0,0.0,0.0,0.9754
2025-02-13,12,84,0.0,0.0,0.0,0.0,1.0002
2025-02-13,12,85,0.0,0.0,0.0,0.0,0.9978
2025-02-13,12,86,0.0,0.0,0.0,0.0,1.0271
2025-02-13,12,87,0.0,0.0,0.0,0.0,1.0906
2025-02-13,12,88,0.0,0.0,0.0,0.0,0.9376
2025-02-13,12,89,203.37193194632587,981.512938135627,778.1410061893012,0.0,0.6694
2025-02-13,12,90,1210.0530413997462,1192.8901682590863,0.0,17.16287314065994,0.66
2025-02-13,12,91,287.6380724645649,362.8027109477694,75.1646384832045,0.0,0.7217
2025-02-13,12,92,350.8907898276248,382.41067667687753,31.519886849252714,0.0,0.7308
2025-02-13,12,93,408.87940142870593,453.9161667212098,45.036765292503844,0.0,0.7534
2025-02-13,12,94,458.6165177387555,522.0689281335887,63.45241039483318,0.0,0.7823
2025-02-13,12,95,522.9232805956931,584.0030020325972,61.07972143690415,0.0,0.8055
2025-02-13,12,96,602.6761644743838,666.684089895657,64.00792542127328,0.0,0.8271
2025-02-13,12,97,689.1993233935132,728.8518647564514,39.65254136293822,0.0,0.8519
2025-02-13,12,98,736.6812821347021,762.0433804825913,25.362098347889173,0.0,0.8791
2025-02-13,12,99,787.9535286381706,803.8854100489355,15.931881410764845,0.0,0.9024
2025-02-13,12,100,839.6056208341097,839.6056208341097,0.0,0.0,0.9163
2025-02-13,12,101,883.4234523681921,883.4234523681921,0.0,0.0,0.9264
2025-02-13,12,102,964.1246432992972,964.1246432992972,0.0,0.0,0.9462
2025-02-13,12,103,997.4651810763222,997.4651810763222,0.0,0.0,0.9742
2025-02-13,12,104,1004.961330675112,1004.961330675112,0.0,0.0,0.9862
2025-02-13,12,105,1021.1161661723892,1021.1161661723892,0.0,0.0,0.976
2025-02-13,12,106,897.720748813967,897.720748813967,0.0,0.0,1.0742
2025-02-13,12,107,729.3984960003213,729.3984960003213,0.0,0.0,1.2313
2025-02-13,18,108,704.7507264327323,704.7507264327323,0.0,0.0,1.2561
2025-02-13,18,109,745.5059349847742,745.5059349847742,0.0,0.0,1.2447
2025-02-13,18,110,742.4782750611281,742.4782750611281,0.0,0.0,1.2545
2025-02-13,18,111,719.0398778991945,719.0398778991945,0.0,0.0,1.2522
2025-02-13,18,112,133.04156643588703,133.04156643588703,0.0,0.0,1.2881
2025-02-13,18,113,0.0,0.0,0.0,0.0,1.3466
2025-02-13,18,114,0.0,0.0,0.0,0.0,1.3523
2025-02-13,18,115,0.0,0.0,0.0,0.0,1.3445
2025-02-13,18,116,0.0,0.0,0.0,0.0,1.3483
2025-02-13,18,117,0.0,0.0,0.0,0.0,1.349
2025-02-13,18,118,0.0,0.0,0.0,0.0,1.3473
2025-02-13,18,119,0.0,0.0,0.0,0.0,1.3482
2025-02-13,18,120,0.0,0.0,0.0,0.0,1.3513
2025-02-13,18,121,0.0,0.0,0.0,0.0,1.34
2025-02-13,18,122,0.0,0.0,0.0,0.0,1.3489
2025-02-13,18,123,0.0,0.0,0.0,0.0,1.3952
2025-02-13,18,124,734.5597642672723,734.5597642672723,0.0,0.0,1.2226
2025-02-13,18,125,719.411482044155,719.411482044155,0.0,0.0,0.9332
2025-02-13,18,126,735.9545471722514,735.9545471722514,0.0,0.0,0.9068
2025-02-13,18,127,740.5984633356106,740.5984633356106,0.0,0.0,0.9371
2025-02-13,18,128,750.8771129802522,750.8771129802522,0.0,0.0,0.9371
2025-02-13,18,129,774.529575346402,774.529575346402,0.0,0.0,0.9871
2025-02-13,18,130,709.9822907273455,709.9822907273455,0.0,0.0,0.7764
2025-02-13,18,131,572.9325866828854,572.9325866828854,0.0,0.0,0.4209
2025-02-13,18,132,560.084707523339,560.084707523339,0.0,0.0,0.3859
2025-02-13,18,133,551.8872211973365,551.8872211973365,0.0,0.0,0.4368
2025-02-13,18,134,564.287888912167,564.287888912167,0.0,0.0,0.4198
2025-02-13,18,135,578.1451993389901,578.1451993389901,0.0,0.0,0.4186
2025-02-13,18,136,572.3982142882186,572.3982142882186,0.0,0.0,0.4241
2025-02-13,18,137,567.1817874458405,567.1817874458405,0.0,0.0,0.4237
2025-02-13,18,138,573.181611242404,573.181611242404,0.0,0.0,0.4248
2025-02-13,18,139,585.3213398547216,585.3213398547216,0.0,0.0,0.424
2025-02-13,18,140,567.4575045545265,567.4575045545265,0.0,0.0,0.422
2025-02-13,18,141,597.7925563433934,597.7925563433934,0.0,0.0,0.424
2025-02-13,18,142,546.4877068728528,546.4877068728528,0.0,0.0,0.4271
2025-02-13,18,143,452.415624317026,452.415624317026,0.0,0.0,0.4276
2025-02-14,6,36,0.0,0.0,0.0,0.0,0.9368
2025-02-14,6,37,0.0,0.0,0.0,0.0,0.8758
2025-02-14,6,38,0.0,0.0,0.0,0.0,0.8759
2025-02-14,6,39,0.0,0.0,0.0,0.0,0.8601
2025-02-14,6,40,0.0,0.0,0.0,0.0,0.8442
2025-02-14,6,41,0.0,0.0,0.0,0.0,0.8334
2025-02-14,6,42,0.0,0.0,0.0,0.0,0.8092
2025-02-14,6,43,0.0,0.0,0.0,0.0,0.7972
2025-02-14,6,44,0.0,0.0,0.0,0.0,0.7644
2025-02-14,6,45,0.0,0.0,0.0,0.0,0.6899
2025-02-14,6,46,0.0,0.0,0.0,0.0,0.86
2025-02-14,6,47,0.0,0.0,0.0,0.0,1.1617
2025-02-14,6,48,0.0,0.0,0.0,0.0,1.1683
2025-02-14,6,49,0.0,0.0,0.0,0.0,1.0956
2025-02-14,6,50,0.0,0.0,0.0,0.0,1.0849
2025-02-14,6,51,0.0,0.0,0.0,0.0,1.061
2025-02-14,6,52,0.0,0.0,0.0,0.0,1.043
2025-02-14,6,53,0.0,0.0,0.0,0.0,1.036
2025-02-14,6,54,0.0,0.0,0.0,0.0,1.0147
2025-02-14,6,55,0.0,0.0,0.0,0.0,0.9922
2025-02-14,6,56,0.0,0.0,0.0,0.0,0.97
2025-02-14,6,57,0.0,0.0,0.0,0.0,0.9422
2025-02-14,6,58,0.0,0.0,0.0,0.0,0.9569
2025-02-14,6,59,0.0,0.0,0.0,0.0,0.9977
2025-02-14,6,60,0.0,0.0,0.0,0.0,0.9919
2025-02-14,6,61,0.0,0.0,0.0,0.0,0.9588
2025-02-14,6,62,0.0,0.0,0.0,0.0,0.9549
2025-02-14,6,63,0.0,0.0,0.0,0.0,0.9839
2025-02-14,6,64,0.0,0.0,0.0,0.0,0.799
2025-02-14,6,65,0.0,0.0,0.0,0.0,0.5025
2025-02-14,6,66,0.0,0.0,0.0,0.0,0.4662
2025-02-14,6,67,0.0,0.0,0.0,0.0,0.5007
2025-02-14,6,68,0.0,0.0,0.0,0.0,0.4827
2025-02-14,6,69,0.0,0.0,0.0,0.0,0.4785
2025-02-14,6,70,0.0,337.0175757804034,337.0175757804034,0.0,0.4662
2025-02-14,6,71,613.6654595013242,600.3523147434992,0.0,13.313144757825057,0.4432
2025-02-14,12,72,635.5874078782174,0.0,0.0,635.5874078782174,0.4411
2025-02-14,12,73,595.7698061834298,0.0,0.0,595.7698061834298,0.4551
2025-02-14,12,74,467.9020286611875,0.0,0.0,467.9020286611875,0.4463
2025-02-14,12,75,375.2064758409157,0.0,0.0,375.2064758409157,0.4113
2025-02-14,12,76,0.0,0.0,0.0,0.0,0.5682
2025-02-14,12,77,0.0,0.0,0.0,0.0,0.8279
2025-02-14,12,78,0.0,0.0,0.0,0.0,0.8636
2025-02-14,12,79,0.0,0.0,0.0,0.0,0.8416
2025-02-14,12,80,0.0,0.0,0.0,0.0,0.8618
2025-02-14,12,81,0.0,0.0,0.0,0.0,0.8623
2025-02-14,12,82,0.0,0.0,0.0,0.0,0.9026
2025-02-14,12,83,0.0,0.0,0.0,0.0,0.9754
2025-02-14,12,84,0.0,0.0,0.0,0.0,1.0002
2025-02-14,12,85,0.0,0.0,0.0,0.0,0.9978
2025-02-14,12,86,0.0,0.0,0.0,0.0,1.0271
2025-02-14,12,87,0.0,0.0,0.0,0.0,1.0906
2025-02-14,12,88,0.0,0.0,0.0,0.0,0.9376
2025-02-14,12,89,0.0,0.0,0.0,0.0,0.6694
2025-02-14,12,90,0.0,0.0,0.0,0.0,0.66
2025-02-14,12,91,0.0,30.34771643324901,30.34771643324901,0.0,0.7217
2025-02-14,12,92,0.0,56.47183158038183,56.47183158038183,0.0,0.7308
2025-02-14,12,93,77.49710680702879,167.9209693217549,90.42386251472612,0.0,0.7534
2025-02-14,12,94,133.85228735801874,243.31085608618528,109.45856872816654,0.0,0.7823
2025-02-14,12,95,165.9679037938838,273.6728446752324,107.70494088134859,0.0,0.8055
2025-02-14,12,96,220.6767577895624,314.76206630052394,94.08530851096154,0.0,0.8271
2025-02-14,12,97,314.1923505116603,409.8041530718401,95.6118025601798,0.0,0.8519
2025-02-14,12,98,419.30213025825566,477.354777217256,58.052646959000356,0.0,0.8791
2025-02-14,12,99,448.9256012913224,510.38452585802725,61.458924566704866,0.0,0.9024
2025-02-14,12,100,437.8030611913043,476.8764744883409,39.07341329703655,0.0,0.9163
2025-02-14,12,101,432.7848890865678,432.7848890865678,0.0,0.0,0.9264
2025-02-14,12,102,488.43125699021994,488.43125699021994,0.0,0.0,0.9462
2025-02-14,12,103,522.8608782056962,522.8608782056962,0.0,0.0,0.9742
2025-02-14,12,104,535.6573526167609,535.6573526167609,0.0,0.0,0.9862
2025-02-14,12,105,544.8813297485433,544.8813297485433,0.0,0.0,0.976
2025-02-14,12,106,510.12649246963923,510.12649246963923,0.0,0.0,1.0742
2025-02-14,12,107,216.3255019163375,216.3255019163375,0.0,0.0,1.2313
2025-02-14,18,108,0.0,0.0,0.0,0.0,1.2561
2025-02-14,18,109,0.0,0.0,0.0,0.0,1.2447
2025-02-14,18,110,0.0,0.0,0.0,0.0,1.2545
2025-02-14,18,111,0.0,0.0,0.0,0.0,1.2522
2025-02-14,18,112,0.0,0.0,0.0,0.0,1.2881
2025-02-14,18,113,0.0,0.0,0.0,0.0,1.3466
2025-02-14,18,114,0.0,0.0,0.0,0.0,1.3523
2025-02-14,18,115,0.0,0.0,0.0,0.0,1.3445
2025-02-14,18,116,0.0,0.0,0.0,0.0,1.3483
2025-02-14,18,117,0.0,0.0,0.0,0.0,1.349
2025-02-14,18,118,0.0,0.0,0.0,0.0,1.3473
2025-02-14,18,119,0.0,0.0,0.0,0.0,1.3482
2025-02-14,18,120,0.0,0.0,0.0,0.0,1.3513
2025-02-14,18,121,0.0,0.0,0.0,0.0,1.34
2025-02-14,18,122,0.0,0.0,0.0,0.0,1.3489
2025-02-14,18,123,0.0,0.0,0.0,0.0,1.3952
2025-02-14,18,124,541.949656998766,541.949656998766,0.0,0.0,1.2226
2025-02-14,18,125,533.5639975959425,533.5639975959425,0.0,0.0,0.9332
2025-02-14,18,126,520.1603014946971,520.1603014946971,0.0,0.0,0.9068
2025-02-14,18,127,525.3079097480872,525.3079097480872,0.0,0.0,0.9371
2025-02-14,18,128,547.7563729190766,547.7563729190766,0.0,0.0,0.9371
2025-02-14,18,129,552.5687922549141,552.5687922549141,0.0,0.0,0.9871
2025-02-14,18,130,516.279746282344,516.279746282344,0.0,0.0,0.7764
2025-02-14,18,131,417.36694199224866,417.36694199224866,0.0,0.0,0.4209
2025-02-14,18,132,425.66307978339483,425.66307978339483,0.0,0.0,0.3859
2025-02-14,18,133,427.82144306966967,427.82144306966967,0.0,0.0,0.4368
2025-02-14,18,134,453.34867030262967,453.34867030262967,0.0,0.0,0.4198
2025-02-14,18,135,445.7488882213533,445.7488882213533,0.0,0.0,0.4186
2025-02-14,18,136,435.3716974957628,435.3716974957628,0.0,0.0,0.4241
2025-02-14,18,137,442.57246622883235,442.57246622883235,0.0,0.0,0.4237
2025-02-14,18,138,440.3291705978358,440.3291705978358,0.0,0.0,0.4248
2025-02-14,18,139,443.2816562457826,443.2816562457826,0.0,0.0,0.424
2025-02-14,18,140,468.48166141772975,468.48166141772975,0.0,0.0,0.422
2025-02-14,18,141,465.712132685775,465.712132685775,0.0,0.0,0.424
2025-02-14,18,142,439.2175476093823,439.2175476093823,0.0,0.0,0.4271
2025-02-14,18,143,433.6291411041213,433.6291411041213,0.0,0.0,0.4276
2025-02-15,6,36,0.0,0.0,0.0,0.0,0.9368
2025-02-15,6,37,0.0,0.0,0.0,0.0,0.8758
2025-02-15,6,38,0.0,0.0,0.0,0.0,0.8759
2025-02-15,6,39,0.0,0.0,0.0,0.0,0.8601
2025-02-15,6,40,0.0,0.0,0.0,0.0,0.8442
2025-02-15,6,41,0.0,0.0,0.0,0.0,0.8334
2025-02-15,6,42,0.0,0.0,0.0,0.0,0.8092
2025-02-15,6,43,0.0,0.0,0.0,0.0,0.7972
2025-02-15,6,44,0.0,0.0,0.0,0.0,0.7644
2025-02-15,6,45,277.00921166242415,190.49609809632457,0.0,86.51311356609958,0.6899
2025-02-15,6,46,0.0,0.0,0.0,0.0,0.86
2025-02-15,6,47,0.0,0.0,0.0,0.0,1.1617
2025-02-15,6,48,0.0,0.0,0.0,0.0,1.1683
2025-02-15,6,49,0.0,0.0,0.0,0.0,1.0956
2025-02-15,6,50,0.0,0.0,0.0,0.0,1.0849
2025-02-15,6,51,0.0,0.0,0.0,0.0,1.061
2025-02-15,6,52,0.0,0.0,0.0,0.0,1.043
2025-02-15,6,53,0.0,0.0,0.0,0.0,1.036
2025-02-15,6,54,0.0,0.0,0.0,0.0,1.0147
2025-02-15,6,55,0.0,0.0,0.0,0.0,0.9922
2025-02-15,6,56,0.0,0.0,0.0,0.0,0.97
2025-02-15,6,57,0.0,0.0,0.0,0.0,0.9422
2025-02-15,6,58,0.0,0.0,0.0,0.0,0.9569
2025-02-15,6,59,0.0,0.0,0.0,0.0,0.9977
2025-02-15,6,60,0.0,0.0,0.0,0.0,0.9919
2025-02-15,6,61,0.0,0.0,0.0,0.0,0.9588
2025-02-15,6,62,0.0,0.0,0.0,0.0,0.9549
2025-02-15,6,63,0.0,0.0,0.0,0.0,0.9839
2025-02-15,6,64,0.0,0.0,0.0,0.0,0.799
2025-02-15,6,65,754.3708254667753,0.0,0.0,754.3708254667753,0.5025
2025-02-15,6,66,725.5997322050944,253.27566598551857,0.0,472.3240662195758,0.4662
2025-02-15,6,67,718.4650204198249,0.0,0.0,718.4650204198249,0.5007
2025-02-15,6,68,734.0883683881342,0.0,0.0,734.0883683881342,0.4827
2025-02-15,6,69,737.1090688509303,0.0,0.0,737.1090688509303,0.4785
2025-02-15,6,70,741.3453068327358,548.560156832736,0.0,192.78514999999982,0.4662
2025-02-15,6,71,734.102674888519,536.2310804440746,0.0,197.87159444444444,0.4432
2025-02-15,12,72,657.9893409598047,0.0,0.0,657.9893409598047,0.4411
2025-02-15,12,73,654.8811252575429,0.0,0.0,654.8811252575429,0.4551
2025-02-15,12,74,666.6343408094012,0.0,0.0,666.6343408094012,0.4463
2025-02-15,12,75,676.4169200134362,0.0,0.0,676.4169200134362,0.4113
2025-02-15,12,76,0.0,0.0,0.0,0.0,0.5682
2025-02-15,12,77,0.0,0.0,0.0,0.0,0.8279
2025-02-15,12,78,0.0,0.0,0.0,0.0,0.8636
2025-02-15,12,79,0.0,0.0,0.0,0.0,0.8416
2025-02-15,12,80,0.0,0.0,0.0,0.0,0.8618
2025-02-15,12,81,0.0,0.0,0.0,0.0,0.8623
2025-02-15,12,82,0.0,0.0,0.0,0.0,0.9026
2025-02-15,12,83,0.0,0.0,0.0,0.0,0.9754
2025-02-15,12,84,0.0,0.0,0.0,0.0,1.0002
2025-02-15,12,85,0.0,0.0,0.0,0.0,0.9978
2025-02-15,12,86,9.273159994871033,0.0,0.0,9.273159994871033,1.0271
2025-02-15,12,87,0.0,0.0,0.0,0.0,1.0906
2025-02-15,12,88,23.04495905138151,0.0,0.0,23.04495905138151,0.9376
2025-02-15,12,89,43.99530755745847,31.441233033821618,0.0,12.55407452363685,0.6694
2025-02-15,12,90,95.8034694423909,37.04031499559392,0.0,58.76315444679699,0.66
2025-02-15,12,91,166.91330297395243,134.45083224269675,0.0,32.46247073125568,0.7217
2025-02-15,12,92,252.60541403994242,160.4643531777261,0.0,92.1410608622163,0.7308
2025-02-15,12,93,326.3917150843747,305.1946234177081,0.0,21.19709166666661,0.7534
2025-02-15,12,94,352.68842779370925,267.58584569154664,0.0,85.10258210216261,0.7823
2025-02-15,12,95,403.77655674033167,356.64181069074874,0.0,47.13474604958293,0.8055
2025-02-15,12,96,491.77441624774593,411.77778569219043,0.0,79.9966305555555,0.8271
2025-02-15,12,97,523.9654802069575,455.08718854029075,0.0,68.87829166666677,0.8519
2025-02-15,12,98,580.3759415056544,579.9786919322817,0.0,0.3972495733727328,0.8791
2025-02-15,12,99,625.1637637525045,600.5226001767907,0.0,24.64116357571379,0.9024
2025-02-15,12,100,634.1384290184991,634.1384290184991,0.0,0.0,0.9163
2025-02-15,12,101,559.2626840097015,559.2626840097015,0.0,0.0,0.9264
2025-02-15,12,102,582.567078136845,565.2917920257338,0.0,17.2752861111112,0.9462
2025-02-15,12,103,620.6718232814449,620.6718232814449,0.0,0.0,0.9742
2025-02-15,12,104,651.7484532032859,640.7550893143971,0.0,10.99336388888878,0.9862
2025-02-15,12,105,691.8989777961427,685.1307074817736,0.0,6.768270314369147,0.976
2025-02-15,12,106,649.894478042976,649.894478042976,0.0,0.0,1.0742
2025-02-15,12,107,563.2937416438148,563.2937416438148,0.0,0.0,1.2313
2025-02-15,18,108,0.0,0.0,0.0,0.0,1.2561
2025-02-15,18,109,325.0501380336866,325.0501380336866,0.0,0.0,1.2447
2025-02-15,18,110,0.0,0.0,0.0,0.0,1.2545
2025-02-15,18,111,0.0,0.0,0.0,0.0,1.2522
2025-02-15,18,112,0.0,0.0,0.0,0.0,1.2881
2025-02-15,18,113,0.0,0.0,0.0,0.0,1.3466
2025-02-15,18,114,0.0,0.0,0.0,0.0,1.3523
2025-02-15,18,115,0.0,0.0,0.0,0.0,1.3445
2025-02-15,18,116,0.0,0.0,0.0,0.0,1.3483
2025-02-15,18,117,0.0,0.0,0.0,0.0,1.349
2025-02-15,18,118,0.0,0.0,0.0,0.0,1.3473
2025-02-15,18,119,0.0,0.0,0.0,0.0,1.3482
2025-02-15,18,120,0.0,0.0,0.0,0.0,1.3513
2025-02-15,18,121,0.0,0.0,0.0,0.0,1.34
2025-02-15,18,122,0.0,0.0,0.0,0.0,1.3489
2025-02-15,18,123,0.0,0.0,0.0,0.0,1.3952
2025-02-15,18,124,547.8975469401117,547.8975469401117,0.0,0.0,1.2226
2025-02-15,18,125,521.3404287938304,521.3404287938304,0.0,0.0,0.9332
2025-02-15,18,126,552.940965302526,552.940965302526,0.0,0.0,0.9068
2025-02-15,18,127,564.2863236170739,564.2863236170739,0.0,0.0,0.9371
2025-02-15,18,128,562.1608995183205,562.1608995183205,0.0,0.0,0.9371
2025-02-15,18,129,579.958119179663,579.958119179663,0.0,0.0,0.9871
2025-02-15,18,130,534.2523745028626,534.2523745028626,0.0,0.0,0.7764
2025-02-15,18,131,461.4099400335105,461.4099400335105,0.0,0.0,0.4209
2025-02-15,18,132,449.70827389652254,449.70827389652254,0.0,0.0,0.3859
2025-02-15,18,133,474.39555400922046,474.39555400922046,0.0,0.0,0.4368
2025-02-15,18,134,462.5347351303249,462.5347351303249,0.0,0.0,0.4198
2025-02-15,18,135,466.92076943714557,466.92076943714557,0.0,0.0,0.4186
2025-02-15,18,136,479.7166737868258,479.7166737868258,0.0,0.0,0.4241
2025-02-15,18,137,492.7729817094972,492.7729817094972,0.0,0.0,0.4237
2025-02-15,18,138,477.39364124317234,477.39364124317234,0.0,0.0,0.4248
2025-02-15,18,139,470.53341772248797,470.53341772248797,0.0,0.0,0.424
2025-02-15,18,140,481.29280728965404,481.29280728965404,0.0,0.0,0.422
2025-02-15,18,141,454.38413510799404,454.38413510799404,0.0,0.0,0.424
2025-02-15,18,142,465.1943308603286,465.1943308603286,0.0,0.0,0.4271
2025-02-15,18,143,614.6826067880487,614.6826067880487,0.0,0.0,0.4276
2025-02-16,6,36,258.81565835286153,99.99613613063946,0.0,158.81952222222208,0.9368
2025-02-16,6,37,925.010570091611,923.5520034249445,0.0,1.4585666666665702,0.8758
2025-02-16,6,38,943.8236335061079,689.7280666362055,0.0,254.0955668699023,0.8759
2025-02-16,6,39,900.0321362902159,896.6288140679936,0.0,3.4033222222223003,0.8601
2025-02-16,6,40,829.0820977698227,826.9132550357048,0.0,2.168842734117902,0.8442
2025-02-16,6,41,825.3321567070462,825.3321567070462,0.0,0.0,0.8334
2025-02-16,6,42,779.7638648682199,777.3316621877925,0.0,2.4322026804273946,0.8092
2025-02-16,6,43,759.3753838321758,752.2891212188242,0.0,7.0862626133515505,0.7972
2025-02-16,6,44,710.5103589622944,710.5103589622944,0.0,0.0,0.7644
2025-02-16,6,45,1501.8711982845643,1462.88506634012,0.0,38.98613194444442,0.6899
2025-02-16,6,46,731.019420475116,694.1408526162774,0.0,36.878567858838665,0.86
2025-02-16,6,47,85.8262159628614,27.96032290730591,0.0,57.86589305555549,1.1617
2025-02-16,6,48,41.624220656736725,0.0,0.0,41.624220656736725,1.1683
2025-02-16,6,49,0.0,0.0,0.0,0.0,1.0956
2025-02-16,6,50,0.0,0.0,0.0,0.0,1.0849
2025-02-16,6,51,0.0,0.0,0.0,0.0,1.061
2025-02-16,6,52,0.0,0.0,0.0,0.0,1.043
2025-02-16,6,53,0.0,0.0,0.0,0.0,1.036
2025-02-16,6,54,0.0,0.0,0.0,0.0,1.0147
2025-02-16,6,55,0.0,0.0,0.0,0.0,0.9922
2025-02-16,6,56,0.0,0.0,0.0,0.0,0.97
2025-02-16,6,57,433.71161313822284,0.0,0.0,433.71161313822284,0.9422
2025-02-16,6,58,0.0,0.0,0.0,0.0,0.9569
2025-02-16,6,59,0.0,0.0,0.0,0.0,0.9977
2025-02-16,6,60,0.0,0.0,0.0,0.0,0.9919
2025-02-16,6,61,0.0,0.0,0.0,0.0,0.9588
2025-02-16,6,62,184.0629143338034,0.0,0.0,184.0629143338034,0.9549
2025-02-16,6,63,0.0,0.0,0.0,0.0,0.9839
2025-02-16,6,64,343.4403320488489,89.89156121551542,0.0,253.5487708333335,0.799
2025-02-16,6,65,1205.4694097009397,269.30216903823725,0.0,936.1672406627024,0.5025
2025-02-16,6,66,1156.178886229627,963.481861229627,0.0,192.69702500000005,0.4662
2025-02-16,6,67,1128.080520974285,931.5070459742848,0.0,196.57347500000026,0.5007
2025-02-16,6,68,1134.1785058357918,933.7285808357916,0.0,200.44992500000023,0.4827
2025-02-16,6,69,1101.211402136768,896.8850271367679,0.0,204.32637499999998,0.4785
2025-02-16,6,70,1074.9873216366761,866.7844966366764,0.0,208.20282499999973,0.4662
2025-02-16,6,71,1038.9930048689675,826.9137298689676,0.0,212.07927499999994,0.4432
2025-02-16,12,72,961.7616301952639,875.5445274174863,0.0,86.21710277777765,0.4411
2025-02-16,12,73,970.6571056538437,896.682263987177,0.0,73.97484166666675,0.4551
2025-02-16,12,74,995.923679611974,877.6877196370622,0.0,118.2359599749118,0.4463
2025-02-16,12,75,1009.7906323513598,834.6007831150281,0.0,175.18984923633172,0.4113
2025-02-16,12,76,1054.8641318858581,295.70174635563785,0.0,759.1623855302203,0.5682
2025-02-16,12,77,148.1621570543824,93.30504407261651,0.0,54.85711298176588,0.8279
2025-02-16,12,78,174.21798623283198,79.33221928984722,0.0,94.88576694298476,0.8636
2025-02-16,12,79,118.09558561749509,58.38489385026484,0.0,59.71069176723025,0.8416
2025-02-16,12,80,114.96608155600643,110.78219232557846,0.0,4.183889230427965,0.8618
2025-02-16,12,81,163.82888254045838,118.27274781823614,0.0,45.55613472222224,0.8623
2025-02-16,12,82,175.046394932301,0.0,0.0,175.046394932301,0.9026
2025-02-16,12,83,0.0,0.0,0.0,0.0,0.9754
2025-02-16,12,84,0.0,0.0,0.0,0.0,1.0002
2025-02-16,12,85,0.0,0.0,0.0,0.0,0.9978
2025-02-16,12,86,0.0,0.0,0.0,0.0,1.0271
2025-02-16,12,87,0.0,0.0,0.0,0.0,1.0906
2025-02-16,12,88,450.8536243775077,0.0,0.0,450.8536243775077,0.9376
2025-02-16,12,89,458.4134265618584,458.4134265618584,0.0,0.0,0.6694
2025-02-16,12,90,1522.0569779158404,1193.082158501305,0.0,328.97481941453543,0.66
2025-02-16,12,91,1507.2494051125914,1257.9711370903542,0.0,249.27826802223717,0.7217
2025-02-16,12,92,1534.487841693512,495.3461587112058,0.0,1039.1416829823063,0.7308
2025-02-16,12,93,713.6864131717658,578.0468951162102,0.0,135.63951805555564,0.7534
2025-02-16,12,94,759.4862174526734,627.4518132860068,0.0,132.0344041666666,0.7823
2025-02-16,12,95,795.7011637410013,659.0999190803074,0.0,136.60124466069396,0.8055
2025-02-16,12,96,848.4752165482572,765.8842311589725,0.0,82.5909853892847,0.8271
2025-02-16,12,97,867.4121856732735,844.127895174904,0.0,23.2842904983695,0.8519
2025-02-16,12,98,925.221653287878,811.4805657878779,0.0,113.74108750000005,0.8791
2025-02-16,12,99,969.6420095820796,899.5691123598575,0.0,70.07289722222208,0.9024
2025-02-16,12,100,992.7448722196942,923.0335680530276,0.0,69.71130416666665,0.9163
2025-02-16,12,101,984.2974085800506,936.6009960800505,0.0,47.696412500000065,0.9264
2025-02-16,12,102,1063.2405012030065,1063.2405012030065,0.0,0.0,0.9462
2025-02-16,12,103,1096.3303023371504,1096.3303023371504,0.0,0.0,0.9742
2025-02-16,12,104,1103.716056648227,1082.314159426005,0.0,21.401897222222033,0.9862
2025-02-16,12,105,1158.434230445281,1146.0686887786142,0.0,12.365541666666786,0.976
2025-02-16,12,106,1022.9096066923025,1022.9096066923025,0.0,0.0,1.0742
2025-02-16,12,107,776.4694856459461,773.4120717570573,0.0,3.057413888888732,1.2313
2025-02-16,18,108,771.222046297421,771.222046297421,0.0,0.0,1.2561
2025-02-16,18,109,782.8273632692659,782.8273632692659,0.0,0.0,1.2447
2025-02-16,18,110,798.143115711052,798.143115711052,0.0,0.0,1.2545
2025-02-16,18,111,764.7257202920941,764.7257202920941,0.0,0.0,1.2522
2025-02-16,18,112,590.5601196582901,590.5601196582901,0.0,0.0,1.2881
2025-02-16,18,113,0.0,0.0,0.0,0.0,1.3466
2025-02-16,18,114,0.0,0.0,0.0,0.0,1.3523
2025-02-16,18,115,0.0,0.0,0.0,0.0,1.3445
2025-02-16,18,116,0.0,0.0,0.0,0.0,1.3483
2025-02-16,18,117,0.0,0.0,0.0,0.0,1.349
2025-02-16,18,118,0.0,0.0,0.0,0.0,1.3473
2025-02-16,18,119,0.0,0.0,0.0,0.0,1.3482
2025-02-16,18,120,0.0,0.0,0.0,0.0,1.3513
2025-02-16,18,121,0.0,0.0,0.0,0.0,1.34
2025-02-16,18,122,0.0,0.0,0.0,0.0,1.3489
2025-02-16,18,123,0.0,0.0,0.0,0.0,1.3952
2025-02-16,18,124,748.3380024238571,748.3380024238571,0.0,0.0,1.2226
2025-02-16,18,125,756.7017557003801,756.7017557003801,0.0,0.0,0.9332
2025-02-16,18,126,775.0108086500048,775.0108086500048,0.0,0.0,0.9068
2025-02-16,18,127,773.3884265780652,773.3884265780652,0.0,0.0,0.9371
2025-02-16,18,128,775.9288889926471,775.9288889926471,0.0,0.0,0.9371
2025-02-16,18,129,792.1511607113865,792.1511607113865,0.0,0.0,0.9871
2025-02-16,18,130,707.1877089339391,707.1877089339391,0.0,0.0,0.7764
2025-02-16,18,131,591.3839578670311,591.3839578670311,0.0,0.0,0.4209
2025-02-16,18,132,565.125720905616,565.125720905616,0.0,0.0,0.3859
2025-02-16,18,133,594.7976045019958,594.7976045019958,0.0,0.0,0.4368
2025-02-16,18,134,582.273184862797,582.273184862797,0.0,0.0,0.4198
2025-02-16,18,135,584.2780522434549,584.2780522434549,0.0,0.0,0.4186
2025-02-16,18,136,588.4111353785538,588.4111353785538,0.0,0.0,0.4241
2025-02-16,18,137,606.743817644678,606.743817644678,0.0,0.0,0.4237
2025-02-16,18,138,610.7807223468644,610.7807223468644,0.0,0.0,0.4248
2025-02-16,18,139,600.4455227090024,600.4455227090024,0.0,0.0,0.424
2025-02-16,18,140,594.8207600509342,594.8207600509342,0.0,0.0,0.422
2025-02-16,18,141,583.2010181095383,583.2010181095383,0.0,0.0,0.424
2025-02-16,18,142,587.1954113934246,587.1954113934246,0.0,0.0,0.4271
2025-02-16,18,143,592.9021505021459,592.9021505021459,0.0,0.0,0.4276
2025-02-17,6,36,35.176659306677834,34.18393847334448,0.0,0.992720833333351,0.9368
2025-02-17,6,37,854.5063350789856,59.027059829396194,0.0,795.4792752495894,0.8758
2025-02-17,6,38,801.8985749259914,41.64960637766126,0.0,760.2489685483301,0.8759
2025-02-17,6,39,859.7714242682509,854.6504510443962,0.0,5.120973223854776,0.8601
2025-02-17,6,40,803.01079118412,799.0083786841201,0.0,4.002412499999878,0.8442
2025-02-17,6,41,758.3155329179476,753.4236954179477,0.0,4.891837499999951,0.8334
2025-02-17,6,42,705.4656553369538,705.4656553369538,0.0,0.0,0.8092
2025-02-17,6,43,674.7316663469697,648.9216663469698,0.0,25.809999999999945,0.7972
2025-02-17,6,44,602.2991703913043,602.2991703913043,0.0,0.0,0.7644
2025-02-17,6,45,1395.6714841328562,1395.6714841328562,0.0,0.0,0.6899
2025-02-17,6,46,586.1803174426524,575.9862424426525,0.0,10.194074999999884,0.86
2025-02-17,6,47,0.0,0.0,0.0,0.0,1.1617
2025-02-17,6,48,0.0,0.0,0.0,0.0,1.1683
2025-02-17,6,49,0.0,0.0,0.0,0.0,1.0956
2025-02-17,6,50,0.0,0.0,0.0,0.0,1.0849
2025-02-17,6,51,0.0,0.0,0.0,0.0,1.061
2025-02-17,6,52,0.0,0.0,0.0,0.0,1.043
2025-02-17,6,53,0.0,0.0,0.0,0.0,1.036
2025-02-17,6,54,0.0,0.0,0.0,0.0,1.0147
2025-02-17,6,55,0.0,0.0,0.0,0.0,0.9922
2025-02-17,6,56,0.0,0.0,0.0,0.0,0.97
2025-02-17,6,57,0.0,0.0,0.0,0.0,0.9422
2025-02-17,6,58,0.0,0.0,0.0,0.0,0.9569
2025-02-17,6,59,0.0,0.0,0.0,0.0,0.9977
2025-02-17,6,60,0.0,0.0,0.0,0.0,0.9919
2025-02-17,6,61,0.0,0.0,0.0,0.0,0.9588
2025-02-17,6,62,0.0,0.0,0.0,0.0,0.9549
2025-02-17,6,63,0.0,0.0,0.0,0.0,0.9839
2025-02-17,6,64,206.45541499932537,51.31583561757543,0.0,155.13957938174994,0.799
2025-02-17,6,65,1133.3960871344516,707.1973253355447,0.0,426.19876179890684,0.5025
2025-02-17,6,66,1142.723684642951,835.7210360366595,0.0,307.0026486062915,0.4662
2025-02-17,6,67,1101.0484173844072,788.7155180663871,0.0,312.33289931802017,0.5007
2025-02-17,6,68,1078.558287725852,790.7082226926287,0.0,287.85006503322336,0.4827
2025-02-17,6,69,1131.4613794592037,779.002267225536,0.0,352.4591122336677,0.4785
2025-02-17,6,70,1108.2357014263403,787.6255723442742,0.0,320.610129082066,0.4662
2025-02-17,6,71,1066.9862477183406,809.7103460160707,0.0,257.27590170226983,0.4432
2025-02-17,12,72,1044.9761796779285,694.8096390739655,0.0,350.16654060396297,0.4411
2025-02-17,12,73,1043.0957212576893,509.6414502691217,0.0,533.4542709885676,0.4551
2025-02-17,12,74,1004.6683637886598,703.8041321030576,0.0,300.86423168560225,0.4463
2025-02-17,12,75,1023.9167030999919,736.666808106816,0.0,287.2498949931759,0.4113
2025-02-17,12,76,1040.181357667972,0.0,0.0,1040.181357667972,0.5682
2025-02-17,12,77,235.83366376445323,0.0,0.0,235.83366376445323,0.8279
2025-02-17,12,78,226.82310416503188,0.0,0.0,226.82310416503188,0.8636
2025-02-17,12,79,229.89283670377563,0.0,0.0,229.89283670377563,0.8416
2025-02-17,12,80,166.659429485591,0.0,0.0,166.659429485591,0.8618
2025-02-17,12,81,154.09939667182903,0.0,0.0,154.09939667182903,0.8623
2025-02-17,12,82,0.0,0.0,0.0,0.0,0.9026
2025-02-17,12,83,0.0,0.0,0.0,0.0,0.9754
2025-02-17,12,84,0.0,0.0,0.0,0.0,1.0002
2025-02-17,12,85,0.0,0.0,0.0,0.0,0.9978
2025-02-17,12,86,0.0,0.0,0.0,0.0,1.0271
2025-02-17,12,87,0.0,0.0,0.0,0.0,1.0906
2025-02-17,12,88,0.0,0.0,0.0,0.0,0.9376
2025-02-17,12,89,1148.2320401333432,293.5448843738643,0.0,854.6871557594789,0.6694
2025-02-17,12,90,1213.4861845836167,1182.26454312048,0.0,31.22164146313662,0.66
2025-02-17,12,91,398.69326845272593,362.6402275557551,0.0,36.053040896970856,0.7217
2025-02-17,12,92,440.1431047169055,392.57082693912776,0.0,47.57227777777774,0.7308
2025-02-17,12,93,458.59245695632717,442.73710347417415,0.0,15.85535348215302,0.7534
2025-02-17,12,94,469.3814137121635,477.9710366069967,8.589622894833155,0.0,0.7823
2025-02-17,12,95,517.514938523619,539.6554530160787,22.140514492459715,0.0,0.8055
2025-02-17,12,96,597.9145674506857,614.7677823205967,16.85321486991097,0.0,0.8271
2025-02-17,12,97,661.4864703053729,682.8684025289003,21.38193222352743,0.0,0.8519
2025-02-17,12,98,733.968180462447,733.968180462447,0.0,0.0,0.8791
2025-02-17,12,99,786.7813257183717,786.7813257183717,0.0,0.0,0.9024
2025-02-17,12,100,851.8195836691924,844.2893857756549,0.0,7.530197893537547,0.9163
2025-02-17,12,101,896.8334538152295,896.8334538152295,0.0,0.0,0.9264
2025-02-17,12,102,955.4893592219556,942.7080138877471,0.0,12.781345334208481,0.9462
2025-02-17,12,103,986.9111506224691,986.9111506224691,0.0,0.0,0.9742
2025-02-17,12,104,1015.0750460152736,1012.9892404597181,0.0,2.0858055555555666,0.9862
2025-02-17,12,105,1043.0023990810485,1043.0023990810485,0.0,0.0,0.976
2025-02-17,12,106,902.4485043237829,898.0420106342303,0.0,4.406493689552576,1.0742
2025-02-17,12,107,727.5382692084777,726.003215041811,0.0,1.5350541666666686,1.2313
2025-02-17,18,108,698.2535092105066,698.2535092105066,0.0,0.0,1.2561
2025-02-17,18,109,723.916144182765,723.916144182765,0.0,0.0,1.2447
2025-02-17,18,110,724.2242961461194,724.2242961461194,0.0,0.0,1.2545
2025-02-17,18,111,730.0907504145756,730.0907504145756,0.0,0.0,1.2522
2025-02-17,18,112,176.30468130664178,176.30468130664178,0.0,0.0,1.2881
2025-02-17,18,113,0.0,0.0,0.0,0.0,1.3466
2025-02-17,18,114,0.0,0.0,0.0,0.0,1.3523
2025-02-17,18,115,0.0,0.0,0.0,0.0,1.3445
2025-02-17,18,116,0.0,0.0,0.0,0.0,1.3483
2025-02-17,18,117,0.0,0.0,0.0,0.0,1.349
2025-02-17,18,118,0.0,0.0,0.0,0.0,1.3473
2025-02-17,18,119,0.0,0.0,0.0,0.0,1.3482
2025-02-17,18,120,0.0,0.0,0.0,0.0,1.3513
2025-02-17,18,121,0.0,0.0,0.0,0.0,1.34
2025-02-17,18,122,0.0,0.0,0.0,0.0,1.3489
2025-02-17,18,123,0.0,0.0,0.0,0.0,1.3952
2025-02-17,18,124,736.7159587465914,736.7159587465914,0.0,0.0,1.2226
2025-02-17,18,125,736.7869449928636,736.7869449928636,0.0,0.0,0.9332
2025-02-17,18,126,727.2752164775457,727.2752164775457,0.0,0.0,0.9068
2025-02-17,18,127,733.334292783061,733.334292783061,0.0,0.0,0.9371
2025-02-17,18,128,759.1867544251942,759.1867544251942,0.0,0.0,0.9371
2025-02-17,18,129,773.6001905814277,773.6001905814277,0.0,0.0,0.9871
2025-02-17,18,130,710.9419238961844,710.9419238961844,0.0,0.0,0.7764
2025-02-17,18,131,561.896692693279,561.896692693279,0.0,0.0,0.4209
2025-02-17,18,132,550.9068871177071,550.9068871177071,0.0,0.0,0.3859
2025-02-17,18,133,538.0679036617977,538.0679036617977,0.0,0.0,0.4368
2025-02-17,18,134,552.1194712021627,552.1194712021627,0.0,0.0,0.4198
2025-02-17,18,135,562.8412471586906,562.8412471586906,0.0,0.0,0.4186
2025-02-17,18,136,562.6562133942647,562.6562133942647,0.0,0.0,0.4241
2025-02-17,18,137,564.6677447106903,564.6677447106903,0.0,0.0,0.4237
2025-02-17,18,138,562.8739169168127,562.8739169168127,0.0,0.0,0.4248
2025-02-17,18,139,572.1196336815999,572.1196336815999,0.0,0.0,0.424
2025-02-17,18,140,601.1463146297873,601.1463146297873,0.0,0.0,0.422
2025-02-17,18,141,606.7423961469195,606.7423961469195,0.0,0.0,0.424
2025-02-17,18,142,592.4894456005933,592.4894456005933,0.0,0.0,0.4271
2025-02-17,18,143,595.3007703319946,595.3007703319946,0.0,0.0,0.4276
2025-02-18,6,36,50.793876669469,50.793876669469,0.0,0.0,0.9368
2025-02-18,6,37,32.136623196708115,866.6378815300415,834.5012583333333,0.0,0.8758
2025-02-18,6,38,8.641457022618056,548.0086508784287,539.3671938558107,0.0,0.8759
2025-02-18,6,39,788.8071889117035,848.6358281637818,59.82863925207823,0.0,0.8601
2025-02-18,6,40,826.9584510838586,826.9584510838586,0.0,0.0,0.8442
2025-02-18,6,41,758.3806044884797,758.3806044884797,0.0,0.0,0.8334
2025-02-18,6,42,702.7762061078171,705.4330838855949,2.6568777777778223,0.0,0.8092
2025-02-18,6,43,684.5453222447612,684.5453222447612,0.0,0.0,0.7972
2025-02-18,6,44,598.4461136482838,603.7336038603245,5.287490212040666,0.0,0.7644
2025-02-18,6,45,1375.6635661624778,1421.350302273589,45.68673611111126,0.0,0.6899
2025-02-18,6,46,561.9384423952009,567.6341448370941,5.695702441893218,0.0,0.86
2025-02-18,6,47,0.0,0.0,0.0,0.0,1.1617
2025-02-18,6,48,0.0,0.0,0.0,0.0,1.1683
2025-02-18,6,49,0.0,0.0,0.0,0.0,1.0956
2025-02-18,6,50,0.0,0.0,0.0,0.0,1.0849
2025-02-18,6,51,0.0,0.0,0.0,0.0,1.061
2025-02-18,6,52,0.0,0.0,0.0,0.0,1.043
2025-02-18,6,53,0.0,0.0,0.0,0.0,1.036
2025-02-18,6,54,0.0,0.0,0.0,0.0,1.0147
2025-02-18,6,55,0.0,0.0,0.0,0.0,0.9922
2025-02-18,6,56,0.0,0.0,0.0,0.0,0.97
2025-02-18,6,57,0.0,0.0,0.0,0.0,0.9422
2025-02-18,6,58,0.0,0.0,0.0,0.0,0.9569
2025-02-18,6,59,0.0,0.0,0.0,0.0,0.9977
2025-02-18,6,60,0.0,0.0,0.0,0.0,0.9919
2025-02-18,6,61,0.0,0.0,0.0,0.0,0.9588
2025-02-18,6,62,0.0,0.0,0.0,0.0,0.9549
2025-02-18,6,63,0.0,0.0,0.0,0.0,0.9839
2025-02-18,6,64,0.0,85.18256891959254,85.18256891959254,0.0,0.799
2025-02-18,6,65,901.8532564625029,945.8420773572957,43.98882089479275,0.0,0.5025
2025-02-18,6,66,876.1530011651353,927.543123392177,51.39012222704173,0.0,0.4662
2025-02-18,6,67,799.5758455919836,853.2765254406302,53.70067984864659,0.0,0.5007
2025-02-18,6,68,756.7491972952066,822.6182295514044,65.86903225619778,0.0,0.4827
2025-02-18,6,69,783.1249967634033,811.9810803630688,28.856083599665567,0.0,0.4785
2025-02-18,6,70,727.3969587938749,795.7428338784755,68.3458750846006,0.0,0.4662
2025-02-18,6,71,634.42624044632,773.7471512440504,139.32091079773045,0.0,0.4432
2025-02-18,12,72,590.879499592995,590.879499592995,0.0,0.0,0.4411
2025-02-18,12,73,611.6828268567206,0.0,0.0,611.6828268567206,0.4551
2025-02-18,12,74,593.3116601034399,356.545028435769,0.0,236.76663166767088,0.4463
2025-02-18,12,75,600.7704172897743,600.7704172897743,0.0,0.0,0.4113
2025-02-18,12,76,617.1304956388806,0.0,0.0,617.1304956388806,0.5682
2025-02-18,12,77,0.0,0.0,0.0,0.0,0.8279
2025-02-18,12,78,0.0,0.0,0.0,0.0,0.8636
2025-02-18,12,79,0.0,0.0,0.0,0.0,0.8416
2025-02-18,12,80,0.0,0.0,0.0,0.0,0.8618
2025-02-18,12,81,0.0,0.0,0.0,0.0,0.8623
2025-02-18,12,82,0.0,0.0,0.0,0.0,0.9026
2025-02-18,12,83,0.0,0.0,0.0,0.0,0.9754
2025-02-18,12,84,0.0,0.0,0.0,0.0,1.0002
2025-02-18,12,85,0.0,0.0,0.0,0.0,0.9978
2025-02-18,12,86,0.0,0.0,0.0,0.0,1.0271
2025-02-18,12,87,0.0,0.0,0.0,0.0,1.0906
2025-02-18,12,88,0.0,0.0,0.0,0.0,0.9376
2025-02-18,12,89,808.3310175461911,808.3310175461911,0.0,0.0,0.6694
2025-02-18,12,90,236.1320445546582,1028.4605845641775,792.3285400095192,0.0,0.66
2025-02-18,12,91,305.04464024684097,332.03839679411493,26.99375654727396,0.0,0.7217
2025-02-18,12,92,361.89791409926124,370.49910576592794,8.601191666666693,0.0,0.7308
2025-02-18,12,93,461.13635975142665,461.13635975142665,0.0,0.0,0.7534
2025-02-18,12,94,542.573991993546,542.573991993546,0.0,0.0,0.7823
2025-02-18,12,95,579.8113749434793,579.8113749434793,0.0,0.0,0.8055
2025-02-18,12,96,608.8736113669213,608.8736113669213,0.0,0.0,0.8271
2025-02-18,12,97,662.2709721779908,662.2709721779908,0.0,0.0,0.8519
2025-02-18,12,98,761.7714652794608,761.7714652794608,0.0,0.0,0.8791
2025-02-18,12,99,804.1531129143764,804.1531129143764,0.0,0.0,0.9024
2025-02-18,12,100,855.6061509906953,855.6061509906953,0.0,0.0,0.9163
2025-02-18,12,101,915.8325229394841,915.8325229394841,0.0,0.0,0.9264
2025-02-18,12,102,967.0430537273728,967.0430537273728,0.0,0.0,0.9462
2025-02-18,12,103,991.6379964059979,991.6379964059979,0.0,0.0,0.9742
2025-02-18,12,104,1009.4673440169653,1009.4673440169653,0.0,0.0,0.9862
2025-02-18,12,105,1032.851642394405,1032.851642394405,0.0,0.0,0.976
2025-02-18,12,106,893.2116421445871,893.2116421445871,0.0,0.0,1.0742
2025-02-18,12,107,705.3717047943619,705.3717047943619,0.0,0.0,1.2313
2025-02-18,18,108,694.4819530099749,694.4819530099749,0.0,0.0,1.2561
2025-02-18,18,109,730.9869920660217,730.9869920660217,0.0,0.0,1.2447
2025-02-18,18,110,719.8991480370382,719.8991480370382,0.0,0.0,1.2545
2025-02-18,18,111,738.5881015773799,738.5881015773799,0.0,0.0,1.2522
2025-02-18,18,112,256.4028252261037,256.4028252261037,0.0,0.0,1.2881
2025-02-18,18,113,0.0,0.0,0.0,0.0,1.3466
2025-02-18,18,114,0.0,0.0,0.0,0.0,1.3523
2025-02-18,18,115,0.0,0.0,0.0,0.0,1.3445
2025-02-18,18,116,0.0,0.0,0.0,0.0,1.3483
2025-02-18,18,117,0.0,0.0,0.0,0.0,1.349
2025-02-18,18,118,0.0,0.0,0.0,0.0,1.3473
2025-02-18,18,119,0.0,0.0,0.0,0.0,1.3482
2025-02-18,18,120,0.0,0.0,0.0,0.0,1.3513
2025-02-18,18,121,0.0,0.0,0.0,0.0,1.34
2025-02-18,18,122,0.0,0.0,0.0,0.0,1.3489
2025-02-18,18,123,0.0,0.0,0.0,0.0,1.3952
2025-02-18,18,124,737.0184489198142,737.0184489198142,0.0,0.0,1.2226
2025-02-18,18,125,749.010139459689,749.010139459689,0.0,0.0,0.9332
2025-02-18,18,126,723.9820697516037,723.9820697516037,0.0,0.0,0.9068
2025-02-18,18,127,728.7878784554277,728.7878784554277,0.0,0.0,0.9371
2025-02-18,18,128,766.4472976500512,766.4472976500512,0.0,0.0,0.9371
2025-02-18,18,129,773.2511506851628,773.2511506851628,0.0,0.0,0.9871
2025-02-18,18,130,679.6519846992438,679.6519846992438,0.0,0.0,0.7764
2025-02-18,18,131,518.5071815888906,518.5071815888906,0.0,0.0,0.4209
2025-02-18,18,132,533.7712988947816,533.7712988947816,0.0,0.0,0.3859
2025-02-18,18,133,567.654655939997,567.654655939997,0.0,0.0,0.4368
2025-02-18,18,134,568.7666000616043,568.7666000616043,0.0,0.0,0.4198
2025-02-18,18,135,550.8319148269621,550.8319148269621,0.0,0.0,0.4186
2025-02-18,18,136,551.6346347240798,551.6346347240798,0.0,0.0,0.4241
2025-02-18,18,137,575.0413806556875,575.0413806556875,0.0,0.0,0.4237
2025-02-18,18,138,581.316059819226,581.316059819226,0.0,0.0,0.4248
2025-02-18,18,139,587.310199208958,587.310199208958,0.0,0.0,0.424
2025-02-18,18,140,595.0980570601671,595.0980570601671,0.0,0.0,0.422
2025-02-18,18,141,601.8791114478068,601.8791114478068,0.0,0.0,0.424
2025-02-18,18,142,574.5618250464406,574.5618250464406,0.0,0.0,0.4271
2025-02-18,18,143,543.1781393531165,543.1781393531165,0.0,0.0,0.4276
2025-02-19,6,36,44.56895930631822,44.56895930631822,0.0,0.0,0.9368
2025-02-19,6,37,249.79306549545913,379.24790262887734,129.4548371334182,0.0,0.8758
2025-02-19,6,38,25.324140533880495,25.324140533880495,0.0,0.0,0.8759
2025-02-19,6,39,854.2834025845667,854.1220751940451,0.0,0.16132739052159195,0.8601
2025-02-19,6,40,826.6602461459571,826.0730928639528,0.0,0.5871532820043512,0.8442
2025-02-19,6,41,786.1156306004385,786.1156306004385,0.0,0.0,0.8334
2025-02-19,6,42,698.3727798831959,694.42923982402,0.0,3.943540059175916,0.8092
2025-02-19,6,43,672.5513736090774,672.5513736090774,0.0,0.0,0.7972
2025-02-19,6,44,603.6752360213324,603.6752360213324,0.0,0.0,0.7644
2025-02-19,6,45,1379.2540544258734,1405.2977558147622,26.04370138888885,0.0,0.6899
2025-02-19,6,46,561.8202286088937,561.8202286088937,0.0,0.0,0.86
2025-02-19,6,47,0.0,0.0,0.0,0.0,1.1617
2025-02-19,6,48,0.0,0.0,0.0,0.0,1.1683
2025-02-19,6,49,0.0,0.0,0.0,0.0,1.0956
2025-02-19,6,50,0.0,0.0,0.0,0.0,1.0849
2025-02-19,6,51,0.0,0.0,0.0,0.0,1.061
2025-02-19,6,52,0.0,0.0,0.0,0.0,1.043
2025-02-19,6,53,0.0,0.0,0.0,0.0,1.036
2025-02-19,6,54,0.0,0.0,0.0,0.0,1.0147
2025-02-19,6,55,0.0,0.0,0.0,0.0,0.9922
2025-02-19,6,56,0.0,0.0,0.0,0.0,0.97
2025-02-19,6,57,0.0,0.0,0.0,0.0,0.9422
2025-02-19,6,58,0.0,0.0,0.0,0.0,0.9569
2025-02-19,6,59,0.0,0.0,0.0,0.0,0.9977
2025-02-19,6,60,0.0,0.0,0.0,0.0,0.9919
2025-02-19,6,61,0.0,0.0,0.0,0.0,0.9588
2025-02-19,6,62,0.0,0.0,0.0,0.0,0.9549
2025-02-19,6,63,0.0,0.0,0.0,0.0,0.9839
2025-02-19,6,64,0.0,0.0,0.0,0.0,0.799
2025-02-19,6,65,769.8322051048046,775.6407343329308,5.80852922812619,0.0,0.5025
2025-02-19,6,66,752.1106673699569,750.3770215414432,0.0,1.7336458285136587,0.4662
2025-02-19,6,67,715.6052409320203,695.0049499473333,0.0,20.60029098468692,0.5007
2025-02-19,6,68,740.9313231485447,668.4884624221713,0.0,72.4428607263734,0.4827
2025-02-19,6,69,740.8042912698487,653.0049984806255,0.0,87.79929278922316,0.4785
2025-02-19,6,70,707.5175511458349,638.030847063769,0.0,69.4867040820659,0.4662
2025-02-19,6,71,681.2355992839501,624.890468583556,0.0,56.34513070039418,0.4432
2025-02-19,12,72,720.3029033920757,619.9151524738089,0.0,100.38775091826676,0.4411
2025-02-19,12,73,705.1118827711547,694.1857425368528,0.0,10.926140234301897,0.4551
2025-02-19,12,74,656.0984155190422,656.0984155190422,0.0,0.0,0.4463
2025-02-19,12,75,662.4910266344496,662.4910266344496,0.0,0.0,0.4113
2025-02-19,12,76,750.7783229663407,649.1640422117426,0.0,101.6142807545981,0.5682
2025-02-19,12,77,0.0,0.0,0.0,0.0,0.8279
2025-02-19,12,78,0.0,0.0,0.0,0.0,0.8636
2025-02-19,12,79,0.0,0.0,0.0,0.0,0.8416
2025-02-19,12,80,0.0,0.0,0.0,0.0,0.8618
2025-02-19,12,81,0.0,75.69374444779002,75.69374444779002,0.0,0.8623
2025-02-19,12,82,0.0,0.0,0.0,0.0,0.9026
2025-02-19,12,83,0.0,0.0,0.0,0.0,0.9754
2025-02-19,12,84,0.0,0.0,0.0,0.0,1.0002
2025-02-19,12,85,0.0,0.0,0.0,0.0,0.9978
2025-02-19,12,86,0.0,0.0,0.0,0.0,1.0271
2025-02-19,12,87,0.0,0.0,0.0,0.0,1.0906
2025-02-19,12,88,0.0,0.0,0.0,0.0,0.9376
2025-02-19,12,89,1277.3475999156642,1240.9875533049985,0.0,36.36004661066568,0.6694
2025-02-19,12,90,1272.9052171520757,1263.0819528107522,0.0,9.823264341323465,0.66
2025-02-19,12,91,425.90633356287026,665.1163229585193,239.20998939564902,0.0,0.7217
2025-02-19,12,92,426.80995117108733,426.80995117108733,0.0,0.0,0.7308
2025-02-19,12,93,499.84061658286583,531.7547512479493,31.91413466508351,0.0,0.7534
2025-02-19,12,94,548.6310987687376,564.8332567751916,16.202158006453942,0.0,0.7823
2025-02-19,12,95,543.6803333462373,565.1637612252712,21.48342787903391,0.0,0.8055
2025-02-19,12,96,595.1606693530265,622.6403967646615,27.479727411635054,0.0,0.8271
2025-02-19,12,97,667.5536177625145,702.9029594859745,35.34934172346004,0.0,0.8519
2025-02-19,12,98,732.0035407075503,753.6676178353567,21.664077127806422,0.0,0.8791
2025-02-19,12,99,754.1993459364235,784.949937749622,30.750591813198525,0.0,0.9024
2025-02-19,12,100,809.6294350812681,809.6294350812681,0.0,0.0,0.9163
2025-02-19,12,101,882.7957966598213,882.7957966598213,0.0,0.0,0.9264
2025-02-19,12,102,927.2767784511308,927.2767784511308,0.0,0.0,0.9462
2025-02-19,12,103,954.7130773758681,954.7130773758681,0.0,0.0,0.9742
2025-02-19,12,104,988.0211587185504,988.0211587185504,0.0,0.0,0.9862
2025-02-19,12,105,1021.9107870096481,1021.9107870096481,0.0,0.0,0.976
2025-02-19,12,106,898.2801993362499,898.2801993362499,0.0,0.0,1.0742
2025-02-19,12,107,706.8788031984876,706.8788031984876,0.0,0.0,1.2313
2025-02-19,18,108,708.3070701843403,708.3070701843403,0.0,0.0,1.2561
2025-02-19,18,109,742.7049104066806,742.7049104066806,0.0,0.0,1.2447
2025-02-19,18,110,718.1781258090015,718.1781258090015,0.0,0.0,1.2545
2025-02-19,18,111,742.8907447456444,742.8907447456444,0.0,0.0,1.2522
2025-02-19,18,112,208.46980680024797,208.46980680024797,0.0,0.0,1.2881
2025-02-19,18,113,0.0,0.0,0.0,0.0,1.3466
2025-02-19,18,114,0.0,0.0,0.0,0.0,1.3523
2025-02-19,18,115,0.0,0.0,0.0,0.0,1.3445
2025-02-19,18,116,0.0,0.0,0.0,0.0,1.3483
2025-02-19,18,117,0.0,0.0,0.0,0.0,1.349
2025-02-19,18,118,0.0,0.0,0.0,0.0,1.3473
2025-02-19,18,119,0.0,0.0,0.0,0.0,1.3482
2025-02-19,18,120,0.0,0.0,0.0,0.0,1.3513
2025-02-19,18,121,0.0,0.0,0.0,0.0,1.34
2025-02-19,18,122,0.0,0.0,0.0,0.0,1.3489
2025-02-19,18,123,0.0,0.0,0.0,0.0,1.3952
2025-02-19,18,124,738.9815714001453,738.9815714001453,0.0,0.0,1.2226
2025-02-19,18,125,743.8528849665408,743.8528849665408,0.0,0.0,0.9332
2025-02-19,18,126,724.9586853964497,724.9586853964497,0.0,0.0,0.9068
2025-02-19,18,127,730.6679017696821,730.6679017696821,0.0,0.0,0.9371
2025-02-19,18,128,763.3604011216672,763.3604011216672,0.0,0.0,0.9371
2025-02-19,18,129,783.2014935034636,783.2014935034636,0.0,0.0,0.9871
2025-02-19,18,130,696.5006547810995,696.5006547810995,0.0,0.0,0.7764
2025-02-19,18,131,535.7890231785467,535.7890231785467,0.0,0.0,0.4209
2025-02-19,18,132,526.0579944493609,526.0579944493609,0.0,0.0,0.3859
2025-02-19,18,133,537.6536436553816,537.6536436553816,0.0,0.0,0.4368
2025-02-19,18,134,549.114724070611,549.114724070611,0.0,0.0,0.4198
2025-02-19,18,135,561.8528032306762,561.8528032306762,0.0,0.0,0.4186
2025-02-19,18,136,565.9260888052911,565.9260888052911,0.0,0.0,0.4241
2025-02-19,18,137,569.5346759262889,569.5346759262889,0.0,0.0,0.4237
2025-02-19,18,138,585.2633601704982,585.2633601704982,0.0,0.0,0.4248
2025-02-19,18,139,599.1516809681217,599.1516809681217,0.0,0.0,0.424
2025-02-19,18,140,595.0620539454733,595.0620539454733,0.0,0.0,0.422
2025-02-19,18,141,591.0256847664771,591.0256847664771,0.0,0.0,0.424
2025-02-19,18,142,562.5012588801719,562.5012588801719,0.0,0.0,0.4271
2025-02-19,18,143,546.7540185193733,546.7540185193733,0.0,0.0,0.4276
2025-02-20,6,36,24.022295738229104,24.022295738229104,0.0,0.0,0.9368
2025-02-20,6,37,853.1912255661333,556.8713643146125,0.0,296.3198612515208,0.8758
2025-02-20,6,38,149.0900931284765,83.59955928388501,0.0,65.49053384459148,0.8759
2025-02-20,6,39,853.8892794525888,853.2256697303668,0.0,0.6636097222219632,0.8601
2025-02-20,6,40,809.1352972754495,805.3206564934452,0.0,3.8146407820042896,0.8442
2025-02-20,6,41,766.9145135009904,766.9145135009904,0.0,0.0,0.8334
2025-02-20,6,42,711.8516194253285,707.8647263697729,0.0,3.9868930555555835,0.8092
2025-02-20,6,43,649.0229059615964,649.0229059615964,0.0,0.0,0.7972
2025-02-20,6,44,581.2489911982094,581.2489911982094,0.0,0.0,0.7644
2025-02-20,6,45,1380.4618721973857,1380.4618721973857,0.0,0.0,0.6899
2025-02-20,6,46,587.8809730944926,576.6685403189322,0.0,11.212432775560387,0.86
2025-02-20,6,47,0.0,0.0,0.0,0.0,1.1617
2025-02-20,6,48,0.0,0.0,0.0,0.0,1.1683
2025-02-20,6,49,0.0,0.0,0.0,0.0,1.0956
2025-02-20,6,50,0.0,0.0,0.0,0.0,1.0849
2025-02-20,6,51,0.0,0.0,0.0,0.0,1.061
2025-02-20,6,52,0.0,0.0,0.0,0.0,1.043
2025-02-20,6,53,0.0,0.0,0.0,0.0,1.036
2025-02-20,6,54,0.0,0.0,0.0,0.0,1.0147
2025-02-20,6,55,0.0,0.0,0.0,0.0,0.9922
2025-02-20,6,56,0.0,0.0,0.0,0.0,0.97
2025-02-20,6,57,0.0,0.0,0.0,0.0,0.9422
2025-02-20,6,58,0.0,0.0,0.0,0.0,0.9569
2025-02-20,6,59,0.0,0.0,0.0,0.0,0.9977
2025-02-20,6,60,0.0,0.0,0.0,0.0,0.9919
2025-02-20,6,61,0.0,0.0,0.0,0.0,0.9588
2025-02-20,6,62,0.0,0.0,0.0,0.0,0.9549
2025-02-20,6,63,0.0,0.0,0.0,0.0,0.9839
2025-02-20,6,64,172.1719289934264,58.104844028954176,0.0,114.06708496447223,0.799
2025-02-20,6,65,1083.7072458859068,907.1522069970179,0.0,176.55503888888893,0.5025
2025-02-20,6,66,1075.4686322215794,898.9426599993569,0.0,176.52597222222244,0.4662
2025-02-20,6,67,1006.1610032171646,847.8128532171648,0.0,158.3481499999998,0.5007
2025-02-20,6,68,1021.4987839179882,808.885595413837,0.0,212.61318850415125,0.4827
2025-02-20,6,69,989.5960370840469,796.7672855026714,0.0,192.8287515813755,0.4785
2025-02-20,6,70,929.8090053794881,775.5698551243268,0.0,154.23915025516135,0.4662
2025-02-20,6,71,908.4878127328818,766.5058209213765,0.0,141.98199181150528,0.4432
2025-02-20,12,72,952.8984022747594,743.9593041342703,0.0,208.93909814048914,0.4411
2025-02-20,12,73,941.9533557061186,804.6875071384832,0.0,137.26584856763543,0.4551
2025-02-20,12,74,872.8544021019869,764.9456581389891,0.0,107.90874396299785,0.4463
2025-02-20,12,75,860.0849421438146,707.0939412886859,0.0,152.99100085512873,0.4113
2025-02-20,12,76,935.840515747843,145.18451568542503,0.0,790.656000062418,0.5682
2025-02-20,12,77,108.1406341838677,0.0,0.0,108.1406341838677,0.8279
2025-02-20,12,78,93.483090918119,0.0,0.0,93.483090918119,0.8636
2025-02-20,12,79,89.78704356488788,0.0,0.0,89.78704356488788,0.8416
2025-02-20,12,80,137.469007040729,4.813394967861768,0.0,132.65561207286723,0.8618
2025-02-20,12,81,69.89301082684703,10.439457393696102,0.0,59.45355343315093,0.8623
2025-02-20,12,82,17.507559767945924,11.446268602503247,0.0,6.061291165442677,0.9026
2025-02-20,12,83,0.0,0.0,0.0,0.0,0.9754
2025-02-20,12,84,0.0,0.0,0.0,0.0,1.0002
2025-02-20,12,85,0.0,0.0,0.0,0.0,0.9978
2025-02-20,12,86,0.0,0.0,0.0,0.0,1.0271
2025-02-20,12,87,0.0,0.0,0.0,0.0,1.0906
2025-02-20,12,88,0.0,0.0,0.0,0.0,0.9376
2025-02-20,12,89,188.59792532981226,188.59792532981226,0.0,0.0,0.6694
2025-02-20,12,90,1161.1327326506062,1117.9968696981714,0.0,43.13586295243476,0.66
2025-02-20,12,91,340.8740052745705,340.8740052745705,0.0,0.0,0.7217
2025-02-20,12,92,379.5801033889757,379.5801033889757,0.0,0.0,0.7308
2025-02-20,12,93,414.0722745857577,422.9690189730634,8.89674438730566,0.0,0.7534
2025-02-20,12,94,486.5946828306632,486.5946828306632,0.0,0.0,0.7823
2025-02-20,12,95,523.4634443687365,527.3812042051189,3.9177598363824018,0.0,0.8055
2025-02-20,12,96,556.4978118907194,583.1119244629328,26.614112572213457,0.0,0.8271
2025-02-20,12,97,628.5167067051786,653.2410090560209,24.72430235084221,0.0,0.8519
2025-02-20,12,98,713.0357957140385,732.3384270085116,19.302631294473144,0.0,0.8791
2025-02-20,12,99,739.5848383882975,771.057268841956,31.47243045365849,0.0,0.9024
2025-02-20,12,100,795.5401119848057,804.2118725854363,8.671760600630591,0.0,0.9163
2025-02-20,12,101,881.9341097007845,881.9341097007845,0.0,0.0,0.9264
2025-02-20,12,102,923.3703001189319,923.3703001189319,0.0,0.0,0.9462
2025-02-20,12,103,948.5855195882001,948.5855195882001,0.0,0.0,0.9742
2025-02-20,12,104,997.7839891466041,997.7839891466041,0.0,0.0,0.9862
2025-02-20,12,105,1024.606973280951,1024.606973280951,0.0,0.0,0.976
2025-02-20,12,106,897.0038058609539,897.0038058609539,0.0,0.0,1.0742
2025-02-20,12,107,700.1082299667556,700.1082299667556,0.0,0.0,1.2313
2025-02-20,18,108,690.0273488727198,690.0273488727198,0.0,0.0,1.2561
2025-02-20,18,109,730.2093207411375,730.2093207411375,0.0,0.0,1.2447
2025-02-20,18,110,710.5518124900123,710.5518124900123,0.0,0.0,1.2545
2025-02-20,18,111,737.4533488990804,737.4533488990804,0.0,0.0,1.2522
2025-02-20,18,112,256.1246285524333,256.1246285524333,0.0,0.0,1.2881
2025-02-20,18,113,0.0,0.0,0.0,0.0,1.3466
2025-02-20,18,114,0.0,0.0,0.0,0.0,1.3523
2025-02-20,18,115,0.0,0.0,0.0,0.0,1.3445
2025-02-20,18,116,0.0,0.0,0.0,0.0,1.3483
2025-02-20,18,117,0.0,0.0,0.0,0.0,1.349
2025-02-20,18,118,0.0,0.0,0.0,0.0,1.3473
2025-02-20,18,119,0.0,0.0,0.0,0.0,1.3482
2025-02-20,18,120,0.0,0.0,0.0,0.0,1.3513
2025-02-20,18,121,0.0,0.0,0.0,0.0,1.34
2025-02-20,18,122,0.0,0.0,0.0,0.0,1.3489
2025-02-20,18,123,0.0,0.0,0.0,0.0,1.3952
2025-02-20,18,124,734.6487910597807,734.6487910597807,0.0,0.0,1.2226
2025-02-20,18,125,749.5775112409956,749.5775112409956,0.0,0.0,0.9332
2025-02-20,18,126,748.55063653872,748.55063653872,0.0,0.0,0.9068
2025-02-20,18,127,742.5862467348225,742.5862467348225,0.0,0.0,0.9371
2025-02-20,18,128,753.7666505130809,753.7666505130809,0.0,0.0,0.9371
2025-02-20,18,129,776.6253073337797,776.6253073337797,0.0,0.0,0.9871
2025-02-20,18,130,703.6335394492515,703.6335394492515,0.0,0.0,0.7764
2025-02-20,18,131,559.688586509979,559.688586509979,0.0,0.0,0.4209
2025-02-20,18,132,535.5176213662021,535.5176213662021,0.0,0.0,0.3859
2025-02-20,18,133,561.2526709008948,561.2526709008948,0.0,0.0,0.4368
2025-02-20,18,134,567.0579710448641,567.0579710448641,0.0,0.0,0.4198
2025-02-20,18,135,579.7459056601297,579.7459056601297,0.0,0.0,0.4186
2025-02-20,18,136,576.1992789612699,576.1992789612699,0.0,0.0,0.4241
2025-02-20,18,137,566.3542601942423,566.3542601942423,0.0,0.0,0.4237
2025-02-20,18,138,564.465691329318,564.465691329318,0.0,0.0,0.4248
2025-02-20,18,139,579.6939700125527,579.6939700125527,0.0,0.0,0.424
2025-02-20,18,140,597.1320593917543,597.1320593917543,0.0,0.0,0.422
2025-02-20,18,141,621.6624690949436,621.6624690949436,0.0,0.0,0.424
2025-02-20,18,142,525.7803394505819,525.7803394505819,0.0,0.0,0.4271
2025-02-20,18,143,452.1892693870177,452.1892693870177,0.0,0.0,0.4276
2025-02-21,6,36,0.0,0.0,0.0,0.0,0.9368
2025-02-21,6,37,0.0,0.0,0.0,0.0,0.8758
2025-02-21,6,38,0.0,0.0,0.0,0.0,0.8759
2025-02-21,6,39,0.0,0.0,0.0,0.0,0.8601
2025-02-21,6,40,0.0,0.0,0.0,0.0,0.8442
2025-02-21,6,41,0.0,0.0,0.0,0.0,0.8334
2025-02-21,6,42,0.0,0.0,0.0,0.0,0.8092
2025-02-21,6,43,0.0,0.0,0.0,0.0,0.7972
2025-02-21,6,44,0.0,0.0,0.0,0.0,0.7644
2025-02-21,6,45,0.0,0.0,0.0,0.0,0.6899
2025-02-21,6,46,0.0,0.0,0.0,0.0,0.86
2025-02-21,6,47,0.0,0.0,0.0,0.0,1.1617
2025-02-21,6,48,0.0,0.0,0.0,0.0,1.1683
2025-02-21,6,49,0.0,0.0,0.0,0.0,1.0956
2025-02-21,6,50,0.0,0.0,0.0,0.0,1.0849
2025-02-21,6,51,0.0,0.0,0.0,0.0,1.061
2025-02-21,6,52,0.0,0.0,0.0,0.0,1.043
2025-02-21,6,53,0.0,0.0,0.0,0.0,1.036
2025-02-21,6,54,0.0,0.0,0.0,0.0,1.0147
2025-02-21,6,55,0.0,0.0,0.0,0.0,0.9922
2025-02-21,6,56,0.0,0.0,0.0,0.0,0.97
2025-02-21,6,57,0.0,0.0,0.0,0.0,0.9422
2025-02-21,6,58,0.0,0.0,0.0,0.0,0.9569
2025-02-21,6,59,0.0,0.0,0.0,0.0,0.9977
2025-02-21,6,60,0.0,0.0,0.0,0.0,0.9919
2025-02-21,6,61,0.0,0.0,0.0,0.0,0.9588
2025-02-21,6,62,0.0,0.0,0.0,0.0,0.9549
2025-02-21,6,63,0.0,0.0,0.0,0.0,0.9839
2025-02-21,6,64,0.0,0.0,0.0,0.0,0.799
2025-02-21,6,65,0.0,0.0,0.0,0.0,0.5025
2025-02-21,6,66,0.0,507.84093206246376,507.84093206246376,0.0,0.4662
2025-02-21,6,67,0.0,0.0,0.0,0.0,0.5007
2025-02-21,6,68,0.0,0.0,0.0,0.0,0.4827
2025-02-21,6,69,0.0,0.0,0.0,0.0,0.4785
2025-02-21,6,70,0.0,121.80411339521015,121.80411339521015,0.0,0.4662
2025-02-21,6,71,530.9144078554576,461.9987757661746,0.0,68.91563208928301,0.4432
2025-02-21,12,72,542.099830373967,0.0,0.0,542.099830373967,0.4411
2025-02-21,12,73,31.843106528421856,0.0,0.0,31.843106528421856,0.4551
2025-02-21,12,74,493.560300023778,0.0,0.0,493.560300023778,0.4463
2025-02-21,12,75,444.5586776471863,0.0,0.0,444.5586776471863,0.4113
2025-02-21,12,76,0.0,0.0,0.0,0.0,0.5682
2025-02-21,12,77,0.0,0.0,0.0,0.0,0.8279
2025-02-21,12,78,0.0,0.0,0.0,0.0,0.8636
2025-02-21,12,79,0.0,0.0,0.0,0.0,0.8416
2025-02-21,12,80,0.0,0.0,0.0,0.0,0.8618
2025-02-21,12,81,0.0,0.0,0.0,0.0,0.8623
2025-02-21,12,82,0.0,0.0,0.0,0.0,0.9026
2025-02-21,12,83,0.0,0.0,0.0,0.0,0.9754
2025-02-21,12,84,0.0,0.0,0.0,0.0,1.0002
2025-02-21,12,85,0.0,0.0,0.0,0.0,0.9978
2025-02-21,12,86,0.0,0.0,0.0,0.0,1.0271
2025-02-21,12,87,0.0,0.0,0.0,0.0,1.0906
2025-02-21,12,88,0.0,0.0,0.0,0.0,0.9376
2025-02-21,12,89,0.0,0.0,0.0,0.0,0.6694
2025-02-21,12,90,0.0,0.0,0.0,0.0,0.66
2025-02-21,12,91,0.0,0.0,0.0,0.0,0.7217
2025-02-21,12,92,0.0,7.551919267930771,7.551919267930771,0.0,0.7308
2025-02-21,12,93,0.0,54.00089317916718,54.00089317916718,0.0,0.7534
2025-02-21,12,94,81.21103310882147,104.27733278194205,23.066299673120582,0.0,0.7823
2025-02-21,12,95,155.4467711566343,155.4467711566343,0.0,0.0,0.8055
2025-02-21,12,96,221.41487235944055,223.8011098821224,2.386237522681853,0.0,0.8271
2025-02-21,12,97,274.7556776044628,286.5111734377963,11.755495833333498,0.0,0.8519
2025-02-21,12,98,328.43341187415916,328.43341187415916,0.0,0.0,0.8791
2025-02-21,12,99,379.43619551032583,379.43619551032583,0.0,0.0,0.9024
2025-02-21,12,100,414.8926367459749,414.8926367459749,0.0,0.0,0.9163
2025-02-21,12,101,417.4095562733655,417.4095562733655,0.0,0.0,0.9264
2025-02-21,12,102,476.72064579278594,476.72064579278594,0.0,0.0,0.9462
2025-02-21,12,103,518.7989380814818,518.7989380814818,0.0,0.0,0.9742
2025-02-21,12,104,555.7521174494648,555.7521174494648,0.0,0.0,0.9862
2025-02-21,12,105,564.6301607981329,564.6301607981329,0.0,0.0,0.976
2025-02-21,12,106,544.6818525376838,544.6818525376838,0.0,0.0,1.0742
2025-02-21,12,107,231.09341902492588,231.09341902492588,0.0,0.0,1.2313
2025-02-21,18,108,0.0,0.0,0.0,0.0,1.2561
2025-02-21,18,109,0.0,0.0,0.0,0.0,1.2447
2025-02-21,18,110,0.0,0.0,0.0,0.0,1.2545
2025-02-21,18,111,0.0,0.0,0.0,0.0,1.2522
2025-02-21,18,112,0.0,0.0,0.0,0.0,1.2881
2025-02-21,18,113,0.0,0.0,0.0,0.0,1.3466
2025-02-21,18,114,0.0,0.0,0.0,0.0,1.3523
2025-02-21,18,115,0.0,0.0,0.0,0.0,1.3445
2025-02-21,18,116,0.0,0.0,0.0,0.0,1.3483
2025-02-21,18,117,0.0,0.0,0.0,0.0,1.349
2025-02-21,18,118,0.0,0.0,0.0,0.0,1.3473
2025-02-21,18,119,0.0,0.0,0.0,0.0,1.3482
2025-02-21,18,120,0.0,0.0,0.0,0.0,1.3513
2025-02-21,18,121,0.0,0.0,0.0,0.0,1.34
2025-02-21,18,122,0.0,0.0,0.0,0.0,1.3489
2025-02-21,18,123,0.0,0.0,0.0,0.0,1.3952
2025-02-21,18,124,527.9128905844213,527.9128905844213,0.0,0.0,1.2226
2025-02-21,18,125,530.2423212854501,530.2423212854501,0.0,0.0,0.9332
2025-02-21,18,126,530.773545536112,530.773545536112,0.0,0.0,0.9068
2025-02-21,18,127,525.9786304484593,525.9786304484593,0.0,0.0,0.9371
2025-02-21,18,128,547.0727190342917,547.0727190342917,0.0,0.0,0.9371
2025-02-21,18,129,552.4336611003542,552.4336611003542,0.0,0.0,0.9871
2025-02-21,18,130,510.5276407520858,510.5276407520858,0.0,0.0,0.7764
2025-02-21,18,131,438.0438903116162,438.0438903116162,0.0,0.0,0.4209
2025-02-21,18,132,433.72257344453146,433.72257344453146,0.0,0.0,0.3859
2025-02-21,18,133,438.5859439610452,438.5859439610452,0.0,0.0,0.4368
2025-02-21,18,134,427.4518075045955,427.4518075045955,0.0,0.0,0.4198
2025-02-21,18,135,437.9091204153946,437.9091204153946,0.0,0.0,0.4186
2025-02-21,18,136,441.7004643487521,441.7004643487521,0.0,0.0,0.4241
2025-02-21,18,137,443.0289999094528,443.0289999094528,0.0,0.0,0.4237
2025-02-21,18,138,462.664312152061,462.664312152061,0.0,0.0,0.4248
2025-02-21,18,139,464.84203746991267,464.84203746991267,0.0,0.0,0.424
2025-02-21,18,140,464.53256439519396,464.53256439519396,0.0,0.0,0.422
2025-02-21,18,141,480.9802455147592,480.9802455147592,0.0,0.0,0.424
2025-02-21,18,142,461.18019863834917,461.18019863834917,0.0,0.0,0.4271
2025-02-21,18,143,444.0941341878386,444.0941341878386,0.0,0.0,0.4276
2025-02-22,6,36,0.0,0.0,0.0,0.0,0.9368
2025-02-22,6,37,0.0,0.0,0.0,0.0,0.8758
2025-02-22,6,38,0.0,0.0,0.0,0.0,0.8759
2025-02-22,6,39,0.0,0.0,0.0,0.0,0.8601
2025-02-22,6,40,0.0,0.0,0.0,0.0,0.8442
2025-02-22,6,41,0.0,0.0,0.0,0.0,0.8334
2025-02-22,6,42,0.0,0.0,0.0,0.0,0.8092
2025-02-22,6,43,0.0,0.0,0.0,0.0,0.7972
2025-02-22,6,44,0.0,0.0,0.0,0.0,0.7644
2025-02-22,6,45,0.0,0.0,0.0,0.0,0.6899
2025-02-22,6,46,0.0,0.0,0.0,0.0,0.86
2025-02-22,6,47,0.0,0.0,0.0,0.0,1.1617
2025-02-22,6,48,0.0,0.0,0.0,0.0,1.1683
2025-02-22,6,49,0.0,0.0,0.0,0.0,1.0956
2025-02-22,6,50,0.0,0.0,0.0,0.0,1.0849
2025-02-22,6,51,0.0,0.0,0.0,0.0,1.061
2025-02-22,6,52,0.0,0.0,0.0,0.0,1.043
2025-02-22,6,53,0.0,0.0,0.0,0.0,1.036
2025-02-22,6,54,0.0,0.0,0.0,0.0,1.0147
2025-02-22,6,55,0.0,0.0,0.0,0.0,0.9922
2025-02-22,6,56,0.0,0.0,0.0,0.0,0.97
2025-02-22,6,57,0.0,0.0,0.0,0.0,0.9422
2025-02-22,6,58,0.0,0.0,0.0,0.0,0.9569
2025-02-22,6,59,0.0,0.0,0.0,0.0,0.9977
2025-02-22,6,60,0.0,0.0,0.0,0.0,0.9919
2025-02-22,6,61,0.0,0.0,0.0,0.0,0.9588
2025-02-22,6,62,0.0,0.0,0.0,0.0,0.9549
2025-02-22,6,63,0.0,0.0,0.0,0.0,0.9839
2025-02-22,6,64,0.0,0.0,0.0,0.0,0.799
2025-02-22,6,65,0.0,0.0,0.0,0.0,0.5025
2025-02-22,6,66,661.715244002165,514.4973051132762,0.0,147.21793888888885,0.4662
2025-02-22,6,67,0.0,0.0,0.0,0.0,0.5007
2025-02-22,6,68,0.0,0.0,0.0,0.0,0.4827
2025-02-22,6,69,0.0,0.0,0.0,0.0,0.4785
2025-02-22,6,70,618.7421115418097,555.1064149051336,0.0,63.635696636676016,0.4662
2025-02-22,6,71,619.0931891737022,547.1460280625911,0.0,71.94716111111109,0.4432
2025-02-22,12,72,548.8050305464917,0.0,0.0,548.8050305464917,0.4411
2025-02-22,12,73,519.4248091426707,0.0,0.0,519.4248091426707,0.4551
2025-02-22,12,74,560.2415840642219,0.0,0.0,560.2415840642219,0.4463
2025-02-22,12,75,567.3424241164926,0.0,0.0,567.3424241164926,0.4113
2025-02-22,12,76,0.0,0.0,0.0,0.0,0.5682
2025-02-22,12,77,0.0,0.0,0.0,0.0,0.8279
2025-02-22,12,78,0.0,0.0,0.0,0.0,0.8636
2025-02-22,12,79,0.0,0.0,0.0,0.0,0.8416
2025-02-22,12,80,0.0,0.0,0.0,0.0,0.8618
2025-02-22,12,81,0.0,0.0,0.0,0.0,0.8623
2025-02-22,12,82,0.0,0.0,0.0,0.0,0.9026
2025-02-22,12,83,0.0,0.0,0.0,0.0,0.9754
2025-02-22,12,84,0.0,0.0,0.0,0.0,1.0002
2025-02-22,12,85,0.0,0.0,0.0,0.0,0.9978
2025-02-22,12,86,0.0,0.0,0.0,0.0,1.0271
2025-02-22,12,87,8.697818640152052,0.0,0.0,8.697818640152052,1.0906
2025-02-22,12,88,67.79865674032065,0.0,0.0,67.79865674032065,0.9376
2025-02-22,12,89,121.56836068328603,101.84983852411285,0.0,19.718522159173176,0.6694
2025-02-22,12,90,198.61029315956475,114.97879849307407,0.0,83.63149466649068,0.66
2025-02-22,12,91,215.02425016119994,68.10959650625637,0.0,146.91465365494358,0.7217
2025-02-22,12,92,180.01912162330942,125.60183286139006,0.0,54.41728876191935,0.7308
2025-02-22,12,93,160.27269137434268,160.27269137434268,0.0,0.0,0.7534
2025-02-22,12,94,175.55506309718476,175.55506309718476,0.0,0.0,0.7823
2025-02-22,12,95,219.7496229408558,228.32106214797668,8.571439207120875,0.0,0.8055
2025-02-22,12,96,277.1334414192436,295.0792733636879,17.945831944444308,0.0,0.8271
2025-02-22,12,97,309.8548802169917,309.8548802169917,0.0,0.0,0.8519
2025-02-22,12,98,354.92754864353606,354.92754864353606,0.0,0.0,0.8791
2025-02-22,12,99,439.1933510656451,439.1933510656451,0.0,0.0,0.9024
2025-02-22,12,100,457.54424434756766,457.54424434756766,0.0,0.0,0.9163
2025-02-22,12,101,498.93592232181095,498.93592232181095,0.0,0.0,0.9264
2025-02-22,12,102,515.5340749284411,502.3228915951078,0.0,13.211183333333281,0.9462
2025-02-22,12,103,559.1740536318213,559.1740536318213,0.0,0.0,0.9742
2025-02-22,12,104,552.2865823696537,552.2865823696537,0.0,0.0,0.9862
2025-02-22,12,105,585.5939268039828,585.5939268039828,0.0,0.0,0.976
2025-02-22,12,106,562.8785645005469,562.8785645005469,0.0,0.0,1.0742
2025-02-22,12,107,382.1601545238593,382.1601545238593,0.0,0.0,1.2313
2025-02-22,18,108,0.0,0.0,0.0,0.0,1.2561
2025-02-22,18,109,0.0,0.0,0.0,0.0,1.2447
2025-02-22,18,110,0.0,0.0,0.0,0.0,1.2545
2025-02-22,18,111,0.0,0.0,0.0,0.0,1.2522
2025-02-22,18,112,0.0,0.0,0.0,0.0,1.2881
2025-02-22,18,113,0.0,0.0,0.0,0.0,1.3466
2025-02-22,18,114,0.0,0.0,0.0,0.0,1.3523
2025-02-22,18,115,0.0,0.0,0.0,0.0,1.3445
2025-02-22,18,116,0.0,0.0,0.0,0.0,1.3483
2025-02-22,18,117,0.0,0.0,0.0,0.0,1.349
2025-02-22,18,118,0.0,0.0,0.0,0.0,1.3473
2025-02-22,18,119,0.0,0.0,0.0,0.0,1.3482
2025-02-22,18,120,0.0,0.0,0.0,0.0,1.3513
2025-02-22,18,121,0.0,0.0,0.0,0.0,1.34
2025-02-22,18,122,0.0,0.0,0.0,0.0,1.3489
2025-02-22,18,123,0.0,0.0,0.0,0.0,1.3952
2025-02-22,18,124,527.2327205630867,527.2327205630867,0.0,0.0,1.2226
2025-02-22,18,125,521.8373779964699,521.8373779964699,0.0,0.0,0.9332
2025-02-22,18,126,535.7416394061067,535.7416394061067,0.0,0.0,0.9068
2025-02-22,18,127,544.7214213094536,544.7214213094536,0.0,0.0,0.9371
2025-02-22,18,128,538.7420727963921,538.7420727963921,0.0,0.0,0.9371
2025-02-22,18,129,544.3926593910356,544.3926593910356,0.0,0.0,0.9871
2025-02-22,18,130,516.3849009069066,516.3849009069066,0.0,0.0,0.7764
2025-02-22,18,131,431.49664560708703,431.49664560708703,0.0,0.0,0.4209
2025-02-22,18,132,419.0258544522749,419.0258544522749,0.0,0.0,0.3859
2025-02-22,18,133,440.69369867264186,440.69369867264186,0.0,0.0,0.4368
2025-02-22,18,134,458.3163719882598,458.3163719882598,0.0,0.0,0.4198
2025-02-22,18,135,450.3149366319724,450.3149366319724,0.0,0.0,0.4186
2025-02-22,18,136,462.336232739194,462.336232739194,0.0,0.0,0.4241
2025-02-22,18,137,460.07376241715565,460.07376241715565,0.0,0.0,0.4237
2025-02-22,18,138,446.76558172047936,446.76558172047936,0.0,0.0,0.4248
2025-02-22,18,139,456.38636526422493,456.38636526422493,0.0,0.0,0.424
2025-02-22,18,140,475.624244130406,475.624244130406,0.0,0.0,0.422
2025-02-22,18,141,454.40248798904423,454.40248798904423,0.0,0.0,0.424
2025-02-22,18,142,466.4430595685638,466.4430595685638,0.0,0.0,0.4271
2025-02-22,18,143,565.9240192773149,565.9240192773149,0.0,0.0,0.4276
2025-02-23,6,36,39.90065734060249,39.90065734060249,0.0,0.0,0.9368
2025-02-23,6,37,10.595425577825722,10.595425577825722,0.0,0.0,0.8758
2025-02-23,6,38,28.83208936970709,28.83208936970709,0.0,0.0,0.8759
2025-02-23,6,39,747.062537599289,747.062537599289,0.0,0.0,0.8601
2025-02-23,6,40,815.3070868488852,815.3070868488852,0.0,0.0,0.8442
2025-02-23,6,41,773.8528794517059,773.8528794517059,0.0,0.0,0.8334
2025-02-23,6,42,741.9821210514984,741.9821210514984,0.0,0.0,0.8092
2025-02-23,6,43,665.4344070971107,665.4344070971107,0.0,0.0,0.7972
2025-02-23,6,44,587.644767252258,587.644767252258,0.0,0.0,0.7644
2025-02-23,6,45,1372.8433811164282,1372.8433811164282,0.0,0.0,0.6899
2025-02-23,6,46,590.4996510123739,590.4996510123739,0.0,0.0,0.86
2025-02-23,6,47,0.0,0.0,0.0,0.0,1.1617
2025-02-23,6,48,0.0,0.0,0.0,0.0,1.1683
2025-02-23,6,49,0.0,0.0,0.0,0.0,1.0956
2025-02-23,6,50,0.0,0.0,0.0,0.0,1.0849
2025-02-23,6,51,0.0,0.0,0.0,0.0,1.061
2025-02-23,6,52,0.0,0.0,0.0,0.0,1.043
2025-02-23,6,53,0.0,0.0,0.0,0.0,1.036
2025-02-23,6,54,0.0,0.0,0.0,0.0,1.0147
2025-02-23,6,55,0.0,0.0,0.0,0.0,0.9922
2025-02-23,6,56,0.0,0.0,0.0,0.0,0.97
2025-02-23,6,57,0.0,0.0,0.0,0.0,0.9422
2025-02-23,6,58,0.0,0.0,0.0,0.0,0.9569
2025-02-23,6,59,0.0,0.0,0.0,0.0,0.9977
2025-02-23,6,60,0.0,0.0,0.0,0.0,0.9919
2025-02-23,6,61,0.0,0.0,0.0,0.0,0.9588
2025-02-23,6,62,0.0,0.0,0.0,0.0,0.9549
2025-02-23,6,63,0.0,0.0,0.0,0.0,0.9839
2025-02-23,6,64,0.0,0.0,0.0,0.0,0.799
2025-02-23,6,65,922.0199372593136,886.1520122593137,0.0,35.8679249999999,0.5025
2025-02-23,6,66,866.8496792044073,820.4307125377408,0.0,46.418966666666506,0.4662
2025-02-23,6,67,874.160348695038,817.9197486950378,0.0,56.2406000000002,0.5007
2025-02-23,6,68,931.3693340116909,865.3071006783571,0.0,66.06223333333378,0.4827
2025-02-23,6,69,958.3759373175634,903.6434268474623,0.0,54.73251047010115,0.4785
2025-02-23,6,70,960.1064714381295,897.7665914681199,0.0,62.33987997000952,0.4662
2025-02-23,6,71,962.1986608742629,866.6715275409294,0.0,95.5271333333335,0.4432
2025-02-23,12,72,907.5315214180441,771.4798786636865,0.0,136.05164275435766,0.4411
2025-02-23,12,73,893.4824500100711,769.2403970395652,0.0,124.24205297050594,0.4551
2025-02-23,12,74,942.9755447650963,755.5307072650965,0.0,187.44483749999984,0.4463
2025-02-23,12,75,977.4231830238022,771.1369038571354,0.0,206.28627916666676,0.4113
2025-02-23,12,76,1019.2538856189706,594.8076509882061,0.0,424.4462346307645,0.5682
2025-02-23,12,77,110.80768977696152,0.0,0.0,110.80768977696152,0.8279
2025-02-23,12,78,153.15532971136645,0.0,0.0,153.15532971136645,0.8636
2025-02-23,12,79,99.50268283772084,0.0,0.0,99.50268283772084,0.8416
2025-02-23,12,80,75.95205940700998,0.0,0.0,75.95205940700998,0.8618
2025-02-23,12,81,98.13639867191318,8.417892368138837,0.0,89.71850630377435,0.8623
2025-02-23,12,82,126.81981834778662,0.0,0.0,126.81981834778662,0.9026
2025-02-23,12,83,0.0,0.0,0.0,0.0,0.9754
2025-02-23,12,84,0.0,0.0,0.0,0.0,1.0002
2025-02-23,12,85,0.0,0.0,0.0,0.0,0.9978
2025-02-23,12,86,0.0,0.0,0.0,0.0,1.0271
2025-02-23,12,87,0.0,0.0,0.0,0.0,1.0906
2025-02-23,12,88,140.02519023263574,0.0,0.0,140.02519023263574,0.9376
2025-02-23,12,89,357.5952409657749,357.5952409657749,0.0,0.0,0.6694
2025-02-23,12,90,1406.5402870322364,1158.4692703655696,0.0,248.07101666666676,0.66
2025-02-23,12,91,1394.227547432015,1166.0186974320145,0.0,228.20885000000044,0.7217
2025-02-23,12,92,491.0536760599179,432.32587857114476,0.0,58.72779748877315,0.7308
2025-02-23,12,93,505.7821676241197,422.0789236737403,0.0,83.70324395037943,0.7534
2025-02-23,12,94,555.5579019901519,524.6478299235832,0.0,30.91007206656866,0.7823
2025-02-23,12,95,626.4915001714088,542.9683304723791,0.0,83.52316969902972,0.8055
2025-02-23,12,96,686.5858661769277,644.1797230250213,0.0,42.40614315190635,0.8271
2025-02-23,12,97,713.5951908557405,688.4764450213175,0.0,25.118745834422953,0.8519
2025-02-23,12,98,748.572714584412,748.572714584412,0.0,0.0,0.8791
2025-02-23,12,99,791.6760221597939,773.8247791406102,0.0,17.8512430191837,0.9024
2025-02-23,12,100,853.5551441733437,853.5551441733437,0.0,0.0,0.9163
2025-02-23,12,101,915.9912186256726,915.9912186256726,0.0,0.0,0.9264
2025-02-23,12,102,939.1938528457596,939.1938528457596,0.0,0.0,0.9462
2025-02-23,12,103,977.6997479636863,977.6997479636863,0.0,0.0,0.9742
2025-02-23,12,104,972.3900185648976,972.3900185648976,0.0,0.0,0.9862
2025-02-23,12,105,1045.7633381793669,1045.7633381793669,0.0,0.0,0.976
2025-02-23,12,106,947.6307162196737,947.6307162196737,0.0,0.0,1.0742
2025-02-23,12,107,735.8458027127522,735.8458027127522,0.0,0.0,1.2313
2025-02-23,18,108,696.1988330280718,696.1988330280718,0.0,0.0,1.2561
2025-02-23,18,109,735.1907393293286,735.1907393293286,0.0,0.0,1.2447
2025-02-23,18,110,764.3681037972123,764.3681037972123,0.0,0.0,1.2545
2025-02-23,18,111,750.839757567291,750.839757567291,0.0,0.0,1.2522
2025-02-23,18,112,271.95510215518334,271.95510215518334,0.0,0.0,1.2881
2025-02-23,18,113,0.0,0.0,0.0,0.0,1.3466
2025-02-23,18,114,0.0,0.0,0.0,0.0,1.3523
2025-02-23,18,115,0.0,0.0,0.0,0.0,1.3445
2025-02-23,18,116,0.0,0.0,0.0,0.0,1.3483
2025-02-23,18,117,0.0,0.0,0.0,0.0,1.349
2025-02-23,18,118,0.0,0.0,0.0,0.0,1.3473
2025-02-23,18,119,0.0,0.0,0.0,0.0,1.3482
2025-02-23,18,120,0.0,0.0,0.0,0.0,1.3513
2025-02-23,18,121,0.0,0.0,0.0,0.0,1.34
2025-02-23,18,122,0.0,0.0,0.0,0.0,1.3489
2025-02-23,18,123,0.0,0.0,0.0,0.0,1.3952
2025-02-23,18,124,729.8477081673504,729.8477081673504,0.0,0.0,1.2226
2025-02-23,18,125,697.6171017295179,697.6171017295179,0.0,0.0,0.9332
2025-02-23,18,126,718.5538000696155,718.5538000696155,0.0,0.0,0.9068
2025-02-23,18,127,732.5272207850923,732.5272207850923,0.0,0.0,0.9371
2025-02-23,18,128,739.4973130244771,739.4973130244771,0.0,0.0,0.9371
2025-02-23,18,129,760.1963183726176,760.1963183726176,0.0,0.0,0.9871
2025-02-23,18,130,699.8888359158169,699.8888359158169,0.0,0.0,0.7764
2025-02-23,18,131,563.0931362266926,563.0931362266926,0.0,0.0,0.4209
2025-02-23,18,132,543.6831716773303,543.6831716773303,0.0,0.0,0.3859
2025-02-23,18,133,563.938666174999,563.938666174999,0.0,0.0,0.4368
2025-02-23,18,134,559.4422201847767,559.4422201847767,0.0,0.0,0.4198
2025-02-23,18,135,554.7725797963184,554.7725797963184,0.0,0.0,0.4186
2025-02-23,18,136,583.6005270035611,583.6005270035611,0.0,0.0,0.4241
2025-02-23,18,137,589.9999880267424,589.9999880267424,0.0,0.0,0.4237
2025-02-23,18,138,555.3486871128349,555.3486871128349,0.0,0.0,0.4248
2025-02-23,18,139,561.4633207387906,561.4633207387906,0.0,0.0,0.424
2025-02-23,18,140,603.8830649310606,603.8830649310606,0.0,0.0,0.422
2025-02-23,18,141,596.6683611174394,596.6683611174394,0.0,0.0,0.424
2025-02-23,18,142,583.1377129068258,583.1377129068258,0.0,0.0,0.4271
2025-02-23,18,143,583.9096442461431,583.9096442461431,0.0,0.0,0.4276
2025-02-24,6,36,39.493202083000824,39.493202083000824,0.0,0.0,0.9368
2025-02-24,6,37,0.0,0.0,0.0,0.0,0.8758
2025-02-24,6,38,3.9833577708892562,3.9833577708892562,0.0,0.0,0.8759
2025-02-24,6,39,440.8803736203053,504.7391321274264,63.85875850712108,0.0,0.8601
2025-02-24,6,40,818.3335242576364,818.3335242576364,0.0,0.0,0.8442
2025-02-24,6,41,773.5185591173389,769.7376452284499,0.0,3.7809138888890175,0.8334
2025-02-24,6,42,700.7854767591526,700.7854767591526,0.0,0.0,0.8092
2025-02-24,6,43,639.1647734151851,639.1647734151851,0.0,0.0,0.7972
2025-02-24,6,44,568.8847859747249,568.8847859747249,0.0,0.0,0.7644
2025-02-24,6,45,1367.6289137237436,1359.7986123348546,0.0,7.830301388888984,0.6899
2025-02-24,6,46,589.8054984442955,589.8054984442955,0.0,0.0,0.86
2025-02-24,6,47,0.0,0.0,0.0,0.0,1.1617
2025-02-24,6,48,0.0,0.0,0.0,0.0,1.1683
2025-02-24,6,49,0.0,0.0,0.0,0.0,1.0956
2025-02-24,6,50,0.0,0.0,0.0,0.0,1.0849
2025-02-24,6,51,0.0,0.0,0.0,0.0,1.061
2025-02-24,6,52,0.0,0.0,0.0,0.0,1.043
2025-02-24,6,53,0.0,0.0,0.0,0.0,1.036
2025-02-24,6,54,0.0,0.0,0.0,0.0,1.0147
2025-02-24,6,55,0.0,0.0,0.0,0.0,0.9922
2025-02-24,6,56,0.0,0.0,0.0,0.0,0.97
2025-02-24,6,57,0.0,0.0,0.0,0.0,0.9422
2025-02-24,6,58,0.0,0.0,0.0,0.0,0.9569
2025-02-24,6,59,0.0,0.0,0.0,0.0,0.9977
2025-02-24,6,60,0.0,0.0,0.0,0.0,0.9919
2025-02-24,6,61,0.0,0.0,0.0,0.0,0.9588
2025-02-24,6,62,0.0,0.0,0.0,0.0,0.9549
2025-02-24,6,63,0.0,0.0,0.0,0.0,0.9839
2025-02-24,6,64,0.0,58.33651609543964,58.33651609543964,0.0,0.799
2025-02-24,6,65,722.4260041333696,882.4704305222584,160.04442638888884,0.0,0.5025
2025-02-24,6,66,687.1039109509452,869.557924839834,182.45401388888877,0.0,0.4662
2025-02-24,6,67,659.7409151303575,857.4205901303575,197.67967499999997,0.0,0.5007
2025-02-24,6,68,717.8480642551552,858.310539639893,140.4624753847378,0.0,0.4827
2025-02-24,6,69,710.1017084429961,867.3964596393984,157.29475119640222,0.0,0.4785
2025-02-24,6,70,656.5632927893747,849.4954842008799,192.9321914115052,0.0,0.4662
2025-02-24,6,71,639.0370814037891,841.2742701478396,202.2371887440505,0.0,0.4432
2025-02-24,12,72,697.0719832631065,659.5769990115064,0.0,37.49498425160016,0.4411
2025-02-24,12,73,679.642751440234,37.69811154335014,0.0,641.9446398968838,0.4551
2025-02-24,12,74,600.1026108890327,600.1026108890327,0.0,0.0,0.4463
2025-02-24,12,75,583.1861236216126,583.1861236216126,0.0,0.0,0.4113
2025-02-24,12,76,649.7895053750781,0.0,0.0,649.7895053750781,0.5682
2025-02-24,12,77,0.0,0.0,0.0,0.0,0.8279
2025-02-24,12,78,0.0,0.0,0.0,0.0,0.8636
2025-02-24,12,79,0.0,0.0,0.0,0.0,0.8416
2025-02-24,12,80,0.0,0.0,0.0,0.0,0.8618
2025-02-24,12,81,0.0,0.0,0.0,0.0,0.8623
2025-02-24,12,82,0.0,0.0,0.0,0.0,0.9026
2025-02-24,12,83,0.0,0.0,0.0,0.0,0.9754
2025-02-24,12,84,0.0,0.0,0.0,0.0,1.0002
2025-02-24,12,85,0.0,0.0,0.0,0.0,0.9978
2025-02-24,12,86,0.0,0.0,0.0,0.0,1.0271
2025-02-24,12,87,0.0,0.0,0.0,0.0,1.0906
2025-02-24,12,88,0.0,0.0,0.0,0.0,0.9376
2025-02-24,12,89,416.68699577637136,416.68699577637136,0.0,0.0,0.6694
2025-02-24,12,90,1323.9631006373006,1191.9174013200281,0.0,132.04569931727247,0.66
2025-02-24,12,91,717.6886236425877,456.62633304664064,0.0,261.06229059594705,0.7217
2025-02-24,12,92,566.489427726014,421.778401337125,0.0,144.71102638888902,0.7308
2025-02-24,12,93,601.7076919307179,498.0278377640512,0.0,103.67985416666676,0.7534
2025-02-24,12,94,668.7751150752634,552.9289899351886,0.0,115.84612514007483,0.7823
2025-02-24,12,95,715.5366520555314,572.0542066405095,0.0,143.48244541502186,0.8055
2025-02-24,12,96,745.8023192617417,654.1621061524612,0.0,91.64021310928047,0.8271
2025-02-24,12,97,787.7724660638509,683.7193912870702,0.0,104.0530747767807,0.8519
2025-02-24,12,98,834.5977060781594,738.1249560781594,0.0,96.47275000000002,0.8791
2025-02-24,12,99,847.8795230525556,774.536706385889,0.0,73.34281666666652,0.9024
2025-02-24,12,100,905.1354044513691,829.6553252847026,0.0,75.48007916666654,0.9163
2025-02-24,12,101,934.7076841370667,896.0472326900293,0.0,38.66045144703742,0.9264
2025-02-24,12,102,960.5080623922435,949.4695881619338,0.0,11.038474230309703,0.9462
2025-02-24,12,103,981.6327677610503,976.2991130696506,0.0,5.333654691399715,0.9742
2025-02-24,12,104,1031.4560849705676,1014.4347393949496,0.0,17.021345575618057,0.9862
2025-02-24,12,105,1050.4726428626527,1049.3402609182083,0.0,1.1323819444444325,0.976
2025-02-24,12,106,906.8881239797848,897.3755947827848,0.0,9.512529197000049,1.0742
2025-02-24,12,107,680.6512301221948,680.6512301221948,0.0,0.0,1.2313
2025-02-24,18,108,687.0286464928591,687.0286464928591,0.0,0.0,1.2561
2025-02-24,18,109,732.691985178362,732.691985178362,0.0,0.0,1.2447
2025-02-24,18,110,707.4261652422593,707.4261652422593,0.0,0.0,1.2545
2025-02-24,18,111,742.7372591709081,742.7372591709081,0.0,0.0,1.2522
2025-02-24,18,112,279.0003276741901,279.0003276741901,0.0,0.0,1.2881
2025-02-24,18,113,0.0,0.0,0.0,0.0,1.3466
2025-02-24,18,114,0.0,0.0,0.0,0.0,1.3523
2025-02-24,18,115,0.0,0.0,0.0,0.0,1.3445
2025-02-24,18,116,0.0,0.0,0.0,0.0,1.3483
2025-02-24,18,117,0.0,0.0,0.0,0.0,1.349
2025-02-24,18,118,0.0,0.0,0.0,0.0,1.3473
2025-02-24,18,119,0.0,0.0,0.0,0.0,1.3482
2025-02-24,18,120,0.0,0.0,0.0,0.0,1.3513
2025-02-24,18,121,0.0,0.0,0.0,0.0,1.34
2025-02-24,18,122,0.0,0.0,0.0,0.0,1.3489
2025-02-24,18,123,0.0,0.0,0.0,0.0,1.3952
2025-02-24,18,124,724.0564431053643,724.0564431053643,0.0,0.0,1.2226
2025-02-24,18,125,724.1983146994462,724.1983146994462,0.0,0.0,0.9332
2025-02-24,18,126,744.4695339444849,744.4695339444849,0.0,0.0,0.9068
2025-02-24,18,127,739.9393085254911,739.9393085254911,0.0,0.0,0.9371
2025-02-24,18,128,755.3811201697426,755.3811201697426,0.0,0.0,0.9371
2025-02-24,18,129,777.6002492094399,777.6002492094399,0.0,0.0,0.9871
2025-02-24,18,130,702.4419847082786,702.4419847082786,0.0,0.0,0.7764
2025-02-24,18,131,562.3227057065345,562.3227057065345,0.0,0.0,0.4209
2025-02-24,18,132,541.7419426090576,541.7419426090576,0.0,0.0,0.3859
2025-02-24,18,133,568.6705718244166,568.6705718244166,0.0,0.0,0.4368
2025-02-24,18,134,562.0801543048034,562.0801543048034,0.0,0.0,0.4198
2025-02-24,18,135,559.8342608473915,559.8342608473915,0.0,0.0,0.4186
2025-02-24,18,136,560.256611772856,560.256611772856,0.0,0.0,0.4241
2025-02-24,18,137,571.8791479541297,571.8791479541297,0.0,0.0,0.4237
2025-02-24,18,138,599.5641035287389,599.5641035287389,0.0,0.0,0.4248
2025-02-24,18,139,604.9370039191376,604.9370039191376,0.0,0.0,0.424
2025-02-24,18,140,603.3463640699645,603.3463640699645,0.0,0.0,0.422
2025-02-24,18,141,611.0262584660047,611.0262584660047,0.0,0.0,0.424
2025-02-24,18,142,591.3197354922892,591.3197354922892,0.0,0.0,0.4271
2025-02-24,18,143,582.2679675989242,582.2679675989242,0.0,0.0,0.4276
2025-02-25,6,36,58.97558774891354,58.371978026691295,0.0,0.6036097222222452,0.9368
2025-02-25,6,37,403.8316710162783,53.270541682536305,0.0,350.561129333742,0.8758
2025-02-25,6,38,0.0,0.0,0.0,0.0,0.8759
2025-02-25,6,39,835.3491113563555,0.0,0.0,835.3491113563555,0.8601
2025-02-25,6,40,792.2102388548604,776.7204355728559,0.0,15.489803282004573,0.8442
2025-02-25,6,41,690.635577481837,680.2149566485035,0.0,10.420620833333487,0.8334
2025-02-25,6,42,665.7880602049278,651.4046340647438,0.0,14.383426140183929,0.8092
2025-02-25,6,43,636.571112770227,603.8750252702271,0.0,32.696087499999976,0.7972
2025-02-25,6,44,594.8622950787816,553.3170793325465,0.0,41.545215746235044,0.7644
2025-02-25,6,45,1350.5867215078263,1319.0070451189372,0.0,31.579676388889084,0.6899
2025-02-25,6,46,575.7239171828104,258.2472834546201,0.0,317.4766337281903,0.86
2025-02-25,6,47,0.0,0.0,0.0,0.0,1.1617
2025-02-25,6,48,0.0,0.0,0.0,0.0,1.1683
2025-02-25,6,49,0.0,0.0,0.0,0.0,1.0956
2025-02-25,6,50,0.0,0.0,0.0,0.0,1.0849
2025-02-25,6,51,0.0,0.0,0.0,0.0,1.061
2025-02-25,6,52,0.0,0.0,0.0,0.0,1.043
2025-02-25,6,53,0.0,0.0,0.0,0.0,1.036
2025-02-25,6,54,0.0,0.0,0.0,0.0,1.0147
2025-02-25,6,55,0.0,0.0,0.0,0.0,0.9922
2025-02-25,6,56,0.0,0.0,0.0,0.0,0.97
2025-02-25,6,57,0.0,0.0,0.0,0.0,0.9422
2025-02-25,6,58,0.0,0.0,0.0,0.0,0.9569
2025-02-25,6,59,0.0,0.0,0.0,0.0,0.9977
2025-02-25,6,60,0.0,0.0,0.0,0.0,0.9919
2025-02-25,6,61,0.0,0.0,0.0,0.0,0.9588
2025-02-25,6,62,0.0,0.0,0.0,0.0,0.9549
2025-02-25,6,63,0.0,0.0,0.0,0.0,0.9839
2025-02-25,6,64,38.824803867054776,0.0,0.0,38.824803867054776,0.799
2025-02-25,6,65,919.2134927553838,788.4495941109756,0.0,130.7638986444082,0.5025
2025-02-25,6,66,955.2131811909852,774.1267629752638,0.0,181.08641821572144,0.4662
2025-02-25,6,67,931.1468149272562,755.0510592242804,0.0,176.0957557029758,0.5007
2025-02-25,6,68,912.5481940624034,765.8990041693633,0.0,146.6491898930401,0.4827
2025-02-25,6,69,924.5533643951344,795.0728642026479,0.0,129.4805001924865,0.4785
2025-02-25,6,70,884.276312632593,781.6186042992598,0.0,102.65770833333318,0.4662
2025-02-25,6,71,871.6317652491111,757.9932094606738,0.0,113.63855578843732,0.4432
2025-02-25,12,72,922.538421189597,594.6532174935526,0.0,327.8852036960444,0.4411
2025-02-25,12,73,892.3273010903399,0.0,0.0,892.3273010903399,0.4551
2025-02-25,12,74,799.1465596972703,267.95280267684336,0.0,531.1937570204269,0.4463
2025-02-25,12,75,765.3532033902324,536.8188272978784,0.0,228.5343760923539,0.4113
2025-02-25,12,76,839.6371660692259,0.0,0.0,839.6371660692259,0.5682
2025-02-25,12,77,11.809253695408037,0.0,0.0,11.809253695408037,0.8279
2025-02-25,12,78,0.0,0.0,0.0,0.0,0.8636
2025-02-25,12,79,13.412449433253792,0.0,0.0,13.412449433253792,0.8416
2025-02-25,12,80,124.83846518203654,0.0,0.0,124.83846518203654,0.8618
2025-02-25,12,81,69.99733599386173,0.0,0.0,69.99733599386173,0.8623
2025-02-25,12,82,0.0,0.0,0.0,0.0,0.9026
2025-02-25,12,83,0.0,0.0,0.0,0.0,0.9754
2025-02-25,12,84,0.0,0.0,0.0,0.0,1.0002
2025-02-25,12,85,0.0,0.0,0.0,0.0,0.9978
2025-02-25,12,86,0.0,0.0,0.0,0.0,1.0271
2025-02-25,12,87,0.0,0.0,0.0,0.0,1.0906
2025-02-25,12,88,0.0,0.0,0.0,0.0,0.9376
2025-02-25,12,89,1264.999492394148,268.1818110612569,0.0,996.8176813328912,0.6694
2025-02-25,12,90,1248.8611756668474,1065.5990319929722,0.0,183.26214367387524,0.66
2025-02-25,12,91,409.7226755996184,322.8786828250477,0.0,86.84399277457072,0.7217
2025-02-25,12,92,462.57730764303943,362.40623542081704,0.0,100.17107222222239,0.7308
2025-02-25,12,93,479.21217898178344,452.4229669418055,0.0,26.78921203997794,0.7534
2025-02-25,12,94,533.7368228399627,491.6350575411606,0.0,42.101765298802036,0.7823
2025-02-25,12,95,574.5972422742318,531.3383760258766,0.0,43.25886624835516,0.8055
2025-02-25,12,96,611.1408182638362,586.4908506885232,0.0,24.649967575312985,0.8271
2025-02-25,12,97,666.2776045203077,666.2776045203077,0.0,0.0,0.8519
2025-02-25,12,98,732.9638005685965,732.9638005685965,0.0,0.0,0.8791
2025-02-25,12,99,769.29048562549,762.9637675699346,0.0,6.326718055555375,0.9024
2025-02-25,12,100,843.4332722054295,838.827260462669,0.0,4.606011742760529,0.9163
2025-02-25,12,101,867.7544875219596,867.7544875219596,0.0,0.0,0.9264
2025-02-25,12,102,908.9139331896799,908.9139331896799,0.0,0.0,0.9462
2025-02-25,12,103,948.121646512379,948.121646512379,0.0,0.0,0.9742
2025-02-25,12,104,1032.4698404579322,1032.4698404579322,0.0,0.0,0.9862
2025-02-25,12,105,1041.5294716036537,1041.5294716036537,0.0,0.0,0.976
2025-02-25,12,106,915.4356322642485,915.4356322642485,0.0,0.0,1.0742
2025-02-25,12,107,719.1563027764427,719.1563027764427,0.0,0.0,1.2313
2025-02-25,18,108,703.1957620588663,703.1957620588663,0.0,0.0,1.2561
2025-02-25,18,109,728.0719379280895,728.0719379280895,0.0,0.0,1.2447
2025-02-25,18,110,731.697635941237,731.697635941237,0.0,0.0,1.2545
2025-02-25,18,111,748.3564540525155,748.3564540525155,0.0,0.0,1.2522
2025-02-25,18,112,248.60350040347925,248.60350040347925,0.0,0.0,1.2881
2025-02-25,18,113,0.0,0.0,0.0,0.0,1.3466
2025-02-25,18,114,0.0,0.0,0.0,0.0,1.3523
2025-02-25,18,115,0.0,0.0,0.0,0.0,1.3445
2025-02-25,18,116,0.0,0.0,0.0,0.0,1.3483
2025-02-25,18,117,0.0,0.0,0.0,0.0,1.349
2025-02-25,18,118,0.0,0.0,0.0,0.0,1.3473
2025-02-25,18,119,0.0,0.0,0.0,0.0,1.3482
2025-02-25,18,120,0.0,0.0,0.0,0.0,1.3513
2025-02-25,18,121,0.0,0.0,0.0,0.0,1.34
2025-02-25,18,122,0.0,0.0,0.0,0.0,1.3489
2025-02-25,18,123,0.0,0.0,0.0,0.0,1.3952
2025-02-25,18,124,735.8749367186796,735.8749367186796,0.0,0.0,1.2226
2025-02-25,18,125,736.739488849269,736.739488849269,0.0,0.0,0.9332
2025-02-25,18,126,728.4346336541898,728.4346336541898,0.0,0.0,0.9068
2025-02-25,18,127,730.411408119005,730.411408119005,0.0,0.0,0.9371
2025-02-25,18,128,744.889330502653,744.889330502653,0.0,0.0,0.9371
2025-02-25,18,129,772.7174459112565,772.7174459112565,0.0,0.0,0.9871
2025-02-25,18,130,686.9916100995193,686.9916100995193,0.0,0.0,0.7764
2025-02-25,18,131,556.8945130122734,556.8945130122734,0.0,0.0,0.4209
2025-02-25,18,132,569.6264493652013,569.6264493652013,0.0,0.0,0.3859
2025-02-25,18,133,570.2115653218251,570.2115653218251,0.0,0.0,0.4368
2025-02-25,18,134,522.8062314099673,522.8062314099673,0.0,0.0,0.4198
2025-02-25,18,135,530.5190269200376,530.5190269200376,0.0,0.0,0.4186
2025-02-25,18,136,558.7365784315172,558.7365784315172,0.0,0.0,0.4241
2025-02-25,18,137,569.865389338384,569.865389338384,0.0,0.0,0.4237
2025-02-25,18,138,582.5628305829597,582.5628305829597,0.0,0.0,0.4248
2025-02-25,18,139,587.2435926819693,587.2435926819693,0.0,0.0,0.424
2025-02-25,18,140,584.4578788182347,584.4578788182347,0.0,0.0,0.422
2025-02-25,18,141,583.1615367874981,583.1615367874981,0.0,0.0,0.424
2025-02-25,18,142,557.8713178670472,557.8713178670472,0.0,0.0,0.4271
2025-02-25,18,143,560.1897762383185,560.1897762383185,0.0,0.0,0.4276
2025-02-26,6,36,51.214321488254996,51.214321488254996,0.0,0.0,0.9368
2025-02-26,6,37,28.195160793016157,29.704631626349624,1.5094708333334665,0.0,0.8758
2025-02-26,6,38,66.9939126073134,66.9939126073134,0.0,0.0,0.8759
2025-02-26,6,39,0.0,118.24389364383956,118.24389364383956,0.0,0.8601
2025-02-26,6,40,435.34662353850473,757.8779855118615,322.5313619733568,0.0,0.8442
2025-02-26,6,41,748.960294176793,753.1118293501795,4.151535173386492,0.0,0.8334
2025-02-26,6,42,678.0306747304859,678.0306747304859,0.0,0.0,0.8092
2025-02-26,6,43,598.2817564315184,600.9733355981849,2.6915791666665427,0.0,0.7972
2025-02-26,6,44,532.8755710443862,536.9075097673951,4.0319387230089205,0.0,0.7644
2025-02-26,6,45,435.4238156164127,435.1704781164143,0.0,0.25333749999839483,0.6899
2025-02-26,6,46,0.0,482.44754749038276,482.44754749038276,0.0,0.86
2025-02-26,6,47,0.0,0.0,0.0,0.0,1.1617
2025-02-26,6,48,0.0,0.0,0.0,0.0,1.1683
2025-02-26,6,49,0.0,0.0,0.0,0.0,1.0956
2025-02-26,6,50,0.0,0.0,0.0,0.0,1.0849
2025-02-26,6,51,0.0,0.0,0.0,0.0,1.061
2025-02-26,6,52,0.0,0.0,0.0,0.0,1.043
2025-02-26,6,53,0.0,0.0,0.0,0.0,1.036
2025-02-26,6,54,0.0,0.0,0.0,0.0,1.0147
2025-02-26,6,55,0.0,0.0,0.0,0.0,0.9922
2025-02-26,6,56,0.0,0.0,0.0,0.0,0.97
2025-02-26,6,57,0.0,0.0,0.0,0.0,0.9422
2025-02-26,6,58,0.0,0.0,0.0,0.0,0.9569
2025-02-26,6,59,0.0,0.0,0.0,0.0,0.9977
2025-02-26,6,60,0.0,0.0,0.0,0.0,0.9919
2025-02-26,6,61,0.0,0.0,0.0,0.0,0.9588
2025-02-26,6,62,0.0,0.0,0.0,0.0,0.9549
2025-02-26,6,63,0.0,0.0,0.0,0.0,0.9839
2025-02-26,6,64,0.0,0.0,0.0,0.0,0.799
2025-02-26,6,65,785.3783880559517,794.4412880226546,9.062899966702844,0.0,0.5025
2025-02-26,6,66,838.4066255798197,787.6373448640979,0.0,50.76928071572172,0.4662
2025-02-26,6,67,800.2775613068146,742.9044847705054,0.0,57.37307653630921,0.5007
2025-02-26,6,68,766.7056239959605,727.1846549362538,0.0,39.52096905970677,0.4827
2025-02-26,6,69,765.1817866672422,728.4136504941301,0.0,36.76813617311211,0.4785
2025-02-26,6,70,712.7308567179297,688.2055060326361,0.0,24.525350685293574,0.4662
2025-02-26,6,71,696.3792718455683,655.0855618904643,0.0,41.293709955103964,0.4432
2025-02-26,12,72,749.2747303152644,698.6955168969976,0.0,50.57921341826682,0.4411
2025-02-26,12,73,715.2465588097879,715.2465588097879,0.0,0.0,0.4551
2025-02-26,12,74,604.6821343672336,604.6821343672336,0.0,0.0,0.4463
2025-02-26,12,75,575.0819116537104,575.0819116537104,0.0,0.0,0.4113
2025-02-26,12,76,651.4762201214289,474.96946848719904,0.0,176.5067516342299,0.5682
2025-02-26,12,77,0.0,0.0,0.0,0.0,0.8279
2025-02-26,12,78,0.0,0.0,0.0,0.0,0.8636
2025-02-26,12,79,0.0,0.0,0.0,0.0,0.8416
2025-02-26,12,80,2.042443319830695,2.042443319830695,0.0,0.0,0.8618
2025-02-26,12,81,0.0,0.0,0.0,0.0,0.8623
2025-02-26,12,82,0.0,0.0,0.0,0.0,0.9026
2025-02-26,12,83,0.0,0.0,0.0,0.0,0.9754
2025-02-26,12,84,0.0,0.0,0.0,0.0,1.0002
2025-02-26,12,85,0.0,0.0,0.0,0.0,0.9978
2025-02-26,12,86,0.0,0.0,0.0,0.0,1.0271
2025-02-26,12,87,0.0,0.0,0.0,0.0,1.0906
2025-02-26,12,88,0.0,0.0,0.0,0.0,0.9376
2025-02-26,12,89,215.81402025796342,751.8454537274247,536.0314334694613,0.0,0.6694
2025-02-26,12,90,1125.5191001642918,1198.166043902575,72.6469437382832,0.0,0.66
2025-02-26,12,91,313.4898317407871,378.1407648445834,64.65093310379626,0.0,0.7217
2025-02-26,12,92,342.8111293364904,419.98583372095845,77.17470438446804,0.0,0.7308
2025-02-26,12,93,413.0571548000544,494.9284980404932,81.87134324043882,0.0,0.7534
2025-02-26,12,94,488.4823366275168,550.634030454221,62.15169382670422,0.0,0.7823
2025-02-26,12,95,540.4892991673222,578.314134670868,37.82483550354584,0.0,0.8055
2025-02-26,12,96,600.8646294750655,626.8341848223406,25.969555347275104,0.0,0.8271
2025-02-26,12,97,654.4185586048424,683.0000169381782,28.58145833333583,0.0,0.8519
2025-02-26,12,98,700.2809376819478,709.9911551689069,9.710217486959095,0.0,0.8791
2025-02-26,12,99,739.6855697582338,770.4335472629958,30.747977504762048,0.0,0.9024
2025-02-26,12,100,823.0612237421351,833.6340695754684,10.572845833333304,0.0,0.9163
2025-02-26,12,101,857.5796330812241,858.2832231405416,0.7035900593175484,0.0,0.9264
2025-02-26,12,102,889.4899945296503,889.4899945296503,0.0,0.0,0.9462
2025-02-26,12,103,932.6212092106771,932.6212092106771,0.0,0.0,0.9742
2025-02-26,12,104,1015.6382670527678,1015.6382670527678,0.0,0.0,0.9862
2025-02-26,12,105,1021.256454501648,1021.256454501648,0.0,0.0,0.976
2025-02-26,12,106,904.2205285434521,904.2205285434521,0.0,0.0,1.0742
2025-02-26,12,107,717.0838882816225,717.0838882816225,0.0,0.0,1.2313
2025-02-26,18,108,710.7724117638685,710.7724117638685,0.0,0.0,1.2561
2025-02-26,18,109,736.8920034496001,736.8920034496001,0.0,0.0,1.2447
2025-02-26,18,110,735.2048022054064,735.2048022054064,0.0,0.0,1.2545
2025-02-26,18,111,735.9363830287051,735.9363830287051,0.0,0.0,1.2522
2025-02-26,18,112,230.50073426658776,230.50073426658776,0.0,0.0,1.2881
2025-02-26,18,113,0.0,0.0,0.0,0.0,1.3466
2025-02-26,18,114,0.0,0.0,0.0,0.0,1.3523
2025-02-26,18,115,0.0,0.0,0.0,0.0,1.3445
2025-02-26,18,116,0.0,0.0,0.0,0.0,1.3483
2025-02-26,18,117,0.0,0.0,0.0,0.0,1.349
2025-02-26,18,118,0.0,0.0,0.0,0.0,1.3473
2025-02-26,18,119,0.0,0.0,0.0,0.0,1.3482
2025-02-26,18,120,0.0,0.0,0.0,0.0,1.3513
2025-02-26,18,121,0.0,0.0,0.0,0.0,1.34
2025-02-26,18,122,0.0,0.0,0.0,0.0,1.3489
2025-02-26,18,123,0.0,0.0,0.0,0.0,1.3952
2025-02-26,18,124,743.5569372186715,743.5569372186715,0.0,0.0,1.2226
2025-02-26,18,125,755.9541709112899,755.9541709112899,0.0,0.0,0.9332
2025-02-26,18,126,752.8038939941797,752.8038939941797,0.0,0.0,0.9068
2025-02-26,18,127,753.0169559045875,753.0169559045875,0.0,0.0,0.9371
2025-02-26,18,128,760.302465720327,760.302465720327,0.0,0.0,0.9371
2025-02-26,18,129,782.123586795442,782.123586795442,0.0,0.0,0.9871
2025-02-26,18,130,710.4603789321735,710.4603789321735,0.0,0.0,0.7764
2025-02-26,18,131,587.0781779891855,587.0781779891855,0.0,0.0,0.4209
2025-02-26,18,132,562.3407639901884,562.3407639901884,0.0,0.0,0.3859
2025-02-26,18,133,570.4874802965331,570.4874802965331,0.0,0.0,0.4368
2025-02-26,18,134,576.9276131927801,576.9276131927801,0.0,0.0,0.4198
2025-02-26,18,135,585.6345516607009,585.6345516607009,0.0,0.0,0.4186
2025-02-26,18,136,570.4882372783577,570.4882372783577,0.0,0.0,0.4241
2025-02-26,18,137,573.1194437088539,573.1194437088539,0.0,0.0,0.4237
2025-02-26,18,138,583.0094152107323,583.0094152107323,0.0,0.0,0.4248
2025-02-26,18,139,573.0593863204114,573.0593863204114,0.0,0.0,0.424
2025-02-26,18,140,585.0750522979628,585.0750522979628,0.0,0.0,0.422
2025-02-26,18,141,615.3088538066421,615.3088538066421,0.0,0.0,0.424
2025-02-26,18,142,601.9339202642685,601.9339202642685,0.0,0.0,0.4271
2025-02-26,18,143,574.2449572479239,574.2449572479239,0.0,0.0,0.4276
2025-02-27,6,36,67.41631655035167,67.41631655035167,0.0,0.0,0.9368
2025-02-27,6,37,29.57606922129935,29.57606922129935,0.0,0.0,0.8758
2025-02-27,6,38,19.818759743512715,19.818759743512715,0.0,0.0,0.8759
2025-02-27,6,39,0.0,33.40244672995948,33.40244672995948,0.0,0.8601
2025-02-27,6,40,794.5074070432197,794.5074070432197,0.0,0.0,0.8442
2025-02-27,6,41,749.6973712800744,740.8463435022965,0.0,8.851027777777972,0.8334
2025-02-27,6,42,699.2467256684016,686.6996687239571,0.0,12.547056944444535,0.8092
2025-02-27,6,43,643.1714587499291,643.1714587499291,0.0,0.0,0.7972
2025-02-27,6,44,584.8748486545143,582.4047361996871,0.0,2.470112454827131,0.7644
2025-02-27,6,45,1350.6304725990879,1353.007711487977,2.3772388888892237,0.0,0.6899
2025-02-27,6,46,495.40341042182126,559.3444028854209,63.94099246359963,0.0,0.86
2025-02-27,6,47,0.0,0.0,0.0,0.0,1.1617
2025-02-27,6,48,0.0,0.0,0.0,0.0,1.1683
2025-02-27,6,49,0.0,0.0,0.0,0.0,1.0956
2025-02-27,6,50,0.0,0.0,0.0,0.0,1.0849
2025-02-27,6,51,0.0,0.0,0.0,0.0,1.061
2025-02-27,6,52,0.0,0.0,0.0,0.0,1.043
2025-02-27,6,53,0.0,0.0,0.0,0.0,1.036
2025-02-27,6,54,0.0,0.0,0.0,0.0,1.0147
2025-02-27,6,55,0.0,0.0,0.0,0.0,0.9922
2025-02-27,6,56,0.0,0.0,0.0,0.0,0.97
2025-02-27,6,57,0.0,0.0,0.0,0.0,0.9422
2025-02-27,6,58,0.0,0.0,0.0,0.0,0.9569
2025-02-27,6,59,0.0,0.0,0.0,0.0,0.9977
2025-02-27,6,60,0.0,0.0,0.0,0.0,0.9919
2025-02-27,6,61,0.0,0.0,0.0,0.0,0.9588
2025-02-27,6,62,0.0,0.0,0.0,0.0,0.9549
2025-02-27,6,63,0.0,0.0,0.0,0.0,0.9839
2025-02-27,6,64,0.0,0.0,0.0,0.0,0.799
2025-02-27,6,65,812.6182320653891,671.1744934884686,0.0,141.4437385769205,0.5025
2025-02-27,6,66,818.3198328017547,668.4120173638111,0.0,149.90781543794367,0.4662
2025-02-27,6,67,774.0409277870563,624.4111470840805,0.0,149.62978070297572,0.5007
2025-02-27,6,68,757.2244436354179,632.3286009646001,0.0,124.89584267081773,0.4827
2025-02-27,6,69,766.551405318496,651.2902260898281,0.0,115.26117922866786,0.4785
2025-02-27,6,70,716.0552376192004,619.918674433907,0.0,96.13656318529343,0.4662
2025-02-27,6,71,687.3643777138058,581.3412858142573,0.0,106.02309189954849,0.4432
2025-02-27,12,72,716.6536330300208,519.192044611754,0.0,197.46158841826684,0.4411
2025-02-27,12,73,687.5989561320298,583.3329033977279,0.0,104.26605273430187,0.4551
2025-02-27,12,74,638.1826488185047,560.6814545005183,0.0,77.50119431798646,0.4463
2025-02-27,12,75,662.4144273548758,502.2431023548761,0.0,160.17132499999968,0.4113
2025-02-27,12,76,748.8329117676702,428.3855069400347,0.0,320.4474048276355,0.5682
2025-02-27,12,77,0.0,0.0,0.0,0.0,0.8279
2025-02-27,12,78,0.0,0.0,0.0,0.0,0.8636
2025-02-27,12,79,0.0,0.0,0.0,0.0,0.8416
2025-02-27,12,80,0.0,0.0,0.0,0.0,0.8618
2025-02-27,12,81,0.0,0.0,0.0,0.0,0.8623
2025-02-27,12,82,0.0,0.0,0.0,0.0,0.9026
2025-02-27,12,83,0.0,0.0,0.0,0.0,0.9754
2025-02-27,12,84,0.0,0.0,0.0,0.0,1.0002
2025-02-27,12,85,0.0,0.0,0.0,0.0,0.9978
2025-02-27,12,86,0.0,0.0,0.0,0.0,1.0271
2025-02-27,12,87,0.0,0.0,0.0,0.0,1.0906
2025-02-27,12,88,0.0,0.0,0.0,0.0,0.9376
2025-02-27,12,89,504.95588544663985,504.95588544663985,0.0,0.0,0.6694
2025-02-27,12,90,1144.5926622631007,1144.5926622631007,0.0,0.0,0.66
2025-02-27,12,91,323.3828206957009,340.84699953181797,17.46417883611707,0.0,0.7217
2025-02-27,12,92,383.1334459910522,383.60916075826776,0.4757147672155497,0.0,0.7308
2025-02-27,12,93,393.9779649908712,426.98150922840335,33.00354423753214,0.0,0.7534
2025-02-27,12,94,469.6909448691681,484.84415493397955,15.153210064811447,0.0,0.7823
2025-02-27,12,95,521.0815694955759,535.5662171361096,14.484647640533694,0.0,0.8055
2025-02-27,12,96,601.1207089711423,580.5158889264505,0.0,20.60482004469179,0.8271
2025-02-27,12,97,630.9671220582399,630.9671220582399,0.0,0.0,0.8519
2025-02-27,12,98,692.4479534833158,692.4479534833158,0.0,0.0,0.8791
2025-02-27,12,99,728.1719089460694,728.1719089460694,0.0,0.0,0.9024
2025-02-27,12,100,807.3660521914363,807.3660521914363,0.0,0.0,0.9163
2025-02-27,12,101,868.030205895564,868.030205895564,0.0,0.0,0.9264
2025-02-27,12,102,952.0331281319499,952.0331281319499,0.0,0.0,0.9462
2025-02-27,12,103,956.3874104807979,956.3874104807979,0.0,0.0,0.9742
2025-02-27,12,104,1000.930872051193,1000.930872051193,0.0,0.0,0.9862
2025-02-27,12,105,1040.2507788564028,1040.2507788564028,0.0,0.0,0.976
2025-02-27,12,106,917.657683741087,917.657683741087,0.0,0.0,1.0742
2025-02-27,12,107,712.4815274698675,712.4815274698675,0.0,0.0,1.2313
2025-02-27,18,108,682.4477642695343,682.4477642695343,0.0,0.0,1.2561
2025-02-27,18,109,737.5074473543224,737.5074473543224,0.0,0.0,1.2447
2025-02-27,18,110,766.293516979461,766.293516979461,0.0,0.0,1.2545
2025-02-27,18,111,744.4211967890961,744.4211967890961,0.0,0.0,1.2522
2025-02-27,18,112,134.75542553426328,134.75542553426328,0.0,0.0,1.2881
2025-02-27,18,113,0.0,0.0,0.0,0.0,1.3466
2025-02-27,18,114,0.0,0.0,0.0,0.0,1.3523
2025-02-27,18,115,0.0,0.0,0.0,0.0,1.3445
2025-02-27,18,116,0.0,0.0,0.0,0.0,1.3483
2025-02-27,18,117,0.0,0.0,0.0,0.0,1.349
2025-02-27,18,118,0.0,0.0,0.0,0.0,1.3473
2025-02-27,18,119,0.0,0.0,0.0,0.0,1.3482
2025-02-27,18,120,0.0,0.0,0.0,0.0,1.3513
2025-02-27,18,121,0.0,0.0,0.0,0.0,1.34
2025-02-27,18,122,0.0,0.0,0.0,0.0,1.3489
2025-02-27,18,123,0.0,0.0,0.0,0.0,1.3952
2025-02-27,18,124,730.8453778066491,730.8453778066491,0.0,0.0,1.2226
2025-02-27,18,125,759.2106743955891,759.2106743955891,0.0,0.0,0.9332
2025-02-27,18,126,760.156447522701,760.156447522701,0.0,0.0,0.9068
2025-02-27,18,127,746.0294455746711,746.0294455746711,0.0,0.0,0.9371
2025-02-27,18,128,731.1125339417371,731.1125339417371,0.0,0.0,0.9371
2025-02-27,18,129,763.9203490818445,763.9203490818445,0.0,0.0,0.9871
2025-02-27,18,130,692.162127658431,692.162127658431,0.0,0.0,0.7764
2025-02-27,18,131,568.8106298334433,568.8106298334433,0.0,0.0,0.4209
2025-02-27,18,132,554.938145168922,554.938145168922,0.0,0.0,0.3859
2025-02-27,18,133,571.8290958734752,571.8290958734752,0.0,0.0,0.4368
2025-02-27,18,134,569.6443411557597,569.6443411557597,0.0,0.0,0.4198
2025-02-27,18,135,569.726236001088,569.726236001088,0.0,0.0,0.4186
2025-02-27,18,136,561.9242685935733,561.9242685935733,0.0,0.0,0.4241
2025-02-27,18,137,585.0297636266288,585.0297636266288,0.0,0.0,0.4237
2025-02-27,18,138,599.0496657984332,599.0496657984332,0.0,0.0,0.4248
2025-02-27,18,139,590.7687372334879,590.7687372334879,0.0,0.0,0.424
2025-02-27,18,140,583.1893430986689,583.1893430986689,0.0,0.0,0.422
2025-02-27,18,141,576.7261407685802,576.7261407685802,0.0,0.0,0.424
2025-02-27,18,142,498.9780341487561,498.9780341487561,0.0,0.0,0.4271
2025-02-27,18,143,450.37606861942487,450.37606861942487,0.0,0.0,0.4276
2025-02-28,6,36,0.0,0.0,0.0,0.0,0.9368
2025-02-28,6,37,0.0,0.0,0.0,0.0,0.8758
2025-02-28,6,38,0.0,0.0,0.0,0.0,0.8759
2025-02-28,6,39,0.0,0.0,0.0,0.0,0.8601
2025-02-28,6,40,0.0,0.0,0.0,0.0,0.8442
2025-02-28,6,41,0.0,0.0,0.0,0.0,0.8334
2025-02-28,6,42,0.0,0.0,0.0,0.0,0.8092
2025-02-28,6,43,0.0,0.0,0.0,0.0,0.7972
2025-02-28,6,44,0.0,0.0,0.0,0.0,0.7644
2025-02-28,6,45,0.0,217.8674768803868,217.8674768803868,0.0,0.6899
2025-02-28,6,46,0.0,0.0,0.0,0.0,0.86
2025-02-28,6,47,0.0,0.0,0.0,0.0,1.1617
2025-02-28,6,48,0.0,0.0,0.0,0.0,1.1683
2025-02-28,6,49,0.0,0.0,0.0,0.0,1.0956
2025-02-28,6,50,0.0,0.0,0.0,0.0,1.0849
2025-02-28,6,51,0.0,0.0,0.0,0.0,1.061
2025-02-28,6,52,0.0,0.0,0.0,0.0,1.043
2025-02-28,6,53,0.0,0.0,0.0,0.0,1.036
2025-02-28,6,54,0.0,0.0,0.0,0.0,1.0147
2025-02-28,6,55,0.0,0.0,0.0,0.0,0.9922
2025-02-28,6,56,0.0,0.0,0.0,0.0,0.97
2025-02-28,6,57,0.0,0.0,0.0,0.0,0.9422
2025-02-28,6,58,0.0,0.0,0.0,0.0,0.9569
2025-02-28,6,59,0.0,0.0,0.0,0.0,0.9977
2025-02-28,6,60,0.0,0.0,0.0,0.0,0.9919
2025-02-28,6,61,0.0,0.0,0.0,0.0,0.9588
2025-02-28,6,62,0.0,0.0,0.0,0.0,0.9549
2025-02-28,6,63,0.0,0.0,0.0,0.0,0.9839
2025-02-28,6,64,0.0,0.0,0.0,0.0,0.799
2025-02-28,6,65,0.0,0.0,0.0,0.0,0.5025
2025-02-28,6,66,0.0,0.0,0.0,0.0,0.4662
2025-02-28,6,67,0.0,0.0,0.0,0.0,0.5007
2025-02-28,6,68,0.0,0.0,0.0,0.0,0.4827
2025-02-28,6,69,0.0,0.0,0.0,0.0,0.4785
2025-02-28,6,70,0.0,0.0,0.0,0.0,0.4662
2025-02-28,6,71,0.0,291.11836499950283,291.11836499950283,0.0,0.4432
2025-02-28,12,72,0.0,0.0,0.0,0.0,0.4411
2025-02-28,12,73,0.0,0.0,0.0,0.0,0.4551
2025-02-28,12,74,0.0,0.0,0.0,0.0,0.4463
2025-02-28,12,75,420.8308886562074,0.0,0.0,420.8308886562074,0.4113
2025-02-28,12,76,0.0,0.0,0.0,0.0,0.5682
2025-02-28,12,77,0.0,0.0,0.0,0.0,0.8279
2025-02-28,12,78,0.0,0.0,0.0,0.0,0.8636
2025-02-28,12,79,0.0,0.0,0.0,0.0,0.8416
2025-02-28,12,80,0.0,0.0,0.0,0.0,0.8618
2025-02-28,12,81,0.0,0.0,0.0,0.0,0.8623
2025-02-28,12,82,0.0,0.0,0.0,0.0,0.9026
2025-02-28,12,83,0.0,0.0,0.0,0.0,0.9754
2025-02-28,12,84,0.0,0.0,0.0,0.0,1.0002
2025-02-28,12,85,0.0,0.0,0.0,0.0,0.9978
2025-02-28,12,86,0.0,0.0,0.0,0.0,1.0271
2025-02-28,12,87,0.0,0.0,0.0,0.0,1.0906
2025-02-28,12,88,0.0,0.0,0.0,0.0,0.9376
2025-02-28,12,89,0.0,0.0,0.0,0.0,0.6694
2025-02-28,12,90,0.0,0.0,0.0,0.0,0.66
2025-02-28,12,91,2.8529176139822994,0.0,0.0,2.8529176139822994,0.7217
2025-02-28,12,92,51.0766809418883,0.0,0.0,51.0766809418883,0.7308
2025-02-28,12,93,70.23736886135809,57.83350143919021,0.0,12.403867422167885,0.7534
2025-02-28,12,94,128.0061329899717,128.0061329899717,0.0,0.0,0.7823
2025-02-28,12,95,164.3146113610945,164.3146113610945,0.0,0.0,0.8055
2025-02-28,12,96,238.42054037575113,221.42728144217048,0.0,16.99325893358065,0.8271
2025-02-28,12,97,266.2133645686781,266.2133645686781,0.0,0.0,0.8519
2025-02-28,12,98,334.28851259321135,329.8695808307147,0.0,4.418931762496641,0.8791
2025-02-28,12,99,415.8271694956752,404.700064552856,0.0,11.127104942819187,0.9024
2025-02-28,12,100,464.88457817656445,464.88457817656445,0.0,0.0,0.9163
2025-02-28,12,101,449.8329648117654,426.87965149479794,0.0,22.953313316967467,0.9264
2025-02-28,12,102,516.5877256550863,465.51413900998244,0.0,51.07358664510383,0.9462
2025-02-28,12,103,523.0382723023953,518.4600613921485,0.0,4.578210910246753,0.9742
2025-02-28,12,104,573.5805118585753,569.8635105267498,0.0,3.717001331825486,0.9862
2025-02-28,12,105,605.657032727347,592.3449125728001,0.0,13.312120154546847,0.976
2025-02-28,12,106,579.8894481813659,579.8894481813659,0.0,0.0,1.0742
2025-02-28,12,107,111.77099372534707,111.77099372534707,0.0,0.0,1.2313
2025-02-28,18,108,0.0,0.0,0.0,0.0,1.2561
2025-02-28,18,109,0.0,0.0,0.0,0.0,1.2447
2025-02-28,18,110,0.0,0.0,0.0,0.0,1.2545
2025-02-28,18,111,0.0,0.0,0.0,0.0,1.2522
2025-02-28,18,112,0.0,0.0,0.0,0.0,1.2881
2025-02-28,18,113,0.0,0.0,0.0,0.0,1.3466
2025-02-28,18,114,0.0,0.0,0.0,0.0,1.3523
2025-02-28,18,115,0.0,0.0,0.0,0.0,1.3445
2025-02-28,18,116,0.0,0.0,0.0,0.0,1.3483
2025-02-28,18,117,0.0,0.0,0.0,0.0,1.349
2025-02-28,18,118,0.0,0.0,0.0,0.0,1.3473
2025-02-28,18,119,0.0,0.0,0.0,0.0,1.3482
2025-02-28,18,120,0.0,0.0,0.0,0.0,1.3513
2025-02-28,18,121,0.0,0.0,0.0,0.0,1.34
2025-02-28,18,122,0.0,0.0,0.0,0.0,1.3489
2025-02-28,18,123,0.0,0.0,0.0,0.0,1.3952
2025-02-28,18,124,516.1488349002707,516.1488349002707,0.0,0.0,1.2226
2025-02-28,18,125,536.8845585094313,536.8845585094313,0.0,0.0,0.9332
2025-02-28,18,126,547.0832178252934,547.0832178252934,0.0,0.0,0.9068
2025-02-28,18,127,537.6596275763313,537.6596275763313,0.0,0.0,0.9371
2025-02-28,18,128,529.8163109785309,529.8163109785309,0.0,0.0,0.9371
2025-02-28,18,129,535.0232538723404,535.0232538723404,0.0,0.0,0.9871
2025-02-28,18,130,511.1070543974823,511.1070543974823,0.0,0.0,0.7764
2025-02-28,18,131,455.82457243674986,455.82457243674986,0.0,0.0,0.4209
2025-02-28,18,132,442.0416018069466,442.0416018069466,0.0,0.0,0.3859
2025-02-28,18,133,431.79233498135517,431.79233498135517,0.0,0.0,0.4368
2025-02-28,18,134,431.1564078771357,431.1564078771357,0.0,0.0,0.4198
2025-02-28,18,135,453.93965148605184,453.93965148605184,0.0,0.0,0.4186
2025-02-28,18,136,442.3681982930901,442.3681982930901,0.0,0.0,0.4241
2025-02-28,18,137,446.3970075763973,446.3970075763973,0.0,0.0,0.4237
2025-02-28,18,138,468.3378558424293,468.3378558424293,0.0,0.0,0.4248
2025-02-28,18,139,461.9628514126734,461.9628514126734,0.0,0.0,0.424
2025-02-28,18,140,436.86242074210327,436.86242074210327,0.0,0.0,0.422
2025-02-28,18,141,456.7471811714845,456.7471811714845,0.0,0.0,0.424
2025-02-28,18,142,453.9102415340571,453.9102415340571,0.0,0.0,0.4271
2025-02-28,18,143,441.6574808178256,441.6574808178256,0.0,0.0,0.4276
