date,cost_plan,cost_adjust_up,cost_adjust_down,cost_emergency,cost_total,energy_g0,energy_final_commitment,energy_up,energy_down,adjustment_churn,energy_emergency,energy_waste,charge_energy,discharge_energy,soc_0000,soc_0600,soc_1200,soc_1800,soc_2400,terminal_proxy_soc_0000,terminal_proxy_soc_0600,terminal_proxy_soc_1200,terminal_proxy_soc_1800
2025-02-01,39428.679374543965,0.0,-1404.7863198530463,0.0,38023.89305469092,65671.5475334008,60211.02119754085,0.0,5460.526335859932,0.0,0.0,25867.17139922746,9941.52560515824,9975.851740178176,6000.0,10232.24074074074,10800.0,10800.0,3863.093333333336,1200.0,1200.0,1200.0,1200.0
2025-02-02,67725.01902421581,2.9294540127011718e-12,-1353.8672548115342,2.885553002208969,66374.0373224065,102559.23106761785,97535.39882905877,2.4442670110147446e-12,5023.832238559082,0.0,1.3245595603438005,17373.074987304804,16520.227738835034,14712.857287520717,3863.093333333336,10799.999999999969,9659.410840406179,10800.0,2383.679089928512,1200.0,1200.0,1200.0,1200.0
2025-02-03,60919.754628498646,0.0,-2404.3964781572186,1095.4136856790249,59610.77183602045,95528.96313662658,88639.59055062171,0.0,6889.372586004876,0.0,260.09079731739877,5321.408058176927,21686.219150581208,18324.862360819017,2383.679089928512,10794.732357355679,6480.083792729854,10800.0,1540.3181467638026,1200.0,1200.0,1200.0,1200.0
2025-02-04,62859.54921681113,0.0,-2255.2081420682225,479.3199778239983,61083.66105256691,98336.31502530299,91414.8307332534,0.0,6921.4842920496085,0.0,177.76942658160684,6010.086815575334,22588.073346890815,18200.423952631147,1540.3181467638026,10799.999999999565,6005.652216104907,10800.0,1646.8908782642598,1200.0,1200.0,1200.0,1200.0
2025-02-05,58215.60306221001,0.0,-882.1639681761546,1143.6197612296583,58477.05885526351,92025.99236448464,89738.94246729603,0.0,2287.0498971886145,0.0,249.78297569982155,5142.645456913035,22787.933016361054,18690.280013611566,1646.8908782642598,10781.234174903891,6745.553615255111,10800.0,1389.0528000874683,1200.0,1200.0,1200.0,1200.0
2025-02-06,62748.30900513772,0.0,-3039.6873024409406,578.7867339831272,60287.40843667991,98292.99608571603,88925.16185786703,0.0,9367.834227849005,0.0,149.02279762961302,4383.760872572384,22318.350036616932,17898.983470359326,1389.0528000874683,10800.0,5031.348926981806,10800.0,1587.8084215323474,1200.0,1200.0,1200.0,1200.0
2025-02-07,31415.211037407986,0.0,-2147.0789958902446,0.0,29268.13204151774,56971.552430218435,49076.272573665985,0.0,7895.279856552446,0.0,0.0,13158.64277974636,17363.525251795327,13251.575124542369,1587.8084215323474,10250.770370370368,7513.243068620453,10546.280602360332,2491.008787545515,1200.0,1200.0,1200.0,1200.0
2025-02-08,33595.86104034135,397.4890799127677,-535.2927129761592,0.0,33458.05740727796,58777.94147877983,56895.13283063958,534.0705824522623,2416.8792305925053,0.0,0.0,21504.37760379073,15059.140590197856,11245.54808001567,2491.008787545515,10238.80555555452,10800.0,10800.0,3549.18189648395,1200.0,1200.0,1200.0,1200.0
2025-02-09,66511.79052101239,0.0,-1030.3021749672362,118.4130599566723,65599.90140600182,100968.58885970767,97213.64085854802,0.0,3754.9480011596493,0.0,28.818948393796177,15534.584228249236,17087.916382499294,14935.456770473373,3549.18189648395,10800.0,9785.903335873034,10800.0,2333.354673540681,1200.0,1200.0,1200.0,1200.0
2025-02-10,54432.575388718746,1780.4775703155524,-2070.6623555554243,1590.317605242258,55732.70820872113,86329.79755444583,80322.57891337691,1479.1391416973763,7486.3577827663,0.0,476.91967858924176,3243.4687497536124,20998.47047682426,17769.078217945054,2333.354673540681,9882.935753399308,3727.557655174981,10800.0,1488.557860521344,1200.0,1200.0,1200.0,1200.0
2025-02-11,54793.77188900273,0.0,-1753.0323799383755,2136.1429008819223,55176.88240994628,86943.13858119497,81655.91151825945,0.0,5287.2270629355135,0.0,465.9550147970027,2744.2695130404527,22675.73920211484,18518.73931543216,1488.557860521344,9926.986811864099,4975.4576545693435,10800.0,1320.3461252778486,1200.0,1200.0,1200.0,1200.0
2025-02-12,54824.65657975852,0.0,-1843.4913067432142,1588.0766633070962,54569.2419363224,87326.32430487123,81968.19495018065,0.0,5358.129354690577,0.0,397.8121297507972,2534.6965604122497,23424.21854989633,18859.644163710465,1320.3461252778486,10025.897559453902,6597.870907764482,10800.0,1446.9826382840297,1200.0,1200.0,1200.0,1200.0
2025-02-13,49470.738840774095,1281.4973748484247,-999.5385915607117,1840.5840646751712,51593.28168873698,80036.43472389925,77976.51084573504,1199.3488751888651,3259.2727533530547,0.0,461.4238771676474,3074.857191499408,21471.933400597467,17438.334885860844,1446.9826382840297,9847.162847963042,7646.771624256889,10776.943077114189,1395.7950478652608,1200.0,1200.0,1200.0,1200.0
2025-02-14,24532.142643592306,1143.5512482860524,-460.26996453534264,13.53513808514659,25228.959065428164,45905.698706606796,44897.62643509738,1079.7065918121586,2087.778863321575,0.0,6.213053975279593,10707.46646443312,17916.32245158917,13521.751243616296,1395.7950478652608,9938.180134592241,7459.0386477412285,10519.956113240374,2496.3172058329656,1200.0,1200.0,1200.0,1200.0
2025-02-15,30811.016924817646,0.0,-1769.0681671877533,0.0,29041.948757629892,55318.067047097065,48177.99455758684,0.0,7140.072489510218,0.0,0.0,15394.947752542419,15788.391152247745,12285.435447203323,2496.3172058329656,10191.87037037037,8753.63844273242,10799.999999999998,3055.3854126300184,1200.0,1200.0,1200.0,1200.0
2025-02-16,59969.31280237375,0.0,-2844.0670823697233,311.3211509526076,57436.56687095664,92935.19798180915,84745.09392181992,0.0,8190.104059989212,0.0,108.41906532836549,6980.622316558034,19059.32327525782,16563.811704667558,3055.3854126300184,10800.0,7562.720560687613,10800.0,1804.5411329536578,1200.0,1200.0,1200.0,1200.0
2025-02-17,52821.30722497628,85.06261274164598,-2704.1888586690907,2188.8478587233367,52391.028837772166,85278.19394565486,76782.5967773753,68.96528448073127,8564.562452760303,0.0,525.4922166671116,2634.3500425665666,20623.74821549137,17133.872430682204,1804.5411329536578,9846.155967745193,7711.155100882421,10724.734168425613,1328.2784928045558,1200.0,1200.0,1200.0,1200.0
2025-02-18,47601.75987742371,3189.42534068115,-367.34967491889347,2395.070725126626,52818.906268312596,77023.90509431387,78415.92661998638,2857.601479835773,1465.579954163272,0.0,584.0299032589654,2944.8610371942705,20200.072803861833,16236.3651011441,1328.2784928045558,9878.390969856242,9084.010685414682,10800.0,1467.9383483423162,1200.0,1200.0,1200.0,1200.0
2025-02-19,48791.11326690369,788.7483247564398,-143.55442883502909,3456.808517372442,52893.115680197545,78825.3588710314,78914.20170254984,661.0542602205437,572.211428702115,0.0,925.200781523691,2850.8839138610383,22297.69274129146,18188.5015544123,1467.9383483423162,9863.254528679412,7159.366688052779,10749.281640784988,1326.4156439354065,1200.0,1200.0,1200.0,1200.0
2025-02-20,50423.724404999055,159.37399065220933,-1082.5171468995563,2091.5548712247382,51592.13611997644,81955.48907771285,78439.96373966968,123.59974149550595,3639.1250795386704,0.0,468.9031768240096,3719.6192112036524,21198.378133120732,17002.26416116403,1326.4156439354065,9881.20660326911,7547.552610697043,10700.425469901105,1513.5513402284855,1200.0,1200.0,1200.0,1200.0
2025-02-21,23832.813387949405,554.6649988563977,-343.63919355895587,0.0,24043.839193246848,44711.3827311412,43858.81107541247,728.4058909339077,1580.9775466626363,0.0,0.0,13924.062253143476,17534.619786577405,13160.132997641742,1513.5513402284855,9644.183703703702,8567.216293843378,10541.287132249918,2672.3391507684364,1200.0,1200.0,1200.0,1200.0
2025-02-22,26016.805776198526,32.62093782387863,-695.8929714651088,40.52677932438936,25394.060521881685,47911.35734688793,45064.87035557661,26.517271151565183,2873.0042624628854,0.0,18.94118032347535,14299.538252188895,15296.807095854001,12357.29669547614,2672.3391507684364,10210.772222222215,9494.875331952357,10692.918690211696,2709.1358753968834,1200.0,1200.0,1200.0,1200.0
2025-02-23,50637.415575531355,0.0,-1009.1473201576102,2865.8547015992617,52494.122956973006,81472.56343954537,78362.40158525544,0.0,3110.1618542899255,0.0,696.9636304479357,4792.444223470764,20349.889398676845,17614.822089777568,2709.1358753968834,9898.83362407206,7214.637873780333,10800.0,1452.0117900087462,1200.0,1200.0,1200.0,1200.0
2025-02-24,48757.069089564495,1032.959517544869,-908.1197200646183,1295.3776248335378,50177.28651187829,78563.07811254168,77153.0225525283,1355.2999966170341,2765.355556630416,0.0,258.2631074405624,5168.430144270577,20743.73029904815,16703.90840001653,1452.0117900087462,9925.303491187777,8154.170322942842,10800.0,1561.4708369114933,1200.0,1200.0,1200.0,1200.0
2025-02-25,49949.65997829062,0.0,-2251.336772131247,1553.2111723091389,49251.53437846851,80958.95334866227,73735.18846475637,0.0,7223.764883905888,0.0,375.84934649180406,4395.439376551545,20658.555079258516,16764.27987789522,1561.4708369114933,9858.40905558954,7924.713736668723,10800.0,1527.192766138362,1200.0,1200.0,1200.0,1200.0
2025-02-26,45441.36472001012,2319.746082979267,-120.78857930777791,1777.4022249116106,49417.72444859322,74580.17361086284,76085.89154398745,1983.3077588023577,477.58982567774245,0.0,377.5886087343166,3757.6374968867704,20788.397526120265,16897.402903618597,1527.192766138362,9897.15411798972,7432.372193515428,10752.24289404798,1461.8584245148227,1200.0,1200.0,1200.0,1200.0
2025-02-27,46869.99953925504,220.04537312279086,-438.343654157137,1808.2357449336873,48459.93700315438,76453.057521523,74845.74090092955,180.30197362865823,1787.618594222099,0.0,386.6299086840961,4131.775659746581,22296.914410350506,18152.90346048343,1461.8584245148227,9902.439456896747,6757.710095186582,10792.616904178907,1359.1886599598072,1200.0,1200.0,1200.0,1200.0
2025-02-28,22168.407125811085,418.99564750133777,-170.25386018238,9.728794354139307,22426.877707484182,40679.33889857012,40572.98685781818,508.9858418798896,615.3378826318327,0.0,4.400178360081098,13154.411576285544,16770.969439286975,12640.587529394266,1359.1886599598072,7285.603134854491,7469.150197346978,10400.660363398534,2407.963900435572,1200.0,1200.0,1200.0,1200.0
2025-03-01,25032.25780111955,0.0,-995.2439297823571,0.0,24037.013871337193,46612.73316396626,42416.02292973169,0.0,4196.710234234565,0.0,0.0,15960.029394337354,14567.455522149772,11770.227920088768,2407.963900435572,10281.785185185185,8017.326686966943,10573.826866568037,2440.642848049517,1200.0,1200.0,1200.0,1200.0
2025-03-02,49980.125848373114,1323.6362001055716,-576.9247180135691,2480.8833838916044,53207.72071435672,80348.22119908241,80026.81538986959,1453.2178324772683,1774.6236416901102,0.0,533.9171858130713,5116.786730661561,21070.144838925524,17984.506060571093,2440.642848049517,9959.823977767386,8175.640501203261,10800.0,1420.9886913368275,1200.0,1200.0,1200.0,1200.0
2025-03-03,54175.69863641966,731.655760562867,-2371.0470799364703,1213.422087265114,53749.72940431117,87059.88078711389,79940.03756269814,562.7651775747734,7682.60840199051,0.0,289.6401974975474,4067.4261146365857,21777.191242444685,17632.086230218913,1420.9886913368275,10348.176303529865,6626.098143501168,10800.0,1429.2538870715834,1200.0,1200.0,1200.0,1200.0
2025-03-04,48206.513852049145,635.7521755692892,-566.2071941984116,1105.0619204334566,49381.12075385348,77973.21476368935,76717.9435512932,485.41366336445725,1740.6848757606103,0.0,301.8765417240169,3909.2041726753614,20487.950966262484,16576.792979253973,1429.2538870715834,9970.549449090207,7551.486070592354,10800.0,1449.7508908700734,1200.0,1200.0,1200.0,1200.0
2025-03-05,50245.50778299044,2.6814728999999335,-2543.020074796813,1053.4281036485063,48758.597284742136,81352.39948700753,73419.68953853639,1.9082499999999527,7934.618198471153,0.0,229.8373037388017,3797.2486919107205,20001.775597277556,16279.969463579766,1449.7508908700734,9880.86253089809,7437.582764254491,10799.559754118542,1362.4939688868017,1200.0,1200.0,1200.0,1200.0
2025-03-06,46636.13143901275,8.832603412114722,-675.0509850073956,1152.393277827266,47122.306335244735,76058.74453867681,73816.5955504725,6.975127072664236,2249.1241152769653,0.0,272.8913947672796,3972.091508666506,21270.615733561746,17093.874430321808,1362.4939688868017,9909.842593371255,6958.074366928107,10800.0,1512.8543176237006,1200.0,1200.0,1200.0,1200.0
2025-03-07,24816.575407436256,0.0,-1081.3116899484257,0.0,23735.26371748783,45353.69789198615,42029.06668465348,0.0,3324.6312073326717,0.0,0.0,17183.802311111656,15427.29974996543,11504.320909756943,1512.8543176237006,9827.056314814814,8329.482090438923,10472.6121373071,2614.8453039737647,1200.0,1200.0,1200.0,1200.0
2025-03-08,19422.866673682794,59.29464144092223,-0.7943403169670405,12.449900538696427,19493.816875345445,35065.26543518903,35159.69573801241,96.10931427331587,1.6790114499409015,0.0,5.668316137465808,13447.436397640102,14259.193756901579,11604.40561705847,2614.8453039737647,5931.496925610724,4821.9520604144955,10509.864832897993,2554.335666231327,1200.0,1200.0,1200.0,1200.0
2025-03-09,44812.37430097019,816.0105812515468,-1524.0935014110864,2589.745888951136,46694.037269761786,73271.23326819116,67822.89018430792,753.7855814988193,6202.128665382058,0.0,653.9150311385711,2507.871679911921,19368.375972734364,16732.967487199785,2554.335666231327,9932.409259259255,4100.435866199118,10793.611491581003,1393.687944803607,1200.0,1200.0,1200.0,1200.0
2025-03-10,45697.86752390078,158.80301374182454,-339.25674622791513,4670.16867855522,50187.58246996991,75422.937082327,74212.98528959397,126.93248958862063,1336.88428232164,0.0,1043.7427639654227,3157.952472550456,21251.47618937373,17194.77205836479,1393.687944803607,9865.3209738343,6296.241742052449,10800.0,1414.7142281679712,1200.0,1200.0,1200.0,1200.0
2025-03-11,41378.435574630814,3814.4263868869275,-150.03272594725888,2518.6719801347617,47561.50121570524,67878.63512355907,71299.40772958878,3864.356997288943,443.58439125922484,0.0,571.4620015675877,4087.6707289288515,19675.1305413297,15830.850339102179,1414.7142281679712,9904.32191933939,8597.61891682157,10800.0,1532.498005251171,1200.0,1200.0,1200.0,1200.0
2025-03-12,48080.970448616186,710.123241551707,-2483.6683372291177,1354.4030236747635,47661.82837661354,78438.49634675845,69686.81001688741,655.9726955352705,9407.659025406323,0.0,421.2631999118307,3910.6345172528577,20485.877211461964,16723.973195248927,1532.498005251171,9915.955555555545,3246.897970625085,10800.0,1387.5950564014645,1200.0,1200.0,1200.0,1200.0
2025-03-13,47598.977273612516,198.89779677156736,-1070.0737076642486,2202.5137151906665,48930.3150779105,78386.34838446778,74901.03811554791,184.98653757776435,3670.2968064976317,0.0,464.5693283462068,3933.964942018939,20787.12195981592,16901.097474607406,1387.5950564014645,9903.929619545042,7936.54212726168,10800.0,1317.007626227566,1200.0,1200.0,1200.0,1200.0
2025-03-14,20298.70834122786,244.0998647582755,0.0,0.0,20542.808205986134,37068.85746651037,37282.03433678848,213.17687027810425,0.0,0.0,0.0,17250.941480644084,15188.923666331511,11187.25679352045,1317.007626227566,5970.344965968099,6577.173080328775,10560.09213682913,2556.7535997920936,1200.0,1200.0,1200.0,1200.0
2025-03-15,19106.920581069484,2821.1592914117264,-108.63580130112533,159.68837443781646,21979.132445617903,35370.37741550674,38570.53676251842,3728.4151277125143,528.2557807008283,0.0,65.85489777623849,15271.114720226227,13990.359415868868,11549.207625800434,2556.7535997920936,6231.4484586670305,9001.35714222856,10478.810045406924,2315.6241565180353,1200.0,1200.0,1200.0,1200.0
2025-03-16,42467.07001836441,2197.76576336824,-334.54475341551995,1723.597876585557,46053.888904902684,69227.83565217796,70248.24673286732,2250.2332457552707,1229.8221650659038,0.0,458.69122604812014,4436.008774349562,18661.229396332827,15741.347145100272,2315.6241565180353,9905.077986684953,8591.391830312543,10788.068035576322,1620.3448964395043,1200.0,1200.0,1200.0,1200.0
2025-03-17,42621.744425691446,377.7637185666225,-1668.8143772180645,1881.564664383102,43212.258431423106,71322.57708183184,65002.139902816605,319.91179694383993,6640.348975959073,0.0,427.18289427335924,3753.863168717843,20277.167455481063,16459.839260442277,1620.3448964395043,9927.218518518519,5546.077727308576,10773.422929161641,1581.085316992161,1200.0,1200.0,1200.0,1200.0
2025-03-18,49186.81258249296,0.0,-3239.44211012269,1191.695065515236,47139.06553788551,79898.98697121233,69734.40851586248,0.0,10164.578455349849,0.0,320.9295754734381,5054.11741389879,20135.07111737792,16259.808806607454,1581.085316992161,9931.722849183107,7844.124291296156,10800.0,1636.195093068453,1200.0,1200.0,1200.0,1200.0
2025-03-19,40991.62506411229,1833.210346378834,-296.4746274014088,645.0963033142428,43173.457086403956,67386.64381911802,67843.30568376805,1703.3403783067365,1246.6785136567155,0.0,155.39053921810194,4695.469851121641,19901.066486275056,16063.310564410556,1636.195093068453,9900.690506340592,7731.303387387636,10800.0,1699.0320813709477,1200.0,1200.0,1200.0,1200.0
2025-03-20,46579.59159025529,0.0,-1838.2857646087325,2197.9570383895293,46939.262864036085,75810.7246603187,68590.83112866603,0.0,7219.893531652655,0.0,516.1964759624176,3283.740653712661,20109.86040056252,16495.535266313396,1699.0320813709477,9873.789604957457,2942.747195613731,10707.86791274597,1469.5339237512167,1200.0,1200.0,1200.0,1200.0
2025-03-21,20114.27202586273,0.0,-431.7551308084661,0.0,19682.516895054265,36699.15124682425,35377.4737405481,0.0,1321.6775062761535,0.0,0.0,19647.702454275022,14703.702471552144,11007.395701945734,1469.5339237512167,5329.582399438621,4381.234891578263,10662.609497838075,2472.426479319557,1200.0,1200.0,1200.0,1200.0
2025-03-22,19523.906118227365,0.0,-12.947677007035889,5.476141453239532,19516.43458267357,35380.31341861492,35353.92912124717,0.0,26.384297367746683,0.0,2.527644335674836,16797.252794454602,13354.383027093494,10676.378789298586,2472.426479319557,5731.979983261479,4783.988108733552,10587.79438226083,2628.7281044830506,1200.0,1200.0,1200.0,1200.0
2025-03-23,42697.078324841605,0.0,-1081.8220061722952,1762.1709774527676,43377.42729612208,69992.26477751292,66352.70990881126,0.0,3639.5548687016576,0.0,417.06461509607345,5886.356102143131,17500.835967522493,15387.137662424955,2628.7281044830506,9903.618756803417,8028.614274719503,10800.0,1282.6608503366776,1200.0,1200.0,1200.0,1200.0
2025-03-24,44728.778624094295,453.73224855721367,-1941.298642457105,700.4769883649637,43941.68921855937,73982.77263890432,67580.3628390796,375.5262208589309,6777.936020683658,0.0,218.42660466827442,5519.939488711978,20411.606632186817,16131.253760484251,1282.6608503366776,9882.240356684386,7702.060407418842,10785.74735267147,1729.4915298778672,1200.0,1200.0,1200.0,1200.0
2025-03-25,48939.23579938909,0.0,-3850.218092622773,1301.7673255225134,46390.78503228883,80038.60431259287,67167.37228388274,0.0,12871.232028710134,0.0,350.72734526110014,3265.562013622076,19416.236539008314,16113.82364015322,1729.4915298778672,9841.170719754131,4150.157946051797,10800.0,1299.855925926216,1200.0,1200.0,1200.0,1200.0
2025-03-26,41551.44079890361,573.3433807908997,-1522.4469554655802,728.2559865584882,41330.59321078742,68813.17248209083,64293.71623352631,484.7643706884561,5004.220619252952,0.0,209.16129855671912,4987.775996046673,20485.105692965983,16562.559023596288,1299.855925926216,9922.601015173068,7609.436868688992,10770.643106993302,1333.6076900441794,1200.0,1200.0,1200.0,1200.0
2025-03-27,44133.46717395733,0.0,-2099.2229091168747,1391.807321552309,43426.051586392765,72326.160675364,65821.94254701643,0.0,6504.218128347554,0.0,383.2506387023994,3596.0077248407442,19696.410214935,15804.214154056921,1333.6076900441794,9898.059024304455,8132.4484768884795,10800.0,1500.1389345335524,1200.0,1200.0,1200.0,1200.0
2025-03-28,19532.724491299534,30.806672047015805,-6.196730108143479,0.0,19557.334433238408,36555.45970751296,36567.41245103323,24.831074071668716,12.87833055138907,0.0,0.0,22102.989706241176,14475.155299077946,10832.613320952554,1500.1389345335524,6616.470774586916,5845.0345092300695,10499.121513756421,2491.5416804230867,1200.0,1200.0,1200.0,1200.0
2025-03-29,17380.92807203978,588.4993439591444,0.0,0.0,17969.427415998925,32556.439521160206,33011.45627165995,455.01675049973846,0.0,0.0,0.0,23025.16151404273,12865.394079365295,10586.308505081408,2491.5416804230867,5166.096568027772,2795.7357346944395,10409.751642502139,2307.8313462058454,1200.0,1200.0,1200.0,1200.0
2025-03-30,39973.65599577893,221.3779345339118,-1943.5274393361647,4002.0453963730693,42253.55188734974,66550.76202293526,59656.82250183114,114.57595659442165,7008.515477698544,0.0,987.94637238199,2491.9920201505856,18916.1639390556,16109.006784993053,2307.8313462058454,9909.706231750668,6672.534255802447,10540.769365740452,1433.4824635858276,1200.0,1200.0,1200.0,1200.0
2025-03-31,37678.720206572194,2883.3413143804123,-412.62200229530487,1880.9867892773464,42030.42630793465,62935.39749278873,64199.28364666515,3121.7663612124265,1857.8802073360107,0.0,457.10965944174825,4200.340713822621,18502.888048412675,14998.224939461734,1433.4824635858276,9912.275461033158,9431.115774594808,10800.0,1421.38732997753,1200.0,1200.0,1200.0,1200.0
2025-04-01,45502.845072151074,319.1119058437414,-2449.5086111267447,1645.8174501154597,45018.265816983534,76178.68951633766,68057.19673878176,267.41164937695805,8388.904426932855,0.0,416.1091324060336,4843.674403465708,18239.449160107273,14818.669209051846,1421.38732997753,9940.268999407966,9194.107054963522,10800.0,1371.7035640164684,1200.0,1200.0,1200.0,1200.0
2025-04-02,43683.64395428635,98.62632134604922,-1213.5748326515036,2224.1639747366,44792.8594177175,72954.35795014066,68223.89244523167,87.9015660562408,4818.367070965222,0.0,444.8081648853848,4632.57716418203,18564.43668600942,14963.648640074396,1371.7035640164684,9892.778002012881,9488.093501331616,10800.0,1453.4203146756186,1200.0,1200.0,1200.0,1200.0
2025-04-03,44514.35379275996,0.0,-2463.5430118412323,1073.0794034294117,43123.89018434814,73114.06862114152,65325.869684341524,0.0,7788.198936799981,0.0,256.695069912917,6022.022435636976,19542.83988858743,15845.827836636632,1453.4203146756186,9926.769288800877,6944.196332545856,10800.0,1435.5008403636048,1200.0,1200.0,1200.0,1200.0
2025-04-04,17933.047232626355,2.4721468826534365,0.0,0.0,17935.51937950901,33860.55640223698,33862.43115814844,1.874755911465087,0.0,0.0,0.0,23929.70408843051,13912.023037456076,10410.09821773814,1435.5008403636048,4883.640515074769,2628.145292852546,10398.485628439106,2389.5457765872534,1200.0,1200.0,1200.0,1200.0
2025-04-05,16606.259749715973,89.24590014531998,-2.003901649295331,46.774563205722,16740.27631141772,31203.22147493624,31269.142522723247,69.6520134345526,3.7309656475429733,0.0,21.511354329015603,17029.208689689654,12447.135512228786,10229.805308199513,2389.5457765872534,4167.852445326135,3385.422270115867,10329.513737593159,2225.5173951492548,1200.0,1200.0,1200.0,1200.0
2025-04-06,38806.78931414011,825.0282735327123,-1140.245600931533,1650.8121126808044,40142.38409942209,65815.22090766649,61794.44331218164,629.0821172321926,4649.8597127170415,0.0,376.14048541545975,4968.5581404442155,19045.64129358203,16253.69190309581,2225.5173951492548,9966.784547330812,6517.311158495566,10766.221360437587,1306.9368892666287,1200.0,1200.0,1200.0,1200.0
2025-04-07,36154.45466111458,1610.5809830141156,-434.62868379813403,1119.8012412418018,38450.208201572364,61563.15600359439,61089.73257402463,1402.3925935268576,1875.8160230966255,0.0,290.2702681455315,4162.67057025035,19800.763099425225,15826.15011083875,1306.9368892666287,9984.505828853818,8185.217137951549,10777.96692071612,1543.0124444840544,1200.0,1200.0,1200.0,1200.0
2025-04-08,42646.61829511897,0.0,-2350.5690298312934,1813.294659158988,42109.343924446664,70944.97430424993,62630.189908885324,0.0,8314.784395364606,0.0,384.7210303394759,5017.442985096335,19622.208564986504,15977.9342275247,1543.0124444840544,9971.809259259258,4802.699998332154,10755.388081115274,1449.7399001666906,1200.0,1200.0,1200.0,1200.0
2025-04-09,41568.86938623438,0.0,-640.2642667321998,1274.266557661475,42202.871677163654,69622.96387416415,67674.13527800443,0.0,1948.8285961597348,0.0,310.4469119420706,4942.920942136578,20629.78111945643,16722.430888313185,1449.7399001666906,9995.302777777777,6117.123588933215,10784.645524291425,1436.064142885049,1200.0,1200.0,1200.0,1200.0
2025-04-10,40834.41303034693,0.0,-1426.2628610607474,1582.8459697867427,40990.99613907292,67713.14597311032,63449.0193377286,0.0,4264.126635381725,0.0,347.8444155710748,5462.1551186316465,20218.488274462667,16344.417539794636,1436.064142885049,9951.577050240325,6536.16497996652,10791.291073141654,1472.2396567962962,1200.0,1200.0,1200.0,1200.0
2025-04-11,16522.78051421898,138.14901664031285,0.0,4.317610015269736,16665.247140874562,31392.38593687187,31508.734198172908,116.34826130103707,0.0,0.0,2.0569842855024945,22873.648267530407,13397.01731251581,10076.524564254474,1472.2396567962962,3527.371556830623,1774.7816343356576,10362.81388888889,2333.416833333332,1200.0,1200.0,1200.0,1200.0
2025-04-12,17388.51902651353,0.0,-366.67194164610453,22.407770905723392,17044.25485577315,32004.277509590727,31148.849299368827,0.0,855.4282102219024,0.0,10.516460438713466,19833.203337395807,11887.554403292183,9586.552530880454,2333.416833333332,3870.588813918683,4878.55484090119,10323.781944444445,2380.4907619846817,1200.0,1200.0,1200.0,1200.0
2025-04-13,36127.59363123593,220.55818069786403,-325.7054526524215,3746.3730080205473,39768.81936730193,60860.57909500242,59700.7975569719,207.30522176948193,1367.0867597999918,0.0,862.061694465486,3464.654674932082,18870.63446298375,16048.78836981177,2380.4907619846817,9966.753814182064,7285.770834391532,10794.952623456787,1532.07470110142,1200.0,1200.0,1200.0,1200.0
2025-04-14,41001.211999140374,379.94521001468013,-2263.916941696486,2004.0260881548995,41121.266355613465,68387.23144098243,60970.66620557793,196.64374402333158,7613.208979427836,0.0,388.7962436004253,5371.366638436512,19257.192880875158,15797.128870133309,1532.07470110142,9930.028007685632,2412.564221643798,10503.388555328866,1311.1828826298265,1200.0,1200.0,1200.0,1200.0
2025-04-15,35126.61554668013,1023.1920374148145,-429.3500566704573,1327.6308265828563,37048.08835400734,59377.29844655857,58345.690121973945,921.0200250086907,1952.6283495933233,0.0,287.64021952889306,4848.129440062237,18746.234875067545,15100.462806960282,1311.1828826298265,10004.478544137262,8538.450352563701,10746.60628954954,1404.5022624569651,1200.0,1200.0,1200.0,1200.0
2025-04-16,38583.25150501451,546.4651897084814,-762.251774750174,1093.2130305561777,39460.677950528996,65799.4072492038,62921.803149334315,393.511480192357,3271.1155800618344,0.0,238.4568350133721,3535.8126650580207,19575.440443914737,15730.585074625073,1404.5022624569651,9918.250037562913,7950.000950934836,10787.723401151852,1543.970801285694,1200.0,1200.0,1200.0,1200.0
2025-04-17,36272.14144390274,2583.5949622898474,-687.7624247776998,973.0472607247186,39141.021242139606,59748.99588712146,60986.5580091526,3598.4868774572606,2360.924755426136,0.0,208.95600115091992,4809.787576844295,19529.5132504901,16012.12916703088,1543.970801285694,9618.655068363576,8162.571773716029,10725.453103455122,1329.2780966924774,1200.0,1200.0,1200.0,1200.0
2025-04-18,16921.655248174877,0.0,-59.04371144238928,96.86908957425757,16959.480626306744,31892.585231975252,31754.086665138766,0.0,138.49856683648665,0.0,29.786728268902493,21923.778650636064,13053.46059215239,9547.483032714119,1329.2780966924774,3637.4622257885976,2224.4004294923016,10438.64245105189,2469.0781488361654,1200.0,1200.0,1200.0,1200.0
2025-04-19,15140.909140133526,723.1298860199032,0.0,149.87242768731795,16013.911453840747,29342.90430508505,29885.72524295538,542.8209378703333,0.0,0.0,69.60815082869901,21150.68569839588,11802.832406642945,9782.863961254741,2469.0781488361654,3886.2197277283344,2384.1925795801867,10415.093518518517,2221.778468976208,1200.0,1200.0,1200.0,1200.0
2025-04-20,34581.75567932776,1044.8125604134675,-308.80153778821807,3284.1902572802887,38601.9569592333,57833.121287675385,57758.33868252362,1298.5120196081095,1373.2946247598707,0.0,867.8785203086284,3875.0874797590795,18397.318422347566,15603.933582607726,2221.778468976208,9984.976767059408,7386.778556119162,10703.063039617704,1441.661068413765,1200.0,1200.0,1200.0,1200.0
2025-04-21,38961.91509489328,0.0,-2371.8215778091067,2418.772468268936,39008.865985353106,65686.88439454846,57311.68441564947,0.0,8375.199978898992,0.0,585.6519625390656,5895.308998438176,18036.61114654828,14551.494150131257,1441.661068413765,10025.253516477143,5012.153396087386,10793.388232310395,1506.2842668280455,1200.0,1200.0,1200.0,1200.0
2025-04-22,34465.030070406974,2610.742171017077,-356.575723210724,1800.3195001915437,38519.51601840487,58049.875698365235,59490.04658810658,3061.9949836120745,1621.824093870728,0.0,507.78360361621895,4338.082789963924,18381.184090130104,14874.366005037899,1506.2842668280455,10010.512960290815,8625.11199590738,10704.222311252686,1522.2766090141508,1200.0,1200.0,1200.0,1200.0
2025-04-23,34244.534380810306,1932.9900499278128,-231.06642872187572,1137.7895282850538,37084.2475303013,58080.84991379861,59485.00011026275,2422.2873351818494,1018.1371387177096,0.0,239.06231028452225,4716.005291370256,18831.29498515286,15223.15457264251,1522.2766090141508,9458.437179882752,7621.238023165565,10721.114342932053,1555.8259038267174,1200.0,1200.0,1200.0,1200.0
2025-04-24,35523.55010189717,627.512374032518,-958.415962197806,388.47121058705505,35581.11772431894,59984.72536424522,56336.68526381307,487.5256992344483,4135.56579966659,0.0,83.92035494637133,5923.077851947174,18048.178158007795,14640.757091195519,1555.8259038267174,10035.69537037037,6921.67692133057,10791.695845481754,1531.6783669275987,1200.0,1200.0,1200.0,1200.0
2025-04-25,16440.020933469958,0.0,-327.486455800431,13.932277567212838,16126.46675523674,30789.60369352859,30089.698063852273,0.0,699.9056296763132,0.0,6.57182904113813,24901.801163965225,12339.927328928185,9145.81625,1531.6783669275987,2976.7249428471587,1905.5605539582696,10443.538425925926,2475.5949074074088,1200.0,1200.0,1200.0,1200.0
2025-04-26,15123.077729055145,1.431349434215125,0.0,247.39981595845586,15371.908894447815,28748.338669340632,28749.424135108056,1.085465767425113,0.0,0.0,66.02944595150558,26851.486507379166,11196.44360082304,9302.670160475975,2475.5949074074088,2920.6505091788767,1986.6215462159141,10469.957407407408,2216.0939698415114,1200.0,1200.0,1200.0,1200.0
2025-04-27,31570.96471712743,3311.0056914268234,-221.88545727583136,4870.16393172463,39530.24888300305,52449.95775475076,55826.32734121219,4208.5925539684895,832.2229675070524,0.0,1015.2267759390063,5680.481042945155,17764.742761983962,15177.140871111249,2216.0939698415114,7747.7287181749525,7165.406487206361,10753.345442991493,1340.8725988367987,1200.0,1200.0,1200.0,1200.0
2025-04-28,41535.578638503335,224.4534007649612,-1322.3862494576124,862.2784364908573,41299.92422630154,70453.31731596144,66432.15907735883,307.3096240221357,4328.467862624747,0.0,222.0301992951808,6102.018738413209,19611.591418999727,15681.388197425598,1340.8725988367987,9974.080517188371,7871.833976513129,10800.0,1567.540212130334,1200.0,1200.0,1200.0,1200.0
2025-04-29,35686.96224903205,500.2676239051487,-1090.4267504899644,1526.8293548548086,36623.63247730204,60437.70413675572,56206.195842265675,381.67646623666565,4613.184760726706,0.0,311.59216980593675,6000.0807395417105,17393.752428103737,14309.258872240498,1567.540212130334,9521.69186183556,7248.994489795437,10800.0,1322.740872712039,1200.0,1200.0,1200.0,1200.0
2025-04-30,34276.248969798966,93.77788891384431,-820.3875684841308,1947.8900937281874,35497.52938395687,57637.16936241145,55166.78087087677,48.53551169104071,2518.924003225729,0.0,484.33443937101333,3970.265451321414,18010.39251424312,14586.39708865009,1322.740872712039,9435.451944443746,7390.255993529162,10635.262621905342,1324.9862592529703,1200.0,1200.0,1200.0,1200.0
2025-05-01,36367.49302818182,0.0,-833.6874540531542,10731.815117087455,46265.62069121612,60873.54849801796,57750.08585586515,0.0,3123.462642152816,0.0,2313.45450644198,5541.430180201376,19069.573765439083,15558.842383333333,1324.9862592529703,10068.989897166039,5636.58355729703,10800.0,1200.0,1200.0,1200.0,1200.0,1200.0
2025-05-02,19017.594978901805,0.0,-298.62309289119696,699.0435024057929,19418.0153884164,34771.35797251033,33797.768266944826,0.0,973.5897055655003,0.0,172.02991038228447,16549.178760054343,13179.33491769547,10049.03558375604,1200.0,4125.000191488377,6820.334205349416,10754.857594298834,1895.8063328636604,1200.0,1200.0,1200.0,1200.0
2025-05-03,16727.084735026878,0.0,-24.810876089199894,1785.618669688471,18487.892528626147,31350.59978148287,31295.02429977767,0.0,55.57548170520147,0.0,371.53908688745264,20893.331971611133,12032.346173361366,10126.286408307378,1895.8063328636604,3635.649300833542,5843.100575645746,10444.340740740741,1473.4885463251378,1200.0,1200.0,1200.0,1200.0
2025-05-04,36569.211182048384,0.0,-1676.3690108480828,9410.59460054565,44303.43677174595,61169.128922097356,55160.03025979013,0.0,6009.098662307228,0.0,2106.649739225814,2606.4772961912563,16693.02663781038,13767.491268319032,1473.4885463251378,10071.428044890336,8749.959838404373,10780.059255111793,1200.0000000000005,1200.0,1200.0,1200.0,1200.0
2025-05-05,41390.841139824806,0.0,-2046.1883298262132,5006.361612569112,44351.01442256771,68061.50832798668,62364.5685788434,0.0,5696.939749143288,0.0,1112.010127599855,4548.062041143798,19677.332928332544,15824.82306303309,1200.0000000000005,9984.227097311797,6817.140518450158,10782.86601380576,1326.462898795855,1200.0,1200.0,1200.0,1200.0
2025-05-06,35838.39134013736,1358.8624110774401,-488.3196925688721,6305.589787875528,43014.52384652145,59517.602427039885,59381.89841761376,1897.5930016354423,2033.2970110615702,0.0,1470.1136814218303,4200.775140754702,19937.030149000053,16155.875557385834,1326.462898795855,9419.541394942575,6811.4979377194795,10673.892778111882,1318.817191356099,1200.0,1200.0,1200.0,1200.0
2025-05-07,38490.96777912011,679.7008221028974,-232.7090689122038,2380.6777064968596,41318.63723880766,63150.33760671462,63230.01017879883,963.4630013572964,883.7904292730739,0.0,497.0292802553513,5038.413565192232,19130.988713202074,15510.208769340119,1318.817191356099,10056.7743023202,7124.7395844542025,10800.0,1303.1417339711606,1200.0,1200.0,1200.0,1200.0
2025-05-08,42243.2692799494,238.54455618980006,-1255.8096053998897,2751.0080088216255,43977.012239560936,70325.09806340346,65635.4507398417,199.61507187343315,4889.262395435195,0.0,572.1904669994688,6455.625352245089,18514.588986337567,14589.08553174149,1303.1417339711606,10043.629393561492,6693.922799577688,10777.19649074074,1756.1767864066524,1200.0,1200.0,1200.0,1200.0
2025-05-09,21115.806519715064,11.837704984417073,-222.120895785238,0.0,20905.523328914245,36751.4299065496,35951.415138722514,8.518785970363467,808.5335537974597,0.0,0.0,24044.68195370498,12324.770381358861,8917.42304634133,1756.1767864066524,3956.8128708570684,2600.577056042254,10800.0,2940.2223003614845,1200.0,1200.0,1200.0,1200.0
2025-05-10,18098.772610117212,333.8443969582761,-13.020082808016596,20.889771149722865,18440.486695417196,32036.73350572234,32273.385321663165,257.73297161859136,21.081155677765935,0.0,9.860642506359625,18393.83804662186,10754.342608651845,8985.979974437518,2940.2223003614845,3818.768363407262,6463.713042529204,10799.183725060835,2634.708454328681,1200.0,1200.0,1200.0,1200.0
2025-05-11,37408.15306586695,547.5793521050596,-483.0354694190935,4667.121383928491,42139.81833248141,61747.55798527939,60262.58334620674,615.6723274189652,2100.6469664916085,0.0,1006.3758033811448,3710.412985082865,16600.191851743322,14525.724770571633,2634.708454328681,10092.943951171035,7618.288761658459,10736.316589342676,1435.186931373641,1200.0,1200.0,1200.0,1200.0
2025-05-12,37596.97962445412,1981.2977662809117,-422.89689790708655,793.4578998084362,39948.83839263638,61541.594011722555,61789.58208554344,2153.330823754057,1905.3427499331642,0.0,211.1356816060962,6505.250607225549,16599.289463701,13035.017537110336,1435.186931373641,9467.713642653101,8558.50487802587,10717.114033947406,1891.1946296930566,1200.0,1200.0,1200.0,1200.0
2025-05-13,42734.81733932833,363.8018519579613,-2328.256254979566,890.3639564690517,41660.726892775776,70460.70599230868,62574.75291908356,322.49150997072024,8208.444583195833,0.0,188.58013566979878,6464.298724661345,17446.27949200033,14276.457928574982,1891.1946296930566,10100.812885166797,6732.736613457214,10800.0,1730.1151407433763,1200.0,1200.0,1200.0,1200.0
2025-05-14,42347.02237824475,178.0025668916058,-1689.1643127243767,756.1385307871715,41591.99916319915,68629.60332377118,63326.534989742264,260.5310920970785,5563.599426125989,0.0,222.98735341180895,7091.748119382231,17241.23590421613,13797.610463777619,1730.1151407433763,10060.803555289604,7926.706708097029,10660.380558086863,1916.5491614516484,1200.0,1200.0,1200.0,1200.0
2025-05-15,41677.98101355033,620.3410141174207,-1365.6558171330566,1013.6928698102972,41946.35908034499,66118.81978093434,62832.45334729401,879.7215683825585,4166.088002022897,0.0,271.6478112868928,6659.42639169896,17419.11060647132,13739.494122922712,1916.5491614516484,10027.70443721739,8706.286339942984,10800.0,2327.6441262505996,1200.0,1200.0,1200.0,1200.0
2025-05-16,19499.89142411383,0.0,-469.7150828492613,87.14280296293828,19117.319144227506,33199.59421596955,32171.17006901634,0.0,1028.42414695321,0.0,40.95713834502294,26891.85639879379,10845.898337087814,8241.134061853574,2327.6441262505996,2511.5730894457947,1875.3851320136023,10800.0,2932.1370053478813,1200.0,1200.0,1200.0,1200.0
2025-05-17,18234.635267720812,0.0,-203.43230761506982,90.71415166804007,18121.917111773782,31561.33441466697,31095.1569693321,0.0,466.17744533487036,0.0,42.124189439515476,19381.84355918464,10131.944850024984,8825.306333771343,2932.1370053478813,2570.69574990847,5054.539426625333,10799.999999999998,2244.9914439577624,1200.0,1200.0,1200.0,1200.0
2025-05-18,39838.260986209556,0.0,-908.5722397121372,721.8476968702146,39651.53644336764,65885.91758068358,62643.39257282078,0.0,3242.5250078627987,0.0,290.1476200048576,6339.558530993929,17408.889198071618,14491.075636239904,2244.9914439577624,10106.427314812458,7370.574270218074,10800.0,1811.7965708445486,1200.0,1200.0,1200.0,1200.0
2025-05-19,38444.145115661,285.7063856606742,-1310.4392303795328,1080.54780439634,38499.96007533848,63725.06909534359,58265.18277882712,237.77848258020182,5697.6647990966785,0.0,192.9042172320021,7960.299526747701,16699.056415478004,13716.48549616658,1811.7965708445486,10115.994444444445,7358.699270070011,10800.0,1600.4079045896603,1200.0,1200.0,1200.0,1200.0
2025-05-20,38234.20307042918,307.2604649288568,-199.14017460748013,1543.3239364214571,39885.647297172014,62894.691339443336,62333.36535134422,287.04095808063437,848.3669461797401,0.0,389.258664772667,4900.74233799321,17208.903205445073,13914.416343988061,1600.4079045896603,10119.068677940475,8238.65859845601,10800.0,1627.958185059049,1200.0,1200.0,1200.0,1200.0
2025-05-21,36314.115275908145,1627.1013899295094,-209.64919422828774,1708.399911735371,39439.96738334474,58927.678923559244,60034.892035093784,2064.1240065290053,956.9108949944621,0.0,446.4215327022825,5852.456046919889,16775.234392311795,13508.992154768946,1627.958185059049,9555.750999999942,7972.4704831318895,10704.522408832325,1715.677855063062,1200.0,1200.0,1200.0,1200.0
2025-05-22,37447.51817108759,5.981928552500904e-12,-769.7035140138789,1480.574045495554,38158.388702569275,61055.0726631553,58631.57103796027,5.4569682106375694e-12,2423.5016251950383,0.0,308.0022626483965,5111.027773696134,16806.57275129526,13794.658041049397,1715.677855063062,10094.378583839076,7005.44375597692,10788.572300991835,1514.1955078405767,1200.0,1200.0,1200.0,1200.0
2025-05-23,17736.030830629377,937.8467391500408,0.0,24.780509142933507,18698.65807892235,32101.480628897854,32812.53252748926,711.0518985914043,0.0,0.0,11.377644234588388,23333.926616238066,11793.075855485782,8724.041183333333,1514.1955078405767,2964.5279293668964,4555.750174132916,10800.0,2434.584685185188,1200.0,1200.0,1200.0,1200.0
2025-05-24,18329.225911291483,7.898961484897881e-14,-175.81535191412706,0.0,18153.410559377357,31910.86068165201,31563.969482331493,5.684341886080802e-14,346.89119932051767,0.0,0.0,25377.18028118052,10644.388888888889,8212.101071071247,2434.584685185188,2418.8480705837865,1822.372366880083,10800.0,2889.977939550464,1200.0,1200.0,1200.0,1200.0
2025-05-25,35599.69651605157,106.39865701688515,-535.7692119615895,2892.262516756839,38062.588477863705,58853.26447779544,56553.146685117536,87.10156201996986,2387.219354697882,0.0,621.5261020484431,7167.13223575003,14622.226993915774,13159.696625833161,2889.977939550464,10114.67500941765,7950.6677722938775,10631.477888654405,1428.0970942600368,1200.0,1200.0,1200.0,1200.0
2025-05-26,37552.694257684256,1091.0377687893244,-37.01146296276929,1420.0041325797856,40026.7246960906,61676.26290386078,63026.561687569134,1435.4964177961347,85.19763408778601,0.0,370.52251726969456,5194.510135199378,17984.40550890366,14361.664389264211,1428.0970942600368,10061.814451490874,5895.578024531367,10718.834965511414,1656.6571753130988,1200.0,1200.0,1200.0,1200.0
2025-05-27,35524.825063188124,868.2044914513068,-307.4368918621348,2159.792611793126,38245.38527457042,58195.354992877954,58171.21751418906,1245.0410093093576,1269.1784879982552,0.0,542.0274844295167,6362.995563683141,16774.708304824926,13814.82616988949,1656.6571753130988,9595.85767207841,8617.961238113945,10800.0,1404.0877942227678,1200.0,1200.0,1200.0,1200.0
2025-05-28,39737.023905711074,453.56159507118946,-1733.204910564571,1142.6667192212033,39600.047309438894,67080.14329668312,60391.89951362104,330.7052281302326,7018.949011192302,0.0,294.56455132356643,4970.306298455652,18006.10978114719,14563.776114658229,1404.0877942227678,10026.65215908227,7409.489061383703,10661.029776404997,1427.6131365238748,1200.0,1200.0,1200.0,1200.0
2025-05-29,39312.70619856524,0.0,-883.8050782860889,3135.33555592237,41564.23667620152,66037.79200892932,62443.58073299852,0.0,3594.2112759308084,0.0,733.1721840139279,5468.377980608323,18496.841557299544,14898.590120895427,1427.6131365238748,10117.14101841015,8779.586866397456,10793.558260182986,1520.7815148763293,1200.0,1200.0,1200.0,1200.0
2025-05-30,18964.443015594086,1.4527472558256704e-12,-65.27732455309834,51.88623553633557,18951.051926577326,33508.14759487512,33339.41252780408,1.1368683772161603e-12,168.73506707103002,0.0,23.839299580213908,23318.01308953762,12006.76439620119,8557.75892502118,1520.7815148763293,3070.490552575412,3199.3135548032733,10797.863175161105,2818.2484436560867,1200.0,1200.0,1200.0,1200.0
2025-05-31,20025.422822538872,0.0,-820.7304655990665,258.1348464165764,19462.82720335638,34359.108408430046,32506.04238542252,0.0,1853.0660230075277,0.0,120.74791743668192,22376.886446198492,10634.011502933565,8773.289196272852,2818.2484436560867,3709.813036385478,4142.19092891736,10800.0,2640.7596893264567,1200.0,1200.0,1200.0,1200.0
2025-06-01,45229.873085679596,449.3253527790074,-1263.9429118238363,22061.611989538265,66476.86751617304,73891.01409315961,71177.49219052645,344.0770273704176,3057.5989300035762,0.0,5151.865512307601,2854.365838888164,18667.627812314204,16417.46224836832,2640.7596893264567,9636.643728207187,6562.00632702263,10471.388203874987,1200.0,1200.0,1200.0,1200.0,1200.0
2025-06-02,52913.69322810734,0.0,-3945.725291076445,11710.552702789817,60678.52063982071,85105.45714161404,71554.59183644291,0.0,13550.865305171126,0.0,2743.3778909932116,1698.094491966714,20822.367991193554,16863.300205724143,1200.0,9623.128342346503,3903.4678695643024,10681.007312804335,1203.1309634918255,1200.0,1200.0,1200.0,1200.0
2025-06-03,49871.02405145179,57.6161479855144,-2106.1428301851224,8271.948986801197,56094.44635605338,80730.31243268281,73470.67083295794,46.78624037655629,7306.42784010143,0.0,1918.0780268882654,3444.7593357215255,19322.184043998415,15570.56135320707,1203.1309634918255,9973.969213774422,9408.917773972884,10787.62452347096,1292.4728773047675,1200.0,1200.0,1200.0,1200.0
2025-06-04,57608.47940822762,345.53176382857697,-4603.899462439644,4408.556821470178,57758.66853108673,91880.58067641058,76526.75785207313,315.2086880392054,15669.031512376663,0.0,1087.9408996914608,4251.190599594988,19678.327924039368,15960.080588536428,1292.4728773047675,9989.142336040893,2913.8910469969715,10738.194170716779,1269.545132788617,1200.0,1200.0,1200.0,1200.0
2025-06-05,49649.17165498169,794.6374137620487,-1123.2609715270476,4662.3299381585775,53982.87803537527,81317.1989315853,77528.62485159514,620.9972368725034,4409.571316862655,0.0,1041.6329692900426,3540.8609137542953,20223.557256955723,16343.478366491505,1269.545132788617,10092.46104909951,8529.920513505069,10752.495746348568,1311.3262568359817,1200.0,1200.0,1200.0,1200.0
2025-06-06,29673.05429822676,0.0,-865.3557124721908,78.4408741558065,28886.139459910377,51593.27142414192,48795.610323363224,0.0,2797.6611007787023,0.0,18.214250135033865,14855.927489185531,13043.658726972362,9940.757042659638,1311.3262568359817,10084.22953696256,10800.0,10800.0,2005.3335081559585,1200.0,1200.0,1200.0,1200.0
2025-06-07,27717.6265691476,75.30221590592056,-522.9421068677068,200.41193876358926,27470.398616949402,49014.090383221876,46749.87116762197,54.722111749956554,2318.9413273498717,0.0,84.43687634417938,13344.526600944158,12272.457048550998,9909.188772195677,2005.3335081559585,10012.040907398681,10626.460582513766,10800.0,2040.3351049677672,1200.0,1200.0,1200.0,1200.0
2025-06-08,46622.45982360152,2030.6736535141301,-605.1254183796234,756.0437691674792,48804.05182790351,75025.27670571435,74563.41245357154,1926.4278221427064,2388.2920742855267,0.0,200.5842934078027,6284.197509856856,18074.962357189586,14780.086386733765,2040.3351049677672,10110.948148148149,8484.475165629852,10761.77534392114,1885.483018956441,1200.0,1200.0,1200.0,1200.0
2025-06-09,58598.42741069083,0.0,-2946.5910309120895,923.2296545419972,56575.066034320735,91747.32418976363,83098.92985215446,0.0,8648.394337609181,0.0,278.6421903229092,8629.462305587665,20075.210781479764,16259.813777923391,1885.483018956441,10087.099074074074,8030.8952482551285,10800.0,1886.712969040016,1200.0,1200.0,1200.0,1200.0
2025-06-10,52315.07690172539,675.1660279156924,-147.45731622372884,1676.5748402838997,54519.36045370126,82999.64676850941,83149.61060638208,712.0284315664802,562.0645936938288,0.0,355.3747459030707,7729.7396530737515,20837.777265584442,16680.97579970639,1886.712969040016,10118.294444444427,6975.793044077526,10800.0,2106.294952836694,1200.0,1200.0,1200.0,1200.0
2025-06-11,56026.45877547751,2175.8790900561353,-245.43127210276924,1957.6264955373456,59914.53308896822,87249.61962841789,88706.23013400272,2007.1411228586521,550.5306172738153,0.0,426.8085921476045,8909.171920838562,21618.550692039273,17479.130203394183,2106.294952836694,10075.911574073156,5809.993501589532,10800.0,2141.734794122952,1200.0,1200.0,1200.0,1200.0
2025-06-12,55345.99499912212,1.5995738067431378e-12,-714.4638574780943,1261.3921796813888,55892.92332132542,86798.97421713515,84581.73492201802,7.958078640513122e-13,2217.239295117152,0.0,290.8451342057218,8522.205729095665,19758.79916847552,15860.816274680792,2141.734794122952,10053.164659802671,8470.253199505842,10800.0,2301.524851661149,1200.0,1200.0,1200.0,1200.0
2025-06-13,31737.86510245122,80.17316446459913,-322.5419477070559,0.0,31495.49631920876,52433.2102165707,51550.8140690217,120.59741947141868,1002.9935670204171,0.0,0.0,20216.65754537442,11999.261029018478,9010.418205371203,2301.524851661149,8171.961482027367,9056.580046437435,10800.0,3089.2839940319946,1200.0,1200.0,1200.0,1200.0
2025-06-14,27911.76210043701,0.0,-493.4717465603212,9.406667695633518,27427.69702157232,46338.80634892643,44844.52926573916,0.0,1494.2770831872629,0.0,4.428751269130657,17095.74890317554,10710.246097166091,9150.379733333335,3089.2839940319946,7305.570549077112,10800.0,10800.0,2561.416888888889,1200.0,1200.0,1200.0,1200.0
2025-06-15,46784.5602157548,3259.76829294179,-163.0600504097712,5038.74829877856,54920.01675706538,74388.7056486631,77933.65998647921,3950.722772954694,405.7684351385964,0.0,1086.3153035823266,5490.469520677133,19351.421958858693,16448.89052280763,2561.416888888889,10114.9,8091.0884371535085,10800.0,1701.1516265199075,1200.0,1200.0,1200.0,1200.0
2025-06-16,53445.08595052577,1867.0474911664733,-662.8053595215947,1194.1224690143665,55843.450551185015,84427.99457948684,84702.49288300468,1993.8477395258092,1719.3494360079717,0.0,286.5581805521924,7753.19089691086,21737.66133364867,17195.85398366933,1701.1516265199075,10027.914236824208,7379.685683139718,10800.0,2158.5424005044542,1200.0,1200.0,1200.0,1200.0
2025-06-17,53679.08047092405,1781.6460529304168,-582.4086631070734,2070.1722866097844,56948.49014735717,84928.74065185233,84517.30162220623,1559.5722110251804,1971.0112406712626,0.0,453.50210617647446,6843.747785738572,20114.20032936309,16624.155603385614,2158.5424005044542,10105.709259258418,8795.77398134888,10800.0,1790.038693169446,1200.0,1200.0,1200.0,1200.0
2025-06-18,53621.69085768124,583.5066937205272,-1188.6756111607574,1232.3249181804085,54248.84685842142,85440.0536887556,82270.64183407769,718.2150227119961,3887.6268773899037,0.0,329.6801162739093,7999.827114873485,19010.43812104698,15338.334185568869,1790.038693169446,10143.802536090718,8854.631401201208,10772.01153309474,1856.8394625907708,1200.0,1200.0,1200.0,1200.0
2025-06-19,49686.70284567356,2711.068909894114,-1827.2039184988976,2259.9740582654613,52830.54189533424,79620.31490218121,77056.72704380573,2477.456627194775,5041.044485570246,0.0,471.8691544993866,5635.107720000725,20694.907542443223,17060.923264138826,1856.8394625907708,10072.091131196843,7382.952077122637,10713.673345637671,1525.6748461909797,1200.0,1200.0,1200.0,1200.0
2025-06-20,27686.442234805665,0.0,-282.43248915506143,0.0,27404.009745650605,46545.45772256811,45578.57735758647,0.0,966.8803649816462,0.0,0.0,19746.040804053973,12117.48525320344,8685.52954967095,1525.6748461909797,7135.618557487028,10345.571777163452,10800.0,2780.823185550797,1200.0,1200.0,1200.0,1200.0
2025-06-21,24770.55600909973,0.0,-206.28593425776475,9.83057472578689,24574.100649567754,40942.56078546461,40238.81080291544,0.0,703.7499825491722,0.0,4.594800058792657,19061.330084820213,11033.59641934685,9186.261301192839,2780.823185550797,3747.45624200596,6627.472317067409,10800.0,2504.1029616375877,1200.0,1200.0,1200.0,1200.0
2025-06-22,45479.45097848436,1149.6468360186855,-733.0673795471248,6454.717498258248,52350.74793321417,74371.76171508903,72320.90241794009,931.2852506856657,2982.144547834624,0.0,1447.4658704240446,3840.0633321244886,18206.54865165998,15735.58479542034,2504.1029616375877,10147.471782597511,7768.017025655823,10780.701764185906,1406.0136421089826,1200.0,1200.0,1200.0,1200.0
2025-06-23,48971.794015427135,0.0,-763.4181809245911,2194.513845380274,50402.88967988282,78136.24253227485,75497.49998032764,0.0,2638.742551947211,0.0,612.5747317135313,5207.9611273791925,19309.12910058676,15468.301515924784,1406.0136421089826,10108.193055555555,8961.748858952524,10797.782935447318,1597.2281482761969,1200.0,1200.0,1200.0,1200.0
2025-06-24,56923.69335957947,0.0,-1615.5509820066395,1407.3186533848016,56715.46103095763,89703.05535789867,84643.97279595514,0.0,5059.082561943539,0.0,338.0225534836077,4717.0113158141785,21230.886856371715,17234.695072747156,1597.2281482761969,9921.35044394952,6381.648995804158,10783.746424928213,1555.3651270694604,1200.0,1200.0,1200.0,1200.0
2025-06-25,49502.48186293189,2620.3189636724505,-1228.308134372152,3242.7571523436377,54137.249844575825,80300.68564136134,78759.71461425908,2255.0886562869973,3796.0596833892478,0.0,738.5017773035272,5268.154419910795,20001.787659601145,16209.14705461599,1555.3651270694604,10126.12663169984,8916.657298870854,10800.0,1546.8106266927223,1200.0,1200.0,1200.0,1200.0
2025-06-26,48642.37678601632,454.7036297947059,-451.10971512868537,2392.205067157064,51038.175767839406,77416.63587812686,76339.10105557233,513.3852487028355,1590.9200712573534,0.0,574.3310639813817,5944.311553938887,18264.68055538566,14842.943823104162,1546.8106266927223,10106.175,8920.36504451983,10800.0,1492.8633230907515,1200.0,1200.0,1200.0,1200.0
2025-06-27,27020.909350757705,0.0,-1253.0551537675278,0.0,25767.854196990178,45405.151898565586,42099.700232685354,0.0,3305.4516658802427,0.0,0.0,19127.429379514513,12400.741239445802,9200.116252941636,1492.8633230907515,5933.595548316753,9066.649139681327,10800.0,2431.179046434604,1200.0,1200.0,1200.0,1200.0
2025-06-28,25606.314299676094,0.0,-316.82647165169834,100.87007005163478,25390.357898076032,42863.492784209135,41910.74887958099,0.0,952.7439046281443,0.0,45.725537929386995,17765.192585153192,11348.19998955826,8933.844273867733,2431.179046434604,5331.524471424009,9396.476000111006,10800.0,2718.065399406223,1200.0,1200.0,1200.0,1200.0
2025-06-29,45404.76338265787,2677.121739882017,-626.8385252454627,4987.462024065797,52442.50862136022,73944.02566646333,74350.1358453111,2379.9201631106707,1973.8099842628894,0.0,1255.4299454831644,3877.724538476105,18734.36811653211,16274.295397547281,2718.065399406223,10117.772222222222,7308.593468423565,10778.634444786114,1496.4462625659273,1200.0,1200.0,1200.0,1200.0
2025-06-30,51494.20371759445,49.604335104295515,-1468.2341769709137,2990.244987959394,53065.81886368723,82427.15906178078,78073.8796840432,33.3858081085981,4386.665185846168,0.0,777.0897503633264,5133.946796123893,19792.855190828144,15953.516535878844,1496.4462625659273,10084.588254818595,7209.364683571966,10797.466375187169,1583.886450001434,1200.0,1200.0,1200.0,1200.0
2025-07-01,44442.56961739075,1787.8809054735998,-53.09459872299009,35198.60781645114,81375.9637405925,72572.62809612218,73838.91686261358,1431.2865660099155,164.9977995185152,0.0,8525.538971003883,153.03791260204673,19423.008908859825,16078.135021177752,1583.886450001434,9220.358767144731,6423.672403065283,10100.173797425465,1200.0,1200.0,1200.0,1200.0,1200.0
2025-07-02,48518.000073680334,0.07612244999988482,-726.3618438338948,12762.341238575387,60554.05559087182,78323.444785954,76076.6124900578,0.03766666666660967,2246.869962562847,0.0,3204.3627039381604,2658.8406268233425,19565.09579213662,15847.727591630664,1200.0,9992.275136865153,8121.175469923819,10770.44375250438,1200.0,1200.0,1200.0,1200.0,1200.0
2025-07-03,56633.18457032983,424.7834431141755,-943.4759115808502,6131.766078133004,62246.25817999616,90084.36927627164,87276.14468651445,481.1405486985572,3289.365138455734,0.0,1377.4903722942538,4752.8133568312605,20257.33372435433,16116.930955710222,1200.0,9983.983753645245,8453.262328658457,10800.0,1523.8992900186515,1200.0,1200.0,1200.0,1200.0
2025-07-04,28271.982647752622,988.8890130309381,-8.385468791370595,694.955259432015,29947.441451424205,45965.96654184413,47155.714225458396,1205.6842799789233,15.936596364656793,0.0,321.13110243463586,15510.74864213648,12922.502126316722,9837.272907226836,1523.8992900186515,3689.3476387953483,8592.52014643069,10800.0,2223.847973451664,1200.0,1200.0,1200.0,1200.0
2025-07-05,26514.982464063916,0.0,-27.2920433421559,1844.8537424107417,28332.5441631325,43829.52719902956,43765.334977767605,0.0,64.19222126195996,0.0,700.8907435661952,13840.066577199308,12240.528252680582,10404.449075212764,2223.847973451664,3924.2901392417753,5835.383610188973,10783.411763544713,1679.8244284055618,1200.0,1200.0,1200.0,1200.0
2025-07-06,49995.32056416578,3083.8467167266426,-209.3464588745348,16794.70824245958,69664.52906447746,79537.15917372685,82651.9321700364,3698.810358804247,584.0373624947005,0.0,3907.6144542814227,3124.5715954351354,21401.641996310842,17760.64851742816,1679.8244284055618,10050.496823958447,7441.418555087563,10782.622599537011,1207.2483168318106,1200.0,1200.0,1200.0,1200.0
2025-07-07,55306.89092335688,150.63936596447473,-1018.9027770436506,3760.689954955362,58199.317467233064,87692.53315247926,84093.2988873019,118.03624220320683,3717.270507380563,0.0,801.6783711143323,7487.232593042073,18721.07741941185,14722.815520704347,1207.2483168318106,10077.734982042437,6799.461429650459,10800.0,1697.5340824087555,1200.0,1200.0,1200.0,1200.0
2025-07-08,63441.155716184745,600.8876847361263,-2105.017464985427,175.3417797430491,62112.36771567849,98816.19394986238,92392.38797617196,485.1555677032828,6908.961541393706,0.0,49.00909137293641,12585.045876876362,19067.39636180675,14782.432187804892,1697.5340824087555,10045.1875,7853.039033862941,10800.0,2433.266154918283,1200.0,1200.0,1200.0,1200.0
2025-07-09,62367.249253331276,46.494767306914184,-2125.6806389009416,70.0326101602195,60358.09599189747,97788.51152137133,91022.9910095778,35.02379256119366,6800.54430435472,0.0,14.350944704963013,13394.418653994893,18246.77404226859,14662.575758647374,2433.266154918283,10077.123148148004,8877.208114447252,10792.227681412061,2563.611950018484,1200.0,1200.0,1200.0,1200.0
2025-07-10,57630.47944276343,363.44535876503846,-925.355501375466,579.9558020879238,57648.52510224093,90068.6767532607,87206.99129747381,334.55565600485,3196.2411117917413,0.0,139.77443915136834,11196.574948756137,19084.9679858457,15788.400581309998,2563.611950018484,10067.50925925926,8078.520015881542,10800.0,2197.415824712951,1200.0,1200.0,1200.0,1200.0
2025-07-11,40760.60702231715,0.0,-952.1163235706518,0.0,39808.49069874649,67408.58702828248,63872.551654948846,0.0,3536.035373333628,0.0,0.0,27885.004213336753,12710.866141265446,9242.09584965336,2197.415824712951,9984.425851850763,10800.0,10800.0,3368.1999633481228,1200.0,1200.0,1200.0,1200.0
2025-07-12,31076.714954423765,932.9678305811449,-4.530976970577149,0.0,32005.151808034334,50022.11883760242,51276.2076758804,1262.7748437828986,8.686005504916068,0.0,0.0,19146.19713592163,10975.88102837863,9930.113821753193,3368.1999633481228,4515.940945111071,7612.672260833043,10800.0,2213.0330869408954,1200.0,1200.0,1200.0,1200.0
2025-07-13,57916.75953001937,0.0,-3790.024953737101,2774.5598566710673,56901.294432953335,89893.98152827942,78391.61355893429,0.0,11502.367969345125,0.0,632.8240570949395,6799.247459140557,18652.215338598282,15694.74558170961,2213.0330869408954,10064.354166666666,3574.946582237327,10635.179494758819,1561.4206897797812,1200.0,1200.0,1200.0,1200.0
2025-07-14,57538.767364044485,774.9374793552995,-1613.3195059302209,294.88285706451165,56995.268194534074,91366.33520116373,86030.63660983132,629.4686948432075,5965.167286175629,0.0,54.31912427601854,10244.704223690534,18373.416402907853,14340.844109157724,1561.4206897797812,10029.17268518507,9013.959403199648,10800.0,2163.2242199993775,1200.0,1200.0,1200.0,1200.0
2025-07-15,59932.02464128845,0.0,-2220.4449856575925,89.94670233515018,57801.52635796601,94297.16808356557,86896.72759580791,0.0,7400.440487757649,0.0,19.503060443054153,10402.636439131544,18305.69345925995,14541.149825473858,2163.2242199993775,10036.193055555555,8196.454749999375,10800.0,2481.515193917936,1200.0,1200.0,1200.0,1200.0
2025-07-16,55675.31684442035,9.651897596342645,-785.9639951420919,696.175141686785,55595.17988856138,86703.37731236455,84102.98440187093,9.61248640209402,2610.0053968957295,0.0,182.92357315936476,9121.051424401216,18062.750267946092,15032.45710065035,2481.515193917936,10004.76760353166,8507.706457671371,10800.0,2035.260323235702,1200.0,1200.0,1200.0,1200.0
2025-07-17,52956.35008198518,1794.2639423669355,-525.7850698601862,2057.315509144606,56282.14446363654,83804.2812652644,83330.91061639454,1645.7453890432428,2119.1160379131125,0.0,477.2166131184821,7598.322835669797,19281.261862697298,15791.87353552074,2035.260323235702,10019.576851851614,8214.53307613455,10800.0,1841.869849084679,1200.0,1200.0,1200.0,1200.0
2025-07-18,37331.86518988338,0.0,-1631.5140824461905,0.0,35700.351107437185,61497.57941144011,56847.09226049739,0.0,4650.487150942722,0.0,0.0,22566.538471418633,12394.197040111669,9387.891351032917,1841.869849084679,8542.846756492087,10104.593203824714,10800.0,2565.6567951486104,1200.0,1200.0,1200.0,1200.0
2025-07-19,36389.80803087013,0.0,-1629.815979775139,0.0,34759.992051094996,59343.77549431344,54732.97313478535,0.0,4610.802359528086,0.0,0.0,25737.383947276583,11014.55944571965,9201.789308210873,2565.6567951486104,8419.196762765454,7391.42105906175,10800.0,2254.549953839771,1200.0,1200.0,1200.0,1200.0
2025-07-20,55304.61616819485,2.7745489658177616,-2266.594166819802,1770.238845964055,54811.03539630492,88282.96714598167,80761.4583705028,2.1040829377149066,7523.61285841658,0.0,410.615747113245,6121.636016586937,18736.322395477255,15775.8625111148,2254.549953839771,10054.930313870522,7516.139612162957,10773.218138366281,1588.5039863084128,1200.0,1200.0,1200.0,1200.0
2025-07-21,55897.276611319016,1.6643753042444587e-12,-729.6894036198511,605.2941296187313,55772.8813373179,88490.6180801,85766.98420925946,1.1368683772161603e-12,2723.6338708405406,0.0,171.40816008922894,7978.67034393446,19855.529797199317,15885.557121785092,1588.5039863084128,10011.165867437394,7124.202588942355,10800.0,1807.861779582138,1200.0,1200.0,1200.0,1200.0
2025-07-22,51510.50951077507,3789.510883960947,-672.572520036235,3649.151504347155,58276.59937904694,81466.93710397647,82768.3843217343,4050.1060388754977,2748.6588211176672,0.0,928.6286220311686,6915.024353602082,17408.12591084048,14421.28193734377,1807.861779582138,9918.431288270847,9997.890686267758,10779.818587871776,1451.5285022899361,1200.0,1200.0,1200.0,1200.0
2025-07-23,59480.61986445526,0.0,-3313.916136079425,2505.4233116454297,58672.12704002126,93463.32393108153,83045.05133505735,0.0,10418.272596024179,0.0,539.8219731625941,5303.743573720592,20947.54554798786,16882.96293015518,1451.5285022899361,10031.021956961653,5251.507704175921,10800.0,1545.4717953065897,1200.0,1200.0,1200.0,1200.0
2025-07-24,58793.84524042146,0.0,-2752.8719353468596,980.7989492570377,57021.77225433164,92221.2237753272,83872.30590981268,0.0,8348.917865514517,0.0,252.46356513049494,6687.085940444509,19548.768632845553,15727.557098346879,1545.4717953065897,9981.111894953785,7105.545582738589,10786.524669201015,1664.3001222599437,1200.0,1200.0,1200.0,1200.0
2025-07-25,31163.841280961486,1917.4875705956974,-298.0808589914497,7.080928810874631,32790.32892137661,50414.444260652395,52403.24794834046,2716.305322212679,727.5016345246147,0.0,3.311940510231352,22768.033730537187,12544.32856785932,9411.121976212484,1664.3001222599437,4096.8733240575875,10295.827947154386,10800.0,2497.393637541685,1200.0,1200.0,1200.0,1200.0
2025-07-26,34354.27729982193,6.7057582782581446e-09,-543.2974072923564,29.699467459304167,33840.679359995585,57614.48104499309,55849.51591435566,4.95401764055714e-09,1764.9651306423866,0.0,13.567595915625475,25357.811465976636,11777.130855406356,9740.950377778378,2497.393637541685,9916.503193097242,10800.0,10800.0,2273.5332098758804,1200.0,1200.0,1200.0,1200.0
2025-07-27,53023.25606574311,448.6551808447905,-1254.1755043757278,3595.705546900829,55813.441289113005,84484.60898799138,80459.32845977067,374.06119945482743,4399.341727675537,0.0,880.3218779784622,4672.048063339572,19421.58587297954,16439.173398569976,2273.5332098758804,9919.71582189611,7945.7008195074295,10759.381331501156,1487.212274924158,1200.0,1200.0,1200.0,1200.0
2025-07-28,54401.777200523546,1197.221872196114,-605.6470824407581,3536.092166856159,58529.44415713506,86797.49433788874,86224.53167814325,1181.6339787937331,1754.596638539214,0.0,804.0806360128165,4941.316913317682,21292.245117688908,17159.826950183844,1487.212274924158,10042.373807833743,7059.611669033149,10742.97873677059,1583.7584917510112,1200.0,1200.0,1200.0,1200.0
2025-07-29,52634.58646201914,4512.412603069265,-602.380294300048,2264.2288841544196,58808.84765494278,84158.71567046747,86124.79365180945,4425.551988221663,2459.4740068796777,0.0,446.5410637377513,7069.286734241476,18535.371878134327,15102.569846828595,1583.7584917510112,10044.494260715184,9329.492397229315,10800.0,1484.9600189290197,1200.0,1200.0,1200.0,1200.0
2025-07-30,49348.71771331011,6094.776333330728,-286.40448345332254,1935.2832028412804,57092.37276602879,78697.35972005225,83300.71579647783,5877.850398067053,1274.4943216414772,0.0,482.72230476065516,6014.621848306972,18618.70142731914,14953.139224387638,1484.9600189290197,10122.796296271741,8807.803861528779,10740.090301151877,1627.1921653077648,1200.0,1200.0,1200.0,1200.0
2025-07-31,52732.33790967289,266.30468669379025,-398.2080459082151,3830.646038043324,56431.08058850179,84174.44955830328,83051.53840852037,224.5862942575086,1347.4974440404217,0.0,951.0422028580538,5715.143172795478,20370.43782597008,16777.996654053797,1627.1921653077648,10043.608333333334,7884.539925475332,10776.327586008189,1318.367704176621,1200.0,1200.0,1200.0,1200.0
2025-08-01,31070.538641359242,0.0,-381.7258510457576,133.24774428969673,30822.06053460318,49973.93371062093,49200.42870423026,0.0,773.5050063906724,0.0,62.751370688389784,24678.9995079544,12403.015266964248,9070.194366666667,1318.367704176621,3792.822533822545,2842.455644933657,10800.0,2403.0877037037053,1200.0,1200.0,1200.0,1200.0
2025-08-02,35763.28465235614,0.0,-1659.7917783148748,0.0,34103.492874041265,58960.120752479765,54185.279723494954,0.0,4774.841028984811,0.0,0.0,31125.985816114386,11516.424382716048,9384.155408668808,2403.0877037037053,9104.407671319255,7900.589263911847,10800.0,2341.0303051828078,1200.0,1200.0,1200.0,1200.0
2025-08-03,47398.95999232544,0.0,-1177.6658414071242,2730.62210081096,48951.91625172928,74811.31935594592,70354.13641416033,0.0,4457.182941785599,0.0,646.5144253660745,5846.1595765579,16956.935753053327,14641.92447341816,2341.0303051828078,10028.597725923015,7302.874983085922,10800.0,1333.467512466184,1200.0,1200.0,1200.0,1200.0
2025-08-04,50922.10364031277,16.98369609307318,-1977.3683123941182,3363.606039059209,52325.32506307094,79917.71079938117,74122.70085210797,25.547075952276145,5820.55702322547,0.0,900.7797704496822,5834.004562640658,18082.732265268623,14308.911288684963,1333.467512466184,10008.917129629617,7533.586373374874,10790.37830398812,1709.1362304468764,1200.0,1200.0,1200.0,1200.0
2025-08-05,49403.28368407608,265.7902285475841,-788.4991848323185,1787.4157039323145,50667.99043172366,77796.54190899382,75574.96547240819,380.2381316192283,2601.8145682048666,0.0,404.50559498946166,7429.327094356314,18059.768714956197,14661.934475248196,1709.1362304468764,10010.9625,7590.394521971739,10790.496023308784,1671.889768076129,1200.0,1200.0,1200.0,1200.0
2025-08-06,55006.67895142222,0.0,-2321.6966453732985,899.4806850947082,53584.46299114363,85027.94617778038,78304.98728713402,0.0,6722.958890646363,0.0,287.6202345440662,6904.430041183006,18488.015429905055,14914.237216076639,1671.889768076129,10061.320666688185,6351.135536483915,10739.932083297012,1739.7289704610807,1200.0,1200.0,1200.0,1200.0
2025-08-07,54163.08259677708,206.991512834786,-3981.0614390133296,1568.0194229378226,51957.032093536356,86473.0538680807,72131.820578223,148.95219468202242,14490.185484539707,0.0,507.0833396093377,6000.7372023015905,18327.22511536626,15077.04364983549,1739.7289704610807,9972.956396321368,6483.852742541507,10800.0,1481.9608522512767,1200.0,1200.0,1200.0,1200.0
2025-08-08,29682.798880454728,0.0,-270.1775819059272,12.762528025840519,29425.38382657464,48758.437178177795,48129.51885696438,0.0,628.9183212134161,0.0,6.064399156968648,28950.562411422532,13015.591501613806,9605.741906914993,1481.9608522512767,4547.948369296996,2972.054628556256,10800.0,2522.946640464825,1200.0,1200.0,1200.0,1200.0
2025-08-09,29640.47661054484,0.0,-188.56065951281977,58.04223411013334,29509.958185142154,47640.53697079356,47240.7216169422,0.0,399.8153538513542,0.0,19.55908287875374,25944.082193109327,11784.910625820976,9390.641119109347,2522.946640464825,4168.8971851253,5245.56624968164,10800.0,2695.320515804431,1200.0,1200.0,1200.0,1200.0
2025-08-10,51762.053217391134,0.0,-2200.5177290898123,457.81658122118324,50019.3520695225,80406.9355933643,73005.21877324095,0.0,7401.716820123347,0.0,144.799383832971,5466.123096397177,16373.827629327347,13994.551618650607,2695.320515804431,10039.783333333304,8105.110666514965,10800.0,1882.2635836983702,1200.0,1200.0,1200.0,1200.0
2025-08-11,49113.740168926204,414.22035946878736,-1103.1419462860904,2047.1019312799567,50471.92051338886,78616.3180553359,74684.12032622166,376.48908118843997,4308.686810302674,0.0,458.8372911512416,7550.626709898225,18550.270600008447,15519.193025867113,1882.2635836983702,10005.83021263475,7469.181800684617,10778.409814223749,1333.959317186962,1200.0,1200.0,1200.0,1200.0
2025-08-12,53049.94007464519,87.2509959465483,-2330.5195904120055,2085.337185263819,52892.00866544355,84760.76251782752,76380.06374220553,66.64974502564951,8447.348520647662,0.0,543.0926964227996,5684.677146636084,18073.363663858436,14595.428021866206,1333.959317186962,10017.766927990224,6977.2220976077615,10789.377831612388,1382.8443681415563,1200.0,1200.0,1200.0,1200.0
2025-08-13,48482.720898969594,0.0,-733.1596516511734,1611.1647326934744,49360.72598001189,77775.86915661486,74607.81085448104,0.0,3168.058302133813,0.0,388.92044086212456,5267.440177772807,18156.840967318247,14548.529299747883,1382.8443681415563,9959.423047633805,8318.095049278683,10774.292274060286,1558.9686834525544,1200.0,1200.0,1200.0,1200.0
2025-08-14,49477.10214120363,1208.4472772756185,-873.6703934702424,1752.0824526774747,51563.96147768648,77898.28151638825,76733.56204917295,1581.2966853828955,2746.016152598196,0.0,423.35517636151496,7553.106298618666,19735.246595061177,16057.726651478704,1558.9686834525544,9949.01408412958,7983.211789413091,10766.119137535605,1478.7721173646098,1200.0,1200.0,1200.0,1200.0
2025-08-15,31011.983379412413,0.0,-1212.738824916801,58.04337953016108,29857.287934025775,50559.74662194526,47432.34404025937,0.0,3127.402581685886,0.0,26.53722977717689,26987.585776175925,13178.755046835518,9867.186436308226,1478.7721173646098,5020.094720754546,3305.2238318656564,10793.539585442504,2376.11117472966,1200.0,1200.0,1200.0,1200.0
2025-08-16,30811.945226429823,48.59719684316243,-1021.4373859035027,151.64906066149996,29990.754098030982,48389.99646169162,46172.993323504,40.63990369891489,2257.643041886534,0.0,57.78788965211618,27225.36727403964,11822.691056433403,9746.55748398359,2376.11117472966,3161.9282819007253,1842.120063788409,10800.0,2187.024809982403,1200.0,1200.0,1200.0,1200.0
2025-08-17,48295.00678240632,174.78038505444925,-956.4073306682393,2741.976483590739,50255.356320383275,77026.63850439846,73068.73050275916,128.0188803330335,4085.9268819723357,0.0,600.2310997451815,7781.438198846225,17889.121179128415,15166.991392136957,2187.024809982403,10022.55710839352,9118.671385031019,10714.415805225564,1435.02121326803,1200.0,1200.0,1200.0,1200.0
2025-08-18,49406.000057078716,3.156195305109577e-10,-1172.6385100346733,2516.2397860155424,50749.6013330599,77791.92648576842,73845.56313842515,2.1316282072803006e-10,3946.3633473435066,0.0,588.0528210777607,6203.164974813068,19202.752591787706,15366.41722376454,1435.02121326803,9950.155146018658,8200.045559716917,10800.0,1643.7016305830352,1200.0,1200.0,1200.0,1200.0
2025-08-19,48652.60005097912,0.0,-773.5096701308158,2079.1388760300115,49958.229256878316,76671.92113713772,73561.74540977276,0.0,3110.17572736494,0.0,487.215672242217,6366.727747924963,17711.743628162854,14347.170344072827,1643.7016305830352,10040.313322716302,6631.2831097159815,10800.0,1642.9705136264631,1200.0,1200.0,1200.0,1200.0
2025-08-20,52644.75251790074,46.416354576042146,-1567.8106907098695,3709.635882908773,54832.99406467569,84190.82138695408,78030.00675686507,41.51522638888923,6202.329856477922,0.0,797.9298763320999,4450.281683339758,20176.31962147112,16449.35573828039,1642.9705136264631,9960.372828408119,4558.3356031742205,10720.098365608736,1524.596241527819,1200.0,1200.0,1200.0,1200.0
2025-08-21,50276.33683857063,4.836370955167421,-1601.5972184376892,1363.777841362544,50043.35383245065,79870.51790905808,73660.82008264217,3.7847720430155505,6213.4825984589215,0.0,332.984437413194,4574.461458919189,18032.666295421768,14457.74171761892,1524.596241527819,10033.994907407237,7182.641522026431,10800.0,1689.8384433863869,1200.0,1200.0,1200.0,1200.0
2025-08-22,29861.532217779877,0.0,-230.73454444716324,160.9654413019268,29791.76311463464,48072.89584470399,47609.698984933886,0.0,463.1968597701063,0.0,75.2659757220141,23522.268409690154,12729.953355085081,9797.826204119337,1689.8384433863869,3453.4340442451453,2607.214590738994,10800.0,2260.322902830366,1200.0,1200.0,1200.0,1200.0
2025-08-23,28055.538335980695,165.44896405028925,0.0,0.4969639142761772,28221.48426394526,45995.161235560285,46131.657939603916,136.49670404363002,0.0,0.0,0.2327154831543794,21149.85062478085,12037.483832246093,9585.449951939878,2260.322902830366,4544.505479158211,3841.020561499844,10800.0,2443.55840525199,1200.0,1200.0,1200.0,1200.0
2025-08-24,47809.88172166153,672.9092496388588,-173.67801135104742,1602.9703622504621,49912.083322199804,73348.15003375924,73601.70105048723,859.0028551736732,605.4518384456908,0.0,405.8017680535678,7169.830405351175,19092.538873352813,15988.455943496525,2443.55840525199,9245.01747608583,4672.4215728908885,10800.0,1861.8923429400502,1200.0,1200.0,1200.0,1200.0
2025-08-25,61479.77681316735,0.0,-4880.136214537346,770.0426442175205,57369.683242847525,96117.4579140229,80007.93292062933,0.0,16109.524993393576,0.0,261.7564780904848,5960.5385946572105,19422.214421649314,15886.150634253378,1861.8923429400502,9974.812499999975,4434.346864760073,10800.0,1690.6068399206813,1200.0,1200.0,1200.0,1200.0
2025-08-26,49033.649515619065,1045.7137700983503,-609.9310942629354,707.8508780619348,50177.283069516416,75879.62212581649,75280.08358335763,1468.0022670268145,2067.5408094856884,0.0,195.2228135905869,6246.210601058903,19137.51766673522,15437.240254179249,1690.6068399206813,10005.436355359732,8163.002927807367,10800.0,1761.8835686721059,1200.0,1200.0,1200.0,1200.0
2025-08-27,49197.20561840455,3085.797306728478,-355.6005677112676,1418.5958088947195,53345.99816631648,77135.04526812548,78780.91338877441,3226.3497161714463,1580.4815955225258,0.0,317.8125116293497,7654.810120013439,18927.785124104113,15398.018210380455,1761.8835686721059,9961.384515380321,9217.865494530057,10800.0,1687.9810577208636,1200.0,1200.0,1200.0,1200.0
2025-08-28,47440.76509666635,3383.7624818411823,-225.98137053347813,5231.039883774597,55829.58609174865,75867.98999722884,78008.91327346937,3141.0553646296535,1000.1320883891121,0.0,1179.7619562730788,4740.941897380806,19559.052380527915,15879.1140314996,1687.9810577208636,9983.55927141395,7606.72269589347,10742.047343831091,1647.6681651964354,1200.0,1200.0,1200.0,1200.0
2025-08-29,32403.176778285368,0.0,-910.0793231376456,0.0,31493.097455147723,52595.055055910576,50132.09672416159,0.0,2462.9583317489883,0.0,0.0,24201.196389265482,14008.519878176796,10632.839893280689,1647.6681651964354,6027.4208746252,3539.0256338844597,10800.0,2441.0695074659025,1200.0,1200.0,1200.0,1200.0
2025-08-30,30379.515778294986,0.0,-764.6166137733051,68.58165477720846,29683.48081929889,48456.38623965217,46449.882499290645,0.0,2006.5037403615206,0.0,32.31262969770444,25791.645261627382,11758.43425096381,9580.604216936174,2441.0695074659025,4305.669985825613,5382.95724215872,10800.0,2378.5445367375855,1200.0,1200.0,1200.0,1200.0
2025-08-31,48110.470429445755,2404.247089215889,-754.156978830431,2563.002060500143,52323.56260033136,74408.09542705369,75457.04313945581,3369.0169341441215,2320.0692217420046,0.0,626.8104551919457,6659.055108555452,18898.680151979177,16120.504749220217,2378.5445367375855,9511.946100535462,7065.071439367221,10800.0,1475.684729940828,1200.0,1200.0,1200.0,1200.0
2025-09-01,54222.271301736386,0.0,-3151.161036016676,0.0,51071.11026571971,86170.05375386174,74892.71449621004,0.0,11277.339257651678,0.0,0.0,16443.37916475397,17743.49824245257,12868.297444329812,1475.684729940828,10019.870370369285,5260.68842185615,10800.0,3146.7248766705798,1200.0,1200.0,1200.0,1200.0
2025-09-02,44421.66519508041,850.217682382479,-496.7238526729593,894.6002166880921,45669.75924147802,70577.53516297799,69516.07295859451,1118.0834688712393,2179.5456732547204,0.0,208.38860341726308,12967.053626861984,17643.593709614517,14943.941624464736,3146.7248766705798,9981.467465904554,8106.682451000182,10800.0,2421.5796325850483,1200.0,1200.0,1200.0,1200.0
2025-09-03,46702.03454398493,2.4156489075138503,-1573.249391968122,65.86121545869183,45197.06201638302,74401.36504649252,68428.38857745344,1.1959250000118118,5974.172394039071,0.0,22.136610599734173,9786.876178892799,16650.279326241034,13534.347567080651,2421.5796325850483,9973.114351851851,6431.05293162889,10800.0,2368.6670627790327,1200.0,1200.0,1200.0,1200.0
2025-09-04,45597.61806022376,0.0,-1574.4316650634419,262.2653608356495,44285.451755995964,71548.62350046019,66329.1476492948,0.0,5219.475851165392,0.0,65.8106615339837,9387.94414221036,18045.83424406015,14964.385625441724,2368.6670627790327,9978.721606704084,6905.641824743668,10800.0,1982.8227430534778,1200.0,1200.0,1200.0,1200.0
2025-09-05,26796.179232975323,0.0,-657.6863983271447,0.0,26138.49283464818,43820.215100611545,42373.025764057515,0.0,1447.1893365540334,0.0,0.0,31954.40851634943,12710.512631175148,9116.157050133736,1982.8227430534778,4390.120671582159,2693.990633535502,10800.0,3293.220722073626,1200.0,1200.0,1200.0,1200.0
2025-09-06,25947.572823306968,0.0,-213.49074561312338,0.0,25734.082077693845,42235.739885287985,41775.58192166809,0.0,460.15796361989703,0.0,0.0,31506.205149821177,11531.455432263872,8983.162360416958,3293.220722073626,4293.5040970240025,2604.121696643483,10800.0,3690.239099536713,1200.0,1200.0,1200.0,1200.0
2025-09-07,40600.899309633474,2924.7219836976155,-478.175052571394,1844.62347584998,44892.06971660967,63611.553338045465,65372.62036479345,3894.0482549543594,2132.9812282063785,0.0,400.65664635148164,9006.921340668665,16541.712992025303,14736.3409382157,3690.239099536713,9975.607407407408,8982.864510451953,10799.999999999998,2204.0686387864866,1200.0,1200.0,1200.0,1200.0
2025-09-08,40731.39104472897,321.47347783870106,-1039.8776964033436,6921.846364910109,46934.83319107443,66804.27659770174,62907.02898321154,302.16817089710423,4199.4157853873,0.0,1882.0366751064164,2609.322286970456,18540.703117363442,15756.529279349283,2204.0686387864866,9863.032787139116,6856.030467780487,10789.564843974595,1383.4466895810535,1200.0,1200.0,1200.0,1200.0
2025-09-09,37305.02692248845,360.84977495536623,-222.2653740054523,6901.978077669355,44345.58940110772,60071.211666020194,59526.48122351138,407.8870800507399,952.6175225595538,0.0,1602.5892544470046,4361.007308118402,19487.0490109224,15821.82010774909,1383.4466895810535,9247.545816591513,7540.483866014851,10792.26312053312,1341.9906796900025,1200.0,1200.0,1200.0,1200.0
2025-09-10,44466.98395210227,1646.1126069476104,-1516.701697430201,4161.204343849545,48757.599205469225,72954.60310255415,68056.06496769187,1333.9183473737605,6232.456482236032,0.0,811.5958880070211,3728.745027061249,20464.36093677317,16641.443758135523,1341.9906796900025,9760.213285125006,4167.695631793663,10395.915429111974,1269.4224581908302,1200.0,1200.0,1200.0,1200.0
2025-09-11,44947.54897631025,0.0,-2666.9385807525136,4209.590905268904,46490.201300826644,72314.05144955817,63153.741413103206,0.0,9160.310036454965,0.0,904.3264950575658,6622.384647692914,19848.645289948607,15909.047812814088,1269.4224581908302,9868.636431763505,3231.1234064541522,10661.196449771973,1456.4834271289221,1200.0,1200.0,1200.0,1200.0
2025-09-12,23799.976636935513,0.0,-20.590997838332907,0.0,23779.38563909718,40431.867653483496,40387.03670420496,0.0,44.830949278534575,0.0,0.0,24948.903882557795,14082.52884639996,10196.052224752792,1456.4834271289221,5484.663548059909,3138.670028546294,10800.0,2801.8124724968984,1200.0,1200.0,1200.0,1200.0
2025-09-13,21623.087212209015,20.274235647650155,-29.583790547764707,0.0,21613.7776573089,36924.31696990748,36888.09000605951,16.35402676633229,52.58099061430619,0.0,0.0,26630.938670866533,12448.707520270931,10198.657668411292,2801.8124724968984,4994.519444610237,4546.807718926051,10800.0,2673.807386950414,1200.0,1200.0,1200.0,1200.0
2025-09-14,44628.55862159497,0.0,-2322.6800916806974,5389.853231183297,47695.73176109757,71471.60563991328,64474.95967621799,0.0,6996.6459636952895,0.0,1380.2720918631367,3544.6453827787946,17991.022184221292,15779.760548918961,2673.807386950414,9934.578033739564,7460.763470134679,10795.96636816254,1332.660076172961,1200.0,1200.0,1200.0,1200.0
2025-09-15,39533.28325128161,504.0516502596031,-174.4304009142232,3695.9790487539185,43558.88354938091,62742.46244745812,62978.559842978364,733.0682072354398,496.9708117152029,0.0,817.8251139349525,4755.471341177232,20799.619513688805,16825.736531286057,1332.660076172961,9891.647685185186,7715.725952609823,10796.45691009727,1357.0548259528266,1200.0,1200.0,1200.0,1200.0
2025-09-16,47837.237349702635,0.0,-2822.7087096848527,2607.9185524681598,47622.44719248594,77300.56915184118,67854.4138727111,0.0,9446.155279130087,0.0,597.5259703955539,5162.655735519101,19458.173042551607,15660.658918297393,1357.0548259528266,9875.228664361253,6790.7231555063945,10772.312918980619,1468.6784328077283,1200.0,1200.0,1200.0,1200.0
2025-09-17,46537.62143654497,1.2663202894971342,-1967.3397594293283,1189.0787447501702,45760.62674215531,73838.77031931479,67903.11165085624,1.223675208481552,5936.882343667051,0.0,295.27393249022106,4253.39673793709,20242.079982867326,16257.209537457962,1468.6784328077283,9887.660981679704,5395.486931569041,10800.0,1622.9842646572517,1200.0,1200.0,1200.0,1200.0
2025-09-18,41428.10051360092,5285.0746477431185,-494.618777400161,1176.14896243265,47394.705346376526,65725.50119088976,69639.82645803786,5782.360690880085,1868.035423731983,0.0,240.6978598662397,7688.743078066623,18093.33295062078,14857.60282744997,1622.9842646572517,9911.150462962334,9346.296195720492,10800.0,1398.5363341604364,1200.0,1200.0,1200.0,1200.0
2025-09-19,25518.764941284848,0.0,-232.63880626704318,0.0,25286.126135017803,42583.84871546597,42058.288776228714,0.0,525.5599392372494,0.0,0.0,21729.96599422372,14307.591912661246,10080.62144732292,1398.5363341604364,5433.6902933546435,6242.177260498931,10800.0,3074.6785585300913,1200.0,1200.0,1200.0,1200.0
2025-09-20,22844.26671605137,0.0,-226.43422153083208,76.09442006610462,22693.926914586642,38423.857693756174,37925.71193799177,0.0,498.14575576440313,0.0,23.218370042564857,20348.569096083156,12834.891889699076,10879.96441108123,3074.6785585300913,5455.351256170459,6913.419468197128,10800.0,2537.231913613451,1200.0,1200.0,1200.0,1200.0
2025-09-21,41830.86740803641,129.37134342120146,-579.5028539223737,4636.787719409373,46017.52361694461,67652.75575214342,65244.500324935245,83.13032494497915,2491.3857521531645,0.0,1028.8012172978592,5811.750857057359,17489.05128469804,15314.988082855623,2537.231913613451,9909.4664437781,8438.614237175436,10602.984338481523,1260.7246444465543,1200.0,1200.0,1200.0,1200.0
2025-09-22,50161.831559508806,0.0,-3277.0388902221794,1115.8490724439941,48000.64174173062,79703.01771753278,68851.23543328821,0.0,10851.782284244548,0.0,291.3286533390951,4375.650449239654,20161.229374921837,16008.335620867512,1260.7246444465543,9941.164323324236,5073.442778398326,10800.0,1618.7915031345296,1200.0,1200.0,1200.0,1200.0
2025-09-23,48245.76486340525,0.0,-1646.0838474030318,841.3886894973905,47441.06970549961,76971.78410952515,71189.3135502202,0.0,5782.470559304931,0.0,196.2124659246436,5530.251617452554,19931.143617828006,16192.484802469042,1618.7915031345296,9911.417098403626,7477.610964537549,10800.0,1565.170978658583,1200.0,1200.0,1200.0,1200.0
2025-09-24,41697.16161798552,2458.1695112215934,-179.13052727961883,1702.7655610336071,45678.9661629611,66037.39295407891,68229.79075941214,2955.735681522937,763.3378761897168,0.0,472.62541561693365,3892.519369295049,19454.504728351843,15707.833022617835,1565.170978658583,9943.120720934374,7628.89306677936,10721.906369990002,1621.0774312665412,1200.0,1200.0,1200.0,1200.0
2025-09-25,46347.02079987954,499.81091747934227,-1167.595457204549,2399.2600745777813,48078.49633473211,74644.68593842922,70080.5880397873,472.9645790892764,5037.0624777312,0.0,564.910526356899,6618.265416904795,18881.007050931992,15189.222801692591,1621.0774312665412,9886.886139344702,8496.953373976343,10785.497884055125,1737.0695530024454,1200.0,1200.0,1200.0,1200.0
2025-09-26,28216.917778943643,0.0,-954.5036841114488,0.0,27262.414094832195,48725.983025986745,45846.43474298529,0.0,2879.5482830014566,0.0,0.0,24472.178258887358,14265.059632466418,10585.046648368481,1737.0695530024454,9839.1065,7893.928604722893,10800.0,2814.4602795905803,1200.0,1200.0,1200.0,1200.0
2025-09-27,22690.898907533523,484.53078551946044,-0.8919379531782575,86.29347153674577,23260.83122663655,38612.452200133965,39020.519316378704,409.51589063469885,1.4487743899589987,0.0,31.756766850127974,19007.169060316228,13401.588907450801,11157.784134538193,2814.4602795905803,5884.286343836303,8316.512907413593,10800.0,2478.352369031638,1200.0,1200.0,1200.0,1200.0
2025-09-28,42793.62509151727,2187.905835469778,-421.3020521411449,5113.791616847513,49674.020491693416,68597.05243664405,69241.45528630188,2320.168522231898,1675.7656725740658,0.0,1244.4491479734083,4496.803136453326,18370.337469797923,15868.865338642627,2478.352369031638,9868.812096159056,8140.215283587789,10794.310635802469,1379.583493357964,1200.0,1200.0,1200.0,1200.0
2025-09-29,49438.466408943845,264.3241937838186,-2218.466510228475,2618.2657364132842,50102.589828912474,79032.76630611064,70882.29063351583,244.1681158226582,8394.643788417463,0.0,567.5836691383006,4526.869464222103,20869.149312823865,16706.036074391828,1379.583493357964,9897.261894531095,3593.5966946347007,10785.27045857662,1599.5555700196398,1200.0,1200.0,1200.0,1200.0
2025-09-30,48546.699665772,416.62498317886116,-717.3372987133976,1951.1321703787144,50197.11952061618,76764.53720727995,74601.61333874366,341.364262912363,2504.288131448652,0.0,453.4943399786668,5625.80610155794,21107.526524570392,17100.39971407267,1599.5555700196398,9917.605492948976,5553.555616739729,10800.0,1595.885315385584,1200.0,1200.0,1200.0,1200.0
2025-10-01,45165.565725607,50.75192359388268,-1966.4251738990308,107.20273118712686,43357.09520648898,73492.2891110192,65689.18222278387,39.81449594006597,7842.921384175386,0.0,47.49860316937804,11555.719904976428,19650.858621591935,15131.419233948443,1595.885315385584,9885.319811523208,7762.930321050465,10790.858636158613,2468.9700370978344,1200.0,1200.0,1200.0,1200.0
2025-10-02,49240.876104059585,0.0,-4690.748519297014,451.5546915659071,45001.68227632848,78636.77197481331,63314.0022895539,0.0,15322.769685259405,0.0,149.54386602312093,8341.575354276216,18571.54778404106,15180.360099406924,2468.9700370978344,9856.111657865773,5115.847387440148,10800.0,2316.2962656159866,1200.0,1200.0,1200.0,1200.0
2025-10-03,21391.476159187325,244.78747671294255,0.0,0.0,21636.263635900268,37449.22887986299,37640.730761494095,191.50188163110056,0.0,0.0,0.0,26088.189010470254,13702.712400344379,9967.324349320534,2316.2962656159866,5503.492967798438,2799.9771358024404,10800.0,3573.9325933475543,1200.0,1200.0,1200.0,1200.0
2025-10-04,24452.854199153124,0.0,-248.85784271304408,7.029260433998613,24211.025616874078,42942.95375910014,41992.410365634525,0.0,950.5433934656156,0.0,3.198753326051701,26408.24648131163,12951.263044428644,10459.88284011303,3573.9325933475543,9747.840055555554,8139.184523674622,10800.0,3607.9772887632976,1200.0,1200.0,1200.0,1200.0
2025-10-05,45183.83771198351,313.5877997915495,-2996.0698199564986,706.2507626839486,43207.606454502515,72442.09276682365,62318.295332818634,268.0206331348071,10391.818067139833,0.0,300.3108098743412,5780.8483561067405,17675.991762661644,15574.195042742076,3607.9772887632976,9921.63196373398,4934.404433228068,10800.0,2211.7087165564753,1200.0,1200.0,1200.0,1200.0
2025-10-06,41129.646602051755,1684.0299441008874,-540.7614115533098,851.6320420746442,43124.54717667398,66169.45433104772,65926.81806944154,2051.160411519507,2293.7966731256874,0.0,206.47399247918304,4850.771400532247,19646.677826371786,16097.266414983309,2211.7087165564753,9957.555418115708,7751.152190870058,10755.687428823368,2007.8671880873997,1200.0,1200.0,1200.0,1200.0
2025-10-07,43822.78183414268,962.8159473647277,-1103.6978120486149,466.61076915068503,44148.51073860948,71704.7211122507,67976.36414284422,808.004618270432,4536.361587676913,0.0,132.75399980600213,6490.147494834793,19740.235471309497,15892.827823494054,2007.8671880873997,9903.483740719777,6584.347295484658,10704.205282017678,2115.381530605882,1200.0,1200.0,1200.0,1200.0
2025-10-08,40219.15893891759,0.0,-1267.982909566938,4015.0264123071474,42966.202441657806,67530.9910765982,62390.5394307999,0.0,5140.451645798312,0.0,743.520303568188,3639.7927627362224,19708.711446854148,16692.940141888947,2115.381530605882,9891.374388294213,6327.646809698762,10793.98188888889,1305.5105640091174,1200.0,1200.0,1200.0,1200.0
2025-10-09,46571.29396339307,0.0,-3555.606676348388,2086.23742593354,45101.92471297822,76406.03915350513,64130.22674127172,0.0,12275.812412233425,0.0,443.553573679168,4886.737915489394,20621.215914174943,16694.155198046785,1305.5105640091174,9971.582979636949,2956.145986985243,10789.610528963178,1315.5435556034681,1200.0,1200.0,1200.0,1200.0
2025-10-10,21275.751253612667,0.0,-310.4896522451877,13.763385250013291,20979.024986617493,38458.82908507552,37703.95602149756,0.0,754.8730635779627,0.0,6.437504794206404,24124.47769981388,15502.722139864456,11260.417230053237,1315.5435556034681,6521.598418494586,5272.435626606949,10692.020466607513,2756.4187814223287,1200.0,1200.0,1200.0,1200.0
2025-10-11,20794.298350437482,0.0,-14.33385173801749,15.102707473269446,20795.067206172735,37824.23892178772,37792.58072787641,0.0,31.658193911310576,0.0,7.072211413378341,21379.38528466966,14098.441703769426,11784.487632482627,2756.4187814223287,7389.881989693991,5185.0113374148505,10614.396593537822,2351.141167611896,1200.0,1200.0,1200.0,1200.0
2025-10-12,40184.742287379246,47.933393834110994,-954.5552048831624,6500.974597553353,45779.095073883545,66678.5031702764,63403.21420822049,41.17675416567755,3316.4657162215954,0.0,1370.9318647945931,3468.2452217746195,19611.088390024106,16820.14352211698,2351.141167611896,9911.979917735931,7666.616405081443,10717.443595235534,1312.072360725835,1200.0,1200.0,1200.0,1200.0
2025-10-13,43658.38035123286,639.4120102890339,-2221.2466940901604,2590.406918224623,44666.952585656356,71999.9577473455,64042.78329086869,355.48933435099667,8312.663790827814,0.0,541.3728086270447,3695.6467497585486,20135.85290307157,16274.73885333439,1312.072360725835,9899.108518553068,4773.003025789694,10371.155104990596,1351.2968031187029,1200.0,1200.0,1200.0,1200.0
2025-10-14,45434.78985687932,828.0351156837426,-1630.4422721721985,1264.1333163543873,45896.51601674525,74288.74606136451,68489.12334510018,764.8931833945246,6564.5158996588725,0.0,384.39082831237425,4167.558640523352,20572.16957074882,16640.04332119296,1351.2968031187029,9936.353956049004,3386.1556839899536,10789.669557915233,1377.3123932449116,1200.0,1200.0,1200.0,1200.0
2025-10-15,47312.85872843767,0.0,-2173.684719466039,849.929157129979,45989.10316610161,76839.53086197768,69503.07122906002,0.0,7336.459632917662,0.0,237.07876527793815,3752.2971906343823,20675.142364223513,16607.31321051994,1377.3123932449116,9868.62855393464,5590.430635548218,10800.0,1532.370287135032,1200.0,1200.0,1200.0,1200.0
2025-10-16,45004.5575640322,223.2417805166756,-591.5102457458966,1612.2262022518812,46248.51530105486,72923.54721208935,71009.78054964716,176.29454356524963,2090.0612060074463,0.0,447.63853987423136,4552.374382455247,21000.100079215776,17061.528322149636,1532.370287135032,9907.074647666614,7377.809614772842,10789.777156959,1475.2066671518578,1200.0,1200.0,1200.0,1200.0
2025-10-17,20187.703752278674,1418.2089281866442,0.0,0.0,21605.912680465317,36860.53318192583,37978.97252534255,1118.4393434167182,0.0,0.0,0.0,17918.92798430401,15468.976007691352,11413.130783319477,1475.2066671518578,6155.23421350824,5629.225017333205,10768.10083334873,2716.0286481635458,1200.0,1200.0,1200.0,1200.0
2025-10-18,22403.358265581257,66.439390347776,-594.9799504332143,4.094271996531092,21878.91197749235,38725.33774188314,37279.6339781463,64.20195230978015,1509.905716046619,0.0,1.8631499415386088,18228.45498446026,13988.845346925546,11012.396469964631,2716.0286481635458,5824.479802253633,7736.5057165764865,10800.0,3069.993382658062,1200.0,1200.0,1200.0,1200.0
2025-10-19,44995.79666303961,0.0,-1140.0636714876232,3208.8916949078807,47064.624686459865,72205.50474041564,68266.61828630668,0.0,3938.8864541089706,0.0,720.8539301465643,2818.2194207397033,19617.486862878963,17333.956600498757,3069.993382658062,9877.967507651583,7262.776858485265,10736.509889723413,1465.7797809171798,1200.0,1200.0,1200.0,1200.0
2025-10-20,50646.923600267735,0.0,-2420.2660969829867,536.1440696666377,48762.801572951386,80476.75225049414,73599.31380785431,0.0,6877.438442639832,0.0,198.04631937746,5372.368823640982,20856.56275409217,16872.35381716804,1465.7797809171798,9924.192271867016,7611.3002483608325,10800.0,1489.62646274676,1200.0,1200.0,1200.0,1200.0
2025-10-21,47700.67920330481,524.8438487995081,-705.8186777185655,1001.2508711799339,48520.95524556569,76866.79464047495,75647.38373759708,717.581761041089,1936.9926639189562,0.0,290.5609195280016,5217.097570221655,21632.356911835363,17374.091174931935,1489.62646274676,9891.43313388407,7285.82034070814,10790.98728092407,1654.2019334742122,1200.0,1200.0,1200.0,1200.0
2025-10-22,45837.56387060182,393.7061120122937,-66.88002315692988,817.200882720746,46981.59084217793,73659.68453226754,73885.0247326299,455.69333937541,230.3531390130447,0.0,187.59913905775778,4659.33125471007,20682.044140335558,16823.648223357974,1654.2019334742122,9846.345965567969,7155.51837691343,10798.105136534406,1575.099189378464,1200.0,1200.0,1200.0,1200.0
2025-10-23,52212.634282024104,714.956125421728,-4074.4702519314897,1485.7287540953303,50338.848909609675,83826.96212610346,71420.96725952785,566.4144585319591,12972.409325107561,0.0,392.85307231010086,4544.029901260654,20792.482311460983,16902.188914217,1575.099189378464,10645.049069618235,6389.088351164595,10757.62298755279,1508.123365007793,1200.0,1200.0,1200.0,1200.0
2025-10-24,21778.823174833076,291.6090166690155,0.0,22.619865499223046,22093.052057001314,39422.43244986137,39668.127001296074,245.6945514347081,0.0,0.0,6.557433106022046,17287.980271014105,16340.46015027197,12373.806703550646,1508.123365007793,7278.997322275858,7410.473044085938,10645.421088899999,2465.863385196294,1200.0,1200.0,1200.0,1200.0
2025-10-25,22840.65463345193,0.0,-153.2769458612977,0.0,22687.377687590633,41357.33620709977,40697.13792578733,0.0,660.1982813124368,0.0,0.0,18415.170389307368,14761.772988813118,11878.238185666487,2465.863385196294,8800.948295924487,7015.35973624414,10665.368868832002,2553.4166466097813,1200.0,1200.0,1200.0,1200.0
2025-10-26,48239.894535386025,1073.4362474719865,-2469.7408014793346,1292.3320359215668,48135.92201730025,77485.85020433915,69945.11605582436,984.881695440522,8525.615843955322,0.0,277.06826752576615,2696.072721231403,19704.400677257552,16722.601091805504,2553.4166466097813,9885.800830298598,5042.730835635713,10800.0,1706.7093763576895,1200.0,1200.0,1200.0,1200.0
2025-10-27,45303.64834619059,2734.010047799996,-511.2124814351703,892.3153733500542,48418.761285905464,72879.8658439157,73279.26675800575,2604.0150830940493,2204.6141690040045,0.0,227.43188208088665,6406.730409464442,19863.19085889979,16315.804294944268,1706.7093763576895,9858.15528953855,8836.254050718691,10771.724158459652,1454.9097105405417,1200.0,1200.0,1200.0,1200.0
2025-10-28,45604.21161064359,1593.954917693031,-314.4434031724214,696.6553996349999,47580.378524799205,73339.99904449993,73651.17478858415,1581.7097646624654,1270.5340205782368,0.0,166.9049074771175,4034.626757029451,20160.869207930064,16349.837968898239,1454.9097105405417,9866.888316441502,8728.625769256756,10753.468016635174,1433.2053655684463,1200.0,1200.0,1200.0,1200.0
2025-10-29,50997.78152478217,0.0,-1377.5246978890914,551.3531878204661,50171.610014713544,81789.7452811084,77569.77767764054,0.0,4219.967603467855,0.0,172.22982763171171,4359.880648017458,21690.91923540296,17621.049178148172,1433.2053655684463,9941.725898583407,7308.74726410539,10794.837633387097,1376.0891461553624,1200.0,1200.0,1200.0,1200.0
2025-10-30,45286.09144956024,776.8026344831774,-647.9967239758053,1293.3427768458528,46708.24013691347,73066.69493218674,71496.8947430323,655.2376556671938,2225.037844821636,0.0,339.4452252786755,2843.5747007605564,21530.59300715057,17325.64538960015,1376.0891461553624,9890.758584141095,7374.032773073747,10740.67048694657,1502.905753035159,1200.0,1200.0,1200.0,1200.0
2025-10-31,25538.528386897357,0.0,-933.5688661450644,0.0,24604.95952075229,45535.78658450252,42795.73093275228,0.0,2740.0556517502437,0.0,0.0,14875.374751924113,16548.286735310725,12532.222621149227,1502.905753035159,9437.952635974892,9125.38270551794,10577.388013537897,2471.6720135378973,1200.0,1200.0,1200.0,1200.0
2025-11-01,22335.423325724358,0.0,-78.59625288947602,97.49579165478612,22354.322864489666,39564.10086519674,39356.29001997797,0.0,207.8108452187646,0.0,44.675292446954074,13641.007615912255,15360.196589896164,12144.277326716823,2471.6720135378973,7268.226423441382,7083.92203191785,10611.691803647975,2802.207470314644,1200.0,1200.0,1200.0,1200.0
2025-11-02,46926.07189736898,3697.0624419976666,-911.0006825389564,2813.462999173692,52525.596656001384,74559.8371824675,75243.39832026666,3393.2842814606183,2709.723143661457,0.0,649.4567789497664,5001.097356231329,18316.13735328944,16220.763543637673,2802.207470314644,9916.677777777775,8481.332670585434,10800.0,1263.660484233278,1200.0,1200.0,1200.0,1200.0
2025-11-03,52235.09291913292,0.0,-2132.08014067776,1079.6274655932982,51182.64024404846,83857.74585024576,77317.54691091666,0.0,6540.198939329101,0.0,313.15986214930575,3718.2558028094236,21511.698374559615,17104.17768763642,1263.660484233278,9910.176898569576,7664.72749718159,10800.0,1619.5471461853508,1200.0,1200.0,1200.0,1200.0
2025-11-04,48448.28550786445,254.7457778159577,-974.5492166689288,1599.3973725356013,49327.87944154708,77826.57905996568,74650.413494616,207.81288358170957,3383.978448931374,0.0,320.01063888105034,3800.4157672038173,20524.43046470257,16934.49413174267,1619.5471461853508,9845.154973572224,8082.955998366832,10800.0,1275.4299735924828,1200.0,1200.0,1200.0,1200.0
2025-11-05,53973.89895332522,0.0,-2536.4536849691585,1931.0944750707613,53368.53974342682,85918.85698355825,77159.47591943076,0.0,8759.381064127481,0.0,539.4760326436428,3551.3043593711427,21826.84711633348,17357.21959029689,1275.4299735924828,9918.395910693145,4212.8132670612395,10798.92614278168,1633.792833518292,1200.0,1200.0,1200.0,1200.0
2025-11-06,49690.551198863905,952.4028585114968,-576.8416733731614,2298.6477110404585,52364.7600950427,79778.19815242963,78772.44012994076,782.4373492859268,1788.1953717747886,0.0,497.31975065472216,3972.173456404419,21428.702727215856,17500.70085302479,1633.792833518292,9847.620919207771,7154.674816380393,10799.46348765432,1474.4021179850142,1200.0,1200.0,1200.0,1200.0
2025-11-07,23127.211278198018,789.9920351569165,-149.27893339844985,2.8998620499410404,23770.824242006427,42236.12216165919,42847.231061876155,1153.2303823329548,542.1214821159872,0.0,1.356343334864846,15387.435443230504,17636.22836684793,13493.538188200746,1474.4021179850142,9049.185591694577,7230.822327615405,10470.60540199917,2354.1874390362086,1200.0,1200.0,1200.0,1200.0
2025-11-08,23315.25888663039,167.5519780718528,-199.40245832164942,45.96869199411638,23329.37709837471,42594.27285328584,41819.90072832056,148.1592098479949,922.5313348132768,0.0,21.642510355045374,14824.484932857027,15890.078668560596,12664.22746274202,2354.1874390362086,9778.111037037037,8373.271133939374,10532.809485842201,2583.8943932496095,1200.0,1200.0,1200.0,1200.0
2025-11-09,49628.1549264349,248.28722592111131,-462.5126422133842,1168.6056785227365,50582.535188665366,79134.87267617747,77698.63322266802,206.4395664971521,1642.6790200065948,0.0,313.99878443361933,3617.004823217826,20854.57637603384,17805.766375483363,2583.8943932496095,9908.867837728352,7601.5784332242065,10775.770955952521,1568.8282700318903,1200.0,1200.0,1200.0,1200.0
2025-11-10,52805.2083238998,943.8887168568008,-1174.077212325913,1243.9969396673,53819.01676809799,83943.99734670846,81717.94151040043,960.1688074794984,3186.2246437875283,0.0,235.48821588527116,4104.718973802113,22071.9114077272,18081.643755243607,1568.8282700318903,9899.704756254347,6831.789281859514,10800.0,1342.8332533823618,1200.0,1200.0,1200.0,1200.0
2025-11-11,54885.19145444639,0.0,-2561.392656642788,890.992838831203,53214.7916366348,86619.73128155689,79251.14056258564,0.0,7368.590718971263,0.0,249.6195260419986,3625.4222469682704,21735.87131825541,17419.553143262718,1342.8332533823618,10671.165454666509,7582.218439073648,10800.0,1550.0583917425427,1200.0,1200.0,1200.0,1200.0
2025-11-12,50973.71177051333,691.5667424987251,-763.3185466364095,1127.0625234767963,52029.02248985244,81437.20131589577,79327.99093304895,660.5386693092819,2769.7490521561062,0.0,247.42770382917234,4781.548856843845,21266.57153679491,17428.68950676063,1550.0583917425427,9944.507407407407,8105.522730357199,10800.0,1324.7622117905871,1200.0,1200.0,1200.0,1200.0
2025-11-13,49825.218842229326,1740.7094329707004,-677.8173100578845,2733.642444289747,53621.75340943189,79519.71822711946,78457.28341888169,1493.6034855167043,2556.0382937544655,0.0,587.3754786675975,2860.3133697797593,20407.354115527392,16618.879904424528,1324.7622117905871,9904.4356625911,9101.585253382977,10534.515988234352,1225.9587997379786,1200.0,1200.0,1200.0,1200.0
2025-11-14,24997.68355563667,0.0,-343.2546305167659,0.0,24654.428925119904,45507.27470568169,44007.176268734154,0.0,1500.098436947531,0.0,0.0,11982.059052754252,17483.58835008537,13056.92643410547,1225.9587997379786,9783.788851851852,7618.714635628297,10560.318499142071,2453.492276919853,1200.0,1200.0,1200.0,1200.0
2025-11-15,26251.903934671565,0.0,-1153.1498877911863,10.237194353167544,25108.991241233547,47664.439717224566,42918.11352537011,0.0,4746.32619185445,0.0,4.652212839430831,11667.098934185497,15992.707614121977,12948.927726764603,2453.492276919853,10303.638888888887,8615.189329043984,10600.089266557849,2459.231655446737,1200.0,1200.0,1200.0,1200.0
2025-11-16,50207.25626754607,2496.7113995240015,-349.42427813267045,2742.9585386675326,55097.501927604935,79812.58469502287,80453.80232016896,1987.139340608555,1345.9217154624607,0.0,668.555728371368,3663.7932577739575,20304.15229981671,17280.131892383673,2459.231655446737,9854.96831859195,8059.235209267661,10800.0,1532.8221781888092,1200.0,1200.0,1200.0,1200.0
2025-11-17,50233.226192405884,3732.094793246754,-408.6378131298899,694.4982070300584,54251.18137955281,79718.98810698313,81791.1110232135,3631.2151217815535,1559.0922055511933,0.0,179.5198811747833,5318.278442806577,20730.653752777755,16774.05562452939,1532.8221781888092,9893.954849509937,8430.351653956546,10800.0,1552.5709728783572,1200.0,1200.0,1200.0,1200.0
2025-11-18,53177.29685026653,38.298148814821076,-702.5915834348257,1923.2608352515276,54436.26425089806,84419.29634254237,81902.96854412663,57.88279122620884,2574.2105896419243,0.0,455.3662609160132,3239.5804015802687,22518.26770344651,18290.06513331746,1552.5709728783572,9909.136950092112,5702.939897501658,10800.0,1496.7173134052614,1200.0,1200.0,1200.0,1200.0
2025-11-19,52399.61086885975,3081.2760758000154,-740.3922962033952,1353.6239274119966,56094.11857586837,83384.81860602132,83397.50337739,2635.121661088465,2622.436889719784,0.0,347.77119028367713,4397.011275704041,21250.40114145197,17270.449449482334,1496.7173134052614,9898.084847046726,8469.580302350689,10778.086043441706,1432.6900635094469,1200.0,1200.0,1200.0,1200.0
2025-11-20,52720.224586576755,183.9623536689855,-557.929455668468,1632.320738132013,53978.578222709286,83819.3979076625,82191.5344540585,156.7775806044109,1784.6410342084132,0.0,421.233802948616,3402.2234806884926,22677.124639594625,18259.655896609325,1432.6900635094469,9932.257371646285,7815.938657243139,10797.381948284843,1553.59568735647,1200.0,1200.0,1200.0,1200.0
2025-11-21,25384.22954897092,905.9487771926807,-400.56550691371893,46.508406837577596,25936.12122608746,46176.47543273568,45648.68215284923,1305.614473656653,1833.4077535431097,0.0,21.402924014971518,12447.597363078032,17732.938886476353,13374.835239356853,1553.59568735647,9760.482222222214,8849.721835767028,10478.91627108498,2652.312641455349,1200.0,1200.0,1200.0,1200.0
2025-11-22,26830.032058767632,0.0,-994.2532666498398,55.003718580744504,25890.782510698536,49107.79873442465,44868.823431053956,0.0,4238.975303370693,0.0,18.617954466408634,11680.067186265343,16232.012311963193,13244.467596041504,2652.312641455349,10265.45925925926,8589.783781588227,10587.63024513907,2545.0486155094404,1200.0,1200.0,1200.0,1200.0
2025-11-23,50672.70488122523,3248.2487450166254,-323.0922117729793,1590.5309011693882,55188.392315638266,80257.78361041665,81614.68800678964,2577.6761583807215,1220.771762007734,0.0,386.42032020681984,3811.660029055685,20233.801535566698,17276.449520959257,2545.0486155094404,9873.712701509012,8020.407417600882,10800.0,1559.4149742314103,1200.0,1200.0,1200.0,1200.0
2025-11-24,52181.71125358449,0.0,-619.924569711003,1944.9995187812196,53506.78620265471,82811.82698744578,80833.6532874264,0.0,1978.173700019389,0.0,454.62022358852727,3135.0998892029165,22048.124543154623,18056.894621342624,1559.4149742314103,9858.379378434114,7679.370118342846,10800.0,1339.5108171343295,1200.0,1200.0,1200.0,1200.0
2025-11-25,60645.66420045062,0.0,-3384.4074354554295,871.6943566564412,58132.95112165163,94749.77388324634,84531.83001425369,0.0,10217.94386899266,0.0,259.6664916598026,4265.663563306056,22188.66915719071,17831.496681249948,1339.5108171343295,10797.097061631122,5545.205976910853,10800.0,1496.5389683282524,1200.0,1200.0,1200.0,1200.0
2025-11-26,56800.62942713176,0.0,-1301.087905212688,1118.9837504611737,56618.52527238025,89785.61009810294,85971.99750869029,0.0,3813.6125894126553,0.0,281.4990570552859,5063.397060789139,23014.180452585275,18581.747830962177,1496.5389683282524,9975.309612027764,7103.805798886358,10800.0,1562.9148968081427,1200.0,1200.0,1200.0,1200.0
2025-11-27,54972.22909996362,87.41117382160155,-878.0625844531531,1263.4441117311674,55445.02180106323,86910.52302447731,84192.88226237093,128.90387856418545,2846.5446406705805,0.0,270.0764615212143,4575.745577766267,22128.7002980359,18022.37988524337,1562.9148968081427,9885.848907577287,8047.637831561931,10799.544197217743,1453.8786258811588,1200.0,1200.0,1200.0,1200.0
2025-11-28,26615.13250015505,89.8473580533333,-493.2046442898635,1.921866599404183,26213.697080517923,48875.772430423516,46896.763310255046,135.1494555555555,2114.1585757240164,0.0,0.8989086058953148,11958.709202795555,17829.336732560027,13811.622266494636,1453.8786258811588,10253.394444444444,8681.013522806736,10331.653240931884,2154.0347224133666,1200.0,1200.0,1200.0,1200.0
2025-11-29,31156.590525519052,0.0,-2149.89688632874,145.23472332058304,29151.928362510895,56682.13095772886,48663.01808036321,0.0,8019.112877365651,0.0,67.45794894683189,10174.96625684663,17151.43199567239,13525.372323208974,2154.0347224133666,10308.209259258956,8320.684717528737,10565.23023347151,2562.132048286324,1200.0,1200.0,1200.0,1200.0
2025-11-30,54511.1708475186,1173.2227360281786,-359.77514461952194,4307.727423377039,59632.3458623043,86129.33122855939,85701.40869960203,909.6323926115448,1337.5549215689084,0.0,1008.1851033064963,3475.4908558759807,21623.289706121926,18634.014875756056,2562.132048286324,10041.444682748664,7717.2755785292975,10795.99130593941,1318.631810733778,1200.0,1200.0,1200.0,1200.0
2025-12-01,59786.23949938242,0.0,-1977.6101277032296,16765.70828772284,74574.33765940202,93157.21751032706,87782.53165627878,0.0,5374.685854048285,0.0,4189.377935894349,1003.2823871623654,23991.317783147242,19321.618311469818,1318.631810733778,10488.19435016628,6539.62205260488,10799.213114390104,1442.3530250442777,1200.0,1200.0,1200.0,1200.0
2025-12-02,62068.47162582225,2.2362511293754643,-1324.8951279665018,9219.929982709407,69965.74273169452,96990.16136597464,93067.09653608692,1.276071288410776,3924.3409011761237,0.0,2339.8531940661505,2189.4120522276307,24310.721339467105,19730.99361154168,1442.3530250442777,10731.171583475814,6834.693445787763,10799.816714506173,1398.6759955183684,1200.0,1200.0,1200.0,1200.0
2025-12-03,56609.28101317547,4317.649258404745,-47.5858722240539,5068.033302999133,65947.3777023553,88930.53035070513,92770.67395140785,3992.843519141383,152.69991843865182,0.0,1278.9158496274063,2328.523492495521,23202.274396520123,18643.95665464705,1398.6759955183684,10730.496298061658,7935.939195298608,10783.736066358024,1565.2155583341982,1200.0,1200.0,1200.0,1200.0
2025-12-04,63688.4293347388,45.71369746144523,-1856.757674342661,6430.746431864111,68308.1317897217,99085.09372819064,92239.47335092688,26.085593004904695,6871.705970268652,0.0,1446.3358065554385,2665.1106605103037,23477.40577507895,19227.91602810692,1565.2155583341982,10689.428848275595,3550.4192992070125,10774.431912318832,1330.529613564226,1200.0,1200.0,1200.0,1200.0
2025-12-05,34152.69357983026,102.79181374918636,-1179.778666051504,40.09854370269717,33115.80527123064,61389.43368638749,56557.92431168596,85.37784180749372,4916.887216509032,0.0,19.103641592518898,10683.808537864566,17951.32545474868,13369.733722668108,1330.529613564226,10214.814814814783,9454.381462123114,10748.226349503107,2631.4628309845884,1200.0,1200.0,1200.0,1200.0
2025-12-06,31213.0354343118,0.0,-1345.0510964650512,1291.0239476990253,31159.008285545777,56119.69300734589,51577.96111888401,0.0,4541.731888461876,0.0,488.5149697786713,5309.100063669712,18021.75846091701,14929.013252590703,2631.4628309845884,10160.767477000256,6357.666016255828,10453.325554042458,2263.2529429313463,1200.0,1200.0,1200.0,1200.0
2025-12-07,61316.90796715439,883.0334558734748,-2221.153250498041,12542.246643549825,72521.03481607964,95401.72762619192,88603.27955100546,541.4511071287781,7339.899182315243,0.0,3206.109707075285,753.0883748529257,22490.15131467638,19086.531681448567,2263.2529429313463,10636.914458267303,4303.01890342088,10418.01729289931,1297.1317023083438,1200.0,1200.0,1200.0,1200.0
2025-12-08,69153.95261948701,101.29989320019392,-1823.3206143100201,600.9052808095146,68032.8371791867,107626.4798834624,101466.1272391413,66.1562516129527,6226.508895934061,0.0,103.33958209237835,9307.073874953414,22303.88261377883,17888.700784165245,1297.1317023083438,10800.0,8844.991298139275,10799.999999999998,1494.2918500812407,1200.0,1200.0,1200.0,1200.0
2025-12-09,67869.61412339557,50.466643072458,-1875.540871871827,1328.2760983131902,67372.8159929094,105596.44926327554,99210.33223184294,41.12954275178163,6427.2465741843935,0.0,273.83057958689443,7742.940727693223,22912.741484425118,18559.973667355174,1494.2918500812407,10799.725215716726,8001.810966189286,10800.0,1493.5662223358713,1200.0,1200.0,1200.0,1200.0
2025-12-10,64828.15628278644,1093.4619386629615,-771.835334403145,895.3162606356631,66045.09914768192,101534.02143913883,99933.37223794824,834.3810001330297,2435.0302013236187,0.0,200.41399178875162,7241.416842190645,23338.490545138488,18833.7396242588,1493.5662223358713,10800.0,7756.009891457811,10800.0,1571.8303526729615,1200.0,1200.0,1200.0,1200.0
2025-12-11,67474.35743304275,0.0,-1981.368087675276,694.2065626966546,66187.19590806412,105131.39163552923,98536.25420172965,0.0,6595.137433799589,0.0,153.9519151618744,8385.707158626356,22388.897640606763,18045.653382341607,1571.8303526729615,10800.0,6867.381895744587,10800.0,1671.1122488394885,1200.0,1200.0,1200.0,1200.0
2025-12-12,37941.36857604694,582.9481062044179,-1275.3463758283922,0.0,37248.97030642296,67508.78312176741,62641.69118191261,537.5785263129901,5404.670466167785,0.0,0.0,14949.339325112394,16258.19042503036,12280.252051563464,1671.1122488394885,10205.366666666667,10800.0,10800.0,2658.7591296296305,1200.0,1200.0,1200.0,1200.0
2025-12-13,34435.18801949851,11.590632282338552,-800.335932130078,0.0,33646.442719650775,61060.3385215095,57686.68987865535,10.53792193357836,3384.1865647877153,0.0,0.0,10918.059791982974,15659.715895802088,12689.619192463042,2658.7591296296305,10131.668518518514,10044.355304331613,10781.562055337023,2652.9265553370215,1200.0,1200.0,1200.0,1200.0
2025-12-14,58941.002993711416,3356.620971585816,-107.73860228136718,5484.259302104832,67674.1446651207,92096.4568092904,94910.49581992358,3152.7806870347217,338.7416764015163,0.0,1107.678550074775,4171.108433680325,22063.987787085665,18995.643650767626,2652.9265553370215,10781.87654418693,7934.99977611822,10800.0,1404.244840638984,1200.0,1200.0,1200.0,1200.0
2025-12-15,63705.11868424817,3294.103160425351,-400.9454016409637,372.08052806577007,66970.35697109833,99653.74910851431,100832.89591476845,2647.2290581516227,1468.0822518974767,0.0,86.78991977904144,7163.733960649521,22142.240574992076,17855.846667760758,1404.244840638984,10797.122438268343,8171.471076465131,10796.536078862004,1492.431727286568,1200.0,1200.0,1200.0,1200.0
2025-12-16,68177.21942903279,0.0,-1676.6294891421983,244.77300226989527,66745.36294216049,105352.82387607123,100147.29092081718,0.0,5205.5329552540625,0.0,86.4587223731944,6332.346294838759,23105.221764639944,18621.909749621664,1492.431727286568,10800.0,6938.7941864745735,10800.0,1596.1204825495588,1200.0,1200.0,1200.0,1200.0
2025-12-17,67212.43108486218,0.0,-2464.9356345668575,1272.2765258781387,66019.77197617346,104816.25738627299,97471.17000104369,0.0,7345.087385229293,0.0,250.72061203469212,5081.04971342635,23525.38625967148,19076.392426686107,1596.1204825495588,10800.0,7161.005551301389,10798.192960470744,1572.9765310471043,1200.0,1200.0,1200.0,1200.0
2025-12-18,62524.2268627672,194.98287073770243,-429.5796692405146,944.8184155278999,63234.44847979229,97135.33090425085,95675.01897597211,154.75146355580227,1615.0633918345443,0.0,277.9452910650905,4198.450631474343,23484.47331277252,19096.22664387633,1572.9765310471043,10756.57484040919,7681.3989110015045,10788.009844565797,1490.9729082353401,1200.0,1200.0,1200.0,1200.0
2025-12-19,34242.40681358641,314.29057000333347,-812.2138120343527,0.0,33744.483571555385,61170.986247696914,58111.80413448457,367.7967972603361,3426.978910472675,0.0,0.0,10929.751034103729,17585.292617105155,13311.63081672431,1490.9729082353401,10179.648148148148,9794.795082683704,10736.37605986223,2527.035356158526,1200.0,1200.0,1200.0,1200.0
2025-12-20,35556.932215215405,0.0,-1814.8656471200477,0.8535385174084039,33742.920106612764,62377.714278838626,56388.92921173127,0.0,5988.785067107345,0.0,0.4028975772520198,10318.66795709424,16560.449828725163,13346.137926510877,2527.035356158526,10256.435185161728,8704.80462756033,10704.266339221307,2602.398061443529,1200.0,1200.0,1200.0,1200.0
2025-12-21,63002.29332325035,0.0,-901.8972643387532,2702.4411607351826,64802.837219646775,97715.7456865714,95398.73117134483,0.0,2317.0145152265804,0.0,619.0070513032315,3778.7829777292477,22665.629491603668,19464.456113351516,2602.398061443529,10763.864732969543,6819.8849237473105,10800.0,1374.2911446073654,1200.0,1200.0,1200.0,1200.0
2025-12-22,62602.14383337085,13.283719307381581,-423.42111122225714,1778.495187398697,63970.50162885467,97454.0087756519,96319.4782019148,8.083071259207486,1142.6136449963194,0.0,442.0329270590351,3292.2096820898773,24010.687229761294,19478.812866210676,1374.2911446073654,10728.454697118754,7172.074979328196,10800.0,1340.7842444917828,1200.0,1200.0,1200.0,1200.0
2025-12-23,64211.816115437716,0.0,-1650.0443583733172,1056.6532997644204,63618.42505682882,100136.58720283679,95389.04011112946,0.0,4747.547091707304,0.0,265.1969909982571,3671.9631045328233,24291.056950494927,19566.87548623336,1340.7842444917828,10800.0,7146.580108723518,10800.0,1461.7627374557123,1200.0,1200.0,1200.0,1200.0
2025-12-24,63539.92435769852,4.00355009236956,-1043.6583509805487,1427.4616995909032,63927.73125640124,98760.6413015702,95732.78371155114,2.2845445475588804,3030.1421345666176,0.0,329.8506908075384,3842.367542764787,23749.781047341876,19384.073504414664,1461.7627374557123,10797.519628207074,7382.61711652848,10800.0,1298.7062307137785,1200.0,1200.0,1200.0,1200.0
2025-12-25,60077.884468725286,1178.9107732762743,-130.40775323254275,3794.353249441096,64920.740738210116,94710.15363887332,95345.22567448017,1169.8594858650322,534.7874502581687,0.0,908.4522257062529,3773.1308096631897,24256.06642339305,19587.96786620314,1298.7062307137785,10785.649674401164,6690.344883090972,10800.0,1364.75727154181,1200.0,1200.0,1200.0,1200.0
2025-12-26,34342.970762446384,1.9111675442218258e-11,-867.5000926306681,0.0,33475.47066981574,61373.18759033474,57849.794771125235,1.5404566511278972e-11,3523.3928192095223,0.0,0.0,9934.499230460458,18711.5581669425,13803.885059611057,1364.75727154181,10219.283333333333,9167.446952097176,10800.0,2867.509555555556,1200.0,1200.0,1200.0000000000007,1200.0
2025-12-27,34224.13674691328,0.0,-1125.9533029193062,28.62304540273181,33126.80648939671,60704.46907447404,56400.95038006845,0.0,4303.518694405588,0.0,13.150951253265248,10349.448572885669,15815.077901234567,13089.234209465187,2867.509555555556,10228.674074074046,9475.5644438218,10674.954452446089,2557.4861005942385,1200.0,1200.0,1200.0,1200.0
2025-12-28,62058.405711689076,0.0,-944.1559090083158,2665.0718545590403,63779.3216572398,96018.93067719092,93730.76244003291,0.0,2288.168237158003,0.0,606.2626503445678,4202.006263614863,22012.477456289722,18686.713379527115,2557.4861005942385,10739.874541472365,6754.517075102485,10797.79003697727,1605.700945113753,1200.0,1200.0,1200.0,1200.0
2025-12-29,61489.06183618918,937.0032874096127,-152.73794719418882,985.8557996078779,63259.18297601248,96782.120259433,96940.03845868172,763.4247731737296,605.5065739249999,0.0,256.7551106127662,5327.596110045755,23610.75274618657,19265.32155360451,1605.700945113753,10800.0,7286.289428295217,10800.0,1449.465579343329,1200.0,1200.0,1200.0,1200.0
2025-12-30,61753.03272503379,838.9109943283596,-1205.3874857454462,2591.1144313303257,63977.67066494703,96811.57198966423,93822.66891394221,583.7461864840743,3572.649262206108,0.0,554.7589378320563,3607.6331987395865,23566.118367722043,19020.726314687367,1449.465579343329,10793.640061310263,6984.4394967453,10800.0,1524.8317606405394,1200.0,1200.0,1200.0,1200.0
2025-12-31,63208.36977570685,46.04077266642975,-486.1451468468065,1721.924621291334,64490.190022817806,98904.02919705896,97039.41643646779,38.594733298301776,1903.2074938894807,0.0,507.74310514821866,4409.775527737383,23775.10533591234,19284.144255367057,1524.8317606405394,10800.0,7291.654925973925,10800.0,1495.5996125538131,1200.0,1200.0,1200.0,1200.0
