day,issue_hour,scenario,historical_day
31,0,0,25
31,0,1,24
31,0,2,18
31,0,3,17
31,0,4,11
31,0,5,10
31,0,6,4
31,0,7,3
31,0,8,30
31,0,9,29
31,6,0,25
31,6,1,24
31,6,2,18
31,6,3,17
31,6,4,11
31,6,5,10
31,6,6,4
31,6,7,3
31,6,8,30
31,6,9,29
31,12,0,25
31,12,1,24
31,12,2,18
31,12,3,17
31,12,4,11
31,12,5,10
31,12,6,4
31,12,7,3
31,12,8,30
31,12,9,29
31,18,0,25
31,18,1,24
31,18,2,18
31,18,3,17
31,18,4,11
31,18,5,10
31,18,6,4
31,18,7,3
31,18,8,30
31,18,9,29
32,0,0,31
32,0,1,25
32,0,2,24
32,0,3,18
32,0,4,17
32,0,5,11
32,0,6,10
32,0,7,4
32,0,8,3
32,0,9,30
32,6,0,31
32,6,1,25
32,6,2,24
32,6,3,18
32,6,4,17
32,6,5,11
32,6,6,10
32,6,7,4
32,6,8,3
32,6,9,30
32,12,0,31
32,12,1,25
32,12,2,24
32,12,3,18
32,12,4,17
32,12,5,11
32,12,6,10
32,12,7,4
32,12,8,3
32,12,9,30
32,18,0,31
32,18,1,25
32,18,2,24
32,18,3,18
32,18,4,17
32,18,5,11
32,18,6,10
32,18,7,4
32,18,8,3
32,18,9,30
33,0,0,30
33,0,1,29
33,0,2,28
33,0,3,27
33,0,4,26
33,0,5,23
33,0,6,22
33,0,7,21
33,0,8,20
33,0,9,19
33,6,0,30
33,6,1,29
33,6,2,28
33,6,3,27
33,6,4,26
33,6,5,23
33,6,6,22
33,6,7,21
33,6,8,20
33,6,9,19
33,12,0,30
33,12,1,29
33,12,2,28
33,12,3,27
33,12,4,26
33,12,5,23
33,12,6,22
33,12,7,21
33,12,8,20
33,12,9,19
33,18,0,30
33,18,1,29
33,18,2,28
33,18,3,27
33,18,4,26
33,18,5,23
33,18,6,22
33,18,7,21
33,18,8,20
33,18,9,19
34,0,0,33
34,0,1,30
34,0,2,29
34,0,3,28
34,0,4,27
34,0,5,26
34,0,6,23
34,0,7,22
34,0,8,21
34,0,9,20
34,6,0,33
34,6,1,30
34,6,2,29
34,6,3,28
34,6,4,27
34,6,5,26
34,6,6,23
34,6,7,22
34,6,8,21
34,6,9,20
34,12,0,33
34,12,1,30
34,12,2,29
34,12,3,28
34,12,4,27
34,12,5,26
34,12,6,23
34,12,7,22
34,12,8,21
34,12,9,20
34,18,0,33
34,18,1,30
34,18,2,29
34,18,3,28
34,18,4,27
34,18,5,26
34,18,6,23
34,18,7,22
34,18,8,21
34,18,9,20
35,0,0,34
35,0,1,33
35,0,2,30
35,0,3,29
35,0,4,28
35,0,5,27
35,0,6,26
35,0,7,23
35,0,8,22
35,0,9,21
35,6,0,34
35,6,1,33
35,6,2,30
35,6,3,29
35,6,4,28
35,6,5,27
35,6,6,26
35,6,7,23
35,6,8,22
35,6,9,21
35,12,0,34
35,12,1,33
35,12,2,30
35,12,3,29
35,12,4,28
35,12,5,27
35,12,6,26
35,12,7,23
35,12,8,22
35,12,9,21
35,18,0,34
35,18,1,33
35,18,2,30
35,18,3,29
35,18,4,28
35,18,5,27
35,18,6,26
35,18,7,23
35,18,8,22
35,18,9,21
36,0,0,35
36,0,1,34
36,0,2,33
36,0,3,30
36,0,4,29
36,0,5,28
36,0,6,27
36,0,7,26
36,0,8,23
36,0,9,22
36,6,0,35
36,6,1,34
36,6,2,33
36,6,3,30
36,6,4,29
36,6,5,28
36,6,6,27
36,6,7,26
36,6,8,23
36,6,9,22
36,12,0,35
36,12,1,34
36,12,2,33
36,12,3,30
36,12,4,29
36,12,5,28
36,12,6,27
36,12,7,26
36,12,8,23
36,12,9,22
36,18,0,35
36,18,1,34
36,18,2,33
36,18,3,30
36,18,4,29
36,18,5,28
36,18,6,27
36,18,7,26
36,18,8,23
36,18,9,22
37,0,0,36
37,0,1,35
37,0,2,34
37,0,3,33
37,0,4,30
37,0,5,29
37,0,6,28
37,0,7,27
37,0,8,26
37,0,9,23
37,6,0,36
37,6,1,35
37,6,2,34
37,6,3,33
37,6,4,30
37,6,5,29
37,6,6,28
37,6,7,27
37,6,8,26
37,6,9,23
37,12,0,36
37,12,1,35
37,12,2,34
37,12,3,33
37,12,4,30
37,12,5,29
37,12,6,28
37,12,7,27
37,12,8,26
37,12,9,23
37,18,0,36
37,18,1,35
37,18,2,34
37,18,3,33
37,18,4,30
37,18,5,29
37,18,6,28
37,18,7,27
37,18,8,26
37,18,9,23
38,0,0,32
38,0,1,31
38,0,2,25
38,0,3,24
38,0,4,18
38,0,5,17
38,0,6,11
38,0,7,10
38,0,8,4
38,0,9,3
38,6,0,32
38,6,1,31
38,6,2,25
38,6,3,24
38,6,4,18
38,6,5,17
38,6,6,11
38,6,7,10
38,6,8,4
38,6,9,3
38,12,0,32
38,12,1,31
38,12,2,25
38,12,3,24
38,12,4,18
38,12,5,17
38,12,6,11
38,12,7,10
38,12,8,4
38,12,9,3
38,18,0,32
38,18,1,31
38,18,2,25
38,18,3,24
38,18,4,18
38,18,5,17
38,18,6,11
38,18,7,10
38,18,8,4
38,18,9,3
39,0,0,38
39,0,1,32
39,0,2,31
39,0,3,25
39,0,4,24
39,0,5,18
39,0,6,17
39,0,7,11
39,0,8,10
39,0,9,4
39,6,0,38
39,6,1,32
39,6,2,31
39,6,3,25
39,6,4,24
39,6,5,18
39,6,6,17
39,6,7,11
39,6,8,10
39,6,9,4
39,12,0,38
39,12,1,32
39,12,2,31
39,12,3,25
39,12,4,24
39,12,5,18
39,12,6,17
39,12,7,11
39,12,8,10
39,12,9,4
39,18,0,38
39,18,1,32
39,18,2,31
39,18,3,25
39,18,4,24
39,18,5,18
39,18,6,17
39,18,7,11
39,18,8,10
39,18,9,4
40,0,0,37
40,0,1,36
40,0,2,35
40,0,3,34
40,0,4,33
40,0,5,30
40,0,6,29
40,0,7,28
40,0,8,27
40,0,9,26
40,6,0,37
40,6,1,36
40,6,2,35
40,6,3,34
40,6,4,33
40,6,5,30
40,6,6,29
40,6,7,28
40,6,8,27
40,6,9,26
40,12,0,37
40,12,1,36
40,12,2,35
40,12,3,34
40,12,4,33
40,12,5,30
40,12,6,29
40,12,7,28
40,12,8,27
40,12,9,26
40,18,0,37
40,18,1,36
40,18,2,35
40,18,3,34
40,18,4,33
40,18,5,30
40,18,6,29
40,18,7,28
40,18,8,27
40,18,9,26
41,0,0,40
41,0,1,37
41,0,2,36
41,0,3,35
41,0,4,34
41,0,5,33
41,0,6,30
41,0,7,29
41,0,8,28
41,0,9,27
41,6,0,40
41,6,1,37
41,6,2,36
41,6,3,35
41,6,4,34
41,6,5,33
41,6,6,30
41,6,7,29
41,6,8,28
41,6,9,27
41,12,0,40
41,12,1,37
41,12,2,36
41,12,3,35
41,12,4,34
41,12,5,33
41,12,6,30
41,12,7,29
41,12,8,28
41,12,9,27
41,18,0,40
41,18,1,37
41,18,2,36
41,18,3,35
41,18,4,34
41,18,5,33
41,18,6,30
41,18,7,29
41,18,8,28
41,18,9,27
42,0,0,41
42,0,1,40
42,0,2,37
42,0,3,36
42,0,4,35
42,0,5,34
42,0,6,33
42,0,7,30
42,0,8,29
42,0,9,28
42,6,0,41
42,6,1,40
42,6,2,37
42,6,3,36
42,6,4,35
42,6,5,34
42,6,6,33
42,6,7,30
42,6,8,29
42,6,9,28
42,12,0,41
42,12,1,40
42,12,2,37
42,12,3,36
42,12,4,35
42,12,5,34
42,12,6,33
42,12,7,30
42,12,8,29
42,12,9,28
42,18,0,41
42,18,1,40
42,18,2,37
42,18,3,36
42,18,4,35
42,18,5,34
42,18,6,33
42,18,7,30
42,18,8,29
42,18,9,28
43,0,0,42
43,0,1,41
43,0,2,40
43,0,3,37
43,0,4,36
43,0,5,35
43,0,6,34
43,0,7,33
43,0,8,30
43,0,9,29
43,6,0,42
43,6,1,41
43,6,2,40
43,6,3,37
43,6,4,36
43,6,5,35
43,6,6,34
43,6,7,33
43,6,8,30
43,6,9,29
43,12,0,42
43,12,1,41
43,12,2,40
43,12,3,37
43,12,4,36
43,12,5,35
43,12,6,34
43,12,7,33
43,12,8,30
43,12,9,29
43,18,0,42
43,18,1,41
43,18,2,40
43,18,3,37
43,18,4,36
43,18,5,35
43,18,6,34
43,18,7,33
43,18,8,30
43,18,9,29
44,0,0,43
44,0,1,42
44,0,2,41
44,0,3,40
44,0,4,37
44,0,5,36
44,0,6,35
44,0,7,34
44,0,8,33
44,0,9,30
44,6,0,43
44,6,1,42
44,6,2,41
44,6,3,40
44,6,4,37
44,6,5,36
44,6,6,35
44,6,7,34
44,6,8,33
44,6,9,30
44,12,0,43
44,12,1,42
44,12,2,41
44,12,3,40
44,12,4,37
44,12,5,36
44,12,6,35
44,12,7,34
44,12,8,33
44,12,9,30
44,18,0,43
44,18,1,42
44,18,2,41
44,18,3,40
44,18,4,37
44,18,5,36
44,18,6,35
44,18,7,34
44,18,8,33
44,18,9,30
45,0,0,39
45,0,1,38
45,0,2,32
45,0,3,31
45,0,4,25
45,0,5,24
45,0,6,18
45,0,7,17
45,0,8,11
45,0,9,10
45,6,0,39
45,6,1,38
45,6,2,32
45,6,3,31
45,6,4,25
45,6,5,24
45,6,6,18
45,6,7,17
45,6,8,11
45,6,9,10
45,12,0,39
45,12,1,38
45,12,2,32
45,12,3,31
45,12,4,25
45,12,5,24
45,12,6,18
45,12,7,17
45,12,8,11
45,12,9,10
45,18,0,39
45,18,1,38
45,18,2,32
45,18,3,31
45,18,4,25
45,18,5,24
45,18,6,18
45,18,7,17
45,18,8,11
45,18,9,10
46,0,0,45
46,0,1,39
46,0,2,38
46,0,3,32
46,0,4,31
46,0,5,25
46,0,6,24
46,0,7,18
46,0,8,17
46,0,9,11
46,6,0,45
46,6,1,39
46,6,2,38
46,6,3,32
46,6,4,31
46,6,5,25
46,6,6,24
46,6,7,18
46,6,8,17
46,6,9,11
46,12,0,45
46,12,1,39
46,12,2,38
46,12,3,32
46,12,4,31
46,12,5,25
46,12,6,24
46,12,7,18
46,12,8,17
46,12,9,11
46,18,0,45
46,18,1,39
46,18,2,38
46,18,3,32
46,18,4,31
46,18,5,25
46,18,6,24
46,18,7,18
46,18,8,17
46,18,9,11
47,0,0,44
47,0,1,43
47,0,2,42
47,0,3,41
47,0,4,40
47,0,5,37
47,0,6,36
47,0,7,35
47,0,8,34
47,0,9,33
47,6,0,44
47,6,1,43
47,6,2,42
47,6,3,41
47,6,4,40
47,6,5,37
47,6,6,36
47,6,7,35
47,6,8,34
47,6,9,33
47,12,0,44
47,12,1,43
47,12,2,42
47,12,3,41
47,12,4,40
47,12,5,37
47,12,6,36
47,12,7,35
47,12,8,34
47,12,9,33
47,18,0,44
47,18,1,43
47,18,2,42
47,18,3,41
47,18,4,40
47,18,5,37
47,18,6,36
47,18,7,35
47,18,8,34
47,18,9,33
48,0,0,47
48,0,1,44
48,0,2,43
48,0,3,42
48,0,4,41
48,0,5,40
48,0,6,37
48,0,7,36
48,0,8,35
48,0,9,34
48,6,0,47
48,6,1,44
48,6,2,43
48,6,3,42
48,6,4,41
48,6,5,40
48,6,6,37
48,6,7,36
48,6,8,35
48,6,9,34
48,12,0,47
48,12,1,44
48,12,2,43
48,12,3,42
48,12,4,41
48,12,5,40
48,12,6,37
48,12,7,36
48,12,8,35
48,12,9,34
48,18,0,47
48,18,1,44
48,18,2,43
48,18,3,42
48,18,4,41
48,18,5,40
48,18,6,37
48,18,7,36
48,18,8,35
48,18,9,34
49,0,0,48
49,0,1,47
49,0,2,44
49,0,3,43
49,0,4,42
49,0,5,41
49,0,6,40
49,0,7,37
49,0,8,36
49,0,9,35
49,6,0,48
49,6,1,47
49,6,2,44
49,6,3,43
49,6,4,42
49,6,5,41
49,6,6,40
49,6,7,37
49,6,8,36
49,6,9,35
49,12,0,48
49,12,1,47
49,12,2,44
49,12,3,43
49,12,4,42
49,12,5,41
49,12,6,40
49,12,7,37
49,12,8,36
49,12,9,35
49,18,0,48
49,18,1,47
49,18,2,44
49,18,3,43
49,18,4,42
49,18,5,41
49,18,6,40
49,18,7,37
49,18,8,36
49,18,9,35
50,0,0,49
50,0,1,48
50,0,2,47
50,0,3,44
50,0,4,43
50,0,5,42
50,0,6,41
50,0,7,40
50,0,8,37
50,0,9,36
50,6,0,49
50,6,1,48
50,6,2,47
50,6,3,44
50,6,4,43
50,6,5,42
50,6,6,41
50,6,7,40
50,6,8,37
50,6,9,36
50,12,0,49
50,12,1,48
50,12,2,47
50,12,3,44
50,12,4,43
50,12,5,42
50,12,6,41
50,12,7,40
50,12,8,37
50,12,9,36
50,18,0,49
50,18,1,48
50,18,2,47
50,18,3,44
50,18,4,43
50,18,5,42
50,18,6,41
50,18,7,40
50,18,8,37
50,18,9,36
51,0,0,50
51,0,1,49
51,0,2,48
51,0,3,47
51,0,4,44
51,0,5,43
51,0,6,42
51,0,7,41
51,0,8,40
51,0,9,37
51,6,0,50
51,6,1,49
51,6,2,48
51,6,3,47
51,6,4,44
51,6,5,43
51,6,6,42
51,6,7,41
51,6,8,40
51,6,9,37
51,12,0,50
51,12,1,49
51,12,2,48
51,12,3,47
51,12,4,44
51,12,5,43
51,12,6,42
51,12,7,41
51,12,8,40
51,12,9,37
51,18,0,50
51,18,1,49
51,18,2,48
51,18,3,47
51,18,4,44
51,18,5,43
51,18,6,42
51,18,7,41
51,18,8,40
51,18,9,37
52,0,0,46
52,0,1,45
52,0,2,39
52,0,3,38
52,0,4,32
52,0,5,31
52,0,6,25
52,0,7,24
52,0,8,18
52,0,9,17
52,6,0,46
52,6,1,45
52,6,2,39
52,6,3,38
52,6,4,32
52,6,5,31
52,6,6,25
52,6,7,24
52,6,8,18
52,6,9,17
52,12,0,46
52,12,1,45
52,12,2,39
52,12,3,38
52,12,4,32
52,12,5,31
52,12,6,25
52,12,7,24
52,12,8,18
52,12,9,17
52,18,0,46
52,18,1,45
52,18,2,39
52,18,3,38
52,18,4,32
52,18,5,31
52,18,6,25
52,18,7,24
52,18,8,18
52,18,9,17
53,0,0,52
53,0,1,46
53,0,2,45
53,0,3,39
53,0,4,38
53,0,5,32
53,0,6,31
53,0,7,25
53,0,8,24
53,0,9,18
53,6,0,52
53,6,1,46
53,6,2,45
53,6,3,39
53,6,4,38
53,6,5,32
53,6,6,31
53,6,7,25
53,6,8,24
53,6,9,18
53,12,0,52
53,12,1,46
53,12,2,45
53,12,3,39
53,12,4,38
53,12,5,32
53,12,6,31
53,12,7,25
53,12,8,24
53,12,9,18
53,18,0,52
53,18,1,46
53,18,2,45
53,18,3,39
53,18,4,38
53,18,5,32
53,18,6,31
53,18,7,25
53,18,8,24
53,18,9,18
54,0,0,51
54,0,1,50
54,0,2,49
54,0,3,48
54,0,4,47
54,0,5,44
54,0,6,43
54,0,7,42
54,0,8,41
54,0,9,40
54,6,0,51
54,6,1,50
54,6,2,49
54,6,3,48
54,6,4,47
54,6,5,44
54,6,6,43
54,6,7,42
54,6,8,41
54,6,9,40
54,12,0,51
54,12,1,50
54,12,2,49
54,12,3,48
54,12,4,47
54,12,5,44
54,12,6,43
54,12,7,42
54,12,8,41
54,12,9,40
54,18,0,51
54,18,1,50
54,18,2,49
54,18,3,48
54,18,4,47
54,18,5,44
54,18,6,43
54,18,7,42
54,18,8,41
54,18,9,40
55,0,0,54
55,0,1,51
55,0,2,50
55,0,3,49
55,0,4,48
55,0,5,47
55,0,6,44
55,0,7,43
55,0,8,42
55,0,9,41
55,6,0,54
55,6,1,51
55,6,2,50
55,6,3,49
55,6,4,48
55,6,5,47
55,6,6,44
55,6,7,43
55,6,8,42
55,6,9,41
55,12,0,54
55,12,1,51
55,12,2,50
55,12,3,49
55,12,4,48
55,12,5,47
55,12,6,44
55,12,7,43
55,12,8,42
55,12,9,41
55,18,0,54
55,18,1,51
55,18,2,50
55,18,3,49
55,18,4,48
55,18,5,47
55,18,6,44
55,18,7,43
55,18,8,42
55,18,9,41
56,0,0,55
56,0,1,54
56,0,2,51
56,0,3,50
56,0,4,49
56,0,5,48
56,0,6,47
56,0,7,44
56,0,8,43
56,0,9,42
56,6,0,55
56,6,1,54
56,6,2,51
56,6,3,50
56,6,4,49
56,6,5,48
56,6,6,47
56,6,7,44
56,6,8,43
56,6,9,42
56,12,0,55
56,12,1,54
56,12,2,51
56,12,3,50
56,12,4,49
56,12,5,48
56,12,6,47
56,12,7,44
56,12,8,43
56,12,9,42
56,18,0,55
56,18,1,54
56,18,2,51
56,18,3,50
56,18,4,49
56,18,5,48
56,18,6,47
56,18,7,44
56,18,8,43
56,18,9,42
57,0,0,56
57,0,1,55
57,0,2,54
57,0,3,51
57,0,4,50
57,0,5,49
57,0,6,48
57,0,7,47
57,0,8,44
57,0,9,43
57,6,0,56
57,6,1,55
57,6,2,54
57,6,3,51
57,6,4,50
57,6,5,49
57,6,6,48
57,6,7,47
57,6,8,44
57,6,9,43
57,12,0,56
57,12,1,55
57,12,2,54
57,12,3,51
57,12,4,50
57,12,5,49
57,12,6,48
57,12,7,47
57,12,8,44
57,12,9,43
57,18,0,56
57,18,1,55
57,18,2,54
57,18,3,51
57,18,4,50
57,18,5,49
57,18,6,48
57,18,7,47
57,18,8,44
57,18,9,43
58,0,0,57
58,0,1,56
58,0,2,55
58,0,3,54
58,0,4,51
58,0,5,50
58,0,6,49
58,0,7,48
58,0,8,47
58,0,9,44
58,6,0,57
58,6,1,56
58,6,2,55
58,6,3,54
58,6,4,51
58,6,5,50
58,6,6,49
58,6,7,48
58,6,8,47
58,6,9,44
58,12,0,57
58,12,1,56
58,12,2,55
58,12,3,54
58,12,4,51
58,12,5,50
58,12,6,49
58,12,7,48
58,12,8,47
58,12,9,44
58,18,0,57
58,18,1,56
58,18,2,55
58,18,3,54
58,18,4,51
58,18,5,50
58,18,6,49
58,18,7,48
58,18,8,47
58,18,9,44
59,0,0,53
59,0,1,52
59,0,2,46
59,0,3,45
59,0,4,39
59,0,5,38
59,0,6,32
59,0,7,31
59,0,8,25
59,0,9,24
59,6,0,53
59,6,1,52
59,6,2,46
59,6,3,45
59,6,4,39
59,6,5,38
59,6,6,32
59,6,7,31
59,6,8,25
59,6,9,24
59,12,0,53
59,12,1,52
59,12,2,46
59,12,3,45
59,12,4,39
59,12,5,38
59,12,6,32
59,12,7,31
59,12,8,25
59,12,9,24
59,18,0,53
59,18,1,52
59,18,2,46
59,18,3,45
59,18,4,39
59,18,5,38
59,18,6,32
59,18,7,31
59,18,8,25
59,18,9,24
60,0,0,59
60,0,1,53
60,0,2,52
60,0,3,46
60,0,4,45
60,0,5,39
60,0,6,38
60,0,7,32
60,0,8,31
60,0,9,25
60,6,0,59
60,6,1,53
60,6,2,52
60,6,3,46
60,6,4,45
60,6,5,39
60,6,6,38
60,6,7,32
60,6,8,31
60,6,9,25
60,12,0,59
60,12,1,53
60,12,2,52
60,12,3,46
60,12,4,45
60,12,5,39
60,12,6,38
60,12,7,32
60,12,8,31
60,12,9,25
60,18,0,59
60,18,1,53
60,18,2,52
60,18,3,46
60,18,4,45
60,18,5,39
60,18,6,38
60,18,7,32
60,18,8,31
60,18,9,25
61,0,0,58
61,0,1,57
61,0,2,56
61,0,3,55
61,0,4,54
61,0,5,51
61,0,6,50
61,0,7,49
61,0,8,48
61,0,9,47
61,6,0,58
61,6,1,57
61,6,2,56
61,6,3,55
61,6,4,54
61,6,5,51
61,6,6,50
61,6,7,49
61,6,8,48
61,6,9,47
61,12,0,58
61,12,1,57
61,12,2,56
61,12,3,55
61,12,4,54
61,12,5,51
61,12,6,50
61,12,7,49
61,12,8,48
61,12,9,47
61,18,0,58
61,18,1,57
61,18,2,56
61,18,3,55
61,18,4,54
61,18,5,51
61,18,6,50
61,18,7,49
61,18,8,48
61,18,9,47
62,0,0,61
62,0,1,58
62,0,2,57
62,0,3,56
62,0,4,55
62,0,5,54
62,0,6,51
62,0,7,50
62,0,8,49
62,0,9,48
62,6,0,61
62,6,1,58
62,6,2,57
62,6,3,56
62,6,4,55
62,6,5,54
62,6,6,51
62,6,7,50
62,6,8,49
62,6,9,48
62,12,0,61
62,12,1,58
62,12,2,57
62,12,3,56
62,12,4,55
62,12,5,54
62,12,6,51
62,12,7,50
62,12,8,49
62,12,9,48
62,18,0,61
62,18,1,58
62,18,2,57
62,18,3,56
62,18,4,55
62,18,5,54
62,18,6,51
62,18,7,50
62,18,8,49
62,18,9,48
63,0,0,62
63,0,1,61
63,0,2,58
63,0,3,57
63,0,4,56
63,0,5,55
63,0,6,54
63,0,7,51
63,0,8,50
63,0,9,49
63,6,0,62
63,6,1,61
63,6,2,58
63,6,3,57
63,6,4,56
63,6,5,55
63,6,6,54
63,6,7,51
63,6,8,50
63,6,9,49
63,12,0,62
63,12,1,61
63,12,2,58
63,12,3,57
63,12,4,56
63,12,5,55
63,12,6,54
63,12,7,51
63,12,8,50
63,12,9,49
63,18,0,62
63,18,1,61
63,18,2,58
63,18,3,57
63,18,4,56
63,18,5,55
63,18,6,54
63,18,7,51
63,18,8,50
63,18,9,49
64,0,0,63
64,0,1,62
64,0,2,61
64,0,3,58
64,0,4,57
64,0,5,56
64,0,6,55
64,0,7,54
64,0,8,51
64,0,9,50
64,6,0,63
64,6,1,62
64,6,2,61
64,6,3,58
64,6,4,57
64,6,5,56
64,6,6,55
64,6,7,54
64,6,8,51
64,6,9,50
64,12,0,63
64,12,1,62
64,12,2,61
64,12,3,58
64,12,4,57
64,12,5,56
64,12,6,55
64,12,7,54
64,12,8,51
64,12,9,50
64,18,0,63
64,18,1,62
64,18,2,61
64,18,3,58
64,18,4,57
64,18,5,56
64,18,6,55
64,18,7,54
64,18,8,51
64,18,9,50
65,0,0,64
65,0,1,63
65,0,2,62
65,0,3,61
65,0,4,58
65,0,5,57
65,0,6,56
65,0,7,55
65,0,8,54
65,0,9,51
65,6,0,64
65,6,1,63
65,6,2,62
65,6,3,61
65,6,4,58
65,6,5,57
65,6,6,56
65,6,7,55
65,6,8,54
65,6,9,51
65,12,0,64
65,12,1,63
65,12,2,62
65,12,3,61
65,12,4,58
65,12,5,57
65,12,6,56
65,12,7,55
65,12,8,54
65,12,9,51
65,18,0,64
65,18,1,63
65,18,2,62
65,18,3,61
65,18,4,58
65,18,5,57
65,18,6,56
65,18,7,55
65,18,8,54
65,18,9,51
66,0,0,60
66,0,1,59
66,0,2,53
66,0,3,52
66,0,4,46
66,0,5,45
66,0,6,39
66,0,7,38
66,0,8,32
66,0,9,31
66,6,0,60
66,6,1,59
66,6,2,53
66,6,3,52
66,6,4,46
66,6,5,45
66,6,6,39
66,6,7,38
66,6,8,32
66,6,9,31
66,12,0,60
66,12,1,59
66,12,2,53
66,12,3,52
66,12,4,46
66,12,5,45
66,12,6,39
66,12,7,38
66,12,8,32
66,12,9,31
66,18,0,60
66,18,1,59
66,18,2,53
66,18,3,52
66,18,4,46
66,18,5,45
66,18,6,39
66,18,7,38
66,18,8,32
66,18,9,31
67,0,0,66
67,0,1,60
67,0,2,59
67,0,3,53
67,0,4,52
67,0,5,46
67,0,6,45
67,0,7,39
67,0,8,38
67,0,9,32
67,6,0,66
67,6,1,60
67,6,2,59
67,6,3,53
67,6,4,52
67,6,5,46
67,6,6,45
67,6,7,39
67,6,8,38
67,6,9,32
67,12,0,66
67,12,1,60
67,12,2,59
67,12,3,53
67,12,4,52
67,12,5,46
67,12,6,45
67,12,7,39
67,12,8,38
67,12,9,32
67,18,0,66
67,18,1,60
67,18,2,59
67,18,3,53
67,18,4,52
67,18,5,46
67,18,6,45
67,18,7,39
67,18,8,38
67,18,9,32
68,0,0,65
68,0,1,64
68,0,2,63
68,0,3,62
68,0,4,61
68,0,5,58
68,0,6,57
68,0,7,56
68,0,8,55
68,0,9,54
68,6,0,65
68,6,1,64
68,6,2,63
68,6,3,62
68,6,4,61
68,6,5,58
68,6,6,57
68,6,7,56
68,6,8,55
68,6,9,54
68,12,0,65
68,12,1,64
68,12,2,63
68,12,3,62
68,12,4,61
68,12,5,58
68,12,6,57
68,12,7,56
68,12,8,55
68,12,9,54
68,18,0,65
68,18,1,64
68,18,2,63
68,18,3,62
68,18,4,61
68,18,5,58
68,18,6,57
68,18,7,56
68,18,8,55
68,18,9,54
69,0,0,68
69,0,1,65
69,0,2,64
69,0,3,63
69,0,4,62
69,0,5,61
69,0,6,58
69,0,7,57
69,0,8,56
69,0,9,55
69,6,0,68
69,6,1,65
69,6,2,64
69,6,3,63
69,6,4,62
69,6,5,61
69,6,6,58
69,6,7,57
69,6,8,56
69,6,9,55
69,12,0,68
69,12,1,65
69,12,2,64
69,12,3,63
69,12,4,62
69,12,5,61
69,12,6,58
69,12,7,57
69,12,8,56
69,12,9,55
69,18,0,68
69,18,1,65
69,18,2,64
69,18,3,63
69,18,4,62
69,18,5,61
69,18,6,58
69,18,7,57
69,18,8,56
69,18,9,55
70,0,0,69
70,0,1,68
70,0,2,65
70,0,3,64
70,0,4,63
70,0,5,62
70,0,6,61
70,0,7,58
70,0,8,57
70,0,9,56
70,6,0,69
70,6,1,68
70,6,2,65
70,6,3,64
70,6,4,63
70,6,5,62
70,6,6,61
70,6,7,58
70,6,8,57
70,6,9,56
70,12,0,69
70,12,1,68
70,12,2,65
70,12,3,64
70,12,4,63
70,12,5,62
70,12,6,61
70,12,7,58
70,12,8,57
70,12,9,56
70,18,0,69
70,18,1,68
70,18,2,65
70,18,3,64
70,18,4,63
70,18,5,62
70,18,6,61
70,18,7,58
70,18,8,57
70,18,9,56
71,0,0,70
71,0,1,69
71,0,2,68
71,0,3,65
71,0,4,64
71,0,5,63
71,0,6,62
71,0,7,61
71,0,8,58
71,0,9,57
71,6,0,70
71,6,1,69
71,6,2,68
71,6,3,65
71,6,4,64
71,6,5,63
71,6,6,62
71,6,7,61
71,6,8,58
71,6,9,57
71,12,0,70
71,12,1,69
71,12,2,68
71,12,3,65
71,12,4,64
71,12,5,63
71,12,6,62
71,12,7,61
71,12,8,58
71,12,9,57
71,18,0,70
71,18,1,69
71,18,2,68
71,18,3,65
71,18,4,64
71,18,5,63
71,18,6,62
71,18,7,61
71,18,8,58
71,18,9,57
72,0,0,71
72,0,1,70
72,0,2,69
72,0,3,68
72,0,4,65
72,0,5,64
72,0,6,63
72,0,7,62
72,0,8,61
72,0,9,58
72,6,0,71
72,6,1,70
72,6,2,69
72,6,3,68
72,6,4,65
72,6,5,64
72,6,6,63
72,6,7,62
72,6,8,61
72,6,9,58
72,12,0,71
72,12,1,70
72,12,2,69
72,12,3,68
72,12,4,65
72,12,5,64
72,12,6,63
72,12,7,62
72,12,8,61
72,12,9,58
72,18,0,71
72,18,1,70
72,18,2,69
72,18,3,68
72,18,4,65
72,18,5,64
72,18,6,63
72,18,7,62
72,18,8,61
72,18,9,58
73,0,0,67
73,0,1,66
73,0,2,60
73,0,3,59
73,0,4,53
73,0,5,52
73,0,6,46
73,0,7,45
73,0,8,39
73,0,9,38
73,6,0,67
73,6,1,66
73,6,2,60
73,6,3,59
73,6,4,53
73,6,5,52
73,6,6,46
73,6,7,45
73,6,8,39
73,6,9,38
73,12,0,67
73,12,1,66
73,12,2,60
73,12,3,59
73,12,4,53
73,12,5,52
73,12,6,46
73,12,7,45
73,12,8,39
73,12,9,38
73,18,0,67
73,18,1,66
73,18,2,60
73,18,3,59
73,18,4,53
73,18,5,52
73,18,6,46
73,18,7,45
73,18,8,39
73,18,9,38
74,0,0,73
74,0,1,67
74,0,2,66
74,0,3,60
74,0,4,59
74,0,5,53
74,0,6,52
74,0,7,46
74,0,8,45
74,0,9,39
74,6,0,73
74,6,1,67
74,6,2,66
74,6,3,60
74,6,4,59
74,6,5,53
74,6,6,52
74,6,7,46
74,6,8,45
74,6,9,39
74,12,0,73
74,12,1,67
74,12,2,66
74,12,3,60
74,12,4,59
74,12,5,53
74,12,6,52
74,12,7,46
74,12,8,45
74,12,9,39
74,18,0,73
74,18,1,67
74,18,2,66
74,18,3,60
74,18,4,59
74,18,5,53
74,18,6,52
74,18,7,46
74,18,8,45
74,18,9,39
75,0,0,72
75,0,1,71
75,0,2,70
75,0,3,69
75,0,4,68
75,0,5,65
75,0,6,64
75,0,7,63
75,0,8,62
75,0,9,61
75,6,0,72
75,6,1,71
75,6,2,70
75,6,3,69
75,6,4,68
75,6,5,65
75,6,6,64
75,6,7,63
75,6,8,62
75,6,9,61
75,12,0,72
75,12,1,71
75,12,2,70
75,12,3,69
75,12,4,68
75,12,5,65
75,12,6,64
75,12,7,63
75,12,8,62
75,12,9,61
75,18,0,72
75,18,1,71
75,18,2,70
75,18,3,69
75,18,4,68
75,18,5,65
75,18,6,64
75,18,7,63
75,18,8,62
75,18,9,61
76,0,0,75
76,0,1,72
76,0,2,71
76,0,3,70
76,0,4,69
76,0,5,68
76,0,6,65
76,0,7,64
76,0,8,63
76,0,9,62
76,6,0,75
76,6,1,72
76,6,2,71
76,6,3,70
76,6,4,69
76,6,5,68
76,6,6,65
76,6,7,64
76,6,8,63
76,6,9,62
76,12,0,75
76,12,1,72
76,12,2,71
76,12,3,70
76,12,4,69
76,12,5,68
76,12,6,65
76,12,7,64
76,12,8,63
76,12,9,62
76,18,0,75
76,18,1,72
76,18,2,71
76,18,3,70
76,18,4,69
76,18,5,68
76,18,6,65
76,18,7,64
76,18,8,63
76,18,9,62
77,0,0,76
77,0,1,75
77,0,2,72
77,0,3,71
77,0,4,70
77,0,5,69
77,0,6,68
77,0,7,65
77,0,8,64
77,0,9,63
77,6,0,76
77,6,1,75
77,6,2,72
77,6,3,71
77,6,4,70
77,6,5,69
77,6,6,68
77,6,7,65
77,6,8,64
77,6,9,63
77,12,0,76
77,12,1,75
77,12,2,72
77,12,3,71
77,12,4,70
77,12,5,69
77,12,6,68
77,12,7,65
77,12,8,64
77,12,9,63
77,18,0,76
77,18,1,75
77,18,2,72
77,18,3,71
77,18,4,70
77,18,5,69
77,18,6,68
77,18,7,65
77,18,8,64
77,18,9,63
78,0,0,77
78,0,1,76
78,0,2,75
78,0,3,72
78,0,4,71
78,0,5,70
78,0,6,69
78,0,7,68
78,0,8,65
78,0,9,64
78,6,0,77
78,6,1,76
78,6,2,75
78,6,3,72
78,6,4,71
78,6,5,70
78,6,6,69
78,6,7,68
78,6,8,65
78,6,9,64
78,12,0,77
78,12,1,76
78,12,2,75
78,12,3,72
78,12,4,71
78,12,5,70
78,12,6,69
78,12,7,68
78,12,8,65
78,12,9,64
78,18,0,77
78,18,1,76
78,18,2,75
78,18,3,72
78,18,4,71
78,18,5,70
78,18,6,69
78,18,7,68
78,18,8,65
78,18,9,64
79,0,0,78
79,0,1,77
79,0,2,76
79,0,3,75
79,0,4,72
79,0,5,71
79,0,6,70
79,0,7,69
79,0,8,68
79,0,9,65
79,6,0,78
79,6,1,77
79,6,2,76
79,6,3,75
79,6,4,72
79,6,5,71
79,6,6,70
79,6,7,69
79,6,8,68
79,6,9,65
79,12,0,78
79,12,1,77
79,12,2,76
79,12,3,75
79,12,4,72
79,12,5,71
79,12,6,70
79,12,7,69
79,12,8,68
79,12,9,65
79,18,0,78
79,18,1,77
79,18,2,76
79,18,3,75
79,18,4,72
79,18,5,71
79,18,6,70
79,18,7,69
79,18,8,68
79,18,9,65
80,0,0,74
80,0,1,73
80,0,2,67
80,0,3,66
80,0,4,60
80,0,5,59
80,0,6,53
80,0,7,52
80,0,8,46
80,0,9,45
80,6,0,74
80,6,1,73
80,6,2,67
80,6,3,66
80,6,4,60
80,6,5,59
80,6,6,53
80,6,7,52
80,6,8,46
80,6,9,45
80,12,0,74
80,12,1,73
80,12,2,67
80,12,3,66
80,12,4,60
80,12,5,59
80,12,6,53
80,12,7,52
80,12,8,46
80,12,9,45
80,18,0,74
80,18,1,73
80,18,2,67
80,18,3,66
80,18,4,60
80,18,5,59
80,18,6,53
80,18,7,52
80,18,8,46
80,18,9,45
81,0,0,80
81,0,1,74
81,0,2,73
81,0,3,67
81,0,4,66
81,0,5,60
81,0,6,59
81,0,7,53
81,0,8,52
81,0,9,46
81,6,0,80
81,6,1,74
81,6,2,73
81,6,3,67
81,6,4,66
81,6,5,60
81,6,6,59
81,6,7,53
81,6,8,52
81,6,9,46
81,12,0,80
81,12,1,74
81,12,2,73
81,12,3,67
81,12,4,66
81,12,5,60
81,12,6,59
81,12,7,53
81,12,8,52
81,12,9,46
81,18,0,80
81,18,1,74
81,18,2,73
81,18,3,67
81,18,4,66
81,18,5,60
81,18,6,59
81,18,7,53
81,18,8,52
81,18,9,46
82,0,0,79
82,0,1,78
82,0,2,77
82,0,3,76
82,0,4,75
82,0,5,72
82,0,6,71
82,0,7,70
82,0,8,69
82,0,9,68
82,6,0,79
82,6,1,78
82,6,2,77
82,6,3,76
82,6,4,75
82,6,5,72
82,6,6,71
82,6,7,70
82,6,8,69
82,6,9,68
82,12,0,79
82,12,1,78
82,12,2,77
82,12,3,76
82,12,4,75
82,12,5,72
82,12,6,71
82,12,7,70
82,12,8,69
82,12,9,68
82,18,0,79
82,18,1,78
82,18,2,77
82,18,3,76
82,18,4,75
82,18,5,72
82,18,6,71
82,18,7,70
82,18,8,69
82,18,9,68
83,0,0,82
83,0,1,79
83,0,2,78
83,0,3,77
83,0,4,76
83,0,5,75
83,0,6,72
83,0,7,71
83,0,8,70
83,0,9,69
83,6,0,82
83,6,1,79
83,6,2,78
83,6,3,77
83,6,4,76
83,6,5,75
83,6,6,72
83,6,7,71
83,6,8,70
83,6,9,69
83,12,0,82
83,12,1,79
83,12,2,78
83,12,3,77
83,12,4,76
83,12,5,75
83,12,6,72
83,12,7,71
83,12,8,70
83,12,9,69
83,18,0,82
83,18,1,79
83,18,2,78
83,18,3,77
83,18,4,76
83,18,5,75
83,18,6,72
83,18,7,71
83,18,8,70
83,18,9,69
84,0,0,83
84,0,1,82
84,0,2,79
84,0,3,78
84,0,4,77
84,0,5,76
84,0,6,75
84,0,7,72
84,0,8,71
84,0,9,70
84,6,0,83
84,6,1,82
84,6,2,79
84,6,3,78
84,6,4,77
84,6,5,76
84,6,6,75
84,6,7,72
84,6,8,71
84,6,9,70
84,12,0,83
84,12,1,82
84,12,2,79
84,12,3,78
84,12,4,77
84,12,5,76
84,12,6,75
84,12,7,72
84,12,8,71
84,12,9,70
84,18,0,83
84,18,1,82
84,18,2,79
84,18,3,78
84,18,4,77
84,18,5,76
84,18,6,75
84,18,7,72
84,18,8,71
84,18,9,70
85,0,0,84
85,0,1,83
85,0,2,82
85,0,3,79
85,0,4,78
85,0,5,77
85,0,6,76
85,0,7,75
85,0,8,72
85,0,9,71
85,6,0,84
85,6,1,83
85,6,2,82
85,6,3,79
85,6,4,78
85,6,5,77
85,6,6,76
85,6,7,75
85,6,8,72
85,6,9,71
85,12,0,84
85,12,1,83
85,12,2,82
85,12,3,79
85,12,4,78
85,12,5,77
85,12,6,76
85,12,7,75
85,12,8,72
85,12,9,71
85,18,0,84
85,18,1,83
85,18,2,82
85,18,3,79
85,18,4,78
85,18,5,77
85,18,6,76
85,18,7,75
85,18,8,72
85,18,9,71
86,0,0,85
86,0,1,84
86,0,2,83
86,0,3,82
86,0,4,79
86,0,5,78
86,0,6,77
86,0,7,76
86,0,8,75
86,0,9,72
86,6,0,85
86,6,1,84
86,6,2,83
86,6,3,82
86,6,4,79
86,6,5,78
86,6,6,77
86,6,7,76
86,6,8,75
86,6,9,72
86,12,0,85
86,12,1,84
86,12,2,83
86,12,3,82
86,12,4,79
86,12,5,78
86,12,6,77
86,12,7,76
86,12,8,75
86,12,9,72
86,18,0,85
86,18,1,84
86,18,2,83
86,18,3,82
86,18,4,79
86,18,5,78
86,18,6,77
86,18,7,76
86,18,8,75
86,18,9,72
87,0,0,81
87,0,1,80
87,0,2,74
87,0,3,73
87,0,4,67
87,0,5,66
87,0,6,60
87,0,7,59
87,0,8,53
87,0,9,52
87,6,0,81
87,6,1,80
87,6,2,74
87,6,3,73
87,6,4,67
87,6,5,66
87,6,6,60
87,6,7,59
87,6,8,53
87,6,9,52
87,12,0,81
87,12,1,80
87,12,2,74
87,12,3,73
87,12,4,67
87,12,5,66
87,12,6,60
87,12,7,59
87,12,8,53
87,12,9,52
87,18,0,81
87,18,1,80
87,18,2,74
87,18,3,73
87,18,4,67
87,18,5,66
87,18,6,60
87,18,7,59
87,18,8,53
87,18,9,52
88,0,0,87
88,0,1,81
88,0,2,80
88,0,3,74
88,0,4,73
88,0,5,67
88,0,6,66
88,0,7,60
88,0,8,59
88,0,9,53
88,6,0,87
88,6,1,81
88,6,2,80
88,6,3,74
88,6,4,73
88,6,5,67
88,6,6,66
88,6,7,60
88,6,8,59
88,6,9,53
88,12,0,87
88,12,1,81
88,12,2,80
88,12,3,74
88,12,4,73
88,12,5,67
88,12,6,66
88,12,7,60
88,12,8,59
88,12,9,53
88,18,0,87
88,18,1,81
88,18,2,80
88,18,3,74
88,18,4,73
88,18,5,67
88,18,6,66
88,18,7,60
88,18,8,59
88,18,9,53
89,0,0,86
89,0,1,85
89,0,2,84
89,0,3,83
89,0,4,82
89,0,5,79
89,0,6,78
89,0,7,77
89,0,8,76
89,0,9,75
89,6,0,86
89,6,1,85
89,6,2,84
89,6,3,83
89,6,4,82
89,6,5,79
89,6,6,78
89,6,7,77
89,6,8,76
89,6,9,75
89,12,0,86
89,12,1,85
89,12,2,84
89,12,3,83
89,12,4,82
89,12,5,79
89,12,6,78
89,12,7,77
89,12,8,76
89,12,9,75
89,18,0,86
89,18,1,85
89,18,2,84
89,18,3,83
89,18,4,82
89,18,5,79
89,18,6,78
89,18,7,77
89,18,8,76
89,18,9,75
90,0,0,89
90,0,1,86
90,0,2,85
90,0,3,84
90,0,4,83
90,0,5,82
90,0,6,79
90,0,7,78
90,0,8,77
90,0,9,76
90,6,0,89
90,6,1,86
90,6,2,85
90,6,3,84
90,6,4,83
90,6,5,82
90,6,6,79
90,6,7,78
90,6,8,77
90,6,9,76
90,12,0,89
90,12,1,86
90,12,2,85
90,12,3,84
90,12,4,83
90,12,5,82
90,12,6,79
90,12,7,78
90,12,8,77
90,12,9,76
90,18,0,89
90,18,1,86
90,18,2,85
90,18,3,84
90,18,4,83
90,18,5,82
90,18,6,79
90,18,7,78
90,18,8,77
90,18,9,76
91,0,0,90
91,0,1,89
91,0,2,86
91,0,3,85
91,0,4,84
91,0,5,83
91,0,6,82
91,0,7,79
91,0,8,78
91,0,9,77
91,6,0,90
91,6,1,89
91,6,2,86
91,6,3,85
91,6,4,84
91,6,5,83
91,6,6,82
91,6,7,79
91,6,8,78
91,6,9,77
91,12,0,90
91,12,1,89
91,12,2,86
91,12,3,85
91,12,4,84
91,12,5,83
91,12,6,82
91,12,7,79
91,12,8,78
91,12,9,77
91,18,0,90
91,18,1,89
91,18,2,86
91,18,3,85
91,18,4,84
91,18,5,83
91,18,6,82
91,18,7,79
91,18,8,78
91,18,9,77
92,0,0,91
92,0,1,90
92,0,2,89
92,0,3,86
92,0,4,85
92,0,5,84
92,0,6,83
92,0,7,82
92,0,8,79
92,0,9,78
92,6,0,91
92,6,1,90
92,6,2,89
92,6,3,86
92,6,4,85
92,6,5,84
92,6,6,83
92,6,7,82
92,6,8,79
92,6,9,78
92,12,0,91
92,12,1,90
92,12,2,89
92,12,3,86
92,12,4,85
92,12,5,84
92,12,6,83
92,12,7,82
92,12,8,79
92,12,9,78
92,18,0,91
92,18,1,90
92,18,2,89
92,18,3,86
92,18,4,85
92,18,5,84
92,18,6,83
92,18,7,82
92,18,8,79
92,18,9,78
93,0,0,92
93,0,1,91
93,0,2,90
93,0,3,89
93,0,4,86
93,0,5,85
93,0,6,84
93,0,7,83
93,0,8,82
93,0,9,79
93,6,0,92
93,6,1,91
93,6,2,90
93,6,3,89
93,6,4,86
93,6,5,85
93,6,6,84
93,6,7,83
93,6,8,82
93,6,9,79
93,12,0,92
93,12,1,91
93,12,2,90
93,12,3,89
93,12,4,86
93,12,5,85
93,12,6,84
93,12,7,83
93,12,8,82
93,12,9,79
93,18,0,92
93,18,1,91
93,18,2,90
93,18,3,89
93,18,4,86
93,18,5,85
93,18,6,84
93,18,7,83
93,18,8,82
93,18,9,79
94,0,0,88
94,0,1,87
94,0,2,81
94,0,3,80
94,0,4,74
94,0,5,73
94,0,6,67
94,0,7,66
94,0,8,60
94,0,9,59
94,6,0,88
94,6,1,87
94,6,2,81
94,6,3,80
94,6,4,74
94,6,5,73
94,6,6,67
94,6,7,66
94,6,8,60
94,6,9,59
94,12,0,88
94,12,1,87
94,12,2,81
94,12,3,80
94,12,4,74
94,12,5,73
94,12,6,67
94,12,7,66
94,12,8,60
94,12,9,59
94,18,0,88
94,18,1,87
94,18,2,81
94,18,3,80
94,18,4,74
94,18,5,73
94,18,6,67
94,18,7,66
94,18,8,60
94,18,9,59
95,0,0,94
95,0,1,88
95,0,2,87
95,0,3,81
95,0,4,80
95,0,5,74
95,0,6,73
95,0,7,67
95,0,8,66
95,0,9,60
95,6,0,94
95,6,1,88
95,6,2,87
95,6,3,81
95,6,4,80
95,6,5,74
95,6,6,73
95,6,7,67
95,6,8,66
95,6,9,60
95,12,0,94
95,12,1,88
95,12,2,87
95,12,3,81
95,12,4,80
95,12,5,74
95,12,6,73
95,12,7,67
95,12,8,66
95,12,9,60
95,18,0,94
95,18,1,88
95,18,2,87
95,18,3,81
95,18,4,80
95,18,5,74
95,18,6,73
95,18,7,67
95,18,8,66
95,18,9,60
96,0,0,93
96,0,1,92
96,0,2,91
96,0,3,90
96,0,4,89
96,0,5,86
96,0,6,85
96,0,7,84
96,0,8,83
96,0,9,82
96,6,0,93
96,6,1,92
96,6,2,91
96,6,3,90
96,6,4,89
96,6,5,86
96,6,6,85
96,6,7,84
96,6,8,83
96,6,9,82
96,12,0,93
96,12,1,92
96,12,2,91
96,12,3,90
96,12,4,89
96,12,5,86
96,12,6,85
96,12,7,84
96,12,8,83
96,12,9,82
96,18,0,93
96,18,1,92
96,18,2,91
96,18,3,90
96,18,4,89
96,18,5,86
96,18,6,85
96,18,7,84
96,18,8,83
96,18,9,82
97,0,0,96
97,0,1,93
97,0,2,92
97,0,3,91
97,0,4,90
97,0,5,89
97,0,6,86
97,0,7,85
97,0,8,84
97,0,9,83
97,6,0,96
97,6,1,93
97,6,2,92
97,6,3,91
97,6,4,90
97,6,5,89
97,6,6,86
97,6,7,85
97,6,8,84
97,6,9,83
97,12,0,96
97,12,1,93
97,12,2,92
97,12,3,91
97,12,4,90
97,12,5,89
97,12,6,86
97,12,7,85
97,12,8,84
97,12,9,83
97,18,0,96
97,18,1,93
97,18,2,92
97,18,3,91
97,18,4,90
97,18,5,89
97,18,6,86
97,18,7,85
97,18,8,84
97,18,9,83
98,0,0,97
98,0,1,96
98,0,2,93
98,0,3,92
98,0,4,91
98,0,5,90
98,0,6,89
98,0,7,86
98,0,8,85
98,0,9,84
98,6,0,97
98,6,1,96
98,6,2,93
98,6,3,92
98,6,4,91
98,6,5,90
98,6,6,89
98,6,7,86
98,6,8,85
98,6,9,84
98,12,0,97
98,12,1,96
98,12,2,93
98,12,3,92
98,12,4,91
98,12,5,90
98,12,6,89
98,12,7,86
98,12,8,85
98,12,9,84
98,18,0,97
98,18,1,96
98,18,2,93
98,18,3,92
98,18,4,91
98,18,5,90
98,18,6,89
98,18,7,86
98,18,8,85
98,18,9,84
99,0,0,98
99,0,1,97
99,0,2,96
99,0,3,93
99,0,4,92
99,0,5,91
99,0,6,90
99,0,7,89
99,0,8,86
99,0,9,85
99,6,0,98
99,6,1,97
99,6,2,96
99,6,3,93
99,6,4,92
99,6,5,91
99,6,6,90
99,6,7,89
99,6,8,86
99,6,9,85
99,12,0,98
99,12,1,97
99,12,2,96
99,12,3,93
99,12,4,92
99,12,5,91
99,12,6,90
99,12,7,89
99,12,8,86
99,12,9,85
99,18,0,98
99,18,1,97
99,18,2,96
99,18,3,93
99,18,4,92
99,18,5,91
99,18,6,90
99,18,7,89
99,18,8,86
99,18,9,85
100,0,0,99
100,0,1,98
100,0,2,97
100,0,3,96
100,0,4,93
100,0,5,92
100,0,6,91
100,0,7,90
100,0,8,89
100,0,9,86
100,6,0,99
100,6,1,98
100,6,2,97
100,6,3,96
100,6,4,93
100,6,5,92
100,6,6,91
100,6,7,90
100,6,8,89
100,6,9,86
100,12,0,99
100,12,1,98
100,12,2,97
100,12,3,96
100,12,4,93
100,12,5,92
100,12,6,91
100,12,7,90
100,12,8,89
100,12,9,86
100,18,0,99
100,18,1,98
100,18,2,97
100,18,3,96
100,18,4,93
100,18,5,92
100,18,6,91
100,18,7,90
100,18,8,89
100,18,9,86
101,0,0,95
101,0,1,94
101,0,2,88
101,0,3,87
101,0,4,81
101,0,5,80
101,0,6,74
101,0,7,73
101,0,8,67
101,0,9,66
101,6,0,95
101,6,1,94
101,6,2,88
101,6,3,87
101,6,4,81
101,6,5,80
101,6,6,74
101,6,7,73
101,6,8,67
101,6,9,66
101,12,0,95
101,12,1,94
101,12,2,88
101,12,3,87
101,12,4,81
101,12,5,80
101,12,6,74
101,12,7,73
101,12,8,67
101,12,9,66
101,18,0,95
101,18,1,94
101,18,2,88
101,18,3,87
101,18,4,81
101,18,5,80
101,18,6,74
101,18,7,73
101,18,8,67
101,18,9,66
102,0,0,101
102,0,1,95
102,0,2,94
102,0,3,88
102,0,4,87
102,0,5,81
102,0,6,80
102,0,7,74
102,0,8,73
102,0,9,67
102,6,0,101
102,6,1,95
102,6,2,94
102,6,3,88
102,6,4,87
102,6,5,81
102,6,6,80
102,6,7,74
102,6,8,73
102,6,9,67
102,12,0,101
102,12,1,95
102,12,2,94
102,12,3,88
102,12,4,87
102,12,5,81
102,12,6,80
102,12,7,74
102,12,8,73
102,12,9,67
102,18,0,101
102,18,1,95
102,18,2,94
102,18,3,88
102,18,4,87
102,18,5,81
102,18,6,80
102,18,7,74
102,18,8,73
102,18,9,67
103,0,0,100
103,0,1,99
103,0,2,98
103,0,3,97
103,0,4,96
103,0,5,93
103,0,6,92
103,0,7,91
103,0,8,90
103,0,9,89
103,6,0,100
103,6,1,99
103,6,2,98
103,6,3,97
103,6,4,96
103,6,5,93
103,6,6,92
103,6,7,91
103,6,8,90
103,6,9,89
103,12,0,100
103,12,1,99
103,12,2,98
103,12,3,97
103,12,4,96
103,12,5,93
103,12,6,92
103,12,7,91
103,12,8,90
103,12,9,89
103,18,0,100
103,18,1,99
103,18,2,98
103,18,3,97
103,18,4,96
103,18,5,93
103,18,6,92
103,18,7,91
103,18,8,90
103,18,9,89
104,0,0,103
104,0,1,100
104,0,2,99
104,0,3,98
104,0,4,97
104,0,5,96
104,0,6,93
104,0,7,92
104,0,8,91
104,0,9,90
104,6,0,103
104,6,1,100
104,6,2,99
104,6,3,98
104,6,4,97
104,6,5,96
104,6,6,93
104,6,7,92
104,6,8,91
104,6,9,90
104,12,0,103
104,12,1,100
104,12,2,99
104,12,3,98
104,12,4,97
104,12,5,96
104,12,6,93
104,12,7,92
104,12,8,91
104,12,9,90
104,18,0,103
104,18,1,100
104,18,2,99
104,18,3,98
104,18,4,97
104,18,5,96
104,18,6,93
104,18,7,92
104,18,8,91
104,18,9,90
105,0,0,104
105,0,1,103
105,0,2,100
105,0,3,99
105,0,4,98
105,0,5,97
105,0,6,96
105,0,7,93
105,0,8,92
105,0,9,91
105,6,0,104
105,6,1,103
105,6,2,100
105,6,3,99
105,6,4,98
105,6,5,97
105,6,6,96
105,6,7,93
105,6,8,92
105,6,9,91
105,12,0,104
105,12,1,103
105,12,2,100
105,12,3,99
105,12,4,98
105,12,5,97
105,12,6,96
105,12,7,93
105,12,8,92
105,12,9,91
105,18,0,104
105,18,1,103
105,18,2,100
105,18,3,99
105,18,4,98
105,18,5,97
105,18,6,96
105,18,7,93
105,18,8,92
105,18,9,91
106,0,0,105
106,0,1,104
106,0,2,103
106,0,3,100
106,0,4,99
106,0,5,98
106,0,6,97
106,0,7,96
106,0,8,93
106,0,9,92
106,6,0,105
106,6,1,104
106,6,2,103
106,6,3,100
106,6,4,99
106,6,5,98
106,6,6,97
106,6,7,96
106,6,8,93
106,6,9,92
106,12,0,105
106,12,1,104
106,12,2,103
106,12,3,100
106,12,4,99
106,12,5,98
106,12,6,97
106,12,7,96
106,12,8,93
106,12,9,92
106,18,0,105
106,18,1,104
106,18,2,103
106,18,3,100
106,18,4,99
106,18,5,98
106,18,6,97
106,18,7,96
106,18,8,93
106,18,9,92
107,0,0,106
107,0,1,105
107,0,2,104
107,0,3,103
107,0,4,100
107,0,5,99
107,0,6,98
107,0,7,97
107,0,8,96
107,0,9,93
107,6,0,106
107,6,1,105
107,6,2,104
107,6,3,103
107,6,4,100
107,6,5,99
107,6,6,98
107,6,7,97
107,6,8,96
107,6,9,93
107,12,0,106
107,12,1,105
107,12,2,104
107,12,3,103
107,12,4,100
107,12,5,99
107,12,6,98
107,12,7,97
107,12,8,96
107,12,9,93
107,18,0,106
107,18,1,105
107,18,2,104
107,18,3,103
107,18,4,100
107,18,5,99
107,18,6,98
107,18,7,97
107,18,8,96
107,18,9,93
108,0,0,102
108,0,1,101
108,0,2,95
108,0,3,94
108,0,4,88
108,0,5,87
108,0,6,81
108,0,7,80
108,0,8,74
108,0,9,73
108,6,0,102
108,6,1,101
108,6,2,95
108,6,3,94
108,6,4,88
108,6,5,87
108,6,6,81
108,6,7,80
108,6,8,74
108,6,9,73
108,12,0,102
108,12,1,101
108,12,2,95
108,12,3,94
108,12,4,88
108,12,5,87
108,12,6,81
108,12,7,80
108,12,8,74
108,12,9,73
108,18,0,102
108,18,1,101
108,18,2,95
108,18,3,94
108,18,4,88
108,18,5,87
108,18,6,81
108,18,7,80
108,18,8,74
108,18,9,73
109,0,0,108
109,0,1,102
109,0,2,101
109,0,3,95
109,0,4,94
109,0,5,88
109,0,6,87
109,0,7,81
109,0,8,80
109,0,9,74
109,6,0,108
109,6,1,102
109,6,2,101
109,6,3,95
109,6,4,94
109,6,5,88
109,6,6,87
109,6,7,81
109,6,8,80
109,6,9,74
109,12,0,108
109,12,1,102
109,12,2,101
109,12,3,95
109,12,4,94
109,12,5,88
109,12,6,87
109,12,7,81
109,12,8,80
109,12,9,74
109,18,0,108
109,18,1,102
109,18,2,101
109,18,3,95
109,18,4,94
109,18,5,88
109,18,6,87
109,18,7,81
109,18,8,80
109,18,9,74
110,0,0,107
110,0,1,106
110,0,2,105
110,0,3,104
110,0,4,103
110,0,5,100
110,0,6,99
110,0,7,98
110,0,8,97
110,0,9,96
110,6,0,107
110,6,1,106
110,6,2,105
110,6,3,104
110,6,4,103
110,6,5,100
110,6,6,99
110,6,7,98
110,6,8,97
110,6,9,96
110,12,0,107
110,12,1,106
110,12,2,105
110,12,3,104
110,12,4,103
110,12,5,100
110,12,6,99
110,12,7,98
110,12,8,97
110,12,9,96
110,18,0,107
110,18,1,106
110,18,2,105
110,18,3,104
110,18,4,103
110,18,5,100
110,18,6,99
110,18,7,98
110,18,8,97
110,18,9,96
111,0,0,110
111,0,1,107
111,0,2,106
111,0,3,105
111,0,4,104
111,0,5,103
111,0,6,100
111,0,7,99
111,0,8,98
111,0,9,97
111,6,0,110
111,6,1,107
111,6,2,106
111,6,3,105
111,6,4,104
111,6,5,103
111,6,6,100
111,6,7,99
111,6,8,98
111,6,9,97
111,12,0,110
111,12,1,107
111,12,2,106
111,12,3,105
111,12,4,104
111,12,5,103
111,12,6,100
111,12,7,99
111,12,8,98
111,12,9,97
111,18,0,110
111,18,1,107
111,18,2,106
111,18,3,105
111,18,4,104
111,18,5,103
111,18,6,100
111,18,7,99
111,18,8,98
111,18,9,97
112,0,0,111
112,0,1,110
112,0,2,107
112,0,3,106
112,0,4,105
112,0,5,104
112,0,6,103
112,0,7,100
112,0,8,99
112,0,9,98
112,6,0,111
112,6,1,110
112,6,2,107
112,6,3,106
112,6,4,105
112,6,5,104
112,6,6,103
112,6,7,100
112,6,8,99
112,6,9,98
112,12,0,111
112,12,1,110
112,12,2,107
112,12,3,106
112,12,4,105
112,12,5,104
112,12,6,103
112,12,7,100
112,12,8,99
112,12,9,98
112,18,0,111
112,18,1,110
112,18,2,107
112,18,3,106
112,18,4,105
112,18,5,104
112,18,6,103
112,18,7,100
112,18,8,99
112,18,9,98
113,0,0,112
113,0,1,111
113,0,2,110
113,0,3,107
113,0,4,106
113,0,5,105
113,0,6,104
113,0,7,103
113,0,8,100
113,0,9,99
113,6,0,112
113,6,1,111
113,6,2,110
113,6,3,107
113,6,4,106
113,6,5,105
113,6,6,104
113,6,7,103
113,6,8,100
113,6,9,99
113,12,0,112
113,12,1,111
113,12,2,110
113,12,3,107
113,12,4,106
113,12,5,105
113,12,6,104
113,12,7,103
113,12,8,100
113,12,9,99
113,18,0,112
113,18,1,111
113,18,2,110
113,18,3,107
113,18,4,106
113,18,5,105
113,18,6,104
113,18,7,103
113,18,8,100
113,18,9,99
114,0,0,113
114,0,1,112
114,0,2,111
114,0,3,110
114,0,4,107
114,0,5,106
114,0,6,105
114,0,7,104
114,0,8,103
114,0,9,100
114,6,0,113
114,6,1,112
114,6,2,111
114,6,3,110
114,6,4,107
114,6,5,106
114,6,6,105
114,6,7,104
114,6,8,103
114,6,9,100
114,12,0,113
114,12,1,112
114,12,2,111
114,12,3,110
114,12,4,107
114,12,5,106
114,12,6,105
114,12,7,104
114,12,8,103
114,12,9,100
114,18,0,113
114,18,1,112
114,18,2,111
114,18,3,110
114,18,4,107
114,18,5,106
114,18,6,105
114,18,7,104
114,18,8,103
114,18,9,100
115,0,0,109
115,0,1,108
115,0,2,102
115,0,3,101
115,0,4,95
115,0,5,94
115,0,6,88
115,0,7,87
115,0,8,81
115,0,9,80
115,6,0,109
115,6,1,108
115,6,2,102
115,6,3,101
115,6,4,95
115,6,5,94
115,6,6,88
115,6,7,87
115,6,8,81
115,6,9,80
115,12,0,109
115,12,1,108
115,12,2,102
115,12,3,101
115,12,4,95
115,12,5,94
115,12,6,88
115,12,7,87
115,12,8,81
115,12,9,80
115,18,0,109
115,18,1,108
115,18,2,102
115,18,3,101
115,18,4,95
115,18,5,94
115,18,6,88
115,18,7,87
115,18,8,81
115,18,9,80
116,0,0,115
116,0,1,109
116,0,2,108
116,0,3,102
116,0,4,101
116,0,5,95
116,0,6,94
116,0,7,88
116,0,8,87
116,0,9,81
116,6,0,115
116,6,1,109
116,6,2,108
116,6,3,102
116,6,4,101
116,6,5,95
116,6,6,94
116,6,7,88
116,6,8,87
116,6,9,81
116,12,0,115
116,12,1,109
116,12,2,108
116,12,3,102
116,12,4,101
116,12,5,95
116,12,6,94
116,12,7,88
116,12,8,87
116,12,9,81
116,18,0,115
116,18,1,109
116,18,2,108
116,18,3,102
116,18,4,101
116,18,5,95
116,18,6,94
116,18,7,88
116,18,8,87
116,18,9,81
117,0,0,114
117,0,1,113
117,0,2,112
117,0,3,111
117,0,4,110
117,0,5,107
117,0,6,106
117,0,7,105
117,0,8,104
117,0,9,103
117,6,0,114
117,6,1,113
117,6,2,112
117,6,3,111
117,6,4,110
117,6,5,107
117,6,6,106
117,6,7,105
117,6,8,104
117,6,9,103
117,12,0,114
117,12,1,113
117,12,2,112
117,12,3,111
117,12,4,110
117,12,5,107
117,12,6,106
117,12,7,105
117,12,8,104
117,12,9,103
117,18,0,114
117,18,1,113
117,18,2,112
117,18,3,111
117,18,4,110
117,18,5,107
117,18,6,106
117,18,7,105
117,18,8,104
117,18,9,103
118,0,0,117
118,0,1,114
118,0,2,113
118,0,3,112
118,0,4,111
118,0,5,110
118,0,6,107
118,0,7,106
118,0,8,105
118,0,9,104
118,6,0,117
118,6,1,114
118,6,2,113
118,6,3,112
118,6,4,111
118,6,5,110
118,6,6,107
118,6,7,106
118,6,8,105
118,6,9,104
118,12,0,117
118,12,1,114
118,12,2,113
118,12,3,112
118,12,4,111
118,12,5,110
118,12,6,107
118,12,7,106
118,12,8,105
118,12,9,104
118,18,0,117
118,18,1,114
118,18,2,113
118,18,3,112
118,18,4,111
118,18,5,110
118,18,6,107
118,18,7,106
118,18,8,105
118,18,9,104
119,0,0,118
119,0,1,117
119,0,2,114
119,0,3,113
119,0,4,112
119,0,5,111
119,0,6,110
119,0,7,107
119,0,8,106
119,0,9,105
119,6,0,118
119,6,1,117
119,6,2,114
119,6,3,113
119,6,4,112
119,6,5,111
119,6,6,110
119,6,7,107
119,6,8,106
119,6,9,105
119,12,0,118
119,12,1,117
119,12,2,114
119,12,3,113
119,12,4,112
119,12,5,111
119,12,6,110
119,12,7,107
119,12,8,106
119,12,9,105
119,18,0,118
119,18,1,117
119,18,2,114
119,18,3,113
119,18,4,112
119,18,5,111
119,18,6,110
119,18,7,107
119,18,8,106
119,18,9,105
120,0,0,119
120,0,1,118
120,0,2,117
120,0,3,114
120,0,4,113
120,0,5,112
120,0,6,111
120,0,7,110
120,0,8,107
120,0,9,106
120,6,0,119
120,6,1,118
120,6,2,117
120,6,3,114
120,6,4,113
120,6,5,112
120,6,6,111
120,6,7,110
120,6,8,107
120,6,9,106
120,12,0,119
120,12,1,118
120,12,2,117
120,12,3,114
120,12,4,113
120,12,5,112
120,12,6,111
120,12,7,110
120,12,8,107
120,12,9,106
120,18,0,119
120,18,1,118
120,18,2,117
120,18,3,114
120,18,4,113
120,18,5,112
120,18,6,111
120,18,7,110
120,18,8,107
120,18,9,106
121,0,0,120
121,0,1,119
121,0,2,118
121,0,3,117
121,0,4,114
121,0,5,113
121,0,6,112
121,0,7,111
121,0,8,110
121,0,9,107
121,6,0,120
121,6,1,119
121,6,2,118
121,6,3,117
121,6,4,114
121,6,5,113
121,6,6,112
121,6,7,111
121,6,8,110
121,6,9,107
121,12,0,120
121,12,1,119
121,12,2,118
121,12,3,117
121,12,4,114
121,12,5,113
121,12,6,112
121,12,7,111
121,12,8,110
121,12,9,107
121,18,0,120
121,18,1,119
121,18,2,118
121,18,3,117
121,18,4,114
121,18,5,113
121,18,6,112
121,18,7,111
121,18,8,110
121,18,9,107
122,0,0,116
122,0,1,115
122,0,2,109
122,0,3,108
122,0,4,102
122,0,5,101
122,0,6,95
122,0,7,94
122,0,8,88
122,0,9,87
122,6,0,116
122,6,1,115
122,6,2,109
122,6,3,108
122,6,4,102
122,6,5,101
122,6,6,95
122,6,7,94
122,6,8,88
122,6,9,87
122,12,0,116
122,12,1,115
122,12,2,109
122,12,3,108
122,12,4,102
122,12,5,101
122,12,6,95
122,12,7,94
122,12,8,88
122,12,9,87
122,18,0,116
122,18,1,115
122,18,2,109
122,18,3,108
122,18,4,102
122,18,5,101
122,18,6,95
122,18,7,94
122,18,8,88
122,18,9,87
123,0,0,122
123,0,1,116
123,0,2,115
123,0,3,109
123,0,4,108
123,0,5,102
123,0,6,101
123,0,7,95
123,0,8,94
123,0,9,88
123,6,0,122
123,6,1,116
123,6,2,115
123,6,3,109
123,6,4,108
123,6,5,102
123,6,6,101
123,6,7,95
123,6,8,94
123,6,9,88
123,12,0,122
123,12,1,116
123,12,2,115
123,12,3,109
123,12,4,108
123,12,5,102
123,12,6,101
123,12,7,95
123,12,8,94
123,12,9,88
123,18,0,122
123,18,1,116
123,18,2,115
123,18,3,109
123,18,4,108
123,18,5,102
123,18,6,101
123,18,7,95
123,18,8,94
123,18,9,88
124,0,0,121
124,0,1,120
124,0,2,119
124,0,3,118
124,0,4,117
124,0,5,114
124,0,6,113
124,0,7,112
124,0,8,111
124,0,9,110
124,6,0,121
124,6,1,120
124,6,2,119
124,6,3,118
124,6,4,117
124,6,5,114
124,6,6,113
124,6,7,112
124,6,8,111
124,6,9,110
124,12,0,121
124,12,1,120
124,12,2,119
124,12,3,118
124,12,4,117
124,12,5,114
124,12,6,113
124,12,7,112
124,12,8,111
124,12,9,110
124,18,0,121
124,18,1,120
124,18,2,119
124,18,3,118
124,18,4,117
124,18,5,114
124,18,6,113
124,18,7,112
124,18,8,111
124,18,9,110
125,0,0,124
125,0,1,121
125,0,2,120
125,0,3,119
125,0,4,118
125,0,5,117
125,0,6,114
125,0,7,113
125,0,8,112
125,0,9,111
125,6,0,124
125,6,1,121
125,6,2,120
125,6,3,119
125,6,4,118
125,6,5,117
125,6,6,114
125,6,7,113
125,6,8,112
125,6,9,111
125,12,0,124
125,12,1,121
125,12,2,120
125,12,3,119
125,12,4,118
125,12,5,117
125,12,6,114
125,12,7,113
125,12,8,112
125,12,9,111
125,18,0,124
125,18,1,121
125,18,2,120
125,18,3,119
125,18,4,118
125,18,5,117
125,18,6,114
125,18,7,113
125,18,8,112
125,18,9,111
126,0,0,125
126,0,1,124
126,0,2,121
126,0,3,120
126,0,4,119
126,0,5,118
126,0,6,117
126,0,7,114
126,0,8,113
126,0,9,112
126,6,0,125
126,6,1,124
126,6,2,121
126,6,3,120
126,6,4,119
126,6,5,118
126,6,6,117
126,6,7,114
126,6,8,113
126,6,9,112
126,12,0,125
126,12,1,124
126,12,2,121
126,12,3,120
126,12,4,119
126,12,5,118
126,12,6,117
126,12,7,114
126,12,8,113
126,12,9,112
126,18,0,125
126,18,1,124
126,18,2,121
126,18,3,120
126,18,4,119
126,18,5,118
126,18,6,117
126,18,7,114
126,18,8,113
126,18,9,112
127,0,0,126
127,0,1,125
127,0,2,124
127,0,3,121
127,0,4,120
127,0,5,119
127,0,6,118
127,0,7,117
127,0,8,114
127,0,9,113
127,6,0,126
127,6,1,125
127,6,2,124
127,6,3,121
127,6,4,120
127,6,5,119
127,6,6,118
127,6,7,117
127,6,8,114
127,6,9,113
127,12,0,126
127,12,1,125
127,12,2,124
127,12,3,121
127,12,4,120
127,12,5,119
127,12,6,118
127,12,7,117
127,12,8,114
127,12,9,113
127,18,0,126
127,18,1,125
127,18,2,124
127,18,3,121
127,18,4,120
127,18,5,119
127,18,6,118
127,18,7,117
127,18,8,114
127,18,9,113
128,0,0,127
128,0,1,126
128,0,2,125
128,0,3,124
128,0,4,121
128,0,5,120
128,0,6,119
128,0,7,118
128,0,8,117
128,0,9,114
128,6,0,127
128,6,1,126
128,6,2,125
128,6,3,124
128,6,4,121
128,6,5,120
128,6,6,119
128,6,7,118
128,6,8,117
128,6,9,114
128,12,0,127
128,12,1,126
128,12,2,125
128,12,3,124
128,12,4,121
128,12,5,120
128,12,6,119
128,12,7,118
128,12,8,117
128,12,9,114
128,18,0,127
128,18,1,126
128,18,2,125
128,18,3,124
128,18,4,121
128,18,5,120
128,18,6,119
128,18,7,118
128,18,8,117
128,18,9,114
129,0,0,123
129,0,1,122
129,0,2,116
129,0,3,115
129,0,4,109
129,0,5,108
129,0,6,102
129,0,7,101
129,0,8,95
129,0,9,94
129,6,0,123
129,6,1,122
129,6,2,116
129,6,3,115
129,6,4,109
129,6,5,108
129,6,6,102
129,6,7,101
129,6,8,95
129,6,9,94
129,12,0,123
129,12,1,122
129,12,2,116
129,12,3,115
129,12,4,109
129,12,5,108
129,12,6,102
129,12,7,101
129,12,8,95
129,12,9,94
129,18,0,123
129,18,1,122
129,18,2,116
129,18,3,115
129,18,4,109
129,18,5,108
129,18,6,102
129,18,7,101
129,18,8,95
129,18,9,94
130,0,0,129
130,0,1,123
130,0,2,122
130,0,3,116
130,0,4,115
130,0,5,109
130,0,6,108
130,0,7,102
130,0,8,101
130,0,9,95
130,6,0,129
130,6,1,123
130,6,2,122
130,6,3,116
130,6,4,115
130,6,5,109
130,6,6,108
130,6,7,102
130,6,8,101
130,6,9,95
130,12,0,129
130,12,1,123
130,12,2,122
130,12,3,116
130,12,4,115
130,12,5,109
130,12,6,108
130,12,7,102
130,12,8,101
130,12,9,95
130,18,0,129
130,18,1,123
130,18,2,122
130,18,3,116
130,18,4,115
130,18,5,109
130,18,6,108
130,18,7,102
130,18,8,101
130,18,9,95
131,0,0,128
131,0,1,127
131,0,2,126
131,0,3,125
131,0,4,124
131,0,5,121
131,0,6,120
131,0,7,119
131,0,8,118
131,0,9,117
131,6,0,128
131,6,1,127
131,6,2,126
131,6,3,125
131,6,4,124
131,6,5,121
131,6,6,120
131,6,7,119
131,6,8,118
131,6,9,117
131,12,0,128
131,12,1,127
131,12,2,126
131,12,3,125
131,12,4,124
131,12,5,121
131,12,6,120
131,12,7,119
131,12,8,118
131,12,9,117
131,18,0,128
131,18,1,127
131,18,2,126
131,18,3,125
131,18,4,124
131,18,5,121
131,18,6,120
131,18,7,119
131,18,8,118
131,18,9,117
132,0,0,131
132,0,1,128
132,0,2,127
132,0,3,126
132,0,4,125
132,0,5,124
132,0,6,121
132,0,7,120
132,0,8,119
132,0,9,118
132,6,0,131
132,6,1,128
132,6,2,127
132,6,3,126
132,6,4,125
132,6,5,124
132,6,6,121
132,6,7,120
132,6,8,119
132,6,9,118
132,12,0,131
132,12,1,128
132,12,2,127
132,12,3,126
132,12,4,125
132,12,5,124
132,12,6,121
132,12,7,120
132,12,8,119
132,12,9,118
132,18,0,131
132,18,1,128
132,18,2,127
132,18,3,126
132,18,4,125
132,18,5,124
132,18,6,121
132,18,7,120
132,18,8,119
132,18,9,118
133,0,0,132
133,0,1,131
133,0,2,128
133,0,3,127
133,0,4,126
133,0,5,125
133,0,6,124
133,0,7,121
133,0,8,120
133,0,9,119
133,6,0,132
133,6,1,131
133,6,2,128
133,6,3,127
133,6,4,126
133,6,5,125
133,6,6,124
133,6,7,121
133,6,8,120
133,6,9,119
133,12,0,132
133,12,1,131
133,12,2,128
133,12,3,127
133,12,4,126
133,12,5,125
133,12,6,124
133,12,7,121
133,12,8,120
133,12,9,119
133,18,0,132
133,18,1,131
133,18,2,128
133,18,3,127
133,18,4,126
133,18,5,125
133,18,6,124
133,18,7,121
133,18,8,120
133,18,9,119
134,0,0,133
134,0,1,132
134,0,2,131
134,0,3,128
134,0,4,127
134,0,5,126
134,0,6,125
134,0,7,124
134,0,8,121
134,0,9,120
134,6,0,133
134,6,1,132
134,6,2,131
134,6,3,128
134,6,4,127
134,6,5,126
134,6,6,125
134,6,7,124
134,6,8,121
134,6,9,120
134,12,0,133
134,12,1,132
134,12,2,131
134,12,3,128
134,12,4,127
134,12,5,126
134,12,6,125
134,12,7,124
134,12,8,121
134,12,9,120
134,18,0,133
134,18,1,132
134,18,2,131
134,18,3,128
134,18,4,127
134,18,5,126
134,18,6,125
134,18,7,124
134,18,8,121
134,18,9,120
135,0,0,134
135,0,1,133
135,0,2,132
135,0,3,131
135,0,4,128
135,0,5,127
135,0,6,126
135,0,7,125
135,0,8,124
135,0,9,121
135,6,0,134
135,6,1,133
135,6,2,132
135,6,3,131
135,6,4,128
135,6,5,127
135,6,6,126
135,6,7,125
135,6,8,124
135,6,9,121
135,12,0,134
135,12,1,133
135,12,2,132
135,12,3,131
135,12,4,128
135,12,5,127
135,12,6,126
135,12,7,125
135,12,8,124
135,12,9,121
135,18,0,134
135,18,1,133
135,18,2,132
135,18,3,131
135,18,4,128
135,18,5,127
135,18,6,126
135,18,7,125
135,18,8,124
135,18,9,121
136,0,0,130
136,0,1,129
136,0,2,123
136,0,3,122
136,0,4,116
136,0,5,115
136,0,6,109
136,0,7,108
136,0,8,102
136,0,9,101
136,6,0,130
136,6,1,129
136,6,2,123
136,6,3,122
136,6,4,116
136,6,5,115
136,6,6,109
136,6,7,108
136,6,8,102
136,6,9,101
136,12,0,130
136,12,1,129
136,12,2,123
136,12,3,122
136,12,4,116
136,12,5,115
136,12,6,109
136,12,7,108
136,12,8,102
136,12,9,101
136,18,0,130
136,18,1,129
136,18,2,123
136,18,3,122
136,18,4,116
136,18,5,115
136,18,6,109
136,18,7,108
136,18,8,102
136,18,9,101
137,0,0,136
137,0,1,130
137,0,2,129
137,0,3,123
137,0,4,122
137,0,5,116
137,0,6,115
137,0,7,109
137,0,8,108
137,0,9,102
137,6,0,136
137,6,1,130
137,6,2,129
137,6,3,123
137,6,4,122
137,6,5,116
137,6,6,115
137,6,7,109
137,6,8,108
137,6,9,102
137,12,0,136
137,12,1,130
137,12,2,129
137,12,3,123
137,12,4,122
137,12,5,116
137,12,6,115
137,12,7,109
137,12,8,108
137,12,9,102
137,18,0,136
137,18,1,130
137,18,2,129
137,18,3,123
137,18,4,122
137,18,5,116
137,18,6,115
137,18,7,109
137,18,8,108
137,18,9,102
138,0,0,135
138,0,1,134
138,0,2,133
138,0,3,132
138,0,4,131
138,0,5,128
138,0,6,127
138,0,7,126
138,0,8,125
138,0,9,124
138,6,0,135
138,6,1,134
138,6,2,133
138,6,3,132
138,6,4,131
138,6,5,128
138,6,6,127
138,6,7,126
138,6,8,125
138,6,9,124
138,12,0,135
138,12,1,134
138,12,2,133
138,12,3,132
138,12,4,131
138,12,5,128
138,12,6,127
138,12,7,126
138,12,8,125
138,12,9,124
138,18,0,135
138,18,1,134
138,18,2,133
138,18,3,132
138,18,4,131
138,18,5,128
138,18,6,127
138,18,7,126
138,18,8,125
138,18,9,124
139,0,0,138
139,0,1,135
139,0,2,134
139,0,3,133
139,0,4,132
139,0,5,131
139,0,6,128
139,0,7,127
139,0,8,126
139,0,9,125
139,6,0,138
139,6,1,135
139,6,2,134
139,6,3,133
139,6,4,132
139,6,5,131
139,6,6,128
139,6,7,127
139,6,8,126
139,6,9,125
139,12,0,138
139,12,1,135
139,12,2,134
139,12,3,133
139,12,4,132
139,12,5,131
139,12,6,128
139,12,7,127
139,12,8,126
139,12,9,125
139,18,0,138
139,18,1,135
139,18,2,134
139,18,3,133
139,18,4,132
139,18,5,131
139,18,6,128
139,18,7,127
139,18,8,126
139,18,9,125
140,0,0,139
140,0,1,138
140,0,2,135
140,0,3,134
140,0,4,133
140,0,5,132
140,0,6,131
140,0,7,128
140,0,8,127
140,0,9,126
140,6,0,139
140,6,1,138
140,6,2,135
140,6,3,134
140,6,4,133
140,6,5,132
140,6,6,131
140,6,7,128
140,6,8,127
140,6,9,126
140,12,0,139
140,12,1,138
140,12,2,135
140,12,3,134
140,12,4,133
140,12,5,132
140,12,6,131
140,12,7,128
140,12,8,127
140,12,9,126
140,18,0,139
140,18,1,138
140,18,2,135
140,18,3,134
140,18,4,133
140,18,5,132
140,18,6,131
140,18,7,128
140,18,8,127
140,18,9,126
141,0,0,140
141,0,1,139
141,0,2,138
141,0,3,135
141,0,4,134
141,0,5,133
141,0,6,132
141,0,7,131
141,0,8,128
141,0,9,127
141,6,0,140
141,6,1,139
141,6,2,138
141,6,3,135
141,6,4,134
141,6,5,133
141,6,6,132
141,6,7,131
141,6,8,128
141,6,9,127
141,12,0,140
141,12,1,139
141,12,2,138
141,12,3,135
141,12,4,134
141,12,5,133
141,12,6,132
141,12,7,131
141,12,8,128
141,12,9,127
141,18,0,140
141,18,1,139
141,18,2,138
141,18,3,135
141,18,4,134
141,18,5,133
141,18,6,132
141,18,7,131
141,18,8,128
141,18,9,127
142,0,0,141
142,0,1,140
142,0,2,139
142,0,3,138
142,0,4,135
142,0,5,134
142,0,6,133
142,0,7,132
142,0,8,131
142,0,9,128
142,6,0,141
142,6,1,140
142,6,2,139
142,6,3,138
142,6,4,135
142,6,5,134
142,6,6,133
142,6,7,132
142,6,8,131
142,6,9,128
142,12,0,141
142,12,1,140
142,12,2,139
142,12,3,138
142,12,4,135
142,12,5,134
142,12,6,133
142,12,7,132
142,12,8,131
142,12,9,128
142,18,0,141
142,18,1,140
142,18,2,139
142,18,3,138
142,18,4,135
142,18,5,134
142,18,6,133
142,18,7,132
142,18,8,131
142,18,9,128
143,0,0,137
143,0,1,136
143,0,2,130
143,0,3,129
143,0,4,123
143,0,5,122
143,0,6,116
143,0,7,115
143,0,8,109
143,0,9,108
143,6,0,137
143,6,1,136
143,6,2,130
143,6,3,129
143,6,4,123
143,6,5,122
143,6,6,116
143,6,7,115
143,6,8,109
143,6,9,108
143,12,0,137
143,12,1,136
143,12,2,130
143,12,3,129
143,12,4,123
143,12,5,122
143,12,6,116
143,12,7,115
143,12,8,109
143,12,9,108
143,18,0,137
143,18,1,136
143,18,2,130
143,18,3,129
143,18,4,123
143,18,5,122
143,18,6,116
143,18,7,115
143,18,8,109
143,18,9,108
144,0,0,143
144,0,1,137
144,0,2,136
144,0,3,130
144,0,4,129
144,0,5,123
144,0,6,122
144,0,7,116
144,0,8,115
144,0,9,109
144,6,0,143
144,6,1,137
144,6,2,136
144,6,3,130
144,6,4,129
144,6,5,123
144,6,6,122
144,6,7,116
144,6,8,115
144,6,9,109
144,12,0,143
144,12,1,137
144,12,2,136
144,12,3,130
144,12,4,129
144,12,5,123
144,12,6,122
144,12,7,116
144,12,8,115
144,12,9,109
144,18,0,143
144,18,1,137
144,18,2,136
144,18,3,130
144,18,4,129
144,18,5,123
144,18,6,122
144,18,7,116
144,18,8,115
144,18,9,109
145,0,0,142
145,0,1,141
145,0,2,140
145,0,3,139
145,0,4,138
145,0,5,135
145,0,6,134
145,0,7,133
145,0,8,132
145,0,9,131
145,6,0,142
145,6,1,141
145,6,2,140
145,6,3,139
145,6,4,138
145,6,5,135
145,6,6,134
145,6,7,133
145,6,8,132
145,6,9,131
145,12,0,142
145,12,1,141
145,12,2,140
145,12,3,139
145,12,4,138
145,12,5,135
145,12,6,134
145,12,7,133
145,12,8,132
145,12,9,131
145,18,0,142
145,18,1,141
145,18,2,140
145,18,3,139
145,18,4,138
145,18,5,135
145,18,6,134
145,18,7,133
145,18,8,132
145,18,9,131
146,0,0,145
146,0,1,142
146,0,2,141
146,0,3,140
146,0,4,139
146,0,5,138
146,0,6,135
146,0,7,134
146,0,8,133
146,0,9,132
146,6,0,145
146,6,1,142
146,6,2,141
146,6,3,140
146,6,4,139
146,6,5,138
146,6,6,135
146,6,7,134
146,6,8,133
146,6,9,132
146,12,0,145
146,12,1,142
146,12,2,141
146,12,3,140
146,12,4,139
146,12,5,138
146,12,6,135
146,12,7,134
146,12,8,133
146,12,9,132
146,18,0,145
146,18,1,142
146,18,2,141
146,18,3,140
146,18,4,139
146,18,5,138
146,18,6,135
146,18,7,134
146,18,8,133
146,18,9,132
147,0,0,146
147,0,1,145
147,0,2,142
147,0,3,141
147,0,4,140
147,0,5,139
147,0,6,138
147,0,7,135
147,0,8,134
147,0,9,133
147,6,0,146
147,6,1,145
147,6,2,142
147,6,3,141
147,6,4,140
147,6,5,139
147,6,6,138
147,6,7,135
147,6,8,134
147,6,9,133
147,12,0,146
147,12,1,145
147,12,2,142
147,12,3,141
147,12,4,140
147,12,5,139
147,12,6,138
147,12,7,135
147,12,8,134
147,12,9,133
147,18,0,146
147,18,1,145
147,18,2,142
147,18,3,141
147,18,4,140
147,18,5,139
147,18,6,138
147,18,7,135
147,18,8,134
147,18,9,133
148,0,0,147
148,0,1,146
148,0,2,145
148,0,3,142
148,0,4,141
148,0,5,140
148,0,6,139
148,0,7,138
148,0,8,135
148,0,9,134
148,6,0,147
148,6,1,146
148,6,2,145
148,6,3,142
148,6,4,141
148,6,5,140
148,6,6,139
148,6,7,138
148,6,8,135
148,6,9,134
148,12,0,147
148,12,1,146
148,12,2,145
148,12,3,142
148,12,4,141
148,12,5,140
148,12,6,139
148,12,7,138
148,12,8,135
148,12,9,134
148,18,0,147
148,18,1,146
148,18,2,145
148,18,3,142
148,18,4,141
148,18,5,140
148,18,6,139
148,18,7,138
148,18,8,135
148,18,9,134
149,0,0,148
149,0,1,147
149,0,2,146
149,0,3,145
149,0,4,142
149,0,5,141
149,0,6,140
149,0,7,139
149,0,8,138
149,0,9,135
149,6,0,148
149,6,1,147
149,6,2,146
149,6,3,145
149,6,4,142
149,6,5,141
149,6,6,140
149,6,7,139
149,6,8,138
149,6,9,135
149,12,0,148
149,12,1,147
149,12,2,146
149,12,3,145
149,12,4,142
149,12,5,141
149,12,6,140
149,12,7,139
149,12,8,138
149,12,9,135
149,18,0,148
149,18,1,147
149,18,2,146
149,18,3,145
149,18,4,142
149,18,5,141
149,18,6,140
149,18,7,139
149,18,8,138
149,18,9,135
150,0,0,144
150,0,1,143
150,0,2,137
150,0,3,136
150,0,4,130
150,0,5,129
150,0,6,123
150,0,7,122
150,0,8,116
150,0,9,115
150,6,0,144
150,6,1,143
150,6,2,137
150,6,3,136
150,6,4,130
150,6,5,129
150,6,6,123
150,6,7,122
150,6,8,116
150,6,9,115
150,12,0,144
150,12,1,143
150,12,2,137
150,12,3,136
150,12,4,130
150,12,5,129
150,12,6,123
150,12,7,122
150,12,8,116
150,12,9,115
150,18,0,144
150,18,1,143
150,18,2,137
150,18,3,136
150,18,4,130
150,18,5,129
150,18,6,123
150,18,7,122
150,18,8,116
150,18,9,115
151,0,0,150
151,0,1,144
151,0,2,143
151,0,3,137
151,0,4,136
151,0,5,130
151,0,6,129
151,0,7,123
151,0,8,122
151,0,9,116
151,6,0,150
151,6,1,144
151,6,2,143
151,6,3,137
151,6,4,136
151,6,5,130
151,6,6,129
151,6,7,123
151,6,8,122
151,6,9,116
151,12,0,150
151,12,1,144
151,12,2,143
151,12,3,137
151,12,4,136
151,12,5,130
151,12,6,129
151,12,7,123
151,12,8,122
151,12,9,116
151,18,0,150
151,18,1,144
151,18,2,143
151,18,3,137
151,18,4,136
151,18,5,130
151,18,6,129
151,18,7,123
151,18,8,122
151,18,9,116
152,0,0,149
152,0,1,148
152,0,2,147
152,0,3,146
152,0,4,145
152,0,5,142
152,0,6,141
152,0,7,140
152,0,8,139
152,0,9,138
152,6,0,149
152,6,1,148
152,6,2,147
152,6,3,146
152,6,4,145
152,6,5,142
152,6,6,141
152,6,7,140
152,6,8,139
152,6,9,138
152,12,0,149
152,12,1,148
152,12,2,147
152,12,3,146
152,12,4,145
152,12,5,142
152,12,6,141
152,12,7,140
152,12,8,139
152,12,9,138
152,18,0,149
152,18,1,148
152,18,2,147
152,18,3,146
152,18,4,145
152,18,5,142
152,18,6,141
152,18,7,140
152,18,8,139
152,18,9,138
153,0,0,152
153,0,1,149
153,0,2,148
153,0,3,147
153,0,4,146
153,0,5,145
153,0,6,142
153,0,7,141
153,0,8,140
153,0,9,139
153,6,0,152
153,6,1,149
153,6,2,148
153,6,3,147
153,6,4,146
153,6,5,145
153,6,6,142
153,6,7,141
153,6,8,140
153,6,9,139
153,12,0,152
153,12,1,149
153,12,2,148
153,12,3,147
153,12,4,146
153,12,5,145
153,12,6,142
153,12,7,141
153,12,8,140
153,12,9,139
153,18,0,152
153,18,1,149
153,18,2,148
153,18,3,147
153,18,4,146
153,18,5,145
153,18,6,142
153,18,7,141
153,18,8,140
153,18,9,139
154,0,0,153
154,0,1,152
154,0,2,149
154,0,3,148
154,0,4,147
154,0,5,146
154,0,6,145
154,0,7,142
154,0,8,141
154,0,9,140
154,6,0,153
154,6,1,152
154,6,2,149
154,6,3,148
154,6,4,147
154,6,5,146
154,6,6,145
154,6,7,142
154,6,8,141
154,6,9,140
154,12,0,153
154,12,1,152
154,12,2,149
154,12,3,148
154,12,4,147
154,12,5,146
154,12,6,145
154,12,7,142
154,12,8,141
154,12,9,140
154,18,0,153
154,18,1,152
154,18,2,149
154,18,3,148
154,18,4,147
154,18,5,146
154,18,6,145
154,18,7,142
154,18,8,141
154,18,9,140
155,0,0,154
155,0,1,153
155,0,2,152
155,0,3,149
155,0,4,148
155,0,5,147
155,0,6,146
155,0,7,145
155,0,8,142
155,0,9,141
155,6,0,154
155,6,1,153
155,6,2,152
155,6,3,149
155,6,4,148
155,6,5,147
155,6,6,146
155,6,7,145
155,6,8,142
155,6,9,141
155,12,0,154
155,12,1,153
155,12,2,152
155,12,3,149
155,12,4,148
155,12,5,147
155,12,6,146
155,12,7,145
155,12,8,142
155,12,9,141
155,18,0,154
155,18,1,153
155,18,2,152
155,18,3,149
155,18,4,148
155,18,5,147
155,18,6,146
155,18,7,145
155,18,8,142
155,18,9,141
156,0,0,155
156,0,1,154
156,0,2,153
156,0,3,152
156,0,4,149
156,0,5,148
156,0,6,147
156,0,7,146
156,0,8,145
156,0,9,142
156,6,0,155
156,6,1,154
156,6,2,153
156,6,3,152
156,6,4,149
156,6,5,148
156,6,6,147
156,6,7,146
156,6,8,145
156,6,9,142
156,12,0,155
156,12,1,154
156,12,2,153
156,12,3,152
156,12,4,149
156,12,5,148
156,12,6,147
156,12,7,146
156,12,8,145
156,12,9,142
156,18,0,155
156,18,1,154
156,18,2,153
156,18,3,152
156,18,4,149
156,18,5,148
156,18,6,147
156,18,7,146
156,18,8,145
156,18,9,142
157,0,0,151
157,0,1,150
157,0,2,144
157,0,3,143
157,0,4,137
157,0,5,136
157,0,6,130
157,0,7,129
157,0,8,123
157,0,9,122
157,6,0,151
157,6,1,150
157,6,2,144
157,6,3,143
157,6,4,137
157,6,5,136
157,6,6,130
157,6,7,129
157,6,8,123
157,6,9,122
157,12,0,151
157,12,1,150
157,12,2,144
157,12,3,143
157,12,4,137
157,12,5,136
157,12,6,130
157,12,7,129
157,12,8,123
157,12,9,122
157,18,0,151
157,18,1,150
157,18,2,144
157,18,3,143
157,18,4,137
157,18,5,136
157,18,6,130
157,18,7,129
157,18,8,123
157,18,9,122
158,0,0,157
158,0,1,151
158,0,2,150
158,0,3,144
158,0,4,143
158,0,5,137
158,0,6,136
158,0,7,130
158,0,8,129
158,0,9,123
158,6,0,157
158,6,1,151
158,6,2,150
158,6,3,144
158,6,4,143
158,6,5,137
158,6,6,136
158,6,7,130
158,6,8,129
158,6,9,123
158,12,0,157
158,12,1,151
158,12,2,150
158,12,3,144
158,12,4,143
158,12,5,137
158,12,6,136
158,12,7,130
158,12,8,129
158,12,9,123
158,18,0,157
158,18,1,151
158,18,2,150
158,18,3,144
158,18,4,143
158,18,5,137
158,18,6,136
158,18,7,130
158,18,8,129
158,18,9,123
159,0,0,156
159,0,1,155
159,0,2,154
159,0,3,153
159,0,4,152
159,0,5,149
159,0,6,148
159,0,7,147
159,0,8,146
159,0,9,145
159,6,0,156
159,6,1,155
159,6,2,154
159,6,3,153
159,6,4,152
159,6,5,149
159,6,6,148
159,6,7,147
159,6,8,146
159,6,9,145
159,12,0,156
159,12,1,155
159,12,2,154
159,12,3,153
159,12,4,152
159,12,5,149
159,12,6,148
159,12,7,147
159,12,8,146
159,12,9,145
159,18,0,156
159,18,1,155
159,18,2,154
159,18,3,153
159,18,4,152
159,18,5,149
159,18,6,148
159,18,7,147
159,18,8,146
159,18,9,145
160,0,0,159
160,0,1,156
160,0,2,155
160,0,3,154
160,0,4,153
160,0,5,152
160,0,6,149
160,0,7,148
160,0,8,147
160,0,9,146
160,6,0,159
160,6,1,156
160,6,2,155
160,6,3,154
160,6,4,153
160,6,5,152
160,6,6,149
160,6,7,148
160,6,8,147
160,6,9,146
160,12,0,159
160,12,1,156
160,12,2,155
160,12,3,154
160,12,4,153
160,12,5,152
160,12,6,149
160,12,7,148
160,12,8,147
160,12,9,146
160,18,0,159
160,18,1,156
160,18,2,155
160,18,3,154
160,18,4,153
160,18,5,152
160,18,6,149
160,18,7,148
160,18,8,147
160,18,9,146
161,0,0,160
161,0,1,159
161,0,2,156
161,0,3,155
161,0,4,154
161,0,5,153
161,0,6,152
161,0,7,149
161,0,8,148
161,0,9,147
161,6,0,160
161,6,1,159
161,6,2,156
161,6,3,155
161,6,4,154
161,6,5,153
161,6,6,152
161,6,7,149
161,6,8,148
161,6,9,147
161,12,0,160
161,12,1,159
161,12,2,156
161,12,3,155
161,12,4,154
161,12,5,153
161,12,6,152
161,12,7,149
161,12,8,148
161,12,9,147
161,18,0,160
161,18,1,159
161,18,2,156
161,18,3,155
161,18,4,154
161,18,5,153
161,18,6,152
161,18,7,149
161,18,8,148
161,18,9,147
162,0,0,161
162,0,1,160
162,0,2,159
162,0,3,156
162,0,4,155
162,0,5,154
162,0,6,153
162,0,7,152
162,0,8,149
162,0,9,148
162,6,0,161
162,6,1,160
162,6,2,159
162,6,3,156
162,6,4,155
162,6,5,154
162,6,6,153
162,6,7,152
162,6,8,149
162,6,9,148
162,12,0,161
162,12,1,160
162,12,2,159
162,12,3,156
162,12,4,155
162,12,5,154
162,12,6,153
162,12,7,152
162,12,8,149
162,12,9,148
162,18,0,161
162,18,1,160
162,18,2,159
162,18,3,156
162,18,4,155
162,18,5,154
162,18,6,153
162,18,7,152
162,18,8,149
162,18,9,148
163,0,0,162
163,0,1,161
163,0,2,160
163,0,3,159
163,0,4,156
163,0,5,155
163,0,6,154
163,0,7,153
163,0,8,152
163,0,9,149
163,6,0,162
163,6,1,161
163,6,2,160
163,6,3,159
163,6,4,156
163,6,5,155
163,6,6,154
163,6,7,153
163,6,8,152
163,6,9,149
163,12,0,162
163,12,1,161
163,12,2,160
163,12,3,159
163,12,4,156
163,12,5,155
163,12,6,154
163,12,7,153
163,12,8,152
163,12,9,149
163,18,0,162
163,18,1,161
163,18,2,160
163,18,3,159
163,18,4,156
163,18,5,155
163,18,6,154
163,18,7,153
163,18,8,152
163,18,9,149
164,0,0,158
164,0,1,157
164,0,2,151
164,0,3,150
164,0,4,144
164,0,5,143
164,0,6,137
164,0,7,136
164,0,8,130
164,0,9,129
164,6,0,158
164,6,1,157
164,6,2,151
164,6,3,150
164,6,4,144
164,6,5,143
164,6,6,137
164,6,7,136
164,6,8,130
164,6,9,129
164,12,0,158
164,12,1,157
164,12,2,151
164,12,3,150
164,12,4,144
164,12,5,143
164,12,6,137
164,12,7,136
164,12,8,130
164,12,9,129
164,18,0,158
164,18,1,157
164,18,2,151
164,18,3,150
164,18,4,144
164,18,5,143
164,18,6,137
164,18,7,136
164,18,8,130
164,18,9,129
165,0,0,164
165,0,1,158
165,0,2,157
165,0,3,151
165,0,4,150
165,0,5,144
165,0,6,143
165,0,7,137
165,0,8,136
165,0,9,130
165,6,0,164
165,6,1,158
165,6,2,157
165,6,3,151
165,6,4,150
165,6,5,144
165,6,6,143
165,6,7,137
165,6,8,136
165,6,9,130
165,12,0,164
165,12,1,158
165,12,2,157
165,12,3,151
165,12,4,150
165,12,5,144
165,12,6,143
165,12,7,137
165,12,8,136
165,12,9,130
165,18,0,164
165,18,1,158
165,18,2,157
165,18,3,151
165,18,4,150
165,18,5,144
165,18,6,143
165,18,7,137
165,18,8,136
165,18,9,130
166,0,0,163
166,0,1,162
166,0,2,161
166,0,3,160
166,0,4,159
166,0,5,156
166,0,6,155
166,0,7,154
166,0,8,153
166,0,9,152
166,6,0,163
166,6,1,162
166,6,2,161
166,6,3,160
166,6,4,159
166,6,5,156
166,6,6,155
166,6,7,154
166,6,8,153
166,6,9,152
166,12,0,163
166,12,1,162
166,12,2,161
166,12,3,160
166,12,4,159
166,12,5,156
166,12,6,155
166,12,7,154
166,12,8,153
166,12,9,152
166,18,0,163
166,18,1,162
166,18,2,161
166,18,3,160
166,18,4,159
166,18,5,156
166,18,6,155
166,18,7,154
166,18,8,153
166,18,9,152
167,0,0,166
167,0,1,163
167,0,2,162
167,0,3,161
167,0,4,160
167,0,5,159
167,0,6,156
167,0,7,155
167,0,8,154
167,0,9,153
167,6,0,166
167,6,1,163
167,6,2,162
167,6,3,161
167,6,4,160
167,6,5,159
167,6,6,156
167,6,7,155
167,6,8,154
167,6,9,153
167,12,0,166
167,12,1,163
167,12,2,162
167,12,3,161
167,12,4,160
167,12,5,159
167,12,6,156
167,12,7,155
167,12,8,154
167,12,9,153
167,18,0,166
167,18,1,163
167,18,2,162
167,18,3,161
167,18,4,160
167,18,5,159
167,18,6,156
167,18,7,155
167,18,8,154
167,18,9,153
168,0,0,167
168,0,1,166
168,0,2,163
168,0,3,162
168,0,4,161
168,0,5,160
168,0,6,159
168,0,7,156
168,0,8,155
168,0,9,154
168,6,0,167
168,6,1,166
168,6,2,163
168,6,3,162
168,6,4,161
168,6,5,160
168,6,6,159
168,6,7,156
168,6,8,155
168,6,9,154
168,12,0,167
168,12,1,166
168,12,2,163
168,12,3,162
168,12,4,161
168,12,5,160
168,12,6,159
168,12,7,156
168,12,8,155
168,12,9,154
168,18,0,167
168,18,1,166
168,18,2,163
168,18,3,162
168,18,4,161
168,18,5,160
168,18,6,159
168,18,7,156
168,18,8,155
168,18,9,154
169,0,0,168
169,0,1,167
169,0,2,166
169,0,3,163
169,0,4,162
169,0,5,161
169,0,6,160
169,0,7,159
169,0,8,156
169,0,9,155
169,6,0,168
169,6,1,167
169,6,2,166
169,6,3,163
169,6,4,162
169,6,5,161
169,6,6,160
169,6,7,159
169,6,8,156
169,6,9,155
169,12,0,168
169,12,1,167
169,12,2,166
169,12,3,163
169,12,4,162
169,12,5,161
169,12,6,160
169,12,7,159
169,12,8,156
169,12,9,155
169,18,0,168
169,18,1,167
169,18,2,166
169,18,3,163
169,18,4,162
169,18,5,161
169,18,6,160
169,18,7,159
169,18,8,156
169,18,9,155
170,0,0,169
170,0,1,168
170,0,2,167
170,0,3,166
170,0,4,163
170,0,5,162
170,0,6,161
170,0,7,160
170,0,8,159
170,0,9,156
170,6,0,169
170,6,1,168
170,6,2,167
170,6,3,166
170,6,4,163
170,6,5,162
170,6,6,161
170,6,7,160
170,6,8,159
170,6,9,156
170,12,0,169
170,12,1,168
170,12,2,167
170,12,3,166
170,12,4,163
170,12,5,162
170,12,6,161
170,12,7,160
170,12,8,159
170,12,9,156
170,18,0,169
170,18,1,168
170,18,2,167
170,18,3,166
170,18,4,163
170,18,5,162
170,18,6,161
170,18,7,160
170,18,8,159
170,18,9,156
171,0,0,165
171,0,1,164
171,0,2,158
171,0,3,157
171,0,4,151
171,0,5,150
171,0,6,144
171,0,7,143
171,0,8,137
171,0,9,136
171,6,0,165
171,6,1,164
171,6,2,158
171,6,3,157
171,6,4,151
171,6,5,150
171,6,6,144
171,6,7,143
171,6,8,137
171,6,9,136
171,12,0,165
171,12,1,164
171,12,2,158
171,12,3,157
171,12,4,151
171,12,5,150
171,12,6,144
171,12,7,143
171,12,8,137
171,12,9,136
171,18,0,165
171,18,1,164
171,18,2,158
171,18,3,157
171,18,4,151
171,18,5,150
171,18,6,144
171,18,7,143
171,18,8,137
171,18,9,136
172,0,0,171
172,0,1,165
172,0,2,164
172,0,3,158
172,0,4,157
172,0,5,151
172,0,6,150
172,0,7,144
172,0,8,143
172,0,9,137
172,6,0,171
172,6,1,165
172,6,2,164
172,6,3,158
172,6,4,157
172,6,5,151
172,6,6,150
172,6,7,144
172,6,8,143
172,6,9,137
172,12,0,171
172,12,1,165
172,12,2,164
172,12,3,158
172,12,4,157
172,12,5,151
172,12,6,150
172,12,7,144
172,12,8,143
172,12,9,137
172,18,0,171
172,18,1,165
172,18,2,164
172,18,3,158
172,18,4,157
172,18,5,151
172,18,6,150
172,18,7,144
172,18,8,143
172,18,9,137
173,0,0,170
173,0,1,169
173,0,2,168
173,0,3,167
173,0,4,166
173,0,5,163
173,0,6,162
173,0,7,161
173,0,8,160
173,0,9,159
173,6,0,170
173,6,1,169
173,6,2,168
173,6,3,167
173,6,4,166
173,6,5,163
173,6,6,162
173,6,7,161
173,6,8,160
173,6,9,159
173,12,0,170
173,12,1,169
173,12,2,168
173,12,3,167
173,12,4,166
173,12,5,163
173,12,6,162
173,12,7,161
173,12,8,160
173,12,9,159
173,18,0,170
173,18,1,169
173,18,2,168
173,18,3,167
173,18,4,166
173,18,5,163
173,18,6,162
173,18,7,161
173,18,8,160
173,18,9,159
174,0,0,173
174,0,1,170
174,0,2,169
174,0,3,168
174,0,4,167
174,0,5,166
174,0,6,163
174,0,7,162
174,0,8,161
174,0,9,160
174,6,0,173
174,6,1,170
174,6,2,169
174,6,3,168
174,6,4,167
174,6,5,166
174,6,6,163
174,6,7,162
174,6,8,161
174,6,9,160
174,12,0,173
174,12,1,170
174,12,2,169
174,12,3,168
174,12,4,167
174,12,5,166
174,12,6,163
174,12,7,162
174,12,8,161
174,12,9,160
174,18,0,173
174,18,1,170
174,18,2,169
174,18,3,168
174,18,4,167
174,18,5,166
174,18,6,163
174,18,7,162
174,18,8,161
174,18,9,160
175,0,0,174
175,0,1,173
175,0,2,170
175,0,3,169
175,0,4,168
175,0,5,167
175,0,6,166
175,0,7,163
175,0,8,162
175,0,9,161
175,6,0,174
175,6,1,173
175,6,2,170
175,6,3,169
175,6,4,168
175,6,5,167
175,6,6,166
175,6,7,163
175,6,8,162
175,6,9,161
175,12,0,174
175,12,1,173
175,12,2,170
175,12,3,169
175,12,4,168
175,12,5,167
175,12,6,166
175,12,7,163
175,12,8,162
175,12,9,161
175,18,0,174
175,18,1,173
175,18,2,170
175,18,3,169
175,18,4,168
175,18,5,167
175,18,6,166
175,18,7,163
175,18,8,162
175,18,9,161
176,0,0,175
176,0,1,174
176,0,2,173
176,0,3,170
176,0,4,169
176,0,5,168
176,0,6,167
176,0,7,166
176,0,8,163
176,0,9,162
176,6,0,175
176,6,1,174
176,6,2,173
176,6,3,170
176,6,4,169
176,6,5,168
176,6,6,167
176,6,7,166
176,6,8,163
176,6,9,162
176,12,0,175
176,12,1,174
176,12,2,173
176,12,3,170
176,12,4,169
176,12,5,168
176,12,6,167
176,12,7,166
176,12,8,163
176,12,9,162
176,18,0,175
176,18,1,174
176,18,2,173
176,18,3,170
176,18,4,169
176,18,5,168
176,18,6,167
176,18,7,166
176,18,8,163
176,18,9,162
177,0,0,176
177,0,1,175
177,0,2,174
177,0,3,173
177,0,4,170
177,0,5,169
177,0,6,168
177,0,7,167
177,0,8,166
177,0,9,163
177,6,0,176
177,6,1,175
177,6,2,174
177,6,3,173
177,6,4,170
177,6,5,169
177,6,6,168
177,6,7,167
177,6,8,166
177,6,9,163
177,12,0,176
177,12,1,175
177,12,2,174
177,12,3,173
177,12,4,170
177,12,5,169
177,12,6,168
177,12,7,167
177,12,8,166
177,12,9,163
177,18,0,176
177,18,1,175
177,18,2,174
177,18,3,173
177,18,4,170
177,18,5,169
177,18,6,168
177,18,7,167
177,18,8,166
177,18,9,163
178,0,0,172
178,0,1,171
178,0,2,165
178,0,3,164
178,0,4,158
178,0,5,157
178,0,6,151
178,0,7,150
178,0,8,144
178,0,9,143
178,6,0,172
178,6,1,171
178,6,2,165
178,6,3,164
178,6,4,158
178,6,5,157
178,6,6,151
178,6,7,150
178,6,8,144
178,6,9,143
178,12,0,172
178,12,1,171
178,12,2,165
178,12,3,164
178,12,4,158
178,12,5,157
178,12,6,151
178,12,7,150
178,12,8,144
178,12,9,143
178,18,0,172
178,18,1,171
178,18,2,165
178,18,3,164
178,18,4,158
178,18,5,157
178,18,6,151
178,18,7,150
178,18,8,144
178,18,9,143
179,0,0,178
179,0,1,172
179,0,2,171
179,0,3,165
179,0,4,164
179,0,5,158
179,0,6,157
179,0,7,151
179,0,8,150
179,0,9,144
179,6,0,178
179,6,1,172
179,6,2,171
179,6,3,165
179,6,4,164
179,6,5,158
179,6,6,157
179,6,7,151
179,6,8,150
179,6,9,144
179,12,0,178
179,12,1,172
179,12,2,171
179,12,3,165
179,12,4,164
179,12,5,158
179,12,6,157
179,12,7,151
179,12,8,150
179,12,9,144
179,18,0,178
179,18,1,172
179,18,2,171
179,18,3,165
179,18,4,164
179,18,5,158
179,18,6,157
179,18,7,151
179,18,8,150
179,18,9,144
180,0,0,177
180,0,1,176
180,0,2,175
180,0,3,174
180,0,4,173
180,0,5,170
180,0,6,169
180,0,7,168
180,0,8,167
180,0,9,166
180,6,0,177
180,6,1,176
180,6,2,175
180,6,3,174
180,6,4,173
180,6,5,170
180,6,6,169
180,6,7,168
180,6,8,167
180,6,9,166
180,12,0,177
180,12,1,176
180,12,2,175
180,12,3,174
180,12,4,173
180,12,5,170
180,12,6,169
180,12,7,168
180,12,8,167
180,12,9,166
180,18,0,177
180,18,1,176
180,18,2,175
180,18,3,174
180,18,4,173
180,18,5,170
180,18,6,169
180,18,7,168
180,18,8,167
180,18,9,166
181,0,0,180
181,0,1,177
181,0,2,176
181,0,3,175
181,0,4,174
181,0,5,173
181,0,6,170
181,0,7,169
181,0,8,168
181,0,9,167
181,6,0,180
181,6,1,177
181,6,2,176
181,6,3,175
181,6,4,174
181,6,5,173
181,6,6,170
181,6,7,169
181,6,8,168
181,6,9,167
181,12,0,180
181,12,1,177
181,12,2,176
181,12,3,175
181,12,4,174
181,12,5,173
181,12,6,170
181,12,7,169
181,12,8,168
181,12,9,167
181,18,0,180
181,18,1,177
181,18,2,176
181,18,3,175
181,18,4,174
181,18,5,173
181,18,6,170
181,18,7,169
181,18,8,168
181,18,9,167
182,0,0,181
182,0,1,180
182,0,2,177
182,0,3,176
182,0,4,175
182,0,5,174
182,0,6,173
182,0,7,170
182,0,8,169
182,0,9,168
182,6,0,181
182,6,1,180
182,6,2,177
182,6,3,176
182,6,4,175
182,6,5,174
182,6,6,173
182,6,7,170
182,6,8,169
182,6,9,168
182,12,0,181
182,12,1,180
182,12,2,177
182,12,3,176
182,12,4,175
182,12,5,174
182,12,6,173
182,12,7,170
182,12,8,169
182,12,9,168
182,18,0,181
182,18,1,180
182,18,2,177
182,18,3,176
182,18,4,175
182,18,5,174
182,18,6,173
182,18,7,170
182,18,8,169
182,18,9,168
183,0,0,182
183,0,1,181
183,0,2,180
183,0,3,177
183,0,4,176
183,0,5,175
183,0,6,174
183,0,7,173
183,0,8,170
183,0,9,169
183,6,0,182
183,6,1,181
183,6,2,180
183,6,3,177
183,6,4,176
183,6,5,175
183,6,6,174
183,6,7,173
183,6,8,170
183,6,9,169
183,12,0,182
183,12,1,181
183,12,2,180
183,12,3,177
183,12,4,176
183,12,5,175
183,12,6,174
183,12,7,173
183,12,8,170
183,12,9,169
183,18,0,182
183,18,1,181
183,18,2,180
183,18,3,177
183,18,4,176
183,18,5,175
183,18,6,174
183,18,7,173
183,18,8,170
183,18,9,169
184,0,0,183
184,0,1,182
184,0,2,181
184,0,3,180
184,0,4,177
184,0,5,176
184,0,6,175
184,0,7,174
184,0,8,173
184,0,9,170
184,6,0,183
184,6,1,182
184,6,2,181
184,6,3,180
184,6,4,177
184,6,5,176
184,6,6,175
184,6,7,174
184,6,8,173
184,6,9,170
184,12,0,183
184,12,1,182
184,12,2,181
184,12,3,180
184,12,4,177
184,12,5,176
184,12,6,175
184,12,7,174
184,12,8,173
184,12,9,170
184,18,0,183
184,18,1,182
184,18,2,181
184,18,3,180
184,18,4,177
184,18,5,176
184,18,6,175
184,18,7,174
184,18,8,173
184,18,9,170
185,0,0,179
185,0,1,178
185,0,2,172
185,0,3,171
185,0,4,165
185,0,5,164
185,0,6,158
185,0,7,157
185,0,8,151
185,0,9,150
185,6,0,179
185,6,1,178
185,6,2,172
185,6,3,171
185,6,4,165
185,6,5,164
185,6,6,158
185,6,7,157
185,6,8,151
185,6,9,150
185,12,0,179
185,12,1,178
185,12,2,172
185,12,3,171
185,12,4,165
185,12,5,164
185,12,6,158
185,12,7,157
185,12,8,151
185,12,9,150
185,18,0,179
185,18,1,178
185,18,2,172
185,18,3,171
185,18,4,165
185,18,5,164
185,18,6,158
185,18,7,157
185,18,8,151
185,18,9,150
186,0,0,185
186,0,1,179
186,0,2,178
186,0,3,172
186,0,4,171
186,0,5,165
186,0,6,164
186,0,7,158
186,0,8,157
186,0,9,151
186,6,0,185
186,6,1,179
186,6,2,178
186,6,3,172
186,6,4,171
186,6,5,165
186,6,6,164
186,6,7,158
186,6,8,157
186,6,9,151
186,12,0,185
186,12,1,179
186,12,2,178
186,12,3,172
186,12,4,171
186,12,5,165
186,12,6,164
186,12,7,158
186,12,8,157
186,12,9,151
186,18,0,185
186,18,1,179
186,18,2,178
186,18,3,172
186,18,4,171
186,18,5,165
186,18,6,164
186,18,7,158
186,18,8,157
186,18,9,151
187,0,0,184
187,0,1,183
187,0,2,182
187,0,3,181
187,0,4,180
187,0,5,177
187,0,6,176
187,0,7,175
187,0,8,174
187,0,9,173
187,6,0,184
187,6,1,183
187,6,2,182
187,6,3,181
187,6,4,180
187,6,5,177
187,6,6,176
187,6,7,175
187,6,8,174
187,6,9,173
187,12,0,184
187,12,1,183
187,12,2,182
187,12,3,181
187,12,4,180
187,12,5,177
187,12,6,176
187,12,7,175
187,12,8,174
187,12,9,173
187,18,0,184
187,18,1,183
187,18,2,182
187,18,3,181
187,18,4,180
187,18,5,177
187,18,6,176
187,18,7,175
187,18,8,174
187,18,9,173
188,0,0,187
188,0,1,184
188,0,2,183
188,0,3,182
188,0,4,181
188,0,5,180
188,0,6,177
188,0,7,176
188,0,8,175
188,0,9,174
188,6,0,187
188,6,1,184
188,6,2,183
188,6,3,182
188,6,4,181
188,6,5,180
188,6,6,177
188,6,7,176
188,6,8,175
188,6,9,174
188,12,0,187
188,12,1,184
188,12,2,183
188,12,3,182
188,12,4,181
188,12,5,180
188,12,6,177
188,12,7,176
188,12,8,175
188,12,9,174
188,18,0,187
188,18,1,184
188,18,2,183
188,18,3,182
188,18,4,181
188,18,5,180
188,18,6,177
188,18,7,176
188,18,8,175
188,18,9,174
189,0,0,188
189,0,1,187
189,0,2,184
189,0,3,183
189,0,4,182
189,0,5,181
189,0,6,180
189,0,7,177
189,0,8,176
189,0,9,175
189,6,0,188
189,6,1,187
189,6,2,184
189,6,3,183
189,6,4,182
189,6,5,181
189,6,6,180
189,6,7,177
189,6,8,176
189,6,9,175
189,12,0,188
189,12,1,187
189,12,2,184
189,12,3,183
189,12,4,182
189,12,5,181
189,12,6,180
189,12,7,177
189,12,8,176
189,12,9,175
189,18,0,188
189,18,1,187
189,18,2,184
189,18,3,183
189,18,4,182
189,18,5,181
189,18,6,180
189,18,7,177
189,18,8,176
189,18,9,175
190,0,0,189
190,0,1,188
190,0,2,187
190,0,3,184
190,0,4,183
190,0,5,182
190,0,6,181
190,0,7,180
190,0,8,177
190,0,9,176
190,6,0,189
190,6,1,188
190,6,2,187
190,6,3,184
190,6,4,183
190,6,5,182
190,6,6,181
190,6,7,180
190,6,8,177
190,6,9,176
190,12,0,189
190,12,1,188
190,12,2,187
190,12,3,184
190,12,4,183
190,12,5,182
190,12,6,181
190,12,7,180
190,12,8,177
190,12,9,176
190,18,0,189
190,18,1,188
190,18,2,187
190,18,3,184
190,18,4,183
190,18,5,182
190,18,6,181
190,18,7,180
190,18,8,177
190,18,9,176
191,0,0,190
191,0,1,189
191,0,2,188
191,0,3,187
191,0,4,184
191,0,5,183
191,0,6,182
191,0,7,181
191,0,8,180
191,0,9,177
191,6,0,190
191,6,1,189
191,6,2,188
191,6,3,187
191,6,4,184
191,6,5,183
191,6,6,182
191,6,7,181
191,6,8,180
191,6,9,177
191,12,0,190
191,12,1,189
191,12,2,188
191,12,3,187
191,12,4,184
191,12,5,183
191,12,6,182
191,12,7,181
191,12,8,180
191,12,9,177
191,18,0,190
191,18,1,189
191,18,2,188
191,18,3,187
191,18,4,184
191,18,5,183
191,18,6,182
191,18,7,181
191,18,8,180
191,18,9,177
192,0,0,186
192,0,1,185
192,0,2,179
192,0,3,178
192,0,4,172
192,0,5,171
192,0,6,165
192,0,7,164
192,0,8,158
192,0,9,157
192,6,0,186
192,6,1,185
192,6,2,179
192,6,3,178
192,6,4,172
192,6,5,171
192,6,6,165
192,6,7,164
192,6,8,158
192,6,9,157
192,12,0,186
192,12,1,185
192,12,2,179
192,12,3,178
192,12,4,172
192,12,5,171
192,12,6,165
192,12,7,164
192,12,8,158
192,12,9,157
192,18,0,186
192,18,1,185
192,18,2,179
192,18,3,178
192,18,4,172
192,18,5,171
192,18,6,165
192,18,7,164
192,18,8,158
192,18,9,157
193,0,0,192
193,0,1,186
193,0,2,185
193,0,3,179
193,0,4,178
193,0,5,172
193,0,6,171
193,0,7,165
193,0,8,164
193,0,9,158
193,6,0,192
193,6,1,186
193,6,2,185
193,6,3,179
193,6,4,178
193,6,5,172
193,6,6,171
193,6,7,165
193,6,8,164
193,6,9,158
193,12,0,192
193,12,1,186
193,12,2,185
193,12,3,179
193,12,4,178
193,12,5,172
193,12,6,171
193,12,7,165
193,12,8,164
193,12,9,158
193,18,0,192
193,18,1,186
193,18,2,185
193,18,3,179
193,18,4,178
193,18,5,172
193,18,6,171
193,18,7,165
193,18,8,164
193,18,9,158
194,0,0,191
194,0,1,190
194,0,2,189
194,0,3,188
194,0,4,187
194,0,5,184
194,0,6,183
194,0,7,182
194,0,8,181
194,0,9,180
194,6,0,191
194,6,1,190
194,6,2,189
194,6,3,188
194,6,4,187
194,6,5,184
194,6,6,183
194,6,7,182
194,6,8,181
194,6,9,180
194,12,0,191
194,12,1,190
194,12,2,189
194,12,3,188
194,12,4,187
194,12,5,184
194,12,6,183
194,12,7,182
194,12,8,181
194,12,9,180
194,18,0,191
194,18,1,190
194,18,2,189
194,18,3,188
194,18,4,187
194,18,5,184
194,18,6,183
194,18,7,182
194,18,8,181
194,18,9,180
195,0,0,194
195,0,1,191
195,0,2,190
195,0,3,189
195,0,4,188
195,0,5,187
195,0,6,184
195,0,7,183
195,0,8,182
195,0,9,181
195,6,0,194
195,6,1,191
195,6,2,190
195,6,3,189
195,6,4,188
195,6,5,187
195,6,6,184
195,6,7,183
195,6,8,182
195,6,9,181
195,12,0,194
195,12,1,191
195,12,2,190
195,12,3,189
195,12,4,188
195,12,5,187
195,12,6,184
195,12,7,183
195,12,8,182
195,12,9,181
195,18,0,194
195,18,1,191
195,18,2,190
195,18,3,189
195,18,4,188
195,18,5,187
195,18,6,184
195,18,7,183
195,18,8,182
195,18,9,181
196,0,0,195
196,0,1,194
196,0,2,191
196,0,3,190
196,0,4,189
196,0,5,188
196,0,6,187
196,0,7,184
196,0,8,183
196,0,9,182
196,6,0,195
196,6,1,194
196,6,2,191
196,6,3,190
196,6,4,189
196,6,5,188
196,6,6,187
196,6,7,184
196,6,8,183
196,6,9,182
196,12,0,195
196,12,1,194
196,12,2,191
196,12,3,190
196,12,4,189
196,12,5,188
196,12,6,187
196,12,7,184
196,12,8,183
196,12,9,182
196,18,0,195
196,18,1,194
196,18,2,191
196,18,3,190
196,18,4,189
196,18,5,188
196,18,6,187
196,18,7,184
196,18,8,183
196,18,9,182
197,0,0,196
197,0,1,195
197,0,2,194
197,0,3,191
197,0,4,190
197,0,5,189
197,0,6,188
197,0,7,187
197,0,8,184
197,0,9,183
197,6,0,196
197,6,1,195
197,6,2,194
197,6,3,191
197,6,4,190
197,6,5,189
197,6,6,188
197,6,7,187
197,6,8,184
197,6,9,183
197,12,0,196
197,12,1,195
197,12,2,194
197,12,3,191
197,12,4,190
197,12,5,189
197,12,6,188
197,12,7,187
197,12,8,184
197,12,9,183
197,18,0,196
197,18,1,195
197,18,2,194
197,18,3,191
197,18,4,190
197,18,5,189
197,18,6,188
197,18,7,187
197,18,8,184
197,18,9,183
198,0,0,197
198,0,1,196
198,0,2,195
198,0,3,194
198,0,4,191
198,0,5,190
198,0,6,189
198,0,7,188
198,0,8,187
198,0,9,184
198,6,0,197
198,6,1,196
198,6,2,195
198,6,3,194
198,6,4,191
198,6,5,190
198,6,6,189
198,6,7,188
198,6,8,187
198,6,9,184
198,12,0,197
198,12,1,196
198,12,2,195
198,12,3,194
198,12,4,191
198,12,5,190
198,12,6,189
198,12,7,188
198,12,8,187
198,12,9,184
198,18,0,197
198,18,1,196
198,18,2,195
198,18,3,194
198,18,4,191
198,18,5,190
198,18,6,189
198,18,7,188
198,18,8,187
198,18,9,184
199,0,0,193
199,0,1,192
199,0,2,186
199,0,3,185
199,0,4,179
199,0,5,178
199,0,6,172
199,0,7,171
199,0,8,165
199,0,9,164
199,6,0,193
199,6,1,192
199,6,2,186
199,6,3,185
199,6,4,179
199,6,5,178
199,6,6,172
199,6,7,171
199,6,8,165
199,6,9,164
199,12,0,193
199,12,1,192
199,12,2,186
199,12,3,185
199,12,4,179
199,12,5,178
199,12,6,172
199,12,7,171
199,12,8,165
199,12,9,164
199,18,0,193
199,18,1,192
199,18,2,186
199,18,3,185
199,18,4,179
199,18,5,178
199,18,6,172
199,18,7,171
199,18,8,165
199,18,9,164
200,0,0,199
200,0,1,193
200,0,2,192
200,0,3,186
200,0,4,185
200,0,5,179
200,0,6,178
200,0,7,172
200,0,8,171
200,0,9,165
200,6,0,199
200,6,1,193
200,6,2,192
200,6,3,186
200,6,4,185
200,6,5,179
200,6,6,178
200,6,7,172
200,6,8,171
200,6,9,165
200,12,0,199
200,12,1,193
200,12,2,192
200,12,3,186
200,12,4,185
200,12,5,179
200,12,6,178
200,12,7,172
200,12,8,171
200,12,9,165
200,18,0,199
200,18,1,193
200,18,2,192
200,18,3,186
200,18,4,185
200,18,5,179
200,18,6,178
200,18,7,172
200,18,8,171
200,18,9,165
201,0,0,198
201,0,1,197
201,0,2,196
201,0,3,195
201,0,4,194
201,0,5,191
201,0,6,190
201,0,7,189
201,0,8,188
201,0,9,187
201,6,0,198
201,6,1,197
201,6,2,196
201,6,3,195
201,6,4,194
201,6,5,191
201,6,6,190
201,6,7,189
201,6,8,188
201,6,9,187
201,12,0,198
201,12,1,197
201,12,2,196
201,12,3,195
201,12,4,194
201,12,5,191
201,12,6,190
201,12,7,189
201,12,8,188
201,12,9,187
201,18,0,198
201,18,1,197
201,18,2,196
201,18,3,195
201,18,4,194
201,18,5,191
201,18,6,190
201,18,7,189
201,18,8,188
201,18,9,187
202,0,0,201
202,0,1,198
202,0,2,197
202,0,3,196
202,0,4,195
202,0,5,194
202,0,6,191
202,0,7,190
202,0,8,189
202,0,9,188
202,6,0,201
202,6,1,198
202,6,2,197
202,6,3,196
202,6,4,195
202,6,5,194
202,6,6,191
202,6,7,190
202,6,8,189
202,6,9,188
202,12,0,201
202,12,1,198
202,12,2,197
202,12,3,196
202,12,4,195
202,12,5,194
202,12,6,191
202,12,7,190
202,12,8,189
202,12,9,188
202,18,0,201
202,18,1,198
202,18,2,197
202,18,3,196
202,18,4,195
202,18,5,194
202,18,6,191
202,18,7,190
202,18,8,189
202,18,9,188
203,0,0,202
203,0,1,201
203,0,2,198
203,0,3,197
203,0,4,196
203,0,5,195
203,0,6,194
203,0,7,191
203,0,8,190
203,0,9,189
203,6,0,202
203,6,1,201
203,6,2,198
203,6,3,197
203,6,4,196
203,6,5,195
203,6,6,194
203,6,7,191
203,6,8,190
203,6,9,189
203,12,0,202
203,12,1,201
203,12,2,198
203,12,3,197
203,12,4,196
203,12,5,195
203,12,6,194
203,12,7,191
203,12,8,190
203,12,9,189
203,18,0,202
203,18,1,201
203,18,2,198
203,18,3,197
203,18,4,196
203,18,5,195
203,18,6,194
203,18,7,191
203,18,8,190
203,18,9,189
204,0,0,203
204,0,1,202
204,0,2,201
204,0,3,198
204,0,4,197
204,0,5,196
204,0,6,195
204,0,7,194
204,0,8,191
204,0,9,190
204,6,0,203
204,6,1,202
204,6,2,201
204,6,3,198
204,6,4,197
204,6,5,196
204,6,6,195
204,6,7,194
204,6,8,191
204,6,9,190
204,12,0,203
204,12,1,202
204,12,2,201
204,12,3,198
204,12,4,197
204,12,5,196
204,12,6,195
204,12,7,194
204,12,8,191
204,12,9,190
204,18,0,203
204,18,1,202
204,18,2,201
204,18,3,198
204,18,4,197
204,18,5,196
204,18,6,195
204,18,7,194
204,18,8,191
204,18,9,190
205,0,0,204
205,0,1,203
205,0,2,202
205,0,3,201
205,0,4,198
205,0,5,197
205,0,6,196
205,0,7,195
205,0,8,194
205,0,9,191
205,6,0,204
205,6,1,203
205,6,2,202
205,6,3,201
205,6,4,198
205,6,5,197
205,6,6,196
205,6,7,195
205,6,8,194
205,6,9,191
205,12,0,204
205,12,1,203
205,12,2,202
205,12,3,201
205,12,4,198
205,12,5,197
205,12,6,196
205,12,7,195
205,12,8,194
205,12,9,191
205,18,0,204
205,18,1,203
205,18,2,202
205,18,3,201
205,18,4,198
205,18,5,197
205,18,6,196
205,18,7,195
205,18,8,194
205,18,9,191
206,0,0,200
206,0,1,199
206,0,2,193
206,0,3,192
206,0,4,186
206,0,5,185
206,0,6,179
206,0,7,178
206,0,8,172
206,0,9,171
206,6,0,200
206,6,1,199
206,6,2,193
206,6,3,192
206,6,4,186
206,6,5,185
206,6,6,179
206,6,7,178
206,6,8,172
206,6,9,171
206,12,0,200
206,12,1,199
206,12,2,193
206,12,3,192
206,12,4,186
206,12,5,185
206,12,6,179
206,12,7,178
206,12,8,172
206,12,9,171
206,18,0,200
206,18,1,199
206,18,2,193
206,18,3,192
206,18,4,186
206,18,5,185
206,18,6,179
206,18,7,178
206,18,8,172
206,18,9,171
207,0,0,206
207,0,1,200
207,0,2,199
207,0,3,193
207,0,4,192
207,0,5,186
207,0,6,185
207,0,7,179
207,0,8,178
207,0,9,172
207,6,0,206
207,6,1,200
207,6,2,199
207,6,3,193
207,6,4,192
207,6,5,186
207,6,6,185
207,6,7,179
207,6,8,178
207,6,9,172
207,12,0,206
207,12,1,200
207,12,2,199
207,12,3,193
207,12,4,192
207,12,5,186
207,12,6,185
207,12,7,179
207,12,8,178
207,12,9,172
207,18,0,206
207,18,1,200
207,18,2,199
207,18,3,193
207,18,4,192
207,18,5,186
207,18,6,185
207,18,7,179
207,18,8,178
207,18,9,172
208,0,0,205
208,0,1,204
208,0,2,203
208,0,3,202
208,0,4,201
208,0,5,198
208,0,6,197
208,0,7,196
208,0,8,195
208,0,9,194
208,6,0,205
208,6,1,204
208,6,2,203
208,6,3,202
208,6,4,201
208,6,5,198
208,6,6,197
208,6,7,196
208,6,8,195
208,6,9,194
208,12,0,205
208,12,1,204
208,12,2,203
208,12,3,202
208,12,4,201
208,12,5,198
208,12,6,197
208,12,7,196
208,12,8,195
208,12,9,194
208,18,0,205
208,18,1,204
208,18,2,203
208,18,3,202
208,18,4,201
208,18,5,198
208,18,6,197
208,18,7,196
208,18,8,195
208,18,9,194
209,0,0,208
209,0,1,205
209,0,2,204
209,0,3,203
209,0,4,202
209,0,5,201
209,0,6,198
209,0,7,197
209,0,8,196
209,0,9,195
209,6,0,208
209,6,1,205
209,6,2,204
209,6,3,203
209,6,4,202
209,6,5,201
209,6,6,198
209,6,7,197
209,6,8,196
209,6,9,195
209,12,0,208
209,12,1,205
209,12,2,204
209,12,3,203
209,12,4,202
209,12,5,201
209,12,6,198
209,12,7,197
209,12,8,196
209,12,9,195
209,18,0,208
209,18,1,205
209,18,2,204
209,18,3,203
209,18,4,202
209,18,5,201
209,18,6,198
209,18,7,197
209,18,8,196
209,18,9,195
210,0,0,209
210,0,1,208
210,0,2,205
210,0,3,204
210,0,4,203
210,0,5,202
210,0,6,201
210,0,7,198
210,0,8,197
210,0,9,196
210,6,0,209
210,6,1,208
210,6,2,205
210,6,3,204
210,6,4,203
210,6,5,202
210,6,6,201
210,6,7,198
210,6,8,197
210,6,9,196
210,12,0,209
210,12,1,208
210,12,2,205
210,12,3,204
210,12,4,203
210,12,5,202
210,12,6,201
210,12,7,198
210,12,8,197
210,12,9,196
210,18,0,209
210,18,1,208
210,18,2,205
210,18,3,204
210,18,4,203
210,18,5,202
210,18,6,201
210,18,7,198
210,18,8,197
210,18,9,196
211,0,0,210
211,0,1,209
211,0,2,208
211,0,3,205
211,0,4,204
211,0,5,203
211,0,6,202
211,0,7,201
211,0,8,198
211,0,9,197
211,6,0,210
211,6,1,209
211,6,2,208
211,6,3,205
211,6,4,204
211,6,5,203
211,6,6,202
211,6,7,201
211,6,8,198
211,6,9,197
211,12,0,210
211,12,1,209
211,12,2,208
211,12,3,205
211,12,4,204
211,12,5,203
211,12,6,202
211,12,7,201
211,12,8,198
211,12,9,197
211,18,0,210
211,18,1,209
211,18,2,208
211,18,3,205
211,18,4,204
211,18,5,203
211,18,6,202
211,18,7,201
211,18,8,198
211,18,9,197
212,0,0,211
212,0,1,210
212,0,2,209
212,0,3,208
212,0,4,205
212,0,5,204
212,0,6,203
212,0,7,202
212,0,8,201
212,0,9,198
212,6,0,211
212,6,1,210
212,6,2,209
212,6,3,208
212,6,4,205
212,6,5,204
212,6,6,203
212,6,7,202
212,6,8,201
212,6,9,198
212,12,0,211
212,12,1,210
212,12,2,209
212,12,3,208
212,12,4,205
212,12,5,204
212,12,6,203
212,12,7,202
212,12,8,201
212,12,9,198
212,18,0,211
212,18,1,210
212,18,2,209
212,18,3,208
212,18,4,205
212,18,5,204
212,18,6,203
212,18,7,202
212,18,8,201
212,18,9,198
213,0,0,207
213,0,1,206
213,0,2,200
213,0,3,199
213,0,4,193
213,0,5,192
213,0,6,186
213,0,7,185
213,0,8,179
213,0,9,178
213,6,0,207
213,6,1,206
213,6,2,200
213,6,3,199
213,6,4,193
213,6,5,192
213,6,6,186
213,6,7,185
213,6,8,179
213,6,9,178
213,12,0,207
213,12,1,206
213,12,2,200
213,12,3,199
213,12,4,193
213,12,5,192
213,12,6,186
213,12,7,185
213,12,8,179
213,12,9,178
213,18,0,207
213,18,1,206
213,18,2,200
213,18,3,199
213,18,4,193
213,18,5,192
213,18,6,186
213,18,7,185
213,18,8,179
213,18,9,178
214,0,0,213
214,0,1,207
214,0,2,206
214,0,3,200
214,0,4,199
214,0,5,193
214,0,6,192
214,0,7,186
214,0,8,185
214,0,9,179
214,6,0,213
214,6,1,207
214,6,2,206
214,6,3,200
214,6,4,199
214,6,5,193
214,6,6,192
214,6,7,186
214,6,8,185
214,6,9,179
214,12,0,213
214,12,1,207
214,12,2,206
214,12,3,200
214,12,4,199
214,12,5,193
214,12,6,192
214,12,7,186
214,12,8,185
214,12,9,179
214,18,0,213
214,18,1,207
214,18,2,206
214,18,3,200
214,18,4,199
214,18,5,193
214,18,6,192
214,18,7,186
214,18,8,185
214,18,9,179
215,0,0,212
215,0,1,211
215,0,2,210
215,0,3,209
215,0,4,208
215,0,5,205
215,0,6,204
215,0,7,203
215,0,8,202
215,0,9,201
215,6,0,212
215,6,1,211
215,6,2,210
215,6,3,209
215,6,4,208
215,6,5,205
215,6,6,204
215,6,7,203
215,6,8,202
215,6,9,201
215,12,0,212
215,12,1,211
215,12,2,210
215,12,3,209
215,12,4,208
215,12,5,205
215,12,6,204
215,12,7,203
215,12,8,202
215,12,9,201
215,18,0,212
215,18,1,211
215,18,2,210
215,18,3,209
215,18,4,208
215,18,5,205
215,18,6,204
215,18,7,203
215,18,8,202
215,18,9,201
216,0,0,215
216,0,1,212
216,0,2,211
216,0,3,210
216,0,4,209
216,0,5,208
216,0,6,205
216,0,7,204
216,0,8,203
216,0,9,202
216,6,0,215
216,6,1,212
216,6,2,211
216,6,3,210
216,6,4,209
216,6,5,208
216,6,6,205
216,6,7,204
216,6,8,203
216,6,9,202
216,12,0,215
216,12,1,212
216,12,2,211
216,12,3,210
216,12,4,209
216,12,5,208
216,12,6,205
216,12,7,204
216,12,8,203
216,12,9,202
216,18,0,215
216,18,1,212
216,18,2,211
216,18,3,210
216,18,4,209
216,18,5,208
216,18,6,205
216,18,7,204
216,18,8,203
216,18,9,202
217,0,0,216
217,0,1,215
217,0,2,212
217,0,3,211
217,0,4,210
217,0,5,209
217,0,6,208
217,0,7,205
217,0,8,204
217,0,9,203
217,6,0,216
217,6,1,215
217,6,2,212
217,6,3,211
217,6,4,210
217,6,5,209
217,6,6,208
217,6,7,205
217,6,8,204
217,6,9,203
217,12,0,216
217,12,1,215
217,12,2,212
217,12,3,211
217,12,4,210
217,12,5,209
217,12,6,208
217,12,7,205
217,12,8,204
217,12,9,203
217,18,0,216
217,18,1,215
217,18,2,212
217,18,3,211
217,18,4,210
217,18,5,209
217,18,6,208
217,18,7,205
217,18,8,204
217,18,9,203
218,0,0,217
218,0,1,216
218,0,2,215
218,0,3,212
218,0,4,211
218,0,5,210
218,0,6,209
218,0,7,208
218,0,8,205
218,0,9,204
218,6,0,217
218,6,1,216
218,6,2,215
218,6,3,212
218,6,4,211
218,6,5,210
218,6,6,209
218,6,7,208
218,6,8,205
218,6,9,204
218,12,0,217
218,12,1,216
218,12,2,215
218,12,3,212
218,12,4,211
218,12,5,210
218,12,6,209
218,12,7,208
218,12,8,205
218,12,9,204
218,18,0,217
218,18,1,216
218,18,2,215
218,18,3,212
218,18,4,211
218,18,5,210
218,18,6,209
218,18,7,208
218,18,8,205
218,18,9,204
219,0,0,218
219,0,1,217
219,0,2,216
219,0,3,215
219,0,4,212
219,0,5,211
219,0,6,210
219,0,7,209
219,0,8,208
219,0,9,205
219,6,0,218
219,6,1,217
219,6,2,216
219,6,3,215
219,6,4,212
219,6,5,211
219,6,6,210
219,6,7,209
219,6,8,208
219,6,9,205
219,12,0,218
219,12,1,217
219,12,2,216
219,12,3,215
219,12,4,212
219,12,5,211
219,12,6,210
219,12,7,209
219,12,8,208
219,12,9,205
219,18,0,218
219,18,1,217
219,18,2,216
219,18,3,215
219,18,4,212
219,18,5,211
219,18,6,210
219,18,7,209
219,18,8,208
219,18,9,205
220,0,0,214
220,0,1,213
220,0,2,207
220,0,3,206
220,0,4,200
220,0,5,199
220,0,6,193
220,0,7,192
220,0,8,186
220,0,9,185
220,6,0,214
220,6,1,213
220,6,2,207
220,6,3,206
220,6,4,200
220,6,5,199
220,6,6,193
220,6,7,192
220,6,8,186
220,6,9,185
220,12,0,214
220,12,1,213
220,12,2,207
220,12,3,206
220,12,4,200
220,12,5,199
220,12,6,193
220,12,7,192
220,12,8,186
220,12,9,185
220,18,0,214
220,18,1,213
220,18,2,207
220,18,3,206
220,18,4,200
220,18,5,199
220,18,6,193
220,18,7,192
220,18,8,186
220,18,9,185
221,0,0,220
221,0,1,214
221,0,2,213
221,0,3,207
221,0,4,206
221,0,5,200
221,0,6,199
221,0,7,193
221,0,8,192
221,0,9,186
221,6,0,220
221,6,1,214
221,6,2,213
221,6,3,207
221,6,4,206
221,6,5,200
221,6,6,199
221,6,7,193
221,6,8,192
221,6,9,186
221,12,0,220
221,12,1,214
221,12,2,213
221,12,3,207
221,12,4,206
221,12,5,200
221,12,6,199
221,12,7,193
221,12,8,192
221,12,9,186
221,18,0,220
221,18,1,214
221,18,2,213
221,18,3,207
221,18,4,206
221,18,5,200
221,18,6,199
221,18,7,193
221,18,8,192
221,18,9,186
222,0,0,219
222,0,1,218
222,0,2,217
222,0,3,216
222,0,4,215
222,0,5,212
222,0,6,211
222,0,7,210
222,0,8,209
222,0,9,208
222,6,0,219
222,6,1,218
222,6,2,217
222,6,3,216
222,6,4,215
222,6,5,212
222,6,6,211
222,6,7,210
222,6,8,209
222,6,9,208
222,12,0,219
222,12,1,218
222,12,2,217
222,12,3,216
222,12,4,215
222,12,5,212
222,12,6,211
222,12,7,210
222,12,8,209
222,12,9,208
222,18,0,219
222,18,1,218
222,18,2,217
222,18,3,216
222,18,4,215
222,18,5,212
222,18,6,211
222,18,7,210
222,18,8,209
222,18,9,208
223,0,0,222
223,0,1,219
223,0,2,218
223,0,3,217
223,0,4,216
223,0,5,215
223,0,6,212
223,0,7,211
223,0,8,210
223,0,9,209
223,6,0,222
223,6,1,219
223,6,2,218
223,6,3,217
223,6,4,216
223,6,5,215
223,6,6,212
223,6,7,211
223,6,8,210
223,6,9,209
223,12,0,222
223,12,1,219
223,12,2,218
223,12,3,217
223,12,4,216
223,12,5,215
223,12,6,212
223,12,7,211
223,12,8,210
223,12,9,209
223,18,0,222
223,18,1,219
223,18,2,218
223,18,3,217
223,18,4,216
223,18,5,215
223,18,6,212
223,18,7,211
223,18,8,210
223,18,9,209
224,0,0,223
224,0,1,222
224,0,2,219
224,0,3,218
224,0,4,217
224,0,5,216
224,0,6,215
224,0,7,212
224,0,8,211
224,0,9,210
224,6,0,223
224,6,1,222
224,6,2,219
224,6,3,218
224,6,4,217
224,6,5,216
224,6,6,215
224,6,7,212
224,6,8,211
224,6,9,210
224,12,0,223
224,12,1,222
224,12,2,219
224,12,3,218
224,12,4,217
224,12,5,216
224,12,6,215
224,12,7,212
224,12,8,211
224,12,9,210
224,18,0,223
224,18,1,222
224,18,2,219
224,18,3,218
224,18,4,217
224,18,5,216
224,18,6,215
224,18,7,212
224,18,8,211
224,18,9,210
225,0,0,224
225,0,1,223
225,0,2,222
225,0,3,219
225,0,4,218
225,0,5,217
225,0,6,216
225,0,7,215
225,0,8,212
225,0,9,211
225,6,0,224
225,6,1,223
225,6,2,222
225,6,3,219
225,6,4,218
225,6,5,217
225,6,6,216
225,6,7,215
225,6,8,212
225,6,9,211
225,12,0,224
225,12,1,223
225,12,2,222
225,12,3,219
225,12,4,218
225,12,5,217
225,12,6,216
225,12,7,215
225,12,8,212
225,12,9,211
225,18,0,224
225,18,1,223
225,18,2,222
225,18,3,219
225,18,4,218
225,18,5,217
225,18,6,216
225,18,7,215
225,18,8,212
225,18,9,211
226,0,0,225
226,0,1,224
226,0,2,223
226,0,3,222
226,0,4,219
226,0,5,218
226,0,6,217
226,0,7,216
226,0,8,215
226,0,9,212
226,6,0,225
226,6,1,224
226,6,2,223
226,6,3,222
226,6,4,219
226,6,5,218
226,6,6,217
226,6,7,216
226,6,8,215
226,6,9,212
226,12,0,225
226,12,1,224
226,12,2,223
226,12,3,222
226,12,4,219
226,12,5,218
226,12,6,217
226,12,7,216
226,12,8,215
226,12,9,212
226,18,0,225
226,18,1,224
226,18,2,223
226,18,3,222
226,18,4,219
226,18,5,218
226,18,6,217
226,18,7,216
226,18,8,215
226,18,9,212
227,0,0,221
227,0,1,220
227,0,2,214
227,0,3,213
227,0,4,207
227,0,5,206
227,0,6,200
227,0,7,199
227,0,8,193
227,0,9,192
227,6,0,221
227,6,1,220
227,6,2,214
227,6,3,213
227,6,4,207
227,6,5,206
227,6,6,200
227,6,7,199
227,6,8,193
227,6,9,192
227,12,0,221
227,12,1,220
227,12,2,214
227,12,3,213
227,12,4,207
227,12,5,206
227,12,6,200
227,12,7,199
227,12,8,193
227,12,9,192
227,18,0,221
227,18,1,220
227,18,2,214
227,18,3,213
227,18,4,207
227,18,5,206
227,18,6,200
227,18,7,199
227,18,8,193
227,18,9,192
228,0,0,227
228,0,1,221
228,0,2,220
228,0,3,214
228,0,4,213
228,0,5,207
228,0,6,206
228,0,7,200
228,0,8,199
228,0,9,193
228,6,0,227
228,6,1,221
228,6,2,220
228,6,3,214
228,6,4,213
228,6,5,207
228,6,6,206
228,6,7,200
228,6,8,199
228,6,9,193
228,12,0,227
228,12,1,221
228,12,2,220
228,12,3,214
228,12,4,213
228,12,5,207
228,12,6,206
228,12,7,200
228,12,8,199
228,12,9,193
228,18,0,227
228,18,1,221
228,18,2,220
228,18,3,214
228,18,4,213
228,18,5,207
228,18,6,206
228,18,7,200
228,18,8,199
228,18,9,193
229,0,0,226
229,0,1,225
229,0,2,224
229,0,3,223
229,0,4,222
229,0,5,219
229,0,6,218
229,0,7,217
229,0,8,216
229,0,9,215
229,6,0,226
229,6,1,225
229,6,2,224
229,6,3,223
229,6,4,222
229,6,5,219
229,6,6,218
229,6,7,217
229,6,8,216
229,6,9,215
229,12,0,226
229,12,1,225
229,12,2,224
229,12,3,223
229,12,4,222
229,12,5,219
229,12,6,218
229,12,7,217
229,12,8,216
229,12,9,215
229,18,0,226
229,18,1,225
229,18,2,224
229,18,3,223
229,18,4,222
229,18,5,219
229,18,6,218
229,18,7,217
229,18,8,216
229,18,9,215
230,0,0,229
230,0,1,226
230,0,2,225
230,0,3,224
230,0,4,223
230,0,5,222
230,0,6,219
230,0,7,218
230,0,8,217
230,0,9,216
230,6,0,229
230,6,1,226
230,6,2,225
230,6,3,224
230,6,4,223
230,6,5,222
230,6,6,219
230,6,7,218
230,6,8,217
230,6,9,216
230,12,0,229
230,12,1,226
230,12,2,225
230,12,3,224
230,12,4,223
230,12,5,222
230,12,6,219
230,12,7,218
230,12,8,217
230,12,9,216
230,18,0,229
230,18,1,226
230,18,2,225
230,18,3,224
230,18,4,223
230,18,5,222
230,18,6,219
230,18,7,218
230,18,8,217
230,18,9,216
231,0,0,230
231,0,1,229
231,0,2,226
231,0,3,225
231,0,4,224
231,0,5,223
231,0,6,222
231,0,7,219
231,0,8,218
231,0,9,217
231,6,0,230
231,6,1,229
231,6,2,226
231,6,3,225
231,6,4,224
231,6,5,223
231,6,6,222
231,6,7,219
231,6,8,218
231,6,9,217
231,12,0,230
231,12,1,229
231,12,2,226
231,12,3,225
231,12,4,224
231,12,5,223
231,12,6,222
231,12,7,219
231,12,8,218
231,12,9,217
231,18,0,230
231,18,1,229
231,18,2,226
231,18,3,225
231,18,4,224
231,18,5,223
231,18,6,222
231,18,7,219
231,18,8,218
231,18,9,217
232,0,0,231
232,0,1,230
232,0,2,229
232,0,3,226
232,0,4,225
232,0,5,224
232,0,6,223
232,0,7,222
232,0,8,219
232,0,9,218
232,6,0,231
232,6,1,230
232,6,2,229
232,6,3,226
232,6,4,225
232,6,5,224
232,6,6,223
232,6,7,222
232,6,8,219
232,6,9,218
232,12,0,231
232,12,1,230
232,12,2,229
232,12,3,226
232,12,4,225
232,12,5,224
232,12,6,223
232,12,7,222
232,12,8,219
232,12,9,218
232,18,0,231
232,18,1,230
232,18,2,229
232,18,3,226
232,18,4,225
232,18,5,224
232,18,6,223
232,18,7,222
232,18,8,219
232,18,9,218
233,0,0,232
233,0,1,231
233,0,2,230
233,0,3,229
233,0,4,226
233,0,5,225
233,0,6,224
233,0,7,223
233,0,8,222
233,0,9,219
233,6,0,232
233,6,1,231
233,6,2,230
233,6,3,229
233,6,4,226
233,6,5,225
233,6,6,224
233,6,7,223
233,6,8,222
233,6,9,219
233,12,0,232
233,12,1,231
233,12,2,230
233,12,3,229
233,12,4,226
233,12,5,225
233,12,6,224
233,12,7,223
233,12,8,222
233,12,9,219
233,18,0,232
233,18,1,231
233,18,2,230
233,18,3,229
233,18,4,226
233,18,5,225
233,18,6,224
233,18,7,223
233,18,8,222
233,18,9,219
234,0,0,228
234,0,1,227
234,0,2,221
234,0,3,220
234,0,4,214
234,0,5,213
234,0,6,207
234,0,7,206
234,0,8,200
234,0,9,199
234,6,0,228
234,6,1,227
234,6,2,221
234,6,3,220
234,6,4,214
234,6,5,213
234,6,6,207
234,6,7,206
234,6,8,200
234,6,9,199
234,12,0,228
234,12,1,227
234,12,2,221
234,12,3,220
234,12,4,214
234,12,5,213
234,12,6,207
234,12,7,206
234,12,8,200
234,12,9,199
234,18,0,228
234,18,1,227
234,18,2,221
234,18,3,220
234,18,4,214
234,18,5,213
234,18,6,207
234,18,7,206
234,18,8,200
234,18,9,199
235,0,0,234
235,0,1,228
235,0,2,227
235,0,3,221
235,0,4,220
235,0,5,214
235,0,6,213
235,0,7,207
235,0,8,206
235,0,9,200
235,6,0,234
235,6,1,228
235,6,2,227
235,6,3,221
235,6,4,220
235,6,5,214
235,6,6,213
235,6,7,207
235,6,8,206
235,6,9,200
235,12,0,234
235,12,1,228
235,12,2,227
235,12,3,221
235,12,4,220
235,12,5,214
235,12,6,213
235,12,7,207
235,12,8,206
235,12,9,200
235,18,0,234
235,18,1,228
235,18,2,227
235,18,3,221
235,18,4,220
235,18,5,214
235,18,6,213
235,18,7,207
235,18,8,206
235,18,9,200
236,0,0,233
236,0,1,232
236,0,2,231
236,0,3,230
236,0,4,229
236,0,5,226
236,0,6,225
236,0,7,224
236,0,8,223
236,0,9,222
236,6,0,233
236,6,1,232
236,6,2,231
236,6,3,230
236,6,4,229
236,6,5,226
236,6,6,225
236,6,7,224
236,6,8,223
236,6,9,222
236,12,0,233
236,12,1,232
236,12,2,231
236,12,3,230
236,12,4,229
236,12,5,226
236,12,6,225
236,12,7,224
236,12,8,223
236,12,9,222
236,18,0,233
236,18,1,232
236,18,2,231
236,18,3,230
236,18,4,229
236,18,5,226
236,18,6,225
236,18,7,224
236,18,8,223
236,18,9,222
237,0,0,236
237,0,1,233
237,0,2,232
237,0,3,231
237,0,4,230
237,0,5,229
237,0,6,226
237,0,7,225
237,0,8,224
237,0,9,223
237,6,0,236
237,6,1,233
237,6,2,232
237,6,3,231
237,6,4,230
237,6,5,229
237,6,6,226
237,6,7,225
237,6,8,224
237,6,9,223
237,12,0,236
237,12,1,233
237,12,2,232
237,12,3,231
237,12,4,230
237,12,5,229
237,12,6,226
237,12,7,225
237,12,8,224
237,12,9,223
237,18,0,236
237,18,1,233
237,18,2,232
237,18,3,231
237,18,4,230
237,18,5,229
237,18,6,226
237,18,7,225
237,18,8,224
237,18,9,223
238,0,0,237
238,0,1,236
238,0,2,233
238,0,3,232
238,0,4,231
238,0,5,230
238,0,6,229
238,0,7,226
238,0,8,225
238,0,9,224
238,6,0,237
238,6,1,236
238,6,2,233
238,6,3,232
238,6,4,231
238,6,5,230
238,6,6,229
238,6,7,226
238,6,8,225
238,6,9,224
238,12,0,237
238,12,1,236
238,12,2,233
238,12,3,232
238,12,4,231
238,12,5,230
238,12,6,229
238,12,7,226
238,12,8,225
238,12,9,224
238,18,0,237
238,18,1,236
238,18,2,233
238,18,3,232
238,18,4,231
238,18,5,230
238,18,6,229
238,18,7,226
238,18,8,225
238,18,9,224
239,0,0,238
239,0,1,237
239,0,2,236
239,0,3,233
239,0,4,232
239,0,5,231
239,0,6,230
239,0,7,229
239,0,8,226
239,0,9,225
239,6,0,238
239,6,1,237
239,6,2,236
239,6,3,233
239,6,4,232
239,6,5,231
239,6,6,230
239,6,7,229
239,6,8,226
239,6,9,225
239,12,0,238
239,12,1,237
239,12,2,236
239,12,3,233
239,12,4,232
239,12,5,231
239,12,6,230
239,12,7,229
239,12,8,226
239,12,9,225
239,18,0,238
239,18,1,237
239,18,2,236
239,18,3,233
239,18,4,232
239,18,5,231
239,18,6,230
239,18,7,229
239,18,8,226
239,18,9,225
240,0,0,239
240,0,1,238
240,0,2,237
240,0,3,236
240,0,4,233
240,0,5,232
240,0,6,231
240,0,7,230
240,0,8,229
240,0,9,226
240,6,0,239
240,6,1,238
240,6,2,237
240,6,3,236
240,6,4,233
240,6,5,232
240,6,6,231
240,6,7,230
240,6,8,229
240,6,9,226
240,12,0,239
240,12,1,238
240,12,2,237
240,12,3,236
240,12,4,233
240,12,5,232
240,12,6,231
240,12,7,230
240,12,8,229
240,12,9,226
240,18,0,239
240,18,1,238
240,18,2,237
240,18,3,236
240,18,4,233
240,18,5,232
240,18,6,231
240,18,7,230
240,18,8,229
240,18,9,226
241,0,0,235
241,0,1,234
241,0,2,228
241,0,3,227
241,0,4,221
241,0,5,220
241,0,6,214
241,0,7,213
241,0,8,207
241,0,9,206
241,6,0,235
241,6,1,234
241,6,2,228
241,6,3,227
241,6,4,221
241,6,5,220
241,6,6,214
241,6,7,213
241,6,8,207
241,6,9,206
241,12,0,235
241,12,1,234
241,12,2,228
241,12,3,227
241,12,4,221
241,12,5,220
241,12,6,214
241,12,7,213
241,12,8,207
241,12,9,206
241,18,0,235
241,18,1,234
241,18,2,228
241,18,3,227
241,18,4,221
241,18,5,220
241,18,6,214
241,18,7,213
241,18,8,207
241,18,9,206
242,0,0,241
242,0,1,235
242,0,2,234
242,0,3,228
242,0,4,227
242,0,5,221
242,0,6,220
242,0,7,214
242,0,8,213
242,0,9,207
242,6,0,241
242,6,1,235
242,6,2,234
242,6,3,228
242,6,4,227
242,6,5,221
242,6,6,220
242,6,7,214
242,6,8,213
242,6,9,207
242,12,0,241
242,12,1,235
242,12,2,234
242,12,3,228
242,12,4,227
242,12,5,221
242,12,6,220
242,12,7,214
242,12,8,213
242,12,9,207
242,18,0,241
242,18,1,235
242,18,2,234
242,18,3,228
242,18,4,227
242,18,5,221
242,18,6,220
242,18,7,214
242,18,8,213
242,18,9,207
243,0,0,240
243,0,1,239
243,0,2,238
243,0,3,237
243,0,4,236
243,0,5,233
243,0,6,232
243,0,7,231
243,0,8,230
243,0,9,229
243,6,0,240
243,6,1,239
243,6,2,238
243,6,3,237
243,6,4,236
243,6,5,233
243,6,6,232
243,6,7,231
243,6,8,230
243,6,9,229
243,12,0,240
243,12,1,239
243,12,2,238
243,12,3,237
243,12,4,236
243,12,5,233
243,12,6,232
243,12,7,231
243,12,8,230
243,12,9,229
243,18,0,240
243,18,1,239
243,18,2,238
243,18,3,237
243,18,4,236
243,18,5,233
243,18,6,232
243,18,7,231
243,18,8,230
243,18,9,229
244,0,0,243
244,0,1,240
244,0,2,239
244,0,3,238
244,0,4,237
244,0,5,236
244,0,6,233
244,0,7,232
244,0,8,231
244,0,9,230
244,6,0,243
244,6,1,240
244,6,2,239
244,6,3,238
244,6,4,237
244,6,5,236
244,6,6,233
244,6,7,232
244,6,8,231
244,6,9,230
244,12,0,243
244,12,1,240
244,12,2,239
244,12,3,238
244,12,4,237
244,12,5,236
244,12,6,233
244,12,7,232
244,12,8,231
244,12,9,230
244,18,0,243
244,18,1,240
244,18,2,239
244,18,3,238
244,18,4,237
244,18,5,236
244,18,6,233
244,18,7,232
244,18,8,231
244,18,9,230
245,0,0,244
245,0,1,243
245,0,2,240
245,0,3,239
245,0,4,238
245,0,5,237
245,0,6,236
245,0,7,233
245,0,8,232
245,0,9,231
245,6,0,244
245,6,1,243
245,6,2,240
245,6,3,239
245,6,4,238
245,6,5,237
245,6,6,236
245,6,7,233
245,6,8,232
245,6,9,231
245,12,0,244
245,12,1,243
245,12,2,240
245,12,3,239
245,12,4,238
245,12,5,237
245,12,6,236
245,12,7,233
245,12,8,232
245,12,9,231
245,18,0,244
245,18,1,243
245,18,2,240
245,18,3,239
245,18,4,238
245,18,5,237
245,18,6,236
245,18,7,233
245,18,8,232
245,18,9,231
246,0,0,245
246,0,1,244
246,0,2,243
246,0,3,240
246,0,4,239
246,0,5,238
246,0,6,237
246,0,7,236
246,0,8,233
246,0,9,232
246,6,0,245
246,6,1,244
246,6,2,243
246,6,3,240
246,6,4,239
246,6,5,238
246,6,6,237
246,6,7,236
246,6,8,233
246,6,9,232
246,12,0,245
246,12,1,244
246,12,2,243
246,12,3,240
246,12,4,239
246,12,5,238
246,12,6,237
246,12,7,236
246,12,8,233
246,12,9,232
246,18,0,245
246,18,1,244
246,18,2,243
246,18,3,240
246,18,4,239
246,18,5,238
246,18,6,237
246,18,7,236
246,18,8,233
246,18,9,232
247,0,0,246
247,0,1,245
247,0,2,244
247,0,3,243
247,0,4,240
247,0,5,239
247,0,6,238
247,0,7,237
247,0,8,236
247,0,9,233
247,6,0,246
247,6,1,245
247,6,2,244
247,6,3,243
247,6,4,240
247,6,5,239
247,6,6,238
247,6,7,237
247,6,8,236
247,6,9,233
247,12,0,246
247,12,1,245
247,12,2,244
247,12,3,243
247,12,4,240
247,12,5,239
247,12,6,238
247,12,7,237
247,12,8,236
247,12,9,233
247,18,0,246
247,18,1,245
247,18,2,244
247,18,3,243
247,18,4,240
247,18,5,239
247,18,6,238
247,18,7,237
247,18,8,236
247,18,9,233
248,0,0,242
248,0,1,241
248,0,2,235
248,0,3,234
248,0,4,228
248,0,5,227
248,0,6,221
248,0,7,220
248,0,8,214
248,0,9,213
248,6,0,242
248,6,1,241
248,6,2,235
248,6,3,234
248,6,4,228
248,6,5,227
248,6,6,221
248,6,7,220
248,6,8,214
248,6,9,213
248,12,0,242
248,12,1,241
248,12,2,235
248,12,3,234
248,12,4,228
248,12,5,227
248,12,6,221
248,12,7,220
248,12,8,214
248,12,9,213
248,18,0,242
248,18,1,241
248,18,2,235
248,18,3,234
248,18,4,228
248,18,5,227
248,18,6,221
248,18,7,220
248,18,8,214
248,18,9,213
249,0,0,248
249,0,1,242
249,0,2,241
249,0,3,235
249,0,4,234
249,0,5,228
249,0,6,227
249,0,7,221
249,0,8,220
249,0,9,214
249,6,0,248
249,6,1,242
249,6,2,241
249,6,3,235
249,6,4,234
249,6,5,228
249,6,6,227
249,6,7,221
249,6,8,220
249,6,9,214
249,12,0,248
249,12,1,242
249,12,2,241
249,12,3,235
249,12,4,234
249,12,5,228
249,12,6,227
249,12,7,221
249,12,8,220
249,12,9,214
249,18,0,248
249,18,1,242
249,18,2,241
249,18,3,235
249,18,4,234
249,18,5,228
249,18,6,227
249,18,7,221
249,18,8,220
249,18,9,214
250,0,0,247
250,0,1,246
250,0,2,245
250,0,3,244
250,0,4,243
250,0,5,240
250,0,6,239
250,0,7,238
250,0,8,237
250,0,9,236
250,6,0,247
250,6,1,246
250,6,2,245
250,6,3,244
250,6,4,243
250,6,5,240
250,6,6,239
250,6,7,238
250,6,8,237
250,6,9,236
250,12,0,247
250,12,1,246
250,12,2,245
250,12,3,244
250,12,4,243
250,12,5,240
250,12,6,239
250,12,7,238
250,12,8,237
250,12,9,236
250,18,0,247
250,18,1,246
250,18,2,245
250,18,3,244
250,18,4,243
250,18,5,240
250,18,6,239
250,18,7,238
250,18,8,237
250,18,9,236
251,0,0,250
251,0,1,247
251,0,2,246
251,0,3,245
251,0,4,244
251,0,5,243
251,0,6,240
251,0,7,239
251,0,8,238
251,0,9,237
251,6,0,250
251,6,1,247
251,6,2,246
251,6,3,245
251,6,4,244
251,6,5,243
251,6,6,240
251,6,7,239
251,6,8,238
251,6,9,237
251,12,0,250
251,12,1,247
251,12,2,246
251,12,3,245
251,12,4,244
251,12,5,243
251,12,6,240
251,12,7,239
251,12,8,238
251,12,9,237
251,18,0,250
251,18,1,247
251,18,2,246
251,18,3,245
251,18,4,244
251,18,5,243
251,18,6,240
251,18,7,239
251,18,8,238
251,18,9,237
252,0,0,251
252,0,1,250
252,0,2,247
252,0,3,246
252,0,4,245
252,0,5,244
252,0,6,243
252,0,7,240
252,0,8,239
252,0,9,238
252,6,0,251
252,6,1,250
252,6,2,247
252,6,3,246
252,6,4,245
252,6,5,244
252,6,6,243
252,6,7,240
252,6,8,239
252,6,9,238
252,12,0,251
252,12,1,250
252,12,2,247
252,12,3,246
252,12,4,245
252,12,5,244
252,12,6,243
252,12,7,240
252,12,8,239
252,12,9,238
252,18,0,251
252,18,1,250
252,18,2,247
252,18,3,246
252,18,4,245
252,18,5,244
252,18,6,243
252,18,7,240
252,18,8,239
252,18,9,238
253,0,0,252
253,0,1,251
253,0,2,250
253,0,3,247
253,0,4,246
253,0,5,245
253,0,6,244
253,0,7,243
253,0,8,240
253,0,9,239
253,6,0,252
253,6,1,251
253,6,2,250
253,6,3,247
253,6,4,246
253,6,5,245
253,6,6,244
253,6,7,243
253,6,8,240
253,6,9,239
253,12,0,252
253,12,1,251
253,12,2,250
253,12,3,247
253,12,4,246
253,12,5,245
253,12,6,244
253,12,7,243
253,12,8,240
253,12,9,239
253,18,0,252
253,18,1,251
253,18,2,250
253,18,3,247
253,18,4,246
253,18,5,245
253,18,6,244
253,18,7,243
253,18,8,240
253,18,9,239
254,0,0,253
254,0,1,252
254,0,2,251
254,0,3,250
254,0,4,247
254,0,5,246
254,0,6,245
254,0,7,244
254,0,8,243
254,0,9,240
254,6,0,253
254,6,1,252
254,6,2,251
254,6,3,250
254,6,4,247
254,6,5,246
254,6,6,245
254,6,7,244
254,6,8,243
254,6,9,240
254,12,0,253
254,12,1,252
254,12,2,251
254,12,3,250
254,12,4,247
254,12,5,246
254,12,6,245
254,12,7,244
254,12,8,243
254,12,9,240
254,18,0,253
254,18,1,252
254,18,2,251
254,18,3,250
254,18,4,247
254,18,5,246
254,18,6,245
254,18,7,244
254,18,8,243
254,18,9,240
255,0,0,249
255,0,1,248
255,0,2,242
255,0,3,241
255,0,4,235
255,0,5,234
255,0,6,228
255,0,7,227
255,0,8,221
255,0,9,220
255,6,0,249
255,6,1,248
255,6,2,242
255,6,3,241
255,6,4,235
255,6,5,234
255,6,6,228
255,6,7,227
255,6,8,221
255,6,9,220
255,12,0,249
255,12,1,248
255,12,2,242
255,12,3,241
255,12,4,235
255,12,5,234
255,12,6,228
255,12,7,227
255,12,8,221
255,12,9,220
255,18,0,249
255,18,1,248
255,18,2,242
255,18,3,241
255,18,4,235
255,18,5,234
255,18,6,228
255,18,7,227
255,18,8,221
255,18,9,220
256,0,0,255
256,0,1,249
256,0,2,248
256,0,3,242
256,0,4,241
256,0,5,235
256,0,6,234
256,0,7,228
256,0,8,227
256,0,9,221
256,6,0,255
256,6,1,249
256,6,2,248
256,6,3,242
256,6,4,241
256,6,5,235
256,6,6,234
256,6,7,228
256,6,8,227
256,6,9,221
256,12,0,255
256,12,1,249
256,12,2,248
256,12,3,242
256,12,4,241
256,12,5,235
256,12,6,234
256,12,7,228
256,12,8,227
256,12,9,221
256,18,0,255
256,18,1,249
256,18,2,248
256,18,3,242
256,18,4,241
256,18,5,235
256,18,6,234
256,18,7,228
256,18,8,227
256,18,9,221
257,0,0,254
257,0,1,253
257,0,2,252
257,0,3,251
257,0,4,250
257,0,5,247
257,0,6,246
257,0,7,245
257,0,8,244
257,0,9,243
257,6,0,254
257,6,1,253
257,6,2,252
257,6,3,251
257,6,4,250
257,6,5,247
257,6,6,246
257,6,7,245
257,6,8,244
257,6,9,243
257,12,0,254
257,12,1,253
257,12,2,252
257,12,3,251
257,12,4,250
257,12,5,247
257,12,6,246
257,12,7,245
257,12,8,244
257,12,9,243
257,18,0,254
257,18,1,253
257,18,2,252
257,18,3,251
257,18,4,250
257,18,5,247
257,18,6,246
257,18,7,245
257,18,8,244
257,18,9,243
258,0,0,257
258,0,1,254
258,0,2,253
258,0,3,252
258,0,4,251
258,0,5,250
258,0,6,247
258,0,7,246
258,0,8,245
258,0,9,244
258,6,0,257
258,6,1,254
258,6,2,253
258,6,3,252
258,6,4,251
258,6,5,250
258,6,6,247
258,6,7,246
258,6,8,245
258,6,9,244
258,12,0,257
258,12,1,254
258,12,2,253
258,12,3,252
258,12,4,251
258,12,5,250
258,12,6,247
258,12,7,246
258,12,8,245
258,12,9,244
258,18,0,257
258,18,1,254
258,18,2,253
258,18,3,252
258,18,4,251
258,18,5,250
258,18,6,247
258,18,7,246
258,18,8,245
258,18,9,244
259,0,0,258
259,0,1,257
259,0,2,254
259,0,3,253
259,0,4,252
259,0,5,251
259,0,6,250
259,0,7,247
259,0,8,246
259,0,9,245
259,6,0,258
259,6,1,257
259,6,2,254
259,6,3,253
259,6,4,252
259,6,5,251
259,6,6,250
259,6,7,247
259,6,8,246
259,6,9,245
259,12,0,258
259,12,1,257
259,12,2,254
259,12,3,253
259,12,4,252
259,12,5,251
259,12,6,250
259,12,7,247
259,12,8,246
259,12,9,245
259,18,0,258
259,18,1,257
259,18,2,254
259,18,3,253
259,18,4,252
259,18,5,251
259,18,6,250
259,18,7,247
259,18,8,246
259,18,9,245
260,0,0,259
260,0,1,258
260,0,2,257
260,0,3,254
260,0,4,253
260,0,5,252
260,0,6,251
260,0,7,250
260,0,8,247
260,0,9,246
260,6,0,259
260,6,1,258
260,6,2,257
260,6,3,254
260,6,4,253
260,6,5,252
260,6,6,251
260,6,7,250
260,6,8,247
260,6,9,246
260,12,0,259
260,12,1,258
260,12,2,257
260,12,3,254
260,12,4,253
260,12,5,252
260,12,6,251
260,12,7,250
260,12,8,247
260,12,9,246
260,18,0,259
260,18,1,258
260,18,2,257
260,18,3,254
260,18,4,253
260,18,5,252
260,18,6,251
260,18,7,250
260,18,8,247
260,18,9,246
261,0,0,260
261,0,1,259
261,0,2,258
261,0,3,257
261,0,4,254
261,0,5,253
261,0,6,252
261,0,7,251
261,0,8,250
261,0,9,247
261,6,0,260
261,6,1,259
261,6,2,258
261,6,3,257
261,6,4,254
261,6,5,253
261,6,6,252
261,6,7,251
261,6,8,250
261,6,9,247
261,12,0,260
261,12,1,259
261,12,2,258
261,12,3,257
261,12,4,254
261,12,5,253
261,12,6,252
261,12,7,251
261,12,8,250
261,12,9,247
261,18,0,260
261,18,1,259
261,18,2,258
261,18,3,257
261,18,4,254
261,18,5,253
261,18,6,252
261,18,7,251
261,18,8,250
261,18,9,247
262,0,0,256
262,0,1,255
262,0,2,249
262,0,3,248
262,0,4,242
262,0,5,241
262,0,6,235
262,0,7,234
262,0,8,228
262,0,9,227
262,6,0,256
262,6,1,255
262,6,2,249
262,6,3,248
262,6,4,242
262,6,5,241
262,6,6,235
262,6,7,234
262,6,8,228
262,6,9,227
262,12,0,256
262,12,1,255
262,12,2,249
262,12,3,248
262,12,4,242
262,12,5,241
262,12,6,235
262,12,7,234
262,12,8,228
262,12,9,227
262,18,0,256
262,18,1,255
262,18,2,249
262,18,3,248
262,18,4,242
262,18,5,241
262,18,6,235
262,18,7,234
262,18,8,228
262,18,9,227
263,0,0,262
263,0,1,256
263,0,2,255
263,0,3,249
263,0,4,248
263,0,5,242
263,0,6,241
263,0,7,235
263,0,8,234
263,0,9,228
263,6,0,262
263,6,1,256
263,6,2,255
263,6,3,249
263,6,4,248
263,6,5,242
263,6,6,241
263,6,7,235
263,6,8,234
263,6,9,228
263,12,0,262
263,12,1,256
263,12,2,255
263,12,3,249
263,12,4,248
263,12,5,242
263,12,6,241
263,12,7,235
263,12,8,234
263,12,9,228
263,18,0,262
263,18,1,256
263,18,2,255
263,18,3,249
263,18,4,248
263,18,5,242
263,18,6,241
263,18,7,235
263,18,8,234
263,18,9,228
264,0,0,261
264,0,1,260
264,0,2,259
264,0,3,258
264,0,4,257
264,0,5,254
264,0,6,253
264,0,7,252
264,0,8,251
264,0,9,250
264,6,0,261
264,6,1,260
264,6,2,259
264,6,3,258
264,6,4,257
264,6,5,254
264,6,6,253
264,6,7,252
264,6,8,251
264,6,9,250
264,12,0,261
264,12,1,260
264,12,2,259
264,12,3,258
264,12,4,257
264,12,5,254
264,12,6,253
264,12,7,252
264,12,8,251
264,12,9,250
264,18,0,261
264,18,1,260
264,18,2,259
264,18,3,258
264,18,4,257
264,18,5,254
264,18,6,253
264,18,7,252
264,18,8,251
264,18,9,250
265,0,0,264
265,0,1,261
265,0,2,260
265,0,3,259
265,0,4,258
265,0,5,257
265,0,6,254
265,0,7,253
265,0,8,252
265,0,9,251
265,6,0,264
265,6,1,261
265,6,2,260
265,6,3,259
265,6,4,258
265,6,5,257
265,6,6,254
265,6,7,253
265,6,8,252
265,6,9,251
265,12,0,264
265,12,1,261
265,12,2,260
265,12,3,259
265,12,4,258
265,12,5,257
265,12,6,254
265,12,7,253
265,12,8,252
265,12,9,251
265,18,0,264
265,18,1,261
265,18,2,260
265,18,3,259
265,18,4,258
265,18,5,257
265,18,6,254
265,18,7,253
265,18,8,252
265,18,9,251
266,0,0,265
266,0,1,264
266,0,2,261
266,0,3,260
266,0,4,259
266,0,5,258
266,0,6,257
266,0,7,254
266,0,8,253
266,0,9,252
266,6,0,265
266,6,1,264
266,6,2,261
266,6,3,260
266,6,4,259
266,6,5,258
266,6,6,257
266,6,7,254
266,6,8,253
266,6,9,252
266,12,0,265
266,12,1,264
266,12,2,261
266,12,3,260
266,12,4,259
266,12,5,258
266,12,6,257
266,12,7,254
266,12,8,253
266,12,9,252
266,18,0,265
266,18,1,264
266,18,2,261
266,18,3,260
266,18,4,259
266,18,5,258
266,18,6,257
266,18,7,254
266,18,8,253
266,18,9,252
267,0,0,266
267,0,1,265
267,0,2,264
267,0,3,261
267,0,4,260
267,0,5,259
267,0,6,258
267,0,7,257
267,0,8,254
267,0,9,253
267,6,0,266
267,6,1,265
267,6,2,264
267,6,3,261
267,6,4,260
267,6,5,259
267,6,6,258
267,6,7,257
267,6,8,254
267,6,9,253
267,12,0,266
267,12,1,265
267,12,2,264
267,12,3,261
267,12,4,260
267,12,5,259
267,12,6,258
267,12,7,257
267,12,8,254
267,12,9,253
267,18,0,266
267,18,1,265
267,18,2,264
267,18,3,261
267,18,4,260
267,18,5,259
267,18,6,258
267,18,7,257
267,18,8,254
267,18,9,253
268,0,0,267
268,0,1,266
268,0,2,265
268,0,3,264
268,0,4,261
268,0,5,260
268,0,6,259
268,0,7,258
268,0,8,257
268,0,9,254
268,6,0,267
268,6,1,266
268,6,2,265
268,6,3,264
268,6,4,261
268,6,5,260
268,6,6,259
268,6,7,258
268,6,8,257
268,6,9,254
268,12,0,267
268,12,1,266
268,12,2,265
268,12,3,264
268,12,4,261
268,12,5,260
268,12,6,259
268,12,7,258
268,12,8,257
268,12,9,254
268,18,0,267
268,18,1,266
268,18,2,265
268,18,3,264
268,18,4,261
268,18,5,260
268,18,6,259
268,18,7,258
268,18,8,257
268,18,9,254
269,0,0,263
269,0,1,262
269,0,2,256
269,0,3,255
269,0,4,249
269,0,5,248
269,0,6,242
269,0,7,241
269,0,8,235
269,0,9,234
269,6,0,263
269,6,1,262
269,6,2,256
269,6,3,255
269,6,4,249
269,6,5,248
269,6,6,242
269,6,7,241
269,6,8,235
269,6,9,234
269,12,0,263
269,12,1,262
269,12,2,256
269,12,3,255
269,12,4,249
269,12,5,248
269,12,6,242
269,12,7,241
269,12,8,235
269,12,9,234
269,18,0,263
269,18,1,262
269,18,2,256
269,18,3,255
269,18,4,249
269,18,5,248
269,18,6,242
269,18,7,241
269,18,8,235
269,18,9,234
270,0,0,269
270,0,1,263
270,0,2,262
270,0,3,256
270,0,4,255
270,0,5,249
270,0,6,248
270,0,7,242
270,0,8,241
270,0,9,235
270,6,0,269
270,6,1,263
270,6,2,262
270,6,3,256
270,6,4,255
270,6,5,249
270,6,6,248
270,6,7,242
270,6,8,241
270,6,9,235
270,12,0,269
270,12,1,263
270,12,2,262
270,12,3,256
270,12,4,255
270,12,5,249
270,12,6,248
270,12,7,242
270,12,8,241
270,12,9,235
270,18,0,269
270,18,1,263
270,18,2,262
270,18,3,256
270,18,4,255
270,18,5,249
270,18,6,248
270,18,7,242
270,18,8,241
270,18,9,235
271,0,0,268
271,0,1,267
271,0,2,266
271,0,3,265
271,0,4,264
271,0,5,261
271,0,6,260
271,0,7,259
271,0,8,258
271,0,9,257
271,6,0,268
271,6,1,267
271,6,2,266
271,6,3,265
271,6,4,264
271,6,5,261
271,6,6,260
271,6,7,259
271,6,8,258
271,6,9,257
271,12,0,268
271,12,1,267
271,12,2,266
271,12,3,265
271,12,4,264
271,12,5,261
271,12,6,260
271,12,7,259
271,12,8,258
271,12,9,257
271,18,0,268
271,18,1,267
271,18,2,266
271,18,3,265
271,18,4,264
271,18,5,261
271,18,6,260
271,18,7,259
271,18,8,258
271,18,9,257
272,0,0,271
272,0,1,268
272,0,2,267
272,0,3,266
272,0,4,265
272,0,5,264
272,0,6,261
272,0,7,260
272,0,8,259
272,0,9,258
272,6,0,271
272,6,1,268
272,6,2,267
272,6,3,266
272,6,4,265
272,6,5,264
272,6,6,261
272,6,7,260
272,6,8,259
272,6,9,258
272,12,0,271
272,12,1,268
272,12,2,267
272,12,3,266
272,12,4,265
272,12,5,264
272,12,6,261
272,12,7,260
272,12,8,259
272,12,9,258
272,18,0,271
272,18,1,268
272,18,2,267
272,18,3,266
272,18,4,265
272,18,5,264
272,18,6,261
272,18,7,260
272,18,8,259
272,18,9,258
273,0,0,272
273,0,1,271
273,0,2,268
273,0,3,267
273,0,4,266
273,0,5,265
273,0,6,264
273,0,7,261
273,0,8,260
273,0,9,259
273,6,0,272
273,6,1,271
273,6,2,268
273,6,3,267
273,6,4,266
273,6,5,265
273,6,6,264
273,6,7,261
273,6,8,260
273,6,9,259
273,12,0,272
273,12,1,271
273,12,2,268
273,12,3,267
273,12,4,266
273,12,5,265
273,12,6,264
273,12,7,261
273,12,8,260
273,12,9,259
273,18,0,272
273,18,1,271
273,18,2,268
273,18,3,267
273,18,4,266
273,18,5,265
273,18,6,264
273,18,7,261
273,18,8,260
273,18,9,259
274,0,0,273
274,0,1,272
274,0,2,271
274,0,3,268
274,0,4,267
274,0,5,266
274,0,6,265
274,0,7,264
274,0,8,261
274,0,9,260
274,6,0,273
274,6,1,272
274,6,2,271
274,6,3,268
274,6,4,267
274,6,5,266
274,6,6,265
274,6,7,264
274,6,8,261
274,6,9,260
274,12,0,273
274,12,1,272
274,12,2,271
274,12,3,268
274,12,4,267
274,12,5,266
274,12,6,265
274,12,7,264
274,12,8,261
274,12,9,260
274,18,0,273
274,18,1,272
274,18,2,271
274,18,3,268
274,18,4,267
274,18,5,266
274,18,6,265
274,18,7,264
274,18,8,261
274,18,9,260
275,0,0,274
275,0,1,273
275,0,2,272
275,0,3,271
275,0,4,268
275,0,5,267
275,0,6,266
275,0,7,265
275,0,8,264
275,0,9,261
275,6,0,274
275,6,1,273
275,6,2,272
275,6,3,271
275,6,4,268
275,6,5,267
275,6,6,266
275,6,7,265
275,6,8,264
275,6,9,261
275,12,0,274
275,12,1,273
275,12,2,272
275,12,3,271
275,12,4,268
275,12,5,267
275,12,6,266
275,12,7,265
275,12,8,264
275,12,9,261
275,18,0,274
275,18,1,273
275,18,2,272
275,18,3,271
275,18,4,268
275,18,5,267
275,18,6,266
275,18,7,265
275,18,8,264
275,18,9,261
276,0,0,270
276,0,1,269
276,0,2,263
276,0,3,262
276,0,4,256
276,0,5,255
276,0,6,249
276,0,7,248
276,0,8,242
276,0,9,241
276,6,0,270
276,6,1,269
276,6,2,263
276,6,3,262
276,6,4,256
276,6,5,255
276,6,6,249
276,6,7,248
276,6,8,242
276,6,9,241
276,12,0,270
276,12,1,269
276,12,2,263
276,12,3,262
276,12,4,256
276,12,5,255
276,12,6,249
276,12,7,248
276,12,8,242
276,12,9,241
276,18,0,270
276,18,1,269
276,18,2,263
276,18,3,262
276,18,4,256
276,18,5,255
276,18,6,249
276,18,7,248
276,18,8,242
276,18,9,241
277,0,0,276
277,0,1,270
277,0,2,269
277,0,3,263
277,0,4,262
277,0,5,256
277,0,6,255
277,0,7,249
277,0,8,248
277,0,9,242
277,6,0,276
277,6,1,270
277,6,2,269
277,6,3,263
277,6,4,262
277,6,5,256
277,6,6,255
277,6,7,249
277,6,8,248
277,6,9,242
277,12,0,276
277,12,1,270
277,12,2,269
277,12,3,263
277,12,4,262
277,12,5,256
277,12,6,255
277,12,7,249
277,12,8,248
277,12,9,242
277,18,0,276
277,18,1,270
277,18,2,269
277,18,3,263
277,18,4,262
277,18,5,256
277,18,6,255
277,18,7,249
277,18,8,248
277,18,9,242
278,0,0,275
278,0,1,274
278,0,2,273
278,0,3,272
278,0,4,271
278,0,5,268
278,0,6,267
278,0,7,266
278,0,8,265
278,0,9,264
278,6,0,275
278,6,1,274
278,6,2,273
278,6,3,272
278,6,4,271
278,6,5,268
278,6,6,267
278,6,7,266
278,6,8,265
278,6,9,264
278,12,0,275
278,12,1,274
278,12,2,273
278,12,3,272
278,12,4,271
278,12,5,268
278,12,6,267
278,12,7,266
278,12,8,265
278,12,9,264
278,18,0,275
278,18,1,274
278,18,2,273
278,18,3,272
278,18,4,271
278,18,5,268
278,18,6,267
278,18,7,266
278,18,8,265
278,18,9,264
279,0,0,278
279,0,1,275
279,0,2,274
279,0,3,273
279,0,4,272
279,0,5,271
279,0,6,268
279,0,7,267
279,0,8,266
279,0,9,265
279,6,0,278
279,6,1,275
279,6,2,274
279,6,3,273
279,6,4,272
279,6,5,271
279,6,6,268
279,6,7,267
279,6,8,266
279,6,9,265
279,12,0,278
279,12,1,275
279,12,2,274
279,12,3,273
279,12,4,272
279,12,5,271
279,12,6,268
279,12,7,267
279,12,8,266
279,12,9,265
279,18,0,278
279,18,1,275
279,18,2,274
279,18,3,273
279,18,4,272
279,18,5,271
279,18,6,268
279,18,7,267
279,18,8,266
279,18,9,265
280,0,0,279
280,0,1,278
280,0,2,275
280,0,3,274
280,0,4,273
280,0,5,272
280,0,6,271
280,0,7,268
280,0,8,267
280,0,9,266
280,6,0,279
280,6,1,278
280,6,2,275
280,6,3,274
280,6,4,273
280,6,5,272
280,6,6,271
280,6,7,268
280,6,8,267
280,6,9,266
280,12,0,279
280,12,1,278
280,12,2,275
280,12,3,274
280,12,4,273
280,12,5,272
280,12,6,271
280,12,7,268
280,12,8,267
280,12,9,266
280,18,0,279
280,18,1,278
280,18,2,275
280,18,3,274
280,18,4,273
280,18,5,272
280,18,6,271
280,18,7,268
280,18,8,267
280,18,9,266
281,0,0,280
281,0,1,279
281,0,2,278
281,0,3,275
281,0,4,274
281,0,5,273
281,0,6,272
281,0,7,271
281,0,8,268
281,0,9,267
281,6,0,280
281,6,1,279
281,6,2,278
281,6,3,275
281,6,4,274
281,6,5,273
281,6,6,272
281,6,7,271
281,6,8,268
281,6,9,267
281,12,0,280
281,12,1,279
281,12,2,278
281,12,3,275
281,12,4,274
281,12,5,273
281,12,6,272
281,12,7,271
281,12,8,268
281,12,9,267
281,18,0,280
281,18,1,279
281,18,2,278
281,18,3,275
281,18,4,274
281,18,5,273
281,18,6,272
281,18,7,271
281,18,8,268
281,18,9,267
282,0,0,281
282,0,1,280
282,0,2,279
282,0,3,278
282,0,4,275
282,0,5,274
282,0,6,273
282,0,7,272
282,0,8,271
282,0,9,268
282,6,0,281
282,6,1,280
282,6,2,279
282,6,3,278
282,6,4,275
282,6,5,274
282,6,6,273
282,6,7,272
282,6,8,271
282,6,9,268
282,12,0,281
282,12,1,280
282,12,2,279
282,12,3,278
282,12,4,275
282,12,5,274
282,12,6,273
282,12,7,272
282,12,8,271
282,12,9,268
282,18,0,281
282,18,1,280
282,18,2,279
282,18,3,278
282,18,4,275
282,18,5,274
282,18,6,273
282,18,7,272
282,18,8,271
282,18,9,268
283,0,0,277
283,0,1,276
283,0,2,270
283,0,3,269
283,0,4,263
283,0,5,262
283,0,6,256
283,0,7,255
283,0,8,249
283,0,9,248
283,6,0,277
283,6,1,276
283,6,2,270
283,6,3,269
283,6,4,263
283,6,5,262
283,6,6,256
283,6,7,255
283,6,8,249
283,6,9,248
283,12,0,277
283,12,1,276
283,12,2,270
283,12,3,269
283,12,4,263
283,12,5,262
283,12,6,256
283,12,7,255
283,12,8,249
283,12,9,248
283,18,0,277
283,18,1,276
283,18,2,270
283,18,3,269
283,18,4,263
283,18,5,262
283,18,6,256
283,18,7,255
283,18,8,249
283,18,9,248
284,0,0,283
284,0,1,277
284,0,2,276
284,0,3,270
284,0,4,269
284,0,5,263
284,0,6,262
284,0,7,256
284,0,8,255
284,0,9,249
284,6,0,283
284,6,1,277
284,6,2,276
284,6,3,270
284,6,4,269
284,6,5,263
284,6,6,262
284,6,7,256
284,6,8,255
284,6,9,249
284,12,0,283
284,12,1,277
284,12,2,276
284,12,3,270
284,12,4,269
284,12,5,263
284,12,6,262
284,12,7,256
284,12,8,255
284,12,9,249
284,18,0,283
284,18,1,277
284,18,2,276
284,18,3,270
284,18,4,269
284,18,5,263
284,18,6,262
284,18,7,256
284,18,8,255
284,18,9,249
285,0,0,282
285,0,1,281
285,0,2,280
285,0,3,279
285,0,4,278
285,0,5,275
285,0,6,274
285,0,7,273
285,0,8,272
285,0,9,271
285,6,0,282
285,6,1,281
285,6,2,280
285,6,3,279
285,6,4,278
285,6,5,275
285,6,6,274
285,6,7,273
285,6,8,272
285,6,9,271
285,12,0,282
285,12,1,281
285,12,2,280
285,12,3,279
285,12,4,278
285,12,5,275
285,12,6,274
285,12,7,273
285,12,8,272
285,12,9,271
285,18,0,282
285,18,1,281
285,18,2,280
285,18,3,279
285,18,4,278
285,18,5,275
285,18,6,274
285,18,7,273
285,18,8,272
285,18,9,271
286,0,0,285
286,0,1,282
286,0,2,281
286,0,3,280
286,0,4,279
286,0,5,278
286,0,6,275
286,0,7,274
286,0,8,273
286,0,9,272
286,6,0,285
286,6,1,282
286,6,2,281
286,6,3,280
286,6,4,279
286,6,5,278
286,6,6,275
286,6,7,274
286,6,8,273
286,6,9,272
286,12,0,285
286,12,1,282
286,12,2,281
286,12,3,280
286,12,4,279
286,12,5,278
286,12,6,275
286,12,7,274
286,12,8,273
286,12,9,272
286,18,0,285
286,18,1,282
286,18,2,281
286,18,3,280
286,18,4,279
286,18,5,278
286,18,6,275
286,18,7,274
286,18,8,273
286,18,9,272
287,0,0,286
287,0,1,285
287,0,2,282
287,0,3,281
287,0,4,280
287,0,5,279
287,0,6,278
287,0,7,275
287,0,8,274
287,0,9,273
287,6,0,286
287,6,1,285
287,6,2,282
287,6,3,281
287,6,4,280
287,6,5,279
287,6,6,278
287,6,7,275
287,6,8,274
287,6,9,273
287,12,0,286
287,12,1,285
287,12,2,282
287,12,3,281
287,12,4,280
287,12,5,279
287,12,6,278
287,12,7,275
287,12,8,274
287,12,9,273
287,18,0,286
287,18,1,285
287,18,2,282
287,18,3,281
287,18,4,280
287,18,5,279
287,18,6,278
287,18,7,275
287,18,8,274
287,18,9,273
288,0,0,287
288,0,1,286
288,0,2,285
288,0,3,282
288,0,4,281
288,0,5,280
288,0,6,279
288,0,7,278
288,0,8,275
288,0,9,274
288,6,0,287
288,6,1,286
288,6,2,285
288,6,3,282
288,6,4,281
288,6,5,280
288,6,6,279
288,6,7,278
288,6,8,275
288,6,9,274
288,12,0,287
288,12,1,286
288,12,2,285
288,12,3,282
288,12,4,281
288,12,5,280
288,12,6,279
288,12,7,278
288,12,8,275
288,12,9,274
288,18,0,287
288,18,1,286
288,18,2,285
288,18,3,282
288,18,4,281
288,18,5,280
288,18,6,279
288,18,7,278
288,18,8,275
288,18,9,274
289,0,0,288
289,0,1,287
289,0,2,286
289,0,3,285
289,0,4,282
289,0,5,281
289,0,6,280
289,0,7,279
289,0,8,278
289,0,9,275
289,6,0,288
289,6,1,287
289,6,2,286
289,6,3,285
289,6,4,282
289,6,5,281
289,6,6,280
289,6,7,279
289,6,8,278
289,6,9,275
289,12,0,288
289,12,1,287
289,12,2,286
289,12,3,285
289,12,4,282
289,12,5,281
289,12,6,280
289,12,7,279
289,12,8,278
289,12,9,275
289,18,0,288
289,18,1,287
289,18,2,286
289,18,3,285
289,18,4,282
289,18,5,281
289,18,6,280
289,18,7,279
289,18,8,278
289,18,9,275
290,0,0,284
290,0,1,283
290,0,2,277
290,0,3,276
290,0,4,270
290,0,5,269
290,0,6,263
290,0,7,262
290,0,8,256
290,0,9,255
290,6,0,284
290,6,1,283
290,6,2,277
290,6,3,276
290,6,4,270
290,6,5,269
290,6,6,263
290,6,7,262
290,6,8,256
290,6,9,255
290,12,0,284
290,12,1,283
290,12,2,277
290,12,3,276
290,12,4,270
290,12,5,269
290,12,6,263
290,12,7,262
290,12,8,256
290,12,9,255
290,18,0,284
290,18,1,283
290,18,2,277
290,18,3,276
290,18,4,270
290,18,5,269
290,18,6,263
290,18,7,262
290,18,8,256
290,18,9,255
291,0,0,290
291,0,1,284
291,0,2,283
291,0,3,277
291,0,4,276
291,0,5,270
291,0,6,269
291,0,7,263
291,0,8,262
291,0,9,256
291,6,0,290
291,6,1,284
291,6,2,283
291,6,3,277
291,6,4,276
291,6,5,270
291,6,6,269
291,6,7,263
291,6,8,262
291,6,9,256
291,12,0,290
291,12,1,284
291,12,2,283
291,12,3,277
291,12,4,276
291,12,5,270
291,12,6,269
291,12,7,263
291,12,8,262
291,12,9,256
291,18,0,290
291,18,1,284
291,18,2,283
291,18,3,277
291,18,4,276
291,18,5,270
291,18,6,269
291,18,7,263
291,18,8,262
291,18,9,256
292,0,0,289
292,0,1,288
292,0,2,287
292,0,3,286
292,0,4,285
292,0,5,282
292,0,6,281
292,0,7,280
292,0,8,279
292,0,9,278
292,6,0,289
292,6,1,288
292,6,2,287
292,6,3,286
292,6,4,285
292,6,5,282
292,6,6,281
292,6,7,280
292,6,8,279
292,6,9,278
292,12,0,289
292,12,1,288
292,12,2,287
292,12,3,286
292,12,4,285
292,12,5,282
292,12,6,281
292,12,7,280
292,12,8,279
292,12,9,278
292,18,0,289
292,18,1,288
292,18,2,287
292,18,3,286
292,18,4,285
292,18,5,282
292,18,6,281
292,18,7,280
292,18,8,279
292,18,9,278
293,0,0,292
293,0,1,289
293,0,2,288
293,0,3,287
293,0,4,286
293,0,5,285
293,0,6,282
293,0,7,281
293,0,8,280
293,0,9,279
293,6,0,292
293,6,1,289
293,6,2,288
293,6,3,287
293,6,4,286
293,6,5,285
293,6,6,282
293,6,7,281
293,6,8,280
293,6,9,279
293,12,0,292
293,12,1,289
293,12,2,288
293,12,3,287
293,12,4,286
293,12,5,285
293,12,6,282
293,12,7,281
293,12,8,280
293,12,9,279
293,18,0,292
293,18,1,289
293,18,2,288
293,18,3,287
293,18,4,286
293,18,5,285
293,18,6,282
293,18,7,281
293,18,8,280
293,18,9,279
294,0,0,293
294,0,1,292
294,0,2,289
294,0,3,288
294,0,4,287
294,0,5,286
294,0,6,285
294,0,7,282
294,0,8,281
294,0,9,280
294,6,0,293
294,6,1,292
294,6,2,289
294,6,3,288
294,6,4,287
294,6,5,286
294,6,6,285
294,6,7,282
294,6,8,281
294,6,9,280
294,12,0,293
294,12,1,292
294,12,2,289
294,12,3,288
294,12,4,287
294,12,5,286
294,12,6,285
294,12,7,282
294,12,8,281
294,12,9,280
294,18,0,293
294,18,1,292
294,18,2,289
294,18,3,288
294,18,4,287
294,18,5,286
294,18,6,285
294,18,7,282
294,18,8,281
294,18,9,280
295,0,0,294
295,0,1,293
295,0,2,292
295,0,3,289
295,0,4,288
295,0,5,287
295,0,6,286
295,0,7,285
295,0,8,282
295,0,9,281
295,6,0,294
295,6,1,293
295,6,2,292
295,6,3,289
295,6,4,288
295,6,5,287
295,6,6,286
295,6,7,285
295,6,8,282
295,6,9,281
295,12,0,294
295,12,1,293
295,12,2,292
295,12,3,289
295,12,4,288
295,12,5,287
295,12,6,286
295,12,7,285
295,12,8,282
295,12,9,281
295,18,0,294
295,18,1,293
295,18,2,292
295,18,3,289
295,18,4,288
295,18,5,287
295,18,6,286
295,18,7,285
295,18,8,282
295,18,9,281
296,0,0,295
296,0,1,294
296,0,2,293
296,0,3,292
296,0,4,289
296,0,5,288
296,0,6,287
296,0,7,286
296,0,8,285
296,0,9,282
296,6,0,295
296,6,1,294
296,6,2,293
296,6,3,292
296,6,4,289
296,6,5,288
296,6,6,287
296,6,7,286
296,6,8,285
296,6,9,282
296,12,0,295
296,12,1,294
296,12,2,293
296,12,3,292
296,12,4,289
296,12,5,288
296,12,6,287
296,12,7,286
296,12,8,285
296,12,9,282
296,18,0,295
296,18,1,294
296,18,2,293
296,18,3,292
296,18,4,289
296,18,5,288
296,18,6,287
296,18,7,286
296,18,8,285
296,18,9,282
297,0,0,291
297,0,1,290
297,0,2,284
297,0,3,283
297,0,4,277
297,0,5,276
297,0,6,270
297,0,7,269
297,0,8,263
297,0,9,262
297,6,0,291
297,6,1,290
297,6,2,284
297,6,3,283
297,6,4,277
297,6,5,276
297,6,6,270
297,6,7,269
297,6,8,263
297,6,9,262
297,12,0,291
297,12,1,290
297,12,2,284
297,12,3,283
297,12,4,277
297,12,5,276
297,12,6,270
297,12,7,269
297,12,8,263
297,12,9,262
297,18,0,291
297,18,1,290
297,18,2,284
297,18,3,283
297,18,4,277
297,18,5,276
297,18,6,270
297,18,7,269
297,18,8,263
297,18,9,262
298,0,0,297
298,0,1,291
298,0,2,290
298,0,3,284
298,0,4,283
298,0,5,277
298,0,6,276
298,0,7,270
298,0,8,269
298,0,9,263
298,6,0,297
298,6,1,291
298,6,2,290
298,6,3,284
298,6,4,283
298,6,5,277
298,6,6,276
298,6,7,270
298,6,8,269
298,6,9,263
298,12,0,297
298,12,1,291
298,12,2,290
298,12,3,284
298,12,4,283
298,12,5,277
298,12,6,276
298,12,7,270
298,12,8,269
298,12,9,263
298,18,0,297
298,18,1,291
298,18,2,290
298,18,3,284
298,18,4,283
298,18,5,277
298,18,6,276
298,18,7,270
298,18,8,269
298,18,9,263
299,0,0,296
299,0,1,295
299,0,2,294
299,0,3,293
299,0,4,292
299,0,5,289
299,0,6,288
299,0,7,287
299,0,8,286
299,0,9,285
299,6,0,296
299,6,1,295
299,6,2,294
299,6,3,293
299,6,4,292
299,6,5,289
299,6,6,288
299,6,7,287
299,6,8,286
299,6,9,285
299,12,0,296
299,12,1,295
299,12,2,294
299,12,3,293
299,12,4,292
299,12,5,289
299,12,6,288
299,12,7,287
299,12,8,286
299,12,9,285
299,18,0,296
299,18,1,295
299,18,2,294
299,18,3,293
299,18,4,292
299,18,5,289
299,18,6,288
299,18,7,287
299,18,8,286
299,18,9,285
300,0,0,299
300,0,1,296
300,0,2,295
300,0,3,294
300,0,4,293
300,0,5,292
300,0,6,289
300,0,7,288
300,0,8,287
300,0,9,286
300,6,0,299
300,6,1,296
300,6,2,295
300,6,3,294
300,6,4,293
300,6,5,292
300,6,6,289
300,6,7,288
300,6,8,287
300,6,9,286
300,12,0,299
300,12,1,296
300,12,2,295
300,12,3,294
300,12,4,293
300,12,5,292
300,12,6,289
300,12,7,288
300,12,8,287
300,12,9,286
300,18,0,299
300,18,1,296
300,18,2,295
300,18,3,294
300,18,4,293
300,18,5,292
300,18,6,289
300,18,7,288
300,18,8,287
300,18,9,286
301,0,0,300
301,0,1,299
301,0,2,296
301,0,3,295
301,0,4,294
301,0,5,293
301,0,6,292
301,0,7,289
301,0,8,288
301,0,9,287
301,6,0,300
301,6,1,299
301,6,2,296
301,6,3,295
301,6,4,294
301,6,5,293
301,6,6,292
301,6,7,289
301,6,8,288
301,6,9,287
301,12,0,300
301,12,1,299
301,12,2,296
301,12,3,295
301,12,4,294
301,12,5,293
301,12,6,292
301,12,7,289
301,12,8,288
301,12,9,287
301,18,0,300
301,18,1,299
301,18,2,296
301,18,3,295
301,18,4,294
301,18,5,293
301,18,6,292
301,18,7,289
301,18,8,288
301,18,9,287
302,0,0,301
302,0,1,300
302,0,2,299
302,0,3,296
302,0,4,295
302,0,5,294
302,0,6,293
302,0,7,292
302,0,8,289
302,0,9,288
302,6,0,301
302,6,1,300
302,6,2,299
302,6,3,296
302,6,4,295
302,6,5,294
302,6,6,293
302,6,7,292
302,6,8,289
302,6,9,288
302,12,0,301
302,12,1,300
302,12,2,299
302,12,3,296
302,12,4,295
302,12,5,294
302,12,6,293
302,12,7,292
302,12,8,289
302,12,9,288
302,18,0,301
302,18,1,300
302,18,2,299
302,18,3,296
302,18,4,295
302,18,5,294
302,18,6,293
302,18,7,292
302,18,8,289
302,18,9,288
303,0,0,302
303,0,1,301
303,0,2,300
303,0,3,299
303,0,4,296
303,0,5,295
303,0,6,294
303,0,7,293
303,0,8,292
303,0,9,289
303,6,0,302
303,6,1,301
303,6,2,300
303,6,3,299
303,6,4,296
303,6,5,295
303,6,6,294
303,6,7,293
303,6,8,292
303,6,9,289
303,12,0,302
303,12,1,301
303,12,2,300
303,12,3,299
303,12,4,296
303,12,5,295
303,12,6,294
303,12,7,293
303,12,8,292
303,12,9,289
303,18,0,302
303,18,1,301
303,18,2,300
303,18,3,299
303,18,4,296
303,18,5,295
303,18,6,294
303,18,7,293
303,18,8,292
303,18,9,289
304,0,0,298
304,0,1,297
304,0,2,291
304,0,3,290
304,0,4,284
304,0,5,283
304,0,6,277
304,0,7,276
304,0,8,270
304,0,9,269
304,6,0,298
304,6,1,297
304,6,2,291
304,6,3,290
304,6,4,284
304,6,5,283
304,6,6,277
304,6,7,276
304,6,8,270
304,6,9,269
304,12,0,298
304,12,1,297
304,12,2,291
304,12,3,290
304,12,4,284
304,12,5,283
304,12,6,277
304,12,7,276
304,12,8,270
304,12,9,269
304,18,0,298
304,18,1,297
304,18,2,291
304,18,3,290
304,18,4,284
304,18,5,283
304,18,6,277
304,18,7,276
304,18,8,270
304,18,9,269
305,0,0,304
305,0,1,298
305,0,2,297
305,0,3,291
305,0,4,290
305,0,5,284
305,0,6,283
305,0,7,277
305,0,8,276
305,0,9,270
305,6,0,304
305,6,1,298
305,6,2,297
305,6,3,291
305,6,4,290
305,6,5,284
305,6,6,283
305,6,7,277
305,6,8,276
305,6,9,270
305,12,0,304
305,12,1,298
305,12,2,297
305,12,3,291
305,12,4,290
305,12,5,284
305,12,6,283
305,12,7,277
305,12,8,276
305,12,9,270
305,18,0,304
305,18,1,298
305,18,2,297
305,18,3,291
305,18,4,290
305,18,5,284
305,18,6,283
305,18,7,277
305,18,8,276
305,18,9,270
306,0,0,303
306,0,1,302
306,0,2,301
306,0,3,300
306,0,4,299
306,0,5,296
306,0,6,295
306,0,7,294
306,0,8,293
306,0,9,292
306,6,0,303
306,6,1,302
306,6,2,301
306,6,3,300
306,6,4,299
306,6,5,296
306,6,6,295
306,6,7,294
306,6,8,293
306,6,9,292
306,12,0,303
306,12,1,302
306,12,2,301
306,12,3,300
306,12,4,299
306,12,5,296
306,12,6,295
306,12,7,294
306,12,8,293
306,12,9,292
306,18,0,303
306,18,1,302
306,18,2,301
306,18,3,300
306,18,4,299
306,18,5,296
306,18,6,295
306,18,7,294
306,18,8,293
306,18,9,292
307,0,0,306
307,0,1,303
307,0,2,302
307,0,3,301
307,0,4,300
307,0,5,299
307,0,6,296
307,0,7,295
307,0,8,294
307,0,9,293
307,6,0,306
307,6,1,303
307,6,2,302
307,6,3,301
307,6,4,300
307,6,5,299
307,6,6,296
307,6,7,295
307,6,8,294
307,6,9,293
307,12,0,306
307,12,1,303
307,12,2,302
307,12,3,301
307,12,4,300
307,12,5,299
307,12,6,296
307,12,7,295
307,12,8,294
307,12,9,293
307,18,0,306
307,18,1,303
307,18,2,302
307,18,3,301
307,18,4,300
307,18,5,299
307,18,6,296
307,18,7,295
307,18,8,294
307,18,9,293
308,0,0,307
308,0,1,306
308,0,2,303
308,0,3,302
308,0,4,301
308,0,5,300
308,0,6,299
308,0,7,296
308,0,8,295
308,0,9,294
308,6,0,307
308,6,1,306
308,6,2,303
308,6,3,302
308,6,4,301
308,6,5,300
308,6,6,299
308,6,7,296
308,6,8,295
308,6,9,294
308,12,0,307
308,12,1,306
308,12,2,303
308,12,3,302
308,12,4,301
308,12,5,300
308,12,6,299
308,12,7,296
308,12,8,295
308,12,9,294
308,18,0,307
308,18,1,306
308,18,2,303
308,18,3,302
308,18,4,301
308,18,5,300
308,18,6,299
308,18,7,296
308,18,8,295
308,18,9,294
309,0,0,308
309,0,1,307
309,0,2,306
309,0,3,303
309,0,4,302
309,0,5,301
309,0,6,300
309,0,7,299
309,0,8,296
309,0,9,295
309,6,0,308
309,6,1,307
309,6,2,306
309,6,3,303
309,6,4,302
309,6,5,301
309,6,6,300
309,6,7,299
309,6,8,296
309,6,9,295
309,12,0,308
309,12,1,307
309,12,2,306
309,12,3,303
309,12,4,302
309,12,5,301
309,12,6,300
309,12,7,299
309,12,8,296
309,12,9,295
309,18,0,308
309,18,1,307
309,18,2,306
309,18,3,303
309,18,4,302
309,18,5,301
309,18,6,300
309,18,7,299
309,18,8,296
309,18,9,295
310,0,0,309
310,0,1,308
310,0,2,307
310,0,3,306
310,0,4,303
310,0,5,302
310,0,6,301
310,0,7,300
310,0,8,299
310,0,9,296
310,6,0,309
310,6,1,308
310,6,2,307
310,6,3,306
310,6,4,303
310,6,5,302
310,6,6,301
310,6,7,300
310,6,8,299
310,6,9,296
310,12,0,309
310,12,1,308
310,12,2,307
310,12,3,306
310,12,4,303
310,12,5,302
310,12,6,301
310,12,7,300
310,12,8,299
310,12,9,296
310,18,0,309
310,18,1,308
310,18,2,307
310,18,3,306
310,18,4,303
310,18,5,302
310,18,6,301
310,18,7,300
310,18,8,299
310,18,9,296
311,0,0,305
311,0,1,304
311,0,2,298
311,0,3,297
311,0,4,291
311,0,5,290
311,0,6,284
311,0,7,283
311,0,8,277
311,0,9,276
311,6,0,305
311,6,1,304
311,6,2,298
311,6,3,297
311,6,4,291
311,6,5,290
311,6,6,284
311,6,7,283
311,6,8,277
311,6,9,276
311,12,0,305
311,12,1,304
311,12,2,298
311,12,3,297
311,12,4,291
311,12,5,290
311,12,6,284
311,12,7,283
311,12,8,277
311,12,9,276
311,18,0,305
311,18,1,304
311,18,2,298
311,18,3,297
311,18,4,291
311,18,5,290
311,18,6,284
311,18,7,283
311,18,8,277
311,18,9,276
312,0,0,311
312,0,1,305
312,0,2,304
312,0,3,298
312,0,4,297
312,0,5,291
312,0,6,290
312,0,7,284
312,0,8,283
312,0,9,277
312,6,0,311
312,6,1,305
312,6,2,304
312,6,3,298
312,6,4,297
312,6,5,291
312,6,6,290
312,6,7,284
312,6,8,283
312,6,9,277
312,12,0,311
312,12,1,305
312,12,2,304
312,12,3,298
312,12,4,297
312,12,5,291
312,12,6,290
312,12,7,284
312,12,8,283
312,12,9,277
312,18,0,311
312,18,1,305
312,18,2,304
312,18,3,298
312,18,4,297
312,18,5,291
312,18,6,290
312,18,7,284
312,18,8,283
312,18,9,277
313,0,0,310
313,0,1,309
313,0,2,308
313,0,3,307
313,0,4,306
313,0,5,303
313,0,6,302
313,0,7,301
313,0,8,300
313,0,9,299
313,6,0,310
313,6,1,309
313,6,2,308
313,6,3,307
313,6,4,306
313,6,5,303
313,6,6,302
313,6,7,301
313,6,8,300
313,6,9,299
313,12,0,310
313,12,1,309
313,12,2,308
313,12,3,307
313,12,4,306
313,12,5,303
313,12,6,302
313,12,7,301
313,12,8,300
313,12,9,299
313,18,0,310
313,18,1,309
313,18,2,308
313,18,3,307
313,18,4,306
313,18,5,303
313,18,6,302
313,18,7,301
313,18,8,300
313,18,9,299
314,0,0,313
314,0,1,310
314,0,2,309
314,0,3,308
314,0,4,307
314,0,5,306
314,0,6,303
314,0,7,302
314,0,8,301
314,0,9,300
314,6,0,313
314,6,1,310
314,6,2,309
314,6,3,308
314,6,4,307
314,6,5,306
314,6,6,303
314,6,7,302
314,6,8,301
314,6,9,300
314,12,0,313
314,12,1,310
314,12,2,309
314,12,3,308
314,12,4,307
314,12,5,306
314,12,6,303
314,12,7,302
314,12,8,301
314,12,9,300
314,18,0,313
314,18,1,310
314,18,2,309
314,18,3,308
314,18,4,307
314,18,5,306
314,18,6,303
314,18,7,302
314,18,8,301
314,18,9,300
315,0,0,314
315,0,1,313
315,0,2,310
315,0,3,309
315,0,4,308
315,0,5,307
315,0,6,306
315,0,7,303
315,0,8,302
315,0,9,301
315,6,0,314
315,6,1,313
315,6,2,310
315,6,3,309
315,6,4,308
315,6,5,307
315,6,6,306
315,6,7,303
315,6,8,302
315,6,9,301
315,12,0,314
315,12,1,313
315,12,2,310
315,12,3,309
315,12,4,308
315,12,5,307
315,12,6,306
315,12,7,303
315,12,8,302
315,12,9,301
315,18,0,314
315,18,1,313
315,18,2,310
315,18,3,309
315,18,4,308
315,18,5,307
315,18,6,306
315,18,7,303
315,18,8,302
315,18,9,301
316,0,0,315
316,0,1,314
316,0,2,313
316,0,3,310
316,0,4,309
316,0,5,308
316,0,6,307
316,0,7,306
316,0,8,303
316,0,9,302
316,6,0,315
316,6,1,314
316,6,2,313
316,6,3,310
316,6,4,309
316,6,5,308
316,6,6,307
316,6,7,306
316,6,8,303
316,6,9,302
316,12,0,315
316,12,1,314
316,12,2,313
316,12,3,310
316,12,4,309
316,12,5,308
316,12,6,307
316,12,7,306
316,12,8,303
316,12,9,302
316,18,0,315
316,18,1,314
316,18,2,313
316,18,3,310
316,18,4,309
316,18,5,308
316,18,6,307
316,18,7,306
316,18,8,303
316,18,9,302
317,0,0,316
317,0,1,315
317,0,2,314
317,0,3,313
317,0,4,310
317,0,5,309
317,0,6,308
317,0,7,307
317,0,8,306
317,0,9,303
317,6,0,316
317,6,1,315
317,6,2,314
317,6,3,313
317,6,4,310
317,6,5,309
317,6,6,308
317,6,7,307
317,6,8,306
317,6,9,303
317,12,0,316
317,12,1,315
317,12,2,314
317,12,3,313
317,12,4,310
317,12,5,309
317,12,6,308
317,12,7,307
317,12,8,306
317,12,9,303
317,18,0,316
317,18,1,315
317,18,2,314
317,18,3,313
317,18,4,310
317,18,5,309
317,18,6,308
317,18,7,307
317,18,8,306
317,18,9,303
318,0,0,312
318,0,1,311
318,0,2,305
318,0,3,304
318,0,4,298
318,0,5,297
318,0,6,291
318,0,7,290
318,0,8,284
318,0,9,283
318,6,0,312
318,6,1,311
318,6,2,305
318,6,3,304
318,6,4,298
318,6,5,297
318,6,6,291
318,6,7,290
318,6,8,284
318,6,9,283
318,12,0,312
318,12,1,311
318,12,2,305
318,12,3,304
318,12,4,298
318,12,5,297
318,12,6,291
318,12,7,290
318,12,8,284
318,12,9,283
318,18,0,312
318,18,1,311
318,18,2,305
318,18,3,304
318,18,4,298
318,18,5,297
318,18,6,291
318,18,7,290
318,18,8,284
318,18,9,283
319,0,0,318
319,0,1,312
319,0,2,311
319,0,3,305
319,0,4,304
319,0,5,298
319,0,6,297
319,0,7,291
319,0,8,290
319,0,9,284
319,6,0,318
319,6,1,312
319,6,2,311
319,6,3,305
319,6,4,304
319,6,5,298
319,6,6,297
319,6,7,291
319,6,8,290
319,6,9,284
319,12,0,318
319,12,1,312
319,12,2,311
319,12,3,305
319,12,4,304
319,12,5,298
319,12,6,297
319,12,7,291
319,12,8,290
319,12,9,284
319,18,0,318
319,18,1,312
319,18,2,311
319,18,3,305
319,18,4,304
319,18,5,298
319,18,6,297
319,18,7,291
319,18,8,290
319,18,9,284
320,0,0,317
320,0,1,316
320,0,2,315
320,0,3,314
320,0,4,313
320,0,5,310
320,0,6,309
320,0,7,308
320,0,8,307
320,0,9,306
320,6,0,317
320,6,1,316
320,6,2,315
320,6,3,314
320,6,4,313
320,6,5,310
320,6,6,309
320,6,7,308
320,6,8,307
320,6,9,306
320,12,0,317
320,12,1,316
320,12,2,315
320,12,3,314
320,12,4,313
320,12,5,310
320,12,6,309
320,12,7,308
320,12,8,307
320,12,9,306
320,18,0,317
320,18,1,316
320,18,2,315
320,18,3,314
320,18,4,313
320,18,5,310
320,18,6,309
320,18,7,308
320,18,8,307
320,18,9,306
321,0,0,320
321,0,1,317
321,0,2,316
321,0,3,315
321,0,4,314
321,0,5,313
321,0,6,310
321,0,7,309
321,0,8,308
321,0,9,307
321,6,0,320
321,6,1,317
321,6,2,316
321,6,3,315
321,6,4,314
321,6,5,313
321,6,6,310
321,6,7,309
321,6,8,308
321,6,9,307
321,12,0,320
321,12,1,317
321,12,2,316
321,12,3,315
321,12,4,314
321,12,5,313
321,12,6,310
321,12,7,309
321,12,8,308
321,12,9,307
321,18,0,320
321,18,1,317
321,18,2,316
321,18,3,315
321,18,4,314
321,18,5,313
321,18,6,310
321,18,7,309
321,18,8,308
321,18,9,307
322,0,0,321
322,0,1,320
322,0,2,317
322,0,3,316
322,0,4,315
322,0,5,314
322,0,6,313
322,0,7,310
322,0,8,309
322,0,9,308
322,6,0,321
322,6,1,320
322,6,2,317
322,6,3,316
322,6,4,315
322,6,5,314
322,6,6,313
322,6,7,310
322,6,8,309
322,6,9,308
322,12,0,321
322,12,1,320
322,12,2,317
322,12,3,316
322,12,4,315
322,12,5,314
322,12,6,313
322,12,7,310
322,12,8,309
322,12,9,308
322,18,0,321
322,18,1,320
322,18,2,317
322,18,3,316
322,18,4,315
322,18,5,314
322,18,6,313
322,18,7,310
322,18,8,309
322,18,9,308
323,0,0,322
323,0,1,321
323,0,2,320
323,0,3,317
323,0,4,316
323,0,5,315
323,0,6,314
323,0,7,313
323,0,8,310
323,0,9,309
323,6,0,322
323,6,1,321
323,6,2,320
323,6,3,317
323,6,4,316
323,6,5,315
323,6,6,314
323,6,7,313
323,6,8,310
323,6,9,309
323,12,0,322
323,12,1,321
323,12,2,320
323,12,3,317
323,12,4,316
323,12,5,315
323,12,6,314
323,12,7,313
323,12,8,310
323,12,9,309
323,18,0,322
323,18,1,321
323,18,2,320
323,18,3,317
323,18,4,316
323,18,5,315
323,18,6,314
323,18,7,313
323,18,8,310
323,18,9,309
324,0,0,323
324,0,1,322
324,0,2,321
324,0,3,320
324,0,4,317
324,0,5,316
324,0,6,315
324,0,7,314
324,0,8,313
324,0,9,310
324,6,0,323
324,6,1,322
324,6,2,321
324,6,3,320
324,6,4,317
324,6,5,316
324,6,6,315
324,6,7,314
324,6,8,313
324,6,9,310
324,12,0,323
324,12,1,322
324,12,2,321
324,12,3,320
324,12,4,317
324,12,5,316
324,12,6,315
324,12,7,314
324,12,8,313
324,12,9,310
324,18,0,323
324,18,1,322
324,18,2,321
324,18,3,320
324,18,4,317
324,18,5,316
324,18,6,315
324,18,7,314
324,18,8,313
324,18,9,310
325,0,0,319
325,0,1,318
325,0,2,312
325,0,3,311
325,0,4,305
325,0,5,304
325,0,6,298
325,0,7,297
325,0,8,291
325,0,9,290
325,6,0,319
325,6,1,318
325,6,2,312
325,6,3,311
325,6,4,305
325,6,5,304
325,6,6,298
325,6,7,297
325,6,8,291
325,6,9,290
325,12,0,319
325,12,1,318
325,12,2,312
325,12,3,311
325,12,4,305
325,12,5,304
325,12,6,298
325,12,7,297
325,12,8,291
325,12,9,290
325,18,0,319
325,18,1,318
325,18,2,312
325,18,3,311
325,18,4,305
325,18,5,304
325,18,6,298
325,18,7,297
325,18,8,291
325,18,9,290
326,0,0,325
326,0,1,319
326,0,2,318
326,0,3,312
326,0,4,311
326,0,5,305
326,0,6,304
326,0,7,298
326,0,8,297
326,0,9,291
326,6,0,325
326,6,1,319
326,6,2,318
326,6,3,312
326,6,4,311
326,6,5,305
326,6,6,304
326,6,7,298
326,6,8,297
326,6,9,291
326,12,0,325
326,12,1,319
326,12,2,318
326,12,3,312
326,12,4,311
326,12,5,305
326,12,6,304
326,12,7,298
326,12,8,297
326,12,9,291
326,18,0,325
326,18,1,319
326,18,2,318
326,18,3,312
326,18,4,311
326,18,5,305
326,18,6,304
326,18,7,298
326,18,8,297
326,18,9,291
327,0,0,324
327,0,1,323
327,0,2,322
327,0,3,321
327,0,4,320
327,0,5,317
327,0,6,316
327,0,7,315
327,0,8,314
327,0,9,313
327,6,0,324
327,6,1,323
327,6,2,322
327,6,3,321
327,6,4,320
327,6,5,317
327,6,6,316
327,6,7,315
327,6,8,314
327,6,9,313
327,12,0,324
327,12,1,323
327,12,2,322
327,12,3,321
327,12,4,320
327,12,5,317
327,12,6,316
327,12,7,315
327,12,8,314
327,12,9,313
327,18,0,324
327,18,1,323
327,18,2,322
327,18,3,321
327,18,4,320
327,18,5,317
327,18,6,316
327,18,7,315
327,18,8,314
327,18,9,313
328,0,0,327
328,0,1,324
328,0,2,323
328,0,3,322
328,0,4,321
328,0,5,320
328,0,6,317
328,0,7,316
328,0,8,315
328,0,9,314
328,6,0,327
328,6,1,324
328,6,2,323
328,6,3,322
328,6,4,321
328,6,5,320
328,6,6,317
328,6,7,316
328,6,8,315
328,6,9,314
328,12,0,327
328,12,1,324
328,12,2,323
328,12,3,322
328,12,4,321
328,12,5,320
328,12,6,317
328,12,7,316
328,12,8,315
328,12,9,314
328,18,0,327
328,18,1,324
328,18,2,323
328,18,3,322
328,18,4,321
328,18,5,320
328,18,6,317
328,18,7,316
328,18,8,315
328,18,9,314
329,0,0,328
329,0,1,327
329,0,2,324
329,0,3,323
329,0,4,322
329,0,5,321
329,0,6,320
329,0,7,317
329,0,8,316
329,0,9,315
329,6,0,328
329,6,1,327
329,6,2,324
329,6,3,323
329,6,4,322
329,6,5,321
329,6,6,320
329,6,7,317
329,6,8,316
329,6,9,315
329,12,0,328
329,12,1,327
329,12,2,324
329,12,3,323
329,12,4,322
329,12,5,321
329,12,6,320
329,12,7,317
329,12,8,316
329,12,9,315
329,18,0,328
329,18,1,327
329,18,2,324
329,18,3,323
329,18,4,322
329,18,5,321
329,18,6,320
329,18,7,317
329,18,8,316
329,18,9,315
330,0,0,329
330,0,1,328
330,0,2,327
330,0,3,324
330,0,4,323
330,0,5,322
330,0,6,321
330,0,7,320
330,0,8,317
330,0,9,316
330,6,0,329
330,6,1,328
330,6,2,327
330,6,3,324
330,6,4,323
330,6,5,322
330,6,6,321
330,6,7,320
330,6,8,317
330,6,9,316
330,12,0,329
330,12,1,328
330,12,2,327
330,12,3,324
330,12,4,323
330,12,5,322
330,12,6,321
330,12,7,320
330,12,8,317
330,12,9,316
330,18,0,329
330,18,1,328
330,18,2,327
330,18,3,324
330,18,4,323
330,18,5,322
330,18,6,321
330,18,7,320
330,18,8,317
330,18,9,316
331,0,0,330
331,0,1,329
331,0,2,328
331,0,3,327
331,0,4,324
331,0,5,323
331,0,6,322
331,0,7,321
331,0,8,320
331,0,9,317
331,6,0,330
331,6,1,329
331,6,2,328
331,6,3,327
331,6,4,324
331,6,5,323
331,6,6,322
331,6,7,321
331,6,8,320
331,6,9,317
331,12,0,330
331,12,1,329
331,12,2,328
331,12,3,327
331,12,4,324
331,12,5,323
331,12,6,322
331,12,7,321
331,12,8,320
331,12,9,317
331,18,0,330
331,18,1,329
331,18,2,328
331,18,3,327
331,18,4,324
331,18,5,323
331,18,6,322
331,18,7,321
331,18,8,320
331,18,9,317
332,0,0,326
332,0,1,325
332,0,2,319
332,0,3,318
332,0,4,312
332,0,5,311
332,0,6,305
332,0,7,304
332,0,8,298
332,0,9,297
332,6,0,326
332,6,1,325
332,6,2,319
332,6,3,318
332,6,4,312
332,6,5,311
332,6,6,305
332,6,7,304
332,6,8,298
332,6,9,297
332,12,0,326
332,12,1,325
332,12,2,319
332,12,3,318
332,12,4,312
332,12,5,311
332,12,6,305
332,12,7,304
332,12,8,298
332,12,9,297
332,18,0,326
332,18,1,325
332,18,2,319
332,18,3,318
332,18,4,312
332,18,5,311
332,18,6,305
332,18,7,304
332,18,8,298
332,18,9,297
333,0,0,332
333,0,1,326
333,0,2,325
333,0,3,319
333,0,4,318
333,0,5,312
333,0,6,311
333,0,7,305
333,0,8,304
333,0,9,298
333,6,0,332
333,6,1,326
333,6,2,325
333,6,3,319
333,6,4,318
333,6,5,312
333,6,6,311
333,6,7,305
333,6,8,304
333,6,9,298
333,12,0,332
333,12,1,326
333,12,2,325
333,12,3,319
333,12,4,318
333,12,5,312
333,12,6,311
333,12,7,305
333,12,8,304
333,12,9,298
333,18,0,332
333,18,1,326
333,18,2,325
333,18,3,319
333,18,4,318
333,18,5,312
333,18,6,311
333,18,7,305
333,18,8,304
333,18,9,298
334,0,0,331
334,0,1,330
334,0,2,329
334,0,3,328
334,0,4,327
334,0,5,324
334,0,6,323
334,0,7,322
334,0,8,321
334,0,9,320
334,6,0,331
334,6,1,330
334,6,2,329
334,6,3,328
334,6,4,327
334,6,5,324
334,6,6,323
334,6,7,322
334,6,8,321
334,6,9,320
334,12,0,331
334,12,1,330
334,12,2,329
334,12,3,328
334,12,4,327
334,12,5,324
334,12,6,323
334,12,7,322
334,12,8,321
334,12,9,320
334,18,0,331
334,18,1,330
334,18,2,329
334,18,3,328
334,18,4,327
334,18,5,324
334,18,6,323
334,18,7,322
334,18,8,321
334,18,9,320
335,0,0,334
335,0,1,331
335,0,2,330
335,0,3,329
335,0,4,328
335,0,5,327
335,0,6,324
335,0,7,323
335,0,8,322
335,0,9,321
335,6,0,334
335,6,1,331
335,6,2,330
335,6,3,329
335,6,4,328
335,6,5,327
335,6,6,324
335,6,7,323
335,6,8,322
335,6,9,321
335,12,0,334
335,12,1,331
335,12,2,330
335,12,3,329
335,12,4,328
335,12,5,327
335,12,6,324
335,12,7,323
335,12,8,322
335,12,9,321
335,18,0,334
335,18,1,331
335,18,2,330
335,18,3,329
335,18,4,328
335,18,5,327
335,18,6,324
335,18,7,323
335,18,8,322
335,18,9,321
336,0,0,335
336,0,1,334
336,0,2,331
336,0,3,330
336,0,4,329
336,0,5,328
336,0,6,327
336,0,7,324
336,0,8,323
336,0,9,322
336,6,0,335
336,6,1,334
336,6,2,331
336,6,3,330
336,6,4,329
336,6,5,328
336,6,6,327
336,6,7,324
336,6,8,323
336,6,9,322
336,12,0,335
336,12,1,334
336,12,2,331
336,12,3,330
336,12,4,329
336,12,5,328
336,12,6,327
336,12,7,324
336,12,8,323
336,12,9,322
336,18,0,335
336,18,1,334
336,18,2,331
336,18,3,330
336,18,4,329
336,18,5,328
336,18,6,327
336,18,7,324
336,18,8,323
336,18,9,322
337,0,0,336
337,0,1,335
337,0,2,334
337,0,3,331
337,0,4,330
337,0,5,329
337,0,6,328
337,0,7,327
337,0,8,324
337,0,9,323
337,6,0,336
337,6,1,335
337,6,2,334
337,6,3,331
337,6,4,330
337,6,5,329
337,6,6,328
337,6,7,327
337,6,8,324
337,6,9,323
337,12,0,336
337,12,1,335
337,12,2,334
337,12,3,331
337,12,4,330
337,12,5,329
337,12,6,328
337,12,7,327
337,12,8,324
337,12,9,323
337,18,0,336
337,18,1,335
337,18,2,334
337,18,3,331
337,18,4,330
337,18,5,329
337,18,6,328
337,18,7,327
337,18,8,324
337,18,9,323
338,0,0,337
338,0,1,336
338,0,2,335
338,0,3,334
338,0,4,331
338,0,5,330
338,0,6,329
338,0,7,328
338,0,8,327
338,0,9,324
338,6,0,337
338,6,1,336
338,6,2,335
338,6,3,334
338,6,4,331
338,6,5,330
338,6,6,329
338,6,7,328
338,6,8,327
338,6,9,324
338,12,0,337
338,12,1,336
338,12,2,335
338,12,3,334
338,12,4,331
338,12,5,330
338,12,6,329
338,12,7,328
338,12,8,327
338,12,9,324
338,18,0,337
338,18,1,336
338,18,2,335
338,18,3,334
338,18,4,331
338,18,5,330
338,18,6,329
338,18,7,328
338,18,8,327
338,18,9,324
339,0,0,333
339,0,1,332
339,0,2,326
339,0,3,325
339,0,4,319
339,0,5,318
339,0,6,312
339,0,7,311
339,0,8,305
339,0,9,304
339,6,0,333
339,6,1,332
339,6,2,326
339,6,3,325
339,6,4,319
339,6,5,318
339,6,6,312
339,6,7,311
339,6,8,305
339,6,9,304
339,12,0,333
339,12,1,332
339,12,2,326
339,12,3,325
339,12,4,319
339,12,5,318
339,12,6,312
339,12,7,311
339,12,8,305
339,12,9,304
339,18,0,333
339,18,1,332
339,18,2,326
339,18,3,325
339,18,4,319
339,18,5,318
339,18,6,312
339,18,7,311
339,18,8,305
339,18,9,304
340,0,0,339
340,0,1,333
340,0,2,332
340,0,3,326
340,0,4,325
340,0,5,319
340,0,6,318
340,0,7,312
340,0,8,311
340,0,9,305
340,6,0,339
340,6,1,333
340,6,2,332
340,6,3,326
340,6,4,325
340,6,5,319
340,6,6,318
340,6,7,312
340,6,8,311
340,6,9,305
340,12,0,339
340,12,1,333
340,12,2,332
340,12,3,326
340,12,4,325
340,12,5,319
340,12,6,318
340,12,7,312
340,12,8,311
340,12,9,305
340,18,0,339
340,18,1,333
340,18,2,332
340,18,3,326
340,18,4,325
340,18,5,319
340,18,6,318
340,18,7,312
340,18,8,311
340,18,9,305
341,0,0,338
341,0,1,337
341,0,2,336
341,0,3,335
341,0,4,334
341,0,5,331
341,0,6,330
341,0,7,329
341,0,8,328
341,0,9,327
341,6,0,338
341,6,1,337
341,6,2,336
341,6,3,335
341,6,4,334
341,6,5,331
341,6,6,330
341,6,7,329
341,6,8,328
341,6,9,327
341,12,0,338
341,12,1,337
341,12,2,336
341,12,3,335
341,12,4,334
341,12,5,331
341,12,6,330
341,12,7,329
341,12,8,328
341,12,9,327
341,18,0,338
341,18,1,337
341,18,2,336
341,18,3,335
341,18,4,334
341,18,5,331
341,18,6,330
341,18,7,329
341,18,8,328
341,18,9,327
342,0,0,341
342,0,1,338
342,0,2,337
342,0,3,336
342,0,4,335
342,0,5,334
342,0,6,331
342,0,7,330
342,0,8,329
342,0,9,328
342,6,0,341
342,6,1,338
342,6,2,337
342,6,3,336
342,6,4,335
342,6,5,334
342,6,6,331
342,6,7,330
342,6,8,329
342,6,9,328
342,12,0,341
342,12,1,338
342,12,2,337
342,12,3,336
342,12,4,335
342,12,5,334
342,12,6,331
342,12,7,330
342,12,8,329
342,12,9,328
342,18,0,341
342,18,1,338
342,18,2,337
342,18,3,336
342,18,4,335
342,18,5,334
342,18,6,331
342,18,7,330
342,18,8,329
342,18,9,328
343,0,0,342
343,0,1,341
343,0,2,338
343,0,3,337
343,0,4,336
343,0,5,335
343,0,6,334
343,0,7,331
343,0,8,330
343,0,9,329
343,6,0,342
343,6,1,341
343,6,2,338
343,6,3,337
343,6,4,336
343,6,5,335
343,6,6,334
343,6,7,331
343,6,8,330
343,6,9,329
343,12,0,342
343,12,1,341
343,12,2,338
343,12,3,337
343,12,4,336
343,12,5,335
343,12,6,334
343,12,7,331
343,12,8,330
343,12,9,329
343,18,0,342
343,18,1,341
343,18,2,338
343,18,3,337
343,18,4,336
343,18,5,335
343,18,6,334
343,18,7,331
343,18,8,330
343,18,9,329
344,0,0,343
344,0,1,342
344,0,2,341
344,0,3,338
344,0,4,337
344,0,5,336
344,0,6,335
344,0,7,334
344,0,8,331
344,0,9,330
344,6,0,343
344,6,1,342
344,6,2,341
344,6,3,338
344,6,4,337
344,6,5,336
344,6,6,335
344,6,7,334
344,6,8,331
344,6,9,330
344,12,0,343
344,12,1,342
344,12,2,341
344,12,3,338
344,12,4,337
344,12,5,336
344,12,6,335
344,12,7,334
344,12,8,331
344,12,9,330
344,18,0,343
344,18,1,342
344,18,2,341
344,18,3,338
344,18,4,337
344,18,5,336
344,18,6,335
344,18,7,334
344,18,8,331
344,18,9,330
345,0,0,344
345,0,1,343
345,0,2,342
345,0,3,341
345,0,4,338
345,0,5,337
345,0,6,336
345,0,7,335
345,0,8,334
345,0,9,331
345,6,0,344
345,6,1,343
345,6,2,342
345,6,3,341
345,6,4,338
345,6,5,337
345,6,6,336
345,6,7,335
345,6,8,334
345,6,9,331
345,12,0,344
345,12,1,343
345,12,2,342
345,12,3,341
345,12,4,338
345,12,5,337
345,12,6,336
345,12,7,335
345,12,8,334
345,12,9,331
345,18,0,344
345,18,1,343
345,18,2,342
345,18,3,341
345,18,4,338
345,18,5,337
345,18,6,336
345,18,7,335
345,18,8,334
345,18,9,331
346,0,0,340
346,0,1,339
346,0,2,333
346,0,3,332
346,0,4,326
346,0,5,325
346,0,6,319
346,0,7,318
346,0,8,312
346,0,9,311
346,6,0,340
346,6,1,339
346,6,2,333
346,6,3,332
346,6,4,326
346,6,5,325
346,6,6,319
346,6,7,318
346,6,8,312
346,6,9,311
346,12,0,340
346,12,1,339
346,12,2,333
346,12,3,332
346,12,4,326
346,12,5,325
346,12,6,319
346,12,7,318
346,12,8,312
346,12,9,311
346,18,0,340
346,18,1,339
346,18,2,333
346,18,3,332
346,18,4,326
346,18,5,325
346,18,6,319
346,18,7,318
346,18,8,312
346,18,9,311
347,0,0,346
347,0,1,340
347,0,2,339
347,0,3,333
347,0,4,332
347,0,5,326
347,0,6,325
347,0,7,319
347,0,8,318
347,0,9,312
347,6,0,346
347,6,1,340
347,6,2,339
347,6,3,333
347,6,4,332
347,6,5,326
347,6,6,325
347,6,7,319
347,6,8,318
347,6,9,312
347,12,0,346
347,12,1,340
347,12,2,339
347,12,3,333
347,12,4,332
347,12,5,326
347,12,6,325
347,12,7,319
347,12,8,318
347,12,9,312
347,18,0,346
347,18,1,340
347,18,2,339
347,18,3,333
347,18,4,332
347,18,5,326
347,18,6,325
347,18,7,319
347,18,8,318
347,18,9,312
348,0,0,345
348,0,1,344
348,0,2,343
348,0,3,342
348,0,4,341
348,0,5,338
348,0,6,337
348,0,7,336
348,0,8,335
348,0,9,334
348,6,0,345
348,6,1,344
348,6,2,343
348,6,3,342
348,6,4,341
348,6,5,338
348,6,6,337
348,6,7,336
348,6,8,335
348,6,9,334
348,12,0,345
348,12,1,344
348,12,2,343
348,12,3,342
348,12,4,341
348,12,5,338
348,12,6,337
348,12,7,336
348,12,8,335
348,12,9,334
348,18,0,345
348,18,1,344
348,18,2,343
348,18,3,342
348,18,4,341
348,18,5,338
348,18,6,337
348,18,7,336
348,18,8,335
348,18,9,334
349,0,0,348
349,0,1,345
349,0,2,344
349,0,3,343
349,0,4,342
349,0,5,341
349,0,6,338
349,0,7,337
349,0,8,336
349,0,9,335
349,6,0,348
349,6,1,345
349,6,2,344
349,6,3,343
349,6,4,342
349,6,5,341
349,6,6,338
349,6,7,337
349,6,8,336
349,6,9,335
349,12,0,348
349,12,1,345
349,12,2,344
349,12,3,343
349,12,4,342
349,12,5,341
349,12,6,338
349,12,7,337
349,12,8,336
349,12,9,335
349,18,0,348
349,18,1,345
349,18,2,344
349,18,3,343
349,18,4,342
349,18,5,341
349,18,6,338
349,18,7,337
349,18,8,336
349,18,9,335
350,0,0,349
350,0,1,348
350,0,2,345
350,0,3,344
350,0,4,343
350,0,5,342
350,0,6,341
350,0,7,338
350,0,8,337
350,0,9,336
350,6,0,349
350,6,1,348
350,6,2,345
350,6,3,344
350,6,4,343
350,6,5,342
350,6,6,341
350,6,7,338
350,6,8,337
350,6,9,336
350,12,0,349
350,12,1,348
350,12,2,345
350,12,3,344
350,12,4,343
350,12,5,342
350,12,6,341
350,12,7,338
350,12,8,337
350,12,9,336
350,18,0,349
350,18,1,348
350,18,2,345
350,18,3,344
350,18,4,343
350,18,5,342
350,18,6,341
350,18,7,338
350,18,8,337
350,18,9,336
351,0,0,350
351,0,1,349
351,0,2,348
351,0,3,345
351,0,4,344
351,0,5,343
351,0,6,342
351,0,7,341
351,0,8,338
351,0,9,337
351,6,0,350
351,6,1,349
351,6,2,348
351,6,3,345
351,6,4,344
351,6,5,343
351,6,6,342
351,6,7,341
351,6,8,338
351,6,9,337
351,12,0,350
351,12,1,349
351,12,2,348
351,12,3,345
351,12,4,344
351,12,5,343
351,12,6,342
351,12,7,341
351,12,8,338
351,12,9,337
351,18,0,350
351,18,1,349
351,18,2,348
351,18,3,345
351,18,4,344
351,18,5,343
351,18,6,342
351,18,7,341
351,18,8,338
351,18,9,337
352,0,0,351
352,0,1,350
352,0,2,349
352,0,3,348
352,0,4,345
352,0,5,344
352,0,6,343
352,0,7,342
352,0,8,341
352,0,9,338
352,6,0,351
352,6,1,350
352,6,2,349
352,6,3,348
352,6,4,345
352,6,5,344
352,6,6,343
352,6,7,342
352,6,8,341
352,6,9,338
352,12,0,351
352,12,1,350
352,12,2,349
352,12,3,348
352,12,4,345
352,12,5,344
352,12,6,343
352,12,7,342
352,12,8,341
352,12,9,338
352,18,0,351
352,18,1,350
352,18,2,349
352,18,3,348
352,18,4,345
352,18,5,344
352,18,6,343
352,18,7,342
352,18,8,341
352,18,9,338
353,0,0,347
353,0,1,346
353,0,2,340
353,0,3,339
353,0,4,333
353,0,5,332
353,0,6,326
353,0,7,325
353,0,8,319
353,0,9,318
353,6,0,347
353,6,1,346
353,6,2,340
353,6,3,339
353,6,4,333
353,6,5,332
353,6,6,326
353,6,7,325
353,6,8,319
353,6,9,318
353,12,0,347
353,12,1,346
353,12,2,340
353,12,3,339
353,12,4,333
353,12,5,332
353,12,6,326
353,12,7,325
353,12,8,319
353,12,9,318
353,18,0,347
353,18,1,346
353,18,2,340
353,18,3,339
353,18,4,333
353,18,5,332
353,18,6,326
353,18,7,325
353,18,8,319
353,18,9,318
354,0,0,353
354,0,1,347
354,0,2,346
354,0,3,340
354,0,4,339
354,0,5,333
354,0,6,332
354,0,7,326
354,0,8,325
354,0,9,319
354,6,0,353
354,6,1,347
354,6,2,346
354,6,3,340
354,6,4,339
354,6,5,333
354,6,6,332
354,6,7,326
354,6,8,325
354,6,9,319
354,12,0,353
354,12,1,347
354,12,2,346
354,12,3,340
354,12,4,339
354,12,5,333
354,12,6,332
354,12,7,326
354,12,8,325
354,12,9,319
354,18,0,353
354,18,1,347
354,18,2,346
354,18,3,340
354,18,4,339
354,18,5,333
354,18,6,332
354,18,7,326
354,18,8,325
354,18,9,319
355,0,0,352
355,0,1,351
355,0,2,350
355,0,3,349
355,0,4,348
355,0,5,345
355,0,6,344
355,0,7,343
355,0,8,342
355,0,9,341
355,6,0,352
355,6,1,351
355,6,2,350
355,6,3,349
355,6,4,348
355,6,5,345
355,6,6,344
355,6,7,343
355,6,8,342
355,6,9,341
355,12,0,352
355,12,1,351
355,12,2,350
355,12,3,349
355,12,4,348
355,12,5,345
355,12,6,344
355,12,7,343
355,12,8,342
355,12,9,341
355,18,0,352
355,18,1,351
355,18,2,350
355,18,3,349
355,18,4,348
355,18,5,345
355,18,6,344
355,18,7,343
355,18,8,342
355,18,9,341
356,0,0,355
356,0,1,352
356,0,2,351
356,0,3,350
356,0,4,349
356,0,5,348
356,0,6,345
356,0,7,344
356,0,8,343
356,0,9,342
356,6,0,355
356,6,1,352
356,6,2,351
356,6,3,350
356,6,4,349
356,6,5,348
356,6,6,345
356,6,7,344
356,6,8,343
356,6,9,342
356,12,0,355
356,12,1,352
356,12,2,351
356,12,3,350
356,12,4,349
356,12,5,348
356,12,6,345
356,12,7,344
356,12,8,343
356,12,9,342
356,18,0,355
356,18,1,352
356,18,2,351
356,18,3,350
356,18,4,349
356,18,5,348
356,18,6,345
356,18,7,344
356,18,8,343
356,18,9,342
357,0,0,356
357,0,1,355
357,0,2,352
357,0,3,351
357,0,4,350
357,0,5,349
357,0,6,348
357,0,7,345
357,0,8,344
357,0,9,343
357,6,0,356
357,6,1,355
357,6,2,352
357,6,3,351
357,6,4,350
357,6,5,349
357,6,6,348
357,6,7,345
357,6,8,344
357,6,9,343
357,12,0,356
357,12,1,355
357,12,2,352
357,12,3,351
357,12,4,350
357,12,5,349
357,12,6,348
357,12,7,345
357,12,8,344
357,12,9,343
357,18,0,356
357,18,1,355
357,18,2,352
357,18,3,351
357,18,4,350
357,18,5,349
357,18,6,348
357,18,7,345
357,18,8,344
357,18,9,343
358,0,0,357
358,0,1,356
358,0,2,355
358,0,3,352
358,0,4,351
358,0,5,350
358,0,6,349
358,0,7,348
358,0,8,345
358,0,9,344
358,6,0,357
358,6,1,356
358,6,2,355
358,6,3,352
358,6,4,351
358,6,5,350
358,6,6,349
358,6,7,348
358,6,8,345
358,6,9,344
358,12,0,357
358,12,1,356
358,12,2,355
358,12,3,352
358,12,4,351
358,12,5,350
358,12,6,349
358,12,7,348
358,12,8,345
358,12,9,344
358,18,0,357
358,18,1,356
358,18,2,355
358,18,3,352
358,18,4,351
358,18,5,350
358,18,6,349
358,18,7,348
358,18,8,345
358,18,9,344
359,0,0,358
359,0,1,357
359,0,2,356
359,0,3,355
359,0,4,352
359,0,5,351
359,0,6,350
359,0,7,349
359,0,8,348
359,0,9,345
359,6,0,358
359,6,1,357
359,6,2,356
359,6,3,355
359,6,4,352
359,6,5,351
359,6,6,350
359,6,7,349
359,6,8,348
359,6,9,345
359,12,0,358
359,12,1,357
359,12,2,356
359,12,3,355
359,12,4,352
359,12,5,351
359,12,6,350
359,12,7,349
359,12,8,348
359,12,9,345
359,18,0,358
359,18,1,357
359,18,2,356
359,18,3,355
359,18,4,352
359,18,5,351
359,18,6,350
359,18,7,349
359,18,8,348
359,18,9,345
360,0,0,354
360,0,1,353
360,0,2,347
360,0,3,346
360,0,4,340
360,0,5,339
360,0,6,333
360,0,7,332
360,0,8,326
360,0,9,325
360,6,0,354
360,6,1,353
360,6,2,347
360,6,3,346
360,6,4,340
360,6,5,339
360,6,6,333
360,6,7,332
360,6,8,326
360,6,9,325
360,12,0,354
360,12,1,353
360,12,2,347
360,12,3,346
360,12,4,340
360,12,5,339
360,12,6,333
360,12,7,332
360,12,8,326
360,12,9,325
360,18,0,354
360,18,1,353
360,18,2,347
360,18,3,346
360,18,4,340
360,18,5,339
360,18,6,333
360,18,7,332
360,18,8,326
360,18,9,325
361,0,0,360
361,0,1,354
361,0,2,353
361,0,3,347
361,0,4,346
361,0,5,340
361,0,6,339
361,0,7,333
361,0,8,332
361,0,9,326
361,6,0,360
361,6,1,354
361,6,2,353
361,6,3,347
361,6,4,346
361,6,5,340
361,6,6,339
361,6,7,333
361,6,8,332
361,6,9,326
361,12,0,360
361,12,1,354
361,12,2,353
361,12,3,347
361,12,4,346
361,12,5,340
361,12,6,339
361,12,7,333
361,12,8,332
361,12,9,326
361,18,0,360
361,18,1,354
361,18,2,353
361,18,3,347
361,18,4,346
361,18,5,340
361,18,6,339
361,18,7,333
361,18,8,332
361,18,9,326
362,0,0,359
362,0,1,358
362,0,2,357
362,0,3,356
362,0,4,355
362,0,5,352
362,0,6,351
362,0,7,350
362,0,8,349
362,0,9,348
362,6,0,359
362,6,1,358
362,6,2,357
362,6,3,356
362,6,4,355
362,6,5,352
362,6,6,351
362,6,7,350
362,6,8,349
362,6,9,348
362,12,0,359
362,12,1,358
362,12,2,357
362,12,3,356
362,12,4,355
362,12,5,352
362,12,6,351
362,12,7,350
362,12,8,349
362,12,9,348
362,18,0,359
362,18,1,358
362,18,2,357
362,18,3,356
362,18,4,355
362,18,5,352
362,18,6,351
362,18,7,350
362,18,8,349
362,18,9,348
363,0,0,362
363,0,1,359
363,0,2,358
363,0,3,357
363,0,4,356
363,0,5,355
363,0,6,352
363,0,7,351
363,0,8,350
363,0,9,349
363,6,0,362
363,6,1,359
363,6,2,358
363,6,3,357
363,6,4,356
363,6,5,355
363,6,6,352
363,6,7,351
363,6,8,350
363,6,9,349
363,12,0,362
363,12,1,359
363,12,2,358
363,12,3,357
363,12,4,356
363,12,5,355
363,12,6,352
363,12,7,351
363,12,8,350
363,12,9,349
363,18,0,362
363,18,1,359
363,18,2,358
363,18,3,357
363,18,4,356
363,18,5,355
363,18,6,352
363,18,7,351
363,18,8,350
363,18,9,349
364,0,0,363
364,0,1,362
364,0,2,359
364,0,3,358
364,0,4,357
364,0,5,356
364,0,6,355
364,0,7,352
364,0,8,351
364,0,9,350
364,6,0,363
364,6,1,362
364,6,2,359
364,6,3,358
364,6,4,357
364,6,5,356
364,6,6,355
364,6,7,352
364,6,8,351
364,6,9,350
364,12,0,363
364,12,1,362
364,12,2,359
364,12,3,358
364,12,4,357
364,12,5,356
364,12,6,355
364,12,7,352
364,12,8,351
364,12,9,350
364,18,0,363
364,18,1,362
364,18,2,359
364,18,3,358
364,18,4,357
364,18,5,356
364,18,6,355
364,18,7,352
364,18,8,351
364,18,9,350
