experiment,date,issue_hour,objective,elapsed_s,lp_simultaneous_cd,lp_emergency_charge,final_simultaneous_cd,final_emergency_charge,binaries,iterations,status,terminal_soc,tolerance_retry
ALL_Kall_linear_bias0_physical_1d,2025-02-01,0,43757.21873730562,0.6660633999999845,0,30,0,0,45,6,0,1200.0,
ALL_Kall_linear_bias0_physical_1d,2025-02-01,6,13800.43441357755,0.8321887000056449,0,34,0,0,39,7,0,1200.0,
ALL_Kall_linear_bias0_physical_1d,2025-02-01,12,35852.50223443594,1.2440172000060556,0,46,0,0,51,8,0,1200.0,
ALL_Kall_linear_bias0_physical_1d,2025-02-01,18,43907.74860165602,1.0668332999921404,0,54,0,0,56,8,0,1200.0,
ALL_Kall_linear_bias0_physical_v2_1d,2025-02-01,0,43757.21873730562,0.2872499999939464,0,30,0,0,144,1,0,1200.0,
ALL_Kall_linear_bias0_physical_v2_1d,2025-02-01,6,13842.224602664946,0.4298644999944372,0,34,0,0,144,1,0,1200.0,
ALL_Kall_linear_bias0_physical_v2_1d,2025-02-01,12,35877.36009680436,0.4309428999986266,0,46,0,0,144,1,0,1200.0,
ALL_Kall_linear_bias0_physical_v2_1d,2025-02-01,18,43907.74860165602,0.5472625999973388,0,54,0,0,144,1,0,1200.0,
ALL_Kall_linear_bias0_physical_v2_28d,2025-02-01,0,43757.21873730562,0.2900439000077313,0,30,0,0,144,1,0,1200.0,
ALL_Kall_linear_bias0_physical_v2_28d,2025-02-01,6,13842.224602664946,0.4792345999885583,0,34,0,0,144,1,0,1200.0,
ALL_Kall_linear_bias0_physical_v2_28d,2025-02-01,12,35877.36009680436,0.4914467999915359,0,46,0,0,144,1,0,1200.0,
ALL_Kall_linear_bias0_physical_v2_28d,2025-02-01,18,43907.74860165602,0.6721073999942746,0,54,0,0,144,1,0,1200.0,
ALL_Kall_linear_bias0_physical_v2_28d,2025-02-02,0,71951.91163828176,1.0120185999985551,0,28,0,0,144,1,0,1200.0,
ALL_Kall_linear_bias0_physical_v2_28d,2025-02-02,6,15255.53494065918,0.3641764000058174,0,50,0,0,144,1,0,1200.0,
ALL_Kall_linear_bias0_physical_v2_28d,2025-02-02,12,34119.46533969461,0.3584141000028467,0,44,0,0,144,1,0,1200.0,
ALL_Kall_linear_bias0_physical_v2_28d,2025-02-02,18,46667.004086287365,0.4058932000043569,0,55,0,0,144,1,0,1200.0,
ALL_Kall_linear_bias0_physical_v2_28d,2025-02-03,0,62098.668989034304,0.4726994000084232,0,32,0,0,144,1,0,1200.0,
ALL_Kall_linear_bias0_physical_v2_28d,2025-02-03,6,9571.67736849544,0.3989527999947313,0,32,0,0,144,1,0,1200.0,
ALL_Kall_linear_bias0_physical_v2_28d,2025-02-03,12,27392.471635428727,0.4041450999939115,0,55,0,0,144,1,0,1200.0,
ALL_Kall_linear_bias0_physical_v2_28d,2025-02-03,18,43864.87708269215,0.1775958999933209,0,55,0,0,144,1,0,1200.0,
ALL_Kall_linear_bias0_physical_v2_28d,2025-02-04,0,64328.212144009696,0.6848726000025636,0,31,0,0,144,1,0,1200.0,
ALL_Kall_linear_bias0_physical_v2_28d,2025-02-04,6,9891.511041831543,1.1815465000108816,0,33,0,0,144,1,0,1200.0,
ALL_Kall_linear_bias0_physical_v2_28d,2025-02-04,12,23500.7714126234,0.2243175000039627,0,45,0,0,144,1,0,1200.0,
ALL_Kall_linear_bias0_physical_v2_28d,2025-02-04,18,45455.863362862925,0.4133948999951826,0,55,0,0,144,1,0,1200.0,
ALL_Kall_linear_bias0_physical_v2_28d,2025-02-05,0,59692.97728363325,0.6503429000003962,0,31,0,0,144,1,0,1200.0,
ALL_Kall_linear_bias0_physical_v2_28d,2025-02-05,6,11292.045171780144,1.410842400000547,0,47,0,0,144,1,0,1200.0,
ALL_Kall_linear_bias0_physical_v2_28d,2025-02-05,12,28995.23685285508,1.4031397000071593,0,47,0,0,144,1,0,1200.0,
ALL_Kall_linear_bias0_physical_v2_28d,2025-02-05,18,42736.25252299458,0.5137952000077348,0,54,0,0,144,1,0,1200.0,
ALL_Kall_linear_bias0_physical_v2_28d,2025-02-06,0,64081.14321513545,0.422745500007295,0,32,0,0,144,1,0,1200.0,
ALL_Kall_linear_bias0_physical_v2_28d,2025-02-06,6,6875.157067248397,0.1537224999919999,0,30,0,0,144,1,0,1200.0,
ALL_Kall_linear_bias0_physical_v2_28d,2025-02-06,12,18099.51274719401,0.3255816000018967,0,46,0,0,144,1,0,1200.0,
ALL_Kall_linear_bias0_physical_v2_28d,2025-02-06,18,16703.48975694214,0.4576715999864973,0,57,0,0,144,1,0,1200.0,
ALL_Kall_linear_bias0_physical_v2_28d,2025-02-07,0,32250.695842857065,0.7931154000107199,0,41,0,0,144,1,0,1200.0,
ALL_Kall_linear_bias0_physical_v2_28d,2025-02-07,6,7287.743332879431,0.1564922000106889,0,28,0,0,144,1,0,1200.0,
ALL_Kall_linear_bias0_physical_v2_28d,2025-02-07,12,11505.790733426467,1.5927038000081666,0,37,0,0,144,1,0,1200.0,
ALL_Kall_linear_bias0_physical_v2_28d,2025-02-07,18,16819.120144168777,0.3557964000065112,0,59,0,0,144,1,0,1200.0,
ALL_Kall_linear_bias0_physical_v2_28d,2025-02-08,0,37638.72833438005,0.824491899998975,0,37,0,0,144,1,0,1200.0,
ALL_Kall_linear_bias0_physical_v2_28d,2025-02-08,6,16650.901999733043,0.5974627999967197,0,52,0,0,144,1,0,1200.0,
ALL_Kall_linear_bias0_physical_v2_28d,2025-02-08,12,31258.22976528529,0.5701967000059085,0,45,0,0,144,1,0,1200.0,
ALL_Kall_linear_bias0_physical_v2_28d,2025-02-08,18,49969.5130179036,0.2143245000042952,0,54,0,0,144,1,0,1200.0,
ALL_Kall_linear_bias0_physical_v2_28d,2025-02-09,0,71076.52518273036,0.7209126000088872,0,28,0,0,144,1,0,1200.0,
ALL_Kall_linear_bias0_physical_v2_28d,2025-02-09,6,15580.395845728528,0.6044487000035588,0,44,0,0,144,1,0,1200.0,
ALL_Kall_linear_bias0_physical_v2_28d,2025-02-09,12,30826.67602687952,0.8291100000060396,0,47,0,0,144,1,0,1200.0,
ALL_Kall_linear_bias0_physical_v2_28d,2025-02-09,18,43863.19883211081,0.5935750999924494,0,54,0,0,144,1,0,1200.0,
ALL_Kall_linear_bias0_physical_v2_28d,2025-02-10,0,55424.30045729818,0.7717457999970065,0,30,0,0,144,1,0,1200.0,
ALL_Kall_linear_bias0_physical_v2_28d,2025-02-10,6,7535.815497497398,0.4955169000022579,0,28,0,0,144,1,0,1200.0,
ALL_Kall_linear_bias0_physical_v2_28d,2025-02-10,12,25074.819388279237,2.220978700002888,0,70,0,0,144,1,0,1200.0,
ALL_Kall_linear_bias0_physical_v2_28d,2025-02-10,18,31663.802777127385,0.5841783000068972,0,53,0,0,144,1,0,1200.0,
ALL_Kall_linear_bias0_physical_v2_28d,2025-02-11,0,55860.73671278932,0.294156700008898,0,30,0,0,144,1,0,1200.0,
ALL_Kall_linear_bias0_physical_v2_28d,2025-02-11,6,9485.232415616134,0.2547628000029363,0,28,0,0,144,1,0,1200.0,
ALL_Kall_linear_bias0_physical_v2_28d,2025-02-11,12,18693.37691521457,0.2711610999976983,0,42,0,0,144,1,0,1200.0,
ALL_Kall_linear_bias0_physical_v2_28d,2025-02-11,18,40121.91194176253,0.305692200010526,0,52,0,0,144,1,0,1200.0,
ALL_Kall_linear_bias0_physical_v2_28d,2025-02-12,0,55964.07598266879,0.6547251000010874,0,31,0,0,144,1,0,1200.0,
ALL_Kall_linear_bias0_physical_v2_28d,2025-02-12,6,9187.349558540258,0.2610831999918446,0,30,0,0,144,1,0,1200.0,
ALL_Kall_linear_bias0_physical_v2_28d,2025-02-12,12,20845.142540243487,0.2438247999962186,0,51,0,0,144,1,0,1200.0,
ALL_Kall_linear_bias0_physical_v2_28d,2025-02-12,18,38630.98624192691,0.3408488999994006,0,54,0,0,144,1,0,1200.0,
ALL_Kall_linear_bias0_physical_v2_28d,2025-02-13,0,51153.70344124053,0.2604128999955719,0,28,0,0,144,1,0,1200.0,
ALL_Kall_linear_bias0_physical_v2_28d,2025-02-13,6,8632.759214041913,0.1683827999950153,0,39,0,0,144,1,0,1200.0,
ALL_Kall_linear_bias0_physical_v2_28d,2025-02-13,12,14688.303518123348,0.1721408000012161,0,44,0,0,144,1,0,1200.0,
ALL_Kall_linear_bias0_physical_v2_28d,2025-02-13,18,15912.545267232032,0.1423410000134026,0,57,0,0,144,1,0,1200.0,
ALL_Kall_linear_bias0_physical_v2_28d,2025-02-14,0,25225.323910226787,0.2026318000134779,0,36,0,0,144,1,0,1200.0,
ALL_Kall_linear_bias0_physical_v2_28d,2025-02-14,6,9912.697607855853,0.1587666999985231,0,34,0,0,144,1,0,1200.0,
ALL_Kall_linear_bias0_physical_v2_28d,2025-02-14,12,11214.753650155935,0.5936616999970283,0,41,0,0,144,1,0,1200.0,
ALL_Kall_linear_bias0_physical_v2_28d,2025-02-14,18,11556.109837673108,0.4766583999880822,0,35,0,0,144,1,0,1200.0,
ALL_Kall_linear_bias0_physical_v2_28d,2025-02-15,0,32986.82178180132,1.1843873000034364,0,43,0,0,144,1,0,1200.0,
ALL_Kall_linear_bias0_physical_v2_28d,2025-02-15,6,10288.389811937315,0.4410388999967836,0,29,0,0,144,1,0,1200.0,
ALL_Kall_linear_bias0_physical_v2_28d,2025-02-15,12,25410.13976642356,0.2692100999993272,0,46,0,0,144,1,0,1200.0,
ALL_Kall_linear_bias0_physical_v2_28d,2025-02-15,18,34660.2042454889,0.1912580999924102,0,52,0,0,144,1,0,1200.0,
ALL_Kall_linear_bias0_physical_v2_28d,2025-02-16,0,62688.24902486408,0.7279287999990629,0,28,0,0,144,1,0,1200.0,
ALL_Kall_linear_bias0_physical_v2_28d,2025-02-16,6,9973.63228883313,0.2437765999929979,0,32,0,0,144,1,0,1200.0,
ALL_Kall_linear_bias0_physical_v2_28d,2025-02-16,12,23253.124412679223,0.3252918000071076,0,44,0,0,144,1,0,1200.0,
ALL_Kall_linear_bias0_physical_v2_28d,2025-02-16,18,32084.841059262773,0.420592199996463,0,58,0,0,144,1,0,1200.0,
ALL_Kall_linear_bias0_physical_v2_28d,2025-02-17,0,53765.2934142341,0.1342300999967847,0,27,0,0,144,1,0,1200.0,
ALL_Kall_linear_bias0_physical_v2_28d,2025-02-17,6,9715.93421233299,0.5266537000134122,0,38,0,0,144,1,0,1200.0,
ALL_Kall_linear_bias0_physical_v2_28d,2025-02-17,12,18715.36658586012,0.1942667999974219,0,44,0,0,144,1,0,1200.0,
ALL_Kall_linear_bias0_physical_v2_28d,2025-02-17,18,27726.81448833903,0.5041063999960897,0,60,0,0,144,1,0,1200.0,
ALL_Kall_linear_bias0_physical_v2_28d,2025-02-18,0,48461.06867656302,0.2050903999916045,0,35,0,0,144,1,0,1200.0,
ALL_Kall_linear_bias0_physical_v2_28d,2025-02-18,6,13754.50602863017,1.5027564000047278,0,96,0,0,144,1,0,1200.0,
ALL_Kall_linear_bias0_physical_v2_28d,2025-02-18,12,25709.49321673408,1.280795799990301,0,72,0,0,144,1,0,1200.0,
ALL_Kall_linear_bias0_physical_v2_28d,2025-02-18,18,30580.91070863178,0.2555164000077639,0,57,0,0,144,1,0,1200.0,
ALL_Kall_linear_bias0_physical_v2_28d,2025-02-19,0,49833.069298071765,0.2769291000004159,0,35,0,0,144,1,0,1200.0,
ALL_Kall_linear_bias0_physical_v2_28d,2025-02-19,6,12000.354962957315,0.4107016000052681,0,59,0,0,144,1,0,1200.0,
ALL_Kall_linear_bias0_physical_v2_28d,2025-02-19,12,21139.712689275093,1.1549955000082264,0,50,0,0,144,1,0,1200.0,
ALL_Kall_linear_bias0_physical_v2_28d,2025-02-19,18,27935.08267614309,1.44689279999875,0,59,0,0,144,1,0,1200.0,
ALL_Kall_linear_bias0_physical_v2_28d,2025-02-20,0,51634.58003835646,0.2449217999965185,0,30,0,0,144,1,0,1200.0,
ALL_Kall_linear_bias0_physical_v2_28d,2025-02-20,6,10784.144196558536,0.1818251999939093,0,29,0,0,144,1,0,1200.0,
ALL_Kall_linear_bias0_physical_v2_28d,2025-02-20,12,11478.381187438485,0.5584149999922374,0,41,0,0,144,1,0,1200.0,
ALL_Kall_linear_bias0_physical_v2_28d,2025-02-20,18,12752.996560427817,0.2095107000059215,0,37,0,0,144,1,0,1200.0,
ALL_Kall_linear_bias0_physical_v2_28d,2025-02-21,0,24479.274102289364,0.3117534000048181,0,36,0,0,144,1,0,1200.0,
ALL_Kall_linear_bias0_physical_v2_28d,2025-02-21,6,9360.253115421192,0.1737483000033535,0,69,0,0,144,1,0,1200.0,
ALL_Kall_linear_bias0_physical_v2_28d,2025-02-21,12,14789.132365166606,0.2058065000019269,0,49,0,0,144,1,0,1200.0,
ALL_Kall_linear_bias0_physical_v2_28d,2025-02-21,18,13632.579338850226,0.1588265000027604,0,56,0,0,144,1,0,1200.0,
ALL_Kall_linear_bias0_physical_v2_28d,2025-02-22,0,28822.824338947503,0.6637731999944663,0,31,0,0,144,1,0,1200.0,
ALL_Kall_linear_bias0_physical_v2_28d,2025-02-22,6,12615.500835891937,0.3957569000049261,0,36,0,0,144,1,0,1200.0,
ALL_Kall_linear_bias0_physical_v2_28d,2025-02-22,12,21637.185487208222,0.920907099993201,0,43,0,0,144,1,0,1200.0,
ALL_Kall_linear_bias0_physical_v2_28d,2025-02-22,18,36485.82429222055,0.4720639000006486,0,53,0,0,144,1,0,1200.0,
ALL_Kall_linear_bias0_physical_v2_28d,2025-02-23,0,54651.67101145791,0.2519422999903327,0,30,0,0,144,1,0,1200.0,
ALL_Kall_linear_bias0_physical_v2_28d,2025-02-23,6,14372.613616924064,0.3257493999990402,0,47,0,0,144,1,0,1200.0,
ALL_Kall_linear_bias0_physical_v2_28d,2025-02-23,12,23500.834625711406,0.3469216999947093,0,43,0,0,144,1,0,1200.0,
ALL_Kall_linear_bias0_physical_v2_28d,2025-02-23,18,32880.456752535574,0.9948704999987968,0,57,0,0,144,1,0,1200.0,
ALL_Kall_linear_bias0_physical_v2_28d,2025-02-24,0,49772.107908170445,0.7294857999950182,0,37,0,0,144,1,0,1200.0,
ALL_Kall_linear_bias0_physical_v2_28d,2025-02-24,6,12391.412945436174,0.2154534000001149,0,73,0,0,144,1,0,1200.0,
ALL_Kall_linear_bias0_physical_v2_28d,2025-02-24,12,18392.62986476444,0.197153300003265,0,46,0,0,144,1,0,1200.0,
ALL_Kall_linear_bias0_physical_v2_28d,2025-02-24,18,28694.527182794805,1.0676176999986635,0,59,0,0,144,1,0,1200.0,
ALL_Kall_linear_bias0_physical_v2_28d,2025-02-25,0,51105.2309469185,0.2470663999993121,0,29,0,0,144,1,0,1200.0,
ALL_Kall_linear_bias0_physical_v2_28d,2025-02-25,6,10870.906646083404,0.5284936000098241,0,45,0,0,144,1,0,1200.0,
ALL_Kall_linear_bias0_physical_v2_28d,2025-02-25,12,18744.67839802767,0.4418915999995079,0,48,0,0,144,1,0,1200.0,
ALL_Kall_linear_bias0_physical_v2_28d,2025-02-25,18,29125.097242297656,0.2687179999920772,0,57,0,0,144,1,0,1200.0,
ALL_Kall_linear_bias0_physical_v2_28d,2025-02-26,0,46339.96972926528,0.3502934000134701,0,39,0,0,144,1,0,1200.0,
ALL_Kall_linear_bias0_physical_v2_28d,2025-02-26,6,12998.440620007272,0.8907438000023831,0,74,0,0,144,1,0,1200.0,
ALL_Kall_linear_bias0_physical_v2_28d,2025-02-26,12,28777.293571498867,0.5226021999988006,0,46,0,0,144,1,0,1200.0,
ALL_Kall_linear_bias0_physical_v2_28d,2025-02-26,18,36096.78573289764,0.3132456000021193,0,53,0,0,144,1,0,1200.0,
ALL_Kall_linear_bias0_physical_v2_28d,2025-02-27,0,47826.60226817559,0.4437057000031927,0,36,0,0,144,1,0,1200.0,
ALL_Kall_linear_bias0_physical_v2_28d,2025-02-27,6,9333.78182434902,0.1850150999962352,0,54,0,0,144,1,0,1200.0,
ALL_Kall_linear_bias0_physical_v2_28d,2025-02-27,12,11824.561414747706,1.1927787000022363,0,50,0,0,144,1,0,1200.0,
ALL_Kall_linear_bias0_physical_v2_28d,2025-02-27,18,13143.92055034212,0.1608255000028293,0,37,0,0,144,1,0,1200.0,
ALL_Kall_linear_bias0_physical_v2_28d,2025-02-28,0,22731.548180960428,0.545650600004592,0,18,0,0,144,1,0,1200.0,
ALL_Kall_linear_bias0_physical_v2_28d,2025-02-28,6,8913.164164127824,0.2999878999980865,0,46,0,0,144,1,0,1200.0,
ALL_Kall_linear_bias0_physical_v2_28d,2025-02-28,12,10750.187991565466,0.3625505000090925,0,37,0,0,144,1,0,1200.0,
ALL_Kall_linear_bias0_physical_v2_28d,2025-02-28,18,15079.751794484637,0.1690595999971265,0,55,0,0,144,1,0,1200.0,
ALL_Kall_linear_bias0_physical_v2_7d,2025-02-01,0,43757.21873730562,0.2873438000096939,0,30,0,0,144,1,0,1200.0,
ALL_Kall_linear_bias0_physical_v2_7d,2025-02-01,6,13842.224602664946,0.4244097999908263,0,34,0,0,144,1,0,1200.0,
ALL_Kall_linear_bias0_physical_v2_7d,2025-02-01,12,35877.36009680436,0.4270857999945292,0,46,0,0,144,1,0,1200.0,
ALL_Kall_linear_bias0_physical_v2_7d,2025-02-01,18,43907.74860165602,0.5412922999967122,0,54,0,0,144,1,0,1200.0,
ALL_Kall_linear_bias0_physical_v2_7d,2025-02-02,0,71951.91163828176,0.8848308000015095,0,28,0,0,144,1,0,1200.0,
ALL_Kall_linear_bias0_physical_v2_7d,2025-02-02,6,15255.53494065918,0.3067397000122582,0,50,0,0,144,1,0,1200.0,
ALL_Kall_linear_bias0_physical_v2_7d,2025-02-02,12,34119.46533969461,0.3196909999969648,0,44,0,0,144,1,0,1200.0,
ALL_Kall_linear_bias0_physical_v2_7d,2025-02-02,18,46667.004086287365,0.3029005999997025,0,55,0,0,144,1,0,1200.0,
ALL_Kall_linear_bias0_physical_v2_7d,2025-02-03,0,62098.668989034304,0.4102758999943035,0,32,0,0,144,1,0,1200.0,
ALL_Kall_linear_bias0_physical_v2_7d,2025-02-03,6,9571.67736849544,0.3494128999882377,0,32,0,0,144,1,0,1200.0,
ALL_Kall_linear_bias0_physical_v2_7d,2025-02-03,12,27392.471635428727,0.3743378999934066,0,55,0,0,144,1,0,1200.0,
ALL_Kall_linear_bias0_physical_v2_7d,2025-02-03,18,43864.87708269215,0.160894400003599,0,55,0,0,144,1,0,1200.0,
ALL_Kall_linear_bias0_physical_v2_7d,2025-02-04,0,64328.212144009696,0.620779599994421,0,31,0,0,144,1,0,1200.0,
ALL_Kall_linear_bias0_physical_v2_7d,2025-02-04,6,9891.511041831543,0.9335532000113744,0,33,0,0,144,1,0,1200.0,
ALL_Kall_linear_bias0_physical_v2_7d,2025-02-04,12,23500.7714126234,0.1607707000075606,0,45,0,0,144,1,0,1200.0,
ALL_Kall_linear_bias0_physical_v2_7d,2025-02-04,18,45455.863362862925,0.293119599999045,0,55,0,0,144,1,0,1200.0,
ALL_Kall_linear_bias0_physical_v2_7d,2025-02-05,0,59692.97728363325,0.5697594999946887,0,31,0,0,144,1,0,1200.0,
ALL_Kall_linear_bias0_physical_v2_7d,2025-02-05,6,11292.045171780144,1.302829499996733,0,47,0,0,144,1,0,1200.0,
ALL_Kall_linear_bias0_physical_v2_7d,2025-02-05,12,28995.23685285508,1.2147002999990946,0,47,0,0,144,1,0,1200.0,
ALL_Kall_linear_bias0_physical_v2_7d,2025-02-05,18,42736.25252299458,0.4366009999939706,0,54,0,0,144,1,0,1200.0,
ALL_Kall_linear_bias0_physical_v2_7d,2025-02-06,0,64081.14321513545,0.344726700001047,0,32,0,0,144,1,0,1200.0,
ALL_Kall_linear_bias0_physical_v2_7d,2025-02-06,6,6875.157067248397,0.1359854000038467,0,30,0,0,144,1,0,1200.0,
ALL_Kall_linear_bias0_physical_v2_7d,2025-02-06,12,18099.51274719401,0.3051889000053052,0,46,0,0,144,1,0,1200.0,
ALL_Kall_linear_bias0_physical_v2_7d,2025-02-06,18,16703.48975694214,0.3615159999899333,0,57,0,0,144,1,0,1200.0,
ALL_Kall_linear_bias0_physical_v2_7d,2025-02-07,0,32250.695842857065,0.7246961000055308,0,41,0,0,144,1,0,1200.0,
ALL_Kall_linear_bias0_physical_v2_7d,2025-02-07,6,7287.743332879431,0.1376597999915247,0,28,0,0,144,1,0,1200.0,
ALL_Kall_linear_bias0_physical_v2_7d,2025-02-07,12,11505.790733426467,1.5752773999993224,0,37,0,0,144,1,0,1200.0,
ALL_Kall_linear_bias0_physical_v2_7d,2025-02-07,18,16819.120144168777,0.3744762999995146,0,59,0,0,144,1,0,1200.0,
ALL_Kall_linear_bias0_physical_v3_1d,2025-02-01,0,43757.21873730563,0.3297910999972373,0,30,0,0,144,1,0,1200.0,
ALL_Kall_linear_bias0_physical_v3_1d,2025-02-01,6,13857.61770336733,0.2469209999981103,0,34,0,0,144,1,0,1200.0,
ALL_Kall_linear_bias0_physical_v3_1d,2025-02-01,12,35851.94496189846,0.2585874999931548,0,48,0,0,144,1,0,1200.0,
ALL_Kall_linear_bias0_physical_v3_1d,2025-02-01,18,43907.74860165602,0.304413600009866,0,54,0,0,144,1,0,1200.0,
ALL_Kall_linear_bias0_physical_v3_28d,2025-02-01,0,43757.21873730563,0.3320575999969151,0,30,0,0,144,1,0,1200.0,
ALL_Kall_linear_bias0_physical_v3_28d,2025-02-01,6,13857.61770336733,0.2477388999977847,0,34,0,0,144,1,0,1200.0,
ALL_Kall_linear_bias0_physical_v3_28d,2025-02-01,12,35851.94496189846,0.2574849000084214,0,48,0,0,144,1,0,1200.0,
ALL_Kall_linear_bias0_physical_v3_28d,2025-02-01,18,43907.74860165602,0.3035086000018054,0,54,0,0,144,1,0,1200.0,
ALL_Kall_linear_bias0_physical_v3_28d,2025-02-02,0,71951.91163828182,0.3470030000025872,0,28,0,0,144,1,0,1200.0,
ALL_Kall_linear_bias0_physical_v3_28d,2025-02-02,6,14767.04774195143,0.3649314999929629,0,39,0,0,144,1,0,1200.0,
ALL_Kall_linear_bias0_physical_v3_28d,2025-02-02,12,33790.99839891997,0.2985488999984227,0,44,0,0,144,1,0,1200.0,
ALL_Kall_linear_bias0_physical_v3_28d,2025-02-02,18,46584.51022325769,0.8441309000045294,0,55,0,0,144,1,0,1200.0,
ALL_Kall_linear_bias0_physical_v3_28d,2025-02-03,0,62098.6689890343,0.4114234000007855,0,32,0,0,144,1,0,1200.0,
ALL_Kall_linear_bias0_physical_v3_28d,2025-02-03,6,9593.998273787292,0.3008999000012409,0,32,0,0,144,1,0,1200.0,
ALL_Kall_linear_bias0_physical_v3_28d,2025-02-03,12,27307.061189643595,0.4444671999954153,0,55,0,0,144,1,0,1200.0,
ALL_Kall_linear_bias0_physical_v3_28d,2025-02-03,18,43864.87708269215,0.4653893999930005,0,55,0,0,144,1,0,1200.0,
ALL_Kall_linear_bias0_physical_v3_28d,2025-02-04,0,64328.21214400951,0.5151456000021426,0,31,0,0,144,1,0,1200.0,
ALL_Kall_linear_bias0_physical_v3_28d,2025-02-04,6,9925.181328652723,1.025303200003691,0,35,0,0,144,1,0,1200.0,
ALL_Kall_linear_bias0_physical_v3_28d,2025-02-04,12,23508.838375244984,0.0873141000047326,0,46,0,0,144,1,0,1200.0,
ALL_Kall_linear_bias0_physical_v3_28d,2025-02-04,18,45462.41049148419,0.2672140999929979,0,55,0,0,144,1,0,1200.0,
ALL_Kall_linear_bias0_physical_v3_28d,2025-02-05,0,59692.97728363153,0.5350650000036694,0,31,0,0,144,1,0,1200.0,
ALL_Kall_linear_bias0_physical_v3_28d,2025-02-05,6,11362.529472110282,0.3621752000035485,0,51,0,0,144,1,0,1200.0,
ALL_Kall_linear_bias0_physical_v3_28d,2025-02-05,12,28997.446726768147,0.2229127000027801,0,46,0,0,144,1,0,1200.0,
ALL_Kall_linear_bias0_physical_v3_28d,2025-02-05,18,42735.57393273756,0.2719823000079486,0,54,0,0,144,1,0,1200.0,
ALL_Kall_linear_bias0_physical_v3_28d,2025-02-06,0,64080.58206084479,0.6720906999980798,0,32,0,0,144,1,0,1200.0,
ALL_Kall_linear_bias0_physical_v3_28d,2025-02-06,6,6890.446080508493,0.1144034000026295,0,30,0,0,144,1,0,1200.0,
ALL_Kall_linear_bias0_physical_v3_28d,2025-02-06,12,18272.294242253585,0.2688766999926884,0,46,0,0,144,1,0,1200.0,
ALL_Kall_linear_bias0_physical_v3_28d,2025-02-06,18,16721.28922019555,0.2830634999991162,0,57,0,0,144,1,0,1200.0,
ALL_Kall_linear_bias0_physical_v3_28d,2025-02-07,0,32250.69584285706,0.6219867000036174,0,41,0,0,144,1,0,1200.0,
ALL_Kall_linear_bias0_physical_v3_28d,2025-02-07,6,7278.166468640062,0.172565000000759,0,27,0,0,144,1,0,1200.0,
ALL_Kall_linear_bias0_physical_v3_28d,2025-02-07,12,11498.023712155336,1.0282107000093674,0,37,0,0,144,1,0,1200.0,
ALL_Kall_linear_bias0_physical_v3_28d,2025-02-07,18,16819.120144168777,0.3859899999952176,0,59,0,0,144,1,0,1200.0,
ALL_Kall_linear_bias0_physical_v3_28d,2025-02-08,0,37638.72833438005,0.4610493000072893,0,37,0,0,144,1,0,1200.0,
ALL_Kall_linear_bias0_physical_v3_28d,2025-02-08,6,16559.205706796904,0.3828118000092217,0,52,0,0,144,1,0,1200.0,
ALL_Kall_linear_bias0_physical_v3_28d,2025-02-08,12,31168.936348258976,0.2853442000050563,0,45,0,0,144,1,0,1200.0,
ALL_Kall_linear_bias0_physical_v3_28d,2025-02-08,18,49969.51301790363,0.2234667000011541,0,54,0,0,144,1,0,1200.0,
ALL_Kall_linear_bias0_physical_v3_28d,2025-02-09,0,71076.5251827314,0.2902200999960769,0,28,0,0,144,1,0,1200.0,
ALL_Kall_linear_bias0_physical_v3_28d,2025-02-09,6,15767.503292951946,0.6436933000077261,0,42,0,0,144,1,0,1200.0,
ALL_Kall_linear_bias0_physical_v3_28d,2025-02-09,12,30908.84196060117,0.3739353999990271,0,48,0,0,144,1,0,1200.0,
ALL_Kall_linear_bias0_physical_v3_28d,2025-02-09,18,43854.01607277169,0.4587719999981345,0,54,0,0,144,1,0,1200.0,
ALL_Kall_linear_bias0_physical_v3_28d,2025-02-10,0,55424.30045729818,0.668183300003875,0,30,0,0,144,1,0,1200.0,
ALL_Kall_linear_bias0_physical_v3_28d,2025-02-10,6,7523.035367529323,0.3541964000032749,0,28,0,0,144,1,0,1200.0,
ALL_Kall_linear_bias0_physical_v3_28d,2025-02-10,12,25042.42686366652,0.284104300008039,0,66,0,0,144,1,0,1200.0,
ALL_Kall_linear_bias0_physical_v3_28d,2025-02-10,18,31668.98963631193,0.2522578000061912,0,53,0,0,144,1,0,1200.0,
ALL_Kall_linear_bias0_physical_v3_28d,2025-02-11,0,55862.61625442592,0.1923507000028621,0,30,0,0,144,1,0,1200.0,
ALL_Kall_linear_bias0_physical_v3_28d,2025-02-11,6,9501.253653420874,0.1023061000014422,0,28,0,0,144,1,0,1200.0,
ALL_Kall_linear_bias0_physical_v3_28d,2025-02-11,12,18729.59314095127,0.2534925999934785,0,43,0,0,144,1,0,1200.0,
ALL_Kall_linear_bias0_physical_v3_28d,2025-02-11,18,40128.55830013321,0.3216314000019338,0,52,0,0,144,1,0,1200.0,
ALL_Kall_linear_bias0_physical_v3_28d,2025-02-12,0,55964.07598266843,0.4894901000079699,0,31,0,0,144,1,0,1200.0,
ALL_Kall_linear_bias0_physical_v3_28d,2025-02-12,6,9247.919613212083,0.3321635000029346,0,31,0,0,144,1,0,1200.0,
ALL_Kall_linear_bias0_physical_v3_28d,2025-02-12,12,20834.95144043443,0.2790727000101469,0,51,0,0,144,1,0,1200.0,
ALL_Kall_linear_bias0_physical_v3_28d,2025-02-12,18,38649.4270564797,0.273697099997662,0,54,0,0,144,1,0,1200.0,
ALL_Kall_linear_bias0_physical_v3_28d,2025-02-13,0,51153.70344123952,0.4853913999977521,0,28,0,0,144,1,0,1200.0,
ALL_Kall_linear_bias0_physical_v3_28d,2025-02-13,6,8683.323500670738,0.1878956000000471,0,39,0,0,144,1,0,1200.0,
ALL_Kall_linear_bias0_physical_v3_28d,2025-02-13,12,14758.650164737404,0.1437416999979177,0,43,0,0,144,1,0,1200.0,
ALL_Kall_linear_bias0_physical_v3_28d,2025-02-13,18,15912.54526723203,0.1196728999930201,0,57,0,0,144,1,0,1200.0,
ALL_Kall_linear_bias0_physical_v3_28d,2025-02-14,0,25225.323910226653,0.2062716999935219,0,36,0,0,144,1,0,1200.0,
ALL_Kall_linear_bias0_physical_v3_28d,2025-02-14,6,9914.349477512524,0.1740051999950083,0,34,0,0,144,1,0,1200.0,
ALL_Kall_linear_bias0_physical_v3_28d,2025-02-14,12,11224.42035617682,0.5416393999912543,0,40,0,0,144,1,0,1200.0,
ALL_Kall_linear_bias0_physical_v3_28d,2025-02-14,18,11557.338447608434,0.1693618999997852,0,35,0,0,144,1,0,1200.0,
ALL_Kall_linear_bias0_physical_v3_28d,2025-02-15,0,32986.8217818015,1.2786740999872563,0,43,0,0,144,1,0,1200.0,
ALL_Kall_linear_bias0_physical_v3_28d,2025-02-15,6,10271.37667590595,0.1518832000001566,0,25,0,0,144,1,0,1200.0,
ALL_Kall_linear_bias0_physical_v3_28d,2025-02-15,12,25342.207246495924,0.9601994999975432,0,44,0,0,144,1,0,1200.0,
ALL_Kall_linear_bias0_physical_v3_28d,2025-02-15,18,34636.06418534301,0.3515476999891689,0,52,0,0,144,1,0,1200.0,
ALL_Kall_linear_bias0_physical_v3_28d,2025-02-16,0,62688.24902486208,0.3186181000055512,0,28,0,0,144,1,0,1200.0,
ALL_Kall_linear_bias0_physical_v3_28d,2025-02-16,6,9875.063314696778,0.2360027999966405,0,32,0,0,144,1,0,1200.0,
ALL_Kall_linear_bias0_physical_v3_28d,2025-02-16,12,23335.334066145395,0.3003377999993972,0,45,0,0,144,1,0,1200.0,
ALL_Kall_linear_bias0_physical_v3_28d,2025-02-16,18,32041.37972269878,0.5851123000029474,0,58,0,0,144,1,0,1200.0,
ALL_Kall_linear_bias0_physical_v3_28d,2025-02-17,0,53765.29341423408,0.5259568000037689,0,27,0,0,144,1,0,1200.0,
ALL_Kall_linear_bias0_physical_v3_28d,2025-02-17,6,9693.423422334135,0.918402099996456,0,38,0,0,144,1,0,1200.0,
ALL_Kall_linear_bias0_physical_v3_28d,2025-02-17,12,18760.32041656918,0.1513221000059275,0,47,0,0,144,1,0,1200.0,
ALL_Kall_linear_bias0_physical_v3_28d,2025-02-17,18,27726.81448833899,0.4686593999940669,0,60,0,0,144,1,0,1200.0,
ALL_Kall_linear_bias0_physical_v3_28d,2025-02-18,0,48461.06867656302,0.2488652000029105,0,35,0,0,144,1,0,1200.0,
ALL_Kall_linear_bias0_physical_v3_28d,2025-02-18,6,13773.130486378355,1.7836064000002807,0,96,0,0,144,1,0,1200.0,
ALL_Kall_linear_bias0_physical_v3_28d,2025-02-18,12,25733.124885808375,0.8131735999922967,0,72,0,0,144,1,0,1200.0,
ALL_Kall_linear_bias0_physical_v3_28d,2025-02-18,18,30580.91070863178,0.8159901999897556,0,57,0,0,144,1,0,1200.0,
ALL_Kall_linear_bias0_physical_v3_28d,2025-02-19,0,49833.069298071765,0.1804785999993328,0,35,0,0,144,1,0,1200.0,
ALL_Kall_linear_bias0_physical_v3_28d,2025-02-19,6,12003.585267613227,0.3064971999992849,0,58,0,0,144,1,0,1200.0,
ALL_Kall_linear_bias0_physical_v3_28d,2025-02-19,12,21093.86052944352,0.8238697000051616,0,50,0,0,144,1,0,1200.0,
ALL_Kall_linear_bias0_physical_v3_28d,2025-02-19,18,27974.74562654789,0.4064117999951122,0,59,0,0,144,1,0,1200.0,
ALL_Kall_linear_bias0_physical_v3_28d,2025-02-20,0,51646.53633752281,0.3461712999996962,0,30,0,0,144,1,0,1200.0,
ALL_Kall_linear_bias0_physical_v3_28d,2025-02-20,6,10721.815309369496,0.1461219000048004,0,30,0,0,144,1,0,1200.0,
ALL_Kall_linear_bias0_physical_v3_28d,2025-02-20,12,11503.465238635914,0.6873340999882203,0,43,0,0,144,1,0,1200.0,
ALL_Kall_linear_bias0_physical_v3_28d,2025-02-20,18,12750.50717915897,0.1513811000040732,0,37,0,0,144,1,0,1200.0,
ALL_Kall_linear_bias0_physical_v3_28d,2025-02-21,0,24478.28643981564,0.2282012000068789,0,36,0,0,144,1,0,1200.0,
ALL_Kall_linear_bias0_physical_v3_28d,2025-02-21,6,9360.253115421196,0.1338341000082437,0,69,0,0,144,1,0,1200.0,
ALL_Kall_linear_bias0_physical_v3_28d,2025-02-21,12,14807.709411033667,0.1649442000052658,0,49,0,0,144,1,0,1200.0,
ALL_Kall_linear_bias0_physical_v3_28d,2025-02-21,18,13632.579338850215,0.1858157999959075,0,56,0,0,144,1,0,1200.0,
ALL_Kall_linear_bias0_physical_v3_28d,2025-02-22,0,28822.82433894751,0.3925855999987107,0,31,0,0,144,1,0,1200.0,
ALL_Kall_linear_bias0_physical_v3_28d,2025-02-22,6,12645.360586606974,0.1524713999970117,0,36,0,0,144,1,0,1200.0,
ALL_Kall_linear_bias0_physical_v3_28d,2025-02-22,12,21604.63846658553,0.3463534000038635,0,43,0,0,144,1,0,1200.0,
ALL_Kall_linear_bias0_physical_v3_28d,2025-02-22,18,36485.82429222056,0.2135195000009844,0,53,0,0,144,1,0,1200.0,
ALL_Kall_linear_bias0_physical_v3_28d,2025-02-23,0,54651.67101145791,0.1866083000059006,0,30,0,0,144,1,0,1200.0,
ALL_Kall_linear_bias0_physical_v3_28d,2025-02-23,6,14348.796620126752,0.3355871999956434,0,47,0,0,144,1,0,1200.0,
ALL_Kall_linear_bias0_physical_v3_28d,2025-02-23,12,23492.232470314237,0.2846575000003213,0,43,0,0,144,1,0,1200.0,
ALL_Kall_linear_bias0_physical_v3_28d,2025-02-23,18,32853.21535666652,0.4025171999965096,0,57,0,0,144,1,0,1200.0,
ALL_Kall_linear_bias0_physical_v3_28d,2025-02-24,0,49772.10790817044,0.5045988999918336,0,37,0,0,144,1,0,1200.0,
ALL_Kall_linear_bias0_physical_v3_28d,2025-02-24,6,12401.398638033514,0.1732061000075191,0,73,0,0,144,1,0,1200.0,
ALL_Kall_linear_bias0_physical_v3_28d,2025-02-24,12,18416.77378913654,0.1641992999939248,0,46,0,0,144,1,0,1200.0,
ALL_Kall_linear_bias0_physical_v3_28d,2025-02-24,18,28729.069052253395,0.3248904999927617,0,59,0,0,144,1,0,1200.0,
ALL_Kall_linear_bias0_physical_v3_28d,2025-02-25,0,51105.2309469185,0.1834898999950382,0,29,0,0,144,1,0,1200.0,
ALL_Kall_linear_bias0_physical_v3_28d,2025-02-25,6,10925.83205584655,0.7141769000008935,0,45,0,0,144,1,0,1200.0,
ALL_Kall_linear_bias0_physical_v3_28d,2025-02-25,12,18781.732527958407,0.201496000008774,0,48,0,0,144,1,0,1200.0,
ALL_Kall_linear_bias0_physical_v3_28d,2025-02-25,18,29136.67730312682,0.2183360999915748,0,57,0,0,144,1,0,1200.0,
ALL_Kall_linear_bias0_physical_v3_28d,2025-02-26,0,46339.96972926528,0.1869998000038322,0,39,0,0,144,1,0,1200.0,
ALL_Kall_linear_bias0_physical_v3_28d,2025-02-26,6,12988.67897518939,0.8498993999965023,0,72,0,0,144,1,0,1200.0,
ALL_Kall_linear_bias0_physical_v3_28d,2025-02-26,12,28771.331701872223,0.3725261999934446,0,46,0,0,144,1,0,1200.0,
ALL_Kall_linear_bias0_physical_v3_28d,2025-02-26,18,36067.092292213696,0.2699883000022964,0,53,0,0,144,1,0,1200.0,
ALL_Kall_linear_bias0_physical_v3_28d,2025-02-27,0,47826.87361598423,0.1809338000020943,0,36,0,0,144,1,0,1200.0,
ALL_Kall_linear_bias0_physical_v3_28d,2025-02-27,6,9339.325158591952,0.1084130999952321,0,53,0,0,144,1,0,1200.0,
ALL_Kall_linear_bias0_physical_v3_28d,2025-02-27,12,11836.583890092885,0.5421474000031594,0,50,0,0,144,1,0,1200.0,
ALL_Kall_linear_bias0_physical_v3_28d,2025-02-27,18,13139.271170300037,0.2796685000066645,0,37,0,0,144,1,0,1200.0,
ALL_Kall_linear_bias0_physical_v3_28d,2025-02-28,0,22729.69700918323,0.3695468000078108,0,18,0,0,144,1,0,1200.0,
ALL_Kall_linear_bias0_physical_v3_28d,2025-02-28,6,8906.443014396447,0.2404711999988649,0,46,0,0,144,1,0,1200.0,
ALL_Kall_linear_bias0_physical_v3_28d,2025-02-28,12,10745.15814774676,0.127106800006004,0,37,0,0,144,1,0,1200.0,
ALL_Kall_linear_bias0_physical_v3_28d,2025-02-28,18,15074.446731140966,0.114805699995486,0,55,0,0,144,1,0,1200.0,
ALL_Kall_linear_bias0_physical_v3_334d,2025-02-01,0,43757.21873730563,0.3280305000080261,0,30,0,0,144,1,0,1200.0,
ALL_Kall_linear_bias0_physical_v3_334d,2025-02-01,6,13857.61770336733,0.2498234000086086,0,34,0,0,144,1,0,1200.0,
ALL_Kall_linear_bias0_physical_v3_334d,2025-02-01,12,35851.94496189846,0.2569281000032788,0,48,0,0,144,1,0,1200.0,
ALL_Kall_linear_bias0_physical_v3_334d,2025-02-01,18,43907.74860165602,0.3015261999971699,0,54,0,0,144,1,0,1200.0,
ALL_Kall_linear_bias0_physical_v3_334d,2025-02-02,0,71951.91163828182,0.3440207999956328,0,28,0,0,144,1,0,1200.0,
ALL_Kall_linear_bias0_physical_v3_334d,2025-02-02,6,14767.04774195143,0.3982488000037847,0,39,0,0,144,1,0,1200.0,
ALL_Kall_linear_bias0_physical_v3_334d,2025-02-02,12,33790.99839891997,0.3401446999923792,0,44,0,0,144,1,0,1200.0,
ALL_Kall_linear_bias0_physical_v3_334d,2025-02-02,18,46584.51022325769,0.853697500002454,0,55,0,0,144,1,0,1200.0,
ALL_Kall_linear_bias0_physical_v3_334d,2025-02-03,0,62098.6689890343,0.4119502999965334,0,32,0,0,144,1,0,1200.0,
ALL_Kall_linear_bias0_physical_v3_334d,2025-02-03,6,9593.998273787292,0.2945617000077618,0,32,0,0,144,1,0,1200.0,
ALL_Kall_linear_bias0_physical_v3_334d,2025-02-03,12,27307.061189643595,0.4435029000014765,0,55,0,0,144,1,0,1200.0,
ALL_Kall_linear_bias0_physical_v3_334d,2025-02-03,18,43864.87708269215,0.4422097999922698,0,55,0,0,144,1,0,1200.0,
ALL_Kall_linear_bias0_physical_v3_334d,2025-02-04,0,64328.21214400951,0.5035470000002533,0,31,0,0,144,1,0,1200.0,
ALL_Kall_linear_bias0_physical_v3_334d,2025-02-04,6,9925.181328652723,1.058923099990352,0,35,0,0,144,1,0,1200.0,
ALL_Kall_linear_bias0_physical_v3_334d,2025-02-04,12,23508.838375244984,0.0815602999937255,0,46,0,0,144,1,0,1200.0,
ALL_Kall_linear_bias0_physical_v3_334d,2025-02-04,18,45462.41049148419,0.2806559000018751,0,55,0,0,144,1,0,1200.0,
ALL_Kall_linear_bias0_physical_v3_334d,2025-02-05,0,59692.97728363153,0.5651244000036968,0,31,0,0,144,1,0,1200.0,
ALL_Kall_linear_bias0_physical_v3_334d,2025-02-05,6,11362.529472110282,0.3721227999922121,0,51,0,0,144,1,0,1200.0,
ALL_Kall_linear_bias0_physical_v3_334d,2025-02-05,12,28997.446726768147,0.2307718999945791,0,46,0,0,144,1,0,1200.0,
ALL_Kall_linear_bias0_physical_v3_334d,2025-02-05,18,42735.57393273756,0.2778470000048401,0,54,0,0,144,1,0,1200.0,
ALL_Kall_linear_bias0_physical_v3_334d,2025-02-06,0,64080.58206084479,0.6690483999991557,0,32,0,0,144,1,0,1200.0,
ALL_Kall_linear_bias0_physical_v3_334d,2025-02-06,6,6890.446080508493,0.113219900013064,0,30,0,0,144,1,0,1200.0,
ALL_Kall_linear_bias0_physical_v3_334d,2025-02-06,12,18272.294242253585,0.2667585000017425,0,46,0,0,144,1,0,1200.0,
ALL_Kall_linear_bias0_physical_v3_334d,2025-02-06,18,16721.28922019555,0.2856448999955319,0,57,0,0,144,1,0,1200.0,
ALL_Kall_linear_bias0_physical_v3_334d,2025-02-07,0,32250.69584285706,0.6098377000016626,0,41,0,0,144,1,0,1200.0,
ALL_Kall_linear_bias0_physical_v3_334d,2025-02-07,6,7278.166468640062,0.1738573000038741,0,27,0,0,144,1,0,1200.0,
ALL_Kall_linear_bias0_physical_v3_334d,2025-02-07,12,11498.023712155336,1.032132399996044,0,37,0,0,144,1,0,1200.0,
ALL_Kall_linear_bias0_physical_v3_334d,2025-02-07,18,16819.120144168777,0.3810512999916682,0,59,0,0,144,1,0,1200.0,
ALL_Kall_linear_bias0_physical_v3_334d,2025-02-08,0,37638.72833438005,0.452511700001196,0,37,0,0,144,1,0,1200.0,
ALL_Kall_linear_bias0_physical_v3_334d,2025-02-08,6,16559.205706796904,0.382468499999959,0,52,0,0,144,1,0,1200.0,
ALL_Kall_linear_bias0_physical_v3_334d,2025-02-08,12,31168.936348258976,0.2818810000026133,0,45,0,0,144,1,0,1200.0,
ALL_Kall_linear_bias0_physical_v3_334d,2025-02-08,18,49969.51301790363,0.2244387999962782,0,54,0,0,144,1,0,1200.0,
ALL_Kall_linear_bias0_physical_v3_334d,2025-02-09,0,71076.5251827314,0.281788599997526,0,28,0,0,144,1,0,1200.0,
ALL_Kall_linear_bias0_physical_v3_334d,2025-02-09,6,15767.503292951946,0.6463981999986572,0,42,0,0,144,1,0,1200.0,
ALL_Kall_linear_bias0_physical_v3_334d,2025-02-09,12,30908.84196060117,0.3762450000067474,0,48,0,0,144,1,0,1200.0,
ALL_Kall_linear_bias0_physical_v3_334d,2025-02-09,18,43854.01607277169,0.4665597999992315,0,54,0,0,144,1,0,1200.0,
ALL_Kall_linear_bias0_physical_v3_334d,2025-02-10,0,55424.30045729818,0.6618457000004128,0,30,0,0,144,1,0,1200.0,
ALL_Kall_linear_bias0_physical_v3_334d,2025-02-10,6,7523.035367529323,0.3468508000078145,0,28,0,0,144,1,0,1200.0,
ALL_Kall_linear_bias0_physical_v3_334d,2025-02-10,12,25042.42686366652,0.2855207999964477,0,66,0,0,144,1,0,1200.0,
ALL_Kall_linear_bias0_physical_v3_334d,2025-02-10,18,31668.98963631193,0.2530624000064563,0,53,0,0,144,1,0,1200.0,
ALL_Kall_linear_bias0_physical_v3_334d,2025-02-11,0,55862.61625442592,0.1978784999955678,0,30,0,0,144,1,0,1200.0,
ALL_Kall_linear_bias0_physical_v3_334d,2025-02-11,6,9501.253653420874,0.1101149000023724,0,28,0,0,144,1,0,1200.0,
ALL_Kall_linear_bias0_physical_v3_334d,2025-02-11,12,18729.59314095127,0.2647352000058163,0,43,0,0,144,1,0,1200.0,
ALL_Kall_linear_bias0_physical_v3_334d,2025-02-11,18,40128.55830013321,0.3327897999988636,0,52,0,0,144,1,0,1200.0,
ALL_Kall_linear_bias0_physical_v3_334d,2025-02-12,0,55964.07598266843,0.5202174000005471,0,31,0,0,144,1,0,1200.0,
ALL_Kall_linear_bias0_physical_v3_334d,2025-02-12,6,9247.919613212083,0.3477609000110533,0,31,0,0,144,1,0,1200.0,
ALL_Kall_linear_bias0_physical_v3_334d,2025-02-12,12,20834.95144043443,0.2793180000007851,0,51,0,0,144,1,0,1200.0,
ALL_Kall_linear_bias0_physical_v3_334d,2025-02-12,18,38649.4270564797,0.2762749999965308,0,54,0,0,144,1,0,1200.0,
ALL_Kall_linear_bias0_physical_v3_334d,2025-02-13,0,51153.70344123952,0.495827000006102,0,28,0,0,144,1,0,1200.0,
ALL_Kall_linear_bias0_physical_v3_334d,2025-02-13,6,8683.323500670738,0.188758999996935,0,39,0,0,144,1,0,1200.0,
ALL_Kall_linear_bias0_physical_v3_334d,2025-02-13,12,14758.650164737404,0.1453487000107998,0,43,0,0,144,1,0,1200.0,
ALL_Kall_linear_bias0_physical_v3_334d,2025-02-13,18,15912.54526723203,0.1041948000056436,0,57,0,0,144,1,0,1200.0,
ALL_Kall_linear_bias0_physical_v3_334d,2025-02-14,0,25225.323910226653,0.1891983999958029,0,36,0,0,144,1,0,1200.0,
ALL_Kall_linear_bias0_physical_v3_334d,2025-02-14,6,9914.349477512524,0.1604045999993104,0,34,0,0,144,1,0,1200.0,
ALL_Kall_linear_bias0_physical_v3_334d,2025-02-14,12,11224.42035617682,0.468178999988595,0,40,0,0,144,1,0,1200.0,
ALL_Kall_linear_bias0_physical_v3_334d,2025-02-14,18,11557.338447608434,0.1667356000107247,0,35,0,0,144,1,0,1200.0,
ALL_Kall_linear_bias0_physical_v3_334d,2025-02-15,0,32986.8217818015,1.3938171999907354,0,43,0,0,144,1,0,1200.0,
ALL_Kall_linear_bias0_physical_v3_334d,2025-02-15,6,10271.37667590595,0.15965810000489,0,25,0,0,144,1,0,1200.0,
ALL_Kall_linear_bias0_physical_v3_334d,2025-02-15,12,25342.207246495924,0.9910717000020668,0,44,0,0,144,1,0,1200.0,
ALL_Kall_linear_bias0_physical_v3_334d,2025-02-15,18,34636.06418534301,0.3521812999970279,0,52,0,0,144,1,0,1200.0,
ALL_Kall_linear_bias0_physical_v3_334d,2025-02-16,0,62688.24902486208,0.3329758000036236,0,28,0,0,144,1,0,1200.0,
ALL_Kall_linear_bias0_physical_v3_334d,2025-02-16,6,9875.063314696778,0.2391849999985424,0,32,0,0,144,1,0,1200.0,
ALL_Kall_linear_bias0_physical_v3_334d,2025-02-16,12,23335.334066145395,0.3040238000103272,0,45,0,0,144,1,0,1200.0,
ALL_Kall_linear_bias0_physical_v3_334d,2025-02-16,18,32041.37972269878,0.5746866999979829,0,58,0,0,144,1,0,1200.0,
ALL_Kall_linear_bias0_physical_v3_334d,2025-02-17,0,53765.29341423408,0.5066175999963889,0,27,0,0,144,1,0,1200.0,
ALL_Kall_linear_bias0_physical_v3_334d,2025-02-17,6,9693.423422334135,0.9301725000113948,0,38,0,0,144,1,0,1200.0,
ALL_Kall_linear_bias0_physical_v3_334d,2025-02-17,12,18760.32041656918,0.1513677000039024,0,47,0,0,144,1,0,1200.0,
ALL_Kall_linear_bias0_physical_v3_334d,2025-02-17,18,27726.81448833899,0.4925434000033419,0,60,0,0,144,1,0,1200.0,
ALL_Kall_linear_bias0_physical_v3_334d,2025-02-18,0,48461.06867656302,0.2494778999971458,0,35,0,0,144,1,0,1200.0,
ALL_Kall_linear_bias0_physical_v3_334d,2025-02-18,6,13773.130486378355,1.8379681000078565,0,96,0,0,144,1,0,1200.0,
ALL_Kall_linear_bias0_physical_v3_334d,2025-02-18,12,25733.124885808375,0.8439747000084026,0,72,0,0,144,1,0,1200.0,
ALL_Kall_linear_bias0_physical_v3_334d,2025-02-18,18,30580.91070863178,0.7764384000038262,0,57,0,0,144,1,0,1200.0,
ALL_Kall_linear_bias0_physical_v3_334d,2025-02-19,0,49833.069298071765,0.1554146999988006,0,35,0,0,144,1,0,1200.0,
ALL_Kall_linear_bias0_physical_v3_334d,2025-02-19,6,12003.585267613227,0.3043287000036798,0,58,0,0,144,1,0,1200.0,
ALL_Kall_linear_bias0_physical_v3_334d,2025-02-19,12,21093.86052944352,0.6590781999984756,0,50,0,0,144,1,0,1200.0,
ALL_Kall_linear_bias0_physical_v3_334d,2025-02-19,18,27974.74562654789,0.3657322999933967,0,59,0,0,144,1,0,1200.0,
ALL_Kall_linear_bias0_physical_v3_334d,2025-02-20,0,51646.53633752281,0.3102077999938046,0,30,0,0,144,1,0,1200.0,
ALL_Kall_linear_bias0_physical_v3_334d,2025-02-20,6,10721.815309369496,0.1452832999930251,0,30,0,0,144,1,0,1200.0,
ALL_Kall_linear_bias0_physical_v3_334d,2025-02-20,12,11503.465238635914,0.6974857000022894,0,43,0,0,144,1,0,1200.0,
ALL_Kall_linear_bias0_physical_v3_334d,2025-02-20,18,12750.50717915897,0.1488423999981023,0,37,0,0,144,1,0,1200.0,
ALL_Kall_linear_bias0_physical_v3_334d,2025-02-21,0,24478.28643981564,0.229884000000311,0,36,0,0,144,1,0,1200.0,
ALL_Kall_linear_bias0_physical_v3_334d,2025-02-21,6,9360.253115421196,0.1307177000126103,0,69,0,0,144,1,0,1200.0,
ALL_Kall_linear_bias0_physical_v3_334d,2025-02-21,12,14807.709411033667,0.1669248000107472,0,49,0,0,144,1,0,1200.0,
ALL_Kall_linear_bias0_physical_v3_334d,2025-02-21,18,13632.579338850215,0.1811243000120157,0,56,0,0,144,1,0,1200.0,
ALL_Kall_linear_bias0_physical_v3_334d,2025-02-22,0,28822.82433894751,0.3905454000050667,0,31,0,0,144,1,0,1200.0,
ALL_Kall_linear_bias0_physical_v3_334d,2025-02-22,6,12645.360586606974,0.140905099993688,0,36,0,0,144,1,0,1200.0,
ALL_Kall_linear_bias0_physical_v3_334d,2025-02-22,12,21604.63846658553,0.316884999992908,0,43,0,0,144,1,0,1200.0,
ALL_Kall_linear_bias0_physical_v3_334d,2025-02-22,18,36485.82429222056,0.2045978999958606,0,53,0,0,144,1,0,1200.0,
ALL_Kall_linear_bias0_physical_v3_334d,2025-02-23,0,54651.67101145791,0.1697056999983033,0,30,0,0,144,1,0,1200.0,
ALL_Kall_linear_bias0_physical_v3_334d,2025-02-23,6,14348.796620126752,0.3425897999986773,0,47,0,0,144,1,0,1200.0,
ALL_Kall_linear_bias0_physical_v3_334d,2025-02-23,12,23492.232470314237,0.2863309999956982,0,43,0,0,144,1,0,1200.0,
ALL_Kall_linear_bias0_physical_v3_334d,2025-02-23,18,32853.21535666652,0.3923083999980008,0,57,0,0,144,1,0,1200.0,
ALL_Kall_linear_bias0_physical_v3_334d,2025-02-24,0,49772.10790817044,0.4840774000040255,0,37,0,0,144,1,0,1200.0,
ALL_Kall_linear_bias0_physical_v3_334d,2025-02-24,6,12401.398638033514,0.16351840000425,0,73,0,0,144,1,0,1200.0,
ALL_Kall_linear_bias0_physical_v3_334d,2025-02-24,12,18416.77378913654,0.15433540000231,0,46,0,0,144,1,0,1200.0,
ALL_Kall_linear_bias0_physical_v3_334d,2025-02-24,18,28729.069052253395,0.2698748999973759,0,59,0,0,144,1,0,1200.0,
ALL_Kall_linear_bias0_physical_v3_334d,2025-02-25,0,51105.2309469185,0.1836296000110451,0,29,0,0,144,1,0,1200.0,
ALL_Kall_linear_bias0_physical_v3_334d,2025-02-25,6,10925.83205584655,0.7182693000067957,0,45,0,0,144,1,0,1200.0,
ALL_Kall_linear_bias0_physical_v3_334d,2025-02-25,12,18781.732527958407,0.2020957000058842,0,48,0,0,144,1,0,1200.0,
ALL_Kall_linear_bias0_physical_v3_334d,2025-02-25,18,29136.67730312682,0.2087526000104844,0,57,0,0,144,1,0,1200.0,
ALL_Kall_linear_bias0_physical_v3_334d,2025-02-26,0,46339.96972926528,0.186309099997743,0,39,0,0,144,1,0,1200.0,
ALL_Kall_linear_bias0_physical_v3_334d,2025-02-26,6,12988.67897518939,0.7754099000012502,0,72,0,0,144,1,0,1200.0,
ALL_Kall_linear_bias0_physical_v3_334d,2025-02-26,12,28771.331701872223,0.3709961999993538,0,46,0,0,144,1,0,1200.0,
ALL_Kall_linear_bias0_physical_v3_334d,2025-02-26,18,36067.092292213696,0.2861567999934777,0,53,0,0,144,1,0,1200.0,
ALL_Kall_linear_bias0_physical_v3_334d,2025-02-27,0,47826.87361598423,0.1856706999969901,0,36,0,0,144,1,0,1200.0,
ALL_Kall_linear_bias0_physical_v3_334d,2025-02-27,6,9339.325158591952,0.1098597999953199,0,53,0,0,144,1,0,1200.0,
ALL_Kall_linear_bias0_physical_v3_334d,2025-02-27,12,11836.583890092885,0.527461299992865,0,50,0,0,144,1,0,1200.0,
ALL_Kall_linear_bias0_physical_v3_334d,2025-02-27,18,13139.271170300037,0.2689938000112306,0,37,0,0,144,1,0,1200.0,
ALL_Kall_linear_bias0_physical_v3_334d,2025-02-28,0,22729.69700918323,0.3815191000030609,0,18,0,0,144,1,0,1200.0,
ALL_Kall_linear_bias0_physical_v3_334d,2025-02-28,6,8906.443014396447,0.2524570999958087,0,46,0,0,144,1,0,1200.0,
ALL_Kall_linear_bias0_physical_v3_334d,2025-02-28,12,10745.15814774676,0.1494557000114582,0,37,0,0,144,1,0,1200.0,
ALL_Kall_linear_bias0_physical_v3_334d,2025-02-28,18,15074.446731140966,0.1209185000043362,0,55,0,0,144,1,0,1200.0,
ALL_Kall_linear_bias0_physical_v3_334d,2025-03-01,0,25816.32407637733,0.3943428000056883,0,33,0,0,144,1,0,1200.0,
ALL_Kall_linear_bias0_physical_v3_334d,2025-03-01,6,9604.64146677518,0.1229668000014498,0,23,0,0,144,1,0,1200.0,
ALL_Kall_linear_bias0_physical_v3_334d,2025-03-01,12,17635.611197658396,0.1384594999981345,0,49,0,0,144,1,0,1200.0,
ALL_Kall_linear_bias0_physical_v3_334d,2025-03-01,18,29290.655474500974,0.2358448000013595,0,57,0,0,144,1,0,1200.0,
ALL_Kall_linear_bias0_physical_v3_334d,2025-03-02,0,51182.40679083472,0.5460653000045568,0,31,0,0,144,1,0,1200.0,
ALL_Kall_linear_bias0_physical_v3_334d,2025-03-02,6,12771.72884096872,0.240732599995681,0,64,0,0,144,1,0,1200.0,
ALL_Kall_linear_bias0_physical_v3_334d,2025-03-02,12,26683.03519003128,0.2118517000053543,0,49,0,0,144,1,0,1200.0,
ALL_Kall_linear_bias0_physical_v3_334d,2025-03-02,18,35793.70435083345,0.2182903000066289,0,57,0,0,144,1,0,1200.0,
ALL_Kall_linear_bias0_physical_v3_334d,2025-03-03,0,55135.91165453878,0.8139845999976387,0,30,0,0,144,1,0,1200.0,
ALL_Kall_linear_bias0_physical_v3_334d,2025-03-03,6,9588.654411937949,0.3189720999944256,0,26,0,0,144,1,0,1200.0,
ALL_Kall_linear_bias0_physical_v3_334d,2025-03-03,12,22744.59921684557,0.1910440999927232,0,51,0,0,144,1,0,1200.0,
ALL_Kall_linear_bias0_physical_v3_334d,2025-03-03,18,29939.145242084083,0.251782599996659,0,58,0,0,144,1,0,1200.0,
ALL_Kall_linear_bias0_physical_v3_334d,2025-03-04,0,49130.58722065823,0.174992200001725,0,38,0,0,144,1,0,1200.0,
ALL_Kall_linear_bias0_physical_v3_334d,2025-03-04,6,11662.506049890577,0.434595700004138,0,51,0,0,144,1,0,1200.0,
ALL_Kall_linear_bias0_physical_v3_334d,2025-03-04,12,17673.266519598506,0.159289200004423,0,41,0,0,144,1,0,1200.0,
ALL_Kall_linear_bias0_physical_v3_334d,2025-03-04,18,32506.08454767424,0.2613981000031344,0,52,0,0,144,1,0,1200.0,
ALL_Kall_linear_bias0_physical_v3_334d,2025-03-05,0,51199.856713141126,0.2045400000060908,0,33,0,0,144,1,0,1200.0,
ALL_Kall_linear_bias0_physical_v3_334d,2025-03-05,6,9277.732179162447,0.4076693999959389,0,32,0,0,144,1,0,1200.0,
ALL_Kall_linear_bias0_physical_v3_334d,2025-03-05,12,19051.008920304623,0.2289924999931827,0,46,0,0,144,1,0,1200.0,
ALL_Kall_linear_bias0_physical_v3_334d,2025-03-05,18,30299.08959657973,0.2553439999901457,0,56,0,0,144,1,0,1200.0,
ALL_Kall_linear_bias0_physical_v3_334d,2025-03-06,0,47574.6560121911,0.8410041000024648,0,36,0,0,144,1,0,1200.0,
ALL_Kall_linear_bias0_physical_v3_334d,2025-03-06,6,8219.747275617825,0.0933041999960551,0,37,0,0,144,1,0,1200.0,
ALL_Kall_linear_bias0_physical_v3_334d,2025-03-06,12,10419.294981254625,0.1681392999889794,0,43,0,0,144,1,0,1200.0,
ALL_Kall_linear_bias0_physical_v3_334d,2025-03-06,18,11334.404107793229,0.6495936999999685,0,35,0,0,144,1,0,1200.0,
ALL_Kall_linear_bias0_physical_v3_334d,2025-03-07,0,25505.441750415288,0.3336726999987149,0,30,0,0,144,1,0,1200.0,
ALL_Kall_linear_bias0_physical_v3_334d,2025-03-07,6,6655.878773851192,0.4432323000073666,0,20,0,0,144,1,0,1200.0,
ALL_Kall_linear_bias0_physical_v3_334d,2025-03-07,12,10669.337109483116,0.6752612999989651,0,33,0,0,144,1,0,1200.0,
ALL_Kall_linear_bias0_physical_v3_334d,2025-03-07,18,9652.470947378964,0.7502784000098472,0,30,0,0,144,1,0,1200.0,
ALL_Kall_linear_bias0_physical_v3_334d,2025-03-08,0,19994.168639527423,0.1795514999976148,0,6,0,0,144,1,0,1200.0,
ALL_Kall_linear_bias0_physical_v3_334d,2025-03-08,6,10138.57339368976,0.3278898999997182,0,25,0,0,144,1,0,1200.0,
ALL_Kall_linear_bias0_physical_v3_334d,2025-03-08,12,19291.478547436105,0.6853390999895055,0,49,0,0,144,1,0,1200.0,
ALL_Kall_linear_bias0_physical_v3_334d,2025-03-08,18,23301.40747997525,0.2729720999923302,0,63,0,0,144,1,0,1200.0,
ALL_Kall_linear_bias0_physical_v3_334d,2025-03-09,0,45884.11321458093,0.170967500002007,0,29,0,0,144,1,0,1200.0,
ALL_Kall_linear_bias0_physical_v3_334d,2025-03-09,6,8169.098528958288,0.2270018999988678,0,25,0,0,144,1,0,1200.0,
ALL_Kall_linear_bias0_physical_v3_334d,2025-03-09,12,23496.199785938,0.2007731000048807,0,54,0,0,144,1,0,1200.0,
ALL_Kall_linear_bias0_physical_v3_334d,2025-03-09,18,43839.55234424461,0.2462664999911794,0,54,0,0,144,1,0,1200.0,
ALL_Kall_linear_bias0_physical_v3_334d,2025-03-10,0,46723.32974194005,0.273466600003303,0,33,0,0,144,1,0,1200.0,
ALL_Kall_linear_bias0_physical_v3_334d,2025-03-10,6,10320.018109664568,0.76814299999387,0,32,0,0,144,1,0,1200.0,
ALL_Kall_linear_bias0_physical_v3_334d,2025-03-10,12,16648.551770871458,0.4073247000051196,0,53,0,0,144,1,0,1200.0,
ALL_Kall_linear_bias0_physical_v3_334d,2025-03-10,18,36536.86009256927,0.551608199995826,0,53,0,0,144,1,0,1200.0,
ALL_Kall_linear_bias0_physical_v3_334d,2025-03-11,0,42267.17113327712,0.1121290000010049,0,38,0,0,144,1,0,1200.0,
ALL_Kall_linear_bias0_physical_v3_334d,2025-03-11,6,15923.64032256433,0.6989755999966292,0,68,0,0,144,1,0,1200.0,
ALL_Kall_linear_bias0_physical_v3_334d,2025-03-11,12,14115.945239066094,0.6292867000011029,0,44,0,0,144,1,0,1200.0,
ALL_Kall_linear_bias0_physical_v3_334d,2025-03-11,18,24676.88297396735,0.4803663000056986,0,63,0,0,144,1,0,1200.0,
ALL_Kall_linear_bias0_physical_v3_334d,2025-03-12,0,49570.77326608272,0.3370973999990383,0,30,0,0,144,1,0,1200.0,
ALL_Kall_linear_bias0_physical_v3_334d,2025-03-12,6,6683.273351641773,0.7129653999872971,0,27,0,0,144,1,0,1200.0,
ALL_Kall_linear_bias0_physical_v3_334d,2025-03-12,12,16676.767959682376,0.3492396000074222,0,41,0,0,144,1,0,1200.0,
ALL_Kall_linear_bias0_physical_v3_334d,2025-03-12,18,34147.81158637023,0.2000469000049634,0,49,0,0,144,1,0,1200.0,
ALL_Kall_linear_bias0_physical_v3_334d,2025-03-13,0,49081.82405692178,1.156521700002486,0,37,0,0,144,1,0,1200.0,
ALL_Kall_linear_bias0_physical_v3_334d,2025-03-13,6,8488.99934913085,0.8858665000007022,0,37,0,0,144,1,0,1200.0,
ALL_Kall_linear_bias0_physical_v3_334d,2025-03-13,12,11187.343655771065,0.4939910000102827,0,44,0,0,144,1,0,1200.0,
ALL_Kall_linear_bias0_physical_v3_334d,2025-03-13,18,9995.301631867442,0.5724093000026187,0,33,0,0,144,1,0,1200.0,
ALL_Kall_linear_bias0_physical_v3_334d,2025-03-14,0,20904.939463204,0.2136217000079341,0,8,0,0,144,1,0,1200.0,
ALL_Kall_linear_bias0_physical_v3_334d,2025-03-14,6,8952.896274385344,0.4227778999920701,0,22,0,0,144,1,0,1200.0,
ALL_Kall_linear_bias0_physical_v3_334d,2025-03-14,12,9975.105458498372,0.2588231000117957,0,31,0,0,144,1,0,1200.0,
ALL_Kall_linear_bias0_physical_v3_334d,2025-03-14,18,10141.593509125189,0.6429816000018036,0,33,0,0,144,1,0,1200.0,
ALL_Kall_linear_bias0_physical_v3_334d,2025-03-15,0,19695.183580868597,0.9401082999975188,0,23,0,0,144,1,0,1200.0,
ALL_Kall_linear_bias0_physical_v3_334d,2025-03-15,6,14259.8033194055,0.233396099996753,0,80,0,0,144,1,0,1200.0,
ALL_Kall_linear_bias0_physical_v3_334d,2025-03-15,12,16343.132510645182,1.0280512000026647,0,45,0,0,144,1,0,1200.0,
ALL_Kall_linear_bias0_physical_v3_334d,2025-03-15,18,25652.382817588223,0.5285677000065334,0,59,0,0,144,1,0,1200.0,
ALL_Kall_linear_bias0_physical_v3_334d,2025-03-16,0,43557.96558376555,0.7585126000049058,0,39,0,0,144,1,0,1200.0,
ALL_Kall_linear_bias0_physical_v3_334d,2025-03-16,6,14176.696066473784,0.5263672000000952,0,77,0,0,144,1,0,1200.0,
ALL_Kall_linear_bias0_physical_v3_334d,2025-03-16,12,16134.787873254758,0.1661655000061728,0,47,0,0,144,1,0,1200.0,
ALL_Kall_linear_bias0_physical_v3_334d,2025-03-16,18,26489.183556223627,0.2018184999906225,0,54,0,0,144,1,0,1200.0,
ALL_Kall_linear_bias0_physical_v3_334d,2025-03-17,0,44163.20791785048,0.7435928999911994,0,33,0,0,144,1,0,1200.0,
ALL_Kall_linear_bias0_physical_v3_334d,2025-03-17,6,8062.900519646227,0.7648509999999078,0,27,0,0,144,1,0,1200.0,
ALL_Kall_linear_bias0_physical_v3_334d,2025-03-17,12,23485.335864096323,0.1615525000088382,0,58,0,0,144,1,0,1200.0,
ALL_Kall_linear_bias0_physical_v3_334d,2025-03-17,18,21444.77911695472,0.2654088999988744,0,62,0,0,144,1,0,1200.0,
ALL_Kall_linear_bias0_physical_v3_334d,2025-03-18,0,50688.447044915,0.4906423999927938,0,29,0,0,144,1,0,1200.0,
ALL_Kall_linear_bias0_physical_v3_334d,2025-03-18,6,9150.548836809903,0.4625812000012956,0,37,0,0,144,1,0,1200.0,
ALL_Kall_linear_bias0_physical_v3_334d,2025-03-18,12,16331.278503352183,0.5253075000073295,0,38,0,0,144,1,0,1200.0,
ALL_Kall_linear_bias0_physical_v3_334d,2025-03-18,18,20331.91832400476,0.1674389999971026,0,59,0,0,144,1,0,1200.0,
ALL_Kall_linear_bias0_physical_v3_334d,2025-03-19,0,41993.90606947245,0.5486015999922529,0,36,0,0,144,1,0,1200.0,
ALL_Kall_linear_bias0_physical_v3_334d,2025-03-19,6,14356.970946681957,0.4339723000011872,0,53,0,0,144,1,0,1200.0,
ALL_Kall_linear_bias0_physical_v3_334d,2025-03-19,12,16063.604296214937,0.2500434000103269,0,41,0,0,144,1,0,1200.0,
ALL_Kall_linear_bias0_physical_v3_334d,2025-03-19,18,22657.53520630294,0.2140177999972365,0,63,0,0,144,1,0,1200.0,
ALL_Kall_linear_bias0_physical_v3_334d,2025-03-20,0,47759.14637947129,0.3101984000095399,0,35,0,0,144,1,0,1200.0,
ALL_Kall_linear_bias0_physical_v3_334d,2025-03-20,6,5501.280771746958,0.1242387999955099,0,25,0,0,144,1,0,1200.0,
ALL_Kall_linear_bias0_physical_v3_334d,2025-03-20,12,10909.06365868998,0.2007217999926069,0,48,0,0,144,1,0,1200.0,
ALL_Kall_linear_bias0_physical_v3_334d,2025-03-20,18,10382.502823356956,0.2195814000006066,0,32,0,0,144,1,0,1200.0,
ALL_Kall_linear_bias0_physical_v3_334d,2025-03-21,0,20793.95989154743,0.2570182000054046,0,18,0,0,144,1,0,1200.0,
ALL_Kall_linear_bias0_physical_v3_334d,2025-03-21,6,7374.004440847876,0.1417737000010674,0,22,0,0,144,1,0,1200.0,
ALL_Kall_linear_bias0_physical_v3_334d,2025-03-21,12,9793.70518447568,0.1030375999980606,0,33,0,0,144,1,0,1200.0,
ALL_Kall_linear_bias0_physical_v3_334d,2025-03-21,18,9370.831640734894,0.0902975999924819,0,28,0,0,144,1,0,1200.0,
ALL_Kall_linear_bias0_physical_v3_334d,2025-03-22,0,20113.600311756774,0.2674740000074962,0,6,0,0,144,1,0,1200.0,
ALL_Kall_linear_bias0_physical_v3_334d,2025-03-22,6,10273.886205204844,0.3970467000035569,0,26,0,0,144,1,0,1200.0,
ALL_Kall_linear_bias0_physical_v3_334d,2025-03-22,12,19125.981131724748,0.1414288999949349,0,48,0,0,144,1,0,1200.0,
ALL_Kall_linear_bias0_physical_v3_334d,2025-03-22,18,31399.290422966504,0.160553699999582,0,53,0,0,144,1,0,1200.0,
ALL_Kall_linear_bias0_physical_v3_334d,2025-03-23,0,43710.653904804734,0.1811691999901086,0,39,0,0,144,1,0,1200.0,
ALL_Kall_linear_bias0_physical_v3_334d,2025-03-23,6,10290.1010537908,0.2001815999974496,0,42,0,0,144,1,0,1200.0,
ALL_Kall_linear_bias0_physical_v3_334d,2025-03-23,12,20242.829520450225,0.0985743999917758,0,41,0,0,144,1,0,1200.0,
ALL_Kall_linear_bias0_physical_v3_334d,2025-03-23,18,30229.642310571977,0.1843043999979272,0,52,0,0,144,1,0,1200.0,
ALL_Kall_linear_bias0_physical_v3_334d,2025-03-24,0,45906.00691014103,0.1524048999999649,0,32,0,0,144,1,0,1200.0,
ALL_Kall_linear_bias0_physical_v3_334d,2025-03-24,6,10335.372880064118,0.3836622999951942,0,31,0,0,144,1,0,1200.0,
ALL_Kall_linear_bias0_physical_v3_334d,2025-03-24,12,20516.510198235825,0.0849199000076623,0,45,0,0,144,1,0,1200.0,
ALL_Kall_linear_bias0_physical_v3_334d,2025-03-24,18,28254.19337343212,0.3252723000041442,0,57,0,0,144,1,0,1200.0,
ALL_Kall_linear_bias0_physical_v3_334d,2025-03-25,0,50287.66002070016,0.7528574000025401,0,29,0,0,144,1,0,1200.0,
ALL_Kall_linear_bias0_physical_v3_334d,2025-03-25,6,6595.735901841393,1.434470300009707,0,26,0,0,144,1,0,1200.0,
ALL_Kall_linear_bias0_physical_v3_334d,2025-03-25,12,15184.727302980642,0.1400762999983271,0,47,0,0,144,1,0,1200.0,
ALL_Kall_linear_bias0_physical_v3_334d,2025-03-25,18,19678.59512040432,0.1169270999962464,0,61,0,0,144,1,0,1200.0,
ALL_Kall_linear_bias0_physical_v3_334d,2025-03-26,0,42701.488683146126,0.317689400006202,0,36,0,0,144,1,0,1200.0,
ALL_Kall_linear_bias0_physical_v3_334d,2025-03-26,6,11256.25579283284,0.7409233000071254,0,37,0,0,144,1,0,1200.0,
ALL_Kall_linear_bias0_physical_v3_334d,2025-03-26,12,14658.535376473985,0.3503281999874161,0,43,0,0,144,1,0,1200.0,
ALL_Kall_linear_bias0_physical_v3_334d,2025-03-26,18,23407.11567044487,0.7035670000041137,0,66,0,0,144,1,0,1200.0,
ALL_Kall_linear_bias0_physical_v3_334d,2025-03-27,0,45505.05945663696,0.6042213999899104,0,30,0,0,144,1,0,1200.0,
ALL_Kall_linear_bias0_physical_v3_334d,2025-03-27,6,9086.643363246843,0.2625351999886334,0,30,0,0,144,1,0,1200.0,
ALL_Kall_linear_bias0_physical_v3_334d,2025-03-27,12,9048.324687584673,0.7006336999911582,0,37,0,0,144,1,0,1200.0,
ALL_Kall_linear_bias0_physical_v3_334d,2025-03-27,18,11598.181409055916,0.9372060999885434,0,35,0,0,144,1,0,1200.0,
ALL_Kall_linear_bias0_physical_v3_334d,2025-03-28,0,20147.33695289789,0.4324638999969465,0,9,0,0,144,1,0,1200.0,
ALL_Kall_linear_bias0_physical_v3_334d,2025-03-28,6,8193.677306438965,0.0889541000069584,0,35,0,0,144,1,0,1200.0,
ALL_Kall_linear_bias0_physical_v3_334d,2025-03-28,12,9800.866456317392,0.1036120999924605,0,38,0,0,144,1,0,1200.0,
ALL_Kall_linear_bias0_physical_v3_334d,2025-03-28,18,10458.69508066888,1.2483132000052135,0,33,0,0,144,1,0,1200.0,
ALL_Kall_linear_bias0_physical_v3_334d,2025-03-29,0,17992.05205931127,0.3649388999911025,0,5,0,0,144,1,0,1200.0,
ALL_Kall_linear_bias0_physical_v3_334d,2025-03-29,6,11127.536852728705,0.1683533000032184,0,21,0,0,144,1,0,1200.0,
ALL_Kall_linear_bias0_physical_v3_334d,2025-03-29,12,15259.98042977551,0.1755628999962937,0,39,0,0,144,1,0,1200.0,
ALL_Kall_linear_bias0_physical_v3_334d,2025-03-29,18,21926.778112157957,0.2168980999995255,0,65,0,0,144,1,0,1200.0,
ALL_Kall_linear_bias0_physical_v3_334d,2025-03-30,0,40974.0831917077,0.239291800011415,0,37,0,0,144,1,0,1200.0,
ALL_Kall_linear_bias0_physical_v3_334d,2025-03-30,6,9311.26044593301,0.317780400000629,0,32,0,0,144,1,0,1200.0,
ALL_Kall_linear_bias0_physical_v3_334d,2025-03-30,12,25542.542135798954,0.2306845999992219,0,41,0,0,144,1,0,1200.0,
ALL_Kall_linear_bias0_physical_v3_334d,2025-03-30,18,27404.589028934617,0.2533126000053016,0,64,0,0,144,1,0,1200.0,
ALL_Kall_linear_bias0_physical_v3_334d,2025-03-31,0,38676.77026393004,0.8432713999936823,0,34,0,0,144,1,0,1200.0,
ALL_Kall_linear_bias0_physical_v3_334d,2025-03-31,6,18870.79143181517,0.5871832999982871,0,61,0,0,144,1,0,1200.0,
ALL_Kall_linear_bias0_physical_v3_334d,2025-03-31,12,12250.849816320722,0.2276216000027489,0,38,0,0,144,1,0,1200.0,
ALL_Kall_linear_bias0_physical_v3_334d,2025-03-31,18,20551.09237144952,0.5953475999995135,0,66,0,0,144,1,0,1200.0,
ALL_Kall_linear_bias0_physical_v3_334d,2025-04-01,0,46507.4163484732,0.5739590000011958,0,29,0,0,144,1,0,1200.0,
ALL_Kall_linear_bias0_physical_v3_334d,2025-04-01,6,10374.597434191624,0.1849935000063851,0,48,0,0,144,1,0,1200.0,
ALL_Kall_linear_bias0_physical_v3_334d,2025-04-01,12,15789.349350053002,0.2094140999979572,0,53,0,0,144,1,0,1200.0,
ALL_Kall_linear_bias0_physical_v3_334d,2025-04-01,18,38910.93149373438,0.5182844000082696,0,54,0,0,144,1,0,1200.0,
ALL_Kall_linear_bias0_physical_v3_334d,2025-04-02,0,44528.92070645875,0.0876680000073975,0,38,0,0,144,1,0,1200.0,
ALL_Kall_linear_bias0_physical_v3_334d,2025-04-02,6,11921.963825922729,0.3797504999965895,0,31,0,0,144,1,0,1200.0,
ALL_Kall_linear_bias0_physical_v3_334d,2025-04-02,12,14617.35699054634,0.1305934999982128,0,41,0,0,144,1,0,1200.0,
ALL_Kall_linear_bias0_physical_v3_334d,2025-04-02,18,21589.293615960138,0.2439099000039277,0,59,0,0,144,1,0,1200.0,
ALL_Kall_linear_bias0_physical_v3_334d,2025-04-03,0,45774.67658957658,0.1262954999983776,0,36,0,0,144,1,0,1200.0,
ALL_Kall_linear_bias0_physical_v3_334d,2025-04-03,6,6539.339308416215,0.5917824000061955,0,29,0,0,144,1,0,1200.0,
ALL_Kall_linear_bias0_physical_v3_334d,2025-04-03,12,9113.72961112432,0.5086210000008577,0,38,0,0,144,1,0,1200.0,
ALL_Kall_linear_bias0_physical_v3_334d,2025-04-03,18,9555.56322804871,0.2657627000007778,0,28,0,0,144,1,0,1200.0,
ALL_Kall_linear_bias0_physical_v3_334d,2025-04-04,0,18457.7043599463,0.065598700006376,0,6,0,0,144,1,0,1200.0,
ALL_Kall_linear_bias0_physical_v3_334d,2025-04-04,6,7713.173776536592,0.4329166999959852,0,20,0,0,144,1,0,1200.0,
ALL_Kall_linear_bias0_physical_v3_334d,2025-04-04,12,11310.126389305424,0.5367188000091119,0,34,0,0,144,1,0,1200.0,
ALL_Kall_linear_bias0_physical_v3_334d,2025-04-04,18,10521.755481680488,0.4682660999969812,0,46,0,0,144,1,0,1200.0,
ALL_Kall_linear_bias0_physical_v3_334d,2025-04-05,0,17354.73039013315,0.2716685999912442,0,4,0,0,144,1,0,1200.0,
ALL_Kall_linear_bias0_physical_v3_334d,2025-04-05,6,10644.77322791181,0.7585443999996642,0,29,0,0,144,1,0,1200.0,
ALL_Kall_linear_bias0_physical_v3_334d,2025-04-05,12,28590.287187376056,0.1874303999939002,0,42,0,0,144,1,0,1200.0,
ALL_Kall_linear_bias0_physical_v3_334d,2025-04-05,18,23313.488807027086,0.2617511999997077,0,64,0,0,144,1,0,1200.0,
ALL_Kall_linear_bias0_physical_v3_334d,2025-04-06,0,40440.0145907328,0.1405907000007573,0,39,0,0,144,1,0,1200.0,
ALL_Kall_linear_bias0_physical_v3_334d,2025-04-06,6,10215.438849699562,0.4901945000019623,0,32,0,0,144,1,0,1200.0,
ALL_Kall_linear_bias0_physical_v3_334d,2025-04-06,12,16051.959723359594,0.1655710000050021,0,40,0,0,144,1,0,1200.0,
ALL_Kall_linear_bias0_physical_v3_334d,2025-04-06,18,20762.33090044012,0.2569843999954173,0,59,0,0,144,1,0,1200.0,
ALL_Kall_linear_bias0_physical_v3_334d,2025-04-07,0,37020.51888559637,0.1731123000063235,0,36,0,0,144,1,0,1200.0,
ALL_Kall_linear_bias0_physical_v3_334d,2025-04-07,6,13072.819468954956,2.7044576999905985,0,29,0,0,144,1,0,1200.0,
ALL_Kall_linear_bias0_physical_v3_334d,2025-04-07,12,20852.75297567259,0.2137034999905154,0,56,0,0,144,1,0,1200.0,
ALL_Kall_linear_bias0_physical_v3_334d,2025-04-07,18,21415.628607361705,0.1246171999955549,0,56,0,0,144,1,0,1200.0,
ALL_Kall_linear_bias0_physical_v3_334d,2025-04-08,0,43758.27744196092,0.1693166000040946,0,38,0,0,144,1,0,1200.0,
ALL_Kall_linear_bias0_physical_v3_334d,2025-04-08,6,8856.782817898958,0.8690372999990359,0,25,0,0,144,1,0,1200.0,
ALL_Kall_linear_bias0_physical_v3_334d,2025-04-08,12,17431.379186873783,0.2623454999993555,0,45,0,0,144,1,0,1200.0,
ALL_Kall_linear_bias0_physical_v3_334d,2025-04-08,18,25359.773589151628,0.3684284999908414,0,58,0,0,144,1,0,1200.0,
ALL_Kall_linear_bias0_physical_v3_334d,2025-04-09,0,42650.50558744865,0.2545676000008825,0,40,0,0,144,1,0,1200.0,
ALL_Kall_linear_bias0_physical_v3_334d,2025-04-09,6,9975.513604491198,0.5675750000082189,0,38,0,0,144,1,0,1200.0,
ALL_Kall_linear_bias0_physical_v3_334d,2025-04-09,12,27266.875886432776,0.3476454000046942,0,48,0,0,144,1,0,1200.0,
ALL_Kall_linear_bias0_physical_v3_334d,2025-04-09,18,23328.68577528513,0.5663728000072297,0,62,0,0,144,1,0,1200.0,
ALL_Kall_linear_bias0_physical_v3_334d,2025-04-10,0,41759.38563109068,0.2571442999906139,0,37,0,0,144,1,0,1200.0,
ALL_Kall_linear_bias0_physical_v3_334d,2025-04-10,6,7569.217784639503,0.9857413999998244,0,36,0,0,144,1,0,1200.0,
ALL_Kall_linear_bias0_physical_v3_334d,2025-04-10,12,8859.804326090993,0.7234597999922698,0,30,0,0,144,1,0,1200.0,
ALL_Kall_linear_bias0_physical_v3_334d,2025-04-10,18,9308.253787127844,0.140117699993425,0,26,0,0,144,1,0,1200.0,
ALL_Kall_linear_bias0_physical_v3_334d,2025-04-11,0,16988.370179601512,0.5673339999921154,0,5,0,0,144,1,0,1200.0,
ALL_Kall_linear_bias0_physical_v3_334d,2025-04-11,6,8485.159631692275,0.3688345999980811,0,23,0,0,144,1,0,1200.0,
ALL_Kall_linear_bias0_physical_v3_334d,2025-04-11,12,9023.938293873654,0.1617977999994764,0,28,0,0,144,1,0,1200.0,
ALL_Kall_linear_bias0_physical_v3_334d,2025-04-11,18,9706.033060115598,0.1801031000068178,0,28,0,0,144,1,0,1200.0,
ALL_Kall_linear_bias0_physical_v3_334d,2025-04-12,0,18271.88105200743,0.5055072000104701,0,7,0,0,144,1,0,1200.0,
ALL_Kall_linear_bias0_physical_v3_334d,2025-04-12,6,9755.012979645418,1.1527727999928177,0,21,0,0,144,1,0,1200.0,
ALL_Kall_linear_bias0_physical_v3_334d,2025-04-12,12,14682.174601816683,0.1823393999948166,0,40,0,0,144,1,0,1200.0,
ALL_Kall_linear_bias0_physical_v3_334d,2025-04-12,18,28494.01576251777,0.3303064999927301,0,56,0,0,144,1,0,1200.0,
ALL_Kall_linear_bias0_physical_v3_334d,2025-04-13,0,37377.02880988607,0.9659734000015304,0,36,0,0,144,1,0,1200.0,
ALL_Kall_linear_bias0_physical_v3_334d,2025-04-13,6,10723.591854216593,0.1105406999995466,0,41,0,0,144,1,0,1200.0,
ALL_Kall_linear_bias0_physical_v3_334d,2025-04-13,12,20753.961209860718,0.120441099992604,0,52,0,0,144,1,0,1200.0,
ALL_Kall_linear_bias0_physical_v3_334d,2025-04-13,18,22525.506172799836,0.3478942000074312,0,62,0,0,144,1,0,1200.0,
ALL_Kall_linear_bias0_physical_v3_334d,2025-04-14,0,41893.21538857805,0.1896206999954302,0,37,0,0,144,1,0,1200.0,
ALL_Kall_linear_bias0_physical_v3_334d,2025-04-14,6,6165.010179051985,0.2816872999974293,0,22,0,0,144,1,0,1200.0,
ALL_Kall_linear_bias0_physical_v3_334d,2025-04-14,12,14868.450773840965,0.7658146000030683,0,71,0,0,144,1,0,1200.0,
ALL_Kall_linear_bias0_physical_v3_334d,2025-04-14,18,19276.74189926436,0.4105235000024549,0,65,0,0,144,1,0,1200.0,
ALL_Kall_linear_bias0_physical_v3_334d,2025-04-15,0,36110.64027798279,0.1679330999904777,0,32,0,0,144,1,0,1200.0,
ALL_Kall_linear_bias0_physical_v3_334d,2025-04-15,6,12927.422960949232,1.0954931000014767,0,30,0,0,144,1,0,1200.0,
ALL_Kall_linear_bias0_physical_v3_334d,2025-04-15,12,16486.48308464104,0.4476240000076359,0,45,0,0,144,1,0,1200.0,
ALL_Kall_linear_bias0_physical_v3_334d,2025-04-15,18,22968.891717720093,0.2619692000007489,0,60,0,0,144,1,0,1200.0,
ALL_Kall_linear_bias0_physical_v3_334d,2025-04-16,0,39774.86430203328,0.1585383999918121,0,39,0,0,144,1,0,1200.0,
ALL_Kall_linear_bias0_physical_v3_334d,2025-04-16,6,12071.73717471549,0.9183246000029612,0,35,0,0,144,1,0,1200.0,
ALL_Kall_linear_bias0_physical_v3_334d,2025-04-16,12,12438.40895627603,0.6569523999933153,0,40,0,0,144,1,0,1200.0,
ALL_Kall_linear_bias0_physical_v3_334d,2025-04-16,18,25102.698388954872,0.208887600005255,0,56,0,0,144,1,0,1200.0,
ALL_Kall_linear_bias0_physical_v3_334d,2025-04-17,0,37144.55500596662,0.2673312999977497,0,32,0,0,144,1,0,1200.0,
ALL_Kall_linear_bias0_physical_v3_334d,2025-04-17,6,10752.216800436114,0.217269100001431,0,85,0,0,144,1,0,1200.0,
ALL_Kall_linear_bias0_physical_v3_334d,2025-04-17,12,9033.74333229796,0.8517054999974789,0,34,0,0,144,1,0,1200.0,
ALL_Kall_linear_bias0_physical_v3_334d,2025-04-17,18,9312.906771988974,0.6256653000018559,0,29,0,0,144,1,0,1200.0,
ALL_Kall_linear_bias0_physical_v3_334d,2025-04-18,0,17331.14737046634,0.4543987000070046,0,5,0,0,144,1,0,1200.0,
ALL_Kall_linear_bias0_physical_v3_334d,2025-04-18,6,7338.295498733419,0.0777824999968288,0,20,0,0,144,1,0,1200.0,
ALL_Kall_linear_bias0_physical_v3_334d,2025-04-18,12,9448.006721755655,0.6564256999990903,0,30,0,0,144,1,0,1200.0,
ALL_Kall_linear_bias0_physical_v3_334d,2025-04-18,18,8964.492690834559,1.0156945000053383,0,28,0,0,144,1,0,1200.0,
ALL_Kall_linear_bias0_physical_v3_334d,2025-04-19,0,15742.727768062638,0.1236260000005131,0,3,0,0,144,1,0,1200.0,
ALL_Kall_linear_bias0_physical_v3_334d,2025-04-19,6,10144.719718533015,0.8824737000104506,0,24,0,0,144,1,0,1200.0,
ALL_Kall_linear_bias0_physical_v3_334d,2025-04-19,12,16240.145874453194,0.145509599999059,0,37,0,0,144,1,0,1200.0,
ALL_Kall_linear_bias0_physical_v3_334d,2025-04-19,18,17299.70229086066,0.1812519999948563,0,57,0,0,144,1,0,1200.0,
ALL_Kall_linear_bias0_physical_v3_334d,2025-04-20,0,35464.29878658005,0.1835740999958943,0,31,0,0,144,1,0,1200.0,
ALL_Kall_linear_bias0_physical_v3_334d,2025-04-20,6,11685.798107219292,0.3587069999921368,0,71,0,0,144,1,0,1200.0,
ALL_Kall_linear_bias0_physical_v3_334d,2025-04-20,12,14849.83619252577,0.171434700008831,0,48,0,0,144,1,0,1200.0,
ALL_Kall_linear_bias0_physical_v3_334d,2025-04-20,18,17720.03154422195,0.2708390999905532,0,57,0,0,144,1,0,1200.0,
ALL_Kall_linear_bias0_physical_v3_334d,2025-04-21,0,40029.14518623098,1.4703865999908885,0,36,0,0,144,1,0,1200.0,
ALL_Kall_linear_bias0_physical_v3_334d,2025-04-21,6,6918.349657460663,0.5126930999977048,0,21,0,0,144,1,0,1200.0,
ALL_Kall_linear_bias0_physical_v3_334d,2025-04-21,12,14144.848304210507,0.8460507999989204,0,42,0,0,144,1,0,1200.0,
ALL_Kall_linear_bias0_physical_v3_334d,2025-04-21,18,15187.663625631814,0.2273387999885017,0,58,0,0,144,1,0,1200.0,
ALL_Kall_linear_bias0_physical_v3_334d,2025-04-22,0,35221.604141418306,0.3258104999986244,0,33,0,0,144,1,0,1200.0,
ALL_Kall_linear_bias0_physical_v3_334d,2025-04-22,6,14312.944942276548,1.1708252999960678,0,66,0,0,144,1,0,1200.0,
ALL_Kall_linear_bias0_physical_v3_334d,2025-04-22,12,13914.770458302904,0.5069603000010829,0,43,0,0,144,1,0,1200.0,
ALL_Kall_linear_bias0_physical_v3_334d,2025-04-22,18,17262.845073866774,1.4403103999939049,0,61,0,0,144,1,0,1200.0,
ALL_Kall_linear_bias0_physical_v3_334d,2025-04-23,0,34964.88311807769,1.0986476999969454,0,32,0,0,144,1,0,1200.0,
ALL_Kall_linear_bias0_physical_v3_334d,2025-04-23,6,12731.344544057736,0.6936868999910075,0,69,0,0,144,1,0,1200.0,
ALL_Kall_linear_bias0_physical_v3_334d,2025-04-23,12,13929.788967592896,1.6941354000009596,0,51,0,0,144,1,0,1200.0,
ALL_Kall_linear_bias0_physical_v3_334d,2025-04-23,18,19234.3616188211,0.2412571999884676,0,57,0,0,144,1,0,1200.0,
ALL_Kall_linear_bias0_physical_v3_334d,2025-04-24,0,36187.44817677332,0.6614607999945292,0,32,0,0,144,1,0,1200.0,
ALL_Kall_linear_bias0_physical_v3_334d,2025-04-24,6,7005.63375566895,0.1983825000061188,0,31,0,0,144,1,0,1200.0,
ALL_Kall_linear_bias0_physical_v3_334d,2025-04-24,12,10002.92517281269,0.209344200004125,0,31,0,0,144,1,0,1200.0,
ALL_Kall_linear_bias0_physical_v3_334d,2025-04-24,18,8746.17549009642,0.4942407999915303,0,25,0,0,144,1,0,1200.0,
ALL_Kall_linear_bias0_physical_v3_334d,2025-04-25,0,16920.866343064423,0.0907630000001518,0,4,0,0,144,1,0,1200.0,
ALL_Kall_linear_bias0_physical_v3_334d,2025-04-25,6,7557.698019389866,0.7533188000088558,0,20,0,0,144,1,0,1200.0,
ALL_Kall_linear_bias0_physical_v3_334d,2025-04-25,12,8485.541455894572,0.438185600010911,0,25,0,0,144,1,0,1200.0,
ALL_Kall_linear_bias0_physical_v3_334d,2025-04-25,18,8631.137797066818,0.1213038999994751,0,24,0,0,144,1,0,1200.0,
ALL_Kall_linear_bias0_physical_v3_334d,2025-04-26,0,15710.689676794666,0.0797043000056874,0,2,0,0,144,1,0,1200.0,
ALL_Kall_linear_bias0_physical_v3_334d,2025-04-26,6,10269.428722200157,0.1534271999989869,0,25,0,0,144,1,0,1200.0,
ALL_Kall_linear_bias0_physical_v3_334d,2025-04-26,12,16518.054732722438,0.2340771000017412,0,45,0,0,144,1,0,1200.0,
ALL_Kall_linear_bias0_physical_v3_334d,2025-04-26,18,18150.98085788107,0.1219330000021727,0,56,0,0,144,1,0,1200.0,
ALL_Kall_linear_bias0_physical_v3_334d,2025-04-27,0,32460.51550520526,0.5081339000025764,0,22,0,0,144,1,0,1200.0,
ALL_Kall_linear_bias0_physical_v3_334d,2025-04-27,6,14568.003025153512,0.5125152000109665,0,79,0,0,144,1,0,1200.0,
ALL_Kall_linear_bias0_physical_v3_334d,2025-04-27,12,14021.38530921796,0.2512205999955768,0,50,0,0,144,1,0,1200.0,
ALL_Kall_linear_bias0_physical_v3_334d,2025-04-27,18,30081.809441764693,0.286850599994068,0,52,0,0,144,1,0,1200.0,
ALL_Kall_linear_bias0_physical_v3_334d,2025-04-28,0,42531.37790100274,1.150884100003168,0,32,0,0,144,1,0,1200.0,
ALL_Kall_linear_bias0_physical_v3_334d,2025-04-28,6,10806.70475773486,0.1875427000049967,0,46,0,0,144,1,0,1200.0,
ALL_Kall_linear_bias0_physical_v3_334d,2025-04-28,12,11788.343695409609,0.2203317999956198,0,45,0,0,144,1,0,1200.0,
ALL_Kall_linear_bias0_physical_v3_334d,2025-04-28,18,20235.80105915504,0.3336158000020077,0,60,0,0,144,1,0,1200.0,
ALL_Kall_linear_bias0_physical_v3_334d,2025-04-29,0,36469.62601158298,1.395935599997756,0,34,0,0,144,1,0,1200.0,
ALL_Kall_linear_bias0_physical_v3_334d,2025-04-29,6,9528.838079950356,0.1764030000049388,0,30,0,0,144,1,0,1200.0,
ALL_Kall_linear_bias0_physical_v3_334d,2025-04-29,12,14789.327052726348,1.1350456000072882,0,38,0,0,144,1,0,1200.0,
ALL_Kall_linear_bias0_physical_v3_334d,2025-04-29,18,23498.65701515764,0.3753271000023233,0,59,0,0,144,1,0,1200.0,
ALL_Kall_linear_bias0_physical_v3_334d,2025-04-30,0,35003.20093108787,1.229903600004036,0,32,0,0,144,1,0,1200.0,
ALL_Kall_linear_bias0_physical_v3_334d,2025-04-30,6,9668.475463831075,0.2319459999998798,0,33,0,0,144,1,0,1200.0,
ALL_Kall_linear_bias0_physical_v3_334d,2025-04-30,12,14452.285101897796,1.1920140000001993,0,42,0,0,144,1,0,1200.0,
ALL_Kall_linear_bias0_physical_v3_334d,2025-04-30,18,15458.999610703404,0.1981414999900153,0,53,0,0,144,1,0,1200.0,
ALL_Kall_linear_bias0_physical_v3_334d,2025-05-01,0,37130.31820115081,0.8027001999871572,0,33,0,0,144,1,0,1200.0,
ALL_Kall_linear_bias0_physical_v3_334d,2025-05-01,6,7224.271693764422,0.4061499999952502,0,35,0,0,144,1,0,1200.0,
ALL_Kall_linear_bias0_physical_v3_334d,2025-05-01,12,8897.672527950412,0.0881851000012829,0,43,0,0,144,1,0,1200.0,
ALL_Kall_linear_bias0_physical_v3_334d,2025-05-01,18,9641.35414715328,0.1549850000010337,0,38,0,0,144,1,0,1200.0,
ALL_Kall_linear_bias0_physical_v3_334d,2025-05-02,0,20338.26480042604,0.0961327999975765,0,15,0,0,144,1,0,1200.0,
ALL_Kall_linear_bias0_physical_v3_334d,2025-05-02,6,8110.008915670718,0.203154299990274,0,22,0,0,144,1,0,1200.0,
ALL_Kall_linear_bias0_physical_v3_334d,2025-05-02,12,8711.562242252852,0.1328688999928999,0,21,0,0,144,1,0,1200.0,
ALL_Kall_linear_bias0_physical_v3_334d,2025-05-02,18,9496.382431772325,0.5881692000111798,0,25,0,0,144,1,0,1200.0,
ALL_Kall_linear_bias0_physical_v3_334d,2025-05-03,0,17440.874475747387,0.247784600011073,0,5,0,0,144,1,0,1200.0,
ALL_Kall_linear_bias0_physical_v3_334d,2025-05-03,6,10056.1635275133,0.8893893000058597,0,24,0,0,144,1,0,1200.0,
ALL_Kall_linear_bias0_physical_v3_334d,2025-05-03,12,14310.91254969764,0.2214665000064997,0,37,0,0,144,1,0,1200.0,
ALL_Kall_linear_bias0_physical_v3_334d,2025-05-03,18,14525.906881960682,0.1555356000026222,0,54,0,0,144,1,0,1200.0,
ALL_Kall_linear_bias0_physical_v3_334d,2025-05-04,0,37856.96062070813,0.2426418000104604,0,33,0,0,144,1,0,1200.0,
ALL_Kall_linear_bias0_physical_v3_334d,2025-05-04,6,9625.732316291804,0.1153290000074775,0,35,0,0,144,1,0,1200.0,
ALL_Kall_linear_bias0_physical_v3_334d,2025-05-04,12,15102.050384754384,0.5252542999951402,0,37,0,0,144,1,0,1200.0,
ALL_Kall_linear_bias0_physical_v3_334d,2025-05-04,18,30203.77357604875,0.1133686999964993,0,53,0,0,144,1,0,1200.0,
ALL_Kall_linear_bias0_physical_v3_334d,2025-05-05,0,42866.63934201541,0.1523642999964067,0,40,0,0,144,1,0,1200.0,
ALL_Kall_linear_bias0_physical_v3_334d,2025-05-05,6,9080.613737252934,0.1199419999902602,0,33,0,0,144,1,0,1200.0,
ALL_Kall_linear_bias0_physical_v3_334d,2025-05-05,12,13177.093237105742,0.2819125999958487,0,41,0,0,144,1,0,1200.0,
ALL_Kall_linear_bias0_physical_v3_334d,2025-05-05,18,15550.747286076286,0.5193961999902967,0,54,0,0,144,1,0,1200.0,
ALL_Kall_linear_bias0_physical_v3_334d,2025-05-06,0,37313.849067456096,0.3083882999926572,0,33,0,0,144,1,0,1200.0,
ALL_Kall_linear_bias0_physical_v3_334d,2025-05-06,6,12263.358128449878,0.320534200000111,0,77,0,0,144,1,0,1200.0,
ALL_Kall_linear_bias0_physical_v3_334d,2025-05-06,12,22113.33488742519,0.9966958000004524,0,48,0,0,144,1,0,1200.0,
ALL_Kall_linear_bias0_physical_v3_334d,2025-05-06,18,19090.3612074592,1.0040005000046222,0,62,0,0,144,1,0,1200.0,
ALL_Kall_linear_bias0_physical_v3_334d,2025-05-07,0,40166.39645410717,0.6529797999974107,0,34,0,0,144,1,0,1200.0,
ALL_Kall_linear_bias0_physical_v3_334d,2025-05-07,6,12497.401905306217,0.2638422999880276,0,66,0,0,144,1,0,1200.0,
ALL_Kall_linear_bias0_physical_v3_334d,2025-05-07,12,18740.845744039263,0.1784267999901203,0,44,0,0,144,1,0,1200.0,
ALL_Kall_linear_bias0_physical_v3_334d,2025-05-07,18,16074.28839895393,0.133485099999234,0,56,0,0,144,1,0,1200.0,
ALL_Kall_linear_bias0_physical_v3_334d,2025-05-08,0,44058.73126581022,0.2315176999982213,0,39,0,0,144,1,0,1200.0,
ALL_Kall_linear_bias0_physical_v3_334d,2025-05-08,6,7968.9297049555535,0.3390857000049436,0,25,0,0,144,1,0,1200.0,
ALL_Kall_linear_bias0_physical_v3_334d,2025-05-08,12,12419.547967587,0.0994097999937366,0,50,0,0,144,1,0,1200.0,
ALL_Kall_linear_bias0_physical_v3_334d,2025-05-08,18,10079.956687622092,0.0837576000049011,0,28,0,0,144,1,0,1200.0,
ALL_Kall_linear_bias0_physical_v3_334d,2025-05-09,0,22095.46685745172,0.1074802000075578,0,21,0,0,144,1,0,1200.0,
ALL_Kall_linear_bias0_physical_v3_334d,2025-05-09,6,8556.553888970684,0.401274599993485,0,3,0,0,144,1,0,1200.0,
ALL_Kall_linear_bias0_physical_v3_334d,2025-05-09,12,9473.758850991828,0.6321640999958618,0,25,0,0,144,1,0,1200.0,
ALL_Kall_linear_bias0_physical_v3_334d,2025-05-09,18,8703.800771888666,0.1848210000025574,0,21,0,0,144,1,0,1200.0,
ALL_Kall_linear_bias0_physical_v3_334d,2025-05-10,0,18975.13421993362,0.7394968000007793,0,3,0,0,144,1,0,1200.0,
ALL_Kall_linear_bias0_physical_v3_334d,2025-05-10,6,12062.971092280835,0.147932399995625,0,20,0,0,144,1,0,1200.0,
ALL_Kall_linear_bias0_physical_v3_334d,2025-05-10,12,13988.221179391425,0.1072453999950084,0,43,0,0,144,1,0,1200.0,
ALL_Kall_linear_bias0_physical_v3_334d,2025-05-10,18,30446.87918431533,0.3605551000073319,0,52,0,0,144,1,0,1200.0,
ALL_Kall_linear_bias0_physical_v3_334d,2025-05-11,0,39133.264456149314,0.1420158999972045,0,32,0,0,144,1,0,1200.0,
ALL_Kall_linear_bias0_physical_v3_334d,2025-05-11,6,12990.401832957716,0.2763974999979837,0,49,0,0,144,1,0,1200.0,
ALL_Kall_linear_bias0_physical_v3_334d,2025-05-11,12,15918.760658513953,0.1548791999957757,0,45,0,0,144,1,0,1200.0,
ALL_Kall_linear_bias0_physical_v3_334d,2025-05-11,18,21994.40447053281,0.2501003000070341,0,53,0,0,144,1,0,1200.0,
ALL_Kall_linear_bias0_physical_v3_334d,2025-05-12,0,38751.35844220142,0.6418586999934632,0,34,0,0,144,1,0,1200.0,
ALL_Kall_linear_bias0_physical_v3_334d,2025-05-12,6,15185.376207543348,0.1386316999996779,0,54,0,0,144,1,0,1200.0,
ALL_Kall_linear_bias0_physical_v3_334d,2025-05-12,12,13174.438066252982,0.1685992999991867,0,39,0,0,144,1,0,1200.0,
ALL_Kall_linear_bias0_physical_v3_334d,2025-05-12,18,25242.605557972696,0.1609801000013249,0,52,0,0,144,1,0,1200.0,
ALL_Kall_linear_bias0_physical_v3_334d,2025-05-13,0,44309.04892261383,0.5668183000088902,0,36,0,0,144,1,0,1200.0,
ALL_Kall_linear_bias0_physical_v3_334d,2025-05-13,6,9769.238356111642,0.6896466000034707,0,32,0,0,144,1,0,1200.0,
ALL_Kall_linear_bias0_physical_v3_334d,2025-05-13,12,22934.382547658588,0.1634118999936618,0,47,0,0,144,1,0,1200.0,
ALL_Kall_linear_bias0_physical_v3_334d,2025-05-13,18,21058.374278324063,0.1444560999952955,0,60,0,0,144,1,0,1200.0,
ALL_Kall_linear_bias0_physical_v3_334d,2025-05-14,0,43621.17174335504,0.7507951000006869,0,37,0,0,144,1,0,1200.0,
ALL_Kall_linear_bias0_physical_v3_334d,2025-05-14,6,10994.1151902633,0.1183377999986987,0,44,0,0,144,1,0,1200.0,
ALL_Kall_linear_bias0_physical_v3_334d,2025-05-14,12,12452.398688190264,0.1257780000014463,0,38,0,0,144,1,0,1200.0,
ALL_Kall_linear_bias0_physical_v3_334d,2025-05-14,18,20545.738357546143,0.2292872999969404,0,65,0,0,144,1,0,1200.0,
ALL_Kall_linear_bias0_physical_v3_334d,2025-05-15,0,42821.27539193956,0.1836681000131648,0,32,0,0,144,1,0,1200.0,0.0
ALL_Kall_linear_bias0_physical_v3_334d,2025-05-15,6,10380.284011828631,0.6581277000077534,0,58,0,0,144,1,0,1200.0,0.0
ALL_Kall_linear_bias0_physical_v3_334d,2025-05-15,12,7639.833997431479,1.4510644000110915,0,26,0,0,144,1,0,1200.000000000001,1.0
ALL_Kall_linear_bias0_physical_v3_334d,2025-05-15,18,8593.680376252982,0.2032138000067789,0,24,0,0,144,1,0,1200.0,0.0
ALL_Kall_linear_bias0_physical_v3_334d,2025-05-16,0,20193.98568049024,0.5383584999945015,0,2,0,0,144,1,0,1200.0,0.0
ALL_Kall_linear_bias0_physical_v3_334d,2025-05-16,6,7613.421332407796,1.389511899993522,0,11,0,0,144,1,0,1200.0,0.0
ALL_Kall_linear_bias0_physical_v3_334d,2025-05-16,12,8212.99595746863,0.2516048000106821,0,21,0,0,144,1,0,1200.0,0.0
ALL_Kall_linear_bias0_physical_v3_334d,2025-05-16,18,8463.544923804438,0.4485152999986894,0,21,0,0,144,1,0,1200.0,0.0
ALL_Kall_linear_bias0_physical_v3_334d,2025-05-17,0,19058.64713247072,0.0477704999939305,0,1,0,0,144,1,0,1200.0,0.0
ALL_Kall_linear_bias0_physical_v3_334d,2025-05-17,6,10012.056392496655,0.1363800999970408,0,21,0,0,144,1,0,1200.0,0.0
ALL_Kall_linear_bias0_physical_v3_334d,2025-05-17,12,15180.948905614983,0.1542885999951977,0,41,0,0,144,1,0,1200.0,0.0
ALL_Kall_linear_bias0_physical_v3_334d,2025-05-17,18,16880.775527797956,0.2013503999914974,0,57,0,0,144,1,0,1200.0,0.0
ALL_Kall_linear_bias0_physical_v3_334d,2025-05-18,0,41402.04135040099,0.4634978999965824,0,36,0,0,144,1,0,1200.0,0.0
ALL_Kall_linear_bias0_physical_v3_334d,2025-05-18,6,10571.27863076746,0.096445200004382,0,29,0,0,144,1,0,1200.0,0.0
ALL_Kall_linear_bias0_physical_v3_334d,2025-05-18,12,17539.112472438916,0.657514300008188,0,46,0,0,144,1,0,1200.0,0.0
ALL_Kall_linear_bias0_physical_v3_334d,2025-05-18,18,20653.59761295849,0.2566250000090804,0,60,0,0,144,1,0,1200.0,0.0
ALL_Kall_linear_bias0_physical_v3_334d,2025-05-19,0,39746.53639308972,0.178946400003042,0,35,0,0,144,1,0,1200.0,0.0
ALL_Kall_linear_bias0_physical_v3_334d,2025-05-19,6,9971.281139801024,1.1403504999907454,0,32,0,0,144,1,0,1200.0,0.0
ALL_Kall_linear_bias0_physical_v3_334d,2025-05-19,12,18513.181359122544,0.2715387000062037,0,51,0,0,144,1,0,1200.0,0.0
ALL_Kall_linear_bias0_physical_v3_334d,2025-05-19,18,20488.212256557646,0.2332610000012209,0,56,0,0,144,1,0,1200.0,0.0
ALL_Kall_linear_bias0_physical_v3_334d,2025-05-20,0,39547.403853743046,0.5194999000086682,0,34,0,0,144,1,0,1200.0,0.0
ALL_Kall_linear_bias0_physical_v3_334d,2025-05-20,6,12132.200616683082,0.1357085999916307,0,46,0,0,144,1,0,1200.0,0.0
ALL_Kall_linear_bias0_physical_v3_334d,2025-05-20,12,12838.439821102653,0.3646263999980874,0,44,0,0,144,1,0,1200.0,0.0
ALL_Kall_linear_bias0_physical_v3_334d,2025-05-20,18,24928.66269885799,0.1226501000055577,0,51,0,0,144,1,0,1200.0,0.0
ALL_Kall_linear_bias0_physical_v3_334d,2025-05-21,0,37237.14343760684,0.6404608000011649,0,31,0,0,144,1,0,1200.0,0.0
ALL_Kall_linear_bias0_physical_v3_334d,2025-05-21,6,13365.892616861827,0.9710463999945204,0,68,0,0,144,1,0,1200.0,0.0
ALL_Kall_linear_bias0_physical_v3_334d,2025-05-21,12,15062.37529049372,0.3646800999995321,0,51,0,0,144,1,0,1200.0,0.0
ALL_Kall_linear_bias0_physical_v3_334d,2025-05-21,18,21444.608444500154,0.1207689000002574,0,57,0,0,144,1,0,1200.0,0.0
ALL_Kall_linear_bias0_physical_v3_334d,2025-05-22,0,38395.5931902003,0.3653426000091713,0,33,0,0,144,1,0,1200.0,0.0
ALL_Kall_linear_bias0_physical_v3_334d,2025-05-22,6,7472.391146599442,0.472416599994176,0,28,0,0,144,1,0,1200.0,0.0
ALL_Kall_linear_bias0_physical_v3_334d,2025-05-22,12,8423.613952645115,0.0947707000013906,0,33,0,0,144,1,0,1200.0,0.0
ALL_Kall_linear_bias0_physical_v3_334d,2025-05-22,18,9141.728611284248,0.1994100999872898,0,26,0,0,144,1,0,1200.0,0.0
ALL_Kall_linear_bias0_physical_v3_334d,2025-05-23,0,18465.478517864794,0.5461679000000004,0,3,0,0,144,1,0,1200.0,0.0
ALL_Kall_linear_bias0_physical_v3_334d,2025-05-23,6,7592.663868530942,0.6188648000097601,0,10,0,0,144,1,0,1200.0,0.0
ALL_Kall_linear_bias0_physical_v3_334d,2025-05-23,12,10166.199631073065,0.1071209000074304,0,21,0,0,144,1,0,1200.0,0.0
ALL_Kall_linear_bias0_physical_v3_334d,2025-05-23,18,8301.653816400574,0.1005020000011427,0,21,0,0,144,1,0,1200.0,0.0
ALL_Kall_linear_bias0_physical_v3_334d,2025-05-24,0,19121.179637581583,0.0436360000021522,0,1,0,0,144,1,0,1200.0,0.0
ALL_Kall_linear_bias0_physical_v3_334d,2025-05-24,6,10211.691349001394,0.0701236000022618,0,21,0,0,144,1,0,1200.0,0.0
ALL_Kall_linear_bias0_physical_v3_334d,2025-05-24,12,15039.790424613117,0.5172058000025572,0,41,0,0,144,1,0,1200.0,0.0
ALL_Kall_linear_bias0_physical_v3_334d,2025-05-24,18,18408.587994874644,0.2106918999925255,0,56,0,0,144,1,0,1200.0,0.0
ALL_Kall_linear_bias0_physical_v3_334d,2025-05-25,0,36864.41755295127,0.0922509999945759,0,32,0,0,144,1,0,1200.0,0.0
ALL_Kall_linear_bias0_physical_v3_334d,2025-05-25,6,11370.341853052072,0.2344627000129548,0,42,0,0,144,1,0,1200.0,0.0
ALL_Kall_linear_bias0_physical_v3_334d,2025-05-25,12,26335.33269470689,0.1475745999923674,0,47,0,0,144,1,0,1200.0,0.0
ALL_Kall_linear_bias0_physical_v3_334d,2025-05-25,18,28126.98311716049,0.2598575000010896,0,54,0,0,144,1,0,1200.0,0.0
ALL_Kall_linear_bias0_physical_v3_334d,2025-05-26,0,38431.356913026175,0.3741840000002412,0,34,0,0,144,1,0,1200.0,0.0
ALL_Kall_linear_bias0_physical_v3_334d,2025-05-26,6,10673.18988327181,0.0955849000019952,0,54,0,0,144,1,0,1200.0,0.0
ALL_Kall_linear_bias0_physical_v3_334d,2025-05-26,12,14214.831160372769,1.3336590999970213,0,76,0,0,144,1,0,1200.0,0.0
ALL_Kall_linear_bias0_physical_v3_334d,2025-05-26,18,21818.434264579337,0.1779022999980952,0,58,0,0,144,1,0,1200.0,0.0
ALL_Kall_linear_bias0_physical_v3_334d,2025-05-27,0,36455.03269518211,0.4236334000015631,0,34,0,0,144,1,0,1200.0,0.0
ALL_Kall_linear_bias0_physical_v3_334d,2025-05-27,6,13169.878118153383,1.3146938999998383,0,64,0,0,144,1,0,1200.0,0.0
ALL_Kall_linear_bias0_physical_v3_334d,2025-05-27,12,15911.161901139969,0.150746600003913,0,45,0,0,144,1,0,1200.0,0.0
ALL_Kall_linear_bias0_physical_v3_334d,2025-05-27,18,18097.1517866171,0.1071217999997315,0,59,0,0,144,1,0,1200.0,0.0
ALL_Kall_linear_bias0_physical_v3_334d,2025-05-28,0,40665.05642115688,0.5577718999993522,0,36,0,0,144,1,0,1200.0,0.0
ALL_Kall_linear_bias0_physical_v3_334d,2025-05-28,6,9381.259437792984,0.1238379999995231,0,28,0,0,144,1,0,1200.0,0.0
ALL_Kall_linear_bias0_physical_v3_334d,2025-05-28,12,20507.986105680877,0.165786500001559,0,41,0,0,144,1,0,1200.0,0.0
ALL_Kall_linear_bias0_physical_v3_334d,2025-05-28,18,17558.99906092954,0.1428700999967986,0,58,0,0,144,1,0,1200.0,0.0
ALL_Kall_linear_bias0_physical_v3_334d,2025-05-29,0,40255.05451460884,0.4047448000055738,0,35,0,0,144,1,0,1200.0,0.0
ALL_Kall_linear_bias0_physical_v3_334d,2025-05-29,6,9077.895861257688,0.3337404999911086,0,38,0,0,144,1,0,1200.0,0.0
ALL_Kall_linear_bias0_physical_v3_334d,2025-05-29,12,8407.587741676522,0.219366599994828,0,30,0,0,144,1,0,1200.0,0.0
ALL_Kall_linear_bias0_physical_v3_334d,2025-05-29,18,9405.24909726227,0.1284228000004077,0,31,0,0,144,1,0,1200.0,0.0
ALL_Kall_linear_bias0_physical_v3_334d,2025-05-30,0,19683.26483438942,0.1005348000035155,0,3,0,0,144,1,0,1200.0,0.0
ALL_Kall_linear_bias0_physical_v3_334d,2025-05-30,6,7928.117016767076,0.0524602999939816,0,8,0,0,144,1,0,1200.0,0.0
ALL_Kall_linear_bias0_physical_v3_334d,2025-05-30,12,8689.990235412619,0.3280702999909408,0,27,0,0,144,1,0,1200.0,0.0
ALL_Kall_linear_bias0_physical_v3_334d,2025-05-30,18,9443.988664217217,0.1588109000003896,0,28,0,0,144,1,0,1200.0,0.0
ALL_Kall_linear_bias0_physical_v3_334d,2025-05-31,0,20760.383724544918,0.0781216000032145,0,2,0,0,144,1,0,1200.0,0.0
ALL_Kall_linear_bias0_physical_v3_334d,2025-05-31,6,9299.344676315375,0.1452877999981865,0,20,0,0,144,1,0,1200.0,0.0
ALL_Kall_linear_bias0_physical_v3_334d,2025-05-31,12,16385.050837668183,0.2234727000031853,0,43,0,0,144,1,0,1200.0,0.0
ALL_Kall_linear_bias0_physical_v3_334d,2025-05-31,18,25200.323439483906,0.1602237000042805,0,59,0,0,144,1,0,1200.0,0.0
ALL_Kall_linear_bias0_physical_v3_334d,2025-06-01,0,46808.87652468442,0.1328871000005165,0,25,0,0,144,1,0,1200.0,0.0
ALL_Kall_linear_bias0_physical_v3_334d,2025-06-01,6,12011.226759607607,0.4182409999921219,0,40,0,0,144,1,0,1200.0,0.0
ALL_Kall_linear_bias0_physical_v3_334d,2025-06-01,12,15985.90216267327,0.5145394999999553,0,43,0,0,144,1,0,1200.0,0.0
ALL_Kall_linear_bias0_physical_v3_334d,2025-06-01,18,30707.971846984237,0.520941100010532,0,67,0,0,144,1,0,1200.0,0.0
ALL_Kall_linear_bias0_physical_v3_334d,2025-06-02,0,54229.69458630573,0.1802260000113165,0,31,0,0,144,1,0,1200.0,0.0
ALL_Kall_linear_bias0_physical_v3_334d,2025-06-02,6,5721.951715459495,0.1941796999890357,0,29,0,0,144,1,0,1200.0,0.0
ALL_Kall_linear_bias0_physical_v3_334d,2025-06-02,12,14588.5521533995,1.0836857999966014,0,40,0,0,144,1,0,1200.0,0.0
ALL_Kall_linear_bias0_physical_v3_334d,2025-06-02,18,21070.735657887613,0.970167899999069,0,64,0,0,144,1,0,1200.0,0.0
ALL_Kall_linear_bias0_physical_v3_334d,2025-06-03,0,51480.50846502176,0.4152849999954924,0,30,0,0,144,1,0,1200.0,0.0
ALL_Kall_linear_bias0_physical_v3_334d,2025-06-03,6,12196.778799016702,0.4100993999891216,0,34,0,0,144,1,0,1200.0,0.0
ALL_Kall_linear_bias0_physical_v3_334d,2025-06-03,12,17335.105562307992,0.2327156999963335,0,38,0,0,144,1,0,1200.0,0.0
ALL_Kall_linear_bias0_physical_v3_334d,2025-06-03,18,19570.187154675557,0.5146816999913426,0,60,0,0,144,1,0,1200.0,0.0
ALL_Kall_linear_bias0_physical_v3_334d,2025-06-04,0,59239.70834965853,0.5675805999926524,0,31,0,0,144,1,0,1200.0,0.0
ALL_Kall_linear_bias0_physical_v3_334d,2025-06-04,6,4559.451063185469,0.0841564000002108,0,28,0,0,144,1,0,1200.0,0.0
ALL_Kall_linear_bias0_physical_v3_334d,2025-06-04,12,20299.07032801327,1.0153381999989506,0,45,0,0,144,1,0,1200.0,0.0
ALL_Kall_linear_bias0_physical_v3_334d,2025-06-04,18,30372.71627195313,1.1086036000051536,0,52,0,0,144,1,0,1200.0,0.0
ALL_Kall_linear_bias0_physical_v3_334d,2025-06-05,0,51285.99957446092,0.1581901999888941,0,31,0,0,144,1,0,1200.0,0.0
ALL_Kall_linear_bias0_physical_v3_334d,2025-06-05,6,10655.55954731894,0.2349508999905083,0,20,0,0,144,1,0,1200.0,0.0
ALL_Kall_linear_bias0_physical_v3_334d,2025-06-05,12,11646.960222238013,0.2374489000067114,0,34,0,0,144,1,0,1200.0,0.0
ALL_Kall_linear_bias0_physical_v3_334d,2025-06-05,18,14638.117420490424,0.1901539999962551,0,49,0,0,144,1,0,1200.0,0.0
ALL_Kall_linear_bias0_physical_v3_334d,2025-06-06,0,30672.71239791039,0.1700838000106159,0,32,0,0,144,1,0,1200.0,0.0
ALL_Kall_linear_bias0_physical_v3_334d,2025-06-06,6,8056.641437056391,0.0679532999929506,0,8,0,0,144,1,0,1200.0,0.0
ALL_Kall_linear_bias0_physical_v3_334d,2025-06-06,12,9261.95059335095,0.5271910000010394,0,22,0,0,144,1,0,1200.0,0.0
ALL_Kall_linear_bias0_physical_v3_334d,2025-06-06,18,14605.055787017433,0.1330079000035766,0,54,0,0,144,1,0,1200.0,0.0
ALL_Kall_linear_bias0_physical_v3_334d,2025-06-07,0,29357.73008463676,0.6676567000104114,0,33,0,0,144,1,0,1200.0,0.0
ALL_Kall_linear_bias0_physical_v3_334d,2025-06-07,6,10834.37734612005,0.0736166999995475,0,22,0,0,144,1,0,1200.0,0.0
ALL_Kall_linear_bias0_physical_v3_334d,2025-06-07,12,17457.800867968483,0.127622700005304,0,38,0,0,144,1,0,1200.0,0.0
ALL_Kall_linear_bias0_physical_v3_334d,2025-06-07,18,23472.53173281113,0.1525306999974418,0,55,0,0,144,1,0,1200.0,0.0
ALL_Kall_linear_bias0_physical_v3_334d,2025-06-08,0,48441.06312553046,0.3440381999971578,0,36,0,0,144,1,0,1200.0,0.0
ALL_Kall_linear_bias0_physical_v3_334d,2025-06-08,6,14569.921441575274,0.2639641999994637,0,49,0,0,144,1,0,1200.0,0.0
ALL_Kall_linear_bias0_physical_v3_334d,2025-06-08,12,18393.43088666163,0.9447285999922316,0,60,0,0,144,1,0,1200.0,0.0
ALL_Kall_linear_bias0_physical_v3_334d,2025-06-08,18,32917.31904434303,0.2329540999926393,0,53,0,0,144,1,0,1200.0,0.0
ALL_Kall_linear_bias0_physical_v3_334d,2025-06-09,0,60248.828692937605,1.285949699988123,0,29,0,0,144,1,0,1200.0,0.0
ALL_Kall_linear_bias0_physical_v3_334d,2025-06-09,6,9638.839035998808,0.1685864999890327,0,38,0,0,144,1,0,1200.0,0.0
ALL_Kall_linear_bias0_physical_v3_334d,2025-06-09,12,24467.04785230229,0.1067590000020572,0,42,0,0,144,1,0,1200.0,0.0
ALL_Kall_linear_bias0_physical_v3_334d,2025-06-09,18,31609.325992723203,0.1194091999932425,0,59,0,0,144,1,0,1200.0,0.0
ALL_Kall_linear_bias0_physical_v3_334d,2025-06-10,0,54237.562961012736,0.2124534000031417,0,36,0,0,144,1,0,1200.0,0.0
ALL_Kall_linear_bias0_physical_v3_334d,2025-06-10,6,13032.018763226548,0.7908457000012277,0,47,0,0,144,1,0,1200.0,0.0
ALL_Kall_linear_bias0_physical_v3_334d,2025-06-10,12,28343.34834170883,0.135697199992137,0,67,0,0,144,1,0,1200.0,0.0
ALL_Kall_linear_bias0_physical_v3_334d,2025-06-10,18,40706.27440984916,0.2170842999912565,0,55,0,0,144,1,0,1200.0,0.0
ALL_Kall_linear_bias0_physical_v3_334d,2025-06-11,0,57486.5354077442,0.9517876000027172,0,33,0,0,144,1,0,1200.0,0.0
ALL_Kall_linear_bias0_physical_v3_334d,2025-06-11,6,14904.301687897254,0.1093562000023666,0,58,0,0,144,1,0,1200.0,0.0
ALL_Kall_linear_bias0_physical_v3_334d,2025-06-11,12,20099.701308044136,0.3134609999979147,0,55,0,0,144,1,0,1200.0,0.0
ALL_Kall_linear_bias0_physical_v3_334d,2025-06-11,18,37726.08223257536,0.3481984999962151,0,54,0,0,144,1,0,1200.0,0.0
ALL_Kall_linear_bias0_physical_v3_334d,2025-06-12,0,56871.22135553703,0.7145693000056781,0,30,0,0,144,1,0,1200.0,0.0
ALL_Kall_linear_bias0_physical_v3_334d,2025-06-12,6,11252.609380975566,0.4053168000100413,0,61,0,0,144,1,0,1200.0,0.0
ALL_Kall_linear_bias0_physical_v3_334d,2025-06-12,12,14772.153258309498,0.1133431999915046,0,46,0,0,144,1,0,1200.0,0.0
ALL_Kall_linear_bias0_physical_v3_334d,2025-06-12,18,17649.153315341264,0.4597848000121303,0,53,0,0,144,1,0,1200.0,0.0
ALL_Kall_linear_bias0_physical_v3_334d,2025-06-13,0,32920.36665831914,0.1593130999972345,0,24,0,0,144,1,0,1200.0,0.0
ALL_Kall_linear_bias0_physical_v3_334d,2025-06-13,6,9394.91608533998,0.5886603999970248,0,43,0,0,144,1,0,1200.0,0.0
ALL_Kall_linear_bias0_physical_v3_334d,2025-06-13,12,10120.118306280146,0.3832510999927763,0,25,0,0,144,1,0,1200.0,0.0
ALL_Kall_linear_bias0_physical_v3_334d,2025-06-13,18,16139.391020706043,0.2327156999963335,0,49,0,0,144,1,0,1200.0,0.0
ALL_Kall_linear_bias0_physical_v3_334d,2025-06-14,0,29699.14509193213,1.1302715000056196,0,24,0,0,144,1,0,1200.0,0.0
ALL_Kall_linear_bias0_physical_v3_334d,2025-06-14,6,11547.91001538756,0.1748173999949358,0,22,0,0,144,1,0,1200.0,0.0
ALL_Kall_linear_bias0_physical_v3_334d,2025-06-14,12,15910.248594507011,0.4532638000091538,0,37,0,0,144,1,0,1200.0,0.0
ALL_Kall_linear_bias0_physical_v3_334d,2025-06-14,18,32394.335607987625,0.4837440999981481,0,52,0,0,144,1,0,1200.0,0.0
ALL_Kall_linear_bias0_physical_v3_334d,2025-06-15,0,49085.63666202254,0.14551489999576,0,37,0,0,144,1,0,1200.0,0.0
ALL_Kall_linear_bias0_physical_v3_334d,2025-06-15,6,15695.426860791087,0.1039844000042649,0,73,0,0,144,1,0,1200.0,0.0
ALL_Kall_linear_bias0_physical_v3_334d,2025-06-15,12,25775.69239934817,0.2970937000063713,0,72,0,0,144,1,0,1200.0,0.0
ALL_Kall_linear_bias0_physical_v3_334d,2025-06-15,18,40732.36200916367,0.1961991999996826,0,54,0,0,144,1,0,1200.0,0.0
ALL_Kall_linear_bias0_physical_v3_334d,2025-06-16,0,54732.89450468779,0.5839259999920614,0,34,0,0,144,1,0,1200.0,0.0
ALL_Kall_linear_bias0_physical_v3_334d,2025-06-16,6,14759.920900228664,1.1026149000099394,0,71,0,0,144,1,0,1200.0,0.0
ALL_Kall_linear_bias0_physical_v3_334d,2025-06-16,12,20117.47725730225,0.1260106999980053,0,48,0,0,144,1,0,1200.0,0.0
ALL_Kall_linear_bias0_physical_v3_334d,2025-06-16,18,40882.458556156766,0.1985640999919269,0,55,0,0,144,1,0,1200.0,0.0
ALL_Kall_linear_bias0_physical_v3_334d,2025-06-17,0,55353.36691045611,0.6254479000053834,0,31,0,0,144,1,0,1200.0,0.0
ALL_Kall_linear_bias0_physical_v3_334d,2025-06-17,6,15862.179169356612,0.2138152999978047,0,57,0,0,144,1,0,1200.0,0.0
ALL_Kall_linear_bias0_physical_v3_334d,2025-06-17,12,19181.745366375,0.4440374999976484,0,44,0,0,144,1,0,1200.0,0.0
ALL_Kall_linear_bias0_physical_v3_334d,2025-06-17,18,37193.42797188806,0.2713005999976303,0,54,0,0,144,1,0,1200.0,0.0
ALL_Kall_linear_bias0_physical_v3_334d,2025-06-18,0,55394.9901571358,0.139705599998706,0,29,0,0,144,1,0,1200.0,0.0
ALL_Kall_linear_bias0_physical_v3_334d,2025-06-18,6,15987.20103776542,0.2847793999972055,0,59,0,0,144,1,0,1200.0,0.0
ALL_Kall_linear_bias0_physical_v3_334d,2025-06-18,12,20208.24271925285,0.2571062999923015,0,50,0,0,144,1,0,1200.0,0.0
ALL_Kall_linear_bias0_physical_v3_334d,2025-06-18,18,33908.36315538832,0.1413835999992443,0,55,0,0,144,1,0,1200.0,0.0
ALL_Kall_linear_bias0_physical_v3_334d,2025-06-19,0,51542.75073102884,0.3171039000008022,0,33,0,0,144,1,0,1200.0,0.0
ALL_Kall_linear_bias0_physical_v3_334d,2025-06-19,6,9506.930844998888,1.0075254000112182,0,36,0,0,144,1,0,1200.0,0.0
ALL_Kall_linear_bias0_physical_v3_334d,2025-06-19,12,12587.305119390276,0.605957199994009,0,40,0,0,144,1,0,1200.0,0.0
ALL_Kall_linear_bias0_physical_v3_334d,2025-06-19,18,9613.202863560346,0.2152350999967893,0,22,0,0,144,1,0,1200.0,0.0
ALL_Kall_linear_bias0_physical_v3_334d,2025-06-20,0,28547.61444218709,0.9473814000084532,0,26,0,0,144,1,0,1200.0,0.0
ALL_Kall_linear_bias0_physical_v3_334d,2025-06-20,6,8398.578314427468,0.5190346000017598,0,15,0,0,144,1,0,1200.0,0.0
ALL_Kall_linear_bias0_physical_v3_334d,2025-06-20,12,11659.194092376338,0.2718049000104656,0,33,0,0,144,1,0,1200.0,0.0
ALL_Kall_linear_bias0_physical_v3_334d,2025-06-20,18,8925.047042575245,0.1775970000016968,0,22,0,0,144,1,0,1200.0,0.0
ALL_Kall_linear_bias0_physical_v3_334d,2025-06-21,0,26435.77673330145,0.7365370999905281,0,8,0,0,144,1,0,1200.0,0.0
ALL_Kall_linear_bias0_physical_v3_334d,2025-06-21,6,11515.816386723418,0.0905946999992011,0,22,0,0,144,1,0,1200.0,0.0
ALL_Kall_linear_bias0_physical_v3_334d,2025-06-21,12,17030.094383694544,0.2933634999935748,0,46,0,0,144,1,0,1200.0,0.0
ALL_Kall_linear_bias0_physical_v3_334d,2025-06-21,18,27705.478578282396,0.2380605999933323,0,52,0,0,144,1,0,1200.0,0.0
ALL_Kall_linear_bias0_physical_v3_334d,2025-06-22,0,48397.0598056308,1.075460199994268,0,27,0,0,144,1,0,1200.0,0.0
ALL_Kall_linear_bias0_physical_v3_334d,2025-06-22,6,14835.595441111314,0.7355703999928664,0,36,0,0,144,1,0,1200.0,0.0
ALL_Kall_linear_bias0_physical_v3_334d,2025-06-22,12,21240.99701451741,0.2074627999973017,0,55,0,0,144,1,0,1200.0,0.0
ALL_Kall_linear_bias0_physical_v3_334d,2025-06-22,18,36026.42401889977,0.1800891000020783,0,53,0,0,144,1,0,1200.0,0.0
ALL_Kall_linear_bias0_physical_v3_334d,2025-06-23,0,50168.97183433322,0.2087895000004209,0,32,0,0,144,1,0,1200.0,0.0
ALL_Kall_linear_bias0_physical_v3_334d,2025-06-23,6,11913.415012392765,0.1782557999977143,0,48,0,0,144,1,0,1200.0,0.0
ALL_Kall_linear_bias0_physical_v3_334d,2025-06-23,12,13939.490052947089,0.8491036999912467,0,45,0,0,144,1,0,1200.0,0.0
ALL_Kall_linear_bias0_physical_v3_334d,2025-06-23,18,29290.08248945485,0.2357155999925453,0,55,0,0,144,1,0,1200.0,0.0
ALL_Kall_linear_bias0_physical_v3_334d,2025-06-24,0,58163.51618700814,0.7495457000040915,0,30,0,0,144,1,0,1200.0,0.0
ALL_Kall_linear_bias0_physical_v3_334d,2025-06-24,6,9518.32881247974,0.6024421999900369,0,37,0,0,144,1,0,1200.0,0.0
ALL_Kall_linear_bias0_physical_v3_334d,2025-06-24,12,15418.4289362933,0.6673070000106236,0,50,0,0,144,1,0,1200.0,0.0
ALL_Kall_linear_bias0_physical_v3_334d,2025-06-24,18,32385.66076306056,0.4318394000001717,0,54,0,0,144,1,0,1200.0,0.0
ALL_Kall_linear_bias0_physical_v3_334d,2025-06-25,0,50823.97129050146,0.6976216999901226,0,34,0,0,144,1,0,1200.0,0.0
ALL_Kall_linear_bias0_physical_v3_334d,2025-06-25,6,12926.501731064856,0.1987004000111483,0,33,0,0,144,1,0,1200.0,0.0
ALL_Kall_linear_bias0_physical_v3_334d,2025-06-25,12,22641.7573303144,0.2100737000000663,0,44,0,0,144,1,0,1200.0,0.0
ALL_Kall_linear_bias0_physical_v3_334d,2025-06-25,18,23885.579975497207,0.3301857999904314,0,60,0,0,144,1,0,1200.0,0.0
ALL_Kall_linear_bias0_physical_v3_334d,2025-06-26,0,50036.34317044494,1.2644476999994367,0,35,0,0,144,1,0,1200.0,0.0
ALL_Kall_linear_bias0_physical_v3_334d,2025-06-26,6,9225.500401645268,0.9334528999897884,0,39,0,0,144,1,0,1200.0,0.0
ALL_Kall_linear_bias0_physical_v3_334d,2025-06-26,12,11312.895077889692,0.5277903999958653,0,57,0,0,144,1,0,1200.0,0.0
ALL_Kall_linear_bias0_physical_v3_334d,2025-06-26,18,10051.81596926489,1.0415613999939524,0,37,0,0,144,1,0,1200.0,0.0
ALL_Kall_linear_bias0_physical_v3_334d,2025-06-27,0,28212.26246394542,0.2158976000064285,0,23,0,0,144,1,0,1200.0,0.0
ALL_Kall_linear_bias0_physical_v3_334d,2025-06-27,6,7463.033701908623,0.8824881000036839,0,6,0,0,144,1,0,1200.0,0.0
ALL_Kall_linear_bias0_physical_v3_334d,2025-06-27,12,11569.741244544606,0.5727751999947941,0,33,0,0,144,1,0,1200.0,0.0
ALL_Kall_linear_bias0_physical_v3_334d,2025-06-27,18,9913.472194887598,0.170485099995858,0,24,0,0,144,1,0,1200.0,0.0
ALL_Kall_linear_bias0_physical_v3_334d,2025-06-28,0,27500.7618030876,0.5230813000089256,0,17,0,0,144,1,0,1200.0,0.0
ALL_Kall_linear_bias0_physical_v3_334d,2025-06-28,6,11598.329306348283,0.069876599998679,0,31,0,0,144,1,0,1200.0,0.0
ALL_Kall_linear_bias0_physical_v3_334d,2025-06-28,12,18390.614976347595,0.2493088000046555,0,44,0,0,144,1,0,1200.0,0.0
ALL_Kall_linear_bias0_physical_v3_334d,2025-06-28,18,29591.141019657483,0.3220559999899706,0,57,0,0,144,1,0,1200.0,0.0
ALL_Kall_linear_bias0_physical_v3_334d,2025-06-29,0,47833.03770074039,0.3069864999997662,0,38,0,0,144,1,0,1200.0,0.0
ALL_Kall_linear_bias0_physical_v3_334d,2025-06-29,6,14189.551061193246,0.1478026999975554,0,35,0,0,144,1,0,1200.0,0.0
ALL_Kall_linear_bias0_physical_v3_334d,2025-06-29,12,20658.48073494525,0.1749009000050136,0,78,0,0,144,1,0,1200.0,0.0
ALL_Kall_linear_bias0_physical_v3_334d,2025-06-29,18,34849.33460896612,0.1311869000055594,0,52,0,0,144,1,0,1200.0,0.0
ALL_Kall_linear_bias0_physical_v3_334d,2025-06-30,0,53053.61164314787,0.4246022999868728,0,31,0,0,144,1,0,1200.0,0.0
ALL_Kall_linear_bias0_physical_v3_334d,2025-06-30,6,10380.72398130955,1.476883600000292,0,32,0,0,144,1,0,1200.0,0.0
ALL_Kall_linear_bias0_physical_v3_334d,2025-06-30,12,15347.481388433169,0.0880329999927198,0,54,0,0,144,1,0,1200.0,0.0
ALL_Kall_linear_bias0_physical_v3_334d,2025-06-30,18,18235.765521690224,0.6004323000088334,0,59,0,0,144,1,0,1200.0,0.0
ALL_Kall_linear_bias0_physical_v3_334d,2025-07-01,0,46062.41572157825,0.2353643999958876,0,32,0,0,144,1,0,1200.0,0.0
ALL_Kall_linear_bias0_physical_v3_334d,2025-07-01,6,12960.151218678388,0.5916385000018636,0,49,0,0,144,1,0,1200.0,0.0
ALL_Kall_linear_bias0_physical_v3_334d,2025-07-01,12,17179.270615747344,1.1296842000010656,0,66,0,0,144,1,0,1200.0,0.0
ALL_Kall_linear_bias0_physical_v3_334d,2025-07-01,18,21663.481811885707,1.165859399989131,0,63,0,0,144,1,0,1200.0,0.0
ALL_Kall_linear_bias0_physical_v3_334d,2025-07-02,0,51442.86841091044,0.1705170999921392,0,42,0,0,144,1,0,1200.0,0.0
ALL_Kall_linear_bias0_physical_v3_334d,2025-07-02,6,13135.435595890782,0.2716874000034295,0,32,0,0,144,1,0,1200.0,0.0
ALL_Kall_linear_bias0_physical_v3_334d,2025-07-02,12,18541.317173677773,0.2065864999894984,0,40,0,0,144,1,0,1200.0,0.0
ALL_Kall_linear_bias0_physical_v3_334d,2025-07-02,18,33460.30321687472,0.6465662000118755,0,58,0,0,144,1,0,1200.0,0.0
ALL_Kall_linear_bias0_physical_v3_334d,2025-07-03,0,59158.5611175573,0.177823799996986,0,34,0,0,144,1,0,1200.0,0.0
ALL_Kall_linear_bias0_physical_v3_334d,2025-07-03,6,12693.705632091964,0.6406338999950094,0,52,0,0,144,1,0,1200.0,0.0
ALL_Kall_linear_bias0_physical_v3_334d,2025-07-03,12,11931.131804950268,0.4456494000041857,0,36,0,0,144,1,0,1200.0,0.0
ALL_Kall_linear_bias0_physical_v3_334d,2025-07-03,18,14874.131504019271,0.3718139999982668,0,49,0,0,144,1,0,1200.0,0.0
ALL_Kall_linear_bias0_physical_v3_334d,2025-07-04,0,30138.82007046098,0.1406821999989915,0,4,0,0,144,1,0,1200.0,0.0
ALL_Kall_linear_bias0_physical_v3_334d,2025-07-04,6,13500.05952190603,0.3049862999905599,0,51,0,0,144,1,0,1200.0,0.0
ALL_Kall_linear_bias0_physical_v3_334d,2025-07-04,12,13918.576905384049,0.5793747000134317,0,43,0,0,144,1,0,1200.0,0.0
ALL_Kall_linear_bias0_physical_v3_334d,2025-07-04,18,11682.760625368606,0.5428478999965591,0,29,0,0,144,1,0,1200.0,0.0
ALL_Kall_linear_bias0_physical_v3_334d,2025-07-05,0,28445.2193912476,0.8564340000011725,0,4,0,0,144,1,0,1200.0,0.0
ALL_Kall_linear_bias0_physical_v3_334d,2025-07-05,6,12461.993319646315,0.2381598999927519,0,27,0,0,144,1,0,1200.0,0.0
ALL_Kall_linear_bias0_physical_v3_334d,2025-07-05,12,24135.65142504759,0.4176376999967033,0,44,0,0,144,1,0,1200.0,0.0
ALL_Kall_linear_bias0_physical_v3_334d,2025-07-05,18,29880.239419231548,0.1491512000065995,0,57,0,0,144,1,0,1200.0,0.0
ALL_Kall_linear_bias0_physical_v3_334d,2025-07-06,0,52491.13617600745,0.8368540000083158,0,32,0,0,144,1,0,1200.0,0.0
ALL_Kall_linear_bias0_physical_v3_334d,2025-07-06,6,16684.809802426014,0.1560713999933796,0,65,0,0,144,1,0,1200.0,0.0
ALL_Kall_linear_bias0_physical_v3_334d,2025-07-06,12,19358.60616978317,0.1055705000035232,0,52,0,0,144,1,0,1200.0,0.0
ALL_Kall_linear_bias0_physical_v3_334d,2025-07-06,18,22277.661486174977,0.2828168999985792,0,58,0,0,144,1,0,1200.0,0.0
ALL_Kall_linear_bias0_physical_v3_334d,2025-07-07,0,57492.19937116581,0.259551700000884,0,36,0,0,144,1,0,1200.0,0.0
ALL_Kall_linear_bias0_physical_v3_334d,2025-07-07,6,12824.50911602824,0.9166012999921804,0,24,0,0,144,1,0,1200.0,0.0
ALL_Kall_linear_bias0_physical_v3_334d,2025-07-07,12,26523.22669393442,0.8194783999933861,0,44,0,0,144,1,0,1200.0,0.0
ALL_Kall_linear_bias0_physical_v3_334d,2025-07-07,18,32017.944672413163,1.079772500001127,0,60,0,0,144,1,0,1200.0,0.0
ALL_Kall_linear_bias0_physical_v3_334d,2025-07-08,0,65820.70911301965,1.374280499992892,0,31,0,0,144,1,0,1200.0,0.0
ALL_Kall_linear_bias0_physical_v3_334d,2025-07-08,6,13664.956271403067,0.3776826999965124,0,36,0,0,144,1,0,1200.0,0.0
ALL_Kall_linear_bias0_physical_v3_334d,2025-07-08,12,27975.49096863214,1.2345586000010371,0,48,0,0,144,1,0,1200.0,0.0
ALL_Kall_linear_bias0_physical_v3_334d,2025-07-08,18,35124.32229133231,0.8614623000030406,0,56,0,0,144,1,0,1200.0,0.0
ALL_Kall_linear_bias0_physical_v3_334d,2025-07-09,0,64544.70342018698,0.8282659999968018,0,31,0,0,144,1,0,1200.0,0.0
ALL_Kall_linear_bias0_physical_v3_334d,2025-07-09,6,14055.860504644112,0.7655005999986315,0,40,0,0,144,1,0,1200.0,0.0
ALL_Kall_linear_bias0_physical_v3_334d,2025-07-09,12,28955.9907536664,0.8369884999992792,0,45,0,0,144,1,0,1200.0,0.0
ALL_Kall_linear_bias0_physical_v3_334d,2025-07-09,18,36275.89786525833,1.0025465000071565,0,51,0,0,144,1,0,1200.0,0.0
ALL_Kall_linear_bias0_physical_v3_334d,2025-07-10,0,59665.95605300912,0.7086853999935556,0,39,0,0,144,1,0,1200.0,0.0
ALL_Kall_linear_bias0_physical_v3_334d,2025-07-10,6,15413.648967070403,0.3309959000034723,0,33,0,0,144,1,0,1200.0,0.0
ALL_Kall_linear_bias0_physical_v3_334d,2025-07-10,12,18479.18581736287,0.7004736000089906,0,44,0,0,144,1,0,1200.0,0.0
ALL_Kall_linear_bias0_physical_v3_334d,2025-07-10,18,23091.024248218877,1.364964799999143,0,57,0,0,144,1,0,1200.0,0.0
ALL_Kall_linear_bias0_physical_v3_334d,2025-07-11,0,42697.73950016586,0.5764423999935389,0,31,0,0,144,1,0,1200.0,0.0
ALL_Kall_linear_bias0_physical_v3_334d,2025-07-11,6,12302.03700827109,0.5074619999941206,0,29,0,0,144,1,0,1200.0,0.0
ALL_Kall_linear_bias0_physical_v3_334d,2025-07-11,12,17872.64666043508,0.4696946999902138,0,39,0,0,144,1,0,1200.0,0.0
ALL_Kall_linear_bias0_physical_v3_334d,2025-07-11,18,21334.872973462698,1.24216220001108,0,54,0,0,144,1,0,1200.0,0.0
ALL_Kall_linear_bias0_physical_v3_334d,2025-07-12,0,32883.279703720844,0.2007882000034442,0,3,0,0,144,1,0,1200.0,0.0
ALL_Kall_linear_bias0_physical_v3_334d,2025-07-12,6,14621.20952578484,0.5779068999981973,0,55,0,0,144,1,0,1200.0,0.0
ALL_Kall_linear_bias0_physical_v3_334d,2025-07-12,12,22460.26467575734,0.2808365000091726,0,56,0,0,144,1,0,1200.0,0.0
ALL_Kall_linear_bias0_physical_v3_334d,2025-07-12,18,28005.0858603724,0.23805660000653,0,63,0,0,144,1,0,1200.0,0.0
ALL_Kall_linear_bias0_physical_v3_334d,2025-07-13,0,60680.74255302696,0.1808149999997113,0,32,0,0,144,1,0,1200.0,0.0
ALL_Kall_linear_bias0_physical_v3_334d,2025-07-13,6,9969.410993126705,0.6099855000065872,0,25,0,0,144,1,0,1200.0,0.0
ALL_Kall_linear_bias0_physical_v3_334d,2025-07-13,12,24374.933650731167,0.293626899991068,0,39,0,0,144,1,0,1200.0,0.0
ALL_Kall_linear_bias0_physical_v3_334d,2025-07-13,18,36823.67065210263,0.1969604999903822,0,54,0,0,144,1,0,1200.0,0.0
ALL_Kall_linear_bias0_physical_v3_334d,2025-07-14,0,59892.597184095,1.183370399987325,0,28,0,0,144,1,0,1200.0,0.0
ALL_Kall_linear_bias0_physical_v3_334d,2025-07-14,6,15129.563830622565,1.5691072000045097,0,35,0,0,144,1,0,1200.0,0.0
ALL_Kall_linear_bias0_physical_v3_334d,2025-07-14,12,20680.96994833782,1.544981899991399,0,45,0,0,144,1,0,1200.0,0.0
ALL_Kall_linear_bias0_physical_v3_334d,2025-07-14,18,36815.182996577525,1.775699000005261,0,52,0,0,144,1,0,1200.0,0.0
ALL_Kall_linear_bias0_physical_v3_334d,2025-07-15,0,62108.093889065625,1.9417956999968735,0,34,0,0,144,1,0,1200.0,0.0
ALL_Kall_linear_bias0_physical_v3_334d,2025-07-15,6,12963.539854554952,0.2429718000057619,0,33,0,0,144,1,0,1200.0,0.0
ALL_Kall_linear_bias0_physical_v3_334d,2025-07-15,12,19574.999936767454,0.3323729999974603,0,47,0,0,144,1,0,1200.0,0.0
ALL_Kall_linear_bias0_physical_v3_334d,2025-07-15,18,27137.879402810293,0.3467360000067856,0,62,0,0,144,1,0,1200.0,0.0
ALL_Kall_linear_bias0_physical_v3_334d,2025-07-16,0,57265.97771871659,0.9888093000045046,0,40,0,0,144,1,0,1200.0,0.0
ALL_Kall_linear_bias0_physical_v3_334d,2025-07-16,6,12469.863552162782,0.1036219999950844,0,36,0,0,144,1,0,1200.0,0.0
ALL_Kall_linear_bias0_physical_v3_334d,2025-07-16,12,22119.82258029813,0.4737479999894276,0,62,0,0,144,1,0,1200.0,0.0
ALL_Kall_linear_bias0_physical_v3_334d,2025-07-16,18,32462.645638213347,0.2833919999975478,0,52,0,0,144,1,0,1200.0,0.0
ALL_Kall_linear_bias0_physical_v3_334d,2025-07-17,0,54626.62837721259,0.0937406000011833,0,37,0,0,144,1,0,1200.0,0.0
ALL_Kall_linear_bias0_physical_v3_334d,2025-07-17,6,15545.631995840542,0.3453541999915615,0,41,0,0,144,1,0,1200.0,0.0
ALL_Kall_linear_bias0_physical_v3_334d,2025-07-17,12,12995.69562895942,0.3534457999921869,0,38,0,0,144,1,0,1200.0,0.0
ALL_Kall_linear_bias0_physical_v3_334d,2025-07-17,18,18048.57375949174,0.3740824999986216,0,53,0,0,144,1,0,1200.0,0.0
ALL_Kall_linear_bias0_physical_v3_334d,2025-07-18,0,38701.824384889725,0.4111695000028703,0,26,0,0,144,1,0,1200.0,0.0
ALL_Kall_linear_bias0_physical_v3_334d,2025-07-18,6,10465.376288539295,1.045929599989904,0,33,0,0,144,1,0,1200.0,0.0
ALL_Kall_linear_bias0_physical_v3_334d,2025-07-18,12,10636.818120441809,0.2294481999997515,0,26,0,0,144,1,0,1200.0,0.0
ALL_Kall_linear_bias0_physical_v3_334d,2025-07-18,18,12772.443011938967,1.0086022000032244,0,38,0,0,144,1,0,1200.0,0.0
ALL_Kall_linear_bias0_physical_v3_334d,2025-07-19,0,38435.14169560701,0.4297219000000041,0,26,0,0,144,1,0,1200.0,0.0
ALL_Kall_linear_bias0_physical_v3_334d,2025-07-19,6,10805.815658049816,0.1583185999916168,0,23,0,0,144,1,0,1200.0,0.0
ALL_Kall_linear_bias0_physical_v3_334d,2025-07-19,12,17995.109574213468,0.263433600004646,0,47,0,0,144,1,0,1200.0,0.0
ALL_Kall_linear_bias0_physical_v3_334d,2025-07-19,18,27313.03441627792,0.3155850000039208,0,62,0,0,144,1,0,1200.0,0.0
ALL_Kall_linear_bias0_physical_v3_334d,2025-07-20,0,58295.19365428734,0.2253895000030752,0,28,0,0,144,1,0,1200.0,0.0
ALL_Kall_linear_bias0_physical_v3_334d,2025-07-20,6,12103.567697948722,0.0890742000046884,0,31,0,0,144,1,0,1200.0,0.0
ALL_Kall_linear_bias0_physical_v3_334d,2025-07-20,12,19803.7167414552,0.3081613999966066,0,54,0,0,144,1,0,1200.0,0.0
ALL_Kall_linear_bias0_physical_v3_334d,2025-07-20,18,30303.66497415206,0.2794375000084983,0,63,0,0,144,1,0,1200.0,0.0
ALL_Kall_linear_bias0_physical_v3_334d,2025-07-21,0,58031.82541677805,0.2363006000086898,0,35,0,0,144,1,0,1200.0,0.0
ALL_Kall_linear_bias0_physical_v3_334d,2025-07-21,6,11976.22279825802,1.5321547999919858,0,32,0,0,144,1,0,1200.0,0.0
ALL_Kall_linear_bias0_physical_v3_334d,2025-07-21,12,18905.544117277128,0.2526114000065718,0,54,0,0,144,1,0,1200.0,0.0
ALL_Kall_linear_bias0_physical_v3_334d,2025-07-21,18,22510.89265815434,0.339287199996761,0,60,0,0,144,1,0,1200.0,0.0
ALL_Kall_linear_bias0_physical_v3_334d,2025-07-22,0,53571.50286033032,0.5679104000009829,0,35,0,0,144,1,0,1200.0,0.0
ALL_Kall_linear_bias0_physical_v3_334d,2025-07-22,6,22994.06489722054,0.8633469999913359,0,61,0,0,144,1,0,1200.0,0.0
ALL_Kall_linear_bias0_physical_v3_334d,2025-07-22,12,14149.3525219348,0.1961845999903744,0,37,0,0,144,1,0,1200.0,0.0
ALL_Kall_linear_bias0_physical_v3_334d,2025-07-22,18,26992.009281963816,0.1420131999911973,0,62,0,0,144,1,0,1200.0,0.0
ALL_Kall_linear_bias0_physical_v3_334d,2025-07-23,0,61383.29422637236,0.6791326999955345,0,33,0,0,144,1,0,1200.0,0.0
ALL_Kall_linear_bias0_physical_v3_334d,2025-07-23,6,9268.493622263572,0.1127100000012433,0,25,0,0,144,1,0,1200.0,0.0
ALL_Kall_linear_bias0_physical_v3_334d,2025-07-23,12,16654.206302317973,0.7305255999963265,0,52,0,0,144,1,0,1200.0,0.0
ALL_Kall_linear_bias0_physical_v3_334d,2025-07-23,18,38236.778557123536,0.1544998999888776,0,55,0,0,144,1,0,1200.0,0.0
ALL_Kall_linear_bias0_physical_v3_334d,2025-07-24,0,60828.45002761271,0.823330300001544,0,31,0,0,144,1,0,1200.0,0.0
ALL_Kall_linear_bias0_physical_v3_334d,2025-07-24,6,8707.440808531668,0.0911517000058665,0,24,0,0,144,1,0,1200.0,0.0
ALL_Kall_linear_bias0_physical_v3_334d,2025-07-24,12,10966.0580301114,0.1029993999982252,0,31,0,0,144,1,0,1200.0,0.0
ALL_Kall_linear_bias0_physical_v3_334d,2025-07-24,18,11308.13338244632,0.2568643999984488,0,26,0,0,144,1,0,1200.0,0.0
ALL_Kall_linear_bias0_physical_v3_334d,2025-07-25,0,32135.07360803496,0.1693061999976635,0,5,0,0,144,1,0,1200.0,0.0
ALL_Kall_linear_bias0_physical_v3_334d,2025-07-25,6,12830.382364981877,0.1164104999916162,0,81,0,0,144,1,0,1200.0,0.0
ALL_Kall_linear_bias0_physical_v3_334d,2025-07-25,12,12102.661104072924,0.3340883000055328,0,37,0,0,144,1,0,1200.0,0.0
ALL_Kall_linear_bias0_physical_v3_334d,2025-07-25,18,11550.6900541051,0.5173948999872664,0,38,0,0,144,1,0,1200.0,0.0
ALL_Kall_linear_bias0_physical_v3_334d,2025-07-26,0,36306.22885974775,0.7381384999898728,0,27,0,0,144,1,0,1200.0,0.0
ALL_Kall_linear_bias0_physical_v3_334d,2025-07-26,6,12479.96137554048,0.8794597999949474,0,27,0,0,144,1,0,1200.0,0.0
ALL_Kall_linear_bias0_physical_v3_334d,2025-07-26,12,27297.65777162661,0.2081082999939099,0,47,0,0,144,1,0,1200.0,0.0
ALL_Kall_linear_bias0_physical_v3_334d,2025-07-26,18,24472.8009827121,0.2803992000117432,0,61,0,0,144,1,0,1200.0,0.0
ALL_Kall_linear_bias0_physical_v3_334d,2025-07-27,0,56308.48318658451,0.2699604000081308,0,33,0,0,144,1,0,1200.0,0.0
ALL_Kall_linear_bias0_physical_v3_334d,2025-07-27,6,12868.808460345668,0.746739099995466,0,41,0,0,144,1,0,1200.0,0.0
ALL_Kall_linear_bias0_physical_v3_334d,2025-07-27,12,23901.91064378081,0.4865387000027112,0,59,0,0,144,1,0,1200.0,0.0
ALL_Kall_linear_bias0_physical_v3_334d,2025-07-27,18,33341.2859891416,0.2365060000010999,0,58,0,0,144,1,0,1200.0,0.0
ALL_Kall_linear_bias0_physical_v3_334d,2025-07-28,0,56106.99251558612,1.2314931000000795,0,35,0,0,144,1,0,1200.0,0.0
ALL_Kall_linear_bias0_physical_v3_334d,2025-07-28,6,15868.770225788216,0.9999086000025272,0,48,0,0,144,1,0,1200.0,0.0
ALL_Kall_linear_bias0_physical_v3_334d,2025-07-28,12,16673.75182995233,0.1542081000079633,0,44,0,0,144,1,0,1200.0,0.0
ALL_Kall_linear_bias0_physical_v3_334d,2025-07-28,18,41430.38711909359,0.2066843999928096,0,54,0,0,144,1,0,1200.0,0.0
ALL_Kall_linear_bias0_physical_v3_334d,2025-07-29,0,54466.10878929208,0.6157256000005873,0,38,0,0,144,1,0,1200.0,0.0
ALL_Kall_linear_bias0_physical_v3_334d,2025-07-29,6,17646.651292963714,2.14945660000376,0,85,0,0,144,1,0,1200.0,0.0
ALL_Kall_linear_bias0_physical_v3_334d,2025-07-29,12,17109.677902511517,0.2268311999941943,0,57,0,0,144,1,0,1200.0,0.0
ALL_Kall_linear_bias0_physical_v3_334d,2025-07-29,18,26676.368118194783,0.3751256999967154,0,66,0,0,144,1,0,1200.0,0.0
ALL_Kall_linear_bias0_physical_v3_334d,2025-07-30,0,50806.82584588297,0.3139094999933149,0,43,0,0,144,1,0,1200.0,0.0
ALL_Kall_linear_bias0_physical_v3_334d,2025-07-30,6,19852.19925559422,1.5086100000044098,0,64,0,0,144,1,0,1200.0,0.0
ALL_Kall_linear_bias0_physical_v3_334d,2025-07-30,12,17184.27789908031,2.1097363000008045,0,60,0,0,144,1,0,1200.0,0.0
ALL_Kall_linear_bias0_physical_v3_334d,2025-07-30,18,36603.42697183367,0.2799998999980744,0,54,0,0,144,1,0,1200.0,0.0
ALL_Kall_linear_bias0_physical_v3_334d,2025-07-31,0,54179.03975307335,0.4727019000129075,0,32,0,0,144,1,0,1200.0,0.0
ALL_Kall_linear_bias0_physical_v3_334d,2025-07-31,6,10855.55638985838,0.1383727999927941,0,51,0,0,144,1,0,1200.0,0.0
ALL_Kall_linear_bias0_physical_v3_334d,2025-07-31,12,11846.920317664806,0.4066224999987753,0,43,0,0,144,1,0,1200.0,0.0
ALL_Kall_linear_bias0_physical_v3_334d,2025-07-31,18,11273.172595338396,0.3979892000061227,0,29,0,0,144,1,0,1200.0,0.0
ALL_Kall_linear_bias0_physical_v3_334d,2025-08-01,0,32542.49947649658,0.3888635999901453,0,6,0,0,144,1,0,1200.0,0.0
ALL_Kall_linear_bias0_physical_v3_334d,2025-08-01,6,9111.636065364784,0.083724300013273,0,20,0,0,144,1,0,1200.0,0.0
ALL_Kall_linear_bias0_physical_v3_334d,2025-08-01,12,10787.094721431047,0.2514678000006825,0,37,0,0,144,1,0,1200.0,0.0
ALL_Kall_linear_bias0_physical_v3_334d,2025-08-01,18,10714.212417209845,0.1286800999951083,0,24,0,0,144,1,0,1200.0,0.0
ALL_Kall_linear_bias0_physical_v3_334d,2025-08-02,0,37572.49141762282,0.3689557000034256,0,26,0,0,144,1,0,1200.0,0.0
ALL_Kall_linear_bias0_physical_v3_334d,2025-08-02,6,11039.634418431891,0.2741742000071099,0,20,0,0,144,1,0,1200.0,0.0
ALL_Kall_linear_bias0_physical_v3_334d,2025-08-02,12,18094.544921345838,0.4476592999999411,0,44,0,0,144,1,0,1200.0,0.0
ALL_Kall_linear_bias0_physical_v3_334d,2025-08-02,18,25253.73161433382,0.3180697000061627,0,64,0,0,144,1,0,1200.0,0.0
ALL_Kall_linear_bias0_physical_v3_334d,2025-08-03,0,49397.82147087775,0.7376215999975102,0,33,0,0,144,1,0,1200.0,0.0
ALL_Kall_linear_bias0_physical_v3_334d,2025-08-03,6,13311.985537958031,0.6863709000026574,0,44,0,0,144,1,0,1200.0,0.0
ALL_Kall_linear_bias0_physical_v3_334d,2025-08-03,12,17180.897096033514,0.3156964999943739,0,43,0,0,144,1,0,1200.0,0.0
ALL_Kall_linear_bias0_physical_v3_334d,2025-08-03,18,29192.0518617365,0.2822118000040063,0,56,0,0,144,1,0,1200.0,0.0
ALL_Kall_linear_bias0_physical_v3_334d,2025-08-04,0,52057.16742588199,0.1992872999981045,0,34,0,0,144,1,0,1200.0,0.0
ALL_Kall_linear_bias0_physical_v3_334d,2025-08-04,6,12322.688879306948,0.1186559999914607,0,43,0,0,144,1,0,1200.0,0.0
ALL_Kall_linear_bias0_physical_v3_334d,2025-08-04,12,15508.52549611513,0.2015458000096259,0,37,0,0,144,1,0,1200.0,0.0
ALL_Kall_linear_bias0_physical_v3_334d,2025-08-04,18,23757.72814037388,0.2762970999901881,0,59,0,0,144,1,0,1200.0,0.0
ALL_Kall_linear_bias0_physical_v3_334d,2025-08-05,0,50720.2175352507,0.6376404000038747,0,37,0,0,144,1,0,1200.0,0.0
ALL_Kall_linear_bias0_physical_v3_334d,2025-08-05,6,12766.718741149878,0.2409932000009575,0,48,0,0,144,1,0,1200.0,0.0
ALL_Kall_linear_bias0_physical_v3_334d,2025-08-05,12,22218.47038759836,0.38144199999806,0,43,0,0,144,1,0,1200.0,0.0
ALL_Kall_linear_bias0_physical_v3_334d,2025-08-05,18,32177.178150622545,0.4225947000086307,0,54,0,0,144,1,0,1200.0,0.0
ALL_Kall_linear_bias0_physical_v3_334d,2025-08-06,0,56164.556065838704,1.2053388000058476,0,34,0,0,144,1,0,1200.0,0.0
ALL_Kall_linear_bias0_physical_v3_334d,2025-08-06,6,9560.178909206472,0.917389499998535,0,30,0,0,144,1,0,1200.0,0.0
ALL_Kall_linear_bias0_physical_v3_334d,2025-08-06,12,17799.71925930494,0.2335769000055734,0,50,0,0,144,1,0,1200.0,0.0
ALL_Kall_linear_bias0_physical_v3_334d,2025-08-06,18,18939.95410810145,0.1162278999981936,0,58,0,0,144,1,0,1200.0,0.0
ALL_Kall_linear_bias0_physical_v3_334d,2025-08-07,0,55652.130719322566,0.1961677999934181,0,27,0,0,144,1,0,1200.0,0.0
ALL_Kall_linear_bias0_physical_v3_334d,2025-08-07,6,7781.3954273145055,0.378851699992083,0,29,0,0,144,1,0,1200.0,0.0
ALL_Kall_linear_bias0_physical_v3_334d,2025-08-07,12,11061.481292246017,0.844860899989726,0,25,0,0,144,1,0,1200.0,0.0
ALL_Kall_linear_bias0_physical_v3_334d,2025-08-07,18,11548.834793448954,0.5675913000013679,0,28,0,0,144,1,0,1200.0,0.0
ALL_Kall_linear_bias0_physical_v3_334d,2025-08-08,0,30473.63729389538,0.2848744000075385,0,6,0,0,144,1,0,1200.0,0.0
ALL_Kall_linear_bias0_physical_v3_334d,2025-08-08,6,9585.304382240138,0.3828919000079622,0,25,0,0,144,1,0,1200.0,0.0
ALL_Kall_linear_bias0_physical_v3_334d,2025-08-08,12,11594.016975478373,0.275645000001532,0,40,0,0,144,1,0,1200.0,0.0
ALL_Kall_linear_bias0_physical_v3_334d,2025-08-08,18,10508.203087901366,0.647151400000439,0,24,0,0,144,1,0,1200.0,0.0
ALL_Kall_linear_bias0_physical_v3_334d,2025-08-09,0,30966.862183503792,0.4598549000074854,0,5,0,0,144,1,0,1200.0,0.0
ALL_Kall_linear_bias0_physical_v3_334d,2025-08-09,6,12210.365929009691,0.6181013000023086,0,20,0,0,144,1,0,1200.0,0.0
ALL_Kall_linear_bias0_physical_v3_334d,2025-08-09,12,16720.279080107848,0.3534459000075003,0,48,0,0,144,1,0,1200.0,0.0
ALL_Kall_linear_bias0_physical_v3_334d,2025-08-09,18,29346.086310190592,0.3139577999972971,0,56,0,0,144,1,0,1200.0,0.0
ALL_Kall_linear_bias0_physical_v3_334d,2025-08-10,0,53802.6024840084,0.1936105000058887,0,31,0,0,144,1,0,1200.0,0.0
ALL_Kall_linear_bias0_physical_v3_334d,2025-08-10,6,10809.99549524351,1.4205203999881633,0,24,0,0,144,1,0,1200.0,0.0
ALL_Kall_linear_bias0_physical_v3_334d,2025-08-10,12,16667.39379289603,1.1912580000062007,0,39,0,0,144,1,0,1200.0,0.0
ALL_Kall_linear_bias0_physical_v3_334d,2025-08-10,18,38305.79956484815,0.337779400011641,0,55,0,0,144,1,0,1200.0,0.0
ALL_Kall_linear_bias0_physical_v3_334d,2025-08-11,0,50746.18544822362,0.5089223999966634,0,35,0,0,144,1,0,1200.0,0.0
ALL_Kall_linear_bias0_physical_v3_334d,2025-08-11,6,12187.749163418495,0.8223236999911023,0,44,0,0,144,1,0,1200.0,0.0
ALL_Kall_linear_bias0_physical_v3_334d,2025-08-11,12,16324.515127819484,1.5154623000125866,0,46,0,0,144,1,0,1200.0,0.0
ALL_Kall_linear_bias0_physical_v3_334d,2025-08-11,18,24825.65375751254,0.2966137000039452,0,50,0,0,144,1,0,1200.0,0.0
ALL_Kall_linear_bias0_physical_v3_334d,2025-08-12,0,54658.13809137824,0.6334176999953343,0,29,0,0,144,1,0,1200.0,0.0
ALL_Kall_linear_bias0_physical_v3_334d,2025-08-12,6,11253.029671984425,1.7190395999932662,0,30,0,0,144,1,0,1200.0,0.0
ALL_Kall_linear_bias0_physical_v3_334d,2025-08-12,12,24749.62929001953,0.1808381000009831,0,42,0,0,144,1,0,1200.0,0.0
ALL_Kall_linear_bias0_physical_v3_334d,2025-08-12,18,24798.40938795585,0.1971005999948829,0,61,0,0,144,1,0,1200.0,0.0
ALL_Kall_linear_bias0_physical_v3_334d,2025-08-13,0,49566.22579127664,0.7709668000024976,0,38,0,0,144,1,0,1200.0,0.0
ALL_Kall_linear_bias0_physical_v3_334d,2025-08-13,6,11452.153756742264,0.6161213000013959,0,35,0,0,144,1,0,1200.0,0.0
ALL_Kall_linear_bias0_physical_v3_334d,2025-08-13,12,17184.86477972387,1.166651899999124,0,53,0,0,144,1,0,1200.0,0.0
ALL_Kall_linear_bias0_physical_v3_334d,2025-08-13,18,26920.206553576125,0.3842147000104887,0,61,0,0,144,1,0,1200.0,0.0
ALL_Kall_linear_bias0_physical_v3_334d,2025-08-14,0,50649.164473649085,1.2587773999985077,0,37,0,0,144,1,0,1200.0,0.0
ALL_Kall_linear_bias0_physical_v3_334d,2025-08-14,6,11282.259535106865,1.1924002000014298,0,78,0,0,144,1,0,1200.0,0.0
ALL_Kall_linear_bias0_physical_v3_334d,2025-08-14,12,10654.729738094487,0.8184127999993507,0,29,0,0,144,1,0,1200.0,0.0
ALL_Kall_linear_bias0_physical_v3_334d,2025-08-14,18,10835.790000710602,0.1778575999924214,0,27,0,0,144,1,0,1200.0,0.0
ALL_Kall_linear_bias0_physical_v3_334d,2025-08-15,0,31979.18412964969,0.2242810000025201,0,23,0,0,144,1,0,1200.0,0.0
ALL_Kall_linear_bias0_physical_v3_334d,2025-08-15,6,8355.388050126445,0.4540119000012055,0,20,0,0,144,1,0,1200.0,0.0
ALL_Kall_linear_bias0_physical_v3_334d,2025-08-15,12,10091.391001563105,0.6111463999986881,0,25,0,0,144,1,0,1200.0,0.0
ALL_Kall_linear_bias0_physical_v3_334d,2025-08-15,18,10095.792002525128,0.8588898000016343,0,24,0,0,144,1,0,1200.0,0.0
ALL_Kall_linear_bias0_physical_v3_334d,2025-08-16,0,32167.327715816755,0.6353148000052897,0,4,0,0,144,1,0,1200.0,0.0
ALL_Kall_linear_bias0_physical_v3_334d,2025-08-16,6,10431.804813898636,0.4957509000087157,0,20,0,0,144,1,0,1200.0,0.0
ALL_Kall_linear_bias0_physical_v3_334d,2025-08-16,12,17967.99668045781,0.6049459000059869,0,42,0,0,144,1,0,1200.0,0.0
ALL_Kall_linear_bias0_physical_v3_334d,2025-08-16,18,25181.26798726702,0.1756773000088287,0,60,0,0,144,1,0,1200.0,0.0
ALL_Kall_linear_bias0_physical_v3_334d,2025-08-17,0,50162.34801006369,0.7134094000066398,0,41,0,0,144,1,0,1200.0,0.0
ALL_Kall_linear_bias0_physical_v3_334d,2025-08-17,6,12195.81318067993,1.3069637000007788,0,39,0,0,144,1,0,1200.0,0.0
ALL_Kall_linear_bias0_physical_v3_334d,2025-08-17,12,16566.553317553902,0.1957861999981105,0,40,0,0,144,1,0,1200.0,0.0
ALL_Kall_linear_bias0_physical_v3_334d,2025-08-17,18,28554.01094232549,0.2789986999996472,0,59,0,0,144,1,0,1200.0,0.0
ALL_Kall_linear_bias0_physical_v3_334d,2025-08-18,0,50770.81686439812,0.269967500003986,0,41,0,0,144,1,0,1200.0,0.0
ALL_Kall_linear_bias0_physical_v3_334d,2025-08-18,6,11169.64082663075,0.1998746000026585,0,28,0,0,144,1,0,1200.0,0.0
ALL_Kall_linear_bias0_physical_v3_334d,2025-08-18,12,14592.302385717365,0.667624199995771,0,37,0,0,144,1,0,1200.0,0.0
ALL_Kall_linear_bias0_physical_v3_334d,2025-08-18,18,30481.919685059587,0.3248917999881087,0,52,0,0,144,1,0,1200.0,0.0
ALL_Kall_linear_bias0_physical_v3_334d,2025-08-19,0,49951.44131186406,0.4339833999983966,0,36,0,0,144,1,0,1200.0,0.0
ALL_Kall_linear_bias0_physical_v3_334d,2025-08-19,6,10843.38042917382,0.372894100000849,0,26,0,0,144,1,0,1200.0,0.0
ALL_Kall_linear_bias0_physical_v3_334d,2025-08-19,12,23310.546696549947,0.5315507000050275,0,49,0,0,144,1,0,1200.0,0.0
ALL_Kall_linear_bias0_physical_v3_334d,2025-08-19,18,31453.06985342176,0.2368024000024888,0,52,0,0,144,1,0,1200.0,0.0
ALL_Kall_linear_bias0_physical_v3_334d,2025-08-20,0,54273.97755073495,0.6194581000017934,0,39,0,0,144,1,0,1200.0,0.0
ALL_Kall_linear_bias0_physical_v3_334d,2025-08-20,6,11717.40330121824,0.2256002000067383,0,33,0,0,144,1,0,1200.0,0.0
ALL_Kall_linear_bias0_physical_v3_334d,2025-08-20,12,17990.885031321905,0.1551806999923428,0,53,0,0,144,1,0,1200.0,0.0
ALL_Kall_linear_bias0_physical_v3_334d,2025-08-20,18,26385.807213330063,0.2549668999999994,0,61,0,0,144,1,0,1200.0,0.0
ALL_Kall_linear_bias0_physical_v3_334d,2025-08-21,0,52032.65152027639,0.694694999998319,0,41,0,0,144,1,0,1200.0,0.0
ALL_Kall_linear_bias0_physical_v3_334d,2025-08-21,6,9404.859501673956,0.3179531000059796,0,27,0,0,144,1,0,1200.0,0.0
ALL_Kall_linear_bias0_physical_v3_334d,2025-08-21,12,10950.504487240789,0.8747961000044597,0,46,0,0,144,1,0,1200.0,0.0
ALL_Kall_linear_bias0_physical_v3_334d,2025-08-21,18,10994.39986362509,0.3902858999936143,0,25,0,0,144,1,0,1200.0,0.0
ALL_Kall_linear_bias0_physical_v3_334d,2025-08-22,0,30828.511874799457,0.2444641000038245,0,5,0,0,144,1,0,1200.0,0.0
ALL_Kall_linear_bias0_physical_v3_334d,2025-08-22,6,8930.016079595105,0.1164177000027848,0,20,0,0,144,1,0,1200.0,0.0
ALL_Kall_linear_bias0_physical_v3_334d,2025-08-22,12,10895.208127471464,0.8004412000009324,0,31,0,0,144,1,0,1200.0,0.0
ALL_Kall_linear_bias0_physical_v3_334d,2025-08-22,18,10885.477539463083,0.3312401000002865,0,28,0,0,144,1,0,1200.0,0.0
ALL_Kall_linear_bias0_physical_v3_334d,2025-08-23,0,29035.05588774073,0.507861200007028,0,5,0,0,144,1,0,1200.0,0.0
ALL_Kall_linear_bias0_physical_v3_334d,2025-08-23,6,12437.09368601001,0.6580899999971734,0,28,0,0,144,1,0,1200.0,0.0
ALL_Kall_linear_bias0_physical_v3_334d,2025-08-23,12,24209.90946467166,0.1743249999999534,0,40,0,0,144,1,0,1200.0,0.0
ALL_Kall_linear_bias0_physical_v3_334d,2025-08-23,18,23709.66442381159,0.184645699991961,0,57,0,0,144,1,0,1200.0,0.0
ALL_Kall_linear_bias0_physical_v3_334d,2025-08-24,0,49413.474099900464,0.5843110999994678,0,32,0,0,144,1,0,1200.0,0.0
ALL_Kall_linear_bias0_physical_v3_334d,2025-08-24,6,10985.543236913292,0.2412877999886404,0,27,0,0,144,1,0,1200.0,0.0
ALL_Kall_linear_bias0_physical_v3_334d,2025-08-24,12,21083.52904091601,0.1744087000115541,0,43,0,0,144,1,0,1200.0,0.0
ALL_Kall_linear_bias0_physical_v3_334d,2025-08-24,18,32047.921310684374,0.1872264999983599,0,52,0,0,144,1,0,1200.0,0.0
ALL_Kall_linear_bias0_physical_v3_334d,2025-08-25,0,63688.74492194587,0.6945217000029515,0,31,0,0,144,1,0,1200.0,0.0
ALL_Kall_linear_bias0_physical_v3_334d,2025-08-25,6,7787.674309724256,0.4416013000009116,0,32,0,0,144,1,0,1200.0,0.0
ALL_Kall_linear_bias0_physical_v3_334d,2025-08-25,12,15092.873943179477,0.1341396000061649,0,38,0,0,144,1,0,1200.0,0.0
ALL_Kall_linear_bias0_physical_v3_334d,2025-08-25,18,21499.93247526688,0.1219999999884748,0,57,0,0,144,1,0,1200.0,0.0
ALL_Kall_linear_bias0_physical_v3_334d,2025-08-26,0,50481.57959099874,0.8210702000069432,0,34,0,0,144,1,0,1200.0,0.0
ALL_Kall_linear_bias0_physical_v3_334d,2025-08-26,6,14047.20632341476,0.4950300000054994,0,83,0,0,144,1,0,1200.0,0.0
ALL_Kall_linear_bias0_physical_v3_334d,2025-08-26,12,18839.626837988628,0.829186100003426,0,43,0,0,144,1,0,1200.0,0.0
ALL_Kall_linear_bias0_physical_v3_334d,2025-08-26,18,26426.30305155974,1.1666512000083458,0,58,0,0,144,1,0,1200.0,0.0
ALL_Kall_linear_bias0_physical_v3_334d,2025-08-27,0,50735.41273910351,0.5697486999997636,0,40,0,0,144,1,0,1200.0,0.0
ALL_Kall_linear_bias0_physical_v3_334d,2025-08-27,6,18172.58585490564,0.6253846999898087,0,73,0,0,144,1,0,1200.0,0.0
ALL_Kall_linear_bias0_physical_v3_334d,2025-08-27,12,18210.140227849733,1.0974423000006936,0,44,0,0,144,1,0,1200.0,0.0
ALL_Kall_linear_bias0_physical_v3_334d,2025-08-27,18,26304.595950586317,0.2524462000001222,0,59,0,0,144,1,0,1200.0,0.0
ALL_Kall_linear_bias0_physical_v3_334d,2025-08-28,0,49419.26110662815,1.1981090000044787,0,38,0,0,144,1,0,1200.0,0.0
ALL_Kall_linear_bias0_physical_v3_334d,2025-08-28,6,16184.232958069771,0.2829328999941936,0,51,0,0,144,1,0,1200.0,0.0
ALL_Kall_linear_bias0_physical_v3_334d,2025-08-28,12,11597.60203481449,0.1101236999966204,0,31,0,0,144,1,0,1200.0,0.0
ALL_Kall_linear_bias0_physical_v3_334d,2025-08-28,18,13247.837634759066,0.4233678000018699,0,47,0,0,144,1,0,1200.0,0.0
ALL_Kall_linear_bias0_physical_v3_334d,2025-08-29,0,33614.60232379282,0.7104398000083165,0,23,0,0,144,1,0,1200.0,0.0
ALL_Kall_linear_bias0_physical_v3_334d,2025-08-29,6,8344.436491668805,0.1221237999998265,0,20,0,0,144,1,0,1200.0,0.0
ALL_Kall_linear_bias0_physical_v3_334d,2025-08-29,12,12073.38184993635,0.2303787999990163,0,29,0,0,144,1,0,1200.0,0.0
ALL_Kall_linear_bias0_physical_v3_334d,2025-08-29,18,11100.69917032196,0.1664430999953765,0,30,0,0,144,1,0,1200.0,0.0
ALL_Kall_linear_bias0_physical_v3_334d,2025-08-30,0,31802.55239453324,0.3510810000007041,0,5,0,0,144,1,0,1200.0,0.0
ALL_Kall_linear_bias0_physical_v3_334d,2025-08-30,6,11841.8053802308,0.3913430999964475,0,28,0,0,144,1,0,1200.0,0.0
ALL_Kall_linear_bias0_physical_v3_334d,2025-08-30,12,15740.393647291385,0.5419446000014432,0,37,0,0,144,1,0,1200.0,0.0
ALL_Kall_linear_bias0_physical_v3_334d,2025-08-30,18,25050.35991637356,0.3925417000136804,0,60,0,0,144,1,0,1200.0,0.0
ALL_Kall_linear_bias0_physical_v3_334d,2025-08-31,0,49704.88181644704,0.7895692999882158,0,32,0,0,144,1,0,1200.0,0.0
ALL_Kall_linear_bias0_physical_v3_334d,2025-08-31,6,15011.459948340304,0.3906601000053342,0,84,0,0,144,1,0,1200.0,0.0
ALL_Kall_linear_bias0_physical_v3_334d,2025-08-31,12,16148.900620704546,0.3416435999970417,0,44,0,0,144,1,0,1200.0,0.0
ALL_Kall_linear_bias0_physical_v3_334d,2025-08-31,18,29953.71983178268,0.2737535999913234,0,57,0,0,144,1,0,1200.0,0.0
ALL_Kall_linear_bias0_physical_v3_334d,2025-09-01,0,55969.10160004231,0.5133994000061648,0,29,0,0,144,1,0,1200.0,0.0
ALL_Kall_linear_bias0_physical_v3_334d,2025-09-01,6,8556.146560821982,0.3916801000013947,0,28,0,0,144,1,0,1200.0,0.0
ALL_Kall_linear_bias0_physical_v3_334d,2025-09-01,12,19497.33836425208,0.0992855000076815,0,48,0,0,144,1,0,1200.0,0.0
ALL_Kall_linear_bias0_physical_v3_334d,2025-09-01,18,29844.076991839294,0.3113703999988502,0,62,0,0,144,1,0,1200.0,0.0
ALL_Kall_linear_bias0_physical_v3_334d,2025-09-02,0,45864.61040424979,0.3724206000042613,0,35,0,0,144,1,0,1200.0,0.0
ALL_Kall_linear_bias0_physical_v3_334d,2025-09-02,6,14689.01849900338,0.4760208999941824,0,74,0,0,144,1,0,1200.0,0.0
ALL_Kall_linear_bias0_physical_v3_334d,2025-09-02,12,13698.157501904014,0.1837199000001419,0,35,0,0,144,1,0,1200.0,0.0
ALL_Kall_linear_bias0_physical_v3_334d,2025-09-02,18,20942.51334334166,0.7543921000033151,0,57,0,0,144,1,0,1200.0,0.0
ALL_Kall_linear_bias0_physical_v3_334d,2025-09-03,0,48114.98227543184,0.4589188000099966,0,35,0,0,144,1,0,1200.0,0.0
ALL_Kall_linear_bias0_physical_v3_334d,2025-09-03,6,9996.370322422585,0.692130299998098,0,28,0,0,144,1,0,1200.0,0.0
ALL_Kall_linear_bias0_physical_v3_334d,2025-09-03,12,17960.773777251383,0.2425217999989399,0,45,0,0,144,1,0,1200.0,0.0
ALL_Kall_linear_bias0_physical_v3_334d,2025-09-03,18,19146.624345968976,0.2059152000001631,0,58,0,0,144,1,0,1200.0,0.0
ALL_Kall_linear_bias0_physical_v3_334d,2025-09-04,0,47093.5502194433,0.2928344999963883,0,32,0,0,144,1,0,1200.0,0.0
ALL_Kall_linear_bias0_physical_v3_334d,2025-09-04,6,8339.085350209503,0.0800888999947346,0,30,0,0,144,1,0,1200.0,0.0
ALL_Kall_linear_bias0_physical_v3_334d,2025-09-04,12,10812.114002375198,0.1648899000138044,0,37,0,0,144,1,0,1200.0,0.0
ALL_Kall_linear_bias0_physical_v3_334d,2025-09-04,18,10881.947001180222,0.1636295000062091,0,31,0,0,144,1,0,1200.0,0.0
ALL_Kall_linear_bias0_physical_v3_334d,2025-09-05,0,27804.899371306685,0.1549757000029785,0,5,0,0,144,1,0,1200.0,0.0
ALL_Kall_linear_bias0_physical_v3_334d,2025-09-05,6,8499.160015606933,0.0646815999934915,0,20,0,0,144,1,0,1200.0,0.0
ALL_Kall_linear_bias0_physical_v3_334d,2025-09-05,12,10640.231443318811,0.437986600009026,0,31,0,0,144,1,0,1200.0,0.0
ALL_Kall_linear_bias0_physical_v3_334d,2025-09-05,18,10475.166475027772,0.3967173999990336,0,27,0,0,144,1,0,1200.0,0.0
ALL_Kall_linear_bias0_physical_v3_334d,2025-09-06,0,26889.235664690677,0.4550994000019273,0,3,0,0,144,1,0,1200.0,0.0
ALL_Kall_linear_bias0_physical_v3_334d,2025-09-06,6,11337.403920724671,0.2343990999943344,0,26,0,0,144,1,0,1200.0,0.0
ALL_Kall_linear_bias0_physical_v3_334d,2025-09-06,12,14127.61542362328,0.4561778999923263,0,37,0,0,144,1,0,1200.0,0.0
ALL_Kall_linear_bias0_physical_v3_334d,2025-09-06,18,24337.85908177159,0.3725006000022404,0,57,0,0,144,1,0,1200.0,0.0
ALL_Kall_linear_bias0_physical_v3_334d,2025-09-07,0,41721.35175761666,0.5568727999925613,0,31,0,0,144,1,0,1200.0,0.0
ALL_Kall_linear_bias0_physical_v3_334d,2025-09-07,6,15930.615547554358,0.3488644000026397,0,79,0,0,144,1,0,1200.0,0.0
ALL_Kall_linear_bias0_physical_v3_334d,2025-09-07,12,14251.641458694245,0.226951700009522,0,44,0,0,144,1,0,1200.0,0.0
ALL_Kall_linear_bias0_physical_v3_334d,2025-09-07,18,21336.234689494395,0.5169754999951692,0,61,0,0,144,1,0,1200.0,0.0
ALL_Kall_linear_bias0_physical_v3_334d,2025-09-08,0,42519.028229568525,0.5878560999990441,0,36,0,0,144,1,0,1200.0,0.0
ALL_Kall_linear_bias0_physical_v3_334d,2025-09-08,6,8579.144241323616,0.5972758999996586,0,33,0,0,144,1,0,1200.0,0.0
ALL_Kall_linear_bias0_physical_v3_334d,2025-09-08,12,13628.450859029568,0.921392600008403,0,57,0,0,144,1,0,1200.0,0.0
ALL_Kall_linear_bias0_physical_v3_334d,2025-09-08,18,20519.649785599388,0.461386399998446,0,56,0,0,144,1,0,1200.0,0.0
ALL_Kall_linear_bias0_physical_v3_334d,2025-09-09,0,38703.116144495856,0.2276272000017343,0,32,0,0,144,1,0,1200.0,0.0
ALL_Kall_linear_bias0_physical_v3_334d,2025-09-09,6,13091.81917227064,0.4417380000086268,0,46,0,0,144,1,0,1200.0,0.0
ALL_Kall_linear_bias0_physical_v3_334d,2025-09-09,12,13004.084249776904,0.7758980999933556,0,41,0,0,144,1,0,1200.0,0.0
ALL_Kall_linear_bias0_physical_v3_334d,2025-09-09,18,25643.010948984094,0.5635431000118842,0,54,0,0,144,1,0,1200.0,0.0
ALL_Kall_linear_bias0_physical_v3_334d,2025-09-10,0,46307.26322344731,0.2018115999962901,0,34,0,0,144,1,0,1200.0,0.0
ALL_Kall_linear_bias0_physical_v3_334d,2025-09-10,6,8265.937822614587,1.407668800005922,0,29,0,0,144,1,0,1200.0,0.0
ALL_Kall_linear_bias0_physical_v3_334d,2025-09-10,12,22964.582358457385,0.25745220000681,0,64,0,0,144,1,0,1200.0,0.0
ALL_Kall_linear_bias0_physical_v3_334d,2025-09-10,18,22137.351763870884,0.7614936000027228,0,74,0,0,144,1,0,1200.0,0.0
ALL_Kall_linear_bias0_physical_v3_334d,2025-09-11,0,46365.27611089361,0.3089971000008518,0,38,0,0,144,1,0,1200.0,0.0
ALL_Kall_linear_bias0_physical_v3_334d,2025-09-11,6,5588.781126308028,0.3257545999949798,0,22,0,0,144,1,0,1200.0,0.0
ALL_Kall_linear_bias0_physical_v3_334d,2025-09-11,12,9898.05621929231,0.4684391000046162,0,32,0,0,144,1,0,1200.0,0.0
ALL_Kall_linear_bias0_physical_v3_334d,2025-09-11,18,10345.563913278522,0.3905440000089584,0,31,0,0,144,1,0,1200.0,0.0
ALL_Kall_linear_bias0_physical_v3_334d,2025-09-12,0,24813.059623526115,0.2528136999899288,0,7,0,0,144,1,0,1200.0,0.0
ALL_Kall_linear_bias0_physical_v3_334d,2025-09-12,6,8047.635883161374,0.2509549999958835,0,22,0,0,144,1,0,1200.0,0.0
ALL_Kall_linear_bias0_physical_v3_334d,2025-09-12,12,13401.879271439066,0.3359108000004198,0,42,0,0,144,1,0,1200.0,0.0
ALL_Kall_linear_bias0_physical_v3_334d,2025-09-12,18,9945.08582661635,0.1939565000066068,0,29,0,0,144,1,0,1200.0,0.0
ALL_Kall_linear_bias0_physical_v3_334d,2025-09-13,0,22677.603087371223,0.5358545000053709,0,5,0,0,144,1,0,1200.0,0.0
ALL_Kall_linear_bias0_physical_v3_334d,2025-09-13,6,11109.202225841056,0.1671971000032499,0,31,0,0,144,1,0,1200.0,0.0
ALL_Kall_linear_bias0_physical_v3_334d,2025-09-13,12,16916.136173231043,0.3032590999937383,0,45,0,0,144,1,0,1200.0,0.0
ALL_Kall_linear_bias0_physical_v3_334d,2025-09-13,18,35836.863414882035,0.2974367999995593,0,55,0,0,144,1,0,1200.0,0.0
ALL_Kall_linear_bias0_physical_v3_334d,2025-09-14,0,46155.02114069509,0.282864900000277,0,38,0,0,144,1,0,1200.0,0.0
ALL_Kall_linear_bias0_physical_v3_334d,2025-09-14,6,9506.872465996288,0.3475080000062007,0,36,0,0,144,1,0,1200.0,0.0
ALL_Kall_linear_bias0_physical_v3_334d,2025-09-14,12,15135.974666061007,0.8076288000011118,0,42,0,0,144,1,0,1200.0,0.0
ALL_Kall_linear_bias0_physical_v3_334d,2025-09-14,18,22278.422982607764,0.653301600003033,0,60,0,0,144,1,0,1200.0,0.0
ALL_Kall_linear_bias0_physical_v3_334d,2025-09-15,0,40814.49766183367,0.5902818000031402,0,14,0,0,144,1,0,1200.0,0.0
ALL_Kall_linear_bias0_physical_v3_334d,2025-09-15,6,11686.769175833371,0.8643231000023661,0,47,0,0,144,1,0,1200.0,0.0
ALL_Kall_linear_bias0_physical_v3_334d,2025-09-15,12,15350.734940752682,0.488877700001467,0,46,0,0,144,1,0,1200.0,0.0
ALL_Kall_linear_bias0_physical_v3_334d,2025-09-15,18,27700.91710714748,0.8200218000129098,0,54,0,0,144,1,0,1200.0,0.0
ALL_Kall_linear_bias0_physical_v3_334d,2025-09-16,0,49477.70629325,0.2325608999963151,0,39,0,0,144,1,0,1200.0,0.0
ALL_Kall_linear_bias0_physical_v3_334d,2025-09-16,6,9372.759468265524,0.3112052000069525,0,31,0,0,144,1,0,1200.0,0.0
ALL_Kall_linear_bias0_physical_v3_334d,2025-09-16,12,15534.578505815609,0.9555974999966566,0,43,0,0,144,1,0,1200.0,0.0
ALL_Kall_linear_bias0_physical_v3_334d,2025-09-16,18,26731.165409674137,1.3825747999944724,0,60,0,0,144,1,0,1200.0,0.0
ALL_Kall_linear_bias0_physical_v3_334d,2025-09-17,0,47987.637188614106,0.6229025000066031,0,38,0,0,144,1,0,1200.0,0.0
ALL_Kall_linear_bias0_physical_v3_334d,2025-09-17,6,10059.681569593444,0.4964158000075258,0,34,0,0,144,1,0,1200.0,0.0
ALL_Kall_linear_bias0_physical_v3_334d,2025-09-17,12,22900.75009814933,0.4622518000105629,0,41,0,0,144,1,0,1200.0,0.0
ALL_Kall_linear_bias0_physical_v3_334d,2025-09-17,18,20601.85977220485,0.5980851000058465,0,61,0,0,144,1,0,1200.0,0.0
ALL_Kall_linear_bias0_physical_v3_334d,2025-09-18,0,42661.76326772806,1.174886000007973,0,33,0,0,144,1,0,1200.0,0.0
ALL_Kall_linear_bias0_physical_v3_334d,2025-09-18,6,15450.799884846268,0.2500369000044884,0,89,0,0,144,1,0,1200.0,0.0
ALL_Kall_linear_bias0_physical_v3_334d,2025-09-18,12,10499.430144611544,0.3190518000046722,0,38,0,0,144,1,0,1200.0,0.0
ALL_Kall_linear_bias0_physical_v3_334d,2025-09-18,18,11223.38496756601,0.2739054999983636,0,33,0,0,144,1,0,1200.0,0.0
ALL_Kall_linear_bias0_physical_v3_334d,2025-09-19,0,26365.64087311503,0.201069999995525,0,7,0,0,144,1,0,1200.0,0.0
ALL_Kall_linear_bias0_physical_v3_334d,2025-09-19,6,8676.590051665164,0.0815008999925339,0,33,0,0,144,1,0,1200.0,0.0
ALL_Kall_linear_bias0_physical_v3_334d,2025-09-19,12,10142.63852361955,0.2953088999929605,0,31,0,0,144,1,0,1200.0,0.0
ALL_Kall_linear_bias0_physical_v3_334d,2025-09-19,18,10280.01249919269,0.2579917999973986,0,31,0,0,144,1,0,1200.0,0.0
ALL_Kall_linear_bias0_physical_v3_334d,2025-09-20,0,23918.892464697445,0.3245472999988124,0,5,0,0,144,1,0,1200.0,0.0
ALL_Kall_linear_bias0_physical_v3_334d,2025-09-20,6,11120.531302659956,0.4480346000054851,0,32,0,0,144,1,0,1200.0,0.0
ALL_Kall_linear_bias0_physical_v3_334d,2025-09-20,12,15346.451658456454,0.1958540999912656,0,39,0,0,144,1,0,1200.0,0.0
ALL_Kall_linear_bias0_physical_v3_334d,2025-09-20,18,17772.742530950847,0.381454999995185,0,57,0,0,144,1,0,1200.0,0.0
ALL_Kall_linear_bias0_physical_v3_334d,2025-09-21,0,43493.317067786586,1.5878382000082638,0,37,0,0,144,1,0,1200.0,0.0
ALL_Kall_linear_bias0_physical_v3_334d,2025-09-21,6,12748.301692068731,0.346568599998136,0,38,0,0,144,1,0,1200.0,0.0
ALL_Kall_linear_bias0_physical_v3_334d,2025-09-21,12,14821.207009011376,0.3292091000039363,0,45,0,0,144,1,0,1200.0,0.0
ALL_Kall_linear_bias0_physical_v3_334d,2025-09-21,18,23258.66271388384,0.3512455000018235,0,69,0,0,144,1,0,1200.0,0.0
ALL_Kall_linear_bias0_physical_v3_334d,2025-09-22,0,51487.96640744266,0.5156552999978885,0,37,0,0,144,1,0,1200.0,0.0
ALL_Kall_linear_bias0_physical_v3_334d,2025-09-22,6,8106.502318618012,0.6050776999909431,0,27,0,0,144,1,0,1200.0,0.0
ALL_Kall_linear_bias0_physical_v3_334d,2025-09-22,12,17259.77800154519,0.2579636000009486,0,40,0,0,144,1,0,1200.0,0.0
ALL_Kall_linear_bias0_physical_v3_334d,2025-09-22,18,22508.757469850483,0.9546712000010302,0,62,0,0,144,1,0,1200.0,0.0
ALL_Kall_linear_bias0_physical_v3_334d,2025-09-23,0,50092.97438765001,2.174799200001871,0,35,0,0,144,1,0,1200.0,0.0
ALL_Kall_linear_bias0_physical_v3_334d,2025-09-23,6,9921.278998127178,0.3905691999971168,0,37,0,0,144,1,0,1200.0,0.0
ALL_Kall_linear_bias0_physical_v3_334d,2025-09-23,12,17051.668339906224,0.2746266999893123,0,45,0,0,144,1,0,1200.0,0.0
ALL_Kall_linear_bias0_physical_v3_334d,2025-09-23,18,23752.97038780469,0.3399907999992138,0,67,0,0,144,1,0,1200.0,0.0
ALL_Kall_linear_bias0_physical_v3_334d,2025-09-24,0,42709.65029461723,0.747002899996005,0,33,0,0,144,1,0,1200.0,0.0
ALL_Kall_linear_bias0_physical_v3_334d,2025-09-24,6,12851.17444505394,0.2950914000102784,0,83,0,0,144,1,0,1200.0,0.0
ALL_Kall_linear_bias0_physical_v3_334d,2025-09-24,12,17988.21328341505,0.2857547999883536,0,43,0,0,144,1,0,1200.0,0.0
ALL_Kall_linear_bias0_physical_v3_334d,2025-09-24,18,26936.181984876308,0.3351537999988068,0,61,0,0,144,1,0,1200.0,0.0
ALL_Kall_linear_bias0_physical_v3_334d,2025-09-25,0,47551.424483809526,0.8062800000043353,0,38,0,0,144,1,0,1200.0,0.0
ALL_Kall_linear_bias0_physical_v3_334d,2025-09-25,6,9186.831127861398,0.5752713999972912,0,54,0,0,144,1,0,1200.0,0.0
ALL_Kall_linear_bias0_physical_v3_334d,2025-09-25,12,17595.311690245704,1.0393309999926714,0,58,0,0,144,1,0,1200.0,0.0
ALL_Kall_linear_bias0_physical_v3_334d,2025-09-25,18,10762.920526855614,0.157937199997832,0,33,0,0,144,1,0,1200.0,0.0
ALL_Kall_linear_bias0_physical_v3_334d,2025-09-26,0,29005.381796732177,0.5625711000029696,0,27,0,0,144,1,0,1200.0,0.0
ALL_Kall_linear_bias0_physical_v3_334d,2025-09-26,6,7070.821286299734,0.1778304000035859,0,21,0,0,144,1,0,1200.0,0.0
ALL_Kall_linear_bias0_physical_v3_334d,2025-09-26,12,10459.698735926022,0.9167529999976978,0,40,0,0,144,1,0,1200.0,0.0
ALL_Kall_linear_bias0_physical_v3_334d,2025-09-26,18,10002.929078413195,0.3335229000076651,0,32,0,0,144,1,0,1200.0,0.0
ALL_Kall_linear_bias0_physical_v3_334d,2025-09-27,0,23667.096467370546,0.3368499000062002,0,6,0,0,144,1,0,1200.0,0.0
ALL_Kall_linear_bias0_physical_v3_334d,2025-09-27,6,13667.10224090594,0.5420025000057649,0,21,0,0,144,1,0,1200.0,0.0
ALL_Kall_linear_bias0_physical_v3_334d,2025-09-27,12,16984.755398445428,0.2486957999935839,0,44,0,0,144,1,0,1200.0,0.0
ALL_Kall_linear_bias0_physical_v3_334d,2025-09-27,18,19702.37287809203,0.2645407999953022,0,53,0,0,144,1,0,1200.0,0.0
ALL_Kall_linear_bias0_physical_v3_334d,2025-09-28,0,44252.77910415554,0.3989881000015884,0,38,0,0,144,1,0,1200.0,0.0
ALL_Kall_linear_bias0_physical_v3_334d,2025-09-28,6,17540.63743553428,0.4142267999995965,0,69,0,0,144,1,0,1200.0,0.0
ALL_Kall_linear_bias0_physical_v3_334d,2025-09-28,12,17525.15046209295,0.163761699994211,0,45,0,0,144,1,0,1200.0,0.0
ALL_Kall_linear_bias0_physical_v3_334d,2025-09-28,18,29370.020254354466,0.5258480000047712,0,59,0,0,144,1,0,1200.0,0.0
ALL_Kall_linear_bias0_physical_v3_334d,2025-09-29,0,50617.161965371975,1.9380249000096228,0,35,0,0,144,1,0,1200.0,0.0
ALL_Kall_linear_bias0_physical_v3_334d,2025-09-29,6,7439.768361720988,0.6488762000080897,0,28,0,0,144,1,0,1200.0,0.0
ALL_Kall_linear_bias0_physical_v3_334d,2025-09-29,12,16985.083304140546,0.3539922000054503,0,78,0,0,144,1,0,1200.0,0.0
ALL_Kall_linear_bias0_physical_v3_334d,2025-09-29,18,24431.383419134923,0.990142900001956,0,68,0,0,144,1,0,1200.0,0.0
ALL_Kall_linear_bias0_physical_v3_334d,2025-09-30,0,49860.14116814372,0.7409354999981588,0,39,0,0,144,1,0,1200.0,0.0
ALL_Kall_linear_bias0_physical_v3_334d,2025-09-30,6,10428.301845893271,1.254880399996182,0,34,0,0,144,1,0,1200.0,0.0
ALL_Kall_linear_bias0_physical_v3_334d,2025-09-30,12,16939.265047335113,0.4613125000032596,0,50,0,0,144,1,0,1200.0,0.0
ALL_Kall_linear_bias0_physical_v3_334d,2025-09-30,18,20281.120384771173,0.2523958000092534,0,57,0,0,144,1,0,1200.0,0.0
ALL_Kall_linear_bias0_physical_v3_334d,2025-10-01,0,46507.810433482686,0.30846320001001,0,42,0,0,144,1,0,1200.0,0.0
ALL_Kall_linear_bias0_physical_v3_334d,2025-10-01,6,9903.935919756605,0.4574960000027204,0,29,0,0,144,1,0,1200.0,0.0
ALL_Kall_linear_bias0_physical_v3_334d,2025-10-01,12,14926.844123139865,0.1696675999992294,0,41,0,0,144,1,0,1200.0,0.0
ALL_Kall_linear_bias0_physical_v3_334d,2025-10-01,18,20822.43206658837,0.2456016000069212,0,52,0,0,144,1,0,1200.0,0.0
ALL_Kall_linear_bias0_physical_v3_334d,2025-10-02,0,50567.93626392714,0.703836600005161,0,33,0,0,144,1,0,1200.0,0.0
ALL_Kall_linear_bias0_physical_v3_334d,2025-10-02,6,4893.215177879331,0.206047599989688,0,27,0,0,144,1,0,1200.0,0.0
ALL_Kall_linear_bias0_physical_v3_334d,2025-10-02,12,9531.22910995529,0.1563511000131257,0,35,0,0,144,1,0,1200.0,0.0
ALL_Kall_linear_bias0_physical_v3_334d,2025-10-02,18,11051.44978846878,0.560634299996309,0,31,0,0,144,1,0,1200.0,0.0
ALL_Kall_linear_bias0_physical_v3_334d,2025-10-03,0,22188.402522273973,0.6064843000058318,0,6,0,0,144,1,0,1200.0,0.0
ALL_Kall_linear_bias0_physical_v3_334d,2025-10-03,6,8573.360998722586,0.351563599993824,0,26,0,0,144,1,0,1200.0,0.0
ALL_Kall_linear_bias0_physical_v3_334d,2025-10-03,12,11544.832907800474,0.186373899996397,0,35,0,0,144,1,0,1200.0,0.0
ALL_Kall_linear_bias0_physical_v3_334d,2025-10-03,18,10078.55955611998,0.5061165999941295,0,31,0,0,144,1,0,1200.0,0.0
ALL_Kall_linear_bias0_physical_v3_334d,2025-10-04,0,25866.557331579414,0.2154095000005327,0,28,0,0,144,1,0,1200.0,0.0
ALL_Kall_linear_bias0_physical_v3_334d,2025-10-04,6,10444.901075183436,0.2411456999980146,0,24,0,0,144,1,0,1200.0,0.0
ALL_Kall_linear_bias0_physical_v3_334d,2025-10-04,12,22908.283506422194,0.1337677999981679,0,39,0,0,144,1,0,1200.0,0.0
ALL_Kall_linear_bias0_physical_v3_334d,2025-10-04,18,25128.448797267614,0.1957585999916773,0,61,0,0,144,1,0,1200.0,0.0
ALL_Kall_linear_bias0_physical_v3_334d,2025-10-05,0,47127.26066176714,0.157640999997966,0,32,0,0,144,1,0,1200.0,0.0
ALL_Kall_linear_bias0_physical_v3_334d,2025-10-05,6,8279.33027195893,0.115350899999612,0,37,0,0,144,1,0,1200.0,0.0
ALL_Kall_linear_bias0_physical_v3_334d,2025-10-05,12,20774.483241679765,0.2656939000007696,0,51,0,0,144,1,0,1200.0,0.0
ALL_Kall_linear_bias0_physical_v3_334d,2025-10-05,18,34437.24259569622,0.2495220999990124,0,52,0,0,144,1,0,1200.0,0.0
ALL_Kall_linear_bias0_physical_v3_334d,2025-10-06,0,42481.26257484275,0.2245106999907875,0,33,0,0,144,1,0,1200.0,0.0
ALL_Kall_linear_bias0_physical_v3_334d,2025-10-06,6,12823.561323709824,0.9058786999958102,0,66,0,0,144,1,0,1200.0,0.0
ALL_Kall_linear_bias0_physical_v3_334d,2025-10-06,12,17357.950633189153,0.127907399990363,0,47,0,0,144,1,0,1200.0,0.0
ALL_Kall_linear_bias0_physical_v3_334d,2025-10-06,18,20210.84977304468,0.1394553999998606,0,60,0,0,144,1,0,1200.0,0.0
ALL_Kall_linear_bias0_physical_v3_334d,2025-10-07,0,45292.323507463225,0.211801600002218,0,39,0,0,144,1,0,1200.0,0.0
ALL_Kall_linear_bias0_physical_v3_334d,2025-10-07,6,10415.044660436104,0.646804300005897,0,36,0,0,144,1,0,1200.0,0.0
ALL_Kall_linear_bias0_physical_v3_334d,2025-10-07,12,19396.804471233834,0.2242133000108879,0,44,0,0,144,1,0,1200.0,0.0
ALL_Kall_linear_bias0_physical_v3_334d,2025-10-07,18,22547.00847115603,0.2632279999961611,0,67,0,0,144,1,0,1200.0,0.0
ALL_Kall_linear_bias0_physical_v3_334d,2025-10-08,0,41469.83633439241,0.9497182999912184,0,40,0,0,144,1,0,1200.0,0.0
ALL_Kall_linear_bias0_physical_v3_334d,2025-10-08,6,9613.805177188373,0.3405387000093469,0,31,0,0,144,1,0,1200.0,0.0
ALL_Kall_linear_bias0_physical_v3_334d,2025-10-08,12,15062.634640143766,0.3102726999932201,0,45,0,0,144,1,0,1200.0,0.0
ALL_Kall_linear_bias0_physical_v3_334d,2025-10-08,18,27073.712076414828,0.2311473000008845,0,61,0,0,144,1,0,1200.0,0.0
ALL_Kall_linear_bias0_physical_v3_334d,2025-10-09,0,48115.98171582,0.2200332000065827,0,33,0,0,144,1,0,1200.0,0.0
ALL_Kall_linear_bias0_physical_v3_334d,2025-10-09,6,4272.812489977091,0.1282196999964071,0,23,0,0,144,1,0,1200.0,0.0
ALL_Kall_linear_bias0_physical_v3_334d,2025-10-09,12,10331.169462786582,0.5739241999981459,0,43,0,0,144,1,0,1200.0,0.0
ALL_Kall_linear_bias0_physical_v3_334d,2025-10-09,18,10711.273626383192,0.3033992999990005,0,33,0,0,144,1,0,1200.0,0.0
ALL_Kall_linear_bias0_physical_v3_334d,2025-10-10,0,22186.26461657678,0.7848596999974689,0,9,0,0,144,1,0,1200.0,0.0
ALL_Kall_linear_bias0_physical_v3_334d,2025-10-10,6,8104.668237538785,0.2965716000035172,0,25,0,0,144,1,0,1200.0,0.0
ALL_Kall_linear_bias0_physical_v3_334d,2025-10-10,12,10045.415521105104,1.0854055999952834,0,34,0,0,144,1,0,1200.0,0.0
ALL_Kall_linear_bias0_physical_v3_334d,2025-10-10,18,10265.644749669083,0.5359944999945583,0,32,0,0,144,1,0,1200.0,0.0
ALL_Kall_linear_bias0_physical_v3_334d,2025-10-11,0,22038.064579546768,0.1541120000038063,0,8,0,0,144,1,0,1200.0,0.0
ALL_Kall_linear_bias0_physical_v3_334d,2025-10-11,6,11281.762353907166,0.3482978999963961,0,20,0,0,144,1,0,1200.0,0.0
ALL_Kall_linear_bias0_physical_v3_334d,2025-10-11,12,18795.3092263744,0.1570919000077992,0,40,0,0,144,1,0,1200.0,0.0
ALL_Kall_linear_bias0_physical_v3_334d,2025-10-11,18,22438.27016496399,0.2567949000076623,0,60,0,0,144,1,0,1200.0,0.0
ALL_Kall_linear_bias0_physical_v3_334d,2025-10-12,0,41913.44688655393,0.7019896000128938,0,43,0,0,144,1,0,1200.0,0.0
ALL_Kall_linear_bias0_physical_v3_334d,2025-10-12,6,11223.41259681731,0.2896775999979581,0,35,0,0,144,1,0,1200.0,0.0
ALL_Kall_linear_bias0_physical_v3_334d,2025-10-12,12,17543.38733604773,0.2287344999931519,0,46,0,0,144,1,0,1200.0,0.0
ALL_Kall_linear_bias0_physical_v3_334d,2025-10-12,18,31768.80669017732,0.3017562000022735,0,52,0,0,144,1,0,1200.0,0.0
ALL_Kall_linear_bias0_physical_v3_334d,2025-10-13,0,45143.48447103703,0.7192678999999771,0,41,0,0,144,1,0,1200.0,0.0
ALL_Kall_linear_bias0_physical_v3_334d,2025-10-13,6,8977.456596235821,0.4180857000028481,0,28,0,0,144,1,0,1200.0,0.0
ALL_Kall_linear_bias0_physical_v3_334d,2025-10-13,12,15808.251066746754,0.172243699998944,0,45,0,0,144,1,0,1200.0,0.0
ALL_Kall_linear_bias0_physical_v3_334d,2025-10-13,18,29910.458662656318,0.1314563000050839,0,64,0,0,144,1,0,1200.0,0.0
ALL_Kall_linear_bias0_physical_v3_334d,2025-10-14,0,46944.4381232449,0.5641085999959614,0,34,0,0,144,1,0,1200.0,0.0
ALL_Kall_linear_bias0_physical_v3_334d,2025-10-14,6,7717.622953009999,0.3325283000012859,0,25,0,0,144,1,0,1200.0,0.0
ALL_Kall_linear_bias0_physical_v3_334d,2025-10-14,12,22015.587405549883,1.1353443000116386,0,96,0,0,144,1,0,1200.0,0.0
ALL_Kall_linear_bias0_physical_v3_334d,2025-10-14,18,35604.279406223744,0.3574396000039996,0,52,0,0,144,1,0,1200.0,0.0
ALL_Kall_linear_bias0_physical_v3_334d,2025-10-15,0,48719.05406657279,0.4249048000056064,0,37,0,0,144,1,0,1200.0,0.0
ALL_Kall_linear_bias0_physical_v3_334d,2025-10-15,6,7921.408049984808,0.4901976999972248,0,29,0,0,144,1,0,1200.0,0.0
ALL_Kall_linear_bias0_physical_v3_334d,2025-10-15,12,19054.67082708236,1.363124700001208,0,49,0,0,144,1,0,1200.0,0.0
ALL_Kall_linear_bias0_physical_v3_334d,2025-10-15,18,23271.630738405565,0.1848528999980772,0,60,0,0,144,1,0,1200.0,0.0
ALL_Kall_linear_bias0_physical_v3_334d,2025-10-16,0,46414.825314761074,0.2949585000023944,0,38,0,0,144,1,0,1200.0,0.0
ALL_Kall_linear_bias0_physical_v3_334d,2025-10-16,6,8768.375879997915,0.2824912999931257,0,50,0,0,144,1,0,1200.0,0.0
ALL_Kall_linear_bias0_physical_v3_334d,2025-10-16,12,12328.97464957307,0.1328720000019529,0,44,0,0,144,1,0,1200.0,0.0
ALL_Kall_linear_bias0_physical_v3_334d,2025-10-16,18,10322.88075211093,0.1255494999932125,0,30,0,0,144,1,0,1200.0,0.0
ALL_Kall_linear_bias0_physical_v3_334d,2025-10-17,0,20717.231601773103,0.2659138000017265,0,8,0,0,144,1,0,1200.0,0.0
ALL_Kall_linear_bias0_physical_v3_334d,2025-10-17,6,10011.01262206804,1.2932738999952562,0,20,0,0,144,1,0,1200.0,0.0
ALL_Kall_linear_bias0_physical_v3_334d,2025-10-17,12,10687.383800158535,0.2150785999983782,0,36,0,0,144,1,0,1200.0,0.0
ALL_Kall_linear_bias0_physical_v3_334d,2025-10-17,18,13728.387755005506,0.1893572000117274,0,49,0,0,144,1,0,1200.0,0.0
ALL_Kall_linear_bias0_physical_v3_334d,2025-10-18,0,23446.37910853634,0.5694597999972757,0,7,0,0,144,1,0,1200.0,0.0
ALL_Kall_linear_bias0_physical_v3_334d,2025-10-18,6,10348.110256151042,0.3173562000010861,0,21,0,0,144,1,0,1200.0,0.0
ALL_Kall_linear_bias0_physical_v3_334d,2025-10-18,12,22383.279390167758,0.1667018000007374,0,39,0,0,144,1,0,1200.0,0.0
ALL_Kall_linear_bias0_physical_v3_334d,2025-10-18,18,33753.26128198072,0.199160899996059,0,53,0,0,144,1,0,1200.0,0.0
ALL_Kall_linear_bias0_physical_v3_334d,2025-10-19,0,46496.49950467349,0.7827439000102459,0,39,0,0,144,1,0,1200.0,0.0
ALL_Kall_linear_bias0_physical_v3_334d,2025-10-19,6,10333.16712506439,0.3027671000018017,0,30,0,0,144,1,0,1200.0,0.0
ALL_Kall_linear_bias0_physical_v3_334d,2025-10-19,12,21709.70522995383,0.3759652000007918,0,45,0,0,144,1,0,1200.0,0.0
ALL_Kall_linear_bias0_physical_v3_334d,2025-10-19,18,34006.05858133189,0.2721049999963725,0,57,0,0,144,1,0,1200.0,0.0
ALL_Kall_linear_bias0_physical_v3_334d,2025-10-20,0,51743.91708419625,0.8014976999984356,0,36,0,0,144,1,0,1200.0,0.0
ALL_Kall_linear_bias0_physical_v3_334d,2025-10-20,6,9137.527567916362,0.4799166999873705,0,35,0,0,144,1,0,1200.0,0.0
ALL_Kall_linear_bias0_physical_v3_334d,2025-10-20,12,22431.510739528178,0.1295170000084908,0,39,0,0,144,1,0,1200.0,0.0
ALL_Kall_linear_bias0_physical_v3_334d,2025-10-20,18,33980.66577713902,0.1631822000053944,0,52,0,0,144,1,0,1200.0,0.0
ALL_Kall_linear_bias0_physical_v3_334d,2025-10-21,0,49184.43554308257,0.6109851000073832,0,35,0,0,144,1,0,1200.0,0.0
ALL_Kall_linear_bias0_physical_v3_334d,2025-10-21,6,11752.36548327735,0.2361584000027505,0,65,0,0,144,1,0,1200.0,0.0
ALL_Kall_linear_bias0_physical_v3_334d,2025-10-21,12,20366.44415221115,0.1462837999861221,0,44,0,0,144,1,0,1200.0,0.0
ALL_Kall_linear_bias0_physical_v3_334d,2025-10-21,18,22235.558114463085,0.2039174999954411,0,59,0,0,144,1,0,1200.0,0.0
ALL_Kall_linear_bias0_physical_v3_334d,2025-10-22,0,47115.39471567373,1.0421239999996033,0,37,0,0,144,1,0,1200.0,0.0
ALL_Kall_linear_bias0_physical_v3_334d,2025-10-22,6,10623.023963516642,0.3886334999988321,0,51,0,0,144,1,0,1200.0,0.0
ALL_Kall_linear_bias0_physical_v3_334d,2025-10-22,12,18352.21891941414,0.2479660000099102,0,47,0,0,144,1,0,1200.0,0.0
ALL_Kall_linear_bias0_physical_v3_334d,2025-10-22,18,29103.730737423844,0.3768353999912506,0,57,0,0,144,1,0,1200.0,0.0
ALL_Kall_linear_bias0_physical_v3_334d,2025-10-23,0,53661.31653875316,0.7317886999953771,0,30,0,0,144,1,0,1200.0,0.0
ALL_Kall_linear_bias0_physical_v3_334d,2025-10-23,6,5170.586619891196,0.2606284000066807,0,25,0,0,144,1,0,1200.0,0.0
ALL_Kall_linear_bias0_physical_v3_334d,2025-10-23,12,10808.743346123196,0.2811657999991439,0,40,0,0,144,1,0,1200.0,0.0
ALL_Kall_linear_bias0_physical_v3_334d,2025-10-23,18,14171.081484363714,0.3738256999931764,0,56,0,0,144,1,0,1200.0,0.0
ALL_Kall_linear_bias0_physical_v3_334d,2025-10-24,0,22340.785211865605,0.2649715000006836,0,10,0,0,144,1,0,1200.0,0.0
ALL_Kall_linear_bias0_physical_v3_334d,2025-10-24,6,9150.150385235507,0.2091089000023203,0,22,0,0,144,1,0,1200.0,0.0
ALL_Kall_linear_bias0_physical_v3_334d,2025-10-24,12,11722.844225005332,1.6134047999948962,0,39,0,0,144,1,0,1200.0,0.0
ALL_Kall_linear_bias0_physical_v3_334d,2025-10-24,18,9990.150260945353,0.1425423000036971,0,32,0,0,144,1,0,1200.0,0.0
ALL_Kall_linear_bias0_physical_v3_334d,2025-10-25,0,23758.24559008358,0.3569561999902362,0,27,0,0,144,1,0,1200.0,0.0
ALL_Kall_linear_bias0_physical_v3_334d,2025-10-25,6,10132.304315513818,0.4076789999962784,0,21,0,0,144,1,0,1200.0,0.0
ALL_Kall_linear_bias0_physical_v3_334d,2025-10-25,12,18117.85781233105,0.6365903999976581,0,49,0,0,144,1,0,1200.0,0.0
ALL_Kall_linear_bias0_physical_v3_334d,2025-10-25,18,32395.79898344257,0.1890857999969739,0,52,0,0,144,1,0,1200.0,0.0
ALL_Kall_linear_bias0_physical_v3_334d,2025-10-26,0,49677.635055480045,0.334054200007813,0,34,0,0,144,1,0,1200.0,0.0
ALL_Kall_linear_bias0_physical_v3_334d,2025-10-26,6,7824.347755164794,0.244938000003458,0,34,0,0,144,1,0,1200.0,0.0
ALL_Kall_linear_bias0_physical_v3_334d,2025-10-26,12,21478.61397839784,0.2277174000046216,0,81,0,0,144,1,0,1200.0,0.0
ALL_Kall_linear_bias0_physical_v3_334d,2025-10-26,18,31796.182986393163,0.2365366000012727,0,55,0,0,144,1,0,1200.0,0.0
ALL_Kall_linear_bias0_physical_v3_334d,2025-10-27,0,46218.94932704462,0.2844408999953884,0,39,0,0,144,1,0,1200.0,0.0
ALL_Kall_linear_bias0_physical_v3_334d,2025-10-27,6,16003.387810044253,0.7661611999938032,0,64,0,0,144,1,0,1200.0,0.0
ALL_Kall_linear_bias0_physical_v3_334d,2025-10-27,12,18639.34967083941,0.6038985999912256,0,47,0,0,144,1,0,1200.0,0.0
ALL_Kall_linear_bias0_physical_v3_334d,2025-10-27,18,32566.849227293143,0.4087082000041846,0,53,0,0,144,1,0,1200.0,0.0
ALL_Kall_linear_bias0_physical_v3_334d,2025-10-28,0,46387.43419146496,0.2877843999885954,0,39,0,0,144,1,0,1200.0,0.0
ALL_Kall_linear_bias0_physical_v3_334d,2025-10-28,6,14563.513715975016,0.2936351999960607,0,43,0,0,144,1,0,1200.0,0.0
ALL_Kall_linear_bias0_physical_v3_334d,2025-10-28,12,17755.288257878492,0.2285662000067532,0,46,0,0,144,1,0,1200.0,0.0
ALL_Kall_linear_bias0_physical_v3_334d,2025-10-28,18,36860.17895866256,0.1642347000015434,0,59,0,0,144,1,0,1200.0,0.0
ALL_Kall_linear_bias0_physical_v3_334d,2025-10-29,0,52093.29803328408,0.2177705000067362,0,33,0,0,144,1,0,1200.0,0.0
ALL_Kall_linear_bias0_physical_v3_334d,2025-10-29,6,10114.823863852012,0.4810691000020597,0,35,0,0,144,1,0,1200.0,0.0
ALL_Kall_linear_bias0_physical_v3_334d,2025-10-29,12,20056.479280295804,0.1640963999961968,0,49,0,0,144,1,0,1200.0,0.0
ALL_Kall_linear_bias0_physical_v3_334d,2025-10-29,18,36739.61493331831,0.1334998999955132,0,56,0,0,144,1,0,1200.0,0.0
ALL_Kall_linear_bias0_physical_v3_334d,2025-10-30,0,46246.64970647993,0.8271909999893978,0,39,0,0,144,1,0,1200.0,0.0
ALL_Kall_linear_bias0_physical_v3_334d,2025-10-30,6,9200.778386301832,0.1993014000036055,0,42,0,0,144,1,0,1200.0,0.0
ALL_Kall_linear_bias0_physical_v3_334d,2025-10-30,12,11423.649876012272,0.7695287999958964,0,51,0,0,144,1,0,1200.0,0.0
ALL_Kall_linear_bias0_physical_v3_334d,2025-10-30,18,11137.91587224794,0.610330099996645,0,34,0,0,144,1,0,1200.0,0.0
ALL_Kall_linear_bias0_physical_v3_334d,2025-10-31,0,26182.32573301288,0.136443399998825,0,29,0,0,144,1,0,1200.0,0.0
ALL_Kall_linear_bias0_physical_v3_334d,2025-10-31,6,7107.610949962887,0.1907692000095266,0,20,0,0,144,1,0,1200.0,0.0
ALL_Kall_linear_bias0_physical_v3_334d,2025-10-31,12,10394.40676735332,0.4440556000045035,0,37,0,0,144,1,0,1200.0,0.0
ALL_Kall_linear_bias0_physical_v3_334d,2025-10-31,18,16167.917318318856,3.083053199996357,0,56,0,0,144,1,0,1200.0,0.0
ALL_Kall_linear_bias0_physical_v3_334d,2025-11-01,0,23321.81838377088,0.1269029999966733,0,8,0,0,144,1,0,1200.0,0.0
ALL_Kall_linear_bias0_physical_v3_334d,2025-11-01,6,10133.01629344332,0.5505874999944353,0,21,0,0,144,1,0,1200.0,0.0
ALL_Kall_linear_bias0_physical_v3_334d,2025-11-01,12,18480.98392174931,0.2180041999963577,0,50,0,0,144,1,0,1200.0,0.0
ALL_Kall_linear_bias0_physical_v3_334d,2025-11-01,18,32948.52203987246,0.3674971000000369,0,56,0,0,144,1,0,1200.0,0.0
ALL_Kall_linear_bias0_physical_v3_334d,2025-11-02,0,48339.49219976853,0.2994280999992043,0,37,0,0,144,1,0,1200.0,0.0
ALL_Kall_linear_bias0_physical_v3_334d,2025-11-02,6,15372.849532735692,0.1775625999871408,0,89,0,0,144,1,0,1200.0,0.0
ALL_Kall_linear_bias0_physical_v3_334d,2025-11-02,12,18921.640824563176,0.3474299999943468,0,45,0,0,144,1,0,1200.0,0.0
ALL_Kall_linear_bias0_physical_v3_334d,2025-11-02,18,33950.2934984994,0.1929507000022567,0,52,0,0,144,1,0,1200.0,0.0
ALL_Kall_linear_bias0_physical_v3_334d,2025-11-03,0,53429.66407848472,0.1501210000133142,0,29,0,0,144,1,0,1200.0,0.0
ALL_Kall_linear_bias0_physical_v3_334d,2025-11-03,6,9359.953974666414,0.6797234999976354,0,33,0,0,144,1,0,1200.0,0.0
ALL_Kall_linear_bias0_physical_v3_334d,2025-11-03,12,18796.308659619892,0.3541316000046208,0,43,0,0,144,1,0,1200.0,0.0
ALL_Kall_linear_bias0_physical_v3_334d,2025-11-03,18,33045.30591881231,0.4503071000071941,0,56,0,0,144,1,0,1200.0,0.0
ALL_Kall_linear_bias0_physical_v3_334d,2025-11-04,0,49534.36658932017,0.2457500999880721,0,36,0,0,144,1,0,1200.0,0.0
ALL_Kall_linear_bias0_physical_v3_334d,2025-11-04,6,11509.552464681898,1.0040217000059783,0,53,0,0,144,1,0,1200.0,0.0
ALL_Kall_linear_bias0_physical_v3_334d,2025-11-04,12,18662.76485002264,0.3529065000038827,0,42,0,0,144,1,0,1200.0,0.0
ALL_Kall_linear_bias0_physical_v3_334d,2025-11-04,18,44663.13648528178,0.2981616000033682,0,54,0,0,144,1,0,1200.0,0.0
ALL_Kall_linear_bias0_physical_v3_334d,2025-11-05,0,55057.78942840418,0.2887906999967526,0,30,0,0,144,1,0,1200.0,0.0
ALL_Kall_linear_bias0_physical_v3_334d,2025-11-05,6,7638.466411853542,0.1807050999923376,0,26,0,0,144,1,0,1200.0,0.0
ALL_Kall_linear_bias0_physical_v3_334d,2025-11-05,12,24336.65820178313,1.2315893000049982,0,49,0,0,144,1,0,1200.0,0.0
ALL_Kall_linear_bias0_physical_v3_334d,2025-11-05,18,35020.20908158027,0.3376700000080745,0,52,0,0,144,1,0,1200.0,0.0
ALL_Kall_linear_bias0_physical_v3_334d,2025-11-06,0,50982.46100563281,0.464358600002015,0,29,0,0,144,1,0,1200.0,0.0
ALL_Kall_linear_bias0_physical_v3_334d,2025-11-06,6,10056.922818704632,0.0911636999953771,0,70,0,0,144,1,0,1200.0,0.0
ALL_Kall_linear_bias0_physical_v3_334d,2025-11-06,12,11346.289779559533,0.1279636000108439,0,44,0,0,144,1,0,1200.0,0.0
ALL_Kall_linear_bias0_physical_v3_334d,2025-11-06,18,14204.113336617296,0.211788799992064,0,58,0,0,144,1,0,1200.0,0.0
ALL_Kall_linear_bias0_physical_v3_334d,2025-11-07,0,23733.792227406208,0.6937307000043802,0,26,0,0,144,1,0,1200.0,0.0
ALL_Kall_linear_bias0_physical_v3_334d,2025-11-07,6,8758.715059884755,0.102423499993165,0,69,0,0,144,1,0,1200.0,0.0
ALL_Kall_linear_bias0_physical_v3_334d,2025-11-07,12,10998.735699903766,0.1236214999953517,0,35,0,0,144,1,0,1200.0,0.0
ALL_Kall_linear_bias0_physical_v3_334d,2025-11-07,18,10637.330904089134,0.3610635000077309,0,33,0,0,144,1,0,1200.0,0.0
ALL_Kall_linear_bias0_physical_v3_334d,2025-11-08,0,24365.95797887469,0.2359763000131352,0,29,0,0,144,1,0,1200.0,0.0
ALL_Kall_linear_bias0_physical_v3_334d,2025-11-08,6,10295.533277500932,0.1779339999920921,0,30,0,0,144,1,0,1200.0,0.0
ALL_Kall_linear_bias0_physical_v3_334d,2025-11-08,12,20514.572703336435,0.4599350000062259,0,48,0,0,144,1,0,1200.0,0.0
ALL_Kall_linear_bias0_physical_v3_334d,2025-11-08,18,35230.71816257376,0.3354014999931678,0,54,0,0,144,1,0,1200.0,0.0
ALL_Kall_linear_bias0_physical_v3_334d,2025-11-09,0,51135.35473257089,1.074394700000994,0,29,0,0,144,1,0,1200.0,0.0
ALL_Kall_linear_bias0_physical_v3_334d,2025-11-09,6,11128.109459970428,0.4260042999958386,0,43,0,0,144,1,0,1200.0,0.0
ALL_Kall_linear_bias0_physical_v3_334d,2025-11-09,12,25345.61905816409,0.4450333999993745,0,54,0,0,144,1,0,1200.0,0.0
ALL_Kall_linear_bias0_physical_v3_334d,2025-11-09,18,41539.3509367396,0.2940582000010181,0,54,0,0,144,1,0,1200.0,0.0
ALL_Kall_linear_bias0_physical_v3_334d,2025-11-10,0,53931.71618271902,0.6690841000090586,0,34,0,0,144,1,0,1200.0,0.0
ALL_Kall_linear_bias0_physical_v3_334d,2025-11-10,6,11571.645628438908,0.2304836000112118,0,54,0,0,144,1,0,1200.0,0.0
ALL_Kall_linear_bias0_physical_v3_334d,2025-11-10,12,17273.826825466353,0.4117202999914298,0,44,0,0,144,1,0,1200.0,0.0
ALL_Kall_linear_bias0_physical_v3_334d,2025-11-10,18,32294.71080303986,0.3280744000076083,0,55,0,0,144,1,0,1200.0,0.0
ALL_Kall_linear_bias0_physical_v3_334d,2025-11-11,0,56097.17409387041,0.1847912999946857,0,31,0,0,144,1,0,1200.0,0.0
ALL_Kall_linear_bias0_physical_v3_334d,2025-11-11,6,8798.482209071337,0.4613478000101167,0,30,0,0,144,1,0,1200.0,0.0
ALL_Kall_linear_bias0_physical_v3_334d,2025-11-11,12,23554.77824819804,0.6403618999902392,0,40,0,0,144,1,0,1200.0,0.0
ALL_Kall_linear_bias0_physical_v3_334d,2025-11-11,18,32836.661929419075,0.5338364000053843,0,56,0,0,144,1,0,1200.0,0.0
ALL_Kall_linear_bias0_physical_v3_334d,2025-11-12,0,52207.105534015456,0.7430510999984108,0,33,0,0,144,1,0,1200.0,0.0
ALL_Kall_linear_bias0_physical_v3_334d,2025-11-12,6,13322.277812068654,0.7447479000111343,0,60,0,0,144,1,0,1200.0,0.0
ALL_Kall_linear_bias0_physical_v3_334d,2025-11-12,12,19027.883439275,0.1908880999981193,0,45,0,0,144,1,0,1200.0,0.0
ALL_Kall_linear_bias0_physical_v3_334d,2025-11-12,18,34458.39906334126,0.2513750000071013,0,55,0,0,144,1,0,1200.0,0.0
ALL_Kall_linear_bias0_physical_v3_334d,2025-11-13,0,50950.88829028005,0.2321938999957638,0,34,0,0,144,1,0,1200.0,0.0
ALL_Kall_linear_bias0_physical_v3_334d,2025-11-13,6,9256.574662596828,0.8491999999969266,0,51,0,0,144,1,0,1200.0,0.0
ALL_Kall_linear_bias0_physical_v3_334d,2025-11-13,12,12190.66322200768,0.1286156999995,0,53,0,0,144,1,0,1200.0,0.0
ALL_Kall_linear_bias0_physical_v3_334d,2025-11-13,18,13852.389114409889,0.1304625000047963,0,64,0,0,144,1,0,1200.0,0.0
ALL_Kall_linear_bias0_physical_v3_334d,2025-11-14,0,25796.20627879275,0.1474450999958207,0,30,0,0,144,1,0,1200.0,0.0
ALL_Kall_linear_bias0_physical_v3_334d,2025-11-14,6,7229.011180080319,0.0943476000102236,0,22,0,0,144,1,0,1200.0,0.0
ALL_Kall_linear_bias0_physical_v3_334d,2025-11-14,12,11202.971314973469,0.408241299999645,0,49,0,0,144,1,0,1200.0,0.0
ALL_Kall_linear_bias0_physical_v3_334d,2025-11-14,18,12581.182432470385,0.1508222999982535,0,55,0,0,144,1,0,1200.0,0.0
ALL_Kall_linear_bias0_physical_v3_334d,2025-11-15,0,27371.733803232462,0.2776047000079416,0,33,0,0,144,1,0,1200.0,0.0
ALL_Kall_linear_bias0_physical_v3_334d,2025-11-15,6,9620.679006353026,0.1855387000105111,0,24,0,0,144,1,0,1200.0,0.0
ALL_Kall_linear_bias0_physical_v3_334d,2025-11-15,12,21208.568896734083,0.3828204000019468,0,40,0,0,144,1,0,1200.0,0.0
ALL_Kall_linear_bias0_physical_v3_334d,2025-11-15,18,34773.33567294698,0.311280900001293,0,54,0,0,144,1,0,1200.0,0.0
ALL_Kall_linear_bias0_physical_v3_334d,2025-11-16,0,51482.03246460187,0.3504056999954628,0,34,0,0,144,1,0,1200.0,0.0
ALL_Kall_linear_bias0_physical_v3_334d,2025-11-16,6,15119.07796653538,0.9597928000002868,0,68,0,0,144,1,0,1200.0,0.0
ALL_Kall_linear_bias0_physical_v3_334d,2025-11-16,12,26744.07214141493,0.6271909000060987,0,49,0,0,144,1,0,1200.0,0.0
ALL_Kall_linear_bias0_physical_v3_334d,2025-11-16,18,31676.957510099877,0.4020365999895148,0,60,0,0,144,1,0,1200.0,0.0
ALL_Kall_linear_bias0_physical_v3_334d,2025-11-17,0,51590.544888731376,0.290600499996799,0,35,0,0,144,1,0,1200.0,0.0
ALL_Kall_linear_bias0_physical_v3_334d,2025-11-17,6,16167.463489585722,2.404162199993152,0,90,0,0,144,1,0,1200.0,0.0
ALL_Kall_linear_bias0_physical_v3_334d,2025-11-17,12,24479.726780178087,0.1490937000053236,0,49,0,0,144,1,0,1200.0,0.0
ALL_Kall_linear_bias0_physical_v3_334d,2025-11-17,18,36277.02401956232,0.1609975999890593,0,53,0,0,144,1,0,1200.0,0.0
ALL_Kall_linear_bias0_physical_v3_334d,2025-11-18,0,54214.089165233774,0.4447770999977365,0,30,0,0,144,1,0,1200.0,0.0
ALL_Kall_linear_bias0_physical_v3_334d,2025-11-18,6,8957.569715708198,1.2723986000055447,0,30,0,0,144,1,0,1200.0,0.0
ALL_Kall_linear_bias0_physical_v3_334d,2025-11-18,12,26728.926709733198,0.1046848999976646,0,60,0,0,144,1,0,1200.0,0.0
ALL_Kall_linear_bias0_physical_v3_334d,2025-11-18,18,35642.98721803516,0.1806841000070562,0,52,0,0,144,1,0,1200.0,0.0
ALL_Kall_linear_bias0_physical_v3_334d,2025-11-19,0,53439.25665770793,0.5258390000090003,0,30,0,0,144,1,0,1200.0,0.0
ALL_Kall_linear_bias0_physical_v3_334d,2025-11-19,6,14692.50626214495,1.0041939000075215,0,67,0,0,144,1,0,1200.0,0.0
ALL_Kall_linear_bias0_physical_v3_334d,2025-11-19,12,26268.531060252724,0.1119590000016614,0,44,0,0,144,1,0,1200.0,0.0
ALL_Kall_linear_bias0_physical_v3_334d,2025-11-19,18,36930.43639263391,0.1623911000060616,0,54,0,0,144,1,0,1200.0,0.0
ALL_Kall_linear_bias0_physical_v3_334d,2025-11-20,0,53754.45697706989,0.1496206000010715,0,30,0,0,144,1,0,1200.0,0.0
ALL_Kall_linear_bias0_physical_v3_334d,2025-11-20,6,8250.32189555632,0.673997000005329,0,43,0,0,144,1,0,1200.0,0.0
ALL_Kall_linear_bias0_physical_v3_334d,2025-11-20,12,11759.33524352939,0.2704414000036195,0,51,0,0,144,1,0,1200.0,0.0
ALL_Kall_linear_bias0_physical_v3_334d,2025-11-20,18,16594.6903261527,0.2452577000076417,0,55,0,0,144,1,0,1200.0,0.0
ALL_Kall_linear_bias0_physical_v3_334d,2025-11-21,0,26104.523412952545,0.3841447000013431,0,31,0,0,144,1,0,1200.0,0.0
ALL_Kall_linear_bias0_physical_v3_334d,2025-11-21,6,9171.967572556696,0.1027850999962538,0,81,0,0,144,1,0,1200.0,0.0
ALL_Kall_linear_bias0_physical_v3_334d,2025-11-21,12,10736.510940060994,0.4900849000114249,0,44,0,0,144,1,0,1200.0,0.0
ALL_Kall_linear_bias0_physical_v3_334d,2025-11-21,18,11648.43483819707,0.1492287000000942,0,36,0,0,144,1,0,1200.0,0.0
ALL_Kall_linear_bias0_physical_v3_334d,2025-11-22,0,27813.951719911,0.4108471999934409,0,40,0,0,144,1,0,1200.0,0.0
ALL_Kall_linear_bias0_physical_v3_334d,2025-11-22,6,9631.29559431128,0.3384864000108791,0,27,0,0,144,1,0,1200.0,0.0
ALL_Kall_linear_bias0_physical_v3_334d,2025-11-22,12,22504.00498687516,0.1568637000018498,0,54,0,0,144,1,0,1200.0,0.0
ALL_Kall_linear_bias0_physical_v3_334d,2025-11-22,18,37442.00252796123,0.2593606000009458,0,56,0,0,144,1,0,1200.0,0.0
ALL_Kall_linear_bias0_physical_v3_334d,2025-11-23,0,51770.45800129834,0.5226972999953432,0,32,0,0,144,1,0,1200.0,0.0
ALL_Kall_linear_bias0_physical_v3_334d,2025-11-23,6,15693.093889978418,0.951098000005004,0,77,0,0,144,1,0,1200.0,0.0
ALL_Kall_linear_bias0_physical_v3_334d,2025-11-23,12,24153.62419702205,0.2016596000030404,0,45,0,0,144,1,0,1200.0,0.0
ALL_Kall_linear_bias0_physical_v3_334d,2025-11-23,18,40150.505295226845,0.5865357000002405,0,53,0,0,144,1,0,1200.0,0.0
ALL_Kall_linear_bias0_physical_v3_334d,2025-11-24,0,53253.71405213564,1.1018401000037557,0,30,0,0,144,1,0,1200.0,0.0
ALL_Kall_linear_bias0_physical_v3_334d,2025-11-24,6,10691.947820868809,0.4570349999994505,0,63,0,0,144,1,0,1200.0,0.0
ALL_Kall_linear_bias0_physical_v3_334d,2025-11-24,12,22670.640318469777,0.2188874999992549,0,50,0,0,144,1,0,1200.0,0.0
ALL_Kall_linear_bias0_physical_v3_334d,2025-11-24,18,35969.10159277669,0.1548058999906061,0,55,0,0,144,1,0,1200.0,0.0
ALL_Kall_linear_bias0_physical_v3_334d,2025-11-25,0,61706.39004917524,0.2397839000041131,0,32,0,0,144,1,0,1200.0,0.0
ALL_Kall_linear_bias0_physical_v3_334d,2025-11-25,6,7786.0161919100765,0.6985628000111319,0,34,0,0,144,1,0,1200.0,0.0
ALL_Kall_linear_bias0_physical_v3_334d,2025-11-25,12,21193.984380396047,0.3479126000020187,0,43,0,0,144,1,0,1200.0,0.0
ALL_Kall_linear_bias0_physical_v3_334d,2025-11-25,18,37304.38978811173,0.3056890000007115,0,53,0,0,144,1,0,1200.0,0.0
ALL_Kall_linear_bias0_physical_v3_334d,2025-11-26,0,57909.37734780926,0.799698000002536,0,31,0,0,144,1,0,1200.0,0.0
ALL_Kall_linear_bias0_physical_v3_334d,2025-11-26,6,10305.770327593558,0.8898569000011776,0,40,0,0,144,1,0,1200.0,0.0
ALL_Kall_linear_bias0_physical_v3_334d,2025-11-26,12,24676.02709147703,0.2143418000050587,0,45,0,0,144,1,0,1200.0,0.0
ALL_Kall_linear_bias0_physical_v3_334d,2025-11-26,18,34115.56451293861,0.310062000004109,0,55,0,0,144,1,0,1200.0,0.0
ALL_Kall_linear_bias0_physical_v3_334d,2025-11-27,0,56117.93057742096,1.1959206000028644,0,30,0,0,144,1,0,1200.0,0.0
ALL_Kall_linear_bias0_physical_v3_334d,2025-11-27,6,8721.333765786976,0.2557231000100728,0,45,0,0,144,1,0,1200.0,0.0
ALL_Kall_linear_bias0_physical_v3_334d,2025-11-27,12,13151.090876321095,0.4360430000087945,0,49,0,0,144,1,0,1200.0,0.0
ALL_Kall_linear_bias0_physical_v3_334d,2025-11-27,18,12154.28013333159,0.2129790000035427,0,37,0,0,144,1,0,1200.0,0.0
ALL_Kall_linear_bias0_physical_v3_334d,2025-11-28,0,27314.43147437749,0.6386032000009436,0,35,0,0,144,1,0,1200.0,0.0
ALL_Kall_linear_bias0_physical_v3_334d,2025-11-28,6,8548.494763131832,0.3198792999901343,0,52,0,0,144,1,0,1200.0,0.0
ALL_Kall_linear_bias0_physical_v3_334d,2025-11-28,12,11098.99816356263,0.4108351999893784,0,41,0,0,144,1,0,1200.0,0.0
ALL_Kall_linear_bias0_physical_v3_334d,2025-11-28,18,12155.847600186064,0.3093836000043666,0,49,0,0,144,1,0,1200.0,0.0
ALL_Kall_linear_bias0_physical_v3_334d,2025-11-29,0,32210.334787225736,0.2221412000071723,0,34,0,0,144,1,0,1200.0,0.0
ALL_Kall_linear_bias0_physical_v3_334d,2025-11-29,6,8755.299448160436,0.6501044000033289,0,28,0,0,144,1,0,1200.0,0.0
ALL_Kall_linear_bias0_physical_v3_334d,2025-11-29,12,25214.372428946903,0.3390700999880209,0,51,0,0,144,1,0,1200.0,0.0
ALL_Kall_linear_bias0_physical_v3_334d,2025-11-29,18,34001.772693723535,0.4571715000056429,0,55,0,0,144,1,0,1200.0,0.0
ALL_Kall_linear_bias0_physical_v3_334d,2025-11-30,0,55637.48705854823,0.5239529999962542,0,28,0,0,144,1,0,1200.0,0.0
ALL_Kall_linear_bias0_physical_v3_334d,2025-11-30,6,13941.33915210171,0.9326444000034826,0,76,0,0,144,1,0,1200.0,0.0
ALL_Kall_linear_bias0_physical_v3_334d,2025-11-30,12,25860.30539306797,0.2997125999972923,0,55,0,0,144,1,0,1200.0,0.0
ALL_Kall_linear_bias0_physical_v3_334d,2025-11-30,18,37663.87420950824,0.4279690999974264,0,52,0,0,144,1,0,1200.0,0.0
ALL_Kall_linear_bias0_physical_v3_334d,2025-12-01,0,60681.17840655409,0.9082803999917816,0,31,0,0,144,1,0,1200.0,0.0
ALL_Kall_linear_bias0_physical_v3_334d,2025-12-01,6,9454.951269795776,0.5701952999952482,0,46,0,0,144,1,0,1200.0,0.0
ALL_Kall_linear_bias0_physical_v3_334d,2025-12-01,12,26537.83749120459,0.3011391999898478,0,52,0,0,144,1,0,1200.0,0.0
ALL_Kall_linear_bias0_physical_v3_334d,2025-12-01,18,38819.53187586388,0.442659399996046,0,54,0,0,144,1,0,1200.0,0.0
ALL_Kall_linear_bias0_physical_v3_334d,2025-12-02,0,63453.919034969294,0.289893100009067,0,31,0,0,144,1,0,1200.0,0.0
ALL_Kall_linear_bias0_physical_v3_334d,2025-12-02,6,11005.685621588527,0.7952140000124928,0,41,0,0,144,1,0,1200.0,0.0
ALL_Kall_linear_bias0_physical_v3_334d,2025-12-02,12,30151.408417828585,0.4738441000081366,0,45,0,0,144,1,0,1200.0,0.0
ALL_Kall_linear_bias0_physical_v3_334d,2025-12-02,18,38435.12377779384,0.5168043000012403,0,53,0,0,144,1,0,1200.0,0.0
ALL_Kall_linear_bias0_physical_v3_334d,2025-12-03,0,57677.63180761701,0.4745369000011123,0,31,0,0,144,1,0,1200.0,0.0
ALL_Kall_linear_bias0_physical_v3_334d,2025-12-03,6,16034.539958589545,1.016062900001998,0,72,0,0,144,1,0,1200.0,0.0
ALL_Kall_linear_bias0_physical_v3_334d,2025-12-03,12,24276.639850870757,0.2179096000036224,0,63,0,0,144,1,0,1200.0,0.0
ALL_Kall_linear_bias0_physical_v3_334d,2025-12-03,18,39579.13803547602,0.3840611999912653,0,53,0,0,144,1,0,1200.0,0.0
ALL_Kall_linear_bias0_physical_v3_334d,2025-12-04,0,64996.30493510984,0.6183449999953154,0,32,0,0,144,1,0,1200.0,0.0
ALL_Kall_linear_bias0_physical_v3_334d,2025-12-04,6,7968.214183495375,0.2968638000020291,0,43,0,0,144,1,0,1200.0,0.0
ALL_Kall_linear_bias0_physical_v3_334d,2025-12-04,12,14625.61088535994,0.4972074999968754,0,51,0,0,144,1,0,1200.0,0.0
ALL_Kall_linear_bias0_physical_v3_334d,2025-12-04,18,28224.23903600733,0.5736973000020953,0,52,0,0,144,1,0,1200.0,0.0
ALL_Kall_linear_bias0_physical_v3_334d,2025-12-05,0,35383.04913200968,0.1306799000012688,0,33,0,0,144,1,0,1200.0,0.0
ALL_Kall_linear_bias0_physical_v3_334d,2025-12-05,6,8716.608741781949,0.2228811000095447,0,36,0,0,144,1,0,1200.0,0.0
ALL_Kall_linear_bias0_physical_v3_334d,2025-12-05,12,13567.60741151566,0.5004966999986209,0,52,0,0,144,1,0,1200.0,0.0
ALL_Kall_linear_bias0_physical_v3_334d,2025-12-05,18,19066.354285712318,0.6724517999973614,0,58,0,0,144,1,0,1200.0,0.0
ALL_Kall_linear_bias0_physical_v3_334d,2025-12-06,0,32212.169928484826,0.1946594000037294,0,37,0,0,144,1,0,1200.0,0.0
ALL_Kall_linear_bias0_physical_v3_334d,2025-12-06,6,9550.774979380923,0.3063230999978259,0,28,0,0,144,1,0,1200.0,0.0
ALL_Kall_linear_bias0_physical_v3_334d,2025-12-06,12,27515.41661747866,0.2933623999997508,0,53,0,0,144,1,0,1200.0,0.0
ALL_Kall_linear_bias0_physical_v3_334d,2025-12-06,18,44604.81209764169,0.4854659000120591,0,54,0,0,144,1,0,1200.0,0.0
ALL_Kall_linear_bias0_physical_v3_334d,2025-12-07,0,62402.2842669462,0.3775250999897253,0,30,0,0,144,1,0,1200.0,0.0
ALL_Kall_linear_bias0_physical_v3_334d,2025-12-07,6,9323.449529737083,0.23252630000934,0,34,0,0,144,1,0,1200.0,0.0
ALL_Kall_linear_bias0_physical_v3_334d,2025-12-07,12,32708.58508927489,0.2628741000080481,0,72,0,0,144,1,0,1200.0,0.0
ALL_Kall_linear_bias0_physical_v3_334d,2025-12-07,18,45338.7015678011,0.5327302999940002,0,62,0,0,144,1,0,1200.0,0.0
ALL_Kall_linear_bias0_physical_v3_334d,2025-12-08,0,70566.95539643892,0.1442861999967135,0,31,0,0,144,1,0,1200.0,0.0
ALL_Kall_linear_bias0_physical_v3_334d,2025-12-08,6,12087.591583066876,0.360990999994101,0,41,0,0,144,1,0,1200.0,0.0
ALL_Kall_linear_bias0_physical_v3_334d,2025-12-08,12,33915.91907025212,1.3329589999921154,0,50,0,0,144,1,0,1200.0,0.0
ALL_Kall_linear_bias0_physical_v3_334d,2025-12-08,18,51690.732648822464,0.5114561999944272,0,54,0,0,144,1,0,1200.0,0.0
ALL_Kall_linear_bias0_physical_v3_334d,2025-12-09,0,69604.14230344929,0.2394306000060169,0,32,0,0,144,1,0,1200.0,0.0
ALL_Kall_linear_bias0_physical_v3_334d,2025-12-09,6,11047.809918619145,0.1100766000017756,0,42,0,0,144,1,0,1200.0,0.0
ALL_Kall_linear_bias0_physical_v3_334d,2025-12-09,12,30801.337803862105,0.2679705000045942,0,54,0,0,144,1,0,1200.0,0.0
ALL_Kall_linear_bias0_physical_v3_334d,2025-12-09,18,43039.898210089545,1.0678473000007216,0,53,0,0,144,1,0,1200.0,0.0
ALL_Kall_linear_bias0_physical_v3_334d,2025-12-10,0,66538.41918681365,0.2524019999982556,0,34,0,0,144,1,0,1200.0,0.0
ALL_Kall_linear_bias0_physical_v3_334d,2025-12-10,6,14468.411731643351,0.2918103000120027,0,62,0,0,144,1,0,1200.0,0.0
ALL_Kall_linear_bias0_physical_v3_334d,2025-12-10,12,31052.1017383949,0.2727832000091439,0,49,0,0,144,1,0,1200.0,0.0
ALL_Kall_linear_bias0_physical_v3_334d,2025-12-10,18,48496.50490825909,0.4591740000032587,0,53,0,0,144,1,0,1200.0,0.0
ALL_Kall_linear_bias0_physical_v3_334d,2025-12-11,0,69101.35804654186,0.2881824999931268,0,31,0,0,144,1,0,1200.0,0.0
ALL_Kall_linear_bias0_physical_v3_334d,2025-12-11,6,8634.654476435406,1.7498259999993024,0,32,0,0,144,1,0,1200.0,0.0
ALL_Kall_linear_bias0_physical_v3_334d,2025-12-11,12,18413.44072298713,0.4322560000000521,0,58,0,0,144,1,0,1200.0,0.0
ALL_Kall_linear_bias0_physical_v3_334d,2025-12-11,18,29197.575598724063,0.4064092000044184,0,54,0,0,144,1,0,1200.0,0.0
ALL_Kall_linear_bias0_physical_v3_334d,2025-12-12,0,39630.708928033455,0.2721334999951068,0,33,0,0,144,1,0,1200.0,0.0
ALL_Kall_linear_bias0_physical_v3_334d,2025-12-12,6,10728.446866799217,1.3774734999897191,0,57,0,0,144,1,0,1200.0,0.0
ALL_Kall_linear_bias0_physical_v3_334d,2025-12-12,12,20045.33119100148,0.9316123000025982,0,49,0,0,144,1,0,1200.0,0.0
ALL_Kall_linear_bias0_physical_v3_334d,2025-12-12,18,21101.46496835576,0.5774391000013566,0,60,0,0,144,1,0,1200.0,0.0
ALL_Kall_linear_bias0_physical_v3_334d,2025-12-13,0,35967.48490917421,0.3210790000011911,0,31,0,0,144,1,0,1200.0,0.0
ALL_Kall_linear_bias0_physical_v3_334d,2025-12-13,6,14146.414692877805,0.7840200000064215,0,52,0,0,144,1,0,1200.0,0.0
ALL_Kall_linear_bias0_physical_v3_334d,2025-12-13,12,26149.234519889036,0.3730750999966403,0,44,0,0,144,1,0,1200.0,0.0
ALL_Kall_linear_bias0_physical_v3_334d,2025-12-13,18,48171.32188564559,0.2910755000048084,0,54,0,0,144,1,0,1200.0,0.0
ALL_Kall_linear_bias0_physical_v3_334d,2025-12-14,0,60509.62448784972,0.2866407000110484,0,31,0,0,144,1,0,1200.0,0.0
ALL_Kall_linear_bias0_physical_v3_334d,2025-12-14,6,16411.913484549517,0.2685115000058431,0,76,0,0,144,1,0,1200.0,0.0
ALL_Kall_linear_bias0_physical_v3_334d,2025-12-14,12,32788.22448179928,0.5543671000050381,0,78,0,0,144,1,0,1200.0,0.0
ALL_Kall_linear_bias0_physical_v3_334d,2025-12-14,18,48030.44847411908,0.9653830000024756,0,54,0,0,144,1,0,1200.0,0.0
ALL_Kall_linear_bias0_physical_v3_334d,2025-12-15,0,65530.986786576585,0.1904445999971358,0,30,0,0,144,1,0,1200.0,0.0
ALL_Kall_linear_bias0_physical_v3_334d,2025-12-15,6,16439.204658287865,0.7319884000025922,0,70,0,0,144,1,0,1200.0,0.0
ALL_Kall_linear_bias0_physical_v3_334d,2025-12-15,12,31599.900055665155,0.4105011000065133,0,51,0,0,144,1,0,1200.0,0.0
ALL_Kall_linear_bias0_physical_v3_334d,2025-12-15,18,47688.38040115472,0.4943768999946769,0,53,0,0,144,1,0,1200.0,0.0
ALL_Kall_linear_bias0_physical_v3_334d,2025-12-16,0,69707.16448891464,0.2181404000002658,0,31,0,0,144,1,0,1200.0,0.0
ALL_Kall_linear_bias0_physical_v3_334d,2025-12-16,6,10753.82804732141,0.1140219000080833,0,33,0,0,144,1,0,1200.0,0.0
ALL_Kall_linear_bias0_physical_v3_334d,2025-12-16,12,33381.26685725945,0.3275600999913877,0,48,0,0,144,1,0,1200.0,0.0
ALL_Kall_linear_bias0_physical_v3_334d,2025-12-16,18,49244.45278676424,0.4014711000054376,0,54,0,0,144,1,0,1200.0,0.0
ALL_Kall_linear_bias0_physical_v3_334d,2025-12-17,0,68989.42248207855,0.3350612000067485,0,31,0,0,144,1,0,1200.0,0.0
ALL_Kall_linear_bias0_physical_v3_334d,2025-12-17,6,9799.637749086223,0.6562993000115966,0,36,0,0,144,1,0,1200.0,0.0
ALL_Kall_linear_bias0_physical_v3_334d,2025-12-17,12,28203.04145414619,0.1669267999968724,0,50,0,0,144,1,0,1200.0,0.0
ALL_Kall_linear_bias0_physical_v3_334d,2025-12-17,18,44887.25543469604,0.3539105000090785,0,55,0,0,144,1,0,1200.0,0.0
ALL_Kall_linear_bias0_physical_v3_334d,2025-12-18,0,63863.37250066806,0.1464173999993363,0,30,0,0,144,1,0,1200.0,0.0
ALL_Kall_linear_bias0_physical_v3_334d,2025-12-18,6,11323.421402002848,0.2344386999902781,0,54,0,0,144,1,0,1200.0,0.0
ALL_Kall_linear_bias0_physical_v3_334d,2025-12-18,12,18116.59684279513,0.9958864999935032,0,51,0,0,144,1,0,1200.0,0.0
ALL_Kall_linear_bias0_physical_v3_334d,2025-12-18,18,22701.581870565515,0.8392605999979423,0,59,0,0,144,1,0,1200.0,0.0
ALL_Kall_linear_bias0_physical_v3_334d,2025-12-19,0,35052.51809470121,0.1502946999971754,0,38,0,0,144,1,0,1200.0,0.0
ALL_Kall_linear_bias0_physical_v3_334d,2025-12-19,6,10365.686146976066,0.747619300003862,0,77,0,0,144,1,0,1200.0,0.0
ALL_Kall_linear_bias0_physical_v3_334d,2025-12-19,12,16644.760869517824,0.2835503999958746,0,40,0,0,144,1,0,1200.0,0.0
ALL_Kall_linear_bias0_physical_v3_334d,2025-12-19,18,22451.987562205293,0.5315808999876026,0,54,0,0,144,1,0,1200.0,0.0
ALL_Kall_linear_bias0_physical_v3_334d,2025-12-20,0,36743.3391574129,1.0680525999923702,0,33,0,0,144,1,0,1200.0,0.0
ALL_Kall_linear_bias0_physical_v3_334d,2025-12-20,6,11061.949724869954,0.1653882999962661,0,32,0,0,144,1,0,1200.0,0.0
ALL_Kall_linear_bias0_physical_v3_334d,2025-12-20,12,28599.86777697369,0.4582671999960439,0,40,0,0,144,1,0,1200.0,0.0
ALL_Kall_linear_bias0_physical_v3_334d,2025-12-20,18,47236.87449109545,0.3339892000076361,0,54,0,0,144,1,0,1200.0,0.0
ALL_Kall_linear_bias0_physical_v3_334d,2025-12-21,0,64310.29770017567,0.1775406000087969,0,30,0,0,144,1,0,1200.0,0.0
ALL_Kall_linear_bias0_physical_v3_334d,2025-12-21,6,11597.59649086781,0.3591024999914225,0,37,0,0,144,1,0,1200.0,0.0
ALL_Kall_linear_bias0_physical_v3_334d,2025-12-21,12,31012.047895108844,0.2450652999978047,0,46,0,0,144,1,0,1200.0,0.0
ALL_Kall_linear_bias0_physical_v3_334d,2025-12-21,18,52209.22310703032,0.2584949000010965,0,54,0,0,144,1,0,1200.0,0.0
ALL_Kall_linear_bias0_physical_v3_334d,2025-12-22,0,63603.51143216646,0.9705745999963256,0,32,0,0,144,1,0,1200.0,0.0
ALL_Kall_linear_bias0_physical_v3_334d,2025-12-22,6,10931.736725635805,0.913650400005281,0,33,0,0,144,1,0,1200.0,0.0
ALL_Kall_linear_bias0_physical_v3_334d,2025-12-22,12,28034.15976681412,0.3272832000075141,0,55,0,0,144,1,0,1200.0,0.0
ALL_Kall_linear_bias0_physical_v3_334d,2025-12-22,18,48041.95407977,0.2841079999925568,0,54,0,0,144,1,0,1200.0,0.0
ALL_Kall_linear_bias0_physical_v3_334d,2025-12-23,0,65206.43040699578,0.96427529999346,0,32,0,0,144,1,0,1200.0,0.0
ALL_Kall_linear_bias0_physical_v3_334d,2025-12-23,6,10236.2652200161,0.4187452000041958,0,45,0,0,144,1,0,1200.0,0.0
ALL_Kall_linear_bias0_physical_v3_334d,2025-12-23,12,26366.25437706808,0.1074584000016329,0,47,0,0,144,1,0,1200.0,0.0
ALL_Kall_linear_bias0_physical_v3_334d,2025-12-23,18,42386.46940365652,0.1590831000066828,0,54,0,0,144,1,0,1200.0,0.0
ALL_Kall_linear_bias0_physical_v3_334d,2025-12-24,0,64536.80110389207,0.6178416000038851,0,32,0,0,144,1,0,1200.0,0.0
ALL_Kall_linear_bias0_physical_v3_334d,2025-12-24,6,11021.57827793969,0.2825082000053953,0,37,0,0,144,1,0,1200.0,0.0
ALL_Kall_linear_bias0_physical_v3_334d,2025-12-24,12,25312.6468872536,0.1803297000005841,0,44,0,0,144,1,0,1200.0,0.0
ALL_Kall_linear_bias0_physical_v3_334d,2025-12-24,18,46336.73128565053,0.5415957999939565,0,54,0,0,144,1,0,1200.0,0.0
ALL_Kall_linear_bias0_physical_v3_334d,2025-12-25,0,61254.44046868202,0.3500904000102309,0,31,0,0,144,1,0,1200.0,0.0
ALL_Kall_linear_bias0_physical_v3_334d,2025-12-25,6,9469.166179546322,0.2880168999981833,0,42,0,0,144,1,0,1200.0,0.0
ALL_Kall_linear_bias0_physical_v3_334d,2025-12-25,12,18151.36439867735,0.1754112999915378,0,72,0,0,144,1,0,1200.0,0.0
ALL_Kall_linear_bias0_physical_v3_334d,2025-12-25,18,24758.290006988813,0.0932585999980801,0,54,0,0,144,1,0,1200.0,0.0
ALL_Kall_linear_bias0_physical_v3_334d,2025-12-26,0,35343.263686090744,0.4631175000104122,0,38,0,0,144,1,0,1200.0,0.0
ALL_Kall_linear_bias0_physical_v3_334d,2025-12-26,6,9029.74452212328,0.2181554999988293,0,35,0,0,144,1,0,1200.0,0.0
ALL_Kall_linear_bias0_physical_v3_334d,2025-12-26,12,14190.932784158824,0.1461413000070024,0,52,0,0,144,1,0,1200.0,0.0
ALL_Kall_linear_bias0_physical_v3_334d,2025-12-26,18,21525.71360884545,0.0955155999981798,0,54,0,0,144,1,0,1200.0,0.0
ALL_Kall_linear_bias0_physical_v3_334d,2025-12-27,0,35575.948819774574,0.7300691999989795,0,28,0,0,144,1,0,1200.0,0.0
ALL_Kall_linear_bias0_physical_v3_334d,2025-12-27,6,11941.786524499128,0.3551401000004262,0,42,0,0,144,1,0,1200.0,0.0
ALL_Kall_linear_bias0_physical_v3_334d,2025-12-27,12,27192.419987737365,0.4814524999965215,0,38,0,0,144,1,0,1200.0,0.0
ALL_Kall_linear_bias0_physical_v3_334d,2025-12-27,18,43595.56710506394,0.3375455000059446,0,53,0,0,144,1,0,1200.0,0.0
ALL_Kall_linear_bias0_physical_v3_334d,2025-12-28,0,63321.29457595533,0.168251600000076,0,29,0,0,144,1,0,1200.0,0.0
ALL_Kall_linear_bias0_physical_v3_334d,2025-12-28,6,12011.269865863243,0.2449280000000726,0,38,0,0,144,1,0,1200.0,0.0
ALL_Kall_linear_bias0_physical_v3_334d,2025-12-28,12,27198.873729693623,0.2116464999999152,0,47,0,0,144,1,0,1200.0,0.0
ALL_Kall_linear_bias0_physical_v3_334d,2025-12-28,18,47082.1631091201,0.2858106999919982,0,54,0,0,144,1,0,1200.0,0.0
ALL_Kall_linear_bias0_physical_v3_334d,2025-12-29,0,62562.83117836805,0.7337286999973003,0,32,0,0,144,1,0,1200.0,0.0
ALL_Kall_linear_bias0_physical_v3_334d,2025-12-29,6,12855.925562141094,0.3669334000005619,0,71,0,0,144,1,0,1200.0,0.0
ALL_Kall_linear_bias0_physical_v3_334d,2025-12-29,12,27155.970986767083,0.5908060999936424,0,44,0,0,144,1,0,1200.0,0.0
ALL_Kall_linear_bias0_physical_v3_334d,2025-12-29,18,41793.114860780806,0.2722092999902088,0,53,0,0,144,1,0,1200.0,0.0
ALL_Kall_linear_bias0_physical_v3_334d,2025-12-30,0,62548.53645340846,0.6579727000062121,0,31,0,0,144,1,0,1200.0,0.0
ALL_Kall_linear_bias0_physical_v3_334d,2025-12-30,6,12474.903000151926,2.052614599990193,0,78,0,0,144,1,0,1200.0,0.0
ALL_Kall_linear_bias0_physical_v3_334d,2025-12-30,12,25844.277007063916,0.1710466999938944,0,46,0,0,144,1,0,1200.0,0.0
ALL_Kall_linear_bias0_physical_v3_334d,2025-12-30,18,43927.959718530816,0.3038153999950737,0,53,0,0,144,1,0,1200.0,0.0
ALL_Kall_linear_bias0_physical_v3_334d,2025-12-31,0,63971.93863564584,0.823917400004575,0,32,0,0,144,1,0,1200.0,0.0
ALL_Kall_linear_bias0_physical_v3_334d,2025-12-31,6,11182.589845518743,0.3666868999862345,0,40,0,0,144,1,0,1200.0,0.0
ALL_Kall_linear_bias0_physical_v3_334d,2025-12-31,12,27141.777303450606,0.3229570000112289,0,56,0,0,144,1,0,1200.0,0.0
ALL_Kall_linear_bias0_physical_v3_334d,2025-12-31,18,41459.77363417554,0.3894179000053555,0,54,0,0,144,1,0,1200.0,0.0
ALL_Kall_linear_bias0_physical_v3_7d,2025-02-01,0,43757.21873730563,0.3285324999887962,0,30,0,0,144,1,0,1200.0,
ALL_Kall_linear_bias0_physical_v3_7d,2025-02-01,6,13857.61770336733,0.2445833000092534,0,34,0,0,144,1,0,1200.0,
ALL_Kall_linear_bias0_physical_v3_7d,2025-02-01,12,35851.94496189846,0.2528865999920526,0,48,0,0,144,1,0,1200.0,
ALL_Kall_linear_bias0_physical_v3_7d,2025-02-01,18,43907.74860165602,0.3023788000136846,0,54,0,0,144,1,0,1200.0,
ALL_Kall_linear_bias0_physical_v3_7d,2025-02-02,0,71951.91163828182,0.3438377999991644,0,28,0,0,144,1,0,1200.0,
ALL_Kall_linear_bias0_physical_v3_7d,2025-02-02,6,14767.04774195143,0.3622151000017766,0,39,0,0,144,1,0,1200.0,
ALL_Kall_linear_bias0_physical_v3_7d,2025-02-02,12,33790.99839891997,0.2920847999921534,0,44,0,0,144,1,0,1200.0,
ALL_Kall_linear_bias0_physical_v3_7d,2025-02-02,18,46584.51022325769,0.8572993999987375,0,55,0,0,144,1,0,1200.0,
ALL_Kall_linear_bias0_physical_v3_7d,2025-02-03,0,62098.6689890343,0.4177442000072915,0,32,0,0,144,1,0,1200.0,
ALL_Kall_linear_bias0_physical_v3_7d,2025-02-03,6,9593.998273787292,0.3244002999999793,0,32,0,0,144,1,0,1200.0,
ALL_Kall_linear_bias0_physical_v3_7d,2025-02-03,12,27307.061189643595,0.4383462999976473,0,55,0,0,144,1,0,1200.0,
ALL_Kall_linear_bias0_physical_v3_7d,2025-02-03,18,43864.87708269215,0.448678300002939,0,55,0,0,144,1,0,1200.0,
ALL_Kall_linear_bias0_physical_v3_7d,2025-02-04,0,64328.21214400951,0.4990040999982739,0,31,0,0,144,1,0,1200.0,
ALL_Kall_linear_bias0_physical_v3_7d,2025-02-04,6,9925.181328652723,1.0379490000050282,0,35,0,0,144,1,0,1200.0,
ALL_Kall_linear_bias0_physical_v3_7d,2025-02-04,12,23508.838375244984,0.0994141999981366,0,46,0,0,144,1,0,1200.0,
ALL_Kall_linear_bias0_physical_v3_7d,2025-02-04,18,45462.41049148419,0.2560295000002952,0,55,0,0,144,1,0,1200.0,
ALL_Kall_linear_bias0_physical_v3_7d,2025-02-05,0,59692.97728363153,0.5254487999918638,0,31,0,0,144,1,0,1200.0,
ALL_Kall_linear_bias0_physical_v3_7d,2025-02-05,6,11362.529472110282,0.3593030999909388,0,51,0,0,144,1,0,1200.0,
ALL_Kall_linear_bias0_physical_v3_7d,2025-02-05,12,28997.446726768147,0.2348660999996354,0,46,0,0,144,1,0,1200.0,
ALL_Kall_linear_bias0_physical_v3_7d,2025-02-05,18,42735.57393273756,0.2734682000009343,0,54,0,0,144,1,0,1200.0,
ALL_Kall_linear_bias0_physical_v3_7d,2025-02-06,0,64080.58206084479,0.660009600003832,0,32,0,0,144,1,0,1200.0,
ALL_Kall_linear_bias0_physical_v3_7d,2025-02-06,6,6890.446080508493,0.1102264999935869,0,30,0,0,144,1,0,1200.0,
ALL_Kall_linear_bias0_physical_v3_7d,2025-02-06,12,18272.294242253585,0.2656182999926386,0,46,0,0,144,1,0,1200.0,
ALL_Kall_linear_bias0_physical_v3_7d,2025-02-06,18,16721.28922019555,0.2817753999988781,0,57,0,0,144,1,0,1200.0,
ALL_Kall_linear_bias0_physical_v3_7d,2025-02-07,0,32250.69584285706,0.6029734000039753,0,41,0,0,144,1,0,1200.0,
ALL_Kall_linear_bias0_physical_v3_7d,2025-02-07,6,7278.166468640062,0.1687396999914199,0,27,0,0,144,1,0,1200.0,
ALL_Kall_linear_bias0_physical_v3_7d,2025-02-07,12,11498.023712155336,1.0445238000102108,0,37,0,0,144,1,0,1200.0,
ALL_Kall_linear_bias0_physical_v3_7d,2025-02-07,18,16819.120144168777,0.3845230000006268,0,59,0,0,144,1,0,1200.0,
BLOCK_K0612_linear_bias0_physical_v3_334d,2025-02-01,0,43757.21873730563,0.3169616000086535,0,30,0,0,144,1,0,1200.0,0.0
BLOCK_K0612_linear_bias0_physical_v3_334d,2025-02-01,6,14167.412087623376,0.2026991000020643,0,27,0,0,144,1,0,1200.0,0.0
BLOCK_K0612_linear_bias0_physical_v3_334d,2025-02-01,12,35005.73866163702,0.1623077999975066,0,40,0,0,144,1,0,1200.0,0.0
BLOCK_K0612_linear_bias0_physical_v3_334d,2025-02-02,0,71951.91163828182,0.3274543000006815,0,28,0,0,144,1,0,1200.0,0.0
BLOCK_K0612_linear_bias0_physical_v3_334d,2025-02-02,6,14909.955774497208,0.470396199991228,0,36,0,0,144,1,0,1200.0,0.0
BLOCK_K0612_linear_bias0_physical_v3_334d,2025-02-02,12,33481.92892146353,0.1337265000038314,0,42,0,0,144,1,0,1200.0,0.0
BLOCK_K0612_linear_bias0_physical_v3_334d,2025-02-03,0,62098.6689890343,0.4062110999948345,0,32,0,0,144,1,0,1200.0,0.0
BLOCK_K0612_linear_bias0_physical_v3_334d,2025-02-03,6,9967.847874304402,0.4235680999991018,0,24,0,0,144,1,0,1200.0,0.0
BLOCK_K0612_linear_bias0_physical_v3_334d,2025-02-03,12,26871.74660715165,0.1217570000007981,0,43,0,0,144,1,0,1200.0,0.0
BLOCK_K0612_linear_bias0_physical_v3_334d,2025-02-04,0,64328.21214400951,0.4903336999996099,0,31,0,0,144,1,0,1200.0,0.0
BLOCK_K0612_linear_bias0_physical_v3_334d,2025-02-04,6,10647.340118609694,0.5828608000010718,0,27,0,0,144,1,0,1200.0,0.0
BLOCK_K0612_linear_bias0_physical_v3_334d,2025-02-04,12,22842.478466188197,0.0611065999983111,0,44,0,0,144,1,0,1200.0,0.0
BLOCK_K0612_linear_bias0_physical_v3_334d,2025-02-05,0,59690.05836019193,0.7348331999965012,0,31,0,0,144,1,0,1200.0,0.0
BLOCK_K0612_linear_bias0_physical_v3_334d,2025-02-05,6,11500.981011663096,0.2409367000072961,0,42,0,0,144,1,0,1200.0,0.0
BLOCK_K0612_linear_bias0_physical_v3_334d,2025-02-05,12,28663.279255013367,0.1522989999939454,0,43,0,0,144,1,0,1200.0,0.0
BLOCK_K0612_linear_bias0_physical_v3_334d,2025-02-06,0,64080.58206084479,0.6630491000105394,0,32,0,0,144,1,0,1200.0,0.0
BLOCK_K0612_linear_bias0_physical_v3_334d,2025-02-06,6,7826.049287576436,0.0672100000083446,0,24,0,0,144,1,0,1200.0,0.0
BLOCK_K0612_linear_bias0_physical_v3_334d,2025-02-06,12,17402.729380529338,0.1817297000088729,0,46,0,0,144,1,0,1200.0,0.0
BLOCK_K0612_linear_bias0_physical_v3_334d,2025-02-07,0,32250.69584285706,0.5833421999996062,0,41,0,0,144,1,0,1200.0,0.0
BLOCK_K0612_linear_bias0_physical_v3_334d,2025-02-07,6,7596.675909953882,0.0629590000025928,0,21,0,0,144,1,0,1200.0,0.0
BLOCK_K0612_linear_bias0_physical_v3_334d,2025-02-07,12,10782.428446108002,0.3656305999902542,0,36,0,0,144,1,0,1200.0,0.0
BLOCK_K0612_linear_bias0_physical_v3_334d,2025-02-08,0,37638.72833438005,0.451586800001678,0,37,0,0,144,1,0,1200.0,0.0
BLOCK_K0612_linear_bias0_physical_v3_334d,2025-02-08,6,16582.83151494894,0.1611903000011807,0,52,0,0,144,1,0,1200.0,0.0
BLOCK_K0612_linear_bias0_physical_v3_334d,2025-02-08,12,31428.287436805294,0.2056080000038491,0,44,0,0,144,1,0,1200.0,0.0
BLOCK_K0612_linear_bias0_physical_v3_334d,2025-02-09,0,71076.5251827314,0.2856098000047495,0,28,0,0,144,1,0,1200.0,0.0
BLOCK_K0612_linear_bias0_physical_v3_334d,2025-02-09,6,15767.50329295195,0.5914269000058994,0,42,0,0,144,1,0,1200.0,0.0
BLOCK_K0612_linear_bias0_physical_v3_334d,2025-02-09,12,30974.146901478325,0.2080133999988902,0,47,0,0,144,1,0,1200.0,0.0
BLOCK_K0612_linear_bias0_physical_v3_334d,2025-02-10,0,55424.30045729818,0.6487044999958016,0,30,0,0,144,1,0,1200.0,0.0
BLOCK_K0612_linear_bias0_physical_v3_334d,2025-02-10,6,8677.686358434561,0.161034999997355,0,24,0,0,144,1,0,1200.0,0.0
BLOCK_K0612_linear_bias0_physical_v3_334d,2025-02-10,12,23810.47790173983,0.2309634999983245,0,83,0,0,144,1,0,1200.0,0.0
BLOCK_K0612_linear_bias0_physical_v3_334d,2025-02-11,0,55854.79548319679,0.2020690999925136,0,30,0,0,144,1,0,1200.0,0.0
BLOCK_K0612_linear_bias0_physical_v3_334d,2025-02-11,6,9988.86440447909,0.1240644000063184,0,25,0,0,144,1,0,1200.0,0.0
BLOCK_K0612_linear_bias0_physical_v3_334d,2025-02-11,12,18350.873502995488,0.1845104999956675,0,43,0,0,144,1,0,1200.0,0.0
BLOCK_K0612_linear_bias0_physical_v3_334d,2025-02-12,0,55964.07598266843,0.4845581999979913,0,31,0,0,144,1,0,1200.0,0.0
BLOCK_K0612_linear_bias0_physical_v3_334d,2025-02-12,6,9554.028284119462,0.2135222999932011,0,25,0,0,144,1,0,1200.0,0.0
BLOCK_K0612_linear_bias0_physical_v3_334d,2025-02-12,12,20414.804706970703,0.1250165999954333,0,43,0,0,144,1,0,1200.0,0.0
BLOCK_K0612_linear_bias0_physical_v3_334d,2025-02-13,0,51153.70344123952,0.4732607999903848,0,28,0,0,144,1,0,1200.0,0.0
BLOCK_K0612_linear_bias0_physical_v3_334d,2025-02-13,6,8817.083998449358,0.0887889000005088,0,43,0,0,144,1,0,1200.0,0.0
BLOCK_K0612_linear_bias0_physical_v3_334d,2025-02-13,12,14852.609780071494,0.0807529000012436,0,41,0,0,144,1,0,1200.0,0.0
BLOCK_K0612_linear_bias0_physical_v3_334d,2025-02-14,0,25210.40308059065,0.2147750000003725,0,36,0,0,144,1,0,1200.0,0.0
BLOCK_K0612_linear_bias0_physical_v3_334d,2025-02-14,6,10588.016193977935,0.0681115000043064,0,38,0,0,144,1,0,1200.0,0.0
BLOCK_K0612_linear_bias0_physical_v3_334d,2025-02-14,12,12177.371994183111,0.7460904999898048,0,36,0,0,144,1,0,1200.0,0.0
BLOCK_K0612_linear_bias0_physical_v3_334d,2025-02-15,0,32986.8217818015,1.3032265000074403,0,43,0,0,144,1,0,1200.0,0.0
BLOCK_K0612_linear_bias0_physical_v3_334d,2025-02-15,6,10525.982591204369,0.100026699990849,0,21,0,0,144,1,0,1200.0,0.0
BLOCK_K0612_linear_bias0_physical_v3_334d,2025-02-15,12,24903.13643624203,0.1863664000120479,0,38,0,0,144,1,0,1200.0,0.0
BLOCK_K0612_linear_bias0_physical_v3_334d,2025-02-16,0,62688.24902486416,0.3316935000038938,0,28,0,0,144,1,0,1200.0,0.0
BLOCK_K0612_linear_bias0_physical_v3_334d,2025-02-16,6,10497.452944662196,0.1083032000024104,0,26,0,0,144,1,0,1200.0,0.0
BLOCK_K0612_linear_bias0_physical_v3_334d,2025-02-16,12,22385.15482350282,0.1758238999900641,0,42,0,0,144,1,0,1200.0,0.0
BLOCK_K0612_linear_bias0_physical_v3_334d,2025-02-17,0,53765.29341423408,0.5002036000078078,0,27,0,0,144,1,0,1200.0,0.0
BLOCK_K0612_linear_bias0_physical_v3_334d,2025-02-17,6,10156.683970808106,0.2219622999982675,0,60,0,0,144,1,0,1200.0,0.0
BLOCK_K0612_linear_bias0_physical_v3_334d,2025-02-17,12,18513.34823326503,0.695257400002447,0,57,0,0,144,1,0,1200.0,0.0
BLOCK_K0612_linear_bias0_physical_v3_334d,2025-02-18,0,48472.56855500212,0.1860241000103997,0,35,0,0,144,1,0,1200.0,0.0
BLOCK_K0612_linear_bias0_physical_v3_334d,2025-02-18,6,14138.886286179226,0.366286599994055,0,103,0,0,144,1,0,1200.0,0.0
BLOCK_K0612_linear_bias0_physical_v3_334d,2025-02-18,12,26078.19878162432,0.6616997999954037,0,75,0,0,144,1,0,1200.0,0.0
BLOCK_K0612_linear_bias0_physical_v3_334d,2025-02-19,0,49833.069298071765,0.1548995000048307,0,35,0,0,144,1,0,1200.0,0.0
BLOCK_K0612_linear_bias0_physical_v3_334d,2025-02-19,6,12111.531769449966,0.3002792999905068,0,57,0,0,144,1,0,1200.0,0.0
BLOCK_K0612_linear_bias0_physical_v3_334d,2025-02-19,12,21123.13448532575,0.4287565999984508,0,49,0,0,144,1,0,1200.0,0.0
BLOCK_K0612_linear_bias0_physical_v3_334d,2025-02-20,0,51644.86366384079,0.2839982999867061,0,30,0,0,144,1,0,1200.0,0.0
BLOCK_K0612_linear_bias0_physical_v3_334d,2025-02-20,6,12472.239980367054,0.107638900008169,0,57,0,0,144,1,0,1200.0,0.0
BLOCK_K0612_linear_bias0_physical_v3_334d,2025-02-20,12,12152.201421345824,0.7800021000002744,0,45,0,0,144,1,0,1200.0,0.0
BLOCK_K0612_linear_bias0_physical_v3_334d,2025-02-21,0,24497.105204740496,0.2445937000011326,0,36,0,0,144,1,0,1200.0,0.0
BLOCK_K0612_linear_bias0_physical_v3_334d,2025-02-21,6,9412.2311522408,0.0620870999991893,0,71,0,0,144,1,0,1200.0,0.0
BLOCK_K0612_linear_bias0_physical_v3_334d,2025-02-21,12,15035.028906042202,0.1447285000031115,0,49,0,0,144,1,0,1200.0,0.0
BLOCK_K0612_linear_bias0_physical_v3_334d,2025-02-22,0,28822.82433894751,0.3998178000038024,0,31,0,0,144,1,0,1200.0,0.0
BLOCK_K0612_linear_bias0_physical_v3_334d,2025-02-22,6,12687.96961322435,0.0759184999915305,0,36,0,0,144,1,0,1200.0,0.0
BLOCK_K0612_linear_bias0_physical_v3_334d,2025-02-22,12,21730.869241413387,0.1738214999932097,0,49,0,0,144,1,0,1200.0,0.0
BLOCK_K0612_linear_bias0_physical_v3_334d,2025-02-23,0,54651.67101145791,0.1750367000058759,0,30,0,0,144,1,0,1200.0,0.0
BLOCK_K0612_linear_bias0_physical_v3_334d,2025-02-23,6,14530.83853543189,0.2875339000020176,0,43,0,0,144,1,0,1200.0,0.0
BLOCK_K0612_linear_bias0_physical_v3_334d,2025-02-23,12,23291.75467689904,0.665984599996591,0,43,0,0,144,1,0,1200.0,0.0
BLOCK_K0612_linear_bias0_physical_v3_334d,2025-02-24,0,49772.10790817044,0.5026669999933802,0,37,0,0,144,1,0,1200.0,0.0
BLOCK_K0612_linear_bias0_physical_v3_334d,2025-02-24,6,12580.339009335788,0.1219430999917676,0,77,0,0,144,1,0,1200.0,0.0
BLOCK_K0612_linear_bias0_physical_v3_334d,2025-02-24,12,18522.94524901542,0.1385843000025488,0,42,0,0,144,1,0,1200.0,0.0
BLOCK_K0612_linear_bias0_physical_v3_334d,2025-02-25,0,51105.2309469185,0.1768018000002484,0,29,0,0,144,1,0,1200.0,0.0
BLOCK_K0612_linear_bias0_physical_v3_334d,2025-02-25,6,11101.747887159994,0.1812353999994229,0,56,0,0,144,1,0,1200.0,0.0
BLOCK_K0612_linear_bias0_physical_v3_334d,2025-02-25,12,18864.38620467629,0.0909794000035617,0,49,0,0,144,1,0,1200.0,0.0
BLOCK_K0612_linear_bias0_physical_v3_334d,2025-02-26,0,46337.59965431208,0.1801182000053813,0,39,0,0,144,1,0,1200.0,0.0
BLOCK_K0612_linear_bias0_physical_v3_334d,2025-02-26,6,13071.49679238305,0.2179554999893298,0,79,0,0,144,1,0,1200.0,0.0
BLOCK_K0612_linear_bias0_physical_v3_334d,2025-02-26,12,28835.02007880387,0.1878558000025805,0,46,0,0,144,1,0,1200.0,0.0
BLOCK_K0612_linear_bias0_physical_v3_334d,2025-02-27,0,47819.47871695518,0.1804449999908683,0,36,0,0,144,1,0,1200.0,0.0
BLOCK_K0612_linear_bias0_physical_v3_334d,2025-02-27,6,9512.145789976714,0.1892563000001246,0,52,0,0,144,1,0,1200.0,0.0
BLOCK_K0612_linear_bias0_physical_v3_334d,2025-02-27,12,11753.886628449764,0.7116281000053277,0,48,0,0,144,1,0,1200.0,0.0
BLOCK_K0612_linear_bias0_physical_v3_334d,2025-02-28,0,22728.956465116327,0.3799469000077806,0,18,0,0,144,1,0,1200.0,0.0
BLOCK_K0612_linear_bias0_physical_v3_334d,2025-02-28,6,8909.84499513302,0.0815084999921964,0,30,0,0,144,1,0,1200.0,0.0
BLOCK_K0612_linear_bias0_physical_v3_334d,2025-02-28,12,10803.111905153344,0.1231024000007892,0,37,0,0,144,1,0,1200.0,0.0
BLOCK_K0612_linear_bias0_physical_v3_334d,2025-03-01,0,25816.32407637733,0.3894973999995272,0,33,0,0,144,1,0,1200.0,0.0
BLOCK_K0612_linear_bias0_physical_v3_334d,2025-03-01,6,10168.783775648191,0.070128499995917,0,23,0,0,144,1,0,1200.0,0.0
BLOCK_K0612_linear_bias0_physical_v3_334d,2025-03-01,12,16968.13039760136,0.1241700000100536,0,38,0,0,144,1,0,1200.0,0.0
BLOCK_K0612_linear_bias0_physical_v3_334d,2025-03-02,0,51182.40679083472,0.5533984999929089,0,31,0,0,144,1,0,1200.0,0.0
BLOCK_K0612_linear_bias0_physical_v3_334d,2025-03-02,6,12954.441272843444,0.1481294999975944,0,64,0,0,144,1,0,1200.0,0.0
BLOCK_K0612_linear_bias0_physical_v3_334d,2025-03-02,12,26550.728866998143,0.1490411000122549,0,46,0,0,144,1,0,1200.0,0.0
BLOCK_K0612_linear_bias0_physical_v3_334d,2025-03-03,0,55135.426408800726,0.7710154999949737,0,30,0,0,144,1,0,1200.0,0.0
BLOCK_K0612_linear_bias0_physical_v3_334d,2025-03-03,6,10805.83840496337,0.1013627999927848,0,44,0,0,144,1,0,1200.0,0.0
BLOCK_K0612_linear_bias0_physical_v3_334d,2025-03-03,12,22807.362620914344,0.0718856000021332,0,42,0,0,144,1,0,1200.0,0.0
BLOCK_K0612_linear_bias0_physical_v3_334d,2025-03-04,0,49118.64621492924,0.1774440000008326,0,38,0,0,144,1,0,1200.0,0.0
BLOCK_K0612_linear_bias0_physical_v3_334d,2025-03-04,6,11708.167084864564,0.4306425000104354,0,44,0,0,144,1,0,1200.0,0.0
BLOCK_K0612_linear_bias0_physical_v3_334d,2025-03-04,12,17625.358756043934,0.1142410999891581,0,41,0,0,144,1,0,1200.0,0.0
BLOCK_K0612_linear_bias0_physical_v3_334d,2025-03-05,0,51199.856713141126,0.1789931000093929,0,33,0,0,144,1,0,1200.0,0.0
BLOCK_K0612_linear_bias0_physical_v3_334d,2025-03-05,6,9699.630856041837,0.4209348000003956,0,28,0,0,144,1,0,1200.0,0.0
BLOCK_K0612_linear_bias0_physical_v3_334d,2025-03-05,12,18516.99074235645,0.1568796000065049,0,48,0,0,144,1,0,1200.0,0.0
BLOCK_K0612_linear_bias0_physical_v3_334d,2025-03-06,0,47570.46989306824,0.7227013999945484,0,36,0,0,144,1,0,1200.0,0.0
BLOCK_K0612_linear_bias0_physical_v3_334d,2025-03-06,6,8519.48694113046,0.0817572999949334,0,30,0,0,144,1,0,1200.0,0.0
BLOCK_K0612_linear_bias0_physical_v3_334d,2025-03-06,12,10055.70994338407,0.2088011999876471,0,35,0,0,144,1,0,1200.0,0.0
BLOCK_K0612_linear_bias0_physical_v3_334d,2025-03-07,0,25500.404141800464,0.2057655000098748,0,30,0,0,144,1,0,1200.0,0.0
BLOCK_K0612_linear_bias0_physical_v3_334d,2025-03-07,6,7582.617971464391,0.0536698999931104,0,20,0,0,144,1,0,1200.0,0.0
BLOCK_K0612_linear_bias0_physical_v3_334d,2025-03-07,12,9625.601670228689,0.5101412999938475,0,33,0,0,144,1,0,1200.0,0.0
BLOCK_K0612_linear_bias0_physical_v3_334d,2025-03-08,0,19994.168639527423,0.1527736999996705,0,6,0,0,144,1,0,1200.0,0.0
BLOCK_K0612_linear_bias0_physical_v3_334d,2025-03-08,6,10191.698290825228,0.0704771000018809,0,25,0,0,144,1,0,1200.0,0.0
BLOCK_K0612_linear_bias0_physical_v3_334d,2025-03-08,12,19226.219895543185,0.2090983000089181,0,44,0,0,144,1,0,1200.0,0.0
BLOCK_K0612_linear_bias0_physical_v3_334d,2025-03-09,0,45884.11321458093,0.1770867000013822,0,29,0,0,144,1,0,1200.0,0.0
BLOCK_K0612_linear_bias0_physical_v3_334d,2025-03-09,6,9000.738352285807,0.0777860999951371,0,23,0,0,144,1,0,1200.0,0.0
BLOCK_K0612_linear_bias0_physical_v3_334d,2025-03-09,12,22414.286244952746,0.2897161000000778,0,88,0,0,144,1,0,1200.0,0.0
BLOCK_K0612_linear_bias0_physical_v3_334d,2025-03-10,0,46692.68520801848,0.7947585000074469,0,33,0,0,144,1,0,1200.0,0.0
BLOCK_K0612_linear_bias0_physical_v3_334d,2025-03-10,6,10568.301353864072,0.3298415999888675,0,30,0,0,144,1,0,1200.0,0.0
BLOCK_K0612_linear_bias0_physical_v3_334d,2025-03-10,12,16225.512078709447,0.1099272999999811,0,54,0,0,144,1,0,1200.0,0.0
BLOCK_K0612_linear_bias0_physical_v3_334d,2025-03-11,0,42253.35592315306,0.1515864000102738,0,38,0,0,144,1,0,1200.0,0.0
BLOCK_K0612_linear_bias0_physical_v3_334d,2025-03-11,6,17507.93900317229,0.3714388999942457,0,128,0,0,144,1,0,1200.0,0.0
BLOCK_K0612_linear_bias0_physical_v3_334d,2025-03-11,12,14617.386846042911,0.098754499995266,0,46,0,0,144,1,0,1200.0,0.0
BLOCK_K0612_linear_bias0_physical_v3_334d,2025-03-12,0,49570.77326608272,0.2730286000005435,0,30,0,0,144,1,0,1200.0,0.0
BLOCK_K0612_linear_bias0_physical_v3_334d,2025-03-12,6,7794.301837480883,0.3717867000086698,0,19,0,0,144,1,0,1200.0,0.0
BLOCK_K0612_linear_bias0_physical_v3_334d,2025-03-12,12,15659.744197206652,0.4912831999972695,0,82,0,0,144,1,0,1200.0,0.0
BLOCK_K0612_linear_bias0_physical_v3_334d,2025-03-13,0,49079.47358398744,0.7314929999993183,0,37,0,0,144,1,0,1200.0,0.0
BLOCK_K0612_linear_bias0_physical_v3_334d,2025-03-13,6,8613.629222949116,0.0793971999955829,0,46,0,0,144,1,0,1200.0,0.0
BLOCK_K0612_linear_bias0_physical_v3_334d,2025-03-13,12,11510.076657285876,0.2780627000029199,0,58,0,0,144,1,0,1200.0,0.0
BLOCK_K0612_linear_bias0_physical_v3_334d,2025-03-14,0,20904.939463204,0.1731687999999849,0,8,0,0,144,1,0,1200.0,0.0
BLOCK_K0612_linear_bias0_physical_v3_334d,2025-03-14,6,9170.44571217604,0.0940085000038379,0,32,0,0,144,1,0,1200.0,0.0
BLOCK_K0612_linear_bias0_physical_v3_334d,2025-03-14,12,10438.742854576856,0.2032369000080507,0,31,0,0,144,1,0,1200.0,0.0
BLOCK_K0612_linear_bias0_physical_v3_334d,2025-03-15,0,19695.18358086859,0.7211118999985047,0,23,0,0,144,1,0,1200.0,0.0
BLOCK_K0612_linear_bias0_physical_v3_334d,2025-03-15,6,14616.08995342198,0.087535900005605,0,92,0,0,144,1,0,1200.0,0.0
BLOCK_K0612_linear_bias0_physical_v3_334d,2025-03-15,12,17360.985447383293,0.459204899991164,0,43,0,0,144,1,0,1200.0,0.0
BLOCK_K0612_linear_bias0_physical_v3_334d,2025-03-16,0,43557.96558376555,0.7726493999944068,0,39,0,0,144,1,0,1200.0,0.0
BLOCK_K0612_linear_bias0_physical_v3_334d,2025-03-16,6,14543.169640228638,0.3187435999861918,0,93,0,0,144,1,0,1200.0,0.0
BLOCK_K0612_linear_bias0_physical_v3_334d,2025-03-16,12,16218.28566603598,0.2002841000066837,0,51,0,0,144,1,0,1200.0,0.0
BLOCK_K0612_linear_bias0_physical_v3_334d,2025-03-17,0,44163.20791785048,0.6473030000051949,0,33,0,0,144,1,0,1200.0,0.0
BLOCK_K0612_linear_bias0_physical_v3_334d,2025-03-17,6,8514.919639478501,0.2846929999941494,0,22,0,0,144,1,0,1200.0,0.0
BLOCK_K0612_linear_bias0_physical_v3_334d,2025-03-17,12,22866.89732731152,0.2554953000071691,0,50,0,0,144,1,0,1200.0,0.0
BLOCK_K0612_linear_bias0_physical_v3_334d,2025-03-18,0,50671.5661546921,0.4664648000034503,0,29,0,0,144,1,0,1200.0,0.0
BLOCK_K0612_linear_bias0_physical_v3_334d,2025-03-18,6,9605.932364905064,0.2206229000003077,0,58,0,0,144,1,0,1200.0,0.0
BLOCK_K0612_linear_bias0_physical_v3_334d,2025-03-18,12,16096.552615356248,0.2347403000021586,0,43,0,0,144,1,0,1200.0,0.0
BLOCK_K0612_linear_bias0_physical_v3_334d,2025-03-19,0,41993.90606947245,0.537730099997134,0,36,0,0,144,1,0,1200.0,0.0
BLOCK_K0612_linear_bias0_physical_v3_334d,2025-03-19,6,16265.26827419048,0.3407336999953259,0,83,0,0,144,1,0,1200.0,0.0
BLOCK_K0612_linear_bias0_physical_v3_334d,2025-03-19,12,17681.77132487737,0.2645047000114573,0,60,0,0,144,1,0,1200.0,0.0
BLOCK_K0612_linear_bias0_physical_v3_334d,2025-03-20,0,47759.14637947129,0.3189393000066047,0,35,0,0,144,1,0,1200.0,0.0
BLOCK_K0612_linear_bias0_physical_v3_334d,2025-03-20,6,6603.003327182632,0.0854475000087404,0,20,0,0,144,1,0,1200.0,0.0
BLOCK_K0612_linear_bias0_physical_v3_334d,2025-03-20,12,10082.662814879144,0.1525369000009959,0,48,0,0,144,1,0,1200.0,0.0
BLOCK_K0612_linear_bias0_physical_v3_334d,2025-03-21,0,20780.17700300989,0.2538423000078182,0,18,0,0,144,1,0,1200.0,0.0
BLOCK_K0612_linear_bias0_physical_v3_334d,2025-03-21,6,7729.721726673467,0.0877192000043578,0,21,0,0,144,1,0,1200.0,0.0
BLOCK_K0612_linear_bias0_physical_v3_334d,2025-03-21,12,9379.178980039336,0.1108593999961158,0,35,0,0,144,1,0,1200.0,0.0
BLOCK_K0612_linear_bias0_physical_v3_334d,2025-03-22,0,20113.600311756774,0.24987770000007,0,6,0,0,144,1,0,1200.0,0.0
BLOCK_K0612_linear_bias0_physical_v3_334d,2025-03-22,6,10273.886205204844,0.172505499998806,0,26,0,0,144,1,0,1200.0,0.0
BLOCK_K0612_linear_bias0_physical_v3_334d,2025-03-22,12,19101.131804463457,0.7788651999871945,0,48,0,0,144,1,0,1200.0,0.0
BLOCK_K0612_linear_bias0_physical_v3_334d,2025-03-23,0,43710.653904804734,0.1811738999967929,0,39,0,0,144,1,0,1200.0,0.0
BLOCK_K0612_linear_bias0_physical_v3_334d,2025-03-23,6,10299.869021305072,0.2502031000040006,0,39,0,0,144,1,0,1200.0,0.0
BLOCK_K0612_linear_bias0_physical_v3_334d,2025-03-23,12,20079.82474960691,0.0694534999929601,0,39,0,0,144,1,0,1200.0,0.0
BLOCK_K0612_linear_bias0_physical_v3_334d,2025-03-24,0,45906.014777363256,0.1221820000064326,0,32,0,0,144,1,0,1200.0,0.0
BLOCK_K0612_linear_bias0_physical_v3_334d,2025-03-24,6,10591.79111094097,0.2892893999960506,0,38,0,0,144,1,0,1200.0,0.0
BLOCK_K0612_linear_bias0_physical_v3_334d,2025-03-24,12,20984.174423905424,0.2230427000031341,0,44,0,0,144,1,0,1200.0,0.0
BLOCK_K0612_linear_bias0_physical_v3_334d,2025-03-25,0,50287.59959464464,0.651262699990184,0,29,0,0,144,1,0,1200.0,0.0
BLOCK_K0612_linear_bias0_physical_v3_334d,2025-03-25,6,7595.695449218059,0.5519664000021294,0,23,0,0,144,1,0,1200.0,0.0
BLOCK_K0612_linear_bias0_physical_v3_334d,2025-03-25,12,14145.266077339187,0.2127038000035099,0,47,0,0,144,1,0,1200.0,0.0
BLOCK_K0612_linear_bias0_physical_v3_334d,2025-03-26,0,42696.886245614885,0.2578338000021176,0,36,0,0,144,1,0,1200.0,0.0
BLOCK_K0612_linear_bias0_physical_v3_334d,2025-03-26,6,11304.908422903523,0.1314686999976402,0,34,0,0,144,1,0,1200.0,0.0
BLOCK_K0612_linear_bias0_physical_v3_334d,2025-03-26,12,14523.156282824046,0.6212876000063261,0,38,0,0,144,1,0,1200.0,0.0
BLOCK_K0612_linear_bias0_physical_v3_334d,2025-03-27,0,45506.850259799816,0.3812566999986302,0,30,0,0,144,1,0,1200.0,0.0
BLOCK_K0612_linear_bias0_physical_v3_334d,2025-03-27,6,9274.056730831207,0.0691770000121323,0,36,0,0,144,1,0,1200.0,0.0
BLOCK_K0612_linear_bias0_physical_v3_334d,2025-03-27,12,9387.392896099693,0.6220648000016809,0,40,0,0,144,1,0,1200.0,0.0
BLOCK_K0612_linear_bias0_physical_v3_334d,2025-03-28,0,20147.33695289789,0.4110826999967685,0,9,0,0,144,1,0,1200.0,0.0
BLOCK_K0612_linear_bias0_physical_v3_334d,2025-03-28,6,8193.677306438964,0.0536485000047832,0,35,0,0,144,1,0,1200.0,0.0
BLOCK_K0612_linear_bias0_physical_v3_334d,2025-03-28,12,9881.922461139298,0.1242564999993192,0,42,0,0,144,1,0,1200.0,0.0
BLOCK_K0612_linear_bias0_physical_v3_334d,2025-03-29,0,17992.05205931127,0.3274061999982223,0,5,0,0,144,1,0,1200.0,0.0
BLOCK_K0612_linear_bias0_physical_v3_334d,2025-03-29,6,11226.131964257444,0.0583317999989958,0,21,0,0,144,1,0,1200.0,0.0
BLOCK_K0612_linear_bias0_physical_v3_334d,2025-03-29,12,15654.72835962288,0.1232073999999556,0,37,0,0,144,1,0,1200.0,0.0
BLOCK_K0612_linear_bias0_physical_v3_334d,2025-03-30,0,40974.0831917077,0.2168741999921621,0,37,0,0,144,1,0,1200.0,0.0
BLOCK_K0612_linear_bias0_physical_v3_334d,2025-03-30,6,9527.722032862304,0.2107187000074191,0,30,0,0,144,1,0,1200.0,0.0
BLOCK_K0612_linear_bias0_physical_v3_334d,2025-03-30,12,25275.95429461684,0.244201499997871,0,42,0,0,144,1,0,1200.0,0.0
BLOCK_K0612_linear_bias0_physical_v3_334d,2025-03-31,0,38759.13707701254,0.4492425000062212,0,34,0,0,144,1,0,1200.0,0.0
BLOCK_K0612_linear_bias0_physical_v3_334d,2025-03-31,6,22931.88472784177,0.0692015000095125,0,149,0,0,144,1,0,1200.0,0.0
BLOCK_K0612_linear_bias0_physical_v3_334d,2025-03-31,12,14261.826266361722,0.4451171999971848,0,70,0,0,144,1,0,1200.0,0.0
BLOCK_K0612_linear_bias0_physical_v3_334d,2025-04-01,0,46507.4163484732,0.524308199994266,0,29,0,0,144,1,0,1200.0,0.0
BLOCK_K0612_linear_bias0_physical_v3_334d,2025-04-01,6,10531.719743540762,0.1114827999990666,0,55,0,0,144,1,0,1200.0,0.0
BLOCK_K0612_linear_bias0_physical_v3_334d,2025-04-01,12,15690.197969678076,0.1966081999999005,0,53,0,0,144,1,0,1200.0,0.0
BLOCK_K0612_linear_bias0_physical_v3_334d,2025-04-02,0,44525.43010842094,0.1436433000053512,0,38,0,0,144,1,0,1200.0,0.0
BLOCK_K0612_linear_bias0_physical_v3_334d,2025-04-02,6,12135.831363859148,0.3663353000010829,0,42,0,0,144,1,0,1200.0,0.0
BLOCK_K0612_linear_bias0_physical_v3_334d,2025-04-02,12,14853.042066094722,0.1105126000038581,0,49,0,0,144,1,0,1200.0,0.0
BLOCK_K0612_linear_bias0_physical_v3_334d,2025-04-03,0,45774.67658957658,0.1242407000099774,0,36,0,0,144,1,0,1200.0,0.0
BLOCK_K0612_linear_bias0_physical_v3_334d,2025-04-03,6,6898.937665711086,0.0898120999918319,0,23,0,0,144,1,0,1200.0,0.0
BLOCK_K0612_linear_bias0_physical_v3_334d,2025-04-03,12,8565.671449414938,0.1135565000004135,0,33,0,0,144,1,0,1200.0,0.0
BLOCK_K0612_linear_bias0_physical_v3_334d,2025-04-04,0,18457.62479190935,0.0562062999961199,0,6,0,0,144,1,0,1200.0,0.0
BLOCK_K0612_linear_bias0_physical_v3_334d,2025-04-04,6,7733.025028493622,0.0792979999969247,0,20,0,0,144,1,0,1200.0,0.0
BLOCK_K0612_linear_bias0_physical_v3_334d,2025-04-04,12,10997.007053938338,0.4704723000031663,0,35,0,0,144,1,0,1200.0,0.0
BLOCK_K0612_linear_bias0_physical_v3_334d,2025-04-05,0,17354.73039013315,0.1987648999929661,0,4,0,0,144,1,0,1200.0,0.0
BLOCK_K0612_linear_bias0_physical_v3_334d,2025-04-05,6,10644.773227911812,0.2765696999995271,0,29,0,0,144,1,0,1200.0,0.0
BLOCK_K0612_linear_bias0_physical_v3_334d,2025-04-05,12,28606.18823461,0.1490704000025289,0,44,0,0,144,1,0,1200.0,0.0
BLOCK_K0612_linear_bias0_physical_v3_334d,2025-04-06,0,40440.0145907328,0.1280354000045918,0,39,0,0,144,1,0,1200.0,0.0
BLOCK_K0612_linear_bias0_physical_v3_334d,2025-04-06,6,10474.530602530533,0.272926899997401,0,29,0,0,144,1,0,1200.0,0.0
BLOCK_K0612_linear_bias0_physical_v3_334d,2025-04-06,12,15792.5923508166,0.1411997999966843,0,40,0,0,144,1,0,1200.0,0.0
BLOCK_K0612_linear_bias0_physical_v3_334d,2025-04-07,0,36972.91490195529,0.1568693000008352,0,36,0,0,144,1,0,1200.0,0.0
BLOCK_K0612_linear_bias0_physical_v3_334d,2025-04-07,6,14706.881494360616,0.5351629000069806,0,46,0,0,144,1,0,1200.0,0.0
BLOCK_K0612_linear_bias0_physical_v3_334d,2025-04-07,12,22598.889167085024,0.1517736999958288,0,42,0,0,144,1,0,1200.0,0.0
BLOCK_K0612_linear_bias0_physical_v3_334d,2025-04-08,0,43765.10328167525,0.1725895999989006,0,38,0,0,144,1,0,1200.0,0.0
BLOCK_K0612_linear_bias0_physical_v3_334d,2025-04-08,6,9475.927889611012,0.2869530000025406,0,28,0,0,144,1,0,1200.0,0.0
BLOCK_K0612_linear_bias0_physical_v3_334d,2025-04-08,12,16887.994954608628,0.1050065000017639,0,45,0,0,144,1,0,1200.0,0.0
BLOCK_K0612_linear_bias0_physical_v3_334d,2025-04-09,0,42668.20714058951,0.2493051000055857,0,40,0,0,144,1,0,1200.0,0.0
BLOCK_K0612_linear_bias0_physical_v3_334d,2025-04-09,6,10284.69215947361,0.4094769999937853,0,30,0,0,144,1,0,1200.0,0.0
BLOCK_K0612_linear_bias0_physical_v3_334d,2025-04-09,12,26883.14213262221,0.6785169999930076,0,48,0,0,144,1,0,1200.0,0.0
BLOCK_K0612_linear_bias0_physical_v3_334d,2025-04-10,0,41748.61956415215,0.4143725000030827,0,37,0,0,144,1,0,1200.0,0.0
BLOCK_K0612_linear_bias0_physical_v3_334d,2025-04-10,6,7734.749464858244,0.1029049999924609,0,25,0,0,144,1,0,1200.0,0.0
BLOCK_K0612_linear_bias0_physical_v3_334d,2025-04-10,12,8534.256580627598,0.5603763999970397,0,28,0,0,144,1,0,1200.0,0.0
BLOCK_K0612_linear_bias0_physical_v3_334d,2025-04-11,0,16989.758645034468,0.6261353000008967,0,5,0,0,144,1,0,1200.0,0.0
BLOCK_K0612_linear_bias0_physical_v3_334d,2025-04-11,6,8535.109626960104,0.0938869000092381,0,27,0,0,144,1,0,1200.0,0.0
BLOCK_K0612_linear_bias0_physical_v3_334d,2025-04-11,12,9174.030488651471,0.0913447999919299,0,33,0,0,144,1,0,1200.0,0.0
BLOCK_K0612_linear_bias0_physical_v3_334d,2025-04-12,0,18271.88105200743,0.4337401000084355,0,7,0,0,144,1,0,1200.0,0.0
BLOCK_K0612_linear_bias0_physical_v3_334d,2025-04-12,6,10107.19288596676,0.3183002000005217,0,21,0,0,144,1,0,1200.0,0.0
BLOCK_K0612_linear_bias0_physical_v3_334d,2025-04-12,12,14200.581948556535,0.1786367999884532,0,37,0,0,144,1,0,1200.0,0.0
BLOCK_K0612_linear_bias0_physical_v3_334d,2025-04-13,0,37377.02880988607,0.8325640999973984,0,36,0,0,144,1,0,1200.0,0.0
BLOCK_K0612_linear_bias0_physical_v3_334d,2025-04-13,6,10736.815692981969,0.0669439000048441,0,33,0,0,144,1,0,1200.0,0.0
BLOCK_K0612_linear_bias0_physical_v3_334d,2025-04-13,12,20763.68328084221,0.2444128999923123,0,51,0,0,144,1,0,1200.0,0.0
BLOCK_K0612_linear_bias0_physical_v3_334d,2025-04-14,0,41893.03302173583,0.188643100002082,0,37,0,0,144,1,0,1200.0,0.0
BLOCK_K0612_linear_bias0_physical_v3_334d,2025-04-14,6,8286.466162354447,0.0748770000063814,0,20,0,0,144,1,0,1200.0,0.0
BLOCK_K0612_linear_bias0_physical_v3_334d,2025-04-14,12,13249.63505046752,0.2004908999952022,0,50,0,0,144,1,0,1200.0,0.0
BLOCK_K0612_linear_bias0_physical_v3_334d,2025-04-15,0,36164.16865914224,0.111001600002055,0,32,0,0,144,1,0,1200.0,0.0
BLOCK_K0612_linear_bias0_physical_v3_334d,2025-04-15,6,14650.56354432431,0.5851647000090452,0,67,0,0,144,1,0,1200.0,0.0
BLOCK_K0612_linear_bias0_physical_v3_334d,2025-04-15,12,17948.532557211405,0.2558717999927467,0,43,0,0,144,1,0,1200.0,0.0
BLOCK_K0612_linear_bias0_physical_v3_334d,2025-04-16,0,39775.618382344976,0.097532499989029,0,39,0,0,144,1,0,1200.0,0.0
BLOCK_K0612_linear_bias0_physical_v3_334d,2025-04-16,6,12800.981369776528,0.3504050000046845,0,64,0,0,144,1,0,1200.0,0.0
BLOCK_K0612_linear_bias0_physical_v3_334d,2025-04-16,12,13277.609479485218,0.2877952999988338,0,48,0,0,144,1,0,1200.0,0.0
BLOCK_K0612_linear_bias0_physical_v3_334d,2025-04-17,0,37141.82889116176,0.4017898000020068,0,32,0,0,144,1,0,1200.0,0.0
BLOCK_K0612_linear_bias0_physical_v3_334d,2025-04-17,6,10830.910287085166,0.0968189999985043,0,89,0,0,144,1,0,1200.0,0.0
BLOCK_K0612_linear_bias0_physical_v3_334d,2025-04-17,12,9060.988822215017,0.4709030999947572,0,33,0,0,144,1,0,1200.0,0.0
BLOCK_K0612_linear_bias0_physical_v3_334d,2025-04-18,0,17342.00550084621,0.359079500005464,0,5,0,0,144,1,0,1200.0,0.0
BLOCK_K0612_linear_bias0_physical_v3_334d,2025-04-18,6,7481.761805029328,0.0508004000002983,0,20,0,0,144,1,0,1200.0,0.0
BLOCK_K0612_linear_bias0_physical_v3_334d,2025-04-18,12,9120.84147762872,0.3801784999959636,0,29,0,0,144,1,0,1200.0,0.0
BLOCK_K0612_linear_bias0_physical_v3_334d,2025-04-19,0,15746.842774898296,0.1278711999912047,0,3,0,0,144,1,0,1200.0,0.0
BLOCK_K0612_linear_bias0_physical_v3_334d,2025-04-19,6,10144.719718533015,0.2715599000075599,0,24,0,0,144,1,0,1200.0,0.0
BLOCK_K0612_linear_bias0_physical_v3_334d,2025-04-19,12,16227.603207865444,0.1411468000005697,0,37,0,0,144,1,0,1200.0,0.0
BLOCK_K0612_linear_bias0_physical_v3_334d,2025-04-20,0,35460.26579424469,0.1733425999991595,0,31,0,0,144,1,0,1200.0,0.0
BLOCK_K0612_linear_bias0_physical_v3_334d,2025-04-20,6,11731.328595031411,0.0649582999903941,0,74,0,0,144,1,0,1200.0,0.0
BLOCK_K0612_linear_bias0_physical_v3_334d,2025-04-20,12,14934.431188779286,0.234578399991733,0,47,0,0,144,1,0,1200.0,0.0
BLOCK_K0612_linear_bias0_physical_v3_334d,2025-04-21,0,40029.52204159858,0.8354301000072155,0,36,0,0,144,1,0,1200.0,0.0
BLOCK_K0612_linear_bias0_physical_v3_334d,2025-04-21,6,8846.287573960526,0.1109471000090707,0,21,0,0,144,1,0,1200.0,0.0
BLOCK_K0612_linear_bias0_physical_v3_334d,2025-04-21,12,11732.216212492118,0.8564232000062475,0,36,0,0,144,1,0,1200.0,0.0
BLOCK_K0612_linear_bias0_physical_v3_334d,2025-04-22,0,35194.48145758426,0.2960765000025276,0,33,0,0,144,1,0,1200.0,0.0
BLOCK_K0612_linear_bias0_physical_v3_334d,2025-04-22,6,14984.509728854096,0.3692631000012625,0,84,0,0,144,1,0,1200.0,0.0
BLOCK_K0612_linear_bias0_physical_v3_334d,2025-04-22,12,15142.825170549946,0.2434208000049693,0,39,0,0,144,1,0,1200.0,0.0
BLOCK_K0612_linear_bias0_physical_v3_334d,2025-04-23,0,34994.99439442156,0.6688416999968467,0,32,0,0,144,1,0,1200.0,0.0
BLOCK_K0612_linear_bias0_physical_v3_334d,2025-04-23,6,12815.794126355697,0.5317531999899074,0,81,0,0,144,1,0,1200.0,0.0
BLOCK_K0612_linear_bias0_physical_v3_334d,2025-04-23,12,14253.69551408546,0.9821874000044772,0,44,0,0,144,1,0,1200.0,0.0
BLOCK_K0612_linear_bias0_physical_v3_334d,2025-04-24,0,36203.88293390973,0.4635324999981094,0,32,0,0,144,1,0,1200.0,0.0
BLOCK_K0612_linear_bias0_physical_v3_334d,2025-04-24,6,7461.637519599084,0.1543365999968955,0,31,0,0,144,1,0,1200.0,0.0
BLOCK_K0612_linear_bias0_physical_v3_334d,2025-04-24,12,9352.124759010634,0.1326723000092897,0,24,0,0,144,1,0,1200.0,0.0
BLOCK_K0612_linear_bias0_physical_v3_334d,2025-04-25,0,16911.611181527845,0.065976399986539,0,4,0,0,144,1,0,1200.0,0.0
BLOCK_K0612_linear_bias0_physical_v3_334d,2025-04-25,6,7631.734090539221,0.1807642999920062,0,20,0,0,144,1,0,1200.0,0.0
BLOCK_K0612_linear_bias0_physical_v3_334d,2025-04-25,12,8350.482110563886,0.3787197000056039,0,25,0,0,144,1,0,1200.0,0.0
BLOCK_K0612_linear_bias0_physical_v3_334d,2025-04-26,0,15710.689676794666,0.0803289999894332,0,2,0,0,144,1,0,1200.0,0.0
BLOCK_K0612_linear_bias0_physical_v3_334d,2025-04-26,6,10269.428722200151,0.0738050000072689,0,25,0,0,144,1,0,1200.0,0.0
BLOCK_K0612_linear_bias0_physical_v3_334d,2025-04-26,12,16513.193135033584,0.3300887999939732,0,45,0,0,144,1,0,1200.0,0.0
BLOCK_K0612_linear_bias0_physical_v3_334d,2025-04-27,0,32451.769800486843,0.8683468000090215,0,21,0,0,144,1,0,1200.0,0.0
BLOCK_K0612_linear_bias0_physical_v3_334d,2025-04-27,6,14713.234412387616,0.0759513000084552,0,82,0,0,144,1,0,1200.0,0.0
BLOCK_K0612_linear_bias0_physical_v3_334d,2025-04-27,12,14201.48802179427,0.2613716000050772,0,47,0,0,144,1,0,1200.0,0.0
BLOCK_K0612_linear_bias0_physical_v3_334d,2025-04-28,0,42514.66417857784,1.813887700001942,0,32,0,0,144,1,0,1200.0,0.0
BLOCK_K0612_linear_bias0_physical_v3_334d,2025-04-28,6,10889.109855661683,0.1206208999938098,0,42,0,0,144,1,0,1200.0,0.0
BLOCK_K0612_linear_bias0_physical_v3_334d,2025-04-28,12,11718.273887726136,0.1425890999962575,0,45,0,0,144,1,0,1200.0,0.0
BLOCK_K0612_linear_bias0_physical_v3_334d,2025-04-29,0,36469.62601158298,1.3328946999972686,0,34,0,0,144,1,0,1200.0,0.0
BLOCK_K0612_linear_bias0_physical_v3_334d,2025-04-29,6,10290.797427164696,0.0776755999977467,0,28,0,0,144,1,0,1200.0,0.0
BLOCK_K0612_linear_bias0_physical_v3_334d,2025-04-29,12,13837.96193985745,0.8418541999999434,0,36,0,0,144,1,0,1200.0,0.0
BLOCK_K0612_linear_bias0_physical_v3_334d,2025-04-30,0,34986.22532487826,0.6566023000050336,0,32,0,0,144,1,0,1200.0,0.0
BLOCK_K0612_linear_bias0_physical_v3_334d,2025-04-30,6,9756.203122419409,0.1318318999983603,0,21,0,0,144,1,0,1200.0,0.0
BLOCK_K0612_linear_bias0_physical_v3_334d,2025-04-30,12,14194.066501813735,0.2088415000034729,0,38,0,0,144,1,0,1200.0,0.0
BLOCK_K0612_linear_bias0_physical_v3_334d,2025-05-01,0,37156.43703272438,0.5518523000064306,0,33,0,0,144,1,0,1200.0,0.0
BLOCK_K0612_linear_bias0_physical_v3_334d,2025-05-01,6,7635.59013081096,0.1065887000004295,0,31,0,0,144,1,0,1200.0,0.0
BLOCK_K0612_linear_bias0_physical_v3_334d,2025-05-01,12,8460.043081238353,0.1463025999983074,0,29,0,0,144,1,0,1200.0,0.0
BLOCK_K0612_linear_bias0_physical_v3_334d,2025-05-02,0,20338.26480042604,0.0952733000012813,0,15,0,0,144,1,0,1200.0,0.0
BLOCK_K0612_linear_bias0_physical_v3_334d,2025-05-02,6,8244.806764489593,0.0874857000017073,0,22,0,0,144,1,0,1200.0,0.0
BLOCK_K0612_linear_bias0_physical_v3_334d,2025-05-02,12,8540.327647909291,0.112922600004822,0,21,0,0,144,1,0,1200.0,0.0
BLOCK_K0612_linear_bias0_physical_v3_334d,2025-05-03,0,17440.874475747387,0.2469502999883843,0,5,0,0,144,1,0,1200.0,0.0
BLOCK_K0612_linear_bias0_physical_v3_334d,2025-05-03,6,10062.31338771895,0.0859942999959457,0,21,0,0,144,1,0,1200.0,0.0
BLOCK_K0612_linear_bias0_physical_v3_334d,2025-05-03,12,14251.929623307293,0.4074353999894811,0,36,0,0,144,1,0,1200.0,0.0
BLOCK_K0612_linear_bias0_physical_v3_334d,2025-05-04,0,37818.14524278031,0.1996495999919716,0,33,0,0,144,1,0,1200.0,0.0
BLOCK_K0612_linear_bias0_physical_v3_334d,2025-05-04,6,10249.258888879596,0.0709589000034611,0,33,0,0,144,1,0,1200.0,0.0
BLOCK_K0612_linear_bias0_physical_v3_334d,2025-05-04,12,14445.25816458757,0.3854644999955781,0,37,0,0,144,1,0,1200.0,0.0
BLOCK_K0612_linear_bias0_physical_v3_334d,2025-05-05,0,42866.63934201541,0.1295677000016439,0,40,0,0,144,1,0,1200.0,0.0
BLOCK_K0612_linear_bias0_physical_v3_334d,2025-05-05,6,9448.185354830346,0.0959226999984821,0,28,0,0,144,1,0,1200.0,0.0
BLOCK_K0612_linear_bias0_physical_v3_334d,2025-05-05,12,12423.91117681642,0.2558445000031497,0,39,0,0,144,1,0,1200.0,0.0
BLOCK_K0612_linear_bias0_physical_v3_334d,2025-05-06,0,37255.0756536064,0.7792985000123736,0,33,0,0,144,1,0,1200.0,0.0
BLOCK_K0612_linear_bias0_physical_v3_334d,2025-05-06,6,12251.642692196132,0.146902599997702,0,77,0,0,144,1,0,1200.0,0.0
BLOCK_K0612_linear_bias0_physical_v3_334d,2025-05-06,12,21866.1934323165,0.4044897999992827,0,48,0,0,144,1,0,1200.0,0.0
BLOCK_K0612_linear_bias0_physical_v3_334d,2025-05-07,0,40166.39645410993,0.4488443000009283,0,34,0,0,144,1,0,1200.0,0.0
BLOCK_K0612_linear_bias0_physical_v3_334d,2025-05-07,6,12555.867624038412,0.0637482000020099,0,66,0,0,144,1,0,1200.0,0.0
BLOCK_K0612_linear_bias0_physical_v3_334d,2025-05-07,12,18891.692936456264,0.1799356999981682,0,51,0,0,144,1,0,1200.0,0.0
BLOCK_K0612_linear_bias0_physical_v3_334d,2025-05-08,0,44058.731265810224,0.228856400004588,0,39,0,0,144,1,0,1200.0,0.0
BLOCK_K0612_linear_bias0_physical_v3_334d,2025-05-08,6,8154.281141294372,0.1041858000098727,0,21,0,0,144,1,0,1200.0,0.0
BLOCK_K0612_linear_bias0_physical_v3_334d,2025-05-08,12,12160.04340379679,0.0922470000077737,0,49,0,0,144,1,0,1200.0,0.0
BLOCK_K0612_linear_bias0_physical_v3_334d,2025-05-09,0,22095.46685745172,0.1006638999970164,0,21,0,0,144,1,0,1200.0,0.0
BLOCK_K0612_linear_bias0_physical_v3_334d,2025-05-09,6,8744.510123368655,0.3312170999997761,0,3,0,0,144,1,0,1200.0,0.0
BLOCK_K0612_linear_bias0_physical_v3_334d,2025-05-09,12,9301.465850793757,0.376864799996838,0,24,0,0,144,1,0,1200.0,0.0
BLOCK_K0612_linear_bias0_physical_v3_334d,2025-05-10,0,18975.13421993362,0.5859348999947542,0,3,0,0,144,1,0,1200.0,0.0
BLOCK_K0612_linear_bias0_physical_v3_334d,2025-05-10,6,12525.53908559082,0.0807169000036083,0,26,0,0,144,1,0,1200.0,0.0
BLOCK_K0612_linear_bias0_physical_v3_334d,2025-05-10,12,14745.628298069938,0.2360397000011289,0,43,0,0,144,1,0,1200.0,0.0
BLOCK_K0612_linear_bias0_physical_v3_334d,2025-05-11,0,39127.308708680896,0.1508710000052815,0,32,0,0,144,1,0,1200.0,0.0
BLOCK_K0612_linear_bias0_physical_v3_334d,2025-05-11,6,13467.273345088604,0.1445812000019941,0,68,0,0,144,1,0,1200.0,0.0
BLOCK_K0612_linear_bias0_physical_v3_334d,2025-05-11,12,16442.897867630378,0.219662799994694,0,43,0,0,144,1,0,1200.0,0.0
BLOCK_K0612_linear_bias0_physical_v3_334d,2025-05-12,0,38747.47943684249,0.7470101000071736,0,34,0,0,144,1,0,1200.0,0.0
BLOCK_K0612_linear_bias0_physical_v3_334d,2025-05-12,6,16959.94277844374,0.0894840999972075,0,76,0,0,144,1,0,1200.0,0.0
BLOCK_K0612_linear_bias0_physical_v3_334d,2025-05-12,12,14874.739732706215,0.2191575999895576,0,35,0,0,144,1,0,1200.0,0.0
BLOCK_K0612_linear_bias0_physical_v3_334d,2025-05-13,0,44333.16416926213,0.3472965999972075,0,36,0,0,144,1,0,1200.0,0.0
BLOCK_K0612_linear_bias0_physical_v3_334d,2025-05-13,6,9889.882575000622,0.0747548999934224,0,30,0,0,144,1,0,1200.0,0.0
BLOCK_K0612_linear_bias0_physical_v3_334d,2025-05-13,12,23186.445158792118,0.213506200001575,0,50,0,0,144,1,0,1200.0,0.0
BLOCK_K0612_linear_bias0_physical_v3_334d,2025-05-14,0,43621.2995612709,0.7115579999954207,0,37,0,0,144,1,0,1200.0,0.0
BLOCK_K0612_linear_bias0_physical_v3_334d,2025-05-14,6,11002.93428631916,0.1214692000066861,0,43,0,0,144,1,0,1200.0,0.0
BLOCK_K0612_linear_bias0_physical_v3_334d,2025-05-14,12,12446.9005543083,0.0830204000085359,0,37,0,0,144,1,0,1200.0,0.0
BLOCK_K0612_linear_bias0_physical_v3_334d,2025-05-15,0,42826.78685611541,0.1133275999891338,0,32,0,0,144,1,0,1200.0,0.0
BLOCK_K0612_linear_bias0_physical_v3_334d,2025-05-15,6,10549.315732443063,0.258380200000829,0,61,0,0,144,1,0,1200.0,0.0
BLOCK_K0612_linear_bias0_physical_v3_334d,2025-05-15,12,7959.160711729436,0.3256102000013925,0,25,0,0,144,1,0,1200.0,0.0
BLOCK_K0612_linear_bias0_physical_v3_334d,2025-05-16,0,20211.641009302628,0.2128498999954899,0,2,0,0,144,1,0,1200.0,0.0
BLOCK_K0612_linear_bias0_physical_v3_334d,2025-05-16,6,7787.2816414904355,0.2403147000004537,0,10,0,0,144,1,0,1200.0,0.0
BLOCK_K0612_linear_bias0_physical_v3_334d,2025-05-16,12,7973.073765751842,0.1439869000023463,0,21,0,0,144,1,0,1200.0,0.0
BLOCK_K0612_linear_bias0_physical_v3_334d,2025-05-17,0,19058.64713247072,0.0456769999873358,0,1,0,0,144,1,0,1200.0,0.0
BLOCK_K0612_linear_bias0_physical_v3_334d,2025-05-17,6,10185.763673915564,0.0636674000124912,0,21,0,0,144,1,0,1200.0,0.0
BLOCK_K0612_linear_bias0_physical_v3_334d,2025-05-17,12,14969.75889850118,0.1024294999951962,0,40,0,0,144,1,0,1200.0,0.0
BLOCK_K0612_linear_bias0_physical_v3_334d,2025-05-18,0,41402.04135040099,0.4566113000037148,0,36,0,0,144,1,0,1200.0,0.0
BLOCK_K0612_linear_bias0_physical_v3_334d,2025-05-18,6,10690.355359600786,0.0547499999956926,0,25,0,0,144,1,0,1200.0,0.0
BLOCK_K0612_linear_bias0_physical_v3_334d,2025-05-18,12,17349.96591018086,0.1864001999929314,0,43,0,0,144,1,0,1200.0,0.0
BLOCK_K0612_linear_bias0_physical_v3_334d,2025-05-19,0,39746.53639308972,0.1651638000039383,0,35,0,0,144,1,0,1200.0,0.0
BLOCK_K0612_linear_bias0_physical_v3_334d,2025-05-19,6,10190.774224414365,0.5539403000002494,0,30,0,0,144,1,0,1200.0,0.0
BLOCK_K0612_linear_bias0_physical_v3_334d,2025-05-19,12,18319.7787639831,0.1800653999962378,0,51,0,0,144,1,0,1200.0,0.0
BLOCK_K0612_linear_bias0_physical_v3_334d,2025-05-20,0,39547.46955920944,0.4829463000060059,0,34,0,0,144,1,0,1200.0,0.0
BLOCK_K0612_linear_bias0_physical_v3_334d,2025-05-20,6,12646.468177200137,0.0759127000055741,0,63,0,0,144,1,0,1200.0,0.0
BLOCK_K0612_linear_bias0_physical_v3_334d,2025-05-20,12,13515.380370941824,0.2119306000095093,0,53,0,0,144,1,0,1200.0,0.0
BLOCK_K0612_linear_bias0_physical_v3_334d,2025-05-21,0,37232.47046998195,0.6870346000068821,0,31,0,0,144,1,0,1200.0,0.0
BLOCK_K0612_linear_bias0_physical_v3_334d,2025-05-21,6,13912.455207927029,0.2393747000023722,0,87,0,0,144,1,0,1200.0,0.0
BLOCK_K0612_linear_bias0_physical_v3_334d,2025-05-21,12,15959.723095186268,0.1671401999919908,0,49,0,0,144,1,0,1200.0,0.0
BLOCK_K0612_linear_bias0_physical_v3_334d,2025-05-22,0,38420.94136917096,0.3915168999956222,0,33,0,0,144,1,0,1200.0,0.0
BLOCK_K0612_linear_bias0_physical_v3_334d,2025-05-22,6,7700.872104318306,0.3368817000009585,0,22,0,0,144,1,0,1200.0,0.0
BLOCK_K0612_linear_bias0_physical_v3_334d,2025-05-22,12,7987.687857247684,0.0957583999988855,0,25,0,0,144,1,0,1200.0,0.0
BLOCK_K0612_linear_bias0_physical_v3_334d,2025-05-23,0,18472.603483432704,0.4373336999997264,0,3,0,0,144,1,0,1200.0,0.0
BLOCK_K0612_linear_bias0_physical_v3_334d,2025-05-23,6,7629.629629748613,0.2677696000027936,0,9,0,0,144,1,0,1200.0,0.0
BLOCK_K0612_linear_bias0_physical_v3_334d,2025-05-23,12,9792.565191957206,0.101600399997551,0,21,0,0,144,1,0,1200.0,0.0
BLOCK_K0612_linear_bias0_physical_v3_334d,2025-05-24,0,19121.179637581583,0.0443763000075705,0,1,0,0,144,1,0,1200.0,0.0
BLOCK_K0612_linear_bias0_physical_v3_334d,2025-05-24,6,10337.617088316323,0.0475117000023601,0,20,0,0,144,1,0,1200.0,0.0
BLOCK_K0612_linear_bias0_physical_v3_334d,2025-05-24,12,14735.57349337156,0.3312805000023218,0,38,0,0,144,1,0,1200.0,0.0
BLOCK_K0612_linear_bias0_physical_v3_334d,2025-05-25,0,36854.185923920166,0.0935580000077607,0,32,0,0,144,1,0,1200.0,0.0
BLOCK_K0612_linear_bias0_physical_v3_334d,2025-05-25,6,11417.64656657336,0.063840099988738,0,39,0,0,144,1,0,1200.0,0.0
BLOCK_K0612_linear_bias0_physical_v3_334d,2025-05-25,12,26439.291700509853,0.1175650000077439,0,51,0,0,144,1,0,1200.0,0.0
BLOCK_K0612_linear_bias0_physical_v3_334d,2025-05-26,0,38424.38396967122,0.3352366000035545,0,34,0,0,144,1,0,1200.0,0.0
BLOCK_K0612_linear_bias0_physical_v3_334d,2025-05-26,6,10738.703785668247,0.0668261999962851,0,49,0,0,144,1,0,1200.0,0.0
BLOCK_K0612_linear_bias0_physical_v3_334d,2025-05-26,12,14162.68197687097,0.1954608999949414,0,73,0,0,144,1,0,1200.0,0.0
BLOCK_K0612_linear_bias0_physical_v3_334d,2025-05-27,0,36456.64497607643,0.3730074999912176,0,34,0,0,144,1,0,1200.0,0.0
BLOCK_K0612_linear_bias0_physical_v3_334d,2025-05-27,6,13616.984160038064,0.0598662999982479,0,82,0,0,144,1,0,1200.0,0.0
BLOCK_K0612_linear_bias0_physical_v3_334d,2025-05-27,12,16422.731565507904,0.1526591000001644,0,44,0,0,144,1,0,1200.0,0.0
BLOCK_K0612_linear_bias0_physical_v3_334d,2025-05-28,0,40646.94265695448,0.2530847000016365,0,36,0,0,144,1,0,1200.0,0.0
BLOCK_K0612_linear_bias0_physical_v3_334d,2025-05-28,6,9613.503113602306,0.0573044000047957,0,28,0,0,144,1,0,1200.0,0.0
BLOCK_K0612_linear_bias0_physical_v3_334d,2025-05-28,12,20408.25590601668,0.1204435999970883,0,40,0,0,144,1,0,1200.0,0.0
BLOCK_K0612_linear_bias0_physical_v3_334d,2025-05-29,0,40249.86120717644,0.2764463999919826,0,35,0,0,144,1,0,1200.0,0.0
BLOCK_K0612_linear_bias0_physical_v3_334d,2025-05-29,6,9150.456638016263,0.1112966000073356,0,48,0,0,144,1,0,1200.0,0.0
BLOCK_K0612_linear_bias0_physical_v3_334d,2025-05-29,12,8519.857169884159,0.1344259000034071,0,28,0,0,144,1,0,1200.0,0.0
BLOCK_K0612_linear_bias0_physical_v3_334d,2025-05-30,0,19702.294798147173,1.0004868999967584,0,4,0,0,144,1,0,1200.0,0.0
BLOCK_K0612_linear_bias0_physical_v3_334d,2025-05-30,6,7965.002591554972,0.0437948000035248,0,8,0,0,144,1,0,1200.0,0.0
BLOCK_K0612_linear_bias0_physical_v3_334d,2025-05-30,12,8626.509803005727,0.1866318999964278,0,27,0,0,144,1,0,1200.0,0.0
BLOCK_K0612_linear_bias0_physical_v3_334d,2025-05-31,0,20750.966302253444,0.100848500005668,0,2,0,0,144,1,0,1200.0,0.0
BLOCK_K0612_linear_bias0_physical_v3_334d,2025-05-31,6,10024.572783073554,0.0559028999996371,0,20,0,0,144,1,0,1200.0,0.0
BLOCK_K0612_linear_bias0_physical_v3_334d,2025-05-31,12,15522.532157700243,0.1355129000003216,0,37,0,0,144,1,0,1200.0,0.0
BLOCK_K0612_linear_bias0_physical_v3_334d,2025-06-01,0,46805.97847022615,0.1326093000097898,0,25,0,0,144,1,0,1200.0,0.0
BLOCK_K0612_linear_bias0_physical_v3_334d,2025-06-01,6,12068.051579321504,0.2680189999955473,0,29,0,0,144,1,0,1200.0,0.0
BLOCK_K0612_linear_bias0_physical_v3_334d,2025-06-01,12,15783.731592633794,0.2571324000018649,0,42,0,0,144,1,0,1200.0,0.0
BLOCK_K0612_linear_bias0_physical_v3_334d,2025-06-02,0,54229.69458630573,0.1768654999905266,0,31,0,0,144,1,0,1200.0,0.0
BLOCK_K0612_linear_bias0_physical_v3_334d,2025-06-02,6,7353.842558812179,0.0828399000019999,0,23,0,0,144,1,0,1200.0,0.0
BLOCK_K0612_linear_bias0_physical_v3_334d,2025-06-02,12,13603.01200523696,0.6228069999924628,0,46,0,0,144,1,0,1200.0,0.0
BLOCK_K0612_linear_bias0_physical_v3_334d,2025-06-03,0,51489.21800260168,0.3057482000003801,0,30,0,0,144,1,0,1200.0,0.0
BLOCK_K0612_linear_bias0_physical_v3_334d,2025-06-03,6,12687.181079983216,0.2857096000079764,0,40,0,0,144,1,0,1200.0,0.0
BLOCK_K0612_linear_bias0_physical_v3_334d,2025-06-03,12,17538.81699022658,0.3056192000076407,0,46,0,0,144,1,0,1200.0,0.0
BLOCK_K0612_linear_bias0_physical_v3_334d,2025-06-04,0,59222.86289072287,0.3015903999912552,0,31,0,0,144,1,0,1200.0,0.0
BLOCK_K0612_linear_bias0_physical_v3_334d,2025-06-04,6,6883.316542286939,0.0558129999990342,0,20,0,0,144,1,0,1200.0,0.0
BLOCK_K0612_linear_bias0_physical_v3_334d,2025-06-04,12,16633.67392456908,0.2272170999931404,0,73,0,0,144,1,0,1200.0,0.0
BLOCK_K0612_linear_bias0_physical_v3_334d,2025-06-05,0,51239.66849827764,0.1521608000039123,0,31,0,0,144,1,0,1200.0,0.0
BLOCK_K0612_linear_bias0_physical_v3_334d,2025-06-05,6,10882.296887306758,0.2124016999878222,0,23,0,0,144,1,0,1200.0,0.0
BLOCK_K0612_linear_bias0_physical_v3_334d,2025-06-05,12,11898.330043276734,0.1330229000013787,0,35,0,0,144,1,0,1200.0,0.0
BLOCK_K0612_linear_bias0_physical_v3_334d,2025-06-06,0,30654.93887524825,0.1716944999934639,0,32,0,0,144,1,0,1200.0,0.0
BLOCK_K0612_linear_bias0_physical_v3_334d,2025-06-06,6,8374.281206005428,0.0463205999985802,0,5,0,0,144,1,0,1200.0,0.0
BLOCK_K0612_linear_bias0_physical_v3_334d,2025-06-06,12,8699.757934943105,0.6630271000030916,0,23,0,0,144,1,0,1200.0,0.0
BLOCK_K0612_linear_bias0_physical_v3_334d,2025-06-07,0,29358.533568647035,0.4221063000004506,0,33,0,0,144,1,0,1200.0,0.0
BLOCK_K0612_linear_bias0_physical_v3_334d,2025-06-07,6,11465.426751427978,0.0477806999988388,0,22,0,0,144,1,0,1200.0,0.0
BLOCK_K0612_linear_bias0_physical_v3_334d,2025-06-07,12,16081.52424506984,0.4108191999985138,0,38,0,0,144,1,0,1200.0,0.0
BLOCK_K0612_linear_bias0_physical_v3_334d,2025-06-08,0,48426.23122828124,0.5206193000049097,0,36,0,0,144,1,0,1200.0,0.0
BLOCK_K0612_linear_bias0_physical_v3_334d,2025-06-08,6,15720.441959868354,0.0945381000055931,0,72,0,0,144,1,0,1200.0,0.0
BLOCK_K0612_linear_bias0_physical_v3_334d,2025-06-08,12,20176.369602035185,0.2383523000025889,0,58,0,0,144,1,0,1200.0,0.0
BLOCK_K0612_linear_bias0_physical_v3_334d,2025-06-09,0,60233.37909245775,1.0333229999960167,0,29,0,0,144,1,0,1200.0,0.0
BLOCK_K0612_linear_bias0_physical_v3_334d,2025-06-09,6,9951.939245644924,0.0526087999896844,0,22,0,0,144,1,0,1200.0,0.0
BLOCK_K0612_linear_bias0_physical_v3_334d,2025-06-09,12,23579.585784706374,0.1179658000037306,0,43,0,0,144,1,0,1200.0,0.0
BLOCK_K0612_linear_bias0_physical_v3_334d,2025-06-10,0,54211.52797755585,0.2904906000039773,0,36,0,0,144,1,0,1200.0,0.0
BLOCK_K0612_linear_bias0_physical_v3_334d,2025-06-10,6,13178.325054536295,0.3991926000016974,0,49,0,0,144,1,0,1200.0,0.0
BLOCK_K0612_linear_bias0_physical_v3_334d,2025-06-10,12,28306.84680085053,0.0980079000000841,0,67,0,0,144,1,0,1200.0,0.0
BLOCK_K0612_linear_bias0_physical_v3_334d,2025-06-11,0,57500.71472884902,0.5170642000011867,0,33,0,0,144,1,0,1200.0,0.0
BLOCK_K0612_linear_bias0_physical_v3_334d,2025-06-11,6,14981.25698843096,0.0673608999932184,0,41,0,0,144,1,0,1200.0,0.0
BLOCK_K0612_linear_bias0_physical_v3_334d,2025-06-11,12,20036.509048758857,0.3336058999993838,0,55,0,0,144,1,0,1200.0,0.0
BLOCK_K0612_linear_bias0_physical_v3_334d,2025-06-12,0,56871.22135553703,0.639547600003425,0,30,0,0,144,1,0,1200.0,0.0
BLOCK_K0612_linear_bias0_physical_v3_334d,2025-06-12,6,11287.121743518052,0.1940059000044129,0,61,0,0,144,1,0,1200.0,0.0
BLOCK_K0612_linear_bias0_physical_v3_334d,2025-06-12,12,14979.264679496271,0.0953665999986697,0,46,0,0,144,1,0,1200.0,0.0
BLOCK_K0612_linear_bias0_physical_v3_334d,2025-06-13,0,32919.02161604547,0.1381936999969184,0,24,0,0,144,1,0,1200.0,0.0
BLOCK_K0612_linear_bias0_physical_v3_334d,2025-06-13,6,9401.29724673982,0.3063150999951176,0,34,0,0,144,1,0,1200.0,0.0
BLOCK_K0612_linear_bias0_physical_v3_334d,2025-06-13,12,10148.904445115715,0.1436820000089937,0,25,0,0,144,1,0,1200.0,0.0
BLOCK_K0612_linear_bias0_physical_v3_334d,2025-06-14,0,29699.14509193213,1.08484640000097,0,24,0,0,144,1,0,1200.0,0.0
BLOCK_K0612_linear_bias0_physical_v3_334d,2025-06-14,6,11720.981517442398,0.047567200002959,0,20,0,0,144,1,0,1200.0,0.0
BLOCK_K0612_linear_bias0_physical_v3_334d,2025-06-14,12,15589.517492662011,0.3101882999908412,0,36,0,0,144,1,0,1200.0,0.0
BLOCK_K0612_linear_bias0_physical_v3_334d,2025-06-15,0,49085.63666202254,0.1372506000043358,0,37,0,0,144,1,0,1200.0,0.0
BLOCK_K0612_linear_bias0_physical_v3_334d,2025-06-15,6,16004.731070710828,0.0826178999996045,0,78,0,0,144,1,0,1200.0,0.0
BLOCK_K0612_linear_bias0_physical_v3_334d,2025-06-15,12,25563.590492312484,0.1871105000027455,0,69,0,0,144,1,0,1200.0,0.0
BLOCK_K0612_linear_bias0_physical_v3_334d,2025-06-16,0,54731.40134616859,0.4518246999941766,0,34,0,0,144,1,0,1200.0,0.0
BLOCK_K0612_linear_bias0_physical_v3_334d,2025-06-16,6,14803.453923911226,0.0945253999962005,0,75,0,0,144,1,0,1200.0,0.0
BLOCK_K0612_linear_bias0_physical_v3_334d,2025-06-16,12,20031.76227264212,0.17287860000215,0,47,0,0,144,1,0,1200.0,0.0
BLOCK_K0612_linear_bias0_physical_v3_334d,2025-06-17,0,55336.71796912175,0.402904500006116,0,31,0,0,144,1,0,1200.0,0.0
BLOCK_K0612_linear_bias0_physical_v3_334d,2025-06-17,6,16368.5212164801,0.1103212000016355,0,80,0,0,144,1,0,1200.0,0.0
BLOCK_K0612_linear_bias0_physical_v3_334d,2025-06-17,12,19664.110687114917,0.2016960999899311,0,45,0,0,144,1,0,1200.0,0.0
BLOCK_K0612_linear_bias0_physical_v3_334d,2025-06-18,0,55413.78319576647,0.2211096999963047,0,30,0,0,144,1,0,1200.0,0.0
BLOCK_K0612_linear_bias0_physical_v3_334d,2025-06-18,6,17353.232248565848,0.2050051999976858,0,88,0,0,144,1,0,1200.0,0.0
BLOCK_K0612_linear_bias0_physical_v3_334d,2025-06-18,12,21085.80780089381,0.2130726000032154,0,55,0,0,144,1,0,1200.0,0.0
BLOCK_K0612_linear_bias0_physical_v3_334d,2025-06-19,0,51563.65375098274,0.2155438000045251,0,33,0,0,144,1,0,1200.0,0.0
BLOCK_K0612_linear_bias0_physical_v3_334d,2025-06-19,6,10194.107868248171,0.2058547000051476,0,59,0,0,144,1,0,1200.0,0.0
BLOCK_K0612_linear_bias0_physical_v3_334d,2025-06-19,12,13719.102413339942,0.6254382999904919,0,33,0,0,144,1,0,1200.0,0.0
BLOCK_K0612_linear_bias0_physical_v3_334d,2025-06-20,0,28535.22437897274,1.6900962999934563,0,26,0,0,144,1,0,1200.0,0.0
BLOCK_K0612_linear_bias0_physical_v3_334d,2025-06-20,6,8545.069385312594,0.0847121000115294,0,15,0,0,144,1,0,1200.0,0.0
BLOCK_K0612_linear_bias0_physical_v3_334d,2025-06-20,12,11385.528292460109,0.1497759999911068,0,32,0,0,144,1,0,1200.0,0.0
BLOCK_K0612_linear_bias0_physical_v3_334d,2025-06-21,0,26426.58007568024,0.6239292000100249,0,8,0,0,144,1,0,1200.0,0.0
BLOCK_K0612_linear_bias0_physical_v3_334d,2025-06-21,6,11627.84182552829,0.0708640000084415,0,20,0,0,144,1,0,1200.0,0.0
BLOCK_K0612_linear_bias0_physical_v3_334d,2025-06-21,12,16801.172611129376,0.220680500002345,0,43,0,0,144,1,0,1200.0,0.0
BLOCK_K0612_linear_bias0_physical_v3_334d,2025-06-22,0,48397.05980563082,0.9476122000050964,0,27,0,0,144,1,0,1200.0,0.0
BLOCK_K0612_linear_bias0_physical_v3_334d,2025-06-22,6,15539.561738089544,0.7465204000036465,0,46,0,0,144,1,0,1200.0,0.0
BLOCK_K0612_linear_bias0_physical_v3_334d,2025-06-22,12,22784.551767584944,0.5705450999957975,0,50,0,0,144,1,0,1200.0,0.0
BLOCK_K0612_linear_bias0_physical_v3_334d,2025-06-23,0,50172.43003581681,0.1546493000059854,0,32,0,0,144,1,0,1200.0,0.0
BLOCK_K0612_linear_bias0_physical_v3_334d,2025-06-23,6,12281.701797493712,0.1530222000001231,0,48,0,0,144,1,0,1200.0,0.0
BLOCK_K0612_linear_bias0_physical_v3_334d,2025-06-23,12,14183.427116003468,0.5200540999940131,0,53,0,0,144,1,0,1200.0,0.0
BLOCK_K0612_linear_bias0_physical_v3_334d,2025-06-24,0,58185.09030164327,0.4597353999997722,0,30,0,0,144,1,0,1200.0,0.0
BLOCK_K0612_linear_bias0_physical_v3_334d,2025-06-24,6,10142.639595743389,0.1202965999982552,0,30,0,0,144,1,0,1200.0,0.0
BLOCK_K0612_linear_bias0_physical_v3_334d,2025-06-24,12,14671.583826397618,0.627582800007076,0,45,0,0,144,1,0,1200.0,0.0
BLOCK_K0612_linear_bias0_physical_v3_334d,2025-06-25,0,50816.94674864075,0.6084353000042029,0,34,0,0,144,1,0,1200.0,0.0
BLOCK_K0612_linear_bias0_physical_v3_334d,2025-06-25,6,13429.639998551136,0.1845662999985506,0,48,0,0,144,1,0,1200.0,0.0
BLOCK_K0612_linear_bias0_physical_v3_334d,2025-06-25,12,24108.939835545847,0.1465239000099245,0,42,0,0,144,1,0,1200.0,0.0
BLOCK_K0612_linear_bias0_physical_v3_334d,2025-06-26,0,50027.823172534925,1.0306893999950262,0,35,0,0,144,1,0,1200.0,0.0
BLOCK_K0612_linear_bias0_physical_v3_334d,2025-06-26,6,9267.952131269618,0.369369000007282,0,34,0,0,144,1,0,1200.0,0.0
BLOCK_K0612_linear_bias0_physical_v3_334d,2025-06-26,12,11291.179521319187,0.687868900000467,0,55,0,0,144,1,0,1200.0,0.0
BLOCK_K0612_linear_bias0_physical_v3_334d,2025-06-27,0,28211.591306512742,0.2090129999996861,0,23,0,0,144,1,0,1200.0,0.0
BLOCK_K0612_linear_bias0_physical_v3_334d,2025-06-27,6,8322.767203558902,0.3170845999993616,0,6,0,0,144,1,0,1200.0,0.0
BLOCK_K0612_linear_bias0_physical_v3_334d,2025-06-27,12,10595.175069246674,0.2483884000102989,0,33,0,0,144,1,0,1200.0,0.0
BLOCK_K0612_linear_bias0_physical_v3_334d,2025-06-28,0,27499.9593272026,0.5155075000075158,0,17,0,0,144,1,0,1200.0,0.0
BLOCK_K0612_linear_bias0_physical_v3_334d,2025-06-28,6,11698.824472081476,0.0494715000095311,0,27,0,0,144,1,0,1200.0,0.0
BLOCK_K0612_linear_bias0_physical_v3_334d,2025-06-28,12,18134.085522632773,0.2489286999916657,0,42,0,0,144,1,0,1200.0,0.0
BLOCK_K0612_linear_bias0_physical_v3_334d,2025-06-29,0,47833.03770074039,0.3000558999920031,0,38,0,0,144,1,0,1200.0,0.0
BLOCK_K0612_linear_bias0_physical_v3_334d,2025-06-29,6,15037.617644698814,0.0926133000029949,0,67,0,0,144,1,0,1200.0,0.0
BLOCK_K0612_linear_bias0_physical_v3_334d,2025-06-29,12,22225.192291722717,0.1484047999983886,0,49,0,0,144,1,0,1200.0,0.0
BLOCK_K0612_linear_bias0_physical_v3_334d,2025-06-30,0,53048.497782866034,0.4305143999954453,0,31,0,0,144,1,0,1200.0,0.0
BLOCK_K0612_linear_bias0_physical_v3_334d,2025-06-30,6,10985.411410530754,0.7523527000012109,0,27,0,0,144,1,0,1200.0,0.0
BLOCK_K0612_linear_bias0_physical_v3_334d,2025-06-30,12,14790.301937869574,0.0614830999984405,0,44,0,0,144,1,0,1200.0,0.0
BLOCK_K0612_linear_bias0_physical_v3_334d,2025-07-01,0,46074.317697200255,0.230914700005087,0,32,0,0,144,1,0,1200.0,0.0
BLOCK_K0612_linear_bias0_physical_v3_334d,2025-07-01,6,12979.161332177277,0.2477244000037899,0,49,0,0,144,1,0,1200.0,0.0
BLOCK_K0612_linear_bias0_physical_v3_334d,2025-07-01,12,17052.33478437197,0.2067559999995865,0,63,0,0,144,1,0,1200.0,0.0
BLOCK_K0612_linear_bias0_physical_v3_334d,2025-07-02,0,51442.86841091044,0.1730919999972684,0,42,0,0,144,1,0,1200.0,0.0
BLOCK_K0612_linear_bias0_physical_v3_334d,2025-07-02,6,13165.81861938389,0.2160752000054344,0,26,0,0,144,1,0,1200.0,0.0
BLOCK_K0612_linear_bias0_physical_v3_334d,2025-07-02,12,18294.393354727526,0.28739029999997,0,42,0,0,144,1,0,1200.0,0.0
BLOCK_K0612_linear_bias0_physical_v3_334d,2025-07-03,0,59158.5611175573,0.1814748000033432,0,34,0,0,144,1,0,1200.0,0.0
BLOCK_K0612_linear_bias0_physical_v3_334d,2025-07-03,6,12856.310365635063,0.2385336000006646,0,51,0,0,144,1,0,1200.0,0.0
BLOCK_K0612_linear_bias0_physical_v3_334d,2025-07-03,12,11706.928509115742,0.3272640999930445,0,33,0,0,144,1,0,1200.0,0.0
BLOCK_K0612_linear_bias0_physical_v3_334d,2025-07-04,0,30138.79477652305,0.1420141999988118,0,4,0,0,144,1,0,1200.0,0.0
BLOCK_K0612_linear_bias0_physical_v3_334d,2025-07-04,6,13851.715560594055,0.4498290999908931,0,59,0,0,144,1,0,1200.0,0.0
BLOCK_K0612_linear_bias0_physical_v3_334d,2025-07-04,12,14760.397314592568,0.5117564999964088,0,45,0,0,144,1,0,1200.0,0.0
BLOCK_K0612_linear_bias0_physical_v3_334d,2025-07-05,0,28445.2193912476,0.8552929999859771,0,4,0,0,144,1,0,1200.0,0.0
BLOCK_K0612_linear_bias0_physical_v3_334d,2025-07-05,6,12463.31871405133,0.0481429000064963,0,24,0,0,144,1,0,1200.0,0.0
BLOCK_K0612_linear_bias0_physical_v3_334d,2025-07-05,12,23992.92249696132,0.1467530999943846,0,46,0,0,144,1,0,1200.0,0.0
BLOCK_K0612_linear_bias0_physical_v3_334d,2025-07-06,0,52461.44628356727,0.8774363999982597,0,32,0,0,144,1,0,1200.0,0.0
BLOCK_K0612_linear_bias0_physical_v3_334d,2025-07-06,6,17047.85164823773,0.1409931999951368,0,63,0,0,144,1,0,1200.0,0.0
BLOCK_K0612_linear_bias0_physical_v3_334d,2025-07-06,12,19893.032109308137,0.1084785999992163,0,50,0,0,144,1,0,1200.0,0.0
BLOCK_K0612_linear_bias0_physical_v3_334d,2025-07-07,0,57489.224174958814,0.3193668000021716,0,36,0,0,144,1,0,1200.0,0.0
BLOCK_K0612_linear_bias0_physical_v3_334d,2025-07-07,6,13386.808214239703,0.4623526000068523,0,25,0,0,144,1,0,1200.0,0.0
BLOCK_K0612_linear_bias0_physical_v3_334d,2025-07-07,12,25213.542921121687,0.8420318000135012,0,58,0,0,144,1,0,1200.0,0.0
BLOCK_K0612_linear_bias0_physical_v3_334d,2025-07-08,0,65779.73712421209,0.7552968999953009,0,31,0,0,144,1,0,1200.0,0.0
BLOCK_K0612_linear_bias0_physical_v3_334d,2025-07-08,6,14179.4061839579,0.1816973999957554,0,29,0,0,144,1,0,1200.0,0.0
BLOCK_K0612_linear_bias0_physical_v3_334d,2025-07-08,12,27095.660557938005,0.7712906999950064,0,50,0,0,144,1,0,1200.0,0.0
BLOCK_K0612_linear_bias0_physical_v3_334d,2025-07-09,0,64519.71850801011,1.0911119999946095,0,31,0,0,144,1,0,1200.0,0.0
BLOCK_K0612_linear_bias0_physical_v3_334d,2025-07-09,6,14367.038974098234,0.5590903999982402,0,28,0,0,144,1,0,1200.0,0.0
BLOCK_K0612_linear_bias0_physical_v3_334d,2025-07-09,12,28172.15781838137,0.517766400007531,0,43,0,0,144,1,0,1200.0,0.0
BLOCK_K0612_linear_bias0_physical_v3_334d,2025-07-10,0,59673.73343766774,0.5607784000021638,0,39,0,0,144,1,0,1200.0,0.0
BLOCK_K0612_linear_bias0_physical_v3_334d,2025-07-10,6,15827.89239853438,0.1687574999959906,0,34,0,0,144,1,0,1200.0,0.0
BLOCK_K0612_linear_bias0_physical_v3_334d,2025-07-10,12,18628.11478343031,0.3052721999993082,0,49,0,0,144,1,0,1200.0,0.0
BLOCK_K0612_linear_bias0_physical_v3_334d,2025-07-11,0,42698.92393256778,1.113703600000008,0,31,0,0,144,1,0,1200.0,0.0
BLOCK_K0612_linear_bias0_physical_v3_334d,2025-07-11,6,12392.076145439149,0.2890367000072729,0,26,0,0,144,1,0,1200.0,0.0
BLOCK_K0612_linear_bias0_physical_v3_334d,2025-07-11,12,17713.311922500052,0.7022870999935549,0,39,0,0,144,1,0,1200.0,0.0
BLOCK_K0612_linear_bias0_physical_v3_334d,2025-07-12,0,32883.279703720844,0.1958846999914385,0,3,0,0,144,1,0,1200.0,0.0
BLOCK_K0612_linear_bias0_physical_v3_334d,2025-07-12,6,14669.276889994098,0.0952658999885898,0,55,0,0,144,1,0,1200.0,0.0
BLOCK_K0612_linear_bias0_physical_v3_334d,2025-07-12,12,22578.4929214741,0.1665485999983502,0,58,0,0,144,1,0,1200.0,0.0
BLOCK_K0612_linear_bias0_physical_v3_334d,2025-07-13,0,60680.74255302696,0.1766261999873677,0,32,0,0,144,1,0,1200.0,0.0
BLOCK_K0612_linear_bias0_physical_v3_334d,2025-07-13,6,11407.97896667471,0.3523977000004379,0,20,0,0,144,1,0,1200.0,0.0
BLOCK_K0612_linear_bias0_physical_v3_334d,2025-07-13,12,23258.97949095863,0.1648237000044901,0,44,0,0,144,1,0,1200.0,0.0
BLOCK_K0612_linear_bias0_physical_v3_334d,2025-07-14,0,59904.50055101033,1.1790738999989117,0,28,0,0,144,1,0,1200.0,0.0
BLOCK_K0612_linear_bias0_physical_v3_334d,2025-07-14,6,15570.635982598627,0.3721937999944202,0,34,0,0,144,1,0,1200.0,0.0
BLOCK_K0612_linear_bias0_physical_v3_334d,2025-07-14,12,20945.47446514481,1.269782999996096,0,45,0,0,144,1,0,1200.0,0.0
BLOCK_K0612_linear_bias0_physical_v3_334d,2025-07-15,0,62108.7816859279,2.5920445999945514,0,34,0,0,144,1,0,1200.0,0.0
BLOCK_K0612_linear_bias0_physical_v3_334d,2025-07-15,6,13468.934707684915,0.2531040999892866,0,30,0,0,144,1,0,1200.0,0.0
BLOCK_K0612_linear_bias0_physical_v3_334d,2025-07-15,12,18655.592166398397,0.233685900006094,0,46,0,0,144,1,0,1200.0,0.0
BLOCK_K0612_linear_bias0_physical_v3_334d,2025-07-16,0,57265.97771871659,0.9379481000069064,0,40,0,0,144,1,0,1200.0,0.0
BLOCK_K0612_linear_bias0_physical_v3_334d,2025-07-16,6,12596.728531036062,0.0499970999953802,0,26,0,0,144,1,0,1200.0,0.0
BLOCK_K0612_linear_bias0_physical_v3_334d,2025-07-16,12,21613.85943740988,0.2160345000011148,0,53,0,0,144,1,0,1200.0,0.0
BLOCK_K0612_linear_bias0_physical_v3_334d,2025-07-17,0,54626.62837721259,0.0968979999888688,0,37,0,0,144,1,0,1200.0,0.0
BLOCK_K0612_linear_bias0_physical_v3_334d,2025-07-17,6,17742.429838646334,0.7265599999955157,0,81,0,0,144,1,0,1200.0,0.0
BLOCK_K0612_linear_bias0_physical_v3_334d,2025-07-17,12,15183.75831030104,0.2805512999912025,0,34,0,0,144,1,0,1200.0,0.0
BLOCK_K0612_linear_bias0_physical_v3_334d,2025-07-18,0,38691.59386618162,0.5526036000082968,0,26,0,0,144,1,0,1200.0,0.0
BLOCK_K0612_linear_bias0_physical_v3_334d,2025-07-18,6,10948.204951364138,0.3241745999985141,0,26,0,0,144,1,0,1200.0,0.0
BLOCK_K0612_linear_bias0_physical_v3_334d,2025-07-18,12,10075.499120442684,0.183448199997656,0,26,0,0,144,1,0,1200.0,0.0
BLOCK_K0612_linear_bias0_physical_v3_334d,2025-07-19,0,38435.14169560716,0.4345872000121744,0,26,0,0,144,1,0,1200.0,0.0
BLOCK_K0612_linear_bias0_physical_v3_334d,2025-07-19,6,12686.501631541254,0.0630521999992197,0,23,0,0,144,1,0,1200.0,0.0
BLOCK_K0612_linear_bias0_physical_v3_334d,2025-07-19,12,15473.705921073795,0.304078400004073,0,38,0,0,144,1,0,1200.0,0.0
BLOCK_K0612_linear_bias0_physical_v3_334d,2025-07-20,0,58295.19365428734,0.2226255999994464,0,28,0,0,144,1,0,1200.0,0.0
BLOCK_K0612_linear_bias0_physical_v3_334d,2025-07-20,6,12555.11062475382,0.0604900000034831,0,26,0,0,144,1,0,1200.0,0.0
BLOCK_K0612_linear_bias0_physical_v3_334d,2025-07-20,12,19243.36282719202,0.1659049000008963,0,53,0,0,144,1,0,1200.0,0.0
BLOCK_K0612_linear_bias0_physical_v3_334d,2025-07-21,0,58031.82541677805,0.2134691000101156,0,35,0,0,144,1,0,1200.0,0.0
BLOCK_K0612_linear_bias0_physical_v3_334d,2025-07-21,6,12271.790129964322,0.9272653999942122,0,24,0,0,144,1,0,1200.0,0.0
BLOCK_K0612_linear_bias0_physical_v3_334d,2025-07-21,12,18092.66709721342,0.1306958999921335,0,42,0,0,144,1,0,1200.0,0.0
BLOCK_K0612_linear_bias0_physical_v3_334d,2025-07-22,0,53558.14383689596,0.2833035999938147,0,34,0,0,144,1,0,1200.0,0.0
BLOCK_K0612_linear_bias0_physical_v3_334d,2025-07-22,6,29968.8319145368,0.2406551999883959,0,161,0,0,144,1,0,1200.0,0.0
BLOCK_K0612_linear_bias0_physical_v3_334d,2025-07-22,12,16302.513546870912,0.199938599995221,0,46,0,0,144,1,0,1200.0,0.0
BLOCK_K0612_linear_bias0_physical_v3_334d,2025-07-23,0,61391.62175401766,0.8072170000086771,0,33,0,0,144,1,0,1200.0,0.0
BLOCK_K0612_linear_bias0_physical_v3_334d,2025-07-23,6,10025.038667567378,0.0585792999918339,0,20,0,0,144,1,0,1200.0,0.0
BLOCK_K0612_linear_bias0_physical_v3_334d,2025-07-23,12,15635.625005958878,0.4807139000040479,0,42,0,0,144,1,0,1200.0,0.0
BLOCK_K0612_linear_bias0_physical_v3_334d,2025-07-24,0,60814.28712412218,1.698099999994156,0,31,0,0,144,1,0,1200.0,0.0
BLOCK_K0612_linear_bias0_physical_v3_334d,2025-07-24,6,9305.866716184744,0.0601273000065702,0,22,0,0,144,1,0,1200.0,0.0
BLOCK_K0612_linear_bias0_physical_v3_334d,2025-07-24,12,10134.504771005157,0.0851736999902641,0,34,0,0,144,1,0,1200.0,0.0
BLOCK_K0612_linear_bias0_physical_v3_334d,2025-07-25,0,32126.889384576934,0.1798156000004382,0,5,0,0,144,1,0,1200.0,0.0
BLOCK_K0612_linear_bias0_physical_v3_334d,2025-07-25,6,12978.823308452356,0.1175263000041013,0,85,0,0,144,1,0,1200.0,0.0
BLOCK_K0612_linear_bias0_physical_v3_334d,2025-07-25,12,12601.277508548072,0.3000344000029145,0,37,0,0,144,1,0,1200.0,0.0
BLOCK_K0612_linear_bias0_physical_v3_334d,2025-07-26,0,36306.22885974775,0.7389410000032512,0,27,0,0,144,1,0,1200.0,0.0
BLOCK_K0612_linear_bias0_physical_v3_334d,2025-07-26,6,12952.57844934745,0.320508399992832,0,26,0,0,144,1,0,1200.0,0.0
BLOCK_K0612_linear_bias0_physical_v3_334d,2025-07-26,12,26729.45629899932,0.1742486000002827,0,44,0,0,144,1,0,1200.0,0.0
BLOCK_K0612_linear_bias0_physical_v3_334d,2025-07-27,0,56308.48318658451,0.2687631000007968,0,33,0,0,144,1,0,1200.0,0.0
BLOCK_K0612_linear_bias0_physical_v3_334d,2025-07-27,6,13107.808761524091,0.4815030000027036,0,36,0,0,144,1,0,1200.0,0.0
BLOCK_K0612_linear_bias0_physical_v3_334d,2025-07-27,12,23768.914421273625,0.2912190000060946,0,55,0,0,144,1,0,1200.0,0.0
BLOCK_K0612_linear_bias0_physical_v3_334d,2025-07-28,0,56107.80910406805,1.6506107000022894,0,35,0,0,144,1,0,1200.0,0.0
BLOCK_K0612_linear_bias0_physical_v3_334d,2025-07-28,6,16467.227401174136,0.2965924000018276,0,55,0,0,144,1,0,1200.0,0.0
BLOCK_K0612_linear_bias0_physical_v3_334d,2025-07-28,12,17397.71652663531,0.1153167000011308,0,48,0,0,144,1,0,1200.0,0.0
BLOCK_K0612_linear_bias0_physical_v3_334d,2025-07-29,0,54501.16339303904,0.8672166999895126,0,38,0,0,144,1,0,1200.0,0.0
BLOCK_K0612_linear_bias0_physical_v3_334d,2025-07-29,6,17879.856708214906,0.8422941000026185,0,94,0,0,144,1,0,1200.0,0.0
BLOCK_K0612_linear_bias0_physical_v3_334d,2025-07-29,12,17367.194950037905,0.2858858000108739,0,63,0,0,144,1,0,1200.0,0.0
BLOCK_K0612_linear_bias0_physical_v3_334d,2025-07-30,0,50812.622853598885,0.5068950999993831,0,43,0,0,144,1,0,1200.0,0.0
BLOCK_K0612_linear_bias0_physical_v3_334d,2025-07-30,6,21690.33808606584,0.3261155999934999,0,111,0,0,144,1,0,1200.0,0.0
BLOCK_K0612_linear_bias0_physical_v3_334d,2025-07-30,12,19513.557366124547,2.257398700006888,0,53,0,0,144,1,0,1200.0,0.0
BLOCK_K0612_linear_bias0_physical_v3_334d,2025-07-31,0,54197.20379905911,0.4170939000032376,0,32,0,0,144,1,0,1200.0,0.0
BLOCK_K0612_linear_bias0_physical_v3_334d,2025-07-31,6,10936.361057101773,0.1070131000014953,0,48,0,0,144,1,0,1200.0,0.0
BLOCK_K0612_linear_bias0_physical_v3_334d,2025-07-31,12,11649.560644531544,0.4385879000037676,0,45,0,0,144,1,0,1200.0,0.0
BLOCK_K0612_linear_bias0_physical_v3_334d,2025-08-01,0,32526.17127241599,0.4023025000060443,0,6,0,0,144,1,0,1200.0,0.0
BLOCK_K0612_linear_bias0_physical_v3_334d,2025-08-01,6,9766.02743701952,0.0575076999957673,0,20,0,0,144,1,0,1200.0,0.0
BLOCK_K0612_linear_bias0_physical_v3_334d,2025-08-01,12,10314.567219542583,0.1055278999992879,0,37,0,0,144,1,0,1200.0,0.0
BLOCK_K0612_linear_bias0_physical_v3_334d,2025-08-02,0,37568.824283522335,0.3918950999941444,0,26,0,0,144,1,0,1200.0,0.0
BLOCK_K0612_linear_bias0_physical_v3_334d,2025-08-02,6,12691.332408453276,0.1203434000053675,0,20,0,0,144,1,0,1200.0,0.0
BLOCK_K0612_linear_bias0_physical_v3_334d,2025-08-02,12,16168.925499066543,0.222073899989482,0,37,0,0,144,1,0,1200.0,0.0
BLOCK_K0612_linear_bias0_physical_v3_334d,2025-08-03,0,49397.82147087775,0.7156153999967501,0,33,0,0,144,1,0,1200.0,0.0
BLOCK_K0612_linear_bias0_physical_v3_334d,2025-08-03,6,13592.731841101097,0.2340709999989485,0,47,0,0,144,1,0,1200.0,0.0
BLOCK_K0612_linear_bias0_physical_v3_334d,2025-08-03,12,17034.20412004482,0.1408105000009527,0,41,0,0,144,1,0,1200.0,0.0
BLOCK_K0612_linear_bias0_physical_v3_334d,2025-08-04,0,52057.17599901076,0.2059077000012621,0,34,0,0,144,1,0,1200.0,0.0
BLOCK_K0612_linear_bias0_physical_v3_334d,2025-08-04,6,12332.145069421891,0.088008600010653,0,37,0,0,144,1,0,1200.0,0.0
BLOCK_K0612_linear_bias0_physical_v3_334d,2025-08-04,12,15465.927847376504,0.0894947999913711,0,38,0,0,144,1,0,1200.0,0.0
BLOCK_K0612_linear_bias0_physical_v3_334d,2025-08-05,0,50716.88396524194,0.6612080999911996,0,37,0,0,144,1,0,1200.0,0.0
BLOCK_K0612_linear_bias0_physical_v3_334d,2025-08-05,6,12840.510753821069,0.1034129000036045,0,45,0,0,144,1,0,1200.0,0.0
BLOCK_K0612_linear_bias0_physical_v3_334d,2025-08-05,12,22226.95335710126,0.1874514000082854,0,41,0,0,144,1,0,1200.0,0.0
BLOCK_K0612_linear_bias0_physical_v3_334d,2025-08-06,0,56181.668110783816,0.9101518999959808,0,34,0,0,144,1,0,1200.0,0.0
BLOCK_K0612_linear_bias0_physical_v3_334d,2025-08-06,6,11172.839567770468,0.2341331999923568,0,20,0,0,144,1,0,1200.0,0.0
BLOCK_K0612_linear_bias0_physical_v3_334d,2025-08-06,12,15682.880688909034,0.1231582000036723,0,42,0,0,144,1,0,1200.0,0.0
BLOCK_K0612_linear_bias0_physical_v3_334d,2025-08-07,0,55609.35878789175,0.3128880000003846,0,27,0,0,144,1,0,1200.0,0.0
BLOCK_K0612_linear_bias0_physical_v3_334d,2025-08-07,6,8866.030242685047,0.2160526000079698,0,29,0,0,144,1,0,1200.0,0.0
BLOCK_K0612_linear_bias0_physical_v3_334d,2025-08-07,12,10094.391546299892,0.9336471000133316,0,29,0,0,144,1,0,1200.0,0.0
BLOCK_K0612_linear_bias0_physical_v3_334d,2025-08-08,0,30483.51722622953,0.3291620000090915,0,6,0,0,144,1,0,1200.0,0.0
BLOCK_K0612_linear_bias0_physical_v3_334d,2025-08-08,6,9679.371778006443,0.1536258999985875,0,25,0,0,144,1,0,1200.0,0.0
BLOCK_K0612_linear_bias0_physical_v3_334d,2025-08-08,12,11367.201008608645,0.2351958000072045,0,37,0,0,144,1,0,1200.0,0.0
BLOCK_K0612_linear_bias0_physical_v3_334d,2025-08-09,0,30966.862183503792,0.4542031000019051,0,5,0,0,144,1,0,1200.0,0.0
BLOCK_K0612_linear_bias0_physical_v3_334d,2025-08-09,6,12464.477436990026,0.2072899000049801,0,20,0,0,144,1,0,1200.0,0.0
BLOCK_K0612_linear_bias0_physical_v3_334d,2025-08-09,12,16210.151233447015,0.1398881000059191,0,36,0,0,144,1,0,1200.0,0.0
BLOCK_K0612_linear_bias0_physical_v3_334d,2025-08-10,0,53802.6024840084,0.1908246999955736,0,31,0,0,144,1,0,1200.0,0.0
BLOCK_K0612_linear_bias0_physical_v3_334d,2025-08-10,6,11715.649115619985,0.564322500009439,0,20,0,0,144,1,0,1200.0,0.0
BLOCK_K0612_linear_bias0_physical_v3_334d,2025-08-10,12,15649.579455912331,0.2010966999951051,0,38,0,0,144,1,0,1200.0,0.0
BLOCK_K0612_linear_bias0_physical_v3_334d,2025-08-11,0,50746.18544822362,0.5194839999894612,0,35,0,0,144,1,0,1200.0,0.0
BLOCK_K0612_linear_bias0_physical_v3_334d,2025-08-11,6,12456.065140211922,0.91418330000306,0,42,0,0,144,1,0,1200.0,0.0
BLOCK_K0612_linear_bias0_physical_v3_334d,2025-08-11,12,16363.590113983037,0.4406717999954708,0,52,0,0,144,1,0,1200.0,0.0
BLOCK_K0612_linear_bias0_physical_v3_334d,2025-08-12,0,54632.9502612366,0.7636037999909604,0,29,0,0,144,1,0,1200.0,0.0
BLOCK_K0612_linear_bias0_physical_v3_334d,2025-08-12,6,12050.425838021863,0.5644571000011638,0,42,0,0,144,1,0,1200.0,0.0
BLOCK_K0612_linear_bias0_physical_v3_334d,2025-08-12,12,24332.89897125629,0.1748888999863993,0,47,0,0,144,1,0,1200.0,0.0
BLOCK_K0612_linear_bias0_physical_v3_334d,2025-08-13,0,49541.540189510015,1.3492726999975275,0,38,0,0,144,1,0,1200.0,0.0
BLOCK_K0612_linear_bias0_physical_v3_334d,2025-08-13,6,11614.450725437222,0.6368030000012368,0,26,0,0,144,1,0,1200.0,0.0
BLOCK_K0612_linear_bias0_physical_v3_334d,2025-08-13,12,16698.58179128067,0.2945555999904172,0,50,0,0,144,1,0,1200.0,0.0
BLOCK_K0612_linear_bias0_physical_v3_334d,2025-08-14,0,50642.416866845226,0.5450555999996141,0,37,0,0,144,1,0,1200.0,0.0
BLOCK_K0612_linear_bias0_physical_v3_334d,2025-08-14,6,11301.506792105693,0.1696613000094657,0,78,0,0,144,1,0,1200.0,0.0
BLOCK_K0612_linear_bias0_physical_v3_334d,2025-08-14,12,10621.847325287446,0.3503201999992598,0,30,0,0,144,1,0,1200.0,0.0
BLOCK_K0612_linear_bias0_physical_v3_334d,2025-08-15,0,31979.448774213448,0.2134993999934522,0,23,0,0,144,1,0,1200.0,0.0
BLOCK_K0612_linear_bias0_physical_v3_334d,2025-08-15,6,9184.79520517881,0.1752001999993808,0,20,0,0,144,1,0,1200.0,0.0
BLOCK_K0612_linear_bias0_physical_v3_334d,2025-08-15,12,9171.184848433588,0.2473344000027282,0,24,0,0,144,1,0,1200.0,0.0
BLOCK_K0612_linear_bias0_physical_v3_334d,2025-08-16,0,32167.327715816755,0.6382411000085995,0,4,0,0,144,1,0,1200.0,0.0
BLOCK_K0612_linear_bias0_physical_v3_334d,2025-08-16,6,12007.50443719064,0.4562674000044353,0,20,0,0,144,1,0,1200.0,0.0
BLOCK_K0612_linear_bias0_physical_v3_334d,2025-08-16,12,16704.144961195936,0.1299561000050744,0,47,0,0,144,1,0,1200.0,0.0
BLOCK_K0612_linear_bias0_physical_v3_334d,2025-08-17,0,50162.34801006369,0.71291580000252,0,41,0,0,144,1,0,1200.0,0.0
BLOCK_K0612_linear_bias0_physical_v3_334d,2025-08-17,6,12229.739291860202,0.7187624000071082,0,36,0,0,144,1,0,1200.0,0.0
BLOCK_K0612_linear_bias0_physical_v3_334d,2025-08-17,12,16375.698155227356,0.4565614000021014,0,40,0,0,144,1,0,1200.0,0.0
BLOCK_K0612_linear_bias0_physical_v3_334d,2025-08-18,0,50728.24257726925,0.2777410999988206,0,41,0,0,144,1,0,1200.0,0.0
BLOCK_K0612_linear_bias0_physical_v3_334d,2025-08-18,6,11275.29042905696,0.1358662999991793,0,25,0,0,144,1,0,1200.0,0.0
BLOCK_K0612_linear_bias0_physical_v3_334d,2025-08-18,12,14409.953140332878,0.6613623000012012,0,37,0,0,144,1,0,1200.0,0.0
BLOCK_K0612_linear_bias0_physical_v3_334d,2025-08-19,0,49951.21501945682,0.4286843000008957,0,36,0,0,144,1,0,1200.0,0.0
BLOCK_K0612_linear_bias0_physical_v3_334d,2025-08-19,6,11255.183449160497,0.1776563000021269,0,21,0,0,144,1,0,1200.0,0.0
BLOCK_K0612_linear_bias0_physical_v3_334d,2025-08-19,12,22002.175562423054,0.9608373999944888,0,44,0,0,144,1,0,1200.0,0.0
BLOCK_K0612_linear_bias0_physical_v3_334d,2025-08-20,0,54262.83987686195,0.7908277000096859,0,39,0,0,144,1,0,1200.0,0.0
BLOCK_K0612_linear_bias0_physical_v3_334d,2025-08-20,6,12517.408240531886,0.1269633000047179,0,35,0,0,144,1,0,1200.0,0.0
BLOCK_K0612_linear_bias0_physical_v3_334d,2025-08-20,12,17781.78447198767,0.156605700001819,0,46,0,0,144,1,0,1200.0,0.0
BLOCK_K0612_linear_bias0_physical_v3_334d,2025-08-21,0,52019.44609919687,0.8279617999942275,0,41,0,0,144,1,0,1200.0,0.0
BLOCK_K0612_linear_bias0_physical_v3_334d,2025-08-21,6,9807.625222583654,0.2796531999920262,0,34,0,0,144,1,0,1200.0,0.0
BLOCK_K0612_linear_bias0_physical_v3_334d,2025-08-21,12,10521.130554526866,0.5958433000050718,0,34,0,0,144,1,0,1200.0,0.0
BLOCK_K0612_linear_bias0_physical_v3_334d,2025-08-22,0,30828.662268504107,0.2440679999999702,0,5,0,0,144,1,0,1200.0,0.0
BLOCK_K0612_linear_bias0_physical_v3_334d,2025-08-22,6,9567.637530398926,0.0919005000032484,0,20,0,0,144,1,0,1200.0,0.0
BLOCK_K0612_linear_bias0_physical_v3_334d,2025-08-22,12,10616.07635710121,0.7221610999986297,0,40,0,0,144,1,0,1200.0,0.0
BLOCK_K0612_linear_bias0_physical_v3_334d,2025-08-23,0,29033.21643186736,0.5369578000099864,0,5,0,0,144,1,0,1200.0,0.0
BLOCK_K0612_linear_bias0_physical_v3_334d,2025-08-23,6,12437.093686010012,0.12484730000142,0,28,0,0,144,1,0,1200.0,0.0
BLOCK_K0612_linear_bias0_physical_v3_334d,2025-08-23,12,24249.05039477168,0.1340693000092869,0,40,0,0,144,1,0,1200.0,0.0
BLOCK_K0612_linear_bias0_physical_v3_334d,2025-08-24,0,49413.474099900464,0.5912776999903144,0,32,0,0,144,1,0,1200.0,0.0
BLOCK_K0612_linear_bias0_physical_v3_334d,2025-08-24,6,12171.63535374162,0.1419452000118326,0,21,0,0,144,1,0,1200.0,0.0
BLOCK_K0612_linear_bias0_physical_v3_334d,2025-08-24,12,19391.56412378266,0.4831749999866588,0,76,0,0,144,1,0,1200.0,0.0
BLOCK_K0612_linear_bias0_physical_v3_334d,2025-08-25,0,63627.60714237745,0.2021198000002186,0,30,0,0,144,1,0,1200.0,0.0
BLOCK_K0612_linear_bias0_physical_v3_334d,2025-08-25,6,9520.356979247032,0.141944599992712,0,26,0,0,144,1,0,1200.0,0.0
BLOCK_K0612_linear_bias0_physical_v3_334d,2025-08-25,12,13850.188432095309,0.1997214000002714,0,43,0,0,144,1,0,1200.0,0.0
BLOCK_K0612_linear_bias0_physical_v3_334d,2025-08-26,0,50492.675770646,0.632555100004538,0,34,0,0,144,1,0,1200.0,0.0
BLOCK_K0612_linear_bias0_physical_v3_334d,2025-08-26,6,14216.503415758156,0.1839743000018643,0,84,0,0,144,1,0,1200.0,0.0
BLOCK_K0612_linear_bias0_physical_v3_334d,2025-08-26,12,18956.70125807085,0.3112544999894453,0,40,0,0,144,1,0,1200.0,0.0
BLOCK_K0612_linear_bias0_physical_v3_334d,2025-08-27,0,50735.41273910351,0.5572417000075802,0,40,0,0,144,1,0,1200.0,0.0
BLOCK_K0612_linear_bias0_physical_v3_334d,2025-08-27,6,22538.71980348613,0.088425100009772,0,131,0,0,144,1,0,1200.0,0.0
BLOCK_K0612_linear_bias0_physical_v3_334d,2025-08-27,12,21109.674850177114,0.2433027999941259,0,52,0,0,144,1,0,1200.0,0.0
BLOCK_K0612_linear_bias0_physical_v3_334d,2025-08-28,0,49419.20292391026,1.049947899999097,0,38,0,0,144,1,0,1200.0,0.0
BLOCK_K0612_linear_bias0_physical_v3_334d,2025-08-28,6,20847.031820953285,0.1133117999997921,0,104,0,0,144,1,0,1200.0,0.0
BLOCK_K0612_linear_bias0_physical_v3_334d,2025-08-28,12,14924.536169768948,0.0866701999912038,0,32,0,0,144,1,0,1200.0,0.0
BLOCK_K0612_linear_bias0_physical_v3_334d,2025-08-29,0,33595.49363991999,0.7506635000027018,0,23,0,0,144,1,0,1200.0,0.0
BLOCK_K0612_linear_bias0_physical_v3_334d,2025-08-29,6,9532.635028825063,0.1167068999930052,0,20,0,0,144,1,0,1200.0,0.0
BLOCK_K0612_linear_bias0_physical_v3_334d,2025-08-29,12,9903.475346687654,0.2039604999881703,0,26,0,0,144,1,0,1200.0,0.0
BLOCK_K0612_linear_bias0_physical_v3_334d,2025-08-30,0,31802.55239453324,0.3595302999892737,0,5,0,0,144,1,0,1200.0,0.0
BLOCK_K0612_linear_bias0_physical_v3_334d,2025-08-30,6,12088.677111460756,0.2183217999991029,0,26,0,0,144,1,0,1200.0,0.0
BLOCK_K0612_linear_bias0_physical_v3_334d,2025-08-30,12,15476.692435004545,0.2339600999985123,0,37,0,0,144,1,0,1200.0,0.0
BLOCK_K0612_linear_bias0_physical_v3_334d,2025-08-31,0,49704.88181644704,0.7897882999968715,0,32,0,0,144,1,0,1200.0,0.0
BLOCK_K0612_linear_bias0_physical_v3_334d,2025-08-31,6,15059.518051082276,0.0865522999956738,0,85,0,0,144,1,0,1200.0,0.0
BLOCK_K0612_linear_bias0_physical_v3_334d,2025-08-31,12,16098.889028814434,0.4935513000091305,0,45,0,0,144,1,0,1200.0,0.0
BLOCK_K0612_linear_bias0_physical_v3_334d,2025-09-01,0,55969.10160004231,0.5026154999941355,0,29,0,0,144,1,0,1200.0,0.0
BLOCK_K0612_linear_bias0_physical_v3_334d,2025-09-01,6,9573.427432390044,0.2479624999978114,0,21,0,0,144,1,0,1200.0,0.0
BLOCK_K0612_linear_bias0_physical_v3_334d,2025-09-01,12,17456.3479085778,0.2788585000089369,0,47,0,0,144,1,0,1200.0,0.0
BLOCK_K0612_linear_bias0_physical_v3_334d,2025-09-02,0,45864.61040424979,0.3748357000004034,0,35,0,0,144,1,0,1200.0,0.0
BLOCK_K0612_linear_bias0_physical_v3_334d,2025-09-02,6,15661.737267971015,0.4462952000030782,0,106,0,0,144,1,0,1200.0,0.0
BLOCK_K0612_linear_bias0_physical_v3_334d,2025-09-02,12,14411.739452907375,0.1844914999965112,0,46,0,0,144,1,0,1200.0,0.0
BLOCK_K0612_linear_bias0_physical_v3_334d,2025-09-03,0,48114.98227543184,0.4557992000045487,0,35,0,0,144,1,0,1200.0,0.0
BLOCK_K0612_linear_bias0_physical_v3_334d,2025-09-03,6,10398.483023546996,0.1698293000081321,0,22,0,0,144,1,0,1200.0,0.0
BLOCK_K0612_linear_bias0_physical_v3_334d,2025-09-03,12,17458.84967716532,0.0813737999997101,0,43,0,0,144,1,0,1200.0,0.0
BLOCK_K0612_linear_bias0_physical_v3_334d,2025-09-04,0,47094.87380302097,0.2924353999987943,0,32,0,0,144,1,0,1200.0,0.0
BLOCK_K0612_linear_bias0_physical_v3_334d,2025-09-04,6,9201.935825895996,0.054376800006139,0,27,0,0,144,1,0,1200.0,0.0
BLOCK_K0612_linear_bias0_physical_v3_334d,2025-09-04,12,10001.35707305837,0.1517582000087713,0,36,0,0,144,1,0,1200.0,0.0
BLOCK_K0612_linear_bias0_physical_v3_334d,2025-09-05,0,27804.899371306685,0.1565456999960588,0,5,0,0,144,1,0,1200.0,0.0
BLOCK_K0612_linear_bias0_physical_v3_334d,2025-09-05,6,9056.148932271206,0.0573363000003155,0,20,0,0,144,1,0,1200.0,0.0
BLOCK_K0612_linear_bias0_physical_v3_334d,2025-09-05,12,9923.76075801339,0.4135272999992594,0,25,0,0,144,1,0,1200.0,0.0
BLOCK_K0612_linear_bias0_physical_v3_334d,2025-09-06,0,26879.20940446475,0.4732090999896172,0,3,0,0,144,1,0,1200.0,0.0
BLOCK_K0612_linear_bias0_physical_v3_334d,2025-09-06,6,11357.420111377787,0.1409286999987671,0,27,0,0,144,1,0,1200.0,0.0
BLOCK_K0612_linear_bias0_physical_v3_334d,2025-09-06,12,14100.68875221555,0.3721422999951755,0,37,0,0,144,1,0,1200.0,0.0
BLOCK_K0612_linear_bias0_physical_v3_334d,2025-09-07,0,41709.0714922582,1.1428614000033122,0,31,0,0,144,1,0,1200.0,0.0
BLOCK_K0612_linear_bias0_physical_v3_334d,2025-09-07,6,16341.095176266252,0.1389179000107105,0,97,0,0,144,1,0,1200.0,0.0
BLOCK_K0612_linear_bias0_physical_v3_334d,2025-09-07,12,15026.937728336508,0.2760378999955719,0,55,0,0,144,1,0,1200.0,0.0
BLOCK_K0612_linear_bias0_physical_v3_334d,2025-09-08,0,42507.13482593516,0.4955348999937996,0,36,0,0,144,1,0,1200.0,0.0
BLOCK_K0612_linear_bias0_physical_v3_334d,2025-09-08,6,8833.965272449876,0.383039500011364,0,27,0,0,144,1,0,1200.0,0.0
BLOCK_K0612_linear_bias0_physical_v3_334d,2025-09-08,12,13229.322177598622,1.5654003000090595,0,53,0,0,144,1,0,1200.0,0.0
BLOCK_K0612_linear_bias0_physical_v3_334d,2025-09-09,0,38710.53893914452,0.2285376999934669,0,32,0,0,144,1,0,1200.0,0.0
BLOCK_K0612_linear_bias0_physical_v3_334d,2025-09-09,6,13800.122169686138,0.0999049999954877,0,72,0,0,144,1,0,1200.0,0.0
BLOCK_K0612_linear_bias0_physical_v3_334d,2025-09-09,12,13817.770789581136,0.7270756000070833,0,52,0,0,144,1,0,1200.0,0.0
BLOCK_K0612_linear_bias0_physical_v3_334d,2025-09-10,0,46293.26981146961,0.1980580999952508,0,34,0,0,144,1,0,1200.0,0.0
BLOCK_K0612_linear_bias0_physical_v3_334d,2025-09-10,6,9039.425505892452,0.4411265999951865,0,25,0,0,144,1,0,1200.0,0.0
BLOCK_K0612_linear_bias0_physical_v3_334d,2025-09-10,12,22398.712008680035,0.175447699992219,0,86,0,0,144,1,0,1200.0,0.0
BLOCK_K0612_linear_bias0_physical_v3_334d,2025-09-11,0,46398.84242918253,0.388013800009503,0,38,0,0,144,1,0,1200.0,0.0
BLOCK_K0612_linear_bias0_physical_v3_334d,2025-09-11,6,7310.807756850914,0.1702198999992106,0,20,0,0,144,1,0,1200.0,0.0
BLOCK_K0612_linear_bias0_physical_v3_334d,2025-09-11,12,8627.620003170336,0.5118202000012388,0,34,0,0,144,1,0,1200.0,0.0
BLOCK_K0612_linear_bias0_physical_v3_334d,2025-09-12,0,24856.329689895072,0.5042354999895906,0,7,0,0,144,1,0,1200.0,0.0
BLOCK_K0612_linear_bias0_physical_v3_334d,2025-09-12,6,8252.815152552912,0.1733851000026334,0,20,0,0,144,1,0,1200.0,0.0
BLOCK_K0612_linear_bias0_physical_v3_334d,2025-09-12,12,12661.803006810833,0.3989905000053113,0,43,0,0,144,1,0,1200.0,0.0
BLOCK_K0612_linear_bias0_physical_v3_334d,2025-09-13,0,22677.603087371223,0.541748000003281,0,5,0,0,144,1,0,1200.0,0.0
BLOCK_K0612_linear_bias0_physical_v3_334d,2025-09-13,6,11109.202225841056,0.0623633999930461,0,31,0,0,144,1,0,1200.0,0.0
BLOCK_K0612_linear_bias0_physical_v3_334d,2025-09-13,12,16963.718220310082,0.8178142999968259,0,45,0,0,144,1,0,1200.0,0.0
BLOCK_K0612_linear_bias0_physical_v3_334d,2025-09-14,0,46152.5849470605,0.2940082999994047,0,38,0,0,144,1,0,1200.0,0.0
BLOCK_K0612_linear_bias0_physical_v3_334d,2025-09-14,6,9681.957617842285,0.1290802000003168,0,34,0,0,144,1,0,1200.0,0.0
BLOCK_K0612_linear_bias0_physical_v3_334d,2025-09-14,12,14934.50121804948,0.3821763000014471,0,42,0,0,144,1,0,1200.0,0.0
BLOCK_K0612_linear_bias0_physical_v3_334d,2025-09-15,0,40814.78800677412,0.6856362000107765,0,14,0,0,144,1,0,1200.0,0.0
BLOCK_K0612_linear_bias0_physical_v3_334d,2025-09-15,6,11635.47931911075,0.3201195000001462,0,50,0,0,144,1,0,1200.0,0.0
BLOCK_K0612_linear_bias0_physical_v3_334d,2025-09-15,12,15373.89690851975,0.5382926000020234,0,47,0,0,144,1,0,1200.0,0.0
BLOCK_K0612_linear_bias0_physical_v3_334d,2025-09-16,0,49470.96165975518,0.2558317000075476,0,39,0,0,144,1,0,1200.0,0.0
BLOCK_K0612_linear_bias0_physical_v3_334d,2025-09-16,6,9952.164095921156,0.3744017999997595,0,27,0,0,144,1,0,1200.0,0.0
BLOCK_K0612_linear_bias0_physical_v3_334d,2025-09-16,12,14757.451256726248,0.7922939999989467,0,44,0,0,144,1,0,1200.0,0.0
BLOCK_K0612_linear_bias0_physical_v3_334d,2025-09-17,0,47992.90756020988,0.5738877000112552,0,38,0,0,144,1,0,1200.0,0.0
BLOCK_K0612_linear_bias0_physical_v3_334d,2025-09-17,6,10344.045339278347,0.3322684999875491,0,30,0,0,144,1,0,1200.0,0.0
BLOCK_K0612_linear_bias0_physical_v3_334d,2025-09-17,12,22515.807890614666,0.4093072999967262,0,45,0,0,144,1,0,1200.0,0.0
BLOCK_K0612_linear_bias0_physical_v3_334d,2025-09-18,0,42661.84615557444,1.1220213000051444,0,33,0,0,144,1,0,1200.0,0.0
BLOCK_K0612_linear_bias0_physical_v3_334d,2025-09-18,6,16263.36033305195,0.1315443000057712,0,105,0,0,144,1,0,1200.0,0.0
BLOCK_K0612_linear_bias0_physical_v3_334d,2025-09-18,12,10961.60630825342,0.1477795999962836,0,36,0,0,144,1,0,1200.0,0.0
BLOCK_K0612_linear_bias0_physical_v3_334d,2025-09-19,0,26365.60867651781,0.1992488000105368,0,7,0,0,144,1,0,1200.0,0.0
BLOCK_K0612_linear_bias0_physical_v3_334d,2025-09-19,6,8678.559698561645,0.0500268000032519,0,33,0,0,144,1,0,1200.0,0.0
BLOCK_K0612_linear_bias0_physical_v3_334d,2025-09-19,12,10148.830040484414,0.1571544000034919,0,31,0,0,144,1,0,1200.0,0.0
BLOCK_K0612_linear_bias0_physical_v3_334d,2025-09-20,0,23918.89246469745,0.328559600005974,0,5,0,0,144,1,0,1200.0,0.0
BLOCK_K0612_linear_bias0_physical_v3_334d,2025-09-20,6,11101.120347042532,0.1688848000048892,0,32,0,0,144,1,0,1200.0,0.0
BLOCK_K0612_linear_bias0_physical_v3_334d,2025-09-20,12,15353.542588783308,0.1887126000074204,0,40,0,0,144,1,0,1200.0,0.0
BLOCK_K0612_linear_bias0_physical_v3_334d,2025-09-21,0,43493.31034242376,1.7951332999946317,0,37,0,0,144,1,0,1200.0,0.0
BLOCK_K0612_linear_bias0_physical_v3_334d,2025-09-21,6,12768.879458442829,0.265941899997415,0,40,0,0,144,1,0,1200.0,0.0
BLOCK_K0612_linear_bias0_physical_v3_334d,2025-09-21,12,15103.513615352733,0.2441667999955825,0,47,0,0,144,1,0,1200.0,0.0
BLOCK_K0612_linear_bias0_physical_v3_334d,2025-09-22,0,51517.21544451775,0.403263500003959,0,37,0,0,144,1,0,1200.0,0.0
BLOCK_K0612_linear_bias0_physical_v3_334d,2025-09-22,6,9016.324820673422,0.2401125000033062,0,23,0,0,144,1,0,1200.0,0.0
BLOCK_K0612_linear_bias0_physical_v3_334d,2025-09-22,12,16403.44951422433,0.5466878000006545,0,44,0,0,144,1,0,1200.0,0.0
BLOCK_K0612_linear_bias0_physical_v3_334d,2025-09-23,0,50092.97438765001,2.195954000009806,0,35,0,0,144,1,0,1200.0,0.0
BLOCK_K0612_linear_bias0_physical_v3_334d,2025-09-23,6,10058.4087453793,0.0868655999947805,0,29,0,0,144,1,0,1200.0,0.0
BLOCK_K0612_linear_bias0_physical_v3_334d,2025-09-23,12,16806.81452011951,0.1551534000027459,0,45,0,0,144,1,0,1200.0,0.0
BLOCK_K0612_linear_bias0_physical_v3_334d,2025-09-24,0,42709.65029461723,0.7464845999929821,0,33,0,0,144,1,0,1200.0,0.0
BLOCK_K0612_linear_bias0_physical_v3_334d,2025-09-24,6,12925.657972921594,0.0947712999914074,0,87,0,0,144,1,0,1200.0,0.0
BLOCK_K0612_linear_bias0_physical_v3_334d,2025-09-24,12,18198.391256769795,0.1645261999947251,0,41,0,0,144,1,0,1200.0,0.0
BLOCK_K0612_linear_bias0_physical_v3_334d,2025-09-25,0,47550.583644318205,0.8652866999909747,0,38,0,0,144,1,0,1200.0,0.0
BLOCK_K0612_linear_bias0_physical_v3_334d,2025-09-25,6,9551.3780141075,0.1140744000003906,0,54,0,0,144,1,0,1200.0,0.0
BLOCK_K0612_linear_bias0_physical_v3_334d,2025-09-25,12,17922.67702017682,0.5662039000017103,0,57,0,0,144,1,0,1200.0,0.0
BLOCK_K0612_linear_bias0_physical_v3_334d,2025-09-26,0,29012.45119798352,0.975083600002108,0,27,0,0,144,1,0,1200.0,0.0
BLOCK_K0612_linear_bias0_physical_v3_334d,2025-09-26,6,8108.265547195843,0.0799560000014025,0,21,0,0,144,1,0,1200.0,0.0
BLOCK_K0612_linear_bias0_physical_v3_334d,2025-09-26,12,9308.547574393717,0.2648426999949151,0,33,0,0,144,1,0,1200.0,0.0
BLOCK_K0612_linear_bias0_physical_v3_334d,2025-09-27,0,23667.096467370546,0.3470364000095287,0,6,0,0,144,1,0,1200.0,0.0
BLOCK_K0612_linear_bias0_physical_v3_334d,2025-09-27,6,14386.67217884924,0.3369897999946261,0,37,0,0,144,1,0,1200.0,0.0
BLOCK_K0612_linear_bias0_physical_v3_334d,2025-09-27,12,18155.06850562891,0.2312969999911729,0,46,0,0,144,1,0,1200.0,0.0
BLOCK_K0612_linear_bias0_physical_v3_334d,2025-09-28,0,44252.77910415554,0.4699290999997174,0,38,0,0,144,1,0,1200.0,0.0
BLOCK_K0612_linear_bias0_physical_v3_334d,2025-09-28,6,18958.318603494743,0.221435500003281,0,97,0,0,144,1,0,1200.0,0.0
BLOCK_K0612_linear_bias0_physical_v3_334d,2025-09-28,12,18962.56969300433,0.2293815000011818,0,57,0,0,144,1,0,1200.0,0.0
BLOCK_K0612_linear_bias0_physical_v3_334d,2025-09-29,0,50619.90107815731,2.213979799998924,0,35,0,0,144,1,0,1200.0,0.0
BLOCK_K0612_linear_bias0_physical_v3_334d,2025-09-29,6,8408.708418849921,0.2446961999958148,0,23,0,0,144,1,0,1200.0,0.0
BLOCK_K0612_linear_bias0_physical_v3_334d,2025-09-29,12,16039.03592876159,0.2221446000039577,0,61,0,0,144,1,0,1200.0,0.0
BLOCK_K0612_linear_bias0_physical_v3_334d,2025-09-30,0,49855.57024408311,1.194638800006942,0,39,0,0,144,1,0,1200.0,0.0
BLOCK_K0612_linear_bias0_physical_v3_334d,2025-09-30,6,10884.195163271315,0.8120883000083268,0,26,0,0,144,1,0,1200.0,0.0
BLOCK_K0612_linear_bias0_physical_v3_334d,2025-09-30,12,16492.839075777756,0.238543400002527,0,52,0,0,144,1,0,1200.0,0.0
BLOCK_K0612_linear_bias0_physical_v3_334d,2025-10-01,0,46520.65227384802,0.6270323999924585,0,42,0,0,144,1,0,1200.0,0.0
BLOCK_K0612_linear_bias0_physical_v3_334d,2025-10-01,6,10432.160851473252,0.4311944999935804,0,41,0,0,144,1,0,1200.0,0.0
BLOCK_K0612_linear_bias0_physical_v3_334d,2025-10-01,12,14646.35586024324,0.1160952000063844,0,46,0,0,144,1,0,1200.0,0.0
BLOCK_K0612_linear_bias0_physical_v3_334d,2025-10-02,0,50572.36169973347,0.730588299993542,0,33,0,0,144,1,0,1200.0,0.0
BLOCK_K0612_linear_bias0_physical_v3_334d,2025-10-02,6,5717.439259009861,0.0969112000020686,0,21,0,0,144,1,0,1200.0,0.0
BLOCK_K0612_linear_bias0_physical_v3_334d,2025-10-02,12,8089.687426623844,0.1380334999994374,0,33,0,0,144,1,0,1200.0,0.0
BLOCK_K0612_linear_bias0_physical_v3_334d,2025-10-03,0,22188.402522273973,0.6059688000095775,0,6,0,0,144,1,0,1200.0,0.0
BLOCK_K0612_linear_bias0_physical_v3_334d,2025-10-03,6,8574.126806179464,0.156487800006289,0,26,0,0,144,1,0,1200.0,0.0
BLOCK_K0612_linear_bias0_physical_v3_334d,2025-10-03,12,11589.144685890387,0.1698460000043269,0,35,0,0,144,1,0,1200.0,0.0
BLOCK_K0612_linear_bias0_physical_v3_334d,2025-10-04,0,25866.557331579414,0.2068456999986665,0,28,0,0,144,1,0,1200.0,0.0
BLOCK_K0612_linear_bias0_physical_v3_334d,2025-10-04,6,10601.528207666024,0.090117999992799,0,21,0,0,144,1,0,1200.0,0.0
BLOCK_K0612_linear_bias0_physical_v3_334d,2025-10-04,12,22716.843206456277,0.1039919000031659,0,38,0,0,144,1,0,1200.0,0.0
BLOCK_K0612_linear_bias0_physical_v3_334d,2025-10-05,0,47127.26066176714,0.1519593999983044,0,32,0,0,144,1,0,1200.0,0.0
BLOCK_K0612_linear_bias0_physical_v3_334d,2025-10-05,6,9047.353325787171,0.0691938000090885,0,34,0,0,144,1,0,1200.0,0.0
BLOCK_K0612_linear_bias0_physical_v3_334d,2025-10-05,12,20349.581182526104,0.1892259000014746,0,45,0,0,144,1,0,1200.0,0.0
BLOCK_K0612_linear_bias0_physical_v3_334d,2025-10-06,0,42481.26257484275,0.221023599995533,0,33,0,0,144,1,0,1200.0,0.0
BLOCK_K0612_linear_bias0_physical_v3_334d,2025-10-06,6,12868.085055551704,0.5034937000018544,0,64,0,0,144,1,0,1200.0,0.0
BLOCK_K0612_linear_bias0_physical_v3_334d,2025-10-06,12,17374.60293350122,0.0955532999942079,0,44,0,0,144,1,0,1200.0,0.0
BLOCK_K0612_linear_bias0_physical_v3_334d,2025-10-07,0,45285.89123376972,0.2309106000029714,0,39,0,0,144,1,0,1200.0,0.0
BLOCK_K0612_linear_bias0_physical_v3_334d,2025-10-07,6,10716.919525268788,0.1473945999896386,0,31,0,0,144,1,0,1200.0,0.0
BLOCK_K0612_linear_bias0_physical_v3_334d,2025-10-07,12,19176.96526131778,0.209949800002505,0,42,0,0,144,1,0,1200.0,0.0
BLOCK_K0612_linear_bias0_physical_v3_334d,2025-10-08,0,41469.32385302117,0.5565855000022566,0,40,0,0,144,1,0,1200.0,0.0
BLOCK_K0612_linear_bias0_physical_v3_334d,2025-10-08,6,9917.782561477714,0.5253405999974348,0,33,0,0,144,1,0,1200.0,0.0
BLOCK_K0612_linear_bias0_physical_v3_334d,2025-10-08,12,14747.902819884192,0.246072500012815,0,45,0,0,144,1,0,1200.0,0.0
BLOCK_K0612_linear_bias0_physical_v3_334d,2025-10-09,0,48118.27678983121,0.2145687000011094,0,33,0,0,144,1,0,1200.0,0.0
BLOCK_K0612_linear_bias0_physical_v3_334d,2025-10-09,6,5630.793487059161,0.0751055000000633,0,20,0,0,144,1,0,1200.0,0.0
BLOCK_K0612_linear_bias0_physical_v3_334d,2025-10-09,12,9450.87954160342,0.9964141999953426,0,36,0,0,144,1,0,1200.0,0.0
BLOCK_K0612_linear_bias0_physical_v3_334d,2025-10-10,0,22184.855607673857,0.6347926000016741,0,9,0,0,144,1,0,1200.0,0.0
BLOCK_K0612_linear_bias0_physical_v3_334d,2025-10-10,6,8121.404454364878,0.1616123999992851,0,25,0,0,144,1,0,1200.0,0.0
BLOCK_K0612_linear_bias0_physical_v3_334d,2025-10-10,12,10046.624209996922,0.3364465999911772,0,34,0,0,144,1,0,1200.0,0.0
BLOCK_K0612_linear_bias0_physical_v3_334d,2025-10-11,0,22038.064579546768,0.1671220999996876,0,8,0,0,144,1,0,1200.0,0.0
BLOCK_K0612_linear_bias0_physical_v3_334d,2025-10-11,6,11283.198464061705,0.2431083999981638,0,20,0,0,144,1,0,1200.0,0.0
BLOCK_K0612_linear_bias0_physical_v3_334d,2025-10-11,12,18827.322108368782,0.1985487999918405,0,41,0,0,144,1,0,1200.0,0.0
BLOCK_K0612_linear_bias0_physical_v3_334d,2025-10-12,0,41913.44688655393,0.6694752000039443,0,43,0,0,144,1,0,1200.0,0.0
BLOCK_K0612_linear_bias0_physical_v3_334d,2025-10-12,6,11236.220175647231,0.1588437000027625,0,34,0,0,144,1,0,1200.0,0.0
BLOCK_K0612_linear_bias0_physical_v3_334d,2025-10-12,12,17585.99972966509,0.207565999997314,0,46,0,0,144,1,0,1200.0,0.0
BLOCK_K0612_linear_bias0_physical_v3_334d,2025-10-13,0,45149.08077341916,0.8737197999871569,0,41,0,0,144,1,0,1200.0,0.0
BLOCK_K0612_linear_bias0_physical_v3_334d,2025-10-13,6,9546.353674258682,0.3340907000092556,0,22,0,0,144,1,0,1200.0,0.0
BLOCK_K0612_linear_bias0_physical_v3_334d,2025-10-13,12,15134.250350407949,0.124897100002272,0,41,0,0,144,1,0,1200.0,0.0
BLOCK_K0612_linear_bias0_physical_v3_334d,2025-10-14,0,47016.97652816178,0.3104071999987354,0,34,0,0,144,1,0,1200.0,0.0
BLOCK_K0612_linear_bias0_physical_v3_334d,2025-10-14,6,8789.602079977103,0.2858597999875201,0,22,0,0,144,1,0,1200.0,0.0
BLOCK_K0612_linear_bias0_physical_v3_334d,2025-10-14,12,20728.36107092258,0.1161741999967489,0,91,0,0,144,1,0,1200.0,0.0
BLOCK_K0612_linear_bias0_physical_v3_334d,2025-10-15,0,48719.96451086582,0.4174542999971891,0,37,0,0,144,1,0,1200.0,0.0
BLOCK_K0612_linear_bias0_physical_v3_334d,2025-10-15,6,8740.485698763687,0.5302002999960678,0,25,0,0,144,1,0,1200.0,0.0
BLOCK_K0612_linear_bias0_physical_v3_334d,2025-10-15,12,18292.33864086101,0.1842131000012159,0,43,0,0,144,1,0,1200.0,0.0
BLOCK_K0612_linear_bias0_physical_v3_334d,2025-10-16,0,46414.825314761074,0.290783399992506,0,38,0,0,144,1,0,1200.0,0.0
BLOCK_K0612_linear_bias0_physical_v3_334d,2025-10-16,6,8884.640092946202,0.1629089999914867,0,42,0,0,144,1,0,1200.0,0.0
BLOCK_K0612_linear_bias0_physical_v3_334d,2025-10-16,12,12203.765185293076,0.1728045000054408,0,44,0,0,144,1,0,1200.0,0.0
BLOCK_K0612_linear_bias0_physical_v3_334d,2025-10-17,0,20716.957292592317,0.2692583999887574,0,8,0,0,144,1,0,1200.0,0.0
BLOCK_K0612_linear_bias0_physical_v3_334d,2025-10-17,6,11595.816764136249,0.0987053999997442,0,30,0,0,144,1,0,1200.0,0.0
BLOCK_K0612_linear_bias0_physical_v3_334d,2025-10-17,12,12305.123764318236,0.0875126000028103,0,33,0,0,144,1,0,1200.0,0.0
BLOCK_K0612_linear_bias0_physical_v3_334d,2025-10-18,0,23446.379108536337,0.7213041000068188,0,7,0,0,144,1,0,1200.0,0.0
BLOCK_K0612_linear_bias0_physical_v3_334d,2025-10-18,6,10507.243756967337,0.1457057999941753,0,21,0,0,144,1,0,1200.0,0.0
BLOCK_K0612_linear_bias0_physical_v3_334d,2025-10-18,12,22148.30650805199,0.1104698999988613,0,39,0,0,144,1,0,1200.0,0.0
BLOCK_K0612_linear_bias0_physical_v3_334d,2025-10-19,0,46496.49950467349,0.7355252999986988,0,39,0,0,144,1,0,1200.0,0.0
BLOCK_K0612_linear_bias0_physical_v3_334d,2025-10-19,6,10537.30792535118,0.0813106999994488,0,27,0,0,144,1,0,1200.0,0.0
BLOCK_K0612_linear_bias0_physical_v3_334d,2025-10-19,12,21386.50515843239,0.1872275999921839,0,39,0,0,144,1,0,1200.0,0.0
BLOCK_K0612_linear_bias0_physical_v3_334d,2025-10-20,0,51752.45618718037,0.4377227000077255,0,36,0,0,144,1,0,1200.0,0.0
BLOCK_K0612_linear_bias0_physical_v3_334d,2025-10-20,6,9208.494293338385,0.1468816999986302,0,28,0,0,144,1,0,1200.0,0.0
BLOCK_K0612_linear_bias0_physical_v3_334d,2025-10-20,12,22056.15581797348,0.0944847999926423,0,41,0,0,144,1,0,1200.0,0.0
BLOCK_K0612_linear_bias0_physical_v3_334d,2025-10-21,0,49184.15226042159,0.5472456999996211,0,35,0,0,144,1,0,1200.0,0.0
BLOCK_K0612_linear_bias0_physical_v3_334d,2025-10-21,6,11824.906731538176,0.1525379000086104,0,69,0,0,144,1,0,1200.0,0.0
BLOCK_K0612_linear_bias0_physical_v3_334d,2025-10-21,12,20342.199065178644,0.1518784999934723,0,45,0,0,144,1,0,1200.0,0.0
BLOCK_K0612_linear_bias0_physical_v3_334d,2025-10-22,0,47115.39471567373,1.011407700003474,0,37,0,0,144,1,0,1200.0,0.0
BLOCK_K0612_linear_bias0_physical_v3_334d,2025-10-22,6,10635.673938498572,0.336504100007005,0,47,0,0,144,1,0,1200.0,0.0
BLOCK_K0612_linear_bias0_physical_v3_334d,2025-10-22,12,18339.41433984236,0.2487773999891942,0,49,0,0,144,1,0,1200.0,0.0
BLOCK_K0612_linear_bias0_physical_v3_334d,2025-10-23,0,53660.23817972885,0.6632731999998214,0,30,0,0,144,1,0,1200.0,0.0
BLOCK_K0612_linear_bias0_physical_v3_334d,2025-10-23,6,6189.246614999216,0.1427294000022811,0,36,0,0,144,1,0,1200.0,0.0
BLOCK_K0612_linear_bias0_physical_v3_334d,2025-10-23,12,10713.60432675814,0.1910618000110844,0,36,0,0,144,1,0,1200.0,0.0
BLOCK_K0612_linear_bias0_physical_v3_334d,2025-10-24,0,22332.770340341514,0.3012171000009402,0,10,0,0,144,1,0,1200.0,0.0
BLOCK_K0612_linear_bias0_physical_v3_334d,2025-10-24,6,9451.781780254782,0.1079624000121839,0,26,0,0,144,1,0,1200.0,0.0
BLOCK_K0612_linear_bias0_physical_v3_334d,2025-10-24,12,12337.03963238009,0.7549845999892568,0,38,0,0,144,1,0,1200.0,0.0
BLOCK_K0612_linear_bias0_physical_v3_334d,2025-10-25,0,23758.24559008358,0.3550915999949211,0,27,0,0,144,1,0,1200.0,0.0
BLOCK_K0612_linear_bias0_physical_v3_334d,2025-10-25,6,10283.14325501386,0.0708103000069968,0,21,0,0,144,1,0,1200.0,0.0
BLOCK_K0612_linear_bias0_physical_v3_334d,2025-10-25,12,17842.63121599853,0.2981682999961776,0,42,0,0,144,1,0,1200.0,0.0
BLOCK_K0612_linear_bias0_physical_v3_334d,2025-10-26,0,49681.31008562526,0.1157074999937322,0,34,0,0,144,1,0,1200.0,0.0
BLOCK_K0612_linear_bias0_physical_v3_334d,2025-10-26,6,8440.017613119147,0.1383404999942286,0,27,0,0,144,1,0,1200.0,0.0
BLOCK_K0612_linear_bias0_physical_v3_334d,2025-10-26,12,20857.65465363436,0.2803972999972757,0,83,0,0,144,1,0,1200.0,0.0
BLOCK_K0612_linear_bias0_physical_v3_334d,2025-10-27,0,46206.56270712757,0.2951331999938702,0,39,0,0,144,1,0,1200.0,0.0
BLOCK_K0612_linear_bias0_physical_v3_334d,2025-10-27,6,19536.705510399985,0.6215557999967132,0,131,0,0,144,1,0,1200.0,0.0
BLOCK_K0612_linear_bias0_physical_v3_334d,2025-10-27,12,20682.79667785924,1.0279712000046857,0,42,0,0,144,1,0,1200.0,0.0
BLOCK_K0612_linear_bias0_physical_v3_334d,2025-10-28,0,46386.9398251058,0.2836009000020567,0,39,0,0,144,1,0,1200.0,0.0
BLOCK_K0612_linear_bias0_physical_v3_334d,2025-10-28,6,16932.972180339682,0.6016086999879917,0,84,0,0,144,1,0,1200.0,0.0
BLOCK_K0612_linear_bias0_physical_v3_334d,2025-10-28,12,19776.694651125017,0.1248674000089522,0,49,0,0,144,1,0,1200.0,0.0
BLOCK_K0612_linear_bias0_physical_v3_334d,2025-10-29,0,52097.51872254968,0.2066835000005085,0,33,0,0,144,1,0,1200.0,0.0
BLOCK_K0612_linear_bias0_physical_v3_334d,2025-10-29,6,10303.487615481545,0.3190616000065347,0,29,0,0,144,1,0,1200.0,0.0
BLOCK_K0612_linear_bias0_physical_v3_334d,2025-10-29,12,19792.83971779405,0.1446052999963285,0,49,0,0,144,1,0,1200.0,0.0
BLOCK_K0612_linear_bias0_physical_v3_334d,2025-10-30,0,46238.06948436372,0.8093210000079125,0,39,0,0,144,1,0,1200.0,0.0
BLOCK_K0612_linear_bias0_physical_v3_334d,2025-10-30,6,9625.46911706266,0.0558445999922696,0,60,0,0,144,1,0,1200.0,0.0
BLOCK_K0612_linear_bias0_physical_v3_334d,2025-10-30,12,12131.154670975053,0.2666425000061281,0,49,0,0,144,1,0,1200.0,0.0
BLOCK_K0612_linear_bias0_physical_v3_334d,2025-10-31,0,26176.82469373565,0.1265757999935886,0,29,0,0,144,1,0,1200.0,0.0
BLOCK_K0612_linear_bias0_physical_v3_334d,2025-10-31,6,7716.04137270502,0.0653174000035505,0,20,0,0,144,1,0,1200.0,0.0
BLOCK_K0612_linear_bias0_physical_v3_334d,2025-10-31,12,9523.945419359,0.2959778999938862,0,33,0,0,144,1,0,1200.0,0.0
BLOCK_K0612_linear_bias0_physical_v3_334d,2025-11-01,0,23321.81838377088,0.1157448000012664,0,8,0,0,144,1,0,1200.0,0.0
BLOCK_K0612_linear_bias0_physical_v3_334d,2025-11-01,6,10358.496449807864,0.2543250000016996,0,21,0,0,144,1,0,1200.0,0.0
BLOCK_K0612_linear_bias0_physical_v3_334d,2025-11-01,12,17902.384686410427,0.176642799997353,0,39,0,0,144,1,0,1200.0,0.0
BLOCK_K0612_linear_bias0_physical_v3_334d,2025-11-02,0,48339.49219976853,0.2796207999926992,0,37,0,0,144,1,0,1200.0,0.0
BLOCK_K0612_linear_bias0_physical_v3_334d,2025-11-02,6,15891.716608706209,0.1536985000129789,0,98,0,0,144,1,0,1200.0,0.0
BLOCK_K0612_linear_bias0_physical_v3_334d,2025-11-02,12,18990.01445302279,0.1686916999897221,0,43,0,0,144,1,0,1200.0,0.0
BLOCK_K0612_linear_bias0_physical_v3_334d,2025-11-03,0,53429.66407848472,0.1615835000120569,0,29,0,0,144,1,0,1200.0,0.0
BLOCK_K0612_linear_bias0_physical_v3_334d,2025-11-03,6,9534.690137410264,0.357396500010509,0,28,0,0,144,1,0,1200.0,0.0
BLOCK_K0612_linear_bias0_physical_v3_334d,2025-11-03,12,18401.09909821553,0.1478953999903751,0,43,0,0,144,1,0,1200.0,0.0
BLOCK_K0612_linear_bias0_physical_v3_334d,2025-11-04,0,49534.36658932017,0.2506167999963509,0,36,0,0,144,1,0,1200.0,0.0
BLOCK_K0612_linear_bias0_physical_v3_334d,2025-11-04,6,11569.714478003409,0.1780469999939669,0,53,0,0,144,1,0,1200.0,0.0
BLOCK_K0612_linear_bias0_physical_v3_334d,2025-11-04,12,18649.347684494453,0.3944407000089995,0,41,0,0,144,1,0,1200.0,0.0
BLOCK_K0612_linear_bias0_physical_v3_334d,2025-11-05,0,55057.78942840418,0.2888911999907577,0,30,0,0,144,1,0,1200.0,0.0
BLOCK_K0612_linear_bias0_physical_v3_334d,2025-11-05,6,8608.553080468075,0.0698625999939395,0,24,0,0,144,1,0,1200.0,0.0
BLOCK_K0612_linear_bias0_physical_v3_334d,2025-11-05,12,23519.964107962456,0.0872651999961817,0,49,0,0,144,1,0,1200.0,0.0
BLOCK_K0612_linear_bias0_physical_v3_334d,2025-11-06,0,50982.978246859646,0.5350214000063716,0,29,0,0,144,1,0,1200.0,0.0
BLOCK_K0612_linear_bias0_physical_v3_334d,2025-11-06,6,10131.754887548012,0.0753822999977273,0,59,0,0,144,1,0,1200.0,0.0
BLOCK_K0612_linear_bias0_physical_v3_334d,2025-11-06,12,11321.308173794036,0.1217468999966513,0,41,0,0,144,1,0,1200.0,0.0
BLOCK_K0612_linear_bias0_physical_v3_334d,2025-11-07,0,23733.792227406208,0.6623993999965023,0,26,0,0,144,1,0,1200.0,0.0
BLOCK_K0612_linear_bias0_physical_v3_334d,2025-11-07,6,8783.331261934849,0.0612456999951973,0,69,0,0,144,1,0,1200.0,0.0
BLOCK_K0612_linear_bias0_physical_v3_334d,2025-11-07,12,11150.637734634014,0.1304760999919381,0,35,0,0,144,1,0,1200.0,0.0
BLOCK_K0612_linear_bias0_physical_v3_334d,2025-11-08,0,24365.95797887469,0.2603254999994533,0,29,0,0,144,1,0,1200.0,0.0
BLOCK_K0612_linear_bias0_physical_v3_334d,2025-11-08,6,10468.496739881306,0.159459100003005,0,29,0,0,144,1,0,1200.0,0.0
BLOCK_K0612_linear_bias0_physical_v3_334d,2025-11-08,12,20349.014473874235,0.1783413000084692,0,48,0,0,144,1,0,1200.0,0.0
BLOCK_K0612_linear_bias0_physical_v3_334d,2025-11-09,0,51135.35473257089,1.0404907000047388,0,29,0,0,144,1,0,1200.0,0.0
BLOCK_K0612_linear_bias0_physical_v3_334d,2025-11-09,6,11182.78437339415,0.1186803000018699,0,39,0,0,144,1,0,1200.0,0.0
BLOCK_K0612_linear_bias0_physical_v3_334d,2025-11-09,12,25296.67881194527,0.1126821000070776,0,55,0,0,144,1,0,1200.0,0.0
BLOCK_K0612_linear_bias0_physical_v3_334d,2025-11-10,0,53931.71618271902,0.6680443000077503,0,34,0,0,144,1,0,1200.0,0.0
BLOCK_K0612_linear_bias0_physical_v3_334d,2025-11-10,6,11786.304215765427,0.247443000000203,0,50,0,0,144,1,0,1200.0,0.0
BLOCK_K0612_linear_bias0_physical_v3_334d,2025-11-10,12,17037.89600593127,0.2193182000046363,0,42,0,0,144,1,0,1200.0,0.0
BLOCK_K0612_linear_bias0_physical_v3_334d,2025-11-11,0,56097.17409387041,0.1786251999874366,0,31,0,0,144,1,0,1200.0,0.0
BLOCK_K0612_linear_bias0_physical_v3_334d,2025-11-11,6,9048.256914104462,0.4954997000022558,0,25,0,0,144,1,0,1200.0,0.0
BLOCK_K0612_linear_bias0_physical_v3_334d,2025-11-11,12,23144.794333469992,0.1949286000017309,0,43,0,0,144,1,0,1200.0,0.0
BLOCK_K0612_linear_bias0_physical_v3_334d,2025-11-12,0,52207.105534015456,0.7338470999966376,0,33,0,0,144,1,0,1200.0,0.0
BLOCK_K0612_linear_bias0_physical_v3_334d,2025-11-12,6,13882.436255081871,0.3720453999994788,0,94,0,0,144,1,0,1200.0,0.0
BLOCK_K0612_linear_bias0_physical_v3_334d,2025-11-12,12,19446.787925217075,0.2155012000002898,0,49,0,0,144,1,0,1200.0,0.0
BLOCK_K0612_linear_bias0_physical_v3_334d,2025-11-13,0,50950.88829028005,0.2424515999882714,0,34,0,0,144,1,0,1200.0,0.0
BLOCK_K0612_linear_bias0_physical_v3_334d,2025-11-13,6,9390.16348053351,0.0931476999976439,0,75,0,0,144,1,0,1200.0,0.0
BLOCK_K0612_linear_bias0_physical_v3_334d,2025-11-13,12,12854.713930142894,0.2052297000045655,0,53,0,0,144,1,0,1200.0,0.0
BLOCK_K0612_linear_bias0_physical_v3_334d,2025-11-14,0,25808.6780399113,0.1411522999987937,0,30,0,0,144,1,0,1200.0,0.0
BLOCK_K0612_linear_bias0_physical_v3_334d,2025-11-14,6,7599.1823473613085,0.0641192000039154,0,22,0,0,144,1,0,1200.0,0.0
BLOCK_K0612_linear_bias0_physical_v3_334d,2025-11-14,12,10643.925335970356,0.2658267000078922,0,40,0,0,144,1,0,1200.0,0.0
BLOCK_K0612_linear_bias0_physical_v3_334d,2025-11-15,0,27371.733803232462,0.2502459999959683,0,33,0,0,144,1,0,1200.0,0.0
BLOCK_K0612_linear_bias0_physical_v3_334d,2025-11-15,6,9674.73579881008,0.2425051000027451,0,22,0,0,144,1,0,1200.0,0.0
BLOCK_K0612_linear_bias0_physical_v3_334d,2025-11-15,12,20952.33076050144,0.0949226999946404,0,39,0,0,144,1,0,1200.0,0.0
BLOCK_K0612_linear_bias0_physical_v3_334d,2025-11-16,0,51482.03246460187,0.3417274000094039,0,34,0,0,144,1,0,1200.0,0.0
BLOCK_K0612_linear_bias0_physical_v3_334d,2025-11-16,6,15887.0254228391,0.1323975999985123,0,86,0,0,144,1,0,1200.0,0.0
BLOCK_K0612_linear_bias0_physical_v3_334d,2025-11-16,12,27764.91768731113,0.3717266000021482,0,63,0,0,144,1,0,1200.0,0.0
BLOCK_K0612_linear_bias0_physical_v3_334d,2025-11-17,0,51558.21363151431,0.3548860000009881,0,35,0,0,144,1,0,1200.0,0.0
BLOCK_K0612_linear_bias0_physical_v3_334d,2025-11-17,6,18889.29185560312,0.6279547000012826,0,159,0,0,144,1,0,1200.0,0.0
BLOCK_K0612_linear_bias0_physical_v3_334d,2025-11-17,12,26321.3518821992,0.1528850000031525,0,67,0,0,144,1,0,1200.0,0.0
BLOCK_K0612_linear_bias0_physical_v3_334d,2025-11-18,0,54203.51217432714,0.4151175000006333,0,30,0,0,144,1,0,1200.0,0.0
BLOCK_K0612_linear_bias0_physical_v3_334d,2025-11-18,6,9557.106278813975,0.6676780000125291,0,24,0,0,144,1,0,1200.0,0.0
BLOCK_K0612_linear_bias0_physical_v3_334d,2025-11-18,12,25948.913358787675,0.1499597000074572,0,58,0,0,144,1,0,1200.0,0.0
BLOCK_K0612_linear_bias0_physical_v3_334d,2025-11-19,0,53437.45493639057,0.4206869000045117,0,30,0,0,144,1,0,1200.0,0.0
BLOCK_K0612_linear_bias0_physical_v3_334d,2025-11-19,6,15287.661587708766,0.7066901000071084,0,97,0,0,144,1,0,1200.0,0.0
BLOCK_K0612_linear_bias0_physical_v3_334d,2025-11-19,12,26908.72933072732,0.1112284999981056,0,42,0,0,144,1,0,1200.0,0.0
BLOCK_K0612_linear_bias0_physical_v3_334d,2025-11-20,0,53754.38583684045,0.1446489000081783,0,30,0,0,144,1,0,1200.0,0.0
BLOCK_K0612_linear_bias0_physical_v3_334d,2025-11-20,6,8282.634749586303,0.0548411999916425,0,42,0,0,144,1,0,1200.0,0.0
BLOCK_K0612_linear_bias0_physical_v3_334d,2025-11-20,12,11795.437409763395,0.4775377999903867,0,56,0,0,144,1,0,1200.0,0.0
BLOCK_K0612_linear_bias0_physical_v3_334d,2025-11-21,0,26103.47023273284,0.2750350999995135,0,31,0,0,144,1,0,1200.0,0.0
BLOCK_K0612_linear_bias0_physical_v3_334d,2025-11-21,6,9196.057943516407,0.0806903000047896,0,83,0,0,144,1,0,1200.0,0.0
BLOCK_K0612_linear_bias0_physical_v3_334d,2025-11-21,12,10914.688021503818,0.3124288999970304,0,45,0,0,144,1,0,1200.0,0.0
BLOCK_K0612_linear_bias0_physical_v3_334d,2025-11-22,0,27813.951719911,0.4028267000103369,0,40,0,0,144,1,0,1200.0,0.0
BLOCK_K0612_linear_bias0_physical_v3_334d,2025-11-22,6,9701.253810857825,0.0741235000023152,0,24,0,0,144,1,0,1200.0,0.0
BLOCK_K0612_linear_bias0_physical_v3_334d,2025-11-22,12,22220.385698265745,0.1181740000029094,0,42,0,0,144,1,0,1200.0,0.0
BLOCK_K0612_linear_bias0_physical_v3_334d,2025-11-23,0,51770.45800129834,0.4907862000109162,0,32,0,0,144,1,0,1200.0,0.0
BLOCK_K0612_linear_bias0_physical_v3_334d,2025-11-23,6,16235.74281137955,0.3180235000036191,0,93,0,0,144,1,0,1200.0,0.0
BLOCK_K0612_linear_bias0_physical_v3_334d,2025-11-23,12,24491.29362552157,0.2891185000044061,0,50,0,0,144,1,0,1200.0,0.0
BLOCK_K0612_linear_bias0_physical_v3_334d,2025-11-24,0,53253.71405213564,1.0643213000003016,0,30,0,0,144,1,0,1200.0,0.0
BLOCK_K0612_linear_bias0_physical_v3_334d,2025-11-24,6,10852.583989780256,0.1679265999991912,0,64,0,0,144,1,0,1200.0,0.0
BLOCK_K0612_linear_bias0_physical_v3_334d,2025-11-24,12,22666.023260847232,0.1691344999999273,0,50,0,0,144,1,0,1200.0,0.0
BLOCK_K0612_linear_bias0_physical_v3_334d,2025-11-25,0,61706.39004917524,0.2387082000059308,0,32,0,0,144,1,0,1200.0,0.0
BLOCK_K0612_linear_bias0_physical_v3_334d,2025-11-25,6,8735.396374578791,0.1161660999932792,0,24,0,0,144,1,0,1200.0,0.0
BLOCK_K0612_linear_bias0_physical_v3_334d,2025-11-25,12,20313.003876888597,0.1918083000055048,0,43,0,0,144,1,0,1200.0,0.0
BLOCK_K0612_linear_bias0_physical_v3_334d,2025-11-26,0,57909.37734780926,0.7936542999959784,0,31,0,0,144,1,0,1200.0,0.0
BLOCK_K0612_linear_bias0_physical_v3_334d,2025-11-26,6,10570.487838938634,0.1987501999974483,0,35,0,0,144,1,0,1200.0,0.0
BLOCK_K0612_linear_bias0_physical_v3_334d,2025-11-26,12,24257.658057768014,0.5751103000075091,0,49,0,0,144,1,0,1200.0,0.0
BLOCK_K0612_linear_bias0_physical_v3_334d,2025-11-27,0,56117.93057742096,1.1544356999947922,0,30,0,0,144,1,0,1200.0,0.0
BLOCK_K0612_linear_bias0_physical_v3_334d,2025-11-27,6,8791.491857803816,0.0725040999968769,0,41,0,0,144,1,0,1200.0,0.0
BLOCK_K0612_linear_bias0_physical_v3_334d,2025-11-27,12,13081.86698122354,0.1001517999975476,0,46,0,0,144,1,0,1200.0,0.0
BLOCK_K0612_linear_bias0_physical_v3_334d,2025-11-28,0,27313.998159953964,0.8685876000090502,0,35,0,0,144,1,0,1200.0,0.0
BLOCK_K0612_linear_bias0_physical_v3_334d,2025-11-28,6,8555.516528970395,0.0593780000053811,0,52,0,0,144,1,0,1200.0,0.0
BLOCK_K0612_linear_bias0_physical_v3_334d,2025-11-28,12,11115.848324532604,0.2512423000007402,0,40,0,0,144,1,0,1200.0,0.0
BLOCK_K0612_linear_bias0_physical_v3_334d,2025-11-29,0,32210.191790052333,0.2169576000014785,0,34,0,0,144,1,0,1200.0,0.0
BLOCK_K0612_linear_bias0_physical_v3_334d,2025-11-29,6,8988.665499783514,0.0779408999951556,0,22,0,0,144,1,0,1200.0,0.0
BLOCK_K0612_linear_bias0_physical_v3_334d,2025-11-29,12,24475.816871475312,0.2910298999922815,0,40,0,0,144,1,0,1200.0,0.0
BLOCK_K0612_linear_bias0_physical_v3_334d,2025-11-30,0,55637.48705854823,0.5163348999922164,0,28,0,0,144,1,0,1200.0,0.0
BLOCK_K0612_linear_bias0_physical_v3_334d,2025-11-30,6,14647.503784964894,0.4142778999957954,0,94,0,0,144,1,0,1200.0,0.0
BLOCK_K0612_linear_bias0_physical_v3_334d,2025-11-30,12,26571.590839036555,0.393032599997241,0,62,0,0,144,1,0,1200.0,0.0
BLOCK_K0612_linear_bias0_physical_v3_334d,2025-12-01,0,60674.6699699697,0.8947876000020187,0,31,0,0,144,1,0,1200.0,0.0
BLOCK_K0612_linear_bias0_physical_v3_334d,2025-12-01,6,9521.947870471213,0.1066711000021314,0,36,0,0,144,1,0,1200.0,0.0
BLOCK_K0612_linear_bias0_physical_v3_334d,2025-12-01,12,26445.92481844464,0.1424716999899828,0,47,0,0,144,1,0,1200.0,0.0
BLOCK_K0612_linear_bias0_physical_v3_334d,2025-12-02,0,63453.91903496932,0.2521835999941686,0,31,0,0,144,1,0,1200.0,0.0
BLOCK_K0612_linear_bias0_physical_v3_334d,2025-12-02,6,11159.75504481244,0.2266534999944269,0,40,0,0,144,1,0,1200.0,0.0
BLOCK_K0612_linear_bias0_physical_v3_334d,2025-12-02,12,29895.405752116145,0.0949566000053891,0,48,0,0,144,1,0,1200.0,0.0
BLOCK_K0612_linear_bias0_physical_v3_334d,2025-12-03,0,57677.63180760825,0.4312791999982437,0,31,0,0,144,1,0,1200.0,0.0
BLOCK_K0612_linear_bias0_physical_v3_334d,2025-12-03,6,16865.041734128667,0.4104554999939864,0,122,0,0,144,1,0,1200.0,0.0
BLOCK_K0612_linear_bias0_physical_v3_334d,2025-12-03,12,25358.37187758755,0.1663757999922381,0,65,0,0,144,1,0,1200.0,0.0
BLOCK_K0612_linear_bias0_physical_v3_334d,2025-12-04,0,64991.68044593908,0.3624678999913158,0,32,0,0,144,1,0,1200.0,0.0
BLOCK_K0612_linear_bias0_physical_v3_334d,2025-12-04,6,9235.632709855548,0.1117224999907193,0,34,0,0,144,1,0,1200.0,0.0
BLOCK_K0612_linear_bias0_physical_v3_334d,2025-12-04,12,13783.094289754532,0.4406147999980021,0,53,0,0,144,1,0,1200.0,0.0
BLOCK_K0612_linear_bias0_physical_v3_334d,2025-12-05,0,35394.59314201671,0.1286907999892719,0,33,0,0,144,1,0,1200.0,0.0
BLOCK_K0612_linear_bias0_physical_v3_334d,2025-12-05,6,8905.639183190844,0.0546770000073593,0,36,0,0,144,1,0,1200.0,0.0
BLOCK_K0612_linear_bias0_physical_v3_334d,2025-12-05,12,13347.332932139623,0.2779971999989357,0,49,0,0,144,1,0,1200.0,0.0
BLOCK_K0612_linear_bias0_physical_v3_334d,2025-12-06,0,32212.169928484826,0.1914774000033503,0,37,0,0,144,1,0,1200.0,0.0
BLOCK_K0612_linear_bias0_physical_v3_334d,2025-12-06,6,9784.21436625496,0.1067956000042613,0,26,0,0,144,1,0,1200.0,0.0
BLOCK_K0612_linear_bias0_physical_v3_334d,2025-12-06,12,27119.284581747623,0.097662100000889,0,44,0,0,144,1,0,1200.0,0.0
BLOCK_K0612_linear_bias0_physical_v3_334d,2025-12-07,0,62402.2842669462,0.366757099996903,0,30,0,0,144,1,0,1200.0,0.0
BLOCK_K0612_linear_bias0_physical_v3_334d,2025-12-07,6,10193.314265401925,0.0978973000019323,0,26,0,0,144,1,0,1200.0,0.0
BLOCK_K0612_linear_bias0_physical_v3_334d,2025-12-07,12,31598.4684538568,0.1629844999988563,0,82,0,0,144,1,0,1200.0,0.0
BLOCK_K0612_linear_bias0_physical_v3_334d,2025-12-08,0,70613.97793276752,0.1590767999878153,0,31,0,0,144,1,0,1200.0,0.0
BLOCK_K0612_linear_bias0_physical_v3_334d,2025-12-08,6,12210.361194213314,0.0937717000051634,0,36,0,0,144,1,0,1200.0,0.0
BLOCK_K0612_linear_bias0_physical_v3_334d,2025-12-08,12,33770.17007199673,0.2975692999898456,0,50,0,0,144,1,0,1200.0,0.0
BLOCK_K0612_linear_bias0_physical_v3_334d,2025-12-09,0,69604.14230344929,0.2402234000037424,0,32,0,0,144,1,0,1200.0,0.0
BLOCK_K0612_linear_bias0_physical_v3_334d,2025-12-09,6,11523.456295152642,0.127755800000159,0,40,0,0,144,1,0,1200.0,0.0
BLOCK_K0612_linear_bias0_physical_v3_334d,2025-12-09,12,30261.17900258928,0.2211963999870931,0,53,0,0,144,1,0,1200.0,0.0
BLOCK_K0612_linear_bias0_physical_v3_334d,2025-12-10,0,66535.79461327738,0.2317470999987563,0,34,0,0,144,1,0,1200.0,0.0
BLOCK_K0612_linear_bias0_physical_v3_334d,2025-12-10,6,14757.69018490533,0.0868328000069595,0,58,0,0,144,1,0,1200.0,0.0
BLOCK_K0612_linear_bias0_physical_v3_334d,2025-12-10,12,30904.574726860028,0.2647104999923613,0,50,0,0,144,1,0,1200.0,0.0
BLOCK_K0612_linear_bias0_physical_v3_334d,2025-12-11,0,69101.35804654186,0.2846042000019224,0,31,0,0,144,1,0,1200.0,0.0
BLOCK_K0612_linear_bias0_physical_v3_334d,2025-12-11,6,9435.687230405363,0.5397125000017695,0,24,0,0,144,1,0,1200.0,0.0
BLOCK_K0612_linear_bias0_physical_v3_334d,2025-12-11,12,17521.825286892014,0.2548219000018434,0,46,0,0,144,1,0,1200.0,0.0
BLOCK_K0612_linear_bias0_physical_v3_334d,2025-12-12,0,39630.708928033455,0.2602572000032523,0,33,0,0,144,1,0,1200.0,0.0
BLOCK_K0612_linear_bias0_physical_v3_334d,2025-12-12,6,10891.445795373542,0.5370564999902854,0,55,0,0,144,1,0,1200.0,0.0
BLOCK_K0612_linear_bias0_physical_v3_334d,2025-12-12,12,20053.349106893424,0.2735036000085529,0,49,0,0,144,1,0,1200.0,0.0
BLOCK_K0612_linear_bias0_physical_v3_334d,2025-12-13,0,35967.48490917421,0.3188645999907749,0,31,0,0,144,1,0,1200.0,0.0
BLOCK_K0612_linear_bias0_physical_v3_334d,2025-12-13,6,14610.331482320384,0.2235209999926155,0,71,0,0,144,1,0,1200.0,0.0
BLOCK_K0612_linear_bias0_physical_v3_334d,2025-12-13,12,26728.55411262124,0.5539973999984795,0,49,0,0,144,1,0,1200.0,0.0
BLOCK_K0612_linear_bias0_physical_v3_334d,2025-12-14,0,60509.62448784972,0.2708075999980792,0,31,0,0,144,1,0,1200.0,0.0
BLOCK_K0612_linear_bias0_physical_v3_334d,2025-12-14,6,17025.81346849227,0.6593594999867491,0,91,0,0,144,1,0,1200.0,0.0
BLOCK_K0612_linear_bias0_physical_v3_334d,2025-12-14,12,32792.46540884188,0.3686241999967024,0,73,0,0,144,1,0,1200.0,0.0
BLOCK_K0612_linear_bias0_physical_v3_334d,2025-12-15,0,65528.364111265946,0.1793738999986089,0,30,0,0,144,1,0,1200.0,0.0
BLOCK_K0612_linear_bias0_physical_v3_334d,2025-12-15,6,16807.486697908007,0.2165967999899294,0,85,0,0,144,1,0,1200.0,0.0
BLOCK_K0612_linear_bias0_physical_v3_334d,2025-12-15,12,32441.052005724938,0.2630796999874292,0,58,0,0,144,1,0,1200.0,0.0
BLOCK_K0612_linear_bias0_physical_v3_334d,2025-12-16,0,69707.16448891464,0.2103452000010293,0,31,0,0,144,1,0,1200.0,0.0
BLOCK_K0612_linear_bias0_physical_v3_334d,2025-12-16,6,11355.0607423834,0.0667283999937353,0,30,0,0,144,1,0,1200.0,0.0
BLOCK_K0612_linear_bias0_physical_v3_334d,2025-12-16,12,32714.319508273307,0.1397464000037871,0,46,0,0,144,1,0,1200.0,0.0
BLOCK_K0612_linear_bias0_physical_v3_334d,2025-12-17,0,68989.42248207855,0.3494305000058375,0,31,0,0,144,1,0,1200.0,0.0
BLOCK_K0612_linear_bias0_physical_v3_334d,2025-12-17,6,10344.341209790024,0.3370379999978468,0,30,0,0,144,1,0,1200.0,0.0
BLOCK_K0612_linear_bias0_physical_v3_334d,2025-12-17,12,27572.49570482108,0.1343326000060187,0,49,0,0,144,1,0,1200.0,0.0
BLOCK_K0612_linear_bias0_physical_v3_334d,2025-12-18,0,63863.37250066806,0.1492340999975567,0,30,0,0,144,1,0,1200.0,0.0
BLOCK_K0612_linear_bias0_physical_v3_334d,2025-12-18,6,11953.893069667203,0.1341630000097211,0,77,0,0,144,1,0,1200.0,0.0
BLOCK_K0612_linear_bias0_physical_v3_334d,2025-12-18,12,18598.08061670614,0.4830649999930756,0,57,0,0,144,1,0,1200.0,0.0
BLOCK_K0612_linear_bias0_physical_v3_334d,2025-12-19,0,35052.744046166605,0.1454552999930456,0,38,0,0,144,1,0,1200.0,0.0
BLOCK_K0612_linear_bias0_physical_v3_334d,2025-12-19,6,10480.44869838195,0.1117230000090785,0,80,0,0,144,1,0,1200.0,0.0
BLOCK_K0612_linear_bias0_physical_v3_334d,2025-12-19,12,16777.590285385828,0.2707719999889377,0,42,0,0,144,1,0,1200.0,0.0
BLOCK_K0612_linear_bias0_physical_v3_334d,2025-12-20,0,36743.3391574129,1.0434143000020413,0,33,0,0,144,1,0,1200.0,0.0
BLOCK_K0612_linear_bias0_physical_v3_334d,2025-12-20,6,11204.675703291345,0.0869329999986803,0,30,0,0,144,1,0,1200.0,0.0
BLOCK_K0612_linear_bias0_physical_v3_334d,2025-12-20,12,28414.568987327744,0.277400499995565,0,40,0,0,144,1,0,1200.0,0.0
BLOCK_K0612_linear_bias0_physical_v3_334d,2025-12-21,0,64310.29770017567,0.1729820000036852,0,30,0,0,144,1,0,1200.0,0.0
BLOCK_K0612_linear_bias0_physical_v3_334d,2025-12-21,6,11674.93347215654,0.2505805999971926,0,29,0,0,144,1,0,1200.0,0.0
BLOCK_K0612_linear_bias0_physical_v3_334d,2025-12-21,12,30839.81771054436,0.2356768000026932,0,48,0,0,144,1,0,1200.0,0.0
BLOCK_K0612_linear_bias0_physical_v3_334d,2025-12-22,0,63603.51143216646,0.9480505999963498,0,32,0,0,144,1,0,1200.0,0.0
BLOCK_K0612_linear_bias0_physical_v3_334d,2025-12-22,6,10979.379030665888,0.5401561000035144,0,28,0,0,144,1,0,1200.0,0.0
BLOCK_K0612_linear_bias0_physical_v3_334d,2025-12-22,12,27851.560437834974,0.1610276999999769,0,48,0,0,144,1,0,1200.0,0.0
BLOCK_K0612_linear_bias0_physical_v3_334d,2025-12-23,0,65206.43040699578,0.966596500002197,0,32,0,0,144,1,0,1200.0,0.0
BLOCK_K0612_linear_bias0_physical_v3_334d,2025-12-23,6,10488.537943139036,0.1758761999954003,0,43,0,0,144,1,0,1200.0,0.0
BLOCK_K0612_linear_bias0_physical_v3_334d,2025-12-23,12,26189.587086859035,0.106915399999707,0,47,0,0,144,1,0,1200.0,0.0
BLOCK_K0612_linear_bias0_physical_v3_334d,2025-12-24,0,64536.80110389202,0.5763950999971712,0,32,0,0,144,1,0,1200.0,0.0
BLOCK_K0612_linear_bias0_physical_v3_334d,2025-12-24,6,11024.917401112089,0.1587880000006407,0,34,0,0,144,1,0,1200.0,0.0
BLOCK_K0612_linear_bias0_physical_v3_334d,2025-12-24,12,25278.71249637578,0.0709384999936446,0,45,0,0,144,1,0,1200.0,0.0
BLOCK_K0612_linear_bias0_physical_v3_334d,2025-12-25,0,61254.44046868202,0.3360955999960424,0,31,0,0,144,1,0,1200.0,0.0
BLOCK_K0612_linear_bias0_physical_v3_334d,2025-12-25,6,9492.856073341642,0.1540800999937346,0,39,0,0,144,1,0,1200.0,0.0
BLOCK_K0612_linear_bias0_physical_v3_334d,2025-12-25,12,18117.80074535381,0.4066184999974211,0,71,0,0,144,1,0,1200.0,0.0
BLOCK_K0612_linear_bias0_physical_v3_334d,2025-12-26,0,35327.484574757014,1.2668631999986246,0,38,0,0,144,1,0,1200.0,0.0
BLOCK_K0612_linear_bias0_physical_v3_334d,2025-12-26,6,9025.336645862151,0.0939918999938527,0,33,0,0,144,1,0,1200.0,0.0
BLOCK_K0612_linear_bias0_physical_v3_334d,2025-12-26,12,14061.19006226594,0.0826058000093326,0,40,0,0,144,1,0,1200.0,0.0
BLOCK_K0612_linear_bias0_physical_v3_334d,2025-12-27,0,35575.948819774574,0.7491894000122556,0,28,0,0,144,1,0,1200.0,0.0
BLOCK_K0612_linear_bias0_physical_v3_334d,2025-12-27,6,11951.165222229629,0.1341769000136992,0,39,0,0,144,1,0,1200.0,0.0
BLOCK_K0612_linear_bias0_physical_v3_334d,2025-12-27,12,27171.28180292001,0.3829026000021258,0,39,0,0,144,1,0,1200.0,0.0
BLOCK_K0612_linear_bias0_physical_v3_334d,2025-12-28,0,63321.29457595533,0.1663340000086464,0,29,0,0,144,1,0,1200.0,0.0
BLOCK_K0612_linear_bias0_physical_v3_334d,2025-12-28,6,12113.550317403997,0.0798590999911539,0,34,0,0,144,1,0,1200.0,0.0
BLOCK_K0612_linear_bias0_physical_v3_334d,2025-12-28,12,26984.694515721072,0.1519085000036284,0,45,0,0,144,1,0,1200.0,0.0
BLOCK_K0612_linear_bias0_physical_v3_334d,2025-12-29,0,62562.83117836805,0.7335730999911902,0,32,0,0,144,1,0,1200.0,0.0
BLOCK_K0612_linear_bias0_physical_v3_334d,2025-12-29,6,13010.532121010634,0.2247141999978339,0,80,0,0,144,1,0,1200.0,0.0
BLOCK_K0612_linear_bias0_physical_v3_334d,2025-12-29,12,27199.59630438893,0.0846183000103337,0,48,0,0,144,1,0,1200.0,0.0
BLOCK_K0612_linear_bias0_physical_v3_334d,2025-12-30,0,62548.53645340846,0.6464654000010341,0,31,0,0,144,1,0,1200.0,0.0
BLOCK_K0612_linear_bias0_physical_v3_334d,2025-12-30,6,12614.60795861978,0.6547589999972843,0,78,0,0,144,1,0,1200.0,0.0
BLOCK_K0612_linear_bias0_physical_v3_334d,2025-12-30,12,25753.98423739098,0.1202875000017229,0,43,0,0,144,1,0,1200.0,0.0
BLOCK_K0612_linear_bias0_physical_v3_334d,2025-12-31,0,63971.93863564584,0.8235646999964956,0,32,0,0,144,1,0,1200.0,0.0
BLOCK_K0612_linear_bias0_physical_v3_334d,2025-12-31,6,11288.810711142436,0.1935846999986097,0,34,0,0,144,1,0,1200.0,0.0
BLOCK_K0612_linear_bias0_physical_v3_334d,2025-12-31,12,27010.702127132645,0.7716962999984389,0,51,0,0,144,1,0,1200.0,0.0
BLOCK_K06_linear_bias0_physical_v3_334d,2025-02-01,0,43757.21873730563,0.3216039999970235,0,30,0,0,144,1,0,1200.0,0.0
BLOCK_K06_linear_bias0_physical_v3_334d,2025-02-01,6,14167.412087623376,0.2014619999972637,0,27,0,0,144,1,0,1200.0,0.0
BLOCK_K06_linear_bias0_physical_v3_334d,2025-02-02,0,71951.91163828182,0.3264767000073334,0,28,0,0,144,1,0,1200.0,0.0
BLOCK_K06_linear_bias0_physical_v3_334d,2025-02-02,6,14909.955774497208,0.4701473000022815,0,36,0,0,144,1,0,1200.0,0.0
BLOCK_K06_linear_bias0_physical_v3_334d,2025-02-03,0,62098.6689890343,0.4174755999993067,0,32,0,0,144,1,0,1200.0,0.0
BLOCK_K06_linear_bias0_physical_v3_334d,2025-02-03,6,9967.847874304402,0.4235650000046007,0,24,0,0,144,1,0,1200.0,0.0
BLOCK_K06_linear_bias0_physical_v3_334d,2025-02-04,0,64328.21214400969,0.4588265000056708,0,31,0,0,144,1,0,1200.0,0.0
BLOCK_K06_linear_bias0_physical_v3_334d,2025-02-04,6,10641.63332540729,0.768507500004489,0,25,0,0,144,1,0,1200.0,0.0
BLOCK_K06_linear_bias0_physical_v3_334d,2025-02-05,0,59690.05836019193,0.721196600003168,0,31,0,0,144,1,0,1200.0,0.0
BLOCK_K06_linear_bias0_physical_v3_334d,2025-02-05,6,11500.981011663096,0.2384733999933814,0,42,0,0,144,1,0,1200.0,0.0
BLOCK_K06_linear_bias0_physical_v3_334d,2025-02-06,0,64080.58206084479,0.655885699990904,0,32,0,0,144,1,0,1200.0,0.0
BLOCK_K06_linear_bias0_physical_v3_334d,2025-02-06,6,7826.049287576436,0.0653907000087201,0,24,0,0,144,1,0,1200.0,0.0
BLOCK_K06_linear_bias0_physical_v3_334d,2025-02-07,0,32250.69584285706,0.5886429999954998,0,41,0,0,144,1,0,1200.0,0.0
BLOCK_K06_linear_bias0_physical_v3_334d,2025-02-07,6,7596.675909953882,0.0664429000025847,0,21,0,0,144,1,0,1200.0,0.0
BLOCK_K06_linear_bias0_physical_v3_334d,2025-02-08,0,37638.72833438005,0.4571677999920212,0,37,0,0,144,1,0,1200.0,0.0
BLOCK_K06_linear_bias0_physical_v3_334d,2025-02-08,6,16582.83151494894,0.1628040000068722,0,52,0,0,144,1,0,1200.0,0.0
BLOCK_K06_linear_bias0_physical_v3_334d,2025-02-09,0,71076.5251827314,0.2901673999876948,0,28,0,0,144,1,0,1200.0,0.0
BLOCK_K06_linear_bias0_physical_v3_334d,2025-02-09,6,15767.50329295195,0.5850430999998935,0,42,0,0,144,1,0,1200.0,0.0
BLOCK_K06_linear_bias0_physical_v3_334d,2025-02-10,0,55424.30045729818,0.6272090999991633,0,30,0,0,144,1,0,1200.0,0.0
BLOCK_K06_linear_bias0_physical_v3_334d,2025-02-10,6,8677.686358434561,0.1582909999997355,0,24,0,0,144,1,0,1200.0,0.0
BLOCK_K06_linear_bias0_physical_v3_334d,2025-02-11,0,55860.73671278931,0.1906013999978313,0,30,0,0,144,1,0,1200.0,0.0
BLOCK_K06_linear_bias0_physical_v3_334d,2025-02-11,6,9988.86440447909,0.1213882000010926,0,25,0,0,144,1,0,1200.0,0.0
BLOCK_K06_linear_bias0_physical_v3_334d,2025-02-12,0,55964.07598266843,0.4764090999960899,0,31,0,0,144,1,0,1200.0,0.0
BLOCK_K06_linear_bias0_physical_v3_334d,2025-02-12,6,9554.028284119462,0.2072415000002365,0,25,0,0,144,1,0,1200.0,0.0
BLOCK_K06_linear_bias0_physical_v3_334d,2025-02-13,0,51153.70344123952,0.4826864999922691,0,28,0,0,144,1,0,1200.0,0.0
BLOCK_K06_linear_bias0_physical_v3_334d,2025-02-13,6,8817.083998449358,0.0885333999904105,0,43,0,0,144,1,0,1200.0,0.0
BLOCK_K06_linear_bias0_physical_v3_334d,2025-02-14,0,25225.994639455774,0.1832649999996647,0,36,0,0,144,1,0,1200.0,0.0
BLOCK_K06_linear_bias0_physical_v3_334d,2025-02-14,6,10589.66806363373,0.0695739999937359,0,38,0,0,144,1,0,1200.0,0.0
BLOCK_K06_linear_bias0_physical_v3_334d,2025-02-15,0,32996.58731195659,1.198731399999815,0,43,0,0,144,1,0,1200.0,0.0
BLOCK_K06_linear_bias0_physical_v3_334d,2025-02-15,6,10528.144164799472,0.0954934999899705,0,21,0,0,144,1,0,1200.0,0.0
BLOCK_K06_linear_bias0_physical_v3_334d,2025-02-16,0,62688.24902486208,0.3271859999949811,0,28,0,0,144,1,0,1200.0,0.0
BLOCK_K06_linear_bias0_physical_v3_334d,2025-02-16,6,10497.452944662196,0.1115012999944156,0,26,0,0,144,1,0,1200.0,0.0
BLOCK_K06_linear_bias0_physical_v3_334d,2025-02-17,0,53765.29341423408,0.5086319999973057,0,27,0,0,144,1,0,1200.0,0.0
BLOCK_K06_linear_bias0_physical_v3_334d,2025-02-17,6,10156.683970808106,0.2205275999876903,0,60,0,0,144,1,0,1200.0,0.0
BLOCK_K06_linear_bias0_physical_v3_334d,2025-02-18,0,48465.28795977195,0.2448272000037832,0,35,0,0,144,1,0,1200.0,0.0
BLOCK_K06_linear_bias0_physical_v3_334d,2025-02-18,6,14129.15944372606,0.4149318999989191,0,105,0,0,144,1,0,1200.0,0.0
BLOCK_K06_linear_bias0_physical_v3_334d,2025-02-19,0,49875.07124544004,0.2231728000042494,0,35,0,0,144,1,0,1200.0,0.0
BLOCK_K06_linear_bias0_physical_v3_334d,2025-02-19,6,12115.57083554988,0.1259247999987565,0,58,0,0,144,1,0,1200.0,0.0
BLOCK_K06_linear_bias0_physical_v3_334d,2025-02-20,0,51626.16957343607,0.3361293999914778,0,30,0,0,144,1,0,1200.0,0.0
BLOCK_K06_linear_bias0_physical_v3_334d,2025-02-20,6,12444.504011797151,0.105720100007602,0,57,0,0,144,1,0,1200.0,0.0
BLOCK_K06_linear_bias0_physical_v3_334d,2025-02-21,0,24496.112588842563,0.240280600002734,0,36,0,0,144,1,0,1200.0,0.0
BLOCK_K06_linear_bias0_physical_v3_334d,2025-02-21,6,9412.2311522408,0.061232200008817,0,71,0,0,144,1,0,1200.0,0.0
BLOCK_K06_linear_bias0_physical_v3_334d,2025-02-22,0,28822.82433894751,0.3903430999926058,0,31,0,0,144,1,0,1200.0,0.0
BLOCK_K06_linear_bias0_physical_v3_334d,2025-02-22,6,12687.96961322435,0.0766924000054132,0,36,0,0,144,1,0,1200.0,0.0
BLOCK_K06_linear_bias0_physical_v3_334d,2025-02-23,0,54651.67101145791,0.1712337000062689,0,30,0,0,144,1,0,1200.0,0.0
BLOCK_K06_linear_bias0_physical_v3_334d,2025-02-23,6,14530.83853543189,0.2818520999862812,0,43,0,0,144,1,0,1200.0,0.0
BLOCK_K06_linear_bias0_physical_v3_334d,2025-02-24,0,49768.22377479199,0.4487471000029472,0,37,0,0,144,1,0,1200.0,0.0
BLOCK_K06_linear_bias0_physical_v3_334d,2025-02-24,6,12580.339009335788,0.1216136000002734,0,77,0,0,144,1,0,1200.0,0.0
BLOCK_K06_linear_bias0_physical_v3_334d,2025-02-25,0,51105.2309469185,0.1788860999949975,0,29,0,0,144,1,0,1200.0,0.0
BLOCK_K06_linear_bias0_physical_v3_334d,2025-02-25,6,11101.747887159994,0.1816423999989638,0,56,0,0,144,1,0,1200.0,0.0
BLOCK_K06_linear_bias0_physical_v3_334d,2025-02-26,0,46318.28761466552,0.2255819000129122,0,39,0,0,144,1,0,1200.0,0.0
BLOCK_K06_linear_bias0_physical_v3_334d,2025-02-26,6,13060.059626335167,0.2859805000043707,0,81,0,0,144,1,0,1200.0,0.0
BLOCK_K06_linear_bias0_physical_v3_334d,2025-02-27,0,47827.23846763973,0.1806307000078959,0,36,0,0,144,1,0,1200.0,0.0
BLOCK_K06_linear_bias0_physical_v3_334d,2025-02-27,6,9512.145789976716,0.1854716000088956,0,52,0,0,144,1,0,1200.0,0.0
BLOCK_K06_linear_bias0_physical_v3_334d,2025-02-28,0,22739.88506882453,0.3891352000064216,0,18,0,0,144,1,0,1200.0,0.0
BLOCK_K06_linear_bias0_physical_v3_334d,2025-02-28,6,8909.844995133006,0.0827761999971699,0,30,0,0,144,1,0,1200.0,0.0
BLOCK_K06_linear_bias0_physical_v3_334d,2025-03-01,0,25816.32407637733,0.3805719000083627,0,33,0,0,144,1,0,1200.0,0.0
BLOCK_K06_linear_bias0_physical_v3_334d,2025-03-01,6,10168.783775648191,0.0676495999941835,0,23,0,0,144,1,0,1200.0,0.0
BLOCK_K06_linear_bias0_physical_v3_334d,2025-03-02,0,51182.40679083472,0.5594698000058997,0,31,0,0,144,1,0,1200.0,0.0
BLOCK_K06_linear_bias0_physical_v3_334d,2025-03-02,6,12954.441272843444,0.1421263999945949,0,64,0,0,144,1,0,1200.0,0.0
BLOCK_K06_linear_bias0_physical_v3_334d,2025-03-03,0,55135.42640880074,0.7625858000101289,0,30,0,0,144,1,0,1200.0,0.0
BLOCK_K06_linear_bias0_physical_v3_334d,2025-03-03,6,10794.504897190222,0.0918845999985933,0,46,0,0,144,1,0,1200.0,0.0
BLOCK_K06_linear_bias0_physical_v3_334d,2025-03-04,0,49151.24488379985,0.2365066999918781,0,38,0,0,144,1,0,1200.0,0.0
BLOCK_K06_linear_bias0_physical_v3_334d,2025-03-04,6,11707.829614019174,0.2781472000060603,0,42,0,0,144,1,0,1200.0,0.0
BLOCK_K06_linear_bias0_physical_v3_334d,2025-03-05,0,51199.856713141126,0.1818299000005936,0,33,0,0,144,1,0,1200.0,0.0
BLOCK_K06_linear_bias0_physical_v3_334d,2025-03-05,6,9699.630856041837,0.4051325999898836,0,28,0,0,144,1,0,1200.0,0.0
BLOCK_K06_linear_bias0_physical_v3_334d,2025-03-06,0,47567.43046401972,0.4427722000109497,0,36,0,0,144,1,0,1200.0,0.0
BLOCK_K06_linear_bias0_physical_v3_334d,2025-03-06,6,8485.702706712449,0.0783576000103494,0,32,0,0,144,1,0,1200.0,0.0
BLOCK_K06_linear_bias0_physical_v3_334d,2025-03-07,0,25500.404141800464,0.2061121000006096,0,30,0,0,144,1,0,1200.0,0.0
BLOCK_K06_linear_bias0_physical_v3_334d,2025-03-07,6,7582.617971464391,0.0525557000073604,0,20,0,0,144,1,0,1200.0,0.0
BLOCK_K06_linear_bias0_physical_v3_334d,2025-03-08,0,19994.168639527423,0.151174999991781,0,6,0,0,144,1,0,1200.0,0.0
BLOCK_K06_linear_bias0_physical_v3_334d,2025-03-08,6,10191.698290825228,0.0717357999965315,0,25,0,0,144,1,0,1200.0,0.0
BLOCK_K06_linear_bias0_physical_v3_334d,2025-03-09,0,45884.11321458093,0.1627157000039005,0,29,0,0,144,1,0,1200.0,0.0
BLOCK_K06_linear_bias0_physical_v3_334d,2025-03-09,6,9000.738352285809,0.0767936999909579,0,23,0,0,144,1,0,1200.0,0.0
BLOCK_K06_linear_bias0_physical_v3_334d,2025-03-10,0,46789.05192735571,0.1891232999914791,0,33,0,0,144,1,0,1200.0,0.0
BLOCK_K06_linear_bias0_physical_v3_334d,2025-03-10,6,10569.527902923244,0.5244029000023147,0,30,0,0,144,1,0,1200.0,0.0
BLOCK_K06_linear_bias0_physical_v3_334d,2025-03-11,0,42253.35592315306,0.1534396999923046,0,38,0,0,144,1,0,1200.0,0.0
BLOCK_K06_linear_bias0_physical_v3_334d,2025-03-11,6,17507.939003172305,0.3712505000003148,0,128,0,0,144,1,0,1200.0,0.0
BLOCK_K06_linear_bias0_physical_v3_334d,2025-03-12,0,49578.601168450834,0.2337062000005971,0,30,0,0,144,1,0,1200.0,0.0
BLOCK_K06_linear_bias0_physical_v3_334d,2025-03-12,6,7798.220278539296,0.2570414999936474,0,21,0,0,144,1,0,1200.0,0.0
BLOCK_K06_linear_bias0_physical_v3_334d,2025-03-13,0,49079.47358398744,0.70896139999968,0,37,0,0,144,1,0,1200.0,0.0
BLOCK_K06_linear_bias0_physical_v3_334d,2025-03-13,6,8613.629222949116,0.0795684000040637,0,46,0,0,144,1,0,1200.0,0.0
BLOCK_K06_linear_bias0_physical_v3_334d,2025-03-14,0,20879.074918893653,0.1730652999976882,0,8,0,0,144,1,0,1200.0,0.0
BLOCK_K06_linear_bias0_physical_v3_334d,2025-03-14,6,9170.44571217604,0.0940444000007119,0,32,0,0,144,1,0,1200.0,0.0
BLOCK_K06_linear_bias0_physical_v3_334d,2025-03-15,0,19695.18358086859,0.7128547000029357,0,23,0,0,144,1,0,1200.0,0.0
BLOCK_K06_linear_bias0_physical_v3_334d,2025-03-15,6,14616.08995342198,0.0884589000052074,0,92,0,0,144,1,0,1200.0,0.0
BLOCK_K06_linear_bias0_physical_v3_334d,2025-03-16,0,43557.167321872585,0.9773493999964558,0,39,0,0,144,1,0,1200.0,0.0
BLOCK_K06_linear_bias0_physical_v3_334d,2025-03-16,6,14559.441894619928,0.3118598000000929,0,91,0,0,144,1,0,1200.0,0.0
BLOCK_K06_linear_bias0_physical_v3_334d,2025-03-17,0,44164.73455264276,0.4347846000018762,0,33,0,0,144,1,0,1200.0,0.0
BLOCK_K06_linear_bias0_physical_v3_334d,2025-03-17,6,8506.748816730766,0.4658874000015203,0,22,0,0,144,1,0,1200.0,0.0
BLOCK_K06_linear_bias0_physical_v3_334d,2025-03-18,0,50673.75290075907,0.4641090999939479,0,29,0,0,144,1,0,1200.0,0.0
BLOCK_K06_linear_bias0_physical_v3_334d,2025-03-18,6,9605.932364905064,0.2173497999901883,0,58,0,0,144,1,0,1200.0,0.0
BLOCK_K06_linear_bias0_physical_v3_334d,2025-03-19,0,41983.055141558216,0.3948321000061696,0,36,0,0,144,1,0,1200.0,0.0
BLOCK_K06_linear_bias0_physical_v3_334d,2025-03-19,6,16171.15300593836,0.2293563999992329,0,83,0,0,144,1,0,1200.0,0.0
BLOCK_K06_linear_bias0_physical_v3_334d,2025-03-20,0,47876.77904563947,0.3805223999952432,0,35,0,0,144,1,0,1200.0,0.0
BLOCK_K06_linear_bias0_physical_v3_334d,2025-03-20,6,6584.82948351071,0.0868302000017138,0,20,0,0,144,1,0,1200.0,0.0
BLOCK_K06_linear_bias0_physical_v3_334d,2025-03-21,0,20736.04573321513,0.2484306000114884,0,18,0,0,144,1,0,1200.0,0.0
BLOCK_K06_linear_bias0_physical_v3_334d,2025-03-21,6,7729.721726673468,0.0845543000032194,0,21,0,0,144,1,0,1200.0,0.0
BLOCK_K06_linear_bias0_physical_v3_334d,2025-03-22,0,20113.600311756774,0.2498963999969419,0,6,0,0,144,1,0,1200.0,0.0
BLOCK_K06_linear_bias0_physical_v3_334d,2025-03-22,6,10273.886205204844,0.1700410999910673,0,26,0,0,144,1,0,1200.0,0.0
BLOCK_K06_linear_bias0_physical_v3_334d,2025-03-23,0,43710.653904804734,0.1745141000137664,0,39,0,0,144,1,0,1200.0,0.0
BLOCK_K06_linear_bias0_physical_v3_334d,2025-03-23,6,10299.869021305072,0.2534922999911941,0,39,0,0,144,1,0,1200.0,0.0
BLOCK_K06_linear_bias0_physical_v3_334d,2025-03-24,0,45906.05327353095,0.1263189000019338,0,32,0,0,144,1,0,1200.0,0.0
BLOCK_K06_linear_bias0_physical_v3_334d,2025-03-24,6,10591.79111094097,0.282434299995657,0,38,0,0,144,1,0,1200.0,0.0
BLOCK_K06_linear_bias0_physical_v3_334d,2025-03-25,0,50280.62983594871,0.8266860000003362,0,29,0,0,144,1,0,1200.0,0.0
BLOCK_K06_linear_bias0_physical_v3_334d,2025-03-25,6,7595.695449218063,0.5388573000091128,0,23,0,0,144,1,0,1200.0,0.0
BLOCK_K06_linear_bias0_physical_v3_334d,2025-03-26,0,42700.143953320905,0.2629860000015469,0,36,0,0,144,1,0,1200.0,0.0
BLOCK_K06_linear_bias0_physical_v3_334d,2025-03-26,6,11316.973494997585,0.1854176999913761,0,34,0,0,144,1,0,1200.0,0.0
BLOCK_K06_linear_bias0_physical_v3_334d,2025-03-27,0,45492.66761860054,0.4227293000003556,0,30,0,0,144,1,0,1200.0,0.0
BLOCK_K06_linear_bias0_physical_v3_334d,2025-03-27,6,9300.761830851434,0.0740406999975675,0,36,0,0,144,1,0,1200.0,0.0
BLOCK_K06_linear_bias0_physical_v3_334d,2025-03-28,0,20136.709222109308,0.6279552000050899,0,9,0,0,144,1,0,1200.0,0.0
BLOCK_K06_linear_bias0_physical_v3_334d,2025-03-28,6,8193.677306438964,0.0561923000059323,0,35,0,0,144,1,0,1200.0,0.0
BLOCK_K06_linear_bias0_physical_v3_334d,2025-03-29,0,17992.05205931127,0.3277349999989383,0,5,0,0,144,1,0,1200.0,0.0
BLOCK_K06_linear_bias0_physical_v3_334d,2025-03-29,6,11226.131964257444,0.0773883999936515,0,21,0,0,144,1,0,1200.0,0.0
BLOCK_K06_linear_bias0_physical_v3_334d,2025-03-30,0,41027.84284995636,0.0917149000015342,0,37,0,0,144,1,0,1200.0,0.0
BLOCK_K06_linear_bias0_physical_v3_334d,2025-03-30,6,9534.24376235783,0.2030231000098865,0,30,0,0,144,1,0,1200.0,0.0
BLOCK_K06_linear_bias0_physical_v3_334d,2025-03-31,0,38634.29237450308,0.8202206999994814,0,34,0,0,144,1,0,1200.0,0.0
BLOCK_K06_linear_bias0_physical_v3_334d,2025-03-31,6,22890.77948840691,0.0642776999884517,0,149,0,0,144,1,0,1200.0,0.0
BLOCK_K06_linear_bias0_physical_v3_334d,2025-04-01,0,46516.61709317108,0.5087055000039982,0,29,0,0,144,1,0,1200.0,0.0
BLOCK_K06_linear_bias0_physical_v3_334d,2025-04-01,6,10513.260642807005,0.0966773999971337,0,51,0,0,144,1,0,1200.0,0.0
BLOCK_K06_linear_bias0_physical_v3_334d,2025-04-02,0,44548.54093587471,0.0764283000025898,0,38,0,0,144,1,0,1200.0,0.0
BLOCK_K06_linear_bias0_physical_v3_334d,2025-04-02,6,12138.300806160196,0.2724033999984385,0,42,0,0,144,1,0,1200.0,0.0
BLOCK_K06_linear_bias0_physical_v3_334d,2025-04-03,0,45769.25541657357,0.1235435000126017,0,36,0,0,144,1,0,1200.0,0.0
BLOCK_K06_linear_bias0_physical_v3_334d,2025-04-03,6,6898.937665711083,0.0869090000051073,0,23,0,0,144,1,0,1200.0,0.0
BLOCK_K06_linear_bias0_physical_v3_334d,2025-04-04,0,18457.580882312646,0.0556584000005386,0,6,0,0,144,1,0,1200.0,0.0
BLOCK_K06_linear_bias0_physical_v3_334d,2025-04-04,6,7733.025028493622,0.0787570000102277,0,20,0,0,144,1,0,1200.0,0.0
BLOCK_K06_linear_bias0_physical_v3_334d,2025-04-05,0,17354.73039013315,0.2063044999958947,0,4,0,0,144,1,0,1200.0,0.0
BLOCK_K06_linear_bias0_physical_v3_334d,2025-04-05,6,10644.773227911812,0.2791001000005053,0,29,0,0,144,1,0,1200.0,0.0
BLOCK_K06_linear_bias0_physical_v3_334d,2025-04-06,0,40430.83093327801,0.1239850999991176,0,39,0,0,144,1,0,1200.0,0.0
BLOCK_K06_linear_bias0_physical_v3_334d,2025-04-06,6,10474.53060253056,0.2678151999862166,0,29,0,0,144,1,0,1200.0,0.0
BLOCK_K06_linear_bias0_physical_v3_334d,2025-04-07,0,37012.67053681067,0.1431372000079136,0,36,0,0,144,1,0,1200.0,0.0
BLOCK_K06_linear_bias0_physical_v3_334d,2025-04-07,6,14663.27244439847,0.5085301000071922,0,46,0,0,144,1,0,1200.0,0.0
BLOCK_K06_linear_bias0_physical_v3_334d,2025-04-08,0,43860.004296542575,0.1466328999958932,0,38,0,0,144,1,0,1200.0,0.0
BLOCK_K06_linear_bias0_physical_v3_334d,2025-04-08,6,9515.400326947129,0.3006889999960549,0,26,0,0,144,1,0,1200.0,0.0
BLOCK_K06_linear_bias0_physical_v3_334d,2025-04-09,0,42671.505135916566,0.2527172000118298,0,40,0,0,144,1,0,1200.0,0.0
BLOCK_K06_linear_bias0_physical_v3_334d,2025-04-09,6,10284.69215947361,0.4288416000053985,0,30,0,0,144,1,0,1200.0,0.0
BLOCK_K06_linear_bias0_physical_v3_334d,2025-04-10,0,41744.89424726999,0.4052739999897312,0,37,0,0,144,1,0,1200.0,0.0
BLOCK_K06_linear_bias0_physical_v3_334d,2025-04-10,6,7734.749464858244,0.1028969000035431,0,25,0,0,144,1,0,1200.0,0.0
BLOCK_K06_linear_bias0_physical_v3_334d,2025-04-11,0,16988.370179601512,0.4645899000024656,0,5,0,0,144,1,0,1200.0,0.0
BLOCK_K06_linear_bias0_physical_v3_334d,2025-04-11,6,8513.362538335374,0.3649158000043826,0,30,0,0,144,1,0,1200.0,0.0
BLOCK_K06_linear_bias0_physical_v3_334d,2025-04-12,0,18271.88105200743,0.4236822000093525,0,7,0,0,144,1,0,1200.0,0.0
BLOCK_K06_linear_bias0_physical_v3_334d,2025-04-12,6,10107.19288596676,0.3155815999925835,0,21,0,0,144,1,0,1200.0,0.0
BLOCK_K06_linear_bias0_physical_v3_334d,2025-04-13,0,37377.02880988607,0.850546999994549,0,36,0,0,144,1,0,1200.0,0.0
BLOCK_K06_linear_bias0_physical_v3_334d,2025-04-13,6,10736.815692981969,0.066655400005402,0,33,0,0,144,1,0,1200.0,0.0
BLOCK_K06_linear_bias0_physical_v3_334d,2025-04-14,0,41890.61476755201,0.1658609999867621,0,37,0,0,144,1,0,1200.0,0.0
BLOCK_K06_linear_bias0_physical_v3_334d,2025-04-14,6,8283.000956704065,0.0749455999903148,0,20,0,0,144,1,0,1200.0,0.0
BLOCK_K06_linear_bias0_physical_v3_334d,2025-04-15,0,36104.761377294766,0.1458569999958854,0,32,0,0,144,1,0,1200.0,0.0
BLOCK_K06_linear_bias0_physical_v3_334d,2025-04-15,6,14695.152900662066,0.7334964999899967,0,63,0,0,144,1,0,1200.0,0.0
BLOCK_K06_linear_bias0_physical_v3_334d,2025-04-16,0,39826.63474440308,0.2680030999908922,0,39,0,0,144,1,0,1200.0,0.0
BLOCK_K06_linear_bias0_physical_v3_334d,2025-04-16,6,12765.35528898257,0.3483301000087522,0,63,0,0,144,1,0,1200.0,0.0
BLOCK_K06_linear_bias0_physical_v3_334d,2025-04-17,0,37149.28910724555,0.2553818000014871,0,32,0,0,144,1,0,1200.0,0.0
BLOCK_K06_linear_bias0_physical_v3_334d,2025-04-17,6,10830.910287085166,0.108095499992487,0,89,0,0,144,1,0,1200.0,0.0
BLOCK_K06_linear_bias0_physical_v3_334d,2025-04-18,0,17307.53864876421,0.4381539000023622,0,5,0,0,144,1,0,1200.0,0.0
BLOCK_K06_linear_bias0_physical_v3_334d,2025-04-18,6,7481.761805029328,0.0491564000112703,0,20,0,0,144,1,0,1200.0,0.0
BLOCK_K06_linear_bias0_physical_v3_334d,2025-04-19,0,15744.558806112018,0.1228681000065989,0,3,0,0,144,1,0,1200.0,0.0
BLOCK_K06_linear_bias0_physical_v3_334d,2025-04-19,6,10144.719718533015,0.2717898999981116,0,24,0,0,144,1,0,1200.0,0.0
BLOCK_K06_linear_bias0_physical_v3_334d,2025-04-20,0,35461.85315669251,0.1794782000069972,0,31,0,0,144,1,0,1200.0,0.0
BLOCK_K06_linear_bias0_physical_v3_334d,2025-04-20,6,11731.32859503132,0.0668541000050026,0,74,0,0,144,1,0,1200.0,0.0
BLOCK_K06_linear_bias0_physical_v3_334d,2025-04-21,0,39999.35320374168,0.3858319999999366,0,36,0,0,144,1,0,1200.0,0.0
BLOCK_K06_linear_bias0_physical_v3_334d,2025-04-21,6,8846.287573960428,0.1133828000020003,0,21,0,0,144,1,0,1200.0,0.0
BLOCK_K06_linear_bias0_physical_v3_334d,2025-04-22,0,35190.59566486301,0.3033178000041516,0,33,0,0,144,1,0,1200.0,0.0
BLOCK_K06_linear_bias0_physical_v3_334d,2025-04-22,6,14984.509728854066,0.371424199998728,0,84,0,0,144,1,0,1200.0,0.0
BLOCK_K06_linear_bias0_physical_v3_334d,2025-04-23,0,34941.0881772679,0.4823069000121904,0,32,0,0,144,1,0,1200.0,0.0
BLOCK_K06_linear_bias0_physical_v3_334d,2025-04-23,6,12843.146168591284,0.4012433000025339,0,79,0,0,144,1,0,1200.0,0.0
BLOCK_K06_linear_bias0_physical_v3_334d,2025-04-24,0,36206.65080406856,0.4324692999944091,0,32,0,0,144,1,0,1200.0,0.0
BLOCK_K06_linear_bias0_physical_v3_334d,2025-04-24,6,7461.637519599084,0.1444585999997798,0,31,0,0,144,1,0,1200.0,0.0
BLOCK_K06_linear_bias0_physical_v3_334d,2025-04-25,0,16917.595592569407,0.1035565999918617,0,4,0,0,144,1,0,1200.0,0.0
BLOCK_K06_linear_bias0_physical_v3_334d,2025-04-25,6,7632.598976796808,0.1825496000092243,0,20,0,0,144,1,0,1200.0,0.0
BLOCK_K06_linear_bias0_physical_v3_334d,2025-04-26,0,15710.689676794666,0.0768372000020463,0,2,0,0,144,1,0,1200.0,0.0
BLOCK_K06_linear_bias0_physical_v3_334d,2025-04-26,6,10269.428722200151,0.075334399996791,0,25,0,0,144,1,0,1200.0,0.0
BLOCK_K06_linear_bias0_physical_v3_334d,2025-04-27,0,32457.476045018702,0.4787593000073684,0,21,0,0,144,1,0,1200.0,0.0
BLOCK_K06_linear_bias0_physical_v3_334d,2025-04-27,6,14675.742377359711,0.0747549999941838,0,82,0,0,144,1,0,1200.0,0.0
BLOCK_K06_linear_bias0_physical_v3_334d,2025-04-28,0,42526.56938988836,1.22930350000388,0,32,0,0,144,1,0,1200.0,0.0
BLOCK_K06_linear_bias0_physical_v3_334d,2025-04-28,6,10939.419022670336,0.1675974999961909,0,43,0,0,144,1,0,1200.0,0.0
BLOCK_K06_linear_bias0_physical_v3_334d,2025-04-29,0,36469.62601158298,1.344096199987689,0,34,0,0,144,1,0,1200.0,0.0
BLOCK_K06_linear_bias0_physical_v3_334d,2025-04-29,6,10290.797427164696,0.073523799990653,0,28,0,0,144,1,0,1200.0,0.0
BLOCK_K06_linear_bias0_physical_v3_334d,2025-04-30,0,34995.16789149349,0.8522245999920415,0,32,0,0,144,1,0,1200.0,0.0
BLOCK_K06_linear_bias0_physical_v3_334d,2025-04-30,6,9755.679607006685,0.1135957999940728,0,19,0,0,144,1,0,1200.0,0.0
BLOCK_K06_linear_bias0_physical_v3_334d,2025-05-01,0,37095.09460318477,0.5956708000012441,0,33,0,0,144,1,0,1200.0,0.0
BLOCK_K06_linear_bias0_physical_v3_334d,2025-05-01,6,7642.780579755892,0.1064267000037944,0,31,0,0,144,1,0,1200.0,0.0
BLOCK_K06_linear_bias0_physical_v3_334d,2025-05-02,0,20338.26480042604,0.0966801999893505,0,15,0,0,144,1,0,1200.0,0.0
BLOCK_K06_linear_bias0_physical_v3_334d,2025-05-02,6,8244.806764489593,0.0816722000017762,0,22,0,0,144,1,0,1200.0,0.0
BLOCK_K06_linear_bias0_physical_v3_334d,2025-05-03,0,17440.874475747387,0.2482807000051252,0,5,0,0,144,1,0,1200.0,0.0
BLOCK_K06_linear_bias0_physical_v3_334d,2025-05-03,6,10062.31338771895,0.0869359999924199,0,21,0,0,144,1,0,1200.0,0.0
BLOCK_K06_linear_bias0_physical_v3_334d,2025-05-04,0,37823.90017738251,0.2148386000044411,0,33,0,0,144,1,0,1200.0,0.0
BLOCK_K06_linear_bias0_physical_v3_334d,2025-05-04,6,10249.258888879596,0.0703997999953571,0,33,0,0,144,1,0,1200.0,0.0
BLOCK_K06_linear_bias0_physical_v3_334d,2025-05-05,0,42819.69796084915,0.1938526000012643,0,40,0,0,144,1,0,1200.0,0.0
BLOCK_K06_linear_bias0_physical_v3_334d,2025-05-05,6,9442.687903382292,0.0954764999914914,0,28,0,0,144,1,0,1200.0,0.0
BLOCK_K06_linear_bias0_physical_v3_334d,2025-05-06,0,37251.48526438422,0.8164855999930296,0,33,0,0,144,1,0,1200.0,0.0
BLOCK_K06_linear_bias0_physical_v3_334d,2025-05-06,6,12251.64269219555,0.1431932999985292,0,77,0,0,144,1,0,1200.0,0.0
BLOCK_K06_linear_bias0_physical_v3_334d,2025-05-07,0,40121.76435549552,0.5813023999944562,0,34,0,0,144,1,0,1200.0,0.0
BLOCK_K06_linear_bias0_physical_v3_334d,2025-05-07,6,12511.413462580347,0.0604580000072019,0,62,0,0,144,1,0,1200.0,0.0
BLOCK_K06_linear_bias0_physical_v3_334d,2025-05-08,0,44026.24359889112,0.2129705000115791,0,39,0,0,144,1,0,1200.0,0.0
BLOCK_K06_linear_bias0_physical_v3_334d,2025-05-08,6,8063.023287833348,0.1012622999987797,0,21,0,0,144,1,0,1200.0,0.0
BLOCK_K06_linear_bias0_physical_v3_334d,2025-05-09,0,22097.9856788045,0.1009369000094011,0,21,0,0,144,1,0,1200.0,0.0
BLOCK_K06_linear_bias0_physical_v3_334d,2025-05-09,6,8744.510123368655,0.3325611999898683,0,3,0,0,144,1,0,1200.0,0.0
BLOCK_K06_linear_bias0_physical_v3_334d,2025-05-10,0,18975.13421993362,0.5950310000043828,0,3,0,0,144,1,0,1200.0,0.0
BLOCK_K06_linear_bias0_physical_v3_334d,2025-05-10,6,12525.53908559082,0.0789527000015368,0,26,0,0,144,1,0,1200.0,0.0
BLOCK_K06_linear_bias0_physical_v3_334d,2025-05-11,0,39146.60640620323,0.121821099994122,0,32,0,0,144,1,0,1200.0,0.0
BLOCK_K06_linear_bias0_physical_v3_334d,2025-05-11,6,13467.273345088604,0.143170099996496,0,68,0,0,144,1,0,1200.0,0.0
BLOCK_K06_linear_bias0_physical_v3_334d,2025-05-12,0,38684.32974891095,1.0775365000008603,0,34,0,0,144,1,0,1200.0,0.0
BLOCK_K06_linear_bias0_physical_v3_334d,2025-05-12,6,17055.43168239062,0.0915125999890733,0,77,0,0,144,1,0,1200.0,0.0
BLOCK_K06_linear_bias0_physical_v3_334d,2025-05-13,0,44456.91056859084,0.5062983999960124,0,37,0,0,144,1,0,1200.0,0.0
BLOCK_K06_linear_bias0_physical_v3_334d,2025-05-13,6,9848.03157209669,0.0773597999941557,0,30,0,0,144,1,0,1200.0,0.0
BLOCK_K06_linear_bias0_physical_v3_334d,2025-05-14,0,43627.17993023645,0.7721921999909682,0,37,0,0,144,1,0,1200.0,0.0
BLOCK_K06_linear_bias0_physical_v3_334d,2025-05-14,6,10971.048306869336,0.2052272999862907,0,41,0,0,144,1,0,1200.0,0.0
BLOCK_K06_linear_bias0_physical_v3_334d,2025-05-15,0,42760.01903688543,0.1920486000017263,0,32,0,0,144,1,0,1200.0,0.0
BLOCK_K06_linear_bias0_physical_v3_334d,2025-05-15,6,10635.528739133872,0.2510087999980896,0,58,0,0,144,1,0,1200.0,0.0
BLOCK_K06_linear_bias0_physical_v3_334d,2025-05-16,0,20193.98568049024,0.5157124000106705,0,2,0,0,144,1,0,1200.0,0.0
BLOCK_K06_linear_bias0_physical_v3_334d,2025-05-16,6,7787.281641490463,0.2351430999988224,0,10,0,0,144,1,0,1200.0,0.0
BLOCK_K06_linear_bias0_physical_v3_334d,2025-05-17,0,19058.64713247072,0.0429469000082463,0,1,0,0,144,1,0,1200.0,0.0
BLOCK_K06_linear_bias0_physical_v3_334d,2025-05-17,6,10185.763673915564,0.0647427999938372,0,21,0,0,144,1,0,1200.0,0.0
BLOCK_K06_linear_bias0_physical_v3_334d,2025-05-18,0,41402.04135040099,0.4360166999977082,0,36,0,0,144,1,0,1200.0,0.0
BLOCK_K06_linear_bias0_physical_v3_334d,2025-05-18,6,10690.355359600782,0.0540228999889222,0,25,0,0,144,1,0,1200.0,0.0
BLOCK_K06_linear_bias0_physical_v3_334d,2025-05-19,0,39746.53639308972,0.1700118000007933,0,35,0,0,144,1,0,1200.0,0.0
BLOCK_K06_linear_bias0_physical_v3_334d,2025-05-19,6,10190.774224414365,0.5610683999984758,0,30,0,0,144,1,0,1200.0,0.0
BLOCK_K06_linear_bias0_physical_v3_334d,2025-05-20,0,39565.6553816914,0.3342226999957347,0,34,0,0,144,1,0,1200.0,0.0
BLOCK_K06_linear_bias0_physical_v3_334d,2025-05-20,6,12691.532294446431,0.0747039999987464,0,63,0,0,144,1,0,1200.0,0.0
BLOCK_K06_linear_bias0_physical_v3_334d,2025-05-21,0,37295.04674153577,0.6083749999961583,0,31,0,0,144,1,0,1200.0,0.0
BLOCK_K06_linear_bias0_physical_v3_334d,2025-05-21,6,13908.0854817064,0.3137535999994725,0,87,0,0,144,1,0,1200.0,0.0
BLOCK_K06_linear_bias0_physical_v3_334d,2025-05-22,0,38514.40858009175,0.8919396999990568,0,33,0,0,144,1,0,1200.0,0.0
BLOCK_K06_linear_bias0_physical_v3_334d,2025-05-22,6,7694.679438401135,0.2995823999954154,0,22,0,0,144,1,0,1200.0,0.0
BLOCK_K06_linear_bias0_physical_v3_334d,2025-05-23,0,18465.387949222822,0.4874126999930013,0,3,0,0,144,1,0,1200.0,0.0
BLOCK_K06_linear_bias0_physical_v3_334d,2025-05-23,6,7629.629629748614,0.2709483000071486,0,9,0,0,144,1,0,1200.0,0.0
BLOCK_K06_linear_bias0_physical_v3_334d,2025-05-24,0,19121.179637581583,0.0447799999965354,0,1,0,0,144,1,0,1200.0,0.0
BLOCK_K06_linear_bias0_physical_v3_334d,2025-05-24,6,10337.617088316323,0.0454653000051621,0,20,0,0,144,1,0,1200.0,0.0
BLOCK_K06_linear_bias0_physical_v3_334d,2025-05-25,0,36860.15052208751,0.0869168000062927,0,32,0,0,144,1,0,1200.0,0.0
BLOCK_K06_linear_bias0_physical_v3_334d,2025-05-25,6,11417.646566575771,0.0668322999990778,0,39,0,0,144,1,0,1200.0,0.0
BLOCK_K06_linear_bias0_physical_v3_334d,2025-05-26,0,38341.61226548013,0.8005635000008624,0,34,0,0,144,1,0,1200.0,0.0
BLOCK_K06_linear_bias0_physical_v3_334d,2025-05-26,6,10672.035456108835,0.0688280000031227,0,49,0,0,144,1,0,1200.0,0.0
BLOCK_K06_linear_bias0_physical_v3_334d,2025-05-27,0,36436.382600561126,0.4176063000049907,0,34,0,0,144,1,0,1200.0,0.0
BLOCK_K06_linear_bias0_physical_v3_334d,2025-05-27,6,13567.608396892909,0.0601389999937964,0,82,0,0,144,1,0,1200.0,0.0
BLOCK_K06_linear_bias0_physical_v3_334d,2025-05-28,0,40578.90890275137,0.3380762000015238,0,36,0,0,144,1,0,1200.0,0.0
BLOCK_K06_linear_bias0_physical_v3_334d,2025-05-28,6,9587.306377553572,0.0570741999981692,0,30,0,0,144,1,0,1200.0,0.0
BLOCK_K06_linear_bias0_physical_v3_334d,2025-05-29,0,40251.08366391633,0.2833985999895958,0,35,0,0,144,1,0,1200.0,0.0
BLOCK_K06_linear_bias0_physical_v3_334d,2025-05-29,6,9150.456638016263,0.11411880000378,0,48,0,0,144,1,0,1200.0,0.0
BLOCK_K06_linear_bias0_physical_v3_334d,2025-05-30,0,19697.057121703147,0.0646963000035611,0,3,0,0,144,1,0,1200.0,0.0
BLOCK_K06_linear_bias0_physical_v3_334d,2025-05-30,6,7990.803715944608,0.0440587999910349,0,8,0,0,144,1,0,1200.0,0.0
BLOCK_K06_linear_bias0_physical_v3_334d,2025-05-31,0,20759.375855495902,0.0447088000073563,0,2,0,0,144,1,0,1200.0,0.0
BLOCK_K06_linear_bias0_physical_v3_334d,2025-05-31,6,10024.572783073554,0.0565216000104555,0,20,0,0,144,1,0,1200.0,0.0
BLOCK_K06_linear_bias0_physical_v3_334d,2025-06-01,0,46808.87652468442,0.1325020999938715,0,25,0,0,144,1,0,1200.0,0.0
BLOCK_K06_linear_bias0_physical_v3_334d,2025-06-01,6,12068.051579321504,0.2686741999932565,0,29,0,0,144,1,0,1200.0,0.0
BLOCK_K06_linear_bias0_physical_v3_334d,2025-06-02,0,54229.13103552332,0.3422394999943208,0,31,0,0,144,1,0,1200.0,0.0
BLOCK_K06_linear_bias0_physical_v3_334d,2025-06-02,6,7339.073957693605,0.0685506000008899,0,23,0,0,144,1,0,1200.0,0.0
BLOCK_K06_linear_bias0_physical_v3_334d,2025-06-03,0,51487.24616833253,0.2124981000088155,0,30,0,0,144,1,0,1200.0,0.0
BLOCK_K06_linear_bias0_physical_v3_334d,2025-06-03,6,12590.92082949571,0.2155445999960648,0,32,0,0,144,1,0,1200.0,0.0
BLOCK_K06_linear_bias0_physical_v3_334d,2025-06-04,0,59182.71499224476,1.0353304000018395,0,31,0,0,144,1,0,1200.0,0.0
BLOCK_K06_linear_bias0_physical_v3_334d,2025-06-04,6,6883.316542286937,0.0539158000028692,0,20,0,0,144,1,0,1200.0,0.0
BLOCK_K06_linear_bias0_physical_v3_334d,2025-06-05,0,51279.14356423124,0.1756124999956227,0,31,0,0,144,1,0,1200.0,0.0
BLOCK_K06_linear_bias0_physical_v3_334d,2025-06-05,6,10930.092546166195,0.1586228999949526,0,26,0,0,144,1,0,1200.0,0.0
BLOCK_K06_linear_bias0_physical_v3_334d,2025-06-06,0,30677.10518450456,0.1578144999948563,0,32,0,0,144,1,0,1200.0,0.0
BLOCK_K06_linear_bias0_physical_v3_334d,2025-06-06,6,8374.281206005428,0.0456518999999389,0,5,0,0,144,1,0,1200.0,0.0
BLOCK_K06_linear_bias0_physical_v3_334d,2025-06-07,0,29350.566571078863,0.3725088999926811,0,33,0,0,144,1,0,1200.0,0.0
BLOCK_K06_linear_bias0_physical_v3_334d,2025-06-07,6,11465.426751427978,0.0456503999885171,0,22,0,0,144,1,0,1200.0,0.0
BLOCK_K06_linear_bias0_physical_v3_334d,2025-06-08,0,48441.06312553046,0.3516563000011956,0,36,0,0,144,1,0,1200.0,0.0
BLOCK_K06_linear_bias0_physical_v3_334d,2025-06-08,6,15800.481645988655,0.0970203999895602,0,77,0,0,144,1,0,1200.0,0.0
BLOCK_K06_linear_bias0_physical_v3_334d,2025-06-09,0,60474.861993524406,0.9686446999985492,0,30,0,0,144,1,0,1200.0,0.0
BLOCK_K06_linear_bias0_physical_v3_334d,2025-06-09,6,9857.841129744877,0.0548750000016298,0,26,0,0,144,1,0,1200.0,0.0
BLOCK_K06_linear_bias0_physical_v3_334d,2025-06-10,0,54198.4713497411,0.382297699994524,0,36,0,0,144,1,0,1200.0,0.0
BLOCK_K06_linear_bias0_physical_v3_334d,2025-06-10,6,13102.654181646198,0.2748232000012649,0,44,0,0,144,1,0,1200.0,0.0
BLOCK_K06_linear_bias0_physical_v3_334d,2025-06-11,0,57486.5354077442,0.9275206000020262,0,33,0,0,144,1,0,1200.0,0.0
BLOCK_K06_linear_bias0_physical_v3_334d,2025-06-11,6,15000.126649831403,0.0650596000050427,0,41,0,0,144,1,0,1200.0,0.0
BLOCK_K06_linear_bias0_physical_v3_334d,2025-06-12,0,56871.22135553703,0.6334330999961821,0,30,0,0,144,1,0,1200.0,0.0
BLOCK_K06_linear_bias0_physical_v3_334d,2025-06-12,6,11287.121743518052,0.1913449999992735,0,61,0,0,144,1,0,1200.0,0.0
BLOCK_K06_linear_bias0_physical_v3_334d,2025-06-13,0,32919.02161604547,0.1424374999915016,0,24,0,0,144,1,0,1200.0,0.0
BLOCK_K06_linear_bias0_physical_v3_334d,2025-06-13,6,9401.29724673982,0.3086042999930214,0,34,0,0,144,1,0,1200.0,0.0
BLOCK_K06_linear_bias0_physical_v3_334d,2025-06-14,0,29699.14509193213,1.0784883000014815,0,24,0,0,144,1,0,1200.0,0.0
BLOCK_K06_linear_bias0_physical_v3_334d,2025-06-14,6,11720.981517442398,0.059328599993023,0,20,0,0,144,1,0,1200.0,0.0
BLOCK_K06_linear_bias0_physical_v3_334d,2025-06-15,0,49085.63666202254,0.1495477999997092,0,37,0,0,144,1,0,1200.0,0.0
BLOCK_K06_linear_bias0_physical_v3_334d,2025-06-15,6,16004.731070710828,0.0884464000118896,0,78,0,0,144,1,0,1200.0,0.0
BLOCK_K06_linear_bias0_physical_v3_334d,2025-06-16,0,54731.40134616859,0.5780034000054002,0,34,0,0,144,1,0,1200.0,0.0
BLOCK_K06_linear_bias0_physical_v3_334d,2025-06-16,6,14803.453923911226,0.1046413000003667,0,75,0,0,144,1,0,1200.0,0.0
BLOCK_K06_linear_bias0_physical_v3_334d,2025-06-17,0,55336.71796912175,0.4350981000025058,0,31,0,0,144,1,0,1200.0,0.0
BLOCK_K06_linear_bias0_physical_v3_334d,2025-06-17,6,16368.5212164801,0.1118521000025793,0,80,0,0,144,1,0,1200.0,0.0
BLOCK_K06_linear_bias0_physical_v3_334d,2025-06-18,0,55409.8288725245,0.4014345000032335,0,30,0,0,144,1,0,1200.0,0.0
BLOCK_K06_linear_bias0_physical_v3_334d,2025-06-18,6,17128.06817209504,0.1752045999892288,0,79,0,0,144,1,0,1200.0,0.0
BLOCK_K06_linear_bias0_physical_v3_334d,2025-06-19,0,51524.11996514494,0.2468273999984376,0,33,0,0,144,1,0,1200.0,0.0
BLOCK_K06_linear_bias0_physical_v3_334d,2025-06-19,6,10401.753668011348,0.226785299993935,0,70,0,0,144,1,0,1200.0,0.0
BLOCK_K06_linear_bias0_physical_v3_334d,2025-06-20,0,28614.129300903867,0.9235373999981676,0,26,0,0,144,1,0,1200.0,0.0
BLOCK_K06_linear_bias0_physical_v3_334d,2025-06-20,6,8591.943922337055,0.2174114999943412,0,17,0,0,144,1,0,1200.0,0.0
BLOCK_K06_linear_bias0_physical_v3_334d,2025-06-21,0,26435.77673330145,0.7484287999977823,0,8,0,0,144,1,0,1200.0,0.0
BLOCK_K06_linear_bias0_physical_v3_334d,2025-06-21,6,11619.750394741892,0.0553837999905226,0,20,0,0,144,1,0,1200.0,0.0
BLOCK_K06_linear_bias0_physical_v3_334d,2025-06-22,0,48397.0598056308,1.0826538000110304,0,27,0,0,144,1,0,1200.0,0.0
BLOCK_K06_linear_bias0_physical_v3_334d,2025-06-22,6,15697.221505810376,0.6802212000038708,0,46,0,0,144,1,0,1200.0,0.0
BLOCK_K06_linear_bias0_physical_v3_334d,2025-06-23,0,50233.32385745859,0.5383535000000848,0,32,0,0,144,1,0,1200.0,0.0
BLOCK_K06_linear_bias0_physical_v3_334d,2025-06-23,6,12046.829846340092,0.1286153000110061,0,50,0,0,144,1,0,1200.0,0.0
BLOCK_K06_linear_bias0_physical_v3_334d,2025-06-24,0,58164.842625391,0.6275660000101198,0,30,0,0,144,1,0,1200.0,0.0
BLOCK_K06_linear_bias0_physical_v3_334d,2025-06-24,6,10167.67021667116,0.1148683999927016,0,28,0,0,144,1,0,1200.0,0.0
BLOCK_K06_linear_bias0_physical_v3_334d,2025-06-25,0,50819.50153258669,0.6734080000023823,0,34,0,0,144,1,0,1200.0,0.0
BLOCK_K06_linear_bias0_physical_v3_334d,2025-06-25,6,13452.366271960564,0.225084899997455,0,46,0,0,144,1,0,1200.0,0.0
BLOCK_K06_linear_bias0_physical_v3_334d,2025-06-26,0,50089.08111736224,0.4662002999975811,0,35,0,0,144,1,0,1200.0,0.0
BLOCK_K06_linear_bias0_physical_v3_334d,2025-06-26,6,9271.229071831214,0.5591391999914777,0,34,0,0,144,1,0,1200.0,0.0
BLOCK_K06_linear_bias0_physical_v3_334d,2025-06-27,0,28210.327110197926,0.2092887999897357,0,23,0,0,144,1,0,1200.0,0.0
BLOCK_K06_linear_bias0_physical_v3_334d,2025-06-27,6,8321.338333147653,0.3743602999893483,0,6,0,0,144,1,0,1200.0,0.0
BLOCK_K06_linear_bias0_physical_v3_334d,2025-06-28,0,27502.43817196166,0.5621157999994466,0,17,0,0,144,1,0,1200.0,0.0
BLOCK_K06_linear_bias0_physical_v3_334d,2025-06-28,6,11779.66131128362,0.1079717999964486,0,29,0,0,144,1,0,1200.0,0.0
BLOCK_K06_linear_bias0_physical_v3_334d,2025-06-29,0,47821.01150296995,0.2978423000022303,0,38,0,0,144,1,0,1200.0,0.0
BLOCK_K06_linear_bias0_physical_v3_334d,2025-06-29,6,15037.617644698814,0.0970080999977653,0,67,0,0,144,1,0,1200.0,0.0
BLOCK_K06_linear_bias0_physical_v3_334d,2025-06-30,0,53088.74756312191,0.405180100002326,0,31,0,0,144,1,0,1200.0,0.0
BLOCK_K06_linear_bias0_physical_v3_334d,2025-06-30,6,10981.715141328896,0.6409696000046097,0,23,0,0,144,1,0,1200.0,0.0
BLOCK_K06_linear_bias0_physical_v3_334d,2025-07-01,0,46050.04037882628,0.2411863000015728,0,32,0,0,144,1,0,1200.0,0.0
BLOCK_K06_linear_bias0_physical_v3_334d,2025-07-01,6,12979.16133263329,0.236283899997943,0,49,0,0,144,1,0,1200.0,0.0
BLOCK_K06_linear_bias0_physical_v3_334d,2025-07-02,0,51442.86841091044,0.1750389999942854,0,42,0,0,144,1,0,1200.0,0.0
BLOCK_K06_linear_bias0_physical_v3_334d,2025-07-02,6,13165.81861938389,0.2218491999956313,0,26,0,0,144,1,0,1200.0,0.0
BLOCK_K06_linear_bias0_physical_v3_334d,2025-07-03,0,59158.5611175573,0.1832356999948388,0,34,0,0,144,1,0,1200.0,0.0
BLOCK_K06_linear_bias0_physical_v3_334d,2025-07-03,6,12856.310365635063,0.2451491999963764,0,51,0,0,144,1,0,1200.0,0.0
BLOCK_K06_linear_bias0_physical_v3_334d,2025-07-04,0,30131.881028208445,0.3781664999987697,0,4,0,0,144,1,0,1200.0,0.0
BLOCK_K06_linear_bias0_physical_v3_334d,2025-07-04,6,13747.913948349586,0.4586457000114023,0,61,0,0,144,1,0,1200.0,0.0
BLOCK_K06_linear_bias0_physical_v3_334d,2025-07-05,0,28445.2193912476,0.871936999988975,0,4,0,0,144,1,0,1200.0,0.0
BLOCK_K06_linear_bias0_physical_v3_334d,2025-07-05,6,12463.31871405133,0.0484170999989146,0,24,0,0,144,1,0,1200.0,0.0
BLOCK_K06_linear_bias0_physical_v3_334d,2025-07-06,0,52453.40479552432,0.9219662999967112,0,32,0,0,144,1,0,1200.0,0.0
BLOCK_K06_linear_bias0_physical_v3_334d,2025-07-06,6,16943.129320924116,0.116948399998364,0,67,0,0,144,1,0,1200.0,0.0
BLOCK_K06_linear_bias0_physical_v3_334d,2025-07-07,0,57492.1993711659,0.265364100006991,0,36,0,0,144,1,0,1200.0,0.0
BLOCK_K06_linear_bias0_physical_v3_334d,2025-07-07,6,13350.974532013151,0.6014107999944827,0,24,0,0,144,1,0,1200.0,0.0
BLOCK_K06_linear_bias0_physical_v3_334d,2025-07-08,0,65808.16775067938,1.050939799999469,0,31,0,0,144,1,0,1200.0,0.0
BLOCK_K06_linear_bias0_physical_v3_334d,2025-07-08,6,14352.625327721857,0.5661582000029739,0,29,0,0,144,1,0,1200.0,0.0
BLOCK_K06_linear_bias0_physical_v3_334d,2025-07-09,0,64503.73438795498,0.949430200009374,0,31,0,0,144,1,0,1200.0,0.0
BLOCK_K06_linear_bias0_physical_v3_334d,2025-07-09,6,14380.835789329289,0.4773273000027984,0,30,0,0,144,1,0,1200.0,0.0
BLOCK_K06_linear_bias0_physical_v3_334d,2025-07-10,0,59640.43595206358,0.6322420999931637,0,39,0,0,144,1,0,1200.0,0.0
BLOCK_K06_linear_bias0_physical_v3_334d,2025-07-10,6,15866.124929673058,0.1983737999980803,0,33,0,0,144,1,0,1200.0,0.0
BLOCK_K06_linear_bias0_physical_v3_334d,2025-07-11,0,42704.96681172364,0.8014187999942806,0,31,0,0,144,1,0,1200.0,0.0
BLOCK_K06_linear_bias0_physical_v3_334d,2025-07-11,6,12321.060672705118,0.1641095999948447,0,27,0,0,144,1,0,1200.0,0.0
BLOCK_K06_linear_bias0_physical_v3_334d,2025-07-12,0,32862.4299121806,0.2125152999942656,0,3,0,0,144,1,0,1200.0,0.0
BLOCK_K06_linear_bias0_physical_v3_334d,2025-07-12,6,14669.276889994006,0.0975431000115349,0,55,0,0,144,1,0,1200.0,0.0
BLOCK_K06_linear_bias0_physical_v3_334d,2025-07-13,0,60680.74255302696,0.1796309999917866,0,32,0,0,144,1,0,1200.0,0.0
BLOCK_K06_linear_bias0_physical_v3_334d,2025-07-13,6,11407.97896667471,0.3593380999955116,0,20,0,0,144,1,0,1200.0,0.0
BLOCK_K06_linear_bias0_physical_v3_334d,2025-07-14,0,59890.52949653428,1.5707205999933649,0,28,0,0,144,1,0,1200.0,0.0
BLOCK_K06_linear_bias0_physical_v3_334d,2025-07-14,6,15524.934904049054,0.248003399989102,0,35,0,0,144,1,0,1200.0,0.0
BLOCK_K06_linear_bias0_physical_v3_334d,2025-07-15,0,62123.05869216477,2.1223357999988366,0,34,0,0,144,1,0,1200.0,0.0
BLOCK_K06_linear_bias0_physical_v3_334d,2025-07-15,6,13505.53199428585,0.1515749000100186,0,28,0,0,144,1,0,1200.0,0.0
BLOCK_K06_linear_bias0_physical_v3_334d,2025-07-16,0,57276.34738350591,0.8330416000098921,0,40,0,0,144,1,0,1200.0,0.0
BLOCK_K06_linear_bias0_physical_v3_334d,2025-07-16,6,12731.278752105569,0.054737099999329,0,26,0,0,144,1,0,1200.0,0.0
BLOCK_K06_linear_bias0_physical_v3_334d,2025-07-17,0,54679.57554904998,0.1621157999907154,0,37,0,0,144,1,0,1200.0,0.0
BLOCK_K06_linear_bias0_physical_v3_334d,2025-07-17,6,17684.102706044177,0.218275099992752,0,82,0,0,144,1,0,1200.0,0.0
BLOCK_K06_linear_bias0_physical_v3_334d,2025-07-18,0,38877.02522657072,1.3056373999861537,0,27,0,0,144,1,0,1200.0,0.0
BLOCK_K06_linear_bias0_physical_v3_334d,2025-07-18,6,10951.01543227074,0.5084107000002405,0,26,0,0,144,1,0,1200.0,0.0
BLOCK_K06_linear_bias0_physical_v3_334d,2025-07-19,0,38435.14169560716,0.4436312999896472,0,26,0,0,144,1,0,1200.0,0.0
BLOCK_K06_linear_bias0_physical_v3_334d,2025-07-19,6,12686.501631541254,0.0682637999998405,0,23,0,0,144,1,0,1200.0,0.0
BLOCK_K06_linear_bias0_physical_v3_334d,2025-07-20,0,58295.19365428734,0.2455962999956682,0,28,0,0,144,1,0,1200.0,0.0
BLOCK_K06_linear_bias0_physical_v3_334d,2025-07-20,6,12555.11062475382,0.0660596000088844,0,26,0,0,144,1,0,1200.0,0.0
BLOCK_K06_linear_bias0_physical_v3_334d,2025-07-21,0,58028.757004210165,0.2355200000019977,0,35,0,0,144,1,0,1200.0,0.0
BLOCK_K06_linear_bias0_physical_v3_334d,2025-07-21,6,12271.790129964322,0.9808667000033892,0,24,0,0,144,1,0,1200.0,0.0
BLOCK_K06_linear_bias0_physical_v3_334d,2025-07-22,0,53559.08341445501,0.2627323999913642,0,34,0,0,144,1,0,1200.0,0.0
BLOCK_K06_linear_bias0_physical_v3_334d,2025-07-22,6,29530.05308432177,0.2604879999998957,0,152,0,0,144,1,0,1200.0,0.0
BLOCK_K06_linear_bias0_physical_v3_334d,2025-07-23,0,61175.4449652335,0.3137258000060683,0,32,0,0,144,1,0,1200.0,0.0
BLOCK_K06_linear_bias0_physical_v3_334d,2025-07-23,6,10041.60485640818,0.056469899995136,0,23,0,0,144,1,0,1200.0,0.0
BLOCK_K06_linear_bias0_physical_v3_334d,2025-07-24,0,60813.95386086495,1.663686100000632,0,31,0,0,144,1,0,1200.0,0.0
BLOCK_K06_linear_bias0_physical_v3_334d,2025-07-24,6,9333.047981010572,0.0597874999948544,0,22,0,0,144,1,0,1200.0,0.0
BLOCK_K06_linear_bias0_physical_v3_334d,2025-07-25,0,32135.12525093971,0.1778860000049462,0,5,0,0,144,1,0,1200.0,0.0
BLOCK_K06_linear_bias0_physical_v3_334d,2025-07-25,6,12978.823308452356,0.1170528999937232,0,85,0,0,144,1,0,1200.0,0.0
BLOCK_K06_linear_bias0_physical_v3_334d,2025-07-26,0,36306.22885974775,0.7666090999991866,0,27,0,0,144,1,0,1200.0,0.0
BLOCK_K06_linear_bias0_physical_v3_334d,2025-07-26,6,12952.57844934745,0.3189903000020422,0,26,0,0,144,1,0,1200.0,0.0
BLOCK_K06_linear_bias0_physical_v3_334d,2025-07-27,0,56308.48318658451,0.2897216000128537,0,33,0,0,144,1,0,1200.0,0.0
BLOCK_K06_linear_bias0_physical_v3_334d,2025-07-27,6,13107.808761524091,0.5123235999926692,0,36,0,0,144,1,0,1200.0,0.0
BLOCK_K06_linear_bias0_physical_v3_334d,2025-07-28,0,56112.01681840165,0.7296778999880189,0,35,0,0,144,1,0,1200.0,0.0
BLOCK_K06_linear_bias0_physical_v3_334d,2025-07-28,6,16515.078239527396,0.2623856999998679,0,58,0,0,144,1,0,1200.0,0.0
BLOCK_K06_linear_bias0_physical_v3_334d,2025-07-29,0,54570.42925258439,0.241500599993742,0,38,0,0,144,1,0,1200.0,0.0
BLOCK_K06_linear_bias0_physical_v3_334d,2025-07-29,6,17887.576829240556,0.8230248999898322,0,94,0,0,144,1,0,1200.0,0.0
BLOCK_K06_linear_bias0_physical_v3_334d,2025-07-30,0,50783.42328592406,0.8334387999930186,0,43,0,0,144,1,0,1200.0,0.0
BLOCK_K06_linear_bias0_physical_v3_334d,2025-07-30,6,21690.33808606582,0.3436076999932993,0,111,0,0,144,1,0,1200.0,0.0
BLOCK_K06_linear_bias0_physical_v3_334d,2025-07-31,0,54267.4266105546,0.2512365000002319,0,32,0,0,144,1,0,1200.0,0.0
BLOCK_K06_linear_bias0_physical_v3_334d,2025-07-31,6,10976.080253944903,0.1032878999976674,0,46,0,0,144,1,0,1200.0,0.0
BLOCK_K06_linear_bias0_physical_v3_334d,2025-08-01,0,32543.833171758608,0.3928134999878239,0,6,0,0,144,1,0,1200.0,0.0
BLOCK_K06_linear_bias0_physical_v3_334d,2025-08-01,6,9766.02743701952,0.0568550000025425,0,20,0,0,144,1,0,1200.0,0.0
BLOCK_K06_linear_bias0_physical_v3_334d,2025-08-02,0,37568.824283522335,0.3735969999979716,0,26,0,0,144,1,0,1200.0,0.0
BLOCK_K06_linear_bias0_physical_v3_334d,2025-08-02,6,12691.332408453276,0.1252111999929184,0,20,0,0,144,1,0,1200.0,0.0
BLOCK_K06_linear_bias0_physical_v3_334d,2025-08-03,0,49397.82147087775,0.7517962999991141,0,33,0,0,144,1,0,1200.0,0.0
BLOCK_K06_linear_bias0_physical_v3_334d,2025-08-03,6,13592.731841101097,0.2478421999985585,0,47,0,0,144,1,0,1200.0,0.0
BLOCK_K06_linear_bias0_physical_v3_334d,2025-08-04,0,52007.87831819656,0.4199865999980829,0,34,0,0,144,1,0,1200.0,0.0
BLOCK_K06_linear_bias0_physical_v3_334d,2025-08-04,6,12342.285277580011,0.0713943000009749,0,37,0,0,144,1,0,1200.0,0.0
BLOCK_K06_linear_bias0_physical_v3_334d,2025-08-05,0,50725.05010097365,0.6891918999899644,0,37,0,0,144,1,0,1200.0,0.0
BLOCK_K06_linear_bias0_physical_v3_334d,2025-08-05,6,12782.997006931017,0.1101557000074535,0,43,0,0,144,1,0,1200.0,0.0
BLOCK_K06_linear_bias0_physical_v3_334d,2025-08-06,0,56166.083514309285,0.8017823999980465,0,34,0,0,144,1,0,1200.0,0.0
BLOCK_K06_linear_bias0_physical_v3_334d,2025-08-06,6,11191.80542368516,0.268466299996362,0,20,0,0,144,1,0,1200.0,0.0
BLOCK_K06_linear_bias0_physical_v3_334d,2025-08-07,0,55616.924747966565,0.3006810999941081,0,27,0,0,144,1,0,1200.0,0.0
BLOCK_K06_linear_bias0_physical_v3_334d,2025-08-07,6,8866.030242685047,0.2249521000048844,0,29,0,0,144,1,0,1200.0,0.0
BLOCK_K06_linear_bias0_physical_v3_334d,2025-08-08,0,30483.51722622953,0.379561099995044,0,6,0,0,144,1,0,1200.0,0.0
BLOCK_K06_linear_bias0_physical_v3_334d,2025-08-08,6,9679.371778006443,0.1514567999984137,0,25,0,0,144,1,0,1200.0,0.0
BLOCK_K06_linear_bias0_physical_v3_334d,2025-08-09,0,30966.862183503792,0.4827154999948106,0,5,0,0,144,1,0,1200.0,0.0
BLOCK_K06_linear_bias0_physical_v3_334d,2025-08-09,6,12464.477436990026,0.1971129000012297,0,20,0,0,144,1,0,1200.0,0.0
BLOCK_K06_linear_bias0_physical_v3_334d,2025-08-10,0,53802.6024840084,0.1900232000043615,0,31,0,0,144,1,0,1200.0,0.0
BLOCK_K06_linear_bias0_physical_v3_334d,2025-08-10,6,11715.649115619985,0.5850760000030277,0,20,0,0,144,1,0,1200.0,0.0
BLOCK_K06_linear_bias0_physical_v3_334d,2025-08-11,0,50746.18544822362,0.5326972999901045,0,35,0,0,144,1,0,1200.0,0.0
BLOCK_K06_linear_bias0_physical_v3_334d,2025-08-11,6,12456.065140211922,0.9514276999980212,0,42,0,0,144,1,0,1200.0,0.0
BLOCK_K06_linear_bias0_physical_v3_334d,2025-08-12,0,54691.15011522546,0.8176288999966346,0,29,0,0,144,1,0,1200.0,0.0
BLOCK_K06_linear_bias0_physical_v3_334d,2025-08-12,6,11967.751975548304,0.6483622999949148,0,39,0,0,144,1,0,1200.0,0.0
BLOCK_K06_linear_bias0_physical_v3_334d,2025-08-13,0,49536.46571550895,1.3500964999984717,0,38,0,0,144,1,0,1200.0,0.0
BLOCK_K06_linear_bias0_physical_v3_334d,2025-08-13,6,11600.04910223731,0.4096481000015046,0,26,0,0,144,1,0,1200.0,0.0
BLOCK_K06_linear_bias0_physical_v3_334d,2025-08-14,0,50650.60884725001,1.0260402999992948,0,37,0,0,144,1,0,1200.0,0.0
BLOCK_K06_linear_bias0_physical_v3_334d,2025-08-14,6,11310.39486884335,0.1720215000095777,0,78,0,0,144,1,0,1200.0,0.0
BLOCK_K06_linear_bias0_physical_v3_334d,2025-08-15,0,31981.65321629688,0.2147275000024819,0,23,0,0,144,1,0,1200.0,0.0
BLOCK_K06_linear_bias0_physical_v3_334d,2025-08-15,6,9184.795205178812,0.2138336000061826,0,20,0,0,144,1,0,1200.0,0.0
BLOCK_K06_linear_bias0_physical_v3_334d,2025-08-16,0,32167.327715816755,0.6190155999938725,0,4,0,0,144,1,0,1200.0,0.0
BLOCK_K06_linear_bias0_physical_v3_334d,2025-08-16,6,12007.50443719064,0.4597209999919869,0,20,0,0,144,1,0,1200.0,0.0
BLOCK_K06_linear_bias0_physical_v3_334d,2025-08-17,0,50162.34801006369,0.711459999991348,0,41,0,0,144,1,0,1200.0,0.0
BLOCK_K06_linear_bias0_physical_v3_334d,2025-08-17,6,12229.739291860202,0.732143500004895,0,36,0,0,144,1,0,1200.0,0.0
BLOCK_K06_linear_bias0_physical_v3_334d,2025-08-18,0,50727.5114635408,0.2976485999970464,0,41,0,0,144,1,0,1200.0,0.0
BLOCK_K06_linear_bias0_physical_v3_334d,2025-08-18,6,11275.29042905696,0.1329187999945134,0,25,0,0,144,1,0,1200.0,0.0
BLOCK_K06_linear_bias0_physical_v3_334d,2025-08-19,0,49951.21501945682,0.4512546000041766,0,36,0,0,144,1,0,1200.0,0.0
BLOCK_K06_linear_bias0_physical_v3_334d,2025-08-19,6,11255.183449160497,0.1862870000040857,0,21,0,0,144,1,0,1200.0,0.0
BLOCK_K06_linear_bias0_physical_v3_334d,2025-08-20,0,54262.83987686195,0.8347913000034168,0,39,0,0,144,1,0,1200.0,0.0
BLOCK_K06_linear_bias0_physical_v3_334d,2025-08-20,6,12517.408240531886,0.1291749000083655,0,35,0,0,144,1,0,1200.0,0.0
BLOCK_K06_linear_bias0_physical_v3_334d,2025-08-21,0,52036.0264844035,1.112050799987628,0,41,0,0,144,1,0,1200.0,0.0
BLOCK_K06_linear_bias0_physical_v3_334d,2025-08-21,6,9790.200102461962,0.0941115999885369,0,35,0,0,144,1,0,1200.0,0.0
BLOCK_K06_linear_bias0_physical_v3_334d,2025-08-22,0,30827.33378971915,0.2706820999883348,0,5,0,0,144,1,0,1200.0,0.0
BLOCK_K06_linear_bias0_physical_v3_334d,2025-08-22,6,9567.637530398611,0.0937298000062583,0,20,0,0,144,1,0,1200.0,0.0
BLOCK_K06_linear_bias0_physical_v3_334d,2025-08-23,0,29033.21643186736,0.5562755999999354,0,5,0,0,144,1,0,1200.0,0.0
BLOCK_K06_linear_bias0_physical_v3_334d,2025-08-23,6,12437.093686010012,0.1454513999924529,0,28,0,0,144,1,0,1200.0,0.0
BLOCK_K06_linear_bias0_physical_v3_334d,2025-08-24,0,49413.474099900464,0.6175797000032617,0,32,0,0,144,1,0,1200.0,0.0
BLOCK_K06_linear_bias0_physical_v3_334d,2025-08-24,6,12171.63535374162,0.1545084999961545,0,21,0,0,144,1,0,1200.0,0.0
BLOCK_K06_linear_bias0_physical_v3_334d,2025-08-25,0,63627.60714237745,0.2351384999928996,0,30,0,0,144,1,0,1200.0,0.0
BLOCK_K06_linear_bias0_physical_v3_334d,2025-08-25,6,9520.356979247032,0.1553312999894842,0,26,0,0,144,1,0,1200.0,0.0
BLOCK_K06_linear_bias0_physical_v3_334d,2025-08-26,0,50492.675770646,0.7323439000028884,0,34,0,0,144,1,0,1200.0,0.0
BLOCK_K06_linear_bias0_physical_v3_334d,2025-08-26,6,14216.503415758156,0.2026084000099217,0,84,0,0,144,1,0,1200.0,0.0
BLOCK_K06_linear_bias0_physical_v3_334d,2025-08-27,0,50735.41273910351,0.6298239000025205,0,40,0,0,144,1,0,1200.0,0.0
BLOCK_K06_linear_bias0_physical_v3_334d,2025-08-27,6,22538.71980348613,0.090558099996997,0,131,0,0,144,1,0,1200.0,0.0
BLOCK_K06_linear_bias0_physical_v3_334d,2025-08-28,0,49587.69718897409,1.208070399996359,0,38,0,0,144,1,0,1200.0,0.0
BLOCK_K06_linear_bias0_physical_v3_334d,2025-08-28,6,20783.50061510543,0.1206111000064993,0,101,0,0,144,1,0,1200.0,0.0
BLOCK_K06_linear_bias0_physical_v3_334d,2025-08-29,0,33753.99758947247,0.5370418999955291,0,23,0,0,144,1,0,1200.0,0.0
BLOCK_K06_linear_bias0_physical_v3_334d,2025-08-29,6,9526.095870207626,0.0918131999933393,0,20,0,0,144,1,0,1200.0,0.0
BLOCK_K06_linear_bias0_physical_v3_334d,2025-08-30,0,31802.55239453324,0.3514429999922868,0,5,0,0,144,1,0,1200.0,0.0
BLOCK_K06_linear_bias0_physical_v3_334d,2025-08-30,6,12088.677111460756,0.2194172000017715,0,26,0,0,144,1,0,1200.0,0.0
BLOCK_K06_linear_bias0_physical_v3_334d,2025-08-31,0,49704.88181644704,0.7858007000031648,0,32,0,0,144,1,0,1200.0,0.0
BLOCK_K06_linear_bias0_physical_v3_334d,2025-08-31,6,15059.518051082276,0.0854039000114426,0,85,0,0,144,1,0,1200.0,0.0
BLOCK_K06_linear_bias0_physical_v3_334d,2025-09-01,0,55969.10160004231,0.5156518000003416,0,29,0,0,144,1,0,1200.0,0.0
BLOCK_K06_linear_bias0_physical_v3_334d,2025-09-01,6,9573.427432390044,0.2530345999985002,0,21,0,0,144,1,0,1200.0,0.0
BLOCK_K06_linear_bias0_physical_v3_334d,2025-09-02,0,45864.61040424979,0.3728223999933107,0,35,0,0,144,1,0,1200.0,0.0
BLOCK_K06_linear_bias0_physical_v3_334d,2025-09-02,6,15661.737267971015,0.471468100004131,0,106,0,0,144,1,0,1200.0,0.0
BLOCK_K06_linear_bias0_physical_v3_334d,2025-09-03,0,48114.98227543184,0.4679103999951621,0,35,0,0,144,1,0,1200.0,0.0
BLOCK_K06_linear_bias0_physical_v3_334d,2025-09-03,6,10398.483023546996,0.1630291000037687,0,22,0,0,144,1,0,1200.0,0.0
BLOCK_K06_linear_bias0_physical_v3_334d,2025-09-04,0,47094.87380302097,0.2913464000012027,0,32,0,0,144,1,0,1200.0,0.0
BLOCK_K06_linear_bias0_physical_v3_334d,2025-09-04,6,9201.935825895996,0.0511028999899281,0,27,0,0,144,1,0,1200.0,0.0
BLOCK_K06_linear_bias0_physical_v3_334d,2025-09-05,0,27804.899371306685,0.1550845000019762,0,5,0,0,144,1,0,1200.0,0.0
BLOCK_K06_linear_bias0_physical_v3_334d,2025-09-05,6,9056.148932271206,0.0577454000012949,0,20,0,0,144,1,0,1200.0,0.0
BLOCK_K06_linear_bias0_physical_v3_334d,2025-09-06,0,26877.930926508758,0.4869971000007354,0,3,0,0,144,1,0,1200.0,0.0
BLOCK_K06_linear_bias0_physical_v3_334d,2025-09-06,6,11357.420111377747,0.1294631000055233,0,27,0,0,144,1,0,1200.0,0.0
BLOCK_K06_linear_bias0_physical_v3_334d,2025-09-07,0,41713.26586077664,0.8244872999930521,0,31,0,0,144,1,0,1200.0,0.0
BLOCK_K06_linear_bias0_physical_v3_334d,2025-09-07,6,16259.141570791206,0.1406131999974604,0,97,0,0,144,1,0,1200.0,0.0
BLOCK_K06_linear_bias0_physical_v3_334d,2025-09-08,0,42512.79533739195,0.6422915000002831,0,36,0,0,144,1,0,1200.0,0.0
BLOCK_K06_linear_bias0_physical_v3_334d,2025-09-08,6,8771.430093151144,0.3836318999965442,0,23,0,0,144,1,0,1200.0,0.0
BLOCK_K06_linear_bias0_physical_v3_334d,2025-09-09,0,38740.86923251902,0.2297554999968269,0,32,0,0,144,1,0,1200.0,0.0
BLOCK_K06_linear_bias0_physical_v3_334d,2025-09-09,6,13963.512272188624,0.1051741999981459,0,68,0,0,144,1,0,1200.0,0.0
BLOCK_K06_linear_bias0_physical_v3_334d,2025-09-10,0,46312.49576173387,0.1914989999932004,0,34,0,0,144,1,0,1200.0,0.0
BLOCK_K06_linear_bias0_physical_v3_334d,2025-09-10,6,9039.425505892452,0.4232574000052409,0,25,0,0,144,1,0,1200.0,0.0
BLOCK_K06_linear_bias0_physical_v3_334d,2025-09-11,0,46398.84242918253,0.3810187999915797,0,38,0,0,144,1,0,1200.0,0.0
BLOCK_K06_linear_bias0_physical_v3_334d,2025-09-11,6,7310.807756850914,0.1713883000047644,0,20,0,0,144,1,0,1200.0,0.0
BLOCK_K06_linear_bias0_physical_v3_334d,2025-09-12,0,24789.922682754168,0.4537550999957602,0,7,0,0,144,1,0,1200.0,0.0
BLOCK_K06_linear_bias0_physical_v3_334d,2025-09-12,6,8291.273528313663,0.1771374999952968,0,21,0,0,144,1,0,1200.0,0.0
BLOCK_K06_linear_bias0_physical_v3_334d,2025-09-13,0,22677.603087371223,0.5209971000003861,0,5,0,0,144,1,0,1200.0,0.0
BLOCK_K06_linear_bias0_physical_v3_334d,2025-09-13,6,11109.202225841056,0.0620873000007122,0,31,0,0,144,1,0,1200.0,0.0
BLOCK_K06_linear_bias0_physical_v3_334d,2025-09-14,0,46155.02114069509,0.2861676000029547,0,38,0,0,144,1,0,1200.0,0.0
BLOCK_K06_linear_bias0_physical_v3_334d,2025-09-14,6,9681.957617842285,0.1403063000034308,0,34,0,0,144,1,0,1200.0,0.0
BLOCK_K06_linear_bias0_physical_v3_334d,2025-09-15,0,40811.483267481046,0.5074612000025809,0,14,0,0,144,1,0,1200.0,0.0
BLOCK_K06_linear_bias0_physical_v3_334d,2025-09-15,6,11635.479319110857,0.3050156000099377,0,50,0,0,144,1,0,1200.0,0.0
BLOCK_K06_linear_bias0_physical_v3_334d,2025-09-16,0,49455.987156856034,0.3066976999980397,0,39,0,0,144,1,0,1200.0,0.0
BLOCK_K06_linear_bias0_physical_v3_334d,2025-09-16,6,9918.616999256954,0.822365300002275,0,27,0,0,144,1,0,1200.0,0.0
BLOCK_K06_linear_bias0_physical_v3_334d,2025-09-17,0,47991.56991293687,0.5906250000116415,0,38,0,0,144,1,0,1200.0,0.0
BLOCK_K06_linear_bias0_physical_v3_334d,2025-09-17,6,10333.45903885149,0.6036953000002541,0,30,0,0,144,1,0,1200.0,0.0
BLOCK_K06_linear_bias0_physical_v3_334d,2025-09-18,0,42662.06143506007,0.7697829999960959,0,33,0,0,144,1,0,1200.0,0.0
BLOCK_K06_linear_bias0_physical_v3_334d,2025-09-18,6,16260.22703995796,0.112063799999305,0,107,0,0,144,1,0,1200.0,0.0
BLOCK_K06_linear_bias0_physical_v3_334d,2025-09-19,0,26282.240282902127,0.3118259999901056,0,7,0,0,144,1,0,1200.0,0.0
BLOCK_K06_linear_bias0_physical_v3_334d,2025-09-19,6,8678.559698561645,0.0505164000060176,0,33,0,0,144,1,0,1200.0,0.0
BLOCK_K06_linear_bias0_physical_v3_334d,2025-09-20,0,23918.89246469745,0.3274825000116834,0,5,0,0,144,1,0,1200.0,0.0
BLOCK_K06_linear_bias0_physical_v3_334d,2025-09-20,6,11101.120347042532,0.1696191000082763,0,32,0,0,144,1,0,1200.0,0.0
BLOCK_K06_linear_bias0_physical_v3_334d,2025-09-21,0,43493.25384031162,1.5059807999932673,0,37,0,0,144,1,0,1200.0,0.0
BLOCK_K06_linear_bias0_physical_v3_334d,2025-09-21,6,12801.74525973821,0.1794389999995473,0,39,0,0,144,1,0,1200.0,0.0
BLOCK_K06_linear_bias0_physical_v3_334d,2025-09-22,0,51424.201163987454,0.657304699998349,0,37,0,0,144,1,0,1200.0,0.0
BLOCK_K06_linear_bias0_physical_v3_334d,2025-09-22,6,9043.844289281276,0.2790128999913577,0,22,0,0,144,1,0,1200.0,0.0
BLOCK_K06_linear_bias0_physical_v3_334d,2025-09-23,0,50092.97438765001,2.186442899997928,0,35,0,0,144,1,0,1200.0,0.0
BLOCK_K06_linear_bias0_physical_v3_334d,2025-09-23,6,10058.4087453793,0.0841822000074898,0,29,0,0,144,1,0,1200.0,0.0
BLOCK_K06_linear_bias0_physical_v3_334d,2025-09-24,0,42709.65029461723,0.7237128999986453,0,33,0,0,144,1,0,1200.0,0.0
BLOCK_K06_linear_bias0_physical_v3_334d,2025-09-24,6,12925.657972921594,0.0873723000113386,0,87,0,0,144,1,0,1200.0,0.0
BLOCK_K06_linear_bias0_physical_v3_334d,2025-09-25,0,47566.16588401028,0.5411491999984719,0,38,0,0,144,1,0,1200.0,0.0
BLOCK_K06_linear_bias0_physical_v3_334d,2025-09-25,6,9453.007473457312,0.0941785000031814,0,58,0,0,144,1,0,1200.0,0.0
BLOCK_K06_linear_bias0_physical_v3_334d,2025-09-26,0,29031.67539457105,0.5079285000101663,0,27,0,0,144,1,0,1200.0,0.0
BLOCK_K06_linear_bias0_physical_v3_334d,2025-09-26,6,8146.180183682914,0.0777949999901466,0,21,0,0,144,1,0,1200.0,0.0
BLOCK_K06_linear_bias0_physical_v3_334d,2025-09-27,0,23667.096467370546,0.3469401000038488,0,6,0,0,144,1,0,1200.0,0.0
BLOCK_K06_linear_bias0_physical_v3_334d,2025-09-27,6,14386.67217884924,0.3197247999924002,0,37,0,0,144,1,0,1200.0,0.0
BLOCK_K06_linear_bias0_physical_v3_334d,2025-09-28,0,44218.779963147164,0.7974326999974437,0,38,0,0,144,1,0,1200.0,0.0
BLOCK_K06_linear_bias0_physical_v3_334d,2025-09-28,6,18971.423216504765,0.0982378000044263,0,95,0,0,144,1,0,1200.0,0.0
BLOCK_K06_linear_bias0_physical_v3_334d,2025-09-29,0,50694.95454641133,0.6030241999978898,0,35,0,0,144,1,0,1200.0,0.0
BLOCK_K06_linear_bias0_physical_v3_334d,2025-09-29,6,8408.708418849921,0.249178900005063,0,23,0,0,144,1,0,1200.0,0.0
BLOCK_K06_linear_bias0_physical_v3_334d,2025-09-30,0,49880.88641297389,0.5423097999882884,0,39,0,0,144,1,0,1200.0,0.0
BLOCK_K06_linear_bias0_physical_v3_334d,2025-09-30,6,10847.52820336088,0.4385125999979209,0,26,0,0,144,1,0,1200.0,0.0
BLOCK_K06_linear_bias0_physical_v3_334d,2025-10-01,0,46507.60736505979,0.3029213999980129,0,42,0,0,144,1,0,1200.0,0.0
BLOCK_K06_linear_bias0_physical_v3_334d,2025-10-01,6,10260.213213962645,0.3635245000041323,0,33,0,0,144,1,0,1200.0,0.0
BLOCK_K06_linear_bias0_physical_v3_334d,2025-10-02,0,50567.93626392714,0.71199969999725,0,33,0,0,144,1,0,1200.0,0.0
BLOCK_K06_linear_bias0_physical_v3_334d,2025-10-02,6,5717.439259009861,0.0972288999910233,0,21,0,0,144,1,0,1200.0,0.0
BLOCK_K06_linear_bias0_physical_v3_334d,2025-10-03,0,22188.402522273973,0.6081861999991816,0,6,0,0,144,1,0,1200.0,0.0
BLOCK_K06_linear_bias0_physical_v3_334d,2025-10-03,6,8574.126806179464,0.1143002999888267,0,26,0,0,144,1,0,1200.0,0.0
BLOCK_K06_linear_bias0_physical_v3_334d,2025-10-04,0,25866.557331579414,0.2092093000101158,0,28,0,0,144,1,0,1200.0,0.0
BLOCK_K06_linear_bias0_physical_v3_334d,2025-10-04,6,10601.528207666024,0.0932877000013832,0,21,0,0,144,1,0,1200.0,0.0
BLOCK_K06_linear_bias0_physical_v3_334d,2025-10-05,0,47127.26066176714,0.1568113999965135,0,32,0,0,144,1,0,1200.0,0.0
BLOCK_K06_linear_bias0_physical_v3_334d,2025-10-05,6,9047.353325787171,0.0718042999942554,0,34,0,0,144,1,0,1200.0,0.0
BLOCK_K06_linear_bias0_physical_v3_334d,2025-10-06,0,42481.45983228127,0.1964789000048767,0,33,0,0,144,1,0,1200.0,0.0
BLOCK_K06_linear_bias0_physical_v3_334d,2025-10-06,6,12868.085055551704,0.5086279999959515,0,64,0,0,144,1,0,1200.0,0.0
BLOCK_K06_linear_bias0_physical_v3_334d,2025-10-07,0,45315.60250343542,0.2342376000015065,0,39,0,0,144,1,0,1200.0,0.0
BLOCK_K06_linear_bias0_physical_v3_334d,2025-10-07,6,10728.016206762655,0.1420335000002524,0,31,0,0,144,1,0,1200.0,0.0
BLOCK_K06_linear_bias0_physical_v3_334d,2025-10-08,0,41509.16798158896,0.6441560999955982,0,40,0,0,144,1,0,1200.0,0.0
BLOCK_K06_linear_bias0_physical_v3_334d,2025-10-08,6,9912.594089026328,0.167765899997903,0,29,0,0,144,1,0,1200.0,0.0
BLOCK_K06_linear_bias0_physical_v3_334d,2025-10-09,0,48119.91844152935,0.2451407000044128,0,33,0,0,144,1,0,1200.0,0.0
BLOCK_K06_linear_bias0_physical_v3_334d,2025-10-09,6,5630.793487059161,0.077222600011737,0,20,0,0,144,1,0,1200.0,0.0
BLOCK_K06_linear_bias0_physical_v3_334d,2025-10-10,0,22179.827103692038,0.5839172999985749,0,9,0,0,144,1,0,1200.0,0.0
BLOCK_K06_linear_bias0_physical_v3_334d,2025-10-10,6,8106.17245465165,0.1016486000007717,0,22,0,0,144,1,0,1200.0,0.0
BLOCK_K06_linear_bias0_physical_v3_334d,2025-10-11,0,22038.064579546768,0.1553284999972675,0,8,0,0,144,1,0,1200.0,0.0
BLOCK_K06_linear_bias0_physical_v3_334d,2025-10-11,6,11283.198464061705,0.1841109999950276,0,20,0,0,144,1,0,1200.0,0.0
BLOCK_K06_linear_bias0_physical_v3_334d,2025-10-12,0,41913.44688655393,0.698723900000914,0,43,0,0,144,1,0,1200.0,0.0
BLOCK_K06_linear_bias0_physical_v3_334d,2025-10-12,6,11236.220175647231,0.1666938999987905,0,34,0,0,144,1,0,1200.0,0.0
BLOCK_K06_linear_bias0_physical_v3_334d,2025-10-13,0,45171.29682192515,1.240029599997797,0,41,0,0,144,1,0,1200.0,0.0
BLOCK_K06_linear_bias0_physical_v3_334d,2025-10-13,6,9554.768571401604,0.3822656999982428,0,22,0,0,144,1,0,1200.0,0.0
BLOCK_K06_linear_bias0_physical_v3_334d,2025-10-14,0,46905.7815834276,0.6517402000026777,0,34,0,0,144,1,0,1200.0,0.0
BLOCK_K06_linear_bias0_physical_v3_334d,2025-10-14,6,8793.98558142973,0.3529476000112481,0,22,0,0,144,1,0,1200.0,0.0
BLOCK_K06_linear_bias0_physical_v3_334d,2025-10-15,0,48804.00640431413,0.3517443000018829,0,37,0,0,144,1,0,1200.0,0.0
BLOCK_K06_linear_bias0_physical_v3_334d,2025-10-15,6,8786.68992956362,0.4477215000079013,0,23,0,0,144,1,0,1200.0,0.0
BLOCK_K06_linear_bias0_physical_v3_334d,2025-10-16,0,46414.825314761074,0.2881598999956622,0,38,0,0,144,1,0,1200.0,0.0
BLOCK_K06_linear_bias0_physical_v3_334d,2025-10-16,6,8884.640092946202,0.16270370001439,0,42,0,0,144,1,0,1200.0,0.0
BLOCK_K06_linear_bias0_physical_v3_334d,2025-10-17,0,20704.67117726854,0.4424323999992339,0,8,0,0,144,1,0,1200.0,0.0
BLOCK_K06_linear_bias0_physical_v3_334d,2025-10-17,6,11601.959008977808,0.0997920000081649,0,30,0,0,144,1,0,1200.0,0.0
BLOCK_K06_linear_bias0_physical_v3_334d,2025-10-18,0,23483.156341475165,0.2949515999935101,0,7,0,0,144,1,0,1200.0,0.0
BLOCK_K06_linear_bias0_physical_v3_334d,2025-10-18,6,10523.880221786902,0.1357979000022169,0,21,0,0,144,1,0,1200.0,0.0
BLOCK_K06_linear_bias0_physical_v3_334d,2025-10-19,0,46496.49950467349,1.2795588000008138,0,39,0,0,144,1,0,1200.0,0.0
BLOCK_K06_linear_bias0_physical_v3_334d,2025-10-19,6,10537.307925351177,0.0880866000079549,0,27,0,0,144,1,0,1200.0,0.0
BLOCK_K06_linear_bias0_physical_v3_334d,2025-10-20,0,51721.338840452445,0.9485924000036904,0,36,0,0,144,1,0,1200.0,0.0
BLOCK_K06_linear_bias0_physical_v3_334d,2025-10-20,6,9230.332911221216,0.0925219999917317,0,28,0,0,144,1,0,1200.0,0.0
BLOCK_K06_linear_bias0_physical_v3_334d,2025-10-21,0,49184.15226042153,0.6147735000122339,0,35,0,0,144,1,0,1200.0,0.0
BLOCK_K06_linear_bias0_physical_v3_334d,2025-10-21,6,11842.60727471055,0.2165812000021105,0,69,0,0,144,1,0,1200.0,0.0
BLOCK_K06_linear_bias0_physical_v3_334d,2025-10-22,0,47112.15167001906,0.5844280000019353,0,37,0,0,144,1,0,1200.0,0.0
BLOCK_K06_linear_bias0_physical_v3_334d,2025-10-22,6,10721.462355896752,0.2224026000039884,0,51,0,0,144,1,0,1200.0,0.0
BLOCK_K06_linear_bias0_physical_v3_334d,2025-10-23,0,53659.76286902145,0.4745036000094842,0,30,0,0,144,1,0,1200.0,0.0
BLOCK_K06_linear_bias0_physical_v3_334d,2025-10-23,6,6189.246614999216,0.1505158999934792,0,36,0,0,144,1,0,1200.0,0.0
BLOCK_K06_linear_bias0_physical_v3_334d,2025-10-24,0,22354.741375612404,0.3152048000047216,0,10,0,0,144,1,0,1200.0,0.0
BLOCK_K06_linear_bias0_physical_v3_334d,2025-10-24,6,9552.42797463664,0.1327603999961866,0,26,0,0,144,1,0,1200.0,0.0
BLOCK_K06_linear_bias0_physical_v3_334d,2025-10-25,0,23759.82291258564,0.3593354000040563,0,27,0,0,144,1,0,1200.0,0.0
BLOCK_K06_linear_bias0_physical_v3_334d,2025-10-25,6,10283.14325501386,0.0717021000018576,0,21,0,0,144,1,0,1200.0,0.0
BLOCK_K06_linear_bias0_physical_v3_334d,2025-10-26,0,49677.635055480045,0.3255195999954594,0,34,0,0,144,1,0,1200.0,0.0
BLOCK_K06_linear_bias0_physical_v3_334d,2025-10-26,6,8437.139829797043,0.0886522000073455,0,27,0,0,144,1,0,1200.0,0.0
BLOCK_K06_linear_bias0_physical_v3_334d,2025-10-27,0,46282.05098480619,0.4360072999988915,0,39,0,0,144,1,0,1200.0,0.0
BLOCK_K06_linear_bias0_physical_v3_334d,2025-10-27,6,19546.86589776143,0.5599767999956384,0,131,0,0,144,1,0,1200.0,0.0
BLOCK_K06_linear_bias0_physical_v3_334d,2025-10-28,0,46434.12201397447,0.9504638999933376,0,39,0,0,144,1,0,1200.0,0.0
BLOCK_K06_linear_bias0_physical_v3_334d,2025-10-28,6,16932.972180339697,0.5944702999986475,0,84,0,0,144,1,0,1200.0,0.0
BLOCK_K06_linear_bias0_physical_v3_334d,2025-10-29,0,52168.137420307925,0.1447344000043813,0,33,0,0,144,1,0,1200.0,0.0
BLOCK_K06_linear_bias0_physical_v3_334d,2025-10-29,6,10303.487615481545,0.3148613999946974,0,29,0,0,144,1,0,1200.0,0.0
BLOCK_K06_linear_bias0_physical_v3_334d,2025-10-30,0,46237.13263592304,1.0003877999988615,0,39,0,0,144,1,0,1200.0,0.0
BLOCK_K06_linear_bias0_physical_v3_334d,2025-10-30,6,9424.848948589088,0.1065065000002505,0,53,0,0,144,1,0,1200.0,0.0
BLOCK_K06_linear_bias0_physical_v3_334d,2025-10-31,0,26238.219424594063,0.3305900999985169,0,29,0,0,144,1,0,1200.0,0.0
BLOCK_K06_linear_bias0_physical_v3_334d,2025-10-31,6,7716.041372705021,0.0688360999920405,0,20,0,0,144,1,0,1200.0,0.0
BLOCK_K06_linear_bias0_physical_v3_334d,2025-11-01,0,23321.81838377088,0.1191879999969387,0,8,0,0,144,1,0,1200.0,0.0
BLOCK_K06_linear_bias0_physical_v3_334d,2025-11-01,6,10358.496449807864,0.2582013000064762,0,21,0,0,144,1,0,1200.0,0.0
BLOCK_K06_linear_bias0_physical_v3_334d,2025-11-02,0,48339.49219976853,0.2855599000031361,0,37,0,0,144,1,0,1200.0,0.0
BLOCK_K06_linear_bias0_physical_v3_334d,2025-11-02,6,15891.716608706209,0.1542112000024644,0,98,0,0,144,1,0,1200.0,0.0
BLOCK_K06_linear_bias0_physical_v3_334d,2025-11-03,0,53374.299666195184,0.1460575999954017,0,29,0,0,144,1,0,1200.0,0.0
BLOCK_K06_linear_bias0_physical_v3_334d,2025-11-03,6,9534.690137410276,0.3233526999974856,0,28,0,0,144,1,0,1200.0,0.0
BLOCK_K06_linear_bias0_physical_v3_334d,2025-11-04,0,49534.36658932017,0.243658300008974,0,36,0,0,144,1,0,1200.0,0.0
BLOCK_K06_linear_bias0_physical_v3_334d,2025-11-04,6,11569.714478003409,0.1776304999948479,0,53,0,0,144,1,0,1200.0,0.0
BLOCK_K06_linear_bias0_physical_v3_334d,2025-11-05,0,55057.04552900643,0.2927725000045029,0,30,0,0,144,1,0,1200.0,0.0
BLOCK_K06_linear_bias0_physical_v3_334d,2025-11-05,6,8608.553080468053,0.0702890999964438,0,24,0,0,144,1,0,1200.0,0.0
BLOCK_K06_linear_bias0_physical_v3_334d,2025-11-06,0,50982.46100563281,0.4798254000052111,0,29,0,0,144,1,0,1200.0,0.0
BLOCK_K06_linear_bias0_physical_v3_334d,2025-11-06,6,10172.832099462295,0.0777364000095985,0,67,0,0,144,1,0,1200.0,0.0
BLOCK_K06_linear_bias0_physical_v3_334d,2025-11-07,0,23735.66391366066,0.7073031999898376,0,26,0,0,144,1,0,1200.0,0.0
BLOCK_K06_linear_bias0_physical_v3_334d,2025-11-07,6,8783.33126193496,0.0621561000007204,0,69,0,0,144,1,0,1200.0,0.0
BLOCK_K06_linear_bias0_physical_v3_334d,2025-11-08,0,24365.95797887469,0.2306511000060709,0,29,0,0,144,1,0,1200.0,0.0
BLOCK_K06_linear_bias0_physical_v3_334d,2025-11-08,6,10468.496739881306,0.1531454999931156,0,29,0,0,144,1,0,1200.0,0.0
BLOCK_K06_linear_bias0_physical_v3_334d,2025-11-09,0,51135.35473257089,1.0429829999920912,0,29,0,0,144,1,0,1200.0,0.0
BLOCK_K06_linear_bias0_physical_v3_334d,2025-11-09,6,11182.78437339415,0.1199513000028673,0,39,0,0,144,1,0,1200.0,0.0
BLOCK_K06_linear_bias0_physical_v3_334d,2025-11-10,0,53920.01086232809,0.8902426999993622,0,34,0,0,144,1,0,1200.0,0.0
BLOCK_K06_linear_bias0_physical_v3_334d,2025-11-10,6,11819.621479766463,0.2158921999944141,0,49,0,0,144,1,0,1200.0,0.0
BLOCK_K06_linear_bias0_physical_v3_334d,2025-11-11,0,56097.17409387041,0.1794437000062316,0,31,0,0,144,1,0,1200.0,0.0
BLOCK_K06_linear_bias0_physical_v3_334d,2025-11-11,6,9048.256914104462,0.5025550999998813,0,25,0,0,144,1,0,1200.0,0.0
BLOCK_K06_linear_bias0_physical_v3_334d,2025-11-12,0,52207.105534015456,0.7545184999908088,0,33,0,0,144,1,0,1200.0,0.0
BLOCK_K06_linear_bias0_physical_v3_334d,2025-11-12,6,13882.436255081871,0.3750835999962874,0,94,0,0,144,1,0,1200.0,0.0
BLOCK_K06_linear_bias0_physical_v3_334d,2025-11-13,0,50880.430015301725,0.5704977999994298,0,34,0,0,144,1,0,1200.0,0.0
BLOCK_K06_linear_bias0_physical_v3_334d,2025-11-13,6,9396.607744285398,0.0868069999996805,0,77,0,0,144,1,0,1200.0,0.0
BLOCK_K06_linear_bias0_physical_v3_334d,2025-11-14,0,25808.6780399113,0.1437318000098457,0,30,0,0,144,1,0,1200.0,0.0
BLOCK_K06_linear_bias0_physical_v3_334d,2025-11-14,6,7599.1823473613085,0.0679881999967619,0,22,0,0,144,1,0,1200.0,0.0
BLOCK_K06_linear_bias0_physical_v3_334d,2025-11-15,0,27371.733803232462,0.2486780000035651,0,33,0,0,144,1,0,1200.0,0.0
BLOCK_K06_linear_bias0_physical_v3_334d,2025-11-15,6,9674.73579881008,0.2465667000069515,0,22,0,0,144,1,0,1200.0,0.0
BLOCK_K06_linear_bias0_physical_v3_334d,2025-11-16,0,51482.03246460187,0.3504384999978356,0,34,0,0,144,1,0,1200.0,0.0
BLOCK_K06_linear_bias0_physical_v3_334d,2025-11-16,6,15887.0254228391,0.1363366000005044,0,86,0,0,144,1,0,1200.0,0.0
BLOCK_K06_linear_bias0_physical_v3_334d,2025-11-17,0,51529.5203223205,0.4884954000008292,0,35,0,0,144,1,0,1200.0,0.0
BLOCK_K06_linear_bias0_physical_v3_334d,2025-11-17,6,18851.56939666632,0.5836242000077618,0,157,0,0,144,1,0,1200.0,0.0
BLOCK_K06_linear_bias0_physical_v3_334d,2025-11-18,0,54281.846125347176,1.1088043999916408,0,30,0,0,144,1,0,1200.0,0.0
BLOCK_K06_linear_bias0_physical_v3_334d,2025-11-18,6,9609.739087701424,0.790159299998777,0,24,0,0,144,1,0,1200.0,0.0
BLOCK_K06_linear_bias0_physical_v3_334d,2025-11-19,0,53438.19567356238,0.4583946999919135,0,30,0,0,144,1,0,1200.0,0.0
BLOCK_K06_linear_bias0_physical_v3_334d,2025-11-19,6,15287.661587709135,0.7423737000062829,0,97,0,0,144,1,0,1200.0,0.0
BLOCK_K06_linear_bias0_physical_v3_334d,2025-11-20,0,53783.43388561801,0.1553758999943966,0,30,0,0,144,1,0,1200.0,0.0
BLOCK_K06_linear_bias0_physical_v3_334d,2025-11-20,6,8282.634749586303,0.056509999994887,0,42,0,0,144,1,0,1200.0,0.0
BLOCK_K06_linear_bias0_physical_v3_334d,2025-11-21,0,26108.577455616505,0.5710527000046568,0,31,0,0,144,1,0,1200.0,0.0
BLOCK_K06_linear_bias0_physical_v3_334d,2025-11-21,6,9196.05794351641,0.083592499999213,0,83,0,0,144,1,0,1200.0,0.0
BLOCK_K06_linear_bias0_physical_v3_334d,2025-11-22,0,27813.951719911,0.4106251999910455,0,40,0,0,144,1,0,1200.0,0.0
BLOCK_K06_linear_bias0_physical_v3_334d,2025-11-22,6,9701.253810857825,0.0742370999942068,0,24,0,0,144,1,0,1200.0,0.0
BLOCK_K06_linear_bias0_physical_v3_334d,2025-11-23,0,51770.45800129834,0.5037568999978248,0,32,0,0,144,1,0,1200.0,0.0
BLOCK_K06_linear_bias0_physical_v3_334d,2025-11-23,6,16235.74281137955,0.320259400003124,0,93,0,0,144,1,0,1200.0,0.0
BLOCK_K06_linear_bias0_physical_v3_334d,2025-11-24,0,53222.77779571608,2.5317441999941366,0,30,0,0,144,1,0,1200.0,0.0
BLOCK_K06_linear_bias0_physical_v3_334d,2025-11-24,6,10871.340153771624,0.1169947999878786,0,64,0,0,144,1,0,1200.0,0.0
BLOCK_K06_linear_bias0_physical_v3_334d,2025-11-25,0,61677.74135757216,0.3338345999945886,0,32,0,0,144,1,0,1200.0,0.0
BLOCK_K06_linear_bias0_physical_v3_334d,2025-11-25,6,8713.133474095514,0.5023182000004454,0,24,0,0,144,1,0,1200.0,0.0
BLOCK_K06_linear_bias0_physical_v3_334d,2025-11-26,0,57909.37734780929,0.7310196999897016,0,31,0,0,144,1,0,1200.0,0.0
BLOCK_K06_linear_bias0_physical_v3_334d,2025-11-26,6,10610.804459747049,0.1831649999949149,0,37,0,0,144,1,0,1200.0,0.0
BLOCK_K06_linear_bias0_physical_v3_334d,2025-11-27,0,56113.30237709649,1.474921600005473,0,30,0,0,144,1,0,1200.0,0.0
BLOCK_K06_linear_bias0_physical_v3_334d,2025-11-27,6,8770.292272356397,0.0733217000088188,0,41,0,0,144,1,0,1200.0,0.0
BLOCK_K06_linear_bias0_physical_v3_334d,2025-11-28,0,27308.356918069625,1.0197009999974398,0,35,0,0,144,1,0,1200.0,0.0
BLOCK_K06_linear_bias0_physical_v3_334d,2025-11-28,6,8555.51652897059,0.0589452999993227,0,52,0,0,144,1,0,1200.0,0.0
BLOCK_K06_linear_bias0_physical_v3_334d,2025-11-29,0,32210.191790052333,0.2202375000051688,0,34,0,0,144,1,0,1200.0,0.0
BLOCK_K06_linear_bias0_physical_v3_334d,2025-11-29,6,8988.665499783514,0.0802437999955145,0,22,0,0,144,1,0,1200.0,0.0
BLOCK_K06_linear_bias0_physical_v3_334d,2025-11-30,0,55637.48705854823,0.5133303000038723,0,28,0,0,144,1,0,1200.0,0.0
BLOCK_K06_linear_bias0_physical_v3_334d,2025-11-30,6,14647.503784964894,0.4244542000087676,0,94,0,0,144,1,0,1200.0,0.0
BLOCK_K06_linear_bias0_physical_v3_334d,2025-12-01,0,60703.45829510477,0.488600899989251,0,31,0,0,144,1,0,1200.0,0.0
BLOCK_K06_linear_bias0_physical_v3_334d,2025-12-01,6,9515.943706538652,0.1081276000040816,0,36,0,0,144,1,0,1200.0,0.0
BLOCK_K06_linear_bias0_physical_v3_334d,2025-12-02,0,63454.1580700026,0.2931234999996377,0,31,0,0,144,1,0,1200.0,0.0
BLOCK_K06_linear_bias0_physical_v3_334d,2025-12-02,6,11159.75504481244,0.2267502999893622,0,40,0,0,144,1,0,1200.0,0.0
BLOCK_K06_linear_bias0_physical_v3_334d,2025-12-03,0,57676.13130465993,0.4566231999924639,0,31,0,0,144,1,0,1200.0,0.0
BLOCK_K06_linear_bias0_physical_v3_334d,2025-12-03,6,16865.041734107286,0.4243310000019846,0,122,0,0,144,1,0,1200.0,0.0
BLOCK_K06_linear_bias0_physical_v3_334d,2025-12-04,0,65077.72186644259,0.1720149000029778,0,32,0,0,144,1,0,1200.0,0.0
BLOCK_K06_linear_bias0_physical_v3_334d,2025-12-04,6,9235.632709855548,0.1126742999913403,0,34,0,0,144,1,0,1200.0,0.0
BLOCK_K06_linear_bias0_physical_v3_334d,2025-12-05,0,35382.215346680394,0.1254507999983616,0,33,0,0,144,1,0,1200.0,0.0
BLOCK_K06_linear_bias0_physical_v3_334d,2025-12-05,6,8905.639183190844,0.0556502000108594,0,36,0,0,144,1,0,1200.0,0.0
BLOCK_K06_linear_bias0_physical_v3_334d,2025-12-06,0,32212.169928484826,0.1876226000022143,0,37,0,0,144,1,0,1200.0,0.0
BLOCK_K06_linear_bias0_physical_v3_334d,2025-12-06,6,9784.21436625496,0.1080681000021286,0,26,0,0,144,1,0,1200.0,0.0
BLOCK_K06_linear_bias0_physical_v3_334d,2025-12-07,0,62402.2842669462,0.3782325000065611,0,30,0,0,144,1,0,1200.0,0.0
BLOCK_K06_linear_bias0_physical_v3_334d,2025-12-07,6,10193.314265401925,0.1020066999917617,0,26,0,0,144,1,0,1200.0,0.0
BLOCK_K06_linear_bias0_physical_v3_334d,2025-12-08,0,70613.97793276752,0.1582553000043844,0,31,0,0,144,1,0,1200.0,0.0
BLOCK_K06_linear_bias0_physical_v3_334d,2025-12-08,6,12210.361194213314,0.0931836000090697,0,36,0,0,144,1,0,1200.0,0.0
BLOCK_K06_linear_bias0_physical_v3_334d,2025-12-09,0,69604.14230344929,0.2392585000052349,0,32,0,0,144,1,0,1200.0,0.0
BLOCK_K06_linear_bias0_physical_v3_334d,2025-12-09,6,11523.456295152651,0.1273371999996015,0,40,0,0,144,1,0,1200.0,0.0
BLOCK_K06_linear_bias0_physical_v3_334d,2025-12-10,0,66527.73828633998,0.2411044999898877,0,34,0,0,144,1,0,1200.0,0.0
BLOCK_K06_linear_bias0_physical_v3_334d,2025-12-10,6,14757.69018490533,0.0873691999877337,0,58,0,0,144,1,0,1200.0,0.0
BLOCK_K06_linear_bias0_physical_v3_334d,2025-12-11,0,69090.5194509066,0.2614180999953532,0,31,0,0,144,1,0,1200.0,0.0
BLOCK_K06_linear_bias0_physical_v3_334d,2025-12-11,6,9435.687230405363,0.5501666000054684,0,24,0,0,144,1,0,1200.0,0.0
BLOCK_K06_linear_bias0_physical_v3_334d,2025-12-12,0,39630.708928033455,0.2600346999970497,0,33,0,0,144,1,0,1200.0,0.0
BLOCK_K06_linear_bias0_physical_v3_334d,2025-12-12,6,10891.445795373542,0.5489598999993177,0,55,0,0,144,1,0,1200.0,0.0
BLOCK_K06_linear_bias0_physical_v3_334d,2025-12-13,0,35967.48490917421,0.3221150000026682,0,31,0,0,144,1,0,1200.0,0.0
BLOCK_K06_linear_bias0_physical_v3_334d,2025-12-13,6,14610.331482320384,0.2235341999912634,0,71,0,0,144,1,0,1200.0,0.0
BLOCK_K06_linear_bias0_physical_v3_334d,2025-12-14,0,60500.27976713934,0.4110775000008289,0,31,0,0,144,1,0,1200.0,0.0
BLOCK_K06_linear_bias0_physical_v3_334d,2025-12-14,6,17025.8134684926,0.6708270999952219,0,91,0,0,144,1,0,1200.0,0.0
BLOCK_K06_linear_bias0_physical_v3_334d,2025-12-15,0,65466.229215205305,0.1908388000010745,0,30,0,0,144,1,0,1200.0,0.0
BLOCK_K06_linear_bias0_physical_v3_334d,2025-12-15,6,16887.205794388963,0.3151213999954052,0,85,0,0,144,1,0,1200.0,0.0
BLOCK_K06_linear_bias0_physical_v3_334d,2025-12-16,0,69696.09699237307,0.2103126000001793,0,31,0,0,144,1,0,1200.0,0.0
BLOCK_K06_linear_bias0_physical_v3_334d,2025-12-16,6,11355.0607423834,0.0680396999960066,0,30,0,0,144,1,0,1200.0,0.0
BLOCK_K06_linear_bias0_physical_v3_334d,2025-12-17,0,68989.42248207855,0.3633836999943014,0,31,0,0,144,1,0,1200.0,0.0
BLOCK_K06_linear_bias0_physical_v3_334d,2025-12-17,6,10344.341209790024,0.3411597000085749,0,30,0,0,144,1,0,1200.0,0.0
BLOCK_K06_linear_bias0_physical_v3_334d,2025-12-18,0,63863.57177631878,0.143881700001657,0,30,0,0,144,1,0,1200.0,0.0
BLOCK_K06_linear_bias0_physical_v3_334d,2025-12-18,6,11953.893069667203,0.1370869999955175,0,77,0,0,144,1,0,1200.0,0.0
BLOCK_K06_linear_bias0_physical_v3_334d,2025-12-19,0,35042.21379162059,0.1535299999959534,0,38,0,0,144,1,0,1200.0,0.0
BLOCK_K06_linear_bias0_physical_v3_334d,2025-12-19,6,10480.44869838195,0.1116167000000132,0,80,0,0,144,1,0,1200.0,0.0
BLOCK_K06_linear_bias0_physical_v3_334d,2025-12-20,0,36743.3391574129,1.0941890999965835,0,33,0,0,144,1,0,1200.0,0.0
BLOCK_K06_linear_bias0_physical_v3_334d,2025-12-20,6,11204.675703291345,0.0872687999944901,0,30,0,0,144,1,0,1200.0,0.0
BLOCK_K06_linear_bias0_physical_v3_334d,2025-12-21,0,64310.29770017567,0.1679055999993579,0,30,0,0,144,1,0,1200.0,0.0
BLOCK_K06_linear_bias0_physical_v3_334d,2025-12-21,6,11674.93347215654,0.2524604999925941,0,29,0,0,144,1,0,1200.0,0.0
BLOCK_K06_linear_bias0_physical_v3_334d,2025-12-22,0,63603.51143216646,0.9655895000032616,0,32,0,0,144,1,0,1200.0,0.0
BLOCK_K06_linear_bias0_physical_v3_334d,2025-12-22,6,10979.379030665888,0.5513835000019753,0,28,0,0,144,1,0,1200.0,0.0
BLOCK_K06_linear_bias0_physical_v3_334d,2025-12-23,0,65206.43040699578,0.94610190000094,0,32,0,0,144,1,0,1200.0,0.0
BLOCK_K06_linear_bias0_physical_v3_334d,2025-12-23,6,10488.537943139036,0.176598499994725,0,43,0,0,144,1,0,1200.0,0.0
BLOCK_K06_linear_bias0_physical_v3_334d,2025-12-24,0,64549.48519366136,0.5788849999953527,0,32,0,0,144,1,0,1200.0,0.0
BLOCK_K06_linear_bias0_physical_v3_334d,2025-12-24,6,11008.186546308814,0.1196345000062137,0,34,0,0,144,1,0,1200.0,0.0
BLOCK_K06_linear_bias0_physical_v3_334d,2025-12-25,0,61254.44046868201,0.276697499997681,0,31,0,0,144,1,0,1200.0,0.0
BLOCK_K06_linear_bias0_physical_v3_334d,2025-12-25,6,9485.707473954111,0.1575984999944921,0,39,0,0,144,1,0,1200.0,0.0
BLOCK_K06_linear_bias0_physical_v3_334d,2025-12-26,0,35343.26368609081,0.452269499990507,0,38,0,0,144,1,0,1200.0,0.0
BLOCK_K06_linear_bias0_physical_v3_334d,2025-12-26,6,9053.74391428812,0.0891738999926019,0,31,0,0,144,1,0,1200.0,0.0
BLOCK_K06_linear_bias0_physical_v3_334d,2025-12-27,0,35575.948819774574,0.7244596000091406,0,28,0,0,144,1,0,1200.0,0.0
BLOCK_K06_linear_bias0_physical_v3_334d,2025-12-27,6,11951.165222229629,0.1292549000063445,0,39,0,0,144,1,0,1200.0,0.0
BLOCK_K06_linear_bias0_physical_v3_334d,2025-12-28,0,63321.29457595533,0.1635477999952854,0,29,0,0,144,1,0,1200.0,0.0
BLOCK_K06_linear_bias0_physical_v3_334d,2025-12-28,6,12113.550317403997,0.0773158999945735,0,34,0,0,144,1,0,1200.0,0.0
BLOCK_K06_linear_bias0_physical_v3_334d,2025-12-29,0,62561.75959185339,1.5699530999991111,0,32,0,0,144,1,0,1200.0,1.0
BLOCK_K06_linear_bias0_physical_v3_334d,2025-12-29,6,13001.05340090123,0.2276514999975916,0,80,0,0,144,1,0,1200.0,0.0
BLOCK_K06_linear_bias0_physical_v3_334d,2025-12-30,0,62544.55143397395,0.910392200006754,0,31,0,0,144,1,0,1200.0,0.0
BLOCK_K06_linear_bias0_physical_v3_334d,2025-12-30,6,12648.135376735245,0.3568208000069717,0,78,0,0,144,1,0,1200.0,0.0
BLOCK_K06_linear_bias0_physical_v3_334d,2025-12-31,0,63964.76902016933,0.877160999996704,0,32,0,0,144,1,0,1200.0,0.0
BLOCK_K06_linear_bias0_physical_v3_334d,2025-12-31,6,11318.85098362567,0.1924196999898413,0,35,0,0,144,1,0,1200.0,0.0
BLOCK_K0_linear_bias0_physical_v3_334d,2025-02-01,0,43757.21873730563,0.3405575999931898,0,30,0,0,144,1,0,1200.0,0.0
BLOCK_K0_linear_bias0_physical_v3_334d,2025-02-02,0,71951.91163828182,0.3407962999917799,0,28,0,0,144,1,0,1200.0,0.0
BLOCK_K0_linear_bias0_physical_v3_334d,2025-02-03,0,62098.6689890343,0.4217575999937253,0,32,0,0,144,1,0,1200.0,0.0
BLOCK_K0_linear_bias0_physical_v3_334d,2025-02-04,0,64328.21214400951,0.5128327999991598,0,31,0,0,144,1,0,1200.0,0.0
BLOCK_K0_linear_bias0_physical_v3_334d,2025-02-05,0,59690.05836019193,0.7701337999897078,0,31,0,0,144,1,0,1200.0,0.0
BLOCK_K0_linear_bias0_physical_v3_334d,2025-02-06,0,64080.58206084479,0.7028876999975182,0,32,0,0,144,1,0,1200.0,0.0
BLOCK_K0_linear_bias0_physical_v3_334d,2025-02-07,0,32250.69584285706,0.6454213999968488,0,41,0,0,144,1,0,1200.0,0.0
BLOCK_K0_linear_bias0_physical_v3_334d,2025-02-08,0,37638.72833438005,0.4744626000028802,0,37,0,0,144,1,0,1200.0,0.0
BLOCK_K0_linear_bias0_physical_v3_334d,2025-02-09,0,71076.5251827314,0.3021759999974165,0,28,0,0,144,1,0,1200.0,0.0
BLOCK_K0_linear_bias0_physical_v3_334d,2025-02-10,0,55424.30045729818,0.6648160999902757,0,30,0,0,144,1,0,1200.0,0.0
BLOCK_K0_linear_bias0_physical_v3_334d,2025-02-11,0,55860.73671278931,0.1995235999929718,0,30,0,0,144,1,0,1200.0,0.0
BLOCK_K0_linear_bias0_physical_v3_334d,2025-02-12,0,55964.07598266843,0.5110960999882082,0,31,0,0,144,1,0,1200.0,0.0
BLOCK_K0_linear_bias0_physical_v3_334d,2025-02-13,0,51153.70344123952,0.4890966999955708,0,28,0,0,144,1,0,1200.0,0.0
BLOCK_K0_linear_bias0_physical_v3_334d,2025-02-14,0,25215.50441338284,0.1797718000016175,0,36,0,0,144,1,0,1200.0,0.0
BLOCK_K0_linear_bias0_physical_v3_334d,2025-02-15,0,32986.8217818015,1.3282129999861354,0,43,0,0,144,1,0,1200.0,0.0
BLOCK_K0_linear_bias0_physical_v3_334d,2025-02-16,0,62688.24902486208,0.3322352999966824,0,28,0,0,144,1,0,1200.0,0.0
BLOCK_K0_linear_bias0_physical_v3_334d,2025-02-17,0,53765.29341423408,0.5588496999989729,0,27,0,0,144,1,0,1200.0,0.0
BLOCK_K0_linear_bias0_physical_v3_334d,2025-02-18,0,48436.33223853415,0.1445605000044452,0,35,0,0,144,1,0,1200.0,0.0
BLOCK_K0_linear_bias0_physical_v3_334d,2025-02-19,0,49834.253587406296,0.1591397000011056,0,35,0,0,144,1,0,1200.0,0.0
BLOCK_K0_linear_bias0_physical_v3_334d,2025-02-20,0,51625.933994669314,0.3467533000075491,0,30,0,0,144,1,0,1200.0,0.0
BLOCK_K0_linear_bias0_physical_v3_334d,2025-02-21,0,24451.845490396656,0.3141671000048518,0,36,0,0,144,1,0,1200.0,0.0
BLOCK_K0_linear_bias0_physical_v3_334d,2025-02-22,0,28822.82433894751,0.4002551000012317,0,31,0,0,144,1,0,1200.0,0.0
BLOCK_K0_linear_bias0_physical_v3_334d,2025-02-23,0,54651.67101145791,0.1732157000078587,0,30,0,0,144,1,0,1200.0,0.0
BLOCK_K0_linear_bias0_physical_v3_334d,2025-02-24,0,49772.10790817044,0.5007803999906173,0,37,0,0,144,1,0,1200.0,0.0
BLOCK_K0_linear_bias0_physical_v3_334d,2025-02-25,0,51105.2309469185,0.1757304000057047,0,29,0,0,144,1,0,1200.0,0.0
BLOCK_K0_linear_bias0_physical_v3_334d,2025-02-26,0,46339.96972926528,0.1900187999999616,0,39,0,0,144,1,0,1200.0,0.0
BLOCK_K0_linear_bias0_physical_v3_334d,2025-02-27,0,47833.2529252744,0.1853631999983918,0,36,0,0,144,1,0,1200.0,0.0
BLOCK_K0_linear_bias0_physical_v3_334d,2025-02-28,0,22726.206603287672,0.5701287999982014,0,18,0,0,144,1,0,1200.0,0.0
BLOCK_K0_linear_bias0_physical_v3_334d,2025-03-01,0,25816.32407637733,0.3977706000005128,0,33,0,0,144,1,0,1200.0,0.0
BLOCK_K0_linear_bias0_physical_v3_334d,2025-03-02,0,51182.40679083472,0.5617016000032891,0,31,0,0,144,1,0,1200.0,0.0
BLOCK_K0_linear_bias0_physical_v3_334d,2025-03-03,0,55135.42640880074,0.7757251000002725,0,30,0,0,144,1,0,1200.0,0.0
BLOCK_K0_linear_bias0_physical_v3_334d,2025-03-04,0,49130.33128975359,0.178747400001157,0,38,0,0,144,1,0,1200.0,0.0
BLOCK_K0_linear_bias0_physical_v3_334d,2025-03-05,0,51199.856713141126,0.1840274999995017,0,33,0,0,144,1,0,1200.0,0.0
BLOCK_K0_linear_bias0_physical_v3_334d,2025-03-06,0,47574.6560121911,0.8208884000050602,0,36,0,0,144,1,0,1200.0,0.0
BLOCK_K0_linear_bias0_physical_v3_334d,2025-03-07,0,25500.404141800464,0.2172137000015936,0,30,0,0,144,1,0,1200.0,0.0
BLOCK_K0_linear_bias0_physical_v3_334d,2025-03-08,0,19994.168639527423,0.1672614000126486,0,6,0,0,144,1,0,1200.0,0.0
BLOCK_K0_linear_bias0_physical_v3_334d,2025-03-09,0,45884.11321458093,0.1734142000059364,0,29,0,0,144,1,0,1200.0,0.0
BLOCK_K0_linear_bias0_physical_v3_334d,2025-03-10,0,46695.801942374026,0.5818118000024697,0,33,0,0,144,1,0,1200.0,0.0
BLOCK_K0_linear_bias0_physical_v3_334d,2025-03-11,0,42253.35592315306,0.1537876000074902,0,38,0,0,144,1,0,1200.0,0.0
BLOCK_K0_linear_bias0_physical_v3_334d,2025-03-12,0,49730.85258349976,0.1827931000007083,0,30,0,0,144,1,0,1200.0,0.0
BLOCK_K0_linear_bias0_physical_v3_334d,2025-03-13,0,49079.47358398744,0.7465663000039058,0,37,0,0,144,1,0,1200.0,0.0
BLOCK_K0_linear_bias0_physical_v3_334d,2025-03-14,0,20904.939463204,0.1702265000058105,0,8,0,0,144,1,0,1200.0,0.0
BLOCK_K0_linear_bias0_physical_v3_334d,2025-03-15,0,19695.18358086859,0.6951645000081044,0,23,0,0,144,1,0,1200.0,0.0
BLOCK_K0_linear_bias0_physical_v3_334d,2025-03-16,0,43557.96558376555,0.7672276000084821,0,39,0,0,144,1,0,1200.0,0.0
BLOCK_K0_linear_bias0_physical_v3_334d,2025-03-17,0,44157.4633398674,0.280540200008545,0,33,0,0,144,1,0,1200.0,0.0
BLOCK_K0_linear_bias0_physical_v3_334d,2025-03-18,0,50673.75290075907,0.4702398999943398,0,29,0,0,144,1,0,1200.0,0.0
BLOCK_K0_linear_bias0_physical_v3_334d,2025-03-19,0,41993.90606947245,0.5327920999989146,0,36,0,0,144,1,0,1200.0,0.0
BLOCK_K0_linear_bias0_physical_v3_334d,2025-03-20,0,47759.14637947129,0.307852300000377,0,35,0,0,144,1,0,1200.0,0.0
BLOCK_K0_linear_bias0_physical_v3_334d,2025-03-21,0,20736.04573321513,0.2444126000045798,0,18,0,0,144,1,0,1200.0,0.0
BLOCK_K0_linear_bias0_physical_v3_334d,2025-03-22,0,20113.600311756774,0.2497673999896505,0,6,0,0,144,1,0,1200.0,0.0
BLOCK_K0_linear_bias0_physical_v3_334d,2025-03-23,0,43710.653904804734,0.1821005000092554,0,39,0,0,144,1,0,1200.0,0.0
BLOCK_K0_linear_bias0_physical_v3_334d,2025-03-24,0,45906.0452650793,0.128580900011002,0,32,0,0,144,1,0,1200.0,0.0
BLOCK_K0_linear_bias0_physical_v3_334d,2025-03-25,0,50280.4549154188,0.8469575000053737,0,29,0,0,144,1,0,1200.0,0.0
BLOCK_K0_linear_bias0_physical_v3_334d,2025-03-26,0,42700.143953320905,0.2593918000056874,0,36,0,0,144,1,0,1200.0,0.0
BLOCK_K0_linear_bias0_physical_v3_334d,2025-03-27,0,45492.66761860054,0.4078884000045946,0,30,0,0,144,1,0,1200.0,0.0
BLOCK_K0_linear_bias0_physical_v3_334d,2025-03-28,0,20147.33695289789,0.4246566999936476,0,9,0,0,144,1,0,1200.0,0.0
BLOCK_K0_linear_bias0_physical_v3_334d,2025-03-29,0,17992.052059311085,0.3147177000064403,0,5,0,0,144,1,0,1200.0,0.0
BLOCK_K0_linear_bias0_physical_v3_334d,2025-03-30,0,40974.0831917077,0.2074313000048278,0,37,0,0,144,1,0,1200.0,0.0
BLOCK_K0_linear_bias0_physical_v3_334d,2025-03-31,0,38633.66945007094,0.8022876999893924,0,34,0,0,144,1,0,1200.0,0.0
BLOCK_K0_linear_bias0_physical_v3_334d,2025-04-01,0,46513.021945908826,0.5285289000021294,0,29,0,0,144,1,0,1200.0,0.0
BLOCK_K0_linear_bias0_physical_v3_334d,2025-04-02,0,44528.38013127512,0.1412806000007549,0,38,0,0,144,1,0,1200.0,0.0
BLOCK_K0_linear_bias0_physical_v3_334d,2025-04-03,0,45774.67658957658,0.1223961000068811,0,36,0,0,144,1,0,1200.0,0.0
BLOCK_K0_linear_bias0_physical_v3_334d,2025-04-04,0,18458.4808727924,0.0548099000006914,0,6,0,0,144,1,0,1200.0,0.0
BLOCK_K0_linear_bias0_physical_v3_334d,2025-04-05,0,17354.73039013315,0.1967387000040616,0,4,0,0,144,1,0,1200.0,0.0
BLOCK_K0_linear_bias0_physical_v3_334d,2025-04-06,0,40731.106432591405,0.4800202000042191,0,39,0,0,144,1,0,1200.0,0.0
BLOCK_K0_linear_bias0_physical_v3_334d,2025-04-07,0,37019.895150304495,0.1408884999982547,0,36,0,0,144,1,0,1200.0,0.0
BLOCK_K0_linear_bias0_physical_v3_334d,2025-04-08,0,43756.42317658827,0.1509840000071562,0,38,0,0,144,1,0,1200.0,0.0
BLOCK_K0_linear_bias0_physical_v3_334d,2025-04-09,0,42650.026970421626,0.2441755000036209,0,40,0,0,144,1,0,1200.0,0.0
BLOCK_K0_linear_bias0_physical_v3_334d,2025-04-10,0,41739.5078995598,0.3995198999909917,0,37,0,0,144,1,0,1200.0,0.0
BLOCK_K0_linear_bias0_physical_v3_334d,2025-04-11,0,16988.370179601512,0.4672468999924604,0,5,0,0,144,1,0,1200.0,0.0
BLOCK_K0_linear_bias0_physical_v3_334d,2025-04-12,0,18271.88105200743,0.4229809999960707,0,7,0,0,144,1,0,1200.0,0.0
BLOCK_K0_linear_bias0_physical_v3_334d,2025-04-13,0,37377.02880988607,0.8215217999968445,0,36,0,0,144,1,0,1200.0,0.0
BLOCK_K0_linear_bias0_physical_v3_334d,2025-04-14,0,41890.61476755201,0.1691435999964596,0,37,0,0,144,1,0,1200.0,0.0
BLOCK_K0_linear_bias0_physical_v3_334d,2025-04-15,0,36093.43100747872,0.1178841999935684,0,32,0,0,144,1,0,1200.0,0.0
BLOCK_K0_linear_bias0_physical_v3_334d,2025-04-16,0,39770.43569336748,0.360411199988448,0,39,0,0,144,1,0,1200.0,0.0
BLOCK_K0_linear_bias0_physical_v3_334d,2025-04-17,0,37143.540756358336,0.476736600001459,0,32,0,0,144,1,0,1200.0,0.0
BLOCK_K0_linear_bias0_physical_v3_334d,2025-04-18,0,17323.829096349244,0.4298142000043299,0,5,0,0,144,1,0,1200.0,0.0
BLOCK_K0_linear_bias0_physical_v3_334d,2025-04-19,0,15746.842774898296,0.1392685999890091,0,3,0,0,144,1,0,1200.0,0.0
BLOCK_K0_linear_bias0_physical_v3_334d,2025-04-20,0,35462.40417762459,0.1819058000110089,0,31,0,0,144,1,0,1200.0,0.0
BLOCK_K0_linear_bias0_physical_v3_334d,2025-04-21,0,40144.86428218129,0.5669815000001108,0,36,0,0,144,1,0,1200.0,0.0
BLOCK_K0_linear_bias0_physical_v3_334d,2025-04-22,0,35191.75259463988,0.2904551000101492,0,33,0,0,144,1,0,1200.0,0.0
BLOCK_K0_linear_bias0_physical_v3_334d,2025-04-23,0,34920.60817156831,0.4570848000003025,0,32,0,0,144,1,0,1200.0,0.0
BLOCK_K0_linear_bias0_physical_v3_334d,2025-04-24,0,36176.46237982044,0.4925866000121459,0,32,0,0,144,1,0,1200.0,0.0
BLOCK_K0_linear_bias0_physical_v3_334d,2025-04-25,0,16916.6891268198,0.1034945999999763,0,4,0,0,144,1,0,1200.0,0.0
BLOCK_K0_linear_bias0_physical_v3_334d,2025-04-26,0,15710.689676794666,0.0754183000099146,0,2,0,0,144,1,0,1200.0,0.0
BLOCK_K0_linear_bias0_physical_v3_334d,2025-04-27,0,32461.97668183501,0.46521959999518,0,22,0,0,144,1,0,1200.0,0.0
BLOCK_K0_linear_bias0_physical_v3_334d,2025-04-28,0,42594.07279394919,1.011017400000128,0,32,0,0,144,1,0,1200.0,0.0
BLOCK_K0_linear_bias0_physical_v3_334d,2025-04-29,0,36469.62601158298,1.3149365999997826,0,34,0,0,144,1,0,1200.0,0.0
BLOCK_K0_linear_bias0_physical_v3_334d,2025-04-30,0,35006.19604650166,0.9956630999949994,0,32,0,0,144,1,0,1200.0,0.0
BLOCK_K0_linear_bias0_physical_v3_334d,2025-05-01,0,37095.09460318477,0.6088711000047624,0,33,0,0,144,1,0,1200.0,0.0
BLOCK_K0_linear_bias0_physical_v3_334d,2025-05-02,0,20338.264800426045,0.0954254999960539,0,15,0,0,144,1,0,1200.0,0.0
BLOCK_K0_linear_bias0_physical_v3_334d,2025-05-03,0,17432.766020881496,0.2506169999978738,0,5,0,0,144,1,0,1200.0,0.0
BLOCK_K0_linear_bias0_physical_v3_334d,2025-05-04,0,37815.83433445868,0.2047008000081405,0,33,0,0,144,1,0,1200.0,0.0
BLOCK_K0_linear_bias0_physical_v3_334d,2025-05-05,0,42866.63934201541,0.1361266000021714,0,40,0,0,144,1,0,1200.0,0.0
BLOCK_K0_linear_bias0_physical_v3_334d,2025-05-06,0,37264.89957475659,0.6072265000111656,0,33,0,0,144,1,0,1200.0,0.0
BLOCK_K0_linear_bias0_physical_v3_334d,2025-05-07,0,40205.86090455276,0.3221024999947985,0,34,0,0,144,1,0,1200.0,0.0
BLOCK_K0_linear_bias0_physical_v3_334d,2025-05-08,0,44058.73126581021,0.228124300003401,0,39,0,0,144,1,0,1200.0,0.0
BLOCK_K0_linear_bias0_physical_v3_334d,2025-05-09,0,22099.958175271444,0.1434813999949256,0,21,0,0,144,1,0,1200.0,0.0
BLOCK_K0_linear_bias0_physical_v3_334d,2025-05-10,0,18975.13421993362,0.5931142000044929,0,3,0,0,144,1,0,1200.0,0.0
BLOCK_K0_linear_bias0_physical_v3_334d,2025-05-11,0,39133.264456149314,0.1410869999963324,0,32,0,0,144,1,0,1200.0,0.0
BLOCK_K0_linear_bias0_physical_v3_334d,2025-05-12,0,38736.91785438654,0.8200393000006443,0,34,0,0,144,1,0,1200.0,0.0
BLOCK_K0_linear_bias0_physical_v3_334d,2025-05-13,0,44301.64759755153,0.3538210999977309,0,36,0,0,144,1,0,1200.0,0.0
BLOCK_K0_linear_bias0_physical_v3_334d,2025-05-14,0,43624.89347849518,0.7265954999893438,0,37,0,0,144,1,0,1200.0,0.0
BLOCK_K0_linear_bias0_physical_v3_334d,2025-05-15,0,42767.27571481933,0.185783499997342,0,32,0,0,144,1,0,1200.0,0.0
BLOCK_K0_linear_bias0_physical_v3_334d,2025-05-16,0,20193.98568049024,0.4968058999947971,0,2,0,0,144,1,0,1200.0,0.0
BLOCK_K0_linear_bias0_physical_v3_334d,2025-05-17,0,19058.64713247072,0.0428880999970715,0,1,0,0,144,1,0,1200.0,0.0
BLOCK_K0_linear_bias0_physical_v3_334d,2025-05-18,0,41402.04135040099,0.4261662999924738,0,36,0,0,144,1,0,1200.0,0.0
BLOCK_K0_linear_bias0_physical_v3_334d,2025-05-19,0,39746.53639308972,0.1644644999905722,0,35,0,0,144,1,0,1200.0,0.0
BLOCK_K0_linear_bias0_physical_v3_334d,2025-05-20,0,39547.403853743046,0.4626729000010527,0,34,0,0,144,1,0,1200.0,0.0
BLOCK_K0_linear_bias0_physical_v3_334d,2025-05-21,0,37238.622743584725,0.6279950000025565,0,31,0,0,144,1,0,1200.0,0.0
BLOCK_K0_linear_bias0_physical_v3_334d,2025-05-22,0,38377.09741619168,0.3832972999953199,0,33,0,0,144,1,0,1200.0,0.0
BLOCK_K0_linear_bias0_physical_v3_334d,2025-05-23,0,18464.24692272898,0.4704027999978279,0,3,0,0,144,1,0,1200.0,0.0
BLOCK_K0_linear_bias0_physical_v3_334d,2025-05-24,0,19121.179637581583,0.0432870000076945,0,1,0,0,144,1,0,1200.0,0.0
BLOCK_K0_linear_bias0_physical_v3_334d,2025-05-25,0,36864.41755295127,0.0906218999880366,0,32,0,0,144,1,0,1200.0,0.0
BLOCK_K0_linear_bias0_physical_v3_334d,2025-05-26,0,38344.002173427136,0.7858140999887837,0,34,0,0,144,1,0,1200.0,0.0
BLOCK_K0_linear_bias0_physical_v3_334d,2025-05-27,0,36558.52680443927,0.2273535999993328,0,34,0,0,144,1,0,1200.0,0.0
BLOCK_K0_linear_bias0_physical_v3_334d,2025-05-28,0,40672.56789848431,0.545046100000036,0,36,0,0,144,1,0,1200.0,0.0
BLOCK_K0_linear_bias0_physical_v3_334d,2025-05-29,0,40194.77882317303,0.2403326999919954,0,35,0,0,144,1,0,1200.0,0.0
BLOCK_K0_linear_bias0_physical_v3_334d,2025-05-30,0,19682.132786174632,0.0867090999963693,0,3,0,0,144,1,0,1200.0,0.0
BLOCK_K0_linear_bias0_physical_v3_334d,2025-05-31,0,20759.375855495902,0.0446162000007461,0,2,0,0,144,1,0,1200.0,0.0
BLOCK_K0_linear_bias0_physical_v3_334d,2025-06-01,0,46808.87652468442,0.130371199993533,0,25,0,0,144,1,0,1200.0,0.0
BLOCK_K0_linear_bias0_physical_v3_334d,2025-06-02,0,54229.69458630573,0.1774562999926274,0,31,0,0,144,1,0,1200.0,0.0
BLOCK_K0_linear_bias0_physical_v3_334d,2025-06-03,0,51477.336031974526,0.3784297999955015,0,30,0,0,144,1,0,1200.0,0.0
BLOCK_K0_linear_bias0_physical_v3_334d,2025-06-04,0,59220.85801160361,0.54119640000863,0,31,0,0,144,1,0,1200.0,0.0
BLOCK_K0_linear_bias0_physical_v3_334d,2025-06-05,0,51279.14356423124,0.1722007000062149,0,31,0,0,144,1,0,1200.0,0.0
BLOCK_K0_linear_bias0_physical_v3_334d,2025-06-06,0,30669.12354616014,0.1772153999918373,0,32,0,0,144,1,0,1200.0,0.0
BLOCK_K0_linear_bias0_physical_v3_334d,2025-06-07,0,29361.13893897368,0.7323838000011165,0,33,0,0,144,1,0,1200.0,0.0
BLOCK_K0_linear_bias0_physical_v3_334d,2025-06-08,0,48441.06312553046,0.3315880000009201,0,36,0,0,144,1,0,1200.0,0.0
BLOCK_K0_linear_bias0_physical_v3_334d,2025-06-09,0,60288.44245266388,2.0732926999917254,0,29,0,0,144,1,0,1200.0,0.0
BLOCK_K0_linear_bias0_physical_v3_334d,2025-06-10,0,54210.6542243958,0.2610878999985289,0,36,0,0,144,1,0,1200.0,0.0
BLOCK_K0_linear_bias0_physical_v3_334d,2025-06-11,0,57500.71472884902,0.5150264999974752,0,33,0,0,144,1,0,1200.0,0.0
BLOCK_K0_linear_bias0_physical_v3_334d,2025-06-12,0,56871.22135553703,0.6200169999938225,0,30,0,0,144,1,0,1200.0,0.0
BLOCK_K0_linear_bias0_physical_v3_334d,2025-06-13,0,32919.02161604547,0.1371454000036465,0,24,0,0,144,1,0,1200.0,0.0
BLOCK_K0_linear_bias0_physical_v3_334d,2025-06-14,0,29699.14509193213,1.0587864999979502,0,24,0,0,144,1,0,1200.0,0.0
BLOCK_K0_linear_bias0_physical_v3_334d,2025-06-15,0,49085.63666202254,0.1404106999980285,0,37,0,0,144,1,0,1200.0,0.0
BLOCK_K0_linear_bias0_physical_v3_334d,2025-06-16,0,54975.84287031097,0.1617316999909235,0,34,0,0,144,1,0,1200.0,0.0
BLOCK_K0_linear_bias0_physical_v3_334d,2025-06-17,0,55343.32756948959,0.7043465999886394,0,31,0,0,144,1,0,1200.0,0.0
BLOCK_K0_linear_bias0_physical_v3_334d,2025-06-18,0,55394.9901571358,0.1156457000033697,0,29,0,0,144,1,0,1200.0,0.0
BLOCK_K0_linear_bias0_physical_v3_334d,2025-06-19,0,51542.75073102884,0.2733126999955857,0,33,0,0,144,1,0,1200.0,0.0
BLOCK_K0_linear_bias0_physical_v3_334d,2025-06-20,0,28496.785901975138,1.7150956999976188,0,26,0,0,144,1,0,1200.0,0.0
BLOCK_K0_linear_bias0_physical_v3_334d,2025-06-21,0,26435.77673330145,0.6967166999966139,0,8,0,0,144,1,0,1200.0,0.0
BLOCK_K0_linear_bias0_physical_v3_334d,2025-06-22,0,48397.0598056308,1.051511899990146,0,27,0,0,144,1,0,1200.0,0.0
BLOCK_K0_linear_bias0_physical_v3_334d,2025-06-23,0,50180.94402066655,0.1646247000026051,0,32,0,0,144,1,0,1200.0,0.0
BLOCK_K0_linear_bias0_physical_v3_334d,2025-06-24,0,58164.47357424205,0.5942018000059761,0,30,0,0,144,1,0,1200.0,0.0
BLOCK_K0_linear_bias0_physical_v3_334d,2025-06-25,0,50823.59031679957,0.6575365000026068,0,34,0,0,144,1,0,1200.0,0.0
BLOCK_K0_linear_bias0_physical_v3_334d,2025-06-26,0,50034.2060378722,1.1805810000078054,0,35,0,0,144,1,0,1200.0,0.0
BLOCK_K0_linear_bias0_physical_v3_334d,2025-06-27,0,28212.11093206984,0.2138259999919682,0,23,0,0,144,1,0,1200.0,0.0
BLOCK_K0_linear_bias0_physical_v3_334d,2025-06-28,0,27503.02976771048,0.5359485000080895,0,17,0,0,144,1,0,1200.0,0.0
BLOCK_K0_linear_bias0_physical_v3_334d,2025-06-29,0,47833.03770074039,0.295182100002421,0,38,0,0,144,1,0,1200.0,0.0
BLOCK_K0_linear_bias0_physical_v3_334d,2025-06-30,0,53041.45186912231,0.4841740000119898,0,31,0,0,144,1,0,1200.0,0.0
BLOCK_K0_linear_bias0_physical_v3_334d,2025-07-01,0,46069.55743384551,0.2677698000043165,0,32,0,0,144,1,0,1200.0,0.0
BLOCK_K0_linear_bias0_physical_v3_334d,2025-07-02,0,51442.86841091044,0.1736625000048661,0,42,0,0,144,1,0,1200.0,0.0
BLOCK_K0_linear_bias0_physical_v3_334d,2025-07-03,0,59158.559147686414,0.4155855999997584,0,34,0,0,144,1,0,1200.0,0.0
BLOCK_K0_linear_bias0_physical_v3_334d,2025-07-04,0,30095.782595664023,0.2918880999932298,0,4,0,0,144,1,0,1200.0,0.0
BLOCK_K0_linear_bias0_physical_v3_334d,2025-07-05,0,28445.2193912476,0.8537676999985706,0,4,0,0,144,1,0,1200.0,0.0
BLOCK_K0_linear_bias0_physical_v3_334d,2025-07-06,0,52453.36433424056,0.8327763999986928,0,32,0,0,144,1,0,1200.0,0.0
BLOCK_K0_linear_bias0_physical_v3_334d,2025-07-07,0,57484.41474307208,0.3405295999982627,0,36,0,0,144,1,0,1200.0,0.0
BLOCK_K0_linear_bias0_physical_v3_334d,2025-07-08,0,65808.16775067938,0.987675099997432,0,31,0,0,144,1,0,1200.0,0.0
BLOCK_K0_linear_bias0_physical_v3_334d,2025-07-09,0,64503.73438795498,0.9180734000110532,0,31,0,0,144,1,0,1200.0,0.0
BLOCK_K0_linear_bias0_physical_v3_334d,2025-07-10,0,59626.598234879486,0.1023352999909548,0,38,0,0,144,1,0,1200.0,0.0
BLOCK_K0_linear_bias0_physical_v3_334d,2025-07-11,0,42698.92393256778,1.0674099000025308,0,31,0,0,144,1,0,1200.0,0.0
BLOCK_K0_linear_bias0_physical_v3_334d,2025-07-12,0,32883.279703720844,0.1911137999995844,0,3,0,0,144,1,0,1200.0,0.0
BLOCK_K0_linear_bias0_physical_v3_334d,2025-07-13,0,60680.74255302696,0.1849991999915801,0,32,0,0,144,1,0,1200.0,0.0
BLOCK_K0_linear_bias0_physical_v3_334d,2025-07-14,0,59890.52949653428,1.5002268999960506,0,28,0,0,144,1,0,1200.0,0.0
BLOCK_K0_linear_bias0_physical_v3_334d,2025-07-15,0,62102.47753417176,2.014236200004234,0,34,0,0,144,1,0,1200.0,0.0
BLOCK_K0_linear_bias0_physical_v3_334d,2025-07-16,0,57265.97771871661,0.9349032000027364,0,40,0,0,144,1,0,1200.0,0.0
BLOCK_K0_linear_bias0_physical_v3_334d,2025-07-17,0,54656.5199811248,0.1593007999908877,0,37,0,0,144,1,0,1200.0,0.0
BLOCK_K0_linear_bias0_physical_v3_334d,2025-07-18,0,38692.86174845704,0.4572574000048917,0,26,0,0,144,1,0,1200.0,0.0
BLOCK_K0_linear_bias0_physical_v3_334d,2025-07-19,0,38435.14169560716,0.4206339000083972,0,26,0,0,144,1,0,1200.0,0.0
BLOCK_K0_linear_bias0_physical_v3_334d,2025-07-20,0,58295.19365428734,0.2230437000107485,0,28,0,0,144,1,0,1200.0,0.0
BLOCK_K0_linear_bias0_physical_v3_334d,2025-07-21,0,58028.757004210165,0.2260261000046739,0,35,0,0,144,1,0,1200.0,0.0
BLOCK_K0_linear_bias0_physical_v3_334d,2025-07-22,0,53558.14383689596,0.2825627999991411,0,34,0,0,144,1,0,1200.0,0.0
BLOCK_K0_linear_bias0_physical_v3_334d,2025-07-23,0,61391.62175401766,0.7900114999938523,0,33,0,0,144,1,0,1200.0,0.0
BLOCK_K0_linear_bias0_physical_v3_334d,2025-07-24,0,60812.41008290491,1.4499623000010615,0,31,0,0,144,1,0,1200.0,0.0
BLOCK_K0_linear_bias0_physical_v3_334d,2025-07-25,0,32135.12525093971,0.1839465999946696,0,5,0,0,144,1,0,1200.0,0.0
BLOCK_K0_linear_bias0_physical_v3_334d,2025-07-26,0,36306.22885974775,0.7252176000038162,0,27,0,0,144,1,0,1200.0,0.0
BLOCK_K0_linear_bias0_physical_v3_334d,2025-07-27,0,56308.48318658451,0.258274399995571,0,33,0,0,144,1,0,1200.0,0.0
BLOCK_K0_linear_bias0_physical_v3_334d,2025-07-28,0,56097.14801291047,1.052713400000357,0,35,0,0,144,1,0,1200.0,0.0
BLOCK_K0_linear_bias0_physical_v3_334d,2025-07-29,0,54454.09754295341,0.4804819999990286,0,38,0,0,144,1,0,1200.0,0.0
BLOCK_K0_linear_bias0_physical_v3_334d,2025-07-30,0,50806.82584588297,0.31901010000729,0,43,0,0,144,1,0,1200.0,0.0
BLOCK_K0_linear_bias0_physical_v3_334d,2025-07-31,0,54155.86860930096,0.4756081999948947,0,32,0,0,144,1,0,1200.0,0.0
BLOCK_K0_linear_bias0_physical_v3_334d,2025-08-01,0,32534.446656457672,0.385855000000447,0,6,0,0,144,1,0,1200.0,0.0
BLOCK_K0_linear_bias0_physical_v3_334d,2025-08-02,0,37568.824283522335,0.3623464999982388,0,26,0,0,144,1,0,1200.0,0.0
BLOCK_K0_linear_bias0_physical_v3_334d,2025-08-03,0,49397.82147087775,0.701611700002104,0,33,0,0,144,1,0,1200.0,0.0
BLOCK_K0_linear_bias0_physical_v3_334d,2025-08-04,0,52057.17599901076,0.212920000005397,0,34,0,0,144,1,0,1200.0,0.0
BLOCK_K0_linear_bias0_physical_v3_334d,2025-08-05,0,50716.88396524194,0.6550469000067096,0,37,0,0,144,1,0,1200.0,0.0
BLOCK_K0_linear_bias0_physical_v3_334d,2025-08-06,0,56181.668110783816,0.8745648999902187,0,34,0,0,144,1,0,1200.0,0.0
BLOCK_K0_linear_bias0_physical_v3_334d,2025-08-07,0,55609.33742659145,0.3044032999896444,0,27,0,0,144,1,0,1200.0,0.0
BLOCK_K0_linear_bias0_physical_v3_334d,2025-08-08,0,30494.776378893912,0.2938261999952374,0,6,0,0,144,1,0,1200.0,0.0
BLOCK_K0_linear_bias0_physical_v3_334d,2025-08-09,0,30966.862183503792,0.4510871000093175,0,5,0,0,144,1,0,1200.0,0.0
BLOCK_K0_linear_bias0_physical_v3_334d,2025-08-10,0,53802.6024840084,0.1834226999926613,0,31,0,0,144,1,0,1200.0,0.0
BLOCK_K0_linear_bias0_physical_v3_334d,2025-08-11,0,50746.18544822362,0.4968733000132488,0,35,0,0,144,1,0,1200.0,0.0
BLOCK_K0_linear_bias0_physical_v3_334d,2025-08-12,0,54660.504544513264,0.7906378000043333,0,29,0,0,144,1,0,1200.0,0.0
BLOCK_K0_linear_bias0_physical_v3_334d,2025-08-13,0,49563.291361252894,1.280745999989449,0,38,0,0,144,1,0,1200.0,0.0
BLOCK_K0_linear_bias0_physical_v3_334d,2025-08-14,0,50642.828396726334,0.6036993000016082,0,37,0,0,144,1,0,1200.0,0.0
BLOCK_K0_linear_bias0_physical_v3_334d,2025-08-15,0,31979.448774213448,0.2466021000000182,0,23,0,0,144,1,0,1200.0,0.0
BLOCK_K0_linear_bias0_physical_v3_334d,2025-08-16,0,32167.327715816755,0.6319651999947382,0,4,0,0,144,1,0,1200.0,0.0
BLOCK_K0_linear_bias0_physical_v3_334d,2025-08-17,0,50162.34801006369,0.7019610999996075,0,41,0,0,144,1,0,1200.0,0.0
BLOCK_K0_linear_bias0_physical_v3_334d,2025-08-18,0,50723.75028857342,0.2658021999959601,0,41,0,0,144,1,0,1200.0,0.0
BLOCK_K0_linear_bias0_physical_v3_334d,2025-08-19,0,49951.21501945682,0.4221628000086639,0,36,0,0,144,1,0,1200.0,0.0
BLOCK_K0_linear_bias0_physical_v3_334d,2025-08-20,0,54262.83987686195,0.7594203000044217,0,39,0,0,144,1,0,1200.0,0.0
BLOCK_K0_linear_bias0_physical_v3_334d,2025-08-21,0,52012.57595465653,0.8758433000039076,0,41,0,0,144,1,0,1200.0,0.0
BLOCK_K0_linear_bias0_physical_v3_334d,2025-08-22,0,30828.662268504107,0.2461469999980181,0,5,0,0,144,1,0,1200.0,0.0
BLOCK_K0_linear_bias0_physical_v3_334d,2025-08-23,0,29033.21643186736,0.5243686000030721,0,5,0,0,144,1,0,1200.0,0.0
BLOCK_K0_linear_bias0_physical_v3_334d,2025-08-24,0,49413.474099900464,0.5721330999949714,0,32,0,0,144,1,0,1200.0,0.0
BLOCK_K0_linear_bias0_physical_v3_334d,2025-08-25,0,63627.60714237745,0.2005235999968135,0,30,0,0,144,1,0,1200.0,0.0
BLOCK_K0_linear_bias0_physical_v3_334d,2025-08-26,0,50492.675770646,0.6247444999899017,0,34,0,0,144,1,0,1200.0,0.0
BLOCK_K0_linear_bias0_physical_v3_334d,2025-08-27,0,50735.41273910351,0.5510924999980489,0,40,0,0,144,1,0,1200.0,0.0
BLOCK_K0_linear_bias0_physical_v3_334d,2025-08-28,0,49436.1679935301,1.22854370001005,0,38,0,0,144,1,0,1200.0,0.0
BLOCK_K0_linear_bias0_physical_v3_334d,2025-08-29,0,33600.80923770891,0.7393142000073567,0,23,0,0,144,1,0,1200.0,0.0
BLOCK_K0_linear_bias0_physical_v3_334d,2025-08-30,0,31802.552394532708,0.4049565000022994,0,5,0,0,144,1,0,1200.0,0.0
BLOCK_K0_linear_bias0_physical_v3_334d,2025-08-31,0,49704.88181644704,0.7993813999928534,0,32,0,0,144,1,0,1200.0,0.0
BLOCK_K0_linear_bias0_physical_v3_334d,2025-09-01,0,55969.10160004231,0.4822116999857826,0,29,0,0,144,1,0,1200.0,0.0
BLOCK_K0_linear_bias0_physical_v3_334d,2025-09-02,0,45864.61040424979,0.3680186999990837,0,35,0,0,144,1,0,1200.0,0.0
BLOCK_K0_linear_bias0_physical_v3_334d,2025-09-03,0,48114.98227543184,0.4455541000061203,0,35,0,0,144,1,0,1200.0,0.0
BLOCK_K0_linear_bias0_physical_v3_334d,2025-09-04,0,47094.87380302097,0.288847200004966,0,32,0,0,144,1,0,1200.0,0.0
BLOCK_K0_linear_bias0_physical_v3_334d,2025-09-05,0,27804.899371306685,0.1647773000004235,0,5,0,0,144,1,0,1200.0,0.0
BLOCK_K0_linear_bias0_physical_v3_334d,2025-09-06,0,26889.235664690677,0.4513002000021515,0,3,0,0,144,1,0,1200.0,0.0
BLOCK_K0_linear_bias0_physical_v3_334d,2025-09-07,0,41721.35175761678,0.8400263000075938,0,31,0,0,144,1,0,1200.0,0.0
BLOCK_K0_linear_bias0_physical_v3_334d,2025-09-08,0,42507.13482593516,0.48398430000816,0,36,0,0,144,1,0,1200.0,0.0
BLOCK_K0_linear_bias0_physical_v3_334d,2025-09-09,0,38703.4391680346,0.2174640000012004,0,32,0,0,144,1,0,1200.0,0.0
BLOCK_K0_linear_bias0_physical_v3_334d,2025-09-10,0,46307.26322344731,0.1908407000009901,0,34,0,0,144,1,0,1200.0,0.0
BLOCK_K0_linear_bias0_physical_v3_334d,2025-09-11,0,46327.51171118269,0.5329484999965644,0,38,0,0,144,1,0,1200.0,0.0
BLOCK_K0_linear_bias0_physical_v3_334d,2025-09-12,0,24789.30473307528,0.4823117000050843,0,7,0,0,144,1,0,1200.0,0.0
BLOCK_K0_linear_bias0_physical_v3_334d,2025-09-13,0,22677.603087371223,0.5516494999901624,0,5,0,0,144,1,0,1200.0,0.0
BLOCK_K0_linear_bias0_physical_v3_334d,2025-09-14,0,46155.02114069509,0.283731200004695,0,38,0,0,144,1,0,1200.0,0.0
BLOCK_K0_linear_bias0_physical_v3_334d,2025-09-15,0,40808.76727783727,0.6520465999929002,0,14,0,0,144,1,0,1200.0,0.0
BLOCK_K0_linear_bias0_physical_v3_334d,2025-09-16,0,49469.28582601719,0.2482605999975931,0,39,0,0,144,1,0,1200.0,0.0
BLOCK_K0_linear_bias0_physical_v3_334d,2025-09-17,0,47971.30259103921,0.8288746000034735,0,38,0,0,144,1,0,1200.0,0.0
BLOCK_K0_linear_bias0_physical_v3_334d,2025-09-18,0,42662.00752940164,1.1274119000008795,0,33,0,0,144,1,0,1200.0,0.0
BLOCK_K0_linear_bias0_physical_v3_334d,2025-09-19,0,26461.08356741052,0.2891214999981457,0,7,0,0,144,1,0,1200.0,0.0
BLOCK_K0_linear_bias0_physical_v3_334d,2025-09-20,0,23918.89246469745,0.3243591000064043,0,5,0,0,144,1,0,1200.0,0.0
BLOCK_K0_linear_bias0_physical_v3_334d,2025-09-21,0,43493.192997770006,1.1778776999999536,0,37,0,0,144,1,0,1200.0,0.0
BLOCK_K0_linear_bias0_physical_v3_334d,2025-09-22,0,51450.51875352458,0.8360472000058508,0,37,0,0,144,1,0,1200.0,0.0
BLOCK_K0_linear_bias0_physical_v3_334d,2025-09-23,0,50092.97438765018,1.9770930999948175,0,35,0,0,144,1,0,1200.0,0.0
BLOCK_K0_linear_bias0_physical_v3_334d,2025-09-24,0,42709.65029461723,0.7224417999968864,0,33,0,0,144,1,0,1200.0,0.0
BLOCK_K0_linear_bias0_physical_v3_334d,2025-09-25,0,47754.202288152,0.7119051999907242,0,38,0,0,144,1,0,1200.0,0.0
BLOCK_K0_linear_bias0_physical_v3_334d,2025-09-26,0,29013.04074874801,0.6893442000000505,0,27,0,0,144,1,0,1200.0,0.0
BLOCK_K0_linear_bias0_physical_v3_334d,2025-09-27,0,23667.096467370546,0.336891500002821,0,6,0,0,144,1,0,1200.0,0.0
BLOCK_K0_linear_bias0_physical_v3_334d,2025-09-28,0,44252.77910415554,0.413212499988731,0,38,0,0,144,1,0,1200.0,0.0
BLOCK_K0_linear_bias0_physical_v3_334d,2025-09-29,0,50617.161965371975,1.912074000007124,0,35,0,0,144,1,0,1200.0,0.0
BLOCK_K0_linear_bias0_physical_v3_334d,2025-09-30,0,49859.1389518963,0.8106571999960579,0,39,0,0,144,1,0,1200.0,0.0
BLOCK_K0_linear_bias0_physical_v3_334d,2025-10-01,0,46520.65227384802,0.6046986000001198,0,42,0,0,144,1,0,1200.0,0.0
BLOCK_K0_linear_bias0_physical_v3_334d,2025-10-02,0,50567.93626392714,0.7126000999996904,0,33,0,0,144,1,0,1200.0,0.0
BLOCK_K0_linear_bias0_physical_v3_334d,2025-10-03,0,22188.402522273973,0.6024746000039158,0,6,0,0,144,1,0,1200.0,0.0
BLOCK_K0_linear_bias0_physical_v3_334d,2025-10-04,0,25866.557331579414,0.2073882999975467,0,28,0,0,144,1,0,1200.0,0.0
BLOCK_K0_linear_bias0_physical_v3_334d,2025-10-05,0,47127.26066176714,0.1551270000054501,0,32,0,0,144,1,0,1200.0,0.0
BLOCK_K0_linear_bias0_physical_v3_334d,2025-10-06,0,42481.26257484275,0.2323389999946812,0,33,0,0,144,1,0,1200.0,0.0
BLOCK_K0_linear_bias0_physical_v3_334d,2025-10-07,0,45344.92582454389,0.2273405000014463,0,39,0,0,144,1,0,1200.0,0.0
BLOCK_K0_linear_bias0_physical_v3_334d,2025-10-08,0,41423.1971336532,0.7338511999987531,0,39,0,0,144,1,0,1200.0,0.0
BLOCK_K0_linear_bias0_physical_v3_334d,2025-10-09,0,48115.98171582,0.2164327999926172,0,33,0,0,144,1,0,1200.0,0.0
BLOCK_K0_linear_bias0_physical_v3_334d,2025-10-10,0,22179.827103692038,0.5749700000014855,0,9,0,0,144,1,0,1200.0,0.0
BLOCK_K0_linear_bias0_physical_v3_334d,2025-10-11,0,22038.064579546768,0.1529897000000346,0,8,0,0,144,1,0,1200.0,0.0
BLOCK_K0_linear_bias0_physical_v3_334d,2025-10-12,0,41913.44688655393,0.7053113000001758,0,43,0,0,144,1,0,1200.0,0.0
BLOCK_K0_linear_bias0_physical_v3_334d,2025-10-13,0,45138.42755557071,1.1208082999946782,0,41,0,0,144,1,0,1200.0,0.0
BLOCK_K0_linear_bias0_physical_v3_334d,2025-10-14,0,46905.067188852205,0.5123345000029076,0,34,0,0,144,1,0,1200.0,0.0
BLOCK_K0_linear_bias0_physical_v3_334d,2025-10-15,0,48716.46110033164,0.5064546000066912,0,37,0,0,144,1,0,1200.0,0.0
BLOCK_K0_linear_bias0_physical_v3_334d,2025-10-16,0,46414.825314761074,0.3203248000063468,0,38,0,0,144,1,0,1200.0,0.0
BLOCK_K0_linear_bias0_physical_v3_334d,2025-10-17,0,20713.690423046224,0.5503672000049846,0,8,0,0,144,1,0,1200.0,0.0
BLOCK_K0_linear_bias0_physical_v3_334d,2025-10-18,0,23446.37910853634,0.6121741000097245,0,7,0,0,144,1,0,1200.0,0.0
BLOCK_K0_linear_bias0_physical_v3_334d,2025-10-19,0,46496.49950467349,0.7902604999981122,0,39,0,0,144,1,0,1200.0,0.0
BLOCK_K0_linear_bias0_physical_v3_334d,2025-10-20,0,51721.11971393396,0.9662726999958976,0,36,0,0,144,1,0,1200.0,0.0
BLOCK_K0_linear_bias0_physical_v3_334d,2025-10-21,0,49184.15226042159,0.558405000003404,0,35,0,0,144,1,0,1200.0,0.0
BLOCK_K0_linear_bias0_physical_v3_334d,2025-10-22,0,47111.03255964101,1.0584420999948634,0,37,0,0,144,1,0,1200.0,0.0
BLOCK_K0_linear_bias0_physical_v3_334d,2025-10-23,0,53659.32106581141,0.6205130999878747,0,30,0,0,144,1,0,1200.0,0.0
BLOCK_K0_linear_bias0_physical_v3_334d,2025-10-24,0,22326.95663266269,0.2631010000040987,0,10,0,0,144,1,0,1200.0,0.0
BLOCK_K0_linear_bias0_physical_v3_334d,2025-10-25,0,23758.24559008358,0.3533496000018203,0,27,0,0,144,1,0,1200.0,0.0
BLOCK_K0_linear_bias0_physical_v3_334d,2025-10-26,0,49677.635055480045,0.3250535999977728,0,34,0,0,144,1,0,1200.0,0.0
BLOCK_K0_linear_bias0_physical_v3_334d,2025-10-27,0,46215.67835133926,0.2718848999938927,0,39,0,0,144,1,0,1200.0,0.0
BLOCK_K0_linear_bias0_physical_v3_334d,2025-10-28,0,46392.78950367306,0.5132558000041172,0,39,0,0,144,1,0,1200.0,0.0
BLOCK_K0_linear_bias0_physical_v3_334d,2025-10-29,0,52088.66392061643,0.1816735000029439,0,33,0,0,144,1,0,1200.0,0.0
BLOCK_K0_linear_bias0_physical_v3_334d,2025-10-30,0,46246.26619899326,0.8382571999973152,0,39,0,0,144,1,0,1200.0,0.0
BLOCK_K0_linear_bias0_physical_v3_334d,2025-10-31,0,26153.748684225477,0.1369504000031156,0,29,0,0,144,1,0,1200.0,0.0
BLOCK_K0_linear_bias0_physical_v3_334d,2025-11-01,0,23321.81838377088,0.1202497000049334,0,8,0,0,144,1,0,1200.0,0.0
BLOCK_K0_linear_bias0_physical_v3_334d,2025-11-02,0,48339.49219976853,0.2800858999980846,0,37,0,0,144,1,0,1200.0,0.0
BLOCK_K0_linear_bias0_physical_v3_334d,2025-11-03,0,53429.66407848472,0.1566273999924305,0,29,0,0,144,1,0,1200.0,0.0
BLOCK_K0_linear_bias0_physical_v3_334d,2025-11-04,0,49534.36658932017,0.2488876999996137,0,36,0,0,144,1,0,1200.0,0.0
BLOCK_K0_linear_bias0_physical_v3_334d,2025-11-05,0,55057.78942840418,0.2824204000062309,0,30,0,0,144,1,0,1200.0,0.0
BLOCK_K0_linear_bias0_physical_v3_334d,2025-11-06,0,50982.46100563281,0.4540122000034898,0,29,0,0,144,1,0,1200.0,0.0
BLOCK_K0_linear_bias0_physical_v3_334d,2025-11-07,0,23733.534463030348,0.6595343000080902,0,26,0,0,144,1,0,1200.0,0.0
BLOCK_K0_linear_bias0_physical_v3_334d,2025-11-08,0,24365.95797887469,0.2349477999960072,0,29,0,0,144,1,0,1200.0,0.0
BLOCK_K0_linear_bias0_physical_v3_334d,2025-11-09,0,51135.35473257089,1.0319514000002528,0,29,0,0,144,1,0,1200.0,0.0
BLOCK_K0_linear_bias0_physical_v3_334d,2025-11-10,0,53920.01086232809,0.8863118000008399,0,34,0,0,144,1,0,1200.0,0.0
BLOCK_K0_linear_bias0_physical_v3_334d,2025-11-11,0,56097.17409387041,0.1816106000042054,0,31,0,0,144,1,0,1200.0,0.0
BLOCK_K0_linear_bias0_physical_v3_334d,2025-11-12,0,52207.105534015456,0.7431894999899669,0,33,0,0,144,1,0,1200.0,0.0
BLOCK_K0_linear_bias0_physical_v3_334d,2025-11-13,0,50950.88829028005,0.2431695999985095,0,34,0,0,144,1,0,1200.0,0.0
BLOCK_K0_linear_bias0_physical_v3_334d,2025-11-14,0,25780.14223719384,0.1488479999970877,0,30,0,0,144,1,0,1200.0,0.0
BLOCK_K0_linear_bias0_physical_v3_334d,2025-11-15,0,27371.733803232462,0.2470290000055683,0,33,0,0,144,1,0,1200.0,0.0
BLOCK_K0_linear_bias0_physical_v3_334d,2025-11-16,0,51482.03246460187,0.3512068999989424,0,34,0,0,144,1,0,1200.0,0.0
BLOCK_K0_linear_bias0_physical_v3_334d,2025-11-17,0,51590.54488873137,0.8104886999935843,0,35,0,0,144,1,0,1200.0,0.0
BLOCK_K0_linear_bias0_physical_v3_334d,2025-11-18,0,54215.49599697771,0.5213148999901023,0,30,0,0,144,1,0,1200.0,0.0
BLOCK_K0_linear_bias0_physical_v3_334d,2025-11-19,0,53438.195673562375,0.4901881000114372,0,30,0,0,144,1,0,1200.0,0.0
BLOCK_K0_linear_bias0_physical_v3_334d,2025-11-20,0,53747.069864271376,0.1534804999973857,0,30,0,0,144,1,0,1200.0,0.0
BLOCK_K0_linear_bias0_physical_v3_334d,2025-11-21,0,26102.20978627919,0.3882056000002194,0,31,0,0,144,1,0,1200.0,0.0
BLOCK_K0_linear_bias0_physical_v3_334d,2025-11-22,0,27813.951719911,0.433496900004684,0,40,0,0,144,1,0,1200.0,0.0
BLOCK_K0_linear_bias0_physical_v3_334d,2025-11-23,0,51770.45800129834,0.5283870999992359,0,32,0,0,144,1,0,1200.0,0.0
BLOCK_K0_linear_bias0_physical_v3_334d,2025-11-24,0,53253.71405213564,1.1862598999869078,0,30,0,0,144,1,0,1200.0,0.0
BLOCK_K0_linear_bias0_physical_v3_334d,2025-11-25,0,61706.39004917524,0.2382555000076536,0,32,0,0,144,1,0,1200.0,0.0
BLOCK_K0_linear_bias0_physical_v3_334d,2025-11-26,0,57909.37734780926,0.7858859999978449,0,31,0,0,144,1,0,1200.0,0.0
BLOCK_K0_linear_bias0_physical_v3_334d,2025-11-27,0,56117.93057742096,1.163629900009255,0,30,0,0,144,1,0,1200.0,0.0
BLOCK_K0_linear_bias0_physical_v3_334d,2025-11-28,0,27314.43147437747,0.610957299999427,0,35,0,0,144,1,0,1200.0,0.0
BLOCK_K0_linear_bias0_physical_v3_334d,2025-11-29,0,32210.191790052333,0.2188199999945936,0,34,0,0,144,1,0,1200.0,0.0
BLOCK_K0_linear_bias0_physical_v3_334d,2025-11-30,0,55637.48705854823,0.5080458000011276,0,28,0,0,144,1,0,1200.0,0.0
BLOCK_K0_linear_bias0_physical_v3_334d,2025-12-01,0,60681.17840655409,0.9119627999898512,0,31,0,0,144,1,0,1200.0,0.0
BLOCK_K0_linear_bias0_physical_v3_334d,2025-12-02,0,63453.53783260719,0.2534388999920338,0,31,0,0,144,1,0,1200.0,0.0
BLOCK_K0_linear_bias0_physical_v3_334d,2025-12-03,0,57677.543158533575,0.4678603999927873,0,31,0,0,144,1,0,1200.0,0.0
BLOCK_K0_linear_bias0_physical_v3_334d,2025-12-04,0,65172.814656320144,0.3760650999902282,0,32,0,0,144,1,0,1200.0,0.0
BLOCK_K0_linear_bias0_physical_v3_334d,2025-12-05,0,35378.80230649913,0.1252493000065442,0,33,0,0,144,1,0,1200.0,0.0
BLOCK_K0_linear_bias0_physical_v3_334d,2025-12-06,0,32212.169928484826,0.191510400007246,0,37,0,0,144,1,0,1200.0,0.0
BLOCK_K0_linear_bias0_physical_v3_334d,2025-12-07,0,62402.2842669462,0.3710354999930132,0,30,0,0,144,1,0,1200.0,0.0
BLOCK_K0_linear_bias0_physical_v3_334d,2025-12-08,0,70557.86692149237,0.1434995000017807,0,31,0,0,144,1,0,1200.0,0.0
BLOCK_K0_linear_bias0_physical_v3_334d,2025-12-09,0,69604.14230344929,0.2338782000006176,0,32,0,0,144,1,0,1200.0,0.0
BLOCK_K0_linear_bias0_physical_v3_334d,2025-12-10,0,66538.41918681365,0.2398480999981984,0,34,0,0,144,1,0,1200.0,0.0
BLOCK_K0_linear_bias0_physical_v3_334d,2025-12-11,0,69101.35804654186,0.2776314999937312,0,31,0,0,144,1,0,1200.0,0.0
BLOCK_K0_linear_bias0_physical_v3_334d,2025-12-12,0,39630.708928033455,0.2574553000013111,0,33,0,0,144,1,0,1200.0,0.0
BLOCK_K0_linear_bias0_physical_v3_334d,2025-12-13,0,35967.48490917421,0.3193566999980248,0,31,0,0,144,1,0,1200.0,0.0
BLOCK_K0_linear_bias0_physical_v3_334d,2025-12-14,0,60509.62448784972,0.275812699997914,0,31,0,0,144,1,0,1200.0,0.0
BLOCK_K0_linear_bias0_physical_v3_334d,2025-12-15,0,65627.2413080064,0.1754417000047397,0,30,0,0,144,1,0,1200.0,0.0
BLOCK_K0_linear_bias0_physical_v3_334d,2025-12-16,0,69705.48756620372,0.2197182999952929,0,31,0,0,144,1,0,1200.0,0.0
BLOCK_K0_linear_bias0_physical_v3_334d,2025-12-17,0,68989.42248207855,0.3383763000019826,0,31,0,0,144,1,0,1200.0,0.0
BLOCK_K0_linear_bias0_physical_v3_334d,2025-12-18,0,63862.50251152581,0.1480475999996997,0,30,0,0,144,1,0,1200.0,0.0
BLOCK_K0_linear_bias0_physical_v3_334d,2025-12-19,0,35046.971452444785,0.1400347000017063,0,38,0,0,144,1,0,1200.0,0.0
BLOCK_K0_linear_bias0_physical_v3_334d,2025-12-20,0,36743.33915741943,2.1423377999890363,0,33,0,0,144,1,0,1200.0,1.0
BLOCK_K0_linear_bias0_physical_v3_334d,2025-12-21,0,64310.29770017567,0.1720276999985799,0,30,0,0,144,1,0,1200.0,0.0
BLOCK_K0_linear_bias0_physical_v3_334d,2025-12-22,0,63603.51143216646,0.9488581999903544,0,32,0,0,144,1,0,1200.0,0.0
BLOCK_K0_linear_bias0_physical_v3_334d,2025-12-23,0,65206.43040699578,0.9250977999909082,0,32,0,0,144,1,0,1200.0,0.0
BLOCK_K0_linear_bias0_physical_v3_334d,2025-12-24,0,64536.80110389207,0.6053753000014694,0,32,0,0,144,1,0,1200.0,0.0
BLOCK_K0_linear_bias0_physical_v3_334d,2025-12-25,0,61254.44046868202,0.336816999988514,0,31,0,0,144,1,0,1200.0,0.0
BLOCK_K0_linear_bias0_physical_v3_334d,2025-12-26,0,35343.26368609081,0.4400371999945491,0,38,0,0,144,1,0,1200.0,0.0
BLOCK_K0_linear_bias0_physical_v3_334d,2025-12-27,0,35575.948819774574,0.7153552999952808,0,28,0,0,144,1,0,1200.0,0.0
BLOCK_K0_linear_bias0_physical_v3_334d,2025-12-28,0,63321.29457595533,0.1618663999979617,0,29,0,0,144,1,0,1200.0,0.0
BLOCK_K0_linear_bias0_physical_v3_334d,2025-12-29,0,62561.75959185339,1.514069600001676,0,32,0,0,144,1,0,1200.0,1.0
BLOCK_K0_linear_bias0_physical_v3_334d,2025-12-30,0,62548.53645340846,0.6403719000081765,0,31,0,0,144,1,0,1200.0,0.0
BLOCK_K0_linear_bias0_physical_v3_334d,2025-12-31,0,63971.93863564584,0.8239258000103291,0,32,0,0,144,1,0,1200.0,0.0
BLOCK_Kall_linear_bias0_lp_1d,2025-02-01,0,43307.8950905017,0.0206896000017877,0,30,0,30,0,0,0,1200.0,
BLOCK_Kall_linear_bias0_lp_1d,2025-02-01,6,14546.417248677968,0.0159132999979192,0,37,0,28,0,0,0,1200.0,
BLOCK_Kall_linear_bias0_lp_1d,2025-02-01,12,35133.43499177826,0.0151047999970614,0,46,0,34,0,0,0,1200.0,
BLOCK_Kall_linear_bias0_lp_1d,2025-02-01,18,43645.11686667268,0.0157737999979872,0,54,0,41,0,0,0,1200.0,
BLOCK_Kall_linear_bias0_physical_1d,2025-02-01,0,43757.21873730562,0.6776683000061894,0,30,0,0,45,6,0,1200.0,
BLOCK_Kall_linear_bias0_physical_1d,2025-02-01,6,14122.216020603846,0.7907154999993509,0,28,0,0,31,7,0,1200.0,
BLOCK_Kall_linear_bias0_physical_1d,2025-02-01,12,34977.152980788625,1.2229125000012573,0,41,0,0,45,8,0,1200.0,
BLOCK_Kall_linear_bias0_physical_1d,2025-02-01,18,43907.74860165602,1.0544720999896526,0,54,0,0,56,8,0,1200.0,
BLOCK_Kall_linear_bias0_physical_7d,2025-02-01,0,43757.21873730562,0.6649009999964619,0,30,0,0,45,6,0,1200.0,
BLOCK_Kall_linear_bias0_physical_7d,2025-02-01,6,14122.216020603846,0.7727134000015212,0,28,0,0,31,7,0,1200.0,
BLOCK_Kall_linear_bias0_physical_7d,2025-02-01,12,34977.152980788625,1.2025967999943532,0,41,0,0,45,8,0,1200.0,
BLOCK_Kall_linear_bias0_physical_7d,2025-02-01,18,43907.74860165602,1.0765298000042094,0,54,0,0,56,8,0,1200.0,
BLOCK_Kall_linear_bias0_physical_7d,2025-02-02,0,71951.91163828156,1.5488885999948252,0,28,0,0,52,11,0,1200.0,
BLOCK_Kall_linear_bias0_physical_7d,2025-02-02,6,14987.674191411712,0.931632099993294,0,36,0,0,47,7,0,1200.0,
BLOCK_Kall_linear_bias0_physical_7d,2025-02-02,12,33554.97275174815,0.9837229999975534,0,42,0,0,48,8,0,1200.0,
BLOCK_Kall_linear_bias0_physical_7d,2025-02-02,18,46661.69958352998,1.1671031000005314,0,55,0,0,56,8,0,1200.0,
BLOCK_Kall_linear_bias0_physical_7d,2025-02-03,0,62098.6689890343,1.3563489999942249,0,32,0,0,44,10,0,1200.0,
BLOCK_Kall_linear_bias0_physical_7d,2025-02-03,6,9992.94993280866,0.4959286999946926,0,24,0,0,31,5,0,1200.0,
BLOCK_Kall_linear_bias0_physical_7d,2025-02-03,12,26914.747657675805,0.2989044999994803,0,44,0,0,42,3,0,1200.0,
BLOCK_Kall_linear_bias0_physical_7d,2025-02-03,18,43901.82455176027,1.1792399999976624,0,55,0,0,49,3,0,1200.0,
BLOCK_Kall_linear_bias0_physical_7d,2025-02-04,0,64328.21214400973,2.492783200010308,0,31,0,0,46,12,0,1200.0,
BLOCK_Kall_linear_bias0_physical_7d,2025-02-04,6,10630.368313293377,2.08764670000528,0,25,0,0,32,7,0,1200.0,
BLOCK_Kall_linear_bias0_physical_7d,2025-02-04,12,22840.63102173278,0.3965822999889496,0,44,0,0,42,4,0,1200.0,
BLOCK_Kall_linear_bias0_physical_7d,2025-02-04,18,45455.181376316,0.975299300000188,0,55,0,0,48,3,0,1200.0,
BLOCK_Kall_linear_bias0_physical_7d,2025-02-05,0,59690.05836019256,1.1908564000041224,0,31,0,0,46,12,0,1200.0,
BLOCK_Kall_linear_bias0_physical_7d,2025-02-05,6,11511.690959514288,2.366763900005026,0,42,0,0,43,9,0,1200.0,
BLOCK_Kall_linear_bias0_physical_7d,2025-02-05,12,28656.264255409395,0.6491566999902716,0,43,0,0,44,7,0,1200.0,
BLOCK_Kall_linear_bias0_physical_7d,2025-02-05,18,42734.070464758144,1.9814937000046484,0,54,0,0,51,6,0,1200.0,
BLOCK_Kall_linear_bias0_physical_7d,2025-02-06,0,64080.58206084479,1.5389681999949971,0,32,0,0,44,10,0,1200.0,
BLOCK_Kall_linear_bias0_physical_7d,2025-02-06,6,7809.722118988425,0.2720203000062611,0,24,0,0,17,4,0,1200.0,
BLOCK_Kall_linear_bias0_physical_7d,2025-02-06,12,17389.45278105621,0.4995225000020582,0,46,0,0,46,5,0,1200.0,
BLOCK_Kall_linear_bias0_physical_7d,2025-02-06,18,16704.962051607527,0.6864122999977553,0,57,0,0,54,5,0,1200.0,
BLOCK_Kall_linear_bias0_physical_7d,2025-02-07,0,32250.695842857065,1.5120507000101495,0,41,0,0,57,9,0,1200.0,
BLOCK_Kall_linear_bias0_physical_7d,2025-02-07,6,7596.675909953883,0.2156345000112196,0,21,0,0,15,3,0,1200.0,
BLOCK_Kall_linear_bias0_physical_7d,2025-02-07,12,10782.428446107995,1.3471244999964256,0,36,0,0,38,9,0,1200.0,
BLOCK_Kall_linear_bias0_physical_7d,2025-02-07,18,16819.12014416877,0.902642899993225,0,59,0,0,58,7,0,1200.0,
BLOCK_Kall_linear_bias0_physical_v2_1d,2025-02-01,0,43757.21873730562,0.2861239999911049,0,30,0,0,144,1,0,1200.0,
BLOCK_Kall_linear_bias0_physical_v2_1d,2025-02-01,6,14161.7003663979,0.2863512999902013,0,28,0,0,144,1,0,1200.0,
BLOCK_Kall_linear_bias0_physical_v2_1d,2025-02-01,12,35018.94316987602,0.2864119000005303,0,41,0,0,144,1,0,1200.0,
BLOCK_Kall_linear_bias0_physical_v2_1d,2025-02-01,18,43907.74860165602,0.5754007000068668,0,54,0,0,144,1,0,1200.0,
BLOCK_Kall_linear_bias0_physical_v2_28d,2025-02-01,0,43757.21873730562,0.3013358000025619,0,30,0,0,144,1,0,1200.0,
BLOCK_Kall_linear_bias0_physical_v2_28d,2025-02-01,6,14161.7003663979,0.2992460999957984,0,28,0,0,144,1,0,1200.0,
BLOCK_Kall_linear_bias0_physical_v2_28d,2025-02-01,12,35018.94316987602,0.3184378000005381,0,41,0,0,144,1,0,1200.0,
BLOCK_Kall_linear_bias0_physical_v2_28d,2025-02-01,18,43907.74860165602,0.5859463000087999,0,54,0,0,144,1,0,1200.0,
BLOCK_Kall_linear_bias0_physical_v2_28d,2025-02-02,0,71951.91163828176,0.933598300005542,0,28,0,0,144,1,0,1200.0,
BLOCK_Kall_linear_bias0_physical_v2_28d,2025-02-02,6,15393.451860422849,0.1877114999952027,0,46,0,0,144,1,0,1200.0,
BLOCK_Kall_linear_bias0_physical_v2_28d,2025-02-02,12,33867.221485611495,0.2009997999994084,0,42,0,0,144,1,0,1200.0,
BLOCK_Kall_linear_bias0_physical_v2_28d,2025-02-02,18,46667.004086287365,0.3340353000094183,0,55,0,0,144,1,0,1200.0,
BLOCK_Kall_linear_bias0_physical_v2_28d,2025-02-03,0,62098.668989034304,0.4577531999966595,0,32,0,0,144,1,0,1200.0,
BLOCK_Kall_linear_bias0_physical_v2_28d,2025-02-03,6,9955.184881746043,0.278012700000545,0,24,0,0,144,1,0,1200.0,
BLOCK_Kall_linear_bias0_physical_v2_28d,2025-02-03,12,26864.11764839401,0.1450424999929964,0,43,0,0,144,1,0,1200.0,
BLOCK_Kall_linear_bias0_physical_v2_28d,2025-02-03,18,43864.87708269215,0.1686966999986907,0,55,0,0,144,1,0,1200.0,
BLOCK_Kall_linear_bias0_physical_v2_28d,2025-02-04,0,64328.212144009696,0.6690976999962004,0,31,0,0,144,1,0,1200.0,
BLOCK_Kall_linear_bias0_physical_v2_28d,2025-02-04,6,10623.821184672635,1.3435849999950733,0,25,0,0,144,1,0,1200.0,
BLOCK_Kall_linear_bias0_physical_v2_28d,2025-02-04,12,22833.01910803668,0.1468618999933824,0,44,0,0,144,1,0,1200.0,
BLOCK_Kall_linear_bias0_physical_v2_28d,2025-02-04,18,45448.634247694725,0.2803932999959215,0,55,0,0,144,1,0,1200.0,
BLOCK_Kall_linear_bias0_physical_v2_28d,2025-02-05,0,59690.05836019297,0.8379875999962678,0,31,0,0,144,1,0,1200.0,
BLOCK_Kall_linear_bias0_physical_v2_28d,2025-02-05,6,11464.31743985684,1.1008347000024514,0,42,0,0,144,1,0,1200.0,
BLOCK_Kall_linear_bias0_physical_v2_28d,2025-02-05,12,28650.706456152595,0.1560538000048836,0,43,0,0,144,1,0,1200.0,
BLOCK_Kall_linear_bias0_physical_v2_28d,2025-02-05,18,42734.07046475815,0.3563223000091966,0,54,0,0,144,1,0,1200.0,
BLOCK_Kall_linear_bias0_physical_v2_28d,2025-02-06,0,64080.58206084479,0.4428332999959821,0,32,0,0,144,1,0,1200.0,
BLOCK_Kall_linear_bias0_physical_v2_28d,2025-02-06,6,7826.95386768293,0.0860167999926488,0,24,0,0,144,1,0,1200.0,
BLOCK_Kall_linear_bias0_physical_v2_28d,2025-02-06,12,17394.090987309428,0.2137513999914517,0,44,0,0,144,1,0,1200.0,
BLOCK_Kall_linear_bias0_physical_v2_28d,2025-02-06,18,16708.30087928569,0.2827455999940866,0,55,0,0,144,1,0,1200.0,
BLOCK_Kall_linear_bias0_physical_v2_28d,2025-02-07,0,32250.695842857065,1.0982250999950338,0,41,0,0,144,1,0,1200.0,
BLOCK_Kall_linear_bias0_physical_v2_28d,2025-02-07,6,7605.779103745483,0.127866000009817,0,22,0,0,144,1,0,1200.0,
BLOCK_Kall_linear_bias0_physical_v2_28d,2025-02-07,12,10789.646377075143,0.8113125999952899,0,36,0,0,144,1,0,1200.0,
BLOCK_Kall_linear_bias0_physical_v2_28d,2025-02-07,18,16819.120144168777,0.3618509000079939,0,59,0,0,144,1,0,1200.0,
BLOCK_Kall_linear_bias0_physical_v2_28d,2025-02-08,0,37638.72833438005,0.8393734999990556,0,37,0,0,144,1,0,1200.0,
BLOCK_Kall_linear_bias0_physical_v2_28d,2025-02-08,6,16674.64660637607,0.3646017999999458,0,52,0,0,144,1,0,1200.0,
BLOCK_Kall_linear_bias0_physical_v2_28d,2025-02-08,12,31517.58085383166,0.3214100000041071,0,44,0,0,144,1,0,1200.0,
BLOCK_Kall_linear_bias0_physical_v2_28d,2025-02-08,18,49969.5130179036,0.2274870999972336,0,54,0,0,144,1,0,1200.0,
BLOCK_Kall_linear_bias0_physical_v2_28d,2025-02-09,0,71076.52518273036,0.7912420999928145,0,28,0,0,144,1,0,1200.0,
BLOCK_Kall_linear_bias0_physical_v2_28d,2025-02-09,6,15580.395845728532,0.4972970000089844,0,44,0,0,144,1,0,1200.0,
BLOCK_Kall_linear_bias0_physical_v2_28d,2025-02-09,12,30867.6826688488,0.3907613000046694,0,46,0,0,144,1,0,1200.0,
BLOCK_Kall_linear_bias0_physical_v2_28d,2025-02-09,18,43863.19883211081,0.5800232000037795,0,54,0,0,144,1,0,1200.0,
BLOCK_Kall_linear_bias0_physical_v2_28d,2025-02-10,0,55424.30045729818,0.7855373000056716,0,30,0,0,144,1,0,1200.0,
BLOCK_Kall_linear_bias0_physical_v2_28d,2025-02-10,6,8687.966920380002,0.4332065999915357,0,24,0,0,144,1,0,1200.0,
BLOCK_Kall_linear_bias0_physical_v2_28d,2025-02-10,12,23840.446455779245,0.264359400011017,0,83,0,0,144,1,0,1200.0,
BLOCK_Kall_linear_bias0_physical_v2_28d,2025-02-10,18,31663.802777127385,0.5449957999953767,0,53,0,0,144,1,0,1200.0,
BLOCK_Kall_linear_bias0_physical_v2_28d,2025-02-11,0,55860.73671278932,0.2824045000015758,0,30,0,0,144,1,0,1200.0,
BLOCK_Kall_linear_bias0_physical_v2_28d,2025-02-11,6,9975.995325680104,0.2398612999968463,0,25,0,0,144,1,0,1200.0,
BLOCK_Kall_linear_bias0_physical_v2_28d,2025-02-11,12,18337.777595194297,0.2714019999984884,0,43,0,0,144,1,0,1200.0,
BLOCK_Kall_linear_bias0_physical_v2_28d,2025-02-11,18,40121.91194176253,0.302654099999927,0,52,0,0,144,1,0,1200.0,
BLOCK_Kall_linear_bias0_physical_v2_28d,2025-02-12,0,55964.07598266879,0.6159636000083992,0,31,0,0,144,1,0,1200.0,
BLOCK_Kall_linear_bias0_physical_v2_28d,2025-02-12,6,9506.951644467785,0.2400859000044874,0,24,0,0,144,1,0,1200.0,
BLOCK_Kall_linear_bias0_physical_v2_28d,2025-02-12,12,20396.188144960164,0.1536489999998593,0,43,0,0,144,1,0,1200.0,
BLOCK_Kall_linear_bias0_physical_v2_28d,2025-02-12,18,38630.98624192691,0.3445436000038171,0,54,0,0,144,1,0,1200.0,
BLOCK_Kall_linear_bias0_physical_v2_28d,2025-02-13,0,51153.70344124053,0.2589843000023393,0,28,0,0,144,1,0,1200.0,
BLOCK_Kall_linear_bias0_physical_v2_28d,2025-02-13,6,8769.505506646206,0.081524499997613,0,41,0,0,144,1,0,1200.0,
BLOCK_Kall_linear_bias0_physical_v2_28d,2025-02-13,12,14744.932054654311,0.1597018000029493,0,43,0,0,144,1,0,1200.0,
BLOCK_Kall_linear_bias0_physical_v2_28d,2025-02-13,18,15912.545267232032,0.1468543999944813,0,57,0,0,144,1,0,1200.0,
BLOCK_Kall_linear_bias0_physical_v2_28d,2025-02-14,0,25225.323910226787,0.2042386999964947,0,36,0,0,144,1,0,1200.0,
BLOCK_Kall_linear_bias0_physical_v2_28d,2025-02-14,6,10588.016193977845,0.154196999996202,0,38,0,0,144,1,0,1200.0,
BLOCK_Kall_linear_bias0_physical_v2_28d,2025-02-14,12,12177.371994183117,0.4202465999987907,0,36,0,0,144,1,0,1200.0,
BLOCK_Kall_linear_bias0_physical_v2_28d,2025-02-14,18,11556.109837673108,0.4927211000031093,0,35,0,0,144,1,0,1200.0,
BLOCK_Kall_linear_bias0_physical_v2_28d,2025-02-15,0,32986.82178180132,1.1437698999943675,0,43,0,0,144,1,0,1200.0,
BLOCK_Kall_linear_bias0_physical_v2_28d,2025-02-15,6,10547.179066086655,0.261497400002554,0,21,0,0,144,1,0,1200.0,
BLOCK_Kall_linear_bias0_physical_v2_28d,2025-02-15,12,24920.1495722734,0.8839063999912469,0,39,0,0,144,1,0,1200.0,
BLOCK_Kall_linear_bias0_physical_v2_28d,2025-02-15,18,34660.2042454889,0.1947383999940939,0,52,0,0,144,1,0,1200.0,
BLOCK_Kall_linear_bias0_physical_v2_28d,2025-02-16,0,62688.24902486408,0.7098912999936147,0,28,0,0,144,1,0,1200.0,
BLOCK_Kall_linear_bias0_physical_v2_28d,2025-02-16,6,10596.021918798548,0.1630773000069894,0,26,0,0,144,1,0,1200.0,
BLOCK_Kall_linear_bias0_physical_v2_28d,2025-02-16,12,22428.61616006675,0.3317944000009447,0,42,0,0,144,1,0,1200.0,
BLOCK_Kall_linear_bias0_physical_v2_28d,2025-02-16,18,32084.841059262773,0.3939297999895643,0,58,0,0,144,1,0,1200.0,
BLOCK_Kall_linear_bias0_physical_v2_28d,2025-02-17,0,53765.2934142341,0.136234699995839,0,27,0,0,144,1,0,1200.0,
BLOCK_Kall_linear_bias0_physical_v2_28d,2025-02-17,6,10188.240962726468,0.4222677000070689,0,60,0,0,144,1,0,1200.0,
BLOCK_Kall_linear_bias0_physical_v2_28d,2025-02-17,12,18517.592453205496,0.1331561999977566,0,57,0,0,144,1,0,1200.0,
BLOCK_Kall_linear_bias0_physical_v2_28d,2025-02-17,18,27726.81448833903,0.4901781999942614,0,60,0,0,144,1,0,1200.0,
BLOCK_Kall_linear_bias0_physical_v2_28d,2025-02-18,0,48461.06867656302,0.1998608999856514,0,35,0,0,144,1,0,1200.0,
BLOCK_Kall_linear_bias0_physical_v2_28d,2025-02-18,6,14110.296061737656,0.7404647999937879,0,105,0,0,144,1,0,1200.0,
BLOCK_Kall_linear_bias0_physical_v2_28d,2025-02-18,12,26078.198781624164,1.1517437999864342,0,75,0,0,144,1,0,1200.0,
BLOCK_Kall_linear_bias0_physical_v2_28d,2025-02-18,18,30580.91070863178,0.2606572000076994,0,57,0,0,144,1,0,1200.0,
BLOCK_Kall_linear_bias0_physical_v2_28d,2025-02-19,0,49833.069298071765,0.2686634999990929,0,35,0,0,144,1,0,1200.0,
BLOCK_Kall_linear_bias0_physical_v2_28d,2025-02-19,6,12108.234611148218,0.2741493999928934,0,58,0,0,144,1,0,1200.0,
BLOCK_Kall_linear_bias0_physical_v2_28d,2025-02-19,12,21134.259198860444,0.4061828999983845,0,47,0,0,144,1,0,1200.0,
BLOCK_Kall_linear_bias0_physical_v2_28d,2025-02-19,18,27969.110939536196,1.4516288000013446,0,59,0,0,144,1,0,1200.0,
BLOCK_Kall_linear_bias0_physical_v2_28d,2025-02-20,0,51645.11263736762,0.233347400004277,0,30,0,0,144,1,0,1200.0,
BLOCK_Kall_linear_bias0_physical_v2_28d,2025-02-20,6,12613.92401303689,0.1296545000077458,0,63,0,0,144,1,0,1200.0,
BLOCK_Kall_linear_bias0_physical_v2_28d,2025-02-20,12,12216.5844344949,1.319204899991746,0,43,0,0,144,1,0,1200.0,
BLOCK_Kall_linear_bias0_physical_v2_28d,2025-02-20,18,12804.162764661913,0.199324200002593,0,37,0,0,144,1,0,1200.0,
BLOCK_Kall_linear_bias0_physical_v2_28d,2025-02-21,0,24497.105204740496,0.3393066999997245,0,36,0,0,144,1,0,1200.0,
BLOCK_Kall_linear_bias0_physical_v2_28d,2025-02-21,6,9410.186732763488,0.1113972000021021,0,71,0,0,144,1,0,1200.0,
BLOCK_Kall_linear_bias0_physical_v2_28d,2025-02-21,12,15032.984486564892,0.2043079999857582,0,49,0,0,144,1,0,1200.0,
BLOCK_Kall_linear_bias0_physical_v2_28d,2025-02-21,18,13632.579338850226,0.1551519000058761,0,56,0,0,144,1,0,1200.0,
BLOCK_Kall_linear_bias0_physical_v2_28d,2025-02-22,0,28822.824338947503,0.6591992000030586,0,31,0,0,144,1,0,1200.0,
BLOCK_Kall_linear_bias0_physical_v2_28d,2025-02-22,6,12655.972578420058,0.224201399993035,0,36,0,0,144,1,0,1200.0,
BLOCK_Kall_linear_bias0_physical_v2_28d,2025-02-22,12,21708.28774553149,0.3056233000097563,0,49,0,0,144,1,0,1200.0,
BLOCK_Kall_linear_bias0_physical_v2_28d,2025-02-22,18,36485.82429222055,0.4719136000057915,0,53,0,0,144,1,0,1200.0,
BLOCK_Kall_linear_bias0_physical_v2_28d,2025-02-23,0,54651.67101145791,0.2468557000102009,0,30,0,0,144,1,0,1200.0,
BLOCK_Kall_linear_bias0_physical_v2_28d,2025-02-23,6,14554.655532229206,0.2045410999999148,0,43,0,0,144,1,0,1200.0,
BLOCK_Kall_linear_bias0_physical_v2_28d,2025-02-23,12,23314.843017269603,0.1902599000022746,0,43,0,0,144,1,0,1200.0,
BLOCK_Kall_linear_bias0_physical_v2_28d,2025-02-23,18,32880.456752535574,0.9292778999952134,0,57,0,0,144,1,0,1200.0,
BLOCK_Kall_linear_bias0_physical_v2_28d,2025-02-24,0,49772.107908170445,0.7753047000005608,0,37,0,0,144,1,0,1200.0,
BLOCK_Kall_linear_bias0_physical_v2_28d,2025-02-24,6,12579.842556497832,0.2155305000051157,0,77,0,0,144,1,0,1200.0,
BLOCK_Kall_linear_bias0_physical_v2_28d,2025-02-24,12,18493.084670655404,0.219373900006758,0,42,0,0,144,1,0,1200.0,
BLOCK_Kall_linear_bias0_physical_v2_28d,2025-02-24,18,28694.527182794805,1.0991155999945477,0,59,0,0,144,1,0,1200.0,
BLOCK_Kall_linear_bias0_physical_v2_28d,2025-02-25,0,51105.2309469185,0.2417177000024821,0,29,0,0,144,1,0,1200.0,
BLOCK_Kall_linear_bias0_physical_v2_28d,2025-02-25,6,11040.794025920784,0.1447733000095468,0,53,0,0,144,1,0,1200.0,
BLOCK_Kall_linear_bias0_physical_v2_28d,2025-02-25,12,18835.32576988504,0.1071226000058231,0,49,0,0,144,1,0,1200.0,
BLOCK_Kall_linear_bias0_physical_v2_28d,2025-02-25,18,29125.097242297656,0.254467199993087,0,57,0,0,144,1,0,1200.0,
BLOCK_Kall_linear_bias0_physical_v2_28d,2025-02-26,0,46339.96972926528,0.3044320999906631,0,39,0,0,144,1,0,1200.0,
BLOCK_Kall_linear_bias0_physical_v2_28d,2025-02-26,6,13080.762669928568,0.4467361999995773,0,81,0,0,144,1,0,1200.0,
BLOCK_Kall_linear_bias0_physical_v2_28d,2025-02-26,12,28836.408376602398,0.2379707000072812,0,46,0,0,144,1,0,1200.0,
BLOCK_Kall_linear_bias0_physical_v2_28d,2025-02-26,18,36097.46965253846,0.30249940000067,0,53,0,0,144,1,0,1200.0,
BLOCK_Kall_linear_bias0_physical_v2_28d,2025-02-27,0,47826.873615984216,0.4127894000121159,0,36,0,0,144,1,0,1200.0,
BLOCK_Kall_linear_bias0_physical_v2_28d,2025-02-27,6,9506.28360795585,0.1409156000008806,0,53,0,0,144,1,0,1200.0,
BLOCK_Kall_linear_bias0_physical_v2_28d,2025-02-27,12,11743.567669263257,0.5849950999981957,0,48,0,0,144,1,0,1200.0,
BLOCK_Kall_linear_bias0_physical_v2_28d,2025-02-27,18,13142.060144775014,0.1919932000018889,0,37,0,0,144,1,0,1200.0,
BLOCK_Kall_linear_bias0_physical_v2_28d,2025-02-28,0,22730.807636893525,0.5692350000026636,0,18,0,0,144,1,0,1200.0,
BLOCK_Kall_linear_bias0_physical_v2_28d,2025-02-28,6,8916.587161554207,0.2293253999960143,0,30,0,0,144,1,0,1200.0,
BLOCK_Kall_linear_bias0_physical_v2_28d,2025-02-28,12,10809.61325085734,0.3156567999976687,0,37,0,0,144,1,0,1200.0,
BLOCK_Kall_linear_bias0_physical_v2_28d,2025-02-28,18,15079.751794484637,0.1704290000052424,0,55,0,0,144,1,0,1200.0,
BLOCK_Kall_linear_bias0_physical_v2_7d,2025-02-01,0,43757.21873730562,0.2951483000069856,0,30,0,0,144,1,0,1200.0,
BLOCK_Kall_linear_bias0_physical_v2_7d,2025-02-01,6,14161.7003663979,0.3184811999963131,0,28,0,0,144,1,0,1200.0,
BLOCK_Kall_linear_bias0_physical_v2_7d,2025-02-01,12,35018.94316987602,0.3282901000056881,0,41,0,0,144,1,0,1200.0,
BLOCK_Kall_linear_bias0_physical_v2_7d,2025-02-01,18,43907.74860165602,0.6738206000009086,0,54,0,0,144,1,0,1200.0,
BLOCK_Kall_linear_bias0_physical_v2_7d,2025-02-02,0,71951.91163828176,0.9649904999969294,0,28,0,0,144,1,0,1200.0,
BLOCK_Kall_linear_bias0_physical_v2_7d,2025-02-02,6,15393.451860422849,0.219211899995571,0,46,0,0,144,1,0,1200.0,
BLOCK_Kall_linear_bias0_physical_v2_7d,2025-02-02,12,33867.221485611495,0.2022505000059027,0,42,0,0,144,1,0,1200.0,
BLOCK_Kall_linear_bias0_physical_v2_7d,2025-02-02,18,46667.004086287365,0.3352025999920442,0,55,0,0,144,1,0,1200.0,
BLOCK_Kall_linear_bias0_physical_v2_7d,2025-02-03,0,62098.668989034304,0.4496560999978101,0,32,0,0,144,1,0,1200.0,
BLOCK_Kall_linear_bias0_physical_v2_7d,2025-02-03,6,9955.184881746043,0.2712548999988939,0,24,0,0,144,1,0,1200.0,
BLOCK_Kall_linear_bias0_physical_v2_7d,2025-02-03,12,26864.11764839401,0.1345627000118838,0,43,0,0,144,1,0,1200.0,
BLOCK_Kall_linear_bias0_physical_v2_7d,2025-02-03,18,43864.87708269215,0.16837279999163,0,55,0,0,144,1,0,1200.0,
BLOCK_Kall_linear_bias0_physical_v2_7d,2025-02-04,0,64328.212144009696,0.8634179000073345,0,31,0,0,144,1,0,1200.0,
BLOCK_Kall_linear_bias0_physical_v2_7d,2025-02-04,6,10623.821184672635,1.4058294999995269,0,25,0,0,144,1,0,1200.0,
BLOCK_Kall_linear_bias0_physical_v2_7d,2025-02-04,12,22833.01910803668,0.1574144999904092,0,44,0,0,144,1,0,1200.0,
BLOCK_Kall_linear_bias0_physical_v2_7d,2025-02-04,18,45448.634247694725,0.253330100007588,0,55,0,0,144,1,0,1200.0,
BLOCK_Kall_linear_bias0_physical_v2_7d,2025-02-05,0,59690.05836019297,0.6343546999996761,0,31,0,0,144,1,0,1200.0,
BLOCK_Kall_linear_bias0_physical_v2_7d,2025-02-05,6,11464.31743985684,1.0420213000033982,0,42,0,0,144,1,0,1200.0,
BLOCK_Kall_linear_bias0_physical_v2_7d,2025-02-05,12,28650.706456152595,0.154668600007426,0,43,0,0,144,1,0,1200.0,
BLOCK_Kall_linear_bias0_physical_v2_7d,2025-02-05,18,42734.07046475815,0.3403744999959599,0,54,0,0,144,1,0,1200.0,
BLOCK_Kall_linear_bias0_physical_v2_7d,2025-02-06,0,64080.58206084479,0.44161220001115,0,32,0,0,144,1,0,1200.0,
BLOCK_Kall_linear_bias0_physical_v2_7d,2025-02-06,6,7826.95386768293,0.0860539999994216,0,24,0,0,144,1,0,1200.0,
BLOCK_Kall_linear_bias0_physical_v2_7d,2025-02-06,12,17394.090987309428,0.2307595000020228,0,44,0,0,144,1,0,1200.0,
BLOCK_Kall_linear_bias0_physical_v2_7d,2025-02-06,18,16708.30087928569,0.2912773999996716,0,55,0,0,144,1,0,1200.0,
BLOCK_Kall_linear_bias0_physical_v2_7d,2025-02-07,0,32250.695842857065,1.3709844999975758,0,41,0,0,144,1,0,1200.0,
BLOCK_Kall_linear_bias0_physical_v2_7d,2025-02-07,6,7605.779103745483,0.1307009999873116,0,22,0,0,144,1,0,1200.0,
BLOCK_Kall_linear_bias0_physical_v2_7d,2025-02-07,12,10789.646377075143,0.7879553000093438,0,36,0,0,144,1,0,1200.0,
BLOCK_Kall_linear_bias0_physical_v2_7d,2025-02-07,18,16819.120144168777,0.3672481000103289,0,59,0,0,144,1,0,1200.0,
BLOCK_Kall_linear_bias0_physical_v3_1d,2025-02-01,0,43757.21873730563,0.3374335999978939,0,30,0,0,144,1,0,1200.0,
BLOCK_Kall_linear_bias0_physical_v3_1d,2025-02-01,6,14167.412087623376,0.2103936000057729,0,27,0,0,144,1,0,1200.0,
BLOCK_Kall_linear_bias0_physical_v3_1d,2025-02-01,12,35005.73866163702,0.1619795000005979,0,40,0,0,144,1,0,1200.0,
BLOCK_Kall_linear_bias0_physical_v3_1d,2025-02-01,18,43907.74860165602,0.2971525000029942,0,54,0,0,144,1,0,1200.0,
BLOCK_Kall_linear_bias0_physical_v3_28d,2025-02-01,0,43757.21873730563,0.3323969000048237,0,30,0,0,144,1,0,1200.0,
BLOCK_Kall_linear_bias0_physical_v3_28d,2025-02-01,6,14167.412087623376,0.2070653000118909,0,27,0,0,144,1,0,1200.0,
BLOCK_Kall_linear_bias0_physical_v3_28d,2025-02-01,12,35005.73866163702,0.1686245000018971,0,40,0,0,144,1,0,1200.0,
BLOCK_Kall_linear_bias0_physical_v3_28d,2025-02-01,18,43907.74860165602,0.3092901999916648,0,54,0,0,144,1,0,1200.0,
BLOCK_Kall_linear_bias0_physical_v3_28d,2025-02-02,0,71951.91163828182,0.3377877000020817,0,28,0,0,144,1,0,1200.0,
BLOCK_Kall_linear_bias0_physical_v3_28d,2025-02-02,6,14909.955774497208,0.4951848999917274,0,36,0,0,144,1,0,1200.0,
BLOCK_Kall_linear_bias0_physical_v3_28d,2025-02-02,12,33481.92892146353,0.1314275999902747,0,42,0,0,144,1,0,1200.0,
BLOCK_Kall_linear_bias0_physical_v3_28d,2025-02-02,18,46584.51022325769,0.8637288000027183,0,55,0,0,144,1,0,1200.0,
BLOCK_Kall_linear_bias0_physical_v3_28d,2025-02-03,0,62098.6689890343,0.4218898999970406,0,32,0,0,144,1,0,1200.0,
BLOCK_Kall_linear_bias0_physical_v3_28d,2025-02-03,6,9967.847874304402,0.4859444000030635,0,24,0,0,144,1,0,1200.0,
BLOCK_Kall_linear_bias0_physical_v3_28d,2025-02-03,12,26871.74660715165,0.1249157000129344,0,43,0,0,144,1,0,1200.0,
BLOCK_Kall_linear_bias0_physical_v3_28d,2025-02-03,18,43864.87708269215,0.4605488000088371,0,55,0,0,144,1,0,1200.0,
BLOCK_Kall_linear_bias0_physical_v3_28d,2025-02-04,0,64328.21214400951,0.5401374000066426,0,31,0,0,144,1,0,1200.0,
BLOCK_Kall_linear_bias0_physical_v3_28d,2025-02-04,6,10647.340118609694,0.5944936000014422,0,27,0,0,144,1,0,1200.0,
BLOCK_Kall_linear_bias0_physical_v3_28d,2025-02-04,12,22842.478466188197,0.0632833999989088,0,44,0,0,144,1,0,1200.0,
BLOCK_Kall_linear_bias0_physical_v3_28d,2025-02-04,18,45455.181376316,0.1787158000079216,0,55,0,0,144,1,0,1200.0,
BLOCK_Kall_linear_bias0_physical_v3_28d,2025-02-05,0,59690.05836019193,0.769897399994079,0,31,0,0,144,1,0,1200.0,
BLOCK_Kall_linear_bias0_physical_v3_28d,2025-02-05,6,11500.981011663096,0.2409962000092491,0,42,0,0,144,1,0,1200.0,
BLOCK_Kall_linear_bias0_physical_v3_28d,2025-02-05,12,28663.279255013367,0.1540495999943232,0,43,0,0,144,1,0,1200.0,
BLOCK_Kall_linear_bias0_physical_v3_28d,2025-02-05,18,42746.67204252338,0.441632899994147,0,54,0,0,144,1,0,1200.0,
BLOCK_Kall_linear_bias0_physical_v3_28d,2025-02-06,0,64080.58206084479,0.6764384999987669,0,32,0,0,144,1,0,1200.0,
BLOCK_Kall_linear_bias0_physical_v3_28d,2025-02-06,6,7826.049287576436,0.0735303999972529,0,24,0,0,144,1,0,1200.0,
BLOCK_Kall_linear_bias0_physical_v3_28d,2025-02-06,12,17402.729380529338,0.184476700000232,0,46,0,0,144,1,0,1200.0,
BLOCK_Kall_linear_bias0_physical_v3_28d,2025-02-06,18,16721.28922019555,0.2972552999999607,0,57,0,0,144,1,0,1200.0,
BLOCK_Kall_linear_bias0_physical_v3_28d,2025-02-07,0,32250.69584285706,0.6250117999879876,0,41,0,0,144,1,0,1200.0,
BLOCK_Kall_linear_bias0_physical_v3_28d,2025-02-07,6,7596.675909953882,0.0651527000009082,0,21,0,0,144,1,0,1200.0,
BLOCK_Kall_linear_bias0_physical_v3_28d,2025-02-07,12,10782.428446108002,0.3659691999928327,0,36,0,0,144,1,0,1200.0,
BLOCK_Kall_linear_bias0_physical_v3_28d,2025-02-07,18,16819.120144168777,0.3834810999978799,0,59,0,0,144,1,0,1200.0,
BLOCK_Kall_linear_bias0_physical_v3_28d,2025-02-08,0,37638.72833438005,0.4624699999985751,0,37,0,0,144,1,0,1200.0,
BLOCK_Kall_linear_bias0_physical_v3_28d,2025-02-08,6,16582.83151494894,0.1612944999942556,0,52,0,0,144,1,0,1200.0,
BLOCK_Kall_linear_bias0_physical_v3_28d,2025-02-08,12,31428.287436805294,0.2021028000017395,0,44,0,0,144,1,0,1200.0,
BLOCK_Kall_linear_bias0_physical_v3_28d,2025-02-08,18,49969.51301790363,0.2228771999944001,0,54,0,0,144,1,0,1200.0,
BLOCK_Kall_linear_bias0_physical_v3_28d,2025-02-09,0,71076.5251827314,0.2862030999967828,0,28,0,0,144,1,0,1200.0,
BLOCK_Kall_linear_bias0_physical_v3_28d,2025-02-09,6,15767.50329295195,0.5968332999909762,0,42,0,0,144,1,0,1200.0,
BLOCK_Kall_linear_bias0_physical_v3_28d,2025-02-09,12,30974.146901478325,0.2080010000063339,0,47,0,0,144,1,0,1200.0,
BLOCK_Kall_linear_bias0_physical_v3_28d,2025-02-09,18,43854.01607277169,0.4755146000097738,0,54,0,0,144,1,0,1200.0,
BLOCK_Kall_linear_bias0_physical_v3_28d,2025-02-10,0,55424.30045729818,0.6733640000020387,0,30,0,0,144,1,0,1200.0,
BLOCK_Kall_linear_bias0_physical_v3_28d,2025-02-10,6,8677.686358434561,0.1626606000063475,0,24,0,0,144,1,0,1200.0,
BLOCK_Kall_linear_bias0_physical_v3_28d,2025-02-10,12,23810.47790173983,0.2304951999976765,0,83,0,0,144,1,0,1200.0,
BLOCK_Kall_linear_bias0_physical_v3_28d,2025-02-10,18,31663.802777127414,0.3125891000090632,0,53,0,0,144,1,0,1200.0,
BLOCK_Kall_linear_bias0_physical_v3_28d,2025-02-11,0,55860.73671278931,0.2248906000022543,0,30,0,0,144,1,0,1200.0,
BLOCK_Kall_linear_bias0_physical_v3_28d,2025-02-11,6,9988.86440447909,0.1255416000058176,0,25,0,0,144,1,0,1200.0,
BLOCK_Kall_linear_bias0_physical_v3_28d,2025-02-11,12,18350.873502995488,0.1877448000013828,0,43,0,0,144,1,0,1200.0,
BLOCK_Kall_linear_bias0_physical_v3_28d,2025-02-11,18,40128.55830013321,0.3292281000030925,0,52,0,0,144,1,0,1200.0,
BLOCK_Kall_linear_bias0_physical_v3_28d,2025-02-12,0,55964.07598266843,0.5054353000014089,0,31,0,0,144,1,0,1200.0,
BLOCK_Kall_linear_bias0_physical_v3_28d,2025-02-12,6,9554.028284119462,0.2137309000099776,0,25,0,0,144,1,0,1200.0,
BLOCK_Kall_linear_bias0_physical_v3_28d,2025-02-12,12,20414.804706970703,0.1332804000121541,0,43,0,0,144,1,0,1200.0,
BLOCK_Kall_linear_bias0_physical_v3_28d,2025-02-12,18,38649.4270564797,0.2729511000070488,0,54,0,0,144,1,0,1200.0,
BLOCK_Kall_linear_bias0_physical_v3_28d,2025-02-13,0,51153.70344123952,0.4797383000113768,0,28,0,0,144,1,0,1200.0,
BLOCK_Kall_linear_bias0_physical_v3_28d,2025-02-13,6,8817.083998449358,0.0925902000017231,0,43,0,0,144,1,0,1200.0,
BLOCK_Kall_linear_bias0_physical_v3_28d,2025-02-13,12,14852.609780071494,0.0842583999910857,0,41,0,0,144,1,0,1200.0,
BLOCK_Kall_linear_bias0_physical_v3_28d,2025-02-13,18,15912.54526723203,0.1049964999983785,0,57,0,0,144,1,0,1200.0,
BLOCK_Kall_linear_bias0_physical_v3_28d,2025-02-14,0,25225.323910226653,0.1884175000013783,0,36,0,0,144,1,0,1200.0,
BLOCK_Kall_linear_bias0_physical_v3_28d,2025-02-14,6,10589.668063634514,0.0680324999993899,0,38,0,0,144,1,0,1200.0,
BLOCK_Kall_linear_bias0_physical_v3_28d,2025-02-14,12,12179.023863838876,0.4999283999932231,0,36,0,0,144,1,0,1200.0,
BLOCK_Kall_linear_bias0_physical_v3_28d,2025-02-14,18,11557.338447608434,0.1640918999910354,0,35,0,0,144,1,0,1200.0,
BLOCK_Kall_linear_bias0_physical_v3_28d,2025-02-15,0,32986.8217818015,1.3005131999962032,0,43,0,0,144,1,0,1200.0,
BLOCK_Kall_linear_bias0_physical_v3_28d,2025-02-15,6,10525.982591204369,0.1075563000049442,0,21,0,0,144,1,0,1200.0,
BLOCK_Kall_linear_bias0_physical_v3_28d,2025-02-15,12,24903.13643624203,0.2189479000080609,0,38,0,0,144,1,0,1200.0,
BLOCK_Kall_linear_bias0_physical_v3_28d,2025-02-15,18,34636.06418534301,0.4129200000024866,0,52,0,0,144,1,0,1200.0,
BLOCK_Kall_linear_bias0_physical_v3_28d,2025-02-16,0,62688.24902486416,0.4444751999981235,0,28,0,0,144,1,0,1200.0,
BLOCK_Kall_linear_bias0_physical_v3_28d,2025-02-16,6,10497.452944662196,0.1248358000011649,0,26,0,0,144,1,0,1200.0,
BLOCK_Kall_linear_bias0_physical_v3_28d,2025-02-16,12,22385.15482350282,0.2498800000030314,0,42,0,0,144,1,0,1200.0,
BLOCK_Kall_linear_bias0_physical_v3_28d,2025-02-16,18,32041.37972269878,0.7363809000089532,0,58,0,0,144,1,0,1200.0,
BLOCK_Kall_linear_bias0_physical_v3_28d,2025-02-17,0,53765.29341423408,0.608469699989655,0,27,0,0,144,1,0,1200.0,
BLOCK_Kall_linear_bias0_physical_v3_28d,2025-02-17,6,10156.683970808106,0.2581568000023253,0,60,0,0,144,1,0,1200.0,
BLOCK_Kall_linear_bias0_physical_v3_28d,2025-02-17,12,18513.34823326503,0.7197146999969846,0,57,0,0,144,1,0,1200.0,
BLOCK_Kall_linear_bias0_physical_v3_28d,2025-02-17,18,27726.81448833899,0.4847555000014836,0,60,0,0,144,1,0,1200.0,
BLOCK_Kall_linear_bias0_physical_v3_28d,2025-02-18,0,48461.06867656302,0.2651479999913135,0,35,0,0,144,1,0,1200.0,
BLOCK_Kall_linear_bias0_physical_v3_28d,2025-02-18,6,14121.044915779466,0.5478985999943689,0,105,0,0,144,1,0,1200.0,
BLOCK_Kall_linear_bias0_physical_v3_28d,2025-02-18,12,26079.107639430367,0.3478054000006523,0,75,0,0,144,1,0,1200.0,
BLOCK_Kall_linear_bias0_physical_v3_28d,2025-02-18,18,30581.819566437825,0.5811966999899596,0,57,0,0,144,1,0,1200.0,
BLOCK_Kall_linear_bias0_physical_v3_28d,2025-02-19,0,49833.069298071765,0.1682254999905126,0,35,0,0,144,1,0,1200.0,
BLOCK_Kall_linear_bias0_physical_v3_28d,2025-02-19,6,12111.531769449966,0.2846434999955818,0,57,0,0,144,1,0,1200.0,
BLOCK_Kall_linear_bias0_physical_v3_28d,2025-02-19,12,21123.13448532575,0.4339670999906957,0,49,0,0,144,1,0,1200.0,
BLOCK_Kall_linear_bias0_physical_v3_28d,2025-02-19,18,27974.74562654789,0.3784311000054003,0,59,0,0,144,1,0,1200.0,
BLOCK_Kall_linear_bias0_physical_v3_28d,2025-02-20,0,51646.53633752281,0.305150300002424,0,30,0,0,144,1,0,1200.0,
BLOCK_Kall_linear_bias0_physical_v3_28d,2025-02-20,6,12472.239980367054,0.1074434999900404,0,57,0,0,144,1,0,1200.0,
BLOCK_Kall_linear_bias0_physical_v3_28d,2025-02-20,12,12152.201421345824,0.777316100007738,0,45,0,0,144,1,0,1200.0,
BLOCK_Kall_linear_bias0_physical_v3_28d,2025-02-20,18,12804.162764661914,0.1480450999952154,0,37,0,0,144,1,0,1200.0,
BLOCK_Kall_linear_bias0_physical_v3_28d,2025-02-21,0,24497.105204740496,0.2445868000068003,0,36,0,0,144,1,0,1200.0,
BLOCK_Kall_linear_bias0_physical_v3_28d,2025-02-21,6,9412.2311522408,0.0625203999952646,0,71,0,0,144,1,0,1200.0,
BLOCK_Kall_linear_bias0_physical_v3_28d,2025-02-21,12,15035.028906042202,0.1435844000079669,0,49,0,0,144,1,0,1200.0,
BLOCK_Kall_linear_bias0_physical_v3_28d,2025-02-21,18,13634.050858365144,0.1811243999982252,0,56,0,0,144,1,0,1200.0,
BLOCK_Kall_linear_bias0_physical_v3_28d,2025-02-22,0,28822.82433894751,0.3916250000038417,0,31,0,0,144,1,0,1200.0,
BLOCK_Kall_linear_bias0_physical_v3_28d,2025-02-22,6,12687.96961322435,0.0764591000042855,0,36,0,0,144,1,0,1200.0,
BLOCK_Kall_linear_bias0_physical_v3_28d,2025-02-22,12,21730.869241413387,0.1720181999990018,0,49,0,0,144,1,0,1200.0,
BLOCK_Kall_linear_bias0_physical_v3_28d,2025-02-22,18,36485.82429222056,0.2137613999948371,0,53,0,0,144,1,0,1200.0,
BLOCK_Kall_linear_bias0_physical_v3_28d,2025-02-23,0,54651.67101145791,0.198149400006514,0,30,0,0,144,1,0,1200.0,
BLOCK_Kall_linear_bias0_physical_v3_28d,2025-02-23,6,14530.83853543189,0.3192132999975001,0,43,0,0,144,1,0,1200.0,
BLOCK_Kall_linear_bias0_physical_v3_28d,2025-02-23,12,23291.75467689904,0.6679200000071432,0,43,0,0,144,1,0,1200.0,
BLOCK_Kall_linear_bias0_physical_v3_28d,2025-02-23,18,32853.21535666652,0.3930514000094263,0,57,0,0,144,1,0,1200.0,
BLOCK_Kall_linear_bias0_physical_v3_28d,2025-02-24,0,49772.10790817044,0.4959052999911364,0,37,0,0,144,1,0,1200.0,
BLOCK_Kall_linear_bias0_physical_v3_28d,2025-02-24,6,12580.339009335788,0.1207266999990679,0,77,0,0,144,1,0,1200.0,
BLOCK_Kall_linear_bias0_physical_v3_28d,2025-02-24,12,18522.94524901542,0.1359651999955531,0,42,0,0,144,1,0,1200.0,
BLOCK_Kall_linear_bias0_physical_v3_28d,2025-02-24,18,28729.069052253395,0.2621611999929882,0,59,0,0,144,1,0,1200.0,
BLOCK_Kall_linear_bias0_physical_v3_28d,2025-02-25,0,51105.2309469185,0.1714203000010457,0,29,0,0,144,1,0,1200.0,
BLOCK_Kall_linear_bias0_physical_v3_28d,2025-02-25,6,11101.747887159994,0.1800157999969087,0,56,0,0,144,1,0,1200.0,
BLOCK_Kall_linear_bias0_physical_v3_28d,2025-02-25,12,18864.38620467629,0.0870808000036049,0,49,0,0,144,1,0,1200.0,
BLOCK_Kall_linear_bias0_physical_v3_28d,2025-02-25,18,29136.67730312682,0.2066060999932233,0,57,0,0,144,1,0,1200.0,
BLOCK_Kall_linear_bias0_physical_v3_28d,2025-02-26,0,46339.96972926528,0.184242000002996,0,39,0,0,144,1,0,1200.0,
BLOCK_Kall_linear_bias0_physical_v3_28d,2025-02-26,6,13071.496792383054,0.2086506999912671,0,79,0,0,144,1,0,1200.0,
BLOCK_Kall_linear_bias0_physical_v3_28d,2025-02-26,12,28835.02007880387,0.1792886000039288,0,46,0,0,144,1,0,1200.0,
BLOCK_Kall_linear_bias0_physical_v3_28d,2025-02-26,18,36067.092292213696,0.2697906000103103,0,53,0,0,144,1,0,1200.0,
BLOCK_Kall_linear_bias0_physical_v3_28d,2025-02-27,0,47826.87361598423,0.1796455000003334,0,36,0,0,144,1,0,1200.0,
BLOCK_Kall_linear_bias0_physical_v3_28d,2025-02-27,6,9512.145789976714,0.1881113999988883,0,52,0,0,144,1,0,1200.0,
BLOCK_Kall_linear_bias0_physical_v3_28d,2025-02-27,12,11753.886628449764,0.7022260000085225,0,48,0,0,144,1,0,1200.0,
BLOCK_Kall_linear_bias0_physical_v3_28d,2025-02-27,18,13137.41699145294,0.2661053000047104,0,37,0,0,144,1,0,1200.0,
BLOCK_Kall_linear_bias0_physical_v3_28d,2025-02-28,0,22728.956465116327,0.3666281999903731,0,18,0,0,144,1,0,1200.0,
BLOCK_Kall_linear_bias0_physical_v3_28d,2025-02-28,6,8909.84499513302,0.0846521000057691,0,30,0,0,144,1,0,1200.0,
BLOCK_Kall_linear_bias0_physical_v3_28d,2025-02-28,12,10803.111905153344,0.1248223000002326,0,37,0,0,144,1,0,1200.0,
BLOCK_Kall_linear_bias0_physical_v3_28d,2025-02-28,18,15074.446731140966,0.1142114999965997,0,55,0,0,144,1,0,1200.0,
BLOCK_Kall_linear_bias0_physical_v3_334d,2025-02-01,0,43757.21873730563,0.3449346999987028,0,30,0,0,144,1,0,1200.0,0.0
BLOCK_Kall_linear_bias0_physical_v3_334d,2025-02-01,6,14167.412087623376,0.2148064999928465,0,27,0,0,144,1,0,1200.0,0.0
BLOCK_Kall_linear_bias0_physical_v3_334d,2025-02-01,12,35005.73866163702,0.1639317000081064,0,40,0,0,144,1,0,1200.0,0.0
BLOCK_Kall_linear_bias0_physical_v3_334d,2025-02-01,18,43907.74860165602,0.3099142999999458,0,54,0,0,144,1,0,1200.0,0.0
BLOCK_Kall_linear_bias0_physical_v3_334d,2025-02-02,0,71951.91163828182,0.3395095000014407,0,28,0,0,144,1,0,1200.0,0.0
BLOCK_Kall_linear_bias0_physical_v3_334d,2025-02-02,6,14909.955774497208,0.4965584999881685,0,36,0,0,144,1,0,1200.0,0.0
BLOCK_Kall_linear_bias0_physical_v3_334d,2025-02-02,12,33481.92892146353,0.1359026999998605,0,42,0,0,144,1,0,1200.0,0.0
BLOCK_Kall_linear_bias0_physical_v3_334d,2025-02-02,18,46584.51022325769,0.8790563999937149,0,55,0,0,144,1,0,1200.0,0.0
BLOCK_Kall_linear_bias0_physical_v3_334d,2025-02-03,0,62098.6689890343,0.4170798999984981,0,32,0,0,144,1,0,1200.0,0.0
BLOCK_Kall_linear_bias0_physical_v3_334d,2025-02-03,6,9967.847874304402,0.4374083000002429,0,24,0,0,144,1,0,1200.0,0.0
BLOCK_Kall_linear_bias0_physical_v3_334d,2025-02-03,12,26871.74660715165,0.1260130000009667,0,43,0,0,144,1,0,1200.0,0.0
BLOCK_Kall_linear_bias0_physical_v3_334d,2025-02-03,18,43864.87708269215,0.4564872000046307,0,55,0,0,144,1,0,1200.0,0.0
BLOCK_Kall_linear_bias0_physical_v3_334d,2025-02-04,0,64328.21214400951,0.5125888000038685,0,31,0,0,144,1,0,1200.0,0.0
BLOCK_Kall_linear_bias0_physical_v3_334d,2025-02-04,6,10647.340118609694,0.5981075000017881,0,27,0,0,144,1,0,1200.0,0.0
BLOCK_Kall_linear_bias0_physical_v3_334d,2025-02-04,12,22842.478466188197,0.0615276000025915,0,44,0,0,144,1,0,1200.0,0.0
BLOCK_Kall_linear_bias0_physical_v3_334d,2025-02-04,18,45455.181376316,0.1773622000036994,0,55,0,0,144,1,0,1200.0,0.0
BLOCK_Kall_linear_bias0_physical_v3_334d,2025-02-05,0,59690.05836019193,0.7511429000005592,0,31,0,0,144,1,0,1200.0,0.0
BLOCK_Kall_linear_bias0_physical_v3_334d,2025-02-05,6,11500.981011663096,0.2460825000016484,0,42,0,0,144,1,0,1200.0,0.0
BLOCK_Kall_linear_bias0_physical_v3_334d,2025-02-05,12,28663.279255013367,0.1533915000036358,0,43,0,0,144,1,0,1200.0,0.0
BLOCK_Kall_linear_bias0_physical_v3_334d,2025-02-05,18,42746.67204252338,0.4498246000002837,0,54,0,0,144,1,0,1200.0,0.0
BLOCK_Kall_linear_bias0_physical_v3_334d,2025-02-06,0,64080.58206084479,0.6816915000090376,0,32,0,0,144,1,0,1200.0,0.0
BLOCK_Kall_linear_bias0_physical_v3_334d,2025-02-06,6,7826.049287576436,0.0688666000060038,0,24,0,0,144,1,0,1200.0,0.0
BLOCK_Kall_linear_bias0_physical_v3_334d,2025-02-06,12,17402.729380529338,0.1846385000098962,0,46,0,0,144,1,0,1200.0,0.0
BLOCK_Kall_linear_bias0_physical_v3_334d,2025-02-06,18,16721.28922019555,0.2933287999912863,0,57,0,0,144,1,0,1200.0,0.0
BLOCK_Kall_linear_bias0_physical_v3_334d,2025-02-07,0,32250.69584285706,0.6179058999987319,0,41,0,0,144,1,0,1200.0,0.0
BLOCK_Kall_linear_bias0_physical_v3_334d,2025-02-07,6,7596.675909953882,0.067664699992747,0,21,0,0,144,1,0,1200.0,0.0
BLOCK_Kall_linear_bias0_physical_v3_334d,2025-02-07,12,10782.428446108002,0.3731147999933455,0,36,0,0,144,1,0,1200.0,0.0
BLOCK_Kall_linear_bias0_physical_v3_334d,2025-02-07,18,16819.120144168777,0.3830899000022327,0,59,0,0,144,1,0,1200.0,0.0
BLOCK_Kall_linear_bias0_physical_v3_334d,2025-02-08,0,37638.72833438005,0.4698744000052102,0,37,0,0,144,1,0,1200.0,0.0
BLOCK_Kall_linear_bias0_physical_v3_334d,2025-02-08,6,16582.83151494894,0.1706849000038346,0,52,0,0,144,1,0,1200.0,0.0
BLOCK_Kall_linear_bias0_physical_v3_334d,2025-02-08,12,31428.287436805294,0.2092352000036044,0,44,0,0,144,1,0,1200.0,0.0
BLOCK_Kall_linear_bias0_physical_v3_334d,2025-02-08,18,49969.51301790363,0.2277940000058151,0,54,0,0,144,1,0,1200.0,0.0
BLOCK_Kall_linear_bias0_physical_v3_334d,2025-02-09,0,71076.5251827314,0.2874745000008261,0,28,0,0,144,1,0,1200.0,0.0
BLOCK_Kall_linear_bias0_physical_v3_334d,2025-02-09,6,15767.50329295195,0.5937189999967813,0,42,0,0,144,1,0,1200.0,0.0
BLOCK_Kall_linear_bias0_physical_v3_334d,2025-02-09,12,30974.146901478325,0.205325000002631,0,47,0,0,144,1,0,1200.0,0.0
BLOCK_Kall_linear_bias0_physical_v3_334d,2025-02-09,18,43854.01607277169,0.4671643000037875,0,54,0,0,144,1,0,1200.0,0.0
BLOCK_Kall_linear_bias0_physical_v3_334d,2025-02-10,0,55424.30045729818,0.655688699989696,0,30,0,0,144,1,0,1200.0,0.0
BLOCK_Kall_linear_bias0_physical_v3_334d,2025-02-10,6,8677.686358434561,0.1635935000085737,0,24,0,0,144,1,0,1200.0,0.0
BLOCK_Kall_linear_bias0_physical_v3_334d,2025-02-10,12,23810.47790173983,0.229815900005633,0,83,0,0,144,1,0,1200.0,0.0
BLOCK_Kall_linear_bias0_physical_v3_334d,2025-02-10,18,31663.802777127414,0.2984843999875011,0,53,0,0,144,1,0,1200.0,0.0
BLOCK_Kall_linear_bias0_physical_v3_334d,2025-02-11,0,55860.73671278931,0.2009860999969532,0,30,0,0,144,1,0,1200.0,0.0
BLOCK_Kall_linear_bias0_physical_v3_334d,2025-02-11,6,9988.86440447909,0.1283910000056494,0,25,0,0,144,1,0,1200.0,0.0
BLOCK_Kall_linear_bias0_physical_v3_334d,2025-02-11,12,18350.873502995488,0.190948199990089,0,43,0,0,144,1,0,1200.0,0.0
BLOCK_Kall_linear_bias0_physical_v3_334d,2025-02-11,18,40128.55830013321,0.3317545000027166,0,52,0,0,144,1,0,1200.0,0.0
BLOCK_Kall_linear_bias0_physical_v3_334d,2025-02-12,0,55964.07598266843,0.501230800000485,0,31,0,0,144,1,0,1200.0,0.0
BLOCK_Kall_linear_bias0_physical_v3_334d,2025-02-12,6,9554.028284119462,0.217386099990108,0,25,0,0,144,1,0,1200.0,0.0
BLOCK_Kall_linear_bias0_physical_v3_334d,2025-02-12,12,20414.804706970703,0.1291912000015145,0,43,0,0,144,1,0,1200.0,0.0
BLOCK_Kall_linear_bias0_physical_v3_334d,2025-02-12,18,38649.4270564797,0.2733944000065094,0,54,0,0,144,1,0,1200.0,0.0
BLOCK_Kall_linear_bias0_physical_v3_334d,2025-02-13,0,51153.70344123952,0.4863189000025159,0,28,0,0,144,1,0,1200.0,0.0
BLOCK_Kall_linear_bias0_physical_v3_334d,2025-02-13,6,8817.083998449358,0.092057100002421,0,43,0,0,144,1,0,1200.0,0.0
BLOCK_Kall_linear_bias0_physical_v3_334d,2025-02-13,12,14852.609780071494,0.0834480000048643,0,41,0,0,144,1,0,1200.0,0.0
BLOCK_Kall_linear_bias0_physical_v3_334d,2025-02-13,18,15912.54526723203,0.107168599992292,0,57,0,0,144,1,0,1200.0,0.0
BLOCK_Kall_linear_bias0_physical_v3_334d,2025-02-14,0,25225.323910226653,0.1911583999899448,0,36,0,0,144,1,0,1200.0,0.0
BLOCK_Kall_linear_bias0_physical_v3_334d,2025-02-14,6,10589.668063634514,0.0684558999928413,0,38,0,0,144,1,0,1200.0,0.0
BLOCK_Kall_linear_bias0_physical_v3_334d,2025-02-14,12,12179.023863838876,0.5121815999882529,0,36,0,0,144,1,0,1200.0,0.0
BLOCK_Kall_linear_bias0_physical_v3_334d,2025-02-14,18,11557.338447608434,0.1651611999986926,0,35,0,0,144,1,0,1200.0,0.0
BLOCK_Kall_linear_bias0_physical_v3_334d,2025-02-15,0,32986.8217818015,1.336297599991667,0,43,0,0,144,1,0,1200.0,0.0
BLOCK_Kall_linear_bias0_physical_v3_334d,2025-02-15,6,10525.982591204369,0.0998899999976856,0,21,0,0,144,1,0,1200.0,0.0
BLOCK_Kall_linear_bias0_physical_v3_334d,2025-02-15,12,24903.13643624203,0.1815234999958193,0,38,0,0,144,1,0,1200.0,0.0
BLOCK_Kall_linear_bias0_physical_v3_334d,2025-02-15,18,34636.06418534301,0.3611654999986058,0,52,0,0,144,1,0,1200.0,0.0
BLOCK_Kall_linear_bias0_physical_v3_334d,2025-02-16,0,62688.24902486416,0.3249719000014011,0,28,0,0,144,1,0,1200.0,0.0
BLOCK_Kall_linear_bias0_physical_v3_334d,2025-02-16,6,10497.452944662196,0.1143776999961119,0,26,0,0,144,1,0,1200.0,0.0
BLOCK_Kall_linear_bias0_physical_v3_334d,2025-02-16,12,22385.15482350282,0.1816947999905096,0,42,0,0,144,1,0,1200.0,0.0
BLOCK_Kall_linear_bias0_physical_v3_334d,2025-02-16,18,32041.37972269878,0.6062944000004791,0,58,0,0,144,1,0,1200.0,0.0
BLOCK_Kall_linear_bias0_physical_v3_334d,2025-02-17,0,53765.29341423408,0.5138569999980973,0,27,0,0,144,1,0,1200.0,0.0
BLOCK_Kall_linear_bias0_physical_v3_334d,2025-02-17,6,10156.683970808106,0.2250133999914396,0,60,0,0,144,1,0,1200.0,0.0
BLOCK_Kall_linear_bias0_physical_v3_334d,2025-02-17,12,18513.34823326503,0.6974028999975417,0,57,0,0,144,1,0,1200.0,0.0
BLOCK_Kall_linear_bias0_physical_v3_334d,2025-02-17,18,27726.81448833899,0.4759314000111772,0,60,0,0,144,1,0,1200.0,0.0
BLOCK_Kall_linear_bias0_physical_v3_334d,2025-02-18,0,48461.06867656302,0.2578065999987302,0,35,0,0,144,1,0,1200.0,0.0
BLOCK_Kall_linear_bias0_physical_v3_334d,2025-02-18,6,14121.044915779466,0.5390625,0,105,0,0,144,1,0,1200.0,0.0
BLOCK_Kall_linear_bias0_physical_v3_334d,2025-02-18,12,26079.107639430367,0.3401416999986395,0,75,0,0,144,1,0,1200.0,0.0
BLOCK_Kall_linear_bias0_physical_v3_334d,2025-02-18,18,30581.819566437825,0.523669999995036,0,57,0,0,144,1,0,1200.0,0.0
BLOCK_Kall_linear_bias0_physical_v3_334d,2025-02-19,0,49833.069298071765,0.153158799992525,0,35,0,0,144,1,0,1200.0,0.0
BLOCK_Kall_linear_bias0_physical_v3_334d,2025-02-19,6,12111.531769449966,0.2916192999982741,0,57,0,0,144,1,0,1200.0,0.0
BLOCK_Kall_linear_bias0_physical_v3_334d,2025-02-19,12,21123.13448532575,0.4353854000073625,0,49,0,0,144,1,0,1200.0,0.0
BLOCK_Kall_linear_bias0_physical_v3_334d,2025-02-19,18,27974.74562654789,0.3811557000008179,0,59,0,0,144,1,0,1200.0,0.0
BLOCK_Kall_linear_bias0_physical_v3_334d,2025-02-20,0,51646.53633752281,0.3096275999996578,0,30,0,0,144,1,0,1200.0,0.0
BLOCK_Kall_linear_bias0_physical_v3_334d,2025-02-20,6,12472.239980367054,0.1070766999910119,0,57,0,0,144,1,0,1200.0,0.0
BLOCK_Kall_linear_bias0_physical_v3_334d,2025-02-20,12,12152.201421345824,0.8089917000033893,0,45,0,0,144,1,0,1200.0,0.0
BLOCK_Kall_linear_bias0_physical_v3_334d,2025-02-20,18,12804.162764661914,0.1516935999970883,0,37,0,0,144,1,0,1200.0,0.0
BLOCK_Kall_linear_bias0_physical_v3_334d,2025-02-21,0,24497.105204740496,0.2446437000035075,0,36,0,0,144,1,0,1200.0,0.0
BLOCK_Kall_linear_bias0_physical_v3_334d,2025-02-21,6,9412.2311522408,0.0601740999991307,0,71,0,0,144,1,0,1200.0,0.0
BLOCK_Kall_linear_bias0_physical_v3_334d,2025-02-21,12,15035.028906042202,0.1465038000023923,0,49,0,0,144,1,0,1200.0,0.0
BLOCK_Kall_linear_bias0_physical_v3_334d,2025-02-21,18,13634.050858365144,0.1823738999955821,0,56,0,0,144,1,0,1200.0,0.0
BLOCK_Kall_linear_bias0_physical_v3_334d,2025-02-22,0,28822.82433894751,0.3954771999997319,0,31,0,0,144,1,0,1200.0,0.0
BLOCK_Kall_linear_bias0_physical_v3_334d,2025-02-22,6,12687.96961322435,0.077853300012066,0,36,0,0,144,1,0,1200.0,0.0
BLOCK_Kall_linear_bias0_physical_v3_334d,2025-02-22,12,21730.869241413387,0.1752338999940548,0,49,0,0,144,1,0,1200.0,0.0
BLOCK_Kall_linear_bias0_physical_v3_334d,2025-02-22,18,36485.82429222056,0.2123634000017773,0,53,0,0,144,1,0,1200.0,0.0
BLOCK_Kall_linear_bias0_physical_v3_334d,2025-02-23,0,54651.67101145791,0.173962599990773,0,30,0,0,144,1,0,1200.0,0.0
BLOCK_Kall_linear_bias0_physical_v3_334d,2025-02-23,6,14530.83853543189,0.2854631999944104,0,43,0,0,144,1,0,1200.0,0.0
BLOCK_Kall_linear_bias0_physical_v3_334d,2025-02-23,12,23291.75467689904,0.667039099993417,0,43,0,0,144,1,0,1200.0,0.0
BLOCK_Kall_linear_bias0_physical_v3_334d,2025-02-23,18,32853.21535666652,0.4034295999881578,0,57,0,0,144,1,0,1200.0,0.0
BLOCK_Kall_linear_bias0_physical_v3_334d,2025-02-24,0,49772.10790817044,0.5034372999944026,0,37,0,0,144,1,0,1200.0,0.0
BLOCK_Kall_linear_bias0_physical_v3_334d,2025-02-24,6,12580.339009335788,0.1253283000114606,0,77,0,0,144,1,0,1200.0,0.0
BLOCK_Kall_linear_bias0_physical_v3_334d,2025-02-24,12,18522.94524901542,0.1367463000060524,0,42,0,0,144,1,0,1200.0,0.0
BLOCK_Kall_linear_bias0_physical_v3_334d,2025-02-24,18,28729.069052253395,0.2647341999982018,0,59,0,0,144,1,0,1200.0,0.0
BLOCK_Kall_linear_bias0_physical_v3_334d,2025-02-25,0,51105.2309469185,0.1721661000046879,0,29,0,0,144,1,0,1200.0,0.0
BLOCK_Kall_linear_bias0_physical_v3_334d,2025-02-25,6,11101.747887159994,0.1849417999910656,0,56,0,0,144,1,0,1200.0,0.0
BLOCK_Kall_linear_bias0_physical_v3_334d,2025-02-25,12,18864.38620467629,0.0891706999973394,0,49,0,0,144,1,0,1200.0,0.0
BLOCK_Kall_linear_bias0_physical_v3_334d,2025-02-25,18,29136.67730312682,0.2078171000030124,0,57,0,0,144,1,0,1200.0,0.0
BLOCK_Kall_linear_bias0_physical_v3_334d,2025-02-26,0,46339.96972926528,0.1857479000027524,0,39,0,0,144,1,0,1200.0,0.0
BLOCK_Kall_linear_bias0_physical_v3_334d,2025-02-26,6,13071.496792383054,0.213708499999484,0,79,0,0,144,1,0,1200.0,0.0
BLOCK_Kall_linear_bias0_physical_v3_334d,2025-02-26,12,28835.02007880387,0.1841265000111889,0,46,0,0,144,1,0,1200.0,0.0
BLOCK_Kall_linear_bias0_physical_v3_334d,2025-02-26,18,36067.092292213696,0.269460399998934,0,53,0,0,144,1,0,1200.0,0.0
BLOCK_Kall_linear_bias0_physical_v3_334d,2025-02-27,0,47826.87361598423,0.1761574999982258,0,36,0,0,144,1,0,1200.0,0.0
BLOCK_Kall_linear_bias0_physical_v3_334d,2025-02-27,6,9512.145789976714,0.186710399997537,0,52,0,0,144,1,0,1200.0,0.0
BLOCK_Kall_linear_bias0_physical_v3_334d,2025-02-27,12,11753.886628449764,0.6949977000040235,0,48,0,0,144,1,0,1200.0,0.0
BLOCK_Kall_linear_bias0_physical_v3_334d,2025-02-27,18,13137.41699145294,0.2744223000045167,0,37,0,0,144,1,0,1200.0,0.0
BLOCK_Kall_linear_bias0_physical_v3_334d,2025-02-28,0,22728.956465116327,0.3802819999982603,0,18,0,0,144,1,0,1200.0,0.0
BLOCK_Kall_linear_bias0_physical_v3_334d,2025-02-28,6,8909.84499513302,0.0848069999919971,0,30,0,0,144,1,0,1200.0,0.0
BLOCK_Kall_linear_bias0_physical_v3_334d,2025-02-28,12,10803.111905153344,0.1282150999904843,0,37,0,0,144,1,0,1200.0,0.0
BLOCK_Kall_linear_bias0_physical_v3_334d,2025-02-28,18,15074.446731140966,0.1170225999958347,0,55,0,0,144,1,0,1200.0,0.0
BLOCK_Kall_linear_bias0_physical_v3_334d,2025-03-01,0,25816.32407637733,0.3920822999934898,0,33,0,0,144,1,0,1200.0,0.0
BLOCK_Kall_linear_bias0_physical_v3_334d,2025-03-01,6,10168.783775648191,0.0677023999887751,0,23,0,0,144,1,0,1200.0,0.0
BLOCK_Kall_linear_bias0_physical_v3_334d,2025-03-01,12,16968.13039760136,0.1201454999973066,0,38,0,0,144,1,0,1200.0,0.0
BLOCK_Kall_linear_bias0_physical_v3_334d,2025-03-01,18,29290.655474500974,0.2349714999872958,0,57,0,0,144,1,0,1200.0,0.0
BLOCK_Kall_linear_bias0_physical_v3_334d,2025-03-02,0,51182.40679083472,0.5483729000116,0,31,0,0,144,1,0,1200.0,0.0
BLOCK_Kall_linear_bias0_physical_v3_334d,2025-03-02,6,12954.441272843444,0.1448938999965321,0,64,0,0,144,1,0,1200.0,0.0
BLOCK_Kall_linear_bias0_physical_v3_334d,2025-03-02,12,26550.728866998143,0.1483067000081064,0,46,0,0,144,1,0,1200.0,0.0
BLOCK_Kall_linear_bias0_physical_v3_334d,2025-03-02,18,35792.489389531635,0.3364069999952335,0,57,0,0,144,1,0,1200.0,0.0
BLOCK_Kall_linear_bias0_physical_v3_334d,2025-03-03,0,55135.42640880074,0.7523956999939401,0,30,0,0,144,1,0,1200.0,0.0
BLOCK_Kall_linear_bias0_physical_v3_334d,2025-03-03,6,10794.504897190222,0.0926451999985147,0,46,0,0,144,1,0,1200.0,0.0
BLOCK_Kall_linear_bias0_physical_v3_334d,2025-03-03,12,22825.689896454383,0.071144399989862,0,44,0,0,144,1,0,1200.0,0.0
BLOCK_Kall_linear_bias0_physical_v3_334d,2025-03-03,18,29931.158253993384,0.2168747000105213,0,58,0,0,144,1,0,1200.0,0.0
BLOCK_Kall_linear_bias0_physical_v3_334d,2025-03-04,0,49130.33128975359,0.1796651000040583,0,38,0,0,144,1,0,1200.0,0.0
BLOCK_Kall_linear_bias0_physical_v3_334d,2025-03-04,6,11708.167084864564,0.436485400001402,0,44,0,0,144,1,0,1200.0,0.0
BLOCK_Kall_linear_bias0_physical_v3_334d,2025-03-04,12,17625.358756043934,0.1131606999988434,0,41,0,0,144,1,0,1200.0,0.0
BLOCK_Kall_linear_bias0_physical_v3_334d,2025-03-04,18,32506.08454767424,0.2556673000071896,0,52,0,0,144,1,0,1200.0,0.0
BLOCK_Kall_linear_bias0_physical_v3_334d,2025-03-05,0,51199.856713141126,0.1747830999956932,0,33,0,0,144,1,0,1200.0,0.0
BLOCK_Kall_linear_bias0_physical_v3_334d,2025-03-05,6,9699.630856041837,0.4143044000084046,0,28,0,0,144,1,0,1200.0,0.0
BLOCK_Kall_linear_bias0_physical_v3_334d,2025-03-05,12,18516.99074235645,0.1555536000087158,0,48,0,0,144,1,0,1200.0,0.0
BLOCK_Kall_linear_bias0_physical_v3_334d,2025-03-05,18,30299.08959657973,0.253729200005182,0,56,0,0,144,1,0,1200.0,0.0
BLOCK_Kall_linear_bias0_physical_v3_334d,2025-03-06,0,47574.6560121911,0.7661346999957459,0,36,0,0,144,1,0,1200.0,0.0
BLOCK_Kall_linear_bias0_physical_v3_334d,2025-03-06,6,8489.973009378702,0.098676699999487,0,32,0,0,144,1,0,1200.0,0.0
BLOCK_Kall_linear_bias0_physical_v3_334d,2025-03-06,12,10032.787322351,0.2074453999957768,0,38,0,0,144,1,0,1200.0,0.0
BLOCK_Kall_linear_bias0_physical_v3_334d,2025-03-06,18,11321.99019171667,0.8283528000029037,0,35,0,0,144,1,0,1200.0,0.0
BLOCK_Kall_linear_bias0_physical_v3_334d,2025-03-07,0,25500.404141800464,0.2126856999966548,0,30,0,0,144,1,0,1200.0,0.0
BLOCK_Kall_linear_bias0_physical_v3_334d,2025-03-07,6,7582.617971464391,0.0570663000107742,0,20,0,0,144,1,0,1200.0,0.0
BLOCK_Kall_linear_bias0_physical_v3_334d,2025-03-07,12,9625.601670228689,0.5270369000063511,0,33,0,0,144,1,0,1200.0,0.0
BLOCK_Kall_linear_bias0_physical_v3_334d,2025-03-07,18,9637.753691064609,0.5911877999897115,0,32,0,0,144,1,0,1200.0,0.0
BLOCK_Kall_linear_bias0_physical_v3_334d,2025-03-08,0,19994.168639527423,0.1524649999919347,0,6,0,0,144,1,0,1200.0,0.0
BLOCK_Kall_linear_bias0_physical_v3_334d,2025-03-08,6,10191.698290825228,0.071252200010349,0,25,0,0,144,1,0,1200.0,0.0
BLOCK_Kall_linear_bias0_physical_v3_334d,2025-03-08,12,19226.219895543185,0.2111920999886933,0,44,0,0,144,1,0,1200.0,0.0
BLOCK_Kall_linear_bias0_physical_v3_334d,2025-03-08,18,23301.40747997525,0.2768665000039618,0,63,0,0,144,1,0,1200.0,0.0
BLOCK_Kall_linear_bias0_physical_v3_334d,2025-03-09,0,45884.11321458093,0.167380899991258,0,29,0,0,144,1,0,1200.0,0.0
BLOCK_Kall_linear_bias0_physical_v3_334d,2025-03-09,6,9000.738352285807,0.0786447999998927,0,23,0,0,144,1,0,1200.0,0.0
BLOCK_Kall_linear_bias0_physical_v3_334d,2025-03-09,12,22414.286244952746,0.2839198000001488,0,88,0,0,144,1,0,1200.0,0.0
BLOCK_Kall_linear_bias0_physical_v3_334d,2025-03-09,18,43756.854593926415,0.2434421999932965,0,54,0,0,144,1,0,1200.0,0.0
BLOCK_Kall_linear_bias0_physical_v3_334d,2025-03-10,0,46695.80194237413,0.4741647000046214,0,33,0,0,144,1,0,1200.0,0.0
BLOCK_Kall_linear_bias0_physical_v3_334d,2025-03-10,6,10555.001452921057,0.4200665000098524,0,30,0,0,144,1,0,1200.0,0.0
BLOCK_Kall_linear_bias0_physical_v3_334d,2025-03-10,12,16212.493365973396,0.1090646000084234,0,55,0,0,144,1,0,1200.0,0.0
BLOCK_Kall_linear_bias0_physical_v3_334d,2025-03-10,18,36506.16800291464,0.5308533999923384,0,53,0,0,144,1,0,1200.0,0.0
BLOCK_Kall_linear_bias0_physical_v3_334d,2025-03-11,0,42253.35592315306,0.1544349000032525,0,38,0,0,144,1,0,1200.0,0.0
BLOCK_Kall_linear_bias0_physical_v3_334d,2025-03-11,6,17507.939003172294,0.364951800002018,0,128,0,0,144,1,0,1200.0,0.0
BLOCK_Kall_linear_bias0_physical_v3_334d,2025-03-11,12,14617.386846042911,0.0978192000038689,0,46,0,0,144,1,0,1200.0,0.0
BLOCK_Kall_linear_bias0_physical_v3_334d,2025-03-11,18,24656.560483340247,0.4649902999954065,0,63,0,0,144,1,0,1200.0,0.0
BLOCK_Kall_linear_bias0_physical_v3_334d,2025-03-12,0,49570.77326608272,0.2753155999962473,0,30,0,0,144,1,0,1200.0,0.0
BLOCK_Kall_linear_bias0_physical_v3_334d,2025-03-12,6,7794.301837480883,0.3698433999961708,0,19,0,0,144,1,0,1200.0,0.0
BLOCK_Kall_linear_bias0_physical_v3_334d,2025-03-12,12,15659.744197206652,0.4694798999989871,0,82,0,0,144,1,0,1200.0,0.0
BLOCK_Kall_linear_bias0_physical_v3_334d,2025-03-12,18,34138.0601664551,0.2160701999964658,0,49,0,0,144,1,0,1200.0,0.0
BLOCK_Kall_linear_bias0_physical_v3_334d,2025-03-13,0,49079.47358398744,0.7158546999999089,0,37,0,0,144,1,0,1200.0,0.0
BLOCK_Kall_linear_bias0_physical_v3_334d,2025-03-13,6,8613.629222949116,0.0823911000043153,0,46,0,0,144,1,0,1200.0,0.0
BLOCK_Kall_linear_bias0_physical_v3_334d,2025-03-13,12,11510.076657285876,0.278809800001909,0,58,0,0,144,1,0,1200.0,0.0
BLOCK_Kall_linear_bias0_physical_v3_334d,2025-03-13,18,9994.9255763435,0.5133025999966776,0,33,0,0,144,1,0,1200.0,0.0
BLOCK_Kall_linear_bias0_physical_v3_334d,2025-03-14,0,20904.939463204,0.1772672000079183,0,8,0,0,144,1,0,1200.0,0.0
BLOCK_Kall_linear_bias0_physical_v3_334d,2025-03-14,6,9170.44571217604,0.096911500004353,0,32,0,0,144,1,0,1200.0,0.0
BLOCK_Kall_linear_bias0_physical_v3_334d,2025-03-14,12,10438.742854576856,0.196875399997225,0,31,0,0,144,1,0,1200.0,0.0
BLOCK_Kall_linear_bias0_physical_v3_334d,2025-03-14,18,10141.593509125183,0.6532237000064924,0,33,0,0,144,1,0,1200.0,0.0
BLOCK_Kall_linear_bias0_physical_v3_334d,2025-03-15,0,19695.18358086859,0.6954254000011133,0,23,0,0,144,1,0,1200.0,0.0
BLOCK_Kall_linear_bias0_physical_v3_334d,2025-03-15,6,14616.08995342198,0.0881973000068683,0,92,0,0,144,1,0,1200.0,0.0
BLOCK_Kall_linear_bias0_physical_v3_334d,2025-03-15,12,17360.985447383293,0.4621312999952351,0,43,0,0,144,1,0,1200.0,0.0
BLOCK_Kall_linear_bias0_physical_v3_334d,2025-03-15,18,25652.382817588223,0.4534904999891296,0,59,0,0,144,1,0,1200.0,0.0
BLOCK_Kall_linear_bias0_physical_v3_334d,2025-03-16,0,43557.96558376555,0.7643874000059441,0,39,0,0,144,1,0,1200.0,0.0
BLOCK_Kall_linear_bias0_physical_v3_334d,2025-03-16,6,14543.169640228638,0.3273901999928057,0,93,0,0,144,1,0,1200.0,0.0
BLOCK_Kall_linear_bias0_physical_v3_334d,2025-03-16,12,16218.28566603598,0.2019578000035835,0,51,0,0,144,1,0,1200.0,0.0
BLOCK_Kall_linear_bias0_physical_v3_334d,2025-03-16,18,26489.183556223627,0.2089393999922322,0,54,0,0,144,1,0,1200.0,0.0
BLOCK_Kall_linear_bias0_physical_v3_334d,2025-03-17,0,44163.20791785048,0.6381411000038497,0,33,0,0,144,1,0,1200.0,0.0
BLOCK_Kall_linear_bias0_physical_v3_334d,2025-03-17,6,8514.919639478501,0.2833492000063415,0,22,0,0,144,1,0,1200.0,0.0
BLOCK_Kall_linear_bias0_physical_v3_334d,2025-03-17,12,22866.89732731152,0.2489752000110456,0,50,0,0,144,1,0,1200.0,0.0
BLOCK_Kall_linear_bias0_physical_v3_334d,2025-03-17,18,21433.510257631333,0.2391790999972727,0,62,0,0,144,1,0,1200.0,0.0
BLOCK_Kall_linear_bias0_physical_v3_334d,2025-03-18,0,50683.9149790855,0.7688542999967467,0,29,0,0,144,1,0,1200.0,0.0
BLOCK_Kall_linear_bias0_physical_v3_334d,2025-03-18,6,9581.226031007827,0.2146034000033978,0,47,0,0,144,1,0,1200.0,0.0
BLOCK_Kall_linear_bias0_physical_v3_334d,2025-03-18,12,16090.34067621433,0.3582819000002928,0,39,0,0,144,1,0,1200.0,0.0
BLOCK_Kall_linear_bias0_physical_v3_334d,2025-03-18,18,20332.432520492726,0.1457703999913064,0,57,0,0,144,1,0,1200.0,0.0
BLOCK_Kall_linear_bias0_physical_v3_334d,2025-03-19,0,41993.90606947245,0.533192599992617,0,36,0,0,144,1,0,1200.0,0.0
BLOCK_Kall_linear_bias0_physical_v3_334d,2025-03-19,6,16265.26827419048,0.3448382000060519,0,83,0,0,144,1,0,1200.0,0.0
BLOCK_Kall_linear_bias0_physical_v3_334d,2025-03-19,12,17681.77132487737,0.2646309999981895,0,60,0,0,144,1,0,1200.0,0.0
BLOCK_Kall_linear_bias0_physical_v3_334d,2025-03-19,18,22657.53520630294,0.2187616000010166,0,63,0,0,144,1,0,1200.0,0.0
BLOCK_Kall_linear_bias0_physical_v3_334d,2025-03-20,0,47759.14637947129,0.3115680000046268,0,35,0,0,144,1,0,1200.0,0.0
BLOCK_Kall_linear_bias0_physical_v3_334d,2025-03-20,6,6603.003327182632,0.0842629999970085,0,20,0,0,144,1,0,1200.0,0.0
BLOCK_Kall_linear_bias0_physical_v3_334d,2025-03-20,12,10082.662814879144,0.1511184999981196,0,48,0,0,144,1,0,1200.0,0.0
BLOCK_Kall_linear_bias0_physical_v3_334d,2025-03-20,18,10335.313926062658,0.2098107999918284,0,32,0,0,144,1,0,1200.0,0.0
BLOCK_Kall_linear_bias0_physical_v3_334d,2025-03-21,0,20775.337196963148,0.2336992999917129,0,18,0,0,144,1,0,1200.0,0.0
BLOCK_Kall_linear_bias0_physical_v3_334d,2025-03-21,6,7731.906522439999,0.1199668999906862,0,21,0,0,144,1,0,1200.0,0.0
BLOCK_Kall_linear_bias0_physical_v3_334d,2025-03-21,12,9380.723947443676,0.1107781000027898,0,35,0,0,144,1,0,1200.0,0.0
BLOCK_Kall_linear_bias0_physical_v3_334d,2025-03-21,18,9372.701910979284,0.0940433999930974,0,28,0,0,144,1,0,1200.0,0.0
BLOCK_Kall_linear_bias0_physical_v3_334d,2025-03-22,0,20113.600311756774,0.2495033000013791,0,6,0,0,144,1,0,1200.0,0.0
BLOCK_Kall_linear_bias0_physical_v3_334d,2025-03-22,6,10273.886205204844,0.1719974000006914,0,26,0,0,144,1,0,1200.0,0.0
BLOCK_Kall_linear_bias0_physical_v3_334d,2025-03-22,12,19101.131804463457,0.7605461999919498,0,48,0,0,144,1,0,1200.0,0.0
BLOCK_Kall_linear_bias0_physical_v3_334d,2025-03-22,18,31399.290422966504,0.1381049999909009,0,53,0,0,144,1,0,1200.0,0.0
BLOCK_Kall_linear_bias0_physical_v3_334d,2025-03-23,0,43710.653904804734,0.1794288999954005,0,39,0,0,144,1,0,1200.0,0.0
BLOCK_Kall_linear_bias0_physical_v3_334d,2025-03-23,6,10299.869021305072,0.2609196999983396,0,39,0,0,144,1,0,1200.0,0.0
BLOCK_Kall_linear_bias0_physical_v3_334d,2025-03-23,12,20079.82474960691,0.0717936000000918,0,39,0,0,144,1,0,1200.0,0.0
BLOCK_Kall_linear_bias0_physical_v3_334d,2025-03-23,18,30229.41567540517,0.1885950000141747,0,52,0,0,144,1,0,1200.0,0.0
BLOCK_Kall_linear_bias0_physical_v3_334d,2025-03-24,0,45906.00691014103,0.1359002999961376,0,32,0,0,144,1,0,1200.0,0.0
BLOCK_Kall_linear_bias0_physical_v3_334d,2025-03-24,6,10591.79111094097,0.2996454000094672,0,38,0,0,144,1,0,1200.0,0.0
BLOCK_Kall_linear_bias0_physical_v3_334d,2025-03-24,12,20984.174423905424,0.2231994000030681,0,44,0,0,144,1,0,1200.0,0.0
BLOCK_Kall_linear_bias0_physical_v3_334d,2025-03-24,18,28254.19337343212,0.2625160000025062,0,57,0,0,144,1,0,1200.0,0.0
BLOCK_Kall_linear_bias0_physical_v3_334d,2025-03-25,0,50287.66002070016,0.7013314999931026,0,29,0,0,144,1,0,1200.0,0.0
BLOCK_Kall_linear_bias0_physical_v3_334d,2025-03-25,6,7595.695449218029,0.5267568999988725,0,23,0,0,144,1,0,1200.0,0.0
BLOCK_Kall_linear_bias0_physical_v3_334d,2025-03-25,12,14145.266077339187,0.2161805999930948,0,47,0,0,144,1,0,1200.0,0.0
BLOCK_Kall_linear_bias0_physical_v3_334d,2025-03-25,18,19671.628764601337,0.1621681999968132,0,60,0,0,144,1,0,1200.0,0.0
BLOCK_Kall_linear_bias0_physical_v3_334d,2025-03-26,0,42700.143953320905,0.263059200005955,0,36,0,0,144,1,0,1200.0,0.0
BLOCK_Kall_linear_bias0_physical_v3_334d,2025-03-26,6,11316.973494997585,0.1880553999944823,0,34,0,0,144,1,0,1200.0,0.0
BLOCK_Kall_linear_bias0_physical_v3_334d,2025-03-26,12,14534.861860763942,0.238297900010366,0,38,0,0,144,1,0,1200.0,0.0
BLOCK_Kall_linear_bias0_physical_v3_334d,2025-03-26,18,23407.11567044487,0.6469271999958437,0,66,0,0,144,1,0,1200.0,0.0
BLOCK_Kall_linear_bias0_physical_v3_334d,2025-03-27,0,45505.05945663696,0.5196812999929534,0,30,0,0,144,1,0,1200.0,0.0
BLOCK_Kall_linear_bias0_physical_v3_334d,2025-03-27,6,9266.094756117338,0.0710487000033026,0,34,0,0,144,1,0,1200.0,0.0
BLOCK_Kall_linear_bias0_physical_v3_334d,2025-03-27,12,9382.446774198112,0.2743507000122918,0,39,0,0,144,1,0,1200.0,0.0
BLOCK_Kall_linear_bias0_physical_v3_334d,2025-03-27,18,11597.712725050793,1.1282735999993747,0,35,0,0,144,1,0,1200.0,0.0
BLOCK_Kall_linear_bias0_physical_v3_334d,2025-03-28,0,20147.33695289789,0.4070472000021254,0,9,0,0,144,1,0,1200.0,0.0
BLOCK_Kall_linear_bias0_physical_v3_334d,2025-03-28,6,8193.677306438964,0.0540981000085594,0,35,0,0,144,1,0,1200.0,0.0
BLOCK_Kall_linear_bias0_physical_v3_334d,2025-03-28,12,9881.922461139298,0.1204122000053757,0,42,0,0,144,1,0,1200.0,0.0
BLOCK_Kall_linear_bias0_physical_v3_334d,2025-03-28,18,10458.69508066888,1.0214012999931583,0,33,0,0,144,1,0,1200.0,0.0
BLOCK_Kall_linear_bias0_physical_v3_334d,2025-03-29,0,17992.05205931127,0.3298872000013944,0,5,0,0,144,1,0,1200.0,0.0
BLOCK_Kall_linear_bias0_physical_v3_334d,2025-03-29,6,11226.131964257444,0.060922999997274,0,21,0,0,144,1,0,1200.0,0.0
BLOCK_Kall_linear_bias0_physical_v3_334d,2025-03-29,12,15654.72835962288,0.1301740999915637,0,37,0,0,144,1,0,1200.0,0.0
BLOCK_Kall_linear_bias0_physical_v3_334d,2025-03-29,18,21926.778112157957,0.215805799991358,0,65,0,0,144,1,0,1200.0,0.0
BLOCK_Kall_linear_bias0_physical_v3_334d,2025-03-30,0,40974.0831917077,0.2202590999950189,0,37,0,0,144,1,0,1200.0,0.0
BLOCK_Kall_linear_bias0_physical_v3_334d,2025-03-30,6,9527.722032862304,0.2159651999972993,0,30,0,0,144,1,0,1200.0,0.0
BLOCK_Kall_linear_bias0_physical_v3_334d,2025-03-30,12,25275.95429461684,0.2442159000056563,0,42,0,0,144,1,0,1200.0,0.0
BLOCK_Kall_linear_bias0_physical_v3_334d,2025-03-30,18,27393.11405918272,0.2334550000086892,0,64,0,0,144,1,0,1200.0,0.0
BLOCK_Kall_linear_bias0_physical_v3_334d,2025-03-31,0,38676.77026393004,0.7592140999913681,0,34,0,0,144,1,0,1200.0,0.0
BLOCK_Kall_linear_bias0_physical_v3_334d,2025-03-31,6,22879.49603045647,0.0676499999972293,0,149,0,0,144,1,0,1200.0,0.0
BLOCK_Kall_linear_bias0_physical_v3_334d,2025-03-31,12,14239.019127255471,0.6083473000035156,0,70,0,0,144,1,0,1200.0,0.0
BLOCK_Kall_linear_bias0_physical_v3_334d,2025-03-31,18,20551.09237144952,0.5738787000009324,0,66,0,0,144,1,0,1200.0,0.0
BLOCK_Kall_linear_bias0_physical_v3_334d,2025-04-01,0,46507.4163484732,0.528550200004247,0,29,0,0,144,1,0,1200.0,0.0
BLOCK_Kall_linear_bias0_physical_v3_334d,2025-04-01,6,10531.719743540762,0.1094515000004321,0,55,0,0,144,1,0,1200.0,0.0
BLOCK_Kall_linear_bias0_physical_v3_334d,2025-04-01,12,15690.197969678076,0.1993536000081803,0,53,0,0,144,1,0,1200.0,0.0
BLOCK_Kall_linear_bias0_physical_v3_334d,2025-04-01,18,38907.99548760493,0.5149638999864692,0,54,0,0,144,1,0,1200.0,0.0
BLOCK_Kall_linear_bias0_physical_v3_334d,2025-04-02,0,44529.191819861495,0.0896633999946061,0,38,0,0,144,1,0,1200.0,0.0
BLOCK_Kall_linear_bias0_physical_v3_334d,2025-04-02,6,12138.300806160774,0.2766066000040155,0,42,0,0,144,1,0,1200.0,0.0
BLOCK_Kall_linear_bias0_physical_v3_334d,2025-04-02,12,14856.092023633644,0.2685283000027993,0,47,0,0,144,1,0,1200.0,0.0
BLOCK_Kall_linear_bias0_physical_v3_334d,2025-04-02,18,21589.293615960138,0.2401157999993302,0,59,0,0,144,1,0,1200.0,0.0
BLOCK_Kall_linear_bias0_physical_v3_334d,2025-04-03,0,45774.67658957658,0.1253341999981785,0,36,0,0,144,1,0,1200.0,0.0
BLOCK_Kall_linear_bias0_physical_v3_334d,2025-04-03,6,6898.937665711086,0.0891847000020789,0,23,0,0,144,1,0,1200.0,0.0
BLOCK_Kall_linear_bias0_physical_v3_334d,2025-04-03,12,8565.671449414938,0.1173844000004464,0,33,0,0,144,1,0,1200.0,0.0
BLOCK_Kall_linear_bias0_physical_v3_334d,2025-04-03,18,9547.735977897984,0.2624282999895513,0,28,0,0,144,1,0,1200.0,0.0
BLOCK_Kall_linear_bias0_physical_v3_334d,2025-04-04,0,18457.609289061616,0.0578887000010581,0,6,0,0,144,1,0,1200.0,0.0
BLOCK_Kall_linear_bias0_physical_v3_334d,2025-04-04,6,7733.025028493622,0.0810619999974733,0,20,0,0,144,1,0,1200.0,0.0
BLOCK_Kall_linear_bias0_physical_v3_334d,2025-04-04,12,10997.007053938338,0.4815849000005983,0,35,0,0,144,1,0,1200.0,0.0
BLOCK_Kall_linear_bias0_physical_v3_334d,2025-04-04,18,10521.755481680488,0.3946655000036116,0,46,0,0,144,1,0,1200.0,0.0
BLOCK_Kall_linear_bias0_physical_v3_334d,2025-04-05,0,17354.73039013315,0.2093508999969344,0,4,0,0,144,1,0,1200.0,0.0
BLOCK_Kall_linear_bias0_physical_v3_334d,2025-04-05,6,10644.773227911812,0.2841178000089712,0,29,0,0,144,1,0,1200.0,0.0
BLOCK_Kall_linear_bias0_physical_v3_334d,2025-04-05,12,28606.18823461,0.1545225999871036,0,44,0,0,144,1,0,1200.0,0.0
BLOCK_Kall_linear_bias0_physical_v3_334d,2025-04-05,18,23313.488807027086,0.2620582999952603,0,64,0,0,144,1,0,1200.0,0.0
BLOCK_Kall_linear_bias0_physical_v3_334d,2025-04-06,0,40440.0145907328,0.1288689999928465,0,39,0,0,144,1,0,1200.0,0.0
BLOCK_Kall_linear_bias0_physical_v3_334d,2025-04-06,6,10474.530602530533,0.2878283000027295,0,29,0,0,144,1,0,1200.0,0.0
BLOCK_Kall_linear_bias0_physical_v3_334d,2025-04-06,12,15792.5923508166,0.1484579000098165,0,40,0,0,144,1,0,1200.0,0.0
BLOCK_Kall_linear_bias0_physical_v3_334d,2025-04-06,18,20762.33090044012,0.2020330999948782,0,59,0,0,144,1,0,1200.0,0.0
BLOCK_Kall_linear_bias0_physical_v3_334d,2025-04-07,0,37020.51888559637,0.144348899993929,0,36,0,0,144,1,0,1200.0,0.0
BLOCK_Kall_linear_bias0_physical_v3_334d,2025-04-07,6,14683.907811137418,0.591964100007317,0,46,0,0,144,1,0,1200.0,0.0
BLOCK_Kall_linear_bias0_physical_v3_334d,2025-04-07,12,22603.94349460337,0.1332989000075031,0,42,0,0,144,1,0,1200.0,0.0
BLOCK_Kall_linear_bias0_physical_v3_334d,2025-04-07,18,21436.319425772654,0.1186458000011043,0,56,0,0,144,1,0,1200.0,0.0
BLOCK_Kall_linear_bias0_physical_v3_334d,2025-04-08,0,43764.94193166205,0.1733328999980585,0,38,0,0,144,1,0,1200.0,0.0
BLOCK_Kall_linear_bias0_physical_v3_334d,2025-04-08,6,9475.927889611012,0.2962217000022065,0,28,0,0,144,1,0,1200.0,0.0
BLOCK_Kall_linear_bias0_physical_v3_334d,2025-04-08,12,16887.994954608628,0.1043552000046474,0,45,0,0,144,1,0,1200.0,0.0
BLOCK_Kall_linear_bias0_physical_v3_334d,2025-04-08,18,25413.42108260838,0.433725199996843,0,58,0,0,144,1,0,1200.0,0.0
BLOCK_Kall_linear_bias0_physical_v3_334d,2025-04-09,0,42668.56030312158,0.2576125999912619,0,40,0,0,144,1,0,1200.0,0.0
BLOCK_Kall_linear_bias0_physical_v3_334d,2025-04-09,6,10284.69215947361,0.4205915000056848,0,30,0,0,144,1,0,1200.0,0.0
BLOCK_Kall_linear_bias0_physical_v3_334d,2025-04-09,12,26883.14213262221,0.6964630000002217,0,48,0,0,144,1,0,1200.0,0.0
BLOCK_Kall_linear_bias0_physical_v3_334d,2025-04-09,18,23285.9538157735,0.6306636999943294,0,63,0,0,144,1,0,1200.0,0.0
BLOCK_Kall_linear_bias0_physical_v3_334d,2025-04-10,0,41748.4391743826,0.4370339000015519,0,37,0,0,144,1,0,1200.0,0.0
BLOCK_Kall_linear_bias0_physical_v3_334d,2025-04-10,6,7734.749464858244,0.1055220999987796,0,25,0,0,144,1,0,1200.0,0.0
BLOCK_Kall_linear_bias0_physical_v3_334d,2025-04-10,12,8534.256580627598,0.5661203999916324,0,28,0,0,144,1,0,1200.0,0.0
BLOCK_Kall_linear_bias0_physical_v3_334d,2025-04-10,18,9289.799587494108,1.0732163000066066,0,27,0,0,144,1,0,1200.0,0.0
BLOCK_Kall_linear_bias0_physical_v3_334d,2025-04-11,0,16992.159259877644,0.6576640999992378,0,5,0,0,144,1,0,1200.0,0.0
BLOCK_Kall_linear_bias0_physical_v3_334d,2025-04-11,6,8501.603461466284,0.3856756000022869,0,30,0,0,144,1,0,1200.0,0.0
BLOCK_Kall_linear_bias0_physical_v3_334d,2025-04-11,12,9148.12513062732,0.0902861000067787,0,33,0,0,144,1,0,1200.0,0.0
BLOCK_Kall_linear_bias0_physical_v3_334d,2025-04-11,18,9701.651538288605,0.1683226000022841,0,28,0,0,144,1,0,1200.0,0.0
BLOCK_Kall_linear_bias0_physical_v3_334d,2025-04-12,0,18271.88105200743,0.4301481000002241,0,7,0,0,144,1,0,1200.0,0.0
BLOCK_Kall_linear_bias0_physical_v3_334d,2025-04-12,6,10107.19288596676,0.3286175000102957,0,21,0,0,144,1,0,1200.0,0.0
BLOCK_Kall_linear_bias0_physical_v3_334d,2025-04-12,12,14200.581948556535,0.1800131000054534,0,37,0,0,144,1,0,1200.0,0.0
BLOCK_Kall_linear_bias0_physical_v3_334d,2025-04-12,18,28494.01576251777,0.2611189000017475,0,56,0,0,144,1,0,1200.0,0.0
BLOCK_Kall_linear_bias0_physical_v3_334d,2025-04-13,0,37377.02880988607,0.8642527000047266,0,36,0,0,144,1,0,1200.0,0.0
BLOCK_Kall_linear_bias0_physical_v3_334d,2025-04-13,6,10736.815692981969,0.0668796999962069,0,33,0,0,144,1,0,1200.0,0.0
BLOCK_Kall_linear_bias0_physical_v3_334d,2025-04-13,12,20763.68328084221,0.2469877999974414,0,51,0,0,144,1,0,1200.0,0.0
BLOCK_Kall_linear_bias0_physical_v3_334d,2025-04-13,18,22510.799388236977,0.3017013000062434,0,62,0,0,144,1,0,1200.0,0.0
BLOCK_Kall_linear_bias0_physical_v3_334d,2025-04-14,0,41893.21538857805,0.1942491000081645,0,37,0,0,144,1,0,1200.0,0.0
BLOCK_Kall_linear_bias0_physical_v3_334d,2025-04-14,6,8286.466162354447,0.0777632000099401,0,20,0,0,144,1,0,1200.0,0.0
BLOCK_Kall_linear_bias0_physical_v3_334d,2025-04-14,12,13249.635050468783,0.2036292999982834,0,50,0,0,144,1,0,1200.0,0.0
BLOCK_Kall_linear_bias0_physical_v3_334d,2025-04-14,18,19230.112984236577,0.5999588999984553,0,65,0,0,144,1,0,1200.0,0.0
BLOCK_Kall_linear_bias0_physical_v3_334d,2025-04-15,0,36110.64027798279,0.1362611999938963,0,32,0,0,144,1,0,1200.0,0.0
BLOCK_Kall_linear_bias0_physical_v3_334d,2025-04-15,6,14649.958087275938,0.6926198000001023,0,67,0,0,144,1,0,1200.0,0.0
BLOCK_Kall_linear_bias0_physical_v3_334d,2025-04-15,12,17948.31659232556,0.2414737000071909,0,43,0,0,144,1,0,1200.0,0.0
BLOCK_Kall_linear_bias0_physical_v3_334d,2025-04-15,18,23023.026531854965,0.3665036000020336,0,60,0,0,144,1,0,1200.0,0.0
BLOCK_Kall_linear_bias0_physical_v3_334d,2025-04-16,0,39782.665907571696,0.0990126000106101,0,39,0,0,144,1,0,1200.0,0.0
BLOCK_Kall_linear_bias0_physical_v3_334d,2025-04-16,6,12800.98136977702,0.3454155000072205,0,64,0,0,144,1,0,1200.0,0.0
BLOCK_Kall_linear_bias0_physical_v3_334d,2025-04-16,12,13277.609479485218,0.2917144999955781,0,48,0,0,144,1,0,1200.0,0.0
BLOCK_Kall_linear_bias0_physical_v3_334d,2025-04-16,18,25102.698388954872,0.1735419000033289,0,56,0,0,144,1,0,1200.0,0.0
BLOCK_Kall_linear_bias0_physical_v3_334d,2025-04-17,0,37144.55500596662,0.2552746000001207,0,32,0,0,144,1,0,1200.0,0.0
BLOCK_Kall_linear_bias0_physical_v3_334d,2025-04-17,6,10830.910287085166,0.0970136999967508,0,89,0,0,144,1,0,1200.0,0.0
BLOCK_Kall_linear_bias0_physical_v3_334d,2025-04-17,12,9060.988822215017,0.443864200002281,0,33,0,0,144,1,0,1200.0,0.0
BLOCK_Kall_linear_bias0_physical_v3_334d,2025-04-17,18,9282.72154478154,0.3431472999945981,0,32,0,0,144,1,0,1200.0,0.0
BLOCK_Kall_linear_bias0_physical_v3_334d,2025-04-18,0,17331.479914063344,0.4020243999984814,0,5,0,0,144,1,0,1200.0,0.0
BLOCK_Kall_linear_bias0_physical_v3_334d,2025-04-18,6,7481.761805029328,0.0512177000055089,0,20,0,0,144,1,0,1200.0,0.0
BLOCK_Kall_linear_bias0_physical_v3_334d,2025-04-18,12,9120.84147762872,0.3850608999928226,0,29,0,0,144,1,0,1200.0,0.0
BLOCK_Kall_linear_bias0_physical_v3_334d,2025-04-18,18,8963.271040662277,0.4834988999937195,0,28,0,0,144,1,0,1200.0,0.0
BLOCK_Kall_linear_bias0_physical_v3_334d,2025-04-19,0,15742.727768062636,0.1276420000067446,0,3,0,0,144,1,0,1200.0,0.0
BLOCK_Kall_linear_bias0_physical_v3_334d,2025-04-19,6,10144.719718533015,0.2726299000059953,0,24,0,0,144,1,0,1200.0,0.0
BLOCK_Kall_linear_bias0_physical_v3_334d,2025-04-19,12,16227.603207865444,0.1341810000012628,0,37,0,0,144,1,0,1200.0,0.0
BLOCK_Kall_linear_bias0_physical_v3_334d,2025-04-19,18,17299.70229086066,0.1723468999989563,0,57,0,0,144,1,0,1200.0,0.0
BLOCK_Kall_linear_bias0_physical_v3_334d,2025-04-20,0,35464.29878658005,0.1738191999902483,0,31,0,0,144,1,0,1200.0,0.0
BLOCK_Kall_linear_bias0_physical_v3_334d,2025-04-20,6,11731.328595031417,0.0678224000002956,0,74,0,0,144,1,0,1200.0,0.0
BLOCK_Kall_linear_bias0_physical_v3_334d,2025-04-20,12,14934.431188779286,0.2289952999999513,0,47,0,0,144,1,0,1200.0,0.0
BLOCK_Kall_linear_bias0_physical_v3_334d,2025-04-20,18,17717.515001584452,0.2184828000026755,0,57,0,0,144,1,0,1200.0,0.0
BLOCK_Kall_linear_bias0_physical_v3_334d,2025-04-21,0,40028.14173820166,0.9773560000030556,0,36,0,0,144,1,0,1200.0,0.0
BLOCK_Kall_linear_bias0_physical_v3_334d,2025-04-21,6,8849.882737702612,0.1148126000043703,0,21,0,0,144,1,0,1200.0,0.0
BLOCK_Kall_linear_bias0_physical_v3_334d,2025-04-21,12,11736.63759105976,0.660749599992414,0,36,0,0,144,1,0,1200.0,0.0
BLOCK_Kall_linear_bias0_physical_v3_334d,2025-04-21,18,15056.534040471746,0.1439193000114755,0,57,0,0,144,1,0,1200.0,0.0
BLOCK_Kall_linear_bias0_physical_v3_334d,2025-04-22,0,35191.77541244794,0.2905449000099906,0,33,0,0,144,1,0,1200.0,0.0
BLOCK_Kall_linear_bias0_physical_v3_334d,2025-04-22,6,15032.9421557464,0.3896374000032665,0,84,0,0,144,1,0,1200.0,0.0
BLOCK_Kall_linear_bias0_physical_v3_334d,2025-04-22,12,15152.237565842395,0.3404697000078158,0,40,0,0,144,1,0,1200.0,0.0
BLOCK_Kall_linear_bias0_physical_v3_334d,2025-04-22,18,17250.753566686097,1.0705269000027329,0,61,0,0,144,1,0,1200.0,0.0
BLOCK_Kall_linear_bias0_physical_v3_334d,2025-04-23,0,34964.88311807769,0.9553964999940944,0,32,0,0,144,1,0,1200.0,0.0
BLOCK_Kall_linear_bias0_physical_v3_334d,2025-04-23,6,12815.79412635762,0.5540265000017826,0,81,0,0,144,1,0,1200.0,0.0
BLOCK_Kall_linear_bias0_physical_v3_334d,2025-04-23,12,14253.69551408546,0.9930737000104272,0,44,0,0,144,1,0,1200.0,0.0
BLOCK_Kall_linear_bias0_physical_v3_334d,2025-04-23,18,19293.72555346661,0.2229271000105654,0,59,0,0,144,1,0,1200.0,0.0
BLOCK_Kall_linear_bias0_physical_v3_334d,2025-04-24,0,36210.19356339205,0.7784705999947619,0,32,0,0,144,1,0,1200.0,0.0
BLOCK_Kall_linear_bias0_physical_v3_334d,2025-04-24,6,7461.637519599084,0.1504067000059876,0,31,0,0,144,1,0,1200.0,0.0
BLOCK_Kall_linear_bias0_physical_v3_334d,2025-04-24,12,9352.124759010634,0.1285044999967795,0,24,0,0,144,1,0,1200.0,0.0
BLOCK_Kall_linear_bias0_physical_v3_334d,2025-04-24,18,8745.616608604063,0.4022350999875925,0,25,0,0,144,1,0,1200.0,0.0
BLOCK_Kall_linear_bias0_physical_v3_334d,2025-04-25,0,16920.866343064423,0.0726069999946048,0,4,0,0,144,1,0,1200.0,0.0
BLOCK_Kall_linear_bias0_physical_v3_334d,2025-04-25,6,7631.7340905392,0.1897647000005236,0,20,0,0,144,1,0,1200.0,0.0
BLOCK_Kall_linear_bias0_physical_v3_334d,2025-04-25,12,8350.482110563886,0.3784034999989671,0,25,0,0,144,1,0,1200.0,0.0
BLOCK_Kall_linear_bias0_physical_v3_334d,2025-04-25,18,8631.137797066818,0.1005277000076603,0,24,0,0,144,1,0,1200.0,0.0
BLOCK_Kall_linear_bias0_physical_v3_334d,2025-04-26,0,15710.689676794666,0.0778957000002265,0,2,0,0,144,1,0,1200.0,0.0
BLOCK_Kall_linear_bias0_physical_v3_334d,2025-04-26,6,10269.428722200151,0.0773235999949975,0,25,0,0,144,1,0,1200.0,0.0
BLOCK_Kall_linear_bias0_physical_v3_334d,2025-04-26,12,16513.193135033584,0.340096200001426,0,45,0,0,144,1,0,1200.0,0.0
BLOCK_Kall_linear_bias0_physical_v3_334d,2025-04-26,18,18150.98085788107,0.1239531000028364,0,56,0,0,144,1,0,1200.0,0.0
BLOCK_Kall_linear_bias0_physical_v3_334d,2025-04-27,0,32460.51550520526,0.4802354999992531,0,22,0,0,144,1,0,1200.0,0.0
BLOCK_Kall_linear_bias0_physical_v3_334d,2025-04-27,6,14675.742377359711,0.0761014000017894,0,82,0,0,144,1,0,1200.0,0.0
BLOCK_Kall_linear_bias0_physical_v3_334d,2025-04-27,12,14170.724302905695,0.3812780000007478,0,43,0,0,144,1,0,1200.0,0.0
BLOCK_Kall_linear_bias0_physical_v3_334d,2025-04-27,18,30060.74553491147,0.2440836000023409,0,52,0,0,144,1,0,1200.0,0.0
BLOCK_Kall_linear_bias0_physical_v3_334d,2025-04-28,0,42526.1546859404,0.8900586999952793,0,32,0,0,144,1,0,1200.0,0.0
BLOCK_Kall_linear_bias0_physical_v3_334d,2025-04-28,6,10898.738118199068,0.1213839999982155,0,42,0,0,144,1,0,1200.0,0.0
BLOCK_Kall_linear_bias0_physical_v3_334d,2025-04-28,12,11737.987181067729,0.1410697999963304,0,45,0,0,144,1,0,1200.0,0.0
BLOCK_Kall_linear_bias0_physical_v3_334d,2025-04-28,18,20253.90072670012,0.3601997000077972,0,61,0,0,144,1,0,1200.0,0.0
BLOCK_Kall_linear_bias0_physical_v3_334d,2025-04-29,0,36478.87240374491,1.0054487000015797,0,34,0,0,144,1,0,1200.0,0.0
BLOCK_Kall_linear_bias0_physical_v3_334d,2025-04-29,6,10301.524518008264,0.0826806999975815,0,28,0,0,144,1,0,1200.0,0.0
BLOCK_Kall_linear_bias0_physical_v3_334d,2025-04-29,12,13848.676945855756,0.3597823000018252,0,36,0,0,144,1,0,1200.0,0.0
BLOCK_Kall_linear_bias0_physical_v3_334d,2025-04-29,18,23499.378305968447,0.3630666999961249,0,59,0,0,144,1,0,1200.0,0.0
BLOCK_Kall_linear_bias0_physical_v3_334d,2025-04-30,0,35003.20093108787,1.1730458999954865,0,32,0,0,144,1,0,1200.0,0.0
BLOCK_Kall_linear_bias0_physical_v3_334d,2025-04-30,6,9769.89832753659,0.1118421999999554,0,21,0,0,144,1,0,1200.0,0.0
BLOCK_Kall_linear_bias0_physical_v3_334d,2025-04-30,12,14211.51701156329,0.2253464000095846,0,38,0,0,144,1,0,1200.0,0.0
BLOCK_Kall_linear_bias0_physical_v3_334d,2025-04-30,18,15402.364071678694,0.3869781999965198,0,59,0,0,144,1,0,1200.0,0.0
BLOCK_Kall_linear_bias0_physical_v3_334d,2025-05-01,0,37130.31820115084,1.1880953000072625,0,33,0,0,144,1,0,1200.0,0.0
BLOCK_Kall_linear_bias0_physical_v3_334d,2025-05-01,6,7637.0211990505795,0.108929200010607,0,31,0,0,144,1,0,1200.0,0.0
BLOCK_Kall_linear_bias0_physical_v3_334d,2025-05-01,12,8460.70057165766,0.1501862000004621,0,29,0,0,144,1,0,1200.0,0.0
BLOCK_Kall_linear_bias0_physical_v3_334d,2025-05-01,18,9604.574791297988,0.1594405999931041,0,38,0,0,144,1,0,1200.0,0.0
BLOCK_Kall_linear_bias0_physical_v3_334d,2025-05-02,0,20338.26480042604,0.0991183000005548,0,15,0,0,144,1,0,1200.0,0.0
BLOCK_Kall_linear_bias0_physical_v3_334d,2025-05-02,6,8244.806764489593,0.0840522000071359,0,22,0,0,144,1,0,1200.0,0.0
BLOCK_Kall_linear_bias0_physical_v3_334d,2025-05-02,12,8540.327647909291,0.1138131999905454,0,21,0,0,144,1,0,1200.0,0.0
BLOCK_Kall_linear_bias0_physical_v3_334d,2025-05-02,18,9496.382431772325,0.5914713999954984,0,25,0,0,144,1,0,1200.0,0.0
BLOCK_Kall_linear_bias0_physical_v3_334d,2025-05-03,0,17440.874475747387,0.2495117000071331,0,5,0,0,144,1,0,1200.0,0.0
BLOCK_Kall_linear_bias0_physical_v3_334d,2025-05-03,6,10062.31338771895,0.0880629000021144,0,21,0,0,144,1,0,1200.0,0.0
BLOCK_Kall_linear_bias0_physical_v3_334d,2025-05-03,12,14251.929623307293,0.4109176000056322,0,36,0,0,144,1,0,1200.0,0.0
BLOCK_Kall_linear_bias0_physical_v3_334d,2025-05-03,18,14525.906881960682,0.1299545000074431,0,54,0,0,144,1,0,1200.0,0.0
BLOCK_Kall_linear_bias0_physical_v3_334d,2025-05-04,0,37856.96062070813,0.2352977999980794,0,33,0,0,144,1,0,1200.0,0.0
BLOCK_Kall_linear_bias0_physical_v3_334d,2025-05-04,6,10245.05420978042,0.0699580000073183,0,33,0,0,144,1,0,1200.0,0.0
BLOCK_Kall_linear_bias0_physical_v3_334d,2025-05-04,12,14442.023510706244,0.1047365999984322,0,37,0,0,144,1,0,1200.0,0.0
BLOCK_Kall_linear_bias0_physical_v3_334d,2025-05-04,18,30141.01503262216,0.3334265000012237,0,53,0,0,144,1,0,1200.0,0.0
BLOCK_Kall_linear_bias0_physical_v3_334d,2025-05-05,0,42866.63934201541,0.1312581999955,0,40,0,0,144,1,0,1200.0,0.0
BLOCK_Kall_linear_bias0_physical_v3_334d,2025-05-05,6,9448.185354830346,0.0937443000002531,0,28,0,0,144,1,0,1200.0,0.0
BLOCK_Kall_linear_bias0_physical_v3_334d,2025-05-05,12,12423.91117681642,0.2577619999938179,0,39,0,0,144,1,0,1200.0,0.0
BLOCK_Kall_linear_bias0_physical_v3_334d,2025-05-05,18,15273.791770716967,0.7630957000073977,0,53,0,0,144,1,0,1200.0,0.0
BLOCK_Kall_linear_bias0_physical_v3_334d,2025-05-06,0,37264.76782045642,0.8551795999956084,0,33,0,0,144,1,0,1200.0,0.0
BLOCK_Kall_linear_bias0_physical_v3_334d,2025-05-06,6,12305.859693786204,0.1083419999922625,0,76,0,0,144,1,0,1200.0,0.0
BLOCK_Kall_linear_bias0_physical_v3_334d,2025-05-06,12,21912.03301684317,0.483637199999066,0,48,0,0,144,1,0,1200.0,0.0
BLOCK_Kall_linear_bias0_physical_v3_334d,2025-05-06,18,19067.76889211964,0.295573700001114,0,61,0,0,144,1,0,1200.0,0.0
BLOCK_Kall_linear_bias0_physical_v3_334d,2025-05-07,0,40156.91884026613,0.4097701999999117,0,34,0,0,144,1,0,1200.0,0.0
BLOCK_Kall_linear_bias0_physical_v3_334d,2025-05-07,6,12516.11986327753,0.0635561000090092,0,66,0,0,144,1,0,1200.0,0.0
BLOCK_Kall_linear_bias0_physical_v3_334d,2025-05-07,12,18853.20161674196,0.1603968999988865,0,50,0,0,144,1,0,1200.0,0.0
BLOCK_Kall_linear_bias0_physical_v3_334d,2025-05-07,18,16055.320422379984,0.1139643000060459,0,57,0,0,144,1,0,1200.0,0.0
BLOCK_Kall_linear_bias0_physical_v3_334d,2025-05-08,0,44058.73126581022,0.229228600001079,0,39,0,0,144,1,0,1200.0,0.0
BLOCK_Kall_linear_bias0_physical_v3_334d,2025-05-08,6,8154.281141293261,0.1039861000026576,0,21,0,0,144,1,0,1200.0,0.0
BLOCK_Kall_linear_bias0_physical_v3_334d,2025-05-08,12,12160.04340379679,0.0946057000110158,0,49,0,0,144,1,0,1200.0,0.0
BLOCK_Kall_linear_bias0_physical_v3_334d,2025-05-08,18,10079.956687622092,0.0806950999976834,0,28,0,0,144,1,0,1200.0,0.0
BLOCK_Kall_linear_bias0_physical_v3_334d,2025-05-09,0,22095.46685745172,0.0995769000001018,0,21,0,0,144,1,0,1200.0,0.0
BLOCK_Kall_linear_bias0_physical_v3_334d,2025-05-09,6,8744.510123368655,0.3284434000088367,0,3,0,0,144,1,0,1200.0,0.0
BLOCK_Kall_linear_bias0_physical_v3_334d,2025-05-09,12,9301.465850793757,0.381661699997494,0,24,0,0,144,1,0,1200.0,0.0
BLOCK_Kall_linear_bias0_physical_v3_334d,2025-05-09,18,8703.800771888666,0.1336722999985795,0,21,0,0,144,1,0,1200.0,0.0
BLOCK_Kall_linear_bias0_physical_v3_334d,2025-05-10,0,18975.13421993362,0.5966774999978952,0,3,0,0,144,1,0,1200.0,0.0
BLOCK_Kall_linear_bias0_physical_v3_334d,2025-05-10,6,12525.53908559082,0.08286660000158,0,26,0,0,144,1,0,1200.0,0.0
BLOCK_Kall_linear_bias0_physical_v3_334d,2025-05-10,12,14745.628298069938,0.2326938999904086,0,43,0,0,144,1,0,1200.0,0.0
BLOCK_Kall_linear_bias0_physical_v3_334d,2025-05-10,18,30447.391674373117,0.1729231000063009,0,52,0,0,144,1,0,1200.0,0.0
BLOCK_Kall_linear_bias0_physical_v3_334d,2025-05-11,0,39133.656630908976,0.1456309999921359,0,32,0,0,144,1,0,1200.0,0.0
BLOCK_Kall_linear_bias0_physical_v3_334d,2025-05-11,6,13467.273345088604,0.1423987000016495,0,68,0,0,144,1,0,1200.0,0.0
BLOCK_Kall_linear_bias0_physical_v3_334d,2025-05-11,12,16442.897867630378,0.2226500999968266,0,43,0,0,144,1,0,1200.0,0.0
BLOCK_Kall_linear_bias0_physical_v3_334d,2025-05-11,18,21994.40447053281,0.2456282000057399,0,53,0,0,144,1,0,1200.0,0.0
BLOCK_Kall_linear_bias0_physical_v3_334d,2025-05-12,0,38751.35844220142,0.6315357999992557,0,34,0,0,144,1,0,1200.0,0.0
BLOCK_Kall_linear_bias0_physical_v3_334d,2025-05-12,6,16959.942778443732,0.0900433000060729,0,76,0,0,144,1,0,1200.0,0.0
BLOCK_Kall_linear_bias0_physical_v3_334d,2025-05-12,12,14874.739732706215,0.2191058000025805,0,35,0,0,144,1,0,1200.0,0.0
BLOCK_Kall_linear_bias0_physical_v3_334d,2025-05-12,18,25306.306408613545,0.1584699999948498,0,52,0,0,144,1,0,1200.0,0.0
BLOCK_Kall_linear_bias0_physical_v3_334d,2025-05-13,0,44334.45419268862,0.3924760999943828,0,36,0,0,144,1,0,1200.0,0.0
BLOCK_Kall_linear_bias0_physical_v3_334d,2025-05-13,6,9915.00994276844,0.0736337999987881,0,30,0,0,144,1,0,1200.0,0.0
BLOCK_Kall_linear_bias0_physical_v3_334d,2025-05-13,12,23199.95970913827,0.1460277000005589,0,50,0,0,144,1,0,1200.0,0.0
BLOCK_Kall_linear_bias0_physical_v3_334d,2025-05-13,18,21038.58438336315,0.1415874999947846,0,60,0,0,144,1,0,1200.0,0.0
BLOCK_Kall_linear_bias0_physical_v3_334d,2025-05-14,0,43624.89347849519,0.737642699998105,0,37,0,0,144,1,0,1200.0,0.0
BLOCK_Kall_linear_bias0_physical_v3_334d,2025-05-14,6,11002.93428631916,0.1209612000093329,0,43,0,0,144,1,0,1200.0,0.0
BLOCK_Kall_linear_bias0_physical_v3_334d,2025-05-14,12,12446.9005543083,0.0883879000029992,0,37,0,0,144,1,0,1200.0,0.0
BLOCK_Kall_linear_bias0_physical_v3_334d,2025-05-14,18,20533.06425025125,0.2175843000004533,0,66,0,0,144,1,0,1200.0,0.0
BLOCK_Kall_linear_bias0_physical_v3_334d,2025-05-15,0,42819.0970065345,0.5280603999999585,0,32,0,0,144,1,0,1200.0,0.0
BLOCK_Kall_linear_bias0_physical_v3_334d,2025-05-15,6,10481.44949347176,0.203580300003523,0,61,0,0,144,1,0,1200.0,0.0
BLOCK_Kall_linear_bias0_physical_v3_334d,2025-05-15,12,7896.488632017177,0.3423540000076173,0,25,0,0,144,1,0,1200.0,0.0
BLOCK_Kall_linear_bias0_physical_v3_334d,2025-05-15,18,8566.741124945838,0.1256942999898456,0,21,0,0,144,1,0,1200.0,0.0
BLOCK_Kall_linear_bias0_physical_v3_334d,2025-05-16,0,20193.98568049024,0.5745852999971248,0,2,0,0,144,1,0,1200.0,0.0
BLOCK_Kall_linear_bias0_physical_v3_334d,2025-05-16,6,7787.281641490463,0.2452044999954523,0,10,0,0,144,1,0,1200.0,0.0
BLOCK_Kall_linear_bias0_physical_v3_334d,2025-05-16,12,7973.073765751842,0.1401018999895313,0,21,0,0,144,1,0,1200.0,0.0
BLOCK_Kall_linear_bias0_physical_v3_334d,2025-05-16,18,8446.72095181319,0.4232080000074347,0,21,0,0,144,1,0,1200.0,0.0
BLOCK_Kall_linear_bias0_physical_v3_334d,2025-05-17,0,19058.64713247072,0.0452365999954054,0,1,0,0,144,1,0,1200.0,0.0
BLOCK_Kall_linear_bias0_physical_v3_334d,2025-05-17,6,10185.763673915564,0.0662848000065423,0,21,0,0,144,1,0,1200.0,0.0
BLOCK_Kall_linear_bias0_physical_v3_334d,2025-05-17,12,14969.75889850118,0.0991241000010632,0,40,0,0,144,1,0,1200.0,0.0
BLOCK_Kall_linear_bias0_physical_v3_334d,2025-05-17,18,16876.918860264905,0.259378699993249,0,57,0,0,144,1,0,1200.0,0.0
BLOCK_Kall_linear_bias0_physical_v3_334d,2025-05-18,0,41402.04135040099,0.452816500008339,0,36,0,0,144,1,0,1200.0,0.0
BLOCK_Kall_linear_bias0_physical_v3_334d,2025-05-18,6,10690.355359600786,0.0589539000065997,0,25,0,0,144,1,0,1200.0,0.0
BLOCK_Kall_linear_bias0_physical_v3_334d,2025-05-18,12,17349.96591018086,0.1893825000006472,0,43,0,0,144,1,0,1200.0,0.0
BLOCK_Kall_linear_bias0_physical_v3_334d,2025-05-18,18,20653.59761295849,0.2393715999933192,0,60,0,0,144,1,0,1200.0,0.0
BLOCK_Kall_linear_bias0_physical_v3_334d,2025-05-19,0,39746.53639308972,0.1718464999867137,0,35,0,0,144,1,0,1200.0,0.0
BLOCK_Kall_linear_bias0_physical_v3_334d,2025-05-19,6,10190.774224414365,0.5605857000045944,0,30,0,0,144,1,0,1200.0,0.0
BLOCK_Kall_linear_bias0_physical_v3_334d,2025-05-19,12,18319.7787639831,0.1755476999969687,0,51,0,0,144,1,0,1200.0,0.0
BLOCK_Kall_linear_bias0_physical_v3_334d,2025-05-19,18,20484.04598164845,0.2193980000010924,0,56,0,0,144,1,0,1200.0,0.0
BLOCK_Kall_linear_bias0_physical_v3_334d,2025-05-20,0,39547.403853743046,0.4816533999983221,0,34,0,0,144,1,0,1200.0,0.0
BLOCK_Kall_linear_bias0_physical_v3_334d,2025-05-20,6,12646.468177200137,0.0739532000006875,0,63,0,0,144,1,0,1200.0,0.0
BLOCK_Kall_linear_bias0_physical_v3_334d,2025-05-20,12,13515.380370941824,0.2102978999901097,0,53,0,0,144,1,0,1200.0,0.0
BLOCK_Kall_linear_bias0_physical_v3_334d,2025-05-20,18,24899.811585622458,0.1264924999995855,0,51,0,0,144,1,0,1200.0,0.0
BLOCK_Kall_linear_bias0_physical_v3_334d,2025-05-21,0,37237.15720656381,0.6293616000039037,0,31,0,0,144,1,0,1200.0,0.0
BLOCK_Kall_linear_bias0_physical_v3_334d,2025-05-21,6,13902.894589663048,0.2437944000121206,0,87,0,0,144,1,0,1200.0,0.0
BLOCK_Kall_linear_bias0_physical_v3_334d,2025-05-21,12,15959.723095186268,0.1741822000039974,0,49,0,0,144,1,0,1200.0,0.0
BLOCK_Kall_linear_bias0_physical_v3_334d,2025-05-21,18,21514.562327428368,0.1283732000010786,0,57,0,0,144,1,0,1200.0,0.0
BLOCK_Kall_linear_bias0_physical_v3_334d,2025-05-22,0,38412.43695135412,0.3462141000054544,0,33,0,0,144,1,0,1200.0,0.0
BLOCK_Kall_linear_bias0_physical_v3_334d,2025-05-22,6,7692.777964899271,0.4675374000071315,0,22,0,0,144,1,0,1200.0,0.0
BLOCK_Kall_linear_bias0_physical_v3_334d,2025-05-22,12,7974.227733154412,0.0947376000112854,0,25,0,0,144,1,0,1200.0,0.0
BLOCK_Kall_linear_bias0_physical_v3_334d,2025-05-22,18,9089.239323173198,0.2972251999890432,0,28,0,0,144,1,0,1200.0,0.0
BLOCK_Kall_linear_bias0_physical_v3_334d,2025-05-23,0,18467.37767851752,0.4649908999999752,0,3,0,0,144,1,0,1200.0,0.0
BLOCK_Kall_linear_bias0_physical_v3_334d,2025-05-23,6,7629.629629748614,0.2639714000106323,0,9,0,0,144,1,0,1200.0,0.0
BLOCK_Kall_linear_bias0_physical_v3_334d,2025-05-23,12,9792.565191957212,0.0963197000091895,0,21,0,0,144,1,0,1200.0,0.0
BLOCK_Kall_linear_bias0_physical_v3_334d,2025-05-23,18,8301.653816400574,0.0952259000041522,0,21,0,0,144,1,0,1200.0,0.0
BLOCK_Kall_linear_bias0_physical_v3_334d,2025-05-24,0,19121.179637581583,0.0447201000060886,0,1,0,0,144,1,0,1200.0,0.0
BLOCK_Kall_linear_bias0_physical_v3_334d,2025-05-24,6,10337.617088316323,0.0450315999914892,0,20,0,0,144,1,0,1200.0,0.0
BLOCK_Kall_linear_bias0_physical_v3_334d,2025-05-24,12,14735.57349337156,0.3232332000043243,0,38,0,0,144,1,0,1200.0,0.0
BLOCK_Kall_linear_bias0_physical_v3_334d,2025-05-24,18,18402.45924652926,0.2039470999879995,0,56,0,0,144,1,0,1200.0,0.0
BLOCK_Kall_linear_bias0_physical_v3_334d,2025-05-25,0,36864.41755295127,0.0925153999996837,0,32,0,0,144,1,0,1200.0,0.0
BLOCK_Kall_linear_bias0_physical_v3_334d,2025-05-25,6,11417.64656657336,0.064715000000433,0,39,0,0,144,1,0,1200.0,0.0
BLOCK_Kall_linear_bias0_physical_v3_334d,2025-05-25,12,26439.291700509853,0.1222733000031439,0,51,0,0,144,1,0,1200.0,0.0
BLOCK_Kall_linear_bias0_physical_v3_334d,2025-05-25,18,28009.050450531588,0.2283749000052921,0,54,0,0,144,1,0,1200.0,0.0
BLOCK_Kall_linear_bias0_physical_v3_334d,2025-05-26,0,38402.52986197741,0.7000611000112258,0,34,0,0,144,1,0,1200.0,0.0
BLOCK_Kall_linear_bias0_physical_v3_334d,2025-05-26,6,10666.043330388804,0.0705624999973224,0,49,0,0,144,1,0,1200.0,0.0
BLOCK_Kall_linear_bias0_physical_v3_334d,2025-05-26,12,14150.461659885872,1.046421699997154,0,73,0,0,144,1,0,1200.0,0.0
BLOCK_Kall_linear_bias0_physical_v3_334d,2025-05-26,18,21868.175007002643,0.2076935000077355,0,58,0,0,144,1,0,1200.0,0.0
BLOCK_Kall_linear_bias0_physical_v3_334d,2025-05-27,0,36474.38393029246,0.3291699999972479,0,34,0,0,144,1,0,1200.0,0.0
BLOCK_Kall_linear_bias0_physical_v3_334d,2025-05-27,6,13617.335676492688,0.0588071999954991,0,82,0,0,144,1,0,1200.0,0.0
BLOCK_Kall_linear_bias0_physical_v3_334d,2025-05-27,12,16448.08488689714,0.1171557999914512,0,43,0,0,144,1,0,1200.0,0.0
BLOCK_Kall_linear_bias0_physical_v3_334d,2025-05-27,18,18120.38161758404,0.1044593000115128,0,59,0,0,144,1,0,1200.0,0.0
BLOCK_Kall_linear_bias0_physical_v3_334d,2025-05-28,0,40670.918983783486,0.6874917999957688,0,36,0,0,144,1,0,1200.0,0.0
BLOCK_Kall_linear_bias0_physical_v3_334d,2025-05-28,6,9588.9093800783,0.0576395000098273,0,30,0,0,144,1,0,1200.0,0.0
BLOCK_Kall_linear_bias0_physical_v3_334d,2025-05-28,12,20375.090699330616,0.1431425000046147,0,40,0,0,144,1,0,1200.0,0.0
BLOCK_Kall_linear_bias0_physical_v3_334d,2025-05-28,18,17554.88992084948,0.6720725999912247,0,59,0,0,144,1,0,1200.0,0.0
BLOCK_Kall_linear_bias0_physical_v3_334d,2025-05-29,0,40255.39838867167,0.3402816000016173,0,35,0,0,144,1,0,1200.0,0.0
BLOCK_Kall_linear_bias0_physical_v3_334d,2025-05-29,6,9137.016499341196,0.0938067999959457,0,49,0,0,144,1,0,1200.0,0.0
BLOCK_Kall_linear_bias0_physical_v3_334d,2025-05-29,12,8507.086203754156,0.1224081000109436,0,28,0,0,144,1,0,1200.0,0.0
BLOCK_Kall_linear_bias0_physical_v3_334d,2025-05-29,18,9391.088816891172,0.1523005000053672,0,31,0,0,144,1,0,1200.0,0.0
BLOCK_Kall_linear_bias0_physical_v3_334d,2025-05-30,0,19682.307819028265,0.0896990000037476,0,3,0,0,144,1,0,1200.0,0.0
BLOCK_Kall_linear_bias0_physical_v3_334d,2025-05-30,6,7990.803715944608,0.0434443999984068,0,8,0,0,144,1,0,1200.0,0.0
BLOCK_Kall_linear_bias0_physical_v3_334d,2025-05-30,12,8611.780192905724,0.1354680999938864,0,27,0,0,144,1,0,1200.0,0.0
BLOCK_Kall_linear_bias0_physical_v3_334d,2025-05-30,18,9443.988664217217,0.1510744000115664,0,28,0,0,144,1,0,1200.0,0.0
BLOCK_Kall_linear_bias0_physical_v3_334d,2025-05-31,0,20760.383724544918,0.0479261000000406,0,2,0,0,144,1,0,1200.0,0.0
BLOCK_Kall_linear_bias0_physical_v3_334d,2025-05-31,6,10024.572783073554,0.0603065000032074,0,20,0,0,144,1,0,1200.0,0.0
BLOCK_Kall_linear_bias0_physical_v3_334d,2025-05-31,12,15522.532157700243,0.1428062999912072,0,37,0,0,144,1,0,1200.0,0.0
BLOCK_Kall_linear_bias0_physical_v3_334d,2025-05-31,18,25200.323439483906,0.1425190000009024,0,59,0,0,144,1,0,1200.0,0.0
BLOCK_Kall_linear_bias0_physical_v3_334d,2025-06-01,0,46808.87652468442,0.135926400005701,0,25,0,0,144,1,0,1200.0,0.0
BLOCK_Kall_linear_bias0_physical_v3_334d,2025-06-01,6,12068.051579321504,0.2991407999943476,0,29,0,0,144,1,0,1200.0,0.0
BLOCK_Kall_linear_bias0_physical_v3_334d,2025-06-01,12,15783.731592633794,0.2573728999996092,0,42,0,0,144,1,0,1200.0,0.0
BLOCK_Kall_linear_bias0_physical_v3_334d,2025-06-01,18,30581.43451119579,0.6179513999959454,0,68,0,0,144,1,0,1200.0,0.0
BLOCK_Kall_linear_bias0_physical_v3_334d,2025-06-02,0,54229.69458630573,0.1838191999995615,0,31,0,0,144,1,0,1200.0,0.0
BLOCK_Kall_linear_bias0_physical_v3_334d,2025-06-02,6,7353.842558812179,0.0834182999969925,0,23,0,0,144,1,0,1200.0,0.0
BLOCK_Kall_linear_bias0_physical_v3_334d,2025-06-02,12,13603.01200523696,0.630633199994918,0,46,0,0,144,1,0,1200.0,0.0
BLOCK_Kall_linear_bias0_physical_v3_334d,2025-06-02,18,21201.954490058168,0.3292665000044508,0,64,0,0,144,1,0,1200.0,0.0
BLOCK_Kall_linear_bias0_physical_v3_334d,2025-06-03,0,51487.69635434465,0.2142935999872861,0,30,0,0,144,1,0,1200.0,0.0
BLOCK_Kall_linear_bias0_physical_v3_334d,2025-06-03,6,12590.92082949571,0.2217006999999284,0,32,0,0,144,1,0,1200.0,0.0
BLOCK_Kall_linear_bias0_physical_v3_334d,2025-06-03,12,17486.22050252486,0.2575740000029327,0,47,0,0,144,1,0,1200.0,0.0
BLOCK_Kall_linear_bias0_physical_v3_334d,2025-06-03,18,19538.05950893275,0.4366253000043798,0,60,0,0,144,1,0,1200.0,0.0
BLOCK_Kall_linear_bias0_physical_v3_334d,2025-06-04,0,59230.09231760946,0.8550782999955118,0,31,0,0,144,1,0,1200.0,0.0
BLOCK_Kall_linear_bias0_physical_v3_334d,2025-06-04,6,6914.32656904111,0.0759273000003304,0,21,0,0,144,1,0,1200.0,0.0
BLOCK_Kall_linear_bias0_physical_v3_334d,2025-06-04,12,16363.004575531284,0.5080305000010412,0,61,0,0,144,1,0,1200.0,0.0
BLOCK_Kall_linear_bias0_physical_v3_334d,2025-06-04,18,30273.421884584943,0.8967049999919254,0,54,0,0,144,1,0,1200.0,0.0
BLOCK_Kall_linear_bias0_physical_v3_334d,2025-06-05,0,51283.55497302712,0.1813345999980811,0,31,0,0,144,1,0,1200.0,0.0
BLOCK_Kall_linear_bias0_physical_v3_334d,2025-06-05,6,10930.092546166155,0.1579831999988528,0,26,0,0,144,1,0,1200.0,0.0
BLOCK_Kall_linear_bias0_physical_v3_334d,2025-06-05,12,11943.42539041058,0.1457531000050949,0,35,0,0,144,1,0,1200.0,0.0
BLOCK_Kall_linear_bias0_physical_v3_334d,2025-06-05,18,14663.801555797503,0.1470440999983111,0,49,0,0,144,1,0,1200.0,0.0
BLOCK_Kall_linear_bias0_physical_v3_334d,2025-06-06,0,30675.240259504164,0.1598875999916345,0,32,0,0,144,1,0,1200.0,0.0
BLOCK_Kall_linear_bias0_physical_v3_334d,2025-06-06,6,8374.281206005428,0.0450121000030776,0,5,0,0,144,1,0,1200.0,0.0
BLOCK_Kall_linear_bias0_physical_v3_334d,2025-06-06,12,8699.757934943105,0.6699220999871613,0,23,0,0,144,1,0,1200.0,0.0
BLOCK_Kall_linear_bias0_physical_v3_334d,2025-06-06,18,14589.520787762587,0.130783300002804,0,54,0,0,144,1,0,1200.0,0.0
BLOCK_Kall_linear_bias0_physical_v3_334d,2025-06-07,0,29357.73008463676,0.6546307999960845,0,33,0,0,144,1,0,1200.0,0.0
BLOCK_Kall_linear_bias0_physical_v3_334d,2025-06-07,6,11465.426751427978,0.0480461999977706,0,22,0,0,144,1,0,1200.0,0.0
BLOCK_Kall_linear_bias0_physical_v3_334d,2025-06-07,12,16081.52424506984,0.4116561999981059,0,38,0,0,144,1,0,1200.0,0.0
BLOCK_Kall_linear_bias0_physical_v3_334d,2025-06-07,18,23467.7987994278,0.1597979000071063,0,55,0,0,144,1,0,1200.0,0.0
BLOCK_Kall_linear_bias0_physical_v3_334d,2025-06-08,0,48441.06312553046,0.3406259000039426,0,36,0,0,144,1,0,1200.0,0.0
BLOCK_Kall_linear_bias0_physical_v3_334d,2025-06-08,6,15800.481645988655,0.0953435000119498,0,77,0,0,144,1,0,1200.0,0.0
BLOCK_Kall_linear_bias0_physical_v3_334d,2025-06-08,12,20202.729139316856,0.8655895999982022,0,58,0,0,144,1,0,1200.0,0.0
BLOCK_Kall_linear_bias0_physical_v3_334d,2025-06-08,18,32900.72269308789,0.1453514999884646,0,54,0,0,144,1,0,1200.0,0.0
BLOCK_Kall_linear_bias0_physical_v3_334d,2025-06-09,0,60249.51599342255,1.496854999990319,0,29,0,0,144,1,0,1200.0,0.0
BLOCK_Kall_linear_bias0_physical_v3_334d,2025-06-09,6,9941.474133731535,0.0549695000081555,0,25,0,0,144,1,0,1200.0,0.0
BLOCK_Kall_linear_bias0_physical_v3_334d,2025-06-09,12,23572.240385543493,0.0705201000091619,0,43,0,0,144,1,0,1200.0,0.0
BLOCK_Kall_linear_bias0_physical_v3_334d,2025-06-09,18,31441.39886549176,0.1108765999961178,0,59,0,0,144,1,0,1200.0,0.0
BLOCK_Kall_linear_bias0_physical_v3_334d,2025-06-10,0,54233.98091441141,0.2080793000059202,0,36,0,0,144,1,0,1200.0,0.0
BLOCK_Kall_linear_bias0_physical_v3_334d,2025-06-10,6,13079.11399621746,0.3545984999946086,0,45,0,0,144,1,0,1200.0,0.0
BLOCK_Kall_linear_bias0_physical_v3_334d,2025-06-10,12,28221.394527892,0.1060696999920765,0,64,0,0,144,1,0,1200.0,0.0
BLOCK_Kall_linear_bias0_physical_v3_334d,2025-06-10,18,40706.27440984916,0.2094738999876426,0,55,0,0,144,1,0,1200.0,0.0
BLOCK_Kall_linear_bias0_physical_v3_334d,2025-06-11,0,57486.5354077442,0.9169588000077056,0,33,0,0,144,1,0,1200.0,0.0
BLOCK_Kall_linear_bias0_physical_v3_334d,2025-06-11,6,15000.126649831403,0.0667853000049945,0,41,0,0,144,1,0,1200.0,0.0
BLOCK_Kall_linear_bias0_physical_v3_334d,2025-06-11,12,20041.19872263184,0.1348407999903429,0,55,0,0,144,1,0,1200.0,0.0
BLOCK_Kall_linear_bias0_physical_v3_334d,2025-06-11,18,37707.42263748716,0.3364028999931179,0,54,0,0,144,1,0,1200.0,0.0
BLOCK_Kall_linear_bias0_physical_v3_334d,2025-06-12,0,56871.22135553703,0.6295882000122219,0,30,0,0,144,1,0,1200.0,0.0
BLOCK_Kall_linear_bias0_physical_v3_334d,2025-06-12,6,11287.121743518052,0.1979217000043718,0,61,0,0,144,1,0,1200.0,0.0
BLOCK_Kall_linear_bias0_physical_v3_334d,2025-06-12,12,14979.264679496271,0.0975515000027371,0,46,0,0,144,1,0,1200.0,0.0
BLOCK_Kall_linear_bias0_physical_v3_334d,2025-06-12,18,17589.55439295447,0.2638241999957245,0,52,0,0,144,1,0,1200.0,0.0
BLOCK_Kall_linear_bias0_physical_v3_334d,2025-06-13,0,32919.05620090144,0.1465766000037547,0,24,0,0,144,1,0,1200.0,0.0
BLOCK_Kall_linear_bias0_physical_v3_334d,2025-06-13,6,9401.297246739872,0.2932279999949969,0,34,0,0,144,1,0,1200.0,0.0
BLOCK_Kall_linear_bias0_physical_v3_334d,2025-06-13,12,10148.904445115715,0.1433480999985477,0,25,0,0,144,1,0,1200.0,0.0
BLOCK_Kall_linear_bias0_physical_v3_334d,2025-06-13,18,16139.391020706043,0.2290494000044418,0,49,0,0,144,1,0,1200.0,0.0
BLOCK_Kall_linear_bias0_physical_v3_334d,2025-06-14,0,29699.14509193213,1.0705954000004567,0,24,0,0,144,1,0,1200.0,0.0
BLOCK_Kall_linear_bias0_physical_v3_334d,2025-06-14,6,11720.981517442398,0.0480551000073319,0,20,0,0,144,1,0,1200.0,0.0
BLOCK_Kall_linear_bias0_physical_v3_334d,2025-06-14,12,15589.517492662011,0.3066892000060761,0,36,0,0,144,1,0,1200.0,0.0
BLOCK_Kall_linear_bias0_physical_v3_334d,2025-06-14,18,32370.50584029264,0.4458547000103863,0,52,0,0,144,1,0,1200.0,0.0
BLOCK_Kall_linear_bias0_physical_v3_334d,2025-06-15,0,49085.63666202254,0.1376679999957559,0,37,0,0,144,1,0,1200.0,0.0
BLOCK_Kall_linear_bias0_physical_v3_334d,2025-06-15,6,16004.731070710828,0.0819769999943673,0,78,0,0,144,1,0,1200.0,0.0
BLOCK_Kall_linear_bias0_physical_v3_334d,2025-06-15,12,25563.590492312484,0.184937500001979,0,69,0,0,144,1,0,1200.0,0.0
BLOCK_Kall_linear_bias0_physical_v3_334d,2025-06-15,18,40709.01464297263,0.1910991000040667,0,54,0,0,144,1,0,1200.0,0.0
BLOCK_Kall_linear_bias0_physical_v3_334d,2025-06-16,0,54733.73095118779,0.5109206000051927,0,34,0,0,144,1,0,1200.0,0.0
BLOCK_Kall_linear_bias0_physical_v3_334d,2025-06-16,6,14775.9164233143,0.0958480999979656,0,75,0,0,144,1,0,1200.0,0.0
BLOCK_Kall_linear_bias0_physical_v3_334d,2025-06-16,12,20004.965947779263,0.1900446999934502,0,44,0,0,144,1,0,1200.0,0.0
BLOCK_Kall_linear_bias0_physical_v3_334d,2025-06-16,18,40825.48953044533,0.199841199995717,0,55,0,0,144,1,0,1200.0,0.0
BLOCK_Kall_linear_bias0_physical_v3_334d,2025-06-17,0,55333.45969241243,0.3469331999949645,0,31,0,0,144,1,0,1200.0,0.0
BLOCK_Kall_linear_bias0_physical_v3_334d,2025-06-17,6,16601.09743935492,0.1124917999986792,0,82,0,0,144,1,0,1200.0,0.0
BLOCK_Kall_linear_bias0_physical_v3_334d,2025-06-17,12,19812.64357994345,0.1503955000080168,0,51,0,0,144,1,0,1200.0,0.0
BLOCK_Kall_linear_bias0_physical_v3_334d,2025-06-17,18,37205.17116115076,0.3983535000006668,0,53,0,0,144,1,0,1200.0,0.0
BLOCK_Kall_linear_bias0_physical_v3_334d,2025-06-18,0,55413.84966671812,0.3200313999986974,0,30,0,0,144,1,0,1200.0,0.0
BLOCK_Kall_linear_bias0_physical_v3_334d,2025-06-18,6,17340.407604212865,0.2728137999947648,0,86,0,0,144,1,0,1200.0,0.0
BLOCK_Kall_linear_bias0_physical_v3_334d,2025-06-18,12,21160.784758372352,0.2604007000045385,0,53,0,0,144,1,0,1200.0,0.0
BLOCK_Kall_linear_bias0_physical_v3_334d,2025-06-18,18,33986.626312354245,0.11864329999662,0,54,0,0,144,1,0,1200.0,0.0
BLOCK_Kall_linear_bias0_physical_v3_334d,2025-06-19,0,51583.08050952781,0.2186077000078512,0,33,0,0,144,1,0,1200.0,0.0
BLOCK_Kall_linear_bias0_physical_v3_334d,2025-06-19,6,10279.017200637458,0.212606400004006,0,64,0,0,144,1,0,1200.0,0.0
BLOCK_Kall_linear_bias0_physical_v3_334d,2025-06-19,12,13754.487531485283,0.6184372999996413,0,33,0,0,144,1,0,1200.0,0.0
BLOCK_Kall_linear_bias0_physical_v3_334d,2025-06-19,18,9603.747830464636,0.2232586000027367,0,22,0,0,144,1,0,1200.0,0.0
BLOCK_Kall_linear_bias0_physical_v3_334d,2025-06-20,0,28547.614442187467,1.4057561999943573,0,26,0,0,144,1,0,1200.0,0.0
BLOCK_Kall_linear_bias0_physical_v3_334d,2025-06-20,6,8533.997584348443,0.0832922999979928,0,15,0,0,144,1,0,1200.0,0.0
BLOCK_Kall_linear_bias0_physical_v3_334d,2025-06-20,12,11378.009184042328,0.208035599993309,0,32,0,0,144,1,0,1200.0,0.0
BLOCK_Kall_linear_bias0_physical_v3_334d,2025-06-20,18,8895.36982900825,0.1746019999991404,0,22,0,0,144,1,0,1200.0,0.0
BLOCK_Kall_linear_bias0_physical_v3_334d,2025-06-21,0,26435.77673330145,0.7224236999900313,0,8,0,0,144,1,0,1200.0,0.0
BLOCK_Kall_linear_bias0_physical_v3_334d,2025-06-21,6,11619.750394741892,0.0573453999968478,0,20,0,0,144,1,0,1200.0,0.0
BLOCK_Kall_linear_bias0_physical_v3_334d,2025-06-21,12,16793.291401472634,0.1615394999971613,0,43,0,0,144,1,0,1200.0,0.0
BLOCK_Kall_linear_bias0_physical_v3_334d,2025-06-21,18,27700.89429930031,0.2329848000081256,0,52,0,0,144,1,0,1200.0,0.0
BLOCK_Kall_linear_bias0_physical_v3_334d,2025-06-22,0,48397.0598056308,1.0581437999935588,0,27,0,0,144,1,0,1200.0,0.0
BLOCK_Kall_linear_bias0_physical_v3_334d,2025-06-22,6,15697.221505810376,0.6854995000030613,0,46,0,0,144,1,0,1200.0,0.0
BLOCK_Kall_linear_bias0_physical_v3_334d,2025-06-22,12,22904.621867676757,0.2925205000065034,0,52,0,0,144,1,0,1200.0,0.0
BLOCK_Kall_linear_bias0_physical_v3_334d,2025-06-22,18,36050.04183068845,0.1367010000103619,0,53,0,0,144,1,0,1200.0,0.0
BLOCK_Kall_linear_bias0_physical_v3_334d,2025-06-23,0,50177.43385223918,0.1603570000006584,0,32,0,0,144,1,0,1200.0,0.0
BLOCK_Kall_linear_bias0_physical_v3_334d,2025-06-23,6,12060.897308647944,0.1245021000067936,0,48,0,0,144,1,0,1200.0,0.0
BLOCK_Kall_linear_bias0_physical_v3_334d,2025-06-23,12,14031.13551768053,0.6676639000070281,0,49,0,0,144,1,0,1200.0,0.0
BLOCK_Kall_linear_bias0_physical_v3_334d,2025-06-23,18,29286.25507042935,0.2597853999905055,0,56,0,0,144,1,0,1200.0,0.0
BLOCK_Kall_linear_bias0_physical_v3_334d,2025-06-24,0,58163.00866927409,0.7006234000000404,0,30,0,0,144,1,0,1200.0,0.0
BLOCK_Kall_linear_bias0_physical_v3_334d,2025-06-24,6,10173.891705904138,0.103098100007628,0,28,0,0,144,1,0,1200.0,0.0
BLOCK_Kall_linear_bias0_physical_v3_334d,2025-06-24,12,14680.218311694993,0.3334440000035101,0,45,0,0,144,1,0,1200.0,0.0
BLOCK_Kall_linear_bias0_physical_v3_334d,2025-06-24,18,32369.643756421017,0.9149463000067044,0,53,0,0,144,1,0,1200.0,0.0
BLOCK_Kall_linear_bias0_physical_v3_334d,2025-06-25,0,50819.6887646502,0.6886176999978488,0,34,0,0,144,1,0,1200.0,0.0
BLOCK_Kall_linear_bias0_physical_v3_334d,2025-06-25,6,13448.520060848294,0.1637287000048672,0,55,0,0,144,1,0,1200.0,0.0
BLOCK_Kall_linear_bias0_physical_v3_334d,2025-06-25,12,24119.936964858465,0.1519000999978743,0,43,0,0,144,1,0,1200.0,0.0
BLOCK_Kall_linear_bias0_physical_v3_334d,2025-06-25,18,23868.018856698607,0.2975947000086307,0,60,0,0,144,1,0,1200.0,0.0
BLOCK_Kall_linear_bias0_physical_v3_334d,2025-06-26,0,50029.339923323874,1.371713999993517,0,35,0,0,144,1,0,1200.0,0.0
BLOCK_Kall_linear_bias0_physical_v3_334d,2025-06-26,6,9258.82461447798,0.3745621999987634,0,34,0,0,144,1,0,1200.0,0.0
BLOCK_Kall_linear_bias0_physical_v3_334d,2025-06-26,12,11291.17952131919,0.6898161999997683,0,55,0,0,144,1,0,1200.0,0.0
BLOCK_Kall_linear_bias0_physical_v3_334d,2025-06-26,18,10046.974194779064,1.0171407000016188,0,37,0,0,144,1,0,1200.0,0.0
BLOCK_Kall_linear_bias0_physical_v3_334d,2025-06-27,0,28212.25848846336,0.2043336000060662,0,23,0,0,144,1,0,1200.0,0.0
BLOCK_Kall_linear_bias0_physical_v3_334d,2025-06-27,6,8322.767203558902,0.3111211999930674,0,6,0,0,144,1,0,1200.0,0.0
BLOCK_Kall_linear_bias0_physical_v3_334d,2025-06-27,12,10595.175069246674,0.2463485000043874,0,33,0,0,144,1,0,1200.0,0.0
BLOCK_Kall_linear_bias0_physical_v3_334d,2025-06-27,18,9895.87311323558,0.1653553000069223,0,24,0,0,144,1,0,1200.0,0.0
BLOCK_Kall_linear_bias0_physical_v3_334d,2025-06-28,0,27500.7618030876,0.5196293000044534,0,17,0,0,144,1,0,1200.0,0.0
BLOCK_Kall_linear_bias0_physical_v3_334d,2025-06-28,6,11698.824472081476,0.0474472999921999,0,27,0,0,144,1,0,1200.0,0.0
BLOCK_Kall_linear_bias0_physical_v3_334d,2025-06-28,12,18134.085522632773,0.236544600003981,0,42,0,0,144,1,0,1200.0,0.0
BLOCK_Kall_linear_bias0_physical_v3_334d,2025-06-28,18,29551.241950502197,0.2939024000079371,0,57,0,0,144,1,0,1200.0,0.0
BLOCK_Kall_linear_bias0_physical_v3_334d,2025-06-29,0,47833.03770074039,0.3048712000017985,0,38,0,0,144,1,0,1200.0,0.0
BLOCK_Kall_linear_bias0_physical_v3_334d,2025-06-29,6,15037.617644698814,0.0927030000020749,0,67,0,0,144,1,0,1200.0,0.0
BLOCK_Kall_linear_bias0_physical_v3_334d,2025-06-29,12,22225.192291722717,0.1525440999976126,0,49,0,0,144,1,0,1200.0,0.0
BLOCK_Kall_linear_bias0_physical_v3_334d,2025-06-29,18,34873.86530838198,0.1526740999979665,0,52,0,0,144,1,0,1200.0,0.0
BLOCK_Kall_linear_bias0_physical_v3_334d,2025-06-30,0,53062.69517679599,0.4428703000012319,0,31,0,0,144,1,0,1200.0,0.0
BLOCK_Kall_linear_bias0_physical_v3_334d,2025-06-30,6,11030.51027456618,0.4848061999946367,0,28,0,0,144,1,0,1200.0,0.0
BLOCK_Kall_linear_bias0_physical_v3_334d,2025-06-30,12,14811.71683479249,0.062532200012356,0,43,0,0,144,1,0,1200.0,0.0
BLOCK_Kall_linear_bias0_physical_v3_334d,2025-06-30,18,18253.02407674081,0.2494403999880887,0,57,0,0,144,1,0,1200.0,0.0
BLOCK_Kall_linear_bias0_physical_v3_334d,2025-07-01,0,46067.230342693794,0.2745604000083403,0,32,0,0,144,1,0,1200.0,0.0
BLOCK_Kall_linear_bias0_physical_v3_334d,2025-07-01,6,12970.93690374009,0.2212747000012314,0,48,0,0,144,1,0,1200.0,0.0
BLOCK_Kall_linear_bias0_physical_v3_334d,2025-07-01,12,17047.18729495631,0.2442112999997334,0,63,0,0,144,1,0,1200.0,0.0
BLOCK_Kall_linear_bias0_physical_v3_334d,2025-07-01,18,21667.885241294327,0.2115661999996518,0,61,0,0,144,1,0,1200.0,0.0
BLOCK_Kall_linear_bias0_physical_v3_334d,2025-07-02,0,51442.86841091044,0.1715914999949745,0,42,0,0,144,1,0,1200.0,0.0
BLOCK_Kall_linear_bias0_physical_v3_334d,2025-07-02,6,13165.81861938389,0.219934299995657,0,26,0,0,144,1,0,1200.0,0.0
BLOCK_Kall_linear_bias0_physical_v3_334d,2025-07-02,12,18294.393354727526,0.2804359000001568,0,42,0,0,144,1,0,1200.0,0.0
BLOCK_Kall_linear_bias0_physical_v3_334d,2025-07-02,18,33374.82542435265,1.1044028000032995,0,57,0,0,144,1,0,1200.0,0.0
BLOCK_Kall_linear_bias0_physical_v3_334d,2025-07-03,0,59158.5611175573,0.1868146000051638,0,34,0,0,144,1,0,1200.0,0.0
BLOCK_Kall_linear_bias0_physical_v3_334d,2025-07-03,6,12856.310365635063,0.2493684000073699,0,51,0,0,144,1,0,1200.0,0.0
BLOCK_Kall_linear_bias0_physical_v3_334d,2025-07-03,12,11706.928509115742,0.3344811999995727,0,33,0,0,144,1,0,1200.0,0.0
BLOCK_Kall_linear_bias0_physical_v3_334d,2025-07-03,18,14860.880116802482,0.388275600009365,0,49,0,0,144,1,0,1200.0,0.0
BLOCK_Kall_linear_bias0_physical_v3_334d,2025-07-04,0,30138.82007046098,0.137897199994768,0,4,0,0,144,1,0,1200.0,0.0
BLOCK_Kall_linear_bias0_physical_v3_334d,2025-07-04,6,13851.715560594015,0.4533929000026546,0,59,0,0,144,1,0,1200.0,0.0
BLOCK_Kall_linear_bias0_physical_v3_334d,2025-07-04,12,14760.397314592568,0.498467100012931,0,45,0,0,144,1,0,1200.0,0.0
BLOCK_Kall_linear_bias0_physical_v3_334d,2025-07-04,18,11671.319134476664,0.5192968000046676,0,29,0,0,144,1,0,1200.0,0.0
BLOCK_Kall_linear_bias0_physical_v3_334d,2025-07-05,0,28445.2193912476,0.866829599995981,0,4,0,0,144,1,0,1200.0,0.0
BLOCK_Kall_linear_bias0_physical_v3_334d,2025-07-05,6,12463.31871405133,0.0490263999963644,0,24,0,0,144,1,0,1200.0,0.0
BLOCK_Kall_linear_bias0_physical_v3_334d,2025-07-05,12,23992.92249696132,0.1487991000030888,0,46,0,0,144,1,0,1200.0,0.0
BLOCK_Kall_linear_bias0_physical_v3_334d,2025-07-05,18,29728.456850697534,0.2208135999972,0,59,0,0,144,1,0,1200.0,0.0
BLOCK_Kall_linear_bias0_physical_v3_334d,2025-07-06,0,52461.45013873327,0.8607575000060024,0,32,0,0,144,1,0,1200.0,0.0
BLOCK_Kall_linear_bias0_physical_v3_334d,2025-07-06,6,17047.851648237698,0.1358306999900378,0,63,0,0,144,1,0,1200.0,0.0
BLOCK_Kall_linear_bias0_physical_v3_334d,2025-07-06,12,19893.03210930812,0.1060135000006994,0,50,0,0,144,1,0,1200.0,0.0
BLOCK_Kall_linear_bias0_physical_v3_334d,2025-07-06,18,22308.71704741449,0.2685785999929067,0,58,0,0,144,1,0,1200.0,0.0
BLOCK_Kall_linear_bias0_physical_v3_334d,2025-07-07,0,57488.69038045077,0.3115726999967592,0,36,0,0,144,1,0,1200.0,0.0
BLOCK_Kall_linear_bias0_physical_v3_334d,2025-07-07,6,13423.246326043189,0.5150060000014491,0,25,0,0,144,1,0,1200.0,0.0
BLOCK_Kall_linear_bias0_physical_v3_334d,2025-07-07,12,25272.67932246844,1.254518299989286,0,56,0,0,144,1,0,1200.0,0.0
BLOCK_Kall_linear_bias0_physical_v3_334d,2025-07-07,18,31931.020513545755,1.0428822999965632,0,59,0,0,144,1,0,1200.0,0.0
BLOCK_Kall_linear_bias0_physical_v3_334d,2025-07-08,0,65808.16775067938,1.0092604000092251,0,31,0,0,144,1,0,1200.0,0.0
BLOCK_Kall_linear_bias0_physical_v3_334d,2025-07-08,6,14352.625327721857,0.5480818999931216,0,29,0,0,144,1,0,1200.0,0.0
BLOCK_Kall_linear_bias0_physical_v3_334d,2025-07-08,12,27321.925094850903,0.3153546999965329,0,43,0,0,144,1,0,1200.0,0.0
BLOCK_Kall_linear_bias0_physical_v3_334d,2025-07-08,18,34959.352174855834,1.00537980000081,0,54,0,0,144,1,0,1200.0,0.0
BLOCK_Kall_linear_bias0_physical_v3_334d,2025-07-09,0,64501.9553907554,0.9716021999920486,0,31,0,0,144,1,0,1200.0,0.0
BLOCK_Kall_linear_bias0_physical_v3_334d,2025-07-09,6,14233.199155487757,0.6755284999962896,0,29,0,0,144,1,0,1200.0,0.0
BLOCK_Kall_linear_bias0_physical_v3_334d,2025-07-09,12,28029.95148558126,0.557095100011793,0,44,0,0,144,1,0,1200.0,0.0
BLOCK_Kall_linear_bias0_physical_v3_334d,2025-07-09,18,36268.96041760693,0.8259835000062594,0,53,0,0,144,1,0,1200.0,0.0
BLOCK_Kall_linear_bias0_physical_v3_334d,2025-07-10,0,59626.29066565575,0.1102779999928316,0,38,0,0,144,1,0,1200.0,0.0
BLOCK_Kall_linear_bias0_physical_v3_334d,2025-07-10,6,15851.883507759152,0.1632152999954996,0,34,0,0,144,1,0,1200.0,0.0
BLOCK_Kall_linear_bias0_physical_v3_334d,2025-07-10,12,18641.52601734784,0.3517108000087319,0,49,0,0,144,1,0,1200.0,0.0
BLOCK_Kall_linear_bias0_physical_v3_334d,2025-07-10,18,23051.80613763131,1.0232821999961743,0,57,0,0,144,1,0,1200.0,0.0
BLOCK_Kall_linear_bias0_physical_v3_334d,2025-07-11,0,42698.42961993145,0.7449619999970309,0,31,0,0,144,1,0,1200.0,0.0
BLOCK_Kall_linear_bias0_physical_v3_334d,2025-07-11,6,12343.86357683543,0.2889035000116564,0,28,0,0,144,1,0,1200.0,0.0
BLOCK_Kall_linear_bias0_physical_v3_334d,2025-07-11,12,17651.542586237512,0.4740248000016436,0,39,0,0,144,1,0,1200.0,0.0
BLOCK_Kall_linear_bias0_physical_v3_334d,2025-07-11,18,21204.52301926042,0.5598024999926565,0,55,0,0,144,1,0,1200.0,0.0
BLOCK_Kall_linear_bias0_physical_v3_334d,2025-07-12,0,32862.4299121806,0.2095975999982329,0,3,0,0,144,1,0,1200.0,0.0
BLOCK_Kall_linear_bias0_physical_v3_334d,2025-07-12,6,14669.276889994006,0.0950641999952495,0,55,0,0,144,1,0,1200.0,0.0
BLOCK_Kall_linear_bias0_physical_v3_334d,2025-07-12,12,22578.4929214741,0.1717054000037023,0,58,0,0,144,1,0,1200.0,0.0
BLOCK_Kall_linear_bias0_physical_v3_334d,2025-07-12,18,27984.44916426311,0.2352261999913025,0,63,0,0,144,1,0,1200.0,0.0
BLOCK_Kall_linear_bias0_physical_v3_334d,2025-07-13,0,60680.74255302696,0.175134999997681,0,32,0,0,144,1,0,1200.0,0.0
BLOCK_Kall_linear_bias0_physical_v3_334d,2025-07-13,6,11407.97896667471,0.3495758000062778,0,20,0,0,144,1,0,1200.0,0.0
BLOCK_Kall_linear_bias0_physical_v3_334d,2025-07-13,12,23258.97949095863,0.159020999999484,0,44,0,0,144,1,0,1200.0,0.0
BLOCK_Kall_linear_bias0_physical_v3_334d,2025-07-13,18,36788.08395835438,0.2171593000093707,0,55,0,0,144,1,0,1200.0,0.0
BLOCK_Kall_linear_bias0_physical_v3_334d,2025-07-14,0,59905.16146362288,1.3186236999899847,0,28,0,0,144,1,0,1200.0,0.0
BLOCK_Kall_linear_bias0_physical_v3_334d,2025-07-14,6,15553.995523961514,0.5134010999900056,0,34,0,0,144,1,0,1200.0,0.0
BLOCK_Kall_linear_bias0_physical_v3_334d,2025-07-14,12,20903.89342799662,0.6218615999969188,0,45,0,0,144,1,0,1200.0,0.0
BLOCK_Kall_linear_bias0_physical_v3_334d,2025-07-14,18,36785.67827163769,1.6604048999870429,0,52,0,0,144,1,0,1200.0,0.0
BLOCK_Kall_linear_bias0_physical_v3_334d,2025-07-15,0,62108.093889065625,1.932565499999328,0,34,0,0,144,1,0,1200.0,0.0
BLOCK_Kall_linear_bias0_physical_v3_334d,2025-07-15,6,13479.796261772946,0.3055897999875014,0,28,0,0,144,1,0,1200.0,0.0
BLOCK_Kall_linear_bias0_physical_v3_334d,2025-07-15,12,18660.871526695435,0.248964700003853,0,45,0,0,144,1,0,1200.0,0.0
BLOCK_Kall_linear_bias0_physical_v3_334d,2025-07-15,18,27137.879402810293,0.3357518999982858,0,62,0,0,144,1,0,1200.0,0.0
BLOCK_Kall_linear_bias0_physical_v3_334d,2025-07-16,0,57265.97771871659,0.9472234999993816,0,40,0,0,144,1,0,1200.0,0.0
BLOCK_Kall_linear_bias0_physical_v3_334d,2025-07-16,6,12596.728531036062,0.048542600008659,0,26,0,0,144,1,0,1200.0,0.0
BLOCK_Kall_linear_bias0_physical_v3_334d,2025-07-16,12,21613.85943740988,0.2118083999957889,0,53,0,0,144,1,0,1200.0,0.0
BLOCK_Kall_linear_bias0_physical_v3_334d,2025-07-16,18,32421.2048250496,0.2849271000013686,0,52,0,0,144,1,0,1200.0,0.0
BLOCK_Kall_linear_bias0_physical_v3_334d,2025-07-17,0,54626.62837721259,0.0959915999992517,0,37,0,0,144,1,0,1200.0,0.0
BLOCK_Kall_linear_bias0_physical_v3_334d,2025-07-17,6,17742.429838646334,0.7451173000008566,0,81,0,0,144,1,0,1200.0,0.0
BLOCK_Kall_linear_bias0_physical_v3_334d,2025-07-17,12,15183.75831030104,0.2782986999955028,0,34,0,0,144,1,0,1200.0,0.0
BLOCK_Kall_linear_bias0_physical_v3_334d,2025-07-17,18,18048.57375949174,0.3753556000010576,0,53,0,0,144,1,0,1200.0,0.0
BLOCK_Kall_linear_bias0_physical_v3_334d,2025-07-18,0,38701.824384889725,0.4012263000040548,0,26,0,0,144,1,0,1200.0,0.0
BLOCK_Kall_linear_bias0_physical_v3_334d,2025-07-18,6,10948.204951363938,0.5515535000013188,0,26,0,0,144,1,0,1200.0,0.0
BLOCK_Kall_linear_bias0_physical_v3_334d,2025-07-18,12,10100.584619876943,0.2003017000097315,0,26,0,0,144,1,0,1200.0,0.0
BLOCK_Kall_linear_bias0_physical_v3_334d,2025-07-18,18,12735.769896002766,0.8292744999926072,0,40,0,0,144,1,0,1200.0,0.0
BLOCK_Kall_linear_bias0_physical_v3_334d,2025-07-19,0,38435.14169560716,0.427133799996227,0,26,0,0,144,1,0,1200.0,0.0
BLOCK_Kall_linear_bias0_physical_v3_334d,2025-07-19,6,12686.501631541254,0.0664633999986108,0,23,0,0,144,1,0,1200.0,0.0
BLOCK_Kall_linear_bias0_physical_v3_334d,2025-07-19,12,15473.705921073795,0.3060626000078628,0,38,0,0,144,1,0,1200.0,0.0
BLOCK_Kall_linear_bias0_physical_v3_334d,2025-07-19,18,27311.218277273645,0.3877587000024505,0,62,0,0,144,1,0,1200.0,0.0
BLOCK_Kall_linear_bias0_physical_v3_334d,2025-07-20,0,58295.19365428734,0.2315708999958587,0,28,0,0,144,1,0,1200.0,0.0
BLOCK_Kall_linear_bias0_physical_v3_334d,2025-07-20,6,12555.11062475382,0.0635261999996146,0,26,0,0,144,1,0,1200.0,0.0
BLOCK_Kall_linear_bias0_physical_v3_334d,2025-07-20,12,19243.36282719202,0.1754100999969523,0,53,0,0,144,1,0,1200.0,0.0
BLOCK_Kall_linear_bias0_physical_v3_334d,2025-07-20,18,30301.532740576367,0.303189400001429,0,63,0,0,144,1,0,1200.0,0.0
BLOCK_Kall_linear_bias0_physical_v3_334d,2025-07-21,0,58031.82541677805,0.2155064999969909,0,35,0,0,144,1,0,1200.0,0.0
BLOCK_Kall_linear_bias0_physical_v3_334d,2025-07-21,6,12271.790129964322,0.9365844999992988,0,24,0,0,144,1,0,1200.0,0.0
BLOCK_Kall_linear_bias0_physical_v3_334d,2025-07-21,12,18092.66709721342,0.1336395999969681,0,42,0,0,144,1,0,1200.0,0.0
BLOCK_Kall_linear_bias0_physical_v3_334d,2025-07-21,18,22461.33701070857,0.2429972000099951,0,59,0,0,144,1,0,1200.0,0.0
BLOCK_Kall_linear_bias0_physical_v3_334d,2025-07-22,0,53558.47620593164,0.2838100000080885,0,34,0,0,144,1,0,1200.0,0.0
BLOCK_Kall_linear_bias0_physical_v3_334d,2025-07-22,6,29968.83191453676,0.2481132000102661,0,161,0,0,144,1,0,1200.0,0.0
BLOCK_Kall_linear_bias0_physical_v3_334d,2025-07-22,12,16302.513546870912,0.2067114999954356,0,46,0,0,144,1,0,1200.0,0.0
BLOCK_Kall_linear_bias0_physical_v3_334d,2025-07-22,18,26994.413284922808,0.4067776000010781,0,64,0,0,144,1,0,1200.0,0.0
BLOCK_Kall_linear_bias0_physical_v3_334d,2025-07-23,0,61393.70720489836,1.029903699993156,0,33,0,0,144,1,0,1200.0,0.0
BLOCK_Kall_linear_bias0_physical_v3_334d,2025-07-23,6,10018.44020477395,0.0604182000097353,0,22,0,0,144,1,0,1200.0,0.0
BLOCK_Kall_linear_bias0_physical_v3_334d,2025-07-23,12,15596.46954690109,0.4079907999985153,0,44,0,0,144,1,0,1200.0,0.0
BLOCK_Kall_linear_bias0_physical_v3_334d,2025-07-23,18,38156.08925276245,0.1593806999881053,0,54,0,0,144,1,0,1200.0,0.0
BLOCK_Kall_linear_bias0_physical_v3_334d,2025-07-24,0,60814.07392701712,1.8158913999941435,0,31,0,0,144,1,0,1200.0,0.0
BLOCK_Kall_linear_bias0_physical_v3_334d,2025-07-24,6,9386.161600132133,0.0629463999939616,0,20,0,0,144,1,0,1200.0,0.0
BLOCK_Kall_linear_bias0_physical_v3_334d,2025-07-24,12,10204.617061528832,0.10783240001183,0,28,0,0,144,1,0,1200.0,0.0
BLOCK_Kall_linear_bias0_physical_v3_334d,2025-07-24,18,11305.494830409763,0.2658073999918997,0,24,0,0,144,1,0,1200.0,0.0
BLOCK_Kall_linear_bias0_physical_v3_334d,2025-07-25,0,32138.1163416002,0.1851721000130055,0,5,0,0,144,1,0,1200.0,0.0
BLOCK_Kall_linear_bias0_physical_v3_334d,2025-07-25,6,12978.823308452356,0.1213740000093821,0,85,0,0,144,1,0,1200.0,0.0
BLOCK_Kall_linear_bias0_physical_v3_334d,2025-07-25,12,12601.277508548072,0.3039543999911984,0,37,0,0,144,1,0,1200.0,0.0
BLOCK_Kall_linear_bias0_physical_v3_334d,2025-07-25,18,11539.854501760625,0.6466631000075722,0,37,0,0,144,1,0,1200.0,0.0
BLOCK_Kall_linear_bias0_physical_v3_334d,2025-07-26,0,36306.22885974775,0.7492283000028692,0,27,0,0,144,1,0,1200.0,0.0
BLOCK_Kall_linear_bias0_physical_v3_334d,2025-07-26,6,12952.57844934745,0.332099899998866,0,26,0,0,144,1,0,1200.0,0.0
BLOCK_Kall_linear_bias0_physical_v3_334d,2025-07-26,12,26729.45629899932,0.1709592999977758,0,44,0,0,144,1,0,1200.0,0.0
BLOCK_Kall_linear_bias0_physical_v3_334d,2025-07-26,18,24443.97746930094,0.316232500001206,0,63,0,0,144,1,0,1200.0,0.0
BLOCK_Kall_linear_bias0_physical_v3_334d,2025-07-27,0,56308.48318658451,0.2731780000030994,0,33,0,0,144,1,0,1200.0,0.0
BLOCK_Kall_linear_bias0_physical_v3_334d,2025-07-27,6,13107.808761524091,0.4924651000037556,0,36,0,0,144,1,0,1200.0,0.0
BLOCK_Kall_linear_bias0_physical_v3_334d,2025-07-27,12,23768.914421273625,0.2927964999980759,0,55,0,0,144,1,0,1200.0,0.0
BLOCK_Kall_linear_bias0_physical_v3_334d,2025-07-27,18,33347.273816707006,0.3836161000072025,0,59,0,0,144,1,0,1200.0,0.0
BLOCK_Kall_linear_bias0_physical_v3_334d,2025-07-28,0,56112.424387990766,0.7633187000028556,0,35,0,0,144,1,0,1200.0,0.0
BLOCK_Kall_linear_bias0_physical_v3_334d,2025-07-28,6,16515.0782395274,0.2695977999974275,0,58,0,0,144,1,0,1200.0,0.0
BLOCK_Kall_linear_bias0_physical_v3_334d,2025-07-28,12,17426.549498221586,0.140041899998323,0,47,0,0,144,1,0,1200.0,0.0
BLOCK_Kall_linear_bias0_physical_v3_334d,2025-07-28,18,41544.59254932619,0.1857927000091876,0,54,0,0,144,1,0,1200.0,0.0
BLOCK_Kall_linear_bias0_physical_v3_334d,2025-07-29,0,54503.61853110859,0.744840600003954,0,38,0,0,144,1,0,1200.0,0.0
BLOCK_Kall_linear_bias0_physical_v3_334d,2025-07-29,6,17883.999108538414,0.6802075000014156,0,94,0,0,144,1,0,1200.0,0.0
BLOCK_Kall_linear_bias0_physical_v3_334d,2025-07-29,12,17376.91763223425,0.2994153000036021,0,64,0,0,144,1,0,1200.0,0.0
BLOCK_Kall_linear_bias0_physical_v3_334d,2025-07-29,18,26660.42226150338,0.0990478000021539,0,66,0,0,144,1,0,1200.0,0.0
BLOCK_Kall_linear_bias0_physical_v3_334d,2025-07-30,0,50806.82584588297,0.3208289000031072,0,43,0,0,144,1,0,1200.0,0.0
BLOCK_Kall_linear_bias0_physical_v3_334d,2025-07-30,6,21905.69551727757,0.2820789999968838,0,112,0,0,144,1,0,1200.0,0.0
BLOCK_Kall_linear_bias0_physical_v3_334d,2025-07-30,12,19591.099230480715,1.307441299999482,0,53,0,0,144,1,0,1200.0,0.0
BLOCK_Kall_linear_bias0_physical_v3_334d,2025-07-30,18,36663.61825624861,0.2897234999982174,0,54,0,0,144,1,0,1200.0,0.0
BLOCK_Kall_linear_bias0_physical_v3_334d,2025-07-31,0,54202.922196503176,0.3997174000105588,0,32,0,0,144,1,0,1200.0,0.0
BLOCK_Kall_linear_bias0_physical_v3_334d,2025-07-31,6,10936.361057101773,0.1114488000021083,0,48,0,0,144,1,0,1200.0,0.0
BLOCK_Kall_linear_bias0_physical_v3_334d,2025-07-31,12,11649.560644531544,0.4479692000022623,0,45,0,0,144,1,0,1200.0,0.0
BLOCK_Kall_linear_bias0_physical_v3_334d,2025-07-31,18,11204.54132913825,0.467045400000643,0,29,0,0,144,1,0,1200.0,0.0
BLOCK_Kall_linear_bias0_physical_v3_334d,2025-08-01,0,32535.04568473783,0.3883351999975275,0,6,0,0,144,1,0,1200.0,0.0
BLOCK_Kall_linear_bias0_physical_v3_334d,2025-08-01,6,9766.02743701952,0.0555875999998534,0,20,0,0,144,1,0,1200.0,0.0
BLOCK_Kall_linear_bias0_physical_v3_334d,2025-08-01,12,10314.567219542583,0.1054157999897142,0,37,0,0,144,1,0,1200.0,0.0
BLOCK_Kall_linear_bias0_physical_v3_334d,2025-08-01,18,10681.338572711842,0.1339764000003924,0,24,0,0,144,1,0,1200.0,0.0
BLOCK_Kall_linear_bias0_physical_v3_334d,2025-08-02,0,37568.824283522335,0.3810717000014847,0,26,0,0,144,1,0,1200.0,0.0
BLOCK_Kall_linear_bias0_physical_v3_334d,2025-08-02,6,12691.332408453276,0.1251954999897861,0,20,0,0,144,1,0,1200.0,0.0
BLOCK_Kall_linear_bias0_physical_v3_334d,2025-08-02,12,16168.925499066543,0.2289630999875953,0,37,0,0,144,1,0,1200.0,0.0
BLOCK_Kall_linear_bias0_physical_v3_334d,2025-08-02,18,25179.60491840849,0.3176184999902034,0,64,0,0,144,1,0,1200.0,0.0
BLOCK_Kall_linear_bias0_physical_v3_334d,2025-08-03,0,49397.82147087775,0.7378864999918733,0,33,0,0,144,1,0,1200.0,0.0
BLOCK_Kall_linear_bias0_physical_v3_334d,2025-08-03,6,13592.731841101097,0.2420102000032784,0,47,0,0,144,1,0,1200.0,0.0
BLOCK_Kall_linear_bias0_physical_v3_334d,2025-08-03,12,17034.20412004482,0.1394941000035032,0,41,0,0,144,1,0,1200.0,0.0
BLOCK_Kall_linear_bias0_physical_v3_334d,2025-08-03,18,29190.300301757088,0.2915428999986034,0,56,0,0,144,1,0,1200.0,0.0
BLOCK_Kall_linear_bias0_physical_v3_334d,2025-08-04,0,52057.16742588199,0.2030800999928033,0,34,0,0,144,1,0,1200.0,0.0
BLOCK_Kall_linear_bias0_physical_v3_334d,2025-08-04,6,12332.145069421846,0.0899783999921055,0,37,0,0,144,1,0,1200.0,0.0
BLOCK_Kall_linear_bias0_physical_v3_334d,2025-08-04,12,15465.927847376492,0.0841921999963233,0,38,0,0,144,1,0,1200.0,0.0
BLOCK_Kall_linear_bias0_physical_v3_334d,2025-08-04,18,23653.86913987769,0.4045738999993773,0,59,0,0,144,1,0,1200.0,0.0
BLOCK_Kall_linear_bias0_physical_v3_334d,2025-08-05,0,50716.88396524194,0.6485721000062767,0,37,0,0,144,1,0,1200.0,0.0
BLOCK_Kall_linear_bias0_physical_v3_334d,2025-08-05,6,12840.510753821069,0.0992504000023473,0,45,0,0,144,1,0,1200.0,0.0
BLOCK_Kall_linear_bias0_physical_v3_334d,2025-08-05,12,22226.95335710126,0.1854764000017894,0,41,0,0,144,1,0,1200.0,0.0
BLOCK_Kall_linear_bias0_physical_v3_334d,2025-08-05,18,32199.874808543354,0.2371065000043017,0,56,0,0,144,1,0,1200.0,0.0
BLOCK_Kall_linear_bias0_physical_v3_334d,2025-08-06,0,56181.668110783816,0.9615450999990572,0,34,0,0,144,1,0,1200.0,0.0
BLOCK_Kall_linear_bias0_physical_v3_334d,2025-08-06,6,11172.839567770468,0.2404280000046128,0,20,0,0,144,1,0,1200.0,0.0
BLOCK_Kall_linear_bias0_physical_v3_334d,2025-08-06,12,15682.880688909034,0.1297538999933749,0,42,0,0,144,1,0,1200.0,0.0
BLOCK_Kall_linear_bias0_physical_v3_334d,2025-08-06,18,18773.44015413005,0.2337001999985659,0,58,0,0,144,1,0,1200.0,0.0
BLOCK_Kall_linear_bias0_physical_v3_334d,2025-08-07,0,55620.5493360269,0.1895882000098936,0,27,0,0,144,1,0,1200.0,0.0
BLOCK_Kall_linear_bias0_physical_v3_334d,2025-08-07,6,8820.675359050681,0.2535981000110041,0,29,0,0,144,1,0,1200.0,0.0
BLOCK_Kall_linear_bias0_physical_v3_334d,2025-08-07,12,10055.186397649297,0.7154503000056138,0,29,0,0,144,1,0,1200.0,0.0
BLOCK_Kall_linear_bias0_physical_v3_334d,2025-08-07,18,11568.496614994632,0.5918043999990914,0,30,0,0,144,1,0,1200.0,0.0
BLOCK_Kall_linear_bias0_physical_v3_334d,2025-08-08,0,30488.04451000263,0.4001545999926748,0,6,0,0,144,1,0,1200.0,0.0
BLOCK_Kall_linear_bias0_physical_v3_334d,2025-08-08,6,9679.371778006443,0.1545330999942962,0,25,0,0,144,1,0,1200.0,0.0
BLOCK_Kall_linear_bias0_physical_v3_334d,2025-08-08,12,11367.201008608645,0.2364073999924585,0,37,0,0,144,1,0,1200.0,0.0
BLOCK_Kall_linear_bias0_physical_v3_334d,2025-08-08,18,10503.130889568049,0.8652306000003591,0,24,0,0,144,1,0,1200.0,0.0
BLOCK_Kall_linear_bias0_physical_v3_334d,2025-08-09,0,30966.862183503792,0.468669800000498,0,5,0,0,144,1,0,1200.0,0.0
BLOCK_Kall_linear_bias0_physical_v3_334d,2025-08-09,6,12464.477436990026,0.2023150000022724,0,20,0,0,144,1,0,1200.0,0.0
BLOCK_Kall_linear_bias0_physical_v3_334d,2025-08-09,12,16210.151233447015,0.1476490999921225,0,36,0,0,144,1,0,1200.0,0.0
BLOCK_Kall_linear_bias0_physical_v3_334d,2025-08-09,18,29267.928169227107,0.3593596999999136,0,55,0,0,144,1,0,1200.0,0.0
BLOCK_Kall_linear_bias0_physical_v3_334d,2025-08-10,0,53802.6024840084,0.1936799000104656,0,31,0,0,144,1,0,1200.0,0.0
BLOCK_Kall_linear_bias0_physical_v3_334d,2025-08-10,6,11715.649115619985,0.5760587999975542,0,20,0,0,144,1,0,1200.0,0.0
BLOCK_Kall_linear_bias0_physical_v3_334d,2025-08-10,12,15649.579455912331,0.2120972999982768,0,38,0,0,144,1,0,1200.0,0.0
BLOCK_Kall_linear_bias0_physical_v3_334d,2025-08-10,18,38205.01187957917,0.6195184999960475,0,52,0,0,144,1,0,1200.0,0.0
BLOCK_Kall_linear_bias0_physical_v3_334d,2025-08-11,0,50746.18544822362,0.5314276999997674,0,35,0,0,144,1,0,1200.0,0.0
BLOCK_Kall_linear_bias0_physical_v3_334d,2025-08-11,6,12456.065140211922,0.9423333000013372,0,42,0,0,144,1,0,1200.0,0.0
BLOCK_Kall_linear_bias0_physical_v3_334d,2025-08-11,12,16363.590113983037,0.4253379000001587,0,52,0,0,144,1,0,1200.0,0.0
BLOCK_Kall_linear_bias0_physical_v3_334d,2025-08-11,18,24799.2829239278,0.3039303000114159,0,50,0,0,144,1,0,1200.0,0.0
BLOCK_Kall_linear_bias0_physical_v3_334d,2025-08-12,0,54657.40655626954,0.5723328000021866,0,29,0,0,144,1,0,1200.0,0.0
BLOCK_Kall_linear_bias0_physical_v3_334d,2025-08-12,6,12007.578365371268,0.4183207000023685,0,41,0,0,144,1,0,1200.0,0.0
BLOCK_Kall_linear_bias0_physical_v3_334d,2025-08-12,12,24301.743187859847,0.2546185999963199,0,47,0,0,144,1,0,1200.0,0.0
BLOCK_Kall_linear_bias0_physical_v3_334d,2025-08-12,18,24738.422617231317,0.2106140999967465,0,61,0,0,144,1,0,1200.0,0.0
BLOCK_Kall_linear_bias0_physical_v3_334d,2025-08-13,0,49565.13493284707,0.8465692000027047,0,38,0,0,144,1,0,1200.0,0.0
BLOCK_Kall_linear_bias0_physical_v3_334d,2025-08-13,6,11568.20120480147,0.4067611999926157,0,28,0,0,144,1,0,1200.0,0.0
BLOCK_Kall_linear_bias0_physical_v3_334d,2025-08-13,12,16658.71284939289,0.3415170999942347,0,52,0,0,144,1,0,1200.0,0.0
BLOCK_Kall_linear_bias0_physical_v3_334d,2025-08-13,18,26885.13620010744,0.3647703000024194,0,61,0,0,144,1,0,1200.0,0.0
BLOCK_Kall_linear_bias0_physical_v3_334d,2025-08-14,0,50649.164473649085,1.257637300004717,0,37,0,0,144,1,0,1200.0,0.0
BLOCK_Kall_linear_bias0_physical_v3_334d,2025-08-14,6,11304.912355641747,0.2572905999986687,0,78,0,0,144,1,0,1200.0,0.0
BLOCK_Kall_linear_bias0_physical_v3_334d,2025-08-14,12,10623.718740227974,0.3544560999871464,0,30,0,0,144,1,0,1200.0,0.0
BLOCK_Kall_linear_bias0_physical_v3_334d,2025-08-14,18,10799.658338807634,0.1985891999938758,0,27,0,0,144,1,0,1200.0,0.0
BLOCK_Kall_linear_bias0_physical_v3_334d,2025-08-15,0,31979.448774212084,0.219468000010238,0,23,0,0,144,1,0,1200.0,0.0
BLOCK_Kall_linear_bias0_physical_v3_334d,2025-08-15,6,9184.79520517881,0.1761565000051632,0,20,0,0,144,1,0,1200.0,0.0
BLOCK_Kall_linear_bias0_physical_v3_334d,2025-08-15,12,9171.184848433588,0.2537100000045029,0,24,0,0,144,1,0,1200.0,0.0
BLOCK_Kall_linear_bias0_physical_v3_334d,2025-08-15,18,10025.10019905819,0.4638097999995807,0,24,0,0,144,1,0,1200.0,0.0
BLOCK_Kall_linear_bias0_physical_v3_334d,2025-08-16,0,32170.403590969963,0.6295175999985076,0,4,0,0,144,1,0,1200.0,0.0
BLOCK_Kall_linear_bias0_physical_v3_334d,2025-08-16,6,12007.504437190635,0.4679554000031203,0,20,0,0,144,1,0,1200.0,0.0
BLOCK_Kall_linear_bias0_physical_v3_334d,2025-08-16,12,16704.144961195936,0.1301280000043334,0,47,0,0,144,1,0,1200.0,0.0
BLOCK_Kall_linear_bias0_physical_v3_334d,2025-08-16,18,25140.63461447245,0.1740988999954424,0,59,0,0,144,1,0,1200.0,0.0
BLOCK_Kall_linear_bias0_physical_v3_334d,2025-08-17,0,50162.34801006369,0.7039091999904485,0,41,0,0,144,1,0,1200.0,0.0
BLOCK_Kall_linear_bias0_physical_v3_334d,2025-08-17,6,12229.739291860202,0.7214406999992207,0,36,0,0,144,1,0,1200.0,0.0
BLOCK_Kall_linear_bias0_physical_v3_334d,2025-08-17,12,16375.698155227356,0.4467540000041481,0,40,0,0,144,1,0,1200.0,0.0
BLOCK_Kall_linear_bias0_physical_v3_334d,2025-08-17,18,28544.14819912503,0.2727427999925567,0,59,0,0,144,1,0,1200.0,0.0
BLOCK_Kall_linear_bias0_physical_v3_334d,2025-08-18,0,50766.88275660911,0.3320817999920109,0,41,0,0,144,1,0,1200.0,0.0
BLOCK_Kall_linear_bias0_physical_v3_334d,2025-08-18,6,11253.868054220511,0.1012323000031756,0,24,0,0,144,1,0,1200.0,0.0
BLOCK_Kall_linear_bias0_physical_v3_334d,2025-08-18,12,14397.12794111118,0.4057876000006217,0,36,0,0,144,1,0,1200.0,0.0
BLOCK_Kall_linear_bias0_physical_v3_334d,2025-08-18,18,30415.80936393511,0.3100059000134934,0,52,0,0,144,1,0,1200.0,0.0
BLOCK_Kall_linear_bias0_physical_v3_334d,2025-08-19,0,49951.2150194568,0.4391727000038372,0,36,0,0,144,1,0,1200.0,0.0
BLOCK_Kall_linear_bias0_physical_v3_334d,2025-08-19,6,11255.183449160497,0.1921015999978408,0,21,0,0,144,1,0,1200.0,0.0
BLOCK_Kall_linear_bias0_physical_v3_334d,2025-08-19,12,22002.175562423054,0.9567302999930688,0,44,0,0,144,1,0,1200.0,0.0
BLOCK_Kall_linear_bias0_physical_v3_334d,2025-08-19,18,31329.770697668213,0.2613769000017782,0,52,0,0,144,1,0,1200.0,0.0
BLOCK_Kall_linear_bias0_physical_v3_334d,2025-08-20,0,54264.30695232398,0.6377711000095587,0,39,0,0,144,1,0,1200.0,0.0
BLOCK_Kall_linear_bias0_physical_v3_334d,2025-08-20,6,12446.867666924649,0.2179437000013422,0,35,0,0,144,1,0,1200.0,0.0
BLOCK_Kall_linear_bias0_physical_v3_334d,2025-08-20,12,17731.54994757582,0.3957072000048356,0,47,0,0,144,1,0,1200.0,0.0
BLOCK_Kall_linear_bias0_physical_v3_334d,2025-08-20,18,26267.999567281026,0.2361296000017319,0,56,0,0,144,1,0,1200.0,0.0
BLOCK_Kall_linear_bias0_physical_v3_334d,2025-08-21,0,52023.045469747645,0.6399103000003379,0,41,0,0,144,1,0,1200.0,0.0
BLOCK_Kall_linear_bias0_physical_v3_334d,2025-08-21,6,9790.20010246197,0.09147510000912,0,35,0,0,144,1,0,1200.0,0.0
BLOCK_Kall_linear_bias0_physical_v3_334d,2025-08-21,12,10512.345757886433,0.5759718000044813,0,34,0,0,144,1,0,1200.0,0.0
BLOCK_Kall_linear_bias0_physical_v3_334d,2025-08-21,18,10980.673341270089,0.3559781000076327,0,26,0,0,144,1,0,1200.0,0.0
BLOCK_Kall_linear_bias0_physical_v3_334d,2025-08-22,0,30828.662268504107,0.2385556999943219,0,5,0,0,144,1,0,1200.0,0.0
BLOCK_Kall_linear_bias0_physical_v3_334d,2025-08-22,6,9567.637530398926,0.0906257000024197,0,20,0,0,144,1,0,1200.0,0.0
BLOCK_Kall_linear_bias0_physical_v3_334d,2025-08-22,12,10616.07635710121,0.7239423999999417,0,40,0,0,144,1,0,1200.0,0.0
BLOCK_Kall_linear_bias0_physical_v3_334d,2025-08-22,18,10839.456267921303,0.1950777000020025,0,26,0,0,144,1,0,1200.0,0.0
BLOCK_Kall_linear_bias0_physical_v3_334d,2025-08-23,0,29033.21643186736,0.5315238000039244,0,5,0,0,144,1,0,1200.0,0.0
BLOCK_Kall_linear_bias0_physical_v3_334d,2025-08-23,6,12437.093686010012,0.1290003000030992,0,28,0,0,144,1,0,1200.0,0.0
BLOCK_Kall_linear_bias0_physical_v3_334d,2025-08-23,12,24249.05039477168,0.1337309000082314,0,40,0,0,144,1,0,1200.0,0.0
BLOCK_Kall_linear_bias0_physical_v3_334d,2025-08-23,18,23709.66442381159,0.1859264000086113,0,57,0,0,144,1,0,1200.0,0.0
BLOCK_Kall_linear_bias0_physical_v3_334d,2025-08-24,0,49413.474099900464,0.5915111000067554,0,32,0,0,144,1,0,1200.0,0.0
BLOCK_Kall_linear_bias0_physical_v3_334d,2025-08-24,6,12171.63535374162,0.1461761999962618,0,21,0,0,144,1,0,1200.0,0.0
BLOCK_Kall_linear_bias0_physical_v3_334d,2025-08-24,12,19391.56412378266,0.4765625999862095,0,76,0,0,144,1,0,1200.0,0.0
BLOCK_Kall_linear_bias0_physical_v3_334d,2025-08-24,18,31752.299493653187,0.1341529999917838,0,51,0,0,144,1,0,1200.0,0.0
BLOCK_Kall_linear_bias0_physical_v3_334d,2025-08-25,0,63627.60714237745,0.202161100009107,0,30,0,0,144,1,0,1200.0,0.0
BLOCK_Kall_linear_bias0_physical_v3_334d,2025-08-25,6,9520.356979247032,0.1433259000041289,0,26,0,0,144,1,0,1200.0,0.0
BLOCK_Kall_linear_bias0_physical_v3_334d,2025-08-25,12,13850.188432095309,0.2048376000020653,0,43,0,0,144,1,0,1200.0,0.0
BLOCK_Kall_linear_bias0_physical_v3_334d,2025-08-25,18,21487.98221310004,0.1262132999981986,0,57,0,0,144,1,0,1200.0,0.0
BLOCK_Kall_linear_bias0_physical_v3_334d,2025-08-26,0,50494.076112146,0.8432772000087425,0,34,0,0,144,1,0,1200.0,0.0
BLOCK_Kall_linear_bias0_physical_v3_334d,2025-08-26,6,14216.503415758149,0.1880508999893209,0,84,0,0,144,1,0,1200.0,0.0
BLOCK_Kall_linear_bias0_physical_v3_334d,2025-08-26,12,18956.70125807085,0.3236753999954089,0,40,0,0,144,1,0,1200.0,0.0
BLOCK_Kall_linear_bias0_physical_v3_334d,2025-08-26,18,26353.98141215417,0.7166077000001678,0,56,0,0,144,1,0,1200.0,0.0
BLOCK_Kall_linear_bias0_physical_v3_334d,2025-08-27,0,50735.41273910351,0.5543053000001237,0,40,0,0,144,1,0,1200.0,0.0
BLOCK_Kall_linear_bias0_physical_v3_334d,2025-08-27,6,22538.71980348613,0.0909370000008493,0,131,0,0,144,1,0,1200.0,0.0
BLOCK_Kall_linear_bias0_physical_v3_334d,2025-08-27,12,21109.674850177114,0.2426657000032719,0,52,0,0,144,1,0,1200.0,0.0
BLOCK_Kall_linear_bias0_physical_v3_334d,2025-08-27,18,26289.066404847963,0.2278307999949902,0,58,0,0,144,1,0,1200.0,0.0
BLOCK_Kall_linear_bias0_physical_v3_334d,2025-08-28,0,49420.149999623936,1.2501152000040747,0,38,0,0,144,1,0,1200.0,0.0
BLOCK_Kall_linear_bias0_physical_v3_334d,2025-08-28,6,20838.62610371203,0.114585100003751,0,101,0,0,144,1,0,1200.0,0.0
BLOCK_Kall_linear_bias0_physical_v3_334d,2025-08-28,12,14916.371780652322,0.0863014999922597,0,32,0,0,144,1,0,1200.0,0.0
BLOCK_Kall_linear_bias0_physical_v3_334d,2025-08-28,18,13240.408657838285,0.4250357999990228,0,47,0,0,144,1,0,1200.0,0.0
BLOCK_Kall_linear_bias0_physical_v3_334d,2025-08-29,0,33611.65515901097,0.6912703999987571,0,23,0,0,144,1,0,1200.0,0.0
BLOCK_Kall_linear_bias0_physical_v3_334d,2025-08-29,6,9532.635028825063,0.110493200001656,0,20,0,0,144,1,0,1200.0,0.0
BLOCK_Kall_linear_bias0_physical_v3_334d,2025-08-29,12,9903.475346687654,0.2058001999976113,0,26,0,0,144,1,0,1200.0,0.0
BLOCK_Kall_linear_bias0_physical_v3_334d,2025-08-29,18,11047.448210787072,0.1218482999975094,0,28,0,0,144,1,0,1200.0,0.0
BLOCK_Kall_linear_bias0_physical_v3_334d,2025-08-30,0,31802.55239453324,0.3523099000012735,0,5,0,0,144,1,0,1200.0,0.0
BLOCK_Kall_linear_bias0_physical_v3_334d,2025-08-30,6,12088.677111460756,0.2212195000029169,0,26,0,0,144,1,0,1200.0,0.0
BLOCK_Kall_linear_bias0_physical_v3_334d,2025-08-30,12,15476.692435004545,0.2316515999991679,0,37,0,0,144,1,0,1200.0,0.0
BLOCK_Kall_linear_bias0_physical_v3_334d,2025-08-30,18,25027.87783983544,0.3797210000047926,0,60,0,0,144,1,0,1200.0,0.0
BLOCK_Kall_linear_bias0_physical_v3_334d,2025-08-31,0,49704.88181644704,0.7897476999933133,0,32,0,0,144,1,0,1200.0,0.0
BLOCK_Kall_linear_bias0_physical_v3_334d,2025-08-31,6,15059.518051082276,0.0868219000112731,0,85,0,0,144,1,0,1200.0,0.0
BLOCK_Kall_linear_bias0_physical_v3_334d,2025-08-31,12,16098.889028814434,0.4840759999933652,0,45,0,0,144,1,0,1200.0,0.0
BLOCK_Kall_linear_bias0_physical_v3_334d,2025-08-31,18,29910.26804461197,0.2632949999970151,0,57,0,0,144,1,0,1200.0,0.0
BLOCK_Kall_linear_bias0_physical_v3_334d,2025-09-01,0,55969.49097036842,0.5030627000087406,0,29,0,0,144,1,0,1200.0,0.0
BLOCK_Kall_linear_bias0_physical_v3_334d,2025-09-01,6,9573.42743239031,0.251433099998394,0,21,0,0,144,1,0,1200.0,0.0
BLOCK_Kall_linear_bias0_physical_v3_334d,2025-09-01,12,17456.3479085778,0.2900178999989293,0,47,0,0,144,1,0,1200.0,0.0
BLOCK_Kall_linear_bias0_physical_v3_334d,2025-09-01,18,29796.13007757368,0.2166218999918783,0,59,0,0,144,1,0,1200.0,0.0
BLOCK_Kall_linear_bias0_physical_v3_334d,2025-09-02,0,45864.99460551779,0.369242500004475,0,35,0,0,144,1,0,1200.0,0.0
BLOCK_Kall_linear_bias0_physical_v3_334d,2025-09-02,6,15661.737267971015,0.4519348999892827,0,106,0,0,144,1,0,1200.0,0.0
BLOCK_Kall_linear_bias0_physical_v3_334d,2025-09-02,12,14411.739452907375,0.1790766000049188,0,46,0,0,144,1,0,1200.0,0.0
BLOCK_Kall_linear_bias0_physical_v3_334d,2025-09-02,18,20932.50024869699,0.7770283999998355,0,57,0,0,144,1,0,1200.0,0.0
BLOCK_Kall_linear_bias0_physical_v3_334d,2025-09-03,0,48114.98227543184,0.454842400009511,0,35,0,0,144,1,0,1200.0,0.0
BLOCK_Kall_linear_bias0_physical_v3_334d,2025-09-03,6,10398.483023546996,0.1693134999950416,0,22,0,0,144,1,0,1200.0,0.0
BLOCK_Kall_linear_bias0_physical_v3_334d,2025-09-03,12,17458.84967716532,0.0791288000036729,0,43,0,0,144,1,0,1200.0,0.0
BLOCK_Kall_linear_bias0_physical_v3_334d,2025-09-03,18,19150.759881747865,0.2231795999978203,0,58,0,0,144,1,0,1200.0,0.0
BLOCK_Kall_linear_bias0_physical_v3_334d,2025-09-04,0,47094.23376167838,0.3013948000007076,0,32,0,0,144,1,0,1200.0,0.0
BLOCK_Kall_linear_bias0_physical_v3_334d,2025-09-04,6,9201.935825895996,0.0542978000012226,0,27,0,0,144,1,0,1200.0,0.0
BLOCK_Kall_linear_bias0_physical_v3_334d,2025-09-04,12,10001.357073058369,0.1515981999982614,0,36,0,0,144,1,0,1200.0,0.0
BLOCK_Kall_linear_bias0_physical_v3_334d,2025-09-04,18,10880.56940506564,0.1675923000002512,0,31,0,0,144,1,0,1200.0,0.0
BLOCK_Kall_linear_bias0_physical_v3_334d,2025-09-05,0,27804.899371306685,0.156218500007526,0,5,0,0,144,1,0,1200.0,0.0
BLOCK_Kall_linear_bias0_physical_v3_334d,2025-09-05,6,9056.148932271206,0.058601800003089,0,20,0,0,144,1,0,1200.0,0.0
BLOCK_Kall_linear_bias0_physical_v3_334d,2025-09-05,12,9923.76075801339,0.4253904000070179,0,25,0,0,144,1,0,1200.0,0.0
BLOCK_Kall_linear_bias0_physical_v3_334d,2025-09-05,18,10439.228972264433,0.3750926000066101,0,27,0,0,144,1,0,1200.0,0.0
BLOCK_Kall_linear_bias0_physical_v3_334d,2025-09-06,0,26889.235664690677,0.4505743999907281,0,3,0,0,144,1,0,1200.0,0.0
BLOCK_Kall_linear_bias0_physical_v3_334d,2025-09-06,6,11337.403920724675,0.0623444000084418,0,26,0,0,144,1,0,1200.0,0.0
BLOCK_Kall_linear_bias0_physical_v3_334d,2025-09-06,12,14089.271002313457,0.280938200012315,0,36,0,0,144,1,0,1200.0,0.0
BLOCK_Kall_linear_bias0_physical_v3_334d,2025-09-06,18,24332.600106994483,0.3030432999948971,0,58,0,0,144,1,0,1200.0,0.0
BLOCK_Kall_linear_bias0_physical_v3_334d,2025-09-07,0,41721.35175761678,0.8914054000051692,0,31,0,0,144,1,0,1200.0,0.0
BLOCK_Kall_linear_bias0_physical_v3_334d,2025-09-07,6,16318.909959680805,0.143393800011836,0,95,0,0,144,1,0,1200.0,0.0
BLOCK_Kall_linear_bias0_physical_v3_334d,2025-09-07,12,15011.77079250443,0.2250206000026082,0,50,0,0,144,1,0,1200.0,0.0
BLOCK_Kall_linear_bias0_physical_v3_334d,2025-09-07,18,21357.351063261503,0.6082774999958929,0,60,0,0,144,1,0,1200.0,0.0
BLOCK_Kall_linear_bias0_physical_v3_334d,2025-09-08,0,42507.134825935165,0.4916537999961292,0,36,0,0,144,1,0,1200.0,0.0
BLOCK_Kall_linear_bias0_physical_v3_334d,2025-09-08,6,8771.430093151143,0.390170799990301,0,23,0,0,144,1,0,1200.0,0.0
BLOCK_Kall_linear_bias0_physical_v3_334d,2025-09-08,12,13116.400997394823,0.5169189000007464,0,55,0,0,144,1,0,1200.0,0.0
BLOCK_Kall_linear_bias0_physical_v3_334d,2025-09-08,18,20484.23548749885,0.8350940000091214,0,59,0,0,144,1,0,1200.0,0.0
BLOCK_Kall_linear_bias0_physical_v3_334d,2025-09-09,0,38703.939572485855,0.2331231999996816,0,32,0,0,144,1,0,1200.0,0.0
BLOCK_Kall_linear_bias0_physical_v3_334d,2025-09-09,6,13800.12216968614,0.1046322000038344,0,72,0,0,144,1,0,1200.0,0.0
BLOCK_Kall_linear_bias0_physical_v3_334d,2025-09-09,12,13817.770789581136,0.7226857000059681,0,52,0,0,144,1,0,1200.0,0.0
BLOCK_Kall_linear_bias0_physical_v3_334d,2025-09-09,18,25637.5688498757,1.2521527999924729,0,54,0,0,144,1,0,1200.0,0.0
BLOCK_Kall_linear_bias0_physical_v3_334d,2025-09-10,0,46307.26322344731,0.1981032000039704,0,34,0,0,144,1,0,1200.0,0.0
BLOCK_Kall_linear_bias0_physical_v3_334d,2025-09-10,6,9039.425505892452,0.4159854999888921,0,25,0,0,144,1,0,1200.0,0.0
BLOCK_Kall_linear_bias0_physical_v3_334d,2025-09-10,12,22398.712008680035,0.1701612999895587,0,86,0,0,144,1,0,1200.0,0.0
BLOCK_Kall_linear_bias0_physical_v3_334d,2025-09-10,18,22396.71656061295,1.022157999992487,0,74,0,0,144,1,0,1200.0,1.0
BLOCK_Kall_linear_bias0_physical_v3_334d,2025-09-11,0,46365.27611089361,0.3080234999943059,0,38,0,0,144,1,0,1200.0,0.0
BLOCK_Kall_linear_bias0_physical_v3_334d,2025-09-11,6,7297.885921402217,0.1549289999966276,0,18,0,0,144,1,0,1200.0,0.0
BLOCK_Kall_linear_bias0_physical_v3_334d,2025-09-11,12,8686.41010919919,0.3725062000012258,0,33,0,0,144,1,0,1200.0,0.0
BLOCK_Kall_linear_bias0_physical_v3_334d,2025-09-11,18,10319.224798917025,0.2026626000006217,0,34,0,0,144,1,0,1200.0,0.0
BLOCK_Kall_linear_bias0_physical_v3_334d,2025-09-12,0,24826.88190006017,0.2923165999964112,0,7,0,0,144,1,0,1200.0,0.0
BLOCK_Kall_linear_bias0_physical_v3_334d,2025-09-12,6,8258.724107962084,0.1915145000093616,0,20,0,0,144,1,0,1200.0,0.0
BLOCK_Kall_linear_bias0_physical_v3_334d,2025-09-12,12,12672.577001715,0.4173595000029308,0,42,0,0,144,1,0,1200.0,0.0
BLOCK_Kall_linear_bias0_physical_v3_334d,2025-09-12,18,9933.016707480738,0.1763834000012138,0,26,0,0,144,1,0,1200.0,0.0
BLOCK_Kall_linear_bias0_physical_v3_334d,2025-09-13,0,22677.603087371223,0.5310440000030212,0,5,0,0,144,1,0,1200.0,0.0
BLOCK_Kall_linear_bias0_physical_v3_334d,2025-09-13,6,11109.202225841056,0.0611858000047504,0,31,0,0,144,1,0,1200.0,0.0
BLOCK_Kall_linear_bias0_physical_v3_334d,2025-09-13,12,16963.718220310082,0.7991245000011986,0,45,0,0,144,1,0,1200.0,0.0
BLOCK_Kall_linear_bias0_physical_v3_334d,2025-09-13,18,35836.863414882035,0.3142591000068933,0,55,0,0,144,1,0,1200.0,0.0
BLOCK_Kall_linear_bias0_physical_v3_334d,2025-09-14,0,46155.02114069509,0.2858610999974189,0,38,0,0,144,1,0,1200.0,0.0
BLOCK_Kall_linear_bias0_physical_v3_334d,2025-09-14,6,9681.957617842285,0.1286994999973103,0,34,0,0,144,1,0,1200.0,0.0
BLOCK_Kall_linear_bias0_physical_v3_334d,2025-09-14,12,14934.50121804948,0.3894548999960534,0,42,0,0,144,1,0,1200.0,0.0
BLOCK_Kall_linear_bias0_physical_v3_334d,2025-09-14,18,22246.48593563749,0.6864359000028344,0,62,0,0,144,1,0,1200.0,0.0
BLOCK_Kall_linear_bias0_physical_v3_334d,2025-09-15,0,40811.9996940838,0.5040099999896483,0,14,0,0,144,1,0,1200.0,0.0
BLOCK_Kall_linear_bias0_physical_v3_334d,2025-09-15,6,11635.47931911075,0.3113812000083271,0,50,0,0,144,1,0,1200.0,0.0
BLOCK_Kall_linear_bias0_physical_v3_334d,2025-09-15,12,15373.89690851975,0.5411902000050759,0,47,0,0,144,1,0,1200.0,0.0
BLOCK_Kall_linear_bias0_physical_v3_334d,2025-09-15,18,27649.1285572486,0.5079707999975653,0,55,0,0,144,1,0,1200.0,0.0
BLOCK_Kall_linear_bias0_physical_v3_334d,2025-09-16,0,49470.94762229241,0.2632557000033557,0,39,0,0,144,1,0,1200.0,0.0
BLOCK_Kall_linear_bias0_physical_v3_334d,2025-09-16,6,9952.164095922515,0.369529199990211,0,27,0,0,144,1,0,1200.0,0.0
BLOCK_Kall_linear_bias0_physical_v3_334d,2025-09-16,12,14757.451256726248,0.7818847999878926,0,44,0,0,144,1,0,1200.0,0.0
BLOCK_Kall_linear_bias0_physical_v3_334d,2025-09-16,18,26738.431268426368,1.3432778999995207,0,59,0,0,144,1,0,1200.0,0.0
BLOCK_Kall_linear_bias0_physical_v3_334d,2025-09-17,0,47993.0177615879,0.6064834999997402,0,38,0,0,144,1,0,1200.0,0.0
BLOCK_Kall_linear_bias0_physical_v3_334d,2025-09-17,6,10333.45903885146,0.6047993000101997,0,30,0,0,144,1,0,1200.0,0.0
BLOCK_Kall_linear_bias0_physical_v3_334d,2025-09-17,12,22503.129654544275,0.3219613000110257,0,43,0,0,144,1,0,1200.0,0.0
BLOCK_Kall_linear_bias0_physical_v3_334d,2025-09-17,18,20585.082973608914,0.5373707999970065,0,60,0,0,144,1,0,1200.0,0.0
BLOCK_Kall_linear_bias0_physical_v3_334d,2025-09-18,0,42661.76326772806,1.2054260999866528,0,33,0,0,144,1,0,1200.0,0.0
BLOCK_Kall_linear_bias0_physical_v3_334d,2025-09-18,6,16263.360333052682,0.1296081999898888,0,105,0,0,144,1,0,1200.0,0.0
BLOCK_Kall_linear_bias0_physical_v3_334d,2025-09-18,12,10961.60630825342,0.1529771999921649,0,36,0,0,144,1,0,1200.0,0.0
BLOCK_Kall_linear_bias0_physical_v3_334d,2025-09-18,18,11222.072000238548,0.2931317000038689,0,33,0,0,144,1,0,1200.0,0.0
BLOCK_Kall_linear_bias0_physical_v3_334d,2025-09-19,0,26365.64087311503,0.2053761999995913,0,7,0,0,144,1,0,1200.0,0.0
BLOCK_Kall_linear_bias0_physical_v3_334d,2025-09-19,6,8678.559698561648,0.0527832999941892,0,33,0,0,144,1,0,1200.0,0.0
BLOCK_Kall_linear_bias0_physical_v3_334d,2025-09-19,12,10148.830040484414,0.1623574999975972,0,31,0,0,144,1,0,1200.0,0.0
BLOCK_Kall_linear_bias0_physical_v3_334d,2025-09-19,18,10279.252592057272,0.2558188999973936,0,31,0,0,144,1,0,1200.0,0.0
BLOCK_Kall_linear_bias0_physical_v3_334d,2025-09-20,0,23918.89246469745,0.3337181000097189,0,5,0,0,144,1,0,1200.0,0.0
BLOCK_Kall_linear_bias0_physical_v3_334d,2025-09-20,6,11101.120347042532,0.1672521000000415,0,32,0,0,144,1,0,1200.0,0.0
BLOCK_Kall_linear_bias0_physical_v3_334d,2025-09-20,12,15353.542588783308,0.1911544000031426,0,40,0,0,144,1,0,1200.0,0.0
BLOCK_Kall_linear_bias0_physical_v3_334d,2025-09-20,18,17751.759806044265,0.4197860999993281,0,57,0,0,144,1,0,1200.0,0.0
BLOCK_Kall_linear_bias0_physical_v3_334d,2025-09-21,0,43493.317067786586,1.173588000005111,0,37,0,0,144,1,0,1200.0,0.0
BLOCK_Kall_linear_bias0_physical_v3_334d,2025-09-21,6,12768.879458442798,0.2663955000025453,0,40,0,0,144,1,0,1200.0,0.0
BLOCK_Kall_linear_bias0_physical_v3_334d,2025-09-21,12,15103.513615352733,0.250766700002714,0,47,0,0,144,1,0,1200.0,0.0
BLOCK_Kall_linear_bias0_physical_v3_334d,2025-09-21,18,23152.05993685069,0.8460530000011204,0,66,0,0,144,1,0,1200.0,0.0
BLOCK_Kall_linear_bias0_physical_v3_334d,2025-09-22,0,51487.96640744238,0.4711307999968994,0,37,0,0,144,1,0,1200.0,0.0
BLOCK_Kall_linear_bias0_physical_v3_334d,2025-09-22,6,9065.181219712702,0.3748696000111522,0,23,0,0,144,1,0,1200.0,0.0
BLOCK_Kall_linear_bias0_physical_v3_334d,2025-09-22,12,16462.676367947442,0.2215484000043943,0,41,0,0,144,1,0,1200.0,0.0
BLOCK_Kall_linear_bias0_physical_v3_334d,2025-09-22,18,22543.70134168342,0.4533134999946924,0,62,0,0,144,1,0,1200.0,0.0
BLOCK_Kall_linear_bias0_physical_v3_334d,2025-09-23,0,50092.97438765001,2.207130299997516,0,35,0,0,144,1,0,1200.0,0.0
BLOCK_Kall_linear_bias0_physical_v3_334d,2025-09-23,6,10058.4087453793,0.085715599998366,0,29,0,0,144,1,0,1200.0,0.0
BLOCK_Kall_linear_bias0_physical_v3_334d,2025-09-23,12,16806.81452011951,0.1497415999911027,0,45,0,0,144,1,0,1200.0,0.0
BLOCK_Kall_linear_bias0_physical_v3_334d,2025-09-23,18,23749.91663033073,0.3441744999872753,0,68,0,0,144,1,0,1200.0,0.0
BLOCK_Kall_linear_bias0_physical_v3_334d,2025-09-24,0,42709.65029461723,0.7234190000017406,0,33,0,0,144,1,0,1200.0,0.0
BLOCK_Kall_linear_bias0_physical_v3_334d,2025-09-24,6,12925.657972921594,0.0890797000029124,0,87,0,0,144,1,0,1200.0,0.0
BLOCK_Kall_linear_bias0_physical_v3_334d,2025-09-24,12,18198.391256769795,0.1496374999987892,0,41,0,0,144,1,0,1200.0,0.0
BLOCK_Kall_linear_bias0_physical_v3_334d,2025-09-24,18,26933.74201593739,0.3579766000038944,0,61,0,0,144,1,0,1200.0,0.0
BLOCK_Kall_linear_bias0_physical_v3_334d,2025-09-25,0,47550.583644318205,0.8262979999999516,0,38,0,0,144,1,0,1200.0,0.0
BLOCK_Kall_linear_bias0_physical_v3_334d,2025-09-25,6,9551.3780141075,0.1175539000105345,0,54,0,0,144,1,0,1200.0,0.0
BLOCK_Kall_linear_bias0_physical_v3_334d,2025-09-25,12,17922.67702017682,0.5518676999927266,0,57,0,0,144,1,0,1200.0,0.0
BLOCK_Kall_linear_bias0_physical_v3_334d,2025-09-25,18,10780.403031667774,0.163475000008475,0,33,0,0,144,1,0,1200.0,0.0
BLOCK_Kall_linear_bias0_physical_v3_334d,2025-09-26,0,29012.45904340156,0.9340595999965444,0,27,0,0,144,1,0,1200.0,0.0
BLOCK_Kall_linear_bias0_physical_v3_334d,2025-09-26,6,8108.265547195843,0.0774605000042356,0,21,0,0,144,1,0,1200.0,0.0
BLOCK_Kall_linear_bias0_physical_v3_334d,2025-09-26,12,9308.547574393717,0.251238299999386,0,33,0,0,144,1,0,1200.0,0.0
BLOCK_Kall_linear_bias0_physical_v3_334d,2025-09-26,18,10002.929078413195,0.3319221999990986,0,32,0,0,144,1,0,1200.0,0.0
BLOCK_Kall_linear_bias0_physical_v3_334d,2025-09-27,0,23667.096467370546,0.3482755000004545,0,6,0,0,144,1,0,1200.0,0.0
BLOCK_Kall_linear_bias0_physical_v3_334d,2025-09-27,6,14386.67217884924,0.3201115999981994,0,37,0,0,144,1,0,1200.0,0.0
BLOCK_Kall_linear_bias0_physical_v3_334d,2025-09-27,12,18155.06850562891,0.1905021999991731,0,46,0,0,144,1,0,1200.0,0.0
BLOCK_Kall_linear_bias0_physical_v3_334d,2025-09-27,18,19702.37287809203,0.2655477999942377,0,53,0,0,144,1,0,1200.0,0.0
BLOCK_Kall_linear_bias0_physical_v3_334d,2025-09-28,0,44252.77910415554,0.4052792000002228,0,38,0,0,144,1,0,1200.0,0.0
BLOCK_Kall_linear_bias0_physical_v3_334d,2025-09-28,6,18958.318603494743,0.2008378000027733,0,97,0,0,144,1,0,1200.0,0.0
BLOCK_Kall_linear_bias0_physical_v3_334d,2025-09-28,12,18962.56969300433,0.2124286999896867,0,57,0,0,144,1,0,1200.0,0.0
BLOCK_Kall_linear_bias0_physical_v3_334d,2025-09-28,18,29365.871794538787,0.825001399993198,0,59,0,0,144,1,0,1200.0,0.0
BLOCK_Kall_linear_bias0_physical_v3_334d,2025-09-29,0,50619.90107815731,1.749753600000986,0,35,0,0,144,1,0,1200.0,0.0
BLOCK_Kall_linear_bias0_physical_v3_334d,2025-09-29,6,8408.708418849921,0.247338100001798,0,23,0,0,144,1,0,1200.0,0.0
BLOCK_Kall_linear_bias0_physical_v3_334d,2025-09-29,12,16039.03592876159,0.2297177000000374,0,61,0,0,144,1,0,1200.0,0.0
BLOCK_Kall_linear_bias0_physical_v3_334d,2025-09-29,18,24371.61686617348,0.6101226000027964,0,68,0,0,144,1,0,1200.0,0.0
BLOCK_Kall_linear_bias0_physical_v3_334d,2025-09-30,0,49855.57024408311,1.0240731999947457,0,39,0,0,144,1,0,1200.0,0.0
BLOCK_Kall_linear_bias0_physical_v3_334d,2025-09-30,6,10884.195163271315,0.6313381999934791,0,26,0,0,144,1,0,1200.0,0.0
BLOCK_Kall_linear_bias0_physical_v3_334d,2025-09-30,12,16492.839075777756,0.211324699994293,0,52,0,0,144,1,0,1200.0,0.0
BLOCK_Kall_linear_bias0_physical_v3_334d,2025-09-30,18,20313.505739675373,0.2342182000138564,0,57,0,0,144,1,0,1200.0,0.0
BLOCK_Kall_linear_bias0_physical_v3_334d,2025-10-01,0,46520.65227384802,0.5801613999938127,0,42,0,0,144,1,0,1200.0,0.0
BLOCK_Kall_linear_bias0_physical_v3_334d,2025-10-01,6,10432.160851473252,0.4245952000055695,0,41,0,0,144,1,0,1200.0,0.0
BLOCK_Kall_linear_bias0_physical_v3_334d,2025-10-01,12,14646.35586024324,0.1180441999895265,0,46,0,0,144,1,0,1200.0,0.0
BLOCK_Kall_linear_bias0_physical_v3_334d,2025-10-01,18,20851.73486267588,0.2310827000037534,0,52,0,0,144,1,0,1200.0,0.0
BLOCK_Kall_linear_bias0_physical_v3_334d,2025-10-02,0,50572.36169973347,0.7528128999983892,0,33,0,0,144,1,0,1200.0,0.0
BLOCK_Kall_linear_bias0_physical_v3_334d,2025-10-02,6,5717.439259009861,0.1017080999881727,0,21,0,0,144,1,0,1200.0,0.0
BLOCK_Kall_linear_bias0_physical_v3_334d,2025-10-02,12,8089.687426623844,0.1439709999976912,0,33,0,0,144,1,0,1200.0,0.0
BLOCK_Kall_linear_bias0_physical_v3_334d,2025-10-02,18,11051.44978846878,0.5602260000014212,0,31,0,0,144,1,0,1200.0,0.0
BLOCK_Kall_linear_bias0_physical_v3_334d,2025-10-03,0,22188.402522273973,0.6095721000019694,0,6,0,0,144,1,0,1200.0,0.0
BLOCK_Kall_linear_bias0_physical_v3_334d,2025-10-03,6,8574.126806179464,0.1134389000071678,0,26,0,0,144,1,0,1200.0,0.0
BLOCK_Kall_linear_bias0_physical_v3_334d,2025-10-03,12,11589.144685890387,0.1696521999983815,0,35,0,0,144,1,0,1200.0,0.0
BLOCK_Kall_linear_bias0_physical_v3_334d,2025-10-03,18,10078.55955611998,0.5028735999949276,0,31,0,0,144,1,0,1200.0,0.0
BLOCK_Kall_linear_bias0_physical_v3_334d,2025-10-04,0,25866.557331579414,0.2084172000031685,0,28,0,0,144,1,0,1200.0,0.0
BLOCK_Kall_linear_bias0_physical_v3_334d,2025-10-04,6,10601.528207666024,0.0935273999930359,0,21,0,0,144,1,0,1200.0,0.0
BLOCK_Kall_linear_bias0_physical_v3_334d,2025-10-04,12,22716.843206456277,0.1092327999940607,0,38,0,0,144,1,0,1200.0,0.0
BLOCK_Kall_linear_bias0_physical_v3_334d,2025-10-04,18,25128.448797267614,0.205542299998342,0,61,0,0,144,1,0,1200.0,0.0
BLOCK_Kall_linear_bias0_physical_v3_334d,2025-10-05,0,47127.26066176714,0.153956800000742,0,32,0,0,144,1,0,1200.0,0.0
BLOCK_Kall_linear_bias0_physical_v3_334d,2025-10-05,6,9047.353325787171,0.069719699997222,0,34,0,0,144,1,0,1200.0,0.0
BLOCK_Kall_linear_bias0_physical_v3_334d,2025-10-05,12,20349.581182526104,0.1821265000035055,0,45,0,0,144,1,0,1200.0,0.0
BLOCK_Kall_linear_bias0_physical_v3_334d,2025-10-05,18,34436.252696213305,0.2541358000016771,0,52,0,0,144,1,0,1200.0,0.0
BLOCK_Kall_linear_bias0_physical_v3_334d,2025-10-06,0,42481.26257484275,0.2294933000084711,0,33,0,0,144,1,0,1200.0,0.0
BLOCK_Kall_linear_bias0_physical_v3_334d,2025-10-06,6,12868.085055551704,0.5351654999976745,0,64,0,0,144,1,0,1200.0,0.0
BLOCK_Kall_linear_bias0_physical_v3_334d,2025-10-06,12,17374.60293350122,0.1009272000083001,0,44,0,0,144,1,0,1200.0,0.0
BLOCK_Kall_linear_bias0_physical_v3_334d,2025-10-06,18,20194.653714167893,0.1407324000028893,0,60,0,0,144,1,0,1200.0,0.0
BLOCK_Kall_linear_bias0_physical_v3_334d,2025-10-07,0,45285.89123376972,0.2255310999898938,0,39,0,0,144,1,0,1200.0,0.0
BLOCK_Kall_linear_bias0_physical_v3_334d,2025-10-07,6,10716.919525268788,0.1463772999995853,0,31,0,0,144,1,0,1200.0,0.0
BLOCK_Kall_linear_bias0_physical_v3_334d,2025-10-07,12,19176.96526131778,0.2102010999951744,0,42,0,0,144,1,0,1200.0,0.0
BLOCK_Kall_linear_bias0_physical_v3_334d,2025-10-07,18,22545.710482537062,0.2551037000084761,0,67,0,0,144,1,0,1200.0,0.0
BLOCK_Kall_linear_bias0_physical_v3_334d,2025-10-08,0,41469.32385302117,0.5625674000038998,0,40,0,0,144,1,0,1200.0,0.0
BLOCK_Kall_linear_bias0_physical_v3_334d,2025-10-08,6,9917.782561477714,0.5280255999969086,0,33,0,0,144,1,0,1200.0,0.0
BLOCK_Kall_linear_bias0_physical_v3_334d,2025-10-08,12,14747.902819884192,0.2528645999991568,0,45,0,0,144,1,0,1200.0,0.0
BLOCK_Kall_linear_bias0_physical_v3_334d,2025-10-08,18,27073.712076414828,0.2268428999959724,0,61,0,0,144,1,0,1200.0,0.0
BLOCK_Kall_linear_bias0_physical_v3_334d,2025-10-09,0,48115.98171582,0.2214354000025196,0,33,0,0,144,1,0,1200.0,0.0
BLOCK_Kall_linear_bias0_physical_v3_334d,2025-10-09,6,5630.793487059164,0.0760187999985646,0,20,0,0,144,1,0,1200.0,0.0
BLOCK_Kall_linear_bias0_physical_v3_334d,2025-10-09,12,9450.87954160342,1.0393722000007983,0,36,0,0,144,1,0,1200.0,0.0
BLOCK_Kall_linear_bias0_physical_v3_334d,2025-10-09,18,10707.8987298314,0.3107238999946276,0,33,0,0,144,1,0,1200.0,0.0
BLOCK_Kall_linear_bias0_physical_v3_334d,2025-10-10,0,22184.855607673857,0.5978237999952398,0,9,0,0,144,1,0,1200.0,0.0
BLOCK_Kall_linear_bias0_physical_v3_334d,2025-10-10,6,8106.17245465165,0.1025220000010449,0,22,0,0,144,1,0,1200.0,0.0
BLOCK_Kall_linear_bias0_physical_v3_334d,2025-10-10,12,10037.07162953864,0.4760607000062009,0,34,0,0,144,1,0,1200.0,0.0
BLOCK_Kall_linear_bias0_physical_v3_334d,2025-10-10,18,10265.644749669083,0.535975699996925,0,32,0,0,144,1,0,1200.0,0.0
BLOCK_Kall_linear_bias0_physical_v3_334d,2025-10-11,0,22038.064579546768,0.1558997000101953,0,8,0,0,144,1,0,1200.0,0.0
BLOCK_Kall_linear_bias0_physical_v3_334d,2025-10-11,6,11283.198464061705,0.1857940999907441,0,20,0,0,144,1,0,1200.0,0.0
BLOCK_Kall_linear_bias0_physical_v3_334d,2025-10-11,12,18827.322108368782,0.2049893000075826,0,41,0,0,144,1,0,1200.0,0.0
BLOCK_Kall_linear_bias0_physical_v3_334d,2025-10-11,18,22438.27016496399,0.2681297999952221,0,60,0,0,144,1,0,1200.0,0.0
BLOCK_Kall_linear_bias0_physical_v3_334d,2025-10-12,0,41913.44688655393,0.7110631999967154,0,43,0,0,144,1,0,1200.0,0.0
BLOCK_Kall_linear_bias0_physical_v3_334d,2025-10-12,6,11236.220175647231,0.1746261000080267,0,34,0,0,144,1,0,1200.0,0.0
BLOCK_Kall_linear_bias0_physical_v3_334d,2025-10-12,12,17585.99972966509,0.2215075999993132,0,46,0,0,144,1,0,1200.0,0.0
BLOCK_Kall_linear_bias0_physical_v3_334d,2025-10-12,18,31758.34896918028,0.3037618999951519,0,52,0,0,144,1,0,1200.0,0.0
BLOCK_Kall_linear_bias0_physical_v3_334d,2025-10-13,0,45143.48447103703,0.7166886000049999,0,41,0,0,144,1,0,1200.0,0.0
BLOCK_Kall_linear_bias0_physical_v3_334d,2025-10-13,6,9554.938541532869,0.3707625000097323,0,22,0,0,144,1,0,1200.0,0.0
BLOCK_Kall_linear_bias0_physical_v3_334d,2025-10-13,12,15138.088082418411,0.0974403000000165,0,41,0,0,144,1,0,1200.0,0.0
BLOCK_Kall_linear_bias0_physical_v3_334d,2025-10-13,18,30082.97735877397,0.2101533000095514,0,64,0,0,144,1,0,1200.0,0.0
BLOCK_Kall_linear_bias0_physical_v3_334d,2025-10-14,0,46944.4381232449,0.5771887000009883,0,34,0,0,144,1,0,1200.0,0.0
BLOCK_Kall_linear_bias0_physical_v3_334d,2025-10-14,6,8789.602079854882,0.3515238000109093,0,22,0,0,144,1,0,1200.0,0.0
BLOCK_Kall_linear_bias0_physical_v3_334d,2025-10-14,12,20745.838304579785,0.1430678000033367,0,93,0,0,144,1,0,1200.0,0.0
BLOCK_Kall_linear_bias0_physical_v3_334d,2025-10-14,18,35607.919269577855,0.2720059000130277,0,52,0,0,144,1,0,1200.0,0.0
BLOCK_Kall_linear_bias0_physical_v3_334d,2025-10-15,0,48719.05406657279,0.4351783000020077,0,37,0,0,144,1,0,1200.0,0.0
BLOCK_Kall_linear_bias0_physical_v3_334d,2025-10-15,6,8727.068836327904,0.5468809000012698,0,25,0,0,144,1,0,1200.0,0.0
BLOCK_Kall_linear_bias0_physical_v3_334d,2025-10-15,12,18292.99019286192,0.1630168999981833,0,41,0,0,144,1,0,1200.0,0.0
BLOCK_Kall_linear_bias0_physical_v3_334d,2025-10-15,18,23271.630738405565,0.1800262000033399,0,60,0,0,144,1,0,1200.0,0.0
BLOCK_Kall_linear_bias0_physical_v3_334d,2025-10-16,0,46414.825314761074,0.2980022999981884,0,38,0,0,144,1,0,1200.0,0.0
BLOCK_Kall_linear_bias0_physical_v3_334d,2025-10-16,6,8884.640092946202,0.1696636999986367,0,42,0,0,144,1,0,1200.0,0.0
BLOCK_Kall_linear_bias0_physical_v3_334d,2025-10-16,12,12203.765185293076,0.1769529000011971,0,44,0,0,144,1,0,1200.0,0.0
BLOCK_Kall_linear_bias0_physical_v3_334d,2025-10-16,18,10322.188505691878,0.1277045999886468,0,30,0,0,144,1,0,1200.0,0.0
BLOCK_Kall_linear_bias0_physical_v3_334d,2025-10-17,0,20716.957292592317,0.2738708999968366,0,8,0,0,144,1,0,1200.0,0.0
BLOCK_Kall_linear_bias0_physical_v3_334d,2025-10-17,6,11595.816764136249,0.1013314000010723,0,30,0,0,144,1,0,1200.0,0.0
BLOCK_Kall_linear_bias0_physical_v3_334d,2025-10-17,12,12305.123764318236,0.0882151999976486,0,33,0,0,144,1,0,1200.0,0.0
BLOCK_Kall_linear_bias0_physical_v3_334d,2025-10-17,18,13728.387755005504,0.1874265999940689,0,49,0,0,144,1,0,1200.0,0.0
BLOCK_Kall_linear_bias0_physical_v3_334d,2025-10-18,0,23446.379108536337,0.7366806000063661,0,7,0,0,144,1,0,1200.0,0.0
BLOCK_Kall_linear_bias0_physical_v3_334d,2025-10-18,6,10507.243756967337,0.1573185000015655,0,21,0,0,144,1,0,1200.0,0.0
BLOCK_Kall_linear_bias0_physical_v3_334d,2025-10-18,12,22148.30650805199,0.1155796999955782,0,39,0,0,144,1,0,1200.0,0.0
BLOCK_Kall_linear_bias0_physical_v3_334d,2025-10-18,18,33753.26128198072,0.1951607000082731,0,53,0,0,144,1,0,1200.0,0.0
BLOCK_Kall_linear_bias0_physical_v3_334d,2025-10-19,0,46496.49950467349,0.7781220999895595,0,39,0,0,144,1,0,1200.0,0.0
BLOCK_Kall_linear_bias0_physical_v3_334d,2025-10-19,6,10537.30792535118,0.0864905999915208,0,27,0,0,144,1,0,1200.0,0.0
BLOCK_Kall_linear_bias0_physical_v3_334d,2025-10-19,12,21386.50515843239,0.1959093000041321,0,39,0,0,144,1,0,1200.0,0.0
BLOCK_Kall_linear_bias0_physical_v3_334d,2025-10-19,18,34006.05858133189,0.2705270000005839,0,57,0,0,144,1,0,1200.0,0.0
BLOCK_Kall_linear_bias0_physical_v3_334d,2025-10-20,0,51743.91708419625,0.7995099999970989,0,36,0,0,144,1,0,1200.0,0.0
BLOCK_Kall_linear_bias0_physical_v3_334d,2025-10-20,6,9226.55718714725,0.0912038999958895,0,28,0,0,144,1,0,1200.0,0.0
BLOCK_Kall_linear_bias0_physical_v3_334d,2025-10-20,12,22051.578209756302,0.1660304000106407,0,41,0,0,144,1,0,1200.0,0.0
BLOCK_Kall_linear_bias0_physical_v3_334d,2025-10-20,18,33979.98725078353,0.5855080999899656,0,52,0,0,144,1,0,1200.0,0.0
BLOCK_Kall_linear_bias0_physical_v3_334d,2025-10-21,0,49184.15226042153,0.6243225999933202,0,35,0,0,144,1,0,1200.0,0.0
BLOCK_Kall_linear_bias0_physical_v3_334d,2025-10-21,6,11842.60727471055,0.2175227999978233,0,69,0,0,144,1,0,1200.0,0.0
BLOCK_Kall_linear_bias0_physical_v3_334d,2025-10-21,12,20353.202506553524,0.122540399999707,0,45,0,0,144,1,0,1200.0,0.0
BLOCK_Kall_linear_bias0_physical_v3_334d,2025-10-21,18,22245.69078883948,0.1920112000079825,0,59,0,0,144,1,0,1200.0,0.0
BLOCK_Kall_linear_bias0_physical_v3_334d,2025-10-22,0,47115.39471567371,1.4939984000084223,0,37,0,0,144,1,0,1200.0,0.0
BLOCK_Kall_linear_bias0_physical_v3_334d,2025-10-22,6,10635.078623918707,0.3422877000120934,0,47,0,0,144,1,0,1200.0,0.0
BLOCK_Kall_linear_bias0_physical_v3_334d,2025-10-22,12,18338.72281466065,0.241323000009288,0,49,0,0,144,1,0,1200.0,0.0
BLOCK_Kall_linear_bias0_physical_v3_334d,2025-10-22,18,29101.14782247905,0.3705429999972693,0,57,0,0,144,1,0,1200.0,0.0
BLOCK_Kall_linear_bias0_physical_v3_334d,2025-10-23,0,53660.23817972885,0.671348299991223,0,30,0,0,144,1,0,1200.0,0.0
BLOCK_Kall_linear_bias0_physical_v3_334d,2025-10-23,6,6189.246614999216,0.1499201999977231,0,36,0,0,144,1,0,1200.0,0.0
BLOCK_Kall_linear_bias0_physical_v3_334d,2025-10-23,12,10713.60432675814,0.1923969000054057,0,36,0,0,144,1,0,1200.0,0.0
BLOCK_Kall_linear_bias0_physical_v3_334d,2025-10-23,18,14171.081484363714,0.3660908000019844,0,56,0,0,144,1,0,1200.0,0.0
BLOCK_Kall_linear_bias0_physical_v3_334d,2025-10-24,0,22340.785211865605,0.2605100000073435,0,10,0,0,144,1,0,1200.0,0.0
BLOCK_Kall_linear_bias0_physical_v3_334d,2025-10-24,6,9451.781780254782,0.1273233000101754,0,26,0,0,144,1,0,1200.0,0.0
BLOCK_Kall_linear_bias0_physical_v3_334d,2025-10-24,12,12337.03963238009,0.7723934999958146,0,38,0,0,144,1,0,1200.0,0.0
BLOCK_Kall_linear_bias0_physical_v3_334d,2025-10-24,18,9990.150260945353,0.1450637000089045,0,32,0,0,144,1,0,1200.0,0.0
BLOCK_Kall_linear_bias0_physical_v3_334d,2025-10-25,0,23758.24559008358,0.3648882999987108,0,27,0,0,144,1,0,1200.0,0.0
BLOCK_Kall_linear_bias0_physical_v3_334d,2025-10-25,6,10283.14325501386,0.0722586999909253,0,21,0,0,144,1,0,1200.0,0.0
BLOCK_Kall_linear_bias0_physical_v3_334d,2025-10-25,12,17842.63121599853,0.3090833999885944,0,42,0,0,144,1,0,1200.0,0.0
BLOCK_Kall_linear_bias0_physical_v3_334d,2025-10-25,18,32400.45849922328,0.1923282999923685,0,52,0,0,144,1,0,1200.0,0.0
BLOCK_Kall_linear_bias0_physical_v3_334d,2025-10-26,0,49681.31008562526,0.1170857999968575,0,34,0,0,144,1,0,1200.0,0.0
BLOCK_Kall_linear_bias0_physical_v3_334d,2025-10-26,6,8440.017613119147,0.1410641999973449,0,27,0,0,144,1,0,1200.0,0.0
BLOCK_Kall_linear_bias0_physical_v3_334d,2025-10-26,12,20857.65465363436,0.2954139000066789,0,83,0,0,144,1,0,1200.0,0.0
BLOCK_Kall_linear_bias0_physical_v3_334d,2025-10-26,18,31791.191465111093,0.2352440999966347,0,55,0,0,144,1,0,1200.0,0.0
BLOCK_Kall_linear_bias0_physical_v3_334d,2025-10-27,0,46215.67835133926,0.2844845999934478,0,39,0,0,144,1,0,1200.0,0.0
BLOCK_Kall_linear_bias0_physical_v3_334d,2025-10-27,6,19536.70551040006,0.641388799995184,0,131,0,0,144,1,0,1200.0,0.0
BLOCK_Kall_linear_bias0_physical_v3_334d,2025-10-27,12,20682.79667785924,1.0587915999931283,0,42,0,0,144,1,0,1200.0,0.0
BLOCK_Kall_linear_bias0_physical_v3_334d,2025-10-27,18,32566.849227293147,0.4391735999961383,0,53,0,0,144,1,0,1200.0,0.0
BLOCK_Kall_linear_bias0_physical_v3_334d,2025-10-28,0,46387.43419146496,0.2970456999901216,0,39,0,0,144,1,0,1200.0,0.0
BLOCK_Kall_linear_bias0_physical_v3_334d,2025-10-28,6,16932.972180339682,0.6076709999906598,0,84,0,0,144,1,0,1200.0,0.0
BLOCK_Kall_linear_bias0_physical_v3_334d,2025-10-28,12,19776.694651125017,0.1240986999910092,0,49,0,0,144,1,0,1200.0,0.0
BLOCK_Kall_linear_bias0_physical_v3_334d,2025-10-28,18,36882.53066340712,0.1441327000065939,0,59,0,0,144,1,0,1200.0,0.0
BLOCK_Kall_linear_bias0_physical_v3_334d,2025-10-29,0,52099.72449969375,0.1960752000013599,0,33,0,0,144,1,0,1200.0,0.0
BLOCK_Kall_linear_bias0_physical_v3_334d,2025-10-29,6,10303.487615481545,0.3197822999936761,0,29,0,0,144,1,0,1200.0,0.0
BLOCK_Kall_linear_bias0_physical_v3_334d,2025-10-29,12,19792.83971779405,0.1537384999974165,0,49,0,0,144,1,0,1200.0,0.0
BLOCK_Kall_linear_bias0_physical_v3_334d,2025-10-29,18,36739.61493331831,0.1381398999947123,0,56,0,0,144,1,0,1200.0,0.0
BLOCK_Kall_linear_bias0_physical_v3_334d,2025-10-30,0,46246.64970647993,0.8593985999905271,0,39,0,0,144,1,0,1200.0,0.0
BLOCK_Kall_linear_bias0_physical_v3_334d,2025-10-30,6,9625.46911706266,0.0626240999990841,0,60,0,0,144,1,0,1200.0,0.0
BLOCK_Kall_linear_bias0_physical_v3_334d,2025-10-30,12,12131.154670975053,0.2752645000000484,0,49,0,0,144,1,0,1200.0,0.0
BLOCK_Kall_linear_bias0_physical_v3_334d,2025-10-30,18,11137.91587224794,0.6053385999985039,0,34,0,0,144,1,0,1200.0,0.0
BLOCK_Kall_linear_bias0_physical_v3_334d,2025-10-31,0,26182.32573301288,0.1342108999961055,0,29,0,0,144,1,0,1200.0,0.0
BLOCK_Kall_linear_bias0_physical_v3_334d,2025-10-31,6,7716.04137270502,0.0698773000040091,0,20,0,0,144,1,0,1200.0,0.0
BLOCK_Kall_linear_bias0_physical_v3_334d,2025-10-31,12,9523.945419359,0.3127775000029942,0,33,0,0,144,1,0,1200.0,0.0
BLOCK_Kall_linear_bias0_physical_v3_334d,2025-10-31,18,16167.917318318856,3.120086999988416,0,56,0,0,144,1,0,1200.0,0.0
BLOCK_Kall_linear_bias0_physical_v3_334d,2025-11-01,0,23321.81838377088,0.1238316999952076,0,8,0,0,144,1,0,1200.0,0.0
BLOCK_Kall_linear_bias0_physical_v3_334d,2025-11-01,6,10358.496449807864,0.2665721000084886,0,21,0,0,144,1,0,1200.0,0.0
BLOCK_Kall_linear_bias0_physical_v3_334d,2025-11-01,12,17902.384686410427,0.1838928000070154,0,39,0,0,144,1,0,1200.0,0.0
BLOCK_Kall_linear_bias0_physical_v3_334d,2025-11-01,18,32948.52203987246,0.3693621999991592,0,56,0,0,144,1,0,1200.0,0.0
BLOCK_Kall_linear_bias0_physical_v3_334d,2025-11-02,0,48339.49219976853,0.2869771999976365,0,37,0,0,144,1,0,1200.0,0.0
BLOCK_Kall_linear_bias0_physical_v3_334d,2025-11-02,6,15891.716608706209,0.1542947999987518,0,98,0,0,144,1,0,1200.0,0.0
BLOCK_Kall_linear_bias0_physical_v3_334d,2025-11-02,12,18990.01445302279,0.169665299996268,0,43,0,0,144,1,0,1200.0,0.0
BLOCK_Kall_linear_bias0_physical_v3_334d,2025-11-02,18,33950.2934984994,0.1900498000031802,0,52,0,0,144,1,0,1200.0,0.0
BLOCK_Kall_linear_bias0_physical_v3_334d,2025-11-03,0,53429.66407848472,0.1514190000016242,0,29,0,0,144,1,0,1200.0,0.0
BLOCK_Kall_linear_bias0_physical_v3_334d,2025-11-03,6,9534.690137410264,0.3294277999957558,0,28,0,0,144,1,0,1200.0,0.0
BLOCK_Kall_linear_bias0_physical_v3_334d,2025-11-03,12,18401.09909821553,0.146284000002197,0,43,0,0,144,1,0,1200.0,0.0
BLOCK_Kall_linear_bias0_physical_v3_334d,2025-11-03,18,33045.30591881231,0.4465793999988818,0,56,0,0,144,1,0,1200.0,0.0
BLOCK_Kall_linear_bias0_physical_v3_334d,2025-11-04,0,49534.36658932017,0.2479023000050801,0,36,0,0,144,1,0,1200.0,0.0
BLOCK_Kall_linear_bias0_physical_v3_334d,2025-11-04,6,11569.714478003409,0.1808385000040289,0,53,0,0,144,1,0,1200.0,0.0
BLOCK_Kall_linear_bias0_physical_v3_334d,2025-11-04,12,18649.347684494453,0.4065771000023233,0,41,0,0,144,1,0,1200.0,0.0
BLOCK_Kall_linear_bias0_physical_v3_334d,2025-11-04,18,44663.13648528178,0.3032358999917051,0,54,0,0,144,1,0,1200.0,0.0
BLOCK_Kall_linear_bias0_physical_v3_334d,2025-11-05,0,55057.78942840418,0.3003725000016857,0,30,0,0,144,1,0,1200.0,0.0
BLOCK_Kall_linear_bias0_physical_v3_334d,2025-11-05,6,8608.553080468075,0.0724613000056706,0,24,0,0,144,1,0,1200.0,0.0
BLOCK_Kall_linear_bias0_physical_v3_334d,2025-11-05,12,23519.964107962456,0.0912574999965727,0,49,0,0,144,1,0,1200.0,0.0
BLOCK_Kall_linear_bias0_physical_v3_334d,2025-11-05,18,35021.45399351483,0.1627929999958723,0,52,0,0,144,1,0,1200.0,0.0
BLOCK_Kall_linear_bias0_physical_v3_334d,2025-11-06,0,50982.978246859646,0.5353132000018377,0,29,0,0,144,1,0,1200.0,0.0
BLOCK_Kall_linear_bias0_physical_v3_334d,2025-11-06,6,10131.754887548012,0.0761320000019623,0,59,0,0,144,1,0,1200.0,0.0
BLOCK_Kall_linear_bias0_physical_v3_334d,2025-11-06,12,11321.308173794036,0.1248374999995576,0,41,0,0,144,1,0,1200.0,0.0
BLOCK_Kall_linear_bias0_physical_v3_334d,2025-11-06,18,14204.113336617296,0.2094432000012602,0,58,0,0,144,1,0,1200.0,0.0
BLOCK_Kall_linear_bias0_physical_v3_334d,2025-11-07,0,23733.792227406208,0.6763120999967214,0,26,0,0,144,1,0,1200.0,0.0
BLOCK_Kall_linear_bias0_physical_v3_334d,2025-11-07,6,8783.331261934849,0.0625162000069394,0,69,0,0,144,1,0,1200.0,0.0
BLOCK_Kall_linear_bias0_physical_v3_334d,2025-11-07,12,11150.637734634014,0.1422997999907238,0,35,0,0,144,1,0,1200.0,0.0
BLOCK_Kall_linear_bias0_physical_v3_334d,2025-11-07,18,10637.330904089134,0.3780644999933429,0,33,0,0,144,1,0,1200.0,0.0
BLOCK_Kall_linear_bias0_physical_v3_334d,2025-11-08,0,24365.95797887469,0.2407544000016059,0,29,0,0,144,1,0,1200.0,0.0
BLOCK_Kall_linear_bias0_physical_v3_334d,2025-11-08,6,10468.496739881306,0.1477619000070262,0,29,0,0,144,1,0,1200.0,0.0
BLOCK_Kall_linear_bias0_physical_v3_334d,2025-11-08,12,20349.014473874235,0.1831351000000722,0,48,0,0,144,1,0,1200.0,0.0
BLOCK_Kall_linear_bias0_physical_v3_334d,2025-11-08,18,35230.71816257376,0.3333268999995198,0,54,0,0,144,1,0,1200.0,0.0
BLOCK_Kall_linear_bias0_physical_v3_334d,2025-11-09,0,51135.35473257089,1.0565855000022566,0,29,0,0,144,1,0,1200.0,0.0
BLOCK_Kall_linear_bias0_physical_v3_334d,2025-11-09,6,11182.78437339415,0.1194752999872434,0,39,0,0,144,1,0,1200.0,0.0
BLOCK_Kall_linear_bias0_physical_v3_334d,2025-11-09,12,25296.67881194527,0.115682800009381,0,55,0,0,144,1,0,1200.0,0.0
BLOCK_Kall_linear_bias0_physical_v3_334d,2025-11-09,18,41539.3509367396,0.2897807000117609,0,54,0,0,144,1,0,1200.0,0.0
BLOCK_Kall_linear_bias0_physical_v3_334d,2025-11-10,0,53931.71618271902,0.6645955999993021,0,34,0,0,144,1,0,1200.0,0.0
BLOCK_Kall_linear_bias0_physical_v3_334d,2025-11-10,6,11786.304215765427,0.246526899994933,0,50,0,0,144,1,0,1200.0,0.0
BLOCK_Kall_linear_bias0_physical_v3_334d,2025-11-10,12,17037.89600593127,0.2265654999937396,0,42,0,0,144,1,0,1200.0,0.0
BLOCK_Kall_linear_bias0_physical_v3_334d,2025-11-10,18,32294.71080303986,0.3240105000004405,0,55,0,0,144,1,0,1200.0,0.0
BLOCK_Kall_linear_bias0_physical_v3_334d,2025-11-11,0,56097.17409387041,0.1836787000065669,0,31,0,0,144,1,0,1200.0,0.0
BLOCK_Kall_linear_bias0_physical_v3_334d,2025-11-11,6,9048.256914104462,0.5136188000033144,0,25,0,0,144,1,0,1200.0,0.0
BLOCK_Kall_linear_bias0_physical_v3_334d,2025-11-11,12,23144.794333469992,0.2001985000097192,0,43,0,0,144,1,0,1200.0,0.0
BLOCK_Kall_linear_bias0_physical_v3_334d,2025-11-11,18,32836.661929419075,0.5539246999978786,0,56,0,0,144,1,0,1200.0,0.0
BLOCK_Kall_linear_bias0_physical_v3_334d,2025-11-12,0,52207.105534015456,0.7401036000082968,0,33,0,0,144,1,0,1200.0,0.0
BLOCK_Kall_linear_bias0_physical_v3_334d,2025-11-12,6,13882.436255081871,0.3787811999936821,0,94,0,0,144,1,0,1200.0,0.0
BLOCK_Kall_linear_bias0_physical_v3_334d,2025-11-12,12,19446.787925217075,0.2183157000108622,0,49,0,0,144,1,0,1200.0,0.0
BLOCK_Kall_linear_bias0_physical_v3_334d,2025-11-12,18,34458.39906334126,0.2556117000058293,0,55,0,0,144,1,0,1200.0,0.0
BLOCK_Kall_linear_bias0_physical_v3_334d,2025-11-13,0,50950.88829028005,0.2313642999943113,0,34,0,0,144,1,0,1200.0,0.0
BLOCK_Kall_linear_bias0_physical_v3_334d,2025-11-13,6,9390.163480533374,0.1023221999930683,0,75,0,0,144,1,0,1200.0,0.0
BLOCK_Kall_linear_bias0_physical_v3_334d,2025-11-13,12,12854.713930142894,0.2029760000004898,0,53,0,0,144,1,0,1200.0,0.0
BLOCK_Kall_linear_bias0_physical_v3_334d,2025-11-13,18,13852.389114409889,0.1337819000036688,0,64,0,0,144,1,0,1200.0,0.0
BLOCK_Kall_linear_bias0_physical_v3_334d,2025-11-14,0,25796.20627879275,0.144053600000916,0,30,0,0,144,1,0,1200.0,0.0
BLOCK_Kall_linear_bias0_physical_v3_334d,2025-11-14,6,7599.1823473613085,0.0734431000018958,0,22,0,0,144,1,0,1200.0,0.0
BLOCK_Kall_linear_bias0_physical_v3_334d,2025-11-14,12,10643.925335970356,0.2436257000081241,0,40,0,0,144,1,0,1200.0,0.0
BLOCK_Kall_linear_bias0_physical_v3_334d,2025-11-14,18,12581.182432470385,0.1513561000028858,0,55,0,0,144,1,0,1200.0,0.0
BLOCK_Kall_linear_bias0_physical_v3_334d,2025-11-15,0,27371.733803232462,0.2600726999953622,0,33,0,0,144,1,0,1200.0,0.0
BLOCK_Kall_linear_bias0_physical_v3_334d,2025-11-15,6,9674.73579881008,0.2503632000007201,0,22,0,0,144,1,0,1200.0,0.0
BLOCK_Kall_linear_bias0_physical_v3_334d,2025-11-15,12,20952.33076050144,0.1010041999979876,0,39,0,0,144,1,0,1200.0,0.0
BLOCK_Kall_linear_bias0_physical_v3_334d,2025-11-15,18,34773.33567294698,0.3139954000071157,0,54,0,0,144,1,0,1200.0,0.0
BLOCK_Kall_linear_bias0_physical_v3_334d,2025-11-16,0,51482.03246460187,0.3516331999999238,0,34,0,0,144,1,0,1200.0,0.0
BLOCK_Kall_linear_bias0_physical_v3_334d,2025-11-16,6,15887.0254228391,0.133915699989302,0,86,0,0,144,1,0,1200.0,0.0
BLOCK_Kall_linear_bias0_physical_v3_334d,2025-11-16,12,27764.91768731113,0.381319899999653,0,63,0,0,144,1,0,1200.0,0.0
BLOCK_Kall_linear_bias0_physical_v3_334d,2025-11-16,18,31676.957510099877,0.4048188000015216,0,60,0,0,144,1,0,1200.0,0.0
BLOCK_Kall_linear_bias0_physical_v3_334d,2025-11-17,0,51590.544888731376,0.2841399000026285,0,35,0,0,144,1,0,1200.0,0.0
BLOCK_Kall_linear_bias0_physical_v3_334d,2025-11-17,6,18898.425831564306,0.5920686999888858,0,159,0,0,144,1,0,1200.0,0.0
BLOCK_Kall_linear_bias0_physical_v3_334d,2025-11-17,12,26317.154526796297,0.1479728000122122,0,67,0,0,144,1,0,1200.0,0.0
BLOCK_Kall_linear_bias0_physical_v3_334d,2025-11-17,18,36277.02401956232,0.1595661000028485,0,53,0,0,144,1,0,1200.0,0.0
BLOCK_Kall_linear_bias0_physical_v3_334d,2025-11-18,0,54214.089165233774,0.4338843999867094,0,30,0,0,144,1,0,1200.0,0.0
BLOCK_Kall_linear_bias0_physical_v3_334d,2025-11-18,6,9566.77060973025,0.5914333999971859,0,24,0,0,144,1,0,1200.0,0.0
BLOCK_Kall_linear_bias0_physical_v3_334d,2025-11-18,12,25954.28838610056,0.1650613000092562,0,58,0,0,144,1,0,1200.0,0.0
BLOCK_Kall_linear_bias0_physical_v3_334d,2025-11-18,18,35640.4465031417,0.1959902999951737,0,52,0,0,144,1,0,1200.0,0.0
BLOCK_Kall_linear_bias0_physical_v3_334d,2025-11-19,0,53438.19567356238,0.4688845999917248,0,30,0,0,144,1,0,1200.0,0.0
BLOCK_Kall_linear_bias0_physical_v3_334d,2025-11-19,6,15287.661587709135,0.7447561000008136,0,97,0,0,144,1,0,1200.0,0.0
BLOCK_Kall_linear_bias0_physical_v3_334d,2025-11-19,12,26908.72933072732,0.1136564000044018,0,42,0,0,144,1,0,1200.0,0.0
BLOCK_Kall_linear_bias0_physical_v3_334d,2025-11-19,18,36938.39921563184,0.161824599999818,0,54,0,0,144,1,0,1200.0,0.0
BLOCK_Kall_linear_bias0_physical_v3_334d,2025-11-20,0,53757.62021691216,0.152112700001453,0,30,0,0,144,1,0,1200.0,0.0
BLOCK_Kall_linear_bias0_physical_v3_334d,2025-11-20,6,8282.634749586303,0.0553186000033747,0,42,0,0,144,1,0,1200.0,0.0
BLOCK_Kall_linear_bias0_physical_v3_334d,2025-11-20,12,11795.437409763395,0.4997303999989526,0,56,0,0,144,1,0,1200.0,0.0
BLOCK_Kall_linear_bias0_physical_v3_334d,2025-11-20,18,16592.06560034012,0.2424997000052826,0,55,0,0,144,1,0,1200.0,0.0
BLOCK_Kall_linear_bias0_physical_v3_334d,2025-11-21,0,26103.47023273284,0.2781855000066571,0,31,0,0,144,1,0,1200.0,0.0
BLOCK_Kall_linear_bias0_physical_v3_334d,2025-11-21,6,9196.057943516407,0.08298669999931,0,83,0,0,144,1,0,1200.0,0.0
BLOCK_Kall_linear_bias0_physical_v3_334d,2025-11-21,12,10914.688021503818,0.3263791000063065,0,45,0,0,144,1,0,1200.0,0.0
BLOCK_Kall_linear_bias0_physical_v3_334d,2025-11-21,18,11648.43483819707,0.1527692999952705,0,36,0,0,144,1,0,1200.0,0.0
BLOCK_Kall_linear_bias0_physical_v3_334d,2025-11-22,0,27813.951719911,0.4236129999917466,0,40,0,0,144,1,0,1200.0,0.0
BLOCK_Kall_linear_bias0_physical_v3_334d,2025-11-22,6,9701.253810857825,0.0793155999999726,0,24,0,0,144,1,0,1200.0,0.0
BLOCK_Kall_linear_bias0_physical_v3_334d,2025-11-22,12,22220.385698265745,0.1268397999956505,0,42,0,0,144,1,0,1200.0,0.0
BLOCK_Kall_linear_bias0_physical_v3_334d,2025-11-22,18,37442.00252796123,0.2558068999933311,0,56,0,0,144,1,0,1200.0,0.0
BLOCK_Kall_linear_bias0_physical_v3_334d,2025-11-23,0,51770.45800129834,0.5098606999963522,0,32,0,0,144,1,0,1200.0,0.0
BLOCK_Kall_linear_bias0_physical_v3_334d,2025-11-23,6,16235.74281137955,0.3240236000128789,0,93,0,0,144,1,0,1200.0,0.0
BLOCK_Kall_linear_bias0_physical_v3_334d,2025-11-23,12,24491.29362552157,0.2990957000001799,0,50,0,0,144,1,0,1200.0,0.0
BLOCK_Kall_linear_bias0_physical_v3_334d,2025-11-23,18,40150.505295226845,0.5640290000010282,0,53,0,0,144,1,0,1200.0,0.0
BLOCK_Kall_linear_bias0_physical_v3_334d,2025-11-24,0,53253.71405213564,1.0849167999986091,0,30,0,0,144,1,0,1200.0,0.0
BLOCK_Kall_linear_bias0_physical_v3_334d,2025-11-24,6,10852.583989780256,0.1715543000027537,0,64,0,0,144,1,0,1200.0,0.0
BLOCK_Kall_linear_bias0_physical_v3_334d,2025-11-24,12,22666.023260847232,0.182409999993979,0,50,0,0,144,1,0,1200.0,0.0
BLOCK_Kall_linear_bias0_physical_v3_334d,2025-11-24,18,35969.10159277669,0.1537553000089246,0,55,0,0,144,1,0,1200.0,0.0
BLOCK_Kall_linear_bias0_physical_v3_334d,2025-11-25,0,61706.39004917524,0.2453863999980967,0,32,0,0,144,1,0,1200.0,0.0
BLOCK_Kall_linear_bias0_physical_v3_334d,2025-11-25,6,8735.396374578791,0.1190893999882973,0,24,0,0,144,1,0,1200.0,0.0
BLOCK_Kall_linear_bias0_physical_v3_334d,2025-11-25,12,20313.003876888597,0.1999622000003,0,43,0,0,144,1,0,1200.0,0.0
BLOCK_Kall_linear_bias0_physical_v3_334d,2025-11-25,18,37304.38978811173,0.3089960999932373,0,53,0,0,144,1,0,1200.0,0.0
BLOCK_Kall_linear_bias0_physical_v3_334d,2025-11-26,0,57909.37734780926,0.7683025000005728,0,31,0,0,144,1,0,1200.0,0.0
BLOCK_Kall_linear_bias0_physical_v3_334d,2025-11-26,6,10570.487838938634,0.210032199989655,0,35,0,0,144,1,0,1200.0,0.0
BLOCK_Kall_linear_bias0_physical_v3_334d,2025-11-26,12,24257.658057768014,0.5918921999982558,0,49,0,0,144,1,0,1200.0,0.0
BLOCK_Kall_linear_bias0_physical_v3_334d,2025-11-26,18,34115.56451293861,0.3253032000066014,0,55,0,0,144,1,0,1200.0,0.0
BLOCK_Kall_linear_bias0_physical_v3_334d,2025-11-27,0,56117.93057742096,1.1868472999922233,0,30,0,0,144,1,0,1200.0,0.0
BLOCK_Kall_linear_bias0_physical_v3_334d,2025-11-27,6,8791.491857803816,0.074413900001673,0,41,0,0,144,1,0,1200.0,0.0
BLOCK_Kall_linear_bias0_physical_v3_334d,2025-11-27,12,13081.86698122354,0.1059718000033171,0,46,0,0,144,1,0,1200.0,0.0
BLOCK_Kall_linear_bias0_physical_v3_334d,2025-11-27,18,12154.28013333159,0.2211686000082409,0,37,0,0,144,1,0,1200.0,0.0
BLOCK_Kall_linear_bias0_physical_v3_334d,2025-11-28,0,27314.43147437749,0.6555300000036368,0,35,0,0,144,1,0,1200.0,0.0
BLOCK_Kall_linear_bias0_physical_v3_334d,2025-11-28,6,8555.516528970393,0.0582656000042334,0,52,0,0,144,1,0,1200.0,0.0
BLOCK_Kall_linear_bias0_physical_v3_334d,2025-11-28,12,11115.848324532604,0.2415385999920545,0,40,0,0,144,1,0,1200.0,0.0
BLOCK_Kall_linear_bias0_physical_v3_334d,2025-11-28,18,12155.847600186064,0.3131756999937352,0,49,0,0,144,1,0,1200.0,0.0
BLOCK_Kall_linear_bias0_physical_v3_334d,2025-11-29,0,32210.334787225736,0.2272439000080339,0,34,0,0,144,1,0,1200.0,0.0
BLOCK_Kall_linear_bias0_physical_v3_334d,2025-11-29,6,8988.665499783563,0.0795302000042283,0,22,0,0,144,1,0,1200.0,0.0
BLOCK_Kall_linear_bias0_physical_v3_334d,2025-11-29,12,24475.816871475312,0.2619088999927044,0,40,0,0,144,1,0,1200.0,0.0
BLOCK_Kall_linear_bias0_physical_v3_334d,2025-11-29,18,34001.772693723535,0.4519842000008793,0,55,0,0,144,1,0,1200.0,0.0
BLOCK_Kall_linear_bias0_physical_v3_334d,2025-11-30,0,55637.48705854823,0.5129490999970585,0,28,0,0,144,1,0,1200.0,0.0
BLOCK_Kall_linear_bias0_physical_v3_334d,2025-11-30,6,14647.503784964894,0.4227907999884337,0,94,0,0,144,1,0,1200.0,0.0
BLOCK_Kall_linear_bias0_physical_v3_334d,2025-11-30,12,26571.590839036555,0.4082259999995585,0,62,0,0,144,1,0,1200.0,0.0
BLOCK_Kall_linear_bias0_physical_v3_334d,2025-11-30,18,37663.87420950824,0.4361594999936642,0,52,0,0,144,1,0,1200.0,0.0
BLOCK_Kall_linear_bias0_physical_v3_334d,2025-12-01,0,60681.17840655409,0.9102882000006502,0,31,0,0,144,1,0,1200.0,0.0
BLOCK_Kall_linear_bias0_physical_v3_334d,2025-12-01,6,9538.443606349869,0.1155411999934585,0,40,0,0,144,1,0,1200.0,0.0
BLOCK_Kall_linear_bias0_physical_v3_334d,2025-12-01,12,26453.69512679397,0.2483041000086814,0,47,0,0,144,1,0,1200.0,0.0
BLOCK_Kall_linear_bias0_physical_v3_334d,2025-12-01,18,38819.53187586389,0.4433697999920696,0,54,0,0,144,1,0,1200.0,0.0
BLOCK_Kall_linear_bias0_physical_v3_334d,2025-12-02,0,63453.91903496932,0.26231099999859,0,31,0,0,144,1,0,1200.0,0.0
BLOCK_Kall_linear_bias0_physical_v3_334d,2025-12-02,6,11159.75504481244,0.2313456999982008,0,40,0,0,144,1,0,1200.0,0.0
BLOCK_Kall_linear_bias0_physical_v3_334d,2025-12-02,12,29895.405752116145,0.0997867999976733,0,48,0,0,144,1,0,1200.0,0.0
BLOCK_Kall_linear_bias0_physical_v3_334d,2025-12-02,18,38435.12377779384,0.4973081000061938,0,53,0,0,144,1,0,1200.0,0.0
BLOCK_Kall_linear_bias0_physical_v3_334d,2025-12-03,0,57677.63180761701,0.475371599997743,0,31,0,0,144,1,0,1200.0,0.0
BLOCK_Kall_linear_bias0_physical_v3_334d,2025-12-03,6,16865.041734105787,0.4362486000027274,0,122,0,0,144,1,0,1200.0,0.0
BLOCK_Kall_linear_bias0_physical_v3_334d,2025-12-03,12,25358.37187758755,0.1756267000018851,0,65,0,0,144,1,0,1200.0,0.0
BLOCK_Kall_linear_bias0_physical_v3_334d,2025-12-03,18,39579.13803547602,0.3930611999967368,0,53,0,0,144,1,0,1200.0,0.0
BLOCK_Kall_linear_bias0_physical_v3_334d,2025-12-04,0,64996.30493510984,0.6052258999989135,0,32,0,0,144,1,0,1200.0,0.0
BLOCK_Kall_linear_bias0_physical_v3_334d,2025-12-04,6,9235.632709855548,0.1075532999966526,0,34,0,0,144,1,0,1200.0,0.0
BLOCK_Kall_linear_bias0_physical_v3_334d,2025-12-04,12,13783.094289754532,0.4472090999915963,0,53,0,0,144,1,0,1200.0,0.0
BLOCK_Kall_linear_bias0_physical_v3_334d,2025-12-04,18,28253.129349780287,0.4120189999957802,0,52,0,0,144,1,0,1200.0,0.0
BLOCK_Kall_linear_bias0_physical_v3_334d,2025-12-05,0,35388.38366489734,0.1291434999875491,0,33,0,0,144,1,0,1200.0,0.0
BLOCK_Kall_linear_bias0_physical_v3_334d,2025-12-05,6,8905.639183190859,0.0559409000125015,0,36,0,0,144,1,0,1200.0,0.0
BLOCK_Kall_linear_bias0_physical_v3_334d,2025-12-05,12,13347.332932139623,0.2627216999972006,0,49,0,0,144,1,0,1200.0,0.0
BLOCK_Kall_linear_bias0_physical_v3_334d,2025-12-05,18,19066.354285712318,0.6472836000029929,0,58,0,0,144,1,0,1200.0,0.0
BLOCK_Kall_linear_bias0_physical_v3_334d,2025-12-06,0,32212.169928484826,0.1929727999959141,0,37,0,0,144,1,0,1200.0,0.0
BLOCK_Kall_linear_bias0_physical_v3_334d,2025-12-06,6,9784.21436625496,0.112375400000019,0,26,0,0,144,1,0,1200.0,0.0
BLOCK_Kall_linear_bias0_physical_v3_334d,2025-12-06,12,27119.284581747623,0.1038584000052651,0,44,0,0,144,1,0,1200.0,0.0
BLOCK_Kall_linear_bias0_physical_v3_334d,2025-12-06,18,44604.81209764169,0.487708400003612,0,54,0,0,144,1,0,1200.0,0.0
BLOCK_Kall_linear_bias0_physical_v3_334d,2025-12-07,0,62402.2842669462,0.3862224000040442,0,30,0,0,144,1,0,1200.0,0.0
BLOCK_Kall_linear_bias0_physical_v3_334d,2025-12-07,6,10193.314265401925,0.1011544999928446,0,26,0,0,144,1,0,1200.0,0.0
BLOCK_Kall_linear_bias0_physical_v3_334d,2025-12-07,12,31598.4684538568,0.1630787000030977,0,82,0,0,144,1,0,1200.0,0.0
BLOCK_Kall_linear_bias0_physical_v3_334d,2025-12-07,18,45508.08406346396,0.5113225000095554,0,62,0,0,144,1,0,1200.0,0.0
BLOCK_Kall_linear_bias0_physical_v3_334d,2025-12-08,0,70566.95539643892,0.138599099998828,0,31,0,0,144,1,0,1200.0,0.0
BLOCK_Kall_linear_bias0_physical_v3_334d,2025-12-08,6,12271.162818788236,0.0789044999983161,0,36,0,0,144,1,0,1200.0,0.0
BLOCK_Kall_linear_bias0_physical_v3_334d,2025-12-08,12,33747.32772402886,0.9573735000012676,0,50,0,0,144,1,0,1200.0,0.0
BLOCK_Kall_linear_bias0_physical_v3_334d,2025-12-08,18,51690.732648822464,0.525042699999176,0,54,0,0,144,1,0,1200.0,0.0
BLOCK_Kall_linear_bias0_physical_v3_334d,2025-12-09,0,69604.14230344929,0.2470976999902632,0,32,0,0,144,1,0,1200.0,0.0
BLOCK_Kall_linear_bias0_physical_v3_334d,2025-12-09,6,11523.456295152642,0.1267483999981777,0,40,0,0,144,1,0,1200.0,0.0
BLOCK_Kall_linear_bias0_physical_v3_334d,2025-12-09,12,30261.17900258928,0.2329976000037277,0,53,0,0,144,1,0,1200.0,0.0
BLOCK_Kall_linear_bias0_physical_v3_334d,2025-12-09,18,43039.898210089545,1.056347000005189,0,53,0,0,144,1,0,1200.0,0.0
BLOCK_Kall_linear_bias0_physical_v3_334d,2025-12-10,0,66538.41918681365,0.2411660999932792,0,34,0,0,144,1,0,1200.0,0.0
BLOCK_Kall_linear_bias0_physical_v3_334d,2025-12-10,6,14757.69018490533,0.088672800004133,0,58,0,0,144,1,0,1200.0,0.0
BLOCK_Kall_linear_bias0_physical_v3_334d,2025-12-10,12,30904.574726860028,0.2728849999984959,0,50,0,0,144,1,0,1200.0,0.0
BLOCK_Kall_linear_bias0_physical_v3_334d,2025-12-10,18,48496.50490825909,0.431071900005918,0,53,0,0,144,1,0,1200.0,0.0
BLOCK_Kall_linear_bias0_physical_v3_334d,2025-12-11,0,69101.35804654186,0.2792678999976488,0,31,0,0,144,1,0,1200.0,0.0
BLOCK_Kall_linear_bias0_physical_v3_334d,2025-12-11,6,9435.687230405363,0.5502650999987964,0,24,0,0,144,1,0,1200.0,0.0
BLOCK_Kall_linear_bias0_physical_v3_334d,2025-12-11,12,17521.825286892014,0.229073900001822,0,46,0,0,144,1,0,1200.0,0.0
BLOCK_Kall_linear_bias0_physical_v3_334d,2025-12-11,18,29197.575598724063,0.3979466000018874,0,54,0,0,144,1,0,1200.0,0.0
BLOCK_Kall_linear_bias0_physical_v3_334d,2025-12-12,0,39630.708928033455,0.2601671000011265,0,33,0,0,144,1,0,1200.0,0.0
BLOCK_Kall_linear_bias0_physical_v3_334d,2025-12-12,6,10891.445795373542,0.5454363000026206,0,55,0,0,144,1,0,1200.0,0.0
BLOCK_Kall_linear_bias0_physical_v3_334d,2025-12-12,12,20053.349106893424,0.2865640000090934,0,49,0,0,144,1,0,1200.0,0.0
BLOCK_Kall_linear_bias0_physical_v3_334d,2025-12-12,18,21101.46496835576,0.5754968000110239,0,60,0,0,144,1,0,1200.0,0.0
BLOCK_Kall_linear_bias0_physical_v3_334d,2025-12-13,0,35967.48490917421,0.336250000007567,0,31,0,0,144,1,0,1200.0,0.0
BLOCK_Kall_linear_bias0_physical_v3_334d,2025-12-13,6,14610.331482320384,0.2283567000122275,0,71,0,0,144,1,0,1200.0,0.0
BLOCK_Kall_linear_bias0_physical_v3_334d,2025-12-13,12,26728.55411262124,0.568413100001635,0,49,0,0,144,1,0,1200.0,0.0
BLOCK_Kall_linear_bias0_physical_v3_334d,2025-12-13,18,48171.32188564559,0.2924076000053901,0,54,0,0,144,1,0,1200.0,0.0
BLOCK_Kall_linear_bias0_physical_v3_334d,2025-12-14,0,60509.62448784972,0.2814571999915642,0,31,0,0,144,1,0,1200.0,0.0
BLOCK_Kall_linear_bias0_physical_v3_334d,2025-12-14,6,17025.81346849227,0.6805912999989232,0,91,0,0,144,1,0,1200.0,0.0
BLOCK_Kall_linear_bias0_physical_v3_334d,2025-12-14,12,32792.46540884188,0.3843680999998469,0,73,0,0,144,1,0,1200.0,0.0
BLOCK_Kall_linear_bias0_physical_v3_334d,2025-12-14,18,47988.20989743545,0.7815635000006296,0,54,0,0,144,1,0,1200.0,0.0
BLOCK_Kall_linear_bias0_physical_v3_334d,2025-12-15,0,65528.364111265946,0.1817736999946646,0,30,0,0,144,1,0,1200.0,0.0
BLOCK_Kall_linear_bias0_physical_v3_334d,2025-12-15,6,16807.486697908007,0.2249748000031104,0,85,0,0,144,1,0,1200.0,0.0
BLOCK_Kall_linear_bias0_physical_v3_334d,2025-12-15,12,32441.052005724938,0.2633277999993879,0,58,0,0,144,1,0,1200.0,0.0
BLOCK_Kall_linear_bias0_physical_v3_334d,2025-12-15,18,47688.38040115472,0.4789249000023119,0,53,0,0,144,1,0,1200.0,0.0
BLOCK_Kall_linear_bias0_physical_v3_334d,2025-12-16,0,69707.16448891464,0.2117749000026378,0,31,0,0,144,1,0,1200.0,0.0
BLOCK_Kall_linear_bias0_physical_v3_334d,2025-12-16,6,11355.0607423834,0.0691435000044293,0,30,0,0,144,1,0,1200.0,0.0
BLOCK_Kall_linear_bias0_physical_v3_334d,2025-12-16,12,32714.319508273307,0.1416377999994438,0,46,0,0,144,1,0,1200.0,0.0
BLOCK_Kall_linear_bias0_physical_v3_334d,2025-12-16,18,49244.45278676424,0.389570300001651,0,54,0,0,144,1,0,1200.0,0.0
BLOCK_Kall_linear_bias0_physical_v3_334d,2025-12-17,0,68989.42248207855,0.3401520999905187,0,31,0,0,144,1,0,1200.0,0.0
BLOCK_Kall_linear_bias0_physical_v3_334d,2025-12-17,6,10344.341209790024,0.3401230000017676,0,30,0,0,144,1,0,1200.0,0.0
BLOCK_Kall_linear_bias0_physical_v3_334d,2025-12-17,12,27572.49570482108,0.1368759999895701,0,49,0,0,144,1,0,1200.0,0.0
BLOCK_Kall_linear_bias0_physical_v3_334d,2025-12-17,18,44887.25543469604,0.3539736000093398,0,55,0,0,144,1,0,1200.0,0.0
BLOCK_Kall_linear_bias0_physical_v3_334d,2025-12-18,0,63863.37250066806,0.1466450000007171,0,30,0,0,144,1,0,1200.0,0.0
BLOCK_Kall_linear_bias0_physical_v3_334d,2025-12-18,6,11953.893069667203,0.1399862999969627,0,77,0,0,144,1,0,1200.0,0.0
BLOCK_Kall_linear_bias0_physical_v3_334d,2025-12-18,12,18598.08061670614,0.5024720999936108,0,57,0,0,144,1,0,1200.0,0.0
BLOCK_Kall_linear_bias0_physical_v3_334d,2025-12-18,18,22702.147870382127,0.820519000000786,0,59,0,0,144,1,0,1200.0,0.0
BLOCK_Kall_linear_bias0_physical_v3_334d,2025-12-19,0,35052.744046166605,0.1454631000087829,0,38,0,0,144,1,0,1200.0,0.0
BLOCK_Kall_linear_bias0_physical_v3_334d,2025-12-19,6,10480.44869838195,0.1135822999931406,0,80,0,0,144,1,0,1200.0,0.0
BLOCK_Kall_linear_bias0_physical_v3_334d,2025-12-19,12,16777.590285385828,0.2747735000011744,0,42,0,0,144,1,0,1200.0,0.0
BLOCK_Kall_linear_bias0_physical_v3_334d,2025-12-19,18,22451.987562205293,0.533751700000721,0,54,0,0,144,1,0,1200.0,0.0
BLOCK_Kall_linear_bias0_physical_v3_334d,2025-12-20,0,36743.3391574129,1.0632853000133764,0,33,0,0,144,1,0,1200.0,0.0
BLOCK_Kall_linear_bias0_physical_v3_334d,2025-12-20,6,11204.675703291345,0.0893195000098785,0,30,0,0,144,1,0,1200.0,0.0
BLOCK_Kall_linear_bias0_physical_v3_334d,2025-12-20,12,28414.568987327744,0.2900014000042574,0,40,0,0,144,1,0,1200.0,0.0
BLOCK_Kall_linear_bias0_physical_v3_334d,2025-12-20,18,47236.87449109545,0.3272110000107204,0,54,0,0,144,1,0,1200.0,0.0
BLOCK_Kall_linear_bias0_physical_v3_334d,2025-12-21,0,64310.29770017567,0.1747052999999141,0,30,0,0,144,1,0,1200.0,0.0
BLOCK_Kall_linear_bias0_physical_v3_334d,2025-12-21,6,11674.93347215654,0.264011000006576,0,29,0,0,144,1,0,1200.0,0.0
BLOCK_Kall_linear_bias0_physical_v3_334d,2025-12-21,12,30839.81771054436,0.2413864999980433,0,48,0,0,144,1,0,1200.0,0.0
BLOCK_Kall_linear_bias0_physical_v3_334d,2025-12-21,18,52209.22310703032,0.257937900008983,0,54,0,0,144,1,0,1200.0,0.0
BLOCK_Kall_linear_bias0_physical_v3_334d,2025-12-22,0,63603.51143216646,0.9651713999919592,0,32,0,0,144,1,0,1200.0,0.0
BLOCK_Kall_linear_bias0_physical_v3_334d,2025-12-22,6,10979.379030665888,0.53529410000192,0,28,0,0,144,1,0,1200.0,0.0
BLOCK_Kall_linear_bias0_physical_v3_334d,2025-12-22,12,27851.560437834974,0.1612852999969618,0,48,0,0,144,1,0,1200.0,0.0
BLOCK_Kall_linear_bias0_physical_v3_334d,2025-12-22,18,48041.95407977,0.2769452000065939,0,54,0,0,144,1,0,1200.0,0.0
BLOCK_Kall_linear_bias0_physical_v3_334d,2025-12-23,0,65206.43040699578,0.9565224000107264,0,32,0,0,144,1,0,1200.0,0.0
BLOCK_Kall_linear_bias0_physical_v3_334d,2025-12-23,6,10488.537943139036,0.1828612999961478,0,43,0,0,144,1,0,1200.0,0.0
BLOCK_Kall_linear_bias0_physical_v3_334d,2025-12-23,12,26189.587086859035,0.1114420999947469,0,47,0,0,144,1,0,1200.0,0.0
BLOCK_Kall_linear_bias0_physical_v3_334d,2025-12-23,18,42386.46940365652,0.1610477000067476,0,54,0,0,144,1,0,1200.0,0.0
BLOCK_Kall_linear_bias0_physical_v3_334d,2025-12-24,0,64536.80110389207,0.5976635999977589,0,32,0,0,144,1,0,1200.0,0.0
BLOCK_Kall_linear_bias0_physical_v3_334d,2025-12-24,6,11024.91740111182,0.1533724000037182,0,34,0,0,144,1,0,1200.0,0.0
BLOCK_Kall_linear_bias0_physical_v3_334d,2025-12-24,12,25278.71249637597,0.0712453000014647,0,45,0,0,144,1,0,1200.0,0.0
BLOCK_Kall_linear_bias0_physical_v3_334d,2025-12-24,18,46336.73128565053,0.5289081999944756,0,54,0,0,144,1,0,1200.0,0.0
BLOCK_Kall_linear_bias0_physical_v3_334d,2025-12-25,0,61254.44046868202,0.3417805999924894,0,31,0,0,144,1,0,1200.0,0.0
BLOCK_Kall_linear_bias0_physical_v3_334d,2025-12-25,6,9492.856073341642,0.1578166999970562,0,39,0,0,144,1,0,1200.0,0.0
BLOCK_Kall_linear_bias0_physical_v3_334d,2025-12-25,12,18117.80074535381,0.4151529000082519,0,71,0,0,144,1,0,1200.0,0.0
BLOCK_Kall_linear_bias0_physical_v3_334d,2025-12-25,18,24758.290006988813,0.0889290999912191,0,54,0,0,144,1,0,1200.0,0.0
BLOCK_Kall_linear_bias0_physical_v3_334d,2025-12-26,0,35343.263686090744,0.4543854999938048,0,38,0,0,144,1,0,1200.0,0.0
BLOCK_Kall_linear_bias0_physical_v3_334d,2025-12-26,6,9053.74391428812,0.0918730999983381,0,31,0,0,144,1,0,1200.0,0.0
BLOCK_Kall_linear_bias0_physical_v3_334d,2025-12-26,12,14083.01064777718,0.4593039999890607,0,41,0,0,144,1,0,1200.000000000001,1.0
BLOCK_Kall_linear_bias0_physical_v3_334d,2025-12-26,18,21525.71360884545,0.0948148000024957,0,54,0,0,144,1,0,1200.0,0.0
BLOCK_Kall_linear_bias0_physical_v3_334d,2025-12-27,0,35575.948819774574,0.7360808000084944,0,28,0,0,144,1,0,1200.0,0.0
BLOCK_Kall_linear_bias0_physical_v3_334d,2025-12-27,6,11951.165222229629,0.1292155000119237,0,39,0,0,144,1,0,1200.0,0.0
BLOCK_Kall_linear_bias0_physical_v3_334d,2025-12-27,12,27171.28180292001,0.3886039999924833,0,39,0,0,144,1,0,1200.0,0.0
BLOCK_Kall_linear_bias0_physical_v3_334d,2025-12-27,18,43595.56710506394,0.3328781000018352,0,53,0,0,144,1,0,1200.0,0.0
BLOCK_Kall_linear_bias0_physical_v3_334d,2025-12-28,0,63321.29457595533,0.177925399999367,0,29,0,0,144,1,0,1200.0,0.0
BLOCK_Kall_linear_bias0_physical_v3_334d,2025-12-28,6,12113.550317403997,0.0803180000075372,0,34,0,0,144,1,0,1200.0,0.0
BLOCK_Kall_linear_bias0_physical_v3_334d,2025-12-28,12,26984.694515721072,0.1483874999976251,0,45,0,0,144,1,0,1200.0,0.0
BLOCK_Kall_linear_bias0_physical_v3_334d,2025-12-28,18,47082.1631091201,0.2812794999917969,0,54,0,0,144,1,0,1200.0,0.0
BLOCK_Kall_linear_bias0_physical_v3_334d,2025-12-29,0,62562.83117836805,0.7162518999975873,0,32,0,0,144,1,0,1200.0,0.0
BLOCK_Kall_linear_bias0_physical_v3_334d,2025-12-29,6,13010.532121010634,0.2198111999896355,0,80,0,0,144,1,0,1200.0,0.0
BLOCK_Kall_linear_bias0_physical_v3_334d,2025-12-29,12,27199.59630438893,0.0851764999970328,0,48,0,0,144,1,0,1200.0,0.0
BLOCK_Kall_linear_bias0_physical_v3_334d,2025-12-29,18,41793.114860780806,0.2965324999968288,0,53,0,0,144,1,0,1200.0,0.0
BLOCK_Kall_linear_bias0_physical_v3_334d,2025-12-30,0,62548.53645340846,0.6777901000023121,0,31,0,0,144,1,0,1200.0,0.0
BLOCK_Kall_linear_bias0_physical_v3_334d,2025-12-30,6,12614.60795861978,0.6798599999892758,0,78,0,0,144,1,0,1200.0,0.0
BLOCK_Kall_linear_bias0_physical_v3_334d,2025-12-30,12,25753.98423739098,0.1192268000013427,0,43,0,0,144,1,0,1200.0,0.0
BLOCK_Kall_linear_bias0_physical_v3_334d,2025-12-30,18,43927.959718530816,0.305370000001858,0,53,0,0,144,1,0,1200.0,0.0
BLOCK_Kall_linear_bias0_physical_v3_334d,2025-12-31,0,63971.93863564584,0.8257158000051277,0,32,0,0,144,1,0,1200.0,0.0
BLOCK_Kall_linear_bias0_physical_v3_334d,2025-12-31,6,11288.810711142436,0.1945679000054951,0,34,0,0,144,1,0,1200.0,0.0
BLOCK_Kall_linear_bias0_physical_v3_334d,2025-12-31,12,27010.702127132645,0.7663765999895986,0,51,0,0,144,1,0,1200.0,0.0
BLOCK_Kall_linear_bias0_physical_v3_334d,2025-12-31,18,41459.77363417554,0.3976972999953432,0,54,0,0,144,1,0,1200.0,0.0
BLOCK_Kall_linear_bias0_physical_v3_7d,2025-02-01,0,43757.21873730563,0.3340866000071401,0,30,0,0,144,1,0,1200.0,
BLOCK_Kall_linear_bias0_physical_v3_7d,2025-02-01,6,14167.412087623376,0.2064004999992903,0,27,0,0,144,1,0,1200.0,
BLOCK_Kall_linear_bias0_physical_v3_7d,2025-02-01,12,35005.73866163702,0.1630138999898918,0,40,0,0,144,1,0,1200.0,
BLOCK_Kall_linear_bias0_physical_v3_7d,2025-02-01,18,43907.74860165602,0.305797299995902,0,54,0,0,144,1,0,1200.0,
BLOCK_Kall_linear_bias0_physical_v3_7d,2025-02-02,0,71951.91163828182,0.3349262999981874,0,28,0,0,144,1,0,1200.0,
BLOCK_Kall_linear_bias0_physical_v3_7d,2025-02-02,6,14909.955774497208,0.499531699999352,0,36,0,0,144,1,0,1200.0,
BLOCK_Kall_linear_bias0_physical_v3_7d,2025-02-02,12,33481.92892146353,0.1348462000023573,0,42,0,0,144,1,0,1200.0,
BLOCK_Kall_linear_bias0_physical_v3_7d,2025-02-02,18,46584.51022325769,0.8698031999956584,0,55,0,0,144,1,0,1200.0,
BLOCK_Kall_linear_bias0_physical_v3_7d,2025-02-03,0,62098.6689890343,0.4279803999961586,0,32,0,0,144,1,0,1200.0,
BLOCK_Kall_linear_bias0_physical_v3_7d,2025-02-03,6,9967.847874304402,0.4435327999963192,0,24,0,0,144,1,0,1200.0,
BLOCK_Kall_linear_bias0_physical_v3_7d,2025-02-03,12,26871.74660715165,0.1241660000086994,0,43,0,0,144,1,0,1200.0,
BLOCK_Kall_linear_bias0_physical_v3_7d,2025-02-03,18,43864.87708269215,0.4537885000027017,0,55,0,0,144,1,0,1200.0,
BLOCK_Kall_linear_bias0_physical_v3_7d,2025-02-04,0,64328.21214400951,0.5085822000110056,0,31,0,0,144,1,0,1200.0,
BLOCK_Kall_linear_bias0_physical_v3_7d,2025-02-04,6,10647.340118609694,0.595106399996439,0,27,0,0,144,1,0,1200.0,
BLOCK_Kall_linear_bias0_physical_v3_7d,2025-02-04,12,22842.478466188197,0.0617129000020213,0,44,0,0,144,1,0,1200.0,
BLOCK_Kall_linear_bias0_physical_v3_7d,2025-02-04,18,45455.181376316,0.1756442999903811,0,55,0,0,144,1,0,1200.0,
BLOCK_Kall_linear_bias0_physical_v3_7d,2025-02-05,0,59690.05836019193,0.7409205000003567,0,31,0,0,144,1,0,1200.0,
BLOCK_Kall_linear_bias0_physical_v3_7d,2025-02-05,6,11500.981011663096,0.2406003000069176,0,42,0,0,144,1,0,1200.0,
BLOCK_Kall_linear_bias0_physical_v3_7d,2025-02-05,12,28663.279255013367,0.1678727999969851,0,43,0,0,144,1,0,1200.0,
BLOCK_Kall_linear_bias0_physical_v3_7d,2025-02-05,18,42746.67204252338,0.4484456000063801,0,54,0,0,144,1,0,1200.0,
BLOCK_Kall_linear_bias0_physical_v3_7d,2025-02-06,0,64080.58206084479,0.6819097999978112,0,32,0,0,144,1,0,1200.0,
BLOCK_Kall_linear_bias0_physical_v3_7d,2025-02-06,6,7826.049287576436,0.0695929000066826,0,24,0,0,144,1,0,1200.0,
BLOCK_Kall_linear_bias0_physical_v3_7d,2025-02-06,12,17402.729380529338,0.188830200000666,0,46,0,0,144,1,0,1200.0,
BLOCK_Kall_linear_bias0_physical_v3_7d,2025-02-06,18,16721.28922019555,0.289370600003167,0,57,0,0,144,1,0,1200.0,
BLOCK_Kall_linear_bias0_physical_v3_7d,2025-02-07,0,32250.69584285706,0.6272580000077141,0,41,0,0,144,1,0,1200.0,
BLOCK_Kall_linear_bias0_physical_v3_7d,2025-02-07,6,7596.675909953882,0.0657612000068184,0,21,0,0,144,1,0,1200.0,
BLOCK_Kall_linear_bias0_physical_v3_7d,2025-02-07,12,10782.428446108002,0.362660999991931,0,36,0,0,144,1,0,1200.0,
BLOCK_Kall_linear_bias0_physical_v3_7d,2025-02-07,18,16819.120144168777,0.3855703000008361,0,59,0,0,144,1,0,1200.0,
BLOCK_Kall_linear_bias1_physical_v3_334d,2025-02-01,0,43757.21873730563,0.3517571999982465,0,30,0,0,144,1,0,1200.0,0.0
BLOCK_Kall_linear_bias1_physical_v3_334d,2025-02-01,6,11864.706921920362,0.2553834999998798,0,27,0,0,144,1,0,1200.0,0.0
BLOCK_Kall_linear_bias1_physical_v3_334d,2025-02-01,12,31086.21466111185,0.0972868999961065,0,37,0,0,144,1,0,1200.0,0.0
BLOCK_Kall_linear_bias1_physical_v3_334d,2025-02-01,18,41413.65366590785,0.443690100000822,0,52,0,0,144,1,0,1200.0,0.0
BLOCK_Kall_linear_bias1_physical_v3_334d,2025-02-02,0,72241.10379358055,0.4345246000011684,0,29,0,0,144,1,0,1200.0,0.0
BLOCK_Kall_linear_bias1_physical_v3_334d,2025-02-02,6,13273.90823213819,0.0857947999902535,0,34,0,0,144,1,0,1200.0,0.0
BLOCK_Kall_linear_bias1_physical_v3_334d,2025-02-02,12,30163.962357218632,0.7032807000068715,0,41,0,0,144,1,0,1200.0,0.0
BLOCK_Kall_linear_bias1_physical_v3_334d,2025-02-02,18,46068.52629272695,1.2525367999915034,0,53,0,0,144,1,0,1200.0,0.0
BLOCK_Kall_linear_bias1_physical_v3_334d,2025-02-03,0,62144.23855352665,0.6376279999967664,0,32,0,0,144,1,0,1200.0,0.0
BLOCK_Kall_linear_bias1_physical_v3_334d,2025-02-03,6,9616.195465273522,0.287077799992403,0,28,0,0,144,1,0,1200.0,0.0
BLOCK_Kall_linear_bias1_physical_v3_334d,2025-02-03,12,26913.221856003627,0.1054976000013994,0,46,0,0,144,1,0,1200.0,0.0
BLOCK_Kall_linear_bias1_physical_v3_334d,2025-02-03,18,44419.295879033096,0.3500008999981219,0,57,0,0,144,1,0,1200.0,0.0
BLOCK_Kall_linear_bias1_physical_v3_334d,2025-02-04,0,64325.61234674417,0.4792155000031926,0,31,0,0,144,1,0,1200.0,0.0
BLOCK_Kall_linear_bias1_physical_v3_334d,2025-02-04,6,10099.769228683406,0.5192463999992469,0,28,0,0,144,1,0,1200.0,0.0
BLOCK_Kall_linear_bias1_physical_v3_334d,2025-02-04,12,22407.697663594445,0.1370970999996643,0,48,0,0,144,1,0,1200.0,0.0
BLOCK_Kall_linear_bias1_physical_v3_334d,2025-02-04,18,45849.37148695069,0.8731922000006307,0,56,0,0,144,1,0,1200.0,0.0
BLOCK_Kall_linear_bias1_physical_v3_334d,2025-02-05,0,59690.35764465656,0.6581452999962494,0,31,0,0,144,1,0,1200.0,0.0
BLOCK_Kall_linear_bias1_physical_v3_334d,2025-02-05,6,11294.012454820728,0.280850900002406,0,41,0,0,144,1,0,1200.0,0.0
BLOCK_Kall_linear_bias1_physical_v3_334d,2025-02-05,12,28413.79819182936,0.1581666999991284,0,46,0,0,144,1,0,1200.0,0.0
BLOCK_Kall_linear_bias1_physical_v3_334d,2025-02-05,18,43412.26512035674,0.399355799992918,0,52,0,0,144,1,0,1200.0,0.0
BLOCK_Kall_linear_bias1_physical_v3_334d,2025-02-06,0,64087.0272081106,0.3853521999990335,0,32,0,0,144,1,0,1200.0,0.0
BLOCK_Kall_linear_bias1_physical_v3_334d,2025-02-06,6,7574.690304249286,0.0686095000128261,0,29,0,0,144,1,0,1200.0,0.0
BLOCK_Kall_linear_bias1_physical_v3_334d,2025-02-06,12,17506.893727753835,0.1315968999988399,0,50,0,0,144,1,0,1200.0,0.0
BLOCK_Kall_linear_bias1_physical_v3_334d,2025-02-06,18,17287.396949517144,0.1894786000048043,0,54,0,0,144,1,0,1200.0,0.0
BLOCK_Kall_linear_bias1_physical_v3_334d,2025-02-07,0,32246.84714570526,0.5570673000038369,0,41,0,0,144,1,0,1200.0,0.0
BLOCK_Kall_linear_bias1_physical_v3_334d,2025-02-07,6,7080.766380891461,0.098777200008044,0,26,0,0,144,1,0,1200.0,0.0
BLOCK_Kall_linear_bias1_physical_v3_334d,2025-02-07,12,9982.53334814835,0.5703446999978041,0,38,0,0,144,1,0,1200.0,0.0
BLOCK_Kall_linear_bias1_physical_v3_334d,2025-02-07,18,15369.962608206126,0.12767800000438,0,60,0,0,144,1,0,1200.0,0.0
BLOCK_Kall_linear_bias1_physical_v3_334d,2025-02-08,0,37806.79590735373,0.5649409000034211,0,37,0,0,144,1,0,1200.0,0.0
BLOCK_Kall_linear_bias1_physical_v3_334d,2025-02-08,6,14204.209451605511,0.2503467000060482,0,45,0,0,144,1,0,1200.0,0.0
BLOCK_Kall_linear_bias1_physical_v3_334d,2025-02-08,12,27899.58818963969,0.5542310000018915,0,38,0,0,144,1,0,1200.0,0.0
BLOCK_Kall_linear_bias1_physical_v3_334d,2025-02-08,18,48221.260122676606,1.272890599997481,0,53,0,0,144,1,0,1200.0,0.0
BLOCK_Kall_linear_bias1_physical_v3_334d,2025-02-09,0,71255.61636963935,1.1619837999896845,0,29,0,0,144,1,0,1200.0,0.0
BLOCK_Kall_linear_bias1_physical_v3_334d,2025-02-09,6,14076.720956638015,0.8131551000114996,0,50,0,0,144,1,0,1200.0,0.0
BLOCK_Kall_linear_bias1_physical_v3_334d,2025-02-09,12,27765.28366613568,0.2485876999999163,0,45,0,0,144,1,0,1200.0,0.0
BLOCK_Kall_linear_bias1_physical_v3_334d,2025-02-09,18,42181.35925083208,0.3201178000017535,0,56,0,0,144,1,0,1200.0,0.0
BLOCK_Kall_linear_bias1_physical_v3_334d,2025-02-10,0,55486.43805202832,0.5260171000118135,0,30,0,0,144,1,0,1200.0,0.0
BLOCK_Kall_linear_bias1_physical_v3_334d,2025-02-10,6,9118.182833618526,0.4524729999975534,0,23,0,0,144,1,0,1200.0,0.0
BLOCK_Kall_linear_bias1_physical_v3_334d,2025-02-10,12,23425.617984072705,0.4878794000105699,0,81,0,0,144,1,0,1200.0,0.0
BLOCK_Kall_linear_bias1_physical_v3_334d,2025-02-10,18,31907.460366615374,0.2959765999985393,0,60,0,0,144,1,0,1200.0,0.0
BLOCK_Kall_linear_bias1_physical_v3_334d,2025-02-11,0,55857.2218094828,0.198778999998467,0,30,0,0,144,1,0,1200.0,0.0
BLOCK_Kall_linear_bias1_physical_v3_334d,2025-02-11,6,10084.351446802091,0.1593720999953802,0,28,0,0,144,1,0,1200.0,0.0
BLOCK_Kall_linear_bias1_physical_v3_334d,2025-02-11,12,18565.706229652416,0.2703592000034405,0,46,0,0,144,1,0,1200.0,0.0
BLOCK_Kall_linear_bias1_physical_v3_334d,2025-02-11,18,40418.4170262511,0.7096755000093253,0,56,0,0,144,1,0,1200.0,0.0
BLOCK_Kall_linear_bias1_physical_v3_334d,2025-02-12,0,55949.73002044034,0.4203781999967759,0,31,0,0,144,1,0,1200.0,0.0
BLOCK_Kall_linear_bias1_physical_v3_334d,2025-02-12,6,9588.073488372287,0.2127258999971673,0,29,0,0,144,1,0,1200.0,0.0
BLOCK_Kall_linear_bias1_physical_v3_334d,2025-02-12,12,20264.58454531417,0.1051308000023709,0,44,0,0,144,1,0,1200.0,0.0
BLOCK_Kall_linear_bias1_physical_v3_334d,2025-02-12,18,39171.00957281624,0.2579022999998415,0,56,0,0,144,1,0,1200.0,0.0
BLOCK_Kall_linear_bias1_physical_v3_334d,2025-02-13,0,51148.79964267658,0.252947499990114,0,28,0,0,144,1,0,1200.0,0.0
BLOCK_Kall_linear_bias1_physical_v3_334d,2025-02-13,6,9018.55649114423,0.0989224999939324,0,42,0,0,144,1,0,1200.0,0.0
BLOCK_Kall_linear_bias1_physical_v3_334d,2025-02-13,12,14793.82085925618,0.2734920000075362,0,50,0,0,144,1,0,1200.0,0.0
BLOCK_Kall_linear_bias1_physical_v3_334d,2025-02-13,18,15885.197936755703,0.3966130000044359,0,62,0,0,144,1,0,1200.0,0.0
BLOCK_Kall_linear_bias1_physical_v3_334d,2025-02-14,0,25211.763343508366,0.1663238999899476,0,36,0,0,144,1,0,1200.0,0.0
BLOCK_Kall_linear_bias1_physical_v3_334d,2025-02-14,6,9921.41665843013,0.0683674000028986,0,40,0,0,144,1,0,1200.0,0.0
BLOCK_Kall_linear_bias1_physical_v3_334d,2025-02-14,12,10884.248652617747,0.137013300001854,0,39,0,0,144,1,0,1200.0,0.0
BLOCK_Kall_linear_bias1_physical_v3_334d,2025-02-14,18,10455.50571650022,0.3645324999961303,0,38,0,0,144,1,0,1200.0,0.0
BLOCK_Kall_linear_bias1_physical_v3_334d,2025-02-15,0,33132.200440945904,0.9742949000064982,0,43,0,0,144,1,0,1200.0,0.0
BLOCK_Kall_linear_bias1_physical_v3_334d,2025-02-15,6,9960.545636224457,0.0986584999918704,0,23,0,0,144,1,0,1200.0,0.0
BLOCK_Kall_linear_bias1_physical_v3_334d,2025-02-15,12,23320.14146212712,0.206802400003653,0,40,0,0,144,1,0,1200.0,0.0
BLOCK_Kall_linear_bias1_physical_v3_334d,2025-02-15,18,33289.483445164515,0.5122599000023911,0,53,0,0,144,1,0,1200.0,0.0
BLOCK_Kall_linear_bias1_physical_v3_334d,2025-02-16,0,63032.951328725045,0.6121654000016861,0,30,0,0,144,1,0,1200.0,0.0
BLOCK_Kall_linear_bias1_physical_v3_334d,2025-02-16,6,10109.18341133419,0.2102775999956065,0,29,0,0,144,1,0,1200.0,0.0
BLOCK_Kall_linear_bias1_physical_v3_334d,2025-02-16,12,21025.771310993,0.1625528000004124,0,42,0,0,144,1,0,1200.0,0.0
BLOCK_Kall_linear_bias1_physical_v3_334d,2025-02-16,18,32459.91882989641,0.3139585000026272,0,56,0,0,144,1,0,1200.0,0.0
BLOCK_Kall_linear_bias1_physical_v3_334d,2025-02-17,0,53737.48375200799,0.2014421999920159,0,27,0,0,144,1,0,1200.0,0.0
BLOCK_Kall_linear_bias1_physical_v3_334d,2025-02-17,6,10118.916901138924,0.2504693000082625,0,65,0,0,144,1,0,1200.0,0.0
BLOCK_Kall_linear_bias1_physical_v3_334d,2025-02-17,12,18698.94023713836,0.1187067999999271,0,57,0,0,144,1,0,1200.0,0.0
BLOCK_Kall_linear_bias1_physical_v3_334d,2025-02-17,18,28678.851784906325,0.4473963000054937,0,41,0,0,144,1,0,1200.0,0.0
BLOCK_Kall_linear_bias1_physical_v3_334d,2025-02-18,0,48414.8604259885,0.1495238999923458,0,35,0,0,144,1,0,1200.0,0.0
BLOCK_Kall_linear_bias1_physical_v3_334d,2025-02-18,6,14318.166945797098,0.3990739000000758,0,106,0,0,144,1,0,1200.0,0.0
BLOCK_Kall_linear_bias1_physical_v3_334d,2025-02-18,12,26442.679782361975,1.4127412999951048,0,72,0,0,144,1,0,1200.0,0.0
BLOCK_Kall_linear_bias1_physical_v3_334d,2025-02-18,18,32114.795210676988,0.2528261999977985,0,41,0,0,144,1,0,1200.0,0.0
BLOCK_Kall_linear_bias1_physical_v3_334d,2025-02-19,0,49704.74039422743,0.3814075999980559,0,35,0,0,144,1,0,1200.0,0.0
BLOCK_Kall_linear_bias1_physical_v3_334d,2025-02-19,6,11900.8816085767,0.3054167999944184,0,63,0,0,144,1,0,1200.0,0.0
BLOCK_Kall_linear_bias1_physical_v3_334d,2025-02-19,12,21640.947899045776,0.2342331999971065,0,40,0,0,144,1,0,1200.0,0.0
BLOCK_Kall_linear_bias1_physical_v3_334d,2025-02-19,18,28402.20346890424,1.5584963000001153,0,52,0,0,144,1,0,1200.0,0.0
BLOCK_Kall_linear_bias1_physical_v3_334d,2025-02-20,0,51618.75394887663,0.2898774000059347,0,30,0,0,144,1,0,1200.0,0.0
BLOCK_Kall_linear_bias1_physical_v3_334d,2025-02-20,6,12597.060090964946,0.0930631000082939,0,67,0,0,144,1,0,1200.0,0.0
BLOCK_Kall_linear_bias1_physical_v3_334d,2025-02-20,12,12296.30130176058,0.5580246000026818,0,49,0,0,144,1,0,1200.0,0.0
BLOCK_Kall_linear_bias1_physical_v3_334d,2025-02-20,18,13483.732788902877,0.6989983999956166,0,30,0,0,144,1,0,1200.0,0.0
BLOCK_Kall_linear_bias1_physical_v3_334d,2025-02-21,0,24413.298181123107,0.7065490000095451,0,36,0,0,144,1,0,1200.0,0.0
BLOCK_Kall_linear_bias1_physical_v3_334d,2025-02-21,6,8710.77303223702,0.4374833000038052,0,46,0,0,144,1,0,1200.0,0.0
BLOCK_Kall_linear_bias1_physical_v3_334d,2025-02-21,12,14002.751555457044,0.7555257000058191,0,41,0,0,144,1,0,1200.0,0.0
BLOCK_Kall_linear_bias1_physical_v3_334d,2025-02-21,18,12204.752118846778,0.5098066000064136,0,57,0,0,144,1,0,1200.0,0.0
BLOCK_Kall_linear_bias1_physical_v3_334d,2025-02-22,0,28968.678496265613,1.1289084000018192,0,32,0,0,144,1,0,1200.0,0.0
BLOCK_Kall_linear_bias1_physical_v3_334d,2025-02-22,6,11753.519210261396,0.1750371999951312,0,35,0,0,144,1,0,1200.0,0.0
BLOCK_Kall_linear_bias1_physical_v3_334d,2025-02-22,12,20412.577873434064,0.4539752000127919,0,42,0,0,144,1,0,1200.0,0.0
BLOCK_Kall_linear_bias1_physical_v3_334d,2025-02-22,18,35333.59545893242,0.7966786999895703,0,55,0,0,144,1,0,1200.0,0.0
BLOCK_Kall_linear_bias1_physical_v3_334d,2025-02-23,0,54816.268406401,0.4329854999959934,0,31,0,0,144,1,0,1200.0,0.0
BLOCK_Kall_linear_bias1_physical_v3_334d,2025-02-23,6,14273.473135926744,0.1950221000006422,0,51,0,0,144,1,0,1200.0,0.0
BLOCK_Kall_linear_bias1_physical_v3_334d,2025-02-23,12,22635.7777649266,0.1873573999910149,0,47,0,0,144,1,0,1200.0,0.0
BLOCK_Kall_linear_bias1_physical_v3_334d,2025-02-23,18,33626.39884727577,0.2586332000064431,0,48,0,0,144,1,0,1200.0,0.0
BLOCK_Kall_linear_bias1_physical_v3_334d,2025-02-24,0,49738.05015834783,0.4973655999929178,0,37,0,0,144,1,0,1200.0,0.0
BLOCK_Kall_linear_bias1_physical_v3_334d,2025-02-24,6,11933.762754650052,0.3846639999974286,0,83,0,0,144,1,0,1200.0,0.0
BLOCK_Kall_linear_bias1_physical_v3_334d,2025-02-24,12,18668.444478786783,0.1164962999901035,0,44,0,0,144,1,0,1200.0,0.0
BLOCK_Kall_linear_bias1_physical_v3_334d,2025-02-24,18,29585.516122489025,0.3027947000082349,0,41,0,0,144,1,0,1200.0,0.0
BLOCK_Kall_linear_bias1_physical_v3_334d,2025-02-25,0,51066.31425504763,0.426945600003819,0,29,0,0,144,1,0,1200.0,0.0
BLOCK_Kall_linear_bias1_physical_v3_334d,2025-02-25,6,10985.975915596377,0.1749954000115394,0,59,0,0,144,1,0,1200.0,0.0
BLOCK_Kall_linear_bias1_physical_v3_334d,2025-02-25,12,19046.522351372914,0.0943472999933874,0,43,0,0,144,1,0,1200.0,0.0
BLOCK_Kall_linear_bias1_physical_v3_334d,2025-02-25,18,29446.329110227856,0.2181628999969689,0,47,0,0,144,1,0,1200.0,0.0
BLOCK_Kall_linear_bias1_physical_v3_334d,2025-02-26,0,46350.93935198355,0.1962789999961387,0,39,0,0,144,1,0,1200.0,0.0
BLOCK_Kall_linear_bias1_physical_v3_334d,2025-02-26,6,13357.221700198814,0.1594299999997019,0,74,0,0,144,1,0,1200.0,0.0
BLOCK_Kall_linear_bias1_physical_v3_334d,2025-02-26,12,28897.369222747784,0.3355746000015642,0,48,0,0,144,1,0,1200.0,0.0
BLOCK_Kall_linear_bias1_physical_v3_334d,2025-02-26,18,36473.04074859312,0.3037393999984488,0,46,0,0,144,1,0,1200.0,0.0
BLOCK_Kall_linear_bias1_physical_v3_334d,2025-02-27,0,47819.12705513324,0.184454000002006,0,36,0,0,144,1,0,1200.0,0.0
BLOCK_Kall_linear_bias1_physical_v3_334d,2025-02-27,6,9229.344350341744,0.1138631999929202,0,53,0,0,144,1,0,1200.0,0.0
BLOCK_Kall_linear_bias1_physical_v3_334d,2025-02-27,12,11626.836212386204,0.6677270000072895,0,54,0,0,144,1,0,1200.0,0.0
BLOCK_Kall_linear_bias1_physical_v3_334d,2025-02-27,18,13222.434872707909,0.2667048000002978,0,35,0,0,144,1,0,1200.0,0.0
BLOCK_Kall_linear_bias1_physical_v3_334d,2025-02-28,0,22712.387126285823,0.7985224000003655,0,18,0,0,144,1,0,1200.0,0.0
BLOCK_Kall_linear_bias1_physical_v3_334d,2025-02-28,6,8378.701259920366,0.0914498000056482,0,25,0,0,144,1,0,1200.0,0.0
BLOCK_Kall_linear_bias1_physical_v3_334d,2025-02-28,12,10135.909560201984,0.2310596000024816,0,35,0,0,144,1,0,1200.0,0.0
BLOCK_Kall_linear_bias1_physical_v3_334d,2025-02-28,18,13550.973389117462,0.4155559000064386,0,57,0,0,144,1,0,1200.0,0.0
BLOCK_Kall_linear_bias1_physical_v3_334d,2025-03-01,0,25909.709338652294,0.3120318000001134,0,33,0,0,144,1,0,1200.0,0.0
BLOCK_Kall_linear_bias1_physical_v3_334d,2025-03-01,6,9930.68417956324,0.4141743999934988,0,26,0,0,144,1,0,1200.0,0.0
BLOCK_Kall_linear_bias1_physical_v3_334d,2025-03-01,12,15906.717875543623,0.1846653000102378,0,40,0,0,144,1,0,1200.0,0.0
BLOCK_Kall_linear_bias1_physical_v3_334d,2025-03-01,18,28771.231275910297,0.9399249000125564,0,57,0,0,144,1,0,1200.0,0.0
BLOCK_Kall_linear_bias1_physical_v3_334d,2025-03-02,0,51369.18459569848,0.1437830999930156,0,31,0,0,144,1,0,1200.0,0.0
BLOCK_Kall_linear_bias1_physical_v3_334d,2025-03-02,6,11552.835135741208,0.4293388999940362,0,74,0,0,144,1,0,1200.0,0.0
BLOCK_Kall_linear_bias1_physical_v3_334d,2025-03-02,12,25917.798995441342,0.8789249999972526,0,45,0,0,144,1,0,1200.0,0.0
BLOCK_Kall_linear_bias1_physical_v3_334d,2025-03-02,18,37895.08985991322,0.2038214999920455,0,37,0,0,144,1,0,1200.0,0.0
BLOCK_Kall_linear_bias1_physical_v3_334d,2025-03-03,0,55018.852921800615,0.667705499989097,0,30,0,0,144,1,0,1200.0,0.0
BLOCK_Kall_linear_bias1_physical_v3_334d,2025-03-03,6,10051.946544346982,0.6798753999901237,0,48,0,0,144,1,0,1200.0,0.0
BLOCK_Kall_linear_bias1_physical_v3_334d,2025-03-03,12,22344.517757851445,0.1135208000050624,0,53,0,0,144,1,0,1200.0,0.0
BLOCK_Kall_linear_bias1_physical_v3_334d,2025-03-03,18,30343.7807903406,0.2924916999909328,0,59,0,0,144,1,0,1200.0,0.0
BLOCK_Kall_linear_bias1_physical_v3_334d,2025-03-04,0,49141.79579077396,0.1941794000013033,0,38,0,0,144,1,0,1200.0,0.0
BLOCK_Kall_linear_bias1_physical_v3_334d,2025-03-04,6,11543.451191964068,0.4363710000034189,0,54,0,0,144,1,0,1200.0,0.0
BLOCK_Kall_linear_bias1_physical_v3_334d,2025-03-04,12,17312.2421578328,0.1102227999945171,0,43,0,0,144,1,0,1200.0,0.0
BLOCK_Kall_linear_bias1_physical_v3_334d,2025-03-04,18,32546.5093805515,0.1355169000016758,0,52,0,0,144,1,0,1200.0,0.0
BLOCK_Kall_linear_bias1_physical_v3_334d,2025-03-05,0,51215.772513332646,0.1738253000075929,0,33,0,0,144,1,0,1200.0,0.0
BLOCK_Kall_linear_bias1_physical_v3_334d,2025-03-05,6,9510.166467218967,0.4103370000084396,0,41,0,0,144,1,0,1200.0,0.0
BLOCK_Kall_linear_bias1_physical_v3_334d,2025-03-05,12,18427.66055873223,0.1302004000026499,0,50,0,0,144,1,0,1200.0,0.0
BLOCK_Kall_linear_bias1_physical_v3_334d,2025-03-05,18,30610.201676238357,0.6458677999908105,0,59,0,0,144,1,0,1200.0,0.0
BLOCK_Kall_linear_bias1_physical_v3_334d,2025-03-06,0,47570.03356568591,0.7815411999908974,0,36,0,0,144,1,0,1200.0,0.0
BLOCK_Kall_linear_bias1_physical_v3_334d,2025-03-06,6,8418.876521197222,0.1843150000058813,0,36,0,0,144,1,0,1200.0,0.0
BLOCK_Kall_linear_bias1_physical_v3_334d,2025-03-06,12,9814.21938074756,0.1147058000060496,0,38,0,0,144,1,0,1200.0,0.0
BLOCK_Kall_linear_bias1_physical_v3_334d,2025-03-06,18,12524.148992699482,0.4623595000011846,0,17,0,0,144,1,0,1200.0,0.0
BLOCK_Kall_linear_bias1_physical_v3_334d,2025-03-07,0,25383.290675000542,0.2085225000046193,0,29,0,0,144,1,0,1200.0,0.0
BLOCK_Kall_linear_bias1_physical_v3_334d,2025-03-07,6,7468.048217596093,0.1019215999986045,0,24,0,0,144,1,0,1200.0,0.0
BLOCK_Kall_linear_bias1_physical_v3_334d,2025-03-07,12,8673.121041282406,0.2216233999934047,0,35,0,0,144,1,0,1200.0,0.0
BLOCK_Kall_linear_bias1_physical_v3_334d,2025-03-07,18,8627.901506326538,0.2338738999969791,0,33,0,0,144,1,0,1200.0,0.0
BLOCK_Kall_linear_bias1_physical_v3_334d,2025-03-08,0,20241.41884384602,0.603128699993249,0,7,0,0,144,1,0,1200.0,0.0
BLOCK_Kall_linear_bias1_physical_v3_334d,2025-03-08,6,10052.17899131656,0.2146856999897863,0,30,0,0,144,1,0,1200.0,0.0
BLOCK_Kall_linear_bias1_physical_v3_334d,2025-03-08,12,18659.8681092932,0.4860736999980872,0,39,0,0,144,1,0,1200.0,0.0
BLOCK_Kall_linear_bias1_physical_v3_334d,2025-03-08,18,22500.972206036706,1.0315359999949578,0,65,0,0,144,1,0,1200.0,0.0
BLOCK_Kall_linear_bias1_physical_v3_334d,2025-03-09,0,46086.870829235,0.2608693999936804,0,30,0,0,144,1,0,1200.0,0.0
BLOCK_Kall_linear_bias1_physical_v3_334d,2025-03-09,6,9016.141864241958,0.1826558000029763,0,31,0,0,144,1,0,1200.0,0.0
BLOCK_Kall_linear_bias1_physical_v3_334d,2025-03-09,12,23569.53949419977,0.302457099998719,0,80,0,0,144,1,0,1200.0,0.0
BLOCK_Kall_linear_bias1_physical_v3_334d,2025-03-09,18,44727.0879161109,0.1884426000033272,0,47,0,0,144,1,0,1200.0,0.0
BLOCK_Kall_linear_bias1_physical_v3_334d,2025-03-10,0,46692.98221165532,1.0404092999960994,0,33,0,0,144,1,0,1200.0,0.0
BLOCK_Kall_linear_bias1_physical_v3_334d,2025-03-10,6,11420.07176084704,0.3202419000008376,0,24,0,0,144,1,0,1200.0,0.0
BLOCK_Kall_linear_bias1_physical_v3_334d,2025-03-10,12,16436.977108839386,0.3080474000016693,0,53,0,0,144,1,0,1200.0,0.0
BLOCK_Kall_linear_bias1_physical_v3_334d,2025-03-10,18,37176.15713057306,0.234049499995308,0,46,0,0,144,1,0,1200.0,0.0
BLOCK_Kall_linear_bias1_physical_v3_334d,2025-03-11,0,42226.908236494586,0.1737793999927817,0,38,0,0,144,1,0,1200.0,0.0
BLOCK_Kall_linear_bias1_physical_v3_334d,2025-03-11,6,17970.27182898846,0.404916300001787,0,134,0,0,144,1,0,1200.0,0.0
BLOCK_Kall_linear_bias1_physical_v3_334d,2025-03-11,12,15113.552082556207,1.238234199990984,0,45,0,0,144,1,0,1200.0,0.0
BLOCK_Kall_linear_bias1_physical_v3_334d,2025-03-11,18,25315.9612316132,0.2367431000020587,0,57,0,0,144,1,0,1200.0,0.0
BLOCK_Kall_linear_bias1_physical_v3_334d,2025-03-12,0,49530.1088279576,0.7456754000013461,0,30,0,0,144,1,0,1200.0,0.0
BLOCK_Kall_linear_bias1_physical_v3_334d,2025-03-12,6,7848.69217946665,0.6019071000046097,0,20,0,0,144,1,0,1200.0,0.0
BLOCK_Kall_linear_bias1_physical_v3_334d,2025-03-12,12,16287.39238875365,0.4168790000112494,0,80,0,0,144,1,0,1200.0,0.0
BLOCK_Kall_linear_bias1_physical_v3_334d,2025-03-12,18,34905.50232333305,0.1673465999920154,0,45,0,0,144,1,0,1200.0,0.0
BLOCK_Kall_linear_bias1_physical_v3_334d,2025-03-13,0,49016.28979199405,1.40245340000547,0,37,0,0,144,1,0,1200.0,0.0
BLOCK_Kall_linear_bias1_physical_v3_334d,2025-03-13,6,8812.904308157747,0.0810736000130418,0,54,0,0,144,1,0,1200.0,0.0
BLOCK_Kall_linear_bias1_physical_v3_334d,2025-03-13,12,12319.235034204905,0.3380824000050779,0,46,0,0,144,1,0,1200.0,0.0
BLOCK_Kall_linear_bias1_physical_v3_334d,2025-03-13,18,10181.877133830423,0.2846415999956662,0,36,0,0,144,1,0,1200.0,0.0
BLOCK_Kall_linear_bias1_physical_v3_334d,2025-03-14,0,20895.51177529216,0.1984995999955572,0,8,0,0,144,1,0,1200.0,0.0
BLOCK_Kall_linear_bias1_physical_v3_334d,2025-03-14,6,9057.51153930199,0.2207952000026125,0,42,0,0,144,1,0,1200.0,0.0
BLOCK_Kall_linear_bias1_physical_v3_334d,2025-03-14,12,9530.236811771903,0.8293096000124933,0,40,0,0,144,1,0,1200.0,0.0
BLOCK_Kall_linear_bias1_physical_v3_334d,2025-03-14,18,8927.74124821162,0.3234631000086665,0,33,0,0,144,1,0,1200.0,0.0
BLOCK_Kall_linear_bias1_physical_v3_334d,2025-03-15,0,19796.136526341244,1.0007075000030454,0,23,0,0,144,1,0,1200.0,0.0
BLOCK_Kall_linear_bias1_physical_v3_334d,2025-03-15,6,13458.884344202515,0.3118328999989899,0,100,0,0,144,1,0,1200.0,0.0
BLOCK_Kall_linear_bias1_physical_v3_334d,2025-03-15,12,16137.786530439696,0.2687321000121301,0,46,0,0,144,1,0,1200.0,0.0
BLOCK_Kall_linear_bias1_physical_v3_334d,2025-03-15,18,24859.431102549293,1.4427481000020634,0,59,0,0,144,1,0,1200.0,0.0
BLOCK_Kall_linear_bias1_physical_v3_334d,2025-03-16,0,43712.712426981605,0.1400617000035708,0,38,0,0,144,1,0,1200.0,0.0
BLOCK_Kall_linear_bias1_physical_v3_334d,2025-03-16,6,14891.422837545984,0.9415554000006524,0,96,0,0,144,1,0,1200.0,0.0
BLOCK_Kall_linear_bias1_physical_v3_334d,2025-03-16,12,16829.977515216724,0.1870328000077279,0,56,0,0,144,1,0,1200.0,0.0
BLOCK_Kall_linear_bias1_physical_v3_334d,2025-03-16,18,27741.749073929877,0.153778499996406,0,45,0,0,144,1,0,1200.0,0.0
BLOCK_Kall_linear_bias1_physical_v3_334d,2025-03-17,0,44124.91952141629,0.7202813000039896,0,33,0,0,144,1,0,1200.0,0.0
BLOCK_Kall_linear_bias1_physical_v3_334d,2025-03-17,6,8472.523293342665,0.3801262000051792,0,27,0,0,144,1,0,1200.0,0.0
BLOCK_Kall_linear_bias1_physical_v3_334d,2025-03-17,12,23488.229665563045,0.3534390000131679,0,64,0,0,144,1,0,1200.0,0.0
BLOCK_Kall_linear_bias1_physical_v3_334d,2025-03-17,18,21806.88151021171,0.5217520000005607,0,65,0,0,144,1,0,1200.0,0.0
BLOCK_Kall_linear_bias1_physical_v3_334d,2025-03-18,0,50681.437822426815,0.7360665000014706,0,29,0,0,144,1,0,1200.0,0.0
BLOCK_Kall_linear_bias1_physical_v3_334d,2025-03-18,6,9654.61554399452,0.3268096999963745,0,57,0,0,144,1,0,1200.0,0.0
BLOCK_Kall_linear_bias1_physical_v3_334d,2025-03-18,12,16204.672582427322,0.1336197000055108,0,50,0,0,144,1,0,1200.0,0.0
BLOCK_Kall_linear_bias1_physical_v3_334d,2025-03-18,18,20602.242579785023,0.2298915999999735,0,59,0,0,144,1,0,1200.0,0.0
BLOCK_Kall_linear_bias1_physical_v3_334d,2025-03-19,0,42003.387525831386,0.5012373000063235,0,36,0,0,144,1,0,1200.0,0.0
BLOCK_Kall_linear_bias1_physical_v3_334d,2025-03-19,6,16246.321747483662,0.2083010000060312,0,87,0,0,144,1,0,1200.0,0.0
BLOCK_Kall_linear_bias1_physical_v3_334d,2025-03-19,12,17803.544879343317,0.2503702999965753,0,60,0,0,144,1,0,1200.0,0.0
BLOCK_Kall_linear_bias1_physical_v3_334d,2025-03-19,18,22983.636767485237,0.212672299996484,0,63,0,0,144,1,0,1200.0,0.0
BLOCK_Kall_linear_bias1_physical_v3_334d,2025-03-20,0,47757.18978277334,0.3312869000073988,0,35,0,0,144,1,0,1200.0,0.0
BLOCK_Kall_linear_bias1_physical_v3_334d,2025-03-20,6,6584.798627449338,0.0816606000007595,0,30,0,0,144,1,0,1200.0,0.0
BLOCK_Kall_linear_bias1_physical_v3_334d,2025-03-20,12,10210.796558338869,0.1343888000119477,0,51,0,0,144,1,0,1200.0,0.0
BLOCK_Kall_linear_bias1_physical_v3_334d,2025-03-20,18,10455.637188760978,0.7660260999982711,0,33,0,0,144,1,0,1200.0,0.0
BLOCK_Kall_linear_bias1_physical_v3_334d,2025-03-21,0,20749.660029355167,0.2269285000074887,0,18,0,0,144,1,0,1200.0,0.0
BLOCK_Kall_linear_bias1_physical_v3_334d,2025-03-21,6,7650.933679697618,0.1409733000036794,0,25,0,0,144,1,0,1200.0,0.0
BLOCK_Kall_linear_bias1_physical_v3_334d,2025-03-21,12,8713.487394320053,0.1016212999966228,0,33,0,0,144,1,0,1200.0,0.0
BLOCK_Kall_linear_bias1_physical_v3_334d,2025-03-21,18,7974.843842834122,0.5679130000062287,0,29,0,0,144,1,0,1200.0,0.0
BLOCK_Kall_linear_bias1_physical_v3_334d,2025-03-22,0,20233.020017715862,0.8263918000011472,0,7,0,0,144,1,0,1200.0,0.0
BLOCK_Kall_linear_bias1_physical_v3_334d,2025-03-22,6,10224.15925975956,0.3605452999909175,0,30,0,0,144,1,0,1200.0,0.0
BLOCK_Kall_linear_bias1_physical_v3_334d,2025-03-22,12,18442.014609594487,0.6208110000006855,0,41,0,0,144,1,0,1200.0,0.0
BLOCK_Kall_linear_bias1_physical_v3_334d,2025-03-22,18,30646.637518426403,0.591589000003296,0,55,0,0,144,1,0,1200.0,0.0
BLOCK_Kall_linear_bias1_physical_v3_334d,2025-03-23,0,43950.67788480399,0.3142485999997007,0,40,0,0,144,1,0,1200.0,0.0
BLOCK_Kall_linear_bias1_physical_v3_334d,2025-03-23,6,10655.850119546129,0.0957862999930512,0,39,0,0,144,1,0,1200.0,0.0
BLOCK_Kall_linear_bias1_physical_v3_334d,2025-03-23,12,20393.54506314389,0.1184684000036213,0,41,0,0,144,1,0,1200.0,0.0
BLOCK_Kall_linear_bias1_physical_v3_334d,2025-03-23,18,31871.386369113243,0.1588524999970104,0,33,0,0,144,1,0,1200.0,0.0
BLOCK_Kall_linear_bias1_physical_v3_334d,2025-03-24,0,45853.0176801009,0.1402832999883685,0,32,0,0,144,1,0,1200.0,0.0
BLOCK_Kall_linear_bias1_physical_v3_334d,2025-03-24,6,10757.232880209724,0.2544992000039201,0,41,0,0,144,1,0,1200.0,0.0
BLOCK_Kall_linear_bias1_physical_v3_334d,2025-03-24,12,21033.80284035481,0.1500975999952061,0,42,0,0,144,1,0,1200.0,0.0
BLOCK_Kall_linear_bias1_physical_v3_334d,2025-03-24,18,28535.080070890446,0.5034616000048118,0,59,0,0,144,1,0,1200.0,0.0
BLOCK_Kall_linear_bias1_physical_v3_334d,2025-03-25,0,50279.509715280976,1.0868302000017138,0,29,0,0,144,1,0,1200.0,0.0
BLOCK_Kall_linear_bias1_physical_v3_334d,2025-03-25,6,7599.5151328079455,0.4764017999987118,0,27,0,0,144,1,0,1200.0,0.0
BLOCK_Kall_linear_bias1_physical_v3_334d,2025-03-25,12,14287.878372267847,0.1794326000090222,0,42,0,0,144,1,0,1200.0,0.0
BLOCK_Kall_linear_bias1_physical_v3_334d,2025-03-25,18,20299.16781937933,0.2189739000023109,0,53,0,0,144,1,0,1200.0,0.0
BLOCK_Kall_linear_bias1_physical_v3_334d,2025-03-26,0,42640.14013879222,0.307662999999593,0,36,0,0,144,1,0,1200.0,0.0
BLOCK_Kall_linear_bias1_physical_v3_334d,2025-03-26,6,11706.766194017317,0.1695393000118201,0,35,0,0,144,1,0,1200.0,0.0
BLOCK_Kall_linear_bias1_physical_v3_334d,2025-03-26,12,14392.51301052605,0.7241224000026705,0,39,0,0,144,1,0,1200.0,0.0
BLOCK_Kall_linear_bias1_physical_v3_334d,2025-03-26,18,23983.79822752106,0.290685999993002,0,56,0,0,144,1,0,1200.0,0.0
BLOCK_Kall_linear_bias1_physical_v3_334d,2025-03-27,0,45430.6132949901,0.5740097999951104,0,30,0,0,144,1,0,1200.0,0.0
BLOCK_Kall_linear_bias1_physical_v3_334d,2025-03-27,6,9386.664291697192,0.0765738999907625,0,38,0,0,144,1,0,1200.0,0.0
BLOCK_Kall_linear_bias1_physical_v3_334d,2025-03-27,12,9676.269889745034,0.4228911000100197,0,34,0,0,144,1,0,1200.0,0.0
BLOCK_Kall_linear_bias1_physical_v3_334d,2025-03-27,18,12056.553622524752,0.1818951000022934,0,29,0,0,144,1,0,1200.0,0.0
BLOCK_Kall_linear_bias1_physical_v3_334d,2025-03-28,0,20111.09854354701,0.6111341000068933,0,9,0,0,144,1,0,1200.0,0.0
BLOCK_Kall_linear_bias1_physical_v3_334d,2025-03-28,6,7955.381100640702,0.2279548999940743,0,31,0,0,144,1,0,1200.0,0.0
BLOCK_Kall_linear_bias1_physical_v3_334d,2025-03-28,12,8909.723403239668,0.206805699999677,0,33,0,0,144,1,0,1200.0,0.0
BLOCK_Kall_linear_bias1_physical_v3_334d,2025-03-28,18,9033.55708354507,0.1770923000003677,0,33,0,0,144,1,0,1200.0,0.0
BLOCK_Kall_linear_bias1_physical_v3_334d,2025-03-29,0,18088.89119442893,0.8550135999976192,0,6,0,0,144,1,0,1200.0,0.0
BLOCK_Kall_linear_bias1_physical_v3_334d,2025-03-29,6,11048.490463223256,0.5159676999901421,0,25,0,0,144,1,0,1200.0,0.0
BLOCK_Kall_linear_bias1_physical_v3_334d,2025-03-29,12,14735.907200375868,0.3144499000045471,0,41,0,0,144,1,0,1200.0,0.0
BLOCK_Kall_linear_bias1_physical_v3_334d,2025-03-29,18,21121.97041528315,0.2495712999952957,0,66,0,0,144,1,0,1200.0,0.0
BLOCK_Kall_linear_bias1_physical_v3_334d,2025-03-30,0,41181.06964576902,0.082571499995538,0,36,0,0,144,1,0,1200.0,0.0
BLOCK_Kall_linear_bias1_physical_v3_334d,2025-03-30,6,9704.70610318421,0.3405559999955585,0,36,0,0,144,1,0,1200.0,0.0
BLOCK_Kall_linear_bias1_physical_v3_334d,2025-03-30,12,25963.71437685614,0.1973431000078562,0,38,0,0,144,1,0,1200.0,0.0
BLOCK_Kall_linear_bias1_physical_v3_334d,2025-03-30,18,28098.949248617748,0.6284570999996504,0,53,0,0,144,1,0,1200.0,0.0
BLOCK_Kall_linear_bias1_physical_v3_334d,2025-03-31,0,38648.75362203812,0.7970609999902081,0,34,0,0,144,1,0,1200.0,0.0
BLOCK_Kall_linear_bias1_physical_v3_334d,2025-03-31,6,23215.46480610338,0.0714123000070685,0,152,0,0,144,1,0,1200.0,0.0
BLOCK_Kall_linear_bias1_physical_v3_334d,2025-03-31,12,14237.846197853412,0.8063065000023926,0,74,0,0,144,1,0,1200.0,0.0
BLOCK_Kall_linear_bias1_physical_v3_334d,2025-03-31,18,20826.79616116457,0.7981969000102254,0,66,0,0,144,1,0,1200.0,0.0
BLOCK_Kall_linear_bias1_physical_v3_334d,2025-04-01,0,46507.779978908926,0.4986959999951068,0,29,0,0,144,1,0,1200.0,0.0
BLOCK_Kall_linear_bias1_physical_v3_334d,2025-04-01,6,11151.801930122834,0.0649686999968253,0,53,0,0,144,1,0,1200.0,0.0
BLOCK_Kall_linear_bias1_physical_v3_334d,2025-04-01,12,15450.418261984016,0.6335707000107504,0,55,0,0,144,1,0,1200.0,0.0
BLOCK_Kall_linear_bias1_physical_v3_334d,2025-04-01,18,39527.32621199341,0.8270067999983439,0,50,0,0,144,1,0,1200.0,0.0
BLOCK_Kall_linear_bias1_physical_v3_334d,2025-04-02,0,44504.03082884439,0.1611586000071838,0,38,0,0,144,1,0,1200.0,0.0
BLOCK_Kall_linear_bias1_physical_v3_334d,2025-04-02,6,12600.617182671158,0.2503032000095118,0,48,0,0,144,1,0,1200.0,0.0
BLOCK_Kall_linear_bias1_physical_v3_334d,2025-04-02,12,14845.86946342382,0.1685695000051055,0,59,0,0,144,1,0,1200.0,0.0
BLOCK_Kall_linear_bias1_physical_v3_334d,2025-04-02,18,22069.57300338014,0.3862980999983847,0,61,0,0,144,1,0,1200.0,0.0
BLOCK_Kall_linear_bias1_physical_v3_334d,2025-04-03,0,45782.35918179047,0.1424780999950599,0,36,0,0,144,1,0,1200.0,0.0
BLOCK_Kall_linear_bias1_physical_v3_334d,2025-04-03,6,6940.175509938744,0.7000652999995509,0,26,0,0,144,1,0,1200.0,0.0
BLOCK_Kall_linear_bias1_physical_v3_334d,2025-04-03,12,8371.156446237354,0.2345534000050975,0,33,0,0,144,1,0,1200.0,0.0
BLOCK_Kall_linear_bias1_physical_v3_334d,2025-04-03,18,10181.785040375677,0.1321647000004304,0,22,0,0,144,1,0,1200.0,0.0
BLOCK_Kall_linear_bias1_physical_v3_334d,2025-04-04,0,18438.14562630759,0.0586293000087607,0,6,0,0,144,1,0,1200.0,0.0
BLOCK_Kall_linear_bias1_physical_v3_334d,2025-04-04,6,7628.532960667189,0.233604600012768,0,25,0,0,144,1,0,1200.0,0.0
BLOCK_Kall_linear_bias1_physical_v3_334d,2025-04-04,12,10224.52833313041,1.1500330999988364,0,33,0,0,144,1,0,1200.0,0.0
BLOCK_Kall_linear_bias1_physical_v3_334d,2025-04-04,18,9257.903673388126,0.5308206000045175,0,46,0,0,144,1,0,1200.0,0.0
BLOCK_Kall_linear_bias1_physical_v3_334d,2025-04-05,0,17440.33451696345,0.212116499998956,0,4,0,0,144,1,0,1200.0,0.0
BLOCK_Kall_linear_bias1_physical_v3_334d,2025-04-05,6,10418.155425946286,0.2953170999971917,0,27,0,0,144,1,0,1200.0,0.0
BLOCK_Kall_linear_bias1_physical_v3_334d,2025-04-05,12,27838.866540554078,0.3785356000007596,0,40,0,0,144,1,0,1200.0,0.0
BLOCK_Kall_linear_bias1_physical_v3_334d,2025-04-05,18,22780.78224877378,0.4739801999967312,0,67,0,0,144,1,0,1200.0,0.0
BLOCK_Kall_linear_bias1_physical_v3_334d,2025-04-06,0,40628.352057950025,0.084563700002036,0,38,0,0,144,1,0,1200.0,0.0
BLOCK_Kall_linear_bias1_physical_v3_334d,2025-04-06,6,10582.381907711198,0.5444660000066506,0,39,0,0,144,1,0,1200.0,0.0
BLOCK_Kall_linear_bias1_physical_v3_334d,2025-04-06,12,16126.407523418591,0.1483946000080322,0,40,0,0,144,1,0,1200.0,0.0
BLOCK_Kall_linear_bias1_physical_v3_334d,2025-04-06,18,21759.82732717616,0.6768001000018558,0,50,0,0,144,1,0,1200.0,0.0
BLOCK_Kall_linear_bias1_physical_v3_334d,2025-04-07,0,36992.38419259723,0.1838552999979583,0,36,0,0,144,1,0,1200.0,0.0
BLOCK_Kall_linear_bias1_physical_v3_334d,2025-04-07,6,14623.80442268762,0.416714699997101,0,59,0,0,144,1,0,1200.0,0.0
BLOCK_Kall_linear_bias1_physical_v3_334d,2025-04-07,12,22326.74401680268,1.1625971000030404,0,47,0,0,144,1,0,1200.0,0.0
BLOCK_Kall_linear_bias1_physical_v3_334d,2025-04-07,18,21822.391447727896,0.3521903000073507,0,54,0,0,144,1,0,1200.0,0.0
BLOCK_Kall_linear_bias1_physical_v3_334d,2025-04-08,0,43772.88842448078,0.1652095000026747,0,38,0,0,144,1,0,1200.0,0.0
BLOCK_Kall_linear_bias1_physical_v3_334d,2025-04-08,6,9282.544143565428,0.3036739000090165,0,37,0,0,144,1,0,1200.0,0.0
BLOCK_Kall_linear_bias1_physical_v3_334d,2025-04-08,12,16768.3098687742,0.5609980000008363,0,52,0,0,144,1,0,1200.0,0.0
BLOCK_Kall_linear_bias1_physical_v3_334d,2025-04-08,18,26463.845562320537,0.2501772999967215,0,41,0,0,144,1,0,1200.0,0.0
BLOCK_Kall_linear_bias1_physical_v3_334d,2025-04-09,0,42592.06728816608,0.2738940999988699,0,40,0,0,144,1,0,1200.0,0.0
BLOCK_Kall_linear_bias1_physical_v3_334d,2025-04-09,6,9886.046665809685,0.5073427000024822,0,34,0,0,144,1,0,1200.0,0.0
BLOCK_Kall_linear_bias1_physical_v3_334d,2025-04-09,12,26995.888857000453,0.399797000005492,0,51,0,0,144,1,0,1200.0,0.0
BLOCK_Kall_linear_bias1_physical_v3_334d,2025-04-09,18,24258.81521055218,0.2141947000054642,0,42,0,0,144,1,0,1200.0,0.0
BLOCK_Kall_linear_bias1_physical_v3_334d,2025-04-10,0,41669.692689610245,0.501765199995134,0,37,0,0,144,1,0,1200.0,0.0
BLOCK_Kall_linear_bias1_physical_v3_334d,2025-04-10,6,7697.887021990722,0.1085266000009141,0,28,0,0,144,1,0,1200.0,0.0
BLOCK_Kall_linear_bias1_physical_v3_334d,2025-04-10,12,8750.19695774468,0.4850246999994851,0,29,0,0,144,1,0,1200.0,0.0
BLOCK_Kall_linear_bias1_physical_v3_334d,2025-04-10,18,9555.5755938418,0.0770429999975021,0,27,0,0,144,1,0,1200.0,0.0
BLOCK_Kall_linear_bias1_physical_v3_334d,2025-04-11,0,16984.712200287606,0.1031212999951094,0,4,0,0,144,1,0,1200.0,0.0
BLOCK_Kall_linear_bias1_physical_v3_334d,2025-04-11,6,8254.017727606924,0.0944879000016953,0,33,0,0,144,1,0,1200.0,0.0
BLOCK_Kall_linear_bias1_physical_v3_334d,2025-04-11,12,8427.685002239668,0.172076199989533,0,29,0,0,144,1,0,1200.0,0.0
BLOCK_Kall_linear_bias1_physical_v3_334d,2025-04-11,18,8573.676797398588,0.5113745999988168,0,29,0,0,144,1,0,1200.0,0.0
BLOCK_Kall_linear_bias1_physical_v3_334d,2025-04-12,0,18360.534888616232,0.258094600008917,0,7,0,0,144,1,0,1200.0,0.0
BLOCK_Kall_linear_bias1_physical_v3_334d,2025-04-12,6,10028.948677860457,0.2610440999997081,0,25,0,0,144,1,0,1200.0,0.0
BLOCK_Kall_linear_bias1_physical_v3_334d,2025-04-12,12,13658.611339074696,0.2782174999883864,0,39,0,0,144,1,0,1200.0,0.0
BLOCK_Kall_linear_bias1_physical_v3_334d,2025-04-12,18,27999.627768623875,0.8230501000070944,0,58,0,0,144,1,0,1200.0,0.0
BLOCK_Kall_linear_bias1_physical_v3_334d,2025-04-13,0,37529.64558817042,0.7294776000053389,0,35,0,0,144,1,0,1200.0,0.0
BLOCK_Kall_linear_bias1_physical_v3_334d,2025-04-13,6,10293.284734350977,0.056591100001242,0,30,0,0,144,1,0,1200.0,0.0
BLOCK_Kall_linear_bias1_physical_v3_334d,2025-04-13,12,21069.60765947385,0.1448296000016853,0,53,0,0,144,1,0,1200.0,0.0
BLOCK_Kall_linear_bias1_physical_v3_334d,2025-04-13,18,24240.5495467372,0.2652184999897145,0,38,0,0,144,1,0,1200.0,0.0
BLOCK_Kall_linear_bias1_physical_v3_334d,2025-04-14,0,41796.3250402773,0.7320770999940578,0,37,0,0,144,1,0,1200.0,0.0
BLOCK_Kall_linear_bias1_physical_v3_334d,2025-04-14,6,8288.057193227656,0.0774317000032169,0,19,0,0,144,1,0,1200.0,0.0
BLOCK_Kall_linear_bias1_physical_v3_334d,2025-04-14,12,13315.282842969098,0.145973499995307,0,51,0,0,144,1,0,1200.0,0.0
BLOCK_Kall_linear_bias1_physical_v3_334d,2025-04-14,18,19709.6588277273,0.2355381999950623,0,62,0,0,144,1,0,1200.0,0.0
BLOCK_Kall_linear_bias1_physical_v3_334d,2025-04-15,0,36078.43117067758,0.1324392999958945,0,32,0,0,144,1,0,1200.0,0.0
BLOCK_Kall_linear_bias1_physical_v3_334d,2025-04-15,6,14489.354662972535,0.1122674000071128,0,72,0,0,144,1,0,1200.0,0.0
BLOCK_Kall_linear_bias1_physical_v3_334d,2025-04-15,12,18351.697829379114,0.1996556999947643,0,45,0,0,144,1,0,1200.0,0.0
BLOCK_Kall_linear_bias1_physical_v3_334d,2025-04-15,18,23494.550065798237,0.2158304999902611,0,53,0,0,144,1,0,1200.0,0.0
BLOCK_Kall_linear_bias1_physical_v3_334d,2025-04-16,0,39759.50839561981,0.1827920000068843,0,39,0,0,144,1,0,1200.0,0.0
BLOCK_Kall_linear_bias1_physical_v3_334d,2025-04-16,6,13068.272892727722,0.3687088000006042,0,63,0,0,144,1,0,1200.0,0.0
BLOCK_Kall_linear_bias1_physical_v3_334d,2025-04-16,12,13355.661441062912,0.1328910000011092,0,42,0,0,144,1,0,1200.0,0.0
BLOCK_Kall_linear_bias1_physical_v3_334d,2025-04-16,18,25292.53376065392,0.7320233999926131,0,60,0,0,144,1,0,1200.0,0.0
BLOCK_Kall_linear_bias1_physical_v3_334d,2025-04-17,0,37163.06730385681,0.3823019000119529,0,32,0,0,144,1,0,1200.0,0.0
BLOCK_Kall_linear_bias1_physical_v3_334d,2025-04-17,6,10594.223658207036,0.157675599999493,0,94,0,0,144,1,0,1200.0,0.0
BLOCK_Kall_linear_bias1_physical_v3_334d,2025-04-17,12,9060.965404629873,0.1582302000024356,0,35,0,0,144,1,0,1200.0,0.0
BLOCK_Kall_linear_bias1_physical_v3_334d,2025-04-17,18,9447.93692911476,0.72705020000285,0,32,0,0,144,1,0,1200.0,0.0
BLOCK_Kall_linear_bias1_physical_v3_334d,2025-04-18,0,17330.017407579217,0.4077266000094823,0,5,0,0,144,1,0,1200.0,0.0
BLOCK_Kall_linear_bias1_physical_v3_334d,2025-04-18,6,7345.359830775893,0.4226517000060994,0,25,0,0,144,1,0,1200.0,0.0
BLOCK_Kall_linear_bias1_physical_v3_334d,2025-04-18,12,8535.286347125604,0.2220265999931143,0,29,0,0,144,1,0,1200.0,0.0
BLOCK_Kall_linear_bias1_physical_v3_334d,2025-04-18,18,7470.274365769481,0.3012444999912986,0,28,0,0,144,1,0,1200.0,0.0
BLOCK_Kall_linear_bias1_physical_v3_334d,2025-04-19,0,15698.247549225678,0.1153073000023141,0,3,0,0,144,1,0,1200.0,0.0
BLOCK_Kall_linear_bias1_physical_v3_334d,2025-04-19,6,10062.583657242232,0.5025559000059729,0,29,0,0,144,1,0,1200.0,0.0
BLOCK_Kall_linear_bias1_physical_v3_334d,2025-04-19,12,15052.859473271226,0.3874374000006355,0,43,0,0,144,1,0,1200.0,0.0
BLOCK_Kall_linear_bias1_physical_v3_334d,2025-04-19,18,16012.96743068984,0.9384820999985096,0,56,0,0,144,1,0,1200.0,0.0
BLOCK_Kall_linear_bias1_physical_v3_334d,2025-04-20,0,35284.20778922452,0.1134080000047106,0,30,0,0,144,1,0,1200.0,0.0
BLOCK_Kall_linear_bias1_physical_v3_334d,2025-04-20,6,12200.596687849553,0.0790032999939285,0,83,0,0,144,1,0,1200.0,0.0
BLOCK_Kall_linear_bias1_physical_v3_334d,2025-04-20,12,15282.920957847486,0.1675856000074418,0,44,0,0,144,1,0,1200.0,0.0
BLOCK_Kall_linear_bias1_physical_v3_334d,2025-04-20,18,18433.076338653525,0.1749915999971563,0,45,0,0,144,1,0,1200.0,0.0
BLOCK_Kall_linear_bias1_physical_v3_334d,2025-04-21,0,39992.82033366182,0.9287480000057258,0,36,0,0,144,1,0,1200.0,0.0
BLOCK_Kall_linear_bias1_physical_v3_334d,2025-04-21,6,8886.962333615615,0.0749226000043563,0,15,0,0,144,1,0,1200.0,0.0
BLOCK_Kall_linear_bias1_physical_v3_334d,2025-04-21,12,11970.01707287057,0.3526661999931093,0,29,0,0,144,1,0,1200.0,0.0
BLOCK_Kall_linear_bias1_physical_v3_334d,2025-04-21,18,15911.972950746784,0.1200847000000067,0,48,0,0,144,1,0,1200.0,0.0
BLOCK_Kall_linear_bias1_physical_v3_334d,2025-04-22,0,35143.96522844057,0.3805855999962659,0,33,0,0,144,1,0,1200.0,0.0
BLOCK_Kall_linear_bias1_physical_v3_334d,2025-04-22,6,15317.79388731139,0.4222055999998702,0,85,0,0,144,1,0,1200.0,0.0
BLOCK_Kall_linear_bias1_physical_v3_334d,2025-04-22,12,15332.413673405386,0.5421177000098396,0,44,0,0,144,1,0,1200.0,0.0
BLOCK_Kall_linear_bias1_physical_v3_334d,2025-04-22,18,17534.89327345788,0.6845257000095444,0,60,0,0,144,1,0,1200.0,0.0
BLOCK_Kall_linear_bias1_physical_v3_334d,2025-04-23,0,34944.81716223301,0.5208767000003718,0,32,0,0,144,1,0,1200.0,0.0
BLOCK_Kall_linear_bias1_physical_v3_334d,2025-04-23,6,13012.383889269187,0.4193490000034217,0,74,0,0,144,1,0,1200.0,0.0
BLOCK_Kall_linear_bias1_physical_v3_334d,2025-04-23,12,14304.487751708592,0.6179400999972131,0,45,0,0,144,1,0,1200.0,0.0
BLOCK_Kall_linear_bias1_physical_v3_334d,2025-04-23,18,20267.96391163736,0.0921100999985355,0,39,0,0,144,1,0,1200.0,0.0
BLOCK_Kall_linear_bias1_physical_v3_334d,2025-04-24,0,36111.67072892232,0.7007534000003943,0,32,0,0,144,1,0,1200.0,0.0
BLOCK_Kall_linear_bias1_physical_v3_334d,2025-04-24,6,7429.053376979012,0.1983818000007886,0,39,0,0,144,1,0,1200.0,0.0
BLOCK_Kall_linear_bias1_physical_v3_334d,2025-04-24,12,9269.8100363399,0.1131956000026548,0,31,0,0,144,1,0,1200.0,0.0
BLOCK_Kall_linear_bias1_physical_v3_334d,2025-04-24,18,9321.523859697876,0.276745099996333,0,12,0,0,144,1,0,1200.0,0.0
BLOCK_Kall_linear_bias1_physical_v3_334d,2025-04-25,0,16904.31422051153,0.0851803999976255,0,4,0,0,144,1,0,1200.0,0.0
BLOCK_Kall_linear_bias1_physical_v3_334d,2025-04-25,6,7475.6110521159635,0.1909793999948306,0,25,0,0,144,1,0,1200.0,0.0
BLOCK_Kall_linear_bias1_physical_v3_334d,2025-04-25,12,7844.666210274948,0.3608309999981429,0,28,0,0,144,1,0,1200.0,0.0
BLOCK_Kall_linear_bias1_physical_v3_334d,2025-04-25,18,8013.574475386368,0.2244287000066833,0,28,0,0,144,1,0,1200.0,0.0
BLOCK_Kall_linear_bias1_physical_v3_334d,2025-04-26,0,15871.69604315011,0.557585200003814,0,3,0,0,144,1,0,1200.0,0.0
BLOCK_Kall_linear_bias1_physical_v3_334d,2025-04-26,6,10109.477736304549,0.07089210000413,0,31,0,0,144,1,0,1200.0,0.0
BLOCK_Kall_linear_bias1_physical_v3_334d,2025-04-26,12,15894.100329107816,0.5692569000093499,0,39,0,0,144,1,0,1200.0,0.0
BLOCK_Kall_linear_bias1_physical_v3_334d,2025-04-26,18,17343.389850576634,0.3328028000105405,0,57,0,0,144,1,0,1200.0,0.0
BLOCK_Kall_linear_bias1_physical_v3_334d,2025-04-27,0,32464.775968147354,0.4939350000058766,0,22,0,0,144,1,0,1200.0,0.0
BLOCK_Kall_linear_bias1_physical_v3_334d,2025-04-27,6,14201.44069138225,0.0963124999980209,0,83,0,0,144,1,0,1200.0,0.0
BLOCK_Kall_linear_bias1_physical_v3_334d,2025-04-27,12,14215.107169584468,0.185163799993461,0,38,0,0,144,1,0,1200.0,0.0
BLOCK_Kall_linear_bias1_physical_v3_334d,2025-04-27,18,31886.08448982081,0.1839159000082872,0,30,0,0,144,1,0,1200.0,0.0
BLOCK_Kall_linear_bias1_physical_v3_334d,2025-04-28,0,42453.63448956038,1.561084100001608,0,32,0,0,144,1,0,1200.0,0.0
BLOCK_Kall_linear_bias1_physical_v3_334d,2025-04-28,6,10488.841946752573,0.2967033000022638,0,41,0,0,144,1,0,1200.0,0.0
BLOCK_Kall_linear_bias1_physical_v3_334d,2025-04-28,12,12087.168260595588,0.1854698999959509,0,32,0,0,144,1,0,1200.0,0.0
BLOCK_Kall_linear_bias1_physical_v3_334d,2025-04-28,18,20347.08784484379,0.8262246000085725,0,53,0,0,144,1,0,1200.0,0.0
BLOCK_Kall_linear_bias1_physical_v3_334d,2025-04-29,0,36472.03199570545,1.0300939999870025,0,34,0,0,144,1,0,1200.0,0.0
BLOCK_Kall_linear_bias1_physical_v3_334d,2025-04-29,6,10295.995328850162,0.0842073999956483,0,30,0,0,144,1,0,1200.0,0.0
BLOCK_Kall_linear_bias1_physical_v3_334d,2025-04-29,12,13631.986235272696,0.3100388000020757,0,40,0,0,144,1,0,1200.0,0.0
BLOCK_Kall_linear_bias1_physical_v3_334d,2025-04-29,18,23567.960727898066,0.5898488000093494,0,62,0,0,144,1,0,1200.0,0.0
BLOCK_Kall_linear_bias1_physical_v3_334d,2025-04-30,0,35015.20243469573,0.5702780999999959,0,32,0,0,144,1,0,1200.0,0.0
BLOCK_Kall_linear_bias1_physical_v3_334d,2025-04-30,6,9577.279577495085,0.0883199000090826,0,25,0,0,144,1,0,1200.0,0.0
BLOCK_Kall_linear_bias1_physical_v3_334d,2025-04-30,12,14444.40530076776,0.1850123000040184,0,37,0,0,144,1,0,1200.0,0.0
BLOCK_Kall_linear_bias1_physical_v3_334d,2025-04-30,18,15683.42379742083,0.3841845000133617,0,51,0,0,144,1,0,1200.0,0.0
BLOCK_Kall_linear_bias1_physical_v3_334d,2025-05-01,0,37096.49950860842,0.6458310000016354,0,33,0,0,144,1,0,1200.0,0.0
BLOCK_Kall_linear_bias1_physical_v3_334d,2025-05-01,6,7655.370668361224,0.1079083000076934,0,33,0,0,144,1,0,1200.0,0.0
BLOCK_Kall_linear_bias1_physical_v3_334d,2025-05-01,12,8290.905568371441,0.4881916000013007,0,33,0,0,144,1,0,1200.0,0.0
BLOCK_Kall_linear_bias1_physical_v3_334d,2025-05-01,18,11775.242320737443,0.9681707999989158,0,20,0,0,144,1,0,1200.0,0.0
BLOCK_Kall_linear_bias1_physical_v3_334d,2025-05-02,0,20287.815151226598,0.1410945999959949,0,15,0,0,144,1,0,1200.0,0.0
BLOCK_Kall_linear_bias1_physical_v3_334d,2025-05-02,6,8198.300980803468,0.0965097999869613,0,25,0,0,144,1,0,1200.0,0.0
BLOCK_Kall_linear_bias1_physical_v3_334d,2025-05-02,12,8052.756792374234,0.118620599998394,0,26,0,0,144,1,0,1200.0,0.0
BLOCK_Kall_linear_bias1_physical_v3_334d,2025-05-02,18,8297.491737225377,0.1453140000085113,0,29,0,0,144,1,0,1200.0,0.0
BLOCK_Kall_linear_bias1_physical_v3_334d,2025-05-03,0,17624.989793064513,0.0559721000026911,0,5,0,0,144,1,0,1200.0,0.0
BLOCK_Kall_linear_bias1_physical_v3_334d,2025-05-03,6,10067.073341115462,0.0686115999997127,0,27,0,0,144,1,0,1200.0,0.0
BLOCK_Kall_linear_bias1_physical_v3_334d,2025-05-03,12,13766.780879402862,0.4187653999979375,0,37,0,0,144,1,0,1200.0,0.0
BLOCK_Kall_linear_bias1_physical_v3_334d,2025-05-03,18,14524.770413462276,0.5186188999941805,0,50,0,0,144,1,0,1200.0,0.0
BLOCK_Kall_linear_bias1_physical_v3_334d,2025-05-04,0,37842.50897907691,0.2241512000036891,0,33,0,0,144,1,0,1200.0,0.0
BLOCK_Kall_linear_bias1_physical_v3_334d,2025-05-04,6,10392.042780822629,0.0754976000025635,0,33,0,0,144,1,0,1200.0,0.0
BLOCK_Kall_linear_bias1_physical_v3_334d,2025-05-04,12,15192.065134255825,0.1283925000025192,0,29,0,0,144,1,0,1200.0,0.0
BLOCK_Kall_linear_bias1_physical_v3_334d,2025-05-04,18,33672.76255203587,0.157188800003496,0,28,0,0,144,1,0,1200.0,0.0
BLOCK_Kall_linear_bias1_physical_v3_334d,2025-05-05,0,42748.355445793466,0.5157592000032309,0,40,0,0,144,1,0,1200.0,0.0
BLOCK_Kall_linear_bias1_physical_v3_334d,2025-05-05,6,9557.022197727929,0.0886569000140298,0,32,0,0,144,1,0,1200.0,0.0
BLOCK_Kall_linear_bias1_physical_v3_334d,2025-05-05,12,12664.437497033095,0.5062355999980355,0,37,0,0,144,1,0,1200.0,0.0
BLOCK_Kall_linear_bias1_physical_v3_334d,2025-05-05,18,16251.947462466544,0.1905354000045918,0,39,0,0,144,1,0,1200.0,0.0
BLOCK_Kall_linear_bias1_physical_v3_334d,2025-05-06,0,37206.38769083476,0.8988836000062292,0,33,0,0,144,1,0,1200.0,0.0
BLOCK_Kall_linear_bias1_physical_v3_334d,2025-05-06,6,12821.429894567107,0.1050023999996483,0,77,0,0,144,1,0,1200.0,0.0
BLOCK_Kall_linear_bias1_physical_v3_334d,2025-05-06,12,22249.74859550612,0.1599419999984093,0,42,0,0,144,1,0,1200.0,0.0
BLOCK_Kall_linear_bias1_physical_v3_334d,2025-05-06,18,19918.16746431509,0.169753900001524,0,48,0,0,144,1,0,1200.0,0.0
BLOCK_Kall_linear_bias1_physical_v3_334d,2025-05-07,0,40077.350790789766,0.8791951999883167,0,34,0,0,144,1,0,1200.0,0.0
BLOCK_Kall_linear_bias1_physical_v3_334d,2025-05-07,6,12785.531641872944,0.0649476000107824,0,78,0,0,144,1,0,1200.0,0.0
BLOCK_Kall_linear_bias1_physical_v3_334d,2025-05-07,12,18755.35467249061,0.2543030999950133,0,49,0,0,144,1,0,1200.0,0.0
BLOCK_Kall_linear_bias1_physical_v3_334d,2025-05-07,18,17324.711008397775,0.3022426999959862,0,48,0,0,144,1,0,1200.0,0.0
BLOCK_Kall_linear_bias1_physical_v3_334d,2025-05-08,0,43997.948997831285,0.3679711000004317,0,39,0,0,144,1,0,1200.0,0.0
BLOCK_Kall_linear_bias1_physical_v3_334d,2025-05-08,6,8222.939136302335,0.1803095999930519,0,25,0,0,144,1,0,1200.0,0.0
BLOCK_Kall_linear_bias1_physical_v3_334d,2025-05-08,12,12129.419037527388,0.9868025999894598,0,46,0,0,144,1,0,1200.0,0.0
BLOCK_Kall_linear_bias1_physical_v3_334d,2025-05-08,18,9566.89526261748,0.1769402000063564,0,31,0,0,144,1,0,1200.0,0.0
BLOCK_Kall_linear_bias1_physical_v3_334d,2025-05-09,0,22058.425997704388,0.1707048000098439,0,21,0,0,144,1,0,1200.0,0.0
BLOCK_Kall_linear_bias1_physical_v3_334d,2025-05-09,6,8457.348013745168,0.4494533999968553,0,17,0,0,144,1,0,1200.0,0.0
BLOCK_Kall_linear_bias1_physical_v3_334d,2025-05-09,12,8411.269414054763,0.7484789000009187,0,30,0,0,144,1,0,1200.0,0.0
BLOCK_Kall_linear_bias1_physical_v3_334d,2025-05-09,18,6416.188757178301,0.0861140000051818,0,25,0,0,144,1,0,1200.0,0.0
BLOCK_Kall_linear_bias1_physical_v3_334d,2025-05-10,0,19202.20781264051,0.2365929999941727,0,3,0,0,144,1,0,1200.0,0.0
BLOCK_Kall_linear_bias1_physical_v3_334d,2025-05-10,6,12378.277922101524,0.2283491999987745,0,30,0,0,144,1,0,1200.0,0.0
BLOCK_Kall_linear_bias1_physical_v3_334d,2025-05-10,12,13542.846313125332,0.2241231000080006,0,41,0,0,144,1,0,1200.0,0.0
BLOCK_Kall_linear_bias1_physical_v3_334d,2025-05-10,18,29433.827968553866,0.2415986999985762,0,54,0,0,144,1,0,1200.0,0.0
BLOCK_Kall_linear_bias1_physical_v3_334d,2025-05-11,0,39308.95660325552,0.8924655000009807,0,33,0,0,144,1,0,1200.0,0.0
BLOCK_Kall_linear_bias1_physical_v3_334d,2025-05-11,6,13978.793863648609,0.1304537000105483,0,70,0,0,144,1,0,1200.0,0.0
BLOCK_Kall_linear_bias1_physical_v3_334d,2025-05-11,12,16653.4476542077,0.1233631999930366,0,35,0,0,144,1,0,1200.0,0.0
BLOCK_Kall_linear_bias1_physical_v3_334d,2025-05-11,18,23369.67287896021,0.2780559999955585,0,30,0,0,144,1,0,1200.0,0.0
BLOCK_Kall_linear_bias1_physical_v3_334d,2025-05-12,0,38704.20773480022,0.7861769000010099,0,34,0,0,144,1,0,1200.0,0.0
BLOCK_Kall_linear_bias1_physical_v3_334d,2025-05-12,6,16852.06264186354,0.1356961999990744,0,80,0,0,144,1,0,1200.0,0.0
BLOCK_Kall_linear_bias1_physical_v3_334d,2025-05-12,12,15087.15340888616,0.2004841000016313,0,35,0,0,144,1,0,1200.0,0.0
BLOCK_Kall_linear_bias1_physical_v3_334d,2025-05-12,18,25118.94228997993,0.5566065000020899,0,56,0,0,144,1,0,1200.0,0.0
BLOCK_Kall_linear_bias1_physical_v3_334d,2025-05-13,0,44318.60892564776,0.3706740999914473,0,36,0,0,144,1,0,1200.0,0.0
BLOCK_Kall_linear_bias1_physical_v3_334d,2025-05-13,6,9729.089017481436,0.0745083000074373,0,39,0,0,144,1,0,1200.0,0.0
BLOCK_Kall_linear_bias1_physical_v3_334d,2025-05-13,12,23262.19311163252,0.2938805000012507,0,52,0,0,144,1,0,1200.0,0.0
BLOCK_Kall_linear_bias1_physical_v3_334d,2025-05-13,18,20782.72931122459,0.4378247999993618,0,65,0,0,144,1,0,1200.0,0.0
BLOCK_Kall_linear_bias1_physical_v3_334d,2025-05-14,0,43615.52956673162,0.727439599999343,0,37,0,0,144,1,0,1200.0,0.0
BLOCK_Kall_linear_bias1_physical_v3_334d,2025-05-14,6,11162.25791716694,0.1797713000123622,0,50,0,0,144,1,0,1200.0,0.0
BLOCK_Kall_linear_bias1_physical_v3_334d,2025-05-14,12,12481.275213064162,0.0901475999999092,0,38,0,0,144,1,0,1200.0,0.0
BLOCK_Kall_linear_bias1_physical_v3_334d,2025-05-14,18,20279.816617610413,0.8273853999999119,0,69,0,0,144,1,0,1200.0,0.0
BLOCK_Kall_linear_bias1_physical_v3_334d,2025-05-15,0,42759.49708244429,0.1939348000014433,0,32,0,0,144,1,0,1200.0,0.0
BLOCK_Kall_linear_bias1_physical_v3_334d,2025-05-15,6,10508.37386829985,0.2564854000083869,0,64,0,0,144,1,0,1200.0,0.0
BLOCK_Kall_linear_bias1_physical_v3_334d,2025-05-15,12,8129.068584287143,0.5553757000016049,0,28,0,0,144,1,0,1200.0,0.0
BLOCK_Kall_linear_bias1_physical_v3_334d,2025-05-15,18,8465.810400063061,0.192955400008941,0,23,0,0,144,1,0,1200.0,0.0
BLOCK_Kall_linear_bias1_physical_v3_334d,2025-05-16,0,20175.63079203208,0.7364289999968605,0,2,0,0,144,1,0,1200.0,0.0
BLOCK_Kall_linear_bias1_physical_v3_334d,2025-05-16,6,7637.983732010006,0.3440601000038441,0,18,0,0,144,1,0,1200.0,0.0
BLOCK_Kall_linear_bias1_physical_v3_334d,2025-05-16,12,7326.351967732442,0.1759719999972731,0,26,0,0,144,1,0,1200.0,0.0
BLOCK_Kall_linear_bias1_physical_v3_334d,2025-05-16,18,6601.738041196119,0.2708276999910595,0,25,0,0,144,1,0,1200.0,0.0
BLOCK_Kall_linear_bias1_physical_v3_334d,2025-05-17,0,19336.951818517467,0.5573423000023467,0,2,0,0,144,1,0,1200.0,0.0
BLOCK_Kall_linear_bias1_physical_v3_334d,2025-05-17,6,10093.521983030523,0.1879863000067416,0,25,0,0,144,1,0,1200.0,0.0
BLOCK_Kall_linear_bias1_physical_v3_334d,2025-05-17,12,14526.836884093642,0.1448619000002509,0,42,0,0,144,1,0,1200.0,0.0
BLOCK_Kall_linear_bias1_physical_v3_334d,2025-05-17,18,15728.049267284025,0.2508724000072106,0,59,0,0,144,1,0,1200.0,0.0
BLOCK_Kall_linear_bias1_physical_v3_334d,2025-05-18,0,41596.87746136379,0.1906331999925896,0,36,0,0,144,1,0,1200.0,0.0
BLOCK_Kall_linear_bias1_physical_v3_334d,2025-05-18,6,10859.53415505676,0.1680694000096991,0,28,0,0,144,1,0,1200.0,0.0
BLOCK_Kall_linear_bias1_physical_v3_334d,2025-05-18,12,17588.490482388894,0.2121145999990403,0,41,0,0,144,1,0,1200.0,0.0
BLOCK_Kall_linear_bias1_physical_v3_334d,2025-05-18,18,21556.00958397143,0.8451447000115877,0,50,0,0,144,1,0,1200.0,0.0
BLOCK_Kall_linear_bias1_physical_v3_334d,2025-05-19,0,39741.55215949673,0.1639423999877181,0,35,0,0,144,1,0,1200.0,0.0
BLOCK_Kall_linear_bias1_physical_v3_334d,2025-05-19,6,10261.682911945878,0.1637210000044433,0,38,0,0,144,1,0,1200.0,0.0
BLOCK_Kall_linear_bias1_physical_v3_334d,2025-05-19,12,18148.561326001964,0.1620126999914646,0,51,0,0,144,1,0,1200.0,0.0
BLOCK_Kall_linear_bias1_physical_v3_334d,2025-05-19,18,20211.03857309491,0.2937021999969147,0,61,0,0,144,1,0,1200.0,0.0
BLOCK_Kall_linear_bias1_physical_v3_334d,2025-05-20,0,39546.93714318879,0.5114270000049146,0,34,0,0,144,1,0,1200.0,0.0
BLOCK_Kall_linear_bias1_physical_v3_334d,2025-05-20,6,12461.45767306284,0.1281502999918302,0,65,0,0,144,1,0,1200.0,0.0
BLOCK_Kall_linear_bias1_physical_v3_334d,2025-05-20,12,13431.911199233817,0.4740383999887854,0,58,0,0,144,1,0,1200.0,0.0
BLOCK_Kall_linear_bias1_physical_v3_334d,2025-05-20,18,24541.13987679261,0.1380619999981718,0,52,0,0,144,1,0,1200.0,0.0
BLOCK_Kall_linear_bias1_physical_v3_334d,2025-05-21,0,37239.75500017276,0.6343720000004396,0,31,0,0,144,1,0,1200.0,0.0
BLOCK_Kall_linear_bias1_physical_v3_334d,2025-05-21,6,13968.489983925534,0.5857456999947317,0,89,0,0,144,1,0,1200.0,0.0
BLOCK_Kall_linear_bias1_physical_v3_334d,2025-05-21,12,16260.232096749822,0.1974596999934874,0,43,0,0,144,1,0,1200.0,0.0
BLOCK_Kall_linear_bias1_physical_v3_334d,2025-05-21,18,21465.860719684788,0.2931711999990511,0,59,0,0,144,1,0,1200.0,0.0
BLOCK_Kall_linear_bias1_physical_v3_334d,2025-05-22,0,38410.48425085938,0.3437769999873126,0,33,0,0,144,1,0,1200.0,0.0
BLOCK_Kall_linear_bias1_physical_v3_334d,2025-05-22,6,7672.728522002718,0.3591005999915069,0,29,0,0,144,1,0,1200.0,0.0
BLOCK_Kall_linear_bias1_physical_v3_334d,2025-05-22,12,7946.74228349482,0.1240477999963332,0,29,0,0,144,1,0,1200.0,0.0
BLOCK_Kall_linear_bias1_physical_v3_334d,2025-05-22,18,9772.839739276093,0.6839419999887468,0,28,0,0,144,1,0,1200.0,0.0
BLOCK_Kall_linear_bias1_physical_v3_334d,2025-05-23,0,18441.86342878912,0.1572351999930106,0,3,0,0,144,1,0,1200.0,0.0
BLOCK_Kall_linear_bias1_physical_v3_334d,2025-05-23,6,7556.794468384544,0.1782520999986445,0,17,0,0,144,1,0,1200.0,0.0
BLOCK_Kall_linear_bias1_physical_v3_334d,2025-05-23,12,8263.859215930011,0.608665399995516,0,30,0,0,144,1,0,1200.0,0.0
BLOCK_Kall_linear_bias1_physical_v3_334d,2025-05-23,18,7002.448587008996,0.4702202000044053,0,25,0,0,144,1,0,1200.0,0.0
BLOCK_Kall_linear_bias1_physical_v3_334d,2025-05-24,0,19304.82257566566,0.6897785999899497,0,2,0,0,144,1,0,1200.0,0.0
BLOCK_Kall_linear_bias1_physical_v3_334d,2025-05-24,6,10218.147819987988,0.1812044000107562,0,25,0,0,144,1,0,1200.0,0.0
BLOCK_Kall_linear_bias1_physical_v3_334d,2025-05-24,12,14110.458283388658,0.6858441999938805,0,38,0,0,144,1,0,1200.0,0.0
BLOCK_Kall_linear_bias1_physical_v3_334d,2025-05-24,18,16913.272554213116,0.5009288000001106,0,58,0,0,144,1,0,1200.0,0.0
BLOCK_Kall_linear_bias1_physical_v3_334d,2025-05-25,0,37148.04471713025,0.5355962000030559,0,33,0,0,144,1,0,1200.0,0.0
BLOCK_Kall_linear_bias1_physical_v3_334d,2025-05-25,6,11624.81453703522,0.0835530000040307,0,46,0,0,144,1,0,1200.0,0.0
BLOCK_Kall_linear_bias1_physical_v3_334d,2025-05-25,12,27162.47991895316,0.1563594000035664,0,39,0,0,144,1,0,1200.0,0.0
BLOCK_Kall_linear_bias1_physical_v3_334d,2025-05-25,18,29517.40486259712,0.209799699994619,0,33,0,0,144,1,0,1200.0,0.0
BLOCK_Kall_linear_bias1_physical_v3_334d,2025-05-26,0,38286.817098682695,0.985629799994058,0,34,0,0,144,1,0,1200.0,0.0
BLOCK_Kall_linear_bias1_physical_v3_334d,2025-05-26,6,11164.539306495257,0.0808069999911822,0,64,0,0,144,1,0,1200.0,0.0
BLOCK_Kall_linear_bias1_physical_v3_334d,2025-05-26,12,13959.651591953112,0.4782564000051934,0,65,0,0,144,1,0,1200.0,0.0
BLOCK_Kall_linear_bias1_physical_v3_334d,2025-05-26,18,22709.239003230294,0.1446837999974377,0,53,0,0,144,1,0,1200.0,0.0
BLOCK_Kall_linear_bias1_physical_v3_334d,2025-05-27,0,36434.59481338807,0.4282877999939956,0,34,0,0,144,1,0,1200.0,0.0
BLOCK_Kall_linear_bias1_physical_v3_334d,2025-05-27,6,13788.428633866904,0.0566815999918617,0,84,0,0,144,1,0,1200.0,0.0
BLOCK_Kall_linear_bias1_physical_v3_334d,2025-05-27,12,16458.29620152074,0.4321063999959733,0,48,0,0,144,1,0,1200.0,0.0
BLOCK_Kall_linear_bias1_physical_v3_334d,2025-05-27,18,18406.32390772984,0.7457435999967856,0,60,0,0,144,1,0,1200.0,0.0
BLOCK_Kall_linear_bias1_physical_v3_334d,2025-05-28,0,40654.289298877455,0.26525079998828,0,36,0,0,144,1,0,1200.0,0.0
BLOCK_Kall_linear_bias1_physical_v3_334d,2025-05-28,6,9565.270027979155,0.0750362000107998,0,38,0,0,144,1,0,1200.0,0.0
BLOCK_Kall_linear_bias1_physical_v3_334d,2025-05-28,12,20513.825859633893,0.1412333000043872,0,41,0,0,144,1,0,1200.0,0.0
BLOCK_Kall_linear_bias1_physical_v3_334d,2025-05-28,18,18981.822924186534,0.2012194999988423,0,39,0,0,144,1,0,1200.0,0.0
BLOCK_Kall_linear_bias1_physical_v3_334d,2025-05-29,0,40135.335228791504,0.6871119999996154,0,35,0,0,144,1,0,1200.0,0.0
BLOCK_Kall_linear_bias1_physical_v3_334d,2025-05-29,6,9355.4333442326,0.0921784999954979,0,49,0,0,144,1,0,1200.0,0.0
BLOCK_Kall_linear_bias1_physical_v3_334d,2025-05-29,12,8476.503067835283,0.1630279999953927,0,31,0,0,144,1,0,1200.0,0.0
BLOCK_Kall_linear_bias1_physical_v3_334d,2025-05-29,18,11289.529358550546,0.4264148999936878,0,6,0,0,144,1,0,1200.0,0.0
BLOCK_Kall_linear_bias1_physical_v3_334d,2025-05-30,0,19593.36613999143,0.1919342999899527,0,3,0,0,144,1,0,1200.0,0.0
BLOCK_Kall_linear_bias1_physical_v3_334d,2025-05-30,6,7764.280556172586,0.0378272000089054,0,17,0,0,144,1,0,1200.0,0.0
BLOCK_Kall_linear_bias1_physical_v3_334d,2025-05-30,12,7758.707079807111,0.0869537999969907,0,26,0,0,144,1,0,1200.0,0.0
BLOCK_Kall_linear_bias1_physical_v3_334d,2025-05-30,18,8361.395682861916,0.1898765999940224,0,29,0,0,144,1,0,1200.0,0.0
BLOCK_Kall_linear_bias1_physical_v3_334d,2025-05-31,0,20896.272123086677,0.1873396000009961,0,3,0,0,144,1,0,1200.0,0.0
BLOCK_Kall_linear_bias1_physical_v3_334d,2025-05-31,6,9960.683647041607,0.0839689999993424,0,24,0,0,144,1,0,1200.0,0.0
BLOCK_Kall_linear_bias1_physical_v3_334d,2025-05-31,12,14921.888097550936,0.4255100000009406,0,39,0,0,144,1,0,1200.0,0.0
BLOCK_Kall_linear_bias1_physical_v3_334d,2025-05-31,18,24106.909801287416,0.6410553000023356,0,61,0,0,144,1,0,1200.0,0.0
BLOCK_Kall_linear_bias1_physical_v3_334d,2025-06-01,0,47000.10790592405,0.1751340000046184,0,26,0,0,144,1,0,1200.0,0.0
BLOCK_Kall_linear_bias1_physical_v3_334d,2025-06-01,6,11944.629886849136,0.2177539999975124,0,32,0,0,144,1,0,1200.0,0.0
BLOCK_Kall_linear_bias1_physical_v3_334d,2025-06-01,12,16485.16898488829,0.150123600004008,0,33,0,0,144,1,0,1200.0,0.0
BLOCK_Kall_linear_bias1_physical_v3_334d,2025-06-01,18,35783.388192453094,0.8100299000070663,0,36,0,0,144,1,0,1200.0,0.0
BLOCK_Kall_linear_bias1_physical_v3_334d,2025-06-02,0,54168.91570463285,0.4047252000018488,0,31,0,0,144,1,0,1200.0,0.0
BLOCK_Kall_linear_bias1_physical_v3_334d,2025-06-02,6,7447.7475714065,0.0807547000003978,0,28,0,0,144,1,0,1200.0,0.0
BLOCK_Kall_linear_bias1_physical_v3_334d,2025-06-02,12,13748.049088200649,0.6417220000002999,0,48,0,0,144,1,0,1200.0,0.0
BLOCK_Kall_linear_bias1_physical_v3_334d,2025-06-02,18,25296.83952052344,0.5499394999933429,0,39,0,0,144,1,0,1200.0,0.0
BLOCK_Kall_linear_bias1_physical_v3_334d,2025-06-03,0,51314.71546779474,0.5816229000047315,0,30,0,0,144,1,0,1200.0,0.0
BLOCK_Kall_linear_bias1_physical_v3_334d,2025-06-03,6,12800.343143631077,0.3240701999893645,0,43,0,0,144,1,0,1200.0,0.0
BLOCK_Kall_linear_bias1_physical_v3_334d,2025-06-03,12,17651.575217383805,0.1842190000024857,0,51,0,0,144,1,0,1200.0,0.0
BLOCK_Kall_linear_bias1_physical_v3_334d,2025-06-03,18,22642.56913127729,0.4902366000023903,0,38,0,0,144,1,0,1200.0,0.0
BLOCK_Kall_linear_bias1_physical_v3_334d,2025-06-04,0,59035.77594940925,1.5057953000068665,0,31,0,0,144,1,0,1200.0,0.0
BLOCK_Kall_linear_bias1_physical_v3_334d,2025-06-04,6,7199.281957697714,0.059488600003533,0,20,0,0,144,1,0,1200.0,0.0
BLOCK_Kall_linear_bias1_physical_v3_334d,2025-06-04,12,15960.769585395592,0.4211814000009326,0,66,0,0,144,1,0,1200.0,0.0
BLOCK_Kall_linear_bias1_physical_v3_334d,2025-06-04,18,30865.840420515226,0.4318590999901062,0,52,0,0,144,1,0,1200.0,0.0
BLOCK_Kall_linear_bias1_physical_v3_334d,2025-06-05,0,51229.89645662251,0.1983877000020584,0,31,0,0,144,1,0,1200.0,0.0
BLOCK_Kall_linear_bias1_physical_v3_334d,2025-06-05,6,10776.798283109149,0.1450944999960484,0,32,0,0,144,1,0,1200.0,0.0
BLOCK_Kall_linear_bias1_physical_v3_334d,2025-06-05,12,12060.116403801552,0.1377764999924693,0,35,0,0,144,1,0,1200.0,0.0
BLOCK_Kall_linear_bias1_physical_v3_334d,2025-06-05,18,15532.017107879168,0.2627788999961922,0,51,0,0,144,1,0,1200.0,0.0
BLOCK_Kall_linear_bias1_physical_v3_334d,2025-06-06,0,30623.35664009114,0.1992411999963224,0,31,0,0,144,1,0,1200.0,0.0
BLOCK_Kall_linear_bias1_physical_v3_334d,2025-06-06,6,8185.378802235719,0.0523161000019172,0,14,0,0,144,1,0,1200.0,0.0
BLOCK_Kall_linear_bias1_physical_v3_334d,2025-06-06,12,7603.4392337558365,0.0903778999927453,0,27,0,0,144,1,0,1200.0,0.0
BLOCK_Kall_linear_bias1_physical_v3_334d,2025-06-06,18,13417.560297726264,0.7850508999981685,0,55,0,0,144,1,0,1200.0,0.0
BLOCK_Kall_linear_bias1_physical_v3_334d,2025-06-07,0,29434.109478618044,0.2441377999930409,0,33,0,0,144,1,0,1200.0,0.0
BLOCK_Kall_linear_bias1_physical_v3_334d,2025-06-07,6,11382.239746100006,0.0552181999955792,0,26,0,0,144,1,0,1200.0,0.0
BLOCK_Kall_linear_bias1_physical_v3_334d,2025-06-07,12,14704.968753194296,0.1914445999864256,0,38,0,0,144,1,0,1200.0,0.0
BLOCK_Kall_linear_bias1_physical_v3_334d,2025-06-07,18,23225.22286938793,0.4375891000090632,0,50,0,0,144,1,0,1200.0,0.0
BLOCK_Kall_linear_bias1_physical_v3_334d,2025-06-08,0,48420.48999995848,0.3255033999885199,0,36,0,0,144,1,0,1200.0,0.0
BLOCK_Kall_linear_bias1_physical_v3_334d,2025-06-08,6,15636.982488507434,0.1020352000050479,0,82,0,0,144,1,0,1200.0,0.0
BLOCK_Kall_linear_bias1_physical_v3_334d,2025-06-08,12,20211.63729433071,1.6771468999941137,0,60,0,0,144,1,0,1200.0,0.0
BLOCK_Kall_linear_bias1_physical_v3_334d,2025-06-08,18,34081.97804183822,1.4679705000016838,0,42,0,0,144,1,0,1200.0,0.0
BLOCK_Kall_linear_bias1_physical_v3_334d,2025-06-09,0,60143.16530824901,1.7974281999922823,0,29,0,0,144,1,0,1200.0,0.0
BLOCK_Kall_linear_bias1_physical_v3_334d,2025-06-09,6,9831.407420829077,0.055592600008822,0,28,0,0,144,1,0,1200.0,0.0
BLOCK_Kall_linear_bias1_physical_v3_334d,2025-06-09,12,23517.55985321978,0.1884869999921647,0,42,0,0,144,1,0,1200.0,0.0
BLOCK_Kall_linear_bias1_physical_v3_334d,2025-06-09,18,30794.609024557685,0.7675238999945577,0,62,0,0,144,1,0,1200.0,0.0
BLOCK_Kall_linear_bias1_physical_v3_334d,2025-06-10,0,54254.67720234713,0.2390277999948011,0,36,0,0,144,1,0,1200.0,0.0
BLOCK_Kall_linear_bias1_physical_v3_334d,2025-06-10,6,12756.690024479964,0.5942123999993782,0,47,0,0,144,1,0,1200.0,0.0
BLOCK_Kall_linear_bias1_physical_v3_334d,2025-06-10,12,28394.87003740305,0.2939872999995714,0,68,0,0,144,1,0,1200.0,0.0
BLOCK_Kall_linear_bias1_physical_v3_334d,2025-06-10,18,39435.90473626469,1.0055812999926277,0,56,0,0,144,1,0,1200.0,0.0
BLOCK_Kall_linear_bias1_physical_v3_334d,2025-06-11,0,57562.36517038326,0.1741658999962965,0,33,0,0,144,1,0,1200.0,0.0
BLOCK_Kall_linear_bias1_physical_v3_334d,2025-06-11,6,14117.421278808884,0.0723930999956792,0,48,0,0,144,1,0,1200.0,0.0
BLOCK_Kall_linear_bias1_physical_v3_334d,2025-06-11,12,20379.354694070866,0.4269736999995075,0,62,0,0,144,1,0,1200.0,0.0
BLOCK_Kall_linear_bias1_physical_v3_334d,2025-06-11,18,37112.45305077703,0.3728008000034606,0,56,0,0,144,1,0,1200.0,0.0
BLOCK_Kall_linear_bias1_physical_v3_334d,2025-06-12,0,56912.120694106976,0.8900543000054313,0,31,0,0,144,1,0,1200.0,0.0
BLOCK_Kall_linear_bias1_physical_v3_334d,2025-06-12,6,10730.304327638638,0.2924148000020068,0,64,0,0,144,1,0,1200.0,0.0
BLOCK_Kall_linear_bias1_physical_v3_334d,2025-06-12,12,14998.474409415508,0.4234407000039937,0,49,0,0,144,1,0,1200.0,0.0
BLOCK_Kall_linear_bias1_physical_v3_334d,2025-06-12,18,16753.942224046303,0.4287741000007372,0,54,0,0,144,1,0,1200.0,0.0
BLOCK_Kall_linear_bias1_physical_v3_334d,2025-06-13,0,32993.25554143155,0.2026978999929269,0,25,0,0,144,1,0,1200.0,0.0
BLOCK_Kall_linear_bias1_physical_v3_334d,2025-06-13,6,8995.567728110502,0.1911357999924803,0,25,0,0,144,1,0,1200.0,0.0
BLOCK_Kall_linear_bias1_physical_v3_334d,2025-06-13,12,9136.89352224249,0.1756163999962154,0,27,0,0,144,1,0,1200.0,0.0
BLOCK_Kall_linear_bias1_physical_v3_334d,2025-06-13,18,13079.17436937085,0.4219914999994216,0,50,0,0,144,1,0,1200.0,0.0
BLOCK_Kall_linear_bias1_physical_v3_334d,2025-06-14,0,29904.42200323741,0.9736513999960152,0,25,0,0,144,1,0,1200.0,0.0
BLOCK_Kall_linear_bias1_physical_v3_334d,2025-06-14,6,11519.52612075064,0.056877600000007,0,25,0,0,144,1,0,1200.0,0.0
BLOCK_Kall_linear_bias1_physical_v3_334d,2025-06-14,12,14443.609976463677,1.209935000006226,0,38,0,0,144,1,0,1200.0,0.0
BLOCK_Kall_linear_bias1_physical_v3_334d,2025-06-14,18,30030.542236041638,0.9693751999875532,0,53,0,0,144,1,0,1200.0,0.0
BLOCK_Kall_linear_bias1_physical_v3_334d,2025-06-15,0,49270.76787499294,0.658364500006428,0,38,0,0,144,1,0,1200.0,1.0
BLOCK_Kall_linear_bias1_physical_v3_334d,2025-06-15,6,15908.079707348574,0.101605699994252,0,83,0,0,144,1,0,1200.0,0.0
BLOCK_Kall_linear_bias1_physical_v3_334d,2025-06-15,12,25715.80676685549,0.494150600003195,0,74,0,0,144,1,0,1200.0,0.0
BLOCK_Kall_linear_bias1_physical_v3_334d,2025-06-15,18,42006.74221012277,0.6857285000005504,0,42,0,0,144,1,0,1200.0,0.0
BLOCK_Kall_linear_bias1_physical_v3_334d,2025-06-16,0,54534.1053813078,0.183781400002772,0,33,0,0,144,1,0,1200.0,0.0
BLOCK_Kall_linear_bias1_physical_v3_334d,2025-06-16,6,14747.695917382354,0.0929260999982943,0,81,0,0,144,1,0,1200.0,0.0
BLOCK_Kall_linear_bias1_physical_v3_334d,2025-06-16,12,20319.430888193005,0.1746009000053163,0,48,0,0,144,1,0,1200.0,0.0
BLOCK_Kall_linear_bias1_physical_v3_334d,2025-06-16,18,39962.62157460619,0.3714113000023644,0,57,0,0,144,1,0,1200.0,0.0
BLOCK_Kall_linear_bias1_physical_v3_334d,2025-06-17,0,55344.88992014499,0.877236800006358,0,31,0,0,144,1,0,1200.0,0.0
BLOCK_Kall_linear_bias1_physical_v3_334d,2025-06-17,6,16361.576286572785,0.0981583999964641,0,86,0,0,144,1,0,1200.0,0.0
BLOCK_Kall_linear_bias1_physical_v3_334d,2025-06-17,12,19915.0733227555,0.6339792999933707,0,55,0,0,144,1,0,1200.0,0.0
BLOCK_Kall_linear_bias1_physical_v3_334d,2025-06-17,18,36598.38362687761,0.6891789999936009,0,56,0,0,144,1,0,1200.0,0.0
BLOCK_Kall_linear_bias1_physical_v3_334d,2025-06-18,0,55416.002423833226,0.2900361999927554,0,30,0,0,144,1,0,1200.0,0.0
BLOCK_Kall_linear_bias1_physical_v3_334d,2025-06-18,6,17388.03212044296,0.1778548000002047,0,88,0,0,144,1,0,1200.0,0.0
BLOCK_Kall_linear_bias1_physical_v3_334d,2025-06-18,12,21062.406983730656,0.0991576000087661,0,58,0,0,144,1,0,1200.0,0.0
BLOCK_Kall_linear_bias1_physical_v3_334d,2025-06-18,18,33661.11589441935,1.0879262000089511,0,53,0,0,144,1,0,1200.0,0.0
BLOCK_Kall_linear_bias1_physical_v3_334d,2025-06-19,0,51565.76993577928,0.2126006999897072,0,33,0,0,144,1,0,1200.0,0.0
BLOCK_Kall_linear_bias1_physical_v3_334d,2025-06-19,6,10771.712951507629,0.1954241999919759,0,64,0,0,144,1,0,1200.0,0.0
BLOCK_Kall_linear_bias1_physical_v3_334d,2025-06-19,12,14418.174071544738,0.1823769000038737,0,36,0,0,144,1,0,1200.0,0.0
BLOCK_Kall_linear_bias1_physical_v3_334d,2025-06-19,18,9319.1066044047,0.1226466999942204,0,25,0,0,144,1,0,1200.0,0.0
BLOCK_Kall_linear_bias1_physical_v3_334d,2025-06-20,0,28509.436313291848,1.8392238999949768,0,26,0,0,144,1,0,1200.0,0.0
BLOCK_Kall_linear_bias1_physical_v3_334d,2025-06-20,6,8418.758626589932,0.2337399999960325,0,17,0,0,144,1,0,1200.0,0.0
BLOCK_Kall_linear_bias1_physical_v3_334d,2025-06-20,12,10920.176212400243,0.1655007999943336,0,32,0,0,144,1,0,1200.0,0.0
BLOCK_Kall_linear_bias1_physical_v3_334d,2025-06-20,18,6899.092307875482,0.0789327999955276,0,25,0,0,144,1,0,1200.0,0.0
BLOCK_Kall_linear_bias1_physical_v3_334d,2025-06-21,0,26707.598448809335,0.1048879000009037,0,9,0,0,144,1,0,1200.0,0.0
BLOCK_Kall_linear_bias1_physical_v3_334d,2025-06-21,6,11470.772594204616,0.0601502999925287,0,26,0,0,144,1,0,1200.0,0.0
BLOCK_Kall_linear_bias1_physical_v3_334d,2025-06-21,12,15724.13340779892,0.5540761000011116,0,40,0,0,144,1,0,1200.0,0.0
BLOCK_Kall_linear_bias1_physical_v3_334d,2025-06-21,18,25185.027001265546,0.914752700002282,0,53,0,0,144,1,0,1200.0,0.0
BLOCK_Kall_linear_bias1_physical_v3_334d,2025-06-22,0,48578.408695636885,0.5913242999959039,0,27,0,0,144,1,0,1200.0,0.0
BLOCK_Kall_linear_bias1_physical_v3_334d,2025-06-22,6,16616.062985588862,0.6427155999990646,0,57,0,0,144,1,0,1200.0,0.0
BLOCK_Kall_linear_bias1_physical_v3_334d,2025-06-22,12,23822.019184125093,0.875627200002782,0,52,0,0,144,1,0,1200.0,0.0
BLOCK_Kall_linear_bias1_physical_v3_334d,2025-06-22,18,36087.00783835231,0.2288560999877518,0,60,0,0,144,1,0,1200.0,0.0
BLOCK_Kall_linear_bias1_physical_v3_334d,2025-06-23,0,50117.16265740215,0.2100793999998131,0,32,0,0,144,1,0,1200.0,0.0
BLOCK_Kall_linear_bias1_physical_v3_334d,2025-06-23,6,12034.917656691476,0.1526758999971207,0,55,0,0,144,1,0,1200.0,0.0
BLOCK_Kall_linear_bias1_physical_v3_334d,2025-06-23,12,14172.334691787975,0.4940902000089409,0,57,0,0,144,1,0,1200.0,0.0
BLOCK_Kall_linear_bias1_physical_v3_334d,2025-06-23,18,30232.47822948849,0.5792245000047842,0,45,0,0,144,1,0,1200.0,0.0
BLOCK_Kall_linear_bias1_physical_v3_334d,2025-06-24,0,58157.93342496506,0.4864463999983854,0,30,0,0,144,1,0,1200.0,0.0
BLOCK_Kall_linear_bias1_physical_v3_334d,2025-06-24,6,10268.69664655952,0.1494046000007074,0,37,0,0,144,1,0,1200.0,0.0
BLOCK_Kall_linear_bias1_physical_v3_334d,2025-06-24,12,14853.914015007453,0.2996434000087902,0,45,0,0,144,1,0,1200.0,0.0
BLOCK_Kall_linear_bias1_physical_v3_334d,2025-06-24,18,33355.51862919885,0.4038270000019111,0,41,0,0,144,1,0,1200.0,0.0
BLOCK_Kall_linear_bias1_physical_v3_334d,2025-06-25,0,50779.11685791699,0.6617141999886371,0,34,0,0,144,1,0,1200.0,0.0
BLOCK_Kall_linear_bias1_physical_v3_334d,2025-06-25,6,13281.159415344491,1.0293454000056954,0,53,0,0,144,1,0,1200.0,0.0
BLOCK_Kall_linear_bias1_physical_v3_334d,2025-06-25,12,23864.773033240508,0.3442308000085177,0,44,0,0,144,1,0,1200.0,0.0
BLOCK_Kall_linear_bias1_physical_v3_334d,2025-06-25,18,24483.94694171884,0.3192322000104468,0,60,0,0,144,1,0,1200.0,0.0
BLOCK_Kall_linear_bias1_physical_v3_334d,2025-06-26,0,50035.36656100885,1.3855303000018466,0,35,0,0,144,1,0,1200.0,0.0
BLOCK_Kall_linear_bias1_physical_v3_334d,2025-06-26,6,9087.765258040758,0.3121531000069808,0,34,0,0,144,1,0,1200.0,0.0
BLOCK_Kall_linear_bias1_physical_v3_334d,2025-06-26,12,11500.129225169869,1.4509563999890815,0,62,0,0,144,1,0,1200.0,0.0
BLOCK_Kall_linear_bias1_physical_v3_334d,2025-06-26,18,10363.409576283306,0.1495884000032674,0,40,0,0,144,1,0,1200.0,0.0
BLOCK_Kall_linear_bias1_physical_v3_334d,2025-06-27,0,28204.26023900064,0.2043050000065704,0,23,0,0,144,1,0,1200.0,0.0
BLOCK_Kall_linear_bias1_physical_v3_334d,2025-06-27,6,8219.16256194623,0.3509154000057606,0,14,0,0,144,1,0,1200.0,0.0
BLOCK_Kall_linear_bias1_physical_v3_334d,2025-06-27,12,9450.472997818008,0.0929679999971995,0,35,0,0,144,1,0,1200.0,0.0
BLOCK_Kall_linear_bias1_physical_v3_334d,2025-06-27,18,8010.358783758742,0.1835073000111151,0,28,0,0,144,1,0,1200.0,0.0
BLOCK_Kall_linear_bias1_physical_v3_334d,2025-06-28,0,27768.139740418133,0.6929352000006475,0,18,0,0,144,1,0,1200.0,0.0
BLOCK_Kall_linear_bias1_physical_v3_334d,2025-06-28,6,11583.793886091658,0.0580341000022599,0,29,0,0,144,1,0,1200.0,0.0
BLOCK_Kall_linear_bias1_physical_v3_334d,2025-06-28,12,17064.95452747604,0.3895580999960657,0,41,0,0,144,1,0,1200.0,0.0
BLOCK_Kall_linear_bias1_physical_v3_334d,2025-06-28,18,27692.204369447627,0.1533625000010943,0,58,0,0,144,1,0,1200.0,0.0
BLOCK_Kall_linear_bias1_physical_v3_334d,2025-06-29,0,48062.60839603745,0.5355077999993227,0,39,0,0,144,1,0,1200.0,0.0
BLOCK_Kall_linear_bias1_physical_v3_334d,2025-06-29,6,15165.877698500042,0.0900405000138562,0,53,0,0,144,1,0,1200.0,0.0
BLOCK_Kall_linear_bias1_physical_v3_334d,2025-06-29,12,22459.344858229702,1.6560178000072483,0,55,0,0,144,1,0,1200.0,0.0
BLOCK_Kall_linear_bias1_physical_v3_334d,2025-06-29,18,36094.338056640096,0.2326602999964961,0,37,0,0,144,1,0,1200.0,0.0
BLOCK_Kall_linear_bias1_physical_v3_334d,2025-06-30,0,52887.86195009004,0.1355227000021841,0,30,0,0,144,1,0,1200.0,0.0
BLOCK_Kall_linear_bias1_physical_v3_334d,2025-06-30,6,10771.50110462603,0.6448786999972071,0,29,0,0,144,1,0,1200.0,0.0
BLOCK_Kall_linear_bias1_physical_v3_334d,2025-06-30,12,14873.29840113748,0.1674160999973537,0,44,0,0,144,1,0,1200.0,0.0
BLOCK_Kall_linear_bias1_physical_v3_334d,2025-06-30,18,18775.457772595462,0.500248800002737,0,55,0,0,144,1,0,1200.0,0.0
BLOCK_Kall_linear_bias1_physical_v3_334d,2025-07-01,0,46055.629030772114,0.214306599998963,0,32,0,0,144,1,0,1200.0,0.0
BLOCK_Kall_linear_bias1_physical_v3_334d,2025-07-01,6,16680.29635275508,0.1898865999974077,0,65,0,0,144,1,0,1200.0,0.0
BLOCK_Kall_linear_bias1_physical_v3_334d,2025-07-01,12,19913.63296143601,0.1836777999997139,0,46,0,0,144,1,0,1200.0,0.0
BLOCK_Kall_linear_bias1_physical_v3_334d,2025-07-01,18,27150.98561864311,0.114486599995871,0,36,0,0,144,1,0,1200.0,0.0
BLOCK_Kall_linear_bias1_physical_v3_334d,2025-07-02,0,51269.27323390253,0.88111430000572,0,42,0,0,144,1,0,1200.0,0.0
BLOCK_Kall_linear_bias1_physical_v3_334d,2025-07-02,6,13698.139555443766,0.148837699991418,0,35,0,0,144,1,0,1200.0,0.0
BLOCK_Kall_linear_bias1_physical_v3_334d,2025-07-02,12,18296.094271565704,0.3267943999962881,0,36,0,0,144,1,0,1200.0,0.0
BLOCK_Kall_linear_bias1_physical_v3_334d,2025-07-02,18,35796.94574334642,0.6483767999889096,0,34,0,0,144,1,0,1200.0,0.0
BLOCK_Kall_linear_bias1_physical_v3_334d,2025-07-03,0,59055.67059425985,0.8287234000017634,0,34,0,0,144,1,0,1200.0,0.0
BLOCK_Kall_linear_bias1_physical_v3_334d,2025-07-03,6,13052.021883784382,0.5146946000022581,0,76,0,0,144,1,0,1200.0,0.0
BLOCK_Kall_linear_bias1_physical_v3_334d,2025-07-03,12,10786.324324510537,0.5297983999917051,0,38,0,0,144,1,0,1200.0,0.0
BLOCK_Kall_linear_bias1_physical_v3_334d,2025-07-03,18,16078.971545451232,0.294279199995799,0,41,0,0,144,1,0,1200.0,0.0
BLOCK_Kall_linear_bias1_physical_v3_334d,2025-07-04,0,29992.240872713726,0.6529209000000264,0,4,0,0,144,1,0,1200.0,0.0
BLOCK_Kall_linear_bias1_physical_v3_334d,2025-07-04,6,13053.973289342865,1.0017083999991885,0,59,0,0,144,1,0,1200.0,0.0
BLOCK_Kall_linear_bias1_physical_v3_334d,2025-07-04,12,12895.464306350885,0.4782051999936811,0,39,0,0,144,1,0,1200.0,0.0
BLOCK_Kall_linear_bias1_physical_v3_334d,2025-07-04,18,9658.114243921347,0.6309361000021454,0,29,0,0,144,1,0,1200.0,0.0
BLOCK_Kall_linear_bias1_physical_v3_334d,2025-07-05,0,28687.31361531245,0.4643513999908464,0,5,0,0,144,1,0,1200.0,0.0
BLOCK_Kall_linear_bias1_physical_v3_334d,2025-07-05,6,12546.682505833996,0.0720175000024028,0,26,0,0,144,1,0,1200.0,0.0
BLOCK_Kall_linear_bias1_physical_v3_334d,2025-07-05,12,23363.96408787705,0.2684345000016037,0,44,0,0,144,1,0,1200.0,0.0
BLOCK_Kall_linear_bias1_physical_v3_334d,2025-07-05,18,29544.008826013705,0.3324059000005945,0,60,0,0,144,1,0,1200.0,0.0
BLOCK_Kall_linear_bias1_physical_v3_334d,2025-07-06,0,52484.67249436672,1.0135829000064405,0,32,0,0,144,1,0,1200.0,0.0
BLOCK_Kall_linear_bias1_physical_v3_334d,2025-07-06,6,18654.552407462503,0.1404631999903358,0,71,0,0,144,1,0,1200.0,0.0
BLOCK_Kall_linear_bias1_physical_v3_334d,2025-07-06,12,22344.941566006182,0.1768015999987255,0,48,0,0,144,1,0,1200.0,0.0
BLOCK_Kall_linear_bias1_physical_v3_334d,2025-07-06,18,26024.17324194389,0.2472001999994972,0,35,0,0,144,1,0,1200.0,0.0
BLOCK_Kall_linear_bias1_physical_v3_334d,2025-07-07,0,57313.93189143912,0.6568047000037041,0,36,0,0,144,1,0,1200.0,0.0
BLOCK_Kall_linear_bias1_physical_v3_334d,2025-07-07,6,13126.969838617671,0.8150424999912502,0,26,0,0,144,1,0,1200.0,0.0
BLOCK_Kall_linear_bias1_physical_v3_334d,2025-07-07,12,24990.53363959684,0.6902577000000747,0,57,0,0,144,1,0,1200.0,0.0
BLOCK_Kall_linear_bias1_physical_v3_334d,2025-07-07,18,32104.704195922488,0.6739346999966074,0,56,0,0,144,1,0,1200.0,0.0
BLOCK_Kall_linear_bias1_physical_v3_334d,2025-07-08,0,65770.95682689342,0.8098825000051875,0,31,0,0,144,1,0,1200.0,0.0
BLOCK_Kall_linear_bias1_physical_v3_334d,2025-07-08,6,13153.0984856357,0.5618786999984877,0,30,0,0,144,1,0,1200.0,0.0
BLOCK_Kall_linear_bias1_physical_v3_334d,2025-07-08,12,25690.174349258737,0.4301409000036074,0,47,0,0,144,1,0,1200.0,0.0
BLOCK_Kall_linear_bias1_physical_v3_334d,2025-07-08,18,34075.1717948494,1.2133232000051066,0,56,0,0,144,1,0,1200.0,0.0
BLOCK_Kall_linear_bias1_physical_v3_334d,2025-07-09,0,64631.36714835873,1.4311621999950148,0,31,0,0,144,1,0,1200.0,0.0
BLOCK_Kall_linear_bias1_physical_v3_334d,2025-07-09,6,13211.724115501123,1.3082036999985576,0,37,0,0,144,1,0,1200.0,0.0
BLOCK_Kall_linear_bias1_physical_v3_334d,2025-07-09,12,27266.860309009717,0.6281139999919105,0,52,0,0,144,1,0,1200.0,0.0
BLOCK_Kall_linear_bias1_physical_v3_334d,2025-07-09,18,34985.321516071315,0.8091075999982422,0,53,0,0,144,1,0,1200.0,0.0
BLOCK_Kall_linear_bias1_physical_v3_334d,2025-07-10,0,59757.05976576248,0.9069748000038088,0,39,0,0,144,1,0,1200.0,0.0
BLOCK_Kall_linear_bias1_physical_v3_334d,2025-07-10,6,14402.154976434364,0.1672854999924311,0,36,0,0,144,1,0,1200.0,0.0
BLOCK_Kall_linear_bias1_physical_v3_334d,2025-07-10,12,17615.683780730964,0.4446504000079585,0,43,0,0,144,1,0,1200.0,0.0
BLOCK_Kall_linear_bias1_physical_v3_334d,2025-07-10,18,22318.41086142629,0.6782514999940759,0,56,0,0,144,1,0,1200.0,0.0
BLOCK_Kall_linear_bias1_physical_v3_334d,2025-07-11,0,42806.67282572932,0.5983904000022449,0,31,0,0,144,1,0,1200.0,0.0
BLOCK_Kall_linear_bias1_physical_v3_334d,2025-07-11,6,11780.460995462963,0.2958324000064749,0,25,0,0,144,1,0,1200.0,0.0
BLOCK_Kall_linear_bias1_physical_v3_334d,2025-07-11,12,15722.510900398818,0.3121187000069767,0,40,0,0,144,1,0,1200.0,0.0
BLOCK_Kall_linear_bias1_physical_v3_334d,2025-07-11,18,17463.594751871922,0.5982801000063773,0,53,0,0,144,1,0,1200.0,0.0
BLOCK_Kall_linear_bias1_physical_v3_334d,2025-07-12,0,33240.96076338687,0.1393395999912172,0,4,0,0,144,1,0,1200.0,0.0
BLOCK_Kall_linear_bias1_physical_v3_334d,2025-07-12,6,13154.520726852768,0.1191827000002376,0,38,0,0,144,1,0,1200.0,0.0
BLOCK_Kall_linear_bias1_physical_v3_334d,2025-07-12,12,20874.75101768422,0.2403386999940266,0,42,0,0,144,1,0,1200.0,0.0
BLOCK_Kall_linear_bias1_physical_v3_334d,2025-07-12,18,25500.953470519155,1.1393523000006098,0,64,0,0,144,1,0,1200.0,0.0
BLOCK_Kall_linear_bias1_physical_v3_334d,2025-07-13,0,60825.4877306084,0.1489809999911813,0,33,0,0,144,1,0,1200.0,0.0
BLOCK_Kall_linear_bias1_physical_v3_334d,2025-07-13,6,11100.230849160096,0.2099209000007249,0,25,0,0,144,1,0,1200.0,0.0
BLOCK_Kall_linear_bias1_physical_v3_334d,2025-07-13,12,23894.333094410733,0.123120000003837,0,42,0,0,144,1,0,1200.0,0.0
BLOCK_Kall_linear_bias1_physical_v3_334d,2025-07-13,18,38881.56172852283,0.2483711999957449,0,42,0,0,144,1,0,1200.0,0.0
BLOCK_Kall_linear_bias1_physical_v3_334d,2025-07-14,0,59666.44849683846,0.6603356999985408,0,27,0,0,144,1,0,1200.0,0.0
BLOCK_Kall_linear_bias1_physical_v3_334d,2025-07-14,6,14562.67574949716,0.4284896000026492,0,45,0,0,144,1,0,1200.0,0.0
BLOCK_Kall_linear_bias1_physical_v3_334d,2025-07-14,12,19951.587389612883,0.2397421000059694,0,48,0,0,144,1,0,1200.0,0.0
BLOCK_Kall_linear_bias1_physical_v3_334d,2025-07-14,18,36276.19224384472,0.3793867999920621,0,52,0,0,144,1,0,1200.0,0.0
BLOCK_Kall_linear_bias1_physical_v3_334d,2025-07-15,0,62110.48826541734,1.6380165000009583,0,34,0,0,144,1,0,1200.0,0.0
BLOCK_Kall_linear_bias1_physical_v3_334d,2025-07-15,6,12670.534530574578,0.3909025000029942,0,32,0,0,144,1,0,1200.0,0.0
BLOCK_Kall_linear_bias1_physical_v3_334d,2025-07-15,12,17920.6803147778,0.2771070000017062,0,47,0,0,144,1,0,1200.0,0.0
BLOCK_Kall_linear_bias1_physical_v3_334d,2025-07-15,18,25489.408284443434,0.5179442000080599,0,64,0,0,144,1,0,1200.0,0.0
BLOCK_Kall_linear_bias1_physical_v3_334d,2025-07-16,0,57457.8909668422,0.7964735999994446,0,38,0,0,144,1,0,1200.0,0.0
BLOCK_Kall_linear_bias1_physical_v3_334d,2025-07-16,6,12520.090890381627,0.0512342000001808,0,30,0,0,144,1,0,1200.0,0.0
BLOCK_Kall_linear_bias1_physical_v3_334d,2025-07-16,12,21452.672384095356,0.2663411000103224,0,52,0,0,144,1,0,1200.0,0.0
BLOCK_Kall_linear_bias1_physical_v3_334d,2025-07-16,18,32808.136546416674,1.2798430999973789,0,50,0,0,144,1,0,1200.0,0.0
BLOCK_Kall_linear_bias1_physical_v3_334d,2025-07-17,0,54566.97372134345,0.1896102000027895,0,37,0,0,144,1,0,1200.0,0.0
BLOCK_Kall_linear_bias1_physical_v3_334d,2025-07-17,6,16967.25624719048,0.6125042000057874,0,83,0,0,144,1,0,1200.0,0.0
BLOCK_Kall_linear_bias1_physical_v3_334d,2025-07-17,12,14698.410655377123,0.7540508000092814,0,34,0,0,144,1,0,1200.0,0.0
BLOCK_Kall_linear_bias1_physical_v3_334d,2025-07-17,18,17923.233375823875,1.5250043999985792,0,58,0,0,144,1,0,1200.0,0.0
BLOCK_Kall_linear_bias1_physical_v3_334d,2025-07-18,0,38681.45646191832,0.3192201000056229,0,26,0,0,144,1,0,1200.0,0.0
BLOCK_Kall_linear_bias1_physical_v3_334d,2025-07-18,6,10650.9496946874,0.3450999000051524,0,29,0,0,144,1,0,1200.0,0.0
BLOCK_Kall_linear_bias1_physical_v3_334d,2025-07-18,12,8900.4959546405,0.3630638000031467,0,28,0,0,144,1,0,1200.0,0.0
BLOCK_Kall_linear_bias1_physical_v3_334d,2025-07-18,18,9711.11249845782,0.8917264999909094,0,38,0,0,144,1,0,1200.0,0.0
BLOCK_Kall_linear_bias1_physical_v3_334d,2025-07-19,0,38648.81623599784,0.8743888999888441,0,27,0,0,144,1,0,1200.0,0.0
BLOCK_Kall_linear_bias1_physical_v3_334d,2025-07-19,6,12554.49730122944,0.2315482999983942,0,25,0,0,144,1,0,1200.0,0.0
BLOCK_Kall_linear_bias1_physical_v3_334d,2025-07-19,12,14067.309391757308,0.3382745999988401,0,38,0,0,144,1,0,1200.0,0.0
BLOCK_Kall_linear_bias1_physical_v3_334d,2025-07-19,18,25426.968202509037,0.5711397999984911,0,62,0,0,144,1,0,1200.0,0.0
BLOCK_Kall_linear_bias1_physical_v3_334d,2025-07-20,0,58429.04808080344,0.233181899995543,0,28,0,0,144,1,0,1200.0,0.0
BLOCK_Kall_linear_bias1_physical_v3_334d,2025-07-20,6,12135.946197751298,0.0829335999878821,0,33,0,0,144,1,0,1200.0,0.0
BLOCK_Kall_linear_bias1_physical_v3_334d,2025-07-20,12,19486.390488662222,0.1063080000021727,0,46,0,0,144,1,0,1200.0,0.0
BLOCK_Kall_linear_bias1_physical_v3_334d,2025-07-20,18,32247.8695252145,0.2443295999983092,0,38,0,0,144,1,0,1200.0,0.0
BLOCK_Kall_linear_bias1_physical_v3_334d,2025-07-21,0,57815.50650638262,0.308114100000239,0,34,0,0,144,1,0,1200.0,0.0
BLOCK_Kall_linear_bias1_physical_v3_334d,2025-07-21,6,12433.876576089491,1.606899100006558,0,31,0,0,144,1,0,1200.0,0.0
BLOCK_Kall_linear_bias1_physical_v3_334d,2025-07-21,12,18018.232025166013,0.2311078999919118,0,48,0,0,144,1,0,1200.0,0.0
BLOCK_Kall_linear_bias1_physical_v3_334d,2025-07-21,18,22257.01093887495,1.3214064999920083,0,63,0,0,144,1,0,1200.0,0.0
BLOCK_Kall_linear_bias1_physical_v3_334d,2025-07-22,0,53547.57318750418,0.4079505999980028,0,34,0,0,144,1,0,1200.0,0.0
BLOCK_Kall_linear_bias1_physical_v3_334d,2025-07-22,6,30373.59528966406,0.7718891999975313,0,192,0,0,144,1,0,1200.0,0.0
BLOCK_Kall_linear_bias1_physical_v3_334d,2025-07-22,12,16434.156968076015,0.1084609999961685,0,46,0,0,144,1,0,1200.0,0.0
BLOCK_Kall_linear_bias1_physical_v3_334d,2025-07-22,18,27366.259253596698,0.1296538999886252,0,60,0,0,144,1,0,1200.0,0.0
BLOCK_Kall_linear_bias1_physical_v3_334d,2025-07-23,0,61363.665491904656,0.3935682000010274,0,33,0,0,144,1,0,1200.0,0.0
BLOCK_Kall_linear_bias1_physical_v3_334d,2025-07-23,6,9829.374025984282,0.0519914999895263,0,27,0,0,144,1,0,1200.0,0.0
BLOCK_Kall_linear_bias1_physical_v3_334d,2025-07-23,12,16030.374036866966,0.3654891000041971,0,43,0,0,144,1,0,1200.0,0.0
BLOCK_Kall_linear_bias1_physical_v3_334d,2025-07-23,18,38839.78095285438,0.4022776000056183,0,48,0,0,144,1,0,1200.0,0.0
BLOCK_Kall_linear_bias1_physical_v3_334d,2025-07-24,0,60797.76255926267,1.055169700004626,0,31,0,0,144,1,0,1200.0,0.0
BLOCK_Kall_linear_bias1_physical_v3_334d,2025-07-24,6,9431.219853869086,0.0589776999986497,0,29,0,0,144,1,0,1200.0,0.0
BLOCK_Kall_linear_bias1_physical_v3_334d,2025-07-24,12,9980.019412266807,0.1013942999998107,0,39,0,0,144,1,0,1200.0,0.0
BLOCK_Kall_linear_bias1_physical_v3_334d,2025-07-24,18,11979.405566385783,0.1789256999909412,0,19,0,0,144,1,0,1200.0,0.0
BLOCK_Kall_linear_bias1_physical_v3_334d,2025-07-25,0,32118.94949773614,0.1946303000004263,0,5,0,0,144,1,0,1200.0,0.0
BLOCK_Kall_linear_bias1_physical_v3_334d,2025-07-25,6,11873.998949422334,0.1507519000006141,0,87,0,0,144,1,0,1200.0,0.0
BLOCK_Kall_linear_bias1_physical_v3_334d,2025-07-25,12,11385.600707576645,0.3354317999910563,0,35,0,0,144,1,0,1200.0,0.0
BLOCK_Kall_linear_bias1_physical_v3_334d,2025-07-25,18,9230.469430085892,0.1493767999927513,0,35,0,0,144,1,0,1200.0,0.0
BLOCK_Kall_linear_bias1_physical_v3_334d,2025-07-26,0,36477.44073598429,0.4972245000099065,0,27,0,0,144,1,0,1200.0,0.0
BLOCK_Kall_linear_bias1_physical_v3_334d,2025-07-26,6,12674.594102235917,0.2300333000021055,0,28,0,0,144,1,0,1200.0,0.0
BLOCK_Kall_linear_bias1_physical_v3_334d,2025-07-26,12,25424.87043724413,0.5053360999881988,0,40,0,0,144,1,0,1200.0,0.0
BLOCK_Kall_linear_bias1_physical_v3_334d,2025-07-26,18,22057.439615374173,0.4270717000035802,0,62,0,0,144,1,0,1200.0,0.0
BLOCK_Kall_linear_bias1_physical_v3_334d,2025-07-27,0,56446.63608947151,0.1847886000032303,0,32,0,0,144,1,0,1200.0,0.0
BLOCK_Kall_linear_bias1_physical_v3_334d,2025-07-27,6,13582.302106763573,0.3260727999877417,0,36,0,0,144,1,0,1200.0,0.0
BLOCK_Kall_linear_bias1_physical_v3_334d,2025-07-27,12,23482.58250617778,0.2275194000103511,0,50,0,0,144,1,0,1200.0,0.0
BLOCK_Kall_linear_bias1_physical_v3_334d,2025-07-27,18,34771.27618458308,0.2407404999976279,0,43,0,0,144,1,0,1200.0,0.0
BLOCK_Kall_linear_bias1_physical_v3_334d,2025-07-28,0,55953.2600244121,0.2677436999947531,0,34,0,0,144,1,0,1200.0,0.0
BLOCK_Kall_linear_bias1_physical_v3_334d,2025-07-28,6,16263.310355225216,0.5432001000008313,0,59,0,0,144,1,0,1200.0,0.0
BLOCK_Kall_linear_bias1_physical_v3_334d,2025-07-28,12,18005.885839451035,0.3744176000036532,0,51,0,0,144,1,0,1200.0,0.0
BLOCK_Kall_linear_bias1_physical_v3_334d,2025-07-28,18,43043.68318993144,0.4762579000089317,0,40,0,0,144,1,0,1200.0,0.0
BLOCK_Kall_linear_bias1_physical_v3_334d,2025-07-29,0,54378.317623521165,0.1204450999939581,0,37,0,0,144,1,0,1200.0,0.0
BLOCK_Kall_linear_bias1_physical_v3_334d,2025-07-29,6,17458.646478651637,0.3209104999987175,0,94,0,0,144,1,0,1200.0,0.0
BLOCK_Kall_linear_bias1_physical_v3_334d,2025-07-29,12,17247.14644092065,0.1424928000051295,0,65,0,0,144,1,0,1200.0,0.0
BLOCK_Kall_linear_bias1_physical_v3_334d,2025-07-29,18,27132.719559063386,0.3727116999943973,0,67,0,0,144,1,0,1200.0,0.0
BLOCK_Kall_linear_bias1_physical_v3_334d,2025-07-30,0,50803.04780695678,0.683084999996936,0,43,0,0,144,1,0,1200.0,0.0
BLOCK_Kall_linear_bias1_physical_v3_334d,2025-07-30,6,22061.5055394648,0.327564600011101,0,112,0,0,144,1,0,1200.0,0.0
BLOCK_Kall_linear_bias1_physical_v3_334d,2025-07-30,12,19384.492416245423,2.2279517999995733,0,57,0,0,144,1,0,1200.0,0.0
BLOCK_Kall_linear_bias1_physical_v3_334d,2025-07-30,18,38611.5501316587,0.4535550000000512,0,40,0,0,144,1,0,1200.0,0.0
BLOCK_Kall_linear_bias1_physical_v3_334d,2025-07-31,0,54015.11940209323,0.1733690999972168,0,31,0,0,144,1,0,1200.0,0.0
BLOCK_Kall_linear_bias1_physical_v3_334d,2025-07-31,6,11054.644456801872,0.1494500999979209,0,50,0,0,144,1,0,1200.0,0.0
BLOCK_Kall_linear_bias1_physical_v3_334d,2025-07-31,12,11934.445085753903,0.3717459999897983,0,43,0,0,144,1,0,1200.0,0.0
BLOCK_Kall_linear_bias1_physical_v3_334d,2025-07-31,18,12324.244337017051,0.2325732000026619,0,23,0,0,144,1,0,1200.0,0.0
BLOCK_Kall_linear_bias1_physical_v3_334d,2025-08-01,0,32482.49752629935,0.4760152000089874,0,6,0,0,144,1,0,1200.0,0.0
BLOCK_Kall_linear_bias1_physical_v3_334d,2025-08-01,6,9685.589774879903,0.0507435000035911,0,24,0,0,144,1,0,1200.0,0.0
BLOCK_Kall_linear_bias1_physical_v3_334d,2025-08-01,12,8832.223057128691,0.0630922999989707,0,25,0,0,144,1,0,1200.0,0.0
BLOCK_Kall_linear_bias1_physical_v3_334d,2025-08-01,18,9600.040640076522,0.2102204999973764,0,27,0,0,144,1,0,1200.0,0.0
BLOCK_Kall_linear_bias1_physical_v3_334d,2025-08-02,0,37712.77070904273,1.2262416000012308,0,28,0,0,144,1,0,1200.0,0.0
BLOCK_Kall_linear_bias1_physical_v3_334d,2025-08-02,6,12521.953753847049,0.0981862000044202,0,25,0,0,144,1,0,1200.0,0.0
BLOCK_Kall_linear_bias1_physical_v3_334d,2025-08-02,12,14792.48051563058,0.345702100006747,0,40,0,0,144,1,0,1200.0,0.0
BLOCK_Kall_linear_bias1_physical_v3_334d,2025-08-02,18,23067.69511800609,0.612619799998356,0,65,0,0,144,1,0,1200.0,0.0
BLOCK_Kall_linear_bias1_physical_v3_334d,2025-08-03,0,49548.295641799385,0.4184931000054348,0,32,0,0,144,1,0,1200.0,0.0
BLOCK_Kall_linear_bias1_physical_v3_334d,2025-08-03,6,13530.45132655227,0.3390300000028219,0,52,0,0,144,1,0,1200.0,0.0
BLOCK_Kall_linear_bias1_physical_v3_334d,2025-08-03,12,16923.114992642473,0.2315459000092232,0,43,0,0,144,1,0,1200.0,0.0
BLOCK_Kall_linear_bias1_physical_v3_334d,2025-08-03,18,30787.846930663574,0.1701186999998754,0,39,0,0,144,1,0,1200.0,0.0
BLOCK_Kall_linear_bias1_physical_v3_334d,2025-08-04,0,51963.20779330763,0.2874704999994719,0,34,0,0,144,1,0,1200.0,0.0
BLOCK_Kall_linear_bias1_physical_v3_334d,2025-08-04,6,12117.27996125274,0.0591482000018004,0,37,0,0,144,1,0,1200.0,0.0
BLOCK_Kall_linear_bias1_physical_v3_334d,2025-08-04,12,15753.283946630883,0.1117516999947838,0,30,0,0,144,1,0,1200.0,0.0
BLOCK_Kall_linear_bias1_physical_v3_334d,2025-08-04,18,25038.190832669963,0.1837505000003148,0,51,0,0,144,1,0,1200.0,0.0
BLOCK_Kall_linear_bias1_physical_v3_334d,2025-08-05,0,50637.47562043044,0.1931786000059219,0,36,0,0,144,1,0,1200.0,0.0
BLOCK_Kall_linear_bias1_physical_v3_334d,2025-08-05,6,12818.987501836558,0.1158949000091524,0,50,0,0,144,1,0,1200.0,0.0
BLOCK_Kall_linear_bias1_physical_v3_334d,2025-08-05,12,21909.93204093741,0.7800059000001056,0,43,0,0,144,1,0,1200.0,0.0
BLOCK_Kall_linear_bias1_physical_v3_334d,2025-08-05,18,32643.62037428278,0.2215063999901758,0,63,0,0,144,1,0,1200.0,0.0
BLOCK_Kall_linear_bias1_physical_v3_334d,2025-08-06,0,56167.5977637313,0.8265271999989636,0,34,0,0,144,1,0,1200.0,0.0
BLOCK_Kall_linear_bias1_physical_v3_334d,2025-08-06,6,11191.254797627143,0.3892544000118505,0,23,0,0,144,1,0,1200.0,0.0
BLOCK_Kall_linear_bias1_physical_v3_334d,2025-08-06,12,15486.072519333167,0.1685118000023067,0,45,0,0,144,1,0,1200.0,0.0
BLOCK_Kall_linear_bias1_physical_v3_334d,2025-08-06,18,19137.60898565668,0.2590252000081818,0,62,0,0,144,1,0,1200.0,0.0
BLOCK_Kall_linear_bias1_physical_v3_334d,2025-08-07,0,55643.71418800822,0.2028329000022495,0,27,0,0,144,1,0,1200.0,0.0
BLOCK_Kall_linear_bias1_physical_v3_334d,2025-08-07,6,8851.244779944536,0.23726280000119,0,32,0,0,144,1,0,1200.0,0.0
BLOCK_Kall_linear_bias1_physical_v3_334d,2025-08-07,12,9878.548562735692,0.5024949000071501,0,29,0,0,144,1,0,1200.0,0.0
BLOCK_Kall_linear_bias1_physical_v3_334d,2025-08-07,18,11487.994367941294,0.4363836999982595,0,33,0,0,144,1,0,1200.0,0.0
BLOCK_Kall_linear_bias1_physical_v3_334d,2025-08-08,0,30468.957076429146,0.4623260000080336,0,6,0,0,144,1,0,1200.0,0.0
BLOCK_Kall_linear_bias1_physical_v3_334d,2025-08-08,6,9469.230151103877,0.2228542000084417,0,26,0,0,144,1,0,1200.0,0.0
BLOCK_Kall_linear_bias1_physical_v3_334d,2025-08-08,12,10321.120524338075,0.2362920999876223,0,31,0,0,144,1,0,1200.0,0.0
BLOCK_Kall_linear_bias1_physical_v3_334d,2025-08-08,18,8961.78021715453,0.5903720000060275,0,26,0,0,144,1,0,1200.0,0.0
BLOCK_Kall_linear_bias1_physical_v3_334d,2025-08-09,0,31192.54663723738,0.1909786000032909,0,5,0,0,144,1,0,1200.0,0.0
BLOCK_Kall_linear_bias1_physical_v3_334d,2025-08-09,6,12321.98818684953,0.1997706999973161,0,25,0,0,144,1,0,1200.0,0.0
BLOCK_Kall_linear_bias1_physical_v3_334d,2025-08-09,12,15127.512406273729,0.439399199996842,0,38,0,0,144,1,0,1200.0,0.0
BLOCK_Kall_linear_bias1_physical_v3_334d,2025-08-09,18,27120.13490729781,1.160819899989292,0,56,0,0,144,1,0,1200.0,0.0
BLOCK_Kall_linear_bias1_physical_v3_334d,2025-08-10,0,53992.68130501669,0.5982999999978347,0,32,0,0,144,1,0,1200.0,0.0
BLOCK_Kall_linear_bias1_physical_v3_334d,2025-08-10,6,11662.552812299666,0.2833249999966938,0,26,0,0,144,1,0,1200.0,0.0
BLOCK_Kall_linear_bias1_physical_v3_334d,2025-08-10,12,15548.954597160404,0.3748747999925399,0,41,0,0,144,1,0,1200.0,0.0
BLOCK_Kall_linear_bias1_physical_v3_334d,2025-08-10,18,38822.582827126746,0.2426716999907512,0,54,0,0,144,1,0,1200.0,0.0
BLOCK_Kall_linear_bias1_physical_v3_334d,2025-08-11,0,50706.62500663091,0.422333599999547,0,35,0,0,144,1,0,1200.0,0.0
BLOCK_Kall_linear_bias1_physical_v3_334d,2025-08-11,6,11861.127812015851,0.8367098000016995,0,43,0,0,144,1,0,1200.0,0.0
BLOCK_Kall_linear_bias1_physical_v3_334d,2025-08-11,12,15500.371402772336,0.980802100006258,0,48,0,0,144,1,0,1200.0,0.0
BLOCK_Kall_linear_bias1_physical_v3_334d,2025-08-11,18,24606.39568918891,0.8132250000053318,0,53,0,0,144,1,0,1200.0,0.0
BLOCK_Kall_linear_bias1_physical_v3_334d,2025-08-12,0,54672.83993489404,0.4347007000033045,0,29,0,0,144,1,0,1200.0,0.0
BLOCK_Kall_linear_bias1_physical_v3_334d,2025-08-12,6,12196.259003174478,1.122846500002197,0,40,0,0,144,1,0,1200.0,0.0
BLOCK_Kall_linear_bias1_physical_v3_334d,2025-08-12,12,24234.84461256471,0.1082586999982595,0,48,0,0,144,1,0,1200.0,0.0
BLOCK_Kall_linear_bias1_physical_v3_334d,2025-08-12,18,25098.803924227526,0.2966435000125784,0,63,0,0,144,1,0,1200.0,0.0
BLOCK_Kall_linear_bias1_physical_v3_334d,2025-08-13,0,49551.40659896352,1.1985406999883708,0,38,0,0,144,1,0,1200.0,0.0
BLOCK_Kall_linear_bias1_physical_v3_334d,2025-08-13,6,11753.796092657394,0.2458524000103352,0,34,0,0,144,1,0,1200.0,0.0
BLOCK_Kall_linear_bias1_physical_v3_334d,2025-08-13,12,17214.299491063728,0.1897047999955248,0,44,0,0,144,1,0,1200.0,0.0
BLOCK_Kall_linear_bias1_physical_v3_334d,2025-08-13,18,27788.48149319352,0.2336292999971192,0,56,0,0,144,1,0,1200.0,0.0
BLOCK_Kall_linear_bias1_physical_v3_334d,2025-08-14,0,50587.21072212312,0.6688487000064924,0,37,0,0,144,1,0,1200.0,0.0
BLOCK_Kall_linear_bias1_physical_v3_334d,2025-08-14,6,11023.066276588364,0.2673930000019027,0,73,0,0,144,1,0,1200.0,0.0
BLOCK_Kall_linear_bias1_physical_v3_334d,2025-08-14,12,10541.66098399785,0.4109640000096988,0,33,0,0,144,1,0,1200.0,0.0
BLOCK_Kall_linear_bias1_physical_v3_334d,2025-08-14,18,12111.937837191346,0.1330393999960506,0,14,0,0,144,1,0,1200.0,0.0
BLOCK_Kall_linear_bias1_physical_v3_334d,2025-08-15,0,31884.441666809445,0.8564842000050703,0,22,0,0,144,1,0,1200.0,0.0
BLOCK_Kall_linear_bias1_physical_v3_334d,2025-08-15,6,9197.006416765478,0.2744798000057926,0,24,0,0,144,1,0,1200.0,0.0
BLOCK_Kall_linear_bias1_physical_v3_334d,2025-08-15,12,8383.825817100831,0.4357399000000441,0,26,0,0,144,1,0,1200.0,0.0
BLOCK_Kall_linear_bias1_physical_v3_334d,2025-08-15,18,8418.945937074064,0.2510330999939469,0,26,0,0,144,1,0,1200.0,0.0
BLOCK_Kall_linear_bias1_physical_v3_334d,2025-08-16,0,32421.114045681417,0.1262125000066589,0,4,0,0,144,1,0,1200.0,0.0
BLOCK_Kall_linear_bias1_physical_v3_334d,2025-08-16,6,11799.0455458567,0.1973388000042177,0,23,0,0,144,1,0,1200.0,0.0
BLOCK_Kall_linear_bias1_physical_v3_334d,2025-08-16,12,15342.876901441909,0.1577285999956075,0,42,0,0,144,1,0,1200.0,0.0
BLOCK_Kall_linear_bias1_physical_v3_334d,2025-08-16,18,23738.880774958383,0.2219894000008935,0,60,0,0,144,1,0,1200.0,0.0
BLOCK_Kall_linear_bias1_physical_v3_334d,2025-08-17,0,50377.00557040418,0.3839317000092705,0,43,0,0,144,1,0,1200.0,0.0
BLOCK_Kall_linear_bias1_physical_v3_334d,2025-08-17,6,12240.334028455834,0.3950461999920662,0,40,0,0,144,1,0,1200.0,0.0
BLOCK_Kall_linear_bias1_physical_v3_334d,2025-08-17,12,16008.188925718356,0.2810075000015786,0,42,0,0,144,1,0,1200.0,0.0
BLOCK_Kall_linear_bias1_physical_v3_334d,2025-08-17,18,30530.70778920253,0.2032937000039965,0,51,0,0,144,1,0,1200.0,0.0
BLOCK_Kall_linear_bias1_physical_v3_334d,2025-08-18,0,50696.22036793948,0.3747731000039493,0,41,0,0,144,1,0,1200.0,0.0
BLOCK_Kall_linear_bias1_physical_v3_334d,2025-08-18,6,11549.27798889857,0.086723600004916,0,28,0,0,144,1,0,1200.0,0.0
BLOCK_Kall_linear_bias1_physical_v3_334d,2025-08-18,12,14195.417178190102,0.1871380000084173,0,41,0,0,144,1,0,1200.0,0.0
BLOCK_Kall_linear_bias1_physical_v3_334d,2025-08-18,18,31018.20384221943,0.1657591999974101,0,51,0,0,144,1,0,1200.0,0.0
BLOCK_Kall_linear_bias1_physical_v3_334d,2025-08-19,0,49936.60276803871,0.6720494000037434,0,36,0,0,144,1,0,1200.0,0.0
BLOCK_Kall_linear_bias1_physical_v3_334d,2025-08-19,6,11282.191477023507,0.2474164999875938,0,25,0,0,144,1,0,1200.0,0.0
BLOCK_Kall_linear_bias1_physical_v3_334d,2025-08-19,12,21958.93929035456,0.253647199991974,0,49,0,0,144,1,0,1200.0,0.0
BLOCK_Kall_linear_bias1_physical_v3_334d,2025-08-19,18,31361.89360072869,0.4193376000039279,0,54,0,0,144,1,0,1200.0,0.0
BLOCK_Kall_linear_bias1_physical_v3_334d,2025-08-20,0,54274.10997879976,0.6128181999956723,0,39,0,0,144,1,0,1200.0,0.0
BLOCK_Kall_linear_bias1_physical_v3_334d,2025-08-20,6,12193.563954551031,0.1930125999933807,0,37,0,0,144,1,0,1200.0,0.0
BLOCK_Kall_linear_bias1_physical_v3_334d,2025-08-20,12,17373.744010802904,0.4264379999949597,0,53,0,0,144,1,0,1200.0,0.0
BLOCK_Kall_linear_bias1_physical_v3_334d,2025-08-20,18,28546.752655683365,0.610978900003829,0,31,0,0,144,1,0,1200.0,0.0
BLOCK_Kall_linear_bias1_physical_v3_334d,2025-08-21,0,51877.74665221387,0.2068753000057768,0,40,0,0,144,1,0,1200.0,0.0
BLOCK_Kall_linear_bias1_physical_v3_334d,2025-08-21,6,9811.306584518456,0.1323783999978331,0,40,0,0,144,1,0,1200.0,0.0
BLOCK_Kall_linear_bias1_physical_v3_334d,2025-08-21,12,10871.54814443122,0.5807449999992969,0,34,0,0,144,1,0,1200.0,0.0
BLOCK_Kall_linear_bias1_physical_v3_334d,2025-08-21,18,10929.547708965974,0.508648400005768,0,30,0,0,144,1,0,1200.0,0.0
BLOCK_Kall_linear_bias1_physical_v3_334d,2025-08-22,0,30827.74206124657,0.2578410999994958,0,5,0,0,144,1,0,1200.0,0.0
BLOCK_Kall_linear_bias1_physical_v3_334d,2025-08-22,6,9402.223648134292,0.3553968999913195,0,25,0,0,144,1,0,1200.0,0.0
BLOCK_Kall_linear_bias1_physical_v3_334d,2025-08-22,12,9324.078818804172,0.3916902999917511,0,29,0,0,144,1,0,1200.0,0.0
BLOCK_Kall_linear_bias1_physical_v3_334d,2025-08-22,18,9766.481985376897,0.2344081000046571,0,28,0,0,144,1,0,1200.0,0.0
BLOCK_Kall_linear_bias1_physical_v3_334d,2025-08-23,0,29193.16714789243,0.1015750999940792,0,5,0,0,144,1,0,1200.0,0.0
BLOCK_Kall_linear_bias1_physical_v3_334d,2025-08-23,6,12298.861626181491,0.0732140999898547,0,33,0,0,144,1,0,1200.0,0.0
BLOCK_Kall_linear_bias1_physical_v3_334d,2025-08-23,12,23204.113528365287,0.1790355000121053,0,45,0,0,144,1,0,1200.0,0.0
BLOCK_Kall_linear_bias1_physical_v3_334d,2025-08-23,18,22693.747637351247,0.7737633000069764,0,58,0,0,144,1,0,1200.0,0.0
BLOCK_Kall_linear_bias1_physical_v3_334d,2025-08-24,0,49568.99351062809,0.1780580000049667,0,32,0,0,144,1,0,1200.0,0.0
BLOCK_Kall_linear_bias1_physical_v3_334d,2025-08-24,6,12037.39546640022,0.4255168000090634,0,25,0,0,144,1,0,1200.0,0.0
BLOCK_Kall_linear_bias1_physical_v3_334d,2025-08-24,12,20333.91070403808,0.3082950999960303,0,88,0,0,144,1,0,1200.0,0.0
BLOCK_Kall_linear_bias1_physical_v3_334d,2025-08-24,18,33305.85801094283,0.4596138000051724,0,44,0,0,144,1,0,1200.0,0.0
BLOCK_Kall_linear_bias1_physical_v3_334d,2025-08-25,0,63592.62024493011,0.3052882000047248,0,30,0,0,144,1,0,1200.0,0.0
BLOCK_Kall_linear_bias1_physical_v3_334d,2025-08-25,6,9453.141849255864,0.3324218999914592,0,29,0,0,144,1,0,1200.0,0.0
BLOCK_Kall_linear_bias1_physical_v3_334d,2025-08-25,12,14209.60694999767,1.0469522000057625,0,45,0,0,144,1,0,1200.0,0.0
BLOCK_Kall_linear_bias1_physical_v3_334d,2025-08-25,18,21907.346538131005,0.3791884999955073,0,61,0,0,144,1,0,1200.0,0.0
BLOCK_Kall_linear_bias1_physical_v3_334d,2025-08-26,0,50463.18907729776,0.6110290000069654,0,34,0,0,144,1,0,1200.0,0.0
BLOCK_Kall_linear_bias1_physical_v3_334d,2025-08-26,6,13960.37047984922,0.5506968999980018,0,89,0,0,144,1,0,1200.0,0.0
BLOCK_Kall_linear_bias1_physical_v3_334d,2025-08-26,12,19549.450715136925,0.3036524999915855,0,39,0,0,144,1,0,1200.0,0.0
BLOCK_Kall_linear_bias1_physical_v3_334d,2025-08-26,18,27744.35869666048,0.2429663000075379,0,38,0,0,144,1,0,1200.0,0.0
BLOCK_Kall_linear_bias1_physical_v3_334d,2025-08-27,0,50629.24691972959,0.7744821999949636,0,39,0,0,144,1,0,1200.0,0.0
BLOCK_Kall_linear_bias1_physical_v3_334d,2025-08-27,6,23264.25820489401,0.7290050000010524,0,132,0,0,144,1,0,1200.0,0.0
BLOCK_Kall_linear_bias1_physical_v3_334d,2025-08-27,12,21661.050707318547,0.9458391000080156,0,52,0,0,144,1,0,1200.0,0.0
BLOCK_Kall_linear_bias1_physical_v3_334d,2025-08-27,18,26384.863113561845,0.2978718999947887,0,61,0,0,144,1,0,1200.0,0.0
BLOCK_Kall_linear_bias1_physical_v3_334d,2025-08-28,0,49408.49255261386,1.0484536000003573,0,38,0,0,144,1,0,1200.0,0.0
BLOCK_Kall_linear_bias1_physical_v3_334d,2025-08-28,6,20131.9340615233,0.1521619999984977,0,100,0,0,144,1,0,1200.0,0.0
BLOCK_Kall_linear_bias1_physical_v3_334d,2025-08-28,12,15524.702221606794,0.0951409999979659,0,33,0,0,144,1,0,1200.0,0.0
BLOCK_Kall_linear_bias1_physical_v3_334d,2025-08-28,18,13778.538119685809,0.6571817999938503,0,47,0,0,144,1,0,1200.0,0.0
BLOCK_Kall_linear_bias1_physical_v3_334d,2025-08-29,0,33570.981076909884,1.217078000001493,0,23,0,0,144,1,0,1200.0,0.0
BLOCK_Kall_linear_bias1_physical_v3_334d,2025-08-29,6,9440.4476626938,0.2325719000073149,0,25,0,0,144,1,0,1200.0,0.0
BLOCK_Kall_linear_bias1_physical_v3_334d,2025-08-29,12,9069.775864785315,0.3023448000021744,0,29,0,0,144,1,0,1200.0,0.0
BLOCK_Kall_linear_bias1_physical_v3_334d,2025-08-29,18,9498.361081425552,0.3468127000087406,0,30,0,0,144,1,0,1200.0,0.0
BLOCK_Kall_linear_bias1_physical_v3_334d,2025-08-30,0,31917.854183231422,0.1635380999941844,0,5,0,0,144,1,0,1200.0,0.0
BLOCK_Kall_linear_bias1_physical_v3_334d,2025-08-30,6,11980.818734057586,0.3683706999872811,0,33,0,0,144,1,0,1200.0,0.0
BLOCK_Kall_linear_bias1_physical_v3_334d,2025-08-30,12,14696.195344088885,0.2919606999930693,0,39,0,0,144,1,0,1200.0,0.0
BLOCK_Kall_linear_bias1_physical_v3_334d,2025-08-30,18,24352.846816161586,0.1135569000034593,0,62,0,0,144,1,0,1200.0,0.0
BLOCK_Kall_linear_bias1_physical_v3_334d,2025-08-31,0,49815.92716797182,0.2323465999943437,0,32,0,0,144,1,0,1200.0,0.0
BLOCK_Kall_linear_bias1_physical_v3_334d,2025-08-31,6,15289.39759447254,0.1306543000100646,0,85,0,0,144,1,0,1200.0,0.0
BLOCK_Kall_linear_bias1_physical_v3_334d,2025-08-31,12,16097.867474888304,0.2274749000062002,0,45,0,0,144,1,0,1200.0,0.0
BLOCK_Kall_linear_bias1_physical_v3_334d,2025-08-31,18,31015.25723129033,0.2284834000020055,0,52,0,0,144,1,0,1200.0,0.0
BLOCK_Kall_linear_bias1_physical_v3_334d,2025-09-01,0,55954.00975446726,0.2278417000052286,0,29,0,0,144,1,0,1200.0,0.0
BLOCK_Kall_linear_bias1_physical_v3_334d,2025-09-01,6,9408.955023514996,0.3539801000006264,0,25,0,0,144,1,0,1200.0,0.0
BLOCK_Kall_linear_bias1_physical_v3_334d,2025-09-01,12,17103.7632301195,0.9231714999914402,0,41,0,0,144,1,0,1200.0,0.0
BLOCK_Kall_linear_bias1_physical_v3_334d,2025-09-01,18,27630.62292892672,0.476611199992476,0,59,0,0,144,1,0,1200.0,0.0
BLOCK_Kall_linear_bias1_physical_v3_334d,2025-09-02,0,46087.427763189015,0.1837833000026876,0,35,0,0,144,1,0,1200.0,0.0
BLOCK_Kall_linear_bias1_physical_v3_334d,2025-09-02,6,15631.43510051268,0.6655631999892648,0,108,0,0,144,1,0,1200.0,0.0
BLOCK_Kall_linear_bias1_physical_v3_334d,2025-09-02,12,14045.223546936712,1.9699404999992112,0,44,0,0,144,1,0,1200.0,0.0
BLOCK_Kall_linear_bias1_physical_v3_334d,2025-09-02,18,19760.20360927484,0.5106847999995807,0,59,0,0,144,1,0,1200.0,0.0
BLOCK_Kall_linear_bias1_physical_v3_334d,2025-09-03,0,48271.66567611278,0.1414049000013619,0,35,0,0,144,1,0,1200.0,0.0
BLOCK_Kall_linear_bias1_physical_v3_334d,2025-09-03,6,10247.036386099662,0.2083648000116227,0,26,0,0,144,1,0,1200.0,0.0
BLOCK_Kall_linear_bias1_physical_v3_334d,2025-09-03,12,17197.812284007763,0.7629782000003615,0,45,0,0,144,1,0,1200.0,0.0
BLOCK_Kall_linear_bias1_physical_v3_334d,2025-09-03,18,18641.82272951034,0.7792231000057654,0,59,0,0,144,1,0,1200.0,0.0
BLOCK_Kall_linear_bias1_physical_v3_334d,2025-09-04,0,47158.22613861553,0.3125881000014487,0,32,0,0,144,1,0,1200.0,0.0
BLOCK_Kall_linear_bias1_physical_v3_334d,2025-09-04,6,9130.873135234586,0.0742005999927641,0,33,0,0,144,1,0,1200.0,0.0
BLOCK_Kall_linear_bias1_physical_v3_334d,2025-09-04,12,9985.239625947432,0.3414919000060763,0,40,0,0,144,1,0,1200.0,0.0
BLOCK_Kall_linear_bias1_physical_v3_334d,2025-09-04,18,10521.035844732987,0.1683041999931447,0,33,0,0,144,1,0,1200.0,0.0
BLOCK_Kall_linear_bias1_physical_v3_334d,2025-09-05,0,27849.035418982425,0.1913952000031713,0,5,0,0,144,1,0,1200.0,0.0
BLOCK_Kall_linear_bias1_physical_v3_334d,2025-09-05,6,8880.8850763966,0.065602900009253,0,25,0,0,144,1,0,1200.0,0.0
BLOCK_Kall_linear_bias1_physical_v3_334d,2025-09-05,12,8919.080916663697,0.0891622999915853,0,29,0,0,144,1,0,1200.0,0.0
BLOCK_Kall_linear_bias1_physical_v3_334d,2025-09-05,18,7647.662795608493,0.1020320999959949,0,29,0,0,144,1,0,1200.0,0.0
BLOCK_Kall_linear_bias1_physical_v3_334d,2025-09-06,0,27192.763010671493,0.6227945999999065,0,4,0,0,144,1,0,1200.0,0.0
BLOCK_Kall_linear_bias1_physical_v3_334d,2025-09-06,6,10856.6515329056,0.171276699998998,0,29,0,0,144,1,0,1200.0,0.0
BLOCK_Kall_linear_bias1_physical_v3_334d,2025-09-06,12,13223.937692292004,0.7023826999939047,0,37,0,0,144,1,0,1200.0,0.0
BLOCK_Kall_linear_bias1_physical_v3_334d,2025-09-06,18,21683.967416683685,0.129125199993723,0,58,0,0,144,1,0,1200.0,0.0
BLOCK_Kall_linear_bias1_physical_v3_334d,2025-09-07,0,42119.38292289669,0.4563111000024946,0,33,0,0,144,1,0,1200.0,0.0
BLOCK_Kall_linear_bias1_physical_v3_334d,2025-09-07,6,16400.24867578257,0.0842402999987825,0,106,0,0,144,1,0,1200.0,0.0
BLOCK_Kall_linear_bias1_physical_v3_334d,2025-09-07,12,15654.006927016651,0.2982873000000836,0,47,0,0,144,1,0,1200.0,0.0
BLOCK_Kall_linear_bias1_physical_v3_334d,2025-09-07,18,21792.03999433685,0.3956634999922244,0,56,0,0,144,1,0,1200.0,0.0
BLOCK_Kall_linear_bias1_physical_v3_334d,2025-09-08,0,42560.84110291911,0.4310895999951754,0,33,0,0,144,1,0,1200.0,0.0
BLOCK_Kall_linear_bias1_physical_v3_334d,2025-09-08,6,9705.952831648738,0.2407348999986425,0,31,0,0,144,1,0,1200.0,0.0
BLOCK_Kall_linear_bias1_physical_v3_334d,2025-09-08,12,13032.377785299816,1.809326999995392,0,55,0,0,144,1,0,1200.0,0.0
BLOCK_Kall_linear_bias1_physical_v3_334d,2025-09-08,18,24032.7705669264,0.3713725999987218,0,32,0,0,144,1,0,1200.0,0.0
BLOCK_Kall_linear_bias1_physical_v3_334d,2025-09-09,0,38426.78733120302,0.3863173999998253,0,31,0,0,144,1,0,1200.0,0.0
BLOCK_Kall_linear_bias1_physical_v3_334d,2025-09-09,6,14435.528003631682,0.1086764999927254,0,88,0,0,144,1,0,1200.0,0.0
BLOCK_Kall_linear_bias1_physical_v3_334d,2025-09-09,12,14082.56748530296,1.2801961000077426,0,54,0,0,144,1,0,1200.0,0.0
BLOCK_Kall_linear_bias1_physical_v3_334d,2025-09-09,18,27811.404242580546,0.5697145000012824,0,34,0,0,144,1,0,1200.0,0.0
BLOCK_Kall_linear_bias1_physical_v3_334d,2025-09-10,0,46177.97941675161,0.199037500002305,0,34,0,0,144,1,0,1200.0,0.0
BLOCK_Kall_linear_bias1_physical_v3_334d,2025-09-10,6,9062.937622801815,0.708746100004646,0,28,0,0,144,1,0,1200.0,0.0
BLOCK_Kall_linear_bias1_physical_v3_334d,2025-09-10,12,22706.49568453631,0.2574080000049434,0,90,0,0,144,1,0,1200.0,0.0
BLOCK_Kall_linear_bias1_physical_v3_334d,2025-09-10,18,23307.60445968789,1.533269799998379,0,58,0,0,144,1,0,1200.0,0.0
BLOCK_Kall_linear_bias1_physical_v3_334d,2025-09-11,0,46251.11965238042,0.865438400011044,0,38,0,0,144,1,0,1200.0,0.0
BLOCK_Kall_linear_bias1_physical_v3_334d,2025-09-11,6,7449.442863142649,0.1691602999926544,0,22,0,0,144,1,0,1200.0,0.0
BLOCK_Kall_linear_bias1_physical_v3_334d,2025-09-11,12,8712.256941019621,0.2470993000024464,0,37,0,0,144,1,0,1200.0,0.0
BLOCK_Kall_linear_bias1_physical_v3_334d,2025-09-11,18,10871.338598073433,0.3094046000041999,0,36,0,0,144,1,0,1200.0,0.0
BLOCK_Kall_linear_bias1_physical_v3_334d,2025-09-12,0,24757.624052858137,0.5367591000103857,0,7,0,0,144,1,0,1200.0,0.0
BLOCK_Kall_linear_bias1_physical_v3_334d,2025-09-12,6,8123.914006751512,0.3890345000108937,0,25,0,0,144,1,0,1200.0,0.0
BLOCK_Kall_linear_bias1_physical_v3_334d,2025-09-12,12,11635.76389040594,0.1697325999994063,0,35,0,0,144,1,0,1200.0,0.0
BLOCK_Kall_linear_bias1_physical_v3_334d,2025-09-12,18,8409.206966859514,0.5440576999972109,0,29,0,0,144,1,0,1200.0,0.0
BLOCK_Kall_linear_bias1_physical_v3_334d,2025-09-13,0,22800.600924718747,0.5928817999956664,0,5,0,0,144,1,0,1200.0,0.0
BLOCK_Kall_linear_bias1_physical_v3_334d,2025-09-13,6,10979.041921034815,0.0594989999954123,0,34,0,0,144,1,0,1200.0,0.0
BLOCK_Kall_linear_bias1_physical_v3_334d,2025-09-13,12,16151.623573698702,0.2427199999947333,0,42,0,0,144,1,0,1200.0,0.0
BLOCK_Kall_linear_bias1_physical_v3_334d,2025-09-13,18,35166.28606882862,0.1751752999989548,0,56,0,0,144,1,0,1200.0,0.0
BLOCK_Kall_linear_bias1_physical_v3_334d,2025-09-14,0,46227.61128433172,0.7195170000049984,0,39,0,0,144,1,0,1200.0,0.0
BLOCK_Kall_linear_bias1_physical_v3_334d,2025-09-14,6,10297.96695191114,0.1331234999961452,0,33,0,0,144,1,0,1200.0,0.0
BLOCK_Kall_linear_bias1_physical_v3_334d,2025-09-14,12,15390.261668940491,0.6663054999953602,0,37,0,0,144,1,0,1200.0,0.0
BLOCK_Kall_linear_bias1_physical_v3_334d,2025-09-14,18,25459.88840249035,0.1579123999981675,0,38,0,0,144,1,0,1200.0,0.0
BLOCK_Kall_linear_bias1_physical_v3_334d,2025-09-15,0,40650.92061525282,0.5308775000012247,0,14,0,0,144,1,0,1200.0,0.0
BLOCK_Kall_linear_bias1_physical_v3_334d,2025-09-15,6,11795.498201130598,0.5211560999887297,0,56,0,0,144,1,0,1200.0,0.0
BLOCK_Kall_linear_bias1_physical_v3_334d,2025-09-15,12,15406.73744206395,0.6209006999997655,0,46,0,0,144,1,0,1200.0,0.0
BLOCK_Kall_linear_bias1_physical_v3_334d,2025-09-15,18,27376.22967059537,0.4593900000036228,0,56,0,0,144,1,0,1200.0,0.0
BLOCK_Kall_linear_bias1_physical_v3_334d,2025-09-16,0,49495.632777392486,0.2261166999960551,0,39,0,0,144,1,0,1200.0,0.0
BLOCK_Kall_linear_bias1_physical_v3_334d,2025-09-16,6,10060.511889257095,0.7403046999970684,0,32,0,0,144,1,0,1200.0,0.0
BLOCK_Kall_linear_bias1_physical_v3_334d,2025-09-16,12,14980.47113628775,0.3811323999980232,0,39,0,0,144,1,0,1200.0,0.0
BLOCK_Kall_linear_bias1_physical_v3_334d,2025-09-16,18,28302.474893258222,0.957908700002008,0,50,0,0,144,1,0,1200.0,0.0
BLOCK_Kall_linear_bias1_physical_v3_334d,2025-09-17,0,47863.43772694743,0.547322999991593,0,38,0,0,144,1,0,1200.0,0.0
BLOCK_Kall_linear_bias1_physical_v3_334d,2025-09-17,6,10518.29830940375,0.5067068999924231,0,32,0,0,144,1,0,1200.0,0.0
BLOCK_Kall_linear_bias1_physical_v3_334d,2025-09-17,12,22342.735247635363,0.3151186000031885,0,46,0,0,144,1,0,1200.0,0.0
BLOCK_Kall_linear_bias1_physical_v3_334d,2025-09-17,18,20924.32832483952,0.5337278000079095,0,57,0,0,144,1,0,1200.0,0.0
BLOCK_Kall_linear_bias1_physical_v3_334d,2025-09-18,0,42638.50864675149,0.7008364999928745,0,33,0,0,144,1,0,1200.0,0.0
BLOCK_Kall_linear_bias1_physical_v3_334d,2025-09-18,6,16200.046193575132,0.1528970999934245,0,111,0,0,144,1,0,1200.0,0.0
BLOCK_Kall_linear_bias1_physical_v3_334d,2025-09-18,12,10945.365955908512,0.2245250999985728,0,38,0,0,144,1,0,1200.0,0.0
BLOCK_Kall_linear_bias1_physical_v3_334d,2025-09-18,18,11952.342186045264,0.6276252999959979,0,32,0,0,144,1,0,1200.0,0.0
BLOCK_Kall_linear_bias1_physical_v3_334d,2025-09-19,0,26324.121832176337,0.2382516999932704,0,7,0,0,144,1,0,1200.0,0.0
BLOCK_Kall_linear_bias1_physical_v3_334d,2025-09-19,6,8377.077282424096,0.0621387999999569,0,33,0,0,144,1,0,1200.0,0.0
BLOCK_Kall_linear_bias1_physical_v3_334d,2025-09-19,12,8990.988065350912,0.3002057999983663,0,33,0,0,144,1,0,1200.0,0.0
BLOCK_Kall_linear_bias1_physical_v3_334d,2025-09-19,18,8366.592668067455,0.4358811999991303,0,31,0,0,144,1,0,1200.0,0.0
BLOCK_Kall_linear_bias1_physical_v3_334d,2025-09-20,0,24200.4272133352,0.6477325000014389,0,6,0,0,144,1,0,1200.0,0.0
BLOCK_Kall_linear_bias1_physical_v3_334d,2025-09-20,6,10731.793024333438,0.1719475999998394,0,32,0,0,144,1,0,1200.0,0.0
BLOCK_Kall_linear_bias1_physical_v3_334d,2025-09-20,12,14711.105791285716,0.1875187999976333,0,40,0,0,144,1,0,1200.0,0.0
BLOCK_Kall_linear_bias1_physical_v3_334d,2025-09-20,18,16418.0628397445,0.86712159999297,0,58,0,0,144,1,0,1200.0,0.0
BLOCK_Kall_linear_bias1_physical_v3_334d,2025-09-21,0,43562.69248187671,0.6149216000048909,0,37,0,0,144,1,0,1200.0,0.0
BLOCK_Kall_linear_bias1_physical_v3_334d,2025-09-21,6,13181.359388520115,0.5974706999986665,0,43,0,0,144,1,0,1200.0,0.0
BLOCK_Kall_linear_bias1_physical_v3_334d,2025-09-21,12,15757.79900791138,0.1275701000122353,0,45,0,0,144,1,0,1200.0,0.0
BLOCK_Kall_linear_bias1_physical_v3_334d,2025-09-21,18,25254.863614428323,0.2809097999997902,0,49,0,0,144,1,0,1200.0,0.0
BLOCK_Kall_linear_bias1_physical_v3_334d,2025-09-22,0,51370.49981396639,0.6718526000040583,0,37,0,0,144,1,0,1200.0,0.0
BLOCK_Kall_linear_bias1_physical_v3_334d,2025-09-22,6,8937.697425406948,0.3405659999989439,0,29,0,0,144,1,0,1200.0,0.0
BLOCK_Kall_linear_bias1_physical_v3_334d,2025-09-22,12,16325.304687733484,0.5375787999946624,0,43,0,0,144,1,0,1200.0,0.0
BLOCK_Kall_linear_bias1_physical_v3_334d,2025-09-22,18,23253.2492485083,0.7829788999952143,0,55,0,0,144,1,0,1200.0,0.0
BLOCK_Kall_linear_bias1_physical_v3_334d,2025-09-23,0,50042.6046689153,0.8023282999929506,0,35,0,0,144,1,0,1200.0,0.0
BLOCK_Kall_linear_bias1_physical_v3_334d,2025-09-23,6,9878.123155847796,0.0880514000018592,0,30,0,0,144,1,0,1200.0,0.0
BLOCK_Kall_linear_bias1_physical_v3_334d,2025-09-23,12,16624.589201217383,0.1328872000012779,0,44,0,0,144,1,0,1200.0,0.0
BLOCK_Kall_linear_bias1_physical_v3_334d,2025-09-23,18,24186.853559531697,0.1651649999985238,0,66,0,0,144,1,0,1200.0,0.0
BLOCK_Kall_linear_bias1_physical_v3_334d,2025-09-24,0,42682.53732013423,0.7535945999989053,0,33,0,0,144,1,0,1200.0,0.0
BLOCK_Kall_linear_bias1_physical_v3_334d,2025-09-24,6,13245.714072430144,0.211876300003496,0,88,0,0,144,1,0,1200.0,0.0
BLOCK_Kall_linear_bias1_physical_v3_334d,2025-09-24,12,18454.173978456387,0.4087424000026658,0,39,0,0,144,1,0,1200.0,0.0
BLOCK_Kall_linear_bias1_physical_v3_334d,2025-09-24,18,27219.525398652288,0.2489080999948782,0,59,0,0,144,1,0,1200.0,0.0
BLOCK_Kall_linear_bias1_physical_v3_334d,2025-09-25,0,47524.95614902249,0.7723049999913201,0,38,0,0,144,1,0,1200.0,0.0
BLOCK_Kall_linear_bias1_physical_v3_334d,2025-09-25,6,9411.330684180366,0.1684112000075401,0,64,0,0,144,1,0,1200.0,0.0
BLOCK_Kall_linear_bias1_physical_v3_334d,2025-09-25,12,17622.16852362451,0.3371798000007402,0,61,0,0,144,1,0,1200.0,0.0
BLOCK_Kall_linear_bias1_physical_v3_334d,2025-09-25,18,10950.92763859418,0.1586589999933494,0,30,0,0,144,1,0,1200.0,0.0
BLOCK_Kall_linear_bias1_physical_v3_334d,2025-09-26,0,29023.961096038067,0.5682242000038968,0,27,0,0,144,1,0,1200.0,0.0
BLOCK_Kall_linear_bias1_physical_v3_334d,2025-09-26,6,8028.353970788166,0.1098449999990407,0,25,0,0,144,1,0,1200.0,0.0
BLOCK_Kall_linear_bias1_physical_v3_334d,2025-09-26,12,8266.701887481588,0.5081417000037618,0,33,0,0,144,1,0,1200.0,0.0
BLOCK_Kall_linear_bias1_physical_v3_334d,2025-09-26,18,7684.904107936634,0.5788272000063444,0,29,0,0,144,1,0,1200.0,0.0
BLOCK_Kall_linear_bias1_physical_v3_334d,2025-09-27,0,23971.63884517867,0.4332958000013605,0,7,0,0,144,1,0,1200.0,0.0
BLOCK_Kall_linear_bias1_physical_v3_334d,2025-09-27,6,14052.880854988143,0.3293454000086058,0,42,0,0,144,1,0,1200.0,0.0
BLOCK_Kall_linear_bias1_physical_v3_334d,2025-09-27,12,16891.250918958922,0.4271313000062946,0,46,0,0,144,1,0,1200.0,0.0
BLOCK_Kall_linear_bias1_physical_v3_334d,2025-09-27,18,18344.53585139154,0.5119268000125885,0,54,0,0,144,1,0,1200.0,0.0
BLOCK_Kall_linear_bias1_physical_v3_334d,2025-09-28,0,44403.64473341336,0.2038047000096412,0,38,0,0,144,1,0,1200.0,0.0
BLOCK_Kall_linear_bias1_physical_v3_334d,2025-09-28,6,19422.84463931621,0.2257747999974526,0,99,0,0,144,1,0,1200.0,0.0
BLOCK_Kall_linear_bias1_physical_v3_334d,2025-09-28,12,19576.065532022487,0.2091799000045284,0,48,0,0,144,1,0,1200.0,0.0
BLOCK_Kall_linear_bias1_physical_v3_334d,2025-09-28,18,31156.079838045767,0.2075082000083057,0,44,0,0,144,1,0,1200.0,0.0
BLOCK_Kall_linear_bias1_physical_v3_334d,2025-09-29,0,50550.11334683019,1.345380099999602,0,35,0,0,144,1,0,1200.0,0.0
BLOCK_Kall_linear_bias1_physical_v3_334d,2025-09-29,6,8502.861460345353,0.2872512000030838,0,24,0,0,144,1,0,1200.0,0.0
BLOCK_Kall_linear_bias1_physical_v3_334d,2025-09-29,12,15768.69246268622,1.3355625999975018,0,61,0,0,144,1,0,1200.0,0.0
BLOCK_Kall_linear_bias1_physical_v3_334d,2025-09-29,18,24446.219037654308,0.3242470000113826,0,62,0,0,144,1,0,1200.0,0.0
BLOCK_Kall_linear_bias1_physical_v3_334d,2025-09-30,0,49873.17989270818,0.6154022999980953,0,39,0,0,144,1,0,1200.0,0.0
BLOCK_Kall_linear_bias1_physical_v3_334d,2025-09-30,6,10853.11026607127,0.5483267999952659,0,30,0,0,144,1,0,1200.0,0.0
BLOCK_Kall_linear_bias1_physical_v3_334d,2025-09-30,12,16504.35891689337,0.4425377000006847,0,48,0,0,144,1,0,1200.0,0.0
BLOCK_Kall_linear_bias1_physical_v3_334d,2025-09-30,18,20476.79793102131,0.3753078000008827,0,57,0,0,144,1,0,1200.0,0.0
BLOCK_Kall_linear_bias1_physical_v3_334d,2025-10-01,0,46502.75411842553,0.3194212000089464,0,42,0,0,144,1,0,1200.0,0.0
BLOCK_Kall_linear_bias1_physical_v3_334d,2025-10-01,6,10211.193790876652,0.4594073999905959,0,41,0,0,144,1,0,1200.0,0.0
BLOCK_Kall_linear_bias1_physical_v3_334d,2025-10-01,12,14334.904155679487,0.418855199997779,0,49,0,0,144,1,0,1200.0,0.0
BLOCK_Kall_linear_bias1_physical_v3_334d,2025-10-01,18,20400.126829432545,0.3725494999962393,0,53,0,0,144,1,0,1200.0,0.0
BLOCK_Kall_linear_bias1_physical_v3_334d,2025-10-02,0,50564.32646884121,0.3434090999944601,0,33,0,0,144,1,0,1200.0,0.0
BLOCK_Kall_linear_bias1_physical_v3_334d,2025-10-02,6,5688.732160798348,0.1058453000005101,0,27,0,0,144,1,0,1200.0,0.0
BLOCK_Kall_linear_bias1_physical_v3_334d,2025-10-02,12,8378.684306516125,0.7523061999963829,0,32,0,0,144,1,0,1200.0,0.0
BLOCK_Kall_linear_bias1_physical_v3_334d,2025-10-02,18,10662.964553854645,0.1518904999975348,0,32,0,0,144,1,0,1200.0,0.0
BLOCK_Kall_linear_bias1_physical_v3_334d,2025-10-03,0,22180.29802940689,0.2478577000001678,0,6,0,0,144,1,0,1200.0,0.0
BLOCK_Kall_linear_bias1_physical_v3_334d,2025-10-03,6,8247.38854630591,0.2487510999926598,0,30,0,0,144,1,0,1200.0,0.0
BLOCK_Kall_linear_bias1_physical_v3_334d,2025-10-03,12,10269.26377433835,0.3564808000082848,0,38,0,0,144,1,0,1200.0,0.0
BLOCK_Kall_linear_bias1_physical_v3_334d,2025-10-03,18,7819.669278587099,0.2478995999990729,0,31,0,0,144,1,0,1200.0,0.0
BLOCK_Kall_linear_bias1_physical_v3_334d,2025-10-04,0,26285.85977902049,0.1974225000012666,0,29,0,0,144,1,0,1200.0,0.0
BLOCK_Kall_linear_bias1_physical_v3_334d,2025-10-04,6,10517.793351480495,0.1117730999976629,0,26,0,0,144,1,0,1200.0,0.0
BLOCK_Kall_linear_bias1_physical_v3_334d,2025-10-04,12,21896.74917792416,0.1090086000040173,0,40,0,0,144,1,0,1200.0,0.0
BLOCK_Kall_linear_bias1_physical_v3_334d,2025-10-04,18,23044.58830321556,0.6669491000066046,0,61,0,0,144,1,0,1200.0,0.0
BLOCK_Kall_linear_bias1_physical_v3_334d,2025-10-05,0,47337.79432000424,0.9931833000009648,0,33,0,0,144,1,0,1200.0,0.0
BLOCK_Kall_linear_bias1_physical_v3_334d,2025-10-05,6,9183.6993791861,0.0893445999972755,0,31,0,0,144,1,0,1200.0,0.0
BLOCK_Kall_linear_bias1_physical_v3_334d,2025-10-05,12,20219.43325924128,0.1843466999998781,0,58,0,0,144,1,0,1200.0,0.0
BLOCK_Kall_linear_bias1_physical_v3_334d,2025-10-05,18,34957.757843881154,0.1138091000029817,0,48,0,0,144,1,0,1200.0,0.0
BLOCK_Kall_linear_bias1_physical_v3_334d,2025-10-06,0,42476.4291797882,0.2276988999947207,0,33,0,0,144,1,0,1200.0,0.0
BLOCK_Kall_linear_bias1_physical_v3_334d,2025-10-06,6,12757.648158462684,0.7766337000066414,0,76,0,0,144,1,0,1200.0,0.0
BLOCK_Kall_linear_bias1_physical_v3_334d,2025-10-06,12,17736.845945255238,0.605152399992221,0,48,0,0,144,1,0,1200.0,0.0
BLOCK_Kall_linear_bias1_physical_v3_334d,2025-10-06,18,19952.817691611883,1.0986555999988925,0,60,0,0,144,1,0,1200.0,0.0
BLOCK_Kall_linear_bias1_physical_v3_334d,2025-10-07,0,45254.2294743445,0.249478799989447,0,39,0,0,144,1,0,1200.0,0.0
BLOCK_Kall_linear_bias1_physical_v3_334d,2025-10-07,6,10595.135345797466,0.1279799000039929,0,39,0,0,144,1,0,1200.0,0.0
BLOCK_Kall_linear_bias1_physical_v3_334d,2025-10-07,12,19006.00341665065,0.6635510000050999,0,51,0,0,144,1,0,1200.0,0.0
BLOCK_Kall_linear_bias1_physical_v3_334d,2025-10-07,18,22444.08142605435,0.4778910000022733,0,65,0,0,144,1,0,1200.0,0.0
BLOCK_Kall_linear_bias1_physical_v3_334d,2025-10-08,0,41464.20901835148,1.1395482999942033,0,39,0,0,144,1,0,1200.0,0.0
BLOCK_Kall_linear_bias1_physical_v3_334d,2025-10-08,6,9813.950399054846,0.1839525999967008,0,37,0,0,144,1,0,1200.0,0.0
BLOCK_Kall_linear_bias1_physical_v3_334d,2025-10-08,12,14754.281976791106,0.5634827000030782,0,44,0,0,144,1,0,1200.0,0.0
BLOCK_Kall_linear_bias1_physical_v3_334d,2025-10-08,18,28024.685360881827,0.1915098000026773,0,50,0,0,144,1,0,1200.0,0.0
BLOCK_Kall_linear_bias1_physical_v3_334d,2025-10-09,0,48130.41659300093,0.2411408999905688,0,33,0,0,144,1,0,1200.0,0.0
BLOCK_Kall_linear_bias1_physical_v3_334d,2025-10-09,6,5652.594714027894,0.0828538000059779,0,26,0,0,144,1,0,1200.0,0.0
BLOCK_Kall_linear_bias1_physical_v3_334d,2025-10-09,12,9359.61658171079,0.4242645000049379,0,37,0,0,144,1,0,1200.0,0.0
BLOCK_Kall_linear_bias1_physical_v3_334d,2025-10-09,18,11669.175415884536,0.1721447999880183,0,21,0,0,144,1,0,1200.0,0.0
BLOCK_Kall_linear_bias1_physical_v3_334d,2025-10-10,0,22160.633677275047,0.6930685999977868,0,9,0,0,144,1,0,1200.0,0.0
BLOCK_Kall_linear_bias1_physical_v3_334d,2025-10-10,6,7908.186063365491,0.0748131000000285,0,26,0,0,144,1,0,1200.0,0.0
BLOCK_Kall_linear_bias1_physical_v3_334d,2025-10-10,12,9281.318178805046,0.1254236000095261,0,34,0,0,144,1,0,1200.0,0.0
BLOCK_Kall_linear_bias1_physical_v3_334d,2025-10-10,18,9119.393852314906,0.5806390999932773,0,34,0,0,144,1,0,1200.0,0.0
BLOCK_Kall_linear_bias1_physical_v3_334d,2025-10-11,0,22259.80169469844,0.4947787999990396,0,9,0,0,144,1,0,1200.0,0.0
BLOCK_Kall_linear_bias1_physical_v3_334d,2025-10-11,6,10951.117680525404,0.254471200008993,0,28,0,0,144,1,0,1200.0,0.0
BLOCK_Kall_linear_bias1_physical_v3_334d,2025-10-11,12,18016.03214823992,0.1707388000068022,0,40,0,0,144,1,0,1200.0,0.0
BLOCK_Kall_linear_bias1_physical_v3_334d,2025-10-11,18,21445.723637124225,0.2179006999940611,0,64,0,0,144,1,0,1200.0,0.0
BLOCK_Kall_linear_bias1_physical_v3_334d,2025-10-12,0,41888.258883317874,0.9909756999986712,0,43,0,0,144,1,0,1200.0,0.0
BLOCK_Kall_linear_bias1_physical_v3_334d,2025-10-12,6,11001.80242561856,0.165720599994529,0,41,0,0,144,1,0,1200.0,0.0
BLOCK_Kall_linear_bias1_physical_v3_334d,2025-10-12,12,17701.855986262744,0.4187607000058051,0,54,0,0,144,1,0,1200.0,0.0
BLOCK_Kall_linear_bias1_physical_v3_334d,2025-10-12,18,33632.41774032073,0.617332300011185,0,40,0,0,144,1,0,1200.0,0.0
BLOCK_Kall_linear_bias1_physical_v3_334d,2025-10-13,0,45082.911345854176,0.8861894000001485,0,41,0,0,144,1,0,1200.0,0.0
BLOCK_Kall_linear_bias1_physical_v3_334d,2025-10-13,6,9806.935982573086,0.2549285999994026,0,22,0,0,144,1,0,1200.0,0.0
BLOCK_Kall_linear_bias1_physical_v3_334d,2025-10-13,12,15131.444577373222,0.0712380000040866,0,44,0,0,144,1,0,1200.0,0.0
BLOCK_Kall_linear_bias1_physical_v3_334d,2025-10-13,18,30631.48701498527,0.1902834000065922,0,44,0,0,144,1,0,1200.0,0.0
BLOCK_Kall_linear_bias1_physical_v3_334d,2025-10-14,0,46913.70752192146,0.654652500001248,0,34,0,0,144,1,0,1200.0,0.0
BLOCK_Kall_linear_bias1_physical_v3_334d,2025-10-14,6,8808.275240575944,0.2407425999990664,0,28,0,0,144,1,0,1200.0,0.0
BLOCK_Kall_linear_bias1_physical_v3_334d,2025-10-14,12,21169.004507664347,0.102546699999948,0,89,0,0,144,1,0,1200.0,0.0
BLOCK_Kall_linear_bias1_physical_v3_334d,2025-10-14,18,36158.018287856656,0.3574498000089079,0,45,0,0,144,1,0,1200.0,0.0
BLOCK_Kall_linear_bias1_physical_v3_334d,2025-10-15,0,48722.798708246,0.7460063000035007,0,37,0,0,144,1,0,1200.0,0.0
BLOCK_Kall_linear_bias1_physical_v3_334d,2025-10-15,6,8753.48016573167,0.7779425000044284,0,30,0,0,144,1,0,1200.0,0.0
BLOCK_Kall_linear_bias1_physical_v3_334d,2025-10-15,12,18173.458892700568,0.3019572000048356,0,45,0,0,144,1,0,1200.0,0.0
BLOCK_Kall_linear_bias1_physical_v3_334d,2025-10-15,18,23526.000114007224,0.0979716000001644,0,55,0,0,144,1,0,1200.0,0.0
BLOCK_Kall_linear_bias1_physical_v3_334d,2025-10-16,0,46417.063771308734,0.2015796999912709,0,38,0,0,144,1,0,1200.0,0.0
BLOCK_Kall_linear_bias1_physical_v3_334d,2025-10-16,6,8858.21634611918,0.2520597999973688,0,42,0,0,144,1,0,1200.0,0.0
BLOCK_Kall_linear_bias1_physical_v3_334d,2025-10-16,12,12420.031836947504,0.2594731999997748,0,43,0,0,144,1,0,1200.0,0.0
BLOCK_Kall_linear_bias1_physical_v3_334d,2025-10-16,18,10384.10349273016,0.6604716000001645,0,29,0,0,144,1,0,1200.0,0.0
BLOCK_Kall_linear_bias1_physical_v3_334d,2025-10-17,0,20707.94457970172,0.2678736000088975,0,8,0,0,144,1,0,1200.0,0.0
BLOCK_Kall_linear_bias1_physical_v3_334d,2025-10-17,6,10839.964720558648,0.2256595999933779,0,34,0,0,144,1,0,1200.0,0.0
BLOCK_Kall_linear_bias1_physical_v3_334d,2025-10-17,12,10931.613229117984,0.1662731999967945,0,38,0,0,144,1,0,1200.0,0.0
BLOCK_Kall_linear_bias1_physical_v3_334d,2025-10-17,18,11982.261230269987,1.5187704999989364,0,49,0,0,144,1,0,1200.0,0.0
BLOCK_Kall_linear_bias1_physical_v3_334d,2025-10-18,0,23513.47258901462,0.2411474000109592,0,7,0,0,144,1,0,1200.0,0.0
BLOCK_Kall_linear_bias1_physical_v3_334d,2025-10-18,6,10214.479673312097,0.2716995000082534,0,28,0,0,144,1,0,1200.0,0.0
BLOCK_Kall_linear_bias1_physical_v3_334d,2025-10-18,12,21358.188123352356,0.2045055000053253,0,41,0,0,144,1,0,1200.0,0.0
BLOCK_Kall_linear_bias1_physical_v3_334d,2025-10-18,18,32538.9851719975,0.6624418999999762,0,54,0,0,144,1,0,1200.0,0.0
BLOCK_Kall_linear_bias1_physical_v3_334d,2025-10-19,0,46636.616551130064,0.4740496000013081,0,38,0,0,144,1,0,1200.0,0.0
BLOCK_Kall_linear_bias1_physical_v3_334d,2025-10-19,6,10469.590186094589,0.0828261999995447,0,33,0,0,144,1,0,1200.0,0.0
BLOCK_Kall_linear_bias1_physical_v3_334d,2025-10-19,12,21224.46525093253,0.2569542999990517,0,45,0,0,144,1,0,1200.0,0.0
BLOCK_Kall_linear_bias1_physical_v3_334d,2025-10-19,18,35070.398027679155,0.2989257000008365,0,57,0,0,144,1,0,1200.0,0.0
BLOCK_Kall_linear_bias1_physical_v3_334d,2025-10-20,0,51727.336467401365,1.1898335000005318,0,36,0,0,144,1,0,1200.0,0.0
BLOCK_Kall_linear_bias1_physical_v3_334d,2025-10-20,6,9017.190852055555,0.2344809000060195,0,34,0,0,144,1,0,1200.0,0.0
BLOCK_Kall_linear_bias1_physical_v3_334d,2025-10-20,12,22150.30948615016,0.3307476000045426,0,47,0,0,144,1,0,1200.0,0.0
BLOCK_Kall_linear_bias1_physical_v3_334d,2025-10-20,18,34456.09370908894,0.215223799998057,0,47,0,0,144,1,0,1200.0,0.0
BLOCK_Kall_linear_bias1_physical_v3_334d,2025-10-21,0,49183.43576706621,1.6106550999975298,0,35,0,0,144,1,0,1200.0,0.0
BLOCK_Kall_linear_bias1_physical_v3_334d,2025-10-21,6,12275.144541525238,0.4283955999999307,0,66,0,0,144,1,0,1200.0,0.0
BLOCK_Kall_linear_bias1_physical_v3_334d,2025-10-21,12,20435.113112909155,0.1009806999936699,0,44,0,0,144,1,0,1200.0,0.0
BLOCK_Kall_linear_bias1_physical_v3_334d,2025-10-21,18,22490.33515302101,0.2042028999858303,0,60,0,0,144,1,0,1200.0,0.0
BLOCK_Kall_linear_bias1_physical_v3_334d,2025-10-22,0,47114.911518656576,1.1268080000008922,0,37,0,0,144,1,0,1200.0,0.0
BLOCK_Kall_linear_bias1_physical_v3_334d,2025-10-22,6,10631.663009868586,0.3457634999940637,0,55,0,0,144,1,0,1200.0,0.0
BLOCK_Kall_linear_bias1_physical_v3_334d,2025-10-22,12,18585.885188357,0.2506923000037204,0,49,0,0,144,1,0,1200.0,0.0
BLOCK_Kall_linear_bias1_physical_v3_334d,2025-10-22,18,29618.295173831197,0.2189409999991767,0,45,0,0,144,1,0,1200.0,0.0
BLOCK_Kall_linear_bias1_physical_v3_334d,2025-10-23,0,53645.11518978937,0.4915195000066887,0,30,0,0,144,1,0,1200.0,0.0
BLOCK_Kall_linear_bias1_physical_v3_334d,2025-10-23,6,6227.147808090066,0.1478564999997615,0,42,0,0,144,1,0,1200.0,0.0
BLOCK_Kall_linear_bias1_physical_v3_334d,2025-10-23,12,10529.034912408915,0.1843747999955667,0,44,0,0,144,1,0,1200.0,0.0
BLOCK_Kall_linear_bias1_physical_v3_334d,2025-10-23,18,14482.855430352773,0.3403260000050068,0,55,0,0,144,1,0,1200.0,0.0
BLOCK_Kall_linear_bias1_physical_v3_334d,2025-10-24,0,22338.842570915032,0.2468116000090958,0,10,0,0,144,1,0,1200.0,0.0
BLOCK_Kall_linear_bias1_physical_v3_334d,2025-10-24,6,9156.517622085406,0.4546685999957844,0,33,0,0,144,1,0,1200.0,0.0
BLOCK_Kall_linear_bias1_physical_v3_334d,2025-10-24,12,11232.56800909565,0.5454240999970352,0,46,0,0,144,1,0,1200.0,0.0
BLOCK_Kall_linear_bias1_physical_v3_334d,2025-10-24,18,8820.25562398577,0.0977468000055523,0,33,0,0,144,1,0,1200.0,0.0
BLOCK_Kall_linear_bias1_physical_v3_334d,2025-10-25,0,23943.38864184764,1.4784092999907443,0,27,0,0,144,1,0,1200.0,0.0
BLOCK_Kall_linear_bias1_physical_v3_334d,2025-10-25,6,10219.438452860866,0.0997330999962287,0,27,0,0,144,1,0,1200.0,0.0
BLOCK_Kall_linear_bias1_physical_v3_334d,2025-10-25,12,17134.239571531267,1.063881099995342,0,42,0,0,144,1,0,1200.0,0.0
BLOCK_Kall_linear_bias1_physical_v3_334d,2025-10-25,18,31630.721838092824,0.7845549000048777,0,54,0,0,144,1,0,1200.0,0.0
BLOCK_Kall_linear_bias1_physical_v3_334d,2025-10-26,0,49898.95593105915,0.48413260000234,0,31,0,0,144,1,0,1200.0,0.0
BLOCK_Kall_linear_bias1_physical_v3_334d,2025-10-26,6,8394.909873460996,0.4270584999903803,0,28,0,0,144,1,0,1200.0,0.0
BLOCK_Kall_linear_bias1_physical_v3_334d,2025-10-26,12,20948.76603842001,0.6071667000069283,0,90,0,0,144,1,0,1200.0,0.0
BLOCK_Kall_linear_bias1_physical_v3_334d,2025-10-26,18,33483.462576720485,0.3263232000026619,0,34,0,0,144,1,0,1200.0,0.0
BLOCK_Kall_linear_bias1_physical_v3_334d,2025-10-27,0,46155.40886437846,0.1607137999963015,0,38,0,0,144,1,0,1200.0,0.0
BLOCK_Kall_linear_bias1_physical_v3_334d,2025-10-27,6,19643.31127850744,0.8240698000008706,0,148,0,0,144,1,0,1200.0,0.0
BLOCK_Kall_linear_bias1_physical_v3_334d,2025-10-27,12,20775.508869589004,1.197946200001752,0,49,0,0,144,1,0,1200.0,0.0
BLOCK_Kall_linear_bias1_physical_v3_334d,2025-10-27,18,33087.377515684566,0.3720639999955892,0,47,0,0,144,1,0,1200.0,0.0
BLOCK_Kall_linear_bias1_physical_v3_334d,2025-10-28,0,46358.73608039705,0.325146399991354,0,39,0,0,144,1,0,1200.0,0.0
BLOCK_Kall_linear_bias1_physical_v3_334d,2025-10-28,6,16337.49222744301,0.4875940999918384,0,81,0,0,144,1,0,1200.0,0.0
BLOCK_Kall_linear_bias1_physical_v3_334d,2025-10-28,12,19504.36129756742,0.1573407999967457,0,61,0,0,144,1,0,1200.0,0.0
BLOCK_Kall_linear_bias1_physical_v3_334d,2025-10-28,18,37873.81155796305,0.1321258000098168,0,39,0,0,144,1,0,1200.0,0.0
BLOCK_Kall_linear_bias1_physical_v3_334d,2025-10-29,0,52023.265469584585,0.4068364999984624,0,33,0,0,144,1,0,1200.0,0.0
BLOCK_Kall_linear_bias1_physical_v3_334d,2025-10-29,6,10477.676494940722,0.2664403999951901,0,36,0,0,144,1,0,1200.0,0.0
BLOCK_Kall_linear_bias1_physical_v3_334d,2025-10-29,12,19930.29277500301,0.2233566000068094,0,54,0,0,144,1,0,1200.0,0.0
BLOCK_Kall_linear_bias1_physical_v3_334d,2025-10-29,18,37465.91560010072,0.3655129999970086,0,40,0,0,144,1,0,1200.0,0.0
BLOCK_Kall_linear_bias1_physical_v3_334d,2025-10-30,0,46220.70346589199,1.0408055000007153,0,39,0,0,144,1,0,1200.0,0.0
BLOCK_Kall_linear_bias1_physical_v3_334d,2025-10-30,6,9213.826524865137,0.0983778999943751,0,66,0,0,144,1,0,1200.0,0.0
BLOCK_Kall_linear_bias1_physical_v3_334d,2025-10-30,12,12044.768621062543,0.5421876000036718,0,57,0,0,144,1,0,1200.0,0.0
BLOCK_Kall_linear_bias1_physical_v3_334d,2025-10-30,18,11844.44281511657,0.6387017999950331,0,23,0,0,144,1,0,1200.0,0.0
BLOCK_Kall_linear_bias1_physical_v3_334d,2025-10-31,0,26128.75409835339,0.2129742999968584,0,29,0,0,144,1,0,1200.0,0.0
BLOCK_Kall_linear_bias1_physical_v3_334d,2025-10-31,6,7657.836864516433,0.0946781999955419,0,25,0,0,144,1,0,1200.0,0.0
BLOCK_Kall_linear_bias1_physical_v3_334d,2025-10-31,12,8871.619792926613,0.3734466999885626,0,35,0,0,144,1,0,1200.0,0.0
BLOCK_Kall_linear_bias1_physical_v3_334d,2025-10-31,18,14729.398043669422,0.9189603999984683,0,56,0,0,144,1,0,1200.0,0.0
BLOCK_Kall_linear_bias1_physical_v3_334d,2025-11-01,0,23467.76454678249,0.4891844999947352,0,9,0,0,144,1,0,1200.0,0.0
BLOCK_Kall_linear_bias1_physical_v3_334d,2025-11-01,6,10222.50469758609,0.2538900000072317,0,26,0,0,144,1,0,1200.0,0.0
BLOCK_Kall_linear_bias1_physical_v3_334d,2025-11-01,12,17264.62022925557,0.1934006999945268,0,40,0,0,144,1,0,1200.0,0.0
BLOCK_Kall_linear_bias1_physical_v3_334d,2025-11-01,18,32162.21831153397,0.4248115999944275,0,57,0,0,144,1,0,1200.0,0.0
BLOCK_Kall_linear_bias1_physical_v3_334d,2025-11-02,0,48523.08288489569,0.6763953000045149,0,38,0,0,144,1,0,1200.0,0.0
BLOCK_Kall_linear_bias1_physical_v3_334d,2025-11-02,6,16271.157804740698,0.1745419000071706,0,103,0,0,144,1,0,1200.0,0.0
BLOCK_Kall_linear_bias1_physical_v3_334d,2025-11-02,12,19142.2754732118,0.59958639999968,0,46,0,0,144,1,0,1200.0,0.0
BLOCK_Kall_linear_bias1_physical_v3_334d,2025-11-02,18,34771.42644744944,0.2304457999998703,0,47,0,0,144,1,0,1200.0,0.0
BLOCK_Kall_linear_bias1_physical_v3_334d,2025-11-03,0,53426.83102024266,0.1741589000012027,0,29,0,0,144,1,0,1200.0,0.0
BLOCK_Kall_linear_bias1_physical_v3_334d,2025-11-03,6,9613.62418827364,0.4113475999911316,0,35,0,0,144,1,0,1200.0,0.0
BLOCK_Kall_linear_bias1_physical_v3_334d,2025-11-03,12,18411.874253122514,0.4221657000016421,0,47,0,0,144,1,0,1200.0,0.0
BLOCK_Kall_linear_bias1_physical_v3_334d,2025-11-03,18,33724.08986804565,0.2191206999996211,0,50,0,0,144,1,0,1200.0,0.0
BLOCK_Kall_linear_bias1_physical_v3_334d,2025-11-04,0,49507.72706681026,0.1953879999928176,0,36,0,0,144,1,0,1200.0,0.0
BLOCK_Kall_linear_bias1_physical_v3_334d,2025-11-04,6,11748.484755496243,0.2021661999897333,0,51,0,0,144,1,0,1200.0,0.0
BLOCK_Kall_linear_bias1_physical_v3_334d,2025-11-04,12,18385.56095061453,0.937133500003256,0,42,0,0,144,1,0,1200.0,0.0
BLOCK_Kall_linear_bias1_physical_v3_334d,2025-11-04,18,45073.29421832803,0.309298200008925,0,61,0,0,144,1,0,1200.0,0.0
BLOCK_Kall_linear_bias1_physical_v3_334d,2025-11-05,0,55064.76979788959,0.3341092999908142,0,30,0,0,144,1,0,1200.0,0.0
BLOCK_Kall_linear_bias1_physical_v3_334d,2025-11-05,6,8584.249271019518,0.1839016000012634,0,29,0,0,144,1,0,1200.0,0.0
BLOCK_Kall_linear_bias1_physical_v3_334d,2025-11-05,12,23503.58350177904,0.9489407999935792,0,51,0,0,144,1,0,1200.0,0.0
BLOCK_Kall_linear_bias1_physical_v3_334d,2025-11-05,18,35622.59351685663,0.1834405999979935,0,44,0,0,144,1,0,1200.0,0.0
BLOCK_Kall_linear_bias1_physical_v3_334d,2025-11-06,0,50956.68372352304,0.6323503000021446,0,29,0,0,144,1,0,1200.0,0.0
BLOCK_Kall_linear_bias1_physical_v3_334d,2025-11-06,6,10423.804010323292,0.0852244999987306,0,73,0,0,144,1,0,1200.0,0.0
BLOCK_Kall_linear_bias1_physical_v3_334d,2025-11-06,12,11357.996520956494,0.1896280999935697,0,48,0,0,144,1,0,1200.0,0.0
BLOCK_Kall_linear_bias1_physical_v3_334d,2025-11-06,18,14576.71921759664,0.5097263999923598,0,60,0,0,144,1,0,1200.0,0.0
BLOCK_Kall_linear_bias1_physical_v3_334d,2025-11-07,0,23726.045524485748,0.801355000003241,0,26,0,0,144,1,0,1200.0,0.0
BLOCK_Kall_linear_bias1_physical_v3_334d,2025-11-07,6,7883.18388780068,0.1267509999888716,0,39,0,0,144,1,0,1200.0,0.0
BLOCK_Kall_linear_bias1_physical_v3_334d,2025-11-07,12,10529.623604285916,0.2170426999946357,0,37,0,0,144,1,0,1200.0,0.0
BLOCK_Kall_linear_bias1_physical_v3_334d,2025-11-07,18,9710.658954344291,0.1212809000135166,0,35,0,0,144,1,0,1200.0,0.0
BLOCK_Kall_linear_bias1_physical_v3_334d,2025-11-08,0,24500.899814269003,0.1171856000000843,0,29,0,0,144,1,0,1200.0,0.0
BLOCK_Kall_linear_bias1_physical_v3_334d,2025-11-08,6,10337.562793289037,0.1720758000010391,0,29,0,0,144,1,0,1200.0,0.0
BLOCK_Kall_linear_bias1_physical_v3_334d,2025-11-08,12,19512.066404347184,0.6368478999938816,0,42,0,0,144,1,0,1200.0,0.0
BLOCK_Kall_linear_bias1_physical_v3_334d,2025-11-08,18,34236.72473294438,0.1985168000101111,0,55,0,0,144,1,0,1200.0,0.0
BLOCK_Kall_linear_bias1_physical_v3_334d,2025-11-09,0,51273.51026615858,0.4252597000013338,0,30,0,0,144,1,0,1200.0,0.0
BLOCK_Kall_linear_bias1_physical_v3_334d,2025-11-09,6,11270.39470265502,0.2607929000078002,0,47,0,0,144,1,0,1200.0,0.0
BLOCK_Kall_linear_bias1_physical_v3_334d,2025-11-09,12,25343.628822076964,0.2332550999999512,0,64,0,0,144,1,0,1200.0,0.0
BLOCK_Kall_linear_bias1_physical_v3_334d,2025-11-09,18,42976.11036953093,0.2587205999880098,0,40,0,0,144,1,0,1200.0,0.0
BLOCK_Kall_linear_bias1_physical_v3_334d,2025-11-10,0,53826.06646550206,1.0992169000091965,0,34,0,0,144,1,0,1200.0,0.0
BLOCK_Kall_linear_bias1_physical_v3_334d,2025-11-10,6,12416.002163890778,0.3082980000035604,0,60,0,0,144,1,0,1200.0,0.0
BLOCK_Kall_linear_bias1_physical_v3_334d,2025-11-10,12,17639.598130469974,0.1801745999982813,0,36,0,0,144,1,0,1200.0,0.0
BLOCK_Kall_linear_bias1_physical_v3_334d,2025-11-10,18,33028.85039923465,0.3191501999972388,0,43,0,0,144,1,0,1200.0,0.0
BLOCK_Kall_linear_bias1_physical_v3_334d,2025-11-11,0,56069.18778834617,0.7107353000028525,0,31,0,0,144,1,0,1200.0,0.0
BLOCK_Kall_linear_bias1_physical_v3_334d,2025-11-11,6,9006.585270212148,0.446029599988833,0,30,0,0,144,1,0,1200.0,0.0
BLOCK_Kall_linear_bias1_physical_v3_334d,2025-11-11,12,23613.87692577655,0.1531984000030206,0,38,0,0,144,1,0,1200.0,0.0
BLOCK_Kall_linear_bias1_physical_v3_334d,2025-11-11,18,33499.56942110616,0.1759694000065792,0,44,0,0,144,1,0,1200.0,0.0
BLOCK_Kall_linear_bias1_physical_v3_334d,2025-11-12,0,52174.833860379935,0.7366959000064526,0,33,0,0,144,1,0,1200.0,0.0
BLOCK_Kall_linear_bias1_physical_v3_334d,2025-11-12,6,13735.918465187618,0.5192086000024574,0,101,0,0,144,1,0,1200.0,0.0
BLOCK_Kall_linear_bias1_physical_v3_334d,2025-11-12,12,19718.986431309677,0.204299400007585,0,47,0,0,144,1,0,1200.0,0.0
BLOCK_Kall_linear_bias1_physical_v3_334d,2025-11-12,18,34997.27482813808,0.2535743000044022,0,45,0,0,144,1,0,1200.0,0.0
BLOCK_Kall_linear_bias1_physical_v3_334d,2025-11-13,0,50929.32647222975,0.4201334999961545,0,34,0,0,144,1,0,1200.0,0.0
BLOCK_Kall_linear_bias1_physical_v3_334d,2025-11-13,6,9614.717373476951,0.0688833000021986,0,73,0,0,144,1,0,1200.0,0.0
BLOCK_Kall_linear_bias1_physical_v3_334d,2025-11-13,12,13267.73229941654,0.515128500002902,0,54,0,0,144,1,0,1200.0,0.0
BLOCK_Kall_linear_bias1_physical_v3_334d,2025-11-13,18,14584.9215123165,0.2208130999933928,0,40,0,0,144,1,0,1200.0,0.0
BLOCK_Kall_linear_bias1_physical_v3_334d,2025-11-14,0,25744.639814372767,0.1681902999989688,0,30,0,0,144,1,0,1200.0,0.0
BLOCK_Kall_linear_bias1_physical_v3_334d,2025-11-14,6,7518.081043231321,0.0678099999931873,0,25,0,0,144,1,0,1200.0,0.0
BLOCK_Kall_linear_bias1_physical_v3_334d,2025-11-14,12,9817.972472918083,0.2544079000072088,0,36,0,0,144,1,0,1200.0,0.0
BLOCK_Kall_linear_bias1_physical_v3_334d,2025-11-14,18,11258.872589102282,0.402564899995923,0,55,0,0,144,1,0,1200.0,0.0
BLOCK_Kall_linear_bias1_physical_v3_334d,2025-11-15,0,27533.8689489545,0.2940272999985609,0,33,0,0,144,1,0,1200.0,0.0
BLOCK_Kall_linear_bias1_physical_v3_334d,2025-11-15,6,9641.48883119527,0.2012004999996861,0,25,0,0,144,1,0,1200.0,0.0
BLOCK_Kall_linear_bias1_physical_v3_334d,2025-11-15,12,20131.70665533184,0.2662624999938998,0,41,0,0,144,1,0,1200.0,0.0
BLOCK_Kall_linear_bias1_physical_v3_334d,2025-11-15,18,33784.05631215928,0.796361100001377,0,55,0,0,144,1,0,1200.0,0.0
BLOCK_Kall_linear_bias1_physical_v3_334d,2025-11-16,0,51648.02085869631,0.2702912999957334,0,33,0,0,144,1,0,1200.0,0.0
BLOCK_Kall_linear_bias1_physical_v3_334d,2025-11-16,6,16181.789502610154,0.1262616999883903,0,89,0,0,144,1,0,1200.0,0.0
BLOCK_Kall_linear_bias1_physical_v3_334d,2025-11-16,12,28417.169321672936,0.6314679999923101,0,59,0,0,144,1,0,1200.0,0.0
BLOCK_Kall_linear_bias1_physical_v3_334d,2025-11-16,18,33283.69857833204,0.3180572999990545,0,42,0,0,144,1,0,1200.0,0.0
BLOCK_Kall_linear_bias1_physical_v3_334d,2025-11-17,0,51510.31889049241,0.819562099990435,0,35,0,0,144,1,0,1200.0,0.0
BLOCK_Kall_linear_bias1_physical_v3_334d,2025-11-17,6,17978.94463990075,1.2493680999905337,0,155,0,0,144,1,0,1200.0,0.0
BLOCK_Kall_linear_bias1_physical_v3_334d,2025-11-17,12,26071.904818135285,0.2291074999957345,0,71,0,0,144,1,0,1200.0,0.0
BLOCK_Kall_linear_bias1_physical_v3_334d,2025-11-17,18,36423.59754592651,0.3733748999948147,0,55,0,0,144,1,0,1200.0,0.0
BLOCK_Kall_linear_bias1_physical_v3_334d,2025-11-18,0,54215.88483413211,0.5804773999989266,0,30,0,0,144,1,0,1200.0,0.0
BLOCK_Kall_linear_bias1_physical_v3_334d,2025-11-18,6,9642.203251775074,0.9051895000011428,0,27,0,0,144,1,0,1200.0,0.0
BLOCK_Kall_linear_bias1_physical_v3_334d,2025-11-18,12,26119.286141884226,0.8495356000057654,0,60,0,0,144,1,0,1200.0,0.0
BLOCK_Kall_linear_bias1_physical_v3_334d,2025-11-18,18,35996.789606334874,0.9772663999901852,0,52,0,0,144,1,0,1200.0,0.0
BLOCK_Kall_linear_bias1_physical_v3_334d,2025-11-19,0,53435.424993861394,1.2106072000024142,0,30,0,0,144,1,0,1200.0,0.0
BLOCK_Kall_linear_bias1_physical_v3_334d,2025-11-19,6,15429.517384679517,0.6147036000038497,0,101,0,0,144,1,0,1200.0,0.0
BLOCK_Kall_linear_bias1_physical_v3_334d,2025-11-19,12,27127.22228214112,0.1508027999952901,0,47,0,0,144,1,0,1200.0,0.0
BLOCK_Kall_linear_bias1_physical_v3_334d,2025-11-19,18,37084.798789765846,0.2232178999984171,0,53,0,0,144,1,0,1200.0,0.0
BLOCK_Kall_linear_bias1_physical_v3_334d,2025-11-20,0,53747.513445712095,0.1757365999947069,0,30,0,0,144,1,0,1200.0,0.0
BLOCK_Kall_linear_bias1_physical_v3_334d,2025-11-20,6,8311.933371904819,0.0851885000010952,0,52,0,0,144,1,0,1200.0,0.0
BLOCK_Kall_linear_bias1_physical_v3_334d,2025-11-20,12,11604.41023014122,0.529868899990106,0,62,0,0,144,1,0,1200.0,0.0
BLOCK_Kall_linear_bias1_physical_v3_334d,2025-11-20,18,16962.301214611365,0.8258929000003263,0,54,0,0,144,1,0,1200.0,0.0
BLOCK_Kall_linear_bias1_physical_v3_334d,2025-11-21,0,26098.633658236668,0.4305576000042492,0,31,0,0,144,1,0,1200.0,0.0
BLOCK_Kall_linear_bias1_physical_v3_334d,2025-11-21,6,8235.52783891501,0.0670553000090876,0,51,0,0,144,1,0,1200.0,0.0
BLOCK_Kall_linear_bias1_physical_v3_334d,2025-11-21,12,9957.45333115502,0.3002979000011692,0,37,0,0,144,1,0,1200.0,0.0
BLOCK_Kall_linear_bias1_physical_v3_334d,2025-11-21,18,10333.111818768872,0.3392890999966766,0,37,0,0,144,1,0,1200.0,0.0
BLOCK_Kall_linear_bias1_physical_v3_334d,2025-11-22,0,27992.06441265031,0.1369761999958427,0,41,0,0,144,1,0,1200.0,0.0
BLOCK_Kall_linear_bias1_physical_v3_334d,2025-11-22,6,9435.589647994177,0.2379371999995783,0,30,0,0,144,1,0,1200.0,0.0
BLOCK_Kall_linear_bias1_physical_v3_334d,2025-11-22,12,21729.23280282148,0.3738664000120479,0,41,0,0,144,1,0,1200.0,0.0
BLOCK_Kall_linear_bias1_physical_v3_334d,2025-11-22,18,36790.25090156958,0.5936067000002367,0,58,0,0,144,1,0,1200.0,0.0
BLOCK_Kall_linear_bias1_physical_v3_334d,2025-11-23,0,51971.93718398802,0.1550783999991836,0,32,0,0,144,1,0,1200.0,0.0
BLOCK_Kall_linear_bias1_physical_v3_334d,2025-11-23,6,16820.548746068776,0.508127399996738,0,93,0,0,144,1,0,1200.0,0.0
BLOCK_Kall_linear_bias1_physical_v3_334d,2025-11-23,12,24725.895497749127,0.1607261999888578,0,61,0,0,144,1,0,1200.0,0.0
BLOCK_Kall_linear_bias1_physical_v3_334d,2025-11-23,18,41113.74451091117,0.3277592999947956,0,41,0,0,144,1,0,1200.0,0.0
BLOCK_Kall_linear_bias1_physical_v3_334d,2025-11-24,0,53235.08302439909,1.0213727000082145,0,30,0,0,144,1,0,1200.0,0.0
BLOCK_Kall_linear_bias1_physical_v3_334d,2025-11-24,6,10779.93039005368,0.396469999992405,0,63,0,0,144,1,0,1200.0,0.0
BLOCK_Kall_linear_bias1_physical_v3_334d,2025-11-24,12,22613.07458218452,0.1868440999969607,0,46,0,0,144,1,0,1200.0,0.0
BLOCK_Kall_linear_bias1_physical_v3_334d,2025-11-24,18,35881.96481638008,0.1492924000049242,0,57,0,0,144,1,0,1200.0,0.0
BLOCK_Kall_linear_bias1_physical_v3_334d,2025-11-25,0,61688.15509854184,0.3802580999908969,0,32,0,0,144,1,0,1200.0,0.0
BLOCK_Kall_linear_bias1_physical_v3_334d,2025-11-25,6,8767.908906992494,0.1536988000007113,0,28,0,0,144,1,0,1200.0,0.0
BLOCK_Kall_linear_bias1_physical_v3_334d,2025-11-25,12,20147.63799669706,0.1363954999978887,0,48,0,0,144,1,0,1200.0,0.0
BLOCK_Kall_linear_bias1_physical_v3_334d,2025-11-25,18,37411.43629447439,0.2222015000006649,0,57,0,0,144,1,0,1200.0,0.0
BLOCK_Kall_linear_bias1_physical_v3_334d,2025-11-26,0,57907.50730295238,0.6847511000087252,0,31,0,0,144,1,0,1200.0,0.0
BLOCK_Kall_linear_bias1_physical_v3_334d,2025-11-26,6,10417.533216307069,0.4672125999932177,0,45,0,0,144,1,0,1200.0,0.0
BLOCK_Kall_linear_bias1_physical_v3_334d,2025-11-26,12,24279.878773546257,0.1565692000003764,0,46,0,0,144,1,0,1200.0,0.0
BLOCK_Kall_linear_bias1_physical_v3_334d,2025-11-26,18,34268.62159119088,0.4490425999974832,0,58,0,0,144,1,0,1200.0,0.0
BLOCK_Kall_linear_bias1_physical_v3_334d,2025-11-27,0,56122.91051667178,1.2766935999970883,0,30,0,0,144,1,0,1200.0,0.0
BLOCK_Kall_linear_bias1_physical_v3_334d,2025-11-27,6,8997.482904293542,0.0941940000047907,0,47,0,0,144,1,0,1200.0,0.0
BLOCK_Kall_linear_bias1_physical_v3_334d,2025-11-27,12,12984.877856658264,0.1332237000024179,0,47,0,0,144,1,0,1200.0,0.0
BLOCK_Kall_linear_bias1_physical_v3_334d,2025-11-27,18,12450.405947441644,0.1704181000095559,0,40,0,0,144,1,0,1200.0,0.0
BLOCK_Kall_linear_bias1_physical_v3_334d,2025-11-28,0,27314.997362765032,0.6456028999964474,0,35,0,0,144,1,0,1200.0,0.0
BLOCK_Kall_linear_bias1_physical_v3_334d,2025-11-28,6,7963.558280050879,0.0636959000112256,0,42,0,0,144,1,0,1200.0,0.0
BLOCK_Kall_linear_bias1_physical_v3_334d,2025-11-28,12,10536.827076100606,0.3516577000118559,0,38,0,0,144,1,0,1200.0,0.0
BLOCK_Kall_linear_bias1_physical_v3_334d,2025-11-28,18,10924.605035199926,0.2992151999933412,0,50,0,0,144,1,0,1200.0,0.0
BLOCK_Kall_linear_bias1_physical_v3_334d,2025-11-29,0,32269.51054052009,0.3909053999959724,0,34,0,0,144,1,0,1200.0,0.0
BLOCK_Kall_linear_bias1_physical_v3_334d,2025-11-29,6,8563.474592590785,0.2942182999977376,0,27,0,0,144,1,0,1200.0,0.0
BLOCK_Kall_linear_bias1_physical_v3_334d,2025-11-29,12,23953.14283898148,0.1906053999991854,0,44,0,0,144,1,0,1200.0,0.0
BLOCK_Kall_linear_bias1_physical_v3_334d,2025-11-29,18,32700.037565721937,0.2696427999908337,0,56,0,0,144,1,0,1200.0,0.0
BLOCK_Kall_linear_bias1_physical_v3_334d,2025-11-30,0,55833.21774861432,0.4433025000034831,0,29,0,0,144,1,0,1200.0,0.0
BLOCK_Kall_linear_bias1_physical_v3_334d,2025-11-30,6,14779.031430078625,0.7399462000030326,0,106,0,0,144,1,0,1200.0,0.0
BLOCK_Kall_linear_bias1_physical_v3_334d,2025-11-30,12,26649.223617613065,0.4463409000018146,0,62,0,0,144,1,0,1200.0,0.0
BLOCK_Kall_linear_bias1_physical_v3_334d,2025-11-30,18,39195.373570274736,0.1698536000039894,0,34,0,0,144,1,0,1200.0,0.0
BLOCK_Kall_linear_bias1_physical_v3_334d,2025-12-01,0,60615.25324736297,1.0573165999958292,0,31,0,0,144,1,0,1200.0,0.0
BLOCK_Kall_linear_bias1_physical_v3_334d,2025-12-01,6,11517.98239915313,0.366217399991001,0,33,0,0,144,1,0,1200.0,0.0
BLOCK_Kall_linear_bias1_physical_v3_334d,2025-12-01,12,29555.748144754525,0.1503901999967638,0,42,0,0,144,1,0,1200.0,0.0
BLOCK_Kall_linear_bias1_physical_v3_334d,2025-12-01,18,40259.38163202357,0.2328608999960124,0,38,0,0,144,1,0,1200.0,0.0
BLOCK_Kall_linear_bias1_physical_v3_334d,2025-12-02,0,63349.27834135302,0.6306006999948295,0,31,0,0,144,1,0,1200.0,0.0
BLOCK_Kall_linear_bias1_physical_v3_334d,2025-12-02,6,11472.18179310339,0.6392684000020381,0,30,0,0,144,1,0,1200.0,0.0
BLOCK_Kall_linear_bias1_physical_v3_334d,2025-12-02,12,30967.790830115544,0.1184673000097973,0,35,0,0,144,1,0,1200.0,0.0
BLOCK_Kall_linear_bias1_physical_v3_334d,2025-12-02,18,39679.983388831584,0.3695969999971566,0,37,0,0,144,1,0,1200.0,0.0
BLOCK_Kall_linear_bias1_physical_v3_334d,2025-12-03,0,57607.220283378025,0.9506358999933582,0,31,0,0,144,1,0,1200.0,0.0
BLOCK_Kall_linear_bias1_physical_v3_334d,2025-12-03,6,19090.281517234856,0.176191500009736,0,122,0,0,144,1,0,1200.0,0.0
BLOCK_Kall_linear_bias1_physical_v3_334d,2025-12-03,12,26869.908882951957,0.1915857999993022,0,41,0,0,144,1,0,1200.0,0.0
BLOCK_Kall_linear_bias1_physical_v3_334d,2025-12-03,18,40289.96324297702,0.632951999999932,0,49,0,0,144,1,0,1200.0,0.0
BLOCK_Kall_linear_bias1_physical_v3_334d,2025-12-04,0,64944.61593210347,0.5830934999976307,0,32,0,0,144,1,0,1200.0,0.0
BLOCK_Kall_linear_bias1_physical_v3_334d,2025-12-04,6,9855.362994592851,0.0818641999940155,0,26,0,0,144,1,0,1200.0,0.0
BLOCK_Kall_linear_bias1_physical_v3_334d,2025-12-04,12,14550.605575203826,0.2014218999975128,0,48,0,0,144,1,0,1200.0,0.0
BLOCK_Kall_linear_bias1_physical_v3_334d,2025-12-04,18,29882.99130854399,0.3361785000015516,0,30,0,0,144,1,0,1200.0,0.0
BLOCK_Kall_linear_bias1_physical_v3_334d,2025-12-05,0,35227.637709971015,0.3611504000000423,0,33,0,0,144,1,0,1200.0,0.0
BLOCK_Kall_linear_bias1_physical_v3_334d,2025-12-05,6,8428.188652472303,0.0906301999930292,0,34,0,0,144,1,0,1200.0,0.0
BLOCK_Kall_linear_bias1_physical_v3_334d,2025-12-05,12,12564.853303082778,0.3753721999964909,0,43,0,0,144,1,0,1200.0,0.0
BLOCK_Kall_linear_bias1_physical_v3_334d,2025-12-05,18,17390.696926583416,0.2356290000025183,0,59,0,0,144,1,0,1200.0,0.0
BLOCK_Kall_linear_bias1_physical_v3_334d,2025-12-06,0,32276.191296613542,0.3893900999973994,0,38,0,0,144,1,0,1200.0,0.0
BLOCK_Kall_linear_bias1_physical_v3_334d,2025-12-06,6,10322.513051147802,0.099648999996134,0,32,0,0,144,1,0,1200.0,0.0
BLOCK_Kall_linear_bias1_physical_v3_334d,2025-12-06,12,26958.789991981743,0.9330382999905852,0,47,0,0,144,1,0,1200.0,0.0
BLOCK_Kall_linear_bias1_physical_v3_334d,2025-12-06,18,43961.03513797015,0.7596915000031004,0,56,0,0,144,1,0,1200.0,0.0
BLOCK_Kall_linear_bias1_physical_v3_334d,2025-12-07,0,62485.13982008709,0.6856767999997828,0,30,0,0,144,1,0,1200.0,0.0
BLOCK_Kall_linear_bias1_physical_v3_334d,2025-12-07,6,11281.982926491468,0.079540699996869,0,26,0,0,144,1,0,1200.0,0.0
BLOCK_Kall_linear_bias1_physical_v3_334d,2025-12-07,12,33085.40209536214,0.2939866000087932,0,54,0,0,144,1,0,1200.0,0.0
BLOCK_Kall_linear_bias1_physical_v3_334d,2025-12-07,18,47176.895252839575,0.4482547999941744,0,30,0,0,144,1,0,1200.0,0.0
BLOCK_Kall_linear_bias1_physical_v3_334d,2025-12-08,0,70415.07952478903,0.2985965999978361,0,31,0,0,144,1,0,1200.0,0.0
BLOCK_Kall_linear_bias1_physical_v3_334d,2025-12-08,6,11130.286160585743,0.4484468000009656,0,37,0,0,144,1,0,1200.0,0.0
BLOCK_Kall_linear_bias1_physical_v3_334d,2025-12-08,12,33297.86321080243,0.2358175000117626,0,44,0,0,144,1,0,1200.0,0.0
BLOCK_Kall_linear_bias1_physical_v3_334d,2025-12-08,18,52150.2096076724,0.4574663000094006,0,48,0,0,144,1,0,1200.0,0.0
BLOCK_Kall_linear_bias1_physical_v3_334d,2025-12-09,0,69596.00918347067,0.2275248000078136,0,32,0,0,144,1,0,1200.0,0.0
BLOCK_Kall_linear_bias1_physical_v3_334d,2025-12-09,6,10439.123605217375,0.1159934000024804,0,44,0,0,144,1,0,1200.0,0.0
BLOCK_Kall_linear_bias1_physical_v3_334d,2025-12-09,12,29826.167829259808,0.3021951999980956,0,51,0,0,144,1,0,1200.0,0.0
BLOCK_Kall_linear_bias1_physical_v3_334d,2025-12-09,18,43803.32951849281,0.3065266000048723,0,54,0,0,144,1,0,1200.0,0.0
BLOCK_Kall_linear_bias1_physical_v3_334d,2025-12-10,0,66507.01246614264,0.2462859999941429,0,34,0,0,144,1,0,1200.0,0.0
BLOCK_Kall_linear_bias1_physical_v3_334d,2025-12-10,6,12808.640378880187,0.1383604000002378,0,48,0,0,144,1,0,1200.0,0.0
BLOCK_Kall_linear_bias1_physical_v3_334d,2025-12-10,12,30297.943558649044,0.1588330999948084,0,45,0,0,144,1,0,1200.0,0.0
BLOCK_Kall_linear_bias1_physical_v3_334d,2025-12-10,18,49043.44611707614,0.3023757000046316,0,54,0,0,144,1,0,1200.0,0.0
BLOCK_Kall_linear_bias1_physical_v3_334d,2025-12-11,0,69106.79645305281,0.2996517999999923,0,31,0,0,144,1,0,1200.0,0.0
BLOCK_Kall_linear_bias1_physical_v3_334d,2025-12-11,6,8324.253499506427,0.6587738000089303,0,28,0,0,144,1,0,1200.0,0.0
BLOCK_Kall_linear_bias1_physical_v3_334d,2025-12-11,12,17268.350391312095,0.3040716999967117,0,45,0,0,144,1,0,1200.0,0.0
BLOCK_Kall_linear_bias1_physical_v3_334d,2025-12-11,18,29425.72138695741,0.245792400004575,0,57,0,0,144,1,0,1200.0,0.0
BLOCK_Kall_linear_bias1_physical_v3_334d,2025-12-12,0,39622.767899385,0.3347359000035794,0,33,0,0,144,1,0,1200.0,0.0
BLOCK_Kall_linear_bias1_physical_v3_334d,2025-12-12,6,9130.944106713772,0.0679489000031026,0,39,0,0,144,1,0,1200.0,0.0
BLOCK_Kall_linear_bias1_physical_v3_334d,2025-12-12,12,18103.744131195606,0.3714902000065194,0,47,0,0,144,1,0,1200.0,0.0
BLOCK_Kall_linear_bias1_physical_v3_334d,2025-12-12,18,19253.237886146268,0.1558741000044392,0,62,0,0,144,1,0,1200.0,0.0
BLOCK_Kall_linear_bias1_physical_v3_334d,2025-12-13,0,36093.77931281986,0.3734336999914376,0,32,0,0,144,1,0,1200.0,0.0
BLOCK_Kall_linear_bias1_physical_v3_334d,2025-12-13,6,13011.016386032745,0.1828260000038426,0,68,0,0,144,1,0,1200.0,0.0
BLOCK_Kall_linear_bias1_physical_v3_334d,2025-12-13,12,25545.690294193813,1.0014638000138802,0,41,0,0,144,1,0,1200.0,0.0
BLOCK_Kall_linear_bias1_physical_v3_334d,2025-12-13,18,46819.83690667983,0.1242139000096358,0,55,0,0,144,1,0,1200.0,0.0
BLOCK_Kall_linear_bias1_physical_v3_334d,2025-12-14,0,60721.16506162397,0.2465685999923152,0,32,0,0,144,1,0,1200.0,0.0
BLOCK_Kall_linear_bias1_physical_v3_334d,2025-12-14,6,16336.022862712438,0.7939055000024382,0,95,0,0,144,1,0,1200.0,0.0
BLOCK_Kall_linear_bias1_physical_v3_334d,2025-12-14,12,33294.7561231492,0.8509291000082158,0,63,0,0,144,1,0,1200.0,0.0
BLOCK_Kall_linear_bias1_physical_v3_334d,2025-12-14,18,49983.4004098466,0.1779256999870995,0,32,0,0,144,1,0,1200.0,0.0
BLOCK_Kall_linear_bias1_physical_v3_334d,2025-12-15,0,65390.77567332306,0.3385545000055572,0,30,0,0,144,1,0,1200.0,0.0
BLOCK_Kall_linear_bias1_physical_v3_334d,2025-12-15,6,13983.590100253004,0.1150576999934855,0,67,0,0,144,1,0,1200.0,0.0
BLOCK_Kall_linear_bias1_physical_v3_334d,2025-12-15,12,31562.713198779773,0.2101808000006713,0,59,0,0,144,1,0,1200.0,0.0
BLOCK_Kall_linear_bias1_physical_v3_334d,2025-12-15,18,47984.08403824322,0.4893932999984827,0,50,0,0,144,1,0,1200.0,0.0
BLOCK_Kall_linear_bias1_physical_v3_334d,2025-12-16,0,69702.21311355243,0.2387024000054225,0,31,0,0,144,1,0,1200.0,0.0
BLOCK_Kall_linear_bias1_physical_v3_334d,2025-12-16,6,10617.283640156633,0.5393190999893704,0,28,0,0,144,1,0,1200.0,0.0
BLOCK_Kall_linear_bias1_physical_v3_334d,2025-12-16,12,32958.03391556238,0.1597008999960962,0,45,0,0,144,1,0,1200.0,0.0
BLOCK_Kall_linear_bias1_physical_v3_334d,2025-12-16,18,49555.61642969908,1.8045224999950733,0,53,0,0,144,1,0,1200.0,0.0
BLOCK_Kall_linear_bias1_physical_v3_334d,2025-12-17,0,68987.8074720857,0.4013973999972222,0,31,0,0,144,1,0,1200.0,0.0
BLOCK_Kall_linear_bias1_physical_v3_334d,2025-12-17,6,9692.103573220036,0.4571425000031013,0,35,0,0,144,1,0,1200.0,0.0
BLOCK_Kall_linear_bias1_physical_v3_334d,2025-12-17,12,27412.84072997253,0.3587032000068575,0,50,0,0,144,1,0,1200.0,0.0
BLOCK_Kall_linear_bias1_physical_v3_334d,2025-12-17,18,45095.44205928727,0.6986063999938779,0,58,0,0,144,1,0,1200.0,0.0
BLOCK_Kall_linear_bias1_physical_v3_334d,2025-12-18,0,63853.513357870135,0.2638518999883672,0,30,0,0,144,1,0,1200.0,0.0
BLOCK_Kall_linear_bias1_physical_v3_334d,2025-12-18,6,11762.54045764286,0.1239085999986855,0,76,0,0,144,1,0,1200.0,0.0
BLOCK_Kall_linear_bias1_physical_v3_334d,2025-12-18,12,18623.03315642982,0.1312533000018447,0,58,0,0,144,1,0,1200.0,0.0
BLOCK_Kall_linear_bias1_physical_v3_334d,2025-12-18,18,23635.22326999347,0.3710773999919183,0,53,0,0,144,1,0,1200.0,0.0
BLOCK_Kall_linear_bias1_physical_v3_334d,2025-12-19,0,35033.87382775651,0.1786437999980989,0,38,0,0,144,1,0,1200.0,0.0
BLOCK_Kall_linear_bias1_physical_v3_334d,2025-12-19,6,9242.467259324249,0.0725368999992497,0,58,0,0,144,1,0,1200.0,0.0
BLOCK_Kall_linear_bias1_physical_v3_334d,2025-12-19,12,15493.451274352416,0.3661136000009719,0,41,0,0,144,1,0,1200.0,0.0
BLOCK_Kall_linear_bias1_physical_v3_334d,2025-12-19,18,21305.558815406446,0.6703686999971978,0,56,0,0,144,1,0,1200.0,0.0
BLOCK_Kall_linear_bias1_physical_v3_334d,2025-12-20,0,36977.43970907382,0.8516053000057582,0,34,0,0,144,1,0,1200.0,0.0
BLOCK_Kall_linear_bias1_physical_v3_334d,2025-12-20,6,10518.174681659202,0.2298104999936185,0,34,0,0,144,1,0,1200.0,0.0
BLOCK_Kall_linear_bias1_physical_v3_334d,2025-12-20,12,27395.405274684,0.838794000010239,0,41,0,0,144,1,0,1200.0,0.0
BLOCK_Kall_linear_bias1_physical_v3_334d,2025-12-20,18,46291.58681135624,0.7017895000026328,0,56,0,0,144,1,0,1200.0,0.0
BLOCK_Kall_linear_bias1_physical_v3_334d,2025-12-21,0,64590.33833215773,0.2874239000084344,0,31,0,0,144,1,0,1200.0,0.0
BLOCK_Kall_linear_bias1_physical_v3_334d,2025-12-21,6,11228.735393418956,0.2624209000059636,0,33,0,0,144,1,0,1200.0,0.0
BLOCK_Kall_linear_bias1_physical_v3_334d,2025-12-21,12,31427.867249028677,0.9203105999913532,0,57,0,0,144,1,0,1200.0,0.0
BLOCK_Kall_linear_bias1_physical_v3_334d,2025-12-21,18,53275.87461837183,0.2473217000078875,0,36,0,0,144,1,0,1200.0,0.0
BLOCK_Kall_linear_bias1_physical_v3_334d,2025-12-22,0,63558.88702085266,0.6143664999981411,0,32,0,0,144,1,0,1200.0,0.0
BLOCK_Kall_linear_bias1_physical_v3_334d,2025-12-22,6,11186.210292942593,0.4072231000027386,0,33,0,0,144,1,0,1200.0,0.0
BLOCK_Kall_linear_bias1_physical_v3_334d,2025-12-22,12,27932.05952220705,0.4502708000072744,0,55,0,0,144,1,0,1200.0,0.0
BLOCK_Kall_linear_bias1_physical_v3_334d,2025-12-22,18,48533.84208370989,0.1885905999952228,0,61,0,0,144,1,0,1200.0,0.0
BLOCK_Kall_linear_bias1_physical_v3_334d,2025-12-23,0,65191.64510425196,0.743632500001695,0,32,0,0,144,1,0,1200.0,0.0
BLOCK_Kall_linear_bias1_physical_v3_334d,2025-12-23,6,10099.795978952368,0.3246710999956121,0,47,0,0,144,1,0,1200.0,0.0
BLOCK_Kall_linear_bias1_physical_v3_334d,2025-12-23,12,26273.007049581563,0.3345083000021986,0,56,0,0,144,1,0,1200.0,0.0
BLOCK_Kall_linear_bias1_physical_v3_334d,2025-12-23,18,43643.20205629875,0.2305799999885494,0,36,0,0,144,1,0,1200.0,0.0
BLOCK_Kall_linear_bias1_physical_v3_334d,2025-12-24,0,64432.51924900863,0.4936319999978877,0,32,0,0,144,1,0,1200.0,0.0
BLOCK_Kall_linear_bias1_physical_v3_334d,2025-12-24,6,10843.47229032513,0.1747246000013547,0,43,0,0,144,1,0,1200.0,0.0
BLOCK_Kall_linear_bias1_physical_v3_334d,2025-12-24,12,25444.441018289268,0.1766301000025123,0,47,0,0,144,1,0,1200.0,0.0
BLOCK_Kall_linear_bias1_physical_v3_334d,2025-12-24,18,47343.42785443405,0.9436416999960784,0,40,0,0,144,1,0,1200.0,0.0
BLOCK_Kall_linear_bias1_physical_v3_334d,2025-12-25,0,61210.13292416756,0.3160978000087198,0,31,0,0,144,1,0,1200.0,0.0
BLOCK_Kall_linear_bias1_physical_v3_334d,2025-12-25,6,9616.811248783006,0.3619248000031803,0,52,0,0,144,1,0,1200.0,0.0
BLOCK_Kall_linear_bias1_physical_v3_334d,2025-12-25,12,18050.26445213122,0.1251747000060277,0,78,0,0,144,1,0,1200.0,0.0
BLOCK_Kall_linear_bias1_physical_v3_334d,2025-12-25,18,25654.737946043195,0.9023892999975942,0,40,0,0,144,1,0,1200.0,0.0
BLOCK_Kall_linear_bias1_physical_v3_334d,2025-12-26,0,35298.5650076917,1.4998124999983702,0,38,0,0,144,1,0,1200.0,0.0
BLOCK_Kall_linear_bias1_physical_v3_334d,2025-12-26,6,8450.206697318743,0.1550185999949462,0,28,0,0,144,1,0,1200.0,0.0
BLOCK_Kall_linear_bias1_physical_v3_334d,2025-12-26,12,12779.973533424372,0.1462309999915305,0,40,0,0,144,1,0,1200.0,0.0
BLOCK_Kall_linear_bias1_physical_v3_334d,2025-12-26,18,19890.70382190735,0.3789344999968307,0,55,0,0,144,1,0,1200.0,0.0
BLOCK_Kall_linear_bias1_physical_v3_334d,2025-12-27,0,35697.724672003416,1.2632296999945538,0,28,0,0,144,1,0,1200.0,0.0
BLOCK_Kall_linear_bias1_physical_v3_334d,2025-12-27,6,10878.894078321942,0.6913275999977486,0,32,0,0,144,1,0,1200.0,0.0
BLOCK_Kall_linear_bias1_physical_v3_334d,2025-12-27,12,25890.705657929146,1.289597999988473,0,40,0,0,144,1,0,1200.0,0.0
BLOCK_Kall_linear_bias1_physical_v3_334d,2025-12-27,18,42655.68685640694,0.8214615999895614,0,57,0,0,144,1,0,1200.0,0.0
BLOCK_Kall_linear_bias1_physical_v3_334d,2025-12-28,0,63596.10647173182,0.1578492999979062,0,30,0,0,144,1,0,1200.0,0.0
BLOCK_Kall_linear_bias1_physical_v3_334d,2025-12-28,6,11689.644260356914,0.0786493000050541,0,34,0,0,144,1,0,1200.0,0.0
BLOCK_Kall_linear_bias1_physical_v3_334d,2025-12-28,12,27028.707294537773,0.1837296000012429,0,40,0,0,144,1,0,1200.0,0.0
BLOCK_Kall_linear_bias1_physical_v3_334d,2025-12-28,18,48620.2821103339,0.3269543000060366,0,38,0,0,144,1,0,1200.0,0.0
BLOCK_Kall_linear_bias1_physical_v3_334d,2025-12-29,0,62462.49726067131,0.2323420000029727,0,31,0,0,144,1,0,1200.0,0.0
BLOCK_Kall_linear_bias1_physical_v3_334d,2025-12-29,6,13339.501783119733,0.1250407000043196,0,95,0,0,144,1,0,1200.0,0.0
BLOCK_Kall_linear_bias1_physical_v3_334d,2025-12-29,12,26817.01733687454,0.104576800003997,0,48,0,0,144,1,0,1200.0,0.0
BLOCK_Kall_linear_bias1_physical_v3_334d,2025-12-29,18,41800.294223828525,0.3987958999932743,0,54,0,0,144,1,0,1200.0,0.0
BLOCK_Kall_linear_bias1_physical_v3_334d,2025-12-30,0,62539.6641777932,1.1996015000040643,0,31,0,0,144,1,0,1200.0,0.0
BLOCK_Kall_linear_bias1_physical_v3_334d,2025-12-30,6,13536.984634099874,0.2443034000025363,0,69,0,0,144,1,0,1200.0,0.0
BLOCK_Kall_linear_bias1_physical_v3_334d,2025-12-30,12,25746.095244402477,0.114188000006834,0,50,0,0,144,1,0,1200.0,0.0
BLOCK_Kall_linear_bias1_physical_v3_334d,2025-12-30,18,43981.35218435288,0.5837905000080355,0,52,0,0,144,1,0,1200.0,0.0
BLOCK_Kall_linear_bias1_physical_v3_334d,2025-12-31,0,63973.02061311618,1.3824337999976706,0,32,0,0,144,1,0,1200.0,0.0
BLOCK_Kall_linear_bias1_physical_v3_334d,2025-12-31,6,11151.838372613343,0.6551908999972511,0,42,0,0,144,1,0,1200.0,0.0
BLOCK_Kall_linear_bias1_physical_v3_334d,2025-12-31,12,27164.81891239569,0.1607282000040868,0,53,0,0,144,1,0,1200.0,0.0
BLOCK_Kall_linear_bias1_physical_v3_334d,2025-12-31,18,41745.450160300046,0.5657044999970822,0,48,0,0,144,1,0,1200.0,0.0
